qid,measure,value
test0,nDCG@10,0.38685280723454163
test0,R@100,0.5
test1,nDCG@10,0.5
test1,R@100,1.0
test10,nDCG@10,0.0
test10,R@100,1.0
test100,nDCG@10,0.0
test100,R@100,1.0
test1000,nDCG@10,0.0
test1000,R@100,1.0
test1001,nDCG@10,0.0
test1001,R@100,0.0
test1002,nDCG@10,0.0
test1002,R@100,1.0
test1003,nDCG@10,0.0
test1003,R@100,1.0
test1004,nDCG@10,0.0
test1004,R@100,0.0
test1005,nDCG@10,0.3562071871080222
test1005,R@100,1.0
test1006,nDCG@10,0.0
test1006,R@100,0.0
test1007,nDCG@10,0.0
test1007,R@100,1.0
test1008,nDCG@10,0.0
test1008,R@100,0.0
test1009,nDCG@10,0.0
test1009,R@100,1.0
test101,nDCG@10,0.0
test101,R@100,1.0
test1010,nDCG@10,0.0
test1010,R@100,0.0
test1011,nDCG@10,0.3333333333333333
test1011,R@100,1.0
test1012,nDCG@10,1.0
test1012,R@100,1.0
test1013,nDCG@10,1.0
test1013,R@100,1.0
test1014,nDCG@10,0.3562071871080222
test1014,R@100,1.0
test1015,nDCG@10,0.0
test1015,R@100,1.0
test1016,nDCG@10,0.0
test1016,R@100,1.0
test1017,nDCG@10,0.0
test1017,R@100,0.5
test1018,nDCG@10,0.23719771276929622
test1018,R@100,0.5
test1019,nDCG@10,0.6309297535714575
test1019,R@100,1.0
test102,nDCG@10,0.0
test102,R@100,0.0
test1020,nDCG@10,0.0
test1020,R@100,1.0
test1021,nDCG@10,1.0
test1021,R@100,1.0
test1022,nDCG@10,0.0
test1022,R@100,0.0
test1023,nDCG@10,0.3065735963827292
test1023,R@100,0.5
test1024,nDCG@10,0.0
test1024,R@100,1.0
test1025,nDCG@10,1.0
test1025,R@100,1.0
test1026,nDCG@10,1.0
test1026,R@100,1.0
test1027,nDCG@10,0.5
test1027,R@100,1.0
test1028,nDCG@10,0.0
test1028,R@100,0.0
test1029,nDCG@10,0.38685280723454163
test1029,R@100,1.0
test103,nDCG@10,0.0
test103,R@100,0.0
test1030,nDCG@10,0.43067655807339306
test1030,R@100,1.0
test1031,nDCG@10,1.0
test1031,R@100,1.0
test1032,nDCG@10,0.0
test1032,R@100,1.0
test1033,nDCG@10,0.0
test1033,R@100,0.0
test1034,nDCG@10,0.0
test1034,R@100,0.0
test1035,nDCG@10,1.0
test1035,R@100,1.0
test1036,nDCG@10,0.0
test1036,R@100,1.0
test1037,nDCG@10,0.0
test1037,R@100,0.0
test1038,nDCG@10,0.3333333333333333
test1038,R@100,1.0
test1039,nDCG@10,1.0
test1039,R@100,1.0
test104,nDCG@10,0.31546487678572877
test104,R@100,1.0
test1040,nDCG@10,0.0
test1040,R@100,1.0
test1041,nDCG@10,1.0
test1041,R@100,1.0
test1042,nDCG@10,0.0
test1042,R@100,1.0
test1043,nDCG@10,0.43067655807339306
test1043,R@100,1.0
test1044,nDCG@10,0.0
test1044,R@100,0.0
test1045,nDCG@10,1.0
test1045,R@100,1.0
test1046,nDCG@10,1.0
test1046,R@100,1.0
test1047,nDCG@10,0.0
test1047,R@100,0.0
test1048,nDCG@10,0.0
test1048,R@100,1.0
test1049,nDCG@10,1.0
test1049,R@100,1.0
test105,nDCG@10,0.6309297535714575
test105,R@100,1.0
test1050,nDCG@10,0.6309297535714575
test1050,R@100,1.0
test1051,nDCG@10,1.0
test1051,R@100,1.0
test1052,nDCG@10,0.3562071871080222
test1052,R@100,1.0
test1053,nDCG@10,0.38685280723454163
test1053,R@100,1.0
test1054,nDCG@10,0.31546487678572877
test1054,R@100,1.0
test1055,nDCG@10,0.5
test1055,R@100,1.0
test1056,nDCG@10,0.0
test1056,R@100,0.0
test1057,nDCG@10,0.0
test1057,R@100,1.0
test1058,nDCG@10,0.5249810332008933
test1058,R@100,1.0
test1059,nDCG@10,0.0
test1059,R@100,0.0
test106,nDCG@10,0.3562071871080222
test106,R@100,1.0
test1060,nDCG@10,0.6309297535714575
test1060,R@100,1.0
test1061,nDCG@10,0.3065735963827292
test1061,R@100,1.0
test1062,nDCG@10,0.0
test1062,R@100,1.0
test1063,nDCG@10,0.6309297535714575
test1063,R@100,1.0
test1064,nDCG@10,0.31546487678572877
test1064,R@100,1.0
test1065,nDCG@10,0.31546487678572877
test1065,R@100,1.0
test1066,nDCG@10,1.0
test1066,R@100,1.0
test1067,nDCG@10,0.0
test1067,R@100,0.0
test1068,nDCG@10,0.0
test1068,R@100,1.0
test1069,nDCG@10,0.0
test1069,R@100,0.0
test107,nDCG@10,0.38685280723454163
test107,R@100,1.0
test1070,nDCG@10,0.0
test1070,R@100,1.0
test1071,nDCG@10,1.0
test1071,R@100,1.0
test1072,nDCG@10,0.0
test1072,R@100,1.0
test1073,nDCG@10,0.0
test1073,R@100,0.0
test1074,nDCG@10,0.6309297535714575
test1074,R@100,1.0
test1075,nDCG@10,0.0
test1075,R@100,0.0
test1076,nDCG@10,0.0
test1076,R@100,0.0
test1077,nDCG@10,0.0
test1077,R@100,1.0
test1078,nDCG@10,0.2890648263178879
test1078,R@100,1.0
test1079,nDCG@10,0.0
test1079,R@100,0.0
test108,nDCG@10,0.0
test108,R@100,0.0
test1080,nDCG@10,0.6309297535714575
test1080,R@100,1.0
test1081,nDCG@10,0.6309297535714575
test1081,R@100,1.0
test1082,nDCG@10,1.0
test1082,R@100,1.0
test1083,nDCG@10,0.0
test1083,R@100,0.0
test1084,nDCG@10,0.0
test1084,R@100,1.0
test1085,nDCG@10,1.0
test1085,R@100,1.0
test1086,nDCG@10,0.5
test1086,R@100,1.0
test1087,nDCG@10,0.5
test1087,R@100,1.0
test1088,nDCG@10,0.5
test1088,R@100,1.0
test1089,nDCG@10,0.0
test1089,R@100,0.0
test109,nDCG@10,0.5
test109,R@100,1.0
test1090,nDCG@10,0.0
test1090,R@100,1.0
test1091,nDCG@10,0.0
test1091,R@100,0.5
test1092,nDCG@10,1.0
test1092,R@100,1.0
test1093,nDCG@10,0.0
test1093,R@100,0.0
test1094,nDCG@10,0.5
test1094,R@100,1.0
test1095,nDCG@10,0.0
test1095,R@100,0.0
test1096,nDCG@10,0.0
test1096,R@100,1.0
test1097,nDCG@10,0.0
test1097,R@100,1.0
test1098,nDCG@10,1.0
test1098,R@100,1.0
test1099,nDCG@10,0.0
test1099,R@100,0.0
test11,nDCG@10,0.5
test11,R@100,1.0
test110,nDCG@10,0.0
test110,R@100,1.0
test1100,nDCG@10,0.0
test1100,R@100,1.0
test1101,nDCG@10,0.0
test1101,R@100,0.5
test1102,nDCG@10,0.0
test1102,R@100,0.0
test1103,nDCG@10,0.0
test1103,R@100,0.0
test1104,nDCG@10,0.38685280723454163
test1104,R@100,1.0
test1105,nDCG@10,0.2890648263178879
test1105,R@100,1.0
test1106,nDCG@10,0.0
test1106,R@100,1.0
test1107,nDCG@10,0.6309297535714575
test1107,R@100,1.0
test1108,nDCG@10,0.0
test1108,R@100,0.0
test1109,nDCG@10,1.0
test1109,R@100,1.0
test111,nDCG@10,0.0
test111,R@100,1.0
test1110,nDCG@10,1.0
test1110,R@100,1.0
test1111,nDCG@10,0.0
test1111,R@100,1.0
test1112,nDCG@10,0.6309297535714575
test1112,R@100,1.0
test1113,nDCG@10,1.0
test1113,R@100,1.0
test1114,nDCG@10,0.0
test1114,R@100,1.0
test1115,nDCG@10,0.0
test1115,R@100,0.0
test1116,nDCG@10,0.0
test1116,R@100,1.0
test1117,nDCG@10,0.0
test1117,R@100,1.0
test1118,nDCG@10,0.0
test1118,R@100,1.0
test1119,nDCG@10,0.0
test1119,R@100,1.0
test112,nDCG@10,0.0
test112,R@100,0.0
test1120,nDCG@10,0.0
test1120,R@100,0.0
test1121,nDCG@10,0.31546487678572877
test1121,R@100,1.0
test1122,nDCG@10,0.5
test1122,R@100,1.0
test1123,nDCG@10,0.0
test1123,R@100,0.0
test1124,nDCG@10,0.0
test1124,R@100,0.5
test1125,nDCG@10,1.0
test1125,R@100,1.0
test1126,nDCG@10,0.0
test1126,R@100,0.0
test1127,nDCG@10,0.0
test1127,R@100,1.0
test1128,nDCG@10,0.0
test1128,R@100,0.0
test1129,nDCG@10,0.6309297535714575
test1129,R@100,1.0
test113,nDCG@10,0.19342640361727081
test113,R@100,0.5
test1130,nDCG@10,0.3562071871080222
test1130,R@100,1.0
test1131,nDCG@10,1.0
test1131,R@100,1.0
test1132,nDCG@10,0.6309297535714575
test1132,R@100,1.0
test1133,nDCG@10,0.0
test1133,R@100,1.0
test1134,nDCG@10,0.8772153153380493
test1134,R@100,1.0
test1135,nDCG@10,1.0
test1135,R@100,1.0
test1136,nDCG@10,0.0
test1136,R@100,1.0
test1137,nDCG@10,0.0
test1137,R@100,0.0
test1138,nDCG@10,0.0
test1138,R@100,1.0
test1139,nDCG@10,1.0
test1139,R@100,1.0
test114,nDCG@10,0.5
test114,R@100,1.0
test1140,nDCG@10,0.8503449055347546
test1140,R@100,1.0
test1141,nDCG@10,0.0
test1141,R@100,0.0
test1142,nDCG@10,0.5
test1142,R@100,1.0
test1143,nDCG@10,0.38685280723454163
test1143,R@100,1.0
test1144,nDCG@10,0.38685280723454163
test1144,R@100,1.0
test1145,nDCG@10,0.0
test1145,R@100,1.0
test1146,nDCG@10,0.0
test1146,R@100,0.0
test1147,nDCG@10,0.0
test1147,R@100,0.0
test1148,nDCG@10,0.6653497124326151
test1148,R@100,1.0
test1149,nDCG@10,0.5
test1149,R@100,1.0
test115,nDCG@10,0.0
test115,R@100,1.0
test1150,nDCG@10,0.2890648263178879
test1150,R@100,1.0
test1151,nDCG@10,0.6131471927654584
test1151,R@100,1.0
test1152,nDCG@10,0.2640681225725909
test1152,R@100,0.5
test1153,nDCG@10,0.0
test1153,R@100,0.0
test1154,nDCG@10,0.0
test1154,R@100,1.0
test1155,nDCG@10,0.43067655807339306
test1155,R@100,1.0
test1156,nDCG@10,0.0
test1156,R@100,1.0
test1157,nDCG@10,0.0
test1157,R@100,0.0
test1158,nDCG@10,0.6240505200038379
test1158,R@100,1.0
test1159,nDCG@10,0.17723928678404774
test1159,R@100,1.0
test116,nDCG@10,0.3333333333333333
test116,R@100,1.0
test1160,nDCG@10,0.0
test1160,R@100,0.5
test1161,nDCG@10,0.3333333333333333
test1161,R@100,1.0
test1162,nDCG@10,0.2890648263178879
test1162,R@100,1.0
test1163,nDCG@10,0.38685280723454163
test1163,R@100,1.0
test1164,nDCG@10,0.2890648263178879
test1164,R@100,1.0
test1165,nDCG@10,0.39780880120575696
test1165,R@100,1.0
test1166,nDCG@10,0.0
test1166,R@100,0.0
test1167,nDCG@10,0.0
test1167,R@100,0.0
test1168,nDCG@10,1.0
test1168,R@100,1.0
test1169,nDCG@10,0.31546487678572877
test1169,R@100,1.0
test117,nDCG@10,0.6309297535714575
test117,R@100,1.0
test1170,nDCG@10,0.2890648263178879
test1170,R@100,1.0
test1171,nDCG@10,0.3010299956639812
test1171,R@100,1.0
test1172,nDCG@10,0.5
test1172,R@100,1.0
test1173,nDCG@10,0.0
test1173,R@100,1.0
test1174,nDCG@10,0.6309297535714575
test1174,R@100,1.0
test1175,nDCG@10,0.0
test1175,R@100,1.0
test1176,nDCG@10,0.0
test1176,R@100,1.0
test1177,nDCG@10,0.0
test1177,R@100,0.0
test1178,nDCG@10,0.3010299956639812
test1178,R@100,1.0
test1179,nDCG@10,0.31546487678572877
test1179,R@100,1.0
test118,nDCG@10,0.0
test118,R@100,1.0
test1180,nDCG@10,0.0
test1180,R@100,1.0
test1181,nDCG@10,0.0
test1181,R@100,1.0
test1182,nDCG@10,0.0
test1182,R@100,0.0
test1183,nDCG@10,0.0
test1183,R@100,1.0
test1184,nDCG@10,0.6309297535714575
test1184,R@100,1.0
test1185,nDCG@10,0.3333333333333333
test1185,R@100,1.0
test1186,nDCG@10,0.0
test1186,R@100,0.0
test1187,nDCG@10,1.0
test1187,R@100,1.0
test1188,nDCG@10,0.3333333333333333
test1188,R@100,1.0
test1189,nDCG@10,0.0
test1189,R@100,1.0
test119,nDCG@10,0.5249810332008933
test119,R@100,1.0
test1190,nDCG@10,0.6309297535714575
test1190,R@100,1.0
test1191,nDCG@10,0.0
test1191,R@100,0.0
test1192,nDCG@10,0.0
test1192,R@100,0.0
test1193,nDCG@10,0.0
test1193,R@100,1.0
test1194,nDCG@10,0.3562071871080222
test1194,R@100,1.0
test1195,nDCG@10,1.0
test1195,R@100,1.0
test1196,nDCG@10,0.0
test1196,R@100,1.0
test1197,nDCG@10,0.6131471927654584
test1197,R@100,1.0
test1198,nDCG@10,0.5
test1198,R@100,1.0
test1199,nDCG@10,0.0
test1199,R@100,1.0
test12,nDCG@10,0.0
test12,R@100,1.0
test120,nDCG@10,0.3065735963827292
test120,R@100,1.0
test1200,nDCG@10,0.0
test1200,R@100,0.0
test1201,nDCG@10,0.0
test1201,R@100,1.0
test1202,nDCG@10,0.43067655807339306
test1202,R@100,1.0
test1203,nDCG@10,0.0
test1203,R@100,1.0
test1204,nDCG@10,0.0
test1204,R@100,0.0
test1205,nDCG@10,0.0
test1205,R@100,1.0
test1206,nDCG@10,0.0
test1206,R@100,0.0
test1207,nDCG@10,1.0
test1207,R@100,1.0
test1208,nDCG@10,0.0
test1208,R@100,1.0
test1209,nDCG@10,0.0
test1209,R@100,1.0
test121,nDCG@10,0.0
test121,R@100,1.0
test1210,nDCG@10,1.0
test1210,R@100,1.0
test1211,nDCG@10,0.0
test1211,R@100,1.0
test1212,nDCG@10,0.0
test1212,R@100,0.0
test1213,nDCG@10,1.0
test1213,R@100,1.0
test1214,nDCG@10,0.0
test1214,R@100,1.0
test1215,nDCG@10,0.6309297535714575
test1215,R@100,1.0
test1216,nDCG@10,0.0
test1216,R@100,1.0
test1217,nDCG@10,0.8315546295836225
test1217,R@100,1.0
test1218,nDCG@10,0.0
test1218,R@100,1.0
test1219,nDCG@10,0.0
test1219,R@100,1.0
test122,nDCG@10,0.0
test122,R@100,1.0
test1220,nDCG@10,0.41183384043543503
test1220,R@100,1.0
test1221,nDCG@10,0.0
test1221,R@100,0.0
test1222,nDCG@10,0.0
test1222,R@100,1.0
test1223,nDCG@10,0.0
test1223,R@100,1.0
test1224,nDCG@10,1.0
test1224,R@100,1.0
test1225,nDCG@10,0.0
test1225,R@100,0.0
test1226,nDCG@10,0.43067655807339306
test1226,R@100,1.0
test1227,nDCG@10,0.5
test1227,R@100,1.0
test1228,nDCG@10,0.6309297535714575
test1228,R@100,1.0
test1229,nDCG@10,0.0
test1229,R@100,1.0
test123,nDCG@10,1.0
test123,R@100,1.0
test1230,nDCG@10,0.0
test1230,R@100,0.3333333333333333
test1231,nDCG@10,0.0
test1231,R@100,0.0
test1232,nDCG@10,0.0
test1232,R@100,1.0
test1233,nDCG@10,0.0
test1233,R@100,1.0
test1234,nDCG@10,0.0
test1234,R@100,0.0
test1235,nDCG@10,0.0
test1235,R@100,0.0
test1236,nDCG@10,0.0
test1236,R@100,1.0
test1237,nDCG@10,0.31546487678572877
test1237,R@100,1.0
test1238,nDCG@10,1.0
test1238,R@100,1.0
test1239,nDCG@10,1.0
test1239,R@100,1.0
test124,nDCG@10,1.0
test124,R@100,1.0
test1240,nDCG@10,0.6309297535714575
test1240,R@100,1.0
test1241,nDCG@10,0.0
test1241,R@100,0.0
test1242,nDCG@10,0.38685280723454163
test1242,R@100,1.0
test1243,nDCG@10,0.0
test1243,R@100,1.0
test1244,nDCG@10,0.5
test1244,R@100,1.0
test1245,nDCG@10,1.0
test1245,R@100,1.0
test1246,nDCG@10,0.0
test1246,R@100,1.0
test1247,nDCG@10,0.3562071871080222
test1247,R@100,1.0
test1248,nDCG@10,1.0
test1248,R@100,1.0
test1249,nDCG@10,0.3010299956639812
test1249,R@100,1.0
test125,nDCG@10,0.3562071871080222
test125,R@100,1.0
test1250,nDCG@10,0.6309297535714575
test1250,R@100,1.0
test1251,nDCG@10,0.0
test1251,R@100,1.0
test1252,nDCG@10,0.20210734650054757
test1252,R@100,1.0
test1253,nDCG@10,0.46845052016107697
test1253,R@100,1.0
test1254,nDCG@10,1.0
test1254,R@100,1.0
test1255,nDCG@10,0.0
test1255,R@100,0.0
test1256,nDCG@10,0.3010299956639812
test1256,R@100,1.0
test1257,nDCG@10,0.6309297535714575
test1257,R@100,1.0
test1258,nDCG@10,0.3010299956639812
test1258,R@100,1.0
test1259,nDCG@10,0.3333333333333333
test1259,R@100,1.0
test126,nDCG@10,0.43067655807339306
test126,R@100,1.0
test1260,nDCG@10,0.2890648263178879
test1260,R@100,1.0
test1261,nDCG@10,0.0
test1261,R@100,1.0
test1262,nDCG@10,0.0
test1262,R@100,1.0
test1263,nDCG@10,0.0
test1263,R@100,1.0
test1264,nDCG@10,1.0
test1264,R@100,1.0
test1265,nDCG@10,0.0
test1265,R@100,1.0
test1266,nDCG@10,0.0
test1266,R@100,0.0
test1267,nDCG@10,0.0
test1267,R@100,0.0
test1268,nDCG@10,1.0
test1268,R@100,1.0
test1269,nDCG@10,1.0
test1269,R@100,1.0
test127,nDCG@10,1.0
test127,R@100,1.0
test1270,nDCG@10,1.0
test1270,R@100,1.0
test1271,nDCG@10,0.6309297535714575
test1271,R@100,1.0
test1272,nDCG@10,0.5
test1272,R@100,1.0
test1273,nDCG@10,0.2640681225725909
test1273,R@100,1.0
test1274,nDCG@10,0.0
test1274,R@100,0.0
test1275,nDCG@10,0.3562071871080222
test1275,R@100,1.0
test1276,nDCG@10,0.5
test1276,R@100,1.0
test1277,nDCG@10,1.0
test1277,R@100,1.0
test1278,nDCG@10,0.5
test1278,R@100,1.0
test1279,nDCG@10,0.0
test1279,R@100,1.0
test128,nDCG@10,1.0
test128,R@100,1.0
test1280,nDCG@10,0.0
test1280,R@100,0.0
test1281,nDCG@10,1.0
test1281,R@100,1.0
test1282,nDCG@10,0.3333333333333333
test1282,R@100,1.0
test1283,nDCG@10,0.0
test1283,R@100,0.0
test1284,nDCG@10,0.0
test1284,R@100,0.0
test1285,nDCG@10,1.0
test1285,R@100,1.0
test1286,nDCG@10,1.0
test1286,R@100,1.0
test1287,nDCG@10,0.3562071871080222
test1287,R@100,1.0
test1288,nDCG@10,0.6309297535714575
test1288,R@100,1.0
test1289,nDCG@10,0.0
test1289,R@100,1.0
test129,nDCG@10,0.0
test129,R@100,0.0
test1290,nDCG@10,1.0
test1290,R@100,1.0
test1291,nDCG@10,0.0
test1291,R@100,0.0
test1292,nDCG@10,0.6309297535714575
test1292,R@100,1.0
test1293,nDCG@10,0.0
test1293,R@100,0.0
test1294,nDCG@10,0.0
test1294,R@100,1.0
test1295,nDCG@10,1.0
test1295,R@100,1.0
test1296,nDCG@10,0.0
test1296,R@100,0.0
test1297,nDCG@10,0.6309297535714575
test1297,R@100,1.0
test1298,nDCG@10,0.38685280723454163
test1298,R@100,1.0
test1299,nDCG@10,0.0
test1299,R@100,1.0
test13,nDCG@10,1.0
test13,R@100,1.0
test130,nDCG@10,0.38685280723454163
test130,R@100,0.5
test1300,nDCG@10,0.0
test1300,R@100,1.0
test1301,nDCG@10,0.6309297535714575
test1301,R@100,1.0
test1302,nDCG@10,0.6309297535714575
test1302,R@100,1.0
test1303,nDCG@10,0.0
test1303,R@100,0.5
test1304,nDCG@10,0.0
test1304,R@100,1.0
test1305,nDCG@10,0.0
test1305,R@100,0.0
test1306,nDCG@10,1.0
test1306,R@100,1.0
test1307,nDCG@10,0.0
test1307,R@100,0.5
test1308,nDCG@10,0.43067655807339306
test1308,R@100,1.0
test1309,nDCG@10,0.2640681225725909
test1309,R@100,1.0
test131,nDCG@10,0.0
test131,R@100,0.0
test1310,nDCG@10,0.0
test1310,R@100,1.0
test1311,nDCG@10,0.0
test1311,R@100,0.0
test1312,nDCG@10,0.38685280723454163
test1312,R@100,1.0
test1313,nDCG@10,0.0
test1313,R@100,0.0
test1314,nDCG@10,0.0
test1314,R@100,0.0
test1315,nDCG@10,0.3010299956639812
test1315,R@100,1.0
test1316,nDCG@10,0.43067655807339306
test1316,R@100,1.0
test1317,nDCG@10,0.6309297535714575
test1317,R@100,1.0
test1318,nDCG@10,0.0
test1318,R@100,1.0
test1319,nDCG@10,0.21840743681816419
test1319,R@100,1.0
test132,nDCG@10,0.31546487678572877
test132,R@100,1.0
test1320,nDCG@10,0.5
test1320,R@100,1.0
test1321,nDCG@10,0.38685280723454163
test1321,R@100,1.0
test1322,nDCG@10,0.43067655807339306
test1322,R@100,1.0
test1323,nDCG@10,0.5912352048230277
test1323,R@100,1.0
test1324,nDCG@10,0.5642221110316635
test1324,R@100,1.0
test1325,nDCG@10,0.0
test1325,R@100,0.0
test1326,nDCG@10,0.0
test1326,R@100,1.0
test1327,nDCG@10,0.38685280723454163
test1327,R@100,1.0
test1328,nDCG@10,0.0
test1328,R@100,0.6666666666666666
test1329,nDCG@10,0.0
test1329,R@100,1.0
test133,nDCG@10,0.0
test133,R@100,0.0
test1330,nDCG@10,0.3333333333333333
test1330,R@100,1.0
test1331,nDCG@10,0.0
test1331,R@100,0.0
test1332,nDCG@10,0.6131471927654584
test1332,R@100,0.5
test1333,nDCG@10,0.0
test1333,R@100,1.0
test1334,nDCG@10,0.0
test1334,R@100,1.0
test1335,nDCG@10,0.0
test1335,R@100,1.0
test1336,nDCG@10,0.0
test1336,R@100,0.0
test1337,nDCG@10,0.6309297535714575
test1337,R@100,1.0
test1338,nDCG@10,0.0
test1338,R@100,1.0
test1339,nDCG@10,0.0
test1339,R@100,0.0
test134,nDCG@10,0.0
test134,R@100,0.0
test1340,nDCG@10,0.0
test1340,R@100,0.0
test1341,nDCG@10,0.0
test1341,R@100,1.0
test1342,nDCG@10,1.0
test1342,R@100,1.0
test1343,nDCG@10,0.6309297535714575
test1343,R@100,1.0
test1344,nDCG@10,0.43067655807339306
test1344,R@100,1.0
test1345,nDCG@10,0.0
test1345,R@100,0.0
test1346,nDCG@10,0.0
test1346,R@100,0.0
test1347,nDCG@10,0.0
test1347,R@100,1.0
test1348,nDCG@10,0.0
test1348,R@100,1.0
test1349,nDCG@10,0.38685280723454163
test1349,R@100,1.0
test135,nDCG@10,0.3562071871080222
test135,R@100,1.0
test1350,nDCG@10,0.43067655807339306
test1350,R@100,1.0
test1351,nDCG@10,1.0
test1351,R@100,1.0
test1352,nDCG@10,0.6309297535714575
test1352,R@100,1.0
test1353,nDCG@10,0.0
test1353,R@100,0.0
test1354,nDCG@10,0.0
test1354,R@100,0.0
test1355,nDCG@10,0.6309297535714575
test1355,R@100,1.0
test1356,nDCG@10,0.38685280723454163
test1356,R@100,1.0
test1357,nDCG@10,0.0
test1357,R@100,1.0
test1358,nDCG@10,0.6309297535714575
test1358,R@100,1.0
test1359,nDCG@10,0.0
test1359,R@100,0.0
test136,nDCG@10,0.5
test136,R@100,1.0
test1360,nDCG@10,0.0
test1360,R@100,0.0
test1361,nDCG@10,0.0
test1361,R@100,0.0
test1362,nDCG@10,0.5
test1362,R@100,1.0
test1363,nDCG@10,0.0
test1363,R@100,1.0
test1364,nDCG@10,0.43067655807339306
test1364,R@100,1.0
test1365,nDCG@10,0.0
test1365,R@100,0.5
test1366,nDCG@10,0.0
test1366,R@100,1.0
test1367,nDCG@10,0.43067655807339306
test1367,R@100,1.0
test1368,nDCG@10,0.0
test1368,R@100,1.0
test1369,nDCG@10,0.6309297535714575
test1369,R@100,1.0
test137,nDCG@10,0.0
test137,R@100,1.0
test1370,nDCG@10,0.0
test1370,R@100,0.0
test1371,nDCG@10,0.5
test1371,R@100,1.0
test1372,nDCG@10,0.0
test1372,R@100,0.0
test1373,nDCG@10,1.0
test1373,R@100,1.0
test1374,nDCG@10,0.0
test1374,R@100,1.0
test1375,nDCG@10,0.0
test1375,R@100,0.0
test1376,nDCG@10,0.0
test1376,R@100,0.0
test1377,nDCG@10,0.3010299956639812
test1377,R@100,1.0
test1378,nDCG@10,0.20438239758848611
test1378,R@100,0.5
test1379,nDCG@10,0.6309297535714575
test1379,R@100,1.0
test138,nDCG@10,0.0
test138,R@100,1.0
test1380,nDCG@10,0.0
test1380,R@100,1.0
test1381,nDCG@10,0.0
test1381,R@100,1.0
test1382,nDCG@10,0.6309297535714575
test1382,R@100,1.0
test1383,nDCG@10,0.3333333333333333
test1383,R@100,1.0
test1384,nDCG@10,0.6309297535714575
test1384,R@100,1.0
test1385,nDCG@10,0.6131471927654584
test1385,R@100,1.0
test1386,nDCG@10,0.0
test1386,R@100,1.0
test1387,nDCG@10,0.6309297535714575
test1387,R@100,1.0
test1388,nDCG@10,0.46927872602275644
test1388,R@100,0.6666666666666666
test1389,nDCG@10,0.0
test1389,R@100,1.0
test139,nDCG@10,0.0
test139,R@100,1.0
test1390,nDCG@10,0.23463936301137822
test1390,R@100,1.0
test1391,nDCG@10,0.0
test1391,R@100,1.0
test1392,nDCG@10,0.0
test1392,R@100,0.0
test1393,nDCG@10,0.0
test1393,R@100,0.5
test1394,nDCG@10,0.0
test1394,R@100,0.0
test1395,nDCG@10,0.0
test1395,R@100,0.0
test1396,nDCG@10,0.0
test1396,R@100,1.0
test1397,nDCG@10,0.0
test1397,R@100,1.0
test1398,nDCG@10,0.0
test1398,R@100,0.0
test1399,nDCG@10,0.0
test1399,R@100,0.6666666666666666
test14,nDCG@10,1.0
test14,R@100,1.0
test140,nDCG@10,0.31546487678572877
test140,R@100,1.0
test1400,nDCG@10,0.0
test1400,R@100,0.0
test1401,nDCG@10,0.0
test1401,R@100,0.0
test1402,nDCG@10,0.0
test1402,R@100,0.5
test1403,nDCG@10,0.7653606369886217
test1403,R@100,1.0
test1404,nDCG@10,1.0
test1404,R@100,1.0
test1405,nDCG@10,0.0
test1405,R@100,1.0
test1406,nDCG@10,1.0
test1406,R@100,1.0
test1407,nDCG@10,0.43067655807339306
test1407,R@100,1.0
test1408,nDCG@10,0.0
test1408,R@100,0.0
test1409,nDCG@10,0.0
test1409,R@100,0.0
test141,nDCG@10,0.0
test141,R@100,0.5
test1410,nDCG@10,0.0
test1410,R@100,0.0
test1411,nDCG@10,0.5
test1411,R@100,1.0
test1412,nDCG@10,0.0
test1412,R@100,0.0
test1413,nDCG@10,0.3010299956639812
test1413,R@100,1.0
test1414,nDCG@10,0.0
test1414,R@100,1.0
test1415,nDCG@10,0.3333333333333333
test1415,R@100,1.0
test1416,nDCG@10,0.0
test1416,R@100,0.0
test1417,nDCG@10,0.31546487678572877
test1417,R@100,1.0
test1418,nDCG@10,0.0
test1418,R@100,0.0
test1419,nDCG@10,1.0
test1419,R@100,1.0
test142,nDCG@10,0.0
test142,R@100,1.0
test1420,nDCG@10,0.0
test1420,R@100,0.0
test1421,nDCG@10,0.38685280723454163
test1421,R@100,1.0
test1422,nDCG@10,0.0
test1422,R@100,1.0
test1423,nDCG@10,0.0
test1423,R@100,0.0
test1424,nDCG@10,0.0
test1424,R@100,0.0
test1425,nDCG@10,0.6309297535714575
test1425,R@100,1.0
test1426,nDCG@10,0.0
test1426,R@100,1.0
test1427,nDCG@10,0.0
test1427,R@100,0.0
test1428,nDCG@10,0.0
test1428,R@100,0.0
test1429,nDCG@10,1.0
test1429,R@100,1.0
test143,nDCG@10,1.0
test143,R@100,1.0
test1430,nDCG@10,1.0
test1430,R@100,1.0
test1431,nDCG@10,0.0
test1431,R@100,1.0
test1432,nDCG@10,0.6309297535714575
test1432,R@100,1.0
test1433,nDCG@10,0.31546487678572877
test1433,R@100,1.0
test1434,nDCG@10,1.0
test1434,R@100,1.0
test1435,nDCG@10,0.0
test1435,R@100,1.0
test1436,nDCG@10,0.5249810332008933
test1436,R@100,1.0
test1437,nDCG@10,0.0
test1437,R@100,0.0
test1438,nDCG@10,0.31546487678572877
test1438,R@100,1.0
test1439,nDCG@10,0.0
test1439,R@100,1.0
test144,nDCG@10,0.0
test144,R@100,0.0
test1440,nDCG@10,0.0
test1440,R@100,0.0
test1441,nDCG@10,1.0
test1441,R@100,1.0
test1442,nDCG@10,0.0
test1442,R@100,1.0
test1443,nDCG@10,0.0
test1443,R@100,0.0
test1444,nDCG@10,0.3562071871080222
test1444,R@100,1.0
test1445,nDCG@10,0.38685280723454163
test1445,R@100,1.0
test1446,nDCG@10,0.0
test1446,R@100,0.0
test1447,nDCG@10,0.0
test1447,R@100,1.0
test1448,nDCG@10,0.0
test1448,R@100,0.0
test1449,nDCG@10,0.0
test1449,R@100,0.5
test145,nDCG@10,0.3333333333333333
test145,R@100,1.0
test1450,nDCG@10,0.6131471927654584
test1450,R@100,1.0
test1451,nDCG@10,0.4632423659320675
test1451,R@100,1.0
test1452,nDCG@10,0.0
test1452,R@100,0.5
test1453,nDCG@10,0.5
test1453,R@100,1.0
test1454,nDCG@10,0.0
test1454,R@100,0.0
test1455,nDCG@10,0.5109559939712153
test1455,R@100,1.0
test1456,nDCG@10,0.23719771276929622
test1456,R@100,0.5
test1457,nDCG@10,0.0
test1457,R@100,0.0
test1458,nDCG@10,0.0
test1458,R@100,1.0
test1459,nDCG@10,0.0
test1459,R@100,0.0
test146,nDCG@10,0.0
test146,R@100,0.0
test1460,nDCG@10,1.0
test1460,R@100,1.0
test1461,nDCG@10,0.6309297535714575
test1461,R@100,1.0
test1462,nDCG@10,0.0
test1462,R@100,1.0
test1463,nDCG@10,0.0
test1463,R@100,0.0
test1464,nDCG@10,0.0
test1464,R@100,1.0
test1465,nDCG@10,1.0
test1465,R@100,1.0
test1466,nDCG@10,0.6309297535714575
test1466,R@100,1.0
test1467,nDCG@10,0.17723928678404774
test1467,R@100,0.5
test1468,nDCG@10,0.0
test1468,R@100,0.5
test1469,nDCG@10,0.6309297535714575
test1469,R@100,1.0
test147,nDCG@10,1.0
test147,R@100,1.0
test1470,nDCG@10,0.0
test1470,R@100,0.5
test1471,nDCG@10,0.0
test1471,R@100,0.0
test1472,nDCG@10,1.0
test1472,R@100,1.0
test1473,nDCG@10,0.0
test1473,R@100,1.0
test1474,nDCG@10,0.0
test1474,R@100,0.0
test1475,nDCG@10,0.0
test1475,R@100,0.0
test1476,nDCG@10,0.3065735963827292
test1476,R@100,1.0
test1477,nDCG@10,0.0
test1477,R@100,0.0
test1478,nDCG@10,1.0
test1478,R@100,1.0
test1479,nDCG@10,1.0
test1479,R@100,1.0
test148,nDCG@10,1.0
test148,R@100,1.0
test1480,nDCG@10,0.6309297535714575
test1480,R@100,1.0
test1481,nDCG@10,0.0
test1481,R@100,1.0
test1482,nDCG@10,0.18457569677956817
test1482,R@100,1.0
test1483,nDCG@10,1.0
test1483,R@100,1.0
test1484,nDCG@10,0.0
test1484,R@100,0.0
test1485,nDCG@10,0.0
test1485,R@100,0.0
test1486,nDCG@10,0.0
test1486,R@100,1.0
test1487,nDCG@10,0.3010299956639812
test1487,R@100,1.0
test1488,nDCG@10,0.0
test1488,R@100,0.0
test1489,nDCG@10,0.0
test1489,R@100,0.0
test149,nDCG@10,0.8772153153380493
test149,R@100,1.0
test1490,nDCG@10,0.0
test1490,R@100,1.0
test1491,nDCG@10,0.43067655807339306
test1491,R@100,1.0
test1492,nDCG@10,0.0
test1492,R@100,1.0
test1493,nDCG@10,0.0
test1493,R@100,1.0
test1494,nDCG@10,0.38685280723454163
test1494,R@100,1.0
test1495,nDCG@10,1.0
test1495,R@100,1.0
test1496,nDCG@10,0.0
test1496,R@100,0.0
test1497,nDCG@10,0.7977228895450266
test1497,R@100,1.0
test1498,nDCG@10,1.0
test1498,R@100,1.0
test1499,nDCG@10,0.9197207891481876
test1499,R@100,1.0
test15,nDCG@10,1.0
test15,R@100,1.0
test150,nDCG@10,0.20438239758848611
test150,R@100,1.0
test1500,nDCG@10,0.0
test1500,R@100,0.0
test1501,nDCG@10,0.5
test1501,R@100,1.0
test1502,nDCG@10,0.0
test1502,R@100,0.0
test1503,nDCG@10,0.2640681225725909
test1503,R@100,1.0
test1504,nDCG@10,0.6131471927654584
test1504,R@100,1.0
test1505,nDCG@10,0.6309297535714575
test1505,R@100,1.0
test1506,nDCG@10,0.0
test1506,R@100,0.0
test1507,nDCG@10,1.0
test1507,R@100,1.0
test1508,nDCG@10,0.13565197343244778
test1508,R@100,1.0
test1509,nDCG@10,0.43067655807339306
test1509,R@100,1.0
test151,nDCG@10,0.6309297535714575
test151,R@100,1.0
test1510,nDCG@10,0.0
test1510,R@100,0.0
test1511,nDCG@10,0.3065735963827292
test1511,R@100,1.0
test1512,nDCG@10,0.5109559939712153
test1512,R@100,1.0
test1513,nDCG@10,0.43067655807339306
test1513,R@100,1.0
test1514,nDCG@10,0.0
test1514,R@100,0.0
test1515,nDCG@10,0.0
test1515,R@100,1.0
test1516,nDCG@10,0.6934264036172708
test1516,R@100,1.0
test1517,nDCG@10,0.0
test1517,R@100,0.0
test1518,nDCG@10,0.6309297535714575
test1518,R@100,1.0
test1519,nDCG@10,0.5
test1519,R@100,1.0
test152,nDCG@10,0.0
test152,R@100,0.0
test1520,nDCG@10,1.0
test1520,R@100,1.0
test1521,nDCG@10,0.0
test1521,R@100,0.0
test1522,nDCG@10,0.0
test1522,R@100,1.0
test1523,nDCG@10,0.0
test1523,R@100,1.0
test1524,nDCG@10,0.8772153153380493
test1524,R@100,1.0
test1525,nDCG@10,0.0
test1525,R@100,1.0
test1526,nDCG@10,0.0
test1526,R@100,0.0
test1527,nDCG@10,0.5
test1527,R@100,1.0
test1528,nDCG@10,0.3562071871080222
test1528,R@100,1.0
test1529,nDCG@10,0.0
test1529,R@100,0.0
test153,nDCG@10,0.0
test153,R@100,1.0
test1530,nDCG@10,0.31546487678572877
test1530,R@100,1.0
test1531,nDCG@10,0.0
test1531,R@100,1.0
test1532,nDCG@10,0.0
test1532,R@100,1.0
test1533,nDCG@10,1.0
test1533,R@100,1.0
test1534,nDCG@10,0.3562071871080222
test1534,R@100,1.0
test1535,nDCG@10,0.6309297535714575
test1535,R@100,1.0
test1536,nDCG@10,0.0
test1536,R@100,0.0
test1537,nDCG@10,0.3010299956639812
test1537,R@100,1.0
test1538,nDCG@10,0.3562071871080222
test1538,R@100,1.0
test1539,nDCG@10,0.0
test1539,R@100,0.0
test154,nDCG@10,0.2890648263178879
test154,R@100,1.0
test1540,nDCG@10,0.0
test1540,R@100,1.0
test1541,nDCG@10,0.0
test1541,R@100,1.0
test1542,nDCG@10,0.0
test1542,R@100,0.0
test1543,nDCG@10,0.0
test1543,R@100,0.0
test1544,nDCG@10,0.0
test1544,R@100,0.5
test1545,nDCG@10,0.0
test1545,R@100,1.0
test1546,nDCG@10,0.3562071871080222
test1546,R@100,1.0
test1547,nDCG@10,0.0
test1547,R@100,0.5
test1548,nDCG@10,0.0
test1548,R@100,1.0
test1549,nDCG@10,0.31546487678572877
test1549,R@100,1.0
test155,nDCG@10,0.0
test155,R@100,1.0
test1550,nDCG@10,0.0
test1550,R@100,1.0
test1551,nDCG@10,0.0
test1551,R@100,1.0
test1552,nDCG@10,0.0
test1552,R@100,0.0
test1553,nDCG@10,0.3010299956639812
test1553,R@100,1.0
test1554,nDCG@10,1.0
test1554,R@100,1.0
test1555,nDCG@10,0.0
test1555,R@100,1.0
test1556,nDCG@10,0.0
test1556,R@100,0.0
test1557,nDCG@10,0.6131471927654584
test1557,R@100,1.0
test1558,nDCG@10,0.6934264036172708
test1558,R@100,1.0
test1559,nDCG@10,0.17723928678404774
test1559,R@100,0.5
test156,nDCG@10,0.0
test156,R@100,0.0
test1560,nDCG@10,0.0
test1560,R@100,1.0
test1561,nDCG@10,0.6309297535714575
test1561,R@100,1.0
test1562,nDCG@10,0.3333333333333333
test1562,R@100,1.0
test1563,nDCG@10,0.6131471927654584
test1563,R@100,1.0
test1564,nDCG@10,1.0
test1564,R@100,1.0
test1565,nDCG@10,1.0
test1565,R@100,1.0
test1566,nDCG@10,0.0
test1566,R@100,0.0
test1567,nDCG@10,0.0
test1567,R@100,0.0
test1568,nDCG@10,0.43067655807339306
test1568,R@100,1.0
test1569,nDCG@10,0.5
test1569,R@100,1.0
test157,nDCG@10,0.0
test157,R@100,0.0
test1570,nDCG@10,0.3333333333333333
test1570,R@100,1.0
test1571,nDCG@10,0.43067655807339306
test1571,R@100,1.0
test1572,nDCG@10,0.5
test1572,R@100,1.0
test1573,nDCG@10,0.3562071871080222
test1573,R@100,1.0
test1574,nDCG@10,0.3333333333333333
test1574,R@100,1.0
test1575,nDCG@10,0.9197207891481876
test1575,R@100,1.0
test1576,nDCG@10,1.0
test1576,R@100,1.0
test1577,nDCG@10,1.0
test1577,R@100,1.0
test1578,nDCG@10,0.6309297535714575
test1578,R@100,1.0
test1579,nDCG@10,0.0
test1579,R@100,0.0
test158,nDCG@10,0.6309297535714575
test158,R@100,1.0
test1580,nDCG@10,0.0
test1580,R@100,1.0
test1581,nDCG@10,1.0
test1581,R@100,1.0
test1582,nDCG@10,0.6309297535714575
test1582,R@100,1.0
test1583,nDCG@10,0.0
test1583,R@100,1.0
test1584,nDCG@10,0.31546487678572877
test1584,R@100,1.0
test1585,nDCG@10,0.0
test1585,R@100,0.0
test1586,nDCG@10,0.0
test1586,R@100,1.0
test1587,nDCG@10,0.0
test1587,R@100,0.0
test1588,nDCG@10,0.6309297535714575
test1588,R@100,1.0
test1589,nDCG@10,1.0
test1589,R@100,1.0
test159,nDCG@10,0.0
test159,R@100,0.0
test1590,nDCG@10,0.0
test1590,R@100,0.3333333333333333
test1591,nDCG@10,0.0
test1591,R@100,0.0
test1592,nDCG@10,0.38685280723454163
test1592,R@100,1.0
test1593,nDCG@10,1.0
test1593,R@100,1.0
test1594,nDCG@10,0.0
test1594,R@100,0.0
test1595,nDCG@10,0.3333333333333333
test1595,R@100,1.0
test1596,nDCG@10,0.0
test1596,R@100,1.0
test1597,nDCG@10,0.3562071871080222
test1597,R@100,1.0
test1598,nDCG@10,0.0
test1598,R@100,0.0
test1599,nDCG@10,0.0
test1599,R@100,1.0
test16,nDCG@10,0.43067655807339306
test16,R@100,1.0
test160,nDCG@10,0.0
test160,R@100,0.5
test1600,nDCG@10,0.0
test1600,R@100,0.3333333333333333
test1601,nDCG@10,0.3010299956639812
test1601,R@100,1.0
test1602,nDCG@10,0.0
test1602,R@100,1.0
test1603,nDCG@10,0.0
test1603,R@100,1.0
test1604,nDCG@10,0.43067655807339306
test1604,R@100,1.0
test1605,nDCG@10,0.0
test1605,R@100,1.0
test1606,nDCG@10,0.0
test1606,R@100,1.0
test1607,nDCG@10,0.31546487678572877
test1607,R@100,1.0
test1608,nDCG@10,1.0
test1608,R@100,1.0
test1609,nDCG@10,0.0
test1609,R@100,0.0
test161,nDCG@10,0.0
test161,R@100,0.0
test1610,nDCG@10,0.0
test1610,R@100,0.0
test1611,nDCG@10,1.0
test1611,R@100,1.0
test1612,nDCG@10,0.15642624200758548
test1612,R@100,1.0
test1613,nDCG@10,0.0
test1613,R@100,0.3333333333333333
test1614,nDCG@10,0.43067655807339306
test1614,R@100,1.0
test1615,nDCG@10,0.0
test1615,R@100,1.0
test1616,nDCG@10,0.0
test1616,R@100,1.0
test1617,nDCG@10,0.0
test1617,R@100,1.0
test1618,nDCG@10,1.0
test1618,R@100,1.0
test1619,nDCG@10,0.0
test1619,R@100,0.0
test162,nDCG@10,1.0
test162,R@100,1.0
test1620,nDCG@10,0.43067655807339306
test1620,R@100,1.0
test1621,nDCG@10,0.430624116386567
test1621,R@100,1.0
test1622,nDCG@10,0.0
test1622,R@100,1.0
test1623,nDCG@10,0.3562071871080222
test1623,R@100,1.0
test1624,nDCG@10,0.0
test1624,R@100,0.5
test1625,nDCG@10,0.0
test1625,R@100,0.0
test1626,nDCG@10,0.5706417189553201
test1626,R@100,1.0
test1627,nDCG@10,0.8772153153380493
test1627,R@100,1.0
test1628,nDCG@10,0.0
test1628,R@100,0.0
test1629,nDCG@10,0.0
test1629,R@100,1.0
test163,nDCG@10,1.0
test163,R@100,1.0
test1630,nDCG@10,0.0
test1630,R@100,1.0
test1631,nDCG@10,0.5
test1631,R@100,1.0
test1632,nDCG@10,0.3333333333333333
test1632,R@100,1.0
test1633,nDCG@10,0.0
test1633,R@100,0.0
test1634,nDCG@10,0.0
test1634,R@100,1.0
test1635,nDCG@10,0.5249810332008933
test1635,R@100,1.0
test1636,nDCG@10,0.0
test1636,R@100,0.0
test1637,nDCG@10,0.0
test1637,R@100,1.0
test1638,nDCG@10,0.31546487678572877
test1638,R@100,1.0
test1639,nDCG@10,0.0
test1639,R@100,0.0
test164,nDCG@10,0.5
test164,R@100,1.0
test1640,nDCG@10,0.0
test1640,R@100,0.0
test1641,nDCG@10,1.0
test1641,R@100,1.0
test1642,nDCG@10,0.0
test1642,R@100,0.0
test1643,nDCG@10,0.0
test1643,R@100,1.0
test1644,nDCG@10,0.1480409554829326
test1644,R@100,1.0
test1645,nDCG@10,0.0
test1645,R@100,1.0
test1646,nDCG@10,0.0
test1646,R@100,0.0
test1647,nDCG@10,0.6309297535714575
test1647,R@100,1.0
test1648,nDCG@10,0.0
test1648,R@100,1.0
test1649,nDCG@10,0.0
test1649,R@100,1.0
test165,nDCG@10,0.0
test165,R@100,0.5
test1650,nDCG@10,0.3562071871080222
test1650,R@100,1.0
test1651,nDCG@10,0.3333333333333333
test1651,R@100,1.0
test1652,nDCG@10,0.6309297535714575
test1652,R@100,1.0
test1653,nDCG@10,0.0
test1653,R@100,1.0
test1654,nDCG@10,0.48247555939075504
test1654,R@100,1.0
test1655,nDCG@10,1.0
test1655,R@100,1.0
test1656,nDCG@10,0.38685280723454163
test1656,R@100,1.0
test1657,nDCG@10,1.0
test1657,R@100,1.0
test1658,nDCG@10,0.0
test1658,R@100,0.0
test1659,nDCG@10,1.0
test1659,R@100,1.0
test166,nDCG@10,0.43067655807339306
test166,R@100,1.0
test1660,nDCG@10,1.0
test1660,R@100,1.0
test1661,nDCG@10,0.5
test1661,R@100,1.0
test1662,nDCG@10,0.0
test1662,R@100,0.0
test1663,nDCG@10,0.0
test1663,R@100,1.0
test1664,nDCG@10,0.0
test1664,R@100,0.0
test1665,nDCG@10,0.2890648263178879
test1665,R@100,1.0
test1666,nDCG@10,0.0
test1666,R@100,0.0
test1667,nDCG@10,0.0
test1667,R@100,0.6666666666666666
test1668,nDCG@10,0.0
test1668,R@100,1.0
test1669,nDCG@10,0.6131471927654584
test1669,R@100,1.0
test167,nDCG@10,1.0
test167,R@100,1.0
test1670,nDCG@10,0.43067655807339306
test1670,R@100,1.0
test1671,nDCG@10,0.3333333333333333
test1671,R@100,1.0
test1672,nDCG@10,0.0
test1672,R@100,1.0
test1673,nDCG@10,0.0
test1673,R@100,1.0
test1674,nDCG@10,0.0
test1674,R@100,0.0
test1675,nDCG@10,1.0
test1675,R@100,1.0
test1676,nDCG@10,0.0
test1676,R@100,1.0
test1677,nDCG@10,0.0
test1677,R@100,1.0
test1678,nDCG@10,0.0
test1678,R@100,0.0
test1679,nDCG@10,0.2890648263178879
test1679,R@100,1.0
test168,nDCG@10,0.0
test168,R@100,1.0
test1680,nDCG@10,0.3333333333333333
test1680,R@100,1.0
test1681,nDCG@10,0.0
test1681,R@100,0.0
test1682,nDCG@10,1.0
test1682,R@100,1.0
test1683,nDCG@10,0.0
test1683,R@100,1.0
test1684,nDCG@10,0.0
test1684,R@100,0.0
test1685,nDCG@10,0.0
test1685,R@100,0.0
test1686,nDCG@10,0.0
test1686,R@100,1.0
test1687,nDCG@10,0.0
test1687,R@100,1.0
test1688,nDCG@10,0.3562071871080222
test1688,R@100,1.0
test1689,nDCG@10,0.5
test1689,R@100,1.0
test169,nDCG@10,0.0
test169,R@100,1.0
test1690,nDCG@10,0.0
test1690,R@100,0.0
test1691,nDCG@10,0.0
test1691,R@100,1.0
test1692,nDCG@10,0.0
test1692,R@100,1.0
test1693,nDCG@10,0.0
test1693,R@100,1.0
test1694,nDCG@10,1.0
test1694,R@100,1.0
test1695,nDCG@10,0.0
test1695,R@100,0.5
test1696,nDCG@10,0.0
test1696,R@100,1.0
test1697,nDCG@10,0.6309297535714575
test1697,R@100,1.0
test1698,nDCG@10,1.0
test1698,R@100,1.0
test1699,nDCG@10,0.0
test1699,R@100,1.0
test17,nDCG@10,0.0
test17,R@100,1.0
test170,nDCG@10,0.48247555939075504
test170,R@100,1.0
test1700,nDCG@10,0.31546487678572877
test1700,R@100,1.0
test1701,nDCG@10,0.3562071871080222
test1701,R@100,1.0
test1702,nDCG@10,0.0
test1702,R@100,0.0
test1703,nDCG@10,0.0
test1703,R@100,0.0
test1704,nDCG@10,0.0
test1704,R@100,1.0
test1705,nDCG@10,1.0
test1705,R@100,1.0
test1706,nDCG@10,0.0
test1706,R@100,1.0
test1707,nDCG@10,0.38685280723454163
test1707,R@100,1.0
test1708,nDCG@10,0.23463936301137822
test1708,R@100,0.3333333333333333
test1709,nDCG@10,0.5
test1709,R@100,1.0
test171,nDCG@10,0.43067655807339306
test171,R@100,1.0
test1710,nDCG@10,0.0
test1710,R@100,1.0
test1711,nDCG@10,0.6309297535714575
test1711,R@100,1.0
test1712,nDCG@10,0.0
test1712,R@100,1.0
test1713,nDCG@10,0.43067655807339306
test1713,R@100,1.0
test1714,nDCG@10,0.6309297535714575
test1714,R@100,1.0
test1715,nDCG@10,0.0
test1715,R@100,0.0
test1716,nDCG@10,0.0
test1716,R@100,1.0
test1717,nDCG@10,0.0
test1717,R@100,1.0
test1718,nDCG@10,0.3562071871080222
test1718,R@100,1.0
test1719,nDCG@10,0.0
test1719,R@100,1.0
test172,nDCG@10,1.0
test172,R@100,1.0
test1720,nDCG@10,1.0
test1720,R@100,1.0
test1721,nDCG@10,0.0
test1721,R@100,1.0
test1722,nDCG@10,0.43067655807339306
test1722,R@100,1.0
test1723,nDCG@10,0.6309297535714575
test1723,R@100,1.0
test1724,nDCG@10,0.5
test1724,R@100,1.0
test1725,nDCG@10,0.0
test1725,R@100,0.0
test1726,nDCG@10,0.0
test1726,R@100,1.0
test1727,nDCG@10,0.0
test1727,R@100,0.0
test1728,nDCG@10,0.43067655807339306
test1728,R@100,1.0
test1729,nDCG@10,1.0
test1729,R@100,1.0
test173,nDCG@10,0.0
test173,R@100,0.0
test1730,nDCG@10,0.0
test1730,R@100,0.0
test1731,nDCG@10,0.0
test1731,R@100,0.0
test1732,nDCG@10,0.0
test1732,R@100,1.0
test1733,nDCG@10,0.0
test1733,R@100,1.0
test1734,nDCG@10,1.0
test1734,R@100,1.0
test1735,nDCG@10,0.0
test1735,R@100,1.0
test1736,nDCG@10,0.2640681225725909
test1736,R@100,1.0
test1737,nDCG@10,0.17723928678404774
test1737,R@100,1.0
test1738,nDCG@10,0.6309297535714575
test1738,R@100,1.0
test1739,nDCG@10,0.0
test1739,R@100,0.0
test174,nDCG@10,0.0
test174,R@100,1.0
test1740,nDCG@10,0.0
test1740,R@100,0.0
test1741,nDCG@10,0.6309297535714575
test1741,R@100,1.0
test1742,nDCG@10,0.3333333333333333
test1742,R@100,1.0
test1743,nDCG@10,0.5
test1743,R@100,1.0
test1744,nDCG@10,0.0
test1744,R@100,0.0
test1745,nDCG@10,0.5
test1745,R@100,1.0
test1746,nDCG@10,0.5
test1746,R@100,1.0
test1747,nDCG@10,1.0
test1747,R@100,1.0
test1748,nDCG@10,1.0
test1748,R@100,1.0
test1749,nDCG@10,0.0
test1749,R@100,0.0
test175,nDCG@10,0.0
test175,R@100,1.0
test1750,nDCG@10,0.0
test1750,R@100,0.0
test1751,nDCG@10,0.2640681225725909
test1751,R@100,0.5
test1752,nDCG@10,0.0
test1752,R@100,1.0
test1753,nDCG@10,0.38685280723454163
test1753,R@100,1.0
test1754,nDCG@10,0.0
test1754,R@100,0.0
test1755,nDCG@10,1.0
test1755,R@100,1.0
test1756,nDCG@10,0.6257049680303419
test1756,R@100,0.6666666666666666
test1757,nDCG@10,0.43067655807339306
test1757,R@100,1.0
test1758,nDCG@10,0.0
test1758,R@100,0.0
test1759,nDCG@10,1.0
test1759,R@100,1.0
test176,nDCG@10,0.0
test176,R@100,0.0
test1760,nDCG@10,0.0
test1760,R@100,1.0
test1761,nDCG@10,1.0
test1761,R@100,1.0
test1762,nDCG@10,0.0
test1762,R@100,0.0
test1763,nDCG@10,0.23719771276929622
test1763,R@100,0.5
test1764,nDCG@10,0.0
test1764,R@100,1.0
test1765,nDCG@10,0.0
test1765,R@100,0.0
test1766,nDCG@10,0.31546487678572877
test1766,R@100,1.0
test1767,nDCG@10,0.0
test1767,R@100,1.0
test1768,nDCG@10,0.0
test1768,R@100,0.0
test1769,nDCG@10,0.0
test1769,R@100,0.0
test177,nDCG@10,0.0
test177,R@100,0.0
test1770,nDCG@10,0.7328286204777911
test1770,R@100,1.0
test1771,nDCG@10,0.0
test1771,R@100,0.0
test1772,nDCG@10,1.0
test1772,R@100,1.0
test1773,nDCG@10,0.38685280723454163
test1773,R@100,1.0
test1774,nDCG@10,0.0
test1774,R@100,0.0
test1775,nDCG@10,0.0
test1775,R@100,0.0
test1776,nDCG@10,0.0
test1776,R@100,1.0
test1777,nDCG@10,0.0
test1777,R@100,1.0
test1778,nDCG@10,0.0
test1778,R@100,1.0
test1779,nDCG@10,1.0
test1779,R@100,1.0
test178,nDCG@10,0.0
test178,R@100,0.0
test1780,nDCG@10,0.0
test1780,R@100,0.0
test1781,nDCG@10,0.6509209298071326
test1781,R@100,1.0
test1782,nDCG@10,0.0
test1782,R@100,0.0
test1783,nDCG@10,0.0
test1783,R@100,1.0
test1784,nDCG@10,0.5706417189553201
test1784,R@100,1.0
test1785,nDCG@10,0.0
test1785,R@100,1.0
test1786,nDCG@10,0.5
test1786,R@100,1.0
test1787,nDCG@10,0.0
test1787,R@100,0.0
test1788,nDCG@10,0.0
test1788,R@100,0.0
test1789,nDCG@10,0.0
test1789,R@100,0.0
test179,nDCG@10,0.3010299956639812
test179,R@100,1.0
test1790,nDCG@10,0.0
test1790,R@100,1.0
test1791,nDCG@10,0.5
test1791,R@100,1.0
test1792,nDCG@10,0.5
test1792,R@100,1.0
test1793,nDCG@10,0.3562071871080222
test1793,R@100,1.0
test1794,nDCG@10,0.0
test1794,R@100,1.0
test1795,nDCG@10,0.0
test1795,R@100,0.0
test1796,nDCG@10,1.0
test1796,R@100,1.0
test1797,nDCG@10,1.0
test1797,R@100,1.0
test1798,nDCG@10,0.38685280723454163
test1798,R@100,1.0
test1799,nDCG@10,0.38685280723454163
test1799,R@100,1.0
test18,nDCG@10,0.0
test18,R@100,0.0
test180,nDCG@10,1.0
test180,R@100,1.0
test1800,nDCG@10,0.43067655807339306
test1800,R@100,1.0
test1801,nDCG@10,0.0
test1801,R@100,1.0
test1802,nDCG@10,0.5
test1802,R@100,1.0
test1803,nDCG@10,0.0
test1803,R@100,1.0
test1804,nDCG@10,0.0
test1804,R@100,0.0
test1805,nDCG@10,1.0
test1805,R@100,1.0
test1806,nDCG@10,0.0
test1806,R@100,1.0
test1807,nDCG@10,0.0
test1807,R@100,0.0
test1808,nDCG@10,0.0
test1808,R@100,0.0
test1809,nDCG@10,0.0
test1809,R@100,0.0
test181,nDCG@10,1.0
test181,R@100,1.0
test1810,nDCG@10,0.0
test1810,R@100,0.0
test1811,nDCG@10,1.0
test1811,R@100,1.0
test1812,nDCG@10,0.0
test1812,R@100,0.0
test1813,nDCG@10,0.38685280723454163
test1813,R@100,1.0
test1814,nDCG@10,0.0
test1814,R@100,1.0
test1815,nDCG@10,1.0
test1815,R@100,1.0
test1816,nDCG@10,0.5
test1816,R@100,1.0
test1817,nDCG@10,0.5
test1817,R@100,1.0
test1818,nDCG@10,0.0
test1818,R@100,0.0
test1819,nDCG@10,0.0
test1819,R@100,1.0
test182,nDCG@10,0.0
test182,R@100,1.0
test1820,nDCG@10,0.0
test1820,R@100,0.0
test1821,nDCG@10,0.0
test1821,R@100,1.0
test1822,nDCG@10,1.0
test1822,R@100,1.0
test1823,nDCG@10,0.6309297535714575
test1823,R@100,1.0
test1824,nDCG@10,0.0
test1824,R@100,0.0
test1825,nDCG@10,0.0
test1825,R@100,0.0
test1826,nDCG@10,0.0
test1826,R@100,0.0
test1827,nDCG@10,0.0
test1827,R@100,0.0
test1828,nDCG@10,0.0
test1828,R@100,0.0
test1829,nDCG@10,0.0
test1829,R@100,1.0
test183,nDCG@10,0.8772153153380493
test183,R@100,1.0
test1830,nDCG@10,0.0
test1830,R@100,0.0
test1831,nDCG@10,0.6309297535714575
test1831,R@100,1.0
test1832,nDCG@10,0.0
test1832,R@100,1.0
test1833,nDCG@10,0.31546487678572877
test1833,R@100,1.0
test1834,nDCG@10,0.3010299956639812
test1834,R@100,1.0
test1835,nDCG@10,0.0
test1835,R@100,0.0
test1836,nDCG@10,0.31546487678572877
test1836,R@100,1.0
test1837,nDCG@10,0.43067655807339306
test1837,R@100,1.0
test1838,nDCG@10,0.0
test1838,R@100,0.0
test1839,nDCG@10,0.0
test1839,R@100,0.0
test184,nDCG@10,0.0
test184,R@100,0.0
test1840,nDCG@10,0.6309297535714575
test1840,R@100,1.0
test1841,nDCG@10,0.0
test1841,R@100,1.0
test1842,nDCG@10,0.0
test1842,R@100,1.0
test1843,nDCG@10,0.0
test1843,R@100,1.0
test1844,nDCG@10,0.38685280723454163
test1844,R@100,1.0
test1845,nDCG@10,0.0
test1845,R@100,1.0
test1846,nDCG@10,0.20438239758848611
test1846,R@100,1.0
test1847,nDCG@10,0.31546487678572877
test1847,R@100,1.0
test1848,nDCG@10,1.0
test1848,R@100,1.0
test1849,nDCG@10,0.0
test1849,R@100,1.0
test185,nDCG@10,0.0
test185,R@100,1.0
test1850,nDCG@10,0.6309297535714575
test1850,R@100,1.0
test1851,nDCG@10,0.6934264036172708
test1851,R@100,1.0
test1852,nDCG@10,0.0
test1852,R@100,0.0
test1853,nDCG@10,1.0
test1853,R@100,1.0
test1854,nDCG@10,1.0
test1854,R@100,1.0
test1855,nDCG@10,0.0
test1855,R@100,1.0
test1856,nDCG@10,1.0
test1856,R@100,1.0
test1857,nDCG@10,0.0
test1857,R@100,0.0
test1858,nDCG@10,0.0
test1858,R@100,1.0
test1859,nDCG@10,0.0
test1859,R@100,0.0
test186,nDCG@10,0.0
test186,R@100,1.0
test1860,nDCG@10,0.0
test1860,R@100,0.0
test1861,nDCG@10,0.0
test1861,R@100,1.0
test1862,nDCG@10,0.6309297535714575
test1862,R@100,1.0
test1863,nDCG@10,0.0
test1863,R@100,0.5
test1864,nDCG@10,0.6309297535714575
test1864,R@100,1.0
test1865,nDCG@10,0.8772153153380493
test1865,R@100,1.0
test1866,nDCG@10,0.0
test1866,R@100,1.0
test1867,nDCG@10,0.5
test1867,R@100,1.0
test1868,nDCG@10,0.0
test1868,R@100,1.0
test1869,nDCG@10,0.5012658353418871
test1869,R@100,1.0
test187,nDCG@10,1.0
test187,R@100,1.0
test1870,nDCG@10,0.3562071871080222
test1870,R@100,1.0
test1871,nDCG@10,1.0
test1871,R@100,1.0
test1872,nDCG@10,0.0
test1872,R@100,0.0
test1873,nDCG@10,0.0
test1873,R@100,0.0
test1874,nDCG@10,1.0
test1874,R@100,1.0
test1875,nDCG@10,1.0
test1875,R@100,1.0
test1876,nDCG@10,1.0
test1876,R@100,1.0
test1877,nDCG@10,0.31546487678572877
test1877,R@100,1.0
test1878,nDCG@10,0.0
test1878,R@100,1.0
test1879,nDCG@10,0.4632423659320675
test1879,R@100,1.0
test188,nDCG@10,0.5
test188,R@100,1.0
test1880,nDCG@10,0.0
test1880,R@100,0.0
test1881,nDCG@10,0.0
test1881,R@100,1.0
test1882,nDCG@10,0.6934264036172708
test1882,R@100,1.0
test1883,nDCG@10,0.0
test1883,R@100,0.0
test1884,nDCG@10,0.3010299956639812
test1884,R@100,1.0
test1885,nDCG@10,0.0
test1885,R@100,1.0
test1886,nDCG@10,0.0
test1886,R@100,0.0
test1887,nDCG@10,0.6309297535714575
test1887,R@100,1.0
test1888,nDCG@10,0.2890648263178879
test1888,R@100,1.0
test1889,nDCG@10,0.6309297535714575
test1889,R@100,1.0
test189,nDCG@10,0.0
test189,R@100,1.0
test1890,nDCG@10,1.0
test1890,R@100,1.0
test1891,nDCG@10,0.3010299956639812
test1891,R@100,1.0
test1892,nDCG@10,0.0
test1892,R@100,0.0
test1893,nDCG@10,0.0
test1893,R@100,0.0
test1894,nDCG@10,0.0
test1894,R@100,0.0
test1895,nDCG@10,0.0
test1895,R@100,1.0
test1896,nDCG@10,0.5307212739772434
test1896,R@100,1.0
test1897,nDCG@10,0.3562071871080222
test1897,R@100,1.0
test1898,nDCG@10,0.3562071871080222
test1898,R@100,1.0
test1899,nDCG@10,1.0
test1899,R@100,1.0
test19,nDCG@10,0.38685280723454163
test19,R@100,1.0
test190,nDCG@10,1.0
test190,R@100,1.0
test1900,nDCG@10,0.38685280723454163
test1900,R@100,1.0
test1901,nDCG@10,0.6309297535714575
test1901,R@100,1.0
test1902,nDCG@10,0.21840743681816419
test1902,R@100,1.0
test1903,nDCG@10,0.43067655807339306
test1903,R@100,1.0
test1904,nDCG@10,0.0
test1904,R@100,0.5
test1905,nDCG@10,0.3333333333333333
test1905,R@100,1.0
test1906,nDCG@10,0.0
test1906,R@100,0.0
test1907,nDCG@10,1.0
test1907,R@100,1.0
test1908,nDCG@10,0.0
test1908,R@100,1.0
test1909,nDCG@10,0.0
test1909,R@100,1.0
test191,nDCG@10,1.0
test191,R@100,1.0
test1910,nDCG@10,0.0
test1910,R@100,0.0
test1911,nDCG@10,0.6131471927654584
test1911,R@100,1.0
test1912,nDCG@10,0.3333333333333333
test1912,R@100,1.0
test1913,nDCG@10,0.20438239758848611
test1913,R@100,1.0
test1914,nDCG@10,0.6131471927654584
test1914,R@100,0.5
test1915,nDCG@10,0.0
test1915,R@100,1.0
test1916,nDCG@10,1.0
test1916,R@100,1.0
test1917,nDCG@10,0.0
test1917,R@100,0.0
test1918,nDCG@10,0.0
test1918,R@100,1.0
test1919,nDCG@10,1.0
test1919,R@100,1.0
test192,nDCG@10,0.6131471927654584
test192,R@100,0.5
test1920,nDCG@10,0.3010299956639812
test1920,R@100,1.0
test1921,nDCG@10,1.0
test1921,R@100,1.0
test1922,nDCG@10,0.0
test1922,R@100,0.0
test1923,nDCG@10,0.0
test1923,R@100,0.0
test1924,nDCG@10,0.0
test1924,R@100,0.0
test1925,nDCG@10,0.5
test1925,R@100,1.0
test1926,nDCG@10,0.31546487678572877
test1926,R@100,1.0
test1927,nDCG@10,0.43067655807339306
test1927,R@100,1.0
test1928,nDCG@10,0.5
test1928,R@100,1.0
test1929,nDCG@10,1.0
test1929,R@100,1.0
test193,nDCG@10,0.0
test193,R@100,0.0
test1930,nDCG@10,0.0
test1930,R@100,0.0
test1931,nDCG@10,0.0
test1931,R@100,0.0
test1932,nDCG@10,1.0
test1932,R@100,1.0
test1933,nDCG@10,0.0
test1933,R@100,1.0
test1934,nDCG@10,0.0
test1934,R@100,1.0
test1935,nDCG@10,0.0
test1935,R@100,1.0
test1936,nDCG@10,0.0
test1936,R@100,1.0
test1937,nDCG@10,0.0
test1937,R@100,1.0
test1938,nDCG@10,0.0
test1938,R@100,1.0
test1939,nDCG@10,0.38685280723454163
test1939,R@100,1.0
test194,nDCG@10,0.5
test194,R@100,1.0
test1940,nDCG@10,0.43067655807339306
test1940,R@100,1.0
test1941,nDCG@10,0.9197207891481876
test1941,R@100,1.0
test1942,nDCG@10,0.6309297535714575
test1942,R@100,1.0
test1943,nDCG@10,0.0
test1943,R@100,0.0
test1944,nDCG@10,0.0
test1944,R@100,0.5
test1945,nDCG@10,0.5012658353418871
test1945,R@100,1.0
test1946,nDCG@10,0.0
test1946,R@100,0.0
test1947,nDCG@10,0.6309297535714575
test1947,R@100,1.0
test1948,nDCG@10,0.0
test1948,R@100,0.0
test1949,nDCG@10,0.0
test1949,R@100,1.0
test195,nDCG@10,1.0
test195,R@100,1.0
test1950,nDCG@10,0.20438239758848611
test1950,R@100,1.0
test1951,nDCG@10,0.0
test1951,R@100,1.0
test1952,nDCG@10,0.6240505200038379
test1952,R@100,1.0
test1953,nDCG@10,0.0
test1953,R@100,1.0
test1954,nDCG@10,0.0
test1954,R@100,0.0
test1955,nDCG@10,0.0
test1955,R@100,0.0
test1956,nDCG@10,0.2890648263178879
test1956,R@100,1.0
test1957,nDCG@10,0.3065735963827292
test1957,R@100,1.0
test1958,nDCG@10,0.4911492931622974
test1958,R@100,1.0
test1959,nDCG@10,0.5249810332008933
test1959,R@100,1.0
test196,nDCG@10,0.0
test196,R@100,1.0
test1960,nDCG@10,0.0
test1960,R@100,0.0
test1961,nDCG@10,0.6309297535714575
test1961,R@100,1.0
test1962,nDCG@10,0.6309297535714575
test1962,R@100,1.0
test1963,nDCG@10,0.0
test1963,R@100,0.0
test1964,nDCG@10,0.38685280723454163
test1964,R@100,1.0
test1965,nDCG@10,0.0
test1965,R@100,0.0
test1966,nDCG@10,0.0
test1966,R@100,1.0
test1967,nDCG@10,0.5
test1967,R@100,1.0
test1968,nDCG@10,0.0
test1968,R@100,0.0
test1969,nDCG@10,0.6309297535714575
test1969,R@100,1.0
test197,nDCG@10,0.0
test197,R@100,1.0
test1970,nDCG@10,0.6131471927654584
test1970,R@100,0.5
test1971,nDCG@10,0.0
test1971,R@100,0.0
test1972,nDCG@10,0.19342640361727081
test1972,R@100,1.0
test1973,nDCG@10,0.0
test1973,R@100,0.0
test1974,nDCG@10,0.0
test1974,R@100,1.0
test1975,nDCG@10,0.0
test1975,R@100,0.0
test1976,nDCG@10,0.0
test1976,R@100,1.0
test1977,nDCG@10,0.5
test1977,R@100,1.0
test1978,nDCG@10,0.0
test1978,R@100,0.0
test1979,nDCG@10,0.0
test1979,R@100,1.0
test198,nDCG@10,0.0
test198,R@100,0.5
test1980,nDCG@10,0.2640681225725909
test1980,R@100,1.0
test1981,nDCG@10,0.0
test1981,R@100,1.0
test1982,nDCG@10,0.0
test1982,R@100,0.0
test1983,nDCG@10,0.0
test1983,R@100,0.0
test1984,nDCG@10,0.38685280723454163
test1984,R@100,1.0
test1985,nDCG@10,0.0
test1985,R@100,0.0
test1986,nDCG@10,0.0
test1986,R@100,1.0
test1987,nDCG@10,0.0
test1987,R@100,1.0
test1988,nDCG@10,0.0
test1988,R@100,1.0
test1989,nDCG@10,1.0
test1989,R@100,1.0
test199,nDCG@10,0.0
test199,R@100,1.0
test1990,nDCG@10,0.0
test1990,R@100,0.0
test1991,nDCG@10,1.0
test1991,R@100,1.0
test1992,nDCG@10,0.0
test1992,R@100,0.0
test1993,nDCG@10,0.3010299956639812
test1993,R@100,1.0
test1994,nDCG@10,0.0
test1994,R@100,0.0
test1995,nDCG@10,1.0
test1995,R@100,1.0
test1996,nDCG@10,1.0
test1996,R@100,1.0
test1997,nDCG@10,0.2890648263178879
test1997,R@100,1.0
test1998,nDCG@10,0.6131471927654584
test1998,R@100,1.0
test1999,nDCG@10,0.0
test1999,R@100,1.0
test2,nDCG@10,1.0
test2,R@100,1.0
test20,nDCG@10,1.0
test20,R@100,1.0
test200,nDCG@10,1.0
test200,R@100,1.0
test2000,nDCG@10,1.0
test2000,R@100,1.0
test2001,nDCG@10,0.0
test2001,R@100,1.0
test2002,nDCG@10,0.0
test2002,R@100,1.0
test2003,nDCG@10,0.0
test2003,R@100,0.0
test2004,nDCG@10,0.6309297535714575
test2004,R@100,1.0
test2005,nDCG@10,0.6131471927654584
test2005,R@100,1.0
test2006,nDCG@10,0.38685280723454163
test2006,R@100,1.0
test2007,nDCG@10,0.43067655807339306
test2007,R@100,1.0
test2008,nDCG@10,0.6131471927654584
test2008,R@100,1.0
test2009,nDCG@10,0.6309297535714575
test2009,R@100,1.0
test201,nDCG@10,0.0
test201,R@100,0.0
test2010,nDCG@10,0.0
test2010,R@100,0.0
test2011,nDCG@10,1.0
test2011,R@100,1.0
test2012,nDCG@10,0.0
test2012,R@100,1.0
test2013,nDCG@10,0.0
test2013,R@100,1.0
test2014,nDCG@10,1.0
test2014,R@100,1.0
test2015,nDCG@10,0.0
test2015,R@100,0.3333333333333333
test2016,nDCG@10,0.43067655807339306
test2016,R@100,1.0
test2017,nDCG@10,0.0
test2017,R@100,1.0
test2018,nDCG@10,0.8315546295836225
test2018,R@100,1.0
test2019,nDCG@10,0.0
test2019,R@100,0.0
test202,nDCG@10,0.2890648263178879
test202,R@100,1.0
test2020,nDCG@10,0.0
test2020,R@100,0.0
test2021,nDCG@10,0.0
test2021,R@100,0.0
test2022,nDCG@10,1.0
test2022,R@100,1.0
test2023,nDCG@10,0.0
test2023,R@100,1.0
test2024,nDCG@10,0.2890648263178879
test2024,R@100,1.0
test2025,nDCG@10,0.3010299956639812
test2025,R@100,1.0
test2026,nDCG@10,1.0
test2026,R@100,1.0
test2027,nDCG@10,0.5
test2027,R@100,1.0
test2028,nDCG@10,0.0
test2028,R@100,1.0
test2029,nDCG@10,0.43067655807339306
test2029,R@100,1.0
test203,nDCG@10,0.6309297535714575
test203,R@100,1.0
test2030,nDCG@10,1.0
test2030,R@100,1.0
test2031,nDCG@10,0.6309297535714575
test2031,R@100,1.0
test2032,nDCG@10,0.0
test2032,R@100,1.0
test2033,nDCG@10,0.0
test2033,R@100,1.0
test2034,nDCG@10,0.0
test2034,R@100,0.0
test2035,nDCG@10,0.3065735963827292
test2035,R@100,0.5
test2036,nDCG@10,0.3562071871080222
test2036,R@100,1.0
test2037,nDCG@10,0.0
test2037,R@100,0.0
test2038,nDCG@10,1.0
test2038,R@100,1.0
test2039,nDCG@10,0.0
test2039,R@100,0.0
test204,nDCG@10,0.0
test204,R@100,1.0
test2040,nDCG@10,0.15642624200758548
test2040,R@100,0.3333333333333333
test2041,nDCG@10,1.0
test2041,R@100,1.0
test2042,nDCG@10,0.0
test2042,R@100,0.0
test2043,nDCG@10,1.0
test2043,R@100,1.0
test2044,nDCG@10,0.0
test2044,R@100,0.0
test2045,nDCG@10,0.43067655807339306
test2045,R@100,1.0
test2046,nDCG@10,0.43067655807339306
test2046,R@100,1.0
test2047,nDCG@10,1.0
test2047,R@100,1.0
test2048,nDCG@10,0.3010299956639812
test2048,R@100,1.0
test2049,nDCG@10,0.0
test2049,R@100,0.0
test205,nDCG@10,0.5714285040141098
test205,R@100,1.0
test2050,nDCG@10,0.6052602440527057
test2050,R@100,1.0
test2051,nDCG@10,0.0
test2051,R@100,1.0
test2052,nDCG@10,0.0
test2052,R@100,0.0
test2053,nDCG@10,0.0
test2053,R@100,0.3333333333333333
test2054,nDCG@10,0.0
test2054,R@100,1.0
test2055,nDCG@10,0.5
test2055,R@100,1.0
test2056,nDCG@10,0.6309297535714575
test2056,R@100,1.0
test2057,nDCG@10,0.0
test2057,R@100,1.0
test2058,nDCG@10,0.6309297535714575
test2058,R@100,1.0
test2059,nDCG@10,0.0
test2059,R@100,0.6666666666666666
test206,nDCG@10,0.0
test206,R@100,1.0
test2060,nDCG@10,0.0
test2060,R@100,0.0
test2061,nDCG@10,0.0
test2061,R@100,1.0
test2062,nDCG@10,0.0
test2062,R@100,0.0
test2063,nDCG@10,0.6309297535714575
test2063,R@100,1.0
test2064,nDCG@10,1.0
test2064,R@100,1.0
test2065,nDCG@10,0.0
test2065,R@100,1.0
test2066,nDCG@10,0.0
test2066,R@100,1.0
test2067,nDCG@10,0.0
test2067,R@100,0.0
test2068,nDCG@10,0.6131471927654584
test2068,R@100,1.0
test2069,nDCG@10,0.5
test2069,R@100,1.0
test207,nDCG@10,0.38685280723454163
test207,R@100,1.0
test2070,nDCG@10,1.0
test2070,R@100,1.0
test2071,nDCG@10,0.0
test2071,R@100,1.0
test2072,nDCG@10,0.5
test2072,R@100,1.0
test2073,nDCG@10,0.6131471927654584
test2073,R@100,0.5
test2074,nDCG@10,1.0
test2074,R@100,1.0
test2075,nDCG@10,0.0
test2075,R@100,1.0
test2076,nDCG@10,1.0
test2076,R@100,1.0
test2077,nDCG@10,0.21840743681816419
test2077,R@100,1.0
test2078,nDCG@10,0.0
test2078,R@100,1.0
test2079,nDCG@10,0.3562071871080222
test2079,R@100,1.0
test208,nDCG@10,0.0
test208,R@100,0.0
test2080,nDCG@10,0.0
test2080,R@100,0.0
test2081,nDCG@10,0.0
test2081,R@100,0.0
test2082,nDCG@10,0.3562071871080222
test2082,R@100,1.0
test2083,nDCG@10,0.0
test2083,R@100,1.0
test2084,nDCG@10,1.0
test2084,R@100,1.0
test2085,nDCG@10,0.38685280723454163
test2085,R@100,1.0
test2086,nDCG@10,1.0
test2086,R@100,1.0
test2087,nDCG@10,0.0
test2087,R@100,0.0
test2088,nDCG@10,0.6309297535714575
test2088,R@100,1.0
test2089,nDCG@10,0.3562071871080222
test2089,R@100,1.0
test209,nDCG@10,0.0
test209,R@100,1.0
test2090,nDCG@10,1.0
test2090,R@100,1.0
test2091,nDCG@10,0.0
test2091,R@100,1.0
test2092,nDCG@10,0.0
test2092,R@100,0.5
test2093,nDCG@10,0.0
test2093,R@100,1.0
test2094,nDCG@10,0.6131471927654584
test2094,R@100,1.0
test2095,nDCG@10,0.31546487678572877
test2095,R@100,1.0
test2096,nDCG@10,1.0
test2096,R@100,1.0
test2097,nDCG@10,0.0
test2097,R@100,0.0
test2098,nDCG@10,0.38685280723454163
test2098,R@100,1.0
test2099,nDCG@10,0.3065735963827292
test2099,R@100,0.5
test21,nDCG@10,0.38685280723454163
test21,R@100,1.0
test210,nDCG@10,0.2890648263178879
test210,R@100,1.0
test2100,nDCG@10,0.3562071871080222
test2100,R@100,1.0
test2101,nDCG@10,0.0
test2101,R@100,0.5
test2102,nDCG@10,0.0
test2102,R@100,1.0
test2103,nDCG@10,0.43067655807339306
test2103,R@100,1.0
test2104,nDCG@10,0.0
test2104,R@100,1.0
test2105,nDCG@10,0.0
test2105,R@100,0.5
test2106,nDCG@10,0.38685280723454163
test2106,R@100,1.0
test2107,nDCG@10,0.0
test2107,R@100,0.5
test2108,nDCG@10,0.31546487678572877
test2108,R@100,1.0
test2109,nDCG@10,0.3562071871080222
test2109,R@100,1.0
test211,nDCG@10,0.0
test211,R@100,0.0
test2110,nDCG@10,0.20438239758848611
test2110,R@100,0.5
test2111,nDCG@10,0.0
test2111,R@100,0.5
test2112,nDCG@10,0.0
test2112,R@100,0.0
test2113,nDCG@10,0.31546487678572877
test2113,R@100,1.0
test2114,nDCG@10,0.6309297535714575
test2114,R@100,1.0
test2115,nDCG@10,0.0
test2115,R@100,1.0
test2116,nDCG@10,0.3562071871080222
test2116,R@100,1.0
test2117,nDCG@10,0.0
test2117,R@100,0.0
test2118,nDCG@10,0.0
test2118,R@100,0.0
test2119,nDCG@10,0.0
test2119,R@100,1.0
test212,nDCG@10,0.0
test212,R@100,1.0
test2120,nDCG@10,0.6309297535714575
test2120,R@100,1.0
test2121,nDCG@10,0.0
test2121,R@100,1.0
test2122,nDCG@10,0.38685280723454163
test2122,R@100,1.0
test2123,nDCG@10,0.0
test2123,R@100,0.0
test2124,nDCG@10,0.37800210039683896
test2124,R@100,1.0
test2125,nDCG@10,0.3562071871080222
test2125,R@100,1.0
test2126,nDCG@10,1.0
test2126,R@100,1.0
test2127,nDCG@10,0.0
test2127,R@100,1.0
test2128,nDCG@10,0.0
test2128,R@100,0.0
test2129,nDCG@10,1.0
test2129,R@100,1.0
test213,nDCG@10,0.0
test213,R@100,1.0
test2130,nDCG@10,0.0
test2130,R@100,0.5
test2131,nDCG@10,0.0
test2131,R@100,0.0
test2132,nDCG@10,0.0
test2132,R@100,1.0
test2133,nDCG@10,0.43067655807339306
test2133,R@100,1.0
test2134,nDCG@10,1.0
test2134,R@100,1.0
test2135,nDCG@10,0.0
test2135,R@100,0.0
test2136,nDCG@10,0.5
test2136,R@100,1.0
test2137,nDCG@10,0.0
test2137,R@100,0.0
test2138,nDCG@10,0.0
test2138,R@100,1.0
test2139,nDCG@10,0.3010299956639812
test2139,R@100,1.0
test214,nDCG@10,0.0
test214,R@100,1.0
test2140,nDCG@10,0.0
test2140,R@100,1.0
test2141,nDCG@10,0.0
test2141,R@100,1.0
test2142,nDCG@10,0.0
test2142,R@100,1.0
test2143,nDCG@10,0.5706417189553201
test2143,R@100,1.0
test2144,nDCG@10,0.0
test2144,R@100,0.0
test2145,nDCG@10,0.3562071871080222
test2145,R@100,1.0
test2146,nDCG@10,0.2640681225725909
test2146,R@100,1.0
test2147,nDCG@10,0.6309297535714575
test2147,R@100,1.0
test2148,nDCG@10,0.5
test2148,R@100,1.0
test2149,nDCG@10,0.0
test2149,R@100,0.0
test215,nDCG@10,0.43067655807339306
test215,R@100,1.0
test2150,nDCG@10,0.6309297535714575
test2150,R@100,1.0
test2151,nDCG@10,0.3010299956639812
test2151,R@100,1.0
test2152,nDCG@10,0.38685280723454163
test2152,R@100,1.0
test2153,nDCG@10,1.0
test2153,R@100,1.0
test2154,nDCG@10,0.0
test2154,R@100,0.0
test2155,nDCG@10,0.6309297535714575
test2155,R@100,1.0
test2156,nDCG@10,0.0
test2156,R@100,1.0
test2157,nDCG@10,1.0
test2157,R@100,1.0
test2158,nDCG@10,0.0
test2158,R@100,1.0
test2159,nDCG@10,0.0
test2159,R@100,0.0
test216,nDCG@10,0.3065735963827292
test216,R@100,1.0
test2160,nDCG@10,0.5
test2160,R@100,1.0
test2161,nDCG@10,0.0
test2161,R@100,0.0
test2162,nDCG@10,0.0
test2162,R@100,0.0
test2163,nDCG@10,1.0
test2163,R@100,1.0
test2164,nDCG@10,1.0
test2164,R@100,1.0
test2165,nDCG@10,0.0
test2165,R@100,1.0
test2166,nDCG@10,0.0
test2166,R@100,1.0
test2167,nDCG@10,0.5
test2167,R@100,1.0
test2168,nDCG@10,0.0
test2168,R@100,1.0
test2169,nDCG@10,0.0
test2169,R@100,1.0
test217,nDCG@10,0.0
test217,R@100,1.0
test2170,nDCG@10,0.6309297535714575
test2170,R@100,1.0
test2171,nDCG@10,0.6309297535714575
test2171,R@100,1.0
test2172,nDCG@10,1.0
test2172,R@100,1.0
test2173,nDCG@10,0.38685280723454163
test2173,R@100,1.0
test2174,nDCG@10,0.5
test2174,R@100,1.0
test2175,nDCG@10,0.0
test2175,R@100,0.0
test2176,nDCG@10,1.0
test2176,R@100,1.0
test2177,nDCG@10,0.38685280723454163
test2177,R@100,1.0
test2178,nDCG@10,1.0
test2178,R@100,1.0
test2179,nDCG@10,1.0
test2179,R@100,1.0
test218,nDCG@10,0.38685280723454163
test218,R@100,1.0
test2180,nDCG@10,0.3562071871080222
test2180,R@100,1.0
test2181,nDCG@10,1.0
test2181,R@100,1.0
test2182,nDCG@10,0.0
test2182,R@100,0.5
test2183,nDCG@10,0.5437713091520254
test2183,R@100,1.0
test2184,nDCG@10,0.0
test2184,R@100,0.0
test2185,nDCG@10,1.0
test2185,R@100,1.0
test2186,nDCG@10,0.5249810332008933
test2186,R@100,1.0
test2187,nDCG@10,1.0
test2187,R@100,1.0
test2188,nDCG@10,0.0
test2188,R@100,1.0
test2189,nDCG@10,0.38685280723454163
test2189,R@100,0.5
test219,nDCG@10,0.0
test219,R@100,1.0
test2190,nDCG@10,1.0
test2190,R@100,1.0
test2191,nDCG@10,0.21840743681816419
test2191,R@100,0.5
test2192,nDCG@10,0.6309297535714575
test2192,R@100,1.0
test2193,nDCG@10,0.0
test2193,R@100,0.0
test2194,nDCG@10,0.0
test2194,R@100,0.0
test2195,nDCG@10,0.0
test2195,R@100,0.0
test2196,nDCG@10,0.43067655807339306
test2196,R@100,1.0
test2197,nDCG@10,0.6309297535714575
test2197,R@100,1.0
test2198,nDCG@10,0.0
test2198,R@100,0.0
test2199,nDCG@10,0.38685280723454163
test2199,R@100,1.0
test22,nDCG@10,0.3562071871080222
test22,R@100,1.0
test220,nDCG@10,0.0
test220,R@100,0.0
test2200,nDCG@10,0.6309297535714575
test2200,R@100,1.0
test2201,nDCG@10,0.0
test2201,R@100,0.0
test2202,nDCG@10,1.0
test2202,R@100,1.0
test2203,nDCG@10,0.0
test2203,R@100,1.0
test2204,nDCG@10,0.31546487678572877
test2204,R@100,1.0
test2205,nDCG@10,0.38685280723454163
test2205,R@100,1.0
test2206,nDCG@10,0.0
test2206,R@100,0.0
test2207,nDCG@10,0.0
test2207,R@100,0.0
test2208,nDCG@10,0.38685280723454163
test2208,R@100,1.0
test2209,nDCG@10,1.0
test2209,R@100,1.0
test221,nDCG@10,0.5714285040141098
test221,R@100,1.0
test2210,nDCG@10,0.0
test2210,R@100,0.0
test2211,nDCG@10,0.0
test2211,R@100,1.0
test2212,nDCG@10,1.0
test2212,R@100,1.0
test2213,nDCG@10,0.0
test2213,R@100,1.0
test2214,nDCG@10,0.5714285040141098
test2214,R@100,1.0
test2215,nDCG@10,0.0
test2215,R@100,1.0
test2216,nDCG@10,0.0
test2216,R@100,1.0
test2217,nDCG@10,0.0
test2217,R@100,0.0
test2218,nDCG@10,0.5
test2218,R@100,1.0
test2219,nDCG@10,1.0
test2219,R@100,1.0
test222,nDCG@10,0.38685280723454163
test222,R@100,1.0
test2220,nDCG@10,0.0
test2220,R@100,1.0
test2221,nDCG@10,1.0
test2221,R@100,1.0
test2222,nDCG@10,0.6309297535714575
test2222,R@100,1.0
test2223,nDCG@10,0.0
test2223,R@100,1.0
test2224,nDCG@10,0.20210734650054757
test2224,R@100,0.6666666666666666
test2225,nDCG@10,0.3010299956639812
test2225,R@100,1.0
test2226,nDCG@10,0.0
test2226,R@100,1.0
test2227,nDCG@10,0.0
test2227,R@100,1.0
test2228,nDCG@10,0.0
test2228,R@100,0.0
test2229,nDCG@10,0.6309297535714575
test2229,R@100,1.0
test223,nDCG@10,0.0
test223,R@100,0.5
test2230,nDCG@10,0.0
test2230,R@100,1.0
test2231,nDCG@10,0.0
test2231,R@100,1.0
test2232,nDCG@10,0.0
test2232,R@100,0.0
test2233,nDCG@10,0.38685280723454163
test2233,R@100,1.0
test2234,nDCG@10,0.2890648263178879
test2234,R@100,1.0
test2235,nDCG@10,0.0
test2235,R@100,1.0
test2236,nDCG@10,0.3562071871080222
test2236,R@100,1.0
test2237,nDCG@10,0.0
test2237,R@100,1.0
test2238,nDCG@10,0.0
test2238,R@100,0.0
test2239,nDCG@10,1.0
test2239,R@100,1.0
test224,nDCG@10,0.0
test224,R@100,0.0
test2240,nDCG@10,0.38685280723454163
test2240,R@100,1.0
test2241,nDCG@10,0.0
test2241,R@100,0.0
test2242,nDCG@10,0.21840743681816419
test2242,R@100,1.0
test2243,nDCG@10,0.0
test2243,R@100,0.0
test2244,nDCG@10,1.0
test2244,R@100,1.0
test2245,nDCG@10,0.0
test2245,R@100,0.0
test2246,nDCG@10,0.0
test2246,R@100,1.0
test2247,nDCG@10,0.38685280723454163
test2247,R@100,1.0
test2248,nDCG@10,0.3333333333333333
test2248,R@100,1.0
test2249,nDCG@10,0.0
test2249,R@100,0.0
test225,nDCG@10,0.3010299956639812
test225,R@100,1.0
test2250,nDCG@10,0.0
test2250,R@100,0.0
test2251,nDCG@10,0.3010299956639812
test2251,R@100,1.0
test2252,nDCG@10,0.0
test2252,R@100,0.0
test2253,nDCG@10,1.0
test2253,R@100,1.0
test2254,nDCG@10,0.0
test2254,R@100,0.0
test2255,nDCG@10,0.0
test2255,R@100,1.0
test2256,nDCG@10,0.5
test2256,R@100,1.0
test2257,nDCG@10,0.5714285040141098
test2257,R@100,1.0
test2258,nDCG@10,0.31546487678572877
test2258,R@100,1.0
test2259,nDCG@10,0.0
test2259,R@100,0.0
test226,nDCG@10,0.0
test226,R@100,1.0
test2260,nDCG@10,0.0
test2260,R@100,0.5
test2261,nDCG@10,0.6240505200038379
test2261,R@100,1.0
test2262,nDCG@10,0.0
test2262,R@100,1.0
test2263,nDCG@10,0.0
test2263,R@100,1.0
test2264,nDCG@10,0.0
test2264,R@100,1.0
test2265,nDCG@10,1.0
test2265,R@100,1.0
test2266,nDCG@10,0.2640681225725909
test2266,R@100,1.0
test2267,nDCG@10,0.45749452618986164
test2267,R@100,1.0
test2268,nDCG@10,1.0
test2268,R@100,1.0
test2269,nDCG@10,0.0
test2269,R@100,1.0
test227,nDCG@10,1.0
test227,R@100,1.0
test2270,nDCG@10,0.0
test2270,R@100,0.0
test2271,nDCG@10,0.0
test2271,R@100,1.0
test2272,nDCG@10,1.0
test2272,R@100,1.0
test2273,nDCG@10,0.0
test2273,R@100,0.0
test2274,nDCG@10,0.43067655807339306
test2274,R@100,1.0
test2275,nDCG@10,0.0
test2275,R@100,1.0
test2276,nDCG@10,1.0
test2276,R@100,1.0
test2277,nDCG@10,0.6240505200038379
test2277,R@100,1.0
test2278,nDCG@10,1.0
test2278,R@100,1.0
test2279,nDCG@10,0.0
test2279,R@100,0.0
test228,nDCG@10,0.0
test228,R@100,0.0
test2280,nDCG@10,0.5
test2280,R@100,1.0
test2281,nDCG@10,0.0
test2281,R@100,0.0
test2282,nDCG@10,0.0
test2282,R@100,0.0
test2283,nDCG@10,0.0
test2283,R@100,1.0
test2284,nDCG@10,0.0
test2284,R@100,1.0
test2285,nDCG@10,0.38685280723454163
test2285,R@100,1.0
test2286,nDCG@10,0.0
test2286,R@100,1.0
test2287,nDCG@10,1.0
test2287,R@100,1.0
test2288,nDCG@10,0.0
test2288,R@100,1.0
test2289,nDCG@10,0.43067655807339306
test2289,R@100,1.0
test229,nDCG@10,0.0
test229,R@100,0.0
test2290,nDCG@10,1.0
test2290,R@100,1.0
test2291,nDCG@10,0.0
test2291,R@100,0.0
test2292,nDCG@10,0.0
test2292,R@100,1.0
test2293,nDCG@10,0.0
test2293,R@100,1.0
test2294,nDCG@10,0.0
test2294,R@100,0.0
test2295,nDCG@10,0.2890648263178879
test2295,R@100,1.0
test2296,nDCG@10,0.5
test2296,R@100,1.0
test2297,nDCG@10,0.0
test2297,R@100,0.0
test2298,nDCG@10,1.0
test2298,R@100,1.0
test2299,nDCG@10,0.0
test2299,R@100,1.0
test23,nDCG@10,0.3333333333333333
test23,R@100,1.0
test230,nDCG@10,0.0
test230,R@100,1.0
test2300,nDCG@10,0.0
test2300,R@100,1.0
test2301,nDCG@10,0.5
test2301,R@100,1.0
test2302,nDCG@10,0.2890648263178879
test2302,R@100,1.0
test2303,nDCG@10,0.0
test2303,R@100,1.0
test2304,nDCG@10,0.0
test2304,R@100,1.0
test2305,nDCG@10,1.0
test2305,R@100,1.0
test2306,nDCG@10,0.5
test2306,R@100,1.0
test2307,nDCG@10,0.6309297535714575
test2307,R@100,1.0
test2308,nDCG@10,0.21840743681816419
test2308,R@100,0.5
test2309,nDCG@10,1.0
test2309,R@100,1.0
test231,nDCG@10,0.31546487678572877
test231,R@100,1.0
test2310,nDCG@10,0.0
test2310,R@100,1.0
test2311,nDCG@10,0.18457569677956817
test2311,R@100,1.0
test2312,nDCG@10,0.0
test2312,R@100,0.5
test2313,nDCG@10,0.0
test2313,R@100,0.0
test2314,nDCG@10,0.0
test2314,R@100,1.0
test2315,nDCG@10,0.0
test2315,R@100,0.0
test2316,nDCG@10,0.0
test2316,R@100,0.0
test2317,nDCG@10,0.43067655807339306
test2317,R@100,1.0
test2318,nDCG@10,0.31546487678572877
test2318,R@100,1.0
test2319,nDCG@10,0.0
test2319,R@100,0.0
test232,nDCG@10,0.0
test232,R@100,0.0
test2320,nDCG@10,0.0
test2320,R@100,1.0
test2321,nDCG@10,0.0
test2321,R@100,0.0
test2322,nDCG@10,1.0
test2322,R@100,1.0
test2323,nDCG@10,0.38685280723454163
test2323,R@100,1.0
test2324,nDCG@10,0.38685280723454163
test2324,R@100,1.0
test2325,nDCG@10,1.0
test2325,R@100,1.0
test2326,nDCG@10,0.0
test2326,R@100,1.0
test2327,nDCG@10,1.0
test2327,R@100,1.0
test2328,nDCG@10,1.0
test2328,R@100,1.0
test2329,nDCG@10,0.38364913903790027
test2329,R@100,0.6666666666666666
test233,nDCG@10,0.0
test233,R@100,1.0
test2330,nDCG@10,0.0
test2330,R@100,1.0
test2331,nDCG@10,1.0
test2331,R@100,1.0
test2332,nDCG@10,1.0
test2332,R@100,1.0
test2333,nDCG@10,0.3010299956639812
test2333,R@100,1.0
test2334,nDCG@10,0.5
test2334,R@100,1.0
test2335,nDCG@10,0.0
test2335,R@100,1.0
test2336,nDCG@10,0.0
test2336,R@100,1.0
test2337,nDCG@10,0.0
test2337,R@100,0.0
test2338,nDCG@10,0.6309297535714575
test2338,R@100,1.0
test2339,nDCG@10,1.0
test2339,R@100,1.0
test234,nDCG@10,0.31546487678572877
test234,R@100,1.0
test2340,nDCG@10,0.0
test2340,R@100,0.0
test2341,nDCG@10,0.2406672991267921
test2341,R@100,0.5
test2342,nDCG@10,0.0
test2342,R@100,1.0
test2343,nDCG@10,0.43067655807339306
test2343,R@100,1.0
test2344,nDCG@10,0.0
test2344,R@100,1.0
test2345,nDCG@10,0.3010299956639812
test2345,R@100,1.0
test2346,nDCG@10,0.3010299956639812
test2346,R@100,1.0
test2347,nDCG@10,0.3333333333333333
test2347,R@100,1.0
test2348,nDCG@10,0.0
test2348,R@100,0.0
test2349,nDCG@10,1.0
test2349,R@100,1.0
test235,nDCG@10,0.0
test235,R@100,1.0
test2350,nDCG@10,0.0
test2350,R@100,0.0
test2351,nDCG@10,0.0
test2351,R@100,1.0
test2352,nDCG@10,0.19342640361727081
test2352,R@100,1.0
test2353,nDCG@10,0.38685280723454163
test2353,R@100,1.0
test2354,nDCG@10,0.0
test2354,R@100,1.0
test2355,nDCG@10,1.0
test2355,R@100,1.0
test2356,nDCG@10,0.0
test2356,R@100,0.0
test2357,nDCG@10,0.0
test2357,R@100,1.0
test2358,nDCG@10,0.0
test2358,R@100,0.0
test2359,nDCG@10,0.3562071871080222
test2359,R@100,1.0
test236,nDCG@10,0.0
test236,R@100,0.0
test2360,nDCG@10,0.0
test2360,R@100,0.0
test2361,nDCG@10,0.43067655807339306
test2361,R@100,1.0
test2362,nDCG@10,0.0
test2362,R@100,0.0
test2363,nDCG@10,0.0
test2363,R@100,1.0
test2364,nDCG@10,0.43067655807339306
test2364,R@100,1.0
test2365,nDCG@10,0.43067655807339306
test2365,R@100,1.0
test2366,nDCG@10,0.0
test2366,R@100,1.0
test2367,nDCG@10,0.6309297535714575
test2367,R@100,1.0
test2368,nDCG@10,0.0
test2368,R@100,1.0
test2369,nDCG@10,0.44130740935663865
test2369,R@100,1.0
test237,nDCG@10,1.0
test237,R@100,1.0
test2370,nDCG@10,0.0
test2370,R@100,1.0
test2371,nDCG@10,0.0
test2371,R@100,0.5
test2372,nDCG@10,1.0
test2372,R@100,1.0
test2373,nDCG@10,0.43067655807339306
test2373,R@100,1.0
test2374,nDCG@10,0.3010299956639812
test2374,R@100,1.0
test2375,nDCG@10,1.0
test2375,R@100,1.0
test2376,nDCG@10,0.2890648263178879
test2376,R@100,1.0
test2377,nDCG@10,0.0
test2377,R@100,0.0
test2378,nDCG@10,0.0
test2378,R@100,1.0
test2379,nDCG@10,1.0
test2379,R@100,1.0
test238,nDCG@10,0.5706417189553201
test238,R@100,1.0
test2380,nDCG@10,0.0
test2380,R@100,0.0
test2381,nDCG@10,0.0
test2381,R@100,0.5
test2382,nDCG@10,0.43067655807339306
test2382,R@100,1.0
test2383,nDCG@10,0.0
test2383,R@100,1.0
test2384,nDCG@10,0.0
test2384,R@100,0.0
test2385,nDCG@10,0.43067655807339306
test2385,R@100,1.0
test2386,nDCG@10,0.6240505200038379
test2386,R@100,1.0
test2387,nDCG@10,0.0
test2387,R@100,0.5
test2388,nDCG@10,0.5
test2388,R@100,1.0
test2389,nDCG@10,1.0
test2389,R@100,1.0
test239,nDCG@10,0.0
test239,R@100,0.5
test2390,nDCG@10,0.2890648263178879
test2390,R@100,1.0
test2391,nDCG@10,0.0
test2391,R@100,0.0
test2392,nDCG@10,0.0
test2392,R@100,1.0
test2393,nDCG@10,0.0
test2393,R@100,0.0
test2394,nDCG@10,0.0
test2394,R@100,1.0
test2395,nDCG@10,1.0
test2395,R@100,1.0
test2396,nDCG@10,0.0
test2396,R@100,0.0
test2397,nDCG@10,0.0
test2397,R@100,1.0
test2398,nDCG@10,0.0
test2398,R@100,0.0
test2399,nDCG@10,0.43067655807339306
test2399,R@100,1.0
test24,nDCG@10,0.0
test24,R@100,0.0
test240,nDCG@10,0.0
test240,R@100,0.0
test2400,nDCG@10,0.3010299956639812
test2400,R@100,1.0
test2401,nDCG@10,1.0
test2401,R@100,1.0
test2402,nDCG@10,0.0
test2402,R@100,1.0
test2403,nDCG@10,0.0
test2403,R@100,1.0
test2404,nDCG@10,0.0
test2404,R@100,0.0
test2405,nDCG@10,0.3562071871080222
test2405,R@100,1.0
test2406,nDCG@10,0.6131471927654584
test2406,R@100,0.5
test2407,nDCG@10,0.0
test2407,R@100,1.0
test2408,nDCG@10,0.0
test2408,R@100,0.0
test2409,nDCG@10,0.0
test2409,R@100,1.0
test241,nDCG@10,0.0
test241,R@100,0.5
test2410,nDCG@10,0.0
test2410,R@100,1.0
test2411,nDCG@10,0.0
test2411,R@100,0.0
test2412,nDCG@10,0.0
test2412,R@100,0.0
test2413,nDCG@10,1.0
test2413,R@100,1.0
test2414,nDCG@10,0.0
test2414,R@100,0.0
test2415,nDCG@10,0.6309297535714575
test2415,R@100,1.0
test2416,nDCG@10,0.0
test2416,R@100,0.0
test2417,nDCG@10,0.6309297535714575
test2417,R@100,1.0
test2418,nDCG@10,0.4415801103577823
test2418,R@100,1.0
test2419,nDCG@10,0.0
test2419,R@100,0.3333333333333333
test242,nDCG@10,0.21840743681816419
test242,R@100,1.0
test2420,nDCG@10,1.0
test2420,R@100,1.0
test2421,nDCG@10,0.0
test2421,R@100,1.0
test2422,nDCG@10,0.0
test2422,R@100,0.0
test2423,nDCG@10,0.0
test2423,R@100,0.0
test2424,nDCG@10,0.0
test2424,R@100,1.0
test2425,nDCG@10,0.0
test2425,R@100,0.0
test2426,nDCG@10,1.0
test2426,R@100,1.0
test2427,nDCG@10,0.0
test2427,R@100,0.0
test2428,nDCG@10,0.5
test2428,R@100,1.0
test2429,nDCG@10,0.0
test2429,R@100,1.0
test243,nDCG@10,0.0
test243,R@100,0.5
test2430,nDCG@10,0.5
test2430,R@100,1.0
test2431,nDCG@10,1.0
test2431,R@100,1.0
test2432,nDCG@10,0.3333333333333333
test2432,R@100,1.0
test2433,nDCG@10,0.5
test2433,R@100,1.0
test2434,nDCG@10,0.5
test2434,R@100,1.0
test2435,nDCG@10,0.3562071871080222
test2435,R@100,1.0
test2436,nDCG@10,1.0
test2436,R@100,1.0
test2437,nDCG@10,0.5
test2437,R@100,1.0
test2438,nDCG@10,0.0
test2438,R@100,1.0
test2439,nDCG@10,0.23719771276929622
test2439,R@100,0.5
test244,nDCG@10,0.44130740935663865
test244,R@100,1.0
test2440,nDCG@10,1.0
test2440,R@100,1.0
test2441,nDCG@10,1.0
test2441,R@100,1.0
test2442,nDCG@10,0.3010299956639812
test2442,R@100,1.0
test2443,nDCG@10,1.0
test2443,R@100,1.0
test2444,nDCG@10,0.0
test2444,R@100,0.0
test2445,nDCG@10,1.0
test2445,R@100,1.0
test2446,nDCG@10,1.0
test2446,R@100,1.0
test2447,nDCG@10,0.31546487678572877
test2447,R@100,1.0
test2448,nDCG@10,0.0
test2448,R@100,1.0
test2449,nDCG@10,0.0
test2449,R@100,1.0
test245,nDCG@10,0.2890648263178879
test245,R@100,1.0
test2450,nDCG@10,0.0
test2450,R@100,1.0
test2451,nDCG@10,0.18457569677956817
test2451,R@100,1.0
test2452,nDCG@10,0.0
test2452,R@100,0.0
test2453,nDCG@10,0.5
test2453,R@100,1.0
test2454,nDCG@10,0.0
test2454,R@100,1.0
test2455,nDCG@10,0.6131471927654584
test2455,R@100,1.0
test2456,nDCG@10,0.9197207891481876
test2456,R@100,1.0
test2457,nDCG@10,0.5
test2457,R@100,1.0
test2458,nDCG@10,0.3010299956639812
test2458,R@100,1.0
test2459,nDCG@10,0.0
test2459,R@100,0.0
test246,nDCG@10,0.0
test246,R@100,1.0
test2460,nDCG@10,0.0
test2460,R@100,0.0
test2461,nDCG@10,0.5
test2461,R@100,1.0
test2462,nDCG@10,0.3065735963827292
test2462,R@100,0.5
test2463,nDCG@10,0.5
test2463,R@100,1.0
test2464,nDCG@10,0.43067655807339306
test2464,R@100,1.0
test2465,nDCG@10,0.5
test2465,R@100,1.0
test2466,nDCG@10,0.6309297535714575
test2466,R@100,1.0
test2467,nDCG@10,0.0
test2467,R@100,0.0
test2468,nDCG@10,0.5
test2468,R@100,1.0
test2469,nDCG@10,0.0
test2469,R@100,1.0
test247,nDCG@10,0.0
test247,R@100,0.0
test2470,nDCG@10,0.9197207891481876
test2470,R@100,1.0
test2471,nDCG@10,0.3562071871080222
test2471,R@100,1.0
test2472,nDCG@10,1.0
test2472,R@100,1.0
test2473,nDCG@10,0.0
test2473,R@100,1.0
test2474,nDCG@10,0.2640681225725909
test2474,R@100,1.0
test2475,nDCG@10,0.23719771276929622
test2475,R@100,1.0
test2476,nDCG@10,0.38685280723454163
test2476,R@100,1.0
test2477,nDCG@10,0.0
test2477,R@100,1.0
test2478,nDCG@10,0.0
test2478,R@100,1.0
test2479,nDCG@10,0.0
test2479,R@100,0.0
test248,nDCG@10,0.38685280723454163
test248,R@100,1.0
test2480,nDCG@10,0.6309297535714575
test2480,R@100,1.0
test2481,nDCG@10,0.6934264036172708
test2481,R@100,1.0
test2482,nDCG@10,0.0
test2482,R@100,1.0
test2483,nDCG@10,0.18457569677956817
test2483,R@100,1.0
test2484,nDCG@10,0.0
test2484,R@100,1.0
test2485,nDCG@10,0.0
test2485,R@100,1.0
test2486,nDCG@10,0.0
test2486,R@100,0.0
test2487,nDCG@10,0.6309297535714575
test2487,R@100,1.0
test2488,nDCG@10,0.0
test2488,R@100,1.0
test2489,nDCG@10,0.0
test2489,R@100,1.0
test249,nDCG@10,0.0
test249,R@100,0.3333333333333333
test2490,nDCG@10,0.0
test2490,R@100,1.0
test2491,nDCG@10,0.1480409554829326
test2491,R@100,1.0
test2492,nDCG@10,0.0
test2492,R@100,0.0
test2493,nDCG@10,0.0
test2493,R@100,1.0
test2494,nDCG@10,0.0
test2494,R@100,1.0
test2495,nDCG@10,0.43067655807339306
test2495,R@100,1.0
test2496,nDCG@10,0.6309297535714575
test2496,R@100,1.0
test2497,nDCG@10,0.6309297535714575
test2497,R@100,1.0
test2498,nDCG@10,0.6309297535714575
test2498,R@100,1.0
test2499,nDCG@10,0.0
test2499,R@100,0.0
test25,nDCG@10,0.3065735963827292
test25,R@100,1.0
test250,nDCG@10,0.5640920940185894
test250,R@100,1.0
test2500,nDCG@10,0.0
test2500,R@100,0.0
test2501,nDCG@10,0.0
test2501,R@100,1.0
test2502,nDCG@10,0.0
test2502,R@100,0.0
test2503,nDCG@10,0.23719771276929622
test2503,R@100,1.0
test2504,nDCG@10,0.6131471927654584
test2504,R@100,1.0
test2505,nDCG@10,0.0
test2505,R@100,0.0
test2506,nDCG@10,0.5
test2506,R@100,1.0
test2507,nDCG@10,1.0
test2507,R@100,1.0
test2508,nDCG@10,1.0
test2508,R@100,1.0
test2509,nDCG@10,1.0
test2509,R@100,1.0
test251,nDCG@10,0.0
test251,R@100,0.0
test2510,nDCG@10,1.0
test2510,R@100,1.0
test2511,nDCG@10,0.6309297535714575
test2511,R@100,1.0
test2512,nDCG@10,0.3065735963827292
test2512,R@100,0.5
test2513,nDCG@10,0.0
test2513,R@100,1.0
test2514,nDCG@10,0.0
test2514,R@100,1.0
test2515,nDCG@10,0.0
test2515,R@100,1.0
test2516,nDCG@10,1.0
test2516,R@100,1.0
test2517,nDCG@10,0.5
test2517,R@100,1.0
test2518,nDCG@10,0.0
test2518,R@100,1.0
test2519,nDCG@10,0.6309297535714575
test2519,R@100,1.0
test252,nDCG@10,0.0
test252,R@100,1.0
test2520,nDCG@10,1.0
test2520,R@100,1.0
test2521,nDCG@10,0.8175295903539445
test2521,R@100,1.0
test2522,nDCG@10,1.0
test2522,R@100,1.0
test2523,nDCG@10,0.3562071871080222
test2523,R@100,1.0
test2524,nDCG@10,0.0
test2524,R@100,0.0
test2525,nDCG@10,0.0
test2525,R@100,1.0
test2526,nDCG@10,0.0
test2526,R@100,0.0
test2527,nDCG@10,0.5
test2527,R@100,1.0
test2528,nDCG@10,0.0
test2528,R@100,0.0
test2529,nDCG@10,0.9197207891481876
test2529,R@100,1.0
test253,nDCG@10,0.0
test253,R@100,0.0
test2530,nDCG@10,0.5
test2530,R@100,1.0
test2531,nDCG@10,0.0
test2531,R@100,0.5
test2532,nDCG@10,1.0
test2532,R@100,1.0
test2533,nDCG@10,0.0
test2533,R@100,1.0
test2534,nDCG@10,0.0
test2534,R@100,1.0
test2535,nDCG@10,0.3010299956639812
test2535,R@100,1.0
test2536,nDCG@10,0.6131471927654584
test2536,R@100,1.0
test2537,nDCG@10,0.0
test2537,R@100,1.0
test2538,nDCG@10,0.0
test2538,R@100,1.0
test2539,nDCG@10,0.6309297535714575
test2539,R@100,1.0
test254,nDCG@10,0.0
test254,R@100,0.0
test2540,nDCG@10,0.2890648263178879
test2540,R@100,1.0
test2541,nDCG@10,0.0
test2541,R@100,0.0
test2542,nDCG@10,0.0
test2542,R@100,0.0
test2543,nDCG@10,0.0
test2543,R@100,1.0
test2544,nDCG@10,0.16716045496620227
test2544,R@100,0.3333333333333333
test2545,nDCG@10,0.0
test2545,R@100,0.0
test2546,nDCG@10,0.0
test2546,R@100,0.0
test2547,nDCG@10,0.6309297535714575
test2547,R@100,1.0
test2548,nDCG@10,0.1480409554829326
test2548,R@100,0.6666666666666666
test2549,nDCG@10,0.0
test2549,R@100,0.0
test255,nDCG@10,0.0
test255,R@100,1.0
test2550,nDCG@10,0.3065735963827292
test2550,R@100,1.0
test2551,nDCG@10,0.0
test2551,R@100,0.5
test2552,nDCG@10,0.4415801103577823
test2552,R@100,1.0
test2553,nDCG@10,0.5
test2553,R@100,1.0
test2554,nDCG@10,1.0
test2554,R@100,1.0
test2555,nDCG@10,0.5
test2555,R@100,1.0
test2556,nDCG@10,0.0
test2556,R@100,1.0
test2557,nDCG@10,0.0
test2557,R@100,1.0
test2558,nDCG@10,0.5
test2558,R@100,1.0
test2559,nDCG@10,1.0
test2559,R@100,1.0
test256,nDCG@10,0.6309297535714575
test256,R@100,1.0
test2560,nDCG@10,0.2640681225725909
test2560,R@100,1.0
test2561,nDCG@10,0.0
test2561,R@100,0.0
test2562,nDCG@10,0.6309297535714575
test2562,R@100,1.0
test2563,nDCG@10,0.31546487678572877
test2563,R@100,1.0
test2564,nDCG@10,0.0
test2564,R@100,0.0
test2565,nDCG@10,0.5
test2565,R@100,1.0
test2566,nDCG@10,0.0
test2566,R@100,0.0
test2567,nDCG@10,0.43067655807339306
test2567,R@100,1.0
test2568,nDCG@10,0.6131471927654584
test2568,R@100,1.0
test2569,nDCG@10,0.23719771276929622
test2569,R@100,1.0
test257,nDCG@10,0.43067655807339306
test257,R@100,1.0
test2570,nDCG@10,1.0
test2570,R@100,1.0
test2571,nDCG@10,0.0
test2571,R@100,0.5
test2572,nDCG@10,0.0
test2572,R@100,1.0
test2573,nDCG@10,0.6309297535714575
test2573,R@100,1.0
test2574,nDCG@10,0.0
test2574,R@100,0.0
test2575,nDCG@10,0.0
test2575,R@100,1.0
test2576,nDCG@10,0.2640681225725909
test2576,R@100,1.0
test2577,nDCG@10,0.0
test2577,R@100,1.0
test2578,nDCG@10,0.0
test2578,R@100,1.0
test2579,nDCG@10,0.31546487678572877
test2579,R@100,1.0
test258,nDCG@10,0.0
test258,R@100,0.0
test2580,nDCG@10,0.0
test2580,R@100,1.0
test2581,nDCG@10,0.0
test2581,R@100,1.0
test2582,nDCG@10,0.5
test2582,R@100,1.0
test2583,nDCG@10,1.0
test2583,R@100,1.0
test2584,nDCG@10,0.0
test2584,R@100,0.0
test2585,nDCG@10,0.0
test2585,R@100,1.0
test2586,nDCG@10,0.6653497124326151
test2586,R@100,1.0
test2587,nDCG@10,0.38685280723454163
test2587,R@100,1.0
test2588,nDCG@10,1.0
test2588,R@100,1.0
test2589,nDCG@10,0.0
test2589,R@100,1.0
test259,nDCG@10,0.2890648263178879
test259,R@100,1.0
test2590,nDCG@10,0.6309297535714575
test2590,R@100,1.0
test2591,nDCG@10,1.0
test2591,R@100,1.0
test2592,nDCG@10,1.0
test2592,R@100,1.0
test2593,nDCG@10,0.6309297535714575
test2593,R@100,1.0
test2594,nDCG@10,0.43067655807339306
test2594,R@100,1.0
test2595,nDCG@10,0.0
test2595,R@100,0.5
test2596,nDCG@10,0.38685280723454163
test2596,R@100,1.0
test2597,nDCG@10,0.3333333333333333
test2597,R@100,1.0
test2598,nDCG@10,0.0
test2598,R@100,1.0
test2599,nDCG@10,0.0
test2599,R@100,0.0
test26,nDCG@10,0.5
test26,R@100,1.0
test260,nDCG@10,0.0
test260,R@100,1.0
test2600,nDCG@10,0.0
test2600,R@100,1.0
test2601,nDCG@10,0.0
test2601,R@100,0.0
test2602,nDCG@10,0.0
test2602,R@100,0.0
test2603,nDCG@10,0.0
test2603,R@100,0.0
test2604,nDCG@10,0.3562071871080222
test2604,R@100,1.0
test2605,nDCG@10,0.5012658353418871
test2605,R@100,1.0
test2606,nDCG@10,0.6309297535714575
test2606,R@100,1.0
test2607,nDCG@10,0.0
test2607,R@100,0.0
test2608,nDCG@10,0.0
test2608,R@100,0.5
test2609,nDCG@10,0.31546487678572877
test2609,R@100,1.0
test261,nDCG@10,0.8772153153380493
test261,R@100,1.0
test2610,nDCG@10,0.0
test2610,R@100,1.0
test2611,nDCG@10,0.0
test2611,R@100,0.5
test2612,nDCG@10,1.0
test2612,R@100,1.0
test2613,nDCG@10,1.0
test2613,R@100,1.0
test2614,nDCG@10,0.0
test2614,R@100,1.0
test2615,nDCG@10,0.38685280723454163
test2615,R@100,1.0
test2616,nDCG@10,0.38685280723454163
test2616,R@100,1.0
test2617,nDCG@10,0.6309297535714575
test2617,R@100,1.0
test2618,nDCG@10,1.0
test2618,R@100,1.0
test2619,nDCG@10,0.38685280723454163
test2619,R@100,1.0
test262,nDCG@10,1.0
test262,R@100,1.0
test2620,nDCG@10,0.0
test2620,R@100,1.0
test2621,nDCG@10,0.0
test2621,R@100,1.0
test2622,nDCG@10,1.0
test2622,R@100,1.0
test2623,nDCG@10,0.0
test2623,R@100,1.0
test2624,nDCG@10,0.0
test2624,R@100,0.0
test2625,nDCG@10,0.5109559939712153
test2625,R@100,1.0
test2626,nDCG@10,0.3010299956639812
test2626,R@100,1.0
test2627,nDCG@10,0.43067655807339306
test2627,R@100,1.0
test2628,nDCG@10,1.0
test2628,R@100,1.0
test2629,nDCG@10,1.0
test2629,R@100,1.0
test263,nDCG@10,0.5109559939712153
test263,R@100,1.0
test2630,nDCG@10,0.0
test2630,R@100,1.0
test2631,nDCG@10,0.0
test2631,R@100,1.0
test2632,nDCG@10,0.23719771276929622
test2632,R@100,0.5
test2633,nDCG@10,0.6309297535714575
test2633,R@100,1.0
test2634,nDCG@10,0.0
test2634,R@100,0.0
test2635,nDCG@10,1.0
test2635,R@100,1.0
test2636,nDCG@10,0.0
test2636,R@100,0.0
test2637,nDCG@10,0.0
test2637,R@100,0.0
test2638,nDCG@10,0.5706417189553201
test2638,R@100,1.0
test2639,nDCG@10,0.3333333333333333
test2639,R@100,1.0
test264,nDCG@10,0.20438239758848611
test264,R@100,1.0
test2640,nDCG@10,0.0
test2640,R@100,0.0
test2641,nDCG@10,0.0
test2641,R@100,0.0
test2642,nDCG@10,1.0
test2642,R@100,1.0
test2643,nDCG@10,0.8065735963827293
test2643,R@100,1.0
test2644,nDCG@10,0.38685280723454163
test2644,R@100,1.0
test2645,nDCG@10,0.0
test2645,R@100,0.0
test2646,nDCG@10,0.0
test2646,R@100,0.0
test2647,nDCG@10,0.5
test2647,R@100,1.0
test2648,nDCG@10,0.0
test2648,R@100,1.0
test2649,nDCG@10,0.31546487678572877
test2649,R@100,1.0
test265,nDCG@10,0.0
test265,R@100,0.0
test2650,nDCG@10,0.43067655807339306
test2650,R@100,1.0
test2651,nDCG@10,1.0
test2651,R@100,1.0
test2652,nDCG@10,0.0
test2652,R@100,1.0
test2653,nDCG@10,0.0
test2653,R@100,1.0
test2654,nDCG@10,0.6309297535714575
test2654,R@100,1.0
test2655,nDCG@10,0.21840743681816419
test2655,R@100,1.0
test2656,nDCG@10,0.0
test2656,R@100,0.0
test2657,nDCG@10,0.0
test2657,R@100,0.0
test2658,nDCG@10,0.0
test2658,R@100,0.0
test2659,nDCG@10,0.0
test2659,R@100,1.0
test266,nDCG@10,0.5
test266,R@100,1.0
test2660,nDCG@10,0.38685280723454163
test2660,R@100,1.0
test2661,nDCG@10,0.38685280723454163
test2661,R@100,1.0
test2662,nDCG@10,1.0
test2662,R@100,1.0
test2663,nDCG@10,0.0
test2663,R@100,0.0
test2664,nDCG@10,0.0
test2664,R@100,0.0
test2665,nDCG@10,0.43067655807339306
test2665,R@100,1.0
test2666,nDCG@10,0.0
test2666,R@100,0.0
test2667,nDCG@10,0.6309297535714575
test2667,R@100,1.0
test2668,nDCG@10,0.38685280723454163
test2668,R@100,1.0
test2669,nDCG@10,0.3010299956639812
test2669,R@100,1.0
test267,nDCG@10,0.0
test267,R@100,1.0
test2670,nDCG@10,0.0
test2670,R@100,1.0
test2671,nDCG@10,0.0
test2671,R@100,1.0
test2672,nDCG@10,0.0
test2672,R@100,0.0
test2673,nDCG@10,0.0
test2673,R@100,0.5
test2674,nDCG@10,0.43067655807339306
test2674,R@100,1.0
test2675,nDCG@10,0.43067655807339306
test2675,R@100,1.0
test2676,nDCG@10,0.3010299956639812
test2676,R@100,1.0
test2677,nDCG@10,0.3065735963827292
test2677,R@100,1.0
test2678,nDCG@10,0.0
test2678,R@100,1.0
test2679,nDCG@10,0.0
test2679,R@100,1.0
test268,nDCG@10,0.3562071871080222
test268,R@100,1.0
test2680,nDCG@10,0.6309297535714575
test2680,R@100,1.0
test2681,nDCG@10,0.0
test2681,R@100,1.0
test2682,nDCG@10,0.0
test2682,R@100,1.0
test2683,nDCG@10,0.0
test2683,R@100,1.0
test2684,nDCG@10,1.0
test2684,R@100,1.0
test2685,nDCG@10,1.0
test2685,R@100,1.0
test2686,nDCG@10,0.6309297535714575
test2686,R@100,1.0
test2687,nDCG@10,0.37590633587120725
test2687,R@100,0.6666666666666666
test2688,nDCG@10,0.0
test2688,R@100,0.0
test2689,nDCG@10,0.0
test2689,R@100,0.5
test269,nDCG@10,0.0
test269,R@100,0.0
test2690,nDCG@10,0.6509209298071326
test2690,R@100,1.0
test2691,nDCG@10,1.0
test2691,R@100,1.0
test2692,nDCG@10,0.0
test2692,R@100,0.5
test2693,nDCG@10,0.6309297535714575
test2693,R@100,1.0
test2694,nDCG@10,0.2890648263178879
test2694,R@100,1.0
test2695,nDCG@10,0.6309297535714575
test2695,R@100,1.0
test2696,nDCG@10,0.6309297535714575
test2696,R@100,1.0
test2697,nDCG@10,1.0
test2697,R@100,1.0
test2698,nDCG@10,0.0
test2698,R@100,0.0
test2699,nDCG@10,0.6309297535714575
test2699,R@100,1.0
test27,nDCG@10,0.0
test27,R@100,0.0
test270,nDCG@10,0.0
test270,R@100,1.0
test2700,nDCG@10,0.8772153153380493
test2700,R@100,1.0
test2701,nDCG@10,0.3562071871080222
test2701,R@100,1.0
test2702,nDCG@10,0.5
test2702,R@100,1.0
test2703,nDCG@10,0.0
test2703,R@100,1.0
test2704,nDCG@10,0.6131471927654584
test2704,R@100,1.0
test2705,nDCG@10,1.0
test2705,R@100,1.0
test2706,nDCG@10,0.0
test2706,R@100,0.0
test2707,nDCG@10,0.0
test2707,R@100,0.5
test2708,nDCG@10,0.31546487678572877
test2708,R@100,1.0
test2709,nDCG@10,0.0
test2709,R@100,0.0
test271,nDCG@10,0.0
test271,R@100,0.0
test2710,nDCG@10,0.3333333333333333
test2710,R@100,1.0
test2711,nDCG@10,0.6131471927654584
test2711,R@100,0.5
test2712,nDCG@10,1.0
test2712,R@100,1.0
test2713,nDCG@10,0.0
test2713,R@100,0.0
test2714,nDCG@10,1.0
test2714,R@100,1.0
test2715,nDCG@10,0.31546487678572877
test2715,R@100,1.0
test2716,nDCG@10,0.6309297535714575
test2716,R@100,1.0
test2717,nDCG@10,0.0
test2717,R@100,0.0
test2718,nDCG@10,0.6131471927654584
test2718,R@100,1.0
test2719,nDCG@10,0.0
test2719,R@100,0.0
test272,nDCG@10,0.2890648263178879
test272,R@100,1.0
test2720,nDCG@10,0.6309297535714575
test2720,R@100,1.0
test2721,nDCG@10,0.38685280723454163
test2721,R@100,1.0
test2722,nDCG@10,0.0
test2722,R@100,1.0
test2723,nDCG@10,0.0
test2723,R@100,1.0
test2724,nDCG@10,0.0
test2724,R@100,1.0
test2725,nDCG@10,1.0
test2725,R@100,1.0
test2726,nDCG@10,1.0
test2726,R@100,1.0
test2727,nDCG@10,0.0
test2727,R@100,1.0
test2728,nDCG@10,0.43067655807339306
test2728,R@100,1.0
test2729,nDCG@10,0.0
test2729,R@100,1.0
test273,nDCG@10,0.3065735963827292
test273,R@100,0.5
test2730,nDCG@10,0.19342640361727081
test2730,R@100,0.5
test2731,nDCG@10,0.0
test2731,R@100,0.0
test2732,nDCG@10,0.0
test2732,R@100,1.0
test2733,nDCG@10,1.0
test2733,R@100,1.0
test2734,nDCG@10,0.0
test2734,R@100,0.0
test2735,nDCG@10,0.0
test2735,R@100,0.0
test2736,nDCG@10,1.0
test2736,R@100,1.0
test2737,nDCG@10,0.0
test2737,R@100,1.0
test2738,nDCG@10,0.0
test2738,R@100,0.0
test2739,nDCG@10,0.6131471927654584
test2739,R@100,1.0
test274,nDCG@10,0.0
test274,R@100,0.0
test2740,nDCG@10,0.3333333333333333
test2740,R@100,1.0
test2741,nDCG@10,0.0
test2741,R@100,1.0
test2742,nDCG@10,0.6131471927654584
test2742,R@100,1.0
test2743,nDCG@10,1.0
test2743,R@100,1.0
test2744,nDCG@10,0.0
test2744,R@100,1.0
test2745,nDCG@10,0.6309297535714575
test2745,R@100,1.0
test2746,nDCG@10,0.5
test2746,R@100,1.0
test2747,nDCG@10,0.0
test2747,R@100,1.0
test2748,nDCG@10,0.0
test2748,R@100,1.0
test2749,nDCG@10,1.0
test2749,R@100,1.0
test275,nDCG@10,0.31546487678572877
test275,R@100,1.0
test2750,nDCG@10,0.7903864795495061
test2750,R@100,1.0
test2751,nDCG@10,0.3562071871080222
test2751,R@100,1.0
test2752,nDCG@10,0.0
test2752,R@100,1.0
test2753,nDCG@10,0.0
test2753,R@100,0.0
test2754,nDCG@10,0.0
test2754,R@100,0.5
test2755,nDCG@10,0.43067655807339306
test2755,R@100,1.0
test2756,nDCG@10,0.0
test2756,R@100,1.0
test2757,nDCG@10,0.9197207891481876
test2757,R@100,1.0
test2758,nDCG@10,0.6309297535714575
test2758,R@100,1.0
test2759,nDCG@10,0.3333333333333333
test2759,R@100,1.0
test276,nDCG@10,0.0
test276,R@100,0.0
test2760,nDCG@10,0.0
test2760,R@100,0.0
test2761,nDCG@10,1.0
test2761,R@100,1.0
test2762,nDCG@10,0.0
test2762,R@100,1.0
test2763,nDCG@10,0.0
test2763,R@100,0.0
test2764,nDCG@10,0.0
test2764,R@100,0.5
test2765,nDCG@10,0.0
test2765,R@100,1.0
test2766,nDCG@10,0.0
test2766,R@100,0.0
test2767,nDCG@10,0.0
test2767,R@100,1.0
test2768,nDCG@10,0.2890648263178879
test2768,R@100,1.0
test2769,nDCG@10,1.0
test2769,R@100,1.0
test277,nDCG@10,0.0
test277,R@100,1.0
test2770,nDCG@10,0.0
test2770,R@100,1.0
test2771,nDCG@10,0.6309297535714575
test2771,R@100,1.0
test2772,nDCG@10,0.43067655807339306
test2772,R@100,1.0
test2773,nDCG@10,0.6309297535714575
test2773,R@100,1.0
test2774,nDCG@10,1.0
test2774,R@100,1.0
test2775,nDCG@10,0.0
test2775,R@100,1.0
test2776,nDCG@10,0.0
test2776,R@100,1.0
test2777,nDCG@10,0.0
test2777,R@100,0.6666666666666666
test2778,nDCG@10,0.3333333333333333
test2778,R@100,1.0
test2779,nDCG@10,0.5
test2779,R@100,1.0
test278,nDCG@10,0.0
test278,R@100,0.0
test2780,nDCG@10,0.31546487678572877
test2780,R@100,1.0
test2781,nDCG@10,1.0
test2781,R@100,1.0
test2782,nDCG@10,1.0
test2782,R@100,1.0
test2783,nDCG@10,0.0
test2783,R@100,1.0
test2784,nDCG@10,1.0
test2784,R@100,1.0
test2785,nDCG@10,0.0
test2785,R@100,1.0
test2786,nDCG@10,0.6309297535714575
test2786,R@100,1.0
test2787,nDCG@10,0.0
test2787,R@100,1.0
test2788,nDCG@10,0.3562071871080222
test2788,R@100,1.0
test2789,nDCG@10,0.0
test2789,R@100,0.0
test279,nDCG@10,0.6309297535714575
test279,R@100,1.0
test2790,nDCG@10,0.6309297535714575
test2790,R@100,1.0
test2791,nDCG@10,0.0
test2791,R@100,0.0
test2792,nDCG@10,0.38685280723454163
test2792,R@100,1.0
test2793,nDCG@10,0.0
test2793,R@100,0.0
test2794,nDCG@10,0.6131471927654584
test2794,R@100,0.5
test2795,nDCG@10,0.0
test2795,R@100,1.0
test2796,nDCG@10,0.0
test2796,R@100,1.0
test2797,nDCG@10,0.2890648263178879
test2797,R@100,1.0
test2798,nDCG@10,0.0
test2798,R@100,1.0
test2799,nDCG@10,0.0
test2799,R@100,0.0
test28,nDCG@10,0.21840743681816419
test28,R@100,0.5
test280,nDCG@10,0.0
test280,R@100,0.0
test2800,nDCG@10,1.0
test2800,R@100,1.0
test2801,nDCG@10,0.7653606369886217
test2801,R@100,1.0
test2802,nDCG@10,0.0
test2802,R@100,0.0
test2803,nDCG@10,0.0
test2803,R@100,1.0
test2804,nDCG@10,1.0
test2804,R@100,1.0
test2805,nDCG@10,0.8065735963827293
test2805,R@100,1.0
test2806,nDCG@10,1.0
test2806,R@100,1.0
test2807,nDCG@10,0.5
test2807,R@100,1.0
test2808,nDCG@10,0.0
test2808,R@100,0.0
test2809,nDCG@10,0.6309297535714575
test2809,R@100,1.0
test281,nDCG@10,0.20438239758848611
test281,R@100,1.0
test2810,nDCG@10,0.0
test2810,R@100,0.0
test2811,nDCG@10,0.0
test2811,R@100,1.0
test2812,nDCG@10,0.5714285040141098
test2812,R@100,1.0
test2813,nDCG@10,0.6309297535714575
test2813,R@100,1.0
test2814,nDCG@10,0.0
test2814,R@100,1.0
test2815,nDCG@10,0.0
test2815,R@100,0.0
test2816,nDCG@10,0.6309297535714575
test2816,R@100,1.0
test2817,nDCG@10,0.0
test2817,R@100,0.0
test2818,nDCG@10,0.0
test2818,R@100,0.0
test2819,nDCG@10,0.0
test2819,R@100,1.0
test282,nDCG@10,0.0
test282,R@100,1.0
test2820,nDCG@10,0.3010299956639812
test2820,R@100,1.0
test2821,nDCG@10,0.3562071871080222
test2821,R@100,1.0
test2822,nDCG@10,0.0
test2822,R@100,0.5
test2823,nDCG@10,0.43067655807339306
test2823,R@100,1.0
test2824,nDCG@10,0.0
test2824,R@100,0.0
test2825,nDCG@10,0.6309297535714575
test2825,R@100,1.0
test2826,nDCG@10,0.0
test2826,R@100,0.5
test2827,nDCG@10,0.0
test2827,R@100,0.0
test2828,nDCG@10,0.3562071871080222
test2828,R@100,1.0
test2829,nDCG@10,0.0
test2829,R@100,1.0
test283,nDCG@10,0.8772153153380493
test283,R@100,1.0
test2830,nDCG@10,0.3562071871080222
test2830,R@100,1.0
test2831,nDCG@10,0.6131471927654584
test2831,R@100,1.0
test2832,nDCG@10,0.2890648263178879
test2832,R@100,1.0
test2833,nDCG@10,0.0
test2833,R@100,0.0
test2834,nDCG@10,0.0
test2834,R@100,0.0
test2835,nDCG@10,0.38685280723454163
test2835,R@100,1.0
test2836,nDCG@10,0.43067655807339306
test2836,R@100,1.0
test2837,nDCG@10,0.0
test2837,R@100,1.0
test2838,nDCG@10,0.5
test2838,R@100,1.0
test2839,nDCG@10,0.0
test2839,R@100,0.0
test284,nDCG@10,0.0
test284,R@100,0.0
test2840,nDCG@10,0.0
test2840,R@100,1.0
test2841,nDCG@10,0.0
test2841,R@100,1.0
test2842,nDCG@10,0.21840743681816419
test2842,R@100,1.0
test2843,nDCG@10,0.0
test2843,R@100,0.3333333333333333
test2844,nDCG@10,0.0
test2844,R@100,0.0
test2845,nDCG@10,0.3562071871080222
test2845,R@100,1.0
test2846,nDCG@10,0.0
test2846,R@100,0.0
test2847,nDCG@10,1.0
test2847,R@100,1.0
test2848,nDCG@10,0.0
test2848,R@100,1.0
test2849,nDCG@10,0.31546487678572877
test2849,R@100,1.0
test285,nDCG@10,0.0
test285,R@100,0.5
test2850,nDCG@10,0.6309297535714575
test2850,R@100,1.0
test2851,nDCG@10,1.0
test2851,R@100,1.0
test2852,nDCG@10,0.5
test2852,R@100,1.0
test2853,nDCG@10,0.6309297535714575
test2853,R@100,1.0
test2854,nDCG@10,0.0
test2854,R@100,1.0
test2855,nDCG@10,0.43067655807339306
test2855,R@100,1.0
test2856,nDCG@10,0.0
test2856,R@100,0.0
test2857,nDCG@10,0.3065735963827292
test2857,R@100,1.0
test2858,nDCG@10,0.0
test2858,R@100,1.0
test2859,nDCG@10,1.0
test2859,R@100,1.0
test286,nDCG@10,0.0
test286,R@100,1.0
test2860,nDCG@10,1.0
test2860,R@100,1.0
test2861,nDCG@10,0.0
test2861,R@100,1.0
test2862,nDCG@10,1.0
test2862,R@100,1.0
test2863,nDCG@10,0.6131471927654584
test2863,R@100,1.0
test2864,nDCG@10,0.5
test2864,R@100,1.0
test2865,nDCG@10,0.0
test2865,R@100,0.0
test2866,nDCG@10,0.3333333333333333
test2866,R@100,1.0
test2867,nDCG@10,0.0
test2867,R@100,0.0
test2868,nDCG@10,0.0
test2868,R@100,0.0
test2869,nDCG@10,0.6309297535714575
test2869,R@100,1.0
test287,nDCG@10,0.6309297535714575
test287,R@100,1.0
test2870,nDCG@10,0.0
test2870,R@100,1.0
test2871,nDCG@10,0.46845052016107697
test2871,R@100,1.0
test2872,nDCG@10,1.0
test2872,R@100,1.0
test2873,nDCG@10,1.0
test2873,R@100,1.0
test2874,nDCG@10,0.0
test2874,R@100,1.0
test2875,nDCG@10,0.0
test2875,R@100,1.0
test2876,nDCG@10,0.0
test2876,R@100,0.0
test2877,nDCG@10,1.0
test2877,R@100,1.0
test2878,nDCG@10,0.0
test2878,R@100,1.0
test2879,nDCG@10,0.6131471927654584
test2879,R@100,0.5
test288,nDCG@10,0.0
test288,R@100,1.0
test2880,nDCG@10,0.0
test2880,R@100,0.0
test2881,nDCG@10,0.43067655807339306
test2881,R@100,1.0
test2882,nDCG@10,0.0
test2882,R@100,0.0
test2883,nDCG@10,0.0
test2883,R@100,0.0
test2884,nDCG@10,0.0
test2884,R@100,0.0
test2885,nDCG@10,0.0
test2885,R@100,1.0
test2886,nDCG@10,1.0
test2886,R@100,1.0
test2887,nDCG@10,0.2890648263178879
test2887,R@100,1.0
test2888,nDCG@10,0.0
test2888,R@100,1.0
test2889,nDCG@10,0.0
test2889,R@100,0.0
test289,nDCG@10,0.0
test289,R@100,1.0
test2890,nDCG@10,0.6309297535714575
test2890,R@100,1.0
test2891,nDCG@10,0.0
test2891,R@100,0.0
test2892,nDCG@10,0.3562071871080222
test2892,R@100,1.0
test2893,nDCG@10,0.5640920940185894
test2893,R@100,1.0
test2894,nDCG@10,1.0
test2894,R@100,1.0
test2895,nDCG@10,1.0
test2895,R@100,1.0
test2896,nDCG@10,0.0
test2896,R@100,0.0
test2897,nDCG@10,0.0
test2897,R@100,0.0
test2898,nDCG@10,0.0
test2898,R@100,0.0
test2899,nDCG@10,1.0
test2899,R@100,1.0
test29,nDCG@10,0.6309297535714575
test29,R@100,1.0
test290,nDCG@10,1.0
test290,R@100,1.0
test2900,nDCG@10,0.0
test2900,R@100,1.0
test2901,nDCG@10,0.0
test2901,R@100,0.0
test2902,nDCG@10,0.48247555939075504
test2902,R@100,1.0
test2903,nDCG@10,0.6131471927654584
test2903,R@100,1.0
test2904,nDCG@10,0.0
test2904,R@100,1.0
test2905,nDCG@10,0.6309297535714575
test2905,R@100,1.0
test2906,nDCG@10,0.0
test2906,R@100,0.0
test2907,nDCG@10,0.3562071871080222
test2907,R@100,1.0
test2908,nDCG@10,0.0
test2908,R@100,1.0
test2909,nDCG@10,0.0
test2909,R@100,0.0
test291,nDCG@10,0.0
test291,R@100,1.0
test2910,nDCG@10,0.0
test2910,R@100,1.0
test2911,nDCG@10,0.0
test2911,R@100,0.0
test2912,nDCG@10,0.8065735963827293
test2912,R@100,1.0
test2913,nDCG@10,0.43067655807339306
test2913,R@100,1.0
test2914,nDCG@10,0.43067655807339306
test2914,R@100,1.0
test2915,nDCG@10,0.43067655807339306
test2915,R@100,1.0
test2916,nDCG@10,1.0
test2916,R@100,1.0
test2917,nDCG@10,0.6131471927654584
test2917,R@100,0.5
test2918,nDCG@10,0.0
test2918,R@100,1.0
test2919,nDCG@10,0.0
test2919,R@100,0.0
test292,nDCG@10,0.0
test292,R@100,0.0
test2920,nDCG@10,0.0
test2920,R@100,0.0
test2921,nDCG@10,0.21840743681816419
test2921,R@100,1.0
test2922,nDCG@10,0.0
test2922,R@100,1.0
test2923,nDCG@10,0.49818925746641285
test2923,R@100,0.6666666666666666
test2924,nDCG@10,0.0
test2924,R@100,1.0
test2925,nDCG@10,0.23719771276929622
test2925,R@100,0.5
test2926,nDCG@10,0.21840743681816419
test2926,R@100,1.0
test2927,nDCG@10,1.0
test2927,R@100,1.0
test2928,nDCG@10,1.0
test2928,R@100,1.0
test2929,nDCG@10,0.0
test2929,R@100,1.0
test293,nDCG@10,0.0
test293,R@100,0.0
test2930,nDCG@10,0.38685280723454163
test2930,R@100,1.0
test2931,nDCG@10,0.0
test2931,R@100,1.0
test2932,nDCG@10,0.43067655807339306
test2932,R@100,1.0
test2933,nDCG@10,0.43067655807339306
test2933,R@100,1.0
test2934,nDCG@10,1.0
test2934,R@100,1.0
test2935,nDCG@10,0.23719771276929622
test2935,R@100,1.0
test2936,nDCG@10,0.19342640361727081
test2936,R@100,0.5
test2937,nDCG@10,0.17723928678404774
test2937,R@100,1.0
test2938,nDCG@10,0.0
test2938,R@100,0.5
test2939,nDCG@10,0.0
test2939,R@100,1.0
test294,nDCG@10,0.6309297535714575
test294,R@100,1.0
test2940,nDCG@10,0.0
test2940,R@100,1.0
test2941,nDCG@10,0.0
test2941,R@100,1.0
test2942,nDCG@10,0.0
test2942,R@100,0.0
test2943,nDCG@10,1.0
test2943,R@100,1.0
test2944,nDCG@10,0.31546487678572877
test2944,R@100,1.0
test2945,nDCG@10,1.0
test2945,R@100,1.0
test2946,nDCG@10,1.0
test2946,R@100,1.0
test2947,nDCG@10,0.0
test2947,R@100,1.0
test2948,nDCG@10,0.38685280723454163
test2948,R@100,1.0
test2949,nDCG@10,0.0
test2949,R@100,1.0
test295,nDCG@10,0.0
test295,R@100,0.5
test2950,nDCG@10,0.9197207891481876
test2950,R@100,1.0
test2951,nDCG@10,0.20438239758848611
test2951,R@100,0.5
test2952,nDCG@10,0.5
test2952,R@100,1.0
test2953,nDCG@10,0.7977228895450266
test2953,R@100,1.0
test2954,nDCG@10,0.0
test2954,R@100,0.0
test2955,nDCG@10,0.0
test2955,R@100,0.3333333333333333
test2956,nDCG@10,0.3065735963827292
test2956,R@100,1.0
test2957,nDCG@10,0.0
test2957,R@100,1.0
test2958,nDCG@10,0.0
test2958,R@100,0.0
test2959,nDCG@10,0.6131471927654584
test2959,R@100,0.5
test296,nDCG@10,0.3889580943680543
test296,R@100,1.0
test2960,nDCG@10,0.0
test2960,R@100,1.0
test2961,nDCG@10,0.5
test2961,R@100,1.0
test2962,nDCG@10,0.3333333333333333
test2962,R@100,1.0
test2963,nDCG@10,0.0
test2963,R@100,1.0
test2964,nDCG@10,0.5
test2964,R@100,1.0
test2965,nDCG@10,0.0
test2965,R@100,1.0
test2966,nDCG@10,0.0
test2966,R@100,1.0
test2967,nDCG@10,0.5
test2967,R@100,1.0
test2968,nDCG@10,0.0
test2968,R@100,0.5
test2969,nDCG@10,0.0
test2969,R@100,1.0
test297,nDCG@10,0.0
test297,R@100,0.0
test2970,nDCG@10,0.3010299956639812
test2970,R@100,1.0
test2971,nDCG@10,0.0
test2971,R@100,1.0
test2972,nDCG@10,0.6309297535714575
test2972,R@100,1.0
test2973,nDCG@10,0.6131471927654584
test2973,R@100,1.0
test2974,nDCG@10,0.31546487678572877
test2974,R@100,1.0
test2975,nDCG@10,0.6131471927654584
test2975,R@100,1.0
test2976,nDCG@10,0.6309297535714575
test2976,R@100,1.0
test2977,nDCG@10,0.0
test2977,R@100,1.0
test2978,nDCG@10,0.0
test2978,R@100,1.0
test2979,nDCG@10,0.31546487678572877
test2979,R@100,1.0
test298,nDCG@10,0.0
test298,R@100,1.0
test2980,nDCG@10,0.0
test2980,R@100,1.0
test2981,nDCG@10,0.0
test2981,R@100,0.0
test2982,nDCG@10,0.43067655807339306
test2982,R@100,1.0
test2983,nDCG@10,1.0
test2983,R@100,1.0
test2984,nDCG@10,0.3065735963827292
test2984,R@100,1.0
test2985,nDCG@10,0.3010299956639812
test2985,R@100,1.0
test2986,nDCG@10,0.31546487678572877
test2986,R@100,1.0
test2987,nDCG@10,0.6309297535714575
test2987,R@100,1.0
test2988,nDCG@10,1.0
test2988,R@100,1.0
test2989,nDCG@10,0.43067655807339306
test2989,R@100,1.0
test299,nDCG@10,0.0
test299,R@100,0.0
test2990,nDCG@10,0.0
test2990,R@100,0.0
test2991,nDCG@10,0.6309297535714575
test2991,R@100,1.0
test2992,nDCG@10,0.0
test2992,R@100,1.0
test2993,nDCG@10,0.0
test2993,R@100,1.0
test2994,nDCG@10,0.18154179253735267
test2994,R@100,1.0
test2995,nDCG@10,0.6309297535714575
test2995,R@100,1.0
test2996,nDCG@10,0.43067655807339306
test2996,R@100,1.0
test2997,nDCG@10,0.6052602440527057
test2997,R@100,1.0
test2998,nDCG@10,0.0
test2998,R@100,1.0
test2999,nDCG@10,0.43067655807339306
test2999,R@100,1.0
test3,nDCG@10,0.0
test3,R@100,1.0
test30,nDCG@10,0.6131471927654584
test30,R@100,1.0
test300,nDCG@10,0.31546487678572877
test300,R@100,1.0
test3000,nDCG@10,0.0
test3000,R@100,1.0
test3001,nDCG@10,0.0
test3001,R@100,0.0
test3002,nDCG@10,0.2640681225725909
test3002,R@100,0.5
test3003,nDCG@10,1.0
test3003,R@100,1.0
test3004,nDCG@10,0.0
test3004,R@100,0.0
test3005,nDCG@10,0.5
test3005,R@100,1.0
test3006,nDCG@10,0.43067655807339306
test3006,R@100,1.0
test3007,nDCG@10,0.0
test3007,R@100,0.5
test3008,nDCG@10,0.0
test3008,R@100,0.0
test3009,nDCG@10,0.0
test3009,R@100,0.5
test301,nDCG@10,0.3562071871080222
test301,R@100,1.0
test3010,nDCG@10,0.3333333333333333
test3010,R@100,1.0
test3011,nDCG@10,0.0
test3011,R@100,0.0
test3012,nDCG@10,0.0
test3012,R@100,1.0
test3013,nDCG@10,0.5
test3013,R@100,1.0
test3014,nDCG@10,1.0
test3014,R@100,1.0
test3015,nDCG@10,0.0
test3015,R@100,0.0
test3016,nDCG@10,0.6309297535714575
test3016,R@100,1.0
test3017,nDCG@10,0.6309297535714575
test3017,R@100,1.0
test3018,nDCG@10,0.43067655807339306
test3018,R@100,1.0
test3019,nDCG@10,0.0
test3019,R@100,0.0
test302,nDCG@10,0.6131471927654584
test302,R@100,1.0
test3020,nDCG@10,0.0
test3020,R@100,0.0
test3021,nDCG@10,0.5
test3021,R@100,1.0
test3022,nDCG@10,0.43067655807339306
test3022,R@100,1.0
test3023,nDCG@10,0.0
test3023,R@100,0.0
test3024,nDCG@10,0.0
test3024,R@100,1.0
test3025,nDCG@10,0.0
test3025,R@100,1.0
test3026,nDCG@10,0.43067655807339306
test3026,R@100,1.0
test3027,nDCG@10,0.0
test3027,R@100,0.0
test3028,nDCG@10,0.0
test3028,R@100,0.0
test3029,nDCG@10,1.0
test3029,R@100,1.0
test303,nDCG@10,0.0
test303,R@100,1.0
test3030,nDCG@10,0.0
test3030,R@100,0.0
test3031,nDCG@10,0.3562071871080222
test3031,R@100,1.0
test3032,nDCG@10,0.0
test3032,R@100,0.0
test3033,nDCG@10,1.0
test3033,R@100,1.0
test3034,nDCG@10,0.5
test3034,R@100,1.0
test3035,nDCG@10,0.0
test3035,R@100,0.5
test3036,nDCG@10,1.0
test3036,R@100,1.0
test3037,nDCG@10,0.46927872602275644
test3037,R@100,1.0
test3038,nDCG@10,0.0
test3038,R@100,0.0
test3039,nDCG@10,0.6309297535714575
test3039,R@100,1.0
test304,nDCG@10,0.6309297535714575
test304,R@100,1.0
test3040,nDCG@10,0.0
test3040,R@100,0.0
test3041,nDCG@10,0.0
test3041,R@100,0.0
test3042,nDCG@10,1.0
test3042,R@100,1.0
test3043,nDCG@10,0.0
test3043,R@100,0.0
test3044,nDCG@10,0.43067655807339306
test3044,R@100,1.0
test3045,nDCG@10,0.0
test3045,R@100,1.0
test3046,nDCG@10,0.43067655807339306
test3046,R@100,1.0
test3047,nDCG@10,0.0
test3047,R@100,1.0
test3048,nDCG@10,0.0
test3048,R@100,0.0
test3049,nDCG@10,0.0
test3049,R@100,0.0
test305,nDCG@10,1.0
test305,R@100,1.0
test3050,nDCG@10,1.0
test3050,R@100,1.0
test3051,nDCG@10,0.0
test3051,R@100,0.0
test3052,nDCG@10,0.0
test3052,R@100,0.0
test3053,nDCG@10,0.0
test3053,R@100,1.0
test3054,nDCG@10,0.0
test3054,R@100,0.5
test3055,nDCG@10,0.0
test3055,R@100,0.0
test3056,nDCG@10,0.3562071871080222
test3056,R@100,1.0
test3057,nDCG@10,0.6309297535714575
test3057,R@100,1.0
test3058,nDCG@10,0.0
test3058,R@100,0.0
test3059,nDCG@10,0.0
test3059,R@100,0.0
test306,nDCG@10,0.0
test306,R@100,1.0
test3060,nDCG@10,0.0
test3060,R@100,0.0
test3061,nDCG@10,1.0
test3061,R@100,1.0
test3062,nDCG@10,0.0
test3062,R@100,1.0
test3063,nDCG@10,1.0
test3063,R@100,1.0
test3064,nDCG@10,1.0
test3064,R@100,1.0
test3065,nDCG@10,0.0
test3065,R@100,0.0
test3066,nDCG@10,1.0
test3066,R@100,1.0
test3067,nDCG@10,0.0
test3067,R@100,1.0
test3068,nDCG@10,0.0
test3068,R@100,1.0
test3069,nDCG@10,1.0
test3069,R@100,1.0
test307,nDCG@10,0.0
test307,R@100,0.0
test3070,nDCG@10,0.19342640361727081
test3070,R@100,1.0
test3071,nDCG@10,0.43067655807339306
test3071,R@100,1.0
test3072,nDCG@10,0.38685280723454163
test3072,R@100,1.0
test3073,nDCG@10,0.6309297535714575
test3073,R@100,1.0
test3074,nDCG@10,1.0
test3074,R@100,1.0
test3075,nDCG@10,0.38685280723454163
test3075,R@100,1.0
test3076,nDCG@10,0.0
test3076,R@100,0.3333333333333333
test3077,nDCG@10,0.0
test3077,R@100,0.0
test3078,nDCG@10,1.0
test3078,R@100,1.0
test3079,nDCG@10,0.0
test3079,R@100,0.0
test308,nDCG@10,0.0
test308,R@100,1.0
test3080,nDCG@10,0.0
test3080,R@100,1.0
test3081,nDCG@10,0.0
test3081,R@100,0.0
test3082,nDCG@10,0.31546487678572877
test3082,R@100,1.0
test3083,nDCG@10,0.0
test3083,R@100,0.0
test3084,nDCG@10,1.0
test3084,R@100,1.0
test3085,nDCG@10,1.0
test3085,R@100,1.0
test3086,nDCG@10,0.3010299956639812
test3086,R@100,1.0
test3087,nDCG@10,0.38685280723454163
test3087,R@100,1.0
test3088,nDCG@10,0.0
test3088,R@100,0.0
test3089,nDCG@10,1.0
test3089,R@100,1.0
test309,nDCG@10,0.0
test309,R@100,1.0
test3090,nDCG@10,0.3010299956639812
test3090,R@100,1.0
test3091,nDCG@10,0.5
test3091,R@100,1.0
test3092,nDCG@10,1.0
test3092,R@100,1.0
test3093,nDCG@10,0.0
test3093,R@100,0.0
test3094,nDCG@10,0.3562071871080222
test3094,R@100,1.0
test3095,nDCG@10,0.0
test3095,R@100,0.0
test3096,nDCG@10,1.0
test3096,R@100,1.0
test3097,nDCG@10,0.5
test3097,R@100,1.0
test3098,nDCG@10,0.0
test3098,R@100,1.0
test3099,nDCG@10,0.3333333333333333
test3099,R@100,1.0
test31,nDCG@10,0.0
test31,R@100,1.0
test310,nDCG@10,0.19342640361727081
test310,R@100,1.0
test3100,nDCG@10,0.2640681225725909
test3100,R@100,1.0
test3101,nDCG@10,0.6309297535714575
test3101,R@100,1.0
test3102,nDCG@10,0.4525081529734507
test3102,R@100,1.0
test3103,nDCG@10,0.43067655807339306
test3103,R@100,1.0
test3104,nDCG@10,0.43067655807339306
test3104,R@100,1.0
test3105,nDCG@10,0.0
test3105,R@100,1.0
test3106,nDCG@10,0.4911492931622974
test3106,R@100,1.0
test3107,nDCG@10,0.3562071871080222
test3107,R@100,1.0
test3108,nDCG@10,1.0
test3108,R@100,1.0
test3109,nDCG@10,0.6309297535714575
test3109,R@100,1.0
test311,nDCG@10,1.0
test311,R@100,1.0
test3110,nDCG@10,0.0
test3110,R@100,0.0
test3111,nDCG@10,0.0
test3111,R@100,1.0
test3112,nDCG@10,0.2890648263178879
test3112,R@100,1.0
test3113,nDCG@10,0.6309297535714575
test3113,R@100,1.0
test3114,nDCG@10,0.0
test3114,R@100,1.0
test3115,nDCG@10,0.43067655807339306
test3115,R@100,1.0
test3116,nDCG@10,0.8315546295836225
test3116,R@100,1.0
test3117,nDCG@10,0.18457569677956817
test3117,R@100,0.5
test3118,nDCG@10,0.0
test3118,R@100,0.0
test3119,nDCG@10,1.0
test3119,R@100,1.0
test312,nDCG@10,0.0
test312,R@100,0.0
test3120,nDCG@10,0.0
test3120,R@100,1.0
test3121,nDCG@10,1.0
test3121,R@100,1.0
test3122,nDCG@10,0.0
test3122,R@100,1.0
test3123,nDCG@10,0.6309297535714575
test3123,R@100,1.0
test3124,nDCG@10,0.5
test3124,R@100,1.0
test3125,nDCG@10,0.3333333333333333
test3125,R@100,1.0
test3126,nDCG@10,0.3010299956639812
test3126,R@100,1.0
test3127,nDCG@10,0.6131471927654584
test3127,R@100,1.0
test3128,nDCG@10,0.0
test3128,R@100,0.0
test3129,nDCG@10,0.0
test3129,R@100,0.5
test313,nDCG@10,0.0
test313,R@100,0.0
test3130,nDCG@10,0.6309297535714575
test3130,R@100,1.0
test3131,nDCG@10,1.0
test3131,R@100,1.0
test3132,nDCG@10,1.0
test3132,R@100,1.0
test3133,nDCG@10,0.6509209298071326
test3133,R@100,1.0
test3134,nDCG@10,0.0
test3134,R@100,1.0
test3135,nDCG@10,0.0
test3135,R@100,1.0
test3136,nDCG@10,1.0
test3136,R@100,1.0
test3137,nDCG@10,0.0
test3137,R@100,1.0
test3138,nDCG@10,0.3333333333333333
test3138,R@100,1.0
test3139,nDCG@10,0.0
test3139,R@100,0.0
test314,nDCG@10,1.0
test314,R@100,1.0
test3140,nDCG@10,0.5
test3140,R@100,1.0
test3141,nDCG@10,0.0
test3141,R@100,0.0
test3142,nDCG@10,0.0
test3142,R@100,1.0
test3143,nDCG@10,0.0
test3143,R@100,1.0
test3144,nDCG@10,0.0
test3144,R@100,1.0
test3145,nDCG@10,1.0
test3145,R@100,1.0
test3146,nDCG@10,0.0
test3146,R@100,1.0
test3147,nDCG@10,0.3562071871080222
test3147,R@100,1.0
test3148,nDCG@10,0.0
test3148,R@100,1.0
test3149,nDCG@10,1.0
test3149,R@100,1.0
test315,nDCG@10,0.0
test315,R@100,0.0
test3150,nDCG@10,1.0
test3150,R@100,1.0
test3151,nDCG@10,0.0
test3151,R@100,1.0
test3152,nDCG@10,0.20438239758848611
test3152,R@100,0.5
test3153,nDCG@10,0.0
test3153,R@100,0.0
test3154,nDCG@10,0.0
test3154,R@100,1.0
test3155,nDCG@10,0.0
test3155,R@100,1.0
test3156,nDCG@10,0.0
test3156,R@100,1.0
test3157,nDCG@10,0.7977228895450266
test3157,R@100,1.0
test3158,nDCG@10,0.0
test3158,R@100,0.0
test3159,nDCG@10,0.0
test3159,R@100,0.0
test316,nDCG@10,1.0
test316,R@100,1.0
test3160,nDCG@10,0.0
test3160,R@100,0.0
test3161,nDCG@10,0.0
test3161,R@100,0.0
test3162,nDCG@10,1.0
test3162,R@100,1.0
test3163,nDCG@10,0.0
test3163,R@100,0.5
test3164,nDCG@10,1.0
test3164,R@100,1.0
test3165,nDCG@10,1.0
test3165,R@100,1.0
test3166,nDCG@10,0.5
test3166,R@100,1.0
test3167,nDCG@10,0.0
test3167,R@100,0.0
test3168,nDCG@10,1.0
test3168,R@100,1.0
test3169,nDCG@10,1.0
test3169,R@100,1.0
test317,nDCG@10,0.6309297535714575
test317,R@100,1.0
test3170,nDCG@10,0.6131471927654584
test3170,R@100,0.5
test3171,nDCG@10,0.6934264036172708
test3171,R@100,1.0
test3172,nDCG@10,1.0
test3172,R@100,1.0
test3173,nDCG@10,0.6309297535714575
test3173,R@100,1.0
test3174,nDCG@10,0.0
test3174,R@100,1.0
test3175,nDCG@10,0.0
test3175,R@100,1.0
test3176,nDCG@10,0.3333333333333333
test3176,R@100,1.0
test3177,nDCG@10,0.0
test3177,R@100,0.0
test3178,nDCG@10,0.38685280723454163
test3178,R@100,1.0
test3179,nDCG@10,0.0
test3179,R@100,0.0
test318,nDCG@10,0.2890648263178879
test318,R@100,1.0
test3180,nDCG@10,0.6309297535714575
test3180,R@100,1.0
test3181,nDCG@10,0.0
test3181,R@100,1.0
test3182,nDCG@10,0.6131471927654584
test3182,R@100,0.5
test3183,nDCG@10,0.0
test3183,R@100,1.0
test3184,nDCG@10,0.0
test3184,R@100,1.0
test3185,nDCG@10,0.0
test3185,R@100,0.0
test3186,nDCG@10,0.2640681225725909
test3186,R@100,0.5
test3187,nDCG@10,0.0
test3187,R@100,0.0
test3188,nDCG@10,0.14126697285982898
test3188,R@100,0.3333333333333333
test3189,nDCG@10,0.0
test3189,R@100,1.0
test319,nDCG@10,0.0
test319,R@100,0.5
test3190,nDCG@10,0.38685280723454163
test3190,R@100,1.0
test3191,nDCG@10,1.0
test3191,R@100,1.0
test3192,nDCG@10,0.0
test3192,R@100,0.0
test3193,nDCG@10,0.6309297535714575
test3193,R@100,1.0
test3194,nDCG@10,0.38685280723454163
test3194,R@100,1.0
test3195,nDCG@10,0.0
test3195,R@100,0.0
test3196,nDCG@10,0.0
test3196,R@100,1.0
test3197,nDCG@10,0.9197207891481876
test3197,R@100,1.0
test3198,nDCG@10,0.0
test3198,R@100,1.0
test3199,nDCG@10,0.0
test3199,R@100,1.0
test32,nDCG@10,0.18457569677956817
test32,R@100,0.5
test320,nDCG@10,0.6240505200038379
test320,R@100,1.0
test3200,nDCG@10,0.0
test3200,R@100,0.0
test3201,nDCG@10,1.0
test3201,R@100,1.0
test3202,nDCG@10,0.31546487678572877
test3202,R@100,1.0
test3203,nDCG@10,0.3010299956639812
test3203,R@100,1.0
test3204,nDCG@10,0.0
test3204,R@100,0.0
test3205,nDCG@10,1.0
test3205,R@100,1.0
test3206,nDCG@10,0.0
test3206,R@100,1.0
test3207,nDCG@10,0.0
test3207,R@100,1.0
test3208,nDCG@10,0.3562071871080222
test3208,R@100,1.0
test3209,nDCG@10,0.6309297535714575
test3209,R@100,1.0
test321,nDCG@10,0.0
test321,R@100,1.0
test3210,nDCG@10,0.0
test3210,R@100,0.0
test3211,nDCG@10,1.0
test3211,R@100,1.0
test3212,nDCG@10,0.0
test3212,R@100,1.0
test3213,nDCG@10,1.0
test3213,R@100,1.0
test3214,nDCG@10,0.5
test3214,R@100,1.0
test3215,nDCG@10,0.31546487678572877
test3215,R@100,1.0
test3216,nDCG@10,1.0
test3216,R@100,1.0
test3217,nDCG@10,0.0
test3217,R@100,1.0
test3218,nDCG@10,0.0
test3218,R@100,1.0
test3219,nDCG@10,0.0
test3219,R@100,0.0
test322,nDCG@10,0.3562071871080222
test322,R@100,1.0
test3220,nDCG@10,0.6309297535714575
test3220,R@100,1.0
test3221,nDCG@10,0.0
test3221,R@100,1.0
test3222,nDCG@10,0.0
test3222,R@100,0.0
test3223,nDCG@10,0.0
test3223,R@100,1.0
test3224,nDCG@10,0.43067655807339306
test3224,R@100,1.0
test3225,nDCG@10,0.3562071871080222
test3225,R@100,1.0
test3226,nDCG@10,1.0
test3226,R@100,1.0
test3227,nDCG@10,1.0
test3227,R@100,1.0
test3228,nDCG@10,1.0
test3228,R@100,1.0
test3229,nDCG@10,0.23719771276929622
test3229,R@100,1.0
test323,nDCG@10,1.0
test323,R@100,1.0
test3230,nDCG@10,0.38685280723454163
test3230,R@100,1.0
test3231,nDCG@10,1.0
test3231,R@100,1.0
test3232,nDCG@10,0.0
test3232,R@100,0.5
test3233,nDCG@10,0.0
test3233,R@100,1.0
test3234,nDCG@10,0.0
test3234,R@100,0.0
test3235,nDCG@10,0.0
test3235,R@100,0.0
test3236,nDCG@10,0.3065735963827292
test3236,R@100,1.0
test3237,nDCG@10,1.0
test3237,R@100,1.0
test3238,nDCG@10,1.0
test3238,R@100,1.0
test3239,nDCG@10,0.23719771276929622
test3239,R@100,0.5
test324,nDCG@10,0.0
test324,R@100,0.6666666666666666
test3240,nDCG@10,0.0
test3240,R@100,0.0
test3241,nDCG@10,0.6309297535714575
test3241,R@100,1.0
test3242,nDCG@10,0.0
test3242,R@100,1.0
test3243,nDCG@10,0.0
test3243,R@100,1.0
test3244,nDCG@10,0.0
test3244,R@100,1.0
test3245,nDCG@10,1.0
test3245,R@100,1.0
test3246,nDCG@10,0.38685280723454163
test3246,R@100,1.0
test3247,nDCG@10,0.3333333333333333
test3247,R@100,1.0
test3248,nDCG@10,0.3333333333333333
test3248,R@100,1.0
test3249,nDCG@10,0.2890648263178879
test3249,R@100,1.0
test325,nDCG@10,0.0
test325,R@100,0.0
test3250,nDCG@10,0.5
test3250,R@100,1.0
test3251,nDCG@10,0.38685280723454163
test3251,R@100,1.0
test3252,nDCG@10,0.0
test3252,R@100,1.0
test3253,nDCG@10,0.5
test3253,R@100,1.0
test3254,nDCG@10,0.20438239758848611
test3254,R@100,1.0
test3255,nDCG@10,0.0
test3255,R@100,1.0
test3256,nDCG@10,0.3010299956639812
test3256,R@100,1.0
test3257,nDCG@10,0.0
test3257,R@100,0.5
test3258,nDCG@10,0.0
test3258,R@100,0.5
test3259,nDCG@10,1.0
test3259,R@100,1.0
test326,nDCG@10,0.43067655807339306
test326,R@100,1.0
test3260,nDCG@10,0.3562071871080222
test3260,R@100,1.0
test3261,nDCG@10,0.0
test3261,R@100,0.5
test3262,nDCG@10,1.0
test3262,R@100,1.0
test3263,nDCG@10,0.0
test3263,R@100,0.5
test3264,nDCG@10,0.0
test3264,R@100,1.0
test3265,nDCG@10,0.3333333333333333
test3265,R@100,1.0
test3266,nDCG@10,1.0
test3266,R@100,1.0
test3267,nDCG@10,0.0
test3267,R@100,0.0
test3268,nDCG@10,1.0
test3268,R@100,1.0
test3269,nDCG@10,0.6934264036172708
test3269,R@100,1.0
test327,nDCG@10,0.0
test327,R@100,1.0
test3270,nDCG@10,0.0
test3270,R@100,1.0
test3271,nDCG@10,0.0
test3271,R@100,0.0
test3272,nDCG@10,0.0
test3272,R@100,1.0
test3273,nDCG@10,1.0
test3273,R@100,1.0
test3274,nDCG@10,0.0
test3274,R@100,1.0
test3275,nDCG@10,0.0
test3275,R@100,1.0
test3276,nDCG@10,0.0
test3276,R@100,0.0
test3277,nDCG@10,0.3010299956639812
test3277,R@100,1.0
test3278,nDCG@10,0.3010299956639812
test3278,R@100,1.0
test3279,nDCG@10,0.0
test3279,R@100,1.0
test328,nDCG@10,0.0
test328,R@100,0.0
test3280,nDCG@10,0.0
test3280,R@100,0.0
test3281,nDCG@10,0.5
test3281,R@100,1.0
test3282,nDCG@10,1.0
test3282,R@100,1.0
test3283,nDCG@10,0.0
test3283,R@100,0.0
test3284,nDCG@10,0.0
test3284,R@100,1.0
test3285,nDCG@10,0.31546487678572877
test3285,R@100,1.0
test3286,nDCG@10,0.6309297535714575
test3286,R@100,1.0
test3287,nDCG@10,0.0
test3287,R@100,0.0
test3288,nDCG@10,0.6131471927654584
test3288,R@100,1.0
test3289,nDCG@10,0.0
test3289,R@100,0.0
test329,nDCG@10,0.0
test329,R@100,0.0
test3290,nDCG@10,0.31546487678572877
test3290,R@100,1.0
test3291,nDCG@10,0.0
test3291,R@100,1.0
test3292,nDCG@10,0.0
test3292,R@100,0.0
test3293,nDCG@10,0.0
test3293,R@100,0.0
test3294,nDCG@10,0.6309297535714575
test3294,R@100,1.0
test3295,nDCG@10,0.38685280723454163
test3295,R@100,0.5
test3296,nDCG@10,0.0
test3296,R@100,1.0
test3297,nDCG@10,0.0
test3297,R@100,0.0
test3298,nDCG@10,0.21840743681816419
test3298,R@100,1.0
test3299,nDCG@10,0.3010299956639812
test3299,R@100,1.0
test33,nDCG@10,0.5
test33,R@100,1.0
test330,nDCG@10,0.5437713091520254
test330,R@100,1.0
test3300,nDCG@10,1.0
test3300,R@100,1.0
test3301,nDCG@10,0.0
test3301,R@100,0.0
test3302,nDCG@10,0.0
test3302,R@100,0.0
test3303,nDCG@10,0.5
test3303,R@100,1.0
test3304,nDCG@10,0.23463936301137822
test3304,R@100,1.0
test3305,nDCG@10,0.31546487678572877
test3305,R@100,1.0
test3306,nDCG@10,0.6131471927654584
test3306,R@100,1.0
test3307,nDCG@10,0.0
test3307,R@100,1.0
test3308,nDCG@10,0.6309297535714575
test3308,R@100,1.0
test3309,nDCG@10,0.0
test3309,R@100,1.0
test331,nDCG@10,0.0
test331,R@100,1.0
test3310,nDCG@10,0.0
test3310,R@100,0.5
test3311,nDCG@10,0.0
test3311,R@100,0.0
test3312,nDCG@10,0.5
test3312,R@100,1.0
test3313,nDCG@10,0.0
test3313,R@100,1.0
test3314,nDCG@10,0.0
test3314,R@100,0.0
test3315,nDCG@10,0.3065735963827292
test3315,R@100,1.0
test3316,nDCG@10,0.38685280723454163
test3316,R@100,0.5
test3317,nDCG@10,0.0
test3317,R@100,0.0
test3318,nDCG@10,0.0
test3318,R@100,0.0
test3319,nDCG@10,0.0
test3319,R@100,0.0
test332,nDCG@10,1.0
test332,R@100,1.0
test3320,nDCG@10,0.0
test3320,R@100,1.0
test3321,nDCG@10,0.0
test3321,R@100,0.0
test3322,nDCG@10,0.31546487678572877
test3322,R@100,1.0
test3323,nDCG@10,0.0
test3323,R@100,1.0
test3324,nDCG@10,1.0
test3324,R@100,1.0
test3325,nDCG@10,0.0
test3325,R@100,1.0
test3326,nDCG@10,0.0
test3326,R@100,0.0
test3327,nDCG@10,0.0
test3327,R@100,1.0
test3328,nDCG@10,0.20438239758848611
test3328,R@100,0.5
test3329,nDCG@10,0.0
test3329,R@100,1.0
test333,nDCG@10,0.0
test333,R@100,0.0
test3330,nDCG@10,0.5
test3330,R@100,1.0
test3331,nDCG@10,0.6309297535714575
test3331,R@100,1.0
test3332,nDCG@10,1.0
test3332,R@100,1.0
test3333,nDCG@10,0.0
test3333,R@100,1.0
test3334,nDCG@10,0.0
test3334,R@100,1.0
test3335,nDCG@10,0.3010299956639812
test3335,R@100,1.0
test3336,nDCG@10,0.0
test3336,R@100,1.0
test3337,nDCG@10,0.38685280723454163
test3337,R@100,1.0
test3338,nDCG@10,0.43067655807339306
test3338,R@100,1.0
test3339,nDCG@10,0.3333333333333333
test3339,R@100,1.0
test334,nDCG@10,1.0
test334,R@100,1.0
test3340,nDCG@10,1.0
test3340,R@100,1.0
test3341,nDCG@10,0.5706417189553201
test3341,R@100,1.0
test3342,nDCG@10,0.3065735963827292
test3342,R@100,1.0
test3343,nDCG@10,0.38685280723454163
test3343,R@100,1.0
test3344,nDCG@10,0.0
test3344,R@100,1.0
test3345,nDCG@10,0.0
test3345,R@100,1.0
test3346,nDCG@10,1.0
test3346,R@100,1.0
test3347,nDCG@10,0.0
test3347,R@100,1.0
test3348,nDCG@10,0.6309297535714575
test3348,R@100,1.0
test3349,nDCG@10,0.5
test3349,R@100,1.0
test335,nDCG@10,0.0
test335,R@100,0.5
test3350,nDCG@10,0.0
test3350,R@100,1.0
test3351,nDCG@10,0.5
test3351,R@100,1.0
test3352,nDCG@10,0.21840743681816419
test3352,R@100,1.0
test3353,nDCG@10,0.45749452618986164
test3353,R@100,1.0
test3354,nDCG@10,0.20438239758848611
test3354,R@100,0.5
test3355,nDCG@10,0.0
test3355,R@100,1.0
test3356,nDCG@10,1.0
test3356,R@100,1.0
test3357,nDCG@10,0.0
test3357,R@100,0.0
test3358,nDCG@10,0.0
test3358,R@100,0.0
test3359,nDCG@10,0.3562071871080222
test3359,R@100,1.0
test336,nDCG@10,0.31546487678572877
test336,R@100,1.0
test3360,nDCG@10,0.0
test3360,R@100,0.0
test3361,nDCG@10,0.8772153153380493
test3361,R@100,1.0
test3362,nDCG@10,0.31546487678572877
test3362,R@100,1.0
test3363,nDCG@10,0.0
test3363,R@100,1.0
test3364,nDCG@10,0.0
test3364,R@100,0.0
test3365,nDCG@10,0.6309297535714575
test3365,R@100,1.0
test3366,nDCG@10,0.0
test3366,R@100,1.0
test3367,nDCG@10,1.0
test3367,R@100,1.0
test3368,nDCG@10,1.0
test3368,R@100,1.0
test3369,nDCG@10,0.0
test3369,R@100,1.0
test337,nDCG@10,0.0
test337,R@100,1.0
test3370,nDCG@10,0.3562071871080222
test3370,R@100,1.0
test3371,nDCG@10,0.0
test3371,R@100,1.0
test3372,nDCG@10,0.0
test3372,R@100,1.0
test3373,nDCG@10,0.0
test3373,R@100,1.0
test3374,nDCG@10,0.0
test3374,R@100,1.0
test3375,nDCG@10,0.0
test3375,R@100,0.0
test3376,nDCG@10,0.0
test3376,R@100,0.0
test3377,nDCG@10,0.0
test3377,R@100,0.0
test3378,nDCG@10,0.5
test3378,R@100,1.0
test3379,nDCG@10,0.0
test3379,R@100,1.0
test338,nDCG@10,0.0
test338,R@100,1.0
test3380,nDCG@10,0.0
test3380,R@100,0.0
test3381,nDCG@10,1.0
test3381,R@100,1.0
test3382,nDCG@10,0.0
test3382,R@100,1.0
test3383,nDCG@10,0.0
test3383,R@100,0.0
test3384,nDCG@10,0.0
test3384,R@100,0.0
test3385,nDCG@10,0.6131471927654584
test3385,R@100,1.0
test3386,nDCG@10,0.3010299956639812
test3386,R@100,1.0
test3387,nDCG@10,0.5
test3387,R@100,1.0
test3388,nDCG@10,0.0
test3388,R@100,0.0
test3389,nDCG@10,0.38162168437253385
test3389,R@100,1.0
test339,nDCG@10,0.0
test339,R@100,0.0
test3390,nDCG@10,0.6309297535714575
test3390,R@100,1.0
test3391,nDCG@10,0.3010299956639812
test3391,R@100,1.0
test3392,nDCG@10,0.15642624200758548
test3392,R@100,0.3333333333333333
test3393,nDCG@10,0.3010299956639812
test3393,R@100,1.0
test3394,nDCG@10,0.0
test3394,R@100,0.0
test3395,nDCG@10,0.0
test3395,R@100,0.0
test3396,nDCG@10,0.38685280723454163
test3396,R@100,1.0
test3397,nDCG@10,0.6309297535714575
test3397,R@100,1.0
test3398,nDCG@10,0.5
test3398,R@100,1.0
test3399,nDCG@10,0.0
test3399,R@100,1.0
test34,nDCG@10,1.0
test34,R@100,1.0
test340,nDCG@10,0.6309297535714575
test340,R@100,1.0
test3400,nDCG@10,0.6131471927654584
test3400,R@100,0.5
test3401,nDCG@10,0.6309297535714575
test3401,R@100,1.0
test3402,nDCG@10,0.0
test3402,R@100,1.0
test3403,nDCG@10,0.6309297535714575
test3403,R@100,1.0
test3404,nDCG@10,0.0
test3404,R@100,1.0
test3405,nDCG@10,0.3562071871080222
test3405,R@100,1.0
test3406,nDCG@10,0.5249810332008933
test3406,R@100,1.0
test3407,nDCG@10,0.0
test3407,R@100,0.0
test3408,nDCG@10,0.6309297535714575
test3408,R@100,1.0
test3409,nDCG@10,0.0
test3409,R@100,1.0
test341,nDCG@10,0.0
test341,R@100,1.0
test3410,nDCG@10,1.0
test3410,R@100,1.0
test3411,nDCG@10,0.0
test3411,R@100,0.0
test3412,nDCG@10,1.0
test3412,R@100,1.0
test3413,nDCG@10,0.6309297535714575
test3413,R@100,1.0
test3414,nDCG@10,0.0
test3414,R@100,1.0
test3415,nDCG@10,0.0
test3415,R@100,0.0
test3416,nDCG@10,0.5
test3416,R@100,1.0
test3417,nDCG@10,0.5
test3417,R@100,1.0
test3418,nDCG@10,1.0
test3418,R@100,1.0
test3419,nDCG@10,0.43067655807339306
test3419,R@100,1.0
test342,nDCG@10,0.0
test342,R@100,1.0
test3420,nDCG@10,0.21840743681816419
test3420,R@100,0.5
test3421,nDCG@10,1.0
test3421,R@100,1.0
test3422,nDCG@10,0.0
test3422,R@100,0.0
test3423,nDCG@10,0.0
test3423,R@100,0.0
test3424,nDCG@10,0.5
test3424,R@100,1.0
test3425,nDCG@10,0.8519590445170673
test3425,R@100,1.0
test3426,nDCG@10,0.8315546295836225
test3426,R@100,1.0
test3427,nDCG@10,1.0
test3427,R@100,1.0
test3428,nDCG@10,0.0
test3428,R@100,1.0
test3429,nDCG@10,0.6309297535714575
test3429,R@100,1.0
test343,nDCG@10,0.0
test343,R@100,1.0
test3430,nDCG@10,1.0
test3430,R@100,1.0
test3431,nDCG@10,0.43067655807339306
test3431,R@100,1.0
test3432,nDCG@10,0.0
test3432,R@100,0.0
test3433,nDCG@10,0.0
test3433,R@100,0.0
test3434,nDCG@10,0.6934264036172708
test3434,R@100,1.0
test3435,nDCG@10,0.21840743681816419
test3435,R@100,1.0
test3436,nDCG@10,0.0
test3436,R@100,1.0
test3437,nDCG@10,1.0
test3437,R@100,1.0
test3438,nDCG@10,0.41183384043543503
test3438,R@100,1.0
test3439,nDCG@10,1.0
test3439,R@100,1.0
test344,nDCG@10,0.0
test344,R@100,1.0
test3440,nDCG@10,0.0
test3440,R@100,0.0
test3441,nDCG@10,0.0
test3441,R@100,0.0
test3442,nDCG@10,0.14126697285982898
test3442,R@100,1.0
test3443,nDCG@10,1.0
test3443,R@100,1.0
test3444,nDCG@10,0.0
test3444,R@100,1.0
test3445,nDCG@10,0.0
test3445,R@100,0.0
test3446,nDCG@10,0.0
test3446,R@100,0.0
test3447,nDCG@10,1.0
test3447,R@100,1.0
test3448,nDCG@10,1.0
test3448,R@100,1.0
test3449,nDCG@10,0.0
test3449,R@100,0.0
test345,nDCG@10,1.0
test345,R@100,1.0
test3450,nDCG@10,0.0
test3450,R@100,0.0
test3451,nDCG@10,0.3562071871080222
test3451,R@100,1.0
test346,nDCG@10,0.0
test346,R@100,0.0
test347,nDCG@10,0.0
test347,R@100,1.0
test348,nDCG@10,0.0
test348,R@100,1.0
test349,nDCG@10,0.0
test349,R@100,1.0
test35,nDCG@10,0.31546487678572877
test35,R@100,1.0
test350,nDCG@10,0.0
test350,R@100,1.0
test351,nDCG@10,0.0
test351,R@100,0.0
test352,nDCG@10,0.0
test352,R@100,1.0
test353,nDCG@10,0.0
test353,R@100,0.0
test354,nDCG@10,0.3065735963827292
test354,R@100,0.5
test355,nDCG@10,1.0
test355,R@100,1.0
test356,nDCG@10,0.43067655807339306
test356,R@100,1.0
test357,nDCG@10,0.0
test357,R@100,0.5
test358,nDCG@10,0.0
test358,R@100,0.0
test359,nDCG@10,0.0
test359,R@100,0.0
test36,nDCG@10,0.0
test36,R@100,1.0
test360,nDCG@10,0.0
test360,R@100,1.0
test361,nDCG@10,0.6309297535714575
test361,R@100,1.0
test362,nDCG@10,1.0
test362,R@100,1.0
test363,nDCG@10,0.3065735963827292
test363,R@100,1.0
test364,nDCG@10,1.0
test364,R@100,1.0
test365,nDCG@10,0.0
test365,R@100,0.0
test366,nDCG@10,0.38685280723454163
test366,R@100,1.0
test367,nDCG@10,0.0
test367,R@100,0.0
test368,nDCG@10,0.38685280723454163
test368,R@100,1.0
test369,nDCG@10,0.0
test369,R@100,0.0
test37,nDCG@10,0.0
test37,R@100,0.0
test370,nDCG@10,0.3333333333333333
test370,R@100,1.0
test371,nDCG@10,0.0
test371,R@100,0.0
test372,nDCG@10,0.5
test372,R@100,1.0
test373,nDCG@10,0.5
test373,R@100,1.0
test374,nDCG@10,0.0
test374,R@100,0.0
test375,nDCG@10,1.0
test375,R@100,1.0
test376,nDCG@10,0.0
test376,R@100,0.0
test377,nDCG@10,0.6131471927654584
test377,R@100,1.0
test378,nDCG@10,0.6309297535714575
test378,R@100,1.0
test379,nDCG@10,0.0
test379,R@100,1.0
test38,nDCG@10,0.0
test38,R@100,0.0
test380,nDCG@10,0.0
test380,R@100,0.0
test381,nDCG@10,0.5
test381,R@100,1.0
test382,nDCG@10,0.7988614740430418
test382,R@100,1.0
test383,nDCG@10,0.0
test383,R@100,1.0
test384,nDCG@10,0.8315546295836225
test384,R@100,1.0
test385,nDCG@10,0.0
test385,R@100,0.0
test386,nDCG@10,0.3010299956639812
test386,R@100,1.0
test387,nDCG@10,0.0
test387,R@100,0.0
test388,nDCG@10,1.0
test388,R@100,1.0
test389,nDCG@10,1.0
test389,R@100,1.0
test39,nDCG@10,0.3010299956639812
test39,R@100,1.0
test390,nDCG@10,0.0
test390,R@100,1.0
test391,nDCG@10,0.0
test391,R@100,1.0
test392,nDCG@10,0.6131471927654584
test392,R@100,1.0
test393,nDCG@10,1.0
test393,R@100,1.0
test394,nDCG@10,0.0
test394,R@100,0.0
test395,nDCG@10,0.6309297535714575
test395,R@100,1.0
test396,nDCG@10,0.0
test396,R@100,0.0
test397,nDCG@10,1.0
test397,R@100,1.0
test398,nDCG@10,0.0
test398,R@100,1.0
test399,nDCG@10,0.5706417189553201
test399,R@100,1.0
test4,nDCG@10,0.6309297535714575
test4,R@100,1.0
test40,nDCG@10,0.6131471927654584
test40,R@100,1.0
test400,nDCG@10,0.20438239758848611
test400,R@100,1.0
test401,nDCG@10,0.9558295932317544
test401,R@100,1.0
test402,nDCG@10,0.0
test402,R@100,0.0
test403,nDCG@10,0.0
test403,R@100,0.0
test404,nDCG@10,0.6309297535714575
test404,R@100,1.0
test405,nDCG@10,0.0
test405,R@100,0.0
test406,nDCG@10,0.6309297535714575
test406,R@100,1.0
test407,nDCG@10,0.0
test407,R@100,0.0
test408,nDCG@10,0.6309297535714575
test408,R@100,1.0
test409,nDCG@10,0.0
test409,R@100,0.5
test41,nDCG@10,0.38685280723454163
test41,R@100,1.0
test410,nDCG@10,0.0
test410,R@100,1.0
test411,nDCG@10,0.31546487678572877
test411,R@100,1.0
test412,nDCG@10,0.0
test412,R@100,1.0
test413,nDCG@10,0.0
test413,R@100,0.0
test414,nDCG@10,0.0
test414,R@100,0.0
test415,nDCG@10,0.0
test415,R@100,0.0
test416,nDCG@10,0.0
test416,R@100,0.0
test417,nDCG@10,0.0
test417,R@100,1.0
test418,nDCG@10,0.5
test418,R@100,1.0
test419,nDCG@10,0.3562071871080222
test419,R@100,1.0
test42,nDCG@10,0.5
test42,R@100,1.0
test420,nDCG@10,0.6309297535714575
test420,R@100,1.0
test421,nDCG@10,0.6309297535714575
test421,R@100,1.0
test422,nDCG@10,0.0
test422,R@100,1.0
test423,nDCG@10,0.43067655807339306
test423,R@100,1.0
test424,nDCG@10,0.0
test424,R@100,1.0
test425,nDCG@10,0.0
test425,R@100,1.0
test426,nDCG@10,0.0
test426,R@100,0.0
test427,nDCG@10,0.0
test427,R@100,1.0
test428,nDCG@10,0.43067655807339306
test428,R@100,1.0
test429,nDCG@10,0.0
test429,R@100,1.0
test43,nDCG@10,0.43067655807339306
test43,R@100,1.0
test430,nDCG@10,0.0
test430,R@100,0.0
test431,nDCG@10,1.0
test431,R@100,1.0
test432,nDCG@10,0.3562071871080222
test432,R@100,1.0
test433,nDCG@10,0.38685280723454163
test433,R@100,1.0
test434,nDCG@10,0.0
test434,R@100,1.0
test435,nDCG@10,0.3333333333333333
test435,R@100,1.0
test436,nDCG@10,0.31546487678572877
test436,R@100,1.0
test437,nDCG@10,0.6309297535714575
test437,R@100,1.0
test438,nDCG@10,0.6131471927654584
test438,R@100,0.5
test439,nDCG@10,0.0
test439,R@100,0.0
test44,nDCG@10,0.0
test44,R@100,0.0
test440,nDCG@10,0.0
test440,R@100,0.0
test441,nDCG@10,0.0
test441,R@100,0.0
test442,nDCG@10,0.0
test442,R@100,1.0
test443,nDCG@10,0.5
test443,R@100,1.0
test444,nDCG@10,0.0
test444,R@100,1.0
test445,nDCG@10,0.2890648263178879
test445,R@100,1.0
test446,nDCG@10,1.0
test446,R@100,1.0
test447,nDCG@10,0.0
test447,R@100,1.0
test448,nDCG@10,0.7653606369886217
test448,R@100,1.0
test449,nDCG@10,0.0
test449,R@100,1.0
test45,nDCG@10,0.0
test45,R@100,1.0
test450,nDCG@10,0.5
test450,R@100,1.0
test451,nDCG@10,1.0
test451,R@100,1.0
test452,nDCG@10,0.43067655807339306
test452,R@100,1.0
test453,nDCG@10,0.6309297535714575
test453,R@100,1.0
test454,nDCG@10,0.3562071871080222
test454,R@100,1.0
test455,nDCG@10,0.5
test455,R@100,1.0
test456,nDCG@10,0.31546487678572877
test456,R@100,1.0
test457,nDCG@10,1.0
test457,R@100,1.0
test458,nDCG@10,1.0
test458,R@100,1.0
test459,nDCG@10,1.0
test459,R@100,1.0
test46,nDCG@10,0.0
test46,R@100,1.0
test460,nDCG@10,0.3562071871080222
test460,R@100,1.0
test461,nDCG@10,1.0
test461,R@100,1.0
test462,nDCG@10,0.2890648263178879
test462,R@100,1.0
test463,nDCG@10,1.0
test463,R@100,1.0
test464,nDCG@10,0.5
test464,R@100,1.0
test465,nDCG@10,0.0
test465,R@100,1.0
test466,nDCG@10,0.0
test466,R@100,1.0
test467,nDCG@10,0.6309297535714575
test467,R@100,1.0
test468,nDCG@10,0.19342640361727081
test468,R@100,1.0
test469,nDCG@10,0.17723928678404774
test469,R@100,0.5
test47,nDCG@10,0.0
test47,R@100,1.0
test470,nDCG@10,0.0
test470,R@100,1.0
test471,nDCG@10,0.8772153153380493
test471,R@100,1.0
test472,nDCG@10,0.0
test472,R@100,1.0
test473,nDCG@10,0.0
test473,R@100,1.0
test474,nDCG@10,0.0
test474,R@100,1.0
test475,nDCG@10,1.0
test475,R@100,1.0
test476,nDCG@10,0.0
test476,R@100,0.0
test477,nDCG@10,0.0
test477,R@100,0.5
test478,nDCG@10,0.0
test478,R@100,1.0
test479,nDCG@10,1.0
test479,R@100,1.0
test48,nDCG@10,0.17723928678404774
test48,R@100,1.0
test480,nDCG@10,0.0
test480,R@100,1.0
test481,nDCG@10,0.0
test481,R@100,1.0
test482,nDCG@10,0.0
test482,R@100,1.0
test483,nDCG@10,0.2890648263178879
test483,R@100,1.0
test484,nDCG@10,0.6509209298071326
test484,R@100,1.0
test485,nDCG@10,0.0
test485,R@100,1.0
test486,nDCG@10,0.0
test486,R@100,1.0
test487,nDCG@10,0.0
test487,R@100,0.0
test488,nDCG@10,0.43067655807339306
test488,R@100,1.0
test489,nDCG@10,0.43067655807339306
test489,R@100,1.0
test49,nDCG@10,0.0
test49,R@100,1.0
test490,nDCG@10,0.0
test490,R@100,0.0
test491,nDCG@10,0.0
test491,R@100,1.0
test492,nDCG@10,0.5
test492,R@100,1.0
test493,nDCG@10,0.0
test493,R@100,1.0
test494,nDCG@10,0.5
test494,R@100,1.0
test495,nDCG@10,0.0
test495,R@100,0.0
test496,nDCG@10,0.6131471927654584
test496,R@100,1.0
test497,nDCG@10,0.0
test497,R@100,1.0
test498,nDCG@10,0.38685280723454163
test498,R@100,1.0
test499,nDCG@10,0.0
test499,R@100,0.0
test5,nDCG@10,0.0
test5,R@100,1.0
test50,nDCG@10,0.0
test50,R@100,1.0
test500,nDCG@10,1.0
test500,R@100,1.0
test501,nDCG@10,0.6309297535714575
test501,R@100,1.0
test502,nDCG@10,0.4227898344066503
test502,R@100,1.0
test503,nDCG@10,0.0
test503,R@100,1.0
test504,nDCG@10,0.9197207891481876
test504,R@100,1.0
test505,nDCG@10,0.6309297535714575
test505,R@100,1.0
test506,nDCG@10,0.0
test506,R@100,1.0
test507,nDCG@10,0.0
test507,R@100,0.0
test508,nDCG@10,0.0
test508,R@100,1.0
test509,nDCG@10,0.38685280723454163
test509,R@100,1.0
test51,nDCG@10,0.6309297535714575
test51,R@100,1.0
test510,nDCG@10,0.0
test510,R@100,0.0
test511,nDCG@10,0.0
test511,R@100,1.0
test512,nDCG@10,0.3562071871080222
test512,R@100,1.0
test513,nDCG@10,0.5
test513,R@100,1.0
test514,nDCG@10,0.0
test514,R@100,1.0
test515,nDCG@10,0.0
test515,R@100,0.0
test516,nDCG@10,0.0
test516,R@100,1.0
test517,nDCG@10,1.0
test517,R@100,1.0
test518,nDCG@10,0.5
test518,R@100,1.0
test519,nDCG@10,1.0
test519,R@100,1.0
test52,nDCG@10,0.0
test52,R@100,0.0
test520,nDCG@10,0.43067655807339306
test520,R@100,1.0
test521,nDCG@10,0.0
test521,R@100,1.0
test522,nDCG@10,1.0
test522,R@100,1.0
test523,nDCG@10,1.0
test523,R@100,1.0
test524,nDCG@10,0.0
test524,R@100,0.0
test525,nDCG@10,0.0
test525,R@100,1.0
test526,nDCG@10,1.0
test526,R@100,1.0
test527,nDCG@10,1.0
test527,R@100,1.0
test528,nDCG@10,0.31546487678572877
test528,R@100,1.0
test529,nDCG@10,0.0
test529,R@100,1.0
test53,nDCG@10,0.0
test53,R@100,1.0
test530,nDCG@10,1.0
test530,R@100,1.0
test531,nDCG@10,0.0
test531,R@100,0.0
test532,nDCG@10,0.0
test532,R@100,1.0
test533,nDCG@10,0.0
test533,R@100,0.0
test534,nDCG@10,0.0
test534,R@100,1.0
test535,nDCG@10,0.0
test535,R@100,0.5
test536,nDCG@10,0.0
test536,R@100,1.0
test537,nDCG@10,0.2640681225725909
test537,R@100,1.0
test538,nDCG@10,0.3333333333333333
test538,R@100,1.0
test539,nDCG@10,0.6309297535714575
test539,R@100,1.0
test54,nDCG@10,0.0
test54,R@100,0.0
test540,nDCG@10,1.0
test540,R@100,1.0
test541,nDCG@10,0.6309297535714575
test541,R@100,1.0
test542,nDCG@10,0.45560514958746035
test542,R@100,1.0
test543,nDCG@10,0.0
test543,R@100,1.0
test544,nDCG@10,0.0
test544,R@100,0.0
test545,nDCG@10,0.0
test545,R@100,0.0
test546,nDCG@10,0.0
test546,R@100,0.6666666666666666
test547,nDCG@10,0.0
test547,R@100,0.0
test548,nDCG@10,0.6309297535714575
test548,R@100,1.0
test549,nDCG@10,1.0
test549,R@100,1.0
test55,nDCG@10,0.0
test55,R@100,0.0
test550,nDCG@10,0.0
test550,R@100,1.0
test551,nDCG@10,0.0
test551,R@100,1.0
test552,nDCG@10,0.6309297535714575
test552,R@100,1.0
test553,nDCG@10,0.0
test553,R@100,0.0
test554,nDCG@10,0.0
test554,R@100,0.0
test555,nDCG@10,0.18457569677956817
test555,R@100,1.0
test556,nDCG@10,1.0
test556,R@100,1.0
test557,nDCG@10,0.0
test557,R@100,0.0
test558,nDCG@10,0.0
test558,R@100,0.5
test559,nDCG@10,0.3333333333333333
test559,R@100,1.0
test56,nDCG@10,0.0
test56,R@100,0.5
test560,nDCG@10,0.0
test560,R@100,0.0
test561,nDCG@10,0.0
test561,R@100,0.0
test562,nDCG@10,0.0
test562,R@100,1.0
test563,nDCG@10,1.0
test563,R@100,1.0
test564,nDCG@10,1.0
test564,R@100,1.0
test565,nDCG@10,0.0
test565,R@100,1.0
test566,nDCG@10,0.3562071871080222
test566,R@100,1.0
test567,nDCG@10,0.3562071871080222
test567,R@100,1.0
test568,nDCG@10,0.6309297535714575
test568,R@100,1.0
test569,nDCG@10,0.5
test569,R@100,1.0
test57,nDCG@10,0.6309297535714575
test57,R@100,1.0
test570,nDCG@10,0.0
test570,R@100,1.0
test571,nDCG@10,0.5714285040141098
test571,R@100,1.0
test572,nDCG@10,0.5
test572,R@100,1.0
test573,nDCG@10,0.0
test573,R@100,0.0
test574,nDCG@10,0.6131471927654584
test574,R@100,1.0
test575,nDCG@10,0.0
test575,R@100,1.0
test576,nDCG@10,1.0
test576,R@100,1.0
test577,nDCG@10,0.0
test577,R@100,0.0
test578,nDCG@10,0.5
test578,R@100,1.0
test579,nDCG@10,0.0
test579,R@100,1.0
test58,nDCG@10,0.5
test58,R@100,1.0
test580,nDCG@10,0.0
test580,R@100,1.0
test581,nDCG@10,1.0
test581,R@100,1.0
test582,nDCG@10,0.38685280723454163
test582,R@100,1.0
test583,nDCG@10,0.5
test583,R@100,1.0
test584,nDCG@10,0.41443699955334395
test584,R@100,1.0
test585,nDCG@10,0.38685280723454163
test585,R@100,1.0
test586,nDCG@10,0.0
test586,R@100,1.0
test587,nDCG@10,0.0
test587,R@100,0.5
test588,nDCG@10,0.3010299956639812
test588,R@100,1.0
test589,nDCG@10,0.0
test589,R@100,1.0
test59,nDCG@10,0.0
test59,R@100,0.0
test590,nDCG@10,0.5
test590,R@100,1.0
test591,nDCG@10,1.0
test591,R@100,1.0
test592,nDCG@10,0.19342640361727081
test592,R@100,1.0
test593,nDCG@10,1.0
test593,R@100,1.0
test594,nDCG@10,0.0
test594,R@100,0.0
test595,nDCG@10,1.0
test595,R@100,1.0
test596,nDCG@10,1.0
test596,R@100,1.0
test597,nDCG@10,0.0
test597,R@100,1.0
test598,nDCG@10,0.6131471927654584
test598,R@100,1.0
test599,nDCG@10,1.0
test599,R@100,1.0
test6,nDCG@10,0.23719771276929622
test6,R@100,0.5
test60,nDCG@10,0.0
test60,R@100,1.0
test600,nDCG@10,0.6309297535714575
test600,R@100,1.0
test601,nDCG@10,0.0
test601,R@100,1.0
test602,nDCG@10,0.3562071871080222
test602,R@100,1.0
test603,nDCG@10,0.0
test603,R@100,0.0
test604,nDCG@10,0.6309297535714575
test604,R@100,1.0
test605,nDCG@10,0.3889580943680543
test605,R@100,1.0
test606,nDCG@10,0.0
test606,R@100,1.0
test607,nDCG@10,0.0
test607,R@100,1.0
test608,nDCG@10,0.3010299956639812
test608,R@100,1.0
test609,nDCG@10,0.0
test609,R@100,0.0
test61,nDCG@10,0.17723928678404774
test61,R@100,0.5
test610,nDCG@10,0.0
test610,R@100,1.0
test611,nDCG@10,0.0
test611,R@100,0.0
test612,nDCG@10,0.43067655807339306
test612,R@100,1.0
test613,nDCG@10,0.3333333333333333
test613,R@100,1.0
test614,nDCG@10,0.0
test614,R@100,1.0
test615,nDCG@10,0.6309297535714575
test615,R@100,1.0
test616,nDCG@10,0.0
test616,R@100,1.0
test617,nDCG@10,0.18457569677956817
test617,R@100,1.0
test618,nDCG@10,0.0
test618,R@100,1.0
test619,nDCG@10,0.43067655807339306
test619,R@100,1.0
test62,nDCG@10,0.6309297535714575
test62,R@100,1.0
test620,nDCG@10,0.0
test620,R@100,1.0
test621,nDCG@10,0.17723928678404774
test621,R@100,0.5
test622,nDCG@10,0.0
test622,R@100,0.0
test623,nDCG@10,0.5
test623,R@100,1.0
test624,nDCG@10,0.5
test624,R@100,1.0
test625,nDCG@10,1.0
test625,R@100,1.0
test626,nDCG@10,0.0
test626,R@100,1.0
test627,nDCG@10,0.6934264036172708
test627,R@100,1.0
test628,nDCG@10,0.3562071871080222
test628,R@100,1.0
test629,nDCG@10,1.0
test629,R@100,1.0
test63,nDCG@10,0.5
test63,R@100,1.0
test630,nDCG@10,0.0
test630,R@100,1.0
test631,nDCG@10,0.0
test631,R@100,1.0
test632,nDCG@10,0.6509209298071326
test632,R@100,1.0
test633,nDCG@10,1.0
test633,R@100,1.0
test634,nDCG@10,0.0
test634,R@100,0.0
test635,nDCG@10,0.0
test635,R@100,0.0
test636,nDCG@10,0.31546487678572877
test636,R@100,1.0
test637,nDCG@10,0.0
test637,R@100,1.0
test638,nDCG@10,0.0
test638,R@100,1.0
test639,nDCG@10,0.5
test639,R@100,1.0
test64,nDCG@10,1.0
test64,R@100,1.0
test640,nDCG@10,0.0
test640,R@100,0.0
test641,nDCG@10,0.0
test641,R@100,1.0
test642,nDCG@10,0.0
test642,R@100,0.0
test643,nDCG@10,0.38685280723454163
test643,R@100,1.0
test644,nDCG@10,0.0
test644,R@100,0.0
test645,nDCG@10,0.0
test645,R@100,1.0
test646,nDCG@10,0.0
test646,R@100,1.0
test647,nDCG@10,0.0
test647,R@100,1.0
test648,nDCG@10,0.0
test648,R@100,0.0
test649,nDCG@10,1.0
test649,R@100,1.0
test65,nDCG@10,0.0
test65,R@100,0.3333333333333333
test650,nDCG@10,0.8503449055347546
test650,R@100,1.0
test651,nDCG@10,0.0
test651,R@100,0.0
test652,nDCG@10,0.0
test652,R@100,0.5
test653,nDCG@10,0.0
test653,R@100,1.0
test654,nDCG@10,0.3010299956639812
test654,R@100,1.0
test655,nDCG@10,1.0
test655,R@100,1.0
test656,nDCG@10,1.0
test656,R@100,1.0
test657,nDCG@10,0.0
test657,R@100,0.0
test658,nDCG@10,0.3562071871080222
test658,R@100,1.0
test659,nDCG@10,0.0
test659,R@100,0.0
test66,nDCG@10,0.31546487678572877
test66,R@100,1.0
test660,nDCG@10,1.0
test660,R@100,1.0
test661,nDCG@10,1.0
test661,R@100,1.0
test662,nDCG@10,0.0
test662,R@100,0.0
test663,nDCG@10,0.0
test663,R@100,1.0
test664,nDCG@10,0.0
test664,R@100,1.0
test665,nDCG@10,0.0
test665,R@100,0.0
test666,nDCG@10,0.17723928678404774
test666,R@100,0.5
test667,nDCG@10,0.0
test667,R@100,1.0
test668,nDCG@10,0.0
test668,R@100,1.0
test669,nDCG@10,0.0
test669,R@100,0.0
test67,nDCG@10,0.0
test67,R@100,1.0
test670,nDCG@10,0.0
test670,R@100,0.0
test671,nDCG@10,0.43067655807339306
test671,R@100,1.0
test672,nDCG@10,0.0
test672,R@100,0.0
test673,nDCG@10,0.0
test673,R@100,0.0
test674,nDCG@10,0.0
test674,R@100,1.0
test675,nDCG@10,0.31546487678572877
test675,R@100,1.0
test676,nDCG@10,0.8451850618939637
test676,R@100,1.0
test677,nDCG@10,0.0
test677,R@100,1.0
test678,nDCG@10,1.0
test678,R@100,1.0
test679,nDCG@10,1.0
test679,R@100,1.0
test68,nDCG@10,0.3333333333333333
test68,R@100,1.0
test680,nDCG@10,0.43067655807339306
test680,R@100,1.0
test681,nDCG@10,0.0
test681,R@100,0.0
test682,nDCG@10,0.0
test682,R@100,0.5
test683,nDCG@10,0.5
test683,R@100,1.0
test684,nDCG@10,0.0
test684,R@100,1.0
test685,nDCG@10,0.0
test685,R@100,0.0
test686,nDCG@10,0.0
test686,R@100,1.0
test687,nDCG@10,0.31546487678572877
test687,R@100,1.0
test688,nDCG@10,0.6309297535714575
test688,R@100,1.0
test689,nDCG@10,0.0
test689,R@100,0.0
test69,nDCG@10,0.43067655807339306
test69,R@100,1.0
test690,nDCG@10,0.5
test690,R@100,1.0
test691,nDCG@10,1.0
test691,R@100,1.0
test692,nDCG@10,0.0
test692,R@100,1.0
test693,nDCG@10,0.31546487678572877
test693,R@100,1.0
test694,nDCG@10,0.0
test694,R@100,0.0
test695,nDCG@10,0.6309297535714575
test695,R@100,1.0
test696,nDCG@10,1.0
test696,R@100,1.0
test697,nDCG@10,0.0
test697,R@100,1.0
test698,nDCG@10,0.0
test698,R@100,0.0
test699,nDCG@10,1.0
test699,R@100,1.0
test7,nDCG@10,0.0
test7,R@100,1.0
test70,nDCG@10,0.0
test70,R@100,1.0
test700,nDCG@10,1.0
test700,R@100,1.0
test701,nDCG@10,0.6309297535714575
test701,R@100,1.0
test702,nDCG@10,1.0
test702,R@100,1.0
test703,nDCG@10,1.0
test703,R@100,1.0
test704,nDCG@10,0.5437713091520254
test704,R@100,1.0
test705,nDCG@10,1.0
test705,R@100,1.0
test706,nDCG@10,0.0
test706,R@100,1.0
test707,nDCG@10,0.0
test707,R@100,0.0
test708,nDCG@10,0.5
test708,R@100,1.0
test709,nDCG@10,0.3333333333333333
test709,R@100,1.0
test71,nDCG@10,0.0
test71,R@100,0.0
test710,nDCG@10,0.0
test710,R@100,1.0
test711,nDCG@10,0.0
test711,R@100,1.0
test712,nDCG@10,0.0
test712,R@100,0.0
test713,nDCG@10,0.0
test713,R@100,0.0
test714,nDCG@10,0.0
test714,R@100,1.0
test715,nDCG@10,0.5
test715,R@100,1.0
test716,nDCG@10,0.0
test716,R@100,0.0
test717,nDCG@10,0.0
test717,R@100,1.0
test718,nDCG@10,0.0
test718,R@100,0.0
test719,nDCG@10,0.0
test719,R@100,0.0
test72,nDCG@10,0.0
test72,R@100,0.0
test720,nDCG@10,0.0
test720,R@100,0.0
test721,nDCG@10,1.0
test721,R@100,1.0
test722,nDCG@10,0.0
test722,R@100,0.0
test723,nDCG@10,0.0
test723,R@100,1.0
test724,nDCG@10,0.3010299956639812
test724,R@100,1.0
test725,nDCG@10,0.6309297535714575
test725,R@100,1.0
test726,nDCG@10,0.0
test726,R@100,1.0
test727,nDCG@10,0.0
test727,R@100,1.0
test728,nDCG@10,1.0
test728,R@100,1.0
test729,nDCG@10,0.0
test729,R@100,1.0
test73,nDCG@10,0.0
test73,R@100,0.0
test730,nDCG@10,0.2890648263178879
test730,R@100,1.0
test731,nDCG@10,1.0
test731,R@100,1.0
test732,nDCG@10,0.0
test732,R@100,1.0
test733,nDCG@10,0.6309297535714575
test733,R@100,1.0
test734,nDCG@10,0.0
test734,R@100,1.0
test735,nDCG@10,0.0
test735,R@100,1.0
test736,nDCG@10,0.3010299956639812
test736,R@100,1.0
test737,nDCG@10,0.0
test737,R@100,1.0
test738,nDCG@10,0.0
test738,R@100,0.0
test739,nDCG@10,0.5
test739,R@100,1.0
test74,nDCG@10,0.0
test74,R@100,0.0
test740,nDCG@10,0.0
test740,R@100,1.0
test741,nDCG@10,0.0
test741,R@100,1.0
test742,nDCG@10,0.38685280723454163
test742,R@100,1.0
test743,nDCG@10,0.0
test743,R@100,0.0
test744,nDCG@10,0.0
test744,R@100,1.0
test745,nDCG@10,0.6309297535714575
test745,R@100,1.0
test746,nDCG@10,0.0
test746,R@100,1.0
test747,nDCG@10,1.0
test747,R@100,1.0
test748,nDCG@10,0.0
test748,R@100,0.0
test749,nDCG@10,0.6309297535714575
test749,R@100,1.0
test75,nDCG@10,0.3010299956639812
test75,R@100,1.0
test750,nDCG@10,0.0
test750,R@100,1.0
test751,nDCG@10,1.0
test751,R@100,1.0
test752,nDCG@10,0.0
test752,R@100,0.0
test753,nDCG@10,0.6131471927654584
test753,R@100,1.0
test754,nDCG@10,0.0
test754,R@100,1.0
test755,nDCG@10,0.5
test755,R@100,1.0
test756,nDCG@10,0.0
test756,R@100,0.0
test757,nDCG@10,0.0
test757,R@100,1.0
test758,nDCG@10,0.0
test758,R@100,0.0
test759,nDCG@10,0.0
test759,R@100,1.0
test76,nDCG@10,0.0
test76,R@100,1.0
test760,nDCG@10,1.0
test760,R@100,1.0
test761,nDCG@10,0.43067655807339306
test761,R@100,1.0
test762,nDCG@10,1.0
test762,R@100,1.0
test763,nDCG@10,0.0
test763,R@100,0.0
test764,nDCG@10,0.43067655807339306
test764,R@100,1.0
test765,nDCG@10,0.5
test765,R@100,1.0
test766,nDCG@10,0.0
test766,R@100,0.3333333333333333
test767,nDCG@10,0.3562071871080222
test767,R@100,1.0
test768,nDCG@10,0.2890648263178879
test768,R@100,1.0
test769,nDCG@10,1.0
test769,R@100,1.0
test77,nDCG@10,0.0
test77,R@100,1.0
test770,nDCG@10,0.43067655807339306
test770,R@100,1.0
test771,nDCG@10,0.6131471927654584
test771,R@100,1.0
test772,nDCG@10,1.0
test772,R@100,1.0
test773,nDCG@10,0.36926780146674987
test773,R@100,1.0
test774,nDCG@10,0.0
test774,R@100,0.0
test775,nDCG@10,0.0
test775,R@100,1.0
test776,nDCG@10,0.6240505200038379
test776,R@100,1.0
test777,nDCG@10,0.0
test777,R@100,1.0
test778,nDCG@10,0.31546487678572877
test778,R@100,1.0
test779,nDCG@10,0.0
test779,R@100,0.0
test78,nDCG@10,0.0
test78,R@100,1.0
test780,nDCG@10,0.0
test780,R@100,0.0
test781,nDCG@10,0.0
test781,R@100,1.0
test782,nDCG@10,0.0
test782,R@100,0.0
test783,nDCG@10,0.6934264036172708
test783,R@100,1.0
test784,nDCG@10,0.0
test784,R@100,1.0
test785,nDCG@10,0.2890648263178879
test785,R@100,1.0
test786,nDCG@10,0.0
test786,R@100,0.0
test787,nDCG@10,0.0
test787,R@100,1.0
test788,nDCG@10,0.6309297535714575
test788,R@100,1.0
test789,nDCG@10,1.0
test789,R@100,1.0
test79,nDCG@10,0.0
test79,R@100,1.0
test790,nDCG@10,0.0
test790,R@100,0.0
test791,nDCG@10,0.3562071871080222
test791,R@100,1.0
test792,nDCG@10,0.0
test792,R@100,1.0
test793,nDCG@10,0.5
test793,R@100,1.0
test794,nDCG@10,0.23719771276929622
test794,R@100,1.0
test795,nDCG@10,0.43067655807339306
test795,R@100,1.0
test796,nDCG@10,0.43067655807339306
test796,R@100,1.0
test797,nDCG@10,0.0
test797,R@100,1.0
test798,nDCG@10,0.0
test798,R@100,0.0
test799,nDCG@10,0.0
test799,R@100,1.0
test8,nDCG@10,0.0
test8,R@100,0.0
test80,nDCG@10,0.5
test80,R@100,1.0
test800,nDCG@10,0.5
test800,R@100,1.0
test801,nDCG@10,0.0
test801,R@100,1.0
test802,nDCG@10,0.0
test802,R@100,1.0
test803,nDCG@10,0.0
test803,R@100,0.0
test804,nDCG@10,0.3333333333333333
test804,R@100,1.0
test805,nDCG@10,0.0
test805,R@100,0.0
test806,nDCG@10,0.0
test806,R@100,1.0
test807,nDCG@10,0.0
test807,R@100,1.0
test808,nDCG@10,0.6309297535714575
test808,R@100,1.0
test809,nDCG@10,0.0
test809,R@100,0.0
test81,nDCG@10,0.5
test81,R@100,1.0
test810,nDCG@10,0.0
test810,R@100,1.0
test811,nDCG@10,0.0
test811,R@100,0.0
test812,nDCG@10,0.0
test812,R@100,1.0
test813,nDCG@10,0.5
test813,R@100,1.0
test814,nDCG@10,0.0
test814,R@100,0.0
test815,nDCG@10,0.0
test815,R@100,0.0
test816,nDCG@10,0.0
test816,R@100,0.6666666666666666
test817,nDCG@10,0.0
test817,R@100,0.0
test818,nDCG@10,0.6240505200038379
test818,R@100,1.0
test819,nDCG@10,0.0
test819,R@100,0.0
test82,nDCG@10,0.38685280723454163
test82,R@100,1.0
test820,nDCG@10,0.0
test820,R@100,0.0
test821,nDCG@10,0.2890648263178879
test821,R@100,1.0
test822,nDCG@10,0.0
test822,R@100,0.0
test823,nDCG@10,0.43067655807339306
test823,R@100,1.0
test824,nDCG@10,0.0
test824,R@100,1.0
test825,nDCG@10,0.0
test825,R@100,1.0
test826,nDCG@10,0.2890648263178879
test826,R@100,1.0
test827,nDCG@10,0.0
test827,R@100,0.0
test828,nDCG@10,0.0
test828,R@100,1.0
test829,nDCG@10,0.45560514958746035
test829,R@100,1.0
test83,nDCG@10,0.6309297535714575
test83,R@100,1.0
test830,nDCG@10,0.0
test830,R@100,0.0
test831,nDCG@10,0.0
test831,R@100,0.5
test832,nDCG@10,0.38685280723454163
test832,R@100,1.0
test833,nDCG@10,0.38685280723454163
test833,R@100,1.0
test834,nDCG@10,1.0
test834,R@100,1.0
test835,nDCG@10,0.0
test835,R@100,1.0
test836,nDCG@10,0.0
test836,R@100,1.0
test837,nDCG@10,0.2890648263178879
test837,R@100,1.0
test838,nDCG@10,0.0
test838,R@100,1.0
test839,nDCG@10,1.0
test839,R@100,1.0
test84,nDCG@10,0.3562071871080222
test84,R@100,1.0
test840,nDCG@10,0.38685280723454163
test840,R@100,1.0
test841,nDCG@10,0.0
test841,R@100,1.0
test842,nDCG@10,1.0
test842,R@100,1.0
test843,nDCG@10,0.0
test843,R@100,0.0
test844,nDCG@10,0.6309297535714575
test844,R@100,1.0
test845,nDCG@10,0.0
test845,R@100,1.0
test846,nDCG@10,1.0
test846,R@100,1.0
test847,nDCG@10,1.0
test847,R@100,1.0
test848,nDCG@10,0.0
test848,R@100,0.0
test849,nDCG@10,1.0
test849,R@100,1.0
test85,nDCG@10,1.0
test85,R@100,1.0
test850,nDCG@10,0.0
test850,R@100,0.0
test851,nDCG@10,0.0
test851,R@100,1.0
test852,nDCG@10,0.0
test852,R@100,1.0
test853,nDCG@10,0.5
test853,R@100,1.0
test854,nDCG@10,0.0
test854,R@100,0.0
test855,nDCG@10,0.3010299956639812
test855,R@100,1.0
test856,nDCG@10,0.0
test856,R@100,0.0
test857,nDCG@10,0.3010299956639812
test857,R@100,1.0
test858,nDCG@10,1.0
test858,R@100,1.0
test859,nDCG@10,0.0
test859,R@100,0.0
test86,nDCG@10,0.0
test86,R@100,0.0
test860,nDCG@10,0.0
test860,R@100,1.0
test861,nDCG@10,0.38685280723454163
test861,R@100,0.5
test862,nDCG@10,1.0
test862,R@100,1.0
test863,nDCG@10,0.16716045496620227
test863,R@100,0.3333333333333333
test864,nDCG@10,0.0
test864,R@100,1.0
test865,nDCG@10,0.0
test865,R@100,1.0
test866,nDCG@10,0.5
test866,R@100,1.0
test867,nDCG@10,0.0
test867,R@100,0.0
test868,nDCG@10,0.0
test868,R@100,1.0
test869,nDCG@10,0.38685280723454163
test869,R@100,1.0
test87,nDCG@10,0.0
test87,R@100,0.0
test870,nDCG@10,1.0
test870,R@100,1.0
test871,nDCG@10,0.0
test871,R@100,1.0
test872,nDCG@10,0.0
test872,R@100,1.0
test873,nDCG@10,0.5
test873,R@100,1.0
test874,nDCG@10,0.0
test874,R@100,1.0
test875,nDCG@10,0.0
test875,R@100,0.0
test876,nDCG@10,0.5
test876,R@100,1.0
test877,nDCG@10,0.0
test877,R@100,0.0
test878,nDCG@10,0.0
test878,R@100,1.0
test879,nDCG@10,0.0
test879,R@100,0.0
test88,nDCG@10,0.0
test88,R@100,0.0
test880,nDCG@10,0.5
test880,R@100,1.0
test881,nDCG@10,0.0
test881,R@100,1.0
test882,nDCG@10,0.0
test882,R@100,1.0
test883,nDCG@10,0.0
test883,R@100,1.0
test884,nDCG@10,0.0
test884,R@100,1.0
test885,nDCG@10,0.0
test885,R@100,0.0
test886,nDCG@10,0.5
test886,R@100,1.0
test887,nDCG@10,0.6309297535714575
test887,R@100,1.0
test888,nDCG@10,0.0
test888,R@100,1.0
test889,nDCG@10,0.6309297535714575
test889,R@100,1.0
test89,nDCG@10,0.0
test89,R@100,0.5
test890,nDCG@10,0.0
test890,R@100,0.0
test891,nDCG@10,1.0
test891,R@100,1.0
test892,nDCG@10,0.43067655807339306
test892,R@100,1.0
test893,nDCG@10,1.0
test893,R@100,1.0
test894,nDCG@10,0.0
test894,R@100,0.0
test895,nDCG@10,0.8772153153380493
test895,R@100,1.0
test896,nDCG@10,0.38685280723454163
test896,R@100,1.0
test897,nDCG@10,0.0
test897,R@100,0.0
test898,nDCG@10,0.0
test898,R@100,0.0
test899,nDCG@10,0.6309297535714575
test899,R@100,1.0
test9,nDCG@10,1.0
test9,R@100,1.0
test90,nDCG@10,0.0
test90,R@100,0.0
test900,nDCG@10,0.5
test900,R@100,1.0
test901,nDCG@10,0.6309297535714575
test901,R@100,1.0
test902,nDCG@10,0.0
test902,R@100,1.0
test903,nDCG@10,0.5
test903,R@100,1.0
test904,nDCG@10,0.0
test904,R@100,0.0
test905,nDCG@10,1.0
test905,R@100,1.0
test906,nDCG@10,0.0
test906,R@100,1.0
test907,nDCG@10,0.0
test907,R@100,1.0
test908,nDCG@10,0.0
test908,R@100,0.0
test909,nDCG@10,0.0
test909,R@100,1.0
test91,nDCG@10,0.0
test91,R@100,0.0
test910,nDCG@10,0.43067655807339306
test910,R@100,1.0
test911,nDCG@10,0.5
test911,R@100,1.0
test912,nDCG@10,1.0
test912,R@100,1.0
test913,nDCG@10,1.0
test913,R@100,1.0
test914,nDCG@10,0.6309297535714575
test914,R@100,1.0
test915,nDCG@10,1.0
test915,R@100,1.0
test916,nDCG@10,0.0
test916,R@100,0.0
test917,nDCG@10,0.0
test917,R@100,1.0
test918,nDCG@10,0.38685280723454163
test918,R@100,1.0
test919,nDCG@10,0.0
test919,R@100,1.0
test92,nDCG@10,0.0
test92,R@100,1.0
test920,nDCG@10,0.0
test920,R@100,1.0
test921,nDCG@10,0.6052602440527057
test921,R@100,1.0
test922,nDCG@10,0.0
test922,R@100,0.0
test923,nDCG@10,1.0
test923,R@100,1.0
test924,nDCG@10,0.6309297535714575
test924,R@100,1.0
test925,nDCG@10,0.0
test925,R@100,1.0
test926,nDCG@10,0.0
test926,R@100,0.0
test927,nDCG@10,0.0
test927,R@100,0.0
test928,nDCG@10,0.0
test928,R@100,0.0
test929,nDCG@10,0.43067655807339306
test929,R@100,1.0
test93,nDCG@10,0.0
test93,R@100,1.0
test930,nDCG@10,1.0
test930,R@100,1.0
test931,nDCG@10,0.0
test931,R@100,0.0
test932,nDCG@10,0.0
test932,R@100,1.0
test933,nDCG@10,0.0
test933,R@100,0.0
test934,nDCG@10,0.0
test934,R@100,0.0
test935,nDCG@10,0.0
test935,R@100,1.0
test936,nDCG@10,0.38685280723454163
test936,R@100,1.0
test937,nDCG@10,0.0
test937,R@100,1.0
test938,nDCG@10,0.0
test938,R@100,0.0
test939,nDCG@10,0.0
test939,R@100,1.0
test94,nDCG@10,0.0
test94,R@100,0.0
test940,nDCG@10,0.3333333333333333
test940,R@100,1.0
test941,nDCG@10,0.0
test941,R@100,0.0
test942,nDCG@10,0.0
test942,R@100,0.0
test943,nDCG@10,0.3333333333333333
test943,R@100,1.0
test944,nDCG@10,0.3010299956639812
test944,R@100,1.0
test945,nDCG@10,0.0
test945,R@100,0.0
test946,nDCG@10,0.3333333333333333
test946,R@100,1.0
test947,nDCG@10,0.0
test947,R@100,0.0
test948,nDCG@10,0.0
test948,R@100,1.0
test949,nDCG@10,0.0
test949,R@100,1.0
test95,nDCG@10,0.0
test95,R@100,1.0
test950,nDCG@10,0.19342640361727081
test950,R@100,1.0
test951,nDCG@10,0.0
test951,R@100,0.0
test952,nDCG@10,0.0
test952,R@100,1.0
test953,nDCG@10,0.0
test953,R@100,1.0
test954,nDCG@10,0.0
test954,R@100,1.0
test955,nDCG@10,0.3562071871080222
test955,R@100,1.0
test956,nDCG@10,0.0
test956,R@100,0.0
test957,nDCG@10,0.5
test957,R@100,1.0
test958,nDCG@10,0.2890648263178879
test958,R@100,1.0
test959,nDCG@10,1.0
test959,R@100,1.0
test96,nDCG@10,0.0
test96,R@100,0.0
test960,nDCG@10,1.0
test960,R@100,1.0
test961,nDCG@10,0.3333333333333333
test961,R@100,1.0
test962,nDCG@10,0.6309297535714575
test962,R@100,1.0
test963,nDCG@10,0.0
test963,R@100,0.0
test964,nDCG@10,1.0
test964,R@100,1.0
test965,nDCG@10,0.0
test965,R@100,1.0
test966,nDCG@10,0.5
test966,R@100,1.0
test967,nDCG@10,0.0
test967,R@100,0.0
test968,nDCG@10,1.0
test968,R@100,1.0
test969,nDCG@10,0.3562071871080222
test969,R@100,1.0
test97,nDCG@10,0.0
test97,R@100,1.0
test970,nDCG@10,0.5912352048230277
test970,R@100,1.0
test971,nDCG@10,0.0
test971,R@100,1.0
test972,nDCG@10,0.6309297535714575
test972,R@100,1.0
test973,nDCG@10,0.0
test973,R@100,0.0
test974,nDCG@10,0.0
test974,R@100,0.0
test975,nDCG@10,0.6309297535714575
test975,R@100,1.0
test976,nDCG@10,0.31546487678572877
test976,R@100,1.0
test977,nDCG@10,0.5
test977,R@100,1.0
test978,nDCG@10,0.21840743681816419
test978,R@100,1.0
test979,nDCG@10,0.0
test979,R@100,0.0
test98,nDCG@10,0.0
test98,R@100,1.0
test980,nDCG@10,0.6309297535714575
test980,R@100,1.0
test981,nDCG@10,0.0
test981,R@100,0.0
test982,nDCG@10,1.0
test982,R@100,1.0
test983,nDCG@10,0.0
test983,R@100,0.0
test984,nDCG@10,0.6309297535714575
test984,R@100,1.0
test985,nDCG@10,0.2960819109658652
test985,R@100,0.3333333333333333
test986,nDCG@10,0.2890648263178879
test986,R@100,1.0
test987,nDCG@10,1.0
test987,R@100,1.0
test988,nDCG@10,0.0
test988,R@100,0.0
test989,nDCG@10,0.19342640361727081
test989,R@100,0.5
test99,nDCG@10,0.0
test99,R@100,0.0
test990,nDCG@10,0.43067655807339306
test990,R@100,1.0
test991,nDCG@10,0.6309297535714575
test991,R@100,1.0
test992,nDCG@10,0.6131471927654584
test992,R@100,1.0
test993,nDCG@10,1.0
test993,R@100,1.0
test994,nDCG@10,0.31546487678572877
test994,R@100,1.0
test995,nDCG@10,0.0
test995,R@100,1.0
test996,nDCG@10,1.0
test996,R@100,1.0
test997,nDCG@10,0.0
test997,R@100,1.0
test998,nDCG@10,1.0
test998,R@100,1.0
test999,nDCG@10,1.0
test999,R@100,1.0
