qid,measure,value
q170106,nDCG@10,1.0
q170106,R@100,1.0
q170107,nDCG@10,1.0
q170107,R@100,1.0
q170108,nDCG@10,1.0
q170108,R@100,1.0
q170109,nDCG@10,1.0
q170109,R@100,1.0
q170110,nDCG@10,1.0
q170110,R@100,1.0
q170111,nDCG@10,1.0
q170111,R@100,1.0
q170112,nDCG@10,1.0
q170112,R@100,1.0
q170113,nDCG@10,1.0
q170113,R@100,1.0
q170114,nDCG@10,1.0
q170114,R@100,1.0
q170115,nDCG@10,1.0
q170115,R@100,1.0
q170116,nDCG@10,1.0
q170116,R@100,1.0
q170117,nDCG@10,1.0
q170117,R@100,1.0
q170118,nDCG@10,1.0
q170118,R@100,1.0
q170119,nDCG@10,1.0
q170119,R@100,1.0
q170120,nDCG@10,1.0
q170120,R@100,1.0
q170121,nDCG@10,1.0
q170121,R@100,1.0
q170122,nDCG@10,1.0
q170122,R@100,1.0
q170123,nDCG@10,0.5
q170123,R@100,1.0
q170124,nDCG@10,1.0
q170124,R@100,1.0
q170125,nDCG@10,1.0
q170125,R@100,1.0
q170126,nDCG@10,1.0
q170126,R@100,1.0
q170127,nDCG@10,0.6309297535714575
q170127,R@100,1.0
q170128,nDCG@10,1.0
q170128,R@100,1.0
q170129,nDCG@10,0.0
q170129,R@100,1.0
q170130,nDCG@10,1.0
q170130,R@100,1.0
q170131,nDCG@10,1.0
q170131,R@100,1.0
q170132,nDCG@10,1.0
q170132,R@100,1.0
q170133,nDCG@10,1.0
q170133,R@100,1.0
q170134,nDCG@10,0.0
q170134,R@100,1.0
q170135,nDCG@10,1.0
q170135,R@100,1.0
q170136,nDCG@10,0.0
q170136,R@100,0.0
q170137,nDCG@10,1.0
q170137,R@100,1.0
q170138,nDCG@10,0.0
q170138,R@100,1.0
q170139,nDCG@10,1.0
q170139,R@100,1.0
q170140,nDCG@10,1.0
q170140,R@100,1.0
q170141,nDCG@10,1.0
q170141,R@100,1.0
q170142,nDCG@10,0.2890648263178879
q170142,R@100,1.0
q170143,nDCG@10,1.0
q170143,R@100,1.0
q170144,nDCG@10,1.0
q170144,R@100,1.0
q170145,nDCG@10,1.0
q170145,R@100,1.0
q170146,nDCG@10,0.3333333333333333
q170146,R@100,1.0
q170147,nDCG@10,1.0
q170147,R@100,1.0
q170148,nDCG@10,1.0
q170148,R@100,1.0
q170149,nDCG@10,1.0
q170149,R@100,1.0
q170150,nDCG@10,1.0
q170150,R@100,1.0
q170151,nDCG@10,1.0
q170151,R@100,1.0
q170152,nDCG@10,0.6309297535714575
q170152,R@100,1.0
q170153,nDCG@10,1.0
q170153,R@100,1.0
q170154,nDCG@10,1.0
q170154,R@100,1.0
q170155,nDCG@10,1.0
q170155,R@100,1.0
q170156,nDCG@10,1.0
q170156,R@100,1.0
q170157,nDCG@10,1.0
q170157,R@100,1.0
q170158,nDCG@10,0.6309297535714575
q170158,R@100,1.0
q170159,nDCG@10,1.0
q170159,R@100,1.0
q170160,nDCG@10,1.0
q170160,R@100,1.0
q170161,nDCG@10,1.0
q170161,R@100,1.0
q170162,nDCG@10,1.0
q170162,R@100,1.0
q170163,nDCG@10,0.2890648263178879
q170163,R@100,1.0
q170164,nDCG@10,0.5
q170164,R@100,1.0
q170165,nDCG@10,1.0
q170165,R@100,1.0
q170166,nDCG@10,1.0
q170166,R@100,1.0
q170167,nDCG@10,1.0
q170167,R@100,1.0
q170168,nDCG@10,1.0
q170168,R@100,1.0
q170169,nDCG@10,0.5
q170169,R@100,1.0
q170170,nDCG@10,0.6309297535714575
q170170,R@100,1.0
q170171,nDCG@10,1.0
q170171,R@100,1.0
q170172,nDCG@10,1.0
q170172,R@100,1.0
q170173,nDCG@10,1.0
q170173,R@100,1.0
q170174,nDCG@10,1.0
q170174,R@100,1.0
q170175,nDCG@10,1.0
q170175,R@100,1.0
q170176,nDCG@10,0.6309297535714575
q170176,R@100,1.0
q170177,nDCG@10,1.0
q170177,R@100,1.0
q170178,nDCG@10,1.0
q170178,R@100,1.0
q170179,nDCG@10,1.0
q170179,R@100,1.0
q170180,nDCG@10,1.0
q170180,R@100,1.0
q170181,nDCG@10,0.6309297535714575
q170181,R@100,1.0
q170182,nDCG@10,1.0
q170182,R@100,1.0
q170183,nDCG@10,1.0
q170183,R@100,1.0
q170184,nDCG@10,1.0
q170184,R@100,1.0
q170185,nDCG@10,1.0
q170185,R@100,1.0
q170186,nDCG@10,1.0
q170186,R@100,1.0
q170187,nDCG@10,1.0
q170187,R@100,1.0
q170188,nDCG@10,1.0
q170188,R@100,1.0
q170189,nDCG@10,1.0
q170189,R@100,1.0
q170190,nDCG@10,1.0
q170190,R@100,1.0
q170191,nDCG@10,1.0
q170191,R@100,1.0
q170192,nDCG@10,0.6309297535714575
q170192,R@100,1.0
q170193,nDCG@10,0.5
q170193,R@100,1.0
q170194,nDCG@10,1.0
q170194,R@100,1.0
q170195,nDCG@10,1.0
q170195,R@100,1.0
q170196,nDCG@10,1.0
q170196,R@100,1.0
q170197,nDCG@10,1.0
q170197,R@100,1.0
q170198,nDCG@10,0.6309297535714575
q170198,R@100,1.0
q170199,nDCG@10,1.0
q170199,R@100,1.0
q170200,nDCG@10,1.0
q170200,R@100,1.0
q170201,nDCG@10,1.0
q170201,R@100,1.0
q170202,nDCG@10,0.0
q170202,R@100,0.0
q170203,nDCG@10,1.0
q170203,R@100,1.0
q170204,nDCG@10,0.0
q170204,R@100,1.0
q170205,nDCG@10,1.0
q170205,R@100,1.0
q170206,nDCG@10,0.5
q170206,R@100,1.0
q170207,nDCG@10,1.0
q170207,R@100,1.0
q170208,nDCG@10,1.0
q170208,R@100,1.0
q170209,nDCG@10,1.0
q170209,R@100,1.0
q170210,nDCG@10,1.0
q170210,R@100,1.0
q170211,nDCG@10,1.0
q170211,R@100,1.0
q170212,nDCG@10,1.0
q170212,R@100,1.0
q170213,nDCG@10,1.0
q170213,R@100,1.0
q170214,nDCG@10,1.0
q170214,R@100,1.0
q170215,nDCG@10,1.0
q170215,R@100,1.0
q170216,nDCG@10,1.0
q170216,R@100,1.0
q170217,nDCG@10,1.0
q170217,R@100,1.0
q170218,nDCG@10,1.0
q170218,R@100,1.0
q170219,nDCG@10,0.6309297535714575
q170219,R@100,1.0
q170220,nDCG@10,1.0
q170220,R@100,1.0
q170221,nDCG@10,1.0
q170221,R@100,1.0
q170222,nDCG@10,0.0
q170222,R@100,1.0
q170223,nDCG@10,1.0
q170223,R@100,1.0
q170224,nDCG@10,1.0
q170224,R@100,1.0
q170225,nDCG@10,1.0
q170225,R@100,1.0
q170226,nDCG@10,1.0
q170226,R@100,1.0
q170227,nDCG@10,1.0
q170227,R@100,1.0
q170228,nDCG@10,1.0
q170228,R@100,1.0
q170229,nDCG@10,1.0
q170229,R@100,1.0
q170230,nDCG@10,1.0
q170230,R@100,1.0
q170231,nDCG@10,1.0
q170231,R@100,1.0
q170232,nDCG@10,0.6309297535714575
q170232,R@100,1.0
q170233,nDCG@10,0.5
q170233,R@100,1.0
q170234,nDCG@10,0.5
q170234,R@100,1.0
q170235,nDCG@10,0.6309297535714575
q170235,R@100,1.0
q170236,nDCG@10,1.0
q170236,R@100,1.0
q170237,nDCG@10,1.0
q170237,R@100,1.0
q170238,nDCG@10,1.0
q170238,R@100,1.0
q170239,nDCG@10,1.0
q170239,R@100,1.0
q170240,nDCG@10,1.0
q170240,R@100,1.0
q170241,nDCG@10,1.0
q170241,R@100,1.0
q170242,nDCG@10,1.0
q170242,R@100,1.0
q170243,nDCG@10,1.0
q170243,R@100,1.0
q170244,nDCG@10,1.0
q170244,R@100,1.0
q170245,nDCG@10,0.6309297535714575
q170245,R@100,1.0
q170246,nDCG@10,1.0
q170246,R@100,1.0
q170247,nDCG@10,1.0
q170247,R@100,1.0
q170248,nDCG@10,1.0
q170248,R@100,1.0
q170249,nDCG@10,1.0
q170249,R@100,1.0
q170250,nDCG@10,1.0
q170250,R@100,1.0
q170251,nDCG@10,1.0
q170251,R@100,1.0
q170252,nDCG@10,1.0
q170252,R@100,1.0
q170253,nDCG@10,1.0
q170253,R@100,1.0
q170254,nDCG@10,1.0
q170254,R@100,1.0
q170255,nDCG@10,1.0
q170255,R@100,1.0
q170256,nDCG@10,1.0
q170256,R@100,1.0
q170257,nDCG@10,1.0
q170257,R@100,1.0
q170258,nDCG@10,1.0
q170258,R@100,1.0
q170259,nDCG@10,1.0
q170259,R@100,1.0
q170260,nDCG@10,1.0
q170260,R@100,1.0
q170261,nDCG@10,0.6309297535714575
q170261,R@100,1.0
q170262,nDCG@10,1.0
q170262,R@100,1.0
q170263,nDCG@10,1.0
q170263,R@100,1.0
q170264,nDCG@10,0.0
q170264,R@100,1.0
q170265,nDCG@10,1.0
q170265,R@100,1.0
q170266,nDCG@10,1.0
q170266,R@100,1.0
q170267,nDCG@10,1.0
q170267,R@100,1.0
q170268,nDCG@10,1.0
q170268,R@100,1.0
q170269,nDCG@10,1.0
q170269,R@100,1.0
q170270,nDCG@10,1.0
q170270,R@100,1.0
q170271,nDCG@10,1.0
q170271,R@100,1.0
q170272,nDCG@10,1.0
q170272,R@100,1.0
q170273,nDCG@10,1.0
q170273,R@100,1.0
q170274,nDCG@10,1.0
q170274,R@100,1.0
q170275,nDCG@10,0.0
q170275,R@100,1.0
q170276,nDCG@10,1.0
q170276,R@100,1.0
q170277,nDCG@10,1.0
q170277,R@100,1.0
q170278,nDCG@10,1.0
q170278,R@100,1.0
q170279,nDCG@10,1.0
q170279,R@100,1.0
q170280,nDCG@10,1.0
q170280,R@100,1.0
q170281,nDCG@10,1.0
q170281,R@100,1.0
q170282,nDCG@10,1.0
q170282,R@100,1.0
q170283,nDCG@10,1.0
q170283,R@100,1.0
q170284,nDCG@10,1.0
q170284,R@100,1.0
q170285,nDCG@10,1.0
q170285,R@100,1.0
q170286,nDCG@10,0.6309297535714575
q170286,R@100,1.0
q170287,nDCG@10,1.0
q170287,R@100,1.0
q170288,nDCG@10,1.0
q170288,R@100,1.0
q170289,nDCG@10,1.0
q170289,R@100,1.0
q170290,nDCG@10,1.0
q170290,R@100,1.0
q170291,nDCG@10,1.0
q170291,R@100,1.0
q170292,nDCG@10,1.0
q170292,R@100,1.0
q170293,nDCG@10,1.0
q170293,R@100,1.0
q170294,nDCG@10,1.0
q170294,R@100,1.0
q170295,nDCG@10,1.0
q170295,R@100,1.0
q170296,nDCG@10,1.0
q170296,R@100,1.0
q170297,nDCG@10,1.0
q170297,R@100,1.0
q170298,nDCG@10,1.0
q170298,R@100,1.0
q170299,nDCG@10,1.0
q170299,R@100,1.0
q170300,nDCG@10,1.0
q170300,R@100,1.0
q170301,nDCG@10,0.6309297535714575
q170301,R@100,1.0
q170302,nDCG@10,1.0
q170302,R@100,1.0
q170303,nDCG@10,0.5
q170303,R@100,1.0
q170304,nDCG@10,1.0
q170304,R@100,1.0
q170305,nDCG@10,1.0
q170305,R@100,1.0
q170306,nDCG@10,1.0
q170306,R@100,1.0
q170307,nDCG@10,1.0
q170307,R@100,1.0
q170308,nDCG@10,1.0
q170308,R@100,1.0
q170309,nDCG@10,1.0
q170309,R@100,1.0
q170310,nDCG@10,1.0
q170310,R@100,1.0
q170311,nDCG@10,1.0
q170311,R@100,1.0
q170312,nDCG@10,1.0
q170312,R@100,1.0
q170313,nDCG@10,1.0
q170313,R@100,1.0
q170314,nDCG@10,1.0
q170314,R@100,1.0
q170315,nDCG@10,1.0
q170315,R@100,1.0
q170316,nDCG@10,1.0
q170316,R@100,1.0
q170317,nDCG@10,1.0
q170317,R@100,1.0
q170318,nDCG@10,1.0
q170318,R@100,1.0
q170319,nDCG@10,1.0
q170319,R@100,1.0
q170320,nDCG@10,1.0
q170320,R@100,1.0
q170321,nDCG@10,1.0
q170321,R@100,1.0
q170322,nDCG@10,1.0
q170322,R@100,1.0
q170323,nDCG@10,1.0
q170323,R@100,1.0
q170324,nDCG@10,1.0
q170324,R@100,1.0
q170325,nDCG@10,1.0
q170325,R@100,1.0
q170326,nDCG@10,1.0
q170326,R@100,1.0
q170327,nDCG@10,1.0
q170327,R@100,1.0
q170328,nDCG@10,1.0
q170328,R@100,1.0
q170329,nDCG@10,1.0
q170329,R@100,1.0
q170330,nDCG@10,1.0
q170330,R@100,1.0
q170331,nDCG@10,1.0
q170331,R@100,1.0
q170332,nDCG@10,0.6309297535714575
q170332,R@100,1.0
q170333,nDCG@10,1.0
q170333,R@100,1.0
q170334,nDCG@10,1.0
q170334,R@100,1.0
q170335,nDCG@10,1.0
q170335,R@100,1.0
q170336,nDCG@10,0.38685280723454163
q170336,R@100,1.0
q170337,nDCG@10,1.0
q170337,R@100,1.0
q170338,nDCG@10,1.0
q170338,R@100,1.0
q170339,nDCG@10,1.0
q170339,R@100,1.0
q170340,nDCG@10,1.0
q170340,R@100,1.0
q170341,nDCG@10,1.0
q170341,R@100,1.0
q170342,nDCG@10,1.0
q170342,R@100,1.0
q170343,nDCG@10,1.0
q170343,R@100,1.0
q170344,nDCG@10,1.0
q170344,R@100,1.0
q170345,nDCG@10,1.0
q170345,R@100,1.0
q170346,nDCG@10,0.6309297535714575
q170346,R@100,1.0
q170347,nDCG@10,1.0
q170347,R@100,1.0
q170348,nDCG@10,0.6309297535714575
q170348,R@100,1.0
q170349,nDCG@10,1.0
q170349,R@100,1.0
q170350,nDCG@10,0.6309297535714575
q170350,R@100,1.0
q170351,nDCG@10,0.6309297535714575
q170351,R@100,1.0
q170352,nDCG@10,1.0
q170352,R@100,1.0
q170353,nDCG@10,0.6309297535714575
q170353,R@100,1.0
q170354,nDCG@10,0.6309297535714575
q170354,R@100,1.0
q170355,nDCG@10,0.6309297535714575
q170355,R@100,1.0
q170356,nDCG@10,0.6309297535714575
q170356,R@100,1.0
q170357,nDCG@10,0.38685280723454163
q170357,R@100,1.0
q170358,nDCG@10,0.6309297535714575
q170358,R@100,1.0
q170359,nDCG@10,1.0
q170359,R@100,1.0
q170360,nDCG@10,0.6309297535714575
q170360,R@100,1.0
q170361,nDCG@10,1.0
q170361,R@100,1.0
q170362,nDCG@10,1.0
q170362,R@100,1.0
q170363,nDCG@10,1.0
q170363,R@100,1.0
q170364,nDCG@10,1.0
q170364,R@100,1.0
q170365,nDCG@10,1.0
q170365,R@100,1.0
q170366,nDCG@10,1.0
q170366,R@100,1.0
q170367,nDCG@10,0.6309297535714575
q170367,R@100,1.0
q170368,nDCG@10,1.0
q170368,R@100,1.0
q170369,nDCG@10,1.0
q170369,R@100,1.0
q170370,nDCG@10,1.0
q170370,R@100,1.0
q170371,nDCG@10,1.0
q170371,R@100,1.0
q170372,nDCG@10,1.0
q170372,R@100,1.0
q170373,nDCG@10,1.0
q170373,R@100,1.0
q170374,nDCG@10,1.0
q170374,R@100,1.0
q170375,nDCG@10,1.0
q170375,R@100,1.0
q170376,nDCG@10,1.0
q170376,R@100,1.0
q170377,nDCG@10,1.0
q170377,R@100,1.0
q170378,nDCG@10,1.0
q170378,R@100,1.0
q170379,nDCG@10,1.0
q170379,R@100,1.0
q170380,nDCG@10,1.0
q170380,R@100,1.0
q170381,nDCG@10,1.0
q170381,R@100,1.0
q170382,nDCG@10,1.0
q170382,R@100,1.0
q170383,nDCG@10,1.0
q170383,R@100,1.0
q170384,nDCG@10,1.0
q170384,R@100,1.0
q170385,nDCG@10,1.0
q170385,R@100,1.0
q170386,nDCG@10,1.0
q170386,R@100,1.0
q170387,nDCG@10,1.0
q170387,R@100,1.0
q170388,nDCG@10,1.0
q170388,R@100,1.0
q170389,nDCG@10,1.0
q170389,R@100,1.0
q170390,nDCG@10,0.5
q170390,R@100,1.0
q170391,nDCG@10,1.0
q170391,R@100,1.0
q170392,nDCG@10,1.0
q170392,R@100,1.0
q170393,nDCG@10,1.0
q170393,R@100,1.0
q170394,nDCG@10,1.0
q170394,R@100,1.0
q170395,nDCG@10,1.0
q170395,R@100,1.0
q170396,nDCG@10,1.0
q170396,R@100,1.0
q170397,nDCG@10,0.5
q170397,R@100,1.0
q170398,nDCG@10,1.0
q170398,R@100,1.0
q170399,nDCG@10,1.0
q170399,R@100,1.0
q170400,nDCG@10,0.5
q170400,R@100,1.0
q170401,nDCG@10,1.0
q170401,R@100,1.0
q170402,nDCG@10,1.0
q170402,R@100,1.0
q170403,nDCG@10,1.0
q170403,R@100,1.0
q170404,nDCG@10,1.0
q170404,R@100,1.0
q170405,nDCG@10,1.0
q170405,R@100,1.0
q170406,nDCG@10,1.0
q170406,R@100,1.0
q170407,nDCG@10,1.0
q170407,R@100,1.0
q170408,nDCG@10,1.0
q170408,R@100,1.0
q170409,nDCG@10,1.0
q170409,R@100,1.0
q170410,nDCG@10,1.0
q170410,R@100,1.0
q170411,nDCG@10,1.0
q170411,R@100,1.0
q170412,nDCG@10,0.6309297535714575
q170412,R@100,1.0
q170413,nDCG@10,1.0
q170413,R@100,1.0
q170414,nDCG@10,1.0
q170414,R@100,1.0
q170415,nDCG@10,1.0
q170415,R@100,1.0
q170416,nDCG@10,1.0
q170416,R@100,1.0
q170417,nDCG@10,1.0
q170417,R@100,1.0
q170418,nDCG@10,1.0
q170418,R@100,1.0
q170419,nDCG@10,1.0
q170419,R@100,1.0
q170420,nDCG@10,1.0
q170420,R@100,1.0
q170421,nDCG@10,1.0
q170421,R@100,1.0
q170422,nDCG@10,1.0
q170422,R@100,1.0
q170423,nDCG@10,1.0
q170423,R@100,1.0
q170424,nDCG@10,1.0
q170424,R@100,1.0
q170425,nDCG@10,1.0
q170425,R@100,1.0
q170426,nDCG@10,0.6309297535714575
q170426,R@100,1.0
q170427,nDCG@10,0.6309297535714575
q170427,R@100,1.0
q170428,nDCG@10,1.0
q170428,R@100,1.0
q170429,nDCG@10,0.0
q170429,R@100,1.0
q170430,nDCG@10,1.0
q170430,R@100,1.0
q170431,nDCG@10,1.0
q170431,R@100,1.0
q170432,nDCG@10,1.0
q170432,R@100,1.0
q170433,nDCG@10,1.0
q170433,R@100,1.0
q170434,nDCG@10,1.0
q170434,R@100,1.0
q170435,nDCG@10,1.0
q170435,R@100,1.0
q170436,nDCG@10,1.0
q170436,R@100,1.0
q170437,nDCG@10,1.0
q170437,R@100,1.0
q170438,nDCG@10,1.0
q170438,R@100,1.0
q170439,nDCG@10,1.0
q170439,R@100,1.0
q170440,nDCG@10,0.6309297535714575
q170440,R@100,1.0
q170441,nDCG@10,0.0
q170441,R@100,1.0
q170442,nDCG@10,0.3562071871080222
q170442,R@100,1.0
q170443,nDCG@10,1.0
q170443,R@100,1.0
q170444,nDCG@10,1.0
q170444,R@100,1.0
q170445,nDCG@10,1.0
q170445,R@100,1.0
q170446,nDCG@10,1.0
q170446,R@100,1.0
q170447,nDCG@10,1.0
q170447,R@100,1.0
q170448,nDCG@10,1.0
q170448,R@100,1.0
q170449,nDCG@10,1.0
q170449,R@100,1.0
q170450,nDCG@10,1.0
q170450,R@100,1.0
q170451,nDCG@10,1.0
q170451,R@100,1.0
q170452,nDCG@10,1.0
q170452,R@100,1.0
q170453,nDCG@10,1.0
q170453,R@100,1.0
q170454,nDCG@10,1.0
q170454,R@100,1.0
q170455,nDCG@10,1.0
q170455,R@100,1.0
q170456,nDCG@10,1.0
q170456,R@100,1.0
q170457,nDCG@10,1.0
q170457,R@100,1.0
q170458,nDCG@10,1.0
q170458,R@100,1.0
q170459,nDCG@10,1.0
q170459,R@100,1.0
q170460,nDCG@10,1.0
q170460,R@100,1.0
q170461,nDCG@10,1.0
q170461,R@100,1.0
q170462,nDCG@10,1.0
q170462,R@100,1.0
q170463,nDCG@10,1.0
q170463,R@100,1.0
q170464,nDCG@10,1.0
q170464,R@100,1.0
q170465,nDCG@10,1.0
q170465,R@100,1.0
q170466,nDCG@10,1.0
q170466,R@100,1.0
q170467,nDCG@10,0.0
q170467,R@100,1.0
q170468,nDCG@10,1.0
q170468,R@100,1.0
q170469,nDCG@10,1.0
q170469,R@100,1.0
q170470,nDCG@10,1.0
q170470,R@100,1.0
q170471,nDCG@10,1.0
q170471,R@100,1.0
q170472,nDCG@10,1.0
q170472,R@100,1.0
q170473,nDCG@10,1.0
q170473,R@100,1.0
q170474,nDCG@10,1.0
q170474,R@100,1.0
q170475,nDCG@10,1.0
q170475,R@100,1.0
q170476,nDCG@10,1.0
q170476,R@100,1.0
q170477,nDCG@10,1.0
q170477,R@100,1.0
q170478,nDCG@10,1.0
q170478,R@100,1.0
q170479,nDCG@10,1.0
q170479,R@100,1.0
q170480,nDCG@10,1.0
q170480,R@100,1.0
q170481,nDCG@10,1.0
q170481,R@100,1.0
q170482,nDCG@10,0.0
q170482,R@100,0.0
q170483,nDCG@10,1.0
q170483,R@100,1.0
q170484,nDCG@10,1.0
q170484,R@100,1.0
q170485,nDCG@10,1.0
q170485,R@100,1.0
q170486,nDCG@10,0.6309297535714575
q170486,R@100,1.0
q170487,nDCG@10,0.6309297535714575
q170487,R@100,1.0
q170488,nDCG@10,1.0
q170488,R@100,1.0
q170489,nDCG@10,1.0
q170489,R@100,1.0
q170490,nDCG@10,1.0
q170490,R@100,1.0
q170491,nDCG@10,0.6309297535714575
q170491,R@100,1.0
q170492,nDCG@10,0.43067655807339306
q170492,R@100,1.0
q170493,nDCG@10,1.0
q170493,R@100,1.0
q170494,nDCG@10,0.6309297535714575
q170494,R@100,1.0
q170495,nDCG@10,1.0
q170495,R@100,1.0
q170496,nDCG@10,1.0
q170496,R@100,1.0
q170497,nDCG@10,0.43067655807339306
q170497,R@100,1.0
q170498,nDCG@10,1.0
q170498,R@100,1.0
q170499,nDCG@10,1.0
q170499,R@100,1.0
q170500,nDCG@10,1.0
q170500,R@100,1.0
q170501,nDCG@10,1.0
q170501,R@100,1.0
q170502,nDCG@10,1.0
q170502,R@100,1.0
q170503,nDCG@10,1.0
q170503,R@100,1.0
q170504,nDCG@10,1.0
q170504,R@100,1.0
q170505,nDCG@10,1.0
q170505,R@100,1.0
q170506,nDCG@10,1.0
q170506,R@100,1.0
q170507,nDCG@10,1.0
q170507,R@100,1.0
q170508,nDCG@10,0.5
q170508,R@100,1.0
q170509,nDCG@10,1.0
q170509,R@100,1.0
q170510,nDCG@10,1.0
q170510,R@100,1.0
q170511,nDCG@10,0.0
q170511,R@100,1.0
q170512,nDCG@10,1.0
q170512,R@100,1.0
q170513,nDCG@10,0.5
q170513,R@100,1.0
q170514,nDCG@10,0.6309297535714575
q170514,R@100,1.0
q170515,nDCG@10,0.6309297535714575
q170515,R@100,1.0
q170516,nDCG@10,1.0
q170516,R@100,1.0
q170517,nDCG@10,1.0
q170517,R@100,1.0
q170518,nDCG@10,1.0
q170518,R@100,1.0
q170519,nDCG@10,0.0
q170519,R@100,0.0
q170520,nDCG@10,1.0
q170520,R@100,1.0
q170521,nDCG@10,1.0
q170521,R@100,1.0
q170522,nDCG@10,1.0
q170522,R@100,1.0
q170523,nDCG@10,0.6309297535714575
q170523,R@100,1.0
q170524,nDCG@10,1.0
q170524,R@100,1.0
q170525,nDCG@10,1.0
q170525,R@100,1.0
q170526,nDCG@10,1.0
q170526,R@100,1.0
q170527,nDCG@10,1.0
q170527,R@100,1.0
q170528,nDCG@10,0.6309297535714575
q170528,R@100,1.0
q170529,nDCG@10,1.0
q170529,R@100,1.0
q170530,nDCG@10,1.0
q170530,R@100,1.0
q170531,nDCG@10,1.0
q170531,R@100,1.0
q170532,nDCG@10,0.0
q170532,R@100,1.0
q170533,nDCG@10,1.0
q170533,R@100,1.0
q170534,nDCG@10,1.0
q170534,R@100,1.0
q170535,nDCG@10,0.0
q170535,R@100,0.0
q170536,nDCG@10,1.0
q170536,R@100,1.0
q170537,nDCG@10,1.0
q170537,R@100,1.0
q170538,nDCG@10,0.6309297535714575
q170538,R@100,1.0
q170539,nDCG@10,1.0
q170539,R@100,1.0
q170540,nDCG@10,1.0
q170540,R@100,1.0
q170541,nDCG@10,1.0
q170541,R@100,1.0
q170542,nDCG@10,1.0
q170542,R@100,1.0
q170543,nDCG@10,1.0
q170543,R@100,1.0
q170544,nDCG@10,1.0
q170544,R@100,1.0
q170545,nDCG@10,1.0
q170545,R@100,1.0
q170546,nDCG@10,0.43067655807339306
q170546,R@100,1.0
q170547,nDCG@10,1.0
q170547,R@100,1.0
q170548,nDCG@10,0.6309297535714575
q170548,R@100,1.0
q170549,nDCG@10,0.6309297535714575
q170549,R@100,1.0
q170550,nDCG@10,1.0
q170550,R@100,1.0
q170551,nDCG@10,1.0
q170551,R@100,1.0
q170552,nDCG@10,0.6309297535714575
q170552,R@100,1.0
q170553,nDCG@10,1.0
q170553,R@100,1.0
q170554,nDCG@10,1.0
q170554,R@100,1.0
q170555,nDCG@10,1.0
q170555,R@100,1.0
q170556,nDCG@10,0.6309297535714575
q170556,R@100,1.0
q170557,nDCG@10,0.6309297535714575
q170557,R@100,1.0
q170558,nDCG@10,0.5
q170558,R@100,1.0
q170559,nDCG@10,0.43067655807339306
q170559,R@100,1.0
q170560,nDCG@10,0.43067655807339306
q170560,R@100,1.0
q170561,nDCG@10,0.5
q170561,R@100,1.0
q170562,nDCG@10,1.0
q170562,R@100,1.0
q170563,nDCG@10,1.0
q170563,R@100,1.0
q170564,nDCG@10,0.0
q170564,R@100,0.0
q170565,nDCG@10,1.0
q170565,R@100,1.0
q170566,nDCG@10,1.0
q170566,R@100,1.0
q170567,nDCG@10,1.0
q170567,R@100,1.0
q170568,nDCG@10,1.0
q170568,R@100,1.0
q170569,nDCG@10,0.0
q170569,R@100,1.0
q170570,nDCG@10,1.0
q170570,R@100,1.0
q170571,nDCG@10,1.0
q170571,R@100,1.0
q170572,nDCG@10,1.0
q170572,R@100,1.0
q170573,nDCG@10,1.0
q170573,R@100,1.0
q170574,nDCG@10,1.0
q170574,R@100,1.0
q170575,nDCG@10,1.0
q170575,R@100,1.0
q170576,nDCG@10,1.0
q170576,R@100,1.0
q170577,nDCG@10,1.0
q170577,R@100,1.0
q170578,nDCG@10,1.0
q170578,R@100,1.0
q170579,nDCG@10,1.0
q170579,R@100,1.0
q170580,nDCG@10,1.0
q170580,R@100,1.0
q170581,nDCG@10,1.0
q170581,R@100,1.0
q170582,nDCG@10,0.5
q170582,R@100,1.0
q170583,nDCG@10,0.5
q170583,R@100,1.0
q170584,nDCG@10,0.6309297535714575
q170584,R@100,1.0
q170585,nDCG@10,1.0
q170585,R@100,1.0
q170586,nDCG@10,1.0
q170586,R@100,1.0
q170587,nDCG@10,1.0
q170587,R@100,1.0
q170588,nDCG@10,1.0
q170588,R@100,1.0
q170589,nDCG@10,1.0
q170589,R@100,1.0
q170590,nDCG@10,1.0
q170590,R@100,1.0
q170591,nDCG@10,0.6309297535714575
q170591,R@100,1.0
q170592,nDCG@10,1.0
q170592,R@100,1.0
q170593,nDCG@10,1.0
q170593,R@100,1.0
q170594,nDCG@10,1.0
q170594,R@100,1.0
q170595,nDCG@10,1.0
q170595,R@100,1.0
q170596,nDCG@10,1.0
q170596,R@100,1.0
q170597,nDCG@10,0.2890648263178879
q170597,R@100,1.0
q170598,nDCG@10,0.0
q170598,R@100,0.0
q170599,nDCG@10,1.0
q170599,R@100,1.0
q170600,nDCG@10,1.0
q170600,R@100,1.0
q170601,nDCG@10,0.0
q170601,R@100,1.0
q170602,nDCG@10,0.6309297535714575
q170602,R@100,1.0
q170603,nDCG@10,1.0
q170603,R@100,1.0
q170604,nDCG@10,1.0
q170604,R@100,1.0
q170605,nDCG@10,1.0
q170605,R@100,1.0
q170606,nDCG@10,1.0
q170606,R@100,1.0
q170607,nDCG@10,1.0
q170607,R@100,1.0
q170608,nDCG@10,1.0
q170608,R@100,1.0
q170609,nDCG@10,1.0
q170609,R@100,1.0
q170610,nDCG@10,0.0
q170610,R@100,0.0
q170611,nDCG@10,1.0
q170611,R@100,1.0
q170612,nDCG@10,0.6309297535714575
q170612,R@100,1.0
q170613,nDCG@10,1.0
q170613,R@100,1.0
q170614,nDCG@10,1.0
q170614,R@100,1.0
q170615,nDCG@10,1.0
q170615,R@100,1.0
q170616,nDCG@10,0.6309297535714575
q170616,R@100,1.0
q170617,nDCG@10,1.0
q170617,R@100,1.0
q170618,nDCG@10,1.0
q170618,R@100,1.0
q170619,nDCG@10,1.0
q170619,R@100,1.0
q170620,nDCG@10,1.0
q170620,R@100,1.0
q170621,nDCG@10,1.0
q170621,R@100,1.0
q170622,nDCG@10,1.0
q170622,R@100,1.0
q170623,nDCG@10,1.0
q170623,R@100,1.0
q170624,nDCG@10,1.0
q170624,R@100,1.0
q170625,nDCG@10,0.6309297535714575
q170625,R@100,1.0
q170626,nDCG@10,1.0
q170626,R@100,1.0
q170627,nDCG@10,1.0
q170627,R@100,1.0
q170628,nDCG@10,0.6309297535714575
q170628,R@100,1.0
q170629,nDCG@10,1.0
q170629,R@100,1.0
q170630,nDCG@10,0.5
q170630,R@100,1.0
q170631,nDCG@10,0.5
q170631,R@100,1.0
q170632,nDCG@10,1.0
q170632,R@100,1.0
q170633,nDCG@10,0.6309297535714575
q170633,R@100,1.0
q170634,nDCG@10,0.6309297535714575
q170634,R@100,1.0
q170635,nDCG@10,1.0
q170635,R@100,1.0
q170636,nDCG@10,0.6309297535714575
q170636,R@100,1.0
q170637,nDCG@10,0.5
q170637,R@100,1.0
q170638,nDCG@10,1.0
q170638,R@100,1.0
q170639,nDCG@10,0.6309297535714575
q170639,R@100,1.0
q170640,nDCG@10,0.6309297535714575
q170640,R@100,1.0
q170641,nDCG@10,1.0
q170641,R@100,1.0
q170642,nDCG@10,1.0
q170642,R@100,1.0
q170643,nDCG@10,0.6309297535714575
q170643,R@100,1.0
q170644,nDCG@10,1.0
q170644,R@100,1.0
q170645,nDCG@10,1.0
q170645,R@100,1.0
q170646,nDCG@10,0.0
q170646,R@100,0.0
q170647,nDCG@10,0.0
q170647,R@100,1.0
q170648,nDCG@10,1.0
q170648,R@100,1.0
q170649,nDCG@10,1.0
q170649,R@100,1.0
q170650,nDCG@10,1.0
q170650,R@100,1.0
q170651,nDCG@10,1.0
q170651,R@100,1.0
q170652,nDCG@10,1.0
q170652,R@100,1.0
q170653,nDCG@10,1.0
q170653,R@100,1.0
q170654,nDCG@10,1.0
q170654,R@100,1.0
q170655,nDCG@10,1.0
q170655,R@100,1.0
q170656,nDCG@10,0.0
q170656,R@100,1.0
q170657,nDCG@10,1.0
q170657,R@100,1.0
q170658,nDCG@10,1.0
q170658,R@100,1.0
q170659,nDCG@10,1.0
q170659,R@100,1.0
q170660,nDCG@10,1.0
q170660,R@100,1.0
q170661,nDCG@10,1.0
q170661,R@100,1.0
q170662,nDCG@10,0.6309297535714575
q170662,R@100,1.0
q170663,nDCG@10,1.0
q170663,R@100,1.0
q170664,nDCG@10,1.0
q170664,R@100,1.0
q170665,nDCG@10,0.5
q170665,R@100,1.0
q170666,nDCG@10,1.0
q170666,R@100,1.0
q170667,nDCG@10,1.0
q170667,R@100,1.0
q170668,nDCG@10,1.0
q170668,R@100,1.0
q170669,nDCG@10,1.0
q170669,R@100,1.0
q170670,nDCG@10,1.0
q170670,R@100,1.0
q170671,nDCG@10,0.6309297535714575
q170671,R@100,1.0
q170672,nDCG@10,1.0
q170672,R@100,1.0
q170673,nDCG@10,1.0
q170673,R@100,1.0
q170674,nDCG@10,0.6309297535714575
q170674,R@100,1.0
q170675,nDCG@10,1.0
q170675,R@100,1.0
q170676,nDCG@10,0.0
q170676,R@100,1.0
q170677,nDCG@10,0.6309297535714575
q170677,R@100,1.0
q170678,nDCG@10,0.38685280723454163
q170678,R@100,1.0
q170679,nDCG@10,0.38685280723454163
q170679,R@100,1.0
q170680,nDCG@10,0.5
q170680,R@100,1.0
q170681,nDCG@10,1.0
q170681,R@100,1.0
q170682,nDCG@10,0.6309297535714575
q170682,R@100,1.0
q170683,nDCG@10,0.6309297535714575
q170683,R@100,1.0
q170684,nDCG@10,1.0
q170684,R@100,1.0
q170685,nDCG@10,1.0
q170685,R@100,1.0
q170686,nDCG@10,1.0
q170686,R@100,1.0
q170687,nDCG@10,0.6309297535714575
q170687,R@100,1.0
q170688,nDCG@10,0.6309297535714575
q170688,R@100,1.0
q170689,nDCG@10,1.0
q170689,R@100,1.0
q170690,nDCG@10,0.2890648263178879
q170690,R@100,1.0
q170691,nDCG@10,0.0
q170691,R@100,1.0
q170692,nDCG@10,0.43067655807339306
q170692,R@100,1.0
q170693,nDCG@10,0.0
q170693,R@100,0.0
q170694,nDCG@10,1.0
q170694,R@100,1.0
q170695,nDCG@10,1.0
q170695,R@100,1.0
q170696,nDCG@10,1.0
q170696,R@100,1.0
q170697,nDCG@10,0.6309297535714575
q170697,R@100,1.0
q170698,nDCG@10,1.0
q170698,R@100,1.0
q170699,nDCG@10,1.0
q170699,R@100,1.0
q170700,nDCG@10,1.0
q170700,R@100,1.0
q170701,nDCG@10,1.0
q170701,R@100,1.0
q170702,nDCG@10,1.0
q170702,R@100,1.0
q170703,nDCG@10,1.0
q170703,R@100,1.0
q170704,nDCG@10,1.0
q170704,R@100,1.0
q170705,nDCG@10,1.0
q170705,R@100,1.0
q170706,nDCG@10,1.0
q170706,R@100,1.0
q170707,nDCG@10,0.6309297535714575
q170707,R@100,1.0
q170708,nDCG@10,1.0
q170708,R@100,1.0
q170709,nDCG@10,0.38685280723454163
q170709,R@100,1.0
q170710,nDCG@10,0.0
q170710,R@100,1.0
q170711,nDCG@10,0.38685280723454163
q170711,R@100,1.0
q170712,nDCG@10,0.31546487678572877
q170712,R@100,1.0
q170713,nDCG@10,1.0
q170713,R@100,1.0
q170714,nDCG@10,1.0
q170714,R@100,1.0
q170715,nDCG@10,0.6309297535714575
q170715,R@100,1.0
q170716,nDCG@10,0.6309297535714575
q170716,R@100,1.0
q170717,nDCG@10,1.0
q170717,R@100,1.0
q170718,nDCG@10,1.0
q170718,R@100,1.0
q170719,nDCG@10,1.0
q170719,R@100,1.0
q170720,nDCG@10,1.0
q170720,R@100,1.0
q170721,nDCG@10,0.43067655807339306
q170721,R@100,1.0
q170722,nDCG@10,0.5
q170722,R@100,1.0
q170723,nDCG@10,0.6309297535714575
q170723,R@100,1.0
q170724,nDCG@10,1.0
q170724,R@100,1.0
q170725,nDCG@10,1.0
q170725,R@100,1.0
q170726,nDCG@10,1.0
q170726,R@100,1.0
q170727,nDCG@10,0.5
q170727,R@100,1.0
q170728,nDCG@10,1.0
q170728,R@100,1.0
q170729,nDCG@10,1.0
q170729,R@100,1.0
q170730,nDCG@10,0.6309297535714575
q170730,R@100,1.0
q170731,nDCG@10,1.0
q170731,R@100,1.0
q170732,nDCG@10,1.0
q170732,R@100,1.0
q170733,nDCG@10,0.31546487678572877
q170733,R@100,1.0
q170734,nDCG@10,1.0
q170734,R@100,1.0
q170735,nDCG@10,1.0
q170735,R@100,1.0
q170736,nDCG@10,1.0
q170736,R@100,1.0
q170737,nDCG@10,0.3010299956639812
q170737,R@100,1.0
q170738,nDCG@10,0.3562071871080222
q170738,R@100,1.0
q170739,nDCG@10,0.31546487678572877
q170739,R@100,1.0
q170740,nDCG@10,1.0
q170740,R@100,1.0
q170741,nDCG@10,0.5
q170741,R@100,1.0
q170742,nDCG@10,1.0
q170742,R@100,1.0
q170743,nDCG@10,0.6309297535714575
q170743,R@100,1.0
q170744,nDCG@10,0.6309297535714575
q170744,R@100,1.0
q170745,nDCG@10,0.6309297535714575
q170745,R@100,1.0
q170746,nDCG@10,1.0
q170746,R@100,1.0
q170747,nDCG@10,0.6309297535714575
q170747,R@100,1.0
q170748,nDCG@10,1.0
q170748,R@100,1.0
q170749,nDCG@10,0.6309297535714575
q170749,R@100,1.0
q170750,nDCG@10,1.0
q170750,R@100,1.0
q170751,nDCG@10,1.0
q170751,R@100,1.0
q170752,nDCG@10,1.0
q170752,R@100,1.0
q170753,nDCG@10,1.0
q170753,R@100,1.0
q170754,nDCG@10,0.5
q170754,R@100,1.0
q170755,nDCG@10,1.0
q170755,R@100,1.0
q170756,nDCG@10,1.0
q170756,R@100,1.0
q170757,nDCG@10,0.6309297535714575
q170757,R@100,1.0
q170758,nDCG@10,0.3010299956639812
q170758,R@100,1.0
q170759,nDCG@10,0.0
q170759,R@100,1.0
q170760,nDCG@10,1.0
q170760,R@100,1.0
q170761,nDCG@10,1.0
q170761,R@100,1.0
q170762,nDCG@10,1.0
q170762,R@100,1.0
q170763,nDCG@10,1.0
q170763,R@100,1.0
q170764,nDCG@10,1.0
q170764,R@100,1.0
q170765,nDCG@10,1.0
q170765,R@100,1.0
q170766,nDCG@10,1.0
q170766,R@100,1.0
q170767,nDCG@10,1.0
q170767,R@100,1.0
q170768,nDCG@10,1.0
q170768,R@100,1.0
q170769,nDCG@10,1.0
q170769,R@100,1.0
q170770,nDCG@10,1.0
q170770,R@100,1.0
q170771,nDCG@10,1.0
q170771,R@100,1.0
q170772,nDCG@10,0.0
q170772,R@100,0.0
q170773,nDCG@10,1.0
q170773,R@100,1.0
q170774,nDCG@10,1.0
q170774,R@100,1.0
q170775,nDCG@10,1.0
q170775,R@100,1.0
q170776,nDCG@10,1.0
q170776,R@100,1.0
q170777,nDCG@10,1.0
q170777,R@100,1.0
q170778,nDCG@10,0.43067655807339306
q170778,R@100,1.0
q170779,nDCG@10,1.0
q170779,R@100,1.0
q170780,nDCG@10,1.0
q170780,R@100,1.0
q170781,nDCG@10,1.0
q170781,R@100,1.0
q170782,nDCG@10,1.0
q170782,R@100,1.0
q170783,nDCG@10,1.0
q170783,R@100,1.0
q170784,nDCG@10,0.6309297535714575
q170784,R@100,1.0
q170785,nDCG@10,1.0
q170785,R@100,1.0
q170786,nDCG@10,0.0
q170786,R@100,1.0
q170787,nDCG@10,0.6309297535714575
q170787,R@100,1.0
q170788,nDCG@10,0.5
q170788,R@100,1.0
q170789,nDCG@10,1.0
q170789,R@100,1.0
q170790,nDCG@10,1.0
q170790,R@100,1.0
q170791,nDCG@10,1.0
q170791,R@100,1.0
q170792,nDCG@10,1.0
q170792,R@100,1.0
q170793,nDCG@10,0.6309297535714575
q170793,R@100,1.0
q170794,nDCG@10,0.6309297535714575
q170794,R@100,1.0
q170795,nDCG@10,1.0
q170795,R@100,1.0
q170796,nDCG@10,0.6309297535714575
q170796,R@100,1.0
q170797,nDCG@10,1.0
q170797,R@100,1.0
q170798,nDCG@10,1.0
q170798,R@100,1.0
q170799,nDCG@10,0.43067655807339306
q170799,R@100,1.0
q170800,nDCG@10,1.0
q170800,R@100,1.0
q170801,nDCG@10,1.0
q170801,R@100,1.0
q170802,nDCG@10,1.0
q170802,R@100,1.0
q170803,nDCG@10,1.0
q170803,R@100,1.0
q170804,nDCG@10,1.0
q170804,R@100,1.0
q170805,nDCG@10,1.0
q170805,R@100,1.0
q170806,nDCG@10,0.6309297535714575
q170806,R@100,1.0
q170807,nDCG@10,1.0
q170807,R@100,1.0
q170808,nDCG@10,1.0
q170808,R@100,1.0
q170809,nDCG@10,1.0
q170809,R@100,1.0
q170810,nDCG@10,1.0
q170810,R@100,1.0
q170811,nDCG@10,1.0
q170811,R@100,1.0
q170812,nDCG@10,1.0
q170812,R@100,1.0
q170813,nDCG@10,1.0
q170813,R@100,1.0
q170814,nDCG@10,1.0
q170814,R@100,1.0
q170815,nDCG@10,1.0
q170815,R@100,1.0
q170816,nDCG@10,1.0
q170816,R@100,1.0
q170817,nDCG@10,1.0
q170817,R@100,1.0
q170818,nDCG@10,1.0
q170818,R@100,1.0
q170819,nDCG@10,1.0
q170819,R@100,1.0
q170820,nDCG@10,1.0
q170820,R@100,1.0
q170821,nDCG@10,1.0
q170821,R@100,1.0
q170822,nDCG@10,0.6309297535714575
q170822,R@100,1.0
q170823,nDCG@10,1.0
q170823,R@100,1.0
q170824,nDCG@10,1.0
q170824,R@100,1.0
q170825,nDCG@10,1.0
q170825,R@100,1.0
q170826,nDCG@10,0.5
q170826,R@100,1.0
q170827,nDCG@10,0.6309297535714575
q170827,R@100,1.0
q170828,nDCG@10,0.6309297535714575
q170828,R@100,1.0
q170829,nDCG@10,1.0
q170829,R@100,1.0
q170830,nDCG@10,0.6309297535714575
q170830,R@100,1.0
q170831,nDCG@10,1.0
q170831,R@100,1.0
q170832,nDCG@10,1.0
q170832,R@100,1.0
q170833,nDCG@10,1.0
q170833,R@100,1.0
q170834,nDCG@10,1.0
q170834,R@100,1.0
q170835,nDCG@10,1.0
q170835,R@100,1.0
q170836,nDCG@10,1.0
q170836,R@100,1.0
q170837,nDCG@10,1.0
q170837,R@100,1.0
q170838,nDCG@10,1.0
q170838,R@100,1.0
q170839,nDCG@10,1.0
q170839,R@100,1.0
q170840,nDCG@10,1.0
q170840,R@100,1.0
q170841,nDCG@10,1.0
q170841,R@100,1.0
q170842,nDCG@10,1.0
q170842,R@100,1.0
q170843,nDCG@10,1.0
q170843,R@100,1.0
q170844,nDCG@10,1.0
q170844,R@100,1.0
q170845,nDCG@10,1.0
q170845,R@100,1.0
q170846,nDCG@10,1.0
q170846,R@100,1.0
q170847,nDCG@10,1.0
q170847,R@100,1.0
q170848,nDCG@10,1.0
q170848,R@100,1.0
q170849,nDCG@10,1.0
q170849,R@100,1.0
q170850,nDCG@10,1.0
q170850,R@100,1.0
q170851,nDCG@10,1.0
q170851,R@100,1.0
q170852,nDCG@10,1.0
q170852,R@100,1.0
q170853,nDCG@10,0.3010299956639812
q170853,R@100,1.0
q170854,nDCG@10,1.0
q170854,R@100,1.0
q170855,nDCG@10,1.0
q170855,R@100,1.0
q170856,nDCG@10,1.0
q170856,R@100,1.0
q170857,nDCG@10,1.0
q170857,R@100,1.0
q170858,nDCG@10,1.0
q170858,R@100,1.0
q170859,nDCG@10,1.0
q170859,R@100,1.0
q170860,nDCG@10,1.0
q170860,R@100,1.0
q170861,nDCG@10,1.0
q170861,R@100,1.0
q170862,nDCG@10,1.0
q170862,R@100,1.0
q170863,nDCG@10,1.0
q170863,R@100,1.0
q170864,nDCG@10,1.0
q170864,R@100,1.0
q170865,nDCG@10,1.0
q170865,R@100,1.0
q170866,nDCG@10,1.0
q170866,R@100,1.0
q170867,nDCG@10,1.0
q170867,R@100,1.0
q170868,nDCG@10,1.0
q170868,R@100,1.0
q170869,nDCG@10,1.0
q170869,R@100,1.0
q170870,nDCG@10,1.0
q170870,R@100,1.0
q170871,nDCG@10,1.0
q170871,R@100,1.0
q170872,nDCG@10,1.0
q170872,R@100,1.0
q170873,nDCG@10,1.0
q170873,R@100,1.0
q170874,nDCG@10,1.0
q170874,R@100,1.0
q170875,nDCG@10,1.0
q170875,R@100,1.0
q170876,nDCG@10,1.0
q170876,R@100,1.0
q170877,nDCG@10,0.6309297535714575
q170877,R@100,1.0
q170878,nDCG@10,1.0
q170878,R@100,1.0
q170879,nDCG@10,1.0
q170879,R@100,1.0
q170880,nDCG@10,1.0
q170880,R@100,1.0
q170881,nDCG@10,1.0
q170881,R@100,1.0
q170882,nDCG@10,1.0
q170882,R@100,1.0
q170883,nDCG@10,1.0
q170883,R@100,1.0
q170884,nDCG@10,1.0
q170884,R@100,1.0
q170885,nDCG@10,1.0
q170885,R@100,1.0
q170886,nDCG@10,1.0
q170886,R@100,1.0
q170887,nDCG@10,1.0
q170887,R@100,1.0
q170888,nDCG@10,1.0
q170888,R@100,1.0
q170889,nDCG@10,1.0
q170889,R@100,1.0
q170890,nDCG@10,1.0
q170890,R@100,1.0
q170891,nDCG@10,1.0
q170891,R@100,1.0
q170892,nDCG@10,1.0
q170892,R@100,1.0
q170893,nDCG@10,1.0
q170893,R@100,1.0
q170894,nDCG@10,1.0
q170894,R@100,1.0
q170895,nDCG@10,1.0
q170895,R@100,1.0
q170896,nDCG@10,1.0
q170896,R@100,1.0
q170897,nDCG@10,1.0
q170897,R@100,1.0
q170898,nDCG@10,1.0
q170898,R@100,1.0
q170899,nDCG@10,1.0
q170899,R@100,1.0
q170900,nDCG@10,1.0
q170900,R@100,1.0
q170901,nDCG@10,0.0
q170901,R@100,1.0
q170902,nDCG@10,1.0
q170902,R@100,1.0
q170903,nDCG@10,1.0
q170903,R@100,1.0
q170904,nDCG@10,1.0
q170904,R@100,1.0
q170905,nDCG@10,1.0
q170905,R@100,1.0
q170906,nDCG@10,0.6309297535714575
q170906,R@100,1.0
q170907,nDCG@10,1.0
q170907,R@100,1.0
q170908,nDCG@10,1.0
q170908,R@100,1.0
q170909,nDCG@10,1.0
q170909,R@100,1.0
q170910,nDCG@10,1.0
q170910,R@100,1.0
q170911,nDCG@10,0.6309297535714575
q170911,R@100,1.0
q170912,nDCG@10,1.0
q170912,R@100,1.0
q170913,nDCG@10,0.6309297535714575
q170913,R@100,1.0
q170914,nDCG@10,1.0
q170914,R@100,1.0
q170915,nDCG@10,1.0
q170915,R@100,1.0
q170916,nDCG@10,1.0
q170916,R@100,1.0
q170917,nDCG@10,1.0
q170917,R@100,1.0
q170918,nDCG@10,1.0
q170918,R@100,1.0
q170919,nDCG@10,0.6309297535714575
q170919,R@100,1.0
q170920,nDCG@10,0.6309297535714575
q170920,R@100,1.0
q170921,nDCG@10,0.6309297535714575
q170921,R@100,1.0
q170922,nDCG@10,1.0
q170922,R@100,1.0
q170923,nDCG@10,1.0
q170923,R@100,1.0
q170924,nDCG@10,1.0
q170924,R@100,1.0
q170925,nDCG@10,1.0
q170925,R@100,1.0
q170926,nDCG@10,0.5
q170926,R@100,1.0
q170927,nDCG@10,1.0
q170927,R@100,1.0
q170928,nDCG@10,1.0
q170928,R@100,1.0
q170929,nDCG@10,1.0
q170929,R@100,1.0
q170930,nDCG@10,1.0
q170930,R@100,1.0
q170931,nDCG@10,1.0
q170931,R@100,1.0
q170932,nDCG@10,1.0
q170932,R@100,1.0
q170933,nDCG@10,1.0
q170933,R@100,1.0
q170934,nDCG@10,1.0
q170934,R@100,1.0
q170935,nDCG@10,1.0
q170935,R@100,1.0
q170936,nDCG@10,1.0
q170936,R@100,1.0
q170937,nDCG@10,1.0
q170937,R@100,1.0
q170938,nDCG@10,1.0
q170938,R@100,1.0
q170939,nDCG@10,1.0
q170939,R@100,1.0
q170940,nDCG@10,1.0
q170940,R@100,1.0
q170941,nDCG@10,1.0
q170941,R@100,1.0
q170942,nDCG@10,1.0
q170942,R@100,1.0
q170943,nDCG@10,1.0
q170943,R@100,1.0
q170944,nDCG@10,1.0
q170944,R@100,1.0
q170945,nDCG@10,1.0
q170945,R@100,1.0
q170946,nDCG@10,0.6309297535714575
q170946,R@100,1.0
q170947,nDCG@10,1.0
q170947,R@100,1.0
q170948,nDCG@10,1.0
q170948,R@100,1.0
q170949,nDCG@10,1.0
q170949,R@100,1.0
q170950,nDCG@10,1.0
q170950,R@100,1.0
q170951,nDCG@10,1.0
q170951,R@100,1.0
q170952,nDCG@10,0.6309297535714575
q170952,R@100,1.0
q170953,nDCG@10,0.6309297535714575
q170953,R@100,1.0
q170954,nDCG@10,1.0
q170954,R@100,1.0
q170955,nDCG@10,1.0
q170955,R@100,1.0
q170956,nDCG@10,0.6309297535714575
q170956,R@100,1.0
q170957,nDCG@10,1.0
q170957,R@100,1.0
q170958,nDCG@10,1.0
q170958,R@100,1.0
q170959,nDCG@10,0.6309297535714575
q170959,R@100,1.0
q170960,nDCG@10,1.0
q170960,R@100,1.0
q170961,nDCG@10,0.6309297535714575
q170961,R@100,1.0
q170962,nDCG@10,0.6309297535714575
q170962,R@100,1.0
q170963,nDCG@10,0.6309297535714575
q170963,R@100,1.0
q170964,nDCG@10,1.0
q170964,R@100,1.0
q170965,nDCG@10,1.0
q170965,R@100,1.0
q170966,nDCG@10,0.43067655807339306
q170966,R@100,1.0
q170967,nDCG@10,1.0
q170967,R@100,1.0
q170968,nDCG@10,1.0
q170968,R@100,1.0
q170969,nDCG@10,1.0
q170969,R@100,1.0
q170970,nDCG@10,1.0
q170970,R@100,1.0
q170971,nDCG@10,0.6309297535714575
q170971,R@100,1.0
q170972,nDCG@10,1.0
q170972,R@100,1.0
q170973,nDCG@10,1.0
q170973,R@100,1.0
q170974,nDCG@10,1.0
q170974,R@100,1.0
q170975,nDCG@10,1.0
q170975,R@100,1.0
q170976,nDCG@10,1.0
q170976,R@100,1.0
q170977,nDCG@10,0.0
q170977,R@100,0.0
q170978,nDCG@10,1.0
q170978,R@100,1.0
q170979,nDCG@10,1.0
q170979,R@100,1.0
q170980,nDCG@10,0.0
q170980,R@100,1.0
q170981,nDCG@10,0.0
q170981,R@100,0.0
q170982,nDCG@10,1.0
q170982,R@100,1.0
q170983,nDCG@10,1.0
q170983,R@100,1.0
q170984,nDCG@10,1.0
q170984,R@100,1.0
q170985,nDCG@10,0.6309297535714575
q170985,R@100,1.0
q170986,nDCG@10,1.0
q170986,R@100,1.0
q170987,nDCG@10,1.0
q170987,R@100,1.0
q170988,nDCG@10,0.5
q170988,R@100,1.0
q170989,nDCG@10,1.0
q170989,R@100,1.0
q170990,nDCG@10,1.0
q170990,R@100,1.0
q170991,nDCG@10,1.0
q170991,R@100,1.0
q170992,nDCG@10,0.2890648263178879
q170992,R@100,1.0
q170993,nDCG@10,1.0
q170993,R@100,1.0
q170994,nDCG@10,1.0
q170994,R@100,1.0
q170995,nDCG@10,1.0
q170995,R@100,1.0
q170996,nDCG@10,1.0
q170996,R@100,1.0
q170997,nDCG@10,0.0
q170997,R@100,0.0
q170998,nDCG@10,1.0
q170998,R@100,1.0
q170999,nDCG@10,0.6309297535714575
q170999,R@100,1.0
q171000,nDCG@10,1.0
q171000,R@100,1.0
q171001,nDCG@10,0.0
q171001,R@100,1.0
q171002,nDCG@10,1.0
q171002,R@100,1.0
q171003,nDCG@10,1.0
q171003,R@100,1.0
q171004,nDCG@10,1.0
q171004,R@100,1.0
q171005,nDCG@10,1.0
q171005,R@100,1.0
q171006,nDCG@10,0.6309297535714575
q171006,R@100,1.0
q171007,nDCG@10,0.0
q171007,R@100,1.0
q171008,nDCG@10,1.0
q171008,R@100,1.0
q171009,nDCG@10,1.0
q171009,R@100,1.0
q171010,nDCG@10,1.0
q171010,R@100,1.0
q171011,nDCG@10,1.0
q171011,R@100,1.0
q171012,nDCG@10,1.0
q171012,R@100,1.0
q171013,nDCG@10,1.0
q171013,R@100,1.0
q171014,nDCG@10,1.0
q171014,R@100,1.0
q171015,nDCG@10,1.0
q171015,R@100,1.0
q171016,nDCG@10,1.0
q171016,R@100,1.0
q171017,nDCG@10,1.0
q171017,R@100,1.0
q171018,nDCG@10,0.0
q171018,R@100,1.0
q171019,nDCG@10,1.0
q171019,R@100,1.0
q171020,nDCG@10,1.0
q171020,R@100,1.0
q171021,nDCG@10,1.0
q171021,R@100,1.0
q171022,nDCG@10,0.6309297535714575
q171022,R@100,1.0
q171023,nDCG@10,1.0
q171023,R@100,1.0
q171024,nDCG@10,0.2890648263178879
q171024,R@100,1.0
q171025,nDCG@10,1.0
q171025,R@100,1.0
q171026,nDCG@10,0.6309297535714575
q171026,R@100,1.0
q171027,nDCG@10,0.2890648263178879
q171027,R@100,1.0
q171028,nDCG@10,1.0
q171028,R@100,1.0
q171029,nDCG@10,1.0
q171029,R@100,1.0
q171030,nDCG@10,1.0
q171030,R@100,1.0
q171031,nDCG@10,1.0
q171031,R@100,1.0
q171032,nDCG@10,1.0
q171032,R@100,1.0
q171033,nDCG@10,0.6309297535714575
q171033,R@100,1.0
q171034,nDCG@10,1.0
q171034,R@100,1.0
q171035,nDCG@10,0.3562071871080222
q171035,R@100,1.0
q171036,nDCG@10,0.5
q171036,R@100,1.0
q171037,nDCG@10,1.0
q171037,R@100,1.0
q171038,nDCG@10,1.0
q171038,R@100,1.0
q171039,nDCG@10,1.0
q171039,R@100,1.0
q171040,nDCG@10,1.0
q171040,R@100,1.0
q171041,nDCG@10,1.0
q171041,R@100,1.0
q171042,nDCG@10,1.0
q171042,R@100,1.0
q171043,nDCG@10,1.0
q171043,R@100,1.0
q171044,nDCG@10,1.0
q171044,R@100,1.0
q171045,nDCG@10,1.0
q171045,R@100,1.0
q171046,nDCG@10,1.0
q171046,R@100,1.0
q171047,nDCG@10,1.0
q171047,R@100,1.0
q171048,nDCG@10,1.0
q171048,R@100,1.0
q171049,nDCG@10,1.0
q171049,R@100,1.0
q171050,nDCG@10,1.0
q171050,R@100,1.0
q171051,nDCG@10,1.0
q171051,R@100,1.0
q171052,nDCG@10,1.0
q171052,R@100,1.0
q171053,nDCG@10,1.0
q171053,R@100,1.0
q171054,nDCG@10,0.5
q171054,R@100,1.0
q171055,nDCG@10,1.0
q171055,R@100,1.0
q171056,nDCG@10,1.0
q171056,R@100,1.0
q171057,nDCG@10,1.0
q171057,R@100,1.0
q171058,nDCG@10,0.6309297535714575
q171058,R@100,1.0
q171059,nDCG@10,1.0
q171059,R@100,1.0
q171060,nDCG@10,1.0
q171060,R@100,1.0
q171061,nDCG@10,0.5
q171061,R@100,1.0
q171062,nDCG@10,0.0
q171062,R@100,1.0
q171063,nDCG@10,1.0
q171063,R@100,1.0
q171064,nDCG@10,0.43067655807339306
q171064,R@100,1.0
q171065,nDCG@10,1.0
q171065,R@100,1.0
q171066,nDCG@10,1.0
q171066,R@100,1.0
q171067,nDCG@10,1.0
q171067,R@100,1.0
q171068,nDCG@10,1.0
q171068,R@100,1.0
q171069,nDCG@10,1.0
q171069,R@100,1.0
q171070,nDCG@10,0.6309297535714575
q171070,R@100,1.0
q171071,nDCG@10,0.6309297535714575
q171071,R@100,1.0
q171072,nDCG@10,1.0
q171072,R@100,1.0
q171073,nDCG@10,1.0
q171073,R@100,1.0
q171074,nDCG@10,1.0
q171074,R@100,1.0
q171075,nDCG@10,1.0
q171075,R@100,1.0
q171076,nDCG@10,1.0
q171076,R@100,1.0
q171077,nDCG@10,1.0
q171077,R@100,1.0
q171078,nDCG@10,1.0
q171078,R@100,1.0
q171079,nDCG@10,1.0
q171079,R@100,1.0
q171080,nDCG@10,1.0
q171080,R@100,1.0
q171081,nDCG@10,1.0
q171081,R@100,1.0
q171082,nDCG@10,1.0
q171082,R@100,1.0
q171083,nDCG@10,1.0
q171083,R@100,1.0
q171084,nDCG@10,1.0
q171084,R@100,1.0
q171085,nDCG@10,1.0
q171085,R@100,1.0
q171086,nDCG@10,1.0
q171086,R@100,1.0
q171087,nDCG@10,1.0
q171087,R@100,1.0
q171088,nDCG@10,1.0
q171088,R@100,1.0
q171089,nDCG@10,1.0
q171089,R@100,1.0
q171090,nDCG@10,1.0
q171090,R@100,1.0
q171091,nDCG@10,1.0
q171091,R@100,1.0
q171092,nDCG@10,1.0
q171092,R@100,1.0
q171093,nDCG@10,0.6309297535714575
q171093,R@100,1.0
q171094,nDCG@10,1.0
q171094,R@100,1.0
q171095,nDCG@10,1.0
q171095,R@100,1.0
q171096,nDCG@10,1.0
q171096,R@100,1.0
q171097,nDCG@10,0.6309297535714575
q171097,R@100,1.0
q171098,nDCG@10,1.0
q171098,R@100,1.0
q171099,nDCG@10,0.0
q171099,R@100,1.0
q171100,nDCG@10,1.0
q171100,R@100,1.0
q171101,nDCG@10,1.0
q171101,R@100,1.0
q171102,nDCG@10,1.0
q171102,R@100,1.0
q171103,nDCG@10,1.0
q171103,R@100,1.0
q171104,nDCG@10,0.0
q171104,R@100,1.0
q171105,nDCG@10,1.0
q171105,R@100,1.0
q171106,nDCG@10,1.0
q171106,R@100,1.0
q171107,nDCG@10,1.0
q171107,R@100,1.0
q171108,nDCG@10,1.0
q171108,R@100,1.0
q171109,nDCG@10,1.0
q171109,R@100,1.0
q171110,nDCG@10,1.0
q171110,R@100,1.0
q171111,nDCG@10,1.0
q171111,R@100,1.0
q171112,nDCG@10,1.0
q171112,R@100,1.0
q171113,nDCG@10,0.0
q171113,R@100,0.0
q171114,nDCG@10,1.0
q171114,R@100,1.0
q171115,nDCG@10,1.0
q171115,R@100,1.0
q171116,nDCG@10,1.0
q171116,R@100,1.0
q171117,nDCG@10,1.0
q171117,R@100,1.0
q171118,nDCG@10,1.0
q171118,R@100,1.0
q171119,nDCG@10,1.0
q171119,R@100,1.0
q171120,nDCG@10,1.0
q171120,R@100,1.0
q171121,nDCG@10,1.0
q171121,R@100,1.0
q171122,nDCG@10,1.0
q171122,R@100,1.0
q171123,nDCG@10,1.0
q171123,R@100,1.0
q171124,nDCG@10,0.5
q171124,R@100,1.0
q171125,nDCG@10,0.0
q171125,R@100,1.0
q171126,nDCG@10,0.6309297535714575
q171126,R@100,1.0
q171127,nDCG@10,1.0
q171127,R@100,1.0
q171128,nDCG@10,1.0
q171128,R@100,1.0
q171129,nDCG@10,0.6309297535714575
q171129,R@100,1.0
q171130,nDCG@10,1.0
q171130,R@100,1.0
q171131,nDCG@10,1.0
q171131,R@100,1.0
q171132,nDCG@10,1.0
q171132,R@100,1.0
q171133,nDCG@10,1.0
q171133,R@100,1.0
q171134,nDCG@10,1.0
q171134,R@100,1.0
q171135,nDCG@10,1.0
q171135,R@100,1.0
q171136,nDCG@10,1.0
q171136,R@100,1.0
q171137,nDCG@10,1.0
q171137,R@100,1.0
q171138,nDCG@10,1.0
q171138,R@100,1.0
q171139,nDCG@10,0.6309297535714575
q171139,R@100,1.0
q171140,nDCG@10,1.0
q171140,R@100,1.0
q171141,nDCG@10,0.6309297535714575
q171141,R@100,1.0
q171142,nDCG@10,1.0
q171142,R@100,1.0
q171143,nDCG@10,1.0
q171143,R@100,1.0
q171144,nDCG@10,0.0
q171144,R@100,1.0
q171145,nDCG@10,1.0
q171145,R@100,1.0
q171146,nDCG@10,1.0
q171146,R@100,1.0
q171147,nDCG@10,0.0
q171147,R@100,1.0
q171148,nDCG@10,1.0
q171148,R@100,1.0
q171149,nDCG@10,1.0
q171149,R@100,1.0
q171150,nDCG@10,0.6309297535714575
q171150,R@100,1.0
q171151,nDCG@10,1.0
q171151,R@100,1.0
q171152,nDCG@10,0.38685280723454163
q171152,R@100,1.0
q171153,nDCG@10,0.3562071871080222
q171153,R@100,1.0
q171154,nDCG@10,1.0
q171154,R@100,1.0
q171155,nDCG@10,1.0
q171155,R@100,1.0
q171156,nDCG@10,1.0
q171156,R@100,1.0
q171157,nDCG@10,1.0
q171157,R@100,1.0
q171158,nDCG@10,1.0
q171158,R@100,1.0
q171159,nDCG@10,0.6309297535714575
q171159,R@100,1.0
q171160,nDCG@10,0.31546487678572877
q171160,R@100,1.0
q171161,nDCG@10,1.0
q171161,R@100,1.0
q171162,nDCG@10,1.0
q171162,R@100,1.0
q171163,nDCG@10,1.0
q171163,R@100,1.0
q171164,nDCG@10,1.0
q171164,R@100,1.0
q171165,nDCG@10,1.0
q171165,R@100,1.0
q171166,nDCG@10,1.0
q171166,R@100,1.0
q171167,nDCG@10,1.0
q171167,R@100,1.0
q171168,nDCG@10,1.0
q171168,R@100,1.0
q171169,nDCG@10,0.3562071871080222
q171169,R@100,1.0
q171170,nDCG@10,1.0
q171170,R@100,1.0
q171171,nDCG@10,1.0
q171171,R@100,1.0
q171172,nDCG@10,0.3562071871080222
q171172,R@100,1.0
q171173,nDCG@10,1.0
q171173,R@100,1.0
q171174,nDCG@10,0.6309297535714575
q171174,R@100,1.0
q171175,nDCG@10,1.0
q171175,R@100,1.0
q171176,nDCG@10,0.6309297535714575
q171176,R@100,1.0
q171177,nDCG@10,1.0
q171177,R@100,1.0
q171178,nDCG@10,1.0
q171178,R@100,1.0
q171179,nDCG@10,1.0
q171179,R@100,1.0
q171180,nDCG@10,1.0
q171180,R@100,1.0
q171181,nDCG@10,1.0
q171181,R@100,1.0
q171182,nDCG@10,1.0
q171182,R@100,1.0
q171183,nDCG@10,1.0
q171183,R@100,1.0
q171184,nDCG@10,0.43067655807339306
q171184,R@100,1.0
q171185,nDCG@10,1.0
q171185,R@100,1.0
q171186,nDCG@10,1.0
q171186,R@100,1.0
q171187,nDCG@10,1.0
q171187,R@100,1.0
q171188,nDCG@10,1.0
q171188,R@100,1.0
q171189,nDCG@10,1.0
q171189,R@100,1.0
q171190,nDCG@10,1.0
q171190,R@100,1.0
q171191,nDCG@10,1.0
q171191,R@100,1.0
q171192,nDCG@10,1.0
q171192,R@100,1.0
q171193,nDCG@10,1.0
q171193,R@100,1.0
q171194,nDCG@10,1.0
q171194,R@100,1.0
q171195,nDCG@10,1.0
q171195,R@100,1.0
q171196,nDCG@10,1.0
q171196,R@100,1.0
q171197,nDCG@10,1.0
q171197,R@100,1.0
q171198,nDCG@10,0.5
q171198,R@100,1.0
q171199,nDCG@10,1.0
q171199,R@100,1.0
q171200,nDCG@10,1.0
q171200,R@100,1.0
q171201,nDCG@10,1.0
q171201,R@100,1.0
q171202,nDCG@10,1.0
q171202,R@100,1.0
q171203,nDCG@10,0.43067655807339306
q171203,R@100,1.0
q171204,nDCG@10,1.0
q171204,R@100,1.0
q171205,nDCG@10,1.0
q171205,R@100,1.0
q171206,nDCG@10,1.0
q171206,R@100,1.0
q171207,nDCG@10,1.0
q171207,R@100,1.0
q171208,nDCG@10,1.0
q171208,R@100,1.0
q171209,nDCG@10,1.0
q171209,R@100,1.0
q171210,nDCG@10,1.0
q171210,R@100,1.0
q171211,nDCG@10,1.0
q171211,R@100,1.0
q171212,nDCG@10,0.0
q171212,R@100,1.0
q171213,nDCG@10,0.6309297535714575
q171213,R@100,1.0
q171214,nDCG@10,1.0
q171214,R@100,1.0
q171215,nDCG@10,1.0
q171215,R@100,1.0
q171216,nDCG@10,1.0
q171216,R@100,1.0
q171217,nDCG@10,1.0
q171217,R@100,1.0
q171218,nDCG@10,0.6309297535714575
q171218,R@100,1.0
q171219,nDCG@10,0.0
q171219,R@100,0.0
q171220,nDCG@10,0.0
q171220,R@100,0.0
q171221,nDCG@10,1.0
q171221,R@100,1.0
q171222,nDCG@10,1.0
q171222,R@100,1.0
q171223,nDCG@10,1.0
q171223,R@100,1.0
q171224,nDCG@10,1.0
q171224,R@100,1.0
q171225,nDCG@10,1.0
q171225,R@100,1.0
q171226,nDCG@10,1.0
q171226,R@100,1.0
q171227,nDCG@10,1.0
q171227,R@100,1.0
q171228,nDCG@10,1.0
q171228,R@100,1.0
q171229,nDCG@10,1.0
q171229,R@100,1.0
q171230,nDCG@10,1.0
q171230,R@100,1.0
q171231,nDCG@10,1.0
q171231,R@100,1.0
q171232,nDCG@10,0.0
q171232,R@100,1.0
q171233,nDCG@10,0.0
q171233,R@100,0.0
q171234,nDCG@10,0.43067655807339306
q171234,R@100,1.0
q171235,nDCG@10,0.6309297535714575
q171235,R@100,1.0
q171236,nDCG@10,1.0
q171236,R@100,1.0
q171237,nDCG@10,0.43067655807339306
q171237,R@100,1.0
q171238,nDCG@10,1.0
q171238,R@100,1.0
q171239,nDCG@10,1.0
q171239,R@100,1.0
q171240,nDCG@10,1.0
q171240,R@100,1.0
q171241,nDCG@10,1.0
q171241,R@100,1.0
q171242,nDCG@10,1.0
q171242,R@100,1.0
q171243,nDCG@10,1.0
q171243,R@100,1.0
q171244,nDCG@10,1.0
q171244,R@100,1.0
q171245,nDCG@10,1.0
q171245,R@100,1.0
q171246,nDCG@10,0.6309297535714575
q171246,R@100,1.0
q171247,nDCG@10,1.0
q171247,R@100,1.0
q171248,nDCG@10,1.0
q171248,R@100,1.0
q171249,nDCG@10,0.6309297535714575
q171249,R@100,1.0
q171250,nDCG@10,1.0
q171250,R@100,1.0
q171251,nDCG@10,0.5
q171251,R@100,1.0
q171252,nDCG@10,1.0
q171252,R@100,1.0
q171253,nDCG@10,1.0
q171253,R@100,1.0
q171254,nDCG@10,1.0
q171254,R@100,1.0
q171255,nDCG@10,1.0
q171255,R@100,1.0
q171256,nDCG@10,1.0
q171256,R@100,1.0
q171257,nDCG@10,1.0
q171257,R@100,1.0
q171258,nDCG@10,1.0
q171258,R@100,1.0
q171259,nDCG@10,1.0
q171259,R@100,1.0
q171260,nDCG@10,1.0
q171260,R@100,1.0
q171261,nDCG@10,1.0
q171261,R@100,1.0
q171262,nDCG@10,1.0
q171262,R@100,1.0
q171263,nDCG@10,1.0
q171263,R@100,1.0
q171264,nDCG@10,1.0
q171264,R@100,1.0
q171265,nDCG@10,1.0
q171265,R@100,1.0
q171266,nDCG@10,1.0
q171266,R@100,1.0
q171267,nDCG@10,1.0
q171267,R@100,1.0
q171268,nDCG@10,1.0
q171268,R@100,1.0
q171269,nDCG@10,1.0
q171269,R@100,1.0
q171270,nDCG@10,1.0
q171270,R@100,1.0
q171271,nDCG@10,0.5
q171271,R@100,1.0
q171272,nDCG@10,1.0
q171272,R@100,1.0
q171273,nDCG@10,1.0
q171273,R@100,1.0
q171274,nDCG@10,0.6309297535714575
q171274,R@100,1.0
q171275,nDCG@10,1.0
q171275,R@100,1.0
q171276,nDCG@10,1.0
q171276,R@100,1.0
q171277,nDCG@10,1.0
q171277,R@100,1.0
q171278,nDCG@10,1.0
q171278,R@100,1.0
q171279,nDCG@10,1.0
q171279,R@100,1.0
q171280,nDCG@10,1.0
q171280,R@100,1.0
q171281,nDCG@10,1.0
q171281,R@100,1.0
q171282,nDCG@10,1.0
q171282,R@100,1.0
q171283,nDCG@10,1.0
q171283,R@100,1.0
q171284,nDCG@10,0.3562071871080222
q171284,R@100,1.0
q171285,nDCG@10,0.6309297535714575
q171285,R@100,1.0
q171286,nDCG@10,1.0
q171286,R@100,1.0
q171287,nDCG@10,1.0
q171287,R@100,1.0
q171288,nDCG@10,1.0
q171288,R@100,1.0
q171289,nDCG@10,1.0
q171289,R@100,1.0
q171290,nDCG@10,1.0
q171290,R@100,1.0
q171291,nDCG@10,0.6309297535714575
q171291,R@100,1.0
q171292,nDCG@10,0.0
q171292,R@100,1.0
q171293,nDCG@10,0.5
q171293,R@100,1.0
q171294,nDCG@10,1.0
q171294,R@100,1.0
q171295,nDCG@10,1.0
q171295,R@100,1.0
q171296,nDCG@10,1.0
q171296,R@100,1.0
q171297,nDCG@10,1.0
q171297,R@100,1.0
q171298,nDCG@10,1.0
q171298,R@100,1.0
q171299,nDCG@10,1.0
q171299,R@100,1.0
q171300,nDCG@10,1.0
q171300,R@100,1.0
q171301,nDCG@10,1.0
q171301,R@100,1.0
q171302,nDCG@10,1.0
q171302,R@100,1.0
q171303,nDCG@10,1.0
q171303,R@100,1.0
q171304,nDCG@10,0.0
q171304,R@100,1.0
q171305,nDCG@10,1.0
q171305,R@100,1.0
q171306,nDCG@10,0.3562071871080222
q171306,R@100,1.0
q171307,nDCG@10,1.0
q171307,R@100,1.0
q171308,nDCG@10,1.0
q171308,R@100,1.0
q171309,nDCG@10,1.0
q171309,R@100,1.0
q171310,nDCG@10,1.0
q171310,R@100,1.0
q171311,nDCG@10,1.0
q171311,R@100,1.0
q171312,nDCG@10,1.0
q171312,R@100,1.0
q171313,nDCG@10,1.0
q171313,R@100,1.0
q171314,nDCG@10,1.0
q171314,R@100,1.0
q171315,nDCG@10,0.6309297535714575
q171315,R@100,1.0
q171316,nDCG@10,1.0
q171316,R@100,1.0
q171317,nDCG@10,1.0
q171317,R@100,1.0
q171318,nDCG@10,1.0
q171318,R@100,1.0
q171319,nDCG@10,1.0
q171319,R@100,1.0
q171320,nDCG@10,1.0
q171320,R@100,1.0
q171321,nDCG@10,0.6309297535714575
q171321,R@100,1.0
q171322,nDCG@10,0.5
q171322,R@100,1.0
q171323,nDCG@10,0.6309297535714575
q171323,R@100,1.0
q171324,nDCG@10,1.0
q171324,R@100,1.0
q171325,nDCG@10,1.0
q171325,R@100,1.0
q171326,nDCG@10,1.0
q171326,R@100,1.0
q171327,nDCG@10,1.0
q171327,R@100,1.0
q171328,nDCG@10,1.0
q171328,R@100,1.0
q171329,nDCG@10,1.0
q171329,R@100,1.0
q171330,nDCG@10,1.0
q171330,R@100,1.0
q171331,nDCG@10,1.0
q171331,R@100,1.0
q171332,nDCG@10,1.0
q171332,R@100,1.0
q171333,nDCG@10,1.0
q171333,R@100,1.0
q171334,nDCG@10,1.0
q171334,R@100,1.0
q171335,nDCG@10,1.0
q171335,R@100,1.0
q171336,nDCG@10,1.0
q171336,R@100,1.0
q171337,nDCG@10,0.6309297535714575
q171337,R@100,1.0
q171338,nDCG@10,0.6309297535714575
q171338,R@100,1.0
q171339,nDCG@10,1.0
q171339,R@100,1.0
q171340,nDCG@10,1.0
q171340,R@100,1.0
q171341,nDCG@10,1.0
q171341,R@100,1.0
q171342,nDCG@10,1.0
q171342,R@100,1.0
q171343,nDCG@10,1.0
q171343,R@100,1.0
q171344,nDCG@10,1.0
q171344,R@100,1.0
q171345,nDCG@10,1.0
q171345,R@100,1.0
q171346,nDCG@10,0.6309297535714575
q171346,R@100,1.0
q171347,nDCG@10,1.0
q171347,R@100,1.0
q171348,nDCG@10,1.0
q171348,R@100,1.0
q171349,nDCG@10,1.0
q171349,R@100,1.0
q171350,nDCG@10,1.0
q171350,R@100,1.0
q171351,nDCG@10,1.0
q171351,R@100,1.0
q171352,nDCG@10,1.0
q171352,R@100,1.0
q171353,nDCG@10,1.0
q171353,R@100,1.0
q171354,nDCG@10,1.0
q171354,R@100,1.0
q171355,nDCG@10,1.0
q171355,R@100,1.0
q171356,nDCG@10,1.0
q171356,R@100,1.0
q171357,nDCG@10,0.6309297535714575
q171357,R@100,1.0
q171358,nDCG@10,0.0
q171358,R@100,1.0
q171359,nDCG@10,1.0
q171359,R@100,1.0
q171360,nDCG@10,0.6309297535714575
q171360,R@100,1.0
q171361,nDCG@10,0.6309297535714575
q171361,R@100,1.0
q171362,nDCG@10,1.0
q171362,R@100,1.0
q171363,nDCG@10,1.0
q171363,R@100,1.0
q171364,nDCG@10,1.0
q171364,R@100,1.0
q171365,nDCG@10,1.0
q171365,R@100,1.0
q171366,nDCG@10,0.6309297535714575
q171366,R@100,1.0
q171367,nDCG@10,1.0
q171367,R@100,1.0
q171368,nDCG@10,1.0
q171368,R@100,1.0
q171369,nDCG@10,1.0
q171369,R@100,1.0
q171370,nDCG@10,1.0
q171370,R@100,1.0
q171371,nDCG@10,1.0
q171371,R@100,1.0
q171372,nDCG@10,0.38685280723454163
q171372,R@100,1.0
q171373,nDCG@10,1.0
q171373,R@100,1.0
q171374,nDCG@10,0.0
q171374,R@100,0.0
q171375,nDCG@10,0.0
q171375,R@100,1.0
q171376,nDCG@10,1.0
q171376,R@100,1.0
q171377,nDCG@10,1.0
q171377,R@100,1.0
q171378,nDCG@10,0.43067655807339306
q171378,R@100,1.0
q171379,nDCG@10,1.0
q171379,R@100,1.0
q171380,nDCG@10,0.3562071871080222
q171380,R@100,1.0
q171381,nDCG@10,0.3010299956639812
q171381,R@100,1.0
q171382,nDCG@10,1.0
q171382,R@100,1.0
q171383,nDCG@10,1.0
q171383,R@100,1.0
q171384,nDCG@10,0.6309297535714575
q171384,R@100,1.0
q171385,nDCG@10,1.0
q171385,R@100,1.0
q171386,nDCG@10,1.0
q171386,R@100,1.0
q171387,nDCG@10,0.5
q171387,R@100,1.0
q171388,nDCG@10,1.0
q171388,R@100,1.0
q171389,nDCG@10,0.6309297535714575
q171389,R@100,1.0
q171390,nDCG@10,1.0
q171390,R@100,1.0
q171391,nDCG@10,1.0
q171391,R@100,1.0
q171392,nDCG@10,1.0
q171392,R@100,1.0
q171393,nDCG@10,1.0
q171393,R@100,1.0
q171394,nDCG@10,1.0
q171394,R@100,1.0
q171395,nDCG@10,1.0
q171395,R@100,1.0
q171396,nDCG@10,1.0
q171396,R@100,1.0
q171397,nDCG@10,1.0
q171397,R@100,1.0
q171398,nDCG@10,1.0
q171398,R@100,1.0
q171399,nDCG@10,0.0
q171399,R@100,1.0
q171400,nDCG@10,0.6309297535714575
q171400,R@100,1.0
q171401,nDCG@10,1.0
q171401,R@100,1.0
q171402,nDCG@10,1.0
q171402,R@100,1.0
q171403,nDCG@10,1.0
q171403,R@100,1.0
q171404,nDCG@10,1.0
q171404,R@100,1.0
q171405,nDCG@10,1.0
q171405,R@100,1.0
q171406,nDCG@10,1.0
q171406,R@100,1.0
q171407,nDCG@10,1.0
q171407,R@100,1.0
q171408,nDCG@10,1.0
q171408,R@100,1.0
q171409,nDCG@10,1.0
q171409,R@100,1.0
q171410,nDCG@10,0.6309297535714575
q171410,R@100,1.0
q171411,nDCG@10,1.0
q171411,R@100,1.0
q171412,nDCG@10,1.0
q171412,R@100,1.0
q171413,nDCG@10,1.0
q171413,R@100,1.0
q171414,nDCG@10,1.0
q171414,R@100,1.0
q171415,nDCG@10,1.0
q171415,R@100,1.0
q171416,nDCG@10,1.0
q171416,R@100,1.0
q171417,nDCG@10,1.0
q171417,R@100,1.0
q171418,nDCG@10,1.0
q171418,R@100,1.0
q171419,nDCG@10,1.0
q171419,R@100,1.0
q171420,nDCG@10,1.0
q171420,R@100,1.0
q171421,nDCG@10,0.38685280723454163
q171421,R@100,1.0
q171422,nDCG@10,1.0
q171422,R@100,1.0
q171423,nDCG@10,1.0
q171423,R@100,1.0
q171424,nDCG@10,1.0
q171424,R@100,1.0
q171425,nDCG@10,1.0
q171425,R@100,1.0
q171426,nDCG@10,1.0
q171426,R@100,1.0
q171427,nDCG@10,1.0
q171427,R@100,1.0
q171428,nDCG@10,1.0
q171428,R@100,1.0
q171429,nDCG@10,1.0
q171429,R@100,1.0
q171430,nDCG@10,1.0
q171430,R@100,1.0
q171431,nDCG@10,1.0
q171431,R@100,1.0
q171432,nDCG@10,0.6309297535714575
q171432,R@100,1.0
q171433,nDCG@10,1.0
q171433,R@100,1.0
q171434,nDCG@10,1.0
q171434,R@100,1.0
q171435,nDCG@10,1.0
q171435,R@100,1.0
q171436,nDCG@10,0.6309297535714575
q171436,R@100,1.0
q171437,nDCG@10,1.0
q171437,R@100,1.0
q171438,nDCG@10,1.0
q171438,R@100,1.0
q171439,nDCG@10,1.0
q171439,R@100,1.0
q171440,nDCG@10,1.0
q171440,R@100,1.0
q171441,nDCG@10,1.0
q171441,R@100,1.0
q171442,nDCG@10,1.0
q171442,R@100,1.0
q171443,nDCG@10,1.0
q171443,R@100,1.0
q171444,nDCG@10,1.0
q171444,R@100,1.0
q171445,nDCG@10,1.0
q171445,R@100,1.0
q171446,nDCG@10,1.0
q171446,R@100,1.0
q171447,nDCG@10,0.6309297535714575
q171447,R@100,1.0
q171448,nDCG@10,1.0
q171448,R@100,1.0
q171449,nDCG@10,1.0
q171449,R@100,1.0
q171450,nDCG@10,1.0
q171450,R@100,1.0
q171451,nDCG@10,1.0
q171451,R@100,1.0
q171452,nDCG@10,0.6309297535714575
q171452,R@100,1.0
q171453,nDCG@10,1.0
q171453,R@100,1.0
q171454,nDCG@10,0.6309297535714575
q171454,R@100,1.0
q171455,nDCG@10,1.0
q171455,R@100,1.0
q171456,nDCG@10,1.0
q171456,R@100,1.0
q171457,nDCG@10,1.0
q171457,R@100,1.0
q171458,nDCG@10,1.0
q171458,R@100,1.0
q171459,nDCG@10,1.0
q171459,R@100,1.0
q171460,nDCG@10,1.0
q171460,R@100,1.0
q171461,nDCG@10,1.0
q171461,R@100,1.0
q171462,nDCG@10,0.6309297535714575
q171462,R@100,1.0
q171463,nDCG@10,1.0
q171463,R@100,1.0
q171464,nDCG@10,1.0
q171464,R@100,1.0
q171465,nDCG@10,1.0
q171465,R@100,1.0
q171466,nDCG@10,1.0
q171466,R@100,1.0
q171467,nDCG@10,1.0
q171467,R@100,1.0
q171468,nDCG@10,1.0
q171468,R@100,1.0
q171469,nDCG@10,1.0
q171469,R@100,1.0
q171470,nDCG@10,1.0
q171470,R@100,1.0
q171471,nDCG@10,1.0
q171471,R@100,1.0
q171472,nDCG@10,1.0
q171472,R@100,1.0
q171473,nDCG@10,1.0
q171473,R@100,1.0
q171474,nDCG@10,1.0
q171474,R@100,1.0
q171475,nDCG@10,1.0
q171475,R@100,1.0
q171476,nDCG@10,1.0
q171476,R@100,1.0
q171477,nDCG@10,0.6309297535714575
q171477,R@100,1.0
q171478,nDCG@10,1.0
q171478,R@100,1.0
q171479,nDCG@10,1.0
q171479,R@100,1.0
q171480,nDCG@10,1.0
q171480,R@100,1.0
q171481,nDCG@10,1.0
q171481,R@100,1.0
q171482,nDCG@10,0.5
q171482,R@100,1.0
q171483,nDCG@10,1.0
q171483,R@100,1.0
q171484,nDCG@10,1.0
q171484,R@100,1.0
q171485,nDCG@10,1.0
q171485,R@100,1.0
q171486,nDCG@10,1.0
q171486,R@100,1.0
q171487,nDCG@10,1.0
q171487,R@100,1.0
q171488,nDCG@10,1.0
q171488,R@100,1.0
q171489,nDCG@10,1.0
q171489,R@100,1.0
q171490,nDCG@10,1.0
q171490,R@100,1.0
q171491,nDCG@10,1.0
q171491,R@100,1.0
q171492,nDCG@10,1.0
q171492,R@100,1.0
q171493,nDCG@10,0.0
q171493,R@100,1.0
q171494,nDCG@10,0.0
q171494,R@100,1.0
q171495,nDCG@10,0.0
q171495,R@100,1.0
q171496,nDCG@10,1.0
q171496,R@100,1.0
q171497,nDCG@10,1.0
q171497,R@100,1.0
q171498,nDCG@10,1.0
q171498,R@100,1.0
q171499,nDCG@10,1.0
q171499,R@100,1.0
q171500,nDCG@10,0.2890648263178879
q171500,R@100,1.0
q171501,nDCG@10,1.0
q171501,R@100,1.0
q171502,nDCG@10,0.3562071871080222
q171502,R@100,1.0
q171503,nDCG@10,1.0
q171503,R@100,1.0
q171504,nDCG@10,1.0
q171504,R@100,1.0
q171505,nDCG@10,1.0
q171505,R@100,1.0
q171506,nDCG@10,1.0
q171506,R@100,1.0
q171507,nDCG@10,1.0
q171507,R@100,1.0
q171508,nDCG@10,1.0
q171508,R@100,1.0
q171509,nDCG@10,0.6309297535714575
q171509,R@100,1.0
q171510,nDCG@10,1.0
q171510,R@100,1.0
q171511,nDCG@10,1.0
q171511,R@100,1.0
q171512,nDCG@10,0.0
q171512,R@100,0.0
q171513,nDCG@10,0.5
q171513,R@100,1.0
q171514,nDCG@10,0.0
q171514,R@100,1.0
q171515,nDCG@10,1.0
q171515,R@100,1.0
q171516,nDCG@10,1.0
q171516,R@100,1.0
q171517,nDCG@10,1.0
q171517,R@100,1.0
q171518,nDCG@10,1.0
q171518,R@100,1.0
q171519,nDCG@10,1.0
q171519,R@100,1.0
q171520,nDCG@10,1.0
q171520,R@100,1.0
q171521,nDCG@10,1.0
q171521,R@100,1.0
q171522,nDCG@10,1.0
q171522,R@100,1.0
q171523,nDCG@10,0.6309297535714575
q171523,R@100,1.0
q171524,nDCG@10,0.38685280723454163
q171524,R@100,1.0
q171525,nDCG@10,1.0
q171525,R@100,1.0
q171526,nDCG@10,1.0
q171526,R@100,1.0
q171527,nDCG@10,1.0
q171527,R@100,1.0
q171528,nDCG@10,1.0
q171528,R@100,1.0
q171529,nDCG@10,0.0
q171529,R@100,1.0
q171530,nDCG@10,1.0
q171530,R@100,1.0
q171531,nDCG@10,0.43067655807339306
q171531,R@100,1.0
q171532,nDCG@10,1.0
q171532,R@100,1.0
q171533,nDCG@10,1.0
q171533,R@100,1.0
q171534,nDCG@10,1.0
q171534,R@100,1.0
q171535,nDCG@10,1.0
q171535,R@100,1.0
q171536,nDCG@10,1.0
q171536,R@100,1.0
q171537,nDCG@10,0.3562071871080222
q171537,R@100,1.0
q171538,nDCG@10,1.0
q171538,R@100,1.0
q171539,nDCG@10,0.38685280723454163
q171539,R@100,1.0
q171540,nDCG@10,1.0
q171540,R@100,1.0
q171541,nDCG@10,1.0
q171541,R@100,1.0
q171542,nDCG@10,1.0
q171542,R@100,1.0
q171543,nDCG@10,1.0
q171543,R@100,1.0
q171544,nDCG@10,0.0
q171544,R@100,0.0
q171545,nDCG@10,1.0
q171545,R@100,1.0
q171546,nDCG@10,1.0
q171546,R@100,1.0
q171547,nDCG@10,1.0
q171547,R@100,1.0
q171548,nDCG@10,1.0
q171548,R@100,1.0
q171549,nDCG@10,1.0
q171549,R@100,1.0
q171550,nDCG@10,1.0
q171550,R@100,1.0
q171551,nDCG@10,1.0
q171551,R@100,1.0
q171552,nDCG@10,1.0
q171552,R@100,1.0
q171553,nDCG@10,1.0
q171553,R@100,1.0
q171554,nDCG@10,1.0
q171554,R@100,1.0
q171555,nDCG@10,0.0
q171555,R@100,1.0
q171556,nDCG@10,1.0
q171556,R@100,1.0
q171557,nDCG@10,1.0
q171557,R@100,1.0
q171558,nDCG@10,1.0
q171558,R@100,1.0
q171559,nDCG@10,1.0
q171559,R@100,1.0
q171560,nDCG@10,1.0
q171560,R@100,1.0
q171561,nDCG@10,1.0
q171561,R@100,1.0
q171562,nDCG@10,1.0
q171562,R@100,1.0
q171563,nDCG@10,1.0
q171563,R@100,1.0
q171564,nDCG@10,0.6309297535714575
q171564,R@100,1.0
q171565,nDCG@10,1.0
q171565,R@100,1.0
q171566,nDCG@10,1.0
q171566,R@100,1.0
q171567,nDCG@10,1.0
q171567,R@100,1.0
q171568,nDCG@10,1.0
q171568,R@100,1.0
q171569,nDCG@10,0.6309297535714575
q171569,R@100,1.0
q171570,nDCG@10,1.0
q171570,R@100,1.0
q171571,nDCG@10,1.0
q171571,R@100,1.0
q171572,nDCG@10,1.0
q171572,R@100,1.0
q171573,nDCG@10,1.0
q171573,R@100,1.0
q171574,nDCG@10,1.0
q171574,R@100,1.0
q171575,nDCG@10,1.0
q171575,R@100,1.0
q171576,nDCG@10,1.0
q171576,R@100,1.0
q171577,nDCG@10,0.0
q171577,R@100,1.0
q171578,nDCG@10,0.0
q171578,R@100,1.0
q171579,nDCG@10,0.0
q171579,R@100,1.0
q171580,nDCG@10,0.0
q171580,R@100,1.0
q171581,nDCG@10,0.6309297535714575
q171581,R@100,1.0
q171582,nDCG@10,1.0
q171582,R@100,1.0
q171583,nDCG@10,1.0
q171583,R@100,1.0
q171584,nDCG@10,1.0
q171584,R@100,1.0
q171585,nDCG@10,1.0
q171585,R@100,1.0
q171586,nDCG@10,1.0
q171586,R@100,1.0
q171587,nDCG@10,1.0
q171587,R@100,1.0
q171588,nDCG@10,1.0
q171588,R@100,1.0
q171589,nDCG@10,1.0
q171589,R@100,1.0
q171590,nDCG@10,1.0
q171590,R@100,1.0
q171591,nDCG@10,1.0
q171591,R@100,1.0
q171592,nDCG@10,1.0
q171592,R@100,1.0
q171593,nDCG@10,0.6309297535714575
q171593,R@100,1.0
q171594,nDCG@10,1.0
q171594,R@100,1.0
q171595,nDCG@10,1.0
q171595,R@100,1.0
q171596,nDCG@10,0.0
q171596,R@100,1.0
q171597,nDCG@10,1.0
q171597,R@100,1.0
q171598,nDCG@10,1.0
q171598,R@100,1.0
q171599,nDCG@10,1.0
q171599,R@100,1.0
q171600,nDCG@10,1.0
q171600,R@100,1.0
q171601,nDCG@10,1.0
q171601,R@100,1.0
q171602,nDCG@10,1.0
q171602,R@100,1.0
q171603,nDCG@10,0.38685280723454163
q171603,R@100,1.0
q171604,nDCG@10,0.0
q171604,R@100,1.0
q171605,nDCG@10,1.0
q171605,R@100,1.0
q171606,nDCG@10,1.0
q171606,R@100,1.0
q171607,nDCG@10,1.0
q171607,R@100,1.0
q171608,nDCG@10,1.0
q171608,R@100,1.0
q171609,nDCG@10,1.0
q171609,R@100,1.0
q171610,nDCG@10,1.0
q171610,R@100,1.0
q171611,nDCG@10,0.6309297535714575
q171611,R@100,1.0
q171612,nDCG@10,1.0
q171612,R@100,1.0
q171613,nDCG@10,1.0
q171613,R@100,1.0
q171614,nDCG@10,1.0
q171614,R@100,1.0
q171615,nDCG@10,1.0
q171615,R@100,1.0
q171616,nDCG@10,0.6309297535714575
q171616,R@100,1.0
q171617,nDCG@10,1.0
q171617,R@100,1.0
q171618,nDCG@10,1.0
q171618,R@100,1.0
q171619,nDCG@10,0.5
q171619,R@100,1.0
q171620,nDCG@10,1.0
q171620,R@100,1.0
q171621,nDCG@10,1.0
q171621,R@100,1.0
q171622,nDCG@10,1.0
q171622,R@100,1.0
q171623,nDCG@10,1.0
q171623,R@100,1.0
q171624,nDCG@10,1.0
q171624,R@100,1.0
q171625,nDCG@10,1.0
q171625,R@100,1.0
q171626,nDCG@10,1.0
q171626,R@100,1.0
q171627,nDCG@10,1.0
q171627,R@100,1.0
q171628,nDCG@10,1.0
q171628,R@100,1.0
q171629,nDCG@10,1.0
q171629,R@100,1.0
q171630,nDCG@10,1.0
q171630,R@100,1.0
q171631,nDCG@10,1.0
q171631,R@100,1.0
q171632,nDCG@10,1.0
q171632,R@100,1.0
q171633,nDCG@10,1.0
q171633,R@100,1.0
q171634,nDCG@10,1.0
q171634,R@100,1.0
q171635,nDCG@10,1.0
q171635,R@100,1.0
q171636,nDCG@10,1.0
q171636,R@100,1.0
q171637,nDCG@10,1.0
q171637,R@100,1.0
q171638,nDCG@10,0.5
q171638,R@100,1.0
q171639,nDCG@10,1.0
q171639,R@100,1.0
q171640,nDCG@10,1.0
q171640,R@100,1.0
q171641,nDCG@10,1.0
q171641,R@100,1.0
q171642,nDCG@10,1.0
q171642,R@100,1.0
q171643,nDCG@10,0.6309297535714575
q171643,R@100,1.0
q171644,nDCG@10,1.0
q171644,R@100,1.0
q171645,nDCG@10,1.0
q171645,R@100,1.0
q171646,nDCG@10,0.43067655807339306
q171646,R@100,1.0
q171647,nDCG@10,1.0
q171647,R@100,1.0
q171648,nDCG@10,0.6309297535714575
q171648,R@100,1.0
q171649,nDCG@10,1.0
q171649,R@100,1.0
q171650,nDCG@10,1.0
q171650,R@100,1.0
q171651,nDCG@10,1.0
q171651,R@100,1.0
q171652,nDCG@10,1.0
q171652,R@100,1.0
q171653,nDCG@10,1.0
q171653,R@100,1.0
q171654,nDCG@10,1.0
q171654,R@100,1.0
q171655,nDCG@10,0.6309297535714575
q171655,R@100,1.0
q171656,nDCG@10,1.0
q171656,R@100,1.0
q171657,nDCG@10,1.0
q171657,R@100,1.0
q171658,nDCG@10,1.0
q171658,R@100,1.0
q171659,nDCG@10,0.6309297535714575
q171659,R@100,1.0
q171660,nDCG@10,1.0
q171660,R@100,1.0
q171661,nDCG@10,0.6309297535714575
q171661,R@100,1.0
q171662,nDCG@10,0.6309297535714575
q171662,R@100,1.0
q171663,nDCG@10,1.0
q171663,R@100,1.0
q171664,nDCG@10,0.6309297535714575
q171664,R@100,1.0
q171665,nDCG@10,0.5
q171665,R@100,1.0
q171666,nDCG@10,1.0
q171666,R@100,1.0
q171667,nDCG@10,1.0
q171667,R@100,1.0
q171668,nDCG@10,1.0
q171668,R@100,1.0
q171669,nDCG@10,0.5
q171669,R@100,1.0
q171670,nDCG@10,1.0
q171670,R@100,1.0
q171671,nDCG@10,0.6309297535714575
q171671,R@100,1.0
q171672,nDCG@10,0.6309297535714575
q171672,R@100,1.0
q171673,nDCG@10,0.6309297535714575
q171673,R@100,1.0
q171674,nDCG@10,1.0
q171674,R@100,1.0
q171675,nDCG@10,0.6309297535714575
q171675,R@100,1.0
q171676,nDCG@10,1.0
q171676,R@100,1.0
q171677,nDCG@10,1.0
q171677,R@100,1.0
q171678,nDCG@10,1.0
q171678,R@100,1.0
q171679,nDCG@10,1.0
q171679,R@100,1.0
q171680,nDCG@10,0.6309297535714575
q171680,R@100,1.0
q171681,nDCG@10,1.0
q171681,R@100,1.0
q171682,nDCG@10,1.0
q171682,R@100,1.0
q171683,nDCG@10,1.0
q171683,R@100,1.0
q171684,nDCG@10,1.0
q171684,R@100,1.0
q171685,nDCG@10,1.0
q171685,R@100,1.0
q171686,nDCG@10,1.0
q171686,R@100,1.0
q171687,nDCG@10,1.0
q171687,R@100,1.0
q171688,nDCG@10,1.0
q171688,R@100,1.0
q171689,nDCG@10,1.0
q171689,R@100,1.0
q171690,nDCG@10,1.0
q171690,R@100,1.0
q171691,nDCG@10,1.0
q171691,R@100,1.0
q171692,nDCG@10,1.0
q171692,R@100,1.0
q171693,nDCG@10,1.0
q171693,R@100,1.0
q171694,nDCG@10,1.0
q171694,R@100,1.0
q171695,nDCG@10,1.0
q171695,R@100,1.0
q171696,nDCG@10,1.0
q171696,R@100,1.0
q171697,nDCG@10,1.0
q171697,R@100,1.0
q171698,nDCG@10,0.3333333333333333
q171698,R@100,1.0
q171699,nDCG@10,1.0
q171699,R@100,1.0
q171700,nDCG@10,1.0
q171700,R@100,1.0
q171701,nDCG@10,1.0
q171701,R@100,1.0
q171702,nDCG@10,1.0
q171702,R@100,1.0
q171703,nDCG@10,1.0
q171703,R@100,1.0
q171704,nDCG@10,1.0
q171704,R@100,1.0
q171705,nDCG@10,1.0
q171705,R@100,1.0
q171706,nDCG@10,1.0
q171706,R@100,1.0
q171707,nDCG@10,1.0
q171707,R@100,1.0
q171708,nDCG@10,1.0
q171708,R@100,1.0
q171709,nDCG@10,1.0
q171709,R@100,1.0
q171710,nDCG@10,1.0
q171710,R@100,1.0
q171711,nDCG@10,0.5
q171711,R@100,1.0
q171712,nDCG@10,1.0
q171712,R@100,1.0
q171713,nDCG@10,0.6309297535714575
q171713,R@100,1.0
q171714,nDCG@10,1.0
q171714,R@100,1.0
q171715,nDCG@10,0.3333333333333333
q171715,R@100,1.0
q171716,nDCG@10,1.0
q171716,R@100,1.0
q171717,nDCG@10,1.0
q171717,R@100,1.0
q171718,nDCG@10,1.0
q171718,R@100,1.0
q171719,nDCG@10,1.0
q171719,R@100,1.0
q171720,nDCG@10,1.0
q171720,R@100,1.0
q171721,nDCG@10,1.0
q171721,R@100,1.0
q171722,nDCG@10,1.0
q171722,R@100,1.0
q171723,nDCG@10,1.0
q171723,R@100,1.0
q171724,nDCG@10,1.0
q171724,R@100,1.0
q171725,nDCG@10,1.0
q171725,R@100,1.0
q171726,nDCG@10,1.0
q171726,R@100,1.0
q171727,nDCG@10,1.0
q171727,R@100,1.0
q171728,nDCG@10,1.0
q171728,R@100,1.0
q171729,nDCG@10,0.6309297535714575
q171729,R@100,1.0
q171730,nDCG@10,1.0
q171730,R@100,1.0
q171731,nDCG@10,1.0
q171731,R@100,1.0
q171732,nDCG@10,1.0
q171732,R@100,1.0
q171733,nDCG@10,1.0
q171733,R@100,1.0
q171734,nDCG@10,1.0
q171734,R@100,1.0
q171735,nDCG@10,1.0
q171735,R@100,1.0
q171736,nDCG@10,1.0
q171736,R@100,1.0
q171737,nDCG@10,1.0
q171737,R@100,1.0
q171738,nDCG@10,1.0
q171738,R@100,1.0
q171739,nDCG@10,1.0
q171739,R@100,1.0
q171740,nDCG@10,1.0
q171740,R@100,1.0
q171741,nDCG@10,1.0
q171741,R@100,1.0
q171742,nDCG@10,1.0
q171742,R@100,1.0
q171743,nDCG@10,1.0
q171743,R@100,1.0
q171744,nDCG@10,1.0
q171744,R@100,1.0
q171745,nDCG@10,1.0
q171745,R@100,1.0
q171746,nDCG@10,1.0
q171746,R@100,1.0
q171747,nDCG@10,0.6309297535714575
q171747,R@100,1.0
q171748,nDCG@10,1.0
q171748,R@100,1.0
q171749,nDCG@10,1.0
q171749,R@100,1.0
q171750,nDCG@10,1.0
q171750,R@100,1.0
q171751,nDCG@10,1.0
q171751,R@100,1.0
q171752,nDCG@10,0.0
q171752,R@100,1.0
q171753,nDCG@10,0.0
q171753,R@100,1.0
q171754,nDCG@10,0.0
q171754,R@100,0.0
q171755,nDCG@10,0.0
q171755,R@100,0.0
q171756,nDCG@10,0.0
q171756,R@100,1.0
q171757,nDCG@10,1.0
q171757,R@100,1.0
q171758,nDCG@10,0.6309297535714575
q171758,R@100,1.0
q171759,nDCG@10,0.38685280723454163
q171759,R@100,1.0
q171760,nDCG@10,1.0
q171760,R@100,1.0
q171761,nDCG@10,0.6309297535714575
q171761,R@100,1.0
q171762,nDCG@10,1.0
q171762,R@100,1.0
q171763,nDCG@10,0.6309297535714575
q171763,R@100,1.0
q171764,nDCG@10,1.0
q171764,R@100,1.0
q171765,nDCG@10,1.0
q171765,R@100,1.0
q171766,nDCG@10,1.0
q171766,R@100,1.0
q171767,nDCG@10,1.0
q171767,R@100,1.0
q171768,nDCG@10,0.6309297535714575
q171768,R@100,1.0
q171769,nDCG@10,0.6309297535714575
q171769,R@100,1.0
q171770,nDCG@10,0.6309297535714575
q171770,R@100,1.0
q171771,nDCG@10,1.0
q171771,R@100,1.0
q171772,nDCG@10,1.0
q171772,R@100,1.0
q171773,nDCG@10,1.0
q171773,R@100,1.0
q171774,nDCG@10,1.0
q171774,R@100,1.0
q171775,nDCG@10,0.6309297535714575
q171775,R@100,1.0
q171776,nDCG@10,1.0
q171776,R@100,1.0
q171777,nDCG@10,1.0
q171777,R@100,1.0
q171778,nDCG@10,1.0
q171778,R@100,1.0
q171779,nDCG@10,1.0
q171779,R@100,1.0
q171780,nDCG@10,1.0
q171780,R@100,1.0
q171781,nDCG@10,1.0
q171781,R@100,1.0
q171782,nDCG@10,1.0
q171782,R@100,1.0
q171783,nDCG@10,1.0
q171783,R@100,1.0
q171784,nDCG@10,1.0
q171784,R@100,1.0
q171785,nDCG@10,1.0
q171785,R@100,1.0
q171786,nDCG@10,1.0
q171786,R@100,1.0
q171787,nDCG@10,1.0
q171787,R@100,1.0
q171788,nDCG@10,0.6309297535714575
q171788,R@100,1.0
q171789,nDCG@10,1.0
q171789,R@100,1.0
q171790,nDCG@10,1.0
q171790,R@100,1.0
q171791,nDCG@10,1.0
q171791,R@100,1.0
q171792,nDCG@10,1.0
q171792,R@100,1.0
q171793,nDCG@10,0.43067655807339306
q171793,R@100,1.0
q171794,nDCG@10,1.0
q171794,R@100,1.0
q171795,nDCG@10,1.0
q171795,R@100,1.0
q171796,nDCG@10,1.0
q171796,R@100,1.0
q171797,nDCG@10,1.0
q171797,R@100,1.0
q171798,nDCG@10,1.0
q171798,R@100,1.0
q171799,nDCG@10,1.0
q171799,R@100,1.0
q171800,nDCG@10,1.0
q171800,R@100,1.0
q171801,nDCG@10,0.0
q171801,R@100,1.0
q171802,nDCG@10,1.0
q171802,R@100,1.0
q171803,nDCG@10,0.6309297535714575
q171803,R@100,1.0
q171804,nDCG@10,0.0
q171804,R@100,1.0
q171805,nDCG@10,1.0
q171805,R@100,1.0
q171806,nDCG@10,0.6309297535714575
q171806,R@100,1.0
q171807,nDCG@10,1.0
q171807,R@100,1.0
q171808,nDCG@10,1.0
q171808,R@100,1.0
q171809,nDCG@10,1.0
q171809,R@100,1.0
q171810,nDCG@10,1.0
q171810,R@100,1.0
q171811,nDCG@10,0.0
q171811,R@100,1.0
q171812,nDCG@10,1.0
q171812,R@100,1.0
q171813,nDCG@10,1.0
q171813,R@100,1.0
q171814,nDCG@10,1.0
q171814,R@100,1.0
q171815,nDCG@10,1.0
q171815,R@100,1.0
q171816,nDCG@10,1.0
q171816,R@100,1.0
q171817,nDCG@10,1.0
q171817,R@100,1.0
q171818,nDCG@10,1.0
q171818,R@100,1.0
q171819,nDCG@10,1.0
q171819,R@100,1.0
q171820,nDCG@10,1.0
q171820,R@100,1.0
q171821,nDCG@10,1.0
q171821,R@100,1.0
q171822,nDCG@10,0.6309297535714575
q171822,R@100,1.0
q171823,nDCG@10,1.0
q171823,R@100,1.0
q171824,nDCG@10,1.0
q171824,R@100,1.0
q171825,nDCG@10,1.0
q171825,R@100,1.0
q171826,nDCG@10,1.0
q171826,R@100,1.0
q171827,nDCG@10,1.0
q171827,R@100,1.0
q171828,nDCG@10,1.0
q171828,R@100,1.0
q171829,nDCG@10,1.0
q171829,R@100,1.0
q171830,nDCG@10,1.0
q171830,R@100,1.0
q171831,nDCG@10,0.6309297535714575
q171831,R@100,1.0
q171832,nDCG@10,1.0
q171832,R@100,1.0
q171833,nDCG@10,1.0
q171833,R@100,1.0
q171834,nDCG@10,1.0
q171834,R@100,1.0
q171835,nDCG@10,1.0
q171835,R@100,1.0
q171836,nDCG@10,0.0
q171836,R@100,1.0
q171837,nDCG@10,1.0
q171837,R@100,1.0
q171838,nDCG@10,1.0
q171838,R@100,1.0
q171839,nDCG@10,1.0
q171839,R@100,1.0
q171840,nDCG@10,1.0
q171840,R@100,1.0
q171841,nDCG@10,1.0
q171841,R@100,1.0
q171842,nDCG@10,1.0
q171842,R@100,1.0
q171843,nDCG@10,1.0
q171843,R@100,1.0
q171844,nDCG@10,1.0
q171844,R@100,1.0
q171845,nDCG@10,1.0
q171845,R@100,1.0
q171846,nDCG@10,1.0
q171846,R@100,1.0
q171847,nDCG@10,1.0
q171847,R@100,1.0
q171848,nDCG@10,0.5
q171848,R@100,1.0
q171849,nDCG@10,0.6309297535714575
q171849,R@100,1.0
q171850,nDCG@10,1.0
q171850,R@100,1.0
q171851,nDCG@10,1.0
q171851,R@100,1.0
q171852,nDCG@10,1.0
q171852,R@100,1.0
q171853,nDCG@10,1.0
q171853,R@100,1.0
q171854,nDCG@10,0.43067655807339306
q171854,R@100,1.0
q171855,nDCG@10,1.0
q171855,R@100,1.0
q171856,nDCG@10,1.0
q171856,R@100,1.0
q171857,nDCG@10,1.0
q171857,R@100,1.0
q171858,nDCG@10,1.0
q171858,R@100,1.0
q171859,nDCG@10,0.6309297535714575
q171859,R@100,1.0
q171860,nDCG@10,1.0
q171860,R@100,1.0
q171861,nDCG@10,1.0
q171861,R@100,1.0
q171862,nDCG@10,0.3010299956639812
q171862,R@100,1.0
q171863,nDCG@10,0.3010299956639812
q171863,R@100,1.0
q171864,nDCG@10,1.0
q171864,R@100,1.0
q171865,nDCG@10,1.0
q171865,R@100,1.0
q171866,nDCG@10,0.6309297535714575
q171866,R@100,1.0
q171867,nDCG@10,1.0
q171867,R@100,1.0
q171868,nDCG@10,1.0
q171868,R@100,1.0
q171869,nDCG@10,1.0
q171869,R@100,1.0
q171870,nDCG@10,1.0
q171870,R@100,1.0
q171871,nDCG@10,0.5
q171871,R@100,1.0
q171872,nDCG@10,1.0
q171872,R@100,1.0
q171873,nDCG@10,0.6309297535714575
q171873,R@100,1.0
q171874,nDCG@10,0.43067655807339306
q171874,R@100,1.0
q171875,nDCG@10,1.0
q171875,R@100,1.0
q171876,nDCG@10,1.0
q171876,R@100,1.0
q171877,nDCG@10,0.5
q171877,R@100,1.0
q171878,nDCG@10,0.6309297535714575
q171878,R@100,1.0
q171879,nDCG@10,1.0
q171879,R@100,1.0
q171880,nDCG@10,1.0
q171880,R@100,1.0
q171881,nDCG@10,1.0
q171881,R@100,1.0
q171882,nDCG@10,1.0
q171882,R@100,1.0
q171883,nDCG@10,1.0
q171883,R@100,1.0
q171884,nDCG@10,0.0
q171884,R@100,1.0
q171885,nDCG@10,0.6309297535714575
q171885,R@100,1.0
q171886,nDCG@10,1.0
q171886,R@100,1.0
q171887,nDCG@10,0.0
q171887,R@100,1.0
q171888,nDCG@10,1.0
q171888,R@100,1.0
q171889,nDCG@10,1.0
q171889,R@100,1.0
q171890,nDCG@10,1.0
q171890,R@100,1.0
q171891,nDCG@10,0.5
q171891,R@100,1.0
q171892,nDCG@10,0.0
q171892,R@100,1.0
q171893,nDCG@10,0.6309297535714575
q171893,R@100,1.0
q171894,nDCG@10,1.0
q171894,R@100,1.0
q171895,nDCG@10,1.0
q171895,R@100,1.0
q171896,nDCG@10,1.0
q171896,R@100,1.0
q171897,nDCG@10,0.31546487678572877
q171897,R@100,1.0
q171898,nDCG@10,1.0
q171898,R@100,1.0
q171899,nDCG@10,1.0
q171899,R@100,1.0
q171900,nDCG@10,1.0
q171900,R@100,1.0
q171901,nDCG@10,1.0
q171901,R@100,1.0
q171902,nDCG@10,0.6309297535714575
q171902,R@100,1.0
q171903,nDCG@10,1.0
q171903,R@100,1.0
q171904,nDCG@10,1.0
q171904,R@100,1.0
q171905,nDCG@10,0.6309297535714575
q171905,R@100,1.0
q171906,nDCG@10,1.0
q171906,R@100,1.0
q171907,nDCG@10,0.5
q171907,R@100,1.0
q171908,nDCG@10,1.0
q171908,R@100,1.0
q171909,nDCG@10,1.0
q171909,R@100,1.0
q171910,nDCG@10,0.6309297535714575
q171910,R@100,1.0
q171911,nDCG@10,0.6309297535714575
q171911,R@100,1.0
q171912,nDCG@10,1.0
q171912,R@100,1.0
q171913,nDCG@10,1.0
q171913,R@100,1.0
q171914,nDCG@10,0.31546487678572877
q171914,R@100,1.0
q171915,nDCG@10,1.0
q171915,R@100,1.0
q171916,nDCG@10,1.0
q171916,R@100,1.0
q171917,nDCG@10,1.0
q171917,R@100,1.0
q171918,nDCG@10,1.0
q171918,R@100,1.0
q171919,nDCG@10,1.0
q171919,R@100,1.0
q171920,nDCG@10,1.0
q171920,R@100,1.0
q171921,nDCG@10,0.6309297535714575
q171921,R@100,1.0
q171922,nDCG@10,1.0
q171922,R@100,1.0
q171923,nDCG@10,1.0
q171923,R@100,1.0
q171924,nDCG@10,1.0
q171924,R@100,1.0
q171925,nDCG@10,1.0
q171925,R@100,1.0
q171926,nDCG@10,1.0
q171926,R@100,1.0
q171927,nDCG@10,1.0
q171927,R@100,1.0
q171928,nDCG@10,1.0
q171928,R@100,1.0
q171929,nDCG@10,0.6309297535714575
q171929,R@100,1.0
q171930,nDCG@10,1.0
q171930,R@100,1.0
q171931,nDCG@10,1.0
q171931,R@100,1.0
q171932,nDCG@10,1.0
q171932,R@100,1.0
q171933,nDCG@10,1.0
q171933,R@100,1.0
q171934,nDCG@10,0.6309297535714575
q171934,R@100,1.0
q171935,nDCG@10,1.0
q171935,R@100,1.0
q171936,nDCG@10,1.0
q171936,R@100,1.0
q171937,nDCG@10,1.0
q171937,R@100,1.0
q171938,nDCG@10,1.0
q171938,R@100,1.0
q171939,nDCG@10,1.0
q171939,R@100,1.0
q171940,nDCG@10,1.0
q171940,R@100,1.0
q171941,nDCG@10,1.0
q171941,R@100,1.0
q171942,nDCG@10,1.0
q171942,R@100,1.0
q171943,nDCG@10,1.0
q171943,R@100,1.0
q171944,nDCG@10,1.0
q171944,R@100,1.0
q171945,nDCG@10,1.0
q171945,R@100,1.0
q171946,nDCG@10,1.0
q171946,R@100,1.0
q171947,nDCG@10,0.5
q171947,R@100,1.0
q171948,nDCG@10,1.0
q171948,R@100,1.0
q171949,nDCG@10,1.0
q171949,R@100,1.0
q171950,nDCG@10,0.6309297535714575
q171950,R@100,1.0
q171951,nDCG@10,0.6309297535714575
q171951,R@100,1.0
q171952,nDCG@10,1.0
q171952,R@100,1.0
q171953,nDCG@10,0.6309297535714575
q171953,R@100,1.0
q171954,nDCG@10,0.6309297535714575
q171954,R@100,1.0
q171955,nDCG@10,0.6309297535714575
q171955,R@100,1.0
q171956,nDCG@10,0.6309297535714575
q171956,R@100,1.0
q171957,nDCG@10,1.0
q171957,R@100,1.0
q171958,nDCG@10,0.6309297535714575
q171958,R@100,1.0
q171959,nDCG@10,0.6309297535714575
q171959,R@100,1.0
q171960,nDCG@10,1.0
q171960,R@100,1.0
q171961,nDCG@10,1.0
q171961,R@100,1.0
q171962,nDCG@10,0.3562071871080222
q171962,R@100,1.0
q171963,nDCG@10,1.0
q171963,R@100,1.0
q171964,nDCG@10,1.0
q171964,R@100,1.0
q171965,nDCG@10,1.0
q171965,R@100,1.0
q171966,nDCG@10,1.0
q171966,R@100,1.0
q171967,nDCG@10,0.0
q171967,R@100,1.0
q171968,nDCG@10,1.0
q171968,R@100,1.0
q171969,nDCG@10,1.0
q171969,R@100,1.0
q171970,nDCG@10,1.0
q171970,R@100,1.0
q171971,nDCG@10,1.0
q171971,R@100,1.0
q171972,nDCG@10,1.0
q171972,R@100,1.0
q171973,nDCG@10,1.0
q171973,R@100,1.0
q171974,nDCG@10,1.0
q171974,R@100,1.0
q171975,nDCG@10,0.6309297535714575
q171975,R@100,1.0
q171976,nDCG@10,1.0
q171976,R@100,1.0
q171977,nDCG@10,0.6309297535714575
q171977,R@100,1.0
q171978,nDCG@10,1.0
q171978,R@100,1.0
q171979,nDCG@10,1.0
q171979,R@100,1.0
q171980,nDCG@10,1.0
q171980,R@100,1.0
q171981,nDCG@10,1.0
q171981,R@100,1.0
q171982,nDCG@10,1.0
q171982,R@100,1.0
q171983,nDCG@10,1.0
q171983,R@100,1.0
q171984,nDCG@10,1.0
q171984,R@100,1.0
q171985,nDCG@10,1.0
q171985,R@100,1.0
q171986,nDCG@10,1.0
q171986,R@100,1.0
q171987,nDCG@10,1.0
q171987,R@100,1.0
q171988,nDCG@10,0.43067655807339306
q171988,R@100,1.0
q171989,nDCG@10,1.0
q171989,R@100,1.0
q171990,nDCG@10,0.6309297535714575
q171990,R@100,1.0
q171991,nDCG@10,0.31546487678572877
q171991,R@100,1.0
q171992,nDCG@10,1.0
q171992,R@100,1.0
q171993,nDCG@10,1.0
q171993,R@100,1.0
q171994,nDCG@10,1.0
q171994,R@100,1.0
q171995,nDCG@10,1.0
q171995,R@100,1.0
q171996,nDCG@10,1.0
q171996,R@100,1.0
q171997,nDCG@10,1.0
q171997,R@100,1.0
q171998,nDCG@10,1.0
q171998,R@100,1.0
q171999,nDCG@10,0.0
q171999,R@100,1.0
q172000,nDCG@10,1.0
q172000,R@100,1.0
q172001,nDCG@10,1.0
q172001,R@100,1.0
q172002,nDCG@10,0.0
q172002,R@100,1.0
q172003,nDCG@10,1.0
q172003,R@100,1.0
q172004,nDCG@10,1.0
q172004,R@100,1.0
q172005,nDCG@10,1.0
q172005,R@100,1.0
q172006,nDCG@10,0.2890648263178879
q172006,R@100,1.0
q172007,nDCG@10,1.0
q172007,R@100,1.0
q172008,nDCG@10,1.0
q172008,R@100,1.0
q172009,nDCG@10,1.0
q172009,R@100,1.0
q172010,nDCG@10,1.0
q172010,R@100,1.0
q172011,nDCG@10,0.6309297535714575
q172011,R@100,1.0
q172012,nDCG@10,1.0
q172012,R@100,1.0
q172013,nDCG@10,0.6309297535714575
q172013,R@100,1.0
q172014,nDCG@10,1.0
q172014,R@100,1.0
q172015,nDCG@10,0.6309297535714575
q172015,R@100,1.0
q172016,nDCG@10,0.6309297535714575
q172016,R@100,1.0
q172017,nDCG@10,1.0
q172017,R@100,1.0
q172018,nDCG@10,0.6309297535714575
q172018,R@100,1.0
q172019,nDCG@10,1.0
q172019,R@100,1.0
q172020,nDCG@10,1.0
q172020,R@100,1.0
q172021,nDCG@10,1.0
q172021,R@100,1.0
q172022,nDCG@10,0.43067655807339306
q172022,R@100,1.0
q172023,nDCG@10,1.0
q172023,R@100,1.0
q172024,nDCG@10,1.0
q172024,R@100,1.0
q172025,nDCG@10,0.6309297535714575
q172025,R@100,1.0
q172026,nDCG@10,0.43067655807339306
q172026,R@100,1.0
q172027,nDCG@10,1.0
q172027,R@100,1.0
q172028,nDCG@10,1.0
q172028,R@100,1.0
q172029,nDCG@10,1.0
q172029,R@100,1.0
q172030,nDCG@10,1.0
q172030,R@100,1.0
q172031,nDCG@10,1.0
q172031,R@100,1.0
q172032,nDCG@10,0.38685280723454163
q172032,R@100,1.0
q172033,nDCG@10,0.3333333333333333
q172033,R@100,1.0
q172034,nDCG@10,0.31546487678572877
q172034,R@100,1.0
q172035,nDCG@10,0.31546487678572877
q172035,R@100,1.0
q172036,nDCG@10,1.0
q172036,R@100,1.0
q172037,nDCG@10,1.0
q172037,R@100,1.0
q172038,nDCG@10,1.0
q172038,R@100,1.0
q172039,nDCG@10,1.0
q172039,R@100,1.0
q172040,nDCG@10,0.6309297535714575
q172040,R@100,1.0
q172041,nDCG@10,1.0
q172041,R@100,1.0
q172042,nDCG@10,1.0
q172042,R@100,1.0
q172043,nDCG@10,1.0
q172043,R@100,1.0
q172044,nDCG@10,0.6309297535714575
q172044,R@100,1.0
q172045,nDCG@10,1.0
q172045,R@100,1.0
q172046,nDCG@10,1.0
q172046,R@100,1.0
q172047,nDCG@10,1.0
q172047,R@100,1.0
q172048,nDCG@10,1.0
q172048,R@100,1.0
q172049,nDCG@10,1.0
q172049,R@100,1.0
q172050,nDCG@10,1.0
q172050,R@100,1.0
q172051,nDCG@10,1.0
q172051,R@100,1.0
q172052,nDCG@10,1.0
q172052,R@100,1.0
q172053,nDCG@10,1.0
q172053,R@100,1.0
q172054,nDCG@10,1.0
q172054,R@100,1.0
q172055,nDCG@10,1.0
q172055,R@100,1.0
q172056,nDCG@10,1.0
q172056,R@100,1.0
q172057,nDCG@10,1.0
q172057,R@100,1.0
q172058,nDCG@10,1.0
q172058,R@100,1.0
q172059,nDCG@10,0.5
q172059,R@100,1.0
q172060,nDCG@10,1.0
q172060,R@100,1.0
q172061,nDCG@10,1.0
q172061,R@100,1.0
q172062,nDCG@10,1.0
q172062,R@100,1.0
q172063,nDCG@10,1.0
q172063,R@100,1.0
q172064,nDCG@10,0.6309297535714575
q172064,R@100,1.0
q172065,nDCG@10,0.3010299956639812
q172065,R@100,1.0
q172066,nDCG@10,0.6309297535714575
q172066,R@100,1.0
q172067,nDCG@10,1.0
q172067,R@100,1.0
q172068,nDCG@10,1.0
q172068,R@100,1.0
q172069,nDCG@10,1.0
q172069,R@100,1.0
q172070,nDCG@10,1.0
q172070,R@100,1.0
q172071,nDCG@10,1.0
q172071,R@100,1.0
q172072,nDCG@10,0.6309297535714575
q172072,R@100,1.0
q172073,nDCG@10,1.0
q172073,R@100,1.0
q172074,nDCG@10,0.0
q172074,R@100,0.0
q172075,nDCG@10,0.0
q172075,R@100,1.0
q172076,nDCG@10,1.0
q172076,R@100,1.0
q172077,nDCG@10,1.0
q172077,R@100,1.0
q172078,nDCG@10,1.0
q172078,R@100,1.0
q172079,nDCG@10,1.0
q172079,R@100,1.0
q172080,nDCG@10,1.0
q172080,R@100,1.0
q172081,nDCG@10,1.0
q172081,R@100,1.0
q172082,nDCG@10,1.0
q172082,R@100,1.0
q172083,nDCG@10,1.0
q172083,R@100,1.0
q172084,nDCG@10,1.0
q172084,R@100,1.0
q172085,nDCG@10,1.0
q172085,R@100,1.0
q172086,nDCG@10,0.6309297535714575
q172086,R@100,1.0
q172087,nDCG@10,1.0
q172087,R@100,1.0
q172088,nDCG@10,1.0
q172088,R@100,1.0
q172089,nDCG@10,1.0
q172089,R@100,1.0
q172090,nDCG@10,0.6309297535714575
q172090,R@100,1.0
q172091,nDCG@10,1.0
q172091,R@100,1.0
q172092,nDCG@10,1.0
q172092,R@100,1.0
q172093,nDCG@10,1.0
q172093,R@100,1.0
q172094,nDCG@10,1.0
q172094,R@100,1.0
q172095,nDCG@10,0.6309297535714575
q172095,R@100,1.0
q172096,nDCG@10,1.0
q172096,R@100,1.0
q172097,nDCG@10,0.6309297535714575
q172097,R@100,1.0
q172098,nDCG@10,1.0
q172098,R@100,1.0
q172099,nDCG@10,1.0
q172099,R@100,1.0
q172100,nDCG@10,1.0
q172100,R@100,1.0
q172101,nDCG@10,0.0
q172101,R@100,1.0
q172102,nDCG@10,1.0
q172102,R@100,1.0
q172103,nDCG@10,0.5
q172103,R@100,1.0
q172104,nDCG@10,1.0
q172104,R@100,1.0
q172105,nDCG@10,1.0
q172105,R@100,1.0
q172106,nDCG@10,0.6309297535714575
q172106,R@100,1.0
q172107,nDCG@10,1.0
q172107,R@100,1.0
q172108,nDCG@10,1.0
q172108,R@100,1.0
q172109,nDCG@10,1.0
q172109,R@100,1.0
q172110,nDCG@10,1.0
q172110,R@100,1.0
q172111,nDCG@10,1.0
q172111,R@100,1.0
q172112,nDCG@10,1.0
q172112,R@100,1.0
q172113,nDCG@10,0.6309297535714575
q172113,R@100,1.0
q172114,nDCG@10,1.0
q172114,R@100,1.0
q172115,nDCG@10,0.5
q172115,R@100,1.0
q172116,nDCG@10,1.0
q172116,R@100,1.0
q172117,nDCG@10,0.6309297535714575
q172117,R@100,1.0
q172118,nDCG@10,1.0
q172118,R@100,1.0
q172119,nDCG@10,1.0
q172119,R@100,1.0
q172120,nDCG@10,1.0
q172120,R@100,1.0
q172121,nDCG@10,0.6309297535714575
q172121,R@100,1.0
q172122,nDCG@10,1.0
q172122,R@100,1.0
q172123,nDCG@10,1.0
q172123,R@100,1.0
q172124,nDCG@10,1.0
q172124,R@100,1.0
q172125,nDCG@10,1.0
q172125,R@100,1.0
q172126,nDCG@10,1.0
q172126,R@100,1.0
q172127,nDCG@10,1.0
q172127,R@100,1.0
q172128,nDCG@10,1.0
q172128,R@100,1.0
q172129,nDCG@10,1.0
q172129,R@100,1.0
q172130,nDCG@10,1.0
q172130,R@100,1.0
q172131,nDCG@10,0.43067655807339306
q172131,R@100,1.0
q172132,nDCG@10,0.6309297535714575
q172132,R@100,1.0
q172133,nDCG@10,0.5
q172133,R@100,1.0
q172134,nDCG@10,1.0
q172134,R@100,1.0
q172135,nDCG@10,1.0
q172135,R@100,1.0
q172136,nDCG@10,1.0
q172136,R@100,1.0
q172137,nDCG@10,1.0
q172137,R@100,1.0
q172138,nDCG@10,1.0
q172138,R@100,1.0
q172139,nDCG@10,1.0
q172139,R@100,1.0
q172140,nDCG@10,1.0
q172140,R@100,1.0
q172141,nDCG@10,1.0
q172141,R@100,1.0
q172142,nDCG@10,1.0
q172142,R@100,1.0
q172143,nDCG@10,1.0
q172143,R@100,1.0
q172144,nDCG@10,1.0
q172144,R@100,1.0
q172145,nDCG@10,1.0
q172145,R@100,1.0
q172146,nDCG@10,1.0
q172146,R@100,1.0
q172147,nDCG@10,0.0
q172147,R@100,1.0
q172148,nDCG@10,1.0
q172148,R@100,1.0
q172149,nDCG@10,0.0
q172149,R@100,0.0
q172150,nDCG@10,1.0
q172150,R@100,1.0
q172151,nDCG@10,1.0
q172151,R@100,1.0
q172152,nDCG@10,1.0
q172152,R@100,1.0
q172153,nDCG@10,1.0
q172153,R@100,1.0
q172154,nDCG@10,1.0
q172154,R@100,1.0
q172155,nDCG@10,1.0
q172155,R@100,1.0
q172156,nDCG@10,1.0
q172156,R@100,1.0
q172157,nDCG@10,1.0
q172157,R@100,1.0
q172158,nDCG@10,1.0
q172158,R@100,1.0
q172159,nDCG@10,1.0
q172159,R@100,1.0
q172160,nDCG@10,0.6309297535714575
q172160,R@100,1.0
q172161,nDCG@10,1.0
q172161,R@100,1.0
q172162,nDCG@10,1.0
q172162,R@100,1.0
q172163,nDCG@10,1.0
q172163,R@100,1.0
q172164,nDCG@10,1.0
q172164,R@100,1.0
q172165,nDCG@10,0.43067655807339306
q172165,R@100,1.0
q172166,nDCG@10,1.0
q172166,R@100,1.0
q172167,nDCG@10,1.0
q172167,R@100,1.0
q172168,nDCG@10,1.0
q172168,R@100,1.0
q172169,nDCG@10,1.0
q172169,R@100,1.0
q172170,nDCG@10,1.0
q172170,R@100,1.0
q172171,nDCG@10,1.0
q172171,R@100,1.0
q172172,nDCG@10,1.0
q172172,R@100,1.0
q172173,nDCG@10,1.0
q172173,R@100,1.0
q172174,nDCG@10,0.5
q172174,R@100,1.0
q172175,nDCG@10,1.0
q172175,R@100,1.0
q172176,nDCG@10,1.0
q172176,R@100,1.0
q172177,nDCG@10,1.0
q172177,R@100,1.0
q172178,nDCG@10,1.0
q172178,R@100,1.0
q172179,nDCG@10,1.0
q172179,R@100,1.0
q172180,nDCG@10,1.0
q172180,R@100,1.0
q172181,nDCG@10,1.0
q172181,R@100,1.0
q172182,nDCG@10,1.0
q172182,R@100,1.0
q172183,nDCG@10,1.0
q172183,R@100,1.0
q172184,nDCG@10,0.3562071871080222
q172184,R@100,1.0
q172185,nDCG@10,1.0
q172185,R@100,1.0
q172186,nDCG@10,1.0
q172186,R@100,1.0
q172187,nDCG@10,1.0
q172187,R@100,1.0
q172188,nDCG@10,1.0
q172188,R@100,1.0
q172189,nDCG@10,1.0
q172189,R@100,1.0
q172190,nDCG@10,1.0
q172190,R@100,1.0
q172191,nDCG@10,0.6309297535714575
q172191,R@100,1.0
q172192,nDCG@10,1.0
q172192,R@100,1.0
q172193,nDCG@10,1.0
q172193,R@100,1.0
q172194,nDCG@10,1.0
q172194,R@100,1.0
q172195,nDCG@10,1.0
q172195,R@100,1.0
q172196,nDCG@10,1.0
q172196,R@100,1.0
q172197,nDCG@10,1.0
q172197,R@100,1.0
q172198,nDCG@10,1.0
q172198,R@100,1.0
q172199,nDCG@10,1.0
q172199,R@100,1.0
q172200,nDCG@10,1.0
q172200,R@100,1.0
q172201,nDCG@10,1.0
q172201,R@100,1.0
q172202,nDCG@10,1.0
q172202,R@100,1.0
q172203,nDCG@10,1.0
q172203,R@100,1.0
q172204,nDCG@10,1.0
q172204,R@100,1.0
q172205,nDCG@10,0.5
q172205,R@100,1.0
q172206,nDCG@10,1.0
q172206,R@100,1.0
q172207,nDCG@10,0.6309297535714575
q172207,R@100,1.0
q172208,nDCG@10,1.0
q172208,R@100,1.0
q172209,nDCG@10,1.0
q172209,R@100,1.0
q172210,nDCG@10,1.0
q172210,R@100,1.0
q172211,nDCG@10,1.0
q172211,R@100,1.0
q172212,nDCG@10,0.43067655807339306
q172212,R@100,1.0
q172213,nDCG@10,1.0
q172213,R@100,1.0
q172214,nDCG@10,1.0
q172214,R@100,1.0
q172215,nDCG@10,1.0
q172215,R@100,1.0
q172216,nDCG@10,1.0
q172216,R@100,1.0
q172217,nDCG@10,1.0
q172217,R@100,1.0
q172218,nDCG@10,0.0
q172218,R@100,1.0
q172219,nDCG@10,1.0
q172219,R@100,1.0
q172220,nDCG@10,1.0
q172220,R@100,1.0
q172221,nDCG@10,1.0
q172221,R@100,1.0
q172222,nDCG@10,1.0
q172222,R@100,1.0
q172223,nDCG@10,1.0
q172223,R@100,1.0
q172224,nDCG@10,1.0
q172224,R@100,1.0
q172225,nDCG@10,1.0
q172225,R@100,1.0
q172226,nDCG@10,1.0
q172226,R@100,1.0
q172227,nDCG@10,0.6309297535714575
q172227,R@100,1.0
q172228,nDCG@10,0.5
q172228,R@100,1.0
q172229,nDCG@10,1.0
q172229,R@100,1.0
q172230,nDCG@10,1.0
q172230,R@100,1.0
q172231,nDCG@10,1.0
q172231,R@100,1.0
q172232,nDCG@10,1.0
q172232,R@100,1.0
q172233,nDCG@10,1.0
q172233,R@100,1.0
q172234,nDCG@10,1.0
q172234,R@100,1.0
q172235,nDCG@10,1.0
q172235,R@100,1.0
q172236,nDCG@10,0.6309297535714575
q172236,R@100,1.0
q172237,nDCG@10,1.0
q172237,R@100,1.0
q172238,nDCG@10,0.6309297535714575
q172238,R@100,1.0
q172239,nDCG@10,1.0
q172239,R@100,1.0
q172240,nDCG@10,1.0
q172240,R@100,1.0
q172241,nDCG@10,1.0
q172241,R@100,1.0
q172242,nDCG@10,1.0
q172242,R@100,1.0
q172243,nDCG@10,1.0
q172243,R@100,1.0
q172244,nDCG@10,1.0
q172244,R@100,1.0
q172245,nDCG@10,1.0
q172245,R@100,1.0
q172246,nDCG@10,1.0
q172246,R@100,1.0
q172247,nDCG@10,1.0
q172247,R@100,1.0
q172248,nDCG@10,1.0
q172248,R@100,1.0
q172249,nDCG@10,1.0
q172249,R@100,1.0
q172250,nDCG@10,1.0
q172250,R@100,1.0
q172251,nDCG@10,1.0
q172251,R@100,1.0
q172252,nDCG@10,1.0
q172252,R@100,1.0
q172253,nDCG@10,1.0
q172253,R@100,1.0
q172254,nDCG@10,1.0
q172254,R@100,1.0
q172255,nDCG@10,1.0
q172255,R@100,1.0
q172256,nDCG@10,1.0
q172256,R@100,1.0
q172257,nDCG@10,1.0
q172257,R@100,1.0
q172258,nDCG@10,1.0
q172258,R@100,1.0
q172259,nDCG@10,1.0
q172259,R@100,1.0
q172260,nDCG@10,1.0
q172260,R@100,1.0
q172261,nDCG@10,0.0
q172261,R@100,1.0
q172262,nDCG@10,1.0
q172262,R@100,1.0
q172263,nDCG@10,0.0
q172263,R@100,1.0
q172264,nDCG@10,1.0
q172264,R@100,1.0
q172265,nDCG@10,1.0
q172265,R@100,1.0
q172266,nDCG@10,1.0
q172266,R@100,1.0
q172267,nDCG@10,1.0
q172267,R@100,1.0
q172268,nDCG@10,1.0
q172268,R@100,1.0
q172269,nDCG@10,1.0
q172269,R@100,1.0
q172270,nDCG@10,1.0
q172270,R@100,1.0
q172271,nDCG@10,1.0
q172271,R@100,1.0
q172272,nDCG@10,1.0
q172272,R@100,1.0
q172273,nDCG@10,1.0
q172273,R@100,1.0
q172274,nDCG@10,1.0
q172274,R@100,1.0
q172275,nDCG@10,1.0
q172275,R@100,1.0
q172276,nDCG@10,1.0
q172276,R@100,1.0
q172277,nDCG@10,1.0
q172277,R@100,1.0
q172278,nDCG@10,1.0
q172278,R@100,1.0
q172279,nDCG@10,0.6309297535714575
q172279,R@100,1.0
q172280,nDCG@10,1.0
q172280,R@100,1.0
q172281,nDCG@10,1.0
q172281,R@100,1.0
q172282,nDCG@10,1.0
q172282,R@100,1.0
q172283,nDCG@10,1.0
q172283,R@100,1.0
q172284,nDCG@10,1.0
q172284,R@100,1.0
q172285,nDCG@10,0.6309297535714575
q172285,R@100,1.0
q172286,nDCG@10,1.0
q172286,R@100,1.0
q172287,nDCG@10,1.0
q172287,R@100,1.0
q172288,nDCG@10,1.0
q172288,R@100,1.0
q172289,nDCG@10,0.0
q172289,R@100,1.0
q172290,nDCG@10,1.0
q172290,R@100,1.0
q172291,nDCG@10,1.0
q172291,R@100,1.0
q172292,nDCG@10,1.0
q172292,R@100,1.0
q172293,nDCG@10,1.0
q172293,R@100,1.0
q172294,nDCG@10,0.6309297535714575
q172294,R@100,1.0
q172295,nDCG@10,1.0
q172295,R@100,1.0
q172296,nDCG@10,1.0
q172296,R@100,1.0
q172297,nDCG@10,1.0
q172297,R@100,1.0
q172298,nDCG@10,1.0
q172298,R@100,1.0
q172299,nDCG@10,0.6309297535714575
q172299,R@100,1.0
q172300,nDCG@10,1.0
q172300,R@100,1.0
q172301,nDCG@10,1.0
q172301,R@100,1.0
q172302,nDCG@10,1.0
q172302,R@100,1.0
q172303,nDCG@10,1.0
q172303,R@100,1.0
q172304,nDCG@10,1.0
q172304,R@100,1.0
q172305,nDCG@10,1.0
q172305,R@100,1.0
q172306,nDCG@10,1.0
q172306,R@100,1.0
q172307,nDCG@10,0.5
q172307,R@100,1.0
q172308,nDCG@10,0.5
q172308,R@100,1.0
q172309,nDCG@10,0.38685280723454163
q172309,R@100,1.0
q172310,nDCG@10,1.0
q172310,R@100,1.0
q172311,nDCG@10,1.0
q172311,R@100,1.0
q172312,nDCG@10,1.0
q172312,R@100,1.0
q172313,nDCG@10,1.0
q172313,R@100,1.0
q172314,nDCG@10,1.0
q172314,R@100,1.0
q172315,nDCG@10,1.0
q172315,R@100,1.0
q172316,nDCG@10,1.0
q172316,R@100,1.0
q172317,nDCG@10,0.6309297535714575
q172317,R@100,1.0
q172318,nDCG@10,1.0
q172318,R@100,1.0
q172319,nDCG@10,1.0
q172319,R@100,1.0
q172320,nDCG@10,1.0
q172320,R@100,1.0
q172321,nDCG@10,1.0
q172321,R@100,1.0
q172322,nDCG@10,1.0
q172322,R@100,1.0
q172323,nDCG@10,1.0
q172323,R@100,1.0
q172324,nDCG@10,1.0
q172324,R@100,1.0
q172325,nDCG@10,1.0
q172325,R@100,1.0
q172326,nDCG@10,1.0
q172326,R@100,1.0
q172327,nDCG@10,1.0
q172327,R@100,1.0
q172328,nDCG@10,1.0
q172328,R@100,1.0
q172329,nDCG@10,1.0
q172329,R@100,1.0
q172330,nDCG@10,1.0
q172330,R@100,1.0
q172331,nDCG@10,1.0
q172331,R@100,1.0
q172332,nDCG@10,1.0
q172332,R@100,1.0
q172333,nDCG@10,1.0
q172333,R@100,1.0
q172334,nDCG@10,1.0
q172334,R@100,1.0
q172335,nDCG@10,1.0
q172335,R@100,1.0
q172336,nDCG@10,1.0
q172336,R@100,1.0
q172337,nDCG@10,1.0
q172337,R@100,1.0
q172338,nDCG@10,1.0
q172338,R@100,1.0
q172339,nDCG@10,1.0
q172339,R@100,1.0
q172340,nDCG@10,1.0
q172340,R@100,1.0
q172341,nDCG@10,1.0
q172341,R@100,1.0
q172342,nDCG@10,1.0
q172342,R@100,1.0
q172343,nDCG@10,1.0
q172343,R@100,1.0
q172344,nDCG@10,1.0
q172344,R@100,1.0
q172345,nDCG@10,0.5
q172345,R@100,1.0
q172346,nDCG@10,1.0
q172346,R@100,1.0
q172347,nDCG@10,1.0
q172347,R@100,1.0
q172348,nDCG@10,0.43067655807339306
q172348,R@100,1.0
q172349,nDCG@10,1.0
q172349,R@100,1.0
q172350,nDCG@10,0.5
q172350,R@100,1.0
q172351,nDCG@10,1.0
q172351,R@100,1.0
q172352,nDCG@10,1.0
q172352,R@100,1.0
q172353,nDCG@10,1.0
q172353,R@100,1.0
q172354,nDCG@10,1.0
q172354,R@100,1.0
q172355,nDCG@10,1.0
q172355,R@100,1.0
q172356,nDCG@10,1.0
q172356,R@100,1.0
q172357,nDCG@10,0.6309297535714575
q172357,R@100,1.0
q172358,nDCG@10,1.0
q172358,R@100,1.0
q172359,nDCG@10,1.0
q172359,R@100,1.0
q172360,nDCG@10,1.0
q172360,R@100,1.0
q172361,nDCG@10,1.0
q172361,R@100,1.0
q172362,nDCG@10,1.0
q172362,R@100,1.0
q172363,nDCG@10,0.6309297535714575
q172363,R@100,1.0
q172364,nDCG@10,1.0
q172364,R@100,1.0
q172365,nDCG@10,1.0
q172365,R@100,1.0
q172366,nDCG@10,1.0
q172366,R@100,1.0
q172367,nDCG@10,1.0
q172367,R@100,1.0
q172368,nDCG@10,1.0
q172368,R@100,1.0
q172369,nDCG@10,1.0
q172369,R@100,1.0
q172370,nDCG@10,1.0
q172370,R@100,1.0
q172371,nDCG@10,1.0
q172371,R@100,1.0
q172372,nDCG@10,1.0
q172372,R@100,1.0
q172373,nDCG@10,0.3562071871080222
q172373,R@100,1.0
q172374,nDCG@10,1.0
q172374,R@100,1.0
q172375,nDCG@10,1.0
q172375,R@100,1.0
q172376,nDCG@10,1.0
q172376,R@100,1.0
q172377,nDCG@10,1.0
q172377,R@100,1.0
q172378,nDCG@10,1.0
q172378,R@100,1.0
q172379,nDCG@10,1.0
q172379,R@100,1.0
q172380,nDCG@10,0.6309297535714575
q172380,R@100,1.0
q172381,nDCG@10,0.38685280723454163
q172381,R@100,1.0
q172382,nDCG@10,1.0
q172382,R@100,1.0
q172383,nDCG@10,1.0
q172383,R@100,1.0
q172384,nDCG@10,1.0
q172384,R@100,1.0
q172385,nDCG@10,1.0
q172385,R@100,1.0
q172386,nDCG@10,1.0
q172386,R@100,1.0
q172387,nDCG@10,1.0
q172387,R@100,1.0
q172388,nDCG@10,1.0
q172388,R@100,1.0
q172389,nDCG@10,1.0
q172389,R@100,1.0
q172390,nDCG@10,1.0
q172390,R@100,1.0
q172391,nDCG@10,1.0
q172391,R@100,1.0
q172392,nDCG@10,1.0
q172392,R@100,1.0
q172393,nDCG@10,1.0
q172393,R@100,1.0
q172394,nDCG@10,0.6309297535714575
q172394,R@100,1.0
q172395,nDCG@10,1.0
q172395,R@100,1.0
q172396,nDCG@10,1.0
q172396,R@100,1.0
q172397,nDCG@10,1.0
q172397,R@100,1.0
q172398,nDCG@10,1.0
q172398,R@100,1.0
q172399,nDCG@10,1.0
q172399,R@100,1.0
q172400,nDCG@10,1.0
q172400,R@100,1.0
q172401,nDCG@10,0.43067655807339306
q172401,R@100,1.0
q172402,nDCG@10,1.0
q172402,R@100,1.0
q172403,nDCG@10,0.5
q172403,R@100,1.0
q172404,nDCG@10,1.0
q172404,R@100,1.0
q172405,nDCG@10,1.0
q172405,R@100,1.0
q172406,nDCG@10,0.6309297535714575
q172406,R@100,1.0
q172407,nDCG@10,1.0
q172407,R@100,1.0
q172408,nDCG@10,1.0
q172408,R@100,1.0
q172409,nDCG@10,1.0
q172409,R@100,1.0
q172410,nDCG@10,0.6309297535714575
q172410,R@100,1.0
q172411,nDCG@10,0.6309297535714575
q172411,R@100,1.0
q172412,nDCG@10,1.0
q172412,R@100,1.0
q172413,nDCG@10,1.0
q172413,R@100,1.0
q172414,nDCG@10,1.0
q172414,R@100,1.0
q172415,nDCG@10,1.0
q172415,R@100,1.0
q172416,nDCG@10,0.6309297535714575
q172416,R@100,1.0
q172417,nDCG@10,0.0
q172417,R@100,0.0
q172418,nDCG@10,1.0
q172418,R@100,1.0
q172419,nDCG@10,1.0
q172419,R@100,1.0
q172420,nDCG@10,0.0
q172420,R@100,0.0
q172421,nDCG@10,0.0
q172421,R@100,0.0
q172422,nDCG@10,1.0
q172422,R@100,1.0
q172423,nDCG@10,1.0
q172423,R@100,1.0
q172424,nDCG@10,0.6309297535714575
q172424,R@100,1.0
q172425,nDCG@10,1.0
q172425,R@100,1.0
q172426,nDCG@10,1.0
q172426,R@100,1.0
q172427,nDCG@10,1.0
q172427,R@100,1.0
q172428,nDCG@10,1.0
q172428,R@100,1.0
q172429,nDCG@10,0.6309297535714575
q172429,R@100,1.0
q172430,nDCG@10,0.6309297535714575
q172430,R@100,1.0
q172431,nDCG@10,1.0
q172431,R@100,1.0
q172432,nDCG@10,1.0
q172432,R@100,1.0
q172433,nDCG@10,1.0
q172433,R@100,1.0
q172434,nDCG@10,0.6309297535714575
q172434,R@100,1.0
q172435,nDCG@10,1.0
q172435,R@100,1.0
q172436,nDCG@10,1.0
q172436,R@100,1.0
q172437,nDCG@10,1.0
q172437,R@100,1.0
q172438,nDCG@10,1.0
q172438,R@100,1.0
q172439,nDCG@10,0.0
q172439,R@100,1.0
q172440,nDCG@10,1.0
q172440,R@100,1.0
q172441,nDCG@10,1.0
q172441,R@100,1.0
q172442,nDCG@10,0.6309297535714575
q172442,R@100,1.0
q172443,nDCG@10,1.0
q172443,R@100,1.0
q172444,nDCG@10,1.0
q172444,R@100,1.0
q172445,nDCG@10,1.0
q172445,R@100,1.0
q172446,nDCG@10,0.6309297535714575
q172446,R@100,1.0
q172447,nDCG@10,1.0
q172447,R@100,1.0
q172448,nDCG@10,1.0
q172448,R@100,1.0
q172449,nDCG@10,1.0
q172449,R@100,1.0
q172450,nDCG@10,1.0
q172450,R@100,1.0
q172451,nDCG@10,1.0
q172451,R@100,1.0
q172452,nDCG@10,1.0
q172452,R@100,1.0
q172453,nDCG@10,1.0
q172453,R@100,1.0
q172454,nDCG@10,0.6309297535714575
q172454,R@100,1.0
q172455,nDCG@10,1.0
q172455,R@100,1.0
q172456,nDCG@10,1.0
q172456,R@100,1.0
q172457,nDCG@10,1.0
q172457,R@100,1.0
q172458,nDCG@10,0.3333333333333333
q172458,R@100,1.0
q172459,nDCG@10,1.0
q172459,R@100,1.0
q172460,nDCG@10,1.0
q172460,R@100,1.0
q172461,nDCG@10,0.6309297535714575
q172461,R@100,1.0
q172462,nDCG@10,1.0
q172462,R@100,1.0
q172463,nDCG@10,1.0
q172463,R@100,1.0
q172464,nDCG@10,1.0
q172464,R@100,1.0
q172465,nDCG@10,1.0
q172465,R@100,1.0
q172466,nDCG@10,1.0
q172466,R@100,1.0
q172467,nDCG@10,1.0
q172467,R@100,1.0
q172468,nDCG@10,0.0
q172468,R@100,1.0
q172469,nDCG@10,1.0
q172469,R@100,1.0
q172470,nDCG@10,1.0
q172470,R@100,1.0
q172471,nDCG@10,1.0
q172471,R@100,1.0
q172472,nDCG@10,1.0
q172472,R@100,1.0
q172473,nDCG@10,1.0
q172473,R@100,1.0
q172474,nDCG@10,1.0
q172474,R@100,1.0
q172475,nDCG@10,1.0
q172475,R@100,1.0
q172476,nDCG@10,1.0
q172476,R@100,1.0
q172477,nDCG@10,1.0
q172477,R@100,1.0
q172478,nDCG@10,1.0
q172478,R@100,1.0
q172479,nDCG@10,1.0
q172479,R@100,1.0
q172480,nDCG@10,1.0
q172480,R@100,1.0
q172481,nDCG@10,1.0
q172481,R@100,1.0
q172482,nDCG@10,1.0
q172482,R@100,1.0
q172483,nDCG@10,0.6309297535714575
q172483,R@100,1.0
q172484,nDCG@10,1.0
q172484,R@100,1.0
q172485,nDCG@10,0.0
q172485,R@100,0.0
q172486,nDCG@10,1.0
q172486,R@100,1.0
q172487,nDCG@10,1.0
q172487,R@100,1.0
q172488,nDCG@10,1.0
q172488,R@100,1.0
q172489,nDCG@10,1.0
q172489,R@100,1.0
q172490,nDCG@10,1.0
q172490,R@100,1.0
q172491,nDCG@10,1.0
q172491,R@100,1.0
q172492,nDCG@10,0.6309297535714575
q172492,R@100,1.0
q172493,nDCG@10,1.0
q172493,R@100,1.0
q172494,nDCG@10,1.0
q172494,R@100,1.0
q172495,nDCG@10,1.0
q172495,R@100,1.0
q172496,nDCG@10,1.0
q172496,R@100,1.0
q172497,nDCG@10,0.5
q172497,R@100,1.0
q172498,nDCG@10,1.0
q172498,R@100,1.0
q172499,nDCG@10,0.6309297535714575
q172499,R@100,1.0
q172500,nDCG@10,1.0
q172500,R@100,1.0
q172501,nDCG@10,0.6309297535714575
q172501,R@100,1.0
q172502,nDCG@10,1.0
q172502,R@100,1.0
q172503,nDCG@10,1.0
q172503,R@100,1.0
q172504,nDCG@10,1.0
q172504,R@100,1.0
q172505,nDCG@10,0.6309297535714575
q172505,R@100,1.0
q172506,nDCG@10,0.6309297535714575
q172506,R@100,1.0
q172507,nDCG@10,0.2890648263178879
q172507,R@100,1.0
q172508,nDCG@10,1.0
q172508,R@100,1.0
q172509,nDCG@10,0.0
q172509,R@100,1.0
q172510,nDCG@10,0.6309297535714575
q172510,R@100,1.0
q172511,nDCG@10,1.0
q172511,R@100,1.0
q172512,nDCG@10,1.0
q172512,R@100,1.0
q172513,nDCG@10,1.0
q172513,R@100,1.0
q172514,nDCG@10,1.0
q172514,R@100,1.0
q172515,nDCG@10,1.0
q172515,R@100,1.0
q172516,nDCG@10,0.6309297535714575
q172516,R@100,1.0
q172517,nDCG@10,1.0
q172517,R@100,1.0
q172518,nDCG@10,0.6309297535714575
q172518,R@100,1.0
q172519,nDCG@10,1.0
q172519,R@100,1.0
q172520,nDCG@10,0.5
q172520,R@100,1.0
q172521,nDCG@10,1.0
q172521,R@100,1.0
q172522,nDCG@10,1.0
q172522,R@100,1.0
q172523,nDCG@10,1.0
q172523,R@100,1.0
q172524,nDCG@10,1.0
q172524,R@100,1.0
q172525,nDCG@10,1.0
q172525,R@100,1.0
q172526,nDCG@10,1.0
q172526,R@100,1.0
q172527,nDCG@10,0.6309297535714575
q172527,R@100,1.0
q172528,nDCG@10,1.0
q172528,R@100,1.0
q172529,nDCG@10,1.0
q172529,R@100,1.0
q172530,nDCG@10,1.0
q172530,R@100,1.0
q172531,nDCG@10,1.0
q172531,R@100,1.0
q172532,nDCG@10,1.0
q172532,R@100,1.0
q172533,nDCG@10,1.0
q172533,R@100,1.0
q172534,nDCG@10,1.0
q172534,R@100,1.0
q172535,nDCG@10,1.0
q172535,R@100,1.0
q172536,nDCG@10,1.0
q172536,R@100,1.0
q172537,nDCG@10,1.0
q172537,R@100,1.0
q172538,nDCG@10,1.0
q172538,R@100,1.0
q172539,nDCG@10,1.0
q172539,R@100,1.0
q172540,nDCG@10,1.0
q172540,R@100,1.0
q172541,nDCG@10,1.0
q172541,R@100,1.0
q172542,nDCG@10,1.0
q172542,R@100,1.0
q172543,nDCG@10,1.0
q172543,R@100,1.0
q172544,nDCG@10,1.0
q172544,R@100,1.0
q172545,nDCG@10,0.6309297535714575
q172545,R@100,1.0
q172546,nDCG@10,1.0
q172546,R@100,1.0
q172547,nDCG@10,1.0
q172547,R@100,1.0
q172548,nDCG@10,1.0
q172548,R@100,1.0
q172549,nDCG@10,1.0
q172549,R@100,1.0
q172550,nDCG@10,0.3333333333333333
q172550,R@100,1.0
q172551,nDCG@10,0.5
q172551,R@100,1.0
q172552,nDCG@10,1.0
q172552,R@100,1.0
q172553,nDCG@10,1.0
q172553,R@100,1.0
q172554,nDCG@10,1.0
q172554,R@100,1.0
q172555,nDCG@10,0.0
q172555,R@100,0.0
q172556,nDCG@10,1.0
q172556,R@100,1.0
q172557,nDCG@10,1.0
q172557,R@100,1.0
q172558,nDCG@10,1.0
q172558,R@100,1.0
q172559,nDCG@10,1.0
q172559,R@100,1.0
q172560,nDCG@10,1.0
q172560,R@100,1.0
q172561,nDCG@10,1.0
q172561,R@100,1.0
q172562,nDCG@10,1.0
q172562,R@100,1.0
q172563,nDCG@10,1.0
q172563,R@100,1.0
q172564,nDCG@10,1.0
q172564,R@100,1.0
q172565,nDCG@10,1.0
q172565,R@100,1.0
q172566,nDCG@10,0.6309297535714575
q172566,R@100,1.0
q172567,nDCG@10,1.0
q172567,R@100,1.0
q172568,nDCG@10,1.0
q172568,R@100,1.0
q172569,nDCG@10,1.0
q172569,R@100,1.0
q172570,nDCG@10,1.0
q172570,R@100,1.0
q172571,nDCG@10,1.0
q172571,R@100,1.0
q172572,nDCG@10,1.0
q172572,R@100,1.0
q172573,nDCG@10,1.0
q172573,R@100,1.0
q172574,nDCG@10,0.5
q172574,R@100,1.0
q172575,nDCG@10,0.0
q172575,R@100,1.0
q172576,nDCG@10,1.0
q172576,R@100,1.0
q172577,nDCG@10,1.0
q172577,R@100,1.0
q172578,nDCG@10,1.0
q172578,R@100,1.0
q172579,nDCG@10,1.0
q172579,R@100,1.0
q172580,nDCG@10,1.0
q172580,R@100,1.0
q172581,nDCG@10,1.0
q172581,R@100,1.0
q172582,nDCG@10,1.0
q172582,R@100,1.0
q172583,nDCG@10,1.0
q172583,R@100,1.0
q172584,nDCG@10,0.6309297535714575
q172584,R@100,1.0
q172585,nDCG@10,1.0
q172585,R@100,1.0
q172586,nDCG@10,0.6309297535714575
q172586,R@100,1.0
q172587,nDCG@10,1.0
q172587,R@100,1.0
q172588,nDCG@10,0.6309297535714575
q172588,R@100,1.0
q172589,nDCG@10,0.0
q172589,R@100,1.0
q172590,nDCG@10,1.0
q172590,R@100,1.0
q172591,nDCG@10,1.0
q172591,R@100,1.0
q172592,nDCG@10,0.6309297535714575
q172592,R@100,1.0
q172593,nDCG@10,1.0
q172593,R@100,1.0
q172594,nDCG@10,1.0
q172594,R@100,1.0
q172595,nDCG@10,1.0
q172595,R@100,1.0
q172596,nDCG@10,1.0
q172596,R@100,1.0
q172597,nDCG@10,1.0
q172597,R@100,1.0
q172598,nDCG@10,0.0
q172598,R@100,1.0
q172599,nDCG@10,1.0
q172599,R@100,1.0
q172600,nDCG@10,1.0
q172600,R@100,1.0
q172601,nDCG@10,1.0
q172601,R@100,1.0
q172602,nDCG@10,1.0
q172602,R@100,1.0
q172603,nDCG@10,1.0
q172603,R@100,1.0
q172604,nDCG@10,1.0
q172604,R@100,1.0
q172605,nDCG@10,1.0
q172605,R@100,1.0
q172606,nDCG@10,0.0
q172606,R@100,1.0
q172607,nDCG@10,0.6309297535714575
q172607,R@100,1.0
q172608,nDCG@10,1.0
q172608,R@100,1.0
q172609,nDCG@10,1.0
q172609,R@100,1.0
q172610,nDCG@10,1.0
q172610,R@100,1.0
q172611,nDCG@10,1.0
q172611,R@100,1.0
q172612,nDCG@10,1.0
q172612,R@100,1.0
q172613,nDCG@10,0.6309297535714575
q172613,R@100,1.0
q172614,nDCG@10,1.0
q172614,R@100,1.0
q172615,nDCG@10,1.0
q172615,R@100,1.0
q172616,nDCG@10,1.0
q172616,R@100,1.0
q172617,nDCG@10,1.0
q172617,R@100,1.0
q172618,nDCG@10,1.0
q172618,R@100,1.0
q172619,nDCG@10,1.0
q172619,R@100,1.0
q172620,nDCG@10,1.0
q172620,R@100,1.0
q172621,nDCG@10,1.0
q172621,R@100,1.0
q172622,nDCG@10,1.0
q172622,R@100,1.0
q172623,nDCG@10,1.0
q172623,R@100,1.0
q172624,nDCG@10,1.0
q172624,R@100,1.0
q172625,nDCG@10,1.0
q172625,R@100,1.0
q172626,nDCG@10,1.0
q172626,R@100,1.0
q172627,nDCG@10,1.0
q172627,R@100,1.0
q172628,nDCG@10,1.0
q172628,R@100,1.0
q172629,nDCG@10,1.0
q172629,R@100,1.0
q172630,nDCG@10,1.0
q172630,R@100,1.0
q172631,nDCG@10,1.0
q172631,R@100,1.0
q172632,nDCG@10,1.0
q172632,R@100,1.0
q172633,nDCG@10,1.0
q172633,R@100,1.0
q172634,nDCG@10,0.6309297535714575
q172634,R@100,1.0
q172635,nDCG@10,1.0
q172635,R@100,1.0
q172636,nDCG@10,1.0
q172636,R@100,1.0
q172637,nDCG@10,1.0
q172637,R@100,1.0
q172638,nDCG@10,1.0
q172638,R@100,1.0
q172639,nDCG@10,1.0
q172639,R@100,1.0
q172640,nDCG@10,1.0
q172640,R@100,1.0
q172641,nDCG@10,0.6309297535714575
q172641,R@100,1.0
q172642,nDCG@10,1.0
q172642,R@100,1.0
q172643,nDCG@10,0.6309297535714575
q172643,R@100,1.0
q172644,nDCG@10,1.0
q172644,R@100,1.0
q172645,nDCG@10,1.0
q172645,R@100,1.0
q172646,nDCG@10,1.0
q172646,R@100,1.0
q172647,nDCG@10,1.0
q172647,R@100,1.0
q172648,nDCG@10,1.0
q172648,R@100,1.0
q172649,nDCG@10,1.0
q172649,R@100,1.0
q172650,nDCG@10,0.6309297535714575
q172650,R@100,1.0
q172651,nDCG@10,1.0
q172651,R@100,1.0
q172652,nDCG@10,1.0
q172652,R@100,1.0
q172653,nDCG@10,1.0
q172653,R@100,1.0
q172654,nDCG@10,1.0
q172654,R@100,1.0
q172655,nDCG@10,1.0
q172655,R@100,1.0
q172656,nDCG@10,1.0
q172656,R@100,1.0
q172657,nDCG@10,1.0
q172657,R@100,1.0
q172658,nDCG@10,1.0
q172658,R@100,1.0
q172659,nDCG@10,0.3562071871080222
q172659,R@100,1.0
q172660,nDCG@10,1.0
q172660,R@100,1.0
q172661,nDCG@10,1.0
q172661,R@100,1.0
q172662,nDCG@10,1.0
q172662,R@100,1.0
q172663,nDCG@10,0.6309297535714575
q172663,R@100,1.0
q172664,nDCG@10,1.0
q172664,R@100,1.0
q172665,nDCG@10,1.0
q172665,R@100,1.0
q172666,nDCG@10,1.0
q172666,R@100,1.0
q172667,nDCG@10,1.0
q172667,R@100,1.0
q172668,nDCG@10,1.0
q172668,R@100,1.0
q172669,nDCG@10,1.0
q172669,R@100,1.0
q172670,nDCG@10,1.0
q172670,R@100,1.0
q172671,nDCG@10,1.0
q172671,R@100,1.0
q172672,nDCG@10,1.0
q172672,R@100,1.0
q172673,nDCG@10,1.0
q172673,R@100,1.0
q172674,nDCG@10,1.0
q172674,R@100,1.0
q172675,nDCG@10,1.0
q172675,R@100,1.0
q172676,nDCG@10,1.0
q172676,R@100,1.0
q172677,nDCG@10,1.0
q172677,R@100,1.0
q172678,nDCG@10,0.6309297535714575
q172678,R@100,1.0
q172679,nDCG@10,1.0
q172679,R@100,1.0
q172680,nDCG@10,1.0
q172680,R@100,1.0
q172681,nDCG@10,1.0
q172681,R@100,1.0
q172682,nDCG@10,0.6309297535714575
q172682,R@100,1.0
q172683,nDCG@10,1.0
q172683,R@100,1.0
q172684,nDCG@10,1.0
q172684,R@100,1.0
q172685,nDCG@10,1.0
q172685,R@100,1.0
q172686,nDCG@10,1.0
q172686,R@100,1.0
q172687,nDCG@10,1.0
q172687,R@100,1.0
q172688,nDCG@10,1.0
q172688,R@100,1.0
q172689,nDCG@10,0.6309297535714575
q172689,R@100,1.0
q172690,nDCG@10,0.0
q172690,R@100,1.0
q172691,nDCG@10,0.6309297535714575
q172691,R@100,1.0
q172692,nDCG@10,1.0
q172692,R@100,1.0
q172693,nDCG@10,1.0
q172693,R@100,1.0
q172694,nDCG@10,0.0
q172694,R@100,1.0
q172695,nDCG@10,1.0
q172695,R@100,1.0
q172696,nDCG@10,0.6309297535714575
q172696,R@100,1.0
q172697,nDCG@10,1.0
q172697,R@100,1.0
q172698,nDCG@10,1.0
q172698,R@100,1.0
q172699,nDCG@10,1.0
q172699,R@100,1.0
q172700,nDCG@10,1.0
q172700,R@100,1.0
q172701,nDCG@10,1.0
q172701,R@100,1.0
q172702,nDCG@10,1.0
q172702,R@100,1.0
q172703,nDCG@10,1.0
q172703,R@100,1.0
q172704,nDCG@10,1.0
q172704,R@100,1.0
q172705,nDCG@10,0.0
q172705,R@100,0.0
q172706,nDCG@10,1.0
q172706,R@100,1.0
q172707,nDCG@10,1.0
q172707,R@100,1.0
q172708,nDCG@10,1.0
q172708,R@100,1.0
q172709,nDCG@10,1.0
q172709,R@100,1.0
q172710,nDCG@10,1.0
q172710,R@100,1.0
q172711,nDCG@10,0.43067655807339306
q172711,R@100,1.0
q172712,nDCG@10,1.0
q172712,R@100,1.0
q172713,nDCG@10,1.0
q172713,R@100,1.0
q172714,nDCG@10,1.0
q172714,R@100,1.0
q172715,nDCG@10,1.0
q172715,R@100,1.0
q172716,nDCG@10,1.0
q172716,R@100,1.0
q172717,nDCG@10,1.0
q172717,R@100,1.0
q172718,nDCG@10,1.0
q172718,R@100,1.0
q172719,nDCG@10,0.0
q172719,R@100,1.0
q172720,nDCG@10,0.43067655807339306
q172720,R@100,1.0
q172721,nDCG@10,0.6309297535714575
q172721,R@100,1.0
q172722,nDCG@10,1.0
q172722,R@100,1.0
q172723,nDCG@10,1.0
q172723,R@100,1.0
q172724,nDCG@10,1.0
q172724,R@100,1.0
q172725,nDCG@10,1.0
q172725,R@100,1.0
q172726,nDCG@10,1.0
q172726,R@100,1.0
q172727,nDCG@10,1.0
q172727,R@100,1.0
q172728,nDCG@10,0.6309297535714575
q172728,R@100,1.0
q172729,nDCG@10,1.0
q172729,R@100,1.0
q172730,nDCG@10,1.0
q172730,R@100,1.0
q172731,nDCG@10,0.5
q172731,R@100,1.0
q172732,nDCG@10,1.0
q172732,R@100,1.0
q172733,nDCG@10,1.0
q172733,R@100,1.0
q172734,nDCG@10,1.0
q172734,R@100,1.0
q172735,nDCG@10,0.6309297535714575
q172735,R@100,1.0
q172736,nDCG@10,1.0
q172736,R@100,1.0
q172737,nDCG@10,0.0
q172737,R@100,0.0
q172738,nDCG@10,1.0
q172738,R@100,1.0
q172739,nDCG@10,1.0
q172739,R@100,1.0
q172740,nDCG@10,1.0
q172740,R@100,1.0
q172741,nDCG@10,0.43067655807339306
q172741,R@100,1.0
q172742,nDCG@10,1.0
q172742,R@100,1.0
q172743,nDCG@10,1.0
q172743,R@100,1.0
q172744,nDCG@10,1.0
q172744,R@100,1.0
q172745,nDCG@10,0.0
q172745,R@100,1.0
q172746,nDCG@10,1.0
q172746,R@100,1.0
q172747,nDCG@10,1.0
q172747,R@100,1.0
q172748,nDCG@10,1.0
q172748,R@100,1.0
q172749,nDCG@10,0.5
q172749,R@100,1.0
q172750,nDCG@10,0.6309297535714575
q172750,R@100,1.0
q172751,nDCG@10,1.0
q172751,R@100,1.0
q172752,nDCG@10,0.5
q172752,R@100,1.0
q172753,nDCG@10,1.0
q172753,R@100,1.0
q172754,nDCG@10,1.0
q172754,R@100,1.0
q172755,nDCG@10,0.6309297535714575
q172755,R@100,1.0
q172756,nDCG@10,1.0
q172756,R@100,1.0
q172757,nDCG@10,0.5
q172757,R@100,1.0
q172758,nDCG@10,1.0
q172758,R@100,1.0
q172759,nDCG@10,1.0
q172759,R@100,1.0
q172760,nDCG@10,1.0
q172760,R@100,1.0
q172761,nDCG@10,1.0
q172761,R@100,1.0
q172762,nDCG@10,1.0
q172762,R@100,1.0
q172763,nDCG@10,0.38685280723454163
q172763,R@100,1.0
q172764,nDCG@10,1.0
q172764,R@100,1.0
q172765,nDCG@10,1.0
q172765,R@100,1.0
q172766,nDCG@10,0.3562071871080222
q172766,R@100,1.0
q172767,nDCG@10,1.0
q172767,R@100,1.0
q172768,nDCG@10,1.0
q172768,R@100,1.0
q172769,nDCG@10,1.0
q172769,R@100,1.0
q172770,nDCG@10,1.0
q172770,R@100,1.0
q172771,nDCG@10,1.0
q172771,R@100,1.0
q172772,nDCG@10,1.0
q172772,R@100,1.0
q172773,nDCG@10,1.0
q172773,R@100,1.0
q172774,nDCG@10,1.0
q172774,R@100,1.0
q172775,nDCG@10,1.0
q172775,R@100,1.0
q172776,nDCG@10,0.6309297535714575
q172776,R@100,1.0
q172777,nDCG@10,1.0
q172777,R@100,1.0
q172778,nDCG@10,1.0
q172778,R@100,1.0
q172779,nDCG@10,1.0
q172779,R@100,1.0
q172780,nDCG@10,0.6309297535714575
q172780,R@100,1.0
q172781,nDCG@10,1.0
q172781,R@100,1.0
q172782,nDCG@10,0.0
q172782,R@100,1.0
q172783,nDCG@10,0.0
q172783,R@100,1.0
q172784,nDCG@10,0.0
q172784,R@100,0.0
q172785,nDCG@10,0.6309297535714575
q172785,R@100,1.0
q172786,nDCG@10,0.0
q172786,R@100,1.0
q172787,nDCG@10,1.0
q172787,R@100,1.0
q172788,nDCG@10,1.0
q172788,R@100,1.0
q172789,nDCG@10,1.0
q172789,R@100,1.0
q172790,nDCG@10,1.0
q172790,R@100,1.0
q172791,nDCG@10,1.0
q172791,R@100,1.0
q172792,nDCG@10,1.0
q172792,R@100,1.0
q172793,nDCG@10,1.0
q172793,R@100,1.0
q172794,nDCG@10,1.0
q172794,R@100,1.0
q172795,nDCG@10,1.0
q172795,R@100,1.0
q172796,nDCG@10,1.0
q172796,R@100,1.0
q172797,nDCG@10,1.0
q172797,R@100,1.0
q172798,nDCG@10,0.5
q172798,R@100,1.0
q172799,nDCG@10,0.6309297535714575
q172799,R@100,1.0
q172800,nDCG@10,1.0
q172800,R@100,1.0
q172801,nDCG@10,1.0
q172801,R@100,1.0
q172802,nDCG@10,1.0
q172802,R@100,1.0
q172803,nDCG@10,0.0
q172803,R@100,0.0
q172804,nDCG@10,1.0
q172804,R@100,1.0
q172805,nDCG@10,1.0
q172805,R@100,1.0
q172806,nDCG@10,1.0
q172806,R@100,1.0
q172807,nDCG@10,1.0
q172807,R@100,1.0
q172808,nDCG@10,1.0
q172808,R@100,1.0
q172809,nDCG@10,1.0
q172809,R@100,1.0
q172810,nDCG@10,1.0
q172810,R@100,1.0
q172811,nDCG@10,0.6309297535714575
q172811,R@100,1.0
q172812,nDCG@10,1.0
q172812,R@100,1.0
q172813,nDCG@10,1.0
q172813,R@100,1.0
q172814,nDCG@10,1.0
q172814,R@100,1.0
q172815,nDCG@10,0.43067655807339306
q172815,R@100,1.0
q172816,nDCG@10,1.0
q172816,R@100,1.0
q172817,nDCG@10,1.0
q172817,R@100,1.0
q172818,nDCG@10,1.0
q172818,R@100,1.0
q172819,nDCG@10,1.0
q172819,R@100,1.0
q172820,nDCG@10,1.0
q172820,R@100,1.0
q172821,nDCG@10,0.6309297535714575
q172821,R@100,1.0
q172822,nDCG@10,1.0
q172822,R@100,1.0
q172823,nDCG@10,1.0
q172823,R@100,1.0
q172824,nDCG@10,1.0
q172824,R@100,1.0
q172825,nDCG@10,1.0
q172825,R@100,1.0
q172826,nDCG@10,1.0
q172826,R@100,1.0
q172827,nDCG@10,1.0
q172827,R@100,1.0
q172828,nDCG@10,0.6309297535714575
q172828,R@100,1.0
q172829,nDCG@10,0.6309297535714575
q172829,R@100,1.0
q172830,nDCG@10,1.0
q172830,R@100,1.0
q172831,nDCG@10,1.0
q172831,R@100,1.0
q172832,nDCG@10,1.0
q172832,R@100,1.0
q172833,nDCG@10,1.0
q172833,R@100,1.0
q172834,nDCG@10,0.6309297535714575
q172834,R@100,1.0
q172835,nDCG@10,1.0
q172835,R@100,1.0
q172836,nDCG@10,1.0
q172836,R@100,1.0
q172837,nDCG@10,0.0
q172837,R@100,1.0
q172838,nDCG@10,0.6309297535714575
q172838,R@100,1.0
q172839,nDCG@10,1.0
q172839,R@100,1.0
q172840,nDCG@10,1.0
q172840,R@100,1.0
q172841,nDCG@10,1.0
q172841,R@100,1.0
q172842,nDCG@10,0.38685280723454163
q172842,R@100,1.0
q172843,nDCG@10,1.0
q172843,R@100,1.0
q172844,nDCG@10,1.0
q172844,R@100,1.0
q172845,nDCG@10,0.6309297535714575
q172845,R@100,1.0
q172846,nDCG@10,1.0
q172846,R@100,1.0
q172847,nDCG@10,1.0
q172847,R@100,1.0
q172848,nDCG@10,1.0
q172848,R@100,1.0
q172849,nDCG@10,1.0
q172849,R@100,1.0
q172850,nDCG@10,1.0
q172850,R@100,1.0
q172851,nDCG@10,1.0
q172851,R@100,1.0
q172852,nDCG@10,0.38685280723454163
q172852,R@100,1.0
q172853,nDCG@10,0.5
q172853,R@100,1.0
q172854,nDCG@10,1.0
q172854,R@100,1.0
q172855,nDCG@10,0.43067655807339306
q172855,R@100,1.0
q172856,nDCG@10,0.5
q172856,R@100,1.0
q172857,nDCG@10,1.0
q172857,R@100,1.0
q172858,nDCG@10,1.0
q172858,R@100,1.0
q172859,nDCG@10,1.0
q172859,R@100,1.0
q172860,nDCG@10,1.0
q172860,R@100,1.0
q172861,nDCG@10,0.38685280723454163
q172861,R@100,1.0
q172862,nDCG@10,0.5
q172862,R@100,1.0
q172863,nDCG@10,1.0
q172863,R@100,1.0
q172864,nDCG@10,1.0
q172864,R@100,1.0
q172865,nDCG@10,0.6309297535714575
q172865,R@100,1.0
q172866,nDCG@10,1.0
q172866,R@100,1.0
q172867,nDCG@10,1.0
q172867,R@100,1.0
q172868,nDCG@10,1.0
q172868,R@100,1.0
q172869,nDCG@10,1.0
q172869,R@100,1.0
q172870,nDCG@10,1.0
q172870,R@100,1.0
q172871,nDCG@10,1.0
q172871,R@100,1.0
q172872,nDCG@10,1.0
q172872,R@100,1.0
q172873,nDCG@10,1.0
q172873,R@100,1.0
q172874,nDCG@10,1.0
q172874,R@100,1.0
q172875,nDCG@10,0.6309297535714575
q172875,R@100,1.0
q172876,nDCG@10,0.5
q172876,R@100,1.0
q172877,nDCG@10,1.0
q172877,R@100,1.0
q172878,nDCG@10,1.0
q172878,R@100,1.0
q172879,nDCG@10,0.6309297535714575
q172879,R@100,1.0
q172880,nDCG@10,1.0
q172880,R@100,1.0
q172881,nDCG@10,0.0
q172881,R@100,1.0
q172882,nDCG@10,1.0
q172882,R@100,1.0
q172883,nDCG@10,1.0
q172883,R@100,1.0
q172884,nDCG@10,1.0
q172884,R@100,1.0
q172885,nDCG@10,1.0
q172885,R@100,1.0
q172886,nDCG@10,1.0
q172886,R@100,1.0
q172887,nDCG@10,1.0
q172887,R@100,1.0
q172888,nDCG@10,0.6309297535714575
q172888,R@100,1.0
q172889,nDCG@10,1.0
q172889,R@100,1.0
q172890,nDCG@10,1.0
q172890,R@100,1.0
q172891,nDCG@10,1.0
q172891,R@100,1.0
q172892,nDCG@10,0.6309297535714575
q172892,R@100,1.0
q172893,nDCG@10,1.0
q172893,R@100,1.0
q172894,nDCG@10,1.0
q172894,R@100,1.0
q172895,nDCG@10,1.0
q172895,R@100,1.0
q172896,nDCG@10,1.0
q172896,R@100,1.0
q172897,nDCG@10,1.0
q172897,R@100,1.0
q172898,nDCG@10,1.0
q172898,R@100,1.0
q172899,nDCG@10,1.0
q172899,R@100,1.0
q172900,nDCG@10,1.0
q172900,R@100,1.0
q172901,nDCG@10,1.0
q172901,R@100,1.0
q172902,nDCG@10,1.0
q172902,R@100,1.0
q172903,nDCG@10,1.0
q172903,R@100,1.0
q172904,nDCG@10,1.0
q172904,R@100,1.0
q172905,nDCG@10,1.0
q172905,R@100,1.0
q172906,nDCG@10,1.0
q172906,R@100,1.0
q172907,nDCG@10,1.0
q172907,R@100,1.0
q172908,nDCG@10,0.6309297535714575
q172908,R@100,1.0
q172909,nDCG@10,1.0
q172909,R@100,1.0
q172910,nDCG@10,1.0
q172910,R@100,1.0
q172911,nDCG@10,1.0
q172911,R@100,1.0
q172912,nDCG@10,1.0
q172912,R@100,1.0
q172913,nDCG@10,1.0
q172913,R@100,1.0
q172914,nDCG@10,0.5
q172914,R@100,1.0
q172915,nDCG@10,1.0
q172915,R@100,1.0
q172916,nDCG@10,1.0
q172916,R@100,1.0
q172917,nDCG@10,0.3333333333333333
q172917,R@100,1.0
q172918,nDCG@10,1.0
q172918,R@100,1.0
q172919,nDCG@10,1.0
q172919,R@100,1.0
q172920,nDCG@10,1.0
q172920,R@100,1.0
q172921,nDCG@10,1.0
q172921,R@100,1.0
q172922,nDCG@10,1.0
q172922,R@100,1.0
q172923,nDCG@10,1.0
q172923,R@100,1.0
q172924,nDCG@10,1.0
q172924,R@100,1.0
q172925,nDCG@10,1.0
q172925,R@100,1.0
q172926,nDCG@10,1.0
q172926,R@100,1.0
q172927,nDCG@10,1.0
q172927,R@100,1.0
q172928,nDCG@10,1.0
q172928,R@100,1.0
q172929,nDCG@10,1.0
q172929,R@100,1.0
q172930,nDCG@10,1.0
q172930,R@100,1.0
q172931,nDCG@10,1.0
q172931,R@100,1.0
q172932,nDCG@10,1.0
q172932,R@100,1.0
q172933,nDCG@10,0.6309297535714575
q172933,R@100,1.0
q172934,nDCG@10,1.0
q172934,R@100,1.0
q172935,nDCG@10,1.0
q172935,R@100,1.0
q172936,nDCG@10,1.0
q172936,R@100,1.0
q172937,nDCG@10,1.0
q172937,R@100,1.0
q172938,nDCG@10,1.0
q172938,R@100,1.0
q172939,nDCG@10,1.0
q172939,R@100,1.0
q172940,nDCG@10,1.0
q172940,R@100,1.0
q172941,nDCG@10,0.6309297535714575
q172941,R@100,1.0
q172942,nDCG@10,1.0
q172942,R@100,1.0
q172943,nDCG@10,1.0
q172943,R@100,1.0
q172944,nDCG@10,1.0
q172944,R@100,1.0
q172945,nDCG@10,1.0
q172945,R@100,1.0
q172946,nDCG@10,1.0
q172946,R@100,1.0
q172947,nDCG@10,1.0
q172947,R@100,1.0
q172948,nDCG@10,1.0
q172948,R@100,1.0
q172949,nDCG@10,1.0
q172949,R@100,1.0
q172950,nDCG@10,1.0
q172950,R@100,1.0
q172951,nDCG@10,1.0
q172951,R@100,1.0
q172952,nDCG@10,1.0
q172952,R@100,1.0
q172953,nDCG@10,1.0
q172953,R@100,1.0
q172954,nDCG@10,1.0
q172954,R@100,1.0
q172955,nDCG@10,1.0
q172955,R@100,1.0
q172956,nDCG@10,1.0
q172956,R@100,1.0
q172957,nDCG@10,0.6309297535714575
q172957,R@100,1.0
q172958,nDCG@10,1.0
q172958,R@100,1.0
q172959,nDCG@10,1.0
q172959,R@100,1.0
q172960,nDCG@10,1.0
q172960,R@100,1.0
q172961,nDCG@10,1.0
q172961,R@100,1.0
q172962,nDCG@10,1.0
q172962,R@100,1.0
q172963,nDCG@10,1.0
q172963,R@100,1.0
q172964,nDCG@10,0.0
q172964,R@100,0.0
q172965,nDCG@10,1.0
q172965,R@100,1.0
q172966,nDCG@10,1.0
q172966,R@100,1.0
q172967,nDCG@10,0.6309297535714575
q172967,R@100,1.0
q172968,nDCG@10,1.0
q172968,R@100,1.0
q172969,nDCG@10,0.6309297535714575
q172969,R@100,1.0
q172970,nDCG@10,0.6309297535714575
q172970,R@100,1.0
q172971,nDCG@10,1.0
q172971,R@100,1.0
q172972,nDCG@10,1.0
q172972,R@100,1.0
q172973,nDCG@10,1.0
q172973,R@100,1.0
q172974,nDCG@10,1.0
q172974,R@100,1.0
q172975,nDCG@10,1.0
q172975,R@100,1.0
q172976,nDCG@10,1.0
q172976,R@100,1.0
q172977,nDCG@10,1.0
q172977,R@100,1.0
q172978,nDCG@10,1.0
q172978,R@100,1.0
q172979,nDCG@10,1.0
q172979,R@100,1.0
q172980,nDCG@10,1.0
q172980,R@100,1.0
q172981,nDCG@10,1.0
q172981,R@100,1.0
q172982,nDCG@10,1.0
q172982,R@100,1.0
q172983,nDCG@10,1.0
q172983,R@100,1.0
q172984,nDCG@10,0.6309297535714575
q172984,R@100,1.0
q172985,nDCG@10,1.0
q172985,R@100,1.0
q172986,nDCG@10,1.0
q172986,R@100,1.0
q172987,nDCG@10,1.0
q172987,R@100,1.0
q172988,nDCG@10,0.43067655807339306
q172988,R@100,1.0
q172989,nDCG@10,0.5
q172989,R@100,1.0
q172990,nDCG@10,0.43067655807339306
q172990,R@100,1.0
q172991,nDCG@10,1.0
q172991,R@100,1.0
q172992,nDCG@10,1.0
q172992,R@100,1.0
q172993,nDCG@10,1.0
q172993,R@100,1.0
q172994,nDCG@10,1.0
q172994,R@100,1.0
q172995,nDCG@10,1.0
q172995,R@100,1.0
q172996,nDCG@10,1.0
q172996,R@100,1.0
q172997,nDCG@10,1.0
q172997,R@100,1.0
q172998,nDCG@10,1.0
q172998,R@100,1.0
q172999,nDCG@10,1.0
q172999,R@100,1.0
q173000,nDCG@10,1.0
q173000,R@100,1.0
q173001,nDCG@10,0.6309297535714575
q173001,R@100,1.0
q173002,nDCG@10,1.0
q173002,R@100,1.0
q173003,nDCG@10,1.0
q173003,R@100,1.0
q173004,nDCG@10,1.0
q173004,R@100,1.0
q173005,nDCG@10,1.0
q173005,R@100,1.0
q173006,nDCG@10,0.6309297535714575
q173006,R@100,1.0
q173007,nDCG@10,1.0
q173007,R@100,1.0
q173008,nDCG@10,0.0
q173008,R@100,1.0
q173009,nDCG@10,0.0
q173009,R@100,0.0
q173010,nDCG@10,1.0
q173010,R@100,1.0
q173011,nDCG@10,0.3333333333333333
q173011,R@100,1.0
q173012,nDCG@10,1.0
q173012,R@100,1.0
q173013,nDCG@10,1.0
q173013,R@100,1.0
q173014,nDCG@10,0.6309297535714575
q173014,R@100,1.0
q173015,nDCG@10,1.0
q173015,R@100,1.0
q173016,nDCG@10,1.0
q173016,R@100,1.0
q173017,nDCG@10,1.0
q173017,R@100,1.0
q173018,nDCG@10,1.0
q173018,R@100,1.0
q173019,nDCG@10,1.0
q173019,R@100,1.0
q173020,nDCG@10,1.0
q173020,R@100,1.0
q173021,nDCG@10,0.6309297535714575
q173021,R@100,1.0
q173022,nDCG@10,1.0
q173022,R@100,1.0
q173023,nDCG@10,1.0
q173023,R@100,1.0
q173024,nDCG@10,1.0
q173024,R@100,1.0
q173025,nDCG@10,1.0
q173025,R@100,1.0
q173026,nDCG@10,1.0
q173026,R@100,1.0
q173027,nDCG@10,1.0
q173027,R@100,1.0
q173028,nDCG@10,1.0
q173028,R@100,1.0
q173029,nDCG@10,1.0
q173029,R@100,1.0
q173030,nDCG@10,1.0
q173030,R@100,1.0
q173031,nDCG@10,1.0
q173031,R@100,1.0
q173032,nDCG@10,1.0
q173032,R@100,1.0
q173033,nDCG@10,1.0
q173033,R@100,1.0
q173034,nDCG@10,1.0
q173034,R@100,1.0
q173035,nDCG@10,1.0
q173035,R@100,1.0
q173036,nDCG@10,1.0
q173036,R@100,1.0
q173037,nDCG@10,1.0
q173037,R@100,1.0
q173038,nDCG@10,1.0
q173038,R@100,1.0
q173039,nDCG@10,1.0
q173039,R@100,1.0
q173040,nDCG@10,1.0
q173040,R@100,1.0
q173041,nDCG@10,1.0
q173041,R@100,1.0
q173042,nDCG@10,1.0
q173042,R@100,1.0
q173043,nDCG@10,1.0
q173043,R@100,1.0
q173044,nDCG@10,1.0
q173044,R@100,1.0
q173045,nDCG@10,1.0
q173045,R@100,1.0
q173046,nDCG@10,1.0
q173046,R@100,1.0
q173047,nDCG@10,0.6309297535714575
q173047,R@100,1.0
q173048,nDCG@10,1.0
q173048,R@100,1.0
q173049,nDCG@10,1.0
q173049,R@100,1.0
q173050,nDCG@10,1.0
q173050,R@100,1.0
q173051,nDCG@10,1.0
q173051,R@100,1.0
q173052,nDCG@10,1.0
q173052,R@100,1.0
q173053,nDCG@10,1.0
q173053,R@100,1.0
q173054,nDCG@10,1.0
q173054,R@100,1.0
q173055,nDCG@10,0.5
q173055,R@100,1.0
q173056,nDCG@10,1.0
q173056,R@100,1.0
q173057,nDCG@10,1.0
q173057,R@100,1.0
q173058,nDCG@10,0.6309297535714575
q173058,R@100,1.0
q173059,nDCG@10,1.0
q173059,R@100,1.0
q173060,nDCG@10,1.0
q173060,R@100,1.0
q173061,nDCG@10,0.6309297535714575
q173061,R@100,1.0
q173062,nDCG@10,1.0
q173062,R@100,1.0
q173063,nDCG@10,1.0
q173063,R@100,1.0
q173064,nDCG@10,1.0
q173064,R@100,1.0
q173065,nDCG@10,1.0
q173065,R@100,1.0
q173066,nDCG@10,1.0
q173066,R@100,1.0
q173067,nDCG@10,1.0
q173067,R@100,1.0
q173068,nDCG@10,1.0
q173068,R@100,1.0
q173069,nDCG@10,1.0
q173069,R@100,1.0
q173070,nDCG@10,1.0
q173070,R@100,1.0
q173071,nDCG@10,1.0
q173071,R@100,1.0
q173072,nDCG@10,1.0
q173072,R@100,1.0
q173073,nDCG@10,0.0
q173073,R@100,1.0
q173074,nDCG@10,1.0
q173074,R@100,1.0
q173075,nDCG@10,1.0
q173075,R@100,1.0
q173076,nDCG@10,1.0
q173076,R@100,1.0
q173077,nDCG@10,1.0
q173077,R@100,1.0
q173078,nDCG@10,1.0
q173078,R@100,1.0
q173079,nDCG@10,1.0
q173079,R@100,1.0
q173080,nDCG@10,0.0
q173080,R@100,1.0
q173081,nDCG@10,0.5
q173081,R@100,1.0
q173082,nDCG@10,1.0
q173082,R@100,1.0
q173083,nDCG@10,1.0
q173083,R@100,1.0
q173084,nDCG@10,1.0
q173084,R@100,1.0
q173085,nDCG@10,1.0
q173085,R@100,1.0
q173086,nDCG@10,1.0
q173086,R@100,1.0
q173087,nDCG@10,1.0
q173087,R@100,1.0
q173088,nDCG@10,1.0
q173088,R@100,1.0
q173089,nDCG@10,1.0
q173089,R@100,1.0
q173090,nDCG@10,1.0
q173090,R@100,1.0
q173091,nDCG@10,0.6309297535714575
q173091,R@100,1.0
q173092,nDCG@10,1.0
q173092,R@100,1.0
q173093,nDCG@10,1.0
q173093,R@100,1.0
q173094,nDCG@10,0.0
q173094,R@100,1.0
q173095,nDCG@10,0.0
q173095,R@100,1.0
q173096,nDCG@10,1.0
q173096,R@100,1.0
q173097,nDCG@10,1.0
q173097,R@100,1.0
q173098,nDCG@10,1.0
q173098,R@100,1.0
q173099,nDCG@10,1.0
q173099,R@100,1.0
q173100,nDCG@10,1.0
q173100,R@100,1.0
q173101,nDCG@10,1.0
q173101,R@100,1.0
q173102,nDCG@10,0.6309297535714575
q173102,R@100,1.0
q173103,nDCG@10,0.6309297535714575
q173103,R@100,1.0
q173104,nDCG@10,0.5
q173104,R@100,1.0
q173105,nDCG@10,0.5
q173105,R@100,1.0
q173106,nDCG@10,1.0
q173106,R@100,1.0
q173107,nDCG@10,1.0
q173107,R@100,1.0
q173108,nDCG@10,1.0
q173108,R@100,1.0
q173109,nDCG@10,1.0
q173109,R@100,1.0
q173110,nDCG@10,1.0
q173110,R@100,1.0
q173111,nDCG@10,1.0
q173111,R@100,1.0
q173112,nDCG@10,1.0
q173112,R@100,1.0
q173113,nDCG@10,1.0
q173113,R@100,1.0
q173114,nDCG@10,1.0
q173114,R@100,1.0
q173115,nDCG@10,1.0
q173115,R@100,1.0
q173116,nDCG@10,1.0
q173116,R@100,1.0
q173117,nDCG@10,1.0
q173117,R@100,1.0
q173118,nDCG@10,1.0
q173118,R@100,1.0
q173119,nDCG@10,0.5
q173119,R@100,1.0
q173120,nDCG@10,1.0
q173120,R@100,1.0
q173121,nDCG@10,1.0
q173121,R@100,1.0
q173122,nDCG@10,1.0
q173122,R@100,1.0
q173123,nDCG@10,0.6309297535714575
q173123,R@100,1.0
q173124,nDCG@10,1.0
q173124,R@100,1.0
q173125,nDCG@10,0.6309297535714575
q173125,R@100,1.0
q173126,nDCG@10,0.6309297535714575
q173126,R@100,1.0
q173127,nDCG@10,1.0
q173127,R@100,1.0
q173128,nDCG@10,0.6309297535714575
q173128,R@100,1.0
q173129,nDCG@10,1.0
q173129,R@100,1.0
q173130,nDCG@10,0.6309297535714575
q173130,R@100,1.0
q173131,nDCG@10,0.3333333333333333
q173131,R@100,1.0
q173132,nDCG@10,1.0
q173132,R@100,1.0
q173133,nDCG@10,0.6309297535714575
q173133,R@100,1.0
q173134,nDCG@10,1.0
q173134,R@100,1.0
q173135,nDCG@10,1.0
q173135,R@100,1.0
q173136,nDCG@10,1.0
q173136,R@100,1.0
q173137,nDCG@10,1.0
q173137,R@100,1.0
q173138,nDCG@10,1.0
q173138,R@100,1.0
q173139,nDCG@10,1.0
q173139,R@100,1.0
q173140,nDCG@10,1.0
q173140,R@100,1.0
q173141,nDCG@10,1.0
q173141,R@100,1.0
q173142,nDCG@10,0.6309297535714575
q173142,R@100,1.0
q173143,nDCG@10,1.0
q173143,R@100,1.0
q173144,nDCG@10,1.0
q173144,R@100,1.0
q173145,nDCG@10,1.0
q173145,R@100,1.0
q173146,nDCG@10,1.0
q173146,R@100,1.0
q173147,nDCG@10,1.0
q173147,R@100,1.0
q173148,nDCG@10,1.0
q173148,R@100,1.0
q173149,nDCG@10,1.0
q173149,R@100,1.0
q173150,nDCG@10,1.0
q173150,R@100,1.0
q173151,nDCG@10,0.6309297535714575
q173151,R@100,1.0
q173152,nDCG@10,0.6309297535714575
q173152,R@100,1.0
q173153,nDCG@10,1.0
q173153,R@100,1.0
q173154,nDCG@10,1.0
q173154,R@100,1.0
q173155,nDCG@10,1.0
q173155,R@100,1.0
q173156,nDCG@10,1.0
q173156,R@100,1.0
q173157,nDCG@10,1.0
q173157,R@100,1.0
q173158,nDCG@10,1.0
q173158,R@100,1.0
q173159,nDCG@10,1.0
q173159,R@100,1.0
q173160,nDCG@10,1.0
q173160,R@100,1.0
q173161,nDCG@10,1.0
q173161,R@100,1.0
q173162,nDCG@10,0.6309297535714575
q173162,R@100,1.0
q173163,nDCG@10,1.0
q173163,R@100,1.0
q173164,nDCG@10,0.6309297535714575
q173164,R@100,1.0
q173165,nDCG@10,0.6309297535714575
q173165,R@100,1.0
q173166,nDCG@10,0.6309297535714575
q173166,R@100,1.0
q173167,nDCG@10,1.0
q173167,R@100,1.0
q173168,nDCG@10,1.0
q173168,R@100,1.0
q173169,nDCG@10,1.0
q173169,R@100,1.0
q173170,nDCG@10,1.0
q173170,R@100,1.0
q173171,nDCG@10,1.0
q173171,R@100,1.0
q173172,nDCG@10,1.0
q173172,R@100,1.0
q173173,nDCG@10,0.6309297535714575
q173173,R@100,1.0
q173174,nDCG@10,0.6309297535714575
q173174,R@100,1.0
q173175,nDCG@10,0.6309297535714575
q173175,R@100,1.0
q173176,nDCG@10,1.0
q173176,R@100,1.0
q173177,nDCG@10,1.0
q173177,R@100,1.0
q173178,nDCG@10,1.0
q173178,R@100,1.0
q173179,nDCG@10,0.43067655807339306
q173179,R@100,1.0
q173180,nDCG@10,0.6309297535714575
q173180,R@100,1.0
q173181,nDCG@10,1.0
q173181,R@100,1.0
q173182,nDCG@10,1.0
q173182,R@100,1.0
q173183,nDCG@10,0.43067655807339306
q173183,R@100,1.0
q173184,nDCG@10,1.0
q173184,R@100,1.0
q173185,nDCG@10,1.0
q173185,R@100,1.0
q173186,nDCG@10,1.0
q173186,R@100,1.0
q173187,nDCG@10,0.6309297535714575
q173187,R@100,1.0
q173188,nDCG@10,1.0
q173188,R@100,1.0
q173189,nDCG@10,0.6309297535714575
q173189,R@100,1.0
q173190,nDCG@10,1.0
q173190,R@100,1.0
q173191,nDCG@10,1.0
q173191,R@100,1.0
q173192,nDCG@10,1.0
q173192,R@100,1.0
q173193,nDCG@10,1.0
q173193,R@100,1.0
q173194,nDCG@10,1.0
q173194,R@100,1.0
q173195,nDCG@10,0.31546487678572877
q173195,R@100,1.0
q173196,nDCG@10,0.6309297535714575
q173196,R@100,1.0
q173197,nDCG@10,1.0
q173197,R@100,1.0
q173198,nDCG@10,0.5
q173198,R@100,1.0
q173199,nDCG@10,0.6309297535714575
q173199,R@100,1.0
q173200,nDCG@10,1.0
q173200,R@100,1.0
q173201,nDCG@10,1.0
q173201,R@100,1.0
q173202,nDCG@10,0.5
q173202,R@100,1.0
q173203,nDCG@10,1.0
q173203,R@100,1.0
q173204,nDCG@10,1.0
q173204,R@100,1.0
q173205,nDCG@10,1.0
q173205,R@100,1.0
q173206,nDCG@10,1.0
q173206,R@100,1.0
q173207,nDCG@10,1.0
q173207,R@100,1.0
q173208,nDCG@10,1.0
q173208,R@100,1.0
q173209,nDCG@10,1.0
q173209,R@100,1.0
q173210,nDCG@10,0.38685280723454163
q173210,R@100,1.0
q173211,nDCG@10,1.0
q173211,R@100,1.0
q173212,nDCG@10,1.0
q173212,R@100,1.0
q173213,nDCG@10,1.0
q173213,R@100,1.0
q173214,nDCG@10,0.5
q173214,R@100,1.0
q173215,nDCG@10,1.0
q173215,R@100,1.0
q173216,nDCG@10,1.0
q173216,R@100,1.0
q173217,nDCG@10,1.0
q173217,R@100,1.0
q173218,nDCG@10,1.0
q173218,R@100,1.0
q173219,nDCG@10,1.0
q173219,R@100,1.0
q173220,nDCG@10,0.38685280723454163
q173220,R@100,1.0
q173221,nDCG@10,1.0
q173221,R@100,1.0
q173222,nDCG@10,1.0
q173222,R@100,1.0
q173223,nDCG@10,1.0
q173223,R@100,1.0
q173224,nDCG@10,1.0
q173224,R@100,1.0
q173225,nDCG@10,1.0
q173225,R@100,1.0
q173226,nDCG@10,1.0
q173226,R@100,1.0
q173227,nDCG@10,0.6309297535714575
q173227,R@100,1.0
q173228,nDCG@10,1.0
q173228,R@100,1.0
q173229,nDCG@10,1.0
q173229,R@100,1.0
q173230,nDCG@10,0.6309297535714575
q173230,R@100,1.0
q173231,nDCG@10,1.0
q173231,R@100,1.0
q173232,nDCG@10,0.0
q173232,R@100,0.0
q173233,nDCG@10,1.0
q173233,R@100,1.0
q173234,nDCG@10,1.0
q173234,R@100,1.0
q173235,nDCG@10,0.6309297535714575
q173235,R@100,1.0
q173236,nDCG@10,1.0
q173236,R@100,1.0
q173237,nDCG@10,1.0
q173237,R@100,1.0
q173238,nDCG@10,0.2890648263178879
q173238,R@100,1.0
q173239,nDCG@10,0.0
q173239,R@100,1.0
q173240,nDCG@10,1.0
q173240,R@100,1.0
q173241,nDCG@10,0.6309297535714575
q173241,R@100,1.0
q173242,nDCG@10,0.6309297535714575
q173242,R@100,1.0
q173243,nDCG@10,1.0
q173243,R@100,1.0
q173244,nDCG@10,0.5
q173244,R@100,1.0
q173245,nDCG@10,1.0
q173245,R@100,1.0
q173246,nDCG@10,1.0
q173246,R@100,1.0
q173247,nDCG@10,0.6309297535714575
q173247,R@100,1.0
q173248,nDCG@10,1.0
q173248,R@100,1.0
q173249,nDCG@10,0.5
q173249,R@100,1.0
q173250,nDCG@10,1.0
q173250,R@100,1.0
q173251,nDCG@10,1.0
q173251,R@100,1.0
q173252,nDCG@10,1.0
q173252,R@100,1.0
q173253,nDCG@10,1.0
q173253,R@100,1.0
q173254,nDCG@10,1.0
q173254,R@100,1.0
q173255,nDCG@10,1.0
q173255,R@100,1.0
q173256,nDCG@10,1.0
q173256,R@100,1.0
q173257,nDCG@10,1.0
q173257,R@100,1.0
q173258,nDCG@10,1.0
q173258,R@100,1.0
q173259,nDCG@10,1.0
q173259,R@100,1.0
q173260,nDCG@10,1.0
q173260,R@100,1.0
q173261,nDCG@10,1.0
q173261,R@100,1.0
q173262,nDCG@10,1.0
q173262,R@100,1.0
q173263,nDCG@10,1.0
q173263,R@100,1.0
q173264,nDCG@10,1.0
q173264,R@100,1.0
q173265,nDCG@10,1.0
q173265,R@100,1.0
q173266,nDCG@10,1.0
q173266,R@100,1.0
q173267,nDCG@10,1.0
q173267,R@100,1.0
q173268,nDCG@10,1.0
q173268,R@100,1.0
q173269,nDCG@10,1.0
q173269,R@100,1.0
q173270,nDCG@10,1.0
q173270,R@100,1.0
q173271,nDCG@10,1.0
q173271,R@100,1.0
q173272,nDCG@10,1.0
q173272,R@100,1.0
q173273,nDCG@10,1.0
q173273,R@100,1.0
q173274,nDCG@10,0.6309297535714575
q173274,R@100,1.0
q173275,nDCG@10,1.0
q173275,R@100,1.0
q173276,nDCG@10,1.0
q173276,R@100,1.0
q173277,nDCG@10,0.6309297535714575
q173277,R@100,1.0
q173278,nDCG@10,1.0
q173278,R@100,1.0
q173279,nDCG@10,1.0
q173279,R@100,1.0
q173280,nDCG@10,1.0
q173280,R@100,1.0
q173281,nDCG@10,1.0
q173281,R@100,1.0
q173282,nDCG@10,1.0
q173282,R@100,1.0
q173283,nDCG@10,1.0
q173283,R@100,1.0
q173284,nDCG@10,1.0
q173284,R@100,1.0
q173285,nDCG@10,1.0
q173285,R@100,1.0
q173286,nDCG@10,1.0
q173286,R@100,1.0
q173287,nDCG@10,1.0
q173287,R@100,1.0
q173288,nDCG@10,0.0
q173288,R@100,1.0
q173289,nDCG@10,1.0
q173289,R@100,1.0
q173290,nDCG@10,1.0
q173290,R@100,1.0
q173291,nDCG@10,1.0
q173291,R@100,1.0
q173292,nDCG@10,0.5
q173292,R@100,1.0
q173293,nDCG@10,1.0
q173293,R@100,1.0
q173294,nDCG@10,0.6309297535714575
q173294,R@100,1.0
q173295,nDCG@10,1.0
q173295,R@100,1.0
q173296,nDCG@10,1.0
q173296,R@100,1.0
q173297,nDCG@10,1.0
q173297,R@100,1.0
q173298,nDCG@10,1.0
q173298,R@100,1.0
q173299,nDCG@10,1.0
q173299,R@100,1.0
q173300,nDCG@10,1.0
q173300,R@100,1.0
q173301,nDCG@10,1.0
q173301,R@100,1.0
q173302,nDCG@10,0.6309297535714575
q173302,R@100,1.0
q173303,nDCG@10,1.0
q173303,R@100,1.0
q173304,nDCG@10,1.0
q173304,R@100,1.0
q173305,nDCG@10,1.0
q173305,R@100,1.0
q173306,nDCG@10,1.0
q173306,R@100,1.0
q173307,nDCG@10,1.0
q173307,R@100,1.0
q173308,nDCG@10,1.0
q173308,R@100,1.0
q173309,nDCG@10,1.0
q173309,R@100,1.0
q173310,nDCG@10,1.0
q173310,R@100,1.0
q173311,nDCG@10,1.0
q173311,R@100,1.0
q173312,nDCG@10,1.0
q173312,R@100,1.0
q173313,nDCG@10,1.0
q173313,R@100,1.0
q173314,nDCG@10,1.0
q173314,R@100,1.0
q173315,nDCG@10,0.6309297535714575
q173315,R@100,1.0
q173316,nDCG@10,1.0
q173316,R@100,1.0
q173317,nDCG@10,1.0
q173317,R@100,1.0
q173318,nDCG@10,1.0
q173318,R@100,1.0
q173319,nDCG@10,1.0
q173319,R@100,1.0
q173320,nDCG@10,1.0
q173320,R@100,1.0
q173321,nDCG@10,1.0
q173321,R@100,1.0
q173322,nDCG@10,1.0
q173322,R@100,1.0
q173323,nDCG@10,1.0
q173323,R@100,1.0
q173324,nDCG@10,1.0
q173324,R@100,1.0
q173325,nDCG@10,1.0
q173325,R@100,1.0
q173326,nDCG@10,0.6309297535714575
q173326,R@100,1.0
q173327,nDCG@10,0.5
q173327,R@100,1.0
q173328,nDCG@10,1.0
q173328,R@100,1.0
q173329,nDCG@10,1.0
q173329,R@100,1.0
q173330,nDCG@10,0.5
q173330,R@100,1.0
q173331,nDCG@10,0.5
q173331,R@100,1.0
q173332,nDCG@10,1.0
q173332,R@100,1.0
q173333,nDCG@10,1.0
q173333,R@100,1.0
q173334,nDCG@10,0.6309297535714575
q173334,R@100,1.0
q173335,nDCG@10,1.0
q173335,R@100,1.0
q173336,nDCG@10,1.0
q173336,R@100,1.0
q173337,nDCG@10,1.0
q173337,R@100,1.0
q173338,nDCG@10,1.0
q173338,R@100,1.0
q173339,nDCG@10,0.43067655807339306
q173339,R@100,1.0
q173340,nDCG@10,1.0
q173340,R@100,1.0
q173341,nDCG@10,1.0
q173341,R@100,1.0
q173342,nDCG@10,1.0
q173342,R@100,1.0
q173343,nDCG@10,0.0
q173343,R@100,0.0
q173344,nDCG@10,1.0
q173344,R@100,1.0
q173345,nDCG@10,1.0
q173345,R@100,1.0
q173346,nDCG@10,1.0
q173346,R@100,1.0
q173347,nDCG@10,1.0
q173347,R@100,1.0
q173348,nDCG@10,1.0
q173348,R@100,1.0
q173349,nDCG@10,1.0
q173349,R@100,1.0
q173350,nDCG@10,1.0
q173350,R@100,1.0
q173351,nDCG@10,1.0
q173351,R@100,1.0
q173352,nDCG@10,1.0
q173352,R@100,1.0
q173353,nDCG@10,1.0
q173353,R@100,1.0
q173354,nDCG@10,0.5
q173354,R@100,1.0
q173355,nDCG@10,1.0
q173355,R@100,1.0
q173356,nDCG@10,0.0
q173356,R@100,1.0
q173357,nDCG@10,1.0
q173357,R@100,1.0
q173358,nDCG@10,0.5
q173358,R@100,1.0
q173359,nDCG@10,0.5
q173359,R@100,1.0
q173360,nDCG@10,1.0
q173360,R@100,1.0
q173361,nDCG@10,1.0
q173361,R@100,1.0
q173362,nDCG@10,1.0
q173362,R@100,1.0
q173363,nDCG@10,1.0
q173363,R@100,1.0
q173364,nDCG@10,1.0
q173364,R@100,1.0
q173365,nDCG@10,1.0
q173365,R@100,1.0
q173366,nDCG@10,1.0
q173366,R@100,1.0
q173367,nDCG@10,1.0
q173367,R@100,1.0
q173368,nDCG@10,1.0
q173368,R@100,1.0
q173369,nDCG@10,1.0
q173369,R@100,1.0
q173370,nDCG@10,1.0
q173370,R@100,1.0
q173371,nDCG@10,1.0
q173371,R@100,1.0
q173372,nDCG@10,1.0
q173372,R@100,1.0
q173373,nDCG@10,1.0
q173373,R@100,1.0
q173374,nDCG@10,1.0
q173374,R@100,1.0
q173375,nDCG@10,1.0
q173375,R@100,1.0
q173376,nDCG@10,1.0
q173376,R@100,1.0
q173377,nDCG@10,1.0
q173377,R@100,1.0
q173378,nDCG@10,0.6309297535714575
q173378,R@100,1.0
q173379,nDCG@10,1.0
q173379,R@100,1.0
q173380,nDCG@10,1.0
q173380,R@100,1.0
q173381,nDCG@10,1.0
q173381,R@100,1.0
q173382,nDCG@10,1.0
q173382,R@100,1.0
q173383,nDCG@10,1.0
q173383,R@100,1.0
q173384,nDCG@10,1.0
q173384,R@100,1.0
q173385,nDCG@10,1.0
q173385,R@100,1.0
q173386,nDCG@10,0.6309297535714575
q173386,R@100,1.0
q173387,nDCG@10,1.0
q173387,R@100,1.0
q173388,nDCG@10,1.0
q173388,R@100,1.0
q173389,nDCG@10,1.0
q173389,R@100,1.0
q173390,nDCG@10,1.0
q173390,R@100,1.0
q173391,nDCG@10,0.6309297535714575
q173391,R@100,1.0
q173392,nDCG@10,0.6309297535714575
q173392,R@100,1.0
q173393,nDCG@10,1.0
q173393,R@100,1.0
q173394,nDCG@10,0.6309297535714575
q173394,R@100,1.0
q173395,nDCG@10,1.0
q173395,R@100,1.0
q173396,nDCG@10,1.0
q173396,R@100,1.0
q173397,nDCG@10,1.0
q173397,R@100,1.0
q173398,nDCG@10,1.0
q173398,R@100,1.0
q173399,nDCG@10,1.0
q173399,R@100,1.0
q173400,nDCG@10,0.6309297535714575
q173400,R@100,1.0
q173401,nDCG@10,1.0
q173401,R@100,1.0
q173402,nDCG@10,0.0
q173402,R@100,1.0
q173403,nDCG@10,1.0
q173403,R@100,1.0
q173404,nDCG@10,1.0
q173404,R@100,1.0
q173405,nDCG@10,1.0
q173405,R@100,1.0
q173406,nDCG@10,1.0
q173406,R@100,1.0
q173407,nDCG@10,1.0
q173407,R@100,1.0
q173408,nDCG@10,0.6309297535714575
q173408,R@100,1.0
q173409,nDCG@10,1.0
q173409,R@100,1.0
q173410,nDCG@10,0.6309297535714575
q173410,R@100,1.0
q173411,nDCG@10,1.0
q173411,R@100,1.0
q173412,nDCG@10,1.0
q173412,R@100,1.0
q173413,nDCG@10,0.6309297535714575
q173413,R@100,1.0
q173414,nDCG@10,1.0
q173414,R@100,1.0
q173415,nDCG@10,1.0
q173415,R@100,1.0
q173416,nDCG@10,1.0
q173416,R@100,1.0
q173417,nDCG@10,1.0
q173417,R@100,1.0
q173418,nDCG@10,1.0
q173418,R@100,1.0
q173419,nDCG@10,1.0
q173419,R@100,1.0
q173420,nDCG@10,1.0
q173420,R@100,1.0
q173421,nDCG@10,1.0
q173421,R@100,1.0
q173422,nDCG@10,1.0
q173422,R@100,1.0
q173423,nDCG@10,0.6309297535714575
q173423,R@100,1.0
q173424,nDCG@10,1.0
q173424,R@100,1.0
q173425,nDCG@10,0.38685280723454163
q173425,R@100,1.0
q173426,nDCG@10,1.0
q173426,R@100,1.0
q173427,nDCG@10,0.0
q173427,R@100,1.0
q173428,nDCG@10,1.0
q173428,R@100,1.0
q173429,nDCG@10,1.0
q173429,R@100,1.0
q173430,nDCG@10,1.0
q173430,R@100,1.0
q173431,nDCG@10,0.6309297535714575
q173431,R@100,1.0
q173432,nDCG@10,1.0
q173432,R@100,1.0
q173433,nDCG@10,1.0
q173433,R@100,1.0
q173434,nDCG@10,1.0
q173434,R@100,1.0
q173435,nDCG@10,1.0
q173435,R@100,1.0
q173436,nDCG@10,1.0
q173436,R@100,1.0
q173437,nDCG@10,1.0
q173437,R@100,1.0
q173438,nDCG@10,1.0
q173438,R@100,1.0
q173439,nDCG@10,1.0
q173439,R@100,1.0
q173440,nDCG@10,1.0
q173440,R@100,1.0
q173441,nDCG@10,0.6309297535714575
q173441,R@100,1.0
q173442,nDCG@10,1.0
q173442,R@100,1.0
q173443,nDCG@10,1.0
q173443,R@100,1.0
q173444,nDCG@10,1.0
q173444,R@100,1.0
q173445,nDCG@10,1.0
q173445,R@100,1.0
q173446,nDCG@10,1.0
q173446,R@100,1.0
q173447,nDCG@10,1.0
q173447,R@100,1.0
q173448,nDCG@10,1.0
q173448,R@100,1.0
q173449,nDCG@10,1.0
q173449,R@100,1.0
q173450,nDCG@10,1.0
q173450,R@100,1.0
q173451,nDCG@10,1.0
q173451,R@100,1.0
q173452,nDCG@10,1.0
q173452,R@100,1.0
q173453,nDCG@10,1.0
q173453,R@100,1.0
q173454,nDCG@10,1.0
q173454,R@100,1.0
q173455,nDCG@10,1.0
q173455,R@100,1.0
q173456,nDCG@10,1.0
q173456,R@100,1.0
q173457,nDCG@10,1.0
q173457,R@100,1.0
q173458,nDCG@10,1.0
q173458,R@100,1.0
q173459,nDCG@10,1.0
q173459,R@100,1.0
q173460,nDCG@10,1.0
q173460,R@100,1.0
q173461,nDCG@10,1.0
q173461,R@100,1.0
q173462,nDCG@10,1.0
q173462,R@100,1.0
q173463,nDCG@10,1.0
q173463,R@100,1.0
q173464,nDCG@10,1.0
q173464,R@100,1.0
q173465,nDCG@10,1.0
q173465,R@100,1.0
q173466,nDCG@10,1.0
q173466,R@100,1.0
q173467,nDCG@10,1.0
q173467,R@100,1.0
q173468,nDCG@10,1.0
q173468,R@100,1.0
q173469,nDCG@10,1.0
q173469,R@100,1.0
q173470,nDCG@10,1.0
q173470,R@100,1.0
q173471,nDCG@10,1.0
q173471,R@100,1.0
q173472,nDCG@10,1.0
q173472,R@100,1.0
q173473,nDCG@10,1.0
q173473,R@100,1.0
q173474,nDCG@10,1.0
q173474,R@100,1.0
q173475,nDCG@10,1.0
q173475,R@100,1.0
q173476,nDCG@10,1.0
q173476,R@100,1.0
q173477,nDCG@10,1.0
q173477,R@100,1.0
q173478,nDCG@10,1.0
q173478,R@100,1.0
q173479,nDCG@10,1.0
q173479,R@100,1.0
q173480,nDCG@10,1.0
q173480,R@100,1.0
q173481,nDCG@10,1.0
q173481,R@100,1.0
q173482,nDCG@10,1.0
q173482,R@100,1.0
q173483,nDCG@10,1.0
q173483,R@100,1.0
q173484,nDCG@10,1.0
q173484,R@100,1.0
q173485,nDCG@10,1.0
q173485,R@100,1.0
q173486,nDCG@10,1.0
q173486,R@100,1.0
q173487,nDCG@10,1.0
q173487,R@100,1.0
q173488,nDCG@10,1.0
q173488,R@100,1.0
q173489,nDCG@10,1.0
q173489,R@100,1.0
q173490,nDCG@10,1.0
q173490,R@100,1.0
q173491,nDCG@10,1.0
q173491,R@100,1.0
q173492,nDCG@10,1.0
q173492,R@100,1.0
q173493,nDCG@10,1.0
q173493,R@100,1.0
q173494,nDCG@10,1.0
q173494,R@100,1.0
q173495,nDCG@10,1.0
q173495,R@100,1.0
q173496,nDCG@10,0.5
q173496,R@100,1.0
q173497,nDCG@10,1.0
q173497,R@100,1.0
q173498,nDCG@10,1.0
q173498,R@100,1.0
q173499,nDCG@10,1.0
q173499,R@100,1.0
q173500,nDCG@10,1.0
q173500,R@100,1.0
q173501,nDCG@10,1.0
q173501,R@100,1.0
q173502,nDCG@10,1.0
q173502,R@100,1.0
q173503,nDCG@10,1.0
q173503,R@100,1.0
q173504,nDCG@10,1.0
q173504,R@100,1.0
q173505,nDCG@10,1.0
q173505,R@100,1.0
q173506,nDCG@10,0.6309297535714575
q173506,R@100,1.0
q173507,nDCG@10,0.6309297535714575
q173507,R@100,1.0
q173508,nDCG@10,0.6309297535714575
q173508,R@100,1.0
q173509,nDCG@10,1.0
q173509,R@100,1.0
q173510,nDCG@10,1.0
q173510,R@100,1.0
q173511,nDCG@10,1.0
q173511,R@100,1.0
q173512,nDCG@10,1.0
q173512,R@100,1.0
q173513,nDCG@10,1.0
q173513,R@100,1.0
q173514,nDCG@10,1.0
q173514,R@100,1.0
q173515,nDCG@10,1.0
q173515,R@100,1.0
q173516,nDCG@10,1.0
q173516,R@100,1.0
q173517,nDCG@10,1.0
q173517,R@100,1.0
q173518,nDCG@10,1.0
q173518,R@100,1.0
q173519,nDCG@10,0.6309297535714575
q173519,R@100,1.0
q173520,nDCG@10,1.0
q173520,R@100,1.0
q173521,nDCG@10,1.0
q173521,R@100,1.0
q173522,nDCG@10,1.0
q173522,R@100,1.0
q173523,nDCG@10,1.0
q173523,R@100,1.0
q173524,nDCG@10,1.0
q173524,R@100,1.0
q173525,nDCG@10,1.0
q173525,R@100,1.0
q173526,nDCG@10,1.0
q173526,R@100,1.0
q173527,nDCG@10,1.0
q173527,R@100,1.0
q173528,nDCG@10,1.0
q173528,R@100,1.0
q173529,nDCG@10,1.0
q173529,R@100,1.0
q173530,nDCG@10,1.0
q173530,R@100,1.0
q173531,nDCG@10,1.0
q173531,R@100,1.0
q173532,nDCG@10,1.0
q173532,R@100,1.0
q173533,nDCG@10,1.0
q173533,R@100,1.0
q173534,nDCG@10,1.0
q173534,R@100,1.0
q173535,nDCG@10,0.5
q173535,R@100,1.0
q173536,nDCG@10,1.0
q173536,R@100,1.0
q173537,nDCG@10,1.0
q173537,R@100,1.0
q173538,nDCG@10,1.0
q173538,R@100,1.0
q173539,nDCG@10,1.0
q173539,R@100,1.0
q173540,nDCG@10,0.6309297535714575
q173540,R@100,1.0
q173541,nDCG@10,1.0
q173541,R@100,1.0
q173542,nDCG@10,1.0
q173542,R@100,1.0
q173543,nDCG@10,1.0
q173543,R@100,1.0
q173544,nDCG@10,0.6309297535714575
q173544,R@100,1.0
q173545,nDCG@10,0.6309297535714575
q173545,R@100,1.0
q173546,nDCG@10,0.0
q173546,R@100,1.0
q173547,nDCG@10,1.0
q173547,R@100,1.0
q173548,nDCG@10,1.0
q173548,R@100,1.0
q173549,nDCG@10,1.0
q173549,R@100,1.0
q173550,nDCG@10,1.0
q173550,R@100,1.0
q173551,nDCG@10,1.0
q173551,R@100,1.0
q173552,nDCG@10,1.0
q173552,R@100,1.0
q173553,nDCG@10,1.0
q173553,R@100,1.0
q173554,nDCG@10,1.0
q173554,R@100,1.0
q173555,nDCG@10,1.0
q173555,R@100,1.0
q173556,nDCG@10,1.0
q173556,R@100,1.0
q173557,nDCG@10,1.0
q173557,R@100,1.0
q173558,nDCG@10,0.6309297535714575
q173558,R@100,1.0
q173559,nDCG@10,0.6309297535714575
q173559,R@100,1.0
q173560,nDCG@10,1.0
q173560,R@100,1.0
q173561,nDCG@10,0.43067655807339306
q173561,R@100,1.0
q173562,nDCG@10,1.0
q173562,R@100,1.0
q173563,nDCG@10,1.0
q173563,R@100,1.0
q173564,nDCG@10,0.6309297535714575
q173564,R@100,1.0
q173565,nDCG@10,0.6309297535714575
q173565,R@100,1.0
q173566,nDCG@10,1.0
q173566,R@100,1.0
q173567,nDCG@10,0.6309297535714575
q173567,R@100,1.0
q173568,nDCG@10,0.6309297535714575
q173568,R@100,1.0
q173569,nDCG@10,1.0
q173569,R@100,1.0
q173570,nDCG@10,0.6309297535714575
q173570,R@100,1.0
q173571,nDCG@10,1.0
q173571,R@100,1.0
q173572,nDCG@10,1.0
q173572,R@100,1.0
q173573,nDCG@10,0.6309297535714575
q173573,R@100,1.0
q173574,nDCG@10,0.6309297535714575
q173574,R@100,1.0
q173575,nDCG@10,1.0
q173575,R@100,1.0
q173576,nDCG@10,1.0
q173576,R@100,1.0
q173577,nDCG@10,1.0
q173577,R@100,1.0
q173578,nDCG@10,1.0
q173578,R@100,1.0
q173579,nDCG@10,1.0
q173579,R@100,1.0
q173580,nDCG@10,1.0
q173580,R@100,1.0
q173581,nDCG@10,1.0
q173581,R@100,1.0
q173582,nDCG@10,1.0
q173582,R@100,1.0
q173583,nDCG@10,1.0
q173583,R@100,1.0
q173584,nDCG@10,1.0
q173584,R@100,1.0
q173585,nDCG@10,1.0
q173585,R@100,1.0
q173586,nDCG@10,1.0
q173586,R@100,1.0
q173587,nDCG@10,1.0
q173587,R@100,1.0
q173588,nDCG@10,1.0
q173588,R@100,1.0
q173589,nDCG@10,1.0
q173589,R@100,1.0
q173590,nDCG@10,1.0
q173590,R@100,1.0
q173591,nDCG@10,0.6309297535714575
q173591,R@100,1.0
q173592,nDCG@10,1.0
q173592,R@100,1.0
q173593,nDCG@10,1.0
q173593,R@100,1.0
q173594,nDCG@10,1.0
q173594,R@100,1.0
q173595,nDCG@10,1.0
q173595,R@100,1.0
q173596,nDCG@10,1.0
q173596,R@100,1.0
q173597,nDCG@10,1.0
q173597,R@100,1.0
q173598,nDCG@10,1.0
q173598,R@100,1.0
q173599,nDCG@10,0.6309297535714575
q173599,R@100,1.0
q173600,nDCG@10,1.0
q173600,R@100,1.0
q173601,nDCG@10,1.0
q173601,R@100,1.0
q173602,nDCG@10,0.0
q173602,R@100,1.0
q173603,nDCG@10,1.0
q173603,R@100,1.0
q173604,nDCG@10,1.0
q173604,R@100,1.0
q173605,nDCG@10,1.0
q173605,R@100,1.0
q173606,nDCG@10,0.0
q173606,R@100,1.0
q173607,nDCG@10,1.0
q173607,R@100,1.0
q173608,nDCG@10,1.0
q173608,R@100,1.0
q173609,nDCG@10,1.0
q173609,R@100,1.0
q173610,nDCG@10,1.0
q173610,R@100,1.0
q173611,nDCG@10,1.0
q173611,R@100,1.0
q173612,nDCG@10,1.0
q173612,R@100,1.0
q173613,nDCG@10,0.43067655807339306
q173613,R@100,1.0
q173614,nDCG@10,1.0
q173614,R@100,1.0
q173615,nDCG@10,1.0
q173615,R@100,1.0
q173616,nDCG@10,1.0
q173616,R@100,1.0
q173617,nDCG@10,1.0
q173617,R@100,1.0
q173618,nDCG@10,1.0
q173618,R@100,1.0
q173619,nDCG@10,0.43067655807339306
q173619,R@100,1.0
q173620,nDCG@10,1.0
q173620,R@100,1.0
q173621,nDCG@10,1.0
q173621,R@100,1.0
q173622,nDCG@10,1.0
q173622,R@100,1.0
q173623,nDCG@10,1.0
q173623,R@100,1.0
q173624,nDCG@10,1.0
q173624,R@100,1.0
q173625,nDCG@10,0.0
q173625,R@100,0.0
q173626,nDCG@10,1.0
q173626,R@100,1.0
q173627,nDCG@10,1.0
q173627,R@100,1.0
q173628,nDCG@10,1.0
q173628,R@100,1.0
q173629,nDCG@10,1.0
q173629,R@100,1.0
q173630,nDCG@10,1.0
q173630,R@100,1.0
q173631,nDCG@10,1.0
q173631,R@100,1.0
q173632,nDCG@10,1.0
q173632,R@100,1.0
q173633,nDCG@10,1.0
q173633,R@100,1.0
q173634,nDCG@10,1.0
q173634,R@100,1.0
q173635,nDCG@10,1.0
q173635,R@100,1.0
q173636,nDCG@10,0.6309297535714575
q173636,R@100,1.0
q173637,nDCG@10,1.0
q173637,R@100,1.0
q173638,nDCG@10,1.0
q173638,R@100,1.0
q173639,nDCG@10,1.0
q173639,R@100,1.0
q173640,nDCG@10,1.0
q173640,R@100,1.0
q173641,nDCG@10,1.0
q173641,R@100,1.0
q173642,nDCG@10,1.0
q173642,R@100,1.0
q173643,nDCG@10,0.6309297535714575
q173643,R@100,1.0
q173644,nDCG@10,1.0
q173644,R@100,1.0
q173645,nDCG@10,0.6309297535714575
q173645,R@100,1.0
q173646,nDCG@10,1.0
q173646,R@100,1.0
q173647,nDCG@10,1.0
q173647,R@100,1.0
q173648,nDCG@10,1.0
q173648,R@100,1.0
q173649,nDCG@10,0.6309297535714575
q173649,R@100,1.0
q173650,nDCG@10,1.0
q173650,R@100,1.0
q173651,nDCG@10,1.0
q173651,R@100,1.0
q173652,nDCG@10,1.0
q173652,R@100,1.0
q173653,nDCG@10,1.0
q173653,R@100,1.0
q173654,nDCG@10,0.6309297535714575
q173654,R@100,1.0
q173655,nDCG@10,1.0
q173655,R@100,1.0
q173656,nDCG@10,1.0
q173656,R@100,1.0
q173657,nDCG@10,1.0
q173657,R@100,1.0
q173658,nDCG@10,1.0
q173658,R@100,1.0
q173659,nDCG@10,1.0
q173659,R@100,1.0
q173660,nDCG@10,1.0
q173660,R@100,1.0
q173661,nDCG@10,0.6309297535714575
q173661,R@100,1.0
q173662,nDCG@10,1.0
q173662,R@100,1.0
q173663,nDCG@10,1.0
q173663,R@100,1.0
q173664,nDCG@10,1.0
q173664,R@100,1.0
q173665,nDCG@10,1.0
q173665,R@100,1.0
q173666,nDCG@10,1.0
q173666,R@100,1.0
q173667,nDCG@10,0.0
q173667,R@100,1.0
q173668,nDCG@10,1.0
q173668,R@100,1.0
q173669,nDCG@10,1.0
q173669,R@100,1.0
q173670,nDCG@10,1.0
q173670,R@100,1.0
q173671,nDCG@10,1.0
q173671,R@100,1.0
q173672,nDCG@10,1.0
q173672,R@100,1.0
q173673,nDCG@10,0.5
q173673,R@100,1.0
q173674,nDCG@10,1.0
q173674,R@100,1.0
q173675,nDCG@10,1.0
q173675,R@100,1.0
q173676,nDCG@10,1.0
q173676,R@100,1.0
q173677,nDCG@10,0.6309297535714575
q173677,R@100,1.0
q173678,nDCG@10,1.0
q173678,R@100,1.0
q173679,nDCG@10,1.0
q173679,R@100,1.0
q173680,nDCG@10,1.0
q173680,R@100,1.0
q173681,nDCG@10,1.0
q173681,R@100,1.0
q173682,nDCG@10,1.0
q173682,R@100,1.0
q173683,nDCG@10,1.0
q173683,R@100,1.0
q173684,nDCG@10,1.0
q173684,R@100,1.0
q173685,nDCG@10,0.3562071871080222
q173685,R@100,1.0
q173686,nDCG@10,0.5
q173686,R@100,1.0
q173687,nDCG@10,0.31546487678572877
q173687,R@100,1.0
q173688,nDCG@10,1.0
q173688,R@100,1.0
q173689,nDCG@10,1.0
q173689,R@100,1.0
q173690,nDCG@10,1.0
q173690,R@100,1.0
q173691,nDCG@10,1.0
q173691,R@100,1.0
q173692,nDCG@10,1.0
q173692,R@100,1.0
q173693,nDCG@10,1.0
q173693,R@100,1.0
q173694,nDCG@10,1.0
q173694,R@100,1.0
q173695,nDCG@10,1.0
q173695,R@100,1.0
q173696,nDCG@10,1.0
q173696,R@100,1.0
q173697,nDCG@10,1.0
q173697,R@100,1.0
q173698,nDCG@10,1.0
q173698,R@100,1.0
q173699,nDCG@10,1.0
q173699,R@100,1.0
q173700,nDCG@10,0.6309297535714575
q173700,R@100,1.0
q173701,nDCG@10,1.0
q173701,R@100,1.0
q173702,nDCG@10,0.6309297535714575
q173702,R@100,1.0
q173703,nDCG@10,1.0
q173703,R@100,1.0
q173704,nDCG@10,1.0
q173704,R@100,1.0
q173705,nDCG@10,1.0
q173705,R@100,1.0
q173706,nDCG@10,1.0
q173706,R@100,1.0
q173707,nDCG@10,1.0
q173707,R@100,1.0
q173708,nDCG@10,0.6309297535714575
q173708,R@100,1.0
q173709,nDCG@10,1.0
q173709,R@100,1.0
q173710,nDCG@10,1.0
q173710,R@100,1.0
q173711,nDCG@10,1.0
q173711,R@100,1.0
q173712,nDCG@10,1.0
q173712,R@100,1.0
q173713,nDCG@10,1.0
q173713,R@100,1.0
q173714,nDCG@10,0.6309297535714575
q173714,R@100,1.0
q173715,nDCG@10,1.0
q173715,R@100,1.0
q173716,nDCG@10,0.5
q173716,R@100,1.0
q173717,nDCG@10,1.0
q173717,R@100,1.0
q173718,nDCG@10,1.0
q173718,R@100,1.0
q173719,nDCG@10,0.6309297535714575
q173719,R@100,1.0
q173720,nDCG@10,1.0
q173720,R@100,1.0
q173721,nDCG@10,1.0
q173721,R@100,1.0
q173722,nDCG@10,1.0
q173722,R@100,1.0
q173723,nDCG@10,1.0
q173723,R@100,1.0
q173724,nDCG@10,1.0
q173724,R@100,1.0
q173725,nDCG@10,1.0
q173725,R@100,1.0
q173726,nDCG@10,1.0
q173726,R@100,1.0
q173727,nDCG@10,1.0
q173727,R@100,1.0
q173728,nDCG@10,1.0
q173728,R@100,1.0
q173729,nDCG@10,1.0
q173729,R@100,1.0
q173730,nDCG@10,1.0
q173730,R@100,1.0
q173731,nDCG@10,1.0
q173731,R@100,1.0
q173732,nDCG@10,1.0
q173732,R@100,1.0
q173733,nDCG@10,1.0
q173733,R@100,1.0
q173734,nDCG@10,1.0
q173734,R@100,1.0
q173735,nDCG@10,1.0
q173735,R@100,1.0
q173736,nDCG@10,1.0
q173736,R@100,1.0
q173737,nDCG@10,1.0
q173737,R@100,1.0
q173738,nDCG@10,1.0
q173738,R@100,1.0
q173739,nDCG@10,1.0
q173739,R@100,1.0
q173740,nDCG@10,1.0
q173740,R@100,1.0
q173741,nDCG@10,0.6309297535714575
q173741,R@100,1.0
q173742,nDCG@10,1.0
q173742,R@100,1.0
q173743,nDCG@10,1.0
q173743,R@100,1.0
q173744,nDCG@10,1.0
q173744,R@100,1.0
q173745,nDCG@10,1.0
q173745,R@100,1.0
q173746,nDCG@10,1.0
q173746,R@100,1.0
q173747,nDCG@10,1.0
q173747,R@100,1.0
q173748,nDCG@10,0.0
q173748,R@100,0.0
q173749,nDCG@10,1.0
q173749,R@100,1.0
q173750,nDCG@10,1.0
q173750,R@100,1.0
q173751,nDCG@10,1.0
q173751,R@100,1.0
q173752,nDCG@10,1.0
q173752,R@100,1.0
q173753,nDCG@10,1.0
q173753,R@100,1.0
q173754,nDCG@10,1.0
q173754,R@100,1.0
q173755,nDCG@10,1.0
q173755,R@100,1.0
q173756,nDCG@10,1.0
q173756,R@100,1.0
q173757,nDCG@10,1.0
q173757,R@100,1.0
q173758,nDCG@10,1.0
q173758,R@100,1.0
q173759,nDCG@10,1.0
q173759,R@100,1.0
q173760,nDCG@10,1.0
q173760,R@100,1.0
q173761,nDCG@10,1.0
q173761,R@100,1.0
q173762,nDCG@10,1.0
q173762,R@100,1.0
q173763,nDCG@10,1.0
q173763,R@100,1.0
q173764,nDCG@10,1.0
q173764,R@100,1.0
q173765,nDCG@10,1.0
q173765,R@100,1.0
q173766,nDCG@10,1.0
q173766,R@100,1.0
q173767,nDCG@10,1.0
q173767,R@100,1.0
q173768,nDCG@10,1.0
q173768,R@100,1.0
q173769,nDCG@10,0.6309297535714575
q173769,R@100,1.0
q173770,nDCG@10,1.0
q173770,R@100,1.0
q173771,nDCG@10,1.0
q173771,R@100,1.0
q173772,nDCG@10,0.6309297535714575
q173772,R@100,1.0
q173773,nDCG@10,1.0
q173773,R@100,1.0
q173774,nDCG@10,1.0
q173774,R@100,1.0
q173775,nDCG@10,1.0
q173775,R@100,1.0
q173776,nDCG@10,1.0
q173776,R@100,1.0
q173777,nDCG@10,1.0
q173777,R@100,1.0
q173778,nDCG@10,1.0
q173778,R@100,1.0
q173779,nDCG@10,1.0
q173779,R@100,1.0
q173780,nDCG@10,1.0
q173780,R@100,1.0
q173781,nDCG@10,1.0
q173781,R@100,1.0
q173782,nDCG@10,1.0
q173782,R@100,1.0
q173783,nDCG@10,0.6309297535714575
q173783,R@100,1.0
q173784,nDCG@10,1.0
q173784,R@100,1.0
q173785,nDCG@10,1.0
q173785,R@100,1.0
q173786,nDCG@10,1.0
q173786,R@100,1.0
q173787,nDCG@10,1.0
q173787,R@100,1.0
q173788,nDCG@10,1.0
q173788,R@100,1.0
q173789,nDCG@10,1.0
q173789,R@100,1.0
q173790,nDCG@10,1.0
q173790,R@100,1.0
q173791,nDCG@10,1.0
q173791,R@100,1.0
q173792,nDCG@10,1.0
q173792,R@100,1.0
q173793,nDCG@10,1.0
q173793,R@100,1.0
q173794,nDCG@10,1.0
q173794,R@100,1.0
q173795,nDCG@10,1.0
q173795,R@100,1.0
q173796,nDCG@10,1.0
q173796,R@100,1.0
q173797,nDCG@10,1.0
q173797,R@100,1.0
q173798,nDCG@10,1.0
q173798,R@100,1.0
q173799,nDCG@10,1.0
q173799,R@100,1.0
q173800,nDCG@10,1.0
q173800,R@100,1.0
q173801,nDCG@10,1.0
q173801,R@100,1.0
q173802,nDCG@10,0.3010299956639812
q173802,R@100,1.0
q173803,nDCG@10,1.0
q173803,R@100,1.0
q173804,nDCG@10,1.0
q173804,R@100,1.0
q173805,nDCG@10,1.0
q173805,R@100,1.0
q173806,nDCG@10,1.0
q173806,R@100,1.0
q173807,nDCG@10,1.0
q173807,R@100,1.0
q173808,nDCG@10,1.0
q173808,R@100,1.0
q173809,nDCG@10,1.0
q173809,R@100,1.0
q173810,nDCG@10,1.0
q173810,R@100,1.0
q173811,nDCG@10,1.0
q173811,R@100,1.0
q173812,nDCG@10,1.0
q173812,R@100,1.0
q173813,nDCG@10,1.0
q173813,R@100,1.0
q173814,nDCG@10,1.0
q173814,R@100,1.0
q173815,nDCG@10,1.0
q173815,R@100,1.0
q173816,nDCG@10,1.0
q173816,R@100,1.0
q173817,nDCG@10,0.6309297535714575
q173817,R@100,1.0
q173818,nDCG@10,1.0
q173818,R@100,1.0
q173819,nDCG@10,1.0
q173819,R@100,1.0
q173820,nDCG@10,1.0
q173820,R@100,1.0
q173821,nDCG@10,1.0
q173821,R@100,1.0
q173822,nDCG@10,1.0
q173822,R@100,1.0
q173823,nDCG@10,0.6309297535714575
q173823,R@100,1.0
q173824,nDCG@10,0.0
q173824,R@100,1.0
q173825,nDCG@10,1.0
q173825,R@100,1.0
q173826,nDCG@10,1.0
q173826,R@100,1.0
q173827,nDCG@10,0.6309297535714575
q173827,R@100,1.0
q173828,nDCG@10,1.0
q173828,R@100,1.0
q173829,nDCG@10,1.0
q173829,R@100,1.0
q173830,nDCG@10,0.0
q173830,R@100,1.0
q173831,nDCG@10,1.0
q173831,R@100,1.0
q173832,nDCG@10,1.0
q173832,R@100,1.0
q173833,nDCG@10,1.0
q173833,R@100,1.0
q173834,nDCG@10,0.6309297535714575
q173834,R@100,1.0
q173835,nDCG@10,1.0
q173835,R@100,1.0
q173836,nDCG@10,1.0
q173836,R@100,1.0
q173837,nDCG@10,1.0
q173837,R@100,1.0
q173838,nDCG@10,1.0
q173838,R@100,1.0
q173839,nDCG@10,1.0
q173839,R@100,1.0
q173840,nDCG@10,1.0
q173840,R@100,1.0
q173841,nDCG@10,1.0
q173841,R@100,1.0
q173842,nDCG@10,1.0
q173842,R@100,1.0
q173843,nDCG@10,1.0
q173843,R@100,1.0
q173844,nDCG@10,1.0
q173844,R@100,1.0
q173845,nDCG@10,1.0
q173845,R@100,1.0
q173846,nDCG@10,1.0
q173846,R@100,1.0
q173847,nDCG@10,1.0
q173847,R@100,1.0
q173848,nDCG@10,0.5
q173848,R@100,1.0
q173849,nDCG@10,0.3562071871080222
q173849,R@100,1.0
q173850,nDCG@10,1.0
q173850,R@100,1.0
q173851,nDCG@10,1.0
q173851,R@100,1.0
q173852,nDCG@10,1.0
q173852,R@100,1.0
q173853,nDCG@10,1.0
q173853,R@100,1.0
q173854,nDCG@10,0.5
q173854,R@100,1.0
q173855,nDCG@10,0.5
q173855,R@100,1.0
q173856,nDCG@10,1.0
q173856,R@100,1.0
q173857,nDCG@10,1.0
q173857,R@100,1.0
q173858,nDCG@10,1.0
q173858,R@100,1.0
q173859,nDCG@10,1.0
q173859,R@100,1.0
q173860,nDCG@10,1.0
q173860,R@100,1.0
q173861,nDCG@10,1.0
q173861,R@100,1.0
q173862,nDCG@10,1.0
q173862,R@100,1.0
q173863,nDCG@10,1.0
q173863,R@100,1.0
q173864,nDCG@10,1.0
q173864,R@100,1.0
q173865,nDCG@10,1.0
q173865,R@100,1.0
q173866,nDCG@10,1.0
q173866,R@100,1.0
q173867,nDCG@10,1.0
q173867,R@100,1.0
q173868,nDCG@10,1.0
q173868,R@100,1.0
q173869,nDCG@10,0.2890648263178879
q173869,R@100,1.0
q173870,nDCG@10,0.43067655807339306
q173870,R@100,1.0
q173871,nDCG@10,1.0
q173871,R@100,1.0
q173872,nDCG@10,1.0
q173872,R@100,1.0
q173873,nDCG@10,1.0
q173873,R@100,1.0
q173874,nDCG@10,1.0
q173874,R@100,1.0
q173875,nDCG@10,1.0
q173875,R@100,1.0
q173876,nDCG@10,1.0
q173876,R@100,1.0
q173877,nDCG@10,1.0
q173877,R@100,1.0
q173878,nDCG@10,1.0
q173878,R@100,1.0
q173879,nDCG@10,0.0
q173879,R@100,1.0
q173880,nDCG@10,0.6309297535714575
q173880,R@100,1.0
q173881,nDCG@10,1.0
q173881,R@100,1.0
q173882,nDCG@10,1.0
q173882,R@100,1.0
q173883,nDCG@10,0.43067655807339306
q173883,R@100,1.0
q173884,nDCG@10,1.0
q173884,R@100,1.0
q173885,nDCG@10,0.0
q173885,R@100,1.0
q173886,nDCG@10,0.0
q173886,R@100,0.0
q173887,nDCG@10,0.43067655807339306
q173887,R@100,1.0
q173888,nDCG@10,1.0
q173888,R@100,1.0
q173889,nDCG@10,1.0
q173889,R@100,1.0
q173890,nDCG@10,1.0
q173890,R@100,1.0
q173891,nDCG@10,1.0
q173891,R@100,1.0
q173892,nDCG@10,1.0
q173892,R@100,1.0
q173893,nDCG@10,1.0
q173893,R@100,1.0
q173894,nDCG@10,1.0
q173894,R@100,1.0
q173895,nDCG@10,1.0
q173895,R@100,1.0
q173896,nDCG@10,1.0
q173896,R@100,1.0
q173897,nDCG@10,0.6309297535714575
q173897,R@100,1.0
q173898,nDCG@10,1.0
q173898,R@100,1.0
q173899,nDCG@10,1.0
q173899,R@100,1.0
q173900,nDCG@10,1.0
q173900,R@100,1.0
q173901,nDCG@10,1.0
q173901,R@100,1.0
q173902,nDCG@10,1.0
q173902,R@100,1.0
q173903,nDCG@10,1.0
q173903,R@100,1.0
q173904,nDCG@10,1.0
q173904,R@100,1.0
q173905,nDCG@10,0.5
q173905,R@100,1.0
q173906,nDCG@10,0.3333333333333333
q173906,R@100,1.0
q173907,nDCG@10,1.0
q173907,R@100,1.0
q173908,nDCG@10,1.0
q173908,R@100,1.0
q173909,nDCG@10,1.0
q173909,R@100,1.0
q173910,nDCG@10,0.6309297535714575
q173910,R@100,1.0
q173911,nDCG@10,1.0
q173911,R@100,1.0
q173912,nDCG@10,1.0
q173912,R@100,1.0
q173913,nDCG@10,1.0
q173913,R@100,1.0
q173914,nDCG@10,1.0
q173914,R@100,1.0
q173915,nDCG@10,1.0
q173915,R@100,1.0
q173916,nDCG@10,1.0
q173916,R@100,1.0
q173917,nDCG@10,0.2890648263178879
q173917,R@100,1.0
q173918,nDCG@10,0.0
q173918,R@100,1.0
q173919,nDCG@10,0.5
q173919,R@100,1.0
q173920,nDCG@10,0.6309297535714575
q173920,R@100,1.0
q173921,nDCG@10,1.0
q173921,R@100,1.0
q173922,nDCG@10,1.0
q173922,R@100,1.0
q173923,nDCG@10,1.0
q173923,R@100,1.0
q173924,nDCG@10,1.0
q173924,R@100,1.0
q173925,nDCG@10,0.5
q173925,R@100,1.0
q173926,nDCG@10,0.43067655807339306
q173926,R@100,1.0
q173927,nDCG@10,0.6309297535714575
q173927,R@100,1.0
q173928,nDCG@10,1.0
q173928,R@100,1.0
q173929,nDCG@10,1.0
q173929,R@100,1.0
q173930,nDCG@10,0.0
q173930,R@100,1.0
q173931,nDCG@10,0.0
q173931,R@100,0.0
q173932,nDCG@10,1.0
q173932,R@100,1.0
q173933,nDCG@10,1.0
q173933,R@100,1.0
q173934,nDCG@10,0.0
q173934,R@100,1.0
q173935,nDCG@10,0.6309297535714575
q173935,R@100,1.0
q173936,nDCG@10,0.6309297535714575
q173936,R@100,1.0
q173937,nDCG@10,1.0
q173937,R@100,1.0
q173938,nDCG@10,1.0
q173938,R@100,1.0
q173939,nDCG@10,1.0
q173939,R@100,1.0
q173940,nDCG@10,1.0
q173940,R@100,1.0
q173941,nDCG@10,1.0
q173941,R@100,1.0
q173942,nDCG@10,1.0
q173942,R@100,1.0
q173943,nDCG@10,1.0
q173943,R@100,1.0
q173944,nDCG@10,0.3562071871080222
q173944,R@100,1.0
q173945,nDCG@10,0.6309297535714575
q173945,R@100,1.0
q173946,nDCG@10,1.0
q173946,R@100,1.0
q173947,nDCG@10,1.0
q173947,R@100,1.0
q173948,nDCG@10,1.0
q173948,R@100,1.0
q173949,nDCG@10,1.0
q173949,R@100,1.0
q173950,nDCG@10,0.6309297535714575
q173950,R@100,1.0
q173951,nDCG@10,0.38685280723454163
q173951,R@100,1.0
q173952,nDCG@10,0.6309297535714575
q173952,R@100,1.0
q173953,nDCG@10,0.6309297535714575
q173953,R@100,1.0
q173954,nDCG@10,0.6309297535714575
q173954,R@100,1.0
q173955,nDCG@10,0.6309297535714575
q173955,R@100,1.0
q173956,nDCG@10,1.0
q173956,R@100,1.0
q173957,nDCG@10,1.0
q173957,R@100,1.0
q173958,nDCG@10,1.0
q173958,R@100,1.0
q173959,nDCG@10,0.5
q173959,R@100,1.0
q173960,nDCG@10,1.0
q173960,R@100,1.0
q173961,nDCG@10,1.0
q173961,R@100,1.0
q173962,nDCG@10,1.0
q173962,R@100,1.0
q173963,nDCG@10,0.6309297535714575
q173963,R@100,1.0
q173964,nDCG@10,0.43067655807339306
q173964,R@100,1.0
q173965,nDCG@10,0.5
q173965,R@100,1.0
q173966,nDCG@10,1.0
q173966,R@100,1.0
q173967,nDCG@10,0.6309297535714575
q173967,R@100,1.0
q173968,nDCG@10,1.0
q173968,R@100,1.0
q173969,nDCG@10,0.5
q173969,R@100,1.0
q173970,nDCG@10,1.0
q173970,R@100,1.0
q173971,nDCG@10,1.0
q173971,R@100,1.0
q173972,nDCG@10,0.6309297535714575
q173972,R@100,1.0
q173973,nDCG@10,1.0
q173973,R@100,1.0
q173974,nDCG@10,1.0
q173974,R@100,1.0
q173975,nDCG@10,1.0
q173975,R@100,1.0
q173976,nDCG@10,0.5
q173976,R@100,1.0
q173977,nDCG@10,1.0
q173977,R@100,1.0
q173978,nDCG@10,0.43067655807339306
q173978,R@100,1.0
q173979,nDCG@10,1.0
q173979,R@100,1.0
q173980,nDCG@10,1.0
q173980,R@100,1.0
q173981,nDCG@10,1.0
q173981,R@100,1.0
q173982,nDCG@10,1.0
q173982,R@100,1.0
q173983,nDCG@10,1.0
q173983,R@100,1.0
q173984,nDCG@10,1.0
q173984,R@100,1.0
q173985,nDCG@10,1.0
q173985,R@100,1.0
q173986,nDCG@10,0.43067655807339306
q173986,R@100,1.0
q173987,nDCG@10,1.0
q173987,R@100,1.0
q173988,nDCG@10,1.0
q173988,R@100,1.0
q173989,nDCG@10,0.6309297535714575
q173989,R@100,1.0
q173990,nDCG@10,0.6309297535714575
q173990,R@100,1.0
q173991,nDCG@10,0.6309297535714575
q173991,R@100,1.0
q173992,nDCG@10,0.5
q173992,R@100,1.0
q173993,nDCG@10,0.43067655807339306
q173993,R@100,1.0
q173994,nDCG@10,1.0
q173994,R@100,1.0
q173995,nDCG@10,0.6309297535714575
q173995,R@100,1.0
q173996,nDCG@10,0.6309297535714575
q173996,R@100,1.0
q173997,nDCG@10,1.0
q173997,R@100,1.0
q173998,nDCG@10,1.0
q173998,R@100,1.0
q173999,nDCG@10,0.6309297535714575
q173999,R@100,1.0
q174000,nDCG@10,0.5
q174000,R@100,1.0
q174001,nDCG@10,1.0
q174001,R@100,1.0
q174002,nDCG@10,0.0
q174002,R@100,0.0
q174003,nDCG@10,0.5
q174003,R@100,1.0
q174004,nDCG@10,1.0
q174004,R@100,1.0
q174005,nDCG@10,1.0
q174005,R@100,1.0
q174006,nDCG@10,1.0
q174006,R@100,1.0
q174007,nDCG@10,0.0
q174007,R@100,0.0
q174008,nDCG@10,0.6309297535714575
q174008,R@100,1.0
q174009,nDCG@10,1.0
q174009,R@100,1.0
q174010,nDCG@10,1.0
q174010,R@100,1.0
q174011,nDCG@10,0.6309297535714575
q174011,R@100,1.0
q174012,nDCG@10,0.6309297535714575
q174012,R@100,1.0
q174013,nDCG@10,0.43067655807339306
q174013,R@100,1.0
q174014,nDCG@10,0.5
q174014,R@100,1.0
q174015,nDCG@10,0.0
q174015,R@100,1.0
q174016,nDCG@10,1.0
q174016,R@100,1.0
q174017,nDCG@10,0.38685280723454163
q174017,R@100,1.0
q174018,nDCG@10,0.5
q174018,R@100,1.0
q174019,nDCG@10,0.6309297535714575
q174019,R@100,1.0
q174020,nDCG@10,1.0
q174020,R@100,1.0
q174021,nDCG@10,1.0
q174021,R@100,1.0
q174022,nDCG@10,1.0
q174022,R@100,1.0
q174023,nDCG@10,1.0
q174023,R@100,1.0
q174024,nDCG@10,0.6309297535714575
q174024,R@100,1.0
q174025,nDCG@10,0.6309297535714575
q174025,R@100,1.0
q174026,nDCG@10,1.0
q174026,R@100,1.0
q174027,nDCG@10,1.0
q174027,R@100,1.0
q174028,nDCG@10,1.0
q174028,R@100,1.0
q174029,nDCG@10,0.5
q174029,R@100,1.0
q174030,nDCG@10,0.6309297535714575
q174030,R@100,1.0
q174031,nDCG@10,1.0
q174031,R@100,1.0
q174032,nDCG@10,0.3010299956639812
q174032,R@100,1.0
q174033,nDCG@10,1.0
q174033,R@100,1.0
q174034,nDCG@10,1.0
q174034,R@100,1.0
q174035,nDCG@10,1.0
q174035,R@100,1.0
q174036,nDCG@10,0.6309297535714575
q174036,R@100,1.0
q174037,nDCG@10,1.0
q174037,R@100,1.0
q174038,nDCG@10,1.0
q174038,R@100,1.0
q174039,nDCG@10,0.43067655807339306
q174039,R@100,1.0
q174040,nDCG@10,1.0
q174040,R@100,1.0
q174041,nDCG@10,0.38685280723454163
q174041,R@100,1.0
q174042,nDCG@10,1.0
q174042,R@100,1.0
q174043,nDCG@10,1.0
q174043,R@100,1.0
q174044,nDCG@10,1.0
q174044,R@100,1.0
q174045,nDCG@10,1.0
q174045,R@100,1.0
q174046,nDCG@10,0.3010299956639812
q174046,R@100,1.0
q174047,nDCG@10,1.0
q174047,R@100,1.0
q174048,nDCG@10,1.0
q174048,R@100,1.0
q174049,nDCG@10,1.0
q174049,R@100,1.0
q174050,nDCG@10,1.0
q174050,R@100,1.0
q174051,nDCG@10,1.0
q174051,R@100,1.0
q174052,nDCG@10,1.0
q174052,R@100,1.0
q174053,nDCG@10,1.0
q174053,R@100,1.0
q174054,nDCG@10,1.0
q174054,R@100,1.0
q174055,nDCG@10,1.0
q174055,R@100,1.0
q174056,nDCG@10,1.0
q174056,R@100,1.0
q174057,nDCG@10,0.6309297535714575
q174057,R@100,1.0
q174058,nDCG@10,0.6309297535714575
q174058,R@100,1.0
q174059,nDCG@10,1.0
q174059,R@100,1.0
q174060,nDCG@10,0.43067655807339306
q174060,R@100,1.0
q174061,nDCG@10,1.0
q174061,R@100,1.0
q174062,nDCG@10,0.5
q174062,R@100,1.0
q174063,nDCG@10,1.0
q174063,R@100,1.0
q174064,nDCG@10,1.0
q174064,R@100,1.0
q174065,nDCG@10,1.0
q174065,R@100,1.0
q174066,nDCG@10,1.0
q174066,R@100,1.0
q174067,nDCG@10,1.0
q174067,R@100,1.0
q174068,nDCG@10,0.5
q174068,R@100,1.0
q174069,nDCG@10,1.0
q174069,R@100,1.0
q174070,nDCG@10,1.0
q174070,R@100,1.0
q174071,nDCG@10,1.0
q174071,R@100,1.0
q174072,nDCG@10,1.0
q174072,R@100,1.0
q174073,nDCG@10,1.0
q174073,R@100,1.0
q174074,nDCG@10,1.0
q174074,R@100,1.0
q174075,nDCG@10,1.0
q174075,R@100,1.0
q174076,nDCG@10,0.6309297535714575
q174076,R@100,1.0
q174077,nDCG@10,1.0
q174077,R@100,1.0
q174078,nDCG@10,1.0
q174078,R@100,1.0
q174079,nDCG@10,1.0
q174079,R@100,1.0
q174080,nDCG@10,0.0
q174080,R@100,0.0
q174081,nDCG@10,1.0
q174081,R@100,1.0
q174082,nDCG@10,1.0
q174082,R@100,1.0
q174083,nDCG@10,0.43067655807339306
q174083,R@100,1.0
q174084,nDCG@10,0.0
q174084,R@100,1.0
q174085,nDCG@10,1.0
q174085,R@100,1.0
q174086,nDCG@10,1.0
q174086,R@100,1.0
q174087,nDCG@10,1.0
q174087,R@100,1.0
q174088,nDCG@10,0.5
q174088,R@100,1.0
q174089,nDCG@10,0.0
q174089,R@100,1.0
q174090,nDCG@10,1.0
q174090,R@100,1.0
q174091,nDCG@10,0.6309297535714575
q174091,R@100,1.0
q174092,nDCG@10,0.3010299956639812
q174092,R@100,1.0
q174093,nDCG@10,1.0
q174093,R@100,1.0
q174094,nDCG@10,1.0
q174094,R@100,1.0
q174095,nDCG@10,0.0
q174095,R@100,1.0
q174096,nDCG@10,0.5
q174096,R@100,1.0
q174097,nDCG@10,0.0
q174097,R@100,1.0
q174098,nDCG@10,0.6309297535714575
q174098,R@100,1.0
q174099,nDCG@10,1.0
q174099,R@100,1.0
q174100,nDCG@10,0.6309297535714575
q174100,R@100,1.0
q174101,nDCG@10,1.0
q174101,R@100,1.0
q174102,nDCG@10,0.31546487678572877
q174102,R@100,1.0
q174103,nDCG@10,0.43067655807339306
q174103,R@100,1.0
q174104,nDCG@10,0.0
q174104,R@100,1.0
q174105,nDCG@10,0.0
q174105,R@100,0.0
q174106,nDCG@10,0.6309297535714575
q174106,R@100,1.0
q174107,nDCG@10,1.0
q174107,R@100,1.0
q174108,nDCG@10,1.0
q174108,R@100,1.0
q174109,nDCG@10,0.5
q174109,R@100,1.0
q174110,nDCG@10,0.43067655807339306
q174110,R@100,1.0
q174111,nDCG@10,1.0
q174111,R@100,1.0
q174112,nDCG@10,1.0
q174112,R@100,1.0
q174113,nDCG@10,1.0
q174113,R@100,1.0
q174114,nDCG@10,0.43067655807339306
q174114,R@100,1.0
q174115,nDCG@10,1.0
q174115,R@100,1.0
q174116,nDCG@10,1.0
q174116,R@100,1.0
q174117,nDCG@10,1.0
q174117,R@100,1.0
q174118,nDCG@10,1.0
q174118,R@100,1.0
q174119,nDCG@10,1.0
q174119,R@100,1.0
q174120,nDCG@10,1.0
q174120,R@100,1.0
q174121,nDCG@10,1.0
q174121,R@100,1.0
q174122,nDCG@10,1.0
q174122,R@100,1.0
q174123,nDCG@10,0.5
q174123,R@100,1.0
q174124,nDCG@10,0.0
q174124,R@100,1.0
q174125,nDCG@10,1.0
q174125,R@100,1.0
q174126,nDCG@10,1.0
q174126,R@100,1.0
q174127,nDCG@10,1.0
q174127,R@100,1.0
q174128,nDCG@10,0.0
q174128,R@100,1.0
q174129,nDCG@10,1.0
q174129,R@100,1.0
q174130,nDCG@10,1.0
q174130,R@100,1.0
q174131,nDCG@10,1.0
q174131,R@100,1.0
q174132,nDCG@10,1.0
q174132,R@100,1.0
q174133,nDCG@10,0.6309297535714575
q174133,R@100,1.0
q174134,nDCG@10,1.0
q174134,R@100,1.0
q174135,nDCG@10,1.0
q174135,R@100,1.0
q174136,nDCG@10,1.0
q174136,R@100,1.0
q174137,nDCG@10,0.43067655807339306
q174137,R@100,1.0
q174138,nDCG@10,1.0
q174138,R@100,1.0
q174139,nDCG@10,1.0
q174139,R@100,1.0
q174140,nDCG@10,1.0
q174140,R@100,1.0
q174141,nDCG@10,1.0
q174141,R@100,1.0
q174142,nDCG@10,1.0
q174142,R@100,1.0
q174143,nDCG@10,1.0
q174143,R@100,1.0
q174144,nDCG@10,1.0
q174144,R@100,1.0
q174145,nDCG@10,1.0
q174145,R@100,1.0
q174146,nDCG@10,1.0
q174146,R@100,1.0
q174147,nDCG@10,0.38685280723454163
q174147,R@100,1.0
q174148,nDCG@10,1.0
q174148,R@100,1.0
q174149,nDCG@10,1.0
q174149,R@100,1.0
q174150,nDCG@10,1.0
q174150,R@100,1.0
q174151,nDCG@10,1.0
q174151,R@100,1.0
q174152,nDCG@10,1.0
q174152,R@100,1.0
q174153,nDCG@10,1.0
q174153,R@100,1.0
q174154,nDCG@10,1.0
q174154,R@100,1.0
q174155,nDCG@10,1.0
q174155,R@100,1.0
q174156,nDCG@10,1.0
q174156,R@100,1.0
q174157,nDCG@10,1.0
q174157,R@100,1.0
q174158,nDCG@10,1.0
q174158,R@100,1.0
q174159,nDCG@10,1.0
q174159,R@100,1.0
q174160,nDCG@10,1.0
q174160,R@100,1.0
q174161,nDCG@10,1.0
q174161,R@100,1.0
q174162,nDCG@10,1.0
q174162,R@100,1.0
q174163,nDCG@10,1.0
q174163,R@100,1.0
q174164,nDCG@10,0.43067655807339306
q174164,R@100,1.0
q174165,nDCG@10,0.6309297535714575
q174165,R@100,1.0
q174166,nDCG@10,1.0
q174166,R@100,1.0
q174167,nDCG@10,0.6309297535714575
q174167,R@100,1.0
q174168,nDCG@10,1.0
q174168,R@100,1.0
q174169,nDCG@10,1.0
q174169,R@100,1.0
q174170,nDCG@10,0.6309297535714575
q174170,R@100,1.0
q174171,nDCG@10,1.0
q174171,R@100,1.0
q174172,nDCG@10,1.0
q174172,R@100,1.0
q174173,nDCG@10,0.6309297535714575
q174173,R@100,1.0
q174174,nDCG@10,1.0
q174174,R@100,1.0
q174175,nDCG@10,1.0
q174175,R@100,1.0
q174176,nDCG@10,1.0
q174176,R@100,1.0
q174177,nDCG@10,0.6309297535714575
q174177,R@100,1.0
q174178,nDCG@10,1.0
q174178,R@100,1.0
q174179,nDCG@10,1.0
q174179,R@100,1.0
q174180,nDCG@10,1.0
q174180,R@100,1.0
q174181,nDCG@10,1.0
q174181,R@100,1.0
q174182,nDCG@10,1.0
q174182,R@100,1.0
q174183,nDCG@10,1.0
q174183,R@100,1.0
q174184,nDCG@10,1.0
q174184,R@100,1.0
q174185,nDCG@10,1.0
q174185,R@100,1.0
q174186,nDCG@10,0.31546487678572877
q174186,R@100,1.0
q174187,nDCG@10,1.0
q174187,R@100,1.0
q174188,nDCG@10,1.0
q174188,R@100,1.0
q174189,nDCG@10,1.0
q174189,R@100,1.0
q174190,nDCG@10,0.6309297535714575
q174190,R@100,1.0
q174191,nDCG@10,1.0
q174191,R@100,1.0
q174192,nDCG@10,1.0
q174192,R@100,1.0
q174193,nDCG@10,1.0
q174193,R@100,1.0
q174194,nDCG@10,1.0
q174194,R@100,1.0
q174195,nDCG@10,0.5
q174195,R@100,1.0
q174196,nDCG@10,1.0
q174196,R@100,1.0
q174197,nDCG@10,0.5
q174197,R@100,1.0
q174198,nDCG@10,1.0
q174198,R@100,1.0
q174199,nDCG@10,0.6309297535714575
q174199,R@100,1.0
q174200,nDCG@10,1.0
q174200,R@100,1.0
q174201,nDCG@10,1.0
q174201,R@100,1.0
q174202,nDCG@10,0.0
q174202,R@100,1.0
q174203,nDCG@10,1.0
q174203,R@100,1.0
q174204,nDCG@10,0.6309297535714575
q174204,R@100,1.0
q174205,nDCG@10,1.0
q174205,R@100,1.0
q174206,nDCG@10,1.0
q174206,R@100,1.0
q174207,nDCG@10,1.0
q174207,R@100,1.0
q174208,nDCG@10,1.0
q174208,R@100,1.0
q174209,nDCG@10,1.0
q174209,R@100,1.0
q174210,nDCG@10,1.0
q174210,R@100,1.0
q174211,nDCG@10,1.0
q174211,R@100,1.0
q174212,nDCG@10,1.0
q174212,R@100,1.0
q174213,nDCG@10,0.6309297535714575
q174213,R@100,1.0
q174214,nDCG@10,1.0
q174214,R@100,1.0
q174215,nDCG@10,1.0
q174215,R@100,1.0
q174216,nDCG@10,1.0
q174216,R@100,1.0
q174217,nDCG@10,1.0
q174217,R@100,1.0
q174218,nDCG@10,1.0
q174218,R@100,1.0
q174219,nDCG@10,1.0
q174219,R@100,1.0
q174220,nDCG@10,1.0
q174220,R@100,1.0
q174221,nDCG@10,1.0
q174221,R@100,1.0
q174222,nDCG@10,1.0
q174222,R@100,1.0
q174223,nDCG@10,1.0
q174223,R@100,1.0
q174224,nDCG@10,1.0
q174224,R@100,1.0
q174225,nDCG@10,1.0
q174225,R@100,1.0
q174226,nDCG@10,1.0
q174226,R@100,1.0
q174227,nDCG@10,0.0
q174227,R@100,1.0
q174228,nDCG@10,1.0
q174228,R@100,1.0
q174229,nDCG@10,1.0
q174229,R@100,1.0
q174230,nDCG@10,1.0
q174230,R@100,1.0
q174231,nDCG@10,1.0
q174231,R@100,1.0
q174232,nDCG@10,1.0
q174232,R@100,1.0
q174233,nDCG@10,1.0
q174233,R@100,1.0
q174234,nDCG@10,1.0
q174234,R@100,1.0
q174235,nDCG@10,1.0
q174235,R@100,1.0
q174236,nDCG@10,1.0
q174236,R@100,1.0
q174237,nDCG@10,1.0
q174237,R@100,1.0
q174238,nDCG@10,1.0
q174238,R@100,1.0
q174239,nDCG@10,1.0
q174239,R@100,1.0
q174240,nDCG@10,1.0
q174240,R@100,1.0
q174241,nDCG@10,1.0
q174241,R@100,1.0
q174242,nDCG@10,1.0
q174242,R@100,1.0
q174243,nDCG@10,0.6309297535714575
q174243,R@100,1.0
q174244,nDCG@10,0.3010299956639812
q174244,R@100,1.0
q174245,nDCG@10,1.0
q174245,R@100,1.0
q174246,nDCG@10,0.0
q174246,R@100,1.0
q174247,nDCG@10,1.0
q174247,R@100,1.0
q174248,nDCG@10,1.0
q174248,R@100,1.0
q174249,nDCG@10,1.0
q174249,R@100,1.0
q174250,nDCG@10,1.0
q174250,R@100,1.0
q174251,nDCG@10,1.0
q174251,R@100,1.0
q174252,nDCG@10,1.0
q174252,R@100,1.0
q174253,nDCG@10,1.0
q174253,R@100,1.0
q174254,nDCG@10,1.0
q174254,R@100,1.0
q174255,nDCG@10,1.0
q174255,R@100,1.0
q174256,nDCG@10,1.0
q174256,R@100,1.0
q174257,nDCG@10,1.0
q174257,R@100,1.0
q174258,nDCG@10,1.0
q174258,R@100,1.0
q174259,nDCG@10,1.0
q174259,R@100,1.0
q174260,nDCG@10,0.6309297535714575
q174260,R@100,1.0
q174261,nDCG@10,1.0
q174261,R@100,1.0
q174262,nDCG@10,1.0
q174262,R@100,1.0
q174263,nDCG@10,0.0
q174263,R@100,0.0
q174264,nDCG@10,0.6309297535714575
q174264,R@100,1.0
q174265,nDCG@10,1.0
q174265,R@100,1.0
q174266,nDCG@10,1.0
q174266,R@100,1.0
q174267,nDCG@10,1.0
q174267,R@100,1.0
q174268,nDCG@10,1.0
q174268,R@100,1.0
q174269,nDCG@10,1.0
q174269,R@100,1.0
q174270,nDCG@10,1.0
q174270,R@100,1.0
q174271,nDCG@10,0.6309297535714575
q174271,R@100,1.0
q174272,nDCG@10,0.0
q174272,R@100,1.0
q174273,nDCG@10,1.0
q174273,R@100,1.0
q174274,nDCG@10,1.0
q174274,R@100,1.0
q174275,nDCG@10,1.0
q174275,R@100,1.0
q174276,nDCG@10,1.0
q174276,R@100,1.0
q174277,nDCG@10,1.0
q174277,R@100,1.0
q174278,nDCG@10,1.0
q174278,R@100,1.0
q174279,nDCG@10,1.0
q174279,R@100,1.0
q174280,nDCG@10,1.0
q174280,R@100,1.0
q174281,nDCG@10,0.6309297535714575
q174281,R@100,1.0
q174282,nDCG@10,1.0
q174282,R@100,1.0
q174283,nDCG@10,1.0
q174283,R@100,1.0
q174284,nDCG@10,1.0
q174284,R@100,1.0
q174285,nDCG@10,1.0
q174285,R@100,1.0
q174286,nDCG@10,0.5
q174286,R@100,1.0
q174287,nDCG@10,1.0
q174287,R@100,1.0
q174288,nDCG@10,0.6309297535714575
q174288,R@100,1.0
q174289,nDCG@10,1.0
q174289,R@100,1.0
q174290,nDCG@10,1.0
q174290,R@100,1.0
q174291,nDCG@10,1.0
q174291,R@100,1.0
q174292,nDCG@10,0.5
q174292,R@100,1.0
q174293,nDCG@10,1.0
q174293,R@100,1.0
q174294,nDCG@10,1.0
q174294,R@100,1.0
q174295,nDCG@10,0.6309297535714575
q174295,R@100,1.0
q174296,nDCG@10,1.0
q174296,R@100,1.0
q174297,nDCG@10,1.0
q174297,R@100,1.0
q174298,nDCG@10,1.0
q174298,R@100,1.0
q174299,nDCG@10,0.6309297535714575
q174299,R@100,1.0
q174300,nDCG@10,0.6309297535714575
q174300,R@100,1.0
q174301,nDCG@10,1.0
q174301,R@100,1.0
q174302,nDCG@10,1.0
q174302,R@100,1.0
q174303,nDCG@10,0.0
q174303,R@100,1.0
q174304,nDCG@10,1.0
q174304,R@100,1.0
q174305,nDCG@10,1.0
q174305,R@100,1.0
q174306,nDCG@10,1.0
q174306,R@100,1.0
q174307,nDCG@10,1.0
q174307,R@100,1.0
q174308,nDCG@10,1.0
q174308,R@100,1.0
q174309,nDCG@10,1.0
q174309,R@100,1.0
q174310,nDCG@10,1.0
q174310,R@100,1.0
q174311,nDCG@10,1.0
q174311,R@100,1.0
q174312,nDCG@10,1.0
q174312,R@100,1.0
q174313,nDCG@10,1.0
q174313,R@100,1.0
q174314,nDCG@10,1.0
q174314,R@100,1.0
q174315,nDCG@10,1.0
q174315,R@100,1.0
q174316,nDCG@10,1.0
q174316,R@100,1.0
q174317,nDCG@10,1.0
q174317,R@100,1.0
q174318,nDCG@10,1.0
q174318,R@100,1.0
q174319,nDCG@10,1.0
q174319,R@100,1.0
q174320,nDCG@10,1.0
q174320,R@100,1.0
q174321,nDCG@10,0.6309297535714575
q174321,R@100,1.0
q174322,nDCG@10,1.0
q174322,R@100,1.0
q174323,nDCG@10,1.0
q174323,R@100,1.0
q174324,nDCG@10,1.0
q174324,R@100,1.0
q174325,nDCG@10,1.0
q174325,R@100,1.0
q174326,nDCG@10,1.0
q174326,R@100,1.0
q174327,nDCG@10,1.0
q174327,R@100,1.0
q174328,nDCG@10,1.0
q174328,R@100,1.0
q174329,nDCG@10,1.0
q174329,R@100,1.0
q174330,nDCG@10,1.0
q174330,R@100,1.0
q174331,nDCG@10,1.0
q174331,R@100,1.0
q174332,nDCG@10,1.0
q174332,R@100,1.0
q174333,nDCG@10,1.0
q174333,R@100,1.0
q174334,nDCG@10,0.0
q174334,R@100,0.0
q174335,nDCG@10,1.0
q174335,R@100,1.0
q174336,nDCG@10,0.0
q174336,R@100,0.0
q174337,nDCG@10,1.0
q174337,R@100,1.0
q174338,nDCG@10,1.0
q174338,R@100,1.0
q174339,nDCG@10,1.0
q174339,R@100,1.0
q174340,nDCG@10,1.0
q174340,R@100,1.0
q174341,nDCG@10,1.0
q174341,R@100,1.0
q174342,nDCG@10,1.0
q174342,R@100,1.0
q174343,nDCG@10,1.0
q174343,R@100,1.0
q174344,nDCG@10,1.0
q174344,R@100,1.0
q174345,nDCG@10,1.0
q174345,R@100,1.0
q174346,nDCG@10,1.0
q174346,R@100,1.0
q174347,nDCG@10,1.0
q174347,R@100,1.0
q174348,nDCG@10,1.0
q174348,R@100,1.0
q174349,nDCG@10,1.0
q174349,R@100,1.0
q174350,nDCG@10,0.0
q174350,R@100,1.0
q174351,nDCG@10,0.0
q174351,R@100,1.0
q174352,nDCG@10,1.0
q174352,R@100,1.0
q174353,nDCG@10,1.0
q174353,R@100,1.0
q174354,nDCG@10,0.38685280723454163
q174354,R@100,1.0
q174355,nDCG@10,1.0
q174355,R@100,1.0
q174356,nDCG@10,1.0
q174356,R@100,1.0
q174357,nDCG@10,1.0
q174357,R@100,1.0
q174358,nDCG@10,1.0
q174358,R@100,1.0
q174359,nDCG@10,1.0
q174359,R@100,1.0
q174360,nDCG@10,1.0
q174360,R@100,1.0
q174361,nDCG@10,0.0
q174361,R@100,1.0
q174362,nDCG@10,0.0
q174362,R@100,1.0
q174363,nDCG@10,1.0
q174363,R@100,1.0
q174364,nDCG@10,1.0
q174364,R@100,1.0
q174365,nDCG@10,1.0
q174365,R@100,1.0
q174366,nDCG@10,1.0
q174366,R@100,1.0
q174367,nDCG@10,1.0
q174367,R@100,1.0
q174368,nDCG@10,1.0
q174368,R@100,1.0
q174369,nDCG@10,1.0
q174369,R@100,1.0
q174370,nDCG@10,1.0
q174370,R@100,1.0
q174371,nDCG@10,1.0
q174371,R@100,1.0
q174372,nDCG@10,1.0
q174372,R@100,1.0
q174373,nDCG@10,1.0
q174373,R@100,1.0
q174374,nDCG@10,1.0
q174374,R@100,1.0
q174375,nDCG@10,1.0
q174375,R@100,1.0
q174376,nDCG@10,1.0
q174376,R@100,1.0
q174377,nDCG@10,0.5
q174377,R@100,1.0
q174378,nDCG@10,1.0
q174378,R@100,1.0
q174379,nDCG@10,1.0
q174379,R@100,1.0
q174380,nDCG@10,0.6309297535714575
q174380,R@100,1.0
q174381,nDCG@10,0.6309297535714575
q174381,R@100,1.0
q174382,nDCG@10,1.0
q174382,R@100,1.0
q174383,nDCG@10,0.6309297535714575
q174383,R@100,1.0
q174384,nDCG@10,1.0
q174384,R@100,1.0
q174385,nDCG@10,0.38685280723454163
q174385,R@100,1.0
q174386,nDCG@10,0.43067655807339306
q174386,R@100,1.0
q174387,nDCG@10,1.0
q174387,R@100,1.0
q174388,nDCG@10,1.0
q174388,R@100,1.0
q174389,nDCG@10,1.0
q174389,R@100,1.0
q174390,nDCG@10,0.0
q174390,R@100,1.0
q174391,nDCG@10,0.5
q174391,R@100,1.0
q174392,nDCG@10,0.6309297535714575
q174392,R@100,1.0
q174393,nDCG@10,1.0
q174393,R@100,1.0
q174394,nDCG@10,1.0
q174394,R@100,1.0
q174395,nDCG@10,1.0
q174395,R@100,1.0
q174396,nDCG@10,0.6309297535714575
q174396,R@100,1.0
q174397,nDCG@10,0.31546487678572877
q174397,R@100,1.0
q174398,nDCG@10,1.0
q174398,R@100,1.0
q174399,nDCG@10,1.0
q174399,R@100,1.0
q174400,nDCG@10,0.6309297535714575
q174400,R@100,1.0
q174401,nDCG@10,1.0
q174401,R@100,1.0
q174402,nDCG@10,0.0
q174402,R@100,1.0
q174403,nDCG@10,1.0
q174403,R@100,1.0
q174404,nDCG@10,1.0
q174404,R@100,1.0
q174405,nDCG@10,1.0
q174405,R@100,1.0
q174406,nDCG@10,1.0
q174406,R@100,1.0
q174407,nDCG@10,0.6309297535714575
q174407,R@100,1.0
q174408,nDCG@10,0.3333333333333333
q174408,R@100,1.0
q174409,nDCG@10,0.5
q174409,R@100,1.0
q174410,nDCG@10,1.0
q174410,R@100,1.0
q174411,nDCG@10,1.0
q174411,R@100,1.0
q174412,nDCG@10,1.0
q174412,R@100,1.0
q174413,nDCG@10,1.0
q174413,R@100,1.0
q174414,nDCG@10,1.0
q174414,R@100,1.0
q174415,nDCG@10,1.0
q174415,R@100,1.0
q174416,nDCG@10,1.0
q174416,R@100,1.0
q174417,nDCG@10,1.0
q174417,R@100,1.0
q174418,nDCG@10,1.0
q174418,R@100,1.0
q174419,nDCG@10,0.6309297535714575
q174419,R@100,1.0
q174420,nDCG@10,1.0
q174420,R@100,1.0
q174421,nDCG@10,0.6309297535714575
q174421,R@100,1.0
q174422,nDCG@10,0.6309297535714575
q174422,R@100,1.0
q174423,nDCG@10,1.0
q174423,R@100,1.0
q174424,nDCG@10,1.0
q174424,R@100,1.0
q174425,nDCG@10,1.0
q174425,R@100,1.0
q174426,nDCG@10,1.0
q174426,R@100,1.0
q174427,nDCG@10,1.0
q174427,R@100,1.0
q174428,nDCG@10,1.0
q174428,R@100,1.0
q174429,nDCG@10,1.0
q174429,R@100,1.0
q174430,nDCG@10,1.0
q174430,R@100,1.0
q174431,nDCG@10,1.0
q174431,R@100,1.0
q174432,nDCG@10,0.0
q174432,R@100,1.0
q174433,nDCG@10,0.0
q174433,R@100,1.0
q174434,nDCG@10,0.0
q174434,R@100,1.0
q174435,nDCG@10,0.0
q174435,R@100,1.0
q174436,nDCG@10,1.0
q174436,R@100,1.0
q174437,nDCG@10,1.0
q174437,R@100,1.0
q174438,nDCG@10,1.0
q174438,R@100,1.0
q174439,nDCG@10,1.0
q174439,R@100,1.0
q174440,nDCG@10,1.0
q174440,R@100,1.0
q174441,nDCG@10,0.6309297535714575
q174441,R@100,1.0
q174442,nDCG@10,1.0
q174442,R@100,1.0
q174443,nDCG@10,1.0
q174443,R@100,1.0
q174444,nDCG@10,0.6309297535714575
q174444,R@100,1.0
q174445,nDCG@10,1.0
q174445,R@100,1.0
q174446,nDCG@10,1.0
q174446,R@100,1.0
q174447,nDCG@10,0.0
q174447,R@100,0.0
q174448,nDCG@10,0.0
q174448,R@100,1.0
q174449,nDCG@10,1.0
q174449,R@100,1.0
q174450,nDCG@10,1.0
q174450,R@100,1.0
q174451,nDCG@10,1.0
q174451,R@100,1.0
q174452,nDCG@10,1.0
q174452,R@100,1.0
q174453,nDCG@10,1.0
q174453,R@100,1.0
q174454,nDCG@10,1.0
q174454,R@100,1.0
q174455,nDCG@10,1.0
q174455,R@100,1.0
q174456,nDCG@10,0.6309297535714575
q174456,R@100,1.0
q174457,nDCG@10,1.0
q174457,R@100,1.0
q174458,nDCG@10,0.3333333333333333
q174458,R@100,1.0
q174459,nDCG@10,1.0
q174459,R@100,1.0
q174460,nDCG@10,1.0
q174460,R@100,1.0
q174461,nDCG@10,1.0
q174461,R@100,1.0
q174462,nDCG@10,0.6309297535714575
q174462,R@100,1.0
q174463,nDCG@10,0.0
q174463,R@100,1.0
q174464,nDCG@10,0.0
q174464,R@100,1.0
q174465,nDCG@10,1.0
q174465,R@100,1.0
q174466,nDCG@10,1.0
q174466,R@100,1.0
q174467,nDCG@10,1.0
q174467,R@100,1.0
q174468,nDCG@10,0.38685280723454163
q174468,R@100,1.0
q174469,nDCG@10,1.0
q174469,R@100,1.0
q174470,nDCG@10,1.0
q174470,R@100,1.0
q174471,nDCG@10,1.0
q174471,R@100,1.0
q174472,nDCG@10,1.0
q174472,R@100,1.0
q174473,nDCG@10,1.0
q174473,R@100,1.0
q174474,nDCG@10,1.0
q174474,R@100,1.0
q174475,nDCG@10,1.0
q174475,R@100,1.0
q174476,nDCG@10,1.0
q174476,R@100,1.0
q174477,nDCG@10,0.0
q174477,R@100,1.0
q174478,nDCG@10,1.0
q174478,R@100,1.0
q174479,nDCG@10,1.0
q174479,R@100,1.0
q174480,nDCG@10,1.0
q174480,R@100,1.0
q174481,nDCG@10,0.6309297535714575
q174481,R@100,1.0
q174482,nDCG@10,1.0
q174482,R@100,1.0
q174483,nDCG@10,1.0
q174483,R@100,1.0
q174484,nDCG@10,0.3333333333333333
q174484,R@100,1.0
q174485,nDCG@10,0.5
q174485,R@100,1.0
q174486,nDCG@10,1.0
q174486,R@100,1.0
q174487,nDCG@10,0.43067655807339306
q174487,R@100,1.0
q174488,nDCG@10,0.6309297535714575
q174488,R@100,1.0
q174489,nDCG@10,0.5
q174489,R@100,1.0
q174490,nDCG@10,1.0
q174490,R@100,1.0
q174491,nDCG@10,1.0
q174491,R@100,1.0
q174492,nDCG@10,1.0
q174492,R@100,1.0
q174493,nDCG@10,1.0
q174493,R@100,1.0
q174494,nDCG@10,1.0
q174494,R@100,1.0
q174495,nDCG@10,0.3333333333333333
q174495,R@100,1.0
q174496,nDCG@10,1.0
q174496,R@100,1.0
q174497,nDCG@10,1.0
q174497,R@100,1.0
q174498,nDCG@10,0.6309297535714575
q174498,R@100,1.0
q174499,nDCG@10,1.0
q174499,R@100,1.0
q174500,nDCG@10,1.0
q174500,R@100,1.0
q174501,nDCG@10,1.0
q174501,R@100,1.0
q174502,nDCG@10,1.0
q174502,R@100,1.0
q174503,nDCG@10,1.0
q174503,R@100,1.0
q174504,nDCG@10,1.0
q174504,R@100,1.0
q174505,nDCG@10,1.0
q174505,R@100,1.0
q174506,nDCG@10,0.38685280723454163
q174506,R@100,1.0
q174507,nDCG@10,1.0
q174507,R@100,1.0
q174508,nDCG@10,0.6309297535714575
q174508,R@100,1.0
q174509,nDCG@10,1.0
q174509,R@100,1.0
q174510,nDCG@10,1.0
q174510,R@100,1.0
q174511,nDCG@10,1.0
q174511,R@100,1.0
q174512,nDCG@10,1.0
q174512,R@100,1.0
q174513,nDCG@10,1.0
q174513,R@100,1.0
q174514,nDCG@10,1.0
q174514,R@100,1.0
q174515,nDCG@10,1.0
q174515,R@100,1.0
q174516,nDCG@10,0.6309297535714575
q174516,R@100,1.0
q174517,nDCG@10,1.0
q174517,R@100,1.0
q174518,nDCG@10,0.0
q174518,R@100,1.0
q174519,nDCG@10,1.0
q174519,R@100,1.0
q174520,nDCG@10,1.0
q174520,R@100,1.0
q174521,nDCG@10,0.38685280723454163
q174521,R@100,1.0
q174522,nDCG@10,1.0
q174522,R@100,1.0
q174523,nDCG@10,1.0
q174523,R@100,1.0
q174524,nDCG@10,1.0
q174524,R@100,1.0
q174525,nDCG@10,1.0
q174525,R@100,1.0
q174526,nDCG@10,1.0
q174526,R@100,1.0
q174527,nDCG@10,0.3333333333333333
q174527,R@100,1.0
q174528,nDCG@10,1.0
q174528,R@100,1.0
q174529,nDCG@10,0.0
q174529,R@100,1.0
q174530,nDCG@10,1.0
q174530,R@100,1.0
q174531,nDCG@10,1.0
q174531,R@100,1.0
q174532,nDCG@10,1.0
q174532,R@100,1.0
q174533,nDCG@10,1.0
q174533,R@100,1.0
q174534,nDCG@10,1.0
q174534,R@100,1.0
q174535,nDCG@10,1.0
q174535,R@100,1.0
q174536,nDCG@10,1.0
q174536,R@100,1.0
q174537,nDCG@10,1.0
q174537,R@100,1.0
q174538,nDCG@10,1.0
q174538,R@100,1.0
q174539,nDCG@10,0.5
q174539,R@100,1.0
q174540,nDCG@10,0.0
q174540,R@100,1.0
q174541,nDCG@10,1.0
q174541,R@100,1.0
q174542,nDCG@10,1.0
q174542,R@100,1.0
q174543,nDCG@10,1.0
q174543,R@100,1.0
q174544,nDCG@10,1.0
q174544,R@100,1.0
q174545,nDCG@10,1.0
q174545,R@100,1.0
q174546,nDCG@10,1.0
q174546,R@100,1.0
q174547,nDCG@10,1.0
q174547,R@100,1.0
q174548,nDCG@10,1.0
q174548,R@100,1.0
q174549,nDCG@10,1.0
q174549,R@100,1.0
q174550,nDCG@10,1.0
q174550,R@100,1.0
q174551,nDCG@10,1.0
q174551,R@100,1.0
q174552,nDCG@10,0.43067655807339306
q174552,R@100,1.0
q174553,nDCG@10,0.6309297535714575
q174553,R@100,1.0
q174554,nDCG@10,1.0
q174554,R@100,1.0
q174555,nDCG@10,0.31546487678572877
q174555,R@100,1.0
q174556,nDCG@10,1.0
q174556,R@100,1.0
q174557,nDCG@10,1.0
q174557,R@100,1.0
q174558,nDCG@10,0.0
q174558,R@100,1.0
q174559,nDCG@10,1.0
q174559,R@100,1.0
q174560,nDCG@10,1.0
q174560,R@100,1.0
q174561,nDCG@10,1.0
q174561,R@100,1.0
q174562,nDCG@10,1.0
q174562,R@100,1.0
q174563,nDCG@10,1.0
q174563,R@100,1.0
q174564,nDCG@10,0.43067655807339306
q174564,R@100,1.0
q174565,nDCG@10,1.0
q174565,R@100,1.0
q174566,nDCG@10,0.6309297535714575
q174566,R@100,1.0
q174567,nDCG@10,1.0
q174567,R@100,1.0
q174568,nDCG@10,1.0
q174568,R@100,1.0
q174569,nDCG@10,1.0
q174569,R@100,1.0
q174570,nDCG@10,0.6309297535714575
q174570,R@100,1.0
q174571,nDCG@10,1.0
q174571,R@100,1.0
q174572,nDCG@10,0.6309297535714575
q174572,R@100,1.0
q174573,nDCG@10,1.0
q174573,R@100,1.0
q174574,nDCG@10,1.0
q174574,R@100,1.0
q174575,nDCG@10,1.0
q174575,R@100,1.0
q174576,nDCG@10,1.0
q174576,R@100,1.0
q174577,nDCG@10,1.0
q174577,R@100,1.0
q174578,nDCG@10,1.0
q174578,R@100,1.0
q174579,nDCG@10,0.3010299956639812
q174579,R@100,1.0
q174580,nDCG@10,1.0
q174580,R@100,1.0
q174581,nDCG@10,0.6309297535714575
q174581,R@100,1.0
q174582,nDCG@10,1.0
q174582,R@100,1.0
q174583,nDCG@10,1.0
q174583,R@100,1.0
q174584,nDCG@10,0.6309297535714575
q174584,R@100,1.0
q174585,nDCG@10,1.0
q174585,R@100,1.0
q174586,nDCG@10,1.0
q174586,R@100,1.0
q174587,nDCG@10,1.0
q174587,R@100,1.0
q174588,nDCG@10,1.0
q174588,R@100,1.0
q174589,nDCG@10,1.0
q174589,R@100,1.0
q174590,nDCG@10,1.0
q174590,R@100,1.0
q174591,nDCG@10,1.0
q174591,R@100,1.0
q174592,nDCG@10,1.0
q174592,R@100,1.0
q174593,nDCG@10,1.0
q174593,R@100,1.0
q174594,nDCG@10,1.0
q174594,R@100,1.0
q174595,nDCG@10,1.0
q174595,R@100,1.0
q174596,nDCG@10,1.0
q174596,R@100,1.0
q174597,nDCG@10,1.0
q174597,R@100,1.0
q174598,nDCG@10,0.3562071871080222
q174598,R@100,1.0
q174599,nDCG@10,0.6309297535714575
q174599,R@100,1.0
q174600,nDCG@10,1.0
q174600,R@100,1.0
q174601,nDCG@10,1.0
q174601,R@100,1.0
q174602,nDCG@10,0.6309297535714575
q174602,R@100,1.0
q174603,nDCG@10,1.0
q174603,R@100,1.0
q174604,nDCG@10,1.0
q174604,R@100,1.0
q174605,nDCG@10,1.0
q174605,R@100,1.0
q174606,nDCG@10,1.0
q174606,R@100,1.0
q174607,nDCG@10,1.0
q174607,R@100,1.0
q174608,nDCG@10,1.0
q174608,R@100,1.0
q174609,nDCG@10,1.0
q174609,R@100,1.0
q174610,nDCG@10,1.0
q174610,R@100,1.0
q174611,nDCG@10,1.0
q174611,R@100,1.0
q174612,nDCG@10,1.0
q174612,R@100,1.0
q174613,nDCG@10,1.0
q174613,R@100,1.0
q174614,nDCG@10,1.0
q174614,R@100,1.0
q174615,nDCG@10,1.0
q174615,R@100,1.0
q174616,nDCG@10,1.0
q174616,R@100,1.0
q174617,nDCG@10,1.0
q174617,R@100,1.0
q174618,nDCG@10,1.0
q174618,R@100,1.0
q174619,nDCG@10,1.0
q174619,R@100,1.0
q174620,nDCG@10,1.0
q174620,R@100,1.0
q174621,nDCG@10,0.6309297535714575
q174621,R@100,1.0
q174622,nDCG@10,1.0
q174622,R@100,1.0
q174623,nDCG@10,1.0
q174623,R@100,1.0
q174624,nDCG@10,1.0
q174624,R@100,1.0
q174625,nDCG@10,1.0
q174625,R@100,1.0
q174626,nDCG@10,0.0
q174626,R@100,0.0
q174627,nDCG@10,1.0
q174627,R@100,1.0
q174628,nDCG@10,1.0
q174628,R@100,1.0
q174629,nDCG@10,1.0
q174629,R@100,1.0
q174630,nDCG@10,1.0
q174630,R@100,1.0
q174631,nDCG@10,1.0
q174631,R@100,1.0
q174632,nDCG@10,1.0
q174632,R@100,1.0
q174633,nDCG@10,1.0
q174633,R@100,1.0
q174634,nDCG@10,1.0
q174634,R@100,1.0
q174635,nDCG@10,1.0
q174635,R@100,1.0
q174636,nDCG@10,1.0
q174636,R@100,1.0
q174637,nDCG@10,1.0
q174637,R@100,1.0
q174638,nDCG@10,1.0
q174638,R@100,1.0
q174639,nDCG@10,1.0
q174639,R@100,1.0
q174640,nDCG@10,1.0
q174640,R@100,1.0
q174641,nDCG@10,1.0
q174641,R@100,1.0
q174642,nDCG@10,0.6309297535714575
q174642,R@100,1.0
q174643,nDCG@10,1.0
q174643,R@100,1.0
q174644,nDCG@10,1.0
q174644,R@100,1.0
q174645,nDCG@10,1.0
q174645,R@100,1.0
q174646,nDCG@10,1.0
q174646,R@100,1.0
q174647,nDCG@10,0.6309297535714575
q174647,R@100,1.0
q174648,nDCG@10,0.0
q174648,R@100,1.0
q174649,nDCG@10,0.6309297535714575
q174649,R@100,1.0
q174650,nDCG@10,1.0
q174650,R@100,1.0
q174651,nDCG@10,1.0
q174651,R@100,1.0
q174652,nDCG@10,1.0
q174652,R@100,1.0
q174653,nDCG@10,1.0
q174653,R@100,1.0
q174654,nDCG@10,1.0
q174654,R@100,1.0
q174655,nDCG@10,1.0
q174655,R@100,1.0
q174656,nDCG@10,0.38685280723454163
q174656,R@100,1.0
q174657,nDCG@10,1.0
q174657,R@100,1.0
q174658,nDCG@10,1.0
q174658,R@100,1.0
q174659,nDCG@10,1.0
q174659,R@100,1.0
q174660,nDCG@10,1.0
q174660,R@100,1.0
q174661,nDCG@10,1.0
q174661,R@100,1.0
q174662,nDCG@10,0.6309297535714575
q174662,R@100,1.0
q174663,nDCG@10,1.0
q174663,R@100,1.0
q174664,nDCG@10,1.0
q174664,R@100,1.0
q174665,nDCG@10,1.0
q174665,R@100,1.0
q174666,nDCG@10,1.0
q174666,R@100,1.0
q174667,nDCG@10,1.0
q174667,R@100,1.0
q174668,nDCG@10,1.0
q174668,R@100,1.0
q174669,nDCG@10,1.0
q174669,R@100,1.0
q174670,nDCG@10,1.0
q174670,R@100,1.0
q174671,nDCG@10,0.31546487678572877
q174671,R@100,1.0
q174672,nDCG@10,1.0
q174672,R@100,1.0
q174673,nDCG@10,1.0
q174673,R@100,1.0
q174674,nDCG@10,1.0
q174674,R@100,1.0
q174675,nDCG@10,0.6309297535714575
q174675,R@100,1.0
q174676,nDCG@10,1.0
q174676,R@100,1.0
q174677,nDCG@10,0.5
q174677,R@100,1.0
q174678,nDCG@10,1.0
q174678,R@100,1.0
q174679,nDCG@10,1.0
q174679,R@100,1.0
q174680,nDCG@10,1.0
q174680,R@100,1.0
q174681,nDCG@10,1.0
q174681,R@100,1.0
q174682,nDCG@10,1.0
q174682,R@100,1.0
q174683,nDCG@10,1.0
q174683,R@100,1.0
q174684,nDCG@10,1.0
q174684,R@100,1.0
q174685,nDCG@10,1.0
q174685,R@100,1.0
q174686,nDCG@10,1.0
q174686,R@100,1.0
q174687,nDCG@10,1.0
q174687,R@100,1.0
q174688,nDCG@10,0.0
q174688,R@100,1.0
q174689,nDCG@10,0.0
q174689,R@100,1.0
q174690,nDCG@10,1.0
q174690,R@100,1.0
q174691,nDCG@10,1.0
q174691,R@100,1.0
q174692,nDCG@10,1.0
q174692,R@100,1.0
q174693,nDCG@10,1.0
q174693,R@100,1.0
q174694,nDCG@10,1.0
q174694,R@100,1.0
q174695,nDCG@10,0.6309297535714575
q174695,R@100,1.0
q174696,nDCG@10,1.0
q174696,R@100,1.0
q174697,nDCG@10,1.0
q174697,R@100,1.0
q174698,nDCG@10,0.6309297535714575
q174698,R@100,1.0
q174699,nDCG@10,1.0
q174699,R@100,1.0
q174700,nDCG@10,1.0
q174700,R@100,1.0
q174701,nDCG@10,1.0
q174701,R@100,1.0
q174702,nDCG@10,1.0
q174702,R@100,1.0
q174703,nDCG@10,0.6309297535714575
q174703,R@100,1.0
q174704,nDCG@10,1.0
q174704,R@100,1.0
q174705,nDCG@10,1.0
q174705,R@100,1.0
q174706,nDCG@10,1.0
q174706,R@100,1.0
q174707,nDCG@10,1.0
q174707,R@100,1.0
q174708,nDCG@10,1.0
q174708,R@100,1.0
q174709,nDCG@10,1.0
q174709,R@100,1.0
q174710,nDCG@10,1.0
q174710,R@100,1.0
q174711,nDCG@10,1.0
q174711,R@100,1.0
q174712,nDCG@10,1.0
q174712,R@100,1.0
q174713,nDCG@10,1.0
q174713,R@100,1.0
q174714,nDCG@10,1.0
q174714,R@100,1.0
q174715,nDCG@10,1.0
q174715,R@100,1.0
q174716,nDCG@10,1.0
q174716,R@100,1.0
q174717,nDCG@10,1.0
q174717,R@100,1.0
q174718,nDCG@10,1.0
q174718,R@100,1.0
q174719,nDCG@10,1.0
q174719,R@100,1.0
q174720,nDCG@10,0.6309297535714575
q174720,R@100,1.0
q174721,nDCG@10,1.0
q174721,R@100,1.0
q174722,nDCG@10,1.0
q174722,R@100,1.0
q174723,nDCG@10,0.6309297535714575
q174723,R@100,1.0
q174724,nDCG@10,1.0
q174724,R@100,1.0
q174725,nDCG@10,1.0
q174725,R@100,1.0
q174726,nDCG@10,1.0
q174726,R@100,1.0
q174727,nDCG@10,1.0
q174727,R@100,1.0
q174728,nDCG@10,1.0
q174728,R@100,1.0
q174729,nDCG@10,0.6309297535714575
q174729,R@100,1.0
q174730,nDCG@10,1.0
q174730,R@100,1.0
q174731,nDCG@10,1.0
q174731,R@100,1.0
q174732,nDCG@10,1.0
q174732,R@100,1.0
q174733,nDCG@10,1.0
q174733,R@100,1.0
q174734,nDCG@10,1.0
q174734,R@100,1.0
q174735,nDCG@10,1.0
q174735,R@100,1.0
q174736,nDCG@10,0.43067655807339306
q174736,R@100,1.0
q174737,nDCG@10,1.0
q174737,R@100,1.0
q174738,nDCG@10,1.0
q174738,R@100,1.0
q174739,nDCG@10,1.0
q174739,R@100,1.0
q174740,nDCG@10,1.0
q174740,R@100,1.0
q174741,nDCG@10,0.6309297535714575
q174741,R@100,1.0
q174742,nDCG@10,1.0
q174742,R@100,1.0
q174743,nDCG@10,1.0
q174743,R@100,1.0
q174744,nDCG@10,1.0
q174744,R@100,1.0
q174745,nDCG@10,1.0
q174745,R@100,1.0
q174746,nDCG@10,0.0
q174746,R@100,1.0
q174747,nDCG@10,1.0
q174747,R@100,1.0
q174748,nDCG@10,0.2890648263178879
q174748,R@100,1.0
q174749,nDCG@10,1.0
q174749,R@100,1.0
q174750,nDCG@10,1.0
q174750,R@100,1.0
q174751,nDCG@10,1.0
q174751,R@100,1.0
q174752,nDCG@10,1.0
q174752,R@100,1.0
q174753,nDCG@10,0.6309297535714575
q174753,R@100,1.0
q174754,nDCG@10,1.0
q174754,R@100,1.0
q174755,nDCG@10,1.0
q174755,R@100,1.0
q174756,nDCG@10,1.0
q174756,R@100,1.0
q174757,nDCG@10,1.0
q174757,R@100,1.0
q174758,nDCG@10,0.5
q174758,R@100,1.0
q174759,nDCG@10,1.0
q174759,R@100,1.0
q174760,nDCG@10,1.0
q174760,R@100,1.0
q174761,nDCG@10,1.0
q174761,R@100,1.0
q174762,nDCG@10,1.0
q174762,R@100,1.0
q174763,nDCG@10,1.0
q174763,R@100,1.0
q174764,nDCG@10,1.0
q174764,R@100,1.0
q174765,nDCG@10,1.0
q174765,R@100,1.0
q174766,nDCG@10,0.0
q174766,R@100,1.0
q174767,nDCG@10,1.0
q174767,R@100,1.0
q174768,nDCG@10,0.6309297535714575
q174768,R@100,1.0
q174769,nDCG@10,1.0
q174769,R@100,1.0
q174770,nDCG@10,1.0
q174770,R@100,1.0
q174771,nDCG@10,0.6309297535714575
q174771,R@100,1.0
q174772,nDCG@10,1.0
q174772,R@100,1.0
q174773,nDCG@10,1.0
q174773,R@100,1.0
q174774,nDCG@10,1.0
q174774,R@100,1.0
q174775,nDCG@10,1.0
q174775,R@100,1.0
q174776,nDCG@10,1.0
q174776,R@100,1.0
q174777,nDCG@10,1.0
q174777,R@100,1.0
q174778,nDCG@10,1.0
q174778,R@100,1.0
q174779,nDCG@10,1.0
q174779,R@100,1.0
q174780,nDCG@10,1.0
q174780,R@100,1.0
q174781,nDCG@10,1.0
q174781,R@100,1.0
q174782,nDCG@10,0.6309297535714575
q174782,R@100,1.0
q174783,nDCG@10,1.0
q174783,R@100,1.0
q174784,nDCG@10,1.0
q174784,R@100,1.0
q174785,nDCG@10,1.0
q174785,R@100,1.0
q174786,nDCG@10,1.0
q174786,R@100,1.0
q174787,nDCG@10,0.31546487678572877
q174787,R@100,1.0
q174788,nDCG@10,1.0
q174788,R@100,1.0
q174789,nDCG@10,0.6309297535714575
q174789,R@100,1.0
q174790,nDCG@10,1.0
q174790,R@100,1.0
q174791,nDCG@10,1.0
q174791,R@100,1.0
q174792,nDCG@10,1.0
q174792,R@100,1.0
q174793,nDCG@10,1.0
q174793,R@100,1.0
q174794,nDCG@10,1.0
q174794,R@100,1.0
q174795,nDCG@10,1.0
q174795,R@100,1.0
q174796,nDCG@10,1.0
q174796,R@100,1.0
q174797,nDCG@10,1.0
q174797,R@100,1.0
q174798,nDCG@10,1.0
q174798,R@100,1.0
q174799,nDCG@10,1.0
q174799,R@100,1.0
q174800,nDCG@10,1.0
q174800,R@100,1.0
q174801,nDCG@10,1.0
q174801,R@100,1.0
q174802,nDCG@10,1.0
q174802,R@100,1.0
q174803,nDCG@10,1.0
q174803,R@100,1.0
q174804,nDCG@10,1.0
q174804,R@100,1.0
q174805,nDCG@10,1.0
q174805,R@100,1.0
q174806,nDCG@10,1.0
q174806,R@100,1.0
q174807,nDCG@10,1.0
q174807,R@100,1.0
q174808,nDCG@10,1.0
q174808,R@100,1.0
q174809,nDCG@10,1.0
q174809,R@100,1.0
q174810,nDCG@10,1.0
q174810,R@100,1.0
q174811,nDCG@10,1.0
q174811,R@100,1.0
q174812,nDCG@10,1.0
q174812,R@100,1.0
q174813,nDCG@10,1.0
q174813,R@100,1.0
q174814,nDCG@10,1.0
q174814,R@100,1.0
q174815,nDCG@10,1.0
q174815,R@100,1.0
q174816,nDCG@10,1.0
q174816,R@100,1.0
q174817,nDCG@10,0.5
q174817,R@100,1.0
q174818,nDCG@10,1.0
q174818,R@100,1.0
q174819,nDCG@10,1.0
q174819,R@100,1.0
q174820,nDCG@10,1.0
q174820,R@100,1.0
q174821,nDCG@10,1.0
q174821,R@100,1.0
q174822,nDCG@10,0.5
q174822,R@100,1.0
q174823,nDCG@10,0.5
q174823,R@100,1.0
q174824,nDCG@10,1.0
q174824,R@100,1.0
q174825,nDCG@10,1.0
q174825,R@100,1.0
q174826,nDCG@10,1.0
q174826,R@100,1.0
q174827,nDCG@10,1.0
q174827,R@100,1.0
q174828,nDCG@10,1.0
q174828,R@100,1.0
q174829,nDCG@10,0.6309297535714575
q174829,R@100,1.0
q174830,nDCG@10,1.0
q174830,R@100,1.0
q174831,nDCG@10,1.0
q174831,R@100,1.0
q174832,nDCG@10,1.0
q174832,R@100,1.0
q174833,nDCG@10,1.0
q174833,R@100,1.0
q174834,nDCG@10,0.6309297535714575
q174834,R@100,1.0
q174835,nDCG@10,1.0
q174835,R@100,1.0
q174836,nDCG@10,0.5
q174836,R@100,1.0
q174837,nDCG@10,1.0
q174837,R@100,1.0
q174838,nDCG@10,0.6309297535714575
q174838,R@100,1.0
q174839,nDCG@10,1.0
q174839,R@100,1.0
q174840,nDCG@10,1.0
q174840,R@100,1.0
q174841,nDCG@10,0.0
q174841,R@100,1.0
q174842,nDCG@10,1.0
q174842,R@100,1.0
q174843,nDCG@10,1.0
q174843,R@100,1.0
q174844,nDCG@10,1.0
q174844,R@100,1.0
q174845,nDCG@10,1.0
q174845,R@100,1.0
q174846,nDCG@10,1.0
q174846,R@100,1.0
q174847,nDCG@10,1.0
q174847,R@100,1.0
q174848,nDCG@10,1.0
q174848,R@100,1.0
q174849,nDCG@10,0.6309297535714575
q174849,R@100,1.0
q174850,nDCG@10,0.38685280723454163
q174850,R@100,1.0
q174851,nDCG@10,0.6309297535714575
q174851,R@100,1.0
q174852,nDCG@10,1.0
q174852,R@100,1.0
q174853,nDCG@10,1.0
q174853,R@100,1.0
q174854,nDCG@10,0.3333333333333333
q174854,R@100,1.0
q174855,nDCG@10,1.0
q174855,R@100,1.0
q174856,nDCG@10,1.0
q174856,R@100,1.0
q174857,nDCG@10,0.6309297535714575
q174857,R@100,1.0
q174858,nDCG@10,1.0
q174858,R@100,1.0
q174859,nDCG@10,1.0
q174859,R@100,1.0
q174860,nDCG@10,1.0
q174860,R@100,1.0
q174861,nDCG@10,1.0
q174861,R@100,1.0
q174862,nDCG@10,1.0
q174862,R@100,1.0
q174863,nDCG@10,1.0
q174863,R@100,1.0
q174864,nDCG@10,1.0
q174864,R@100,1.0
q174865,nDCG@10,1.0
q174865,R@100,1.0
q174866,nDCG@10,1.0
q174866,R@100,1.0
q174867,nDCG@10,0.6309297535714575
q174867,R@100,1.0
q174868,nDCG@10,0.6309297535714575
q174868,R@100,1.0
q174869,nDCG@10,1.0
q174869,R@100,1.0
q174870,nDCG@10,1.0
q174870,R@100,1.0
q174871,nDCG@10,1.0
q174871,R@100,1.0
q174872,nDCG@10,0.6309297535714575
q174872,R@100,1.0
q174873,nDCG@10,0.6309297535714575
q174873,R@100,1.0
q174874,nDCG@10,1.0
q174874,R@100,1.0
q174875,nDCG@10,1.0
q174875,R@100,1.0
q174876,nDCG@10,1.0
q174876,R@100,1.0
q174877,nDCG@10,0.6309297535714575
q174877,R@100,1.0
q174878,nDCG@10,1.0
q174878,R@100,1.0
q174879,nDCG@10,1.0
q174879,R@100,1.0
q174880,nDCG@10,1.0
q174880,R@100,1.0
q174881,nDCG@10,1.0
q174881,R@100,1.0
q174882,nDCG@10,1.0
q174882,R@100,1.0
q174883,nDCG@10,1.0
q174883,R@100,1.0
q174884,nDCG@10,1.0
q174884,R@100,1.0
q174885,nDCG@10,1.0
q174885,R@100,1.0
q174886,nDCG@10,1.0
q174886,R@100,1.0
q174887,nDCG@10,0.0
q174887,R@100,1.0
q174888,nDCG@10,1.0
q174888,R@100,1.0
q174889,nDCG@10,0.6309297535714575
q174889,R@100,1.0
q174890,nDCG@10,0.43067655807339306
q174890,R@100,1.0
q174891,nDCG@10,1.0
q174891,R@100,1.0
q174892,nDCG@10,0.5
q174892,R@100,1.0
q174893,nDCG@10,1.0
q174893,R@100,1.0
q174894,nDCG@10,1.0
q174894,R@100,1.0
q174895,nDCG@10,0.6309297535714575
q174895,R@100,1.0
q174896,nDCG@10,1.0
q174896,R@100,1.0
q174897,nDCG@10,1.0
q174897,R@100,1.0
q174898,nDCG@10,0.6309297535714575
q174898,R@100,1.0
q174899,nDCG@10,1.0
q174899,R@100,1.0
q174900,nDCG@10,1.0
q174900,R@100,1.0
q174901,nDCG@10,1.0
q174901,R@100,1.0
q174902,nDCG@10,1.0
q174902,R@100,1.0
q174903,nDCG@10,1.0
q174903,R@100,1.0
q174904,nDCG@10,1.0
q174904,R@100,1.0
q174905,nDCG@10,0.6309297535714575
q174905,R@100,1.0
q174906,nDCG@10,1.0
q174906,R@100,1.0
q174907,nDCG@10,1.0
q174907,R@100,1.0
q174908,nDCG@10,1.0
q174908,R@100,1.0
q174909,nDCG@10,1.0
q174909,R@100,1.0
q174910,nDCG@10,1.0
q174910,R@100,1.0
q174911,nDCG@10,1.0
q174911,R@100,1.0
q174912,nDCG@10,1.0
q174912,R@100,1.0
q174913,nDCG@10,1.0
q174913,R@100,1.0
q174914,nDCG@10,0.5
q174914,R@100,1.0
q174915,nDCG@10,1.0
q174915,R@100,1.0
q174916,nDCG@10,0.0
q174916,R@100,0.0
q174917,nDCG@10,1.0
q174917,R@100,1.0
q174918,nDCG@10,0.38685280723454163
q174918,R@100,1.0
q174919,nDCG@10,1.0
q174919,R@100,1.0
q174920,nDCG@10,1.0
q174920,R@100,1.0
q174921,nDCG@10,1.0
q174921,R@100,1.0
q174922,nDCG@10,0.5
q174922,R@100,1.0
q174923,nDCG@10,1.0
q174923,R@100,1.0
q174924,nDCG@10,1.0
q174924,R@100,1.0
q174925,nDCG@10,1.0
q174925,R@100,1.0
q174926,nDCG@10,1.0
q174926,R@100,1.0
q174927,nDCG@10,1.0
q174927,R@100,1.0
q174928,nDCG@10,1.0
q174928,R@100,1.0
q174929,nDCG@10,0.43067655807339306
q174929,R@100,1.0
q174930,nDCG@10,1.0
q174930,R@100,1.0
q174931,nDCG@10,0.6309297535714575
q174931,R@100,1.0
q174932,nDCG@10,1.0
q174932,R@100,1.0
q174933,nDCG@10,0.6309297535714575
q174933,R@100,1.0
q174934,nDCG@10,1.0
q174934,R@100,1.0
q174935,nDCG@10,1.0
q174935,R@100,1.0
q174936,nDCG@10,1.0
q174936,R@100,1.0
q174937,nDCG@10,1.0
q174937,R@100,1.0
q174938,nDCG@10,1.0
q174938,R@100,1.0
q174939,nDCG@10,0.38685280723454163
q174939,R@100,1.0
q174940,nDCG@10,0.6309297535714575
q174940,R@100,1.0
q174941,nDCG@10,1.0
q174941,R@100,1.0
q174942,nDCG@10,1.0
q174942,R@100,1.0
q174943,nDCG@10,1.0
q174943,R@100,1.0
q174944,nDCG@10,1.0
q174944,R@100,1.0
q174945,nDCG@10,1.0
q174945,R@100,1.0
q174946,nDCG@10,1.0
q174946,R@100,1.0
q174947,nDCG@10,1.0
q174947,R@100,1.0
q174948,nDCG@10,1.0
q174948,R@100,1.0
q174949,nDCG@10,0.43067655807339306
q174949,R@100,1.0
q174950,nDCG@10,1.0
q174950,R@100,1.0
q174951,nDCG@10,1.0
q174951,R@100,1.0
q174952,nDCG@10,1.0
q174952,R@100,1.0
q174953,nDCG@10,0.6309297535714575
q174953,R@100,1.0
q174954,nDCG@10,1.0
q174954,R@100,1.0
q174955,nDCG@10,1.0
q174955,R@100,1.0
q174956,nDCG@10,1.0
q174956,R@100,1.0
q174957,nDCG@10,1.0
q174957,R@100,1.0
q174958,nDCG@10,0.31546487678572877
q174958,R@100,1.0
q174959,nDCG@10,1.0
q174959,R@100,1.0
q174960,nDCG@10,1.0
q174960,R@100,1.0
q174961,nDCG@10,1.0
q174961,R@100,1.0
q174962,nDCG@10,1.0
q174962,R@100,1.0
q174963,nDCG@10,1.0
q174963,R@100,1.0
q174964,nDCG@10,1.0
q174964,R@100,1.0
q174965,nDCG@10,1.0
q174965,R@100,1.0
q174966,nDCG@10,1.0
q174966,R@100,1.0
q174967,nDCG@10,1.0
q174967,R@100,1.0
q174968,nDCG@10,0.3562071871080222
q174968,R@100,1.0
q174969,nDCG@10,1.0
q174969,R@100,1.0
q174970,nDCG@10,1.0
q174970,R@100,1.0
q174971,nDCG@10,0.0
q174971,R@100,1.0
q174972,nDCG@10,1.0
q174972,R@100,1.0
q174973,nDCG@10,1.0
q174973,R@100,1.0
q174974,nDCG@10,0.5
q174974,R@100,1.0
q174975,nDCG@10,1.0
q174975,R@100,1.0
q174976,nDCG@10,1.0
q174976,R@100,1.0
q174977,nDCG@10,1.0
q174977,R@100,1.0
q174978,nDCG@10,0.6309297535714575
q174978,R@100,1.0
q174979,nDCG@10,1.0
q174979,R@100,1.0
q174980,nDCG@10,1.0
q174980,R@100,1.0
q174981,nDCG@10,1.0
q174981,R@100,1.0
q174982,nDCG@10,0.0
q174982,R@100,1.0
q174983,nDCG@10,1.0
q174983,R@100,1.0
q174984,nDCG@10,1.0
q174984,R@100,1.0
q174985,nDCG@10,1.0
q174985,R@100,1.0
q174986,nDCG@10,1.0
q174986,R@100,1.0
q174987,nDCG@10,1.0
q174987,R@100,1.0
q174988,nDCG@10,1.0
q174988,R@100,1.0
q174989,nDCG@10,0.3010299956639812
q174989,R@100,1.0
q174990,nDCG@10,1.0
q174990,R@100,1.0
q174991,nDCG@10,1.0
q174991,R@100,1.0
q174992,nDCG@10,1.0
q174992,R@100,1.0
q174993,nDCG@10,0.0
q174993,R@100,1.0
q174994,nDCG@10,1.0
q174994,R@100,1.0
q174995,nDCG@10,0.6309297535714575
q174995,R@100,1.0
q174996,nDCG@10,0.0
q174996,R@100,0.0
q174997,nDCG@10,1.0
q174997,R@100,1.0
q174998,nDCG@10,0.3333333333333333
q174998,R@100,1.0
q174999,nDCG@10,1.0
q174999,R@100,1.0
q175000,nDCG@10,1.0
q175000,R@100,1.0
q175001,nDCG@10,1.0
q175001,R@100,1.0
q175002,nDCG@10,1.0
q175002,R@100,1.0
q175003,nDCG@10,1.0
q175003,R@100,1.0
q175004,nDCG@10,0.0
q175004,R@100,1.0
q175005,nDCG@10,0.0
q175005,R@100,1.0
q175006,nDCG@10,1.0
q175006,R@100,1.0
q175007,nDCG@10,1.0
q175007,R@100,1.0
q175008,nDCG@10,0.0
q175008,R@100,1.0
q175009,nDCG@10,0.0
q175009,R@100,1.0
q175010,nDCG@10,0.6309297535714575
q175010,R@100,1.0
q175011,nDCG@10,1.0
q175011,R@100,1.0
q175012,nDCG@10,1.0
q175012,R@100,1.0
q175013,nDCG@10,1.0
q175013,R@100,1.0
q175014,nDCG@10,1.0
q175014,R@100,1.0
q175015,nDCG@10,1.0
q175015,R@100,1.0
q175016,nDCG@10,0.6309297535714575
q175016,R@100,1.0
q175017,nDCG@10,1.0
q175017,R@100,1.0
q175018,nDCG@10,1.0
q175018,R@100,1.0
q175019,nDCG@10,0.0
q175019,R@100,1.0
q175020,nDCG@10,0.0
q175020,R@100,1.0
q175021,nDCG@10,1.0
q175021,R@100,1.0
q175022,nDCG@10,0.6309297535714575
q175022,R@100,1.0
q175023,nDCG@10,1.0
q175023,R@100,1.0
q175024,nDCG@10,1.0
q175024,R@100,1.0
q175025,nDCG@10,1.0
q175025,R@100,1.0
q175026,nDCG@10,1.0
q175026,R@100,1.0
q175027,nDCG@10,1.0
q175027,R@100,1.0
q175028,nDCG@10,1.0
q175028,R@100,1.0
q175029,nDCG@10,1.0
q175029,R@100,1.0
q175030,nDCG@10,1.0
q175030,R@100,1.0
q175031,nDCG@10,1.0
q175031,R@100,1.0
q175032,nDCG@10,1.0
q175032,R@100,1.0
q175033,nDCG@10,1.0
q175033,R@100,1.0
q175034,nDCG@10,1.0
q175034,R@100,1.0
q175035,nDCG@10,1.0
q175035,R@100,1.0
q175036,nDCG@10,1.0
q175036,R@100,1.0
q175037,nDCG@10,1.0
q175037,R@100,1.0
q175038,nDCG@10,1.0
q175038,R@100,1.0
q175039,nDCG@10,1.0
q175039,R@100,1.0
q175040,nDCG@10,1.0
q175040,R@100,1.0
q175041,nDCG@10,1.0
q175041,R@100,1.0
q175042,nDCG@10,1.0
q175042,R@100,1.0
q175043,nDCG@10,1.0
q175043,R@100,1.0
q175044,nDCG@10,0.5
q175044,R@100,1.0
q175045,nDCG@10,1.0
q175045,R@100,1.0
q175046,nDCG@10,1.0
q175046,R@100,1.0
q175047,nDCG@10,0.6309297535714575
q175047,R@100,1.0
q175048,nDCG@10,1.0
q175048,R@100,1.0
q175049,nDCG@10,1.0
q175049,R@100,1.0
q175050,nDCG@10,0.6309297535714575
q175050,R@100,1.0
q175051,nDCG@10,1.0
q175051,R@100,1.0
q175052,nDCG@10,0.3010299956639812
q175052,R@100,1.0
q175053,nDCG@10,1.0
q175053,R@100,1.0
q175054,nDCG@10,1.0
q175054,R@100,1.0
q175055,nDCG@10,0.38685280723454163
q175055,R@100,1.0
q175056,nDCG@10,1.0
q175056,R@100,1.0
q175057,nDCG@10,1.0
q175057,R@100,1.0
q175058,nDCG@10,1.0
q175058,R@100,1.0
q175059,nDCG@10,1.0
q175059,R@100,1.0
q175060,nDCG@10,1.0
q175060,R@100,1.0
q175061,nDCG@10,1.0
q175061,R@100,1.0
q175062,nDCG@10,1.0
q175062,R@100,1.0
q175063,nDCG@10,1.0
q175063,R@100,1.0
q175064,nDCG@10,1.0
q175064,R@100,1.0
q175065,nDCG@10,1.0
q175065,R@100,1.0
q175066,nDCG@10,1.0
q175066,R@100,1.0
q175067,nDCG@10,1.0
q175067,R@100,1.0
q175068,nDCG@10,1.0
q175068,R@100,1.0
q175069,nDCG@10,1.0
q175069,R@100,1.0
q175070,nDCG@10,1.0
q175070,R@100,1.0
q175071,nDCG@10,1.0
q175071,R@100,1.0
q175072,nDCG@10,1.0
q175072,R@100,1.0
q175073,nDCG@10,1.0
q175073,R@100,1.0
q175074,nDCG@10,1.0
q175074,R@100,1.0
q175075,nDCG@10,1.0
q175075,R@100,1.0
q175076,nDCG@10,1.0
q175076,R@100,1.0
q175077,nDCG@10,1.0
q175077,R@100,1.0
q175078,nDCG@10,1.0
q175078,R@100,1.0
q175079,nDCG@10,0.3562071871080222
q175079,R@100,1.0
q175080,nDCG@10,1.0
q175080,R@100,1.0
q175081,nDCG@10,1.0
q175081,R@100,1.0
q175082,nDCG@10,1.0
q175082,R@100,1.0
q175083,nDCG@10,1.0
q175083,R@100,1.0
q175084,nDCG@10,1.0
q175084,R@100,1.0
q175085,nDCG@10,1.0
q175085,R@100,1.0
q175086,nDCG@10,0.6309297535714575
q175086,R@100,1.0
q175087,nDCG@10,1.0
q175087,R@100,1.0
q175088,nDCG@10,1.0
q175088,R@100,1.0
q175089,nDCG@10,1.0
q175089,R@100,1.0
q175090,nDCG@10,1.0
q175090,R@100,1.0
q175091,nDCG@10,1.0
q175091,R@100,1.0
q175092,nDCG@10,1.0
q175092,R@100,1.0
q175093,nDCG@10,0.5
q175093,R@100,1.0
q175094,nDCG@10,1.0
q175094,R@100,1.0
q175095,nDCG@10,1.0
q175095,R@100,1.0
q175096,nDCG@10,0.6309297535714575
q175096,R@100,1.0
q175097,nDCG@10,0.6309297535714575
q175097,R@100,1.0
q175098,nDCG@10,1.0
q175098,R@100,1.0
q175099,nDCG@10,1.0
q175099,R@100,1.0
q175100,nDCG@10,1.0
q175100,R@100,1.0
q175101,nDCG@10,1.0
q175101,R@100,1.0
q175102,nDCG@10,1.0
q175102,R@100,1.0
q175103,nDCG@10,1.0
q175103,R@100,1.0
q175104,nDCG@10,1.0
q175104,R@100,1.0
q175105,nDCG@10,0.38685280723454163
q175105,R@100,1.0
q175106,nDCG@10,1.0
q175106,R@100,1.0
q175107,nDCG@10,1.0
q175107,R@100,1.0
q175108,nDCG@10,1.0
q175108,R@100,1.0
q175109,nDCG@10,1.0
q175109,R@100,1.0
q175110,nDCG@10,1.0
q175110,R@100,1.0
q175111,nDCG@10,1.0
q175111,R@100,1.0
q175112,nDCG@10,1.0
q175112,R@100,1.0
q175113,nDCG@10,1.0
q175113,R@100,1.0
q175114,nDCG@10,1.0
q175114,R@100,1.0
q175115,nDCG@10,1.0
q175115,R@100,1.0
q175116,nDCG@10,1.0
q175116,R@100,1.0
q175117,nDCG@10,1.0
q175117,R@100,1.0
q175118,nDCG@10,0.5
q175118,R@100,1.0
q175119,nDCG@10,1.0
q175119,R@100,1.0
q175120,nDCG@10,0.0
q175120,R@100,0.0
q175121,nDCG@10,1.0
q175121,R@100,1.0
q175122,nDCG@10,1.0
q175122,R@100,1.0
q175123,nDCG@10,1.0
q175123,R@100,1.0
q175124,nDCG@10,1.0
q175124,R@100,1.0
q175125,nDCG@10,1.0
q175125,R@100,1.0
q175126,nDCG@10,1.0
q175126,R@100,1.0
q175127,nDCG@10,1.0
q175127,R@100,1.0
q175128,nDCG@10,1.0
q175128,R@100,1.0
q175129,nDCG@10,1.0
q175129,R@100,1.0
q175130,nDCG@10,1.0
q175130,R@100,1.0
q175131,nDCG@10,1.0
q175131,R@100,1.0
q175132,nDCG@10,1.0
q175132,R@100,1.0
q175133,nDCG@10,1.0
q175133,R@100,1.0
q175134,nDCG@10,1.0
q175134,R@100,1.0
q175135,nDCG@10,0.6309297535714575
q175135,R@100,1.0
q175136,nDCG@10,1.0
q175136,R@100,1.0
q175137,nDCG@10,1.0
q175137,R@100,1.0
q175138,nDCG@10,0.43067655807339306
q175138,R@100,1.0
q175139,nDCG@10,1.0
q175139,R@100,1.0
q175140,nDCG@10,1.0
q175140,R@100,1.0
q175141,nDCG@10,1.0
q175141,R@100,1.0
q175142,nDCG@10,1.0
q175142,R@100,1.0
q175143,nDCG@10,0.6309297535714575
q175143,R@100,1.0
q175144,nDCG@10,1.0
q175144,R@100,1.0
q175145,nDCG@10,1.0
q175145,R@100,1.0
q175146,nDCG@10,0.6309297535714575
q175146,R@100,1.0
q175147,nDCG@10,1.0
q175147,R@100,1.0
q175148,nDCG@10,1.0
q175148,R@100,1.0
q175149,nDCG@10,0.6309297535714575
q175149,R@100,1.0
q175150,nDCG@10,1.0
q175150,R@100,1.0
q175151,nDCG@10,1.0
q175151,R@100,1.0
q175152,nDCG@10,1.0
q175152,R@100,1.0
q175153,nDCG@10,1.0
q175153,R@100,1.0
q175154,nDCG@10,1.0
q175154,R@100,1.0
q175155,nDCG@10,1.0
q175155,R@100,1.0
q175156,nDCG@10,0.31546487678572877
q175156,R@100,1.0
q175157,nDCG@10,0.3562071871080222
q175157,R@100,1.0
q175158,nDCG@10,1.0
q175158,R@100,1.0
q175159,nDCG@10,1.0
q175159,R@100,1.0
q175160,nDCG@10,1.0
q175160,R@100,1.0
q175161,nDCG@10,1.0
q175161,R@100,1.0
q175162,nDCG@10,1.0
q175162,R@100,1.0
q175163,nDCG@10,1.0
q175163,R@100,1.0
q175164,nDCG@10,1.0
q175164,R@100,1.0
q175165,nDCG@10,1.0
q175165,R@100,1.0
q175166,nDCG@10,1.0
q175166,R@100,1.0
q175167,nDCG@10,1.0
q175167,R@100,1.0
q175168,nDCG@10,1.0
q175168,R@100,1.0
q175169,nDCG@10,1.0
q175169,R@100,1.0
q175170,nDCG@10,1.0
q175170,R@100,1.0
q175171,nDCG@10,1.0
q175171,R@100,1.0
q175172,nDCG@10,1.0
q175172,R@100,1.0
q175173,nDCG@10,1.0
q175173,R@100,1.0
q175174,nDCG@10,1.0
q175174,R@100,1.0
q175175,nDCG@10,1.0
q175175,R@100,1.0
q175176,nDCG@10,1.0
q175176,R@100,1.0
q175177,nDCG@10,1.0
q175177,R@100,1.0
q175178,nDCG@10,1.0
q175178,R@100,1.0
q175179,nDCG@10,1.0
q175179,R@100,1.0
q175180,nDCG@10,1.0
q175180,R@100,1.0
q175181,nDCG@10,1.0
q175181,R@100,1.0
q175182,nDCG@10,0.43067655807339306
q175182,R@100,1.0
q175183,nDCG@10,1.0
q175183,R@100,1.0
q175184,nDCG@10,1.0
q175184,R@100,1.0
q175185,nDCG@10,0.5
q175185,R@100,1.0
q175186,nDCG@10,1.0
q175186,R@100,1.0
q175187,nDCG@10,1.0
q175187,R@100,1.0
q175188,nDCG@10,1.0
q175188,R@100,1.0
q175189,nDCG@10,1.0
q175189,R@100,1.0
q175190,nDCG@10,1.0
q175190,R@100,1.0
q175191,nDCG@10,1.0
q175191,R@100,1.0
q175192,nDCG@10,0.0
q175192,R@100,1.0
q175193,nDCG@10,1.0
q175193,R@100,1.0
q175194,nDCG@10,0.0
q175194,R@100,0.0
q175195,nDCG@10,1.0
q175195,R@100,1.0
q175196,nDCG@10,1.0
q175196,R@100,1.0
q175197,nDCG@10,1.0
q175197,R@100,1.0
q175198,nDCG@10,1.0
q175198,R@100,1.0
q175199,nDCG@10,0.6309297535714575
q175199,R@100,1.0
q175200,nDCG@10,1.0
q175200,R@100,1.0
q175201,nDCG@10,1.0
q175201,R@100,1.0
q175202,nDCG@10,1.0
q175202,R@100,1.0
q175203,nDCG@10,1.0
q175203,R@100,1.0
q175204,nDCG@10,1.0
q175204,R@100,1.0
q175205,nDCG@10,0.6309297535714575
q175205,R@100,1.0
q175206,nDCG@10,0.6309297535714575
q175206,R@100,1.0
q175207,nDCG@10,0.0
q175207,R@100,1.0
q175208,nDCG@10,1.0
q175208,R@100,1.0
q175209,nDCG@10,1.0
q175209,R@100,1.0
q175210,nDCG@10,1.0
q175210,R@100,1.0
q175211,nDCG@10,1.0
q175211,R@100,1.0
q175212,nDCG@10,1.0
q175212,R@100,1.0
q175213,nDCG@10,1.0
q175213,R@100,1.0
q175214,nDCG@10,0.5
q175214,R@100,1.0
q175215,nDCG@10,0.0
q175215,R@100,0.0
q175216,nDCG@10,1.0
q175216,R@100,1.0
q175217,nDCG@10,1.0
q175217,R@100,1.0
q175218,nDCG@10,1.0
q175218,R@100,1.0
q175219,nDCG@10,1.0
q175219,R@100,1.0
q175220,nDCG@10,1.0
q175220,R@100,1.0
q175221,nDCG@10,0.6309297535714575
q175221,R@100,1.0
q175222,nDCG@10,1.0
q175222,R@100,1.0
q175223,nDCG@10,1.0
q175223,R@100,1.0
q175224,nDCG@10,1.0
q175224,R@100,1.0
q175225,nDCG@10,1.0
q175225,R@100,1.0
q175226,nDCG@10,1.0
q175226,R@100,1.0
q175227,nDCG@10,1.0
q175227,R@100,1.0
q175228,nDCG@10,0.6309297535714575
q175228,R@100,1.0
q175229,nDCG@10,1.0
q175229,R@100,1.0
q175230,nDCG@10,0.6309297535714575
q175230,R@100,1.0
q175231,nDCG@10,1.0
q175231,R@100,1.0
q175232,nDCG@10,1.0
q175232,R@100,1.0
q175233,nDCG@10,0.6309297535714575
q175233,R@100,1.0
q175234,nDCG@10,1.0
q175234,R@100,1.0
q175235,nDCG@10,0.6309297535714575
q175235,R@100,1.0
q175236,nDCG@10,1.0
q175236,R@100,1.0
q175237,nDCG@10,1.0
q175237,R@100,1.0
q175238,nDCG@10,1.0
q175238,R@100,1.0
q175239,nDCG@10,1.0
q175239,R@100,1.0
q175240,nDCG@10,1.0
q175240,R@100,1.0
q175241,nDCG@10,1.0
q175241,R@100,1.0
q175242,nDCG@10,0.6309297535714575
q175242,R@100,1.0
q175243,nDCG@10,1.0
q175243,R@100,1.0
q175244,nDCG@10,1.0
q175244,R@100,1.0
q175245,nDCG@10,1.0
q175245,R@100,1.0
q175246,nDCG@10,1.0
q175246,R@100,1.0
q175247,nDCG@10,1.0
q175247,R@100,1.0
q175248,nDCG@10,0.5
q175248,R@100,1.0
q175249,nDCG@10,1.0
q175249,R@100,1.0
q175250,nDCG@10,1.0
q175250,R@100,1.0
q175251,nDCG@10,1.0
q175251,R@100,1.0
q175252,nDCG@10,1.0
q175252,R@100,1.0
q175253,nDCG@10,1.0
q175253,R@100,1.0
q175254,nDCG@10,1.0
q175254,R@100,1.0
q175255,nDCG@10,1.0
q175255,R@100,1.0
q175256,nDCG@10,1.0
q175256,R@100,1.0
q175257,nDCG@10,1.0
q175257,R@100,1.0
q175258,nDCG@10,1.0
q175258,R@100,1.0
q175259,nDCG@10,1.0
q175259,R@100,1.0
q175260,nDCG@10,1.0
q175260,R@100,1.0
q175261,nDCG@10,0.0
q175261,R@100,0.0
q175262,nDCG@10,1.0
q175262,R@100,1.0
q175263,nDCG@10,1.0
q175263,R@100,1.0
q175264,nDCG@10,1.0
q175264,R@100,1.0
q175265,nDCG@10,1.0
q175265,R@100,1.0
q175266,nDCG@10,1.0
q175266,R@100,1.0
q175267,nDCG@10,1.0
q175267,R@100,1.0
q175268,nDCG@10,1.0
q175268,R@100,1.0
q175269,nDCG@10,1.0
q175269,R@100,1.0
q175270,nDCG@10,1.0
q175270,R@100,1.0
q175271,nDCG@10,1.0
q175271,R@100,1.0
q175272,nDCG@10,1.0
q175272,R@100,1.0
q175273,nDCG@10,1.0
q175273,R@100,1.0
q175274,nDCG@10,1.0
q175274,R@100,1.0
q175275,nDCG@10,0.6309297535714575
q175275,R@100,1.0
q175276,nDCG@10,1.0
q175276,R@100,1.0
q175277,nDCG@10,1.0
q175277,R@100,1.0
q175278,nDCG@10,0.43067655807339306
q175278,R@100,1.0
q175279,nDCG@10,0.3333333333333333
q175279,R@100,1.0
q175280,nDCG@10,0.5
q175280,R@100,1.0
q175281,nDCG@10,1.0
q175281,R@100,1.0
q175282,nDCG@10,0.6309297535714575
q175282,R@100,1.0
q175283,nDCG@10,1.0
q175283,R@100,1.0
q175284,nDCG@10,0.6309297535714575
q175284,R@100,1.0
q175285,nDCG@10,0.3562071871080222
q175285,R@100,1.0
q175286,nDCG@10,1.0
q175286,R@100,1.0
q175287,nDCG@10,1.0
q175287,R@100,1.0
q175288,nDCG@10,1.0
q175288,R@100,1.0
q175289,nDCG@10,1.0
q175289,R@100,1.0
q175290,nDCG@10,1.0
q175290,R@100,1.0
q175291,nDCG@10,1.0
q175291,R@100,1.0
q175292,nDCG@10,1.0
q175292,R@100,1.0
q175293,nDCG@10,1.0
q175293,R@100,1.0
q175294,nDCG@10,1.0
q175294,R@100,1.0
q175295,nDCG@10,1.0
q175295,R@100,1.0
q175296,nDCG@10,1.0
q175296,R@100,1.0
q175297,nDCG@10,1.0
q175297,R@100,1.0
q175298,nDCG@10,1.0
q175298,R@100,1.0
q175299,nDCG@10,1.0
q175299,R@100,1.0
q175300,nDCG@10,0.43067655807339306
q175300,R@100,1.0
q175301,nDCG@10,1.0
q175301,R@100,1.0
q175302,nDCG@10,0.6309297535714575
q175302,R@100,1.0
q175303,nDCG@10,1.0
q175303,R@100,1.0
q175304,nDCG@10,1.0
q175304,R@100,1.0
q175305,nDCG@10,1.0
q175305,R@100,1.0
q175306,nDCG@10,1.0
q175306,R@100,1.0
q175307,nDCG@10,1.0
q175307,R@100,1.0
q175308,nDCG@10,0.6309297535714575
q175308,R@100,1.0
q175309,nDCG@10,1.0
q175309,R@100,1.0
q175310,nDCG@10,1.0
q175310,R@100,1.0
q175311,nDCG@10,0.5
q175311,R@100,1.0
q175312,nDCG@10,1.0
q175312,R@100,1.0
q175313,nDCG@10,1.0
q175313,R@100,1.0
q175314,nDCG@10,1.0
q175314,R@100,1.0
q175315,nDCG@10,1.0
q175315,R@100,1.0
q175316,nDCG@10,1.0
q175316,R@100,1.0
q175317,nDCG@10,1.0
q175317,R@100,1.0
q175318,nDCG@10,1.0
q175318,R@100,1.0
q175319,nDCG@10,1.0
q175319,R@100,1.0
q175320,nDCG@10,1.0
q175320,R@100,1.0
q175321,nDCG@10,1.0
q175321,R@100,1.0
q175322,nDCG@10,1.0
q175322,R@100,1.0
q175323,nDCG@10,1.0
q175323,R@100,1.0
q175324,nDCG@10,1.0
q175324,R@100,1.0
q175325,nDCG@10,1.0
q175325,R@100,1.0
q175326,nDCG@10,1.0
q175326,R@100,1.0
q175327,nDCG@10,0.0
q175327,R@100,1.0
q175328,nDCG@10,1.0
q175328,R@100,1.0
q175329,nDCG@10,1.0
q175329,R@100,1.0
q175330,nDCG@10,1.0
q175330,R@100,1.0
q175331,nDCG@10,1.0
q175331,R@100,1.0
q175332,nDCG@10,1.0
q175332,R@100,1.0
q175333,nDCG@10,1.0
q175333,R@100,1.0
q175334,nDCG@10,1.0
q175334,R@100,1.0
q175335,nDCG@10,1.0
q175335,R@100,1.0
q175336,nDCG@10,1.0
q175336,R@100,1.0
q175337,nDCG@10,1.0
q175337,R@100,1.0
q175338,nDCG@10,0.6309297535714575
q175338,R@100,1.0
q175339,nDCG@10,1.0
q175339,R@100,1.0
q175340,nDCG@10,1.0
q175340,R@100,1.0
q175341,nDCG@10,1.0
q175341,R@100,1.0
q175342,nDCG@10,1.0
q175342,R@100,1.0
q175343,nDCG@10,1.0
q175343,R@100,1.0
q175344,nDCG@10,1.0
q175344,R@100,1.0
q175345,nDCG@10,1.0
q175345,R@100,1.0
q175346,nDCG@10,1.0
q175346,R@100,1.0
q175347,nDCG@10,0.0
q175347,R@100,1.0
q175348,nDCG@10,0.5
q175348,R@100,1.0
q175349,nDCG@10,1.0
q175349,R@100,1.0
q175350,nDCG@10,1.0
q175350,R@100,1.0
q175351,nDCG@10,1.0
q175351,R@100,1.0
q175352,nDCG@10,1.0
q175352,R@100,1.0
q175353,nDCG@10,0.6309297535714575
q175353,R@100,1.0
q175354,nDCG@10,1.0
q175354,R@100,1.0
q175355,nDCG@10,1.0
q175355,R@100,1.0
q175356,nDCG@10,1.0
q175356,R@100,1.0
q175357,nDCG@10,1.0
q175357,R@100,1.0
q175358,nDCG@10,1.0
q175358,R@100,1.0
q175359,nDCG@10,1.0
q175359,R@100,1.0
q175360,nDCG@10,1.0
q175360,R@100,1.0
q175361,nDCG@10,1.0
q175361,R@100,1.0
q175362,nDCG@10,1.0
q175362,R@100,1.0
q175363,nDCG@10,1.0
q175363,R@100,1.0
q175364,nDCG@10,1.0
q175364,R@100,1.0
q175365,nDCG@10,0.6309297535714575
q175365,R@100,1.0
q175366,nDCG@10,1.0
q175366,R@100,1.0
q175367,nDCG@10,1.0
q175367,R@100,1.0
q175368,nDCG@10,1.0
q175368,R@100,1.0
q175369,nDCG@10,1.0
q175369,R@100,1.0
q175370,nDCG@10,1.0
q175370,R@100,1.0
q175371,nDCG@10,0.6309297535714575
q175371,R@100,1.0
q175372,nDCG@10,1.0
q175372,R@100,1.0
q175373,nDCG@10,1.0
q175373,R@100,1.0
q175374,nDCG@10,0.6309297535714575
q175374,R@100,1.0
q175375,nDCG@10,1.0
q175375,R@100,1.0
q175376,nDCG@10,0.5
q175376,R@100,1.0
q175377,nDCG@10,1.0
q175377,R@100,1.0
q175378,nDCG@10,1.0
q175378,R@100,1.0
q175379,nDCG@10,1.0
q175379,R@100,1.0
q175380,nDCG@10,1.0
q175380,R@100,1.0
q175381,nDCG@10,1.0
q175381,R@100,1.0
q175382,nDCG@10,0.0
q175382,R@100,1.0
q175383,nDCG@10,0.6309297535714575
q175383,R@100,1.0
q175384,nDCG@10,1.0
q175384,R@100,1.0
q175385,nDCG@10,1.0
q175385,R@100,1.0
q175386,nDCG@10,1.0
q175386,R@100,1.0
q175387,nDCG@10,0.6309297535714575
q175387,R@100,1.0
q175388,nDCG@10,1.0
q175388,R@100,1.0
q175389,nDCG@10,1.0
q175389,R@100,1.0
q175390,nDCG@10,0.3333333333333333
q175390,R@100,1.0
q175391,nDCG@10,1.0
q175391,R@100,1.0
q175392,nDCG@10,1.0
q175392,R@100,1.0
q175393,nDCG@10,1.0
q175393,R@100,1.0
q175394,nDCG@10,1.0
q175394,R@100,1.0
q175395,nDCG@10,1.0
q175395,R@100,1.0
q175396,nDCG@10,1.0
q175396,R@100,1.0
q175397,nDCG@10,1.0
q175397,R@100,1.0
q175398,nDCG@10,1.0
q175398,R@100,1.0
q175399,nDCG@10,1.0
q175399,R@100,1.0
q175400,nDCG@10,1.0
q175400,R@100,1.0
q175401,nDCG@10,1.0
q175401,R@100,1.0
q175402,nDCG@10,1.0
q175402,R@100,1.0
q175403,nDCG@10,1.0
q175403,R@100,1.0
q175404,nDCG@10,1.0
q175404,R@100,1.0
q175405,nDCG@10,1.0
q175405,R@100,1.0
q175406,nDCG@10,1.0
q175406,R@100,1.0
q175407,nDCG@10,1.0
q175407,R@100,1.0
q175408,nDCG@10,1.0
q175408,R@100,1.0
q175409,nDCG@10,1.0
q175409,R@100,1.0
q175410,nDCG@10,1.0
q175410,R@100,1.0
q175411,nDCG@10,0.6309297535714575
q175411,R@100,1.0
q175412,nDCG@10,1.0
q175412,R@100,1.0
q175413,nDCG@10,1.0
q175413,R@100,1.0
q175414,nDCG@10,1.0
q175414,R@100,1.0
q175415,nDCG@10,1.0
q175415,R@100,1.0
q175416,nDCG@10,1.0
q175416,R@100,1.0
q175417,nDCG@10,1.0
q175417,R@100,1.0
q175418,nDCG@10,1.0
q175418,R@100,1.0
q175419,nDCG@10,1.0
q175419,R@100,1.0
q175420,nDCG@10,1.0
q175420,R@100,1.0
q175421,nDCG@10,1.0
q175421,R@100,1.0
q175422,nDCG@10,0.38685280723454163
q175422,R@100,1.0
q175423,nDCG@10,0.5
q175423,R@100,1.0
q175424,nDCG@10,0.6309297535714575
q175424,R@100,1.0
q175425,nDCG@10,1.0
q175425,R@100,1.0
q175426,nDCG@10,0.6309297535714575
q175426,R@100,1.0
q175427,nDCG@10,1.0
q175427,R@100,1.0
q175428,nDCG@10,1.0
q175428,R@100,1.0
q175429,nDCG@10,1.0
q175429,R@100,1.0
q175430,nDCG@10,0.6309297535714575
q175430,R@100,1.0
q175431,nDCG@10,1.0
q175431,R@100,1.0
q175432,nDCG@10,1.0
q175432,R@100,1.0
q175433,nDCG@10,0.0
q175433,R@100,0.0
q175434,nDCG@10,1.0
q175434,R@100,1.0
q175435,nDCG@10,1.0
q175435,R@100,1.0
q175436,nDCG@10,1.0
q175436,R@100,1.0
q175437,nDCG@10,1.0
q175437,R@100,1.0
q175438,nDCG@10,0.6309297535714575
q175438,R@100,1.0
q175439,nDCG@10,1.0
q175439,R@100,1.0
q175440,nDCG@10,0.6309297535714575
q175440,R@100,1.0
q175441,nDCG@10,1.0
q175441,R@100,1.0
q175442,nDCG@10,0.6309297535714575
q175442,R@100,1.0
q175443,nDCG@10,1.0
q175443,R@100,1.0
q175444,nDCG@10,0.0
q175444,R@100,1.0
q175445,nDCG@10,1.0
q175445,R@100,1.0
q175446,nDCG@10,1.0
q175446,R@100,1.0
q175447,nDCG@10,1.0
q175447,R@100,1.0
q175448,nDCG@10,1.0
q175448,R@100,1.0
q175449,nDCG@10,1.0
q175449,R@100,1.0
q175450,nDCG@10,0.38685280723454163
q175450,R@100,1.0
q175451,nDCG@10,1.0
q175451,R@100,1.0
q175452,nDCG@10,1.0
q175452,R@100,1.0
q175453,nDCG@10,1.0
q175453,R@100,1.0
q175454,nDCG@10,1.0
q175454,R@100,1.0
q175455,nDCG@10,0.6309297535714575
q175455,R@100,1.0
q175456,nDCG@10,1.0
q175456,R@100,1.0
q175457,nDCG@10,1.0
q175457,R@100,1.0
q175458,nDCG@10,0.3562071871080222
q175458,R@100,1.0
q175459,nDCG@10,0.0
q175459,R@100,1.0
q175460,nDCG@10,1.0
q175460,R@100,1.0
q175461,nDCG@10,0.6309297535714575
q175461,R@100,1.0
q175462,nDCG@10,0.6309297535714575
q175462,R@100,1.0
q175463,nDCG@10,1.0
q175463,R@100,1.0
q175464,nDCG@10,1.0
q175464,R@100,1.0
q175465,nDCG@10,1.0
q175465,R@100,1.0
q175466,nDCG@10,1.0
q175466,R@100,1.0
q175467,nDCG@10,1.0
q175467,R@100,1.0
q175468,nDCG@10,1.0
q175468,R@100,1.0
q175469,nDCG@10,1.0
q175469,R@100,1.0
q175470,nDCG@10,1.0
q175470,R@100,1.0
q175471,nDCG@10,1.0
q175471,R@100,1.0
q175472,nDCG@10,1.0
q175472,R@100,1.0
q175473,nDCG@10,1.0
q175473,R@100,1.0
q175474,nDCG@10,1.0
q175474,R@100,1.0
q175475,nDCG@10,1.0
q175475,R@100,1.0
q175476,nDCG@10,1.0
q175476,R@100,1.0
q175477,nDCG@10,0.5
q175477,R@100,1.0
q175478,nDCG@10,0.6309297535714575
q175478,R@100,1.0
q175479,nDCG@10,1.0
q175479,R@100,1.0
q175480,nDCG@10,1.0
q175480,R@100,1.0
q175481,nDCG@10,0.0
q175481,R@100,1.0
q175482,nDCG@10,0.43067655807339306
q175482,R@100,1.0
q175483,nDCG@10,1.0
q175483,R@100,1.0
q175484,nDCG@10,0.6309297535714575
q175484,R@100,1.0
q175485,nDCG@10,0.0
q175485,R@100,1.0
q175486,nDCG@10,1.0
q175486,R@100,1.0
q175487,nDCG@10,1.0
q175487,R@100,1.0
q175488,nDCG@10,0.6309297535714575
q175488,R@100,1.0
q175489,nDCG@10,1.0
q175489,R@100,1.0
q175490,nDCG@10,0.0
q175490,R@100,1.0
q175491,nDCG@10,1.0
q175491,R@100,1.0
q175492,nDCG@10,0.3333333333333333
q175492,R@100,1.0
q175493,nDCG@10,1.0
q175493,R@100,1.0
q175494,nDCG@10,1.0
q175494,R@100,1.0
q175495,nDCG@10,1.0
q175495,R@100,1.0
q175496,nDCG@10,1.0
q175496,R@100,1.0
q175497,nDCG@10,1.0
q175497,R@100,1.0
q175498,nDCG@10,1.0
q175498,R@100,1.0
q175499,nDCG@10,0.6309297535714575
q175499,R@100,1.0
q175500,nDCG@10,0.5
q175500,R@100,1.0
q175501,nDCG@10,0.43067655807339306
q175501,R@100,1.0
q175502,nDCG@10,1.0
q175502,R@100,1.0
q175503,nDCG@10,0.43067655807339306
q175503,R@100,1.0
q175504,nDCG@10,0.6309297535714575
q175504,R@100,1.0
q175505,nDCG@10,0.6309297535714575
q175505,R@100,1.0
q175506,nDCG@10,1.0
q175506,R@100,1.0
q175507,nDCG@10,1.0
q175507,R@100,1.0
q175508,nDCG@10,1.0
q175508,R@100,1.0
q175509,nDCG@10,1.0
q175509,R@100,1.0
q175510,nDCG@10,0.5
q175510,R@100,1.0
q175511,nDCG@10,0.6309297535714575
q175511,R@100,1.0
q175512,nDCG@10,1.0
q175512,R@100,1.0
q175513,nDCG@10,1.0
q175513,R@100,1.0
q175514,nDCG@10,1.0
q175514,R@100,1.0
q175515,nDCG@10,1.0
q175515,R@100,1.0
q175516,nDCG@10,1.0
q175516,R@100,1.0
q175517,nDCG@10,1.0
q175517,R@100,1.0
q175518,nDCG@10,1.0
q175518,R@100,1.0
q175519,nDCG@10,1.0
q175519,R@100,1.0
q175520,nDCG@10,1.0
q175520,R@100,1.0
q175521,nDCG@10,1.0
q175521,R@100,1.0
q175522,nDCG@10,1.0
q175522,R@100,1.0
q175523,nDCG@10,0.6309297535714575
q175523,R@100,1.0
q175524,nDCG@10,1.0
q175524,R@100,1.0
q175525,nDCG@10,1.0
q175525,R@100,1.0
q175526,nDCG@10,1.0
q175526,R@100,1.0
q175527,nDCG@10,0.0
q175527,R@100,1.0
q175528,nDCG@10,1.0
q175528,R@100,1.0
q175529,nDCG@10,1.0
q175529,R@100,1.0
q175530,nDCG@10,0.6309297535714575
q175530,R@100,1.0
q175531,nDCG@10,1.0
q175531,R@100,1.0
q175532,nDCG@10,0.6309297535714575
q175532,R@100,1.0
q175533,nDCG@10,0.6309297535714575
q175533,R@100,1.0
q175534,nDCG@10,1.0
q175534,R@100,1.0
q175535,nDCG@10,0.6309297535714575
q175535,R@100,1.0
q175536,nDCG@10,0.6309297535714575
q175536,R@100,1.0
q175537,nDCG@10,1.0
q175537,R@100,1.0
q175538,nDCG@10,0.6309297535714575
q175538,R@100,1.0
q175539,nDCG@10,1.0
q175539,R@100,1.0
q175540,nDCG@10,0.6309297535714575
q175540,R@100,1.0
q175541,nDCG@10,1.0
q175541,R@100,1.0
q175542,nDCG@10,0.6309297535714575
q175542,R@100,1.0
q175543,nDCG@10,0.6309297535714575
q175543,R@100,1.0
q175544,nDCG@10,1.0
q175544,R@100,1.0
q175545,nDCG@10,1.0
q175545,R@100,1.0
q175546,nDCG@10,0.38685280723454163
q175546,R@100,1.0
q175547,nDCG@10,1.0
q175547,R@100,1.0
q175548,nDCG@10,1.0
q175548,R@100,1.0
q175549,nDCG@10,1.0
q175549,R@100,1.0
q175550,nDCG@10,1.0
q175550,R@100,1.0
q175551,nDCG@10,1.0
q175551,R@100,1.0
q175552,nDCG@10,1.0
q175552,R@100,1.0
q175553,nDCG@10,1.0
q175553,R@100,1.0
q175554,nDCG@10,1.0
q175554,R@100,1.0
q175555,nDCG@10,1.0
q175555,R@100,1.0
q175556,nDCG@10,1.0
q175556,R@100,1.0
q175557,nDCG@10,1.0
q175557,R@100,1.0
q175558,nDCG@10,1.0
q175558,R@100,1.0
q175559,nDCG@10,1.0
q175559,R@100,1.0
q175560,nDCG@10,1.0
q175560,R@100,1.0
q175561,nDCG@10,1.0
q175561,R@100,1.0
q175562,nDCG@10,0.6309297535714575
q175562,R@100,1.0
q175563,nDCG@10,1.0
q175563,R@100,1.0
q175564,nDCG@10,0.3333333333333333
q175564,R@100,1.0
q175565,nDCG@10,1.0
q175565,R@100,1.0
q175566,nDCG@10,1.0
q175566,R@100,1.0
q175567,nDCG@10,0.5
q175567,R@100,1.0
q175568,nDCG@10,0.5
q175568,R@100,1.0
q175569,nDCG@10,1.0
q175569,R@100,1.0
q175570,nDCG@10,1.0
q175570,R@100,1.0
q175571,nDCG@10,0.6309297535714575
q175571,R@100,1.0
q175572,nDCG@10,0.6309297535714575
q175572,R@100,1.0
q175573,nDCG@10,1.0
q175573,R@100,1.0
q175574,nDCG@10,0.0
q175574,R@100,1.0
q175575,nDCG@10,1.0
q175575,R@100,1.0
q175576,nDCG@10,1.0
q175576,R@100,1.0
q175577,nDCG@10,1.0
q175577,R@100,1.0
q175578,nDCG@10,1.0
q175578,R@100,1.0
q175579,nDCG@10,1.0
q175579,R@100,1.0
q175580,nDCG@10,1.0
q175580,R@100,1.0
q175581,nDCG@10,1.0
q175581,R@100,1.0
q175582,nDCG@10,1.0
q175582,R@100,1.0
q175583,nDCG@10,1.0
q175583,R@100,1.0
q175584,nDCG@10,1.0
q175584,R@100,1.0
q175585,nDCG@10,1.0
q175585,R@100,1.0
q175586,nDCG@10,0.5
q175586,R@100,1.0
q175587,nDCG@10,1.0
q175587,R@100,1.0
q175588,nDCG@10,1.0
q175588,R@100,1.0
q175589,nDCG@10,1.0
q175589,R@100,1.0
q175590,nDCG@10,1.0
q175590,R@100,1.0
q175591,nDCG@10,1.0
q175591,R@100,1.0
q175592,nDCG@10,0.6309297535714575
q175592,R@100,1.0
q175593,nDCG@10,1.0
q175593,R@100,1.0
q175594,nDCG@10,1.0
q175594,R@100,1.0
q175595,nDCG@10,1.0
q175595,R@100,1.0
q175596,nDCG@10,1.0
q175596,R@100,1.0
q175597,nDCG@10,1.0
q175597,R@100,1.0
q175598,nDCG@10,1.0
q175598,R@100,1.0
q175599,nDCG@10,1.0
q175599,R@100,1.0
q175600,nDCG@10,1.0
q175600,R@100,1.0
q175601,nDCG@10,1.0
q175601,R@100,1.0
q175602,nDCG@10,1.0
q175602,R@100,1.0
q175603,nDCG@10,1.0
q175603,R@100,1.0
q175604,nDCG@10,1.0
q175604,R@100,1.0
q175605,nDCG@10,0.0
q175605,R@100,0.0
q175606,nDCG@10,1.0
q175606,R@100,1.0
q175607,nDCG@10,1.0
q175607,R@100,1.0
q175608,nDCG@10,1.0
q175608,R@100,1.0
q175609,nDCG@10,1.0
q175609,R@100,1.0
q175610,nDCG@10,1.0
q175610,R@100,1.0
q175611,nDCG@10,1.0
q175611,R@100,1.0
q175612,nDCG@10,1.0
q175612,R@100,1.0
q175613,nDCG@10,0.43067655807339306
q175613,R@100,1.0
q175614,nDCG@10,1.0
q175614,R@100,1.0
q175615,nDCG@10,0.6309297535714575
q175615,R@100,1.0
q175616,nDCG@10,0.0
q175616,R@100,1.0
q175617,nDCG@10,1.0
q175617,R@100,1.0
q175618,nDCG@10,1.0
q175618,R@100,1.0
q175619,nDCG@10,1.0
q175619,R@100,1.0
q175620,nDCG@10,1.0
q175620,R@100,1.0
q175621,nDCG@10,1.0
q175621,R@100,1.0
q175622,nDCG@10,0.3333333333333333
q175622,R@100,1.0
q175623,nDCG@10,1.0
q175623,R@100,1.0
q175624,nDCG@10,1.0
q175624,R@100,1.0
q175625,nDCG@10,1.0
q175625,R@100,1.0
q175626,nDCG@10,0.3562071871080222
q175626,R@100,1.0
q175627,nDCG@10,0.3333333333333333
q175627,R@100,1.0
q175628,nDCG@10,1.0
q175628,R@100,1.0
q175629,nDCG@10,1.0
q175629,R@100,1.0
q175630,nDCG@10,1.0
q175630,R@100,1.0
q175631,nDCG@10,1.0
q175631,R@100,1.0
q175632,nDCG@10,1.0
q175632,R@100,1.0
q175633,nDCG@10,1.0
q175633,R@100,1.0
q175634,nDCG@10,0.5
q175634,R@100,1.0
q175635,nDCG@10,1.0
q175635,R@100,1.0
q175636,nDCG@10,1.0
q175636,R@100,1.0
q175637,nDCG@10,1.0
q175637,R@100,1.0
q175638,nDCG@10,1.0
q175638,R@100,1.0
q175639,nDCG@10,1.0
q175639,R@100,1.0
q175640,nDCG@10,1.0
q175640,R@100,1.0
q175641,nDCG@10,0.6309297535714575
q175641,R@100,1.0
q175642,nDCG@10,0.6309297535714575
q175642,R@100,1.0
q175643,nDCG@10,1.0
q175643,R@100,1.0
q175644,nDCG@10,1.0
q175644,R@100,1.0
q175645,nDCG@10,1.0
q175645,R@100,1.0
q175646,nDCG@10,1.0
q175646,R@100,1.0
q175647,nDCG@10,0.31546487678572877
q175647,R@100,1.0
q175648,nDCG@10,1.0
q175648,R@100,1.0
q175649,nDCG@10,1.0
q175649,R@100,1.0
q175650,nDCG@10,1.0
q175650,R@100,1.0
q175651,nDCG@10,1.0
q175651,R@100,1.0
q175652,nDCG@10,1.0
q175652,R@100,1.0
q175653,nDCG@10,1.0
q175653,R@100,1.0
q175654,nDCG@10,1.0
q175654,R@100,1.0
q175655,nDCG@10,0.43067655807339306
q175655,R@100,1.0
q175656,nDCG@10,0.6309297535714575
q175656,R@100,1.0
q175657,nDCG@10,1.0
q175657,R@100,1.0
q175658,nDCG@10,1.0
q175658,R@100,1.0
q175659,nDCG@10,0.43067655807339306
q175659,R@100,1.0
q175660,nDCG@10,1.0
q175660,R@100,1.0
q175661,nDCG@10,1.0
q175661,R@100,1.0
q175662,nDCG@10,0.43067655807339306
q175662,R@100,1.0
q175663,nDCG@10,1.0
q175663,R@100,1.0
q175664,nDCG@10,1.0
q175664,R@100,1.0
q175665,nDCG@10,1.0
q175665,R@100,1.0
q175666,nDCG@10,1.0
q175666,R@100,1.0
q175667,nDCG@10,1.0
q175667,R@100,1.0
q175668,nDCG@10,0.0
q175668,R@100,1.0
q175669,nDCG@10,1.0
q175669,R@100,1.0
q175670,nDCG@10,1.0
q175670,R@100,1.0
q175671,nDCG@10,0.6309297535714575
q175671,R@100,1.0
q175672,nDCG@10,1.0
q175672,R@100,1.0
q175673,nDCG@10,1.0
q175673,R@100,1.0
q175674,nDCG@10,1.0
q175674,R@100,1.0
q175675,nDCG@10,1.0
q175675,R@100,1.0
q175676,nDCG@10,0.0
q175676,R@100,1.0
q175677,nDCG@10,0.43067655807339306
q175677,R@100,1.0
q175678,nDCG@10,0.0
q175678,R@100,1.0
q175679,nDCG@10,0.6309297535714575
q175679,R@100,1.0
q175680,nDCG@10,1.0
q175680,R@100,1.0
q175681,nDCG@10,0.6309297535714575
q175681,R@100,1.0
q175682,nDCG@10,1.0
q175682,R@100,1.0
q175683,nDCG@10,1.0
q175683,R@100,1.0
q175684,nDCG@10,1.0
q175684,R@100,1.0
q175685,nDCG@10,1.0
q175685,R@100,1.0
q175686,nDCG@10,0.38685280723454163
q175686,R@100,1.0
q175687,nDCG@10,0.6309297535714575
q175687,R@100,1.0
q175688,nDCG@10,1.0
q175688,R@100,1.0
q175689,nDCG@10,1.0
q175689,R@100,1.0
q175690,nDCG@10,1.0
q175690,R@100,1.0
q175691,nDCG@10,1.0
q175691,R@100,1.0
q175692,nDCG@10,1.0
q175692,R@100,1.0
q175693,nDCG@10,1.0
q175693,R@100,1.0
q175694,nDCG@10,1.0
q175694,R@100,1.0
q175695,nDCG@10,0.6309297535714575
q175695,R@100,1.0
q175696,nDCG@10,0.0
q175696,R@100,1.0
q175697,nDCG@10,1.0
q175697,R@100,1.0
q175698,nDCG@10,1.0
q175698,R@100,1.0
q175699,nDCG@10,1.0
q175699,R@100,1.0
q175700,nDCG@10,0.0
q175700,R@100,1.0
q175701,nDCG@10,1.0
q175701,R@100,1.0
q175702,nDCG@10,0.6309297535714575
q175702,R@100,1.0
q175703,nDCG@10,0.5
q175703,R@100,1.0
q175704,nDCG@10,1.0
q175704,R@100,1.0
q175705,nDCG@10,1.0
q175705,R@100,1.0
q175706,nDCG@10,1.0
q175706,R@100,1.0
q175707,nDCG@10,0.6309297535714575
q175707,R@100,1.0
q175708,nDCG@10,1.0
q175708,R@100,1.0
q175709,nDCG@10,1.0
q175709,R@100,1.0
q175710,nDCG@10,0.0
q175710,R@100,0.0
q175711,nDCG@10,1.0
q175711,R@100,1.0
q175712,nDCG@10,1.0
q175712,R@100,1.0
q175713,nDCG@10,1.0
q175713,R@100,1.0
q175714,nDCG@10,1.0
q175714,R@100,1.0
q175715,nDCG@10,1.0
q175715,R@100,1.0
q175716,nDCG@10,0.6309297535714575
q175716,R@100,1.0
q175717,nDCG@10,1.0
q175717,R@100,1.0
q175718,nDCG@10,1.0
q175718,R@100,1.0
q175719,nDCG@10,1.0
q175719,R@100,1.0
q175720,nDCG@10,1.0
q175720,R@100,1.0
q175721,nDCG@10,0.6309297535714575
q175721,R@100,1.0
q175722,nDCG@10,1.0
q175722,R@100,1.0
q175723,nDCG@10,1.0
q175723,R@100,1.0
q175724,nDCG@10,1.0
q175724,R@100,1.0
q175725,nDCG@10,1.0
q175725,R@100,1.0
q175726,nDCG@10,0.5
q175726,R@100,1.0
q175727,nDCG@10,1.0
q175727,R@100,1.0
q175728,nDCG@10,1.0
q175728,R@100,1.0
q175729,nDCG@10,0.6309297535714575
q175729,R@100,1.0
q175730,nDCG@10,1.0
q175730,R@100,1.0
q175731,nDCG@10,1.0
q175731,R@100,1.0
q175732,nDCG@10,1.0
q175732,R@100,1.0
q175733,nDCG@10,1.0
q175733,R@100,1.0
q175734,nDCG@10,1.0
q175734,R@100,1.0
q175735,nDCG@10,1.0
q175735,R@100,1.0
q175736,nDCG@10,1.0
q175736,R@100,1.0
q175737,nDCG@10,1.0
q175737,R@100,1.0
q175738,nDCG@10,1.0
q175738,R@100,1.0
q175739,nDCG@10,0.0
q175739,R@100,1.0
q175740,nDCG@10,1.0
q175740,R@100,1.0
q175741,nDCG@10,1.0
q175741,R@100,1.0
q175742,nDCG@10,1.0
q175742,R@100,1.0
q175743,nDCG@10,1.0
q175743,R@100,1.0
q175744,nDCG@10,1.0
q175744,R@100,1.0
q175745,nDCG@10,0.6309297535714575
q175745,R@100,1.0
q175746,nDCG@10,1.0
q175746,R@100,1.0
q175747,nDCG@10,1.0
q175747,R@100,1.0
q175748,nDCG@10,1.0
q175748,R@100,1.0
q175749,nDCG@10,1.0
q175749,R@100,1.0
q175750,nDCG@10,0.5
q175750,R@100,1.0
q175751,nDCG@10,1.0
q175751,R@100,1.0
q175752,nDCG@10,1.0
q175752,R@100,1.0
q175753,nDCG@10,0.3562071871080222
q175753,R@100,1.0
q175754,nDCG@10,1.0
q175754,R@100,1.0
q175755,nDCG@10,1.0
q175755,R@100,1.0
q175756,nDCG@10,1.0
q175756,R@100,1.0
q175757,nDCG@10,1.0
q175757,R@100,1.0
q175758,nDCG@10,1.0
q175758,R@100,1.0
q175759,nDCG@10,1.0
q175759,R@100,1.0
q175760,nDCG@10,1.0
q175760,R@100,1.0
q175761,nDCG@10,1.0
q175761,R@100,1.0
q175762,nDCG@10,1.0
q175762,R@100,1.0
q175763,nDCG@10,1.0
q175763,R@100,1.0
q175764,nDCG@10,1.0
q175764,R@100,1.0
q175765,nDCG@10,1.0
q175765,R@100,1.0
q175766,nDCG@10,1.0
q175766,R@100,1.0
q175767,nDCG@10,1.0
q175767,R@100,1.0
q175768,nDCG@10,1.0
q175768,R@100,1.0
q175769,nDCG@10,1.0
q175769,R@100,1.0
q175770,nDCG@10,1.0
q175770,R@100,1.0
q175771,nDCG@10,1.0
q175771,R@100,1.0
q175772,nDCG@10,1.0
q175772,R@100,1.0
q175773,nDCG@10,0.43067655807339306
q175773,R@100,1.0
q175774,nDCG@10,1.0
q175774,R@100,1.0
q175775,nDCG@10,1.0
q175775,R@100,1.0
q175776,nDCG@10,1.0
q175776,R@100,1.0
q175777,nDCG@10,1.0
q175777,R@100,1.0
q175778,nDCG@10,1.0
q175778,R@100,1.0
q175779,nDCG@10,1.0
q175779,R@100,1.0
q175780,nDCG@10,1.0
q175780,R@100,1.0
q175781,nDCG@10,1.0
q175781,R@100,1.0
q175782,nDCG@10,1.0
q175782,R@100,1.0
q175783,nDCG@10,1.0
q175783,R@100,1.0
q175784,nDCG@10,1.0
q175784,R@100,1.0
q175785,nDCG@10,1.0
q175785,R@100,1.0
q175786,nDCG@10,1.0
q175786,R@100,1.0
q175787,nDCG@10,1.0
q175787,R@100,1.0
q175788,nDCG@10,1.0
q175788,R@100,1.0
q175789,nDCG@10,1.0
q175789,R@100,1.0
q175790,nDCG@10,0.6309297535714575
q175790,R@100,1.0
q175791,nDCG@10,1.0
q175791,R@100,1.0
q175792,nDCG@10,0.3333333333333333
q175792,R@100,1.0
q175793,nDCG@10,0.6309297535714575
q175793,R@100,1.0
q175794,nDCG@10,1.0
q175794,R@100,1.0
q175795,nDCG@10,1.0
q175795,R@100,1.0
q175796,nDCG@10,1.0
q175796,R@100,1.0
q175797,nDCG@10,1.0
q175797,R@100,1.0
q175798,nDCG@10,1.0
q175798,R@100,1.0
q175799,nDCG@10,1.0
q175799,R@100,1.0
q175800,nDCG@10,1.0
q175800,R@100,1.0
q175801,nDCG@10,1.0
q175801,R@100,1.0
q175802,nDCG@10,1.0
q175802,R@100,1.0
q175803,nDCG@10,1.0
q175803,R@100,1.0
q175804,nDCG@10,1.0
q175804,R@100,1.0
q175805,nDCG@10,1.0
q175805,R@100,1.0
q175806,nDCG@10,1.0
q175806,R@100,1.0
q175807,nDCG@10,0.6309297535714575
q175807,R@100,1.0
q175808,nDCG@10,0.0
q175808,R@100,1.0
q175809,nDCG@10,1.0
q175809,R@100,1.0
q175810,nDCG@10,1.0
q175810,R@100,1.0
q175811,nDCG@10,1.0
q175811,R@100,1.0
q175812,nDCG@10,1.0
q175812,R@100,1.0
q175813,nDCG@10,1.0
q175813,R@100,1.0
q175814,nDCG@10,1.0
q175814,R@100,1.0
q175815,nDCG@10,1.0
q175815,R@100,1.0
q175816,nDCG@10,1.0
q175816,R@100,1.0
q175817,nDCG@10,1.0
q175817,R@100,1.0
q175818,nDCG@10,0.3562071871080222
q175818,R@100,1.0
q175819,nDCG@10,1.0
q175819,R@100,1.0
q175820,nDCG@10,1.0
q175820,R@100,1.0
q175821,nDCG@10,1.0
q175821,R@100,1.0
q175822,nDCG@10,1.0
q175822,R@100,1.0
q175823,nDCG@10,1.0
q175823,R@100,1.0
q175824,nDCG@10,1.0
q175824,R@100,1.0
q175825,nDCG@10,1.0
q175825,R@100,1.0
q175826,nDCG@10,1.0
q175826,R@100,1.0
q175827,nDCG@10,0.6309297535714575
q175827,R@100,1.0
q175828,nDCG@10,1.0
q175828,R@100,1.0
q175829,nDCG@10,0.6309297535714575
q175829,R@100,1.0
q175830,nDCG@10,1.0
q175830,R@100,1.0
q175831,nDCG@10,1.0
q175831,R@100,1.0
q175832,nDCG@10,1.0
q175832,R@100,1.0
q175833,nDCG@10,0.6309297535714575
q175833,R@100,1.0
q175834,nDCG@10,0.5
q175834,R@100,1.0
q175835,nDCG@10,0.5
q175835,R@100,1.0
q175836,nDCG@10,1.0
q175836,R@100,1.0
q175837,nDCG@10,1.0
q175837,R@100,1.0
q175838,nDCG@10,0.6309297535714575
q175838,R@100,1.0
q175839,nDCG@10,1.0
q175839,R@100,1.0
q175840,nDCG@10,0.6309297535714575
q175840,R@100,1.0
q175841,nDCG@10,1.0
q175841,R@100,1.0
q175842,nDCG@10,1.0
q175842,R@100,1.0
q175843,nDCG@10,1.0
q175843,R@100,1.0
q175844,nDCG@10,0.38685280723454163
q175844,R@100,1.0
q175845,nDCG@10,1.0
q175845,R@100,1.0
q175846,nDCG@10,1.0
q175846,R@100,1.0
q175847,nDCG@10,1.0
q175847,R@100,1.0
q175848,nDCG@10,1.0
q175848,R@100,1.0
q175849,nDCG@10,1.0
q175849,R@100,1.0
q175850,nDCG@10,1.0
q175850,R@100,1.0
q175851,nDCG@10,1.0
q175851,R@100,1.0
q175852,nDCG@10,1.0
q175852,R@100,1.0
q175853,nDCG@10,1.0
q175853,R@100,1.0
q175854,nDCG@10,1.0
q175854,R@100,1.0
q175855,nDCG@10,1.0
q175855,R@100,1.0
q175856,nDCG@10,0.6309297535714575
q175856,R@100,1.0
q175857,nDCG@10,1.0
q175857,R@100,1.0
q175858,nDCG@10,1.0
q175858,R@100,1.0
q175859,nDCG@10,1.0
q175859,R@100,1.0
q175860,nDCG@10,1.0
q175860,R@100,1.0
q175861,nDCG@10,1.0
q175861,R@100,1.0
q175862,nDCG@10,1.0
q175862,R@100,1.0
q175863,nDCG@10,1.0
q175863,R@100,1.0
q175864,nDCG@10,1.0
q175864,R@100,1.0
q175865,nDCG@10,0.5
q175865,R@100,1.0
q175866,nDCG@10,1.0
q175866,R@100,1.0
q175867,nDCG@10,1.0
q175867,R@100,1.0
q175868,nDCG@10,0.43067655807339306
q175868,R@100,1.0
q175869,nDCG@10,1.0
q175869,R@100,1.0
q175870,nDCG@10,0.6309297535714575
q175870,R@100,1.0
q175871,nDCG@10,1.0
q175871,R@100,1.0
q175872,nDCG@10,1.0
q175872,R@100,1.0
q175873,nDCG@10,1.0
q175873,R@100,1.0
q175874,nDCG@10,1.0
q175874,R@100,1.0
q175875,nDCG@10,1.0
q175875,R@100,1.0
q175876,nDCG@10,1.0
q175876,R@100,1.0
q175877,nDCG@10,0.5
q175877,R@100,1.0
q175878,nDCG@10,1.0
q175878,R@100,1.0
q175879,nDCG@10,0.6309297535714575
q175879,R@100,1.0
q175880,nDCG@10,1.0
q175880,R@100,1.0
q175881,nDCG@10,0.5
q175881,R@100,1.0
q175882,nDCG@10,1.0
q175882,R@100,1.0
q175883,nDCG@10,1.0
q175883,R@100,1.0
q175884,nDCG@10,0.3562071871080222
q175884,R@100,1.0
q175885,nDCG@10,1.0
q175885,R@100,1.0
q175886,nDCG@10,1.0
q175886,R@100,1.0
q175887,nDCG@10,1.0
q175887,R@100,1.0
q175888,nDCG@10,1.0
q175888,R@100,1.0
q175889,nDCG@10,1.0
q175889,R@100,1.0
q175890,nDCG@10,1.0
q175890,R@100,1.0
q175891,nDCG@10,0.6309297535714575
q175891,R@100,1.0
q175892,nDCG@10,0.6309297535714575
q175892,R@100,1.0
q175893,nDCG@10,0.6309297535714575
q175893,R@100,1.0
q175894,nDCG@10,1.0
q175894,R@100,1.0
q175895,nDCG@10,1.0
q175895,R@100,1.0
q175896,nDCG@10,1.0
q175896,R@100,1.0
q175897,nDCG@10,1.0
q175897,R@100,1.0
q175898,nDCG@10,1.0
q175898,R@100,1.0
q175899,nDCG@10,1.0
q175899,R@100,1.0
q175900,nDCG@10,0.6309297535714575
q175900,R@100,1.0
q175901,nDCG@10,1.0
q175901,R@100,1.0
q175902,nDCG@10,1.0
q175902,R@100,1.0
q175903,nDCG@10,1.0
q175903,R@100,1.0
q175904,nDCG@10,0.5
q175904,R@100,1.0
q175905,nDCG@10,1.0
q175905,R@100,1.0
q175906,nDCG@10,1.0
q175906,R@100,1.0
q175907,nDCG@10,0.43067655807339306
q175907,R@100,1.0
q175908,nDCG@10,0.3562071871080222
q175908,R@100,1.0
q175909,nDCG@10,1.0
q175909,R@100,1.0
q175910,nDCG@10,1.0
q175910,R@100,1.0
q175911,nDCG@10,1.0
q175911,R@100,1.0
q175912,nDCG@10,1.0
q175912,R@100,1.0
q175913,nDCG@10,1.0
q175913,R@100,1.0
q175914,nDCG@10,0.38685280723454163
q175914,R@100,1.0
q175915,nDCG@10,1.0
q175915,R@100,1.0
q175916,nDCG@10,1.0
q175916,R@100,1.0
q175917,nDCG@10,1.0
q175917,R@100,1.0
q175918,nDCG@10,1.0
q175918,R@100,1.0
q175919,nDCG@10,1.0
q175919,R@100,1.0
q175920,nDCG@10,1.0
q175920,R@100,1.0
q175921,nDCG@10,1.0
q175921,R@100,1.0
q175922,nDCG@10,0.5
q175922,R@100,1.0
q175923,nDCG@10,1.0
q175923,R@100,1.0
q175924,nDCG@10,1.0
q175924,R@100,1.0
q175925,nDCG@10,1.0
q175925,R@100,1.0
q175926,nDCG@10,1.0
q175926,R@100,1.0
q175927,nDCG@10,1.0
q175927,R@100,1.0
q175928,nDCG@10,1.0
q175928,R@100,1.0
q175929,nDCG@10,1.0
q175929,R@100,1.0
q175930,nDCG@10,1.0
q175930,R@100,1.0
q175931,nDCG@10,1.0
q175931,R@100,1.0
q175932,nDCG@10,1.0
q175932,R@100,1.0
q175933,nDCG@10,1.0
q175933,R@100,1.0
q175934,nDCG@10,0.6309297535714575
q175934,R@100,1.0
q175935,nDCG@10,1.0
q175935,R@100,1.0
q175936,nDCG@10,0.3333333333333333
q175936,R@100,1.0
q175937,nDCG@10,1.0
q175937,R@100,1.0
q175938,nDCG@10,1.0
q175938,R@100,1.0
q175939,nDCG@10,1.0
q175939,R@100,1.0
q175940,nDCG@10,1.0
q175940,R@100,1.0
q175941,nDCG@10,1.0
q175941,R@100,1.0
q175942,nDCG@10,1.0
q175942,R@100,1.0
q175943,nDCG@10,1.0
q175943,R@100,1.0
q175944,nDCG@10,1.0
q175944,R@100,1.0
q175945,nDCG@10,1.0
q175945,R@100,1.0
q175946,nDCG@10,1.0
q175946,R@100,1.0
q175947,nDCG@10,0.6309297535714575
q175947,R@100,1.0
q175948,nDCG@10,1.0
q175948,R@100,1.0
q175949,nDCG@10,1.0
q175949,R@100,1.0
q175950,nDCG@10,1.0
q175950,R@100,1.0
q175951,nDCG@10,1.0
q175951,R@100,1.0
q175952,nDCG@10,1.0
q175952,R@100,1.0
q175953,nDCG@10,1.0
q175953,R@100,1.0
q175954,nDCG@10,0.6309297535714575
q175954,R@100,1.0
q175955,nDCG@10,1.0
q175955,R@100,1.0
q175956,nDCG@10,1.0
q175956,R@100,1.0
q175957,nDCG@10,0.0
q175957,R@100,0.0
q175958,nDCG@10,0.6309297535714575
q175958,R@100,1.0
q175959,nDCG@10,0.6309297535714575
q175959,R@100,1.0
q175960,nDCG@10,1.0
q175960,R@100,1.0
q175961,nDCG@10,1.0
q175961,R@100,1.0
q175962,nDCG@10,1.0
q175962,R@100,1.0
q175963,nDCG@10,1.0
q175963,R@100,1.0
q175964,nDCG@10,0.6309297535714575
q175964,R@100,1.0
q175965,nDCG@10,1.0
q175965,R@100,1.0
q175966,nDCG@10,1.0
q175966,R@100,1.0
q175967,nDCG@10,0.6309297535714575
q175967,R@100,1.0
q175968,nDCG@10,1.0
q175968,R@100,1.0
q175969,nDCG@10,1.0
q175969,R@100,1.0
q175970,nDCG@10,1.0
q175970,R@100,1.0
q175971,nDCG@10,1.0
q175971,R@100,1.0
q175972,nDCG@10,1.0
q175972,R@100,1.0
q175973,nDCG@10,1.0
q175973,R@100,1.0
q175974,nDCG@10,1.0
q175974,R@100,1.0
q175975,nDCG@10,0.6309297535714575
q175975,R@100,1.0
q175976,nDCG@10,1.0
q175976,R@100,1.0
q175977,nDCG@10,0.6309297535714575
q175977,R@100,1.0
q175978,nDCG@10,1.0
q175978,R@100,1.0
q175979,nDCG@10,1.0
q175979,R@100,1.0
q175980,nDCG@10,1.0
q175980,R@100,1.0
q175981,nDCG@10,1.0
q175981,R@100,1.0
q175982,nDCG@10,1.0
q175982,R@100,1.0
q175983,nDCG@10,1.0
q175983,R@100,1.0
q175984,nDCG@10,1.0
q175984,R@100,1.0
q175985,nDCG@10,1.0
q175985,R@100,1.0
q175986,nDCG@10,1.0
q175986,R@100,1.0
q175987,nDCG@10,1.0
q175987,R@100,1.0
q175988,nDCG@10,1.0
q175988,R@100,1.0
q175989,nDCG@10,1.0
q175989,R@100,1.0
q175990,nDCG@10,1.0
q175990,R@100,1.0
q175991,nDCG@10,1.0
q175991,R@100,1.0
q175992,nDCG@10,1.0
q175992,R@100,1.0
q175993,nDCG@10,1.0
q175993,R@100,1.0
q175994,nDCG@10,1.0
q175994,R@100,1.0
q175995,nDCG@10,1.0
q175995,R@100,1.0
q175996,nDCG@10,1.0
q175996,R@100,1.0
q175997,nDCG@10,0.5
q175997,R@100,1.0
q175998,nDCG@10,1.0
q175998,R@100,1.0
q175999,nDCG@10,1.0
q175999,R@100,1.0
q176000,nDCG@10,1.0
q176000,R@100,1.0
q176001,nDCG@10,1.0
q176001,R@100,1.0
q176002,nDCG@10,0.6309297535714575
q176002,R@100,1.0
q176003,nDCG@10,1.0
q176003,R@100,1.0
q176004,nDCG@10,1.0
q176004,R@100,1.0
q176005,nDCG@10,1.0
q176005,R@100,1.0
q176006,nDCG@10,1.0
q176006,R@100,1.0
q176007,nDCG@10,1.0
q176007,R@100,1.0
q176008,nDCG@10,1.0
q176008,R@100,1.0
q176009,nDCG@10,1.0
q176009,R@100,1.0
q176010,nDCG@10,0.6309297535714575
q176010,R@100,1.0
q176011,nDCG@10,1.0
q176011,R@100,1.0
q176012,nDCG@10,1.0
q176012,R@100,1.0
q176013,nDCG@10,1.0
q176013,R@100,1.0
q176014,nDCG@10,1.0
q176014,R@100,1.0
q176015,nDCG@10,0.6309297535714575
q176015,R@100,1.0
q176016,nDCG@10,1.0
q176016,R@100,1.0
q176017,nDCG@10,1.0
q176017,R@100,1.0
q176018,nDCG@10,0.38685280723454163
q176018,R@100,1.0
q176019,nDCG@10,1.0
q176019,R@100,1.0
q176020,nDCG@10,1.0
q176020,R@100,1.0
q176021,nDCG@10,1.0
q176021,R@100,1.0
q176022,nDCG@10,1.0
q176022,R@100,1.0
q176023,nDCG@10,0.6309297535714575
q176023,R@100,1.0
q176024,nDCG@10,0.43067655807339306
q176024,R@100,1.0
q176025,nDCG@10,0.5
q176025,R@100,1.0
q176026,nDCG@10,0.43067655807339306
q176026,R@100,1.0
q176027,nDCG@10,1.0
q176027,R@100,1.0
q176028,nDCG@10,1.0
q176028,R@100,1.0
q176029,nDCG@10,0.6309297535714575
q176029,R@100,1.0
q176030,nDCG@10,0.6309297535714575
q176030,R@100,1.0
q176031,nDCG@10,1.0
q176031,R@100,1.0
q176032,nDCG@10,0.6309297535714575
q176032,R@100,1.0
q176033,nDCG@10,0.6309297535714575
q176033,R@100,1.0
q176034,nDCG@10,1.0
q176034,R@100,1.0
q176035,nDCG@10,1.0
q176035,R@100,1.0
q176036,nDCG@10,1.0
q176036,R@100,1.0
q176037,nDCG@10,1.0
q176037,R@100,1.0
q176038,nDCG@10,1.0
q176038,R@100,1.0
q176039,nDCG@10,0.6309297535714575
q176039,R@100,1.0
q176040,nDCG@10,1.0
q176040,R@100,1.0
q176041,nDCG@10,1.0
q176041,R@100,1.0
q176042,nDCG@10,1.0
q176042,R@100,1.0
q176043,nDCG@10,0.0
q176043,R@100,1.0
q176044,nDCG@10,0.5
q176044,R@100,1.0
q176045,nDCG@10,1.0
q176045,R@100,1.0
q176046,nDCG@10,0.6309297535714575
q176046,R@100,1.0
q176047,nDCG@10,1.0
q176047,R@100,1.0
q176048,nDCG@10,1.0
q176048,R@100,1.0
q176049,nDCG@10,0.3562071871080222
q176049,R@100,1.0
q176050,nDCG@10,0.0
q176050,R@100,1.0
q176051,nDCG@10,0.6309297535714575
q176051,R@100,1.0
q176052,nDCG@10,0.6309297535714575
q176052,R@100,1.0
q176053,nDCG@10,1.0
q176053,R@100,1.0
q176054,nDCG@10,1.0
q176054,R@100,1.0
q176055,nDCG@10,1.0
q176055,R@100,1.0
q176056,nDCG@10,1.0
q176056,R@100,1.0
q176057,nDCG@10,1.0
q176057,R@100,1.0
q176058,nDCG@10,1.0
q176058,R@100,1.0
q176059,nDCG@10,0.6309297535714575
q176059,R@100,1.0
q176060,nDCG@10,1.0
q176060,R@100,1.0
q176061,nDCG@10,1.0
q176061,R@100,1.0
q176062,nDCG@10,0.43067655807339306
q176062,R@100,1.0
q176063,nDCG@10,1.0
q176063,R@100,1.0
q176064,nDCG@10,0.5
q176064,R@100,1.0
q176065,nDCG@10,1.0
q176065,R@100,1.0
q176066,nDCG@10,1.0
q176066,R@100,1.0
q176067,nDCG@10,1.0
q176067,R@100,1.0
q176068,nDCG@10,0.5
q176068,R@100,1.0
q176069,nDCG@10,1.0
q176069,R@100,1.0
q176070,nDCG@10,1.0
q176070,R@100,1.0
q176071,nDCG@10,1.0
q176071,R@100,1.0
q176072,nDCG@10,1.0
q176072,R@100,1.0
q176073,nDCG@10,1.0
q176073,R@100,1.0
q176074,nDCG@10,0.6309297535714575
q176074,R@100,1.0
q176075,nDCG@10,0.6309297535714575
q176075,R@100,1.0
q176076,nDCG@10,0.5
q176076,R@100,1.0
q176077,nDCG@10,0.6309297535714575
q176077,R@100,1.0
q176078,nDCG@10,1.0
q176078,R@100,1.0
q176079,nDCG@10,1.0
q176079,R@100,1.0
q176080,nDCG@10,1.0
q176080,R@100,1.0
q176081,nDCG@10,1.0
q176081,R@100,1.0
q176082,nDCG@10,1.0
q176082,R@100,1.0
q176083,nDCG@10,1.0
q176083,R@100,1.0
q176084,nDCG@10,1.0
q176084,R@100,1.0
q176085,nDCG@10,1.0
q176085,R@100,1.0
q176086,nDCG@10,1.0
q176086,R@100,1.0
q176087,nDCG@10,1.0
q176087,R@100,1.0
q176088,nDCG@10,1.0
q176088,R@100,1.0
q176089,nDCG@10,1.0
q176089,R@100,1.0
q176090,nDCG@10,1.0
q176090,R@100,1.0
q176091,nDCG@10,0.0
q176091,R@100,1.0
q176092,nDCG@10,0.6309297535714575
q176092,R@100,1.0
q176093,nDCG@10,0.6309297535714575
q176093,R@100,1.0
q176094,nDCG@10,1.0
q176094,R@100,1.0
q176095,nDCG@10,0.6309297535714575
q176095,R@100,1.0
q176096,nDCG@10,1.0
q176096,R@100,1.0
q176097,nDCG@10,1.0
q176097,R@100,1.0
q176098,nDCG@10,1.0
q176098,R@100,1.0
q176099,nDCG@10,1.0
q176099,R@100,1.0
q176100,nDCG@10,1.0
q176100,R@100,1.0
q176101,nDCG@10,1.0
q176101,R@100,1.0
q176102,nDCG@10,1.0
q176102,R@100,1.0
q176103,nDCG@10,1.0
q176103,R@100,1.0
q176104,nDCG@10,0.6309297535714575
q176104,R@100,1.0
q176105,nDCG@10,1.0
q176105,R@100,1.0
q176106,nDCG@10,0.43067655807339306
q176106,R@100,1.0
q176107,nDCG@10,0.5
q176107,R@100,1.0
q176108,nDCG@10,0.5
q176108,R@100,1.0
q176109,nDCG@10,0.5
q176109,R@100,1.0
q176110,nDCG@10,1.0
q176110,R@100,1.0
q176111,nDCG@10,1.0
q176111,R@100,1.0
q176112,nDCG@10,1.0
q176112,R@100,1.0
q176113,nDCG@10,0.6309297535714575
q176113,R@100,1.0
q176114,nDCG@10,0.6309297535714575
q176114,R@100,1.0
q176115,nDCG@10,1.0
q176115,R@100,1.0
q176116,nDCG@10,1.0
q176116,R@100,1.0
q176117,nDCG@10,0.6309297535714575
q176117,R@100,1.0
q176118,nDCG@10,1.0
q176118,R@100,1.0
q176119,nDCG@10,1.0
q176119,R@100,1.0
q176120,nDCG@10,1.0
q176120,R@100,1.0
q176121,nDCG@10,1.0
q176121,R@100,1.0
q176122,nDCG@10,1.0
q176122,R@100,1.0
q176123,nDCG@10,1.0
q176123,R@100,1.0
q176124,nDCG@10,0.5
q176124,R@100,1.0
q176125,nDCG@10,1.0
q176125,R@100,1.0
q176126,nDCG@10,1.0
q176126,R@100,1.0
q176127,nDCG@10,1.0
q176127,R@100,1.0
q176128,nDCG@10,1.0
q176128,R@100,1.0
q176129,nDCG@10,1.0
q176129,R@100,1.0
q176130,nDCG@10,1.0
q176130,R@100,1.0
q176131,nDCG@10,1.0
q176131,R@100,1.0
q176132,nDCG@10,1.0
q176132,R@100,1.0
q176133,nDCG@10,1.0
q176133,R@100,1.0
q176134,nDCG@10,1.0
q176134,R@100,1.0
q176135,nDCG@10,1.0
q176135,R@100,1.0
q176136,nDCG@10,1.0
q176136,R@100,1.0
q176137,nDCG@10,0.6309297535714575
q176137,R@100,1.0
q176138,nDCG@10,1.0
q176138,R@100,1.0
q176139,nDCG@10,1.0
q176139,R@100,1.0
q176140,nDCG@10,1.0
q176140,R@100,1.0
q176141,nDCG@10,1.0
q176141,R@100,1.0
q176142,nDCG@10,1.0
q176142,R@100,1.0
q176143,nDCG@10,1.0
q176143,R@100,1.0
q176144,nDCG@10,1.0
q176144,R@100,1.0
q176145,nDCG@10,1.0
q176145,R@100,1.0
q176146,nDCG@10,1.0
q176146,R@100,1.0
q176147,nDCG@10,0.6309297535714575
q176147,R@100,1.0
q176148,nDCG@10,0.6309297535714575
q176148,R@100,1.0
q176149,nDCG@10,1.0
q176149,R@100,1.0
q176150,nDCG@10,1.0
q176150,R@100,1.0
q176151,nDCG@10,1.0
q176151,R@100,1.0
q176152,nDCG@10,0.5
q176152,R@100,1.0
q176153,nDCG@10,0.6309297535714575
q176153,R@100,1.0
q176154,nDCG@10,1.0
q176154,R@100,1.0
q176155,nDCG@10,1.0
q176155,R@100,1.0
q176156,nDCG@10,1.0
q176156,R@100,1.0
q176157,nDCG@10,1.0
q176157,R@100,1.0
q176158,nDCG@10,1.0
q176158,R@100,1.0
q176159,nDCG@10,1.0
q176159,R@100,1.0
q176160,nDCG@10,1.0
q176160,R@100,1.0
q176161,nDCG@10,1.0
q176161,R@100,1.0
q176162,nDCG@10,1.0
q176162,R@100,1.0
q176163,nDCG@10,1.0
q176163,R@100,1.0
q176164,nDCG@10,1.0
q176164,R@100,1.0
q176165,nDCG@10,1.0
q176165,R@100,1.0
q176166,nDCG@10,1.0
q176166,R@100,1.0
q176167,nDCG@10,1.0
q176167,R@100,1.0
q176168,nDCG@10,1.0
q176168,R@100,1.0
q176169,nDCG@10,1.0
q176169,R@100,1.0
q176170,nDCG@10,0.2890648263178879
q176170,R@100,1.0
q176171,nDCG@10,0.6309297535714575
q176171,R@100,1.0
q176172,nDCG@10,0.6309297535714575
q176172,R@100,1.0
q176173,nDCG@10,0.6309297535714575
q176173,R@100,1.0
q176174,nDCG@10,1.0
q176174,R@100,1.0
q176175,nDCG@10,1.0
q176175,R@100,1.0
q176176,nDCG@10,0.0
q176176,R@100,0.0
q176177,nDCG@10,1.0
q176177,R@100,1.0
q176178,nDCG@10,1.0
q176178,R@100,1.0
q176179,nDCG@10,1.0
q176179,R@100,1.0
q176180,nDCG@10,1.0
q176180,R@100,1.0
q176181,nDCG@10,1.0
q176181,R@100,1.0
q176182,nDCG@10,1.0
q176182,R@100,1.0
q176183,nDCG@10,1.0
q176183,R@100,1.0
q176184,nDCG@10,0.5
q176184,R@100,1.0
q176185,nDCG@10,1.0
q176185,R@100,1.0
q176186,nDCG@10,1.0
q176186,R@100,1.0
q176187,nDCG@10,1.0
q176187,R@100,1.0
q176188,nDCG@10,1.0
q176188,R@100,1.0
q176189,nDCG@10,1.0
q176189,R@100,1.0
q176190,nDCG@10,1.0
q176190,R@100,1.0
q176191,nDCG@10,1.0
q176191,R@100,1.0
q176192,nDCG@10,1.0
q176192,R@100,1.0
q176193,nDCG@10,1.0
q176193,R@100,1.0
q176194,nDCG@10,1.0
q176194,R@100,1.0
q176195,nDCG@10,1.0
q176195,R@100,1.0
q176196,nDCG@10,0.6309297535714575
q176196,R@100,1.0
q176197,nDCG@10,0.6309297535714575
q176197,R@100,1.0
q176198,nDCG@10,0.6309297535714575
q176198,R@100,1.0
q176199,nDCG@10,0.6309297535714575
q176199,R@100,1.0
q176200,nDCG@10,0.6309297535714575
q176200,R@100,1.0
q176201,nDCG@10,0.5
q176201,R@100,1.0
q176202,nDCG@10,0.5
q176202,R@100,1.0
q176203,nDCG@10,0.38685280723454163
q176203,R@100,1.0
q176204,nDCG@10,1.0
q176204,R@100,1.0
q176205,nDCG@10,1.0
q176205,R@100,1.0
q176206,nDCG@10,1.0
q176206,R@100,1.0
q176207,nDCG@10,0.43067655807339306
q176207,R@100,1.0
q176208,nDCG@10,1.0
q176208,R@100,1.0
q176209,nDCG@10,1.0
q176209,R@100,1.0
q176210,nDCG@10,1.0
q176210,R@100,1.0
q176211,nDCG@10,0.5
q176211,R@100,1.0
q176212,nDCG@10,1.0
q176212,R@100,1.0
q176213,nDCG@10,1.0
q176213,R@100,1.0
q176214,nDCG@10,1.0
q176214,R@100,1.0
q176215,nDCG@10,1.0
q176215,R@100,1.0
q176216,nDCG@10,1.0
q176216,R@100,1.0
q176217,nDCG@10,1.0
q176217,R@100,1.0
q176218,nDCG@10,1.0
q176218,R@100,1.0
q176219,nDCG@10,1.0
q176219,R@100,1.0
q176220,nDCG@10,1.0
q176220,R@100,1.0
q176221,nDCG@10,1.0
q176221,R@100,1.0
q176222,nDCG@10,1.0
q176222,R@100,1.0
q176223,nDCG@10,1.0
q176223,R@100,1.0
q176224,nDCG@10,1.0
q176224,R@100,1.0
q176225,nDCG@10,1.0
q176225,R@100,1.0
q176226,nDCG@10,1.0
q176226,R@100,1.0
q176227,nDCG@10,1.0
q176227,R@100,1.0
q176228,nDCG@10,0.0
q176228,R@100,1.0
q176229,nDCG@10,0.0
q176229,R@100,1.0
q176230,nDCG@10,1.0
q176230,R@100,1.0
q176231,nDCG@10,1.0
q176231,R@100,1.0
q176232,nDCG@10,1.0
q176232,R@100,1.0
q176233,nDCG@10,0.6309297535714575
q176233,R@100,1.0
q176234,nDCG@10,1.0
q176234,R@100,1.0
q176235,nDCG@10,1.0
q176235,R@100,1.0
q176236,nDCG@10,1.0
q176236,R@100,1.0
q176237,nDCG@10,0.6309297535714575
q176237,R@100,1.0
q176238,nDCG@10,1.0
q176238,R@100,1.0
q176239,nDCG@10,1.0
q176239,R@100,1.0
q176240,nDCG@10,1.0
q176240,R@100,1.0
q176241,nDCG@10,0.6309297535714575
q176241,R@100,1.0
q176242,nDCG@10,0.6309297535714575
q176242,R@100,1.0
q176243,nDCG@10,1.0
q176243,R@100,1.0
q176244,nDCG@10,0.43067655807339306
q176244,R@100,1.0
q176245,nDCG@10,1.0
q176245,R@100,1.0
q176246,nDCG@10,1.0
q176246,R@100,1.0
q176247,nDCG@10,1.0
q176247,R@100,1.0
q176248,nDCG@10,0.43067655807339306
q176248,R@100,1.0
q176249,nDCG@10,0.5
q176249,R@100,1.0
q176250,nDCG@10,0.6309297535714575
q176250,R@100,1.0
q176251,nDCG@10,1.0
q176251,R@100,1.0
q176252,nDCG@10,1.0
q176252,R@100,1.0
q176253,nDCG@10,1.0
q176253,R@100,1.0
q176254,nDCG@10,1.0
q176254,R@100,1.0
q176255,nDCG@10,1.0
q176255,R@100,1.0
q176256,nDCG@10,0.3333333333333333
q176256,R@100,1.0
q176257,nDCG@10,0.38685280723454163
q176257,R@100,1.0
q176258,nDCG@10,1.0
q176258,R@100,1.0
q176259,nDCG@10,0.6309297535714575
q176259,R@100,1.0
q176260,nDCG@10,1.0
q176260,R@100,1.0
q176261,nDCG@10,1.0
q176261,R@100,1.0
q176262,nDCG@10,1.0
q176262,R@100,1.0
q176263,nDCG@10,1.0
q176263,R@100,1.0
q176264,nDCG@10,1.0
q176264,R@100,1.0
q176265,nDCG@10,0.6309297535714575
q176265,R@100,1.0
q176266,nDCG@10,1.0
q176266,R@100,1.0
q176267,nDCG@10,1.0
q176267,R@100,1.0
q176268,nDCG@10,1.0
q176268,R@100,1.0
q176269,nDCG@10,1.0
q176269,R@100,1.0
q176270,nDCG@10,1.0
q176270,R@100,1.0
q176271,nDCG@10,1.0
q176271,R@100,1.0
q176272,nDCG@10,0.5
q176272,R@100,1.0
q176273,nDCG@10,0.6309297535714575
q176273,R@100,1.0
q176274,nDCG@10,1.0
q176274,R@100,1.0
q176275,nDCG@10,1.0
q176275,R@100,1.0
q176276,nDCG@10,1.0
q176276,R@100,1.0
q176277,nDCG@10,1.0
q176277,R@100,1.0
q176278,nDCG@10,1.0
q176278,R@100,1.0
q176279,nDCG@10,0.6309297535714575
q176279,R@100,1.0
q176280,nDCG@10,1.0
q176280,R@100,1.0
q176281,nDCG@10,0.6309297535714575
q176281,R@100,1.0
q176282,nDCG@10,1.0
q176282,R@100,1.0
q176283,nDCG@10,1.0
q176283,R@100,1.0
q176284,nDCG@10,1.0
q176284,R@100,1.0
q176285,nDCG@10,1.0
q176285,R@100,1.0
q176286,nDCG@10,1.0
q176286,R@100,1.0
q176287,nDCG@10,1.0
q176287,R@100,1.0
q176288,nDCG@10,1.0
q176288,R@100,1.0
q176289,nDCG@10,1.0
q176289,R@100,1.0
q176290,nDCG@10,1.0
q176290,R@100,1.0
q176291,nDCG@10,1.0
q176291,R@100,1.0
q176292,nDCG@10,1.0
q176292,R@100,1.0
q176293,nDCG@10,1.0
q176293,R@100,1.0
q176294,nDCG@10,1.0
q176294,R@100,1.0
q176295,nDCG@10,1.0
q176295,R@100,1.0
q176296,nDCG@10,1.0
q176296,R@100,1.0
q176297,nDCG@10,0.6309297535714575
q176297,R@100,1.0
q176298,nDCG@10,0.6309297535714575
q176298,R@100,1.0
q176299,nDCG@10,1.0
q176299,R@100,1.0
q176300,nDCG@10,1.0
q176300,R@100,1.0
q176301,nDCG@10,1.0
q176301,R@100,1.0
q176302,nDCG@10,1.0
q176302,R@100,1.0
q176303,nDCG@10,1.0
q176303,R@100,1.0
q176304,nDCG@10,0.6309297535714575
q176304,R@100,1.0
q176305,nDCG@10,1.0
q176305,R@100,1.0
q176306,nDCG@10,1.0
q176306,R@100,1.0
q176307,nDCG@10,1.0
q176307,R@100,1.0
q176308,nDCG@10,1.0
q176308,R@100,1.0
q176309,nDCG@10,1.0
q176309,R@100,1.0
q176310,nDCG@10,1.0
q176310,R@100,1.0
q176311,nDCG@10,1.0
q176311,R@100,1.0
q176312,nDCG@10,1.0
q176312,R@100,1.0
q176313,nDCG@10,1.0
q176313,R@100,1.0
q176314,nDCG@10,1.0
q176314,R@100,1.0
q176315,nDCG@10,1.0
q176315,R@100,1.0
q176316,nDCG@10,0.5
q176316,R@100,1.0
q176317,nDCG@10,0.0
q176317,R@100,1.0
q176318,nDCG@10,1.0
q176318,R@100,1.0
q176319,nDCG@10,1.0
q176319,R@100,1.0
q176320,nDCG@10,1.0
q176320,R@100,1.0
q176321,nDCG@10,1.0
q176321,R@100,1.0
q176322,nDCG@10,1.0
q176322,R@100,1.0
q176323,nDCG@10,1.0
q176323,R@100,1.0
q176324,nDCG@10,1.0
q176324,R@100,1.0
q176325,nDCG@10,1.0
q176325,R@100,1.0
q176326,nDCG@10,1.0
q176326,R@100,1.0
q176327,nDCG@10,1.0
q176327,R@100,1.0
q176328,nDCG@10,0.6309297535714575
q176328,R@100,1.0
q176329,nDCG@10,1.0
q176329,R@100,1.0
q176330,nDCG@10,1.0
q176330,R@100,1.0
q176331,nDCG@10,1.0
q176331,R@100,1.0
q176332,nDCG@10,1.0
q176332,R@100,1.0
q176333,nDCG@10,1.0
q176333,R@100,1.0
q176334,nDCG@10,1.0
q176334,R@100,1.0
q176335,nDCG@10,1.0
q176335,R@100,1.0
q176336,nDCG@10,0.6309297535714575
q176336,R@100,1.0
q176337,nDCG@10,1.0
q176337,R@100,1.0
q176338,nDCG@10,0.6309297535714575
q176338,R@100,1.0
q176339,nDCG@10,1.0
q176339,R@100,1.0
q176340,nDCG@10,1.0
q176340,R@100,1.0
q176341,nDCG@10,1.0
q176341,R@100,1.0
q176342,nDCG@10,1.0
q176342,R@100,1.0
q176343,nDCG@10,1.0
q176343,R@100,1.0
q176344,nDCG@10,0.38685280723454163
q176344,R@100,1.0
q176345,nDCG@10,1.0
q176345,R@100,1.0
q176346,nDCG@10,1.0
q176346,R@100,1.0
q176347,nDCG@10,1.0
q176347,R@100,1.0
q176348,nDCG@10,0.3562071871080222
q176348,R@100,1.0
q176349,nDCG@10,1.0
q176349,R@100,1.0
q176350,nDCG@10,1.0
q176350,R@100,1.0
q176351,nDCG@10,1.0
q176351,R@100,1.0
q176352,nDCG@10,1.0
q176352,R@100,1.0
q176353,nDCG@10,1.0
q176353,R@100,1.0
q176354,nDCG@10,1.0
q176354,R@100,1.0
q176355,nDCG@10,1.0
q176355,R@100,1.0
q176356,nDCG@10,1.0
q176356,R@100,1.0
q176357,nDCG@10,1.0
q176357,R@100,1.0
q176358,nDCG@10,1.0
q176358,R@100,1.0
q176359,nDCG@10,0.3010299956639812
q176359,R@100,1.0
q176360,nDCG@10,1.0
q176360,R@100,1.0
q176361,nDCG@10,1.0
q176361,R@100,1.0
q176362,nDCG@10,1.0
q176362,R@100,1.0
q176363,nDCG@10,1.0
q176363,R@100,1.0
q176364,nDCG@10,1.0
q176364,R@100,1.0
q176365,nDCG@10,1.0
q176365,R@100,1.0
q176366,nDCG@10,0.3010299956639812
q176366,R@100,1.0
q176367,nDCG@10,0.6309297535714575
q176367,R@100,1.0
q176368,nDCG@10,0.5
q176368,R@100,1.0
q176369,nDCG@10,1.0
q176369,R@100,1.0
q176370,nDCG@10,1.0
q176370,R@100,1.0
q176371,nDCG@10,1.0
q176371,R@100,1.0
q176372,nDCG@10,1.0
q176372,R@100,1.0
q176373,nDCG@10,1.0
q176373,R@100,1.0
q176374,nDCG@10,0.43067655807339306
q176374,R@100,1.0
q176375,nDCG@10,1.0
q176375,R@100,1.0
q176376,nDCG@10,1.0
q176376,R@100,1.0
q176377,nDCG@10,1.0
q176377,R@100,1.0
q176378,nDCG@10,1.0
q176378,R@100,1.0
q176379,nDCG@10,1.0
q176379,R@100,1.0
q176380,nDCG@10,1.0
q176380,R@100,1.0
q176381,nDCG@10,0.6309297535714575
q176381,R@100,1.0
q176382,nDCG@10,1.0
q176382,R@100,1.0
q176383,nDCG@10,1.0
q176383,R@100,1.0
q176384,nDCG@10,1.0
q176384,R@100,1.0
q176385,nDCG@10,1.0
q176385,R@100,1.0
q176386,nDCG@10,0.6309297535714575
q176386,R@100,1.0
q176387,nDCG@10,1.0
q176387,R@100,1.0
q176388,nDCG@10,1.0
q176388,R@100,1.0
q176389,nDCG@10,1.0
q176389,R@100,1.0
q176390,nDCG@10,1.0
q176390,R@100,1.0
q176391,nDCG@10,0.6309297535714575
q176391,R@100,1.0
q176392,nDCG@10,1.0
q176392,R@100,1.0
q176393,nDCG@10,1.0
q176393,R@100,1.0
q176394,nDCG@10,1.0
q176394,R@100,1.0
q176395,nDCG@10,1.0
q176395,R@100,1.0
q176396,nDCG@10,1.0
q176396,R@100,1.0
q176397,nDCG@10,0.6309297535714575
q176397,R@100,1.0
q176398,nDCG@10,1.0
q176398,R@100,1.0
q176399,nDCG@10,1.0
q176399,R@100,1.0
q176400,nDCG@10,1.0
q176400,R@100,1.0
q176401,nDCG@10,1.0
q176401,R@100,1.0
q176402,nDCG@10,1.0
q176402,R@100,1.0
q176403,nDCG@10,1.0
q176403,R@100,1.0
q176404,nDCG@10,1.0
q176404,R@100,1.0
q176405,nDCG@10,1.0
q176405,R@100,1.0
q176406,nDCG@10,0.0
q176406,R@100,1.0
q176407,nDCG@10,1.0
q176407,R@100,1.0
q176408,nDCG@10,1.0
q176408,R@100,1.0
q176409,nDCG@10,1.0
q176409,R@100,1.0
q176410,nDCG@10,1.0
q176410,R@100,1.0
q176411,nDCG@10,1.0
q176411,R@100,1.0
q176412,nDCG@10,1.0
q176412,R@100,1.0
q176413,nDCG@10,1.0
q176413,R@100,1.0
q176414,nDCG@10,1.0
q176414,R@100,1.0
q176415,nDCG@10,1.0
q176415,R@100,1.0
q176416,nDCG@10,1.0
q176416,R@100,1.0
q176417,nDCG@10,1.0
q176417,R@100,1.0
q176418,nDCG@10,0.0
q176418,R@100,1.0
q176419,nDCG@10,0.0
q176419,R@100,1.0
q176420,nDCG@10,0.0
q176420,R@100,1.0
q176421,nDCG@10,1.0
q176421,R@100,1.0
q176422,nDCG@10,1.0
q176422,R@100,1.0
q176423,nDCG@10,1.0
q176423,R@100,1.0
q176424,nDCG@10,0.0
q176424,R@100,1.0
q176425,nDCG@10,1.0
q176425,R@100,1.0
q176426,nDCG@10,1.0
q176426,R@100,1.0
q176427,nDCG@10,0.5
q176427,R@100,1.0
q176428,nDCG@10,1.0
q176428,R@100,1.0
q176429,nDCG@10,1.0
q176429,R@100,1.0
q176430,nDCG@10,1.0
q176430,R@100,1.0
q176431,nDCG@10,1.0
q176431,R@100,1.0
q176432,nDCG@10,1.0
q176432,R@100,1.0
q176433,nDCG@10,0.5
q176433,R@100,1.0
q176434,nDCG@10,1.0
q176434,R@100,1.0
q176435,nDCG@10,1.0
q176435,R@100,1.0
q176436,nDCG@10,1.0
q176436,R@100,1.0
q176437,nDCG@10,1.0
q176437,R@100,1.0
q176438,nDCG@10,0.0
q176438,R@100,0.0
q176439,nDCG@10,1.0
q176439,R@100,1.0
q176440,nDCG@10,1.0
q176440,R@100,1.0
q176441,nDCG@10,1.0
q176441,R@100,1.0
q176442,nDCG@10,1.0
q176442,R@100,1.0
q176443,nDCG@10,1.0
q176443,R@100,1.0
q176444,nDCG@10,0.43067655807339306
q176444,R@100,1.0
q176445,nDCG@10,1.0
q176445,R@100,1.0
q176446,nDCG@10,1.0
q176446,R@100,1.0
q176447,nDCG@10,1.0
q176447,R@100,1.0
q176448,nDCG@10,1.0
q176448,R@100,1.0
q176449,nDCG@10,0.3562071871080222
q176449,R@100,1.0
q176450,nDCG@10,1.0
q176450,R@100,1.0
q176451,nDCG@10,1.0
q176451,R@100,1.0
q176452,nDCG@10,1.0
q176452,R@100,1.0
q176453,nDCG@10,1.0
q176453,R@100,1.0
q176454,nDCG@10,0.6309297535714575
q176454,R@100,1.0
q176455,nDCG@10,0.0
q176455,R@100,1.0
q176456,nDCG@10,1.0
q176456,R@100,1.0
q176457,nDCG@10,1.0
q176457,R@100,1.0
q176458,nDCG@10,1.0
q176458,R@100,1.0
q176459,nDCG@10,1.0
q176459,R@100,1.0
q176460,nDCG@10,1.0
q176460,R@100,1.0
q176461,nDCG@10,0.0
q176461,R@100,1.0
q176462,nDCG@10,1.0
q176462,R@100,1.0
q176463,nDCG@10,1.0
q176463,R@100,1.0
q176464,nDCG@10,1.0
q176464,R@100,1.0
q176465,nDCG@10,0.6309297535714575
q176465,R@100,1.0
q176466,nDCG@10,0.31546487678572877
q176466,R@100,1.0
q176467,nDCG@10,1.0
q176467,R@100,1.0
q176468,nDCG@10,1.0
q176468,R@100,1.0
q176469,nDCG@10,1.0
q176469,R@100,1.0
q176470,nDCG@10,1.0
q176470,R@100,1.0
q176471,nDCG@10,1.0
q176471,R@100,1.0
q176472,nDCG@10,1.0
q176472,R@100,1.0
q176473,nDCG@10,1.0
q176473,R@100,1.0
q176474,nDCG@10,1.0
q176474,R@100,1.0
q176475,nDCG@10,1.0
q176475,R@100,1.0
q176476,nDCG@10,1.0
q176476,R@100,1.0
q176477,nDCG@10,0.6309297535714575
q176477,R@100,1.0
q176478,nDCG@10,1.0
q176478,R@100,1.0
q176479,nDCG@10,1.0
q176479,R@100,1.0
q176480,nDCG@10,0.0
q176480,R@100,1.0
q176481,nDCG@10,1.0
q176481,R@100,1.0
q176482,nDCG@10,1.0
q176482,R@100,1.0
q176483,nDCG@10,1.0
q176483,R@100,1.0
q176484,nDCG@10,1.0
q176484,R@100,1.0
q176485,nDCG@10,1.0
q176485,R@100,1.0
q176486,nDCG@10,1.0
q176486,R@100,1.0
q176487,nDCG@10,0.43067655807339306
q176487,R@100,1.0
q176488,nDCG@10,1.0
q176488,R@100,1.0
q176489,nDCG@10,1.0
q176489,R@100,1.0
q176490,nDCG@10,1.0
q176490,R@100,1.0
q176491,nDCG@10,1.0
q176491,R@100,1.0
q176492,nDCG@10,1.0
q176492,R@100,1.0
q176493,nDCG@10,0.0
q176493,R@100,0.0
q176494,nDCG@10,1.0
q176494,R@100,1.0
q176495,nDCG@10,1.0
q176495,R@100,1.0
q176496,nDCG@10,1.0
q176496,R@100,1.0
q176497,nDCG@10,0.6309297535714575
q176497,R@100,1.0
q176498,nDCG@10,1.0
q176498,R@100,1.0
q176499,nDCG@10,0.5
q176499,R@100,1.0
q176500,nDCG@10,1.0
q176500,R@100,1.0
q176501,nDCG@10,1.0
q176501,R@100,1.0
q176502,nDCG@10,1.0
q176502,R@100,1.0
q176503,nDCG@10,1.0
q176503,R@100,1.0
q176504,nDCG@10,0.5
q176504,R@100,1.0
q176505,nDCG@10,0.5
q176505,R@100,1.0
q176506,nDCG@10,0.0
q176506,R@100,1.0
q176507,nDCG@10,1.0
q176507,R@100,1.0
q176508,nDCG@10,1.0
q176508,R@100,1.0
q176509,nDCG@10,1.0
q176509,R@100,1.0
q176510,nDCG@10,1.0
q176510,R@100,1.0
q176511,nDCG@10,1.0
q176511,R@100,1.0
q176512,nDCG@10,0.38685280723454163
q176512,R@100,1.0
q176513,nDCG@10,1.0
q176513,R@100,1.0
q176514,nDCG@10,1.0
q176514,R@100,1.0
q176515,nDCG@10,0.6309297535714575
q176515,R@100,1.0
q176516,nDCG@10,0.6309297535714575
q176516,R@100,1.0
q176517,nDCG@10,1.0
q176517,R@100,1.0
q176518,nDCG@10,1.0
q176518,R@100,1.0
q176519,nDCG@10,1.0
q176519,R@100,1.0
q176520,nDCG@10,1.0
q176520,R@100,1.0
q176521,nDCG@10,1.0
q176521,R@100,1.0
q176522,nDCG@10,1.0
q176522,R@100,1.0
q176523,nDCG@10,1.0
q176523,R@100,1.0
q176524,nDCG@10,0.0
q176524,R@100,1.0
q176525,nDCG@10,0.6309297535714575
q176525,R@100,1.0
q176526,nDCG@10,0.0
q176526,R@100,1.0
q176527,nDCG@10,1.0
q176527,R@100,1.0
q176528,nDCG@10,1.0
q176528,R@100,1.0
q176529,nDCG@10,1.0
q176529,R@100,1.0
q176530,nDCG@10,0.6309297535714575
q176530,R@100,1.0
q176531,nDCG@10,0.3562071871080222
q176531,R@100,1.0
q176532,nDCG@10,1.0
q176532,R@100,1.0
q176533,nDCG@10,1.0
q176533,R@100,1.0
q176534,nDCG@10,1.0
q176534,R@100,1.0
q176535,nDCG@10,1.0
q176535,R@100,1.0
q176536,nDCG@10,0.43067655807339306
q176536,R@100,1.0
q176537,nDCG@10,0.43067655807339306
q176537,R@100,1.0
q176538,nDCG@10,1.0
q176538,R@100,1.0
q176539,nDCG@10,1.0
q176539,R@100,1.0
q176540,nDCG@10,1.0
q176540,R@100,1.0
q176541,nDCG@10,1.0
q176541,R@100,1.0
q176542,nDCG@10,1.0
q176542,R@100,1.0
q176543,nDCG@10,1.0
q176543,R@100,1.0
q176544,nDCG@10,0.0
q176544,R@100,1.0
q176545,nDCG@10,0.6309297535714575
q176545,R@100,1.0
q176546,nDCG@10,1.0
q176546,R@100,1.0
q176547,nDCG@10,1.0
q176547,R@100,1.0
q176548,nDCG@10,1.0
q176548,R@100,1.0
q176549,nDCG@10,1.0
q176549,R@100,1.0
q176550,nDCG@10,1.0
q176550,R@100,1.0
q176551,nDCG@10,1.0
q176551,R@100,1.0
q176552,nDCG@10,1.0
q176552,R@100,1.0
q176553,nDCG@10,1.0
q176553,R@100,1.0
q176554,nDCG@10,0.5
q176554,R@100,1.0
q176555,nDCG@10,1.0
q176555,R@100,1.0
q176556,nDCG@10,1.0
q176556,R@100,1.0
q176557,nDCG@10,1.0
q176557,R@100,1.0
q176558,nDCG@10,1.0
q176558,R@100,1.0
q176559,nDCG@10,1.0
q176559,R@100,1.0
q176560,nDCG@10,0.38685280723454163
q176560,R@100,1.0
q176561,nDCG@10,0.3333333333333333
q176561,R@100,1.0
q176562,nDCG@10,1.0
q176562,R@100,1.0
q176563,nDCG@10,1.0
q176563,R@100,1.0
q176564,nDCG@10,0.0
q176564,R@100,1.0
q176565,nDCG@10,1.0
q176565,R@100,1.0
q176566,nDCG@10,0.0
q176566,R@100,1.0
q176567,nDCG@10,1.0
q176567,R@100,1.0
q176568,nDCG@10,0.38685280723454163
q176568,R@100,1.0
q176569,nDCG@10,1.0
q176569,R@100,1.0
q176570,nDCG@10,0.0
q176570,R@100,1.0
q176571,nDCG@10,0.38685280723454163
q176571,R@100,1.0
q176572,nDCG@10,0.3010299956639812
q176572,R@100,1.0
q176573,nDCG@10,0.3562071871080222
q176573,R@100,1.0
q176574,nDCG@10,1.0
q176574,R@100,1.0
q176575,nDCG@10,0.2890648263178879
q176575,R@100,1.0
q176576,nDCG@10,0.6309297535714575
q176576,R@100,1.0
q176577,nDCG@10,0.31546487678572877
q176577,R@100,1.0
q176578,nDCG@10,1.0
q176578,R@100,1.0
q176579,nDCG@10,0.38685280723454163
q176579,R@100,1.0
q176580,nDCG@10,0.0
q176580,R@100,1.0
q176581,nDCG@10,1.0
q176581,R@100,1.0
q176582,nDCG@10,1.0
q176582,R@100,1.0
q176583,nDCG@10,0.0
q176583,R@100,1.0
q176584,nDCG@10,1.0
q176584,R@100,1.0
q176585,nDCG@10,0.0
q176585,R@100,1.0
q176586,nDCG@10,0.0
q176586,R@100,1.0
q176587,nDCG@10,1.0
q176587,R@100,1.0
q176588,nDCG@10,0.0
q176588,R@100,1.0
q176589,nDCG@10,1.0
q176589,R@100,1.0
q176590,nDCG@10,1.0
q176590,R@100,1.0
q176591,nDCG@10,0.5
q176591,R@100,1.0
q176592,nDCG@10,1.0
q176592,R@100,1.0
q176593,nDCG@10,1.0
q176593,R@100,1.0
q176594,nDCG@10,1.0
q176594,R@100,1.0
q176595,nDCG@10,1.0
q176595,R@100,1.0
q176596,nDCG@10,0.43067655807339306
q176596,R@100,1.0
q176597,nDCG@10,1.0
q176597,R@100,1.0
q176598,nDCG@10,1.0
q176598,R@100,1.0
q176599,nDCG@10,0.6309297535714575
q176599,R@100,1.0
q176600,nDCG@10,1.0
q176600,R@100,1.0
q176601,nDCG@10,1.0
q176601,R@100,1.0
q176602,nDCG@10,1.0
q176602,R@100,1.0
q176603,nDCG@10,1.0
q176603,R@100,1.0
q176604,nDCG@10,1.0
q176604,R@100,1.0
q176605,nDCG@10,1.0
q176605,R@100,1.0
q176606,nDCG@10,1.0
q176606,R@100,1.0
q176607,nDCG@10,1.0
q176607,R@100,1.0
q176608,nDCG@10,1.0
q176608,R@100,1.0
q176609,nDCG@10,1.0
q176609,R@100,1.0
q176610,nDCG@10,1.0
q176610,R@100,1.0
q176611,nDCG@10,0.0
q176611,R@100,1.0
q176612,nDCG@10,1.0
q176612,R@100,1.0
q176613,nDCG@10,1.0
q176613,R@100,1.0
q176614,nDCG@10,0.0
q176614,R@100,1.0
q176615,nDCG@10,1.0
q176615,R@100,1.0
q176616,nDCG@10,1.0
q176616,R@100,1.0
q176617,nDCG@10,1.0
q176617,R@100,1.0
q176618,nDCG@10,0.6309297535714575
q176618,R@100,1.0
q176619,nDCG@10,1.0
q176619,R@100,1.0
q176620,nDCG@10,1.0
q176620,R@100,1.0
q176621,nDCG@10,1.0
q176621,R@100,1.0
q176622,nDCG@10,1.0
q176622,R@100,1.0
q176623,nDCG@10,1.0
q176623,R@100,1.0
q176624,nDCG@10,0.6309297535714575
q176624,R@100,1.0
q176625,nDCG@10,1.0
q176625,R@100,1.0
q176626,nDCG@10,1.0
q176626,R@100,1.0
q176627,nDCG@10,1.0
q176627,R@100,1.0
q176628,nDCG@10,1.0
q176628,R@100,1.0
q176629,nDCG@10,0.6309297535714575
q176629,R@100,1.0
q176630,nDCG@10,1.0
q176630,R@100,1.0
q176631,nDCG@10,1.0
q176631,R@100,1.0
q176632,nDCG@10,1.0
q176632,R@100,1.0
q176633,nDCG@10,1.0
q176633,R@100,1.0
q176634,nDCG@10,0.6309297535714575
q176634,R@100,1.0
q176635,nDCG@10,1.0
q176635,R@100,1.0
q176636,nDCG@10,0.5
q176636,R@100,1.0
q176637,nDCG@10,1.0
q176637,R@100,1.0
q176638,nDCG@10,0.0
q176638,R@100,1.0
q176639,nDCG@10,1.0
q176639,R@100,1.0
q176640,nDCG@10,1.0
q176640,R@100,1.0
q176641,nDCG@10,1.0
q176641,R@100,1.0
q176642,nDCG@10,1.0
q176642,R@100,1.0
q176643,nDCG@10,1.0
q176643,R@100,1.0
q176644,nDCG@10,1.0
q176644,R@100,1.0
q176645,nDCG@10,1.0
q176645,R@100,1.0
q176646,nDCG@10,1.0
q176646,R@100,1.0
q176647,nDCG@10,1.0
q176647,R@100,1.0
q176648,nDCG@10,0.5
q176648,R@100,1.0
q176649,nDCG@10,1.0
q176649,R@100,1.0
q176650,nDCG@10,1.0
q176650,R@100,1.0
q176651,nDCG@10,1.0
q176651,R@100,1.0
q176652,nDCG@10,0.6309297535714575
q176652,R@100,1.0
q176653,nDCG@10,1.0
q176653,R@100,1.0
q176654,nDCG@10,0.6309297535714575
q176654,R@100,1.0
q176655,nDCG@10,1.0
q176655,R@100,1.0
q176656,nDCG@10,1.0
q176656,R@100,1.0
q176657,nDCG@10,1.0
q176657,R@100,1.0
q176658,nDCG@10,1.0
q176658,R@100,1.0
q176659,nDCG@10,0.6309297535714575
q176659,R@100,1.0
q176660,nDCG@10,1.0
q176660,R@100,1.0
q176661,nDCG@10,0.43067655807339306
q176661,R@100,1.0
q176662,nDCG@10,0.43067655807339306
q176662,R@100,1.0
q176663,nDCG@10,1.0
q176663,R@100,1.0
q176664,nDCG@10,1.0
q176664,R@100,1.0
q176665,nDCG@10,1.0
q176665,R@100,1.0
q176666,nDCG@10,1.0
q176666,R@100,1.0
q176667,nDCG@10,1.0
q176667,R@100,1.0
q176668,nDCG@10,1.0
q176668,R@100,1.0
q176669,nDCG@10,1.0
q176669,R@100,1.0
q176670,nDCG@10,1.0
q176670,R@100,1.0
q176671,nDCG@10,0.6309297535714575
q176671,R@100,1.0
q176672,nDCG@10,1.0
q176672,R@100,1.0
q176673,nDCG@10,1.0
q176673,R@100,1.0
q176674,nDCG@10,1.0
q176674,R@100,1.0
q176675,nDCG@10,1.0
q176675,R@100,1.0
q176676,nDCG@10,0.0
q176676,R@100,1.0
q176677,nDCG@10,1.0
q176677,R@100,1.0
q176678,nDCG@10,0.6309297535714575
q176678,R@100,1.0
q176679,nDCG@10,1.0
q176679,R@100,1.0
q176680,nDCG@10,1.0
q176680,R@100,1.0
q176681,nDCG@10,0.3333333333333333
q176681,R@100,1.0
q176682,nDCG@10,1.0
q176682,R@100,1.0
q176683,nDCG@10,1.0
q176683,R@100,1.0
q176684,nDCG@10,1.0
q176684,R@100,1.0
q176685,nDCG@10,1.0
q176685,R@100,1.0
q176686,nDCG@10,0.3333333333333333
q176686,R@100,1.0
q176687,nDCG@10,0.0
q176687,R@100,1.0
q176688,nDCG@10,1.0
q176688,R@100,1.0
q176689,nDCG@10,1.0
q176689,R@100,1.0
q176690,nDCG@10,1.0
q176690,R@100,1.0
q176691,nDCG@10,0.6309297535714575
q176691,R@100,1.0
q176692,nDCG@10,1.0
q176692,R@100,1.0
q176693,nDCG@10,1.0
q176693,R@100,1.0
q176694,nDCG@10,1.0
q176694,R@100,1.0
q176695,nDCG@10,0.0
q176695,R@100,1.0
q176696,nDCG@10,1.0
q176696,R@100,1.0
q176697,nDCG@10,1.0
q176697,R@100,1.0
q176698,nDCG@10,1.0
q176698,R@100,1.0
q176699,nDCG@10,0.0
q176699,R@100,1.0
q176700,nDCG@10,1.0
q176700,R@100,1.0
q176701,nDCG@10,0.6309297535714575
q176701,R@100,1.0
q176702,nDCG@10,1.0
q176702,R@100,1.0
q176703,nDCG@10,1.0
q176703,R@100,1.0
q176704,nDCG@10,1.0
q176704,R@100,1.0
q176705,nDCG@10,1.0
q176705,R@100,1.0
q176706,nDCG@10,0.5
q176706,R@100,1.0
q176707,nDCG@10,1.0
q176707,R@100,1.0
q176708,nDCG@10,1.0
q176708,R@100,1.0
q176709,nDCG@10,1.0
q176709,R@100,1.0
q176710,nDCG@10,1.0
q176710,R@100,1.0
q176711,nDCG@10,1.0
q176711,R@100,1.0
q176712,nDCG@10,1.0
q176712,R@100,1.0
q176713,nDCG@10,1.0
q176713,R@100,1.0
q176714,nDCG@10,1.0
q176714,R@100,1.0
q176715,nDCG@10,0.5
q176715,R@100,1.0
q176716,nDCG@10,1.0
q176716,R@100,1.0
q176717,nDCG@10,1.0
q176717,R@100,1.0
q176718,nDCG@10,0.0
q176718,R@100,1.0
q176719,nDCG@10,1.0
q176719,R@100,1.0
q176720,nDCG@10,1.0
q176720,R@100,1.0
q176721,nDCG@10,1.0
q176721,R@100,1.0
q176722,nDCG@10,1.0
q176722,R@100,1.0
q176723,nDCG@10,1.0
q176723,R@100,1.0
q176724,nDCG@10,0.0
q176724,R@100,1.0
q176725,nDCG@10,1.0
q176725,R@100,1.0
q176726,nDCG@10,1.0
q176726,R@100,1.0
q176727,nDCG@10,1.0
q176727,R@100,1.0
q176728,nDCG@10,0.0
q176728,R@100,1.0
q176729,nDCG@10,0.31546487678572877
q176729,R@100,1.0
q176730,nDCG@10,1.0
q176730,R@100,1.0
q176731,nDCG@10,1.0
q176731,R@100,1.0
q176732,nDCG@10,0.5
q176732,R@100,1.0
q176733,nDCG@10,1.0
q176733,R@100,1.0
q176734,nDCG@10,0.0
q176734,R@100,1.0
q176735,nDCG@10,0.5
q176735,R@100,1.0
q176736,nDCG@10,1.0
q176736,R@100,1.0
q176737,nDCG@10,1.0
q176737,R@100,1.0
q176738,nDCG@10,1.0
q176738,R@100,1.0
q176739,nDCG@10,1.0
q176739,R@100,1.0
q176740,nDCG@10,1.0
q176740,R@100,1.0
q176741,nDCG@10,0.38685280723454163
q176741,R@100,1.0
q176742,nDCG@10,0.38685280723454163
q176742,R@100,1.0
q176743,nDCG@10,1.0
q176743,R@100,1.0
q176744,nDCG@10,1.0
q176744,R@100,1.0
q176745,nDCG@10,1.0
q176745,R@100,1.0
q176746,nDCG@10,1.0
q176746,R@100,1.0
q176747,nDCG@10,0.5
q176747,R@100,1.0
q176748,nDCG@10,1.0
q176748,R@100,1.0
q176749,nDCG@10,1.0
q176749,R@100,1.0
q176750,nDCG@10,1.0
q176750,R@100,1.0
q176751,nDCG@10,1.0
q176751,R@100,1.0
q176752,nDCG@10,1.0
q176752,R@100,1.0
q176753,nDCG@10,0.0
q176753,R@100,1.0
q176754,nDCG@10,1.0
q176754,R@100,1.0
q176755,nDCG@10,0.6309297535714575
q176755,R@100,1.0
q176756,nDCG@10,0.6309297535714575
q176756,R@100,1.0
q176757,nDCG@10,1.0
q176757,R@100,1.0
q176758,nDCG@10,1.0
q176758,R@100,1.0
q176759,nDCG@10,1.0
q176759,R@100,1.0
q176760,nDCG@10,1.0
q176760,R@100,1.0
q176761,nDCG@10,1.0
q176761,R@100,1.0
q176762,nDCG@10,0.0
q176762,R@100,1.0
q176763,nDCG@10,1.0
q176763,R@100,1.0
q176764,nDCG@10,1.0
q176764,R@100,1.0
q176765,nDCG@10,1.0
q176765,R@100,1.0
q176766,nDCG@10,1.0
q176766,R@100,1.0
q176767,nDCG@10,1.0
q176767,R@100,1.0
q176768,nDCG@10,1.0
q176768,R@100,1.0
q176769,nDCG@10,1.0
q176769,R@100,1.0
q176770,nDCG@10,1.0
q176770,R@100,1.0
q176771,nDCG@10,1.0
q176771,R@100,1.0
q176772,nDCG@10,1.0
q176772,R@100,1.0
q176773,nDCG@10,1.0
q176773,R@100,1.0
q176774,nDCG@10,1.0
q176774,R@100,1.0
q176775,nDCG@10,1.0
q176775,R@100,1.0
q176776,nDCG@10,0.5
q176776,R@100,1.0
q176777,nDCG@10,0.6309297535714575
q176777,R@100,1.0
q176778,nDCG@10,1.0
q176778,R@100,1.0
q176779,nDCG@10,1.0
q176779,R@100,1.0
q176780,nDCG@10,1.0
q176780,R@100,1.0
q176781,nDCG@10,1.0
q176781,R@100,1.0
q176782,nDCG@10,1.0
q176782,R@100,1.0
q176783,nDCG@10,1.0
q176783,R@100,1.0
q176784,nDCG@10,1.0
q176784,R@100,1.0
q176785,nDCG@10,0.6309297535714575
q176785,R@100,1.0
q176786,nDCG@10,0.3333333333333333
q176786,R@100,1.0
q176787,nDCG@10,1.0
q176787,R@100,1.0
q176788,nDCG@10,1.0
q176788,R@100,1.0
q176789,nDCG@10,1.0
q176789,R@100,1.0
q176790,nDCG@10,0.43067655807339306
q176790,R@100,1.0
q176791,nDCG@10,1.0
q176791,R@100,1.0
q176792,nDCG@10,1.0
q176792,R@100,1.0
q176793,nDCG@10,0.5
q176793,R@100,1.0
q176794,nDCG@10,0.5
q176794,R@100,1.0
q176795,nDCG@10,1.0
q176795,R@100,1.0
q176796,nDCG@10,1.0
q176796,R@100,1.0
q176797,nDCG@10,1.0
q176797,R@100,1.0
q176798,nDCG@10,1.0
q176798,R@100,1.0
q176799,nDCG@10,1.0
q176799,R@100,1.0
q176800,nDCG@10,1.0
q176800,R@100,1.0
q176801,nDCG@10,1.0
q176801,R@100,1.0
q176802,nDCG@10,1.0
q176802,R@100,1.0
q176803,nDCG@10,1.0
q176803,R@100,1.0
q176804,nDCG@10,1.0
q176804,R@100,1.0
q176805,nDCG@10,1.0
q176805,R@100,1.0
q176806,nDCG@10,1.0
q176806,R@100,1.0
q176807,nDCG@10,1.0
q176807,R@100,1.0
q176808,nDCG@10,1.0
q176808,R@100,1.0
q176809,nDCG@10,1.0
q176809,R@100,1.0
q176810,nDCG@10,1.0
q176810,R@100,1.0
q176811,nDCG@10,1.0
q176811,R@100,1.0
q176812,nDCG@10,1.0
q176812,R@100,1.0
q176813,nDCG@10,1.0
q176813,R@100,1.0
q176814,nDCG@10,1.0
q176814,R@100,1.0
q176815,nDCG@10,1.0
q176815,R@100,1.0
q176816,nDCG@10,1.0
q176816,R@100,1.0
q176817,nDCG@10,0.3010299956639812
q176817,R@100,1.0
q176818,nDCG@10,1.0
q176818,R@100,1.0
q176819,nDCG@10,1.0
q176819,R@100,1.0
q176820,nDCG@10,1.0
q176820,R@100,1.0
q176821,nDCG@10,1.0
q176821,R@100,1.0
q176822,nDCG@10,0.6309297535714575
q176822,R@100,1.0
q176823,nDCG@10,1.0
q176823,R@100,1.0
q176824,nDCG@10,0.0
q176824,R@100,1.0
q176825,nDCG@10,1.0
q176825,R@100,1.0
q176826,nDCG@10,1.0
q176826,R@100,1.0
q176827,nDCG@10,1.0
q176827,R@100,1.0
q176828,nDCG@10,0.6309297535714575
q176828,R@100,1.0
q176829,nDCG@10,1.0
q176829,R@100,1.0
q176830,nDCG@10,0.6309297535714575
q176830,R@100,1.0
q176831,nDCG@10,1.0
q176831,R@100,1.0
q176832,nDCG@10,1.0
q176832,R@100,1.0
q176833,nDCG@10,0.0
q176833,R@100,1.0
q176834,nDCG@10,1.0
q176834,R@100,1.0
q176835,nDCG@10,1.0
q176835,R@100,1.0
q176836,nDCG@10,1.0
q176836,R@100,1.0
q176837,nDCG@10,1.0
q176837,R@100,1.0
q176838,nDCG@10,1.0
q176838,R@100,1.0
q176839,nDCG@10,1.0
q176839,R@100,1.0
q176840,nDCG@10,1.0
q176840,R@100,1.0
q176841,nDCG@10,1.0
q176841,R@100,1.0
q176842,nDCG@10,0.6309297535714575
q176842,R@100,1.0
q176843,nDCG@10,1.0
q176843,R@100,1.0
q176844,nDCG@10,1.0
q176844,R@100,1.0
q176845,nDCG@10,0.0
q176845,R@100,1.0
q176846,nDCG@10,1.0
q176846,R@100,1.0
q176847,nDCG@10,0.5
q176847,R@100,1.0
q176848,nDCG@10,1.0
q176848,R@100,1.0
q176849,nDCG@10,1.0
q176849,R@100,1.0
q176850,nDCG@10,1.0
q176850,R@100,1.0
q176851,nDCG@10,1.0
q176851,R@100,1.0
q176852,nDCG@10,1.0
q176852,R@100,1.0
q176853,nDCG@10,1.0
q176853,R@100,1.0
q176854,nDCG@10,1.0
q176854,R@100,1.0
q176855,nDCG@10,0.0
q176855,R@100,1.0
q176856,nDCG@10,1.0
q176856,R@100,1.0
q176857,nDCG@10,1.0
q176857,R@100,1.0
q176858,nDCG@10,1.0
q176858,R@100,1.0
q176859,nDCG@10,1.0
q176859,R@100,1.0
q176860,nDCG@10,1.0
q176860,R@100,1.0
q176861,nDCG@10,1.0
q176861,R@100,1.0
q176862,nDCG@10,1.0
q176862,R@100,1.0
q176863,nDCG@10,1.0
q176863,R@100,1.0
q176864,nDCG@10,1.0
q176864,R@100,1.0
q176865,nDCG@10,1.0
q176865,R@100,1.0
q176866,nDCG@10,1.0
q176866,R@100,1.0
q176867,nDCG@10,1.0
q176867,R@100,1.0
q176868,nDCG@10,1.0
q176868,R@100,1.0
q176869,nDCG@10,1.0
q176869,R@100,1.0
q176870,nDCG@10,1.0
q176870,R@100,1.0
q176871,nDCG@10,1.0
q176871,R@100,1.0
q176872,nDCG@10,1.0
q176872,R@100,1.0
q176873,nDCG@10,1.0
q176873,R@100,1.0
q176874,nDCG@10,0.0
q176874,R@100,1.0
q176875,nDCG@10,1.0
q176875,R@100,1.0
q176876,nDCG@10,1.0
q176876,R@100,1.0
q176877,nDCG@10,1.0
q176877,R@100,1.0
q176878,nDCG@10,0.0
q176878,R@100,1.0
q176879,nDCG@10,1.0
q176879,R@100,1.0
q176880,nDCG@10,1.0
q176880,R@100,1.0
q176881,nDCG@10,1.0
q176881,R@100,1.0
q176882,nDCG@10,1.0
q176882,R@100,1.0
q176883,nDCG@10,1.0
q176883,R@100,1.0
q176884,nDCG@10,1.0
q176884,R@100,1.0
q176885,nDCG@10,1.0
q176885,R@100,1.0
q176886,nDCG@10,1.0
q176886,R@100,1.0
q176887,nDCG@10,1.0
q176887,R@100,1.0
q176888,nDCG@10,1.0
q176888,R@100,1.0
q176889,nDCG@10,1.0
q176889,R@100,1.0
q176890,nDCG@10,1.0
q176890,R@100,1.0
q176891,nDCG@10,0.0
q176891,R@100,1.0
q176892,nDCG@10,1.0
q176892,R@100,1.0
q176893,nDCG@10,1.0
q176893,R@100,1.0
q176894,nDCG@10,1.0
q176894,R@100,1.0
q176895,nDCG@10,1.0
q176895,R@100,1.0
q176896,nDCG@10,0.43067655807339306
q176896,R@100,1.0
q176897,nDCG@10,1.0
q176897,R@100,1.0
q176898,nDCG@10,1.0
q176898,R@100,1.0
q176899,nDCG@10,1.0
q176899,R@100,1.0
q176900,nDCG@10,1.0
q176900,R@100,1.0
q176901,nDCG@10,0.6309297535714575
q176901,R@100,1.0
q176902,nDCG@10,0.6309297535714575
q176902,R@100,1.0
q176903,nDCG@10,1.0
q176903,R@100,1.0
q176904,nDCG@10,1.0
q176904,R@100,1.0
q176905,nDCG@10,1.0
q176905,R@100,1.0
q176906,nDCG@10,0.3333333333333333
q176906,R@100,1.0
q176907,nDCG@10,1.0
q176907,R@100,1.0
q176908,nDCG@10,1.0
q176908,R@100,1.0
q176909,nDCG@10,1.0
q176909,R@100,1.0
q176910,nDCG@10,1.0
q176910,R@100,1.0
q176911,nDCG@10,0.0
q176911,R@100,1.0
q176912,nDCG@10,1.0
q176912,R@100,1.0
q176913,nDCG@10,1.0
q176913,R@100,1.0
q176914,nDCG@10,1.0
q176914,R@100,1.0
q176915,nDCG@10,1.0
q176915,R@100,1.0
q176916,nDCG@10,0.6309297535714575
q176916,R@100,1.0
q176917,nDCG@10,1.0
q176917,R@100,1.0
q176918,nDCG@10,0.6309297535714575
q176918,R@100,1.0
q176919,nDCG@10,1.0
q176919,R@100,1.0
q176920,nDCG@10,1.0
q176920,R@100,1.0
q176921,nDCG@10,1.0
q176921,R@100,1.0
q176922,nDCG@10,1.0
q176922,R@100,1.0
q176923,nDCG@10,0.6309297535714575
q176923,R@100,1.0
q176924,nDCG@10,1.0
q176924,R@100,1.0
q176925,nDCG@10,1.0
q176925,R@100,1.0
q176926,nDCG@10,0.3333333333333333
q176926,R@100,1.0
q176927,nDCG@10,1.0
q176927,R@100,1.0
q176928,nDCG@10,0.6309297535714575
q176928,R@100,1.0
q176929,nDCG@10,1.0
q176929,R@100,1.0
q176930,nDCG@10,1.0
q176930,R@100,1.0
q176931,nDCG@10,1.0
q176931,R@100,1.0
q176932,nDCG@10,1.0
q176932,R@100,1.0
q176933,nDCG@10,1.0
q176933,R@100,1.0
q176934,nDCG@10,1.0
q176934,R@100,1.0
q176935,nDCG@10,1.0
q176935,R@100,1.0
q176936,nDCG@10,1.0
q176936,R@100,1.0
q176937,nDCG@10,1.0
q176937,R@100,1.0
q176938,nDCG@10,1.0
q176938,R@100,1.0
q176939,nDCG@10,1.0
q176939,R@100,1.0
q176940,nDCG@10,0.6309297535714575
q176940,R@100,1.0
q176941,nDCG@10,1.0
q176941,R@100,1.0
q176942,nDCG@10,1.0
q176942,R@100,1.0
q176943,nDCG@10,1.0
q176943,R@100,1.0
q176944,nDCG@10,1.0
q176944,R@100,1.0
q176945,nDCG@10,0.6309297535714575
q176945,R@100,1.0
q176946,nDCG@10,1.0
q176946,R@100,1.0
q176947,nDCG@10,0.6309297535714575
q176947,R@100,1.0
q176948,nDCG@10,1.0
q176948,R@100,1.0
q176949,nDCG@10,1.0
q176949,R@100,1.0
q176950,nDCG@10,0.0
q176950,R@100,1.0
q176951,nDCG@10,0.0
q176951,R@100,0.0
q176952,nDCG@10,1.0
q176952,R@100,1.0
q176953,nDCG@10,1.0
q176953,R@100,1.0
q176954,nDCG@10,1.0
q176954,R@100,1.0
q176955,nDCG@10,0.5
q176955,R@100,1.0
q176956,nDCG@10,1.0
q176956,R@100,1.0
q176957,nDCG@10,1.0
q176957,R@100,1.0
q176958,nDCG@10,0.6309297535714575
q176958,R@100,1.0
q176959,nDCG@10,1.0
q176959,R@100,1.0
q176960,nDCG@10,1.0
q176960,R@100,1.0
q176961,nDCG@10,1.0
q176961,R@100,1.0
q176962,nDCG@10,1.0
q176962,R@100,1.0
q176963,nDCG@10,1.0
q176963,R@100,1.0
q176964,nDCG@10,1.0
q176964,R@100,1.0
q176965,nDCG@10,0.3010299956639812
q176965,R@100,1.0
q176966,nDCG@10,1.0
q176966,R@100,1.0
q176967,nDCG@10,1.0
q176967,R@100,1.0
q176968,nDCG@10,1.0
q176968,R@100,1.0
q176969,nDCG@10,1.0
q176969,R@100,1.0
q176970,nDCG@10,1.0
q176970,R@100,1.0
q176971,nDCG@10,1.0
q176971,R@100,1.0
q176972,nDCG@10,1.0
q176972,R@100,1.0
q176973,nDCG@10,0.43067655807339306
q176973,R@100,1.0
q176974,nDCG@10,1.0
q176974,R@100,1.0
q176975,nDCG@10,0.38685280723454163
q176975,R@100,1.0
q176976,nDCG@10,0.0
q176976,R@100,1.0
q176977,nDCG@10,1.0
q176977,R@100,1.0
q176978,nDCG@10,1.0
q176978,R@100,1.0
q176979,nDCG@10,1.0
q176979,R@100,1.0
q176980,nDCG@10,1.0
q176980,R@100,1.0
q176981,nDCG@10,1.0
q176981,R@100,1.0
q176982,nDCG@10,1.0
q176982,R@100,1.0
q176983,nDCG@10,0.2890648263178879
q176983,R@100,1.0
q176984,nDCG@10,1.0
q176984,R@100,1.0
q176985,nDCG@10,1.0
q176985,R@100,1.0
q176986,nDCG@10,0.6309297535714575
q176986,R@100,1.0
q176987,nDCG@10,1.0
q176987,R@100,1.0
q176988,nDCG@10,1.0
q176988,R@100,1.0
q176989,nDCG@10,1.0
q176989,R@100,1.0
q176990,nDCG@10,1.0
q176990,R@100,1.0
q176991,nDCG@10,1.0
q176991,R@100,1.0
q176992,nDCG@10,1.0
q176992,R@100,1.0
q176993,nDCG@10,1.0
q176993,R@100,1.0
q176994,nDCG@10,1.0
q176994,R@100,1.0
q176995,nDCG@10,1.0
q176995,R@100,1.0
q176996,nDCG@10,1.0
q176996,R@100,1.0
q176997,nDCG@10,1.0
q176997,R@100,1.0
q176998,nDCG@10,0.6309297535714575
q176998,R@100,1.0
q176999,nDCG@10,1.0
q176999,R@100,1.0
q177000,nDCG@10,1.0
q177000,R@100,1.0
q177001,nDCG@10,1.0
q177001,R@100,1.0
q177002,nDCG@10,1.0
q177002,R@100,1.0
q177003,nDCG@10,1.0
q177003,R@100,1.0
q177004,nDCG@10,1.0
q177004,R@100,1.0
q177005,nDCG@10,1.0
q177005,R@100,1.0
q177006,nDCG@10,1.0
q177006,R@100,1.0
q177007,nDCG@10,1.0
q177007,R@100,1.0
q177008,nDCG@10,1.0
q177008,R@100,1.0
q177009,nDCG@10,1.0
q177009,R@100,1.0
q177010,nDCG@10,1.0
q177010,R@100,1.0
q177011,nDCG@10,1.0
q177011,R@100,1.0
q177012,nDCG@10,1.0
q177012,R@100,1.0
q177013,nDCG@10,1.0
q177013,R@100,1.0
q177014,nDCG@10,1.0
q177014,R@100,1.0
q177015,nDCG@10,1.0
q177015,R@100,1.0
q177016,nDCG@10,1.0
q177016,R@100,1.0
q177017,nDCG@10,0.0
q177017,R@100,1.0
q177018,nDCG@10,1.0
q177018,R@100,1.0
q177019,nDCG@10,1.0
q177019,R@100,1.0
q177020,nDCG@10,1.0
q177020,R@100,1.0
q177021,nDCG@10,0.5
q177021,R@100,1.0
q177022,nDCG@10,1.0
q177022,R@100,1.0
q177023,nDCG@10,0.6309297535714575
q177023,R@100,1.0
q177024,nDCG@10,1.0
q177024,R@100,1.0
q177025,nDCG@10,1.0
q177025,R@100,1.0
q177026,nDCG@10,1.0
q177026,R@100,1.0
q177027,nDCG@10,1.0
q177027,R@100,1.0
q177028,nDCG@10,1.0
q177028,R@100,1.0
q177029,nDCG@10,1.0
q177029,R@100,1.0
q177030,nDCG@10,0.38685280723454163
q177030,R@100,1.0
q177031,nDCG@10,1.0
q177031,R@100,1.0
q177032,nDCG@10,1.0
q177032,R@100,1.0
q177033,nDCG@10,1.0
q177033,R@100,1.0
q177034,nDCG@10,1.0
q177034,R@100,1.0
q177035,nDCG@10,1.0
q177035,R@100,1.0
q177036,nDCG@10,1.0
q177036,R@100,1.0
q177037,nDCG@10,1.0
q177037,R@100,1.0
q177038,nDCG@10,1.0
q177038,R@100,1.0
q177039,nDCG@10,1.0
q177039,R@100,1.0
q177040,nDCG@10,1.0
q177040,R@100,1.0
q177041,nDCG@10,1.0
q177041,R@100,1.0
q177042,nDCG@10,1.0
q177042,R@100,1.0
q177043,nDCG@10,0.6309297535714575
q177043,R@100,1.0
q177044,nDCG@10,1.0
q177044,R@100,1.0
q177045,nDCG@10,1.0
q177045,R@100,1.0
q177046,nDCG@10,1.0
q177046,R@100,1.0
q177047,nDCG@10,1.0
q177047,R@100,1.0
q177048,nDCG@10,1.0
q177048,R@100,1.0
q177049,nDCG@10,1.0
q177049,R@100,1.0
q177050,nDCG@10,1.0
q177050,R@100,1.0
q177051,nDCG@10,1.0
q177051,R@100,1.0
q177052,nDCG@10,1.0
q177052,R@100,1.0
q177053,nDCG@10,1.0
q177053,R@100,1.0
q177054,nDCG@10,0.6309297535714575
q177054,R@100,1.0
q177055,nDCG@10,0.6309297535714575
q177055,R@100,1.0
q177056,nDCG@10,1.0
q177056,R@100,1.0
q177057,nDCG@10,1.0
q177057,R@100,1.0
q177058,nDCG@10,1.0
q177058,R@100,1.0
q177059,nDCG@10,1.0
q177059,R@100,1.0
q177060,nDCG@10,1.0
q177060,R@100,1.0
q177061,nDCG@10,0.6309297535714575
q177061,R@100,1.0
q177062,nDCG@10,1.0
q177062,R@100,1.0
q177063,nDCG@10,1.0
q177063,R@100,1.0
q177064,nDCG@10,1.0
q177064,R@100,1.0
q177065,nDCG@10,1.0
q177065,R@100,1.0
q177066,nDCG@10,1.0
q177066,R@100,1.0
q177067,nDCG@10,1.0
q177067,R@100,1.0
q177068,nDCG@10,1.0
q177068,R@100,1.0
q177069,nDCG@10,1.0
q177069,R@100,1.0
q177070,nDCG@10,1.0
q177070,R@100,1.0
q177071,nDCG@10,1.0
q177071,R@100,1.0
q177072,nDCG@10,1.0
q177072,R@100,1.0
q177073,nDCG@10,0.0
q177073,R@100,1.0
q177074,nDCG@10,1.0
q177074,R@100,1.0
q177075,nDCG@10,1.0
q177075,R@100,1.0
q177076,nDCG@10,1.0
q177076,R@100,1.0
q177077,nDCG@10,1.0
q177077,R@100,1.0
q177078,nDCG@10,0.6309297535714575
q177078,R@100,1.0
q177079,nDCG@10,1.0
q177079,R@100,1.0
q177080,nDCG@10,1.0
q177080,R@100,1.0
q177081,nDCG@10,1.0
q177081,R@100,1.0
q177082,nDCG@10,1.0
q177082,R@100,1.0
q177083,nDCG@10,1.0
q177083,R@100,1.0
q177084,nDCG@10,1.0
q177084,R@100,1.0
q177085,nDCG@10,1.0
q177085,R@100,1.0
q177086,nDCG@10,1.0
q177086,R@100,1.0
q177087,nDCG@10,1.0
q177087,R@100,1.0
q177088,nDCG@10,1.0
q177088,R@100,1.0
q177089,nDCG@10,1.0
q177089,R@100,1.0
q177090,nDCG@10,1.0
q177090,R@100,1.0
q177091,nDCG@10,1.0
q177091,R@100,1.0
q177092,nDCG@10,0.0
q177092,R@100,0.0
q177093,nDCG@10,1.0
q177093,R@100,1.0
q177094,nDCG@10,1.0
q177094,R@100,1.0
q177095,nDCG@10,1.0
q177095,R@100,1.0
q177096,nDCG@10,1.0
q177096,R@100,1.0
q177097,nDCG@10,1.0
q177097,R@100,1.0
q177098,nDCG@10,1.0
q177098,R@100,1.0
q177099,nDCG@10,1.0
q177099,R@100,1.0
q177100,nDCG@10,1.0
q177100,R@100,1.0
q177101,nDCG@10,1.0
q177101,R@100,1.0
q177102,nDCG@10,1.0
q177102,R@100,1.0
q177103,nDCG@10,1.0
q177103,R@100,1.0
q177104,nDCG@10,1.0
q177104,R@100,1.0
q177105,nDCG@10,0.3010299956639812
q177105,R@100,1.0
q177106,nDCG@10,1.0
q177106,R@100,1.0
q177107,nDCG@10,0.6309297535714575
q177107,R@100,1.0
q177108,nDCG@10,0.6309297535714575
q177108,R@100,1.0
q177109,nDCG@10,0.31546487678572877
q177109,R@100,1.0
q177110,nDCG@10,1.0
q177110,R@100,1.0
q177111,nDCG@10,1.0
q177111,R@100,1.0
q177112,nDCG@10,0.3333333333333333
q177112,R@100,1.0
q177113,nDCG@10,1.0
q177113,R@100,1.0
q177114,nDCG@10,1.0
q177114,R@100,1.0
q177115,nDCG@10,1.0
q177115,R@100,1.0
q177116,nDCG@10,0.5
q177116,R@100,1.0
q177117,nDCG@10,1.0
q177117,R@100,1.0
q177118,nDCG@10,1.0
q177118,R@100,1.0
q177119,nDCG@10,1.0
q177119,R@100,1.0
q177120,nDCG@10,1.0
q177120,R@100,1.0
q177121,nDCG@10,1.0
q177121,R@100,1.0
q177122,nDCG@10,1.0
q177122,R@100,1.0
q177123,nDCG@10,1.0
q177123,R@100,1.0
q177124,nDCG@10,1.0
q177124,R@100,1.0
q177125,nDCG@10,1.0
q177125,R@100,1.0
q177126,nDCG@10,1.0
q177126,R@100,1.0
q177127,nDCG@10,0.6309297535714575
q177127,R@100,1.0
q177128,nDCG@10,1.0
q177128,R@100,1.0
q177129,nDCG@10,1.0
q177129,R@100,1.0
q177130,nDCG@10,1.0
q177130,R@100,1.0
q177131,nDCG@10,1.0
q177131,R@100,1.0
q177132,nDCG@10,0.6309297535714575
q177132,R@100,1.0
q177133,nDCG@10,1.0
q177133,R@100,1.0
q177134,nDCG@10,1.0
q177134,R@100,1.0
q177135,nDCG@10,1.0
q177135,R@100,1.0
q177136,nDCG@10,1.0
q177136,R@100,1.0
q177137,nDCG@10,0.6309297535714575
q177137,R@100,1.0
q177138,nDCG@10,1.0
q177138,R@100,1.0
q177139,nDCG@10,1.0
q177139,R@100,1.0
q177140,nDCG@10,1.0
q177140,R@100,1.0
q177141,nDCG@10,1.0
q177141,R@100,1.0
q177142,nDCG@10,1.0
q177142,R@100,1.0
q177143,nDCG@10,1.0
q177143,R@100,1.0
q177144,nDCG@10,1.0
q177144,R@100,1.0
q177145,nDCG@10,0.0
q177145,R@100,0.0
q177146,nDCG@10,1.0
q177146,R@100,1.0
q177147,nDCG@10,1.0
q177147,R@100,1.0
q177148,nDCG@10,1.0
q177148,R@100,1.0
q177149,nDCG@10,1.0
q177149,R@100,1.0
q177150,nDCG@10,1.0
q177150,R@100,1.0
q177151,nDCG@10,1.0
q177151,R@100,1.0
q177152,nDCG@10,1.0
q177152,R@100,1.0
q177153,nDCG@10,1.0
q177153,R@100,1.0
q177154,nDCG@10,1.0
q177154,R@100,1.0
q177155,nDCG@10,1.0
q177155,R@100,1.0
q177156,nDCG@10,1.0
q177156,R@100,1.0
q177157,nDCG@10,1.0
q177157,R@100,1.0
q177158,nDCG@10,1.0
q177158,R@100,1.0
q177159,nDCG@10,1.0
q177159,R@100,1.0
q177160,nDCG@10,0.5
q177160,R@100,1.0
q177161,nDCG@10,0.6309297535714575
q177161,R@100,1.0
q177162,nDCG@10,1.0
q177162,R@100,1.0
q177163,nDCG@10,0.5
q177163,R@100,1.0
q177164,nDCG@10,1.0
q177164,R@100,1.0
q177165,nDCG@10,1.0
q177165,R@100,1.0
q177166,nDCG@10,1.0
q177166,R@100,1.0
q177167,nDCG@10,1.0
q177167,R@100,1.0
q177168,nDCG@10,1.0
q177168,R@100,1.0
q177169,nDCG@10,0.6309297535714575
q177169,R@100,1.0
q177170,nDCG@10,0.43067655807339306
q177170,R@100,1.0
q177171,nDCG@10,0.5
q177171,R@100,1.0
q177172,nDCG@10,1.0
q177172,R@100,1.0
q177173,nDCG@10,1.0
q177173,R@100,1.0
q177174,nDCG@10,1.0
q177174,R@100,1.0
q177175,nDCG@10,1.0
q177175,R@100,1.0
q177176,nDCG@10,1.0
q177176,R@100,1.0
q177177,nDCG@10,1.0
q177177,R@100,1.0
q177178,nDCG@10,1.0
q177178,R@100,1.0
q177179,nDCG@10,1.0
q177179,R@100,1.0
q177180,nDCG@10,1.0
q177180,R@100,1.0
q177181,nDCG@10,1.0
q177181,R@100,1.0
q177182,nDCG@10,1.0
q177182,R@100,1.0
q177183,nDCG@10,1.0
q177183,R@100,1.0
q177184,nDCG@10,1.0
q177184,R@100,1.0
q177185,nDCG@10,0.5
q177185,R@100,1.0
q177186,nDCG@10,1.0
q177186,R@100,1.0
q177187,nDCG@10,1.0
q177187,R@100,1.0
q177188,nDCG@10,1.0
q177188,R@100,1.0
q177189,nDCG@10,0.5
q177189,R@100,1.0
q177190,nDCG@10,1.0
q177190,R@100,1.0
q177191,nDCG@10,1.0
q177191,R@100,1.0
q177192,nDCG@10,1.0
q177192,R@100,1.0
q177193,nDCG@10,1.0
q177193,R@100,1.0
q177194,nDCG@10,0.43067655807339306
q177194,R@100,1.0
q177195,nDCG@10,0.6309297535714575
q177195,R@100,1.0
q177196,nDCG@10,0.6309297535714575
q177196,R@100,1.0
q177197,nDCG@10,0.5
q177197,R@100,1.0
q177198,nDCG@10,0.0
q177198,R@100,0.0
q177199,nDCG@10,1.0
q177199,R@100,1.0
q177200,nDCG@10,1.0
q177200,R@100,1.0
q177201,nDCG@10,1.0
q177201,R@100,1.0
q177202,nDCG@10,1.0
q177202,R@100,1.0
q177203,nDCG@10,1.0
q177203,R@100,1.0
q177204,nDCG@10,1.0
q177204,R@100,1.0
q177205,nDCG@10,1.0
q177205,R@100,1.0
q177206,nDCG@10,1.0
q177206,R@100,1.0
q177207,nDCG@10,1.0
q177207,R@100,1.0
q177208,nDCG@10,1.0
q177208,R@100,1.0
q177209,nDCG@10,1.0
q177209,R@100,1.0
q177210,nDCG@10,1.0
q177210,R@100,1.0
q177211,nDCG@10,0.6309297535714575
q177211,R@100,1.0
q177212,nDCG@10,1.0
q177212,R@100,1.0
q177213,nDCG@10,1.0
q177213,R@100,1.0
q177214,nDCG@10,1.0
q177214,R@100,1.0
q177215,nDCG@10,1.0
q177215,R@100,1.0
q177216,nDCG@10,1.0
q177216,R@100,1.0
q177217,nDCG@10,1.0
q177217,R@100,1.0
q177218,nDCG@10,1.0
q177218,R@100,1.0
q177219,nDCG@10,0.6309297535714575
q177219,R@100,1.0
q177220,nDCG@10,1.0
q177220,R@100,1.0
q177221,nDCG@10,1.0
q177221,R@100,1.0
q177222,nDCG@10,1.0
q177222,R@100,1.0
q177223,nDCG@10,1.0
q177223,R@100,1.0
q177224,nDCG@10,1.0
q177224,R@100,1.0
q177225,nDCG@10,1.0
q177225,R@100,1.0
q177226,nDCG@10,1.0
q177226,R@100,1.0
q177227,nDCG@10,1.0
q177227,R@100,1.0
q177228,nDCG@10,1.0
q177228,R@100,1.0
q177229,nDCG@10,1.0
q177229,R@100,1.0
q177230,nDCG@10,1.0
q177230,R@100,1.0
q177231,nDCG@10,1.0
q177231,R@100,1.0
q177232,nDCG@10,1.0
q177232,R@100,1.0
q177233,nDCG@10,0.3562071871080222
q177233,R@100,1.0
q177234,nDCG@10,0.6309297535714575
q177234,R@100,1.0
q177235,nDCG@10,0.5
q177235,R@100,1.0
q177236,nDCG@10,1.0
q177236,R@100,1.0
q177237,nDCG@10,1.0
q177237,R@100,1.0
q177238,nDCG@10,0.43067655807339306
q177238,R@100,1.0
q177239,nDCG@10,1.0
q177239,R@100,1.0
q177240,nDCG@10,1.0
q177240,R@100,1.0
q177241,nDCG@10,1.0
q177241,R@100,1.0
q177242,nDCG@10,1.0
q177242,R@100,1.0
q177243,nDCG@10,1.0
q177243,R@100,1.0
q177244,nDCG@10,1.0
q177244,R@100,1.0
q177245,nDCG@10,1.0
q177245,R@100,1.0
q177246,nDCG@10,1.0
q177246,R@100,1.0
q177247,nDCG@10,1.0
q177247,R@100,1.0
q177248,nDCG@10,1.0
q177248,R@100,1.0
q177249,nDCG@10,1.0
q177249,R@100,1.0
q177250,nDCG@10,1.0
q177250,R@100,1.0
q177251,nDCG@10,1.0
q177251,R@100,1.0
q177252,nDCG@10,1.0
q177252,R@100,1.0
q177253,nDCG@10,1.0
q177253,R@100,1.0
q177254,nDCG@10,1.0
q177254,R@100,1.0
q177255,nDCG@10,1.0
q177255,R@100,1.0
q177256,nDCG@10,1.0
q177256,R@100,1.0
q177257,nDCG@10,1.0
q177257,R@100,1.0
q177258,nDCG@10,0.6309297535714575
q177258,R@100,1.0
q177259,nDCG@10,1.0
q177259,R@100,1.0
q177260,nDCG@10,1.0
q177260,R@100,1.0
q177261,nDCG@10,1.0
q177261,R@100,1.0
q177262,nDCG@10,1.0
q177262,R@100,1.0
q177263,nDCG@10,1.0
q177263,R@100,1.0
q177264,nDCG@10,0.6309297535714575
q177264,R@100,1.0
q177265,nDCG@10,1.0
q177265,R@100,1.0
q177266,nDCG@10,1.0
q177266,R@100,1.0
q177267,nDCG@10,1.0
q177267,R@100,1.0
q177268,nDCG@10,1.0
q177268,R@100,1.0
q177269,nDCG@10,1.0
q177269,R@100,1.0
q177270,nDCG@10,0.6309297535714575
q177270,R@100,1.0
q177271,nDCG@10,1.0
q177271,R@100,1.0
q177272,nDCG@10,1.0
q177272,R@100,1.0
q177273,nDCG@10,0.38685280723454163
q177273,R@100,1.0
q177274,nDCG@10,0.6309297535714575
q177274,R@100,1.0
q177275,nDCG@10,0.6309297535714575
q177275,R@100,1.0
q177276,nDCG@10,1.0
q177276,R@100,1.0
q177277,nDCG@10,1.0
q177277,R@100,1.0
q177278,nDCG@10,1.0
q177278,R@100,1.0
q177279,nDCG@10,1.0
q177279,R@100,1.0
q177280,nDCG@10,1.0
q177280,R@100,1.0
q177281,nDCG@10,1.0
q177281,R@100,1.0
q177282,nDCG@10,1.0
q177282,R@100,1.0
q177283,nDCG@10,1.0
q177283,R@100,1.0
q177284,nDCG@10,1.0
q177284,R@100,1.0
q177285,nDCG@10,0.6309297535714575
q177285,R@100,1.0
q177286,nDCG@10,1.0
q177286,R@100,1.0
q177287,nDCG@10,1.0
q177287,R@100,1.0
q177288,nDCG@10,1.0
q177288,R@100,1.0
q177289,nDCG@10,1.0
q177289,R@100,1.0
q177290,nDCG@10,1.0
q177290,R@100,1.0
q177291,nDCG@10,1.0
q177291,R@100,1.0
q177292,nDCG@10,1.0
q177292,R@100,1.0
q177293,nDCG@10,1.0
q177293,R@100,1.0
q177294,nDCG@10,1.0
q177294,R@100,1.0
q177295,nDCG@10,0.0
q177295,R@100,1.0
q177296,nDCG@10,1.0
q177296,R@100,1.0
q177297,nDCG@10,1.0
q177297,R@100,1.0
q177298,nDCG@10,1.0
q177298,R@100,1.0
q177299,nDCG@10,1.0
q177299,R@100,1.0
q177300,nDCG@10,1.0
q177300,R@100,1.0
q177301,nDCG@10,1.0
q177301,R@100,1.0
q177302,nDCG@10,0.5
q177302,R@100,1.0
q177303,nDCG@10,1.0
q177303,R@100,1.0
q177304,nDCG@10,1.0
q177304,R@100,1.0
q177305,nDCG@10,0.6309297535714575
q177305,R@100,1.0
q177306,nDCG@10,1.0
q177306,R@100,1.0
q177307,nDCG@10,1.0
q177307,R@100,1.0
q177308,nDCG@10,1.0
q177308,R@100,1.0
q177309,nDCG@10,1.0
q177309,R@100,1.0
q177310,nDCG@10,1.0
q177310,R@100,1.0
q177311,nDCG@10,1.0
q177311,R@100,1.0
q177312,nDCG@10,1.0
q177312,R@100,1.0
q177313,nDCG@10,1.0
q177313,R@100,1.0
q177314,nDCG@10,1.0
q177314,R@100,1.0
q177315,nDCG@10,1.0
q177315,R@100,1.0
q177316,nDCG@10,1.0
q177316,R@100,1.0
q177317,nDCG@10,1.0
q177317,R@100,1.0
q177318,nDCG@10,0.6309297535714575
q177318,R@100,1.0
q177319,nDCG@10,1.0
q177319,R@100,1.0
q177320,nDCG@10,1.0
q177320,R@100,1.0
q177321,nDCG@10,1.0
q177321,R@100,1.0
q177322,nDCG@10,1.0
q177322,R@100,1.0
q177323,nDCG@10,0.0
q177323,R@100,1.0
q177324,nDCG@10,1.0
q177324,R@100,1.0
q177325,nDCG@10,1.0
q177325,R@100,1.0
q177326,nDCG@10,0.6309297535714575
q177326,R@100,1.0
q177327,nDCG@10,1.0
q177327,R@100,1.0
q177328,nDCG@10,0.6309297535714575
q177328,R@100,1.0
q177329,nDCG@10,0.6309297535714575
q177329,R@100,1.0
q177330,nDCG@10,0.0
q177330,R@100,1.0
q177331,nDCG@10,1.0
q177331,R@100,1.0
q177332,nDCG@10,0.6309297535714575
q177332,R@100,1.0
q177333,nDCG@10,1.0
q177333,R@100,1.0
q177334,nDCG@10,1.0
q177334,R@100,1.0
q177335,nDCG@10,1.0
q177335,R@100,1.0
q177336,nDCG@10,0.6309297535714575
q177336,R@100,1.0
q177337,nDCG@10,1.0
q177337,R@100,1.0
q177338,nDCG@10,0.0
q177338,R@100,1.0
q177339,nDCG@10,1.0
q177339,R@100,1.0
q177340,nDCG@10,1.0
q177340,R@100,1.0
q177341,nDCG@10,0.0
q177341,R@100,1.0
q177342,nDCG@10,1.0
q177342,R@100,1.0
q177343,nDCG@10,1.0
q177343,R@100,1.0
q177344,nDCG@10,0.0
q177344,R@100,1.0
q177345,nDCG@10,0.0
q177345,R@100,1.0
q177346,nDCG@10,1.0
q177346,R@100,1.0
q177347,nDCG@10,1.0
q177347,R@100,1.0
q177348,nDCG@10,1.0
q177348,R@100,1.0
q177349,nDCG@10,1.0
q177349,R@100,1.0
q177350,nDCG@10,1.0
q177350,R@100,1.0
q177351,nDCG@10,1.0
q177351,R@100,1.0
q177352,nDCG@10,0.0
q177352,R@100,0.0
q177353,nDCG@10,1.0
q177353,R@100,1.0
q177354,nDCG@10,1.0
q177354,R@100,1.0
q177355,nDCG@10,1.0
q177355,R@100,1.0
q177356,nDCG@10,1.0
q177356,R@100,1.0
q177357,nDCG@10,1.0
q177357,R@100,1.0
q177358,nDCG@10,0.3562071871080222
q177358,R@100,1.0
q177359,nDCG@10,0.0
q177359,R@100,1.0
q177360,nDCG@10,0.0
q177360,R@100,1.0
q177361,nDCG@10,0.2890648263178879
q177361,R@100,1.0
q177362,nDCG@10,1.0
q177362,R@100,1.0
q177363,nDCG@10,0.0
q177363,R@100,1.0
q177364,nDCG@10,0.0
q177364,R@100,1.0
q177365,nDCG@10,1.0
q177365,R@100,1.0
q177366,nDCG@10,1.0
q177366,R@100,1.0
q177367,nDCG@10,1.0
q177367,R@100,1.0
q177368,nDCG@10,0.3562071871080222
q177368,R@100,1.0
q177369,nDCG@10,1.0
q177369,R@100,1.0
q177370,nDCG@10,1.0
q177370,R@100,1.0
q177371,nDCG@10,1.0
q177371,R@100,1.0
q177372,nDCG@10,1.0
q177372,R@100,1.0
q177373,nDCG@10,1.0
q177373,R@100,1.0
q177374,nDCG@10,1.0
q177374,R@100,1.0
q177375,nDCG@10,1.0
q177375,R@100,1.0
q177376,nDCG@10,1.0
q177376,R@100,1.0
q177377,nDCG@10,0.0
q177377,R@100,1.0
q177378,nDCG@10,0.3333333333333333
q177378,R@100,1.0
q177379,nDCG@10,0.6309297535714575
q177379,R@100,1.0
q177380,nDCG@10,1.0
q177380,R@100,1.0
q177381,nDCG@10,0.0
q177381,R@100,1.0
q177382,nDCG@10,1.0
q177382,R@100,1.0
q177383,nDCG@10,1.0
q177383,R@100,1.0
q177384,nDCG@10,1.0
q177384,R@100,1.0
q177385,nDCG@10,1.0
q177385,R@100,1.0
q177386,nDCG@10,1.0
q177386,R@100,1.0
q177387,nDCG@10,1.0
q177387,R@100,1.0
q177388,nDCG@10,0.0
q177388,R@100,1.0
q177389,nDCG@10,1.0
q177389,R@100,1.0
q177390,nDCG@10,0.43067655807339306
q177390,R@100,1.0
q177391,nDCG@10,0.38685280723454163
q177391,R@100,1.0
q177392,nDCG@10,1.0
q177392,R@100,1.0
q177393,nDCG@10,1.0
q177393,R@100,1.0
q177394,nDCG@10,1.0
q177394,R@100,1.0
q177395,nDCG@10,0.6309297535714575
q177395,R@100,1.0
q177396,nDCG@10,0.6309297535714575
q177396,R@100,1.0
q177397,nDCG@10,1.0
q177397,R@100,1.0
q177398,nDCG@10,0.6309297535714575
q177398,R@100,1.0
q177399,nDCG@10,1.0
q177399,R@100,1.0
q177400,nDCG@10,1.0
q177400,R@100,1.0
q177401,nDCG@10,0.0
q177401,R@100,1.0
q177402,nDCG@10,1.0
q177402,R@100,1.0
q177403,nDCG@10,1.0
q177403,R@100,1.0
q177404,nDCG@10,1.0
q177404,R@100,1.0
q177405,nDCG@10,1.0
q177405,R@100,1.0
q177406,nDCG@10,1.0
q177406,R@100,1.0
q177407,nDCG@10,1.0
q177407,R@100,1.0
q177408,nDCG@10,1.0
q177408,R@100,1.0
q177409,nDCG@10,1.0
q177409,R@100,1.0
q177410,nDCG@10,1.0
q177410,R@100,1.0
q177411,nDCG@10,1.0
q177411,R@100,1.0
q177412,nDCG@10,1.0
q177412,R@100,1.0
q177413,nDCG@10,1.0
q177413,R@100,1.0
q177414,nDCG@10,1.0
q177414,R@100,1.0
q177415,nDCG@10,1.0
q177415,R@100,1.0
q177416,nDCG@10,1.0
q177416,R@100,1.0
q177417,nDCG@10,0.6309297535714575
q177417,R@100,1.0
q177418,nDCG@10,1.0
q177418,R@100,1.0
q177419,nDCG@10,0.3562071871080222
q177419,R@100,1.0
q177420,nDCG@10,0.6309297535714575
q177420,R@100,1.0
q177421,nDCG@10,1.0
q177421,R@100,1.0
q177422,nDCG@10,1.0
q177422,R@100,1.0
q177423,nDCG@10,1.0
q177423,R@100,1.0
q177424,nDCG@10,1.0
q177424,R@100,1.0
q177425,nDCG@10,1.0
q177425,R@100,1.0
q177426,nDCG@10,1.0
q177426,R@100,1.0
q177427,nDCG@10,1.0
q177427,R@100,1.0
q177428,nDCG@10,1.0
q177428,R@100,1.0
q177429,nDCG@10,0.6309297535714575
q177429,R@100,1.0
q177430,nDCG@10,1.0
q177430,R@100,1.0
q177431,nDCG@10,1.0
q177431,R@100,1.0
q177432,nDCG@10,1.0
q177432,R@100,1.0
q177433,nDCG@10,0.0
q177433,R@100,1.0
q177434,nDCG@10,0.43067655807339306
q177434,R@100,1.0
q177435,nDCG@10,0.6309297535714575
q177435,R@100,1.0
q177436,nDCG@10,0.0
q177436,R@100,1.0
q177437,nDCG@10,0.0
q177437,R@100,1.0
q177438,nDCG@10,1.0
q177438,R@100,1.0
q177439,nDCG@10,1.0
q177439,R@100,1.0
q177440,nDCG@10,1.0
q177440,R@100,1.0
q177441,nDCG@10,1.0
q177441,R@100,1.0
q177442,nDCG@10,1.0
q177442,R@100,1.0
q177443,nDCG@10,1.0
q177443,R@100,1.0
q177444,nDCG@10,1.0
q177444,R@100,1.0
q177445,nDCG@10,1.0
q177445,R@100,1.0
q177446,nDCG@10,0.6309297535714575
q177446,R@100,1.0
q177447,nDCG@10,0.43067655807339306
q177447,R@100,1.0
q177448,nDCG@10,0.6309297535714575
q177448,R@100,1.0
q177449,nDCG@10,0.6309297535714575
q177449,R@100,1.0
q177450,nDCG@10,0.6309297535714575
q177450,R@100,1.0
q177451,nDCG@10,1.0
q177451,R@100,1.0
q177452,nDCG@10,1.0
q177452,R@100,1.0
q177453,nDCG@10,1.0
q177453,R@100,1.0
q177454,nDCG@10,1.0
q177454,R@100,1.0
q177455,nDCG@10,1.0
q177455,R@100,1.0
q177456,nDCG@10,0.38685280723454163
q177456,R@100,1.0
q177457,nDCG@10,1.0
q177457,R@100,1.0
q177458,nDCG@10,1.0
q177458,R@100,1.0
q177459,nDCG@10,1.0
q177459,R@100,1.0
q177460,nDCG@10,0.6309297535714575
q177460,R@100,1.0
q177461,nDCG@10,1.0
q177461,R@100,1.0
q177462,nDCG@10,1.0
q177462,R@100,1.0
q177463,nDCG@10,1.0
q177463,R@100,1.0
q177464,nDCG@10,1.0
q177464,R@100,1.0
q177465,nDCG@10,0.6309297535714575
q177465,R@100,1.0
q177466,nDCG@10,0.6309297535714575
q177466,R@100,1.0
q177467,nDCG@10,1.0
q177467,R@100,1.0
q177468,nDCG@10,1.0
q177468,R@100,1.0
q177469,nDCG@10,1.0
q177469,R@100,1.0
q177470,nDCG@10,1.0
q177470,R@100,1.0
q177471,nDCG@10,1.0
q177471,R@100,1.0
q177472,nDCG@10,1.0
q177472,R@100,1.0
q177473,nDCG@10,0.43067655807339306
q177473,R@100,1.0
q177474,nDCG@10,1.0
q177474,R@100,1.0
q177475,nDCG@10,1.0
q177475,R@100,1.0
q177476,nDCG@10,1.0
q177476,R@100,1.0
q177477,nDCG@10,1.0
q177477,R@100,1.0
q177478,nDCG@10,1.0
q177478,R@100,1.0
q177479,nDCG@10,1.0
q177479,R@100,1.0
q177480,nDCG@10,1.0
q177480,R@100,1.0
q177481,nDCG@10,1.0
q177481,R@100,1.0
q177482,nDCG@10,0.6309297535714575
q177482,R@100,1.0
q177483,nDCG@10,1.0
q177483,R@100,1.0
q177484,nDCG@10,1.0
q177484,R@100,1.0
q177485,nDCG@10,1.0
q177485,R@100,1.0
q177486,nDCG@10,1.0
q177486,R@100,1.0
q177487,nDCG@10,0.0
q177487,R@100,1.0
q177488,nDCG@10,1.0
q177488,R@100,1.0
q177489,nDCG@10,1.0
q177489,R@100,1.0
q177490,nDCG@10,0.38685280723454163
q177490,R@100,1.0
q177491,nDCG@10,0.3010299956639812
q177491,R@100,1.0
q177492,nDCG@10,0.0
q177492,R@100,1.0
q177493,nDCG@10,0.3333333333333333
q177493,R@100,1.0
q177494,nDCG@10,1.0
q177494,R@100,1.0
q177495,nDCG@10,1.0
q177495,R@100,1.0
q177496,nDCG@10,0.6309297535714575
q177496,R@100,1.0
q177497,nDCG@10,1.0
q177497,R@100,1.0
q177498,nDCG@10,1.0
q177498,R@100,1.0
q177499,nDCG@10,1.0
q177499,R@100,1.0
q177500,nDCG@10,0.0
q177500,R@100,0.0
q177501,nDCG@10,1.0
q177501,R@100,1.0
q177502,nDCG@10,1.0
q177502,R@100,1.0
q177503,nDCG@10,1.0
q177503,R@100,1.0
q177504,nDCG@10,0.5
q177504,R@100,1.0
q177505,nDCG@10,1.0
q177505,R@100,1.0
q177506,nDCG@10,1.0
q177506,R@100,1.0
q177507,nDCG@10,1.0
q177507,R@100,1.0
q177508,nDCG@10,1.0
q177508,R@100,1.0
q177509,nDCG@10,1.0
q177509,R@100,1.0
q177510,nDCG@10,1.0
q177510,R@100,1.0
q177511,nDCG@10,1.0
q177511,R@100,1.0
q177512,nDCG@10,1.0
q177512,R@100,1.0
q177513,nDCG@10,1.0
q177513,R@100,1.0
q177514,nDCG@10,0.5
q177514,R@100,1.0
q177515,nDCG@10,1.0
q177515,R@100,1.0
q177516,nDCG@10,0.6309297535714575
q177516,R@100,1.0
q177517,nDCG@10,1.0
q177517,R@100,1.0
q177518,nDCG@10,1.0
q177518,R@100,1.0
q177519,nDCG@10,1.0
q177519,R@100,1.0
q177520,nDCG@10,0.5
q177520,R@100,1.0
q177521,nDCG@10,1.0
q177521,R@100,1.0
q177522,nDCG@10,1.0
q177522,R@100,1.0
q177523,nDCG@10,1.0
q177523,R@100,1.0
q177524,nDCG@10,1.0
q177524,R@100,1.0
q177525,nDCG@10,1.0
q177525,R@100,1.0
q177526,nDCG@10,1.0
q177526,R@100,1.0
q177527,nDCG@10,1.0
q177527,R@100,1.0
q177528,nDCG@10,1.0
q177528,R@100,1.0
q177529,nDCG@10,0.0
q177529,R@100,0.0
q177530,nDCG@10,1.0
q177530,R@100,1.0
q177531,nDCG@10,1.0
q177531,R@100,1.0
q177532,nDCG@10,1.0
q177532,R@100,1.0
q177533,nDCG@10,1.0
q177533,R@100,1.0
q177534,nDCG@10,1.0
q177534,R@100,1.0
q177535,nDCG@10,1.0
q177535,R@100,1.0
q177536,nDCG@10,1.0
q177536,R@100,1.0
q177537,nDCG@10,1.0
q177537,R@100,1.0
q177538,nDCG@10,1.0
q177538,R@100,1.0
q177539,nDCG@10,0.5
q177539,R@100,1.0
q177540,nDCG@10,0.5
q177540,R@100,1.0
q177541,nDCG@10,0.6309297535714575
q177541,R@100,1.0
q177542,nDCG@10,1.0
q177542,R@100,1.0
q177543,nDCG@10,0.6309297535714575
q177543,R@100,1.0
q177544,nDCG@10,0.6309297535714575
q177544,R@100,1.0
q177545,nDCG@10,0.5
q177545,R@100,1.0
q177546,nDCG@10,1.0
q177546,R@100,1.0
q177547,nDCG@10,0.38685280723454163
q177547,R@100,1.0
q177548,nDCG@10,1.0
q177548,R@100,1.0
q177549,nDCG@10,1.0
q177549,R@100,1.0
q177550,nDCG@10,1.0
q177550,R@100,1.0
q177551,nDCG@10,1.0
q177551,R@100,1.0
q177552,nDCG@10,1.0
q177552,R@100,1.0
q177553,nDCG@10,0.6309297535714575
q177553,R@100,1.0
q177554,nDCG@10,1.0
q177554,R@100,1.0
q177555,nDCG@10,1.0
q177555,R@100,1.0
q177556,nDCG@10,1.0
q177556,R@100,1.0
q177557,nDCG@10,1.0
q177557,R@100,1.0
q177558,nDCG@10,0.6309297535714575
q177558,R@100,1.0
q177559,nDCG@10,1.0
q177559,R@100,1.0
q177560,nDCG@10,1.0
q177560,R@100,1.0
q177561,nDCG@10,0.6309297535714575
q177561,R@100,1.0
q177562,nDCG@10,1.0
q177562,R@100,1.0
q177563,nDCG@10,0.2890648263178879
q177563,R@100,1.0
q177564,nDCG@10,0.0
q177564,R@100,0.0
q177565,nDCG@10,1.0
q177565,R@100,1.0
q177566,nDCG@10,1.0
q177566,R@100,1.0
q177567,nDCG@10,0.38685280723454163
q177567,R@100,1.0
q177568,nDCG@10,1.0
q177568,R@100,1.0
q177569,nDCG@10,1.0
q177569,R@100,1.0
q177570,nDCG@10,1.0
q177570,R@100,1.0
q177571,nDCG@10,0.38685280723454163
q177571,R@100,1.0
q177572,nDCG@10,1.0
q177572,R@100,1.0
q177573,nDCG@10,0.5
q177573,R@100,1.0
q177574,nDCG@10,1.0
q177574,R@100,1.0
q177575,nDCG@10,1.0
q177575,R@100,1.0
q177576,nDCG@10,1.0
q177576,R@100,1.0
q177577,nDCG@10,1.0
q177577,R@100,1.0
q177578,nDCG@10,1.0
q177578,R@100,1.0
q177579,nDCG@10,1.0
q177579,R@100,1.0
q177580,nDCG@10,1.0
q177580,R@100,1.0
q177581,nDCG@10,1.0
q177581,R@100,1.0
q177582,nDCG@10,1.0
q177582,R@100,1.0
q177583,nDCG@10,1.0
q177583,R@100,1.0
q177584,nDCG@10,1.0
q177584,R@100,1.0
q177585,nDCG@10,1.0
q177585,R@100,1.0
q177586,nDCG@10,0.3562071871080222
q177586,R@100,1.0
q177587,nDCG@10,1.0
q177587,R@100,1.0
q177588,nDCG@10,1.0
q177588,R@100,1.0
q177589,nDCG@10,1.0
q177589,R@100,1.0
q177590,nDCG@10,0.6309297535714575
q177590,R@100,1.0
q177591,nDCG@10,1.0
q177591,R@100,1.0
q177592,nDCG@10,1.0
q177592,R@100,1.0
q177593,nDCG@10,0.6309297535714575
q177593,R@100,1.0
q177594,nDCG@10,1.0
q177594,R@100,1.0
q177595,nDCG@10,1.0
q177595,R@100,1.0
q177596,nDCG@10,1.0
q177596,R@100,1.0
q177597,nDCG@10,1.0
q177597,R@100,1.0
q177598,nDCG@10,0.6309297535714575
q177598,R@100,1.0
q177599,nDCG@10,1.0
q177599,R@100,1.0
q177600,nDCG@10,0.5
q177600,R@100,1.0
q177601,nDCG@10,1.0
q177601,R@100,1.0
q177602,nDCG@10,1.0
q177602,R@100,1.0
q177603,nDCG@10,1.0
q177603,R@100,1.0
q177604,nDCG@10,1.0
q177604,R@100,1.0
q177605,nDCG@10,1.0
q177605,R@100,1.0
q177606,nDCG@10,1.0
q177606,R@100,1.0
q177607,nDCG@10,1.0
q177607,R@100,1.0
q177608,nDCG@10,1.0
q177608,R@100,1.0
q177609,nDCG@10,1.0
q177609,R@100,1.0
q177610,nDCG@10,1.0
q177610,R@100,1.0
q177611,nDCG@10,0.38685280723454163
q177611,R@100,1.0
q177612,nDCG@10,1.0
q177612,R@100,1.0
q177613,nDCG@10,1.0
q177613,R@100,1.0
q177614,nDCG@10,0.3562071871080222
q177614,R@100,1.0
q177615,nDCG@10,1.0
q177615,R@100,1.0
q177616,nDCG@10,1.0
q177616,R@100,1.0
q177617,nDCG@10,1.0
q177617,R@100,1.0
q177618,nDCG@10,0.6309297535714575
q177618,R@100,1.0
q177619,nDCG@10,0.6309297535714575
q177619,R@100,1.0
q177620,nDCG@10,0.6309297535714575
q177620,R@100,1.0
q177621,nDCG@10,1.0
q177621,R@100,1.0
q177622,nDCG@10,1.0
q177622,R@100,1.0
q177623,nDCG@10,1.0
q177623,R@100,1.0
q177624,nDCG@10,1.0
q177624,R@100,1.0
q177625,nDCG@10,0.5
q177625,R@100,1.0
q177626,nDCG@10,0.6309297535714575
q177626,R@100,1.0
q177627,nDCG@10,0.43067655807339306
q177627,R@100,1.0
q177628,nDCG@10,1.0
q177628,R@100,1.0
q177629,nDCG@10,1.0
q177629,R@100,1.0
q177630,nDCG@10,0.43067655807339306
q177630,R@100,1.0
q177631,nDCG@10,1.0
q177631,R@100,1.0
q177632,nDCG@10,0.43067655807339306
q177632,R@100,1.0
q177633,nDCG@10,1.0
q177633,R@100,1.0
q177634,nDCG@10,1.0
q177634,R@100,1.0
q177635,nDCG@10,1.0
q177635,R@100,1.0
q177636,nDCG@10,1.0
q177636,R@100,1.0
q177637,nDCG@10,0.5
q177637,R@100,1.0
q177638,nDCG@10,1.0
q177638,R@100,1.0
q177639,nDCG@10,1.0
q177639,R@100,1.0
q177640,nDCG@10,1.0
q177640,R@100,1.0
q177641,nDCG@10,1.0
q177641,R@100,1.0
q177642,nDCG@10,0.6309297535714575
q177642,R@100,1.0
q177643,nDCG@10,1.0
q177643,R@100,1.0
q177644,nDCG@10,0.43067655807339306
q177644,R@100,1.0
q177645,nDCG@10,1.0
q177645,R@100,1.0
q177646,nDCG@10,1.0
q177646,R@100,1.0
q177647,nDCG@10,1.0
q177647,R@100,1.0
q177648,nDCG@10,1.0
q177648,R@100,1.0
q177649,nDCG@10,1.0
q177649,R@100,1.0
q177650,nDCG@10,1.0
q177650,R@100,1.0
q177651,nDCG@10,1.0
q177651,R@100,1.0
q177652,nDCG@10,1.0
q177652,R@100,1.0
q177653,nDCG@10,1.0
q177653,R@100,1.0
q177654,nDCG@10,0.5
q177654,R@100,1.0
q177655,nDCG@10,1.0
q177655,R@100,1.0
q177656,nDCG@10,1.0
q177656,R@100,1.0
q177657,nDCG@10,1.0
q177657,R@100,1.0
q177658,nDCG@10,1.0
q177658,R@100,1.0
q177659,nDCG@10,0.5
q177659,R@100,1.0
q177660,nDCG@10,0.6309297535714575
q177660,R@100,1.0
q177661,nDCG@10,0.3562071871080222
q177661,R@100,1.0
q177662,nDCG@10,0.0
q177662,R@100,1.0
q177663,nDCG@10,0.6309297535714575
q177663,R@100,1.0
q177664,nDCG@10,0.3562071871080222
q177664,R@100,1.0
q177665,nDCG@10,0.3562071871080222
q177665,R@100,1.0
q177666,nDCG@10,0.38685280723454163
q177666,R@100,1.0
q177667,nDCG@10,1.0
q177667,R@100,1.0
q177668,nDCG@10,0.6309297535714575
q177668,R@100,1.0
q177669,nDCG@10,1.0
q177669,R@100,1.0
q177670,nDCG@10,1.0
q177670,R@100,1.0
q177671,nDCG@10,1.0
q177671,R@100,1.0
q177672,nDCG@10,1.0
q177672,R@100,1.0
q177673,nDCG@10,1.0
q177673,R@100,1.0
q177674,nDCG@10,1.0
q177674,R@100,1.0
q177675,nDCG@10,1.0
q177675,R@100,1.0
q177676,nDCG@10,1.0
q177676,R@100,1.0
q177677,nDCG@10,1.0
q177677,R@100,1.0
q177678,nDCG@10,0.6309297535714575
q177678,R@100,1.0
q177679,nDCG@10,1.0
q177679,R@100,1.0
q177680,nDCG@10,1.0
q177680,R@100,1.0
q177681,nDCG@10,1.0
q177681,R@100,1.0
q177682,nDCG@10,1.0
q177682,R@100,1.0
q177683,nDCG@10,0.38685280723454163
q177683,R@100,1.0
q177684,nDCG@10,0.0
q177684,R@100,1.0
q177685,nDCG@10,0.6309297535714575
q177685,R@100,1.0
q177686,nDCG@10,1.0
q177686,R@100,1.0
q177687,nDCG@10,0.6309297535714575
q177687,R@100,1.0
q177688,nDCG@10,0.6309297535714575
q177688,R@100,1.0
q177689,nDCG@10,1.0
q177689,R@100,1.0
q177690,nDCG@10,1.0
q177690,R@100,1.0
q177691,nDCG@10,0.6309297535714575
q177691,R@100,1.0
q177692,nDCG@10,0.5
q177692,R@100,1.0
q177693,nDCG@10,0.0
q177693,R@100,1.0
q177694,nDCG@10,1.0
q177694,R@100,1.0
q177695,nDCG@10,1.0
q177695,R@100,1.0
q177696,nDCG@10,1.0
q177696,R@100,1.0
q177697,nDCG@10,1.0
q177697,R@100,1.0
q177698,nDCG@10,0.43067655807339306
q177698,R@100,1.0
q177699,nDCG@10,1.0
q177699,R@100,1.0
q177700,nDCG@10,1.0
q177700,R@100,1.0
q177701,nDCG@10,1.0
q177701,R@100,1.0
q177702,nDCG@10,1.0
q177702,R@100,1.0
q177703,nDCG@10,0.5
q177703,R@100,1.0
q177704,nDCG@10,0.5
q177704,R@100,1.0
q177705,nDCG@10,1.0
q177705,R@100,1.0
q177706,nDCG@10,1.0
q177706,R@100,1.0
q177707,nDCG@10,1.0
q177707,R@100,1.0
q177708,nDCG@10,1.0
q177708,R@100,1.0
q177709,nDCG@10,1.0
q177709,R@100,1.0
q177710,nDCG@10,1.0
q177710,R@100,1.0
q177711,nDCG@10,1.0
q177711,R@100,1.0
q177712,nDCG@10,0.6309297535714575
q177712,R@100,1.0
q177713,nDCG@10,0.3562071871080222
q177713,R@100,1.0
q177714,nDCG@10,0.3562071871080222
q177714,R@100,1.0
q177715,nDCG@10,0.3333333333333333
q177715,R@100,1.0
q177716,nDCG@10,1.0
q177716,R@100,1.0
q177717,nDCG@10,0.5
q177717,R@100,1.0
q177718,nDCG@10,0.3562071871080222
q177718,R@100,1.0
q177719,nDCG@10,0.0
q177719,R@100,1.0
q177720,nDCG@10,1.0
q177720,R@100,1.0
q177721,nDCG@10,1.0
q177721,R@100,1.0
q177722,nDCG@10,1.0
q177722,R@100,1.0
q177723,nDCG@10,1.0
q177723,R@100,1.0
q177724,nDCG@10,1.0
q177724,R@100,1.0
q177725,nDCG@10,1.0
q177725,R@100,1.0
q177726,nDCG@10,1.0
q177726,R@100,1.0
q177727,nDCG@10,1.0
q177727,R@100,1.0
q177728,nDCG@10,0.5
q177728,R@100,1.0
q177729,nDCG@10,0.6309297535714575
q177729,R@100,1.0
q177730,nDCG@10,0.5
q177730,R@100,1.0
q177731,nDCG@10,1.0
q177731,R@100,1.0
q177732,nDCG@10,0.5
q177732,R@100,1.0
q177733,nDCG@10,0.5
q177733,R@100,1.0
q177734,nDCG@10,0.6309297535714575
q177734,R@100,1.0
q177735,nDCG@10,1.0
q177735,R@100,1.0
q177736,nDCG@10,0.5
q177736,R@100,1.0
q177737,nDCG@10,1.0
q177737,R@100,1.0
q177738,nDCG@10,1.0
q177738,R@100,1.0
q177739,nDCG@10,1.0
q177739,R@100,1.0
q177740,nDCG@10,1.0
q177740,R@100,1.0
q177741,nDCG@10,0.3333333333333333
q177741,R@100,1.0
q177742,nDCG@10,1.0
q177742,R@100,1.0
q177743,nDCG@10,1.0
q177743,R@100,1.0
q177744,nDCG@10,1.0
q177744,R@100,1.0
q177745,nDCG@10,1.0
q177745,R@100,1.0
q177746,nDCG@10,1.0
q177746,R@100,1.0
q177747,nDCG@10,0.5
q177747,R@100,1.0
q177748,nDCG@10,0.3333333333333333
q177748,R@100,1.0
q177749,nDCG@10,1.0
q177749,R@100,1.0
q177750,nDCG@10,1.0
q177750,R@100,1.0
q177751,nDCG@10,0.6309297535714575
q177751,R@100,1.0
q177752,nDCG@10,1.0
q177752,R@100,1.0
q177753,nDCG@10,0.43067655807339306
q177753,R@100,1.0
q177754,nDCG@10,1.0
q177754,R@100,1.0
q177755,nDCG@10,1.0
q177755,R@100,1.0
q177756,nDCG@10,1.0
q177756,R@100,1.0
q177757,nDCG@10,1.0
q177757,R@100,1.0
q177758,nDCG@10,1.0
q177758,R@100,1.0
q177759,nDCG@10,1.0
q177759,R@100,1.0
q177760,nDCG@10,1.0
q177760,R@100,1.0
q177761,nDCG@10,1.0
q177761,R@100,1.0
q177762,nDCG@10,1.0
q177762,R@100,1.0
q177763,nDCG@10,0.6309297535714575
q177763,R@100,1.0
q177764,nDCG@10,1.0
q177764,R@100,1.0
q177765,nDCG@10,1.0
q177765,R@100,1.0
q177766,nDCG@10,1.0
q177766,R@100,1.0
q177767,nDCG@10,0.6309297535714575
q177767,R@100,1.0
q177768,nDCG@10,0.6309297535714575
q177768,R@100,1.0
q177769,nDCG@10,0.5
q177769,R@100,1.0
q177770,nDCG@10,1.0
q177770,R@100,1.0
q177771,nDCG@10,1.0
q177771,R@100,1.0
q177772,nDCG@10,1.0
q177772,R@100,1.0
q177773,nDCG@10,1.0
q177773,R@100,1.0
q177774,nDCG@10,1.0
q177774,R@100,1.0
q177775,nDCG@10,1.0
q177775,R@100,1.0
q177776,nDCG@10,1.0
q177776,R@100,1.0
q177777,nDCG@10,1.0
q177777,R@100,1.0
q177778,nDCG@10,1.0
q177778,R@100,1.0
q177779,nDCG@10,1.0
q177779,R@100,1.0
q177780,nDCG@10,1.0
q177780,R@100,1.0
q177781,nDCG@10,1.0
q177781,R@100,1.0
q177782,nDCG@10,1.0
q177782,R@100,1.0
q177783,nDCG@10,1.0
q177783,R@100,1.0
q177784,nDCG@10,1.0
q177784,R@100,1.0
q177785,nDCG@10,1.0
q177785,R@100,1.0
q177786,nDCG@10,0.0
q177786,R@100,1.0
q177787,nDCG@10,1.0
q177787,R@100,1.0
q177788,nDCG@10,1.0
q177788,R@100,1.0
q177789,nDCG@10,1.0
q177789,R@100,1.0
q177790,nDCG@10,1.0
q177790,R@100,1.0
q177791,nDCG@10,1.0
q177791,R@100,1.0
q177792,nDCG@10,1.0
q177792,R@100,1.0
q177793,nDCG@10,1.0
q177793,R@100,1.0
q177794,nDCG@10,0.31546487678572877
q177794,R@100,1.0
q177795,nDCG@10,1.0
q177795,R@100,1.0
q177796,nDCG@10,1.0
q177796,R@100,1.0
q177797,nDCG@10,1.0
q177797,R@100,1.0
q177798,nDCG@10,0.6309297535714575
q177798,R@100,1.0
q177799,nDCG@10,1.0
q177799,R@100,1.0
q177800,nDCG@10,1.0
q177800,R@100,1.0
q177801,nDCG@10,0.6309297535714575
q177801,R@100,1.0
q177802,nDCG@10,1.0
q177802,R@100,1.0
q177803,nDCG@10,1.0
q177803,R@100,1.0
q177804,nDCG@10,1.0
q177804,R@100,1.0
q177805,nDCG@10,0.6309297535714575
q177805,R@100,1.0
q177806,nDCG@10,1.0
q177806,R@100,1.0
q177807,nDCG@10,1.0
q177807,R@100,1.0
q177808,nDCG@10,1.0
q177808,R@100,1.0
q177809,nDCG@10,0.6309297535714575
q177809,R@100,1.0
q177810,nDCG@10,1.0
q177810,R@100,1.0
q177811,nDCG@10,1.0
q177811,R@100,1.0
q177812,nDCG@10,1.0
q177812,R@100,1.0
q177813,nDCG@10,1.0
q177813,R@100,1.0
q177814,nDCG@10,1.0
q177814,R@100,1.0
q177815,nDCG@10,1.0
q177815,R@100,1.0
q177816,nDCG@10,1.0
q177816,R@100,1.0
q177817,nDCG@10,0.6309297535714575
q177817,R@100,1.0
q177818,nDCG@10,1.0
q177818,R@100,1.0
q177819,nDCG@10,1.0
q177819,R@100,1.0
q177820,nDCG@10,1.0
q177820,R@100,1.0
q177821,nDCG@10,1.0
q177821,R@100,1.0
q177822,nDCG@10,1.0
q177822,R@100,1.0
q177823,nDCG@10,0.3562071871080222
q177823,R@100,1.0
q177824,nDCG@10,1.0
q177824,R@100,1.0
q177825,nDCG@10,1.0
q177825,R@100,1.0
q177826,nDCG@10,1.0
q177826,R@100,1.0
q177827,nDCG@10,0.5
q177827,R@100,1.0
q177828,nDCG@10,1.0
q177828,R@100,1.0
q177829,nDCG@10,1.0
q177829,R@100,1.0
q177830,nDCG@10,1.0
q177830,R@100,1.0
q177831,nDCG@10,1.0
q177831,R@100,1.0
q177832,nDCG@10,1.0
q177832,R@100,1.0
q177833,nDCG@10,1.0
q177833,R@100,1.0
q177834,nDCG@10,0.6309297535714575
q177834,R@100,1.0
q177835,nDCG@10,1.0
q177835,R@100,1.0
q177836,nDCG@10,1.0
q177836,R@100,1.0
q177837,nDCG@10,1.0
q177837,R@100,1.0
q177838,nDCG@10,1.0
q177838,R@100,1.0
q177839,nDCG@10,0.6309297535714575
q177839,R@100,1.0
q177840,nDCG@10,1.0
q177840,R@100,1.0
q177841,nDCG@10,1.0
q177841,R@100,1.0
q177842,nDCG@10,1.0
q177842,R@100,1.0
q177843,nDCG@10,1.0
q177843,R@100,1.0
q177844,nDCG@10,0.5
q177844,R@100,1.0
q177845,nDCG@10,1.0
q177845,R@100,1.0
q177846,nDCG@10,0.6309297535714575
q177846,R@100,1.0
q177847,nDCG@10,1.0
q177847,R@100,1.0
q177848,nDCG@10,1.0
q177848,R@100,1.0
q177849,nDCG@10,1.0
q177849,R@100,1.0
q177850,nDCG@10,1.0
q177850,R@100,1.0
q177851,nDCG@10,1.0
q177851,R@100,1.0
q177852,nDCG@10,1.0
q177852,R@100,1.0
q177853,nDCG@10,1.0
q177853,R@100,1.0
q177854,nDCG@10,1.0
q177854,R@100,1.0
q177855,nDCG@10,1.0
q177855,R@100,1.0
q177856,nDCG@10,0.5
q177856,R@100,1.0
q177857,nDCG@10,1.0
q177857,R@100,1.0
q177858,nDCG@10,1.0
q177858,R@100,1.0
q177859,nDCG@10,1.0
q177859,R@100,1.0
q177860,nDCG@10,1.0
q177860,R@100,1.0
q177861,nDCG@10,0.38685280723454163
q177861,R@100,1.0
q177862,nDCG@10,1.0
q177862,R@100,1.0
q177863,nDCG@10,1.0
q177863,R@100,1.0
q177864,nDCG@10,1.0
q177864,R@100,1.0
q177865,nDCG@10,1.0
q177865,R@100,1.0
q177866,nDCG@10,1.0
q177866,R@100,1.0
q177867,nDCG@10,1.0
q177867,R@100,1.0
q177868,nDCG@10,1.0
q177868,R@100,1.0
q177869,nDCG@10,1.0
q177869,R@100,1.0
q177870,nDCG@10,1.0
q177870,R@100,1.0
q177871,nDCG@10,1.0
q177871,R@100,1.0
q177872,nDCG@10,1.0
q177872,R@100,1.0
q177873,nDCG@10,1.0
q177873,R@100,1.0
q177874,nDCG@10,1.0
q177874,R@100,1.0
q177875,nDCG@10,1.0
q177875,R@100,1.0
q177876,nDCG@10,1.0
q177876,R@100,1.0
q177877,nDCG@10,1.0
q177877,R@100,1.0
q177878,nDCG@10,1.0
q177878,R@100,1.0
q177879,nDCG@10,0.6309297535714575
q177879,R@100,1.0
q177880,nDCG@10,1.0
q177880,R@100,1.0
q177881,nDCG@10,0.6309297535714575
q177881,R@100,1.0
q177882,nDCG@10,1.0
q177882,R@100,1.0
q177883,nDCG@10,0.6309297535714575
q177883,R@100,1.0
q177884,nDCG@10,1.0
q177884,R@100,1.0
q177885,nDCG@10,1.0
q177885,R@100,1.0
q177886,nDCG@10,1.0
q177886,R@100,1.0
q177887,nDCG@10,1.0
q177887,R@100,1.0
q177888,nDCG@10,1.0
q177888,R@100,1.0
q177889,nDCG@10,1.0
q177889,R@100,1.0
q177890,nDCG@10,1.0
q177890,R@100,1.0
q177891,nDCG@10,1.0
q177891,R@100,1.0
q177892,nDCG@10,1.0
q177892,R@100,1.0
q177893,nDCG@10,1.0
q177893,R@100,1.0
q177894,nDCG@10,1.0
q177894,R@100,1.0
q177895,nDCG@10,1.0
q177895,R@100,1.0
q177896,nDCG@10,0.5
q177896,R@100,1.0
q177897,nDCG@10,1.0
q177897,R@100,1.0
q177898,nDCG@10,1.0
q177898,R@100,1.0
q177899,nDCG@10,1.0
q177899,R@100,1.0
q177900,nDCG@10,1.0
q177900,R@100,1.0
q177901,nDCG@10,1.0
q177901,R@100,1.0
q177902,nDCG@10,0.6309297535714575
q177902,R@100,1.0
q177903,nDCG@10,0.5
q177903,R@100,1.0
q177904,nDCG@10,1.0
q177904,R@100,1.0
q177905,nDCG@10,0.6309297535714575
q177905,R@100,1.0
q177906,nDCG@10,1.0
q177906,R@100,1.0
q177907,nDCG@10,1.0
q177907,R@100,1.0
q177908,nDCG@10,1.0
q177908,R@100,1.0
q177909,nDCG@10,1.0
q177909,R@100,1.0
q177910,nDCG@10,1.0
q177910,R@100,1.0
q177911,nDCG@10,1.0
q177911,R@100,1.0
q177912,nDCG@10,1.0
q177912,R@100,1.0
q177913,nDCG@10,1.0
q177913,R@100,1.0
q177914,nDCG@10,1.0
q177914,R@100,1.0
q177915,nDCG@10,1.0
q177915,R@100,1.0
q177916,nDCG@10,0.6309297535714575
q177916,R@100,1.0
q177917,nDCG@10,1.0
q177917,R@100,1.0
q177918,nDCG@10,0.6309297535714575
q177918,R@100,1.0
q177919,nDCG@10,0.6309297535714575
q177919,R@100,1.0
q177920,nDCG@10,1.0
q177920,R@100,1.0
q177921,nDCG@10,0.6309297535714575
q177921,R@100,1.0
q177922,nDCG@10,1.0
q177922,R@100,1.0
q177923,nDCG@10,1.0
q177923,R@100,1.0
q177924,nDCG@10,1.0
q177924,R@100,1.0
q177925,nDCG@10,0.6309297535714575
q177925,R@100,1.0
q177926,nDCG@10,0.43067655807339306
q177926,R@100,1.0
q177927,nDCG@10,1.0
q177927,R@100,1.0
q177928,nDCG@10,0.6309297535714575
q177928,R@100,1.0
q177929,nDCG@10,0.0
q177929,R@100,1.0
q177930,nDCG@10,1.0
q177930,R@100,1.0
q177931,nDCG@10,0.6309297535714575
q177931,R@100,1.0
q177932,nDCG@10,1.0
q177932,R@100,1.0
q177933,nDCG@10,1.0
q177933,R@100,1.0
q177934,nDCG@10,1.0
q177934,R@100,1.0
q177935,nDCG@10,1.0
q177935,R@100,1.0
q177936,nDCG@10,1.0
q177936,R@100,1.0
q177937,nDCG@10,0.38685280723454163
q177937,R@100,1.0
q177938,nDCG@10,1.0
q177938,R@100,1.0
q177939,nDCG@10,1.0
q177939,R@100,1.0
q177940,nDCG@10,1.0
q177940,R@100,1.0
q177941,nDCG@10,1.0
q177941,R@100,1.0
q177942,nDCG@10,1.0
q177942,R@100,1.0
q177943,nDCG@10,1.0
q177943,R@100,1.0
q177944,nDCG@10,1.0
q177944,R@100,1.0
q177945,nDCG@10,1.0
q177945,R@100,1.0
q177946,nDCG@10,0.5
q177946,R@100,1.0
q177947,nDCG@10,1.0
q177947,R@100,1.0
q177948,nDCG@10,0.3010299956639812
q177948,R@100,1.0
q177949,nDCG@10,0.6309297535714575
q177949,R@100,1.0
q177950,nDCG@10,1.0
q177950,R@100,1.0
q177951,nDCG@10,0.0
q177951,R@100,1.0
q177952,nDCG@10,1.0
q177952,R@100,1.0
q177953,nDCG@10,1.0
q177953,R@100,1.0
q177954,nDCG@10,0.3562071871080222
q177954,R@100,1.0
q177955,nDCG@10,1.0
q177955,R@100,1.0
q177956,nDCG@10,1.0
q177956,R@100,1.0
q177957,nDCG@10,0.3562071871080222
q177957,R@100,1.0
q177958,nDCG@10,1.0
q177958,R@100,1.0
q177959,nDCG@10,1.0
q177959,R@100,1.0
q177960,nDCG@10,1.0
q177960,R@100,1.0
q177961,nDCG@10,1.0
q177961,R@100,1.0
q177962,nDCG@10,1.0
q177962,R@100,1.0
q177963,nDCG@10,1.0
q177963,R@100,1.0
q177964,nDCG@10,1.0
q177964,R@100,1.0
q177965,nDCG@10,1.0
q177965,R@100,1.0
q177966,nDCG@10,1.0
q177966,R@100,1.0
q177967,nDCG@10,0.0
q177967,R@100,1.0
q177968,nDCG@10,1.0
q177968,R@100,1.0
q177969,nDCG@10,1.0
q177969,R@100,1.0
q177970,nDCG@10,1.0
q177970,R@100,1.0
q177971,nDCG@10,1.0
q177971,R@100,1.0
q177972,nDCG@10,0.6309297535714575
q177972,R@100,1.0
q177973,nDCG@10,1.0
q177973,R@100,1.0
q177974,nDCG@10,1.0
q177974,R@100,1.0
q177975,nDCG@10,0.6309297535714575
q177975,R@100,1.0
q177976,nDCG@10,0.0
q177976,R@100,1.0
q177977,nDCG@10,1.0
q177977,R@100,1.0
q177978,nDCG@10,1.0
q177978,R@100,1.0
q177979,nDCG@10,0.5
q177979,R@100,1.0
q177980,nDCG@10,1.0
q177980,R@100,1.0
q177981,nDCG@10,1.0
q177981,R@100,1.0
q177982,nDCG@10,1.0
q177982,R@100,1.0
q177983,nDCG@10,1.0
q177983,R@100,1.0
q177984,nDCG@10,1.0
q177984,R@100,1.0
q177985,nDCG@10,1.0
q177985,R@100,1.0
q177986,nDCG@10,1.0
q177986,R@100,1.0
q177987,nDCG@10,1.0
q177987,R@100,1.0
q177988,nDCG@10,1.0
q177988,R@100,1.0
q177989,nDCG@10,0.6309297535714575
q177989,R@100,1.0
q177990,nDCG@10,1.0
q177990,R@100,1.0
q177991,nDCG@10,1.0
q177991,R@100,1.0
q177992,nDCG@10,1.0
q177992,R@100,1.0
q177993,nDCG@10,0.6309297535714575
q177993,R@100,1.0
q177994,nDCG@10,1.0
q177994,R@100,1.0
q177995,nDCG@10,1.0
q177995,R@100,1.0
q177996,nDCG@10,1.0
q177996,R@100,1.0
q177997,nDCG@10,1.0
q177997,R@100,1.0
q177998,nDCG@10,1.0
q177998,R@100,1.0
q177999,nDCG@10,1.0
q177999,R@100,1.0
q178000,nDCG@10,1.0
q178000,R@100,1.0
q178001,nDCG@10,1.0
q178001,R@100,1.0
q178002,nDCG@10,0.5
q178002,R@100,1.0
q178003,nDCG@10,1.0
q178003,R@100,1.0
q178004,nDCG@10,0.6309297535714575
q178004,R@100,1.0
q178005,nDCG@10,0.6309297535714575
q178005,R@100,1.0
q178006,nDCG@10,1.0
q178006,R@100,1.0
q178007,nDCG@10,1.0
q178007,R@100,1.0
q178008,nDCG@10,1.0
q178008,R@100,1.0
q178009,nDCG@10,1.0
q178009,R@100,1.0
q178010,nDCG@10,1.0
q178010,R@100,1.0
q178011,nDCG@10,1.0
q178011,R@100,1.0
q178012,nDCG@10,1.0
q178012,R@100,1.0
q178013,nDCG@10,1.0
q178013,R@100,1.0
q178014,nDCG@10,1.0
q178014,R@100,1.0
q178015,nDCG@10,1.0
q178015,R@100,1.0
q178016,nDCG@10,1.0
q178016,R@100,1.0
q178017,nDCG@10,0.0
q178017,R@100,0.0
q178018,nDCG@10,1.0
q178018,R@100,1.0
q178019,nDCG@10,1.0
q178019,R@100,1.0
q178020,nDCG@10,1.0
q178020,R@100,1.0
q178021,nDCG@10,0.6309297535714575
q178021,R@100,1.0
q178022,nDCG@10,0.0
q178022,R@100,1.0
q178023,nDCG@10,1.0
q178023,R@100,1.0
q178024,nDCG@10,1.0
q178024,R@100,1.0
q178025,nDCG@10,1.0
q178025,R@100,1.0
q178026,nDCG@10,1.0
q178026,R@100,1.0
q178027,nDCG@10,1.0
q178027,R@100,1.0
q178028,nDCG@10,1.0
q178028,R@100,1.0
q178029,nDCG@10,1.0
q178029,R@100,1.0
q178030,nDCG@10,1.0
q178030,R@100,1.0
q178031,nDCG@10,1.0
q178031,R@100,1.0
q178032,nDCG@10,1.0
q178032,R@100,1.0
q178033,nDCG@10,1.0
q178033,R@100,1.0
q178034,nDCG@10,0.5
q178034,R@100,1.0
q178035,nDCG@10,1.0
q178035,R@100,1.0
q178036,nDCG@10,1.0
q178036,R@100,1.0
q178037,nDCG@10,1.0
q178037,R@100,1.0
q178038,nDCG@10,1.0
q178038,R@100,1.0
q178039,nDCG@10,1.0
q178039,R@100,1.0
q178040,nDCG@10,1.0
q178040,R@100,1.0
q178041,nDCG@10,0.6309297535714575
q178041,R@100,1.0
q178042,nDCG@10,1.0
q178042,R@100,1.0
q178043,nDCG@10,0.0
q178043,R@100,0.0
q178044,nDCG@10,1.0
q178044,R@100,1.0
q178045,nDCG@10,1.0
q178045,R@100,1.0
q178046,nDCG@10,1.0
q178046,R@100,1.0
q178047,nDCG@10,1.0
q178047,R@100,1.0
q178048,nDCG@10,1.0
q178048,R@100,1.0
q178049,nDCG@10,1.0
q178049,R@100,1.0
q178050,nDCG@10,0.6309297535714575
q178050,R@100,1.0
q178051,nDCG@10,1.0
q178051,R@100,1.0
q178052,nDCG@10,1.0
q178052,R@100,1.0
q178053,nDCG@10,1.0
q178053,R@100,1.0
q178054,nDCG@10,1.0
q178054,R@100,1.0
q178055,nDCG@10,1.0
q178055,R@100,1.0
q178056,nDCG@10,1.0
q178056,R@100,1.0
q178057,nDCG@10,1.0
q178057,R@100,1.0
q178058,nDCG@10,0.6309297535714575
q178058,R@100,1.0
q178059,nDCG@10,1.0
q178059,R@100,1.0
q178060,nDCG@10,1.0
q178060,R@100,1.0
q178061,nDCG@10,0.6309297535714575
q178061,R@100,1.0
q178062,nDCG@10,1.0
q178062,R@100,1.0
q178063,nDCG@10,1.0
q178063,R@100,1.0
q178064,nDCG@10,1.0
q178064,R@100,1.0
q178065,nDCG@10,1.0
q178065,R@100,1.0
q178066,nDCG@10,1.0
q178066,R@100,1.0
q178067,nDCG@10,0.6309297535714575
q178067,R@100,1.0
q178068,nDCG@10,1.0
q178068,R@100,1.0
q178069,nDCG@10,1.0
q178069,R@100,1.0
q178070,nDCG@10,1.0
q178070,R@100,1.0
q178071,nDCG@10,0.2890648263178879
q178071,R@100,1.0
q178072,nDCG@10,1.0
q178072,R@100,1.0
q178073,nDCG@10,0.3010299956639812
q178073,R@100,1.0
q178074,nDCG@10,1.0
q178074,R@100,1.0
q178075,nDCG@10,1.0
q178075,R@100,1.0
q178076,nDCG@10,1.0
q178076,R@100,1.0
q178077,nDCG@10,1.0
q178077,R@100,1.0
q178078,nDCG@10,1.0
q178078,R@100,1.0
q178079,nDCG@10,1.0
q178079,R@100,1.0
q178080,nDCG@10,1.0
q178080,R@100,1.0
q178081,nDCG@10,1.0
q178081,R@100,1.0
q178082,nDCG@10,1.0
q178082,R@100,1.0
q178083,nDCG@10,1.0
q178083,R@100,1.0
q178084,nDCG@10,0.0
q178084,R@100,1.0
q178085,nDCG@10,1.0
q178085,R@100,1.0
q178086,nDCG@10,1.0
q178086,R@100,1.0
q178087,nDCG@10,1.0
q178087,R@100,1.0
q178088,nDCG@10,1.0
q178088,R@100,1.0
q178089,nDCG@10,1.0
q178089,R@100,1.0
q178090,nDCG@10,1.0
q178090,R@100,1.0
q178091,nDCG@10,1.0
q178091,R@100,1.0
q178092,nDCG@10,1.0
q178092,R@100,1.0
q178093,nDCG@10,1.0
q178093,R@100,1.0
q178094,nDCG@10,1.0
q178094,R@100,1.0
q178095,nDCG@10,1.0
q178095,R@100,1.0
q178096,nDCG@10,0.5
q178096,R@100,1.0
q178097,nDCG@10,1.0
q178097,R@100,1.0
q178098,nDCG@10,1.0
q178098,R@100,1.0
q178099,nDCG@10,1.0
q178099,R@100,1.0
q178100,nDCG@10,0.0
q178100,R@100,1.0
q178101,nDCG@10,0.0
q178101,R@100,1.0
q178102,nDCG@10,1.0
q178102,R@100,1.0
q178103,nDCG@10,1.0
q178103,R@100,1.0
q178104,nDCG@10,1.0
q178104,R@100,1.0
q178105,nDCG@10,1.0
q178105,R@100,1.0
q178106,nDCG@10,1.0
q178106,R@100,1.0
q178107,nDCG@10,1.0
q178107,R@100,1.0
q178108,nDCG@10,1.0
q178108,R@100,1.0
q178109,nDCG@10,0.6309297535714575
q178109,R@100,1.0
q178110,nDCG@10,0.5
q178110,R@100,1.0
q178111,nDCG@10,0.6309297535714575
q178111,R@100,1.0
q178112,nDCG@10,1.0
q178112,R@100,1.0
q178113,nDCG@10,1.0
q178113,R@100,1.0
q178114,nDCG@10,1.0
q178114,R@100,1.0
q178115,nDCG@10,0.6309297535714575
q178115,R@100,1.0
q178116,nDCG@10,1.0
q178116,R@100,1.0
q178117,nDCG@10,1.0
q178117,R@100,1.0
q178118,nDCG@10,1.0
q178118,R@100,1.0
q178119,nDCG@10,0.38685280723454163
q178119,R@100,1.0
q178120,nDCG@10,0.6309297535714575
q178120,R@100,1.0
q178121,nDCG@10,1.0
q178121,R@100,1.0
q178122,nDCG@10,1.0
q178122,R@100,1.0
q178123,nDCG@10,0.3333333333333333
q178123,R@100,1.0
q178124,nDCG@10,1.0
q178124,R@100,1.0
q178125,nDCG@10,1.0
q178125,R@100,1.0
q178126,nDCG@10,1.0
q178126,R@100,1.0
q178127,nDCG@10,1.0
q178127,R@100,1.0
q178128,nDCG@10,1.0
q178128,R@100,1.0
q178129,nDCG@10,0.0
q178129,R@100,1.0
q178130,nDCG@10,1.0
q178130,R@100,1.0
q178131,nDCG@10,0.0
q178131,R@100,0.0
q178132,nDCG@10,1.0
q178132,R@100,1.0
q178133,nDCG@10,1.0
q178133,R@100,1.0
q178134,nDCG@10,1.0
q178134,R@100,1.0
q178135,nDCG@10,1.0
q178135,R@100,1.0
q178136,nDCG@10,1.0
q178136,R@100,1.0
q178137,nDCG@10,1.0
q178137,R@100,1.0
q178138,nDCG@10,1.0
q178138,R@100,1.0
q178139,nDCG@10,1.0
q178139,R@100,1.0
q178140,nDCG@10,1.0
q178140,R@100,1.0
q178141,nDCG@10,1.0
q178141,R@100,1.0
q178142,nDCG@10,1.0
q178142,R@100,1.0
q178143,nDCG@10,0.6309297535714575
q178143,R@100,1.0
q178144,nDCG@10,1.0
q178144,R@100,1.0
q178145,nDCG@10,1.0
q178145,R@100,1.0
q178146,nDCG@10,1.0
q178146,R@100,1.0
q178147,nDCG@10,1.0
q178147,R@100,1.0
q178148,nDCG@10,1.0
q178148,R@100,1.0
q178149,nDCG@10,1.0
q178149,R@100,1.0
q178150,nDCG@10,0.43067655807339306
q178150,R@100,1.0
q178151,nDCG@10,1.0
q178151,R@100,1.0
q178152,nDCG@10,1.0
q178152,R@100,1.0
q178153,nDCG@10,1.0
q178153,R@100,1.0
q178154,nDCG@10,1.0
q178154,R@100,1.0
q178155,nDCG@10,1.0
q178155,R@100,1.0
q178156,nDCG@10,1.0
q178156,R@100,1.0
q178157,nDCG@10,1.0
q178157,R@100,1.0
q178158,nDCG@10,1.0
q178158,R@100,1.0
q178159,nDCG@10,1.0
q178159,R@100,1.0
q178160,nDCG@10,0.0
q178160,R@100,1.0
q178161,nDCG@10,1.0
q178161,R@100,1.0
q178162,nDCG@10,1.0
q178162,R@100,1.0
q178163,nDCG@10,0.38685280723454163
q178163,R@100,1.0
q178164,nDCG@10,1.0
q178164,R@100,1.0
q178165,nDCG@10,1.0
q178165,R@100,1.0
q178166,nDCG@10,1.0
q178166,R@100,1.0
q178167,nDCG@10,1.0
q178167,R@100,1.0
q178168,nDCG@10,1.0
q178168,R@100,1.0
q178169,nDCG@10,1.0
q178169,R@100,1.0
q178170,nDCG@10,1.0
q178170,R@100,1.0
q178171,nDCG@10,1.0
q178171,R@100,1.0
q178172,nDCG@10,1.0
q178172,R@100,1.0
q178173,nDCG@10,1.0
q178173,R@100,1.0
q178174,nDCG@10,0.3010299956639812
q178174,R@100,1.0
q178175,nDCG@10,1.0
q178175,R@100,1.0
q178176,nDCG@10,1.0
q178176,R@100,1.0
q178177,nDCG@10,0.6309297535714575
q178177,R@100,1.0
q178178,nDCG@10,0.43067655807339306
q178178,R@100,1.0
q178179,nDCG@10,0.6309297535714575
q178179,R@100,1.0
q178180,nDCG@10,0.0
q178180,R@100,1.0
q178181,nDCG@10,1.0
q178181,R@100,1.0
q178182,nDCG@10,0.6309297535714575
q178182,R@100,1.0
q178183,nDCG@10,1.0
q178183,R@100,1.0
q178184,nDCG@10,1.0
q178184,R@100,1.0
q178185,nDCG@10,1.0
q178185,R@100,1.0
q178186,nDCG@10,1.0
q178186,R@100,1.0
q178187,nDCG@10,1.0
q178187,R@100,1.0
q178188,nDCG@10,1.0
q178188,R@100,1.0
q178189,nDCG@10,1.0
q178189,R@100,1.0
q178190,nDCG@10,1.0
q178190,R@100,1.0
q178191,nDCG@10,1.0
q178191,R@100,1.0
q178192,nDCG@10,1.0
q178192,R@100,1.0
q178193,nDCG@10,1.0
q178193,R@100,1.0
q178194,nDCG@10,1.0
q178194,R@100,1.0
q178195,nDCG@10,1.0
q178195,R@100,1.0
q178196,nDCG@10,1.0
q178196,R@100,1.0
q178197,nDCG@10,1.0
q178197,R@100,1.0
q178198,nDCG@10,1.0
q178198,R@100,1.0
q178199,nDCG@10,1.0
q178199,R@100,1.0
q178200,nDCG@10,0.6309297535714575
q178200,R@100,1.0
q178201,nDCG@10,1.0
q178201,R@100,1.0
q178202,nDCG@10,1.0
q178202,R@100,1.0
q178203,nDCG@10,1.0
q178203,R@100,1.0
q178204,nDCG@10,1.0
q178204,R@100,1.0
q178205,nDCG@10,1.0
q178205,R@100,1.0
q178206,nDCG@10,0.6309297535714575
q178206,R@100,1.0
q178207,nDCG@10,1.0
q178207,R@100,1.0
q178208,nDCG@10,1.0
q178208,R@100,1.0
q178209,nDCG@10,1.0
q178209,R@100,1.0
q178210,nDCG@10,1.0
q178210,R@100,1.0
q178211,nDCG@10,0.6309297535714575
q178211,R@100,1.0
q178212,nDCG@10,1.0
q178212,R@100,1.0
q178213,nDCG@10,1.0
q178213,R@100,1.0
q178214,nDCG@10,0.5
q178214,R@100,1.0
q178215,nDCG@10,1.0
q178215,R@100,1.0
q178216,nDCG@10,0.6309297535714575
q178216,R@100,1.0
q178217,nDCG@10,1.0
q178217,R@100,1.0
q178218,nDCG@10,1.0
q178218,R@100,1.0
q178219,nDCG@10,0.6309297535714575
q178219,R@100,1.0
q178220,nDCG@10,1.0
q178220,R@100,1.0
q178221,nDCG@10,1.0
q178221,R@100,1.0
q178222,nDCG@10,1.0
q178222,R@100,1.0
q178223,nDCG@10,1.0
q178223,R@100,1.0
q178224,nDCG@10,1.0
q178224,R@100,1.0
q178225,nDCG@10,1.0
q178225,R@100,1.0
q178226,nDCG@10,1.0
q178226,R@100,1.0
q178227,nDCG@10,1.0
q178227,R@100,1.0
q178228,nDCG@10,1.0
q178228,R@100,1.0
q178229,nDCG@10,1.0
q178229,R@100,1.0
q178230,nDCG@10,1.0
q178230,R@100,1.0
q178231,nDCG@10,1.0
q178231,R@100,1.0
q178232,nDCG@10,0.43067655807339306
q178232,R@100,1.0
q178233,nDCG@10,1.0
q178233,R@100,1.0
q178234,nDCG@10,1.0
q178234,R@100,1.0
q178235,nDCG@10,0.6309297535714575
q178235,R@100,1.0
q178236,nDCG@10,1.0
q178236,R@100,1.0
q178237,nDCG@10,1.0
q178237,R@100,1.0
q178238,nDCG@10,1.0
q178238,R@100,1.0
q178239,nDCG@10,1.0
q178239,R@100,1.0
q178240,nDCG@10,1.0
q178240,R@100,1.0
q178241,nDCG@10,1.0
q178241,R@100,1.0
q178242,nDCG@10,0.38685280723454163
q178242,R@100,1.0
q178243,nDCG@10,1.0
q178243,R@100,1.0
q178244,nDCG@10,0.3562071871080222
q178244,R@100,1.0
q178245,nDCG@10,0.3562071871080222
q178245,R@100,1.0
q178246,nDCG@10,0.3562071871080222
q178246,R@100,1.0
q178247,nDCG@10,1.0
q178247,R@100,1.0
q178248,nDCG@10,1.0
q178248,R@100,1.0
q178249,nDCG@10,0.3562071871080222
q178249,R@100,1.0
q178250,nDCG@10,1.0
q178250,R@100,1.0
q178251,nDCG@10,0.3562071871080222
q178251,R@100,1.0
q178252,nDCG@10,0.38685280723454163
q178252,R@100,1.0
q178253,nDCG@10,0.3333333333333333
q178253,R@100,1.0
q178254,nDCG@10,0.31546487678572877
q178254,R@100,1.0
q178255,nDCG@10,1.0
q178255,R@100,1.0
q178256,nDCG@10,0.38685280723454163
q178256,R@100,1.0
q178257,nDCG@10,0.38685280723454163
q178257,R@100,1.0
q178258,nDCG@10,0.38685280723454163
q178258,R@100,1.0
q178259,nDCG@10,0.38685280723454163
q178259,R@100,1.0
q178260,nDCG@10,0.38685280723454163
q178260,R@100,1.0
q178261,nDCG@10,0.38685280723454163
q178261,R@100,1.0
q178262,nDCG@10,0.38685280723454163
q178262,R@100,1.0
q178263,nDCG@10,0.38685280723454163
q178263,R@100,1.0
q178264,nDCG@10,0.38685280723454163
q178264,R@100,1.0
q178265,nDCG@10,1.0
q178265,R@100,1.0
q178266,nDCG@10,1.0
q178266,R@100,1.0
q178267,nDCG@10,0.38685280723454163
q178267,R@100,1.0
q178268,nDCG@10,1.0
q178268,R@100,1.0
q178269,nDCG@10,0.43067655807339306
q178269,R@100,1.0
q178270,nDCG@10,0.6309297535714575
q178270,R@100,1.0
q178271,nDCG@10,0.6309297535714575
q178271,R@100,1.0
q178272,nDCG@10,0.3333333333333333
q178272,R@100,1.0
q178273,nDCG@10,0.3562071871080222
q178273,R@100,1.0
q178274,nDCG@10,1.0
q178274,R@100,1.0
q178275,nDCG@10,1.0
q178275,R@100,1.0
q178276,nDCG@10,1.0
q178276,R@100,1.0
q178277,nDCG@10,1.0
q178277,R@100,1.0
q178278,nDCG@10,1.0
q178278,R@100,1.0
q178279,nDCG@10,1.0
q178279,R@100,1.0
q178280,nDCG@10,1.0
q178280,R@100,1.0
q178281,nDCG@10,1.0
q178281,R@100,1.0
q178282,nDCG@10,0.3333333333333333
q178282,R@100,1.0
q178283,nDCG@10,1.0
q178283,R@100,1.0
q178284,nDCG@10,1.0
q178284,R@100,1.0
q178285,nDCG@10,0.6309297535714575
q178285,R@100,1.0
q178286,nDCG@10,1.0
q178286,R@100,1.0
q178287,nDCG@10,1.0
q178287,R@100,1.0
q178288,nDCG@10,1.0
q178288,R@100,1.0
q178289,nDCG@10,1.0
q178289,R@100,1.0
q178290,nDCG@10,0.43067655807339306
q178290,R@100,1.0
q178291,nDCG@10,0.38685280723454163
q178291,R@100,1.0
q178292,nDCG@10,0.5
q178292,R@100,1.0
q178293,nDCG@10,0.3562071871080222
q178293,R@100,1.0
q178294,nDCG@10,0.38685280723454163
q178294,R@100,1.0
q178295,nDCG@10,1.0
q178295,R@100,1.0
q178296,nDCG@10,0.6309297535714575
q178296,R@100,1.0
q178297,nDCG@10,0.31546487678572877
q178297,R@100,1.0
q178298,nDCG@10,1.0
q178298,R@100,1.0
q178299,nDCG@10,1.0
q178299,R@100,1.0
q178300,nDCG@10,1.0
q178300,R@100,1.0
q178301,nDCG@10,0.6309297535714575
q178301,R@100,1.0
q178302,nDCG@10,1.0
q178302,R@100,1.0
q178303,nDCG@10,1.0
q178303,R@100,1.0
q178304,nDCG@10,0.5
q178304,R@100,1.0
q178305,nDCG@10,0.5
q178305,R@100,1.0
q178306,nDCG@10,1.0
q178306,R@100,1.0
q178307,nDCG@10,0.38685280723454163
q178307,R@100,1.0
q178308,nDCG@10,0.6309297535714575
q178308,R@100,1.0
q178309,nDCG@10,1.0
q178309,R@100,1.0
q178310,nDCG@10,1.0
q178310,R@100,1.0
q178311,nDCG@10,1.0
q178311,R@100,1.0
q178312,nDCG@10,0.0
q178312,R@100,1.0
q178313,nDCG@10,0.6309297535714575
q178313,R@100,1.0
q178314,nDCG@10,0.6309297535714575
q178314,R@100,1.0
q178315,nDCG@10,0.3333333333333333
q178315,R@100,1.0
q178316,nDCG@10,1.0
q178316,R@100,1.0
q178317,nDCG@10,1.0
q178317,R@100,1.0
q178318,nDCG@10,1.0
q178318,R@100,1.0
q178319,nDCG@10,0.6309297535714575
q178319,R@100,1.0
q178320,nDCG@10,0.6309297535714575
q178320,R@100,1.0
q178321,nDCG@10,0.6309297535714575
q178321,R@100,1.0
q178322,nDCG@10,1.0
q178322,R@100,1.0
q178323,nDCG@10,1.0
q178323,R@100,1.0
q178324,nDCG@10,0.6309297535714575
q178324,R@100,1.0
q178325,nDCG@10,1.0
q178325,R@100,1.0
q178326,nDCG@10,1.0
q178326,R@100,1.0
q178327,nDCG@10,1.0
q178327,R@100,1.0
q178328,nDCG@10,1.0
q178328,R@100,1.0
q178329,nDCG@10,1.0
q178329,R@100,1.0
q178330,nDCG@10,1.0
q178330,R@100,1.0
q178331,nDCG@10,1.0
q178331,R@100,1.0
q178332,nDCG@10,1.0
q178332,R@100,1.0
q178333,nDCG@10,0.38685280723454163
q178333,R@100,1.0
q178334,nDCG@10,0.38685280723454163
q178334,R@100,1.0
q178335,nDCG@10,0.38685280723454163
q178335,R@100,1.0
q178336,nDCG@10,0.3333333333333333
q178336,R@100,1.0
q178337,nDCG@10,1.0
q178337,R@100,1.0
q178338,nDCG@10,1.0
q178338,R@100,1.0
q178339,nDCG@10,1.0
q178339,R@100,1.0
q178340,nDCG@10,1.0
q178340,R@100,1.0
q178341,nDCG@10,1.0
q178341,R@100,1.0
q178342,nDCG@10,1.0
q178342,R@100,1.0
q178343,nDCG@10,1.0
q178343,R@100,1.0
q178344,nDCG@10,1.0
q178344,R@100,1.0
q178345,nDCG@10,1.0
q178345,R@100,1.0
q178346,nDCG@10,0.38685280723454163
q178346,R@100,1.0
q178347,nDCG@10,0.38685280723454163
q178347,R@100,1.0
q178348,nDCG@10,0.38685280723454163
q178348,R@100,1.0
q178349,nDCG@10,0.38685280723454163
q178349,R@100,1.0
q178350,nDCG@10,0.38685280723454163
q178350,R@100,1.0
q178351,nDCG@10,0.38685280723454163
q178351,R@100,1.0
q178352,nDCG@10,0.38685280723454163
q178352,R@100,1.0
q178353,nDCG@10,0.38685280723454163
q178353,R@100,1.0
q178354,nDCG@10,0.38685280723454163
q178354,R@100,1.0
q178355,nDCG@10,0.38685280723454163
q178355,R@100,1.0
q178356,nDCG@10,0.38685280723454163
q178356,R@100,1.0
q178357,nDCG@10,0.38685280723454163
q178357,R@100,1.0
q178358,nDCG@10,0.38685280723454163
q178358,R@100,1.0
q178359,nDCG@10,0.38685280723454163
q178359,R@100,1.0
q178360,nDCG@10,0.38685280723454163
q178360,R@100,1.0
q178361,nDCG@10,0.38685280723454163
q178361,R@100,1.0
q178362,nDCG@10,0.38685280723454163
q178362,R@100,1.0
q178363,nDCG@10,0.38685280723454163
q178363,R@100,1.0
q178364,nDCG@10,0.38685280723454163
q178364,R@100,1.0
q178365,nDCG@10,0.38685280723454163
q178365,R@100,1.0
q178366,nDCG@10,0.38685280723454163
q178366,R@100,1.0
q178367,nDCG@10,0.38685280723454163
q178367,R@100,1.0
q178368,nDCG@10,0.38685280723454163
q178368,R@100,1.0
q178369,nDCG@10,0.38685280723454163
q178369,R@100,1.0
q178370,nDCG@10,0.38685280723454163
q178370,R@100,1.0
q178371,nDCG@10,0.38685280723454163
q178371,R@100,1.0
q178372,nDCG@10,1.0
q178372,R@100,1.0
q178373,nDCG@10,0.3333333333333333
q178373,R@100,1.0
q178374,nDCG@10,1.0
q178374,R@100,1.0
q178375,nDCG@10,1.0
q178375,R@100,1.0
q178376,nDCG@10,1.0
q178376,R@100,1.0
q178377,nDCG@10,1.0
q178377,R@100,1.0
q178378,nDCG@10,1.0
q178378,R@100,1.0
q178379,nDCG@10,1.0
q178379,R@100,1.0
q178380,nDCG@10,1.0
q178380,R@100,1.0
q178381,nDCG@10,1.0
q178381,R@100,1.0
q178382,nDCG@10,1.0
q178382,R@100,1.0
q178383,nDCG@10,0.6309297535714575
q178383,R@100,1.0
q178384,nDCG@10,0.3010299956639812
q178384,R@100,1.0
q178385,nDCG@10,0.38685280723454163
q178385,R@100,1.0
q178386,nDCG@10,0.38685280723454163
q178386,R@100,1.0
q178387,nDCG@10,0.38685280723454163
q178387,R@100,1.0
q178388,nDCG@10,0.38685280723454163
q178388,R@100,1.0
q178389,nDCG@10,0.38685280723454163
q178389,R@100,1.0
q178390,nDCG@10,0.38685280723454163
q178390,R@100,1.0
q178391,nDCG@10,0.38685280723454163
q178391,R@100,1.0
q178392,nDCG@10,0.38685280723454163
q178392,R@100,1.0
q178393,nDCG@10,0.38685280723454163
q178393,R@100,1.0
q178394,nDCG@10,0.6309297535714575
q178394,R@100,1.0
q178395,nDCG@10,1.0
q178395,R@100,1.0
q178396,nDCG@10,1.0
q178396,R@100,1.0
q178397,nDCG@10,1.0
q178397,R@100,1.0
q178398,nDCG@10,0.6309297535714575
q178398,R@100,1.0
q178399,nDCG@10,0.6309297535714575
q178399,R@100,1.0
q178400,nDCG@10,0.5
q178400,R@100,1.0
q178401,nDCG@10,1.0
q178401,R@100,1.0
q178402,nDCG@10,1.0
q178402,R@100,1.0
q178403,nDCG@10,1.0
q178403,R@100,1.0
q178404,nDCG@10,0.6309297535714575
q178404,R@100,1.0
q178405,nDCG@10,0.3562071871080222
q178405,R@100,1.0
q178406,nDCG@10,0.5
q178406,R@100,1.0
q178407,nDCG@10,0.5
q178407,R@100,1.0
q178408,nDCG@10,1.0
q178408,R@100,1.0
q178409,nDCG@10,1.0
q178409,R@100,1.0
q178410,nDCG@10,0.2890648263178879
q178410,R@100,1.0
q178411,nDCG@10,1.0
q178411,R@100,1.0
q178412,nDCG@10,1.0
q178412,R@100,1.0
q178413,nDCG@10,0.6309297535714575
q178413,R@100,1.0
q178414,nDCG@10,1.0
q178414,R@100,1.0
q178415,nDCG@10,1.0
q178415,R@100,1.0
q178416,nDCG@10,0.3562071871080222
q178416,R@100,1.0
q178417,nDCG@10,0.38685280723454163
q178417,R@100,1.0
q178418,nDCG@10,1.0
q178418,R@100,1.0
q178419,nDCG@10,0.38685280723454163
q178419,R@100,1.0
q178420,nDCG@10,0.5
q178420,R@100,1.0
q178421,nDCG@10,0.38685280723454163
q178421,R@100,1.0
q178422,nDCG@10,0.38685280723454163
q178422,R@100,1.0
q178423,nDCG@10,0.38685280723454163
q178423,R@100,1.0
q178424,nDCG@10,1.0
q178424,R@100,1.0
q178425,nDCG@10,0.6309297535714575
q178425,R@100,1.0
q178426,nDCG@10,1.0
q178426,R@100,1.0
q178427,nDCG@10,1.0
q178427,R@100,1.0
q178428,nDCG@10,1.0
q178428,R@100,1.0
q178429,nDCG@10,0.3562071871080222
q178429,R@100,1.0
q178430,nDCG@10,1.0
q178430,R@100,1.0
q178431,nDCG@10,1.0
q178431,R@100,1.0
q178432,nDCG@10,1.0
q178432,R@100,1.0
q178433,nDCG@10,1.0
q178433,R@100,1.0
q178434,nDCG@10,1.0
q178434,R@100,1.0
q178435,nDCG@10,1.0
q178435,R@100,1.0
q178436,nDCG@10,1.0
q178436,R@100,1.0
q178437,nDCG@10,1.0
q178437,R@100,1.0
q178438,nDCG@10,1.0
q178438,R@100,1.0
q178439,nDCG@10,1.0
q178439,R@100,1.0
q178440,nDCG@10,0.6309297535714575
q178440,R@100,1.0
q178441,nDCG@10,1.0
q178441,R@100,1.0
q178442,nDCG@10,0.3562071871080222
q178442,R@100,1.0
q178443,nDCG@10,0.3562071871080222
q178443,R@100,1.0
q178444,nDCG@10,0.0
q178444,R@100,1.0
q178445,nDCG@10,0.43067655807339306
q178445,R@100,1.0
q178446,nDCG@10,1.0
q178446,R@100,1.0
q178447,nDCG@10,1.0
q178447,R@100,1.0
q178448,nDCG@10,1.0
q178448,R@100,1.0
q178449,nDCG@10,1.0
q178449,R@100,1.0
q178450,nDCG@10,1.0
q178450,R@100,1.0
q178451,nDCG@10,0.43067655807339306
q178451,R@100,1.0
q178452,nDCG@10,1.0
q178452,R@100,1.0
q178453,nDCG@10,1.0
q178453,R@100,1.0
q178454,nDCG@10,1.0
q178454,R@100,1.0
q178455,nDCG@10,1.0
q178455,R@100,1.0
q178456,nDCG@10,0.6309297535714575
q178456,R@100,1.0
q178457,nDCG@10,1.0
q178457,R@100,1.0
q178458,nDCG@10,1.0
q178458,R@100,1.0
q178459,nDCG@10,1.0
q178459,R@100,1.0
q178460,nDCG@10,1.0
q178460,R@100,1.0
q178461,nDCG@10,1.0
q178461,R@100,1.0
q178462,nDCG@10,1.0
q178462,R@100,1.0
q178463,nDCG@10,1.0
q178463,R@100,1.0
q178464,nDCG@10,1.0
q178464,R@100,1.0
q178465,nDCG@10,1.0
q178465,R@100,1.0
q178466,nDCG@10,1.0
q178466,R@100,1.0
q178467,nDCG@10,1.0
q178467,R@100,1.0
q178468,nDCG@10,1.0
q178468,R@100,1.0
q178469,nDCG@10,1.0
q178469,R@100,1.0
q178470,nDCG@10,1.0
q178470,R@100,1.0
q178471,nDCG@10,1.0
q178471,R@100,1.0
q178472,nDCG@10,1.0
q178472,R@100,1.0
q178473,nDCG@10,1.0
q178473,R@100,1.0
q178474,nDCG@10,1.0
q178474,R@100,1.0
q178475,nDCG@10,1.0
q178475,R@100,1.0
q178476,nDCG@10,1.0
q178476,R@100,1.0
q178477,nDCG@10,1.0
q178477,R@100,1.0
q178478,nDCG@10,1.0
q178478,R@100,1.0
q178479,nDCG@10,0.0
q178479,R@100,1.0
q178480,nDCG@10,0.0
q178480,R@100,1.0
q178481,nDCG@10,1.0
q178481,R@100,1.0
q178482,nDCG@10,1.0
q178482,R@100,1.0
q178483,nDCG@10,1.0
q178483,R@100,1.0
q178484,nDCG@10,0.6309297535714575
q178484,R@100,1.0
q178485,nDCG@10,1.0
q178485,R@100,1.0
q178486,nDCG@10,1.0
q178486,R@100,1.0
q178487,nDCG@10,1.0
q178487,R@100,1.0
q178488,nDCG@10,0.6309297535714575
q178488,R@100,1.0
q178489,nDCG@10,1.0
q178489,R@100,1.0
q178490,nDCG@10,1.0
q178490,R@100,1.0
q178491,nDCG@10,1.0
q178491,R@100,1.0
q178492,nDCG@10,1.0
q178492,R@100,1.0
q178493,nDCG@10,1.0
q178493,R@100,1.0
q178494,nDCG@10,1.0
q178494,R@100,1.0
q178495,nDCG@10,1.0
q178495,R@100,1.0
q178496,nDCG@10,1.0
q178496,R@100,1.0
q178497,nDCG@10,1.0
q178497,R@100,1.0
q178498,nDCG@10,0.5
q178498,R@100,1.0
q178499,nDCG@10,1.0
q178499,R@100,1.0
q178500,nDCG@10,1.0
q178500,R@100,1.0
q178501,nDCG@10,1.0
q178501,R@100,1.0
q178502,nDCG@10,1.0
q178502,R@100,1.0
q178503,nDCG@10,0.6309297535714575
q178503,R@100,1.0
q178504,nDCG@10,1.0
q178504,R@100,1.0
q178505,nDCG@10,0.2890648263178879
q178505,R@100,1.0
q178506,nDCG@10,1.0
q178506,R@100,1.0
q178507,nDCG@10,1.0
q178507,R@100,1.0
q178508,nDCG@10,1.0
q178508,R@100,1.0
q178509,nDCG@10,1.0
q178509,R@100,1.0
q178510,nDCG@10,1.0
q178510,R@100,1.0
q178511,nDCG@10,0.6309297535714575
q178511,R@100,1.0
q178512,nDCG@10,1.0
q178512,R@100,1.0
q178513,nDCG@10,1.0
q178513,R@100,1.0
q178514,nDCG@10,1.0
q178514,R@100,1.0
q178515,nDCG@10,1.0
q178515,R@100,1.0
q178516,nDCG@10,1.0
q178516,R@100,1.0
q178517,nDCG@10,1.0
q178517,R@100,1.0
q178518,nDCG@10,0.6309297535714575
q178518,R@100,1.0
q178519,nDCG@10,1.0
q178519,R@100,1.0
q178520,nDCG@10,0.5
q178520,R@100,1.0
q178521,nDCG@10,1.0
q178521,R@100,1.0
q178522,nDCG@10,1.0
q178522,R@100,1.0
q178523,nDCG@10,1.0
q178523,R@100,1.0
q178524,nDCG@10,1.0
q178524,R@100,1.0
q178525,nDCG@10,0.6309297535714575
q178525,R@100,1.0
q178526,nDCG@10,1.0
q178526,R@100,1.0
q178527,nDCG@10,1.0
q178527,R@100,1.0
q178528,nDCG@10,1.0
q178528,R@100,1.0
q178529,nDCG@10,1.0
q178529,R@100,1.0
q178530,nDCG@10,0.5
q178530,R@100,1.0
q178531,nDCG@10,1.0
q178531,R@100,1.0
q178532,nDCG@10,0.6309297535714575
q178532,R@100,1.0
q178533,nDCG@10,1.0
q178533,R@100,1.0
q178534,nDCG@10,0.3562071871080222
q178534,R@100,1.0
q178535,nDCG@10,0.3562071871080222
q178535,R@100,1.0
q178536,nDCG@10,1.0
q178536,R@100,1.0
q178537,nDCG@10,1.0
q178537,R@100,1.0
q178538,nDCG@10,0.3010299956639812
q178538,R@100,1.0
q178539,nDCG@10,0.38685280723454163
q178539,R@100,1.0
q178540,nDCG@10,0.3562071871080222
q178540,R@100,1.0
q178541,nDCG@10,1.0
q178541,R@100,1.0
q178542,nDCG@10,1.0
q178542,R@100,1.0
q178543,nDCG@10,1.0
q178543,R@100,1.0
q178544,nDCG@10,1.0
q178544,R@100,1.0
q178545,nDCG@10,0.38685280723454163
q178545,R@100,1.0
q178546,nDCG@10,1.0
q178546,R@100,1.0
q178547,nDCG@10,1.0
q178547,R@100,1.0
q178548,nDCG@10,1.0
q178548,R@100,1.0
q178549,nDCG@10,1.0
q178549,R@100,1.0
q178550,nDCG@10,1.0
q178550,R@100,1.0
q178551,nDCG@10,1.0
q178551,R@100,1.0
q178552,nDCG@10,1.0
q178552,R@100,1.0
q178553,nDCG@10,1.0
q178553,R@100,1.0
q178554,nDCG@10,1.0
q178554,R@100,1.0
q178555,nDCG@10,1.0
q178555,R@100,1.0
q178556,nDCG@10,1.0
q178556,R@100,1.0
q178557,nDCG@10,1.0
q178557,R@100,1.0
q178558,nDCG@10,1.0
q178558,R@100,1.0
q178559,nDCG@10,1.0
q178559,R@100,1.0
q178560,nDCG@10,0.5
q178560,R@100,1.0
q178561,nDCG@10,0.6309297535714575
q178561,R@100,1.0
q178562,nDCG@10,1.0
q178562,R@100,1.0
q178563,nDCG@10,0.5
q178563,R@100,1.0
q178564,nDCG@10,1.0
q178564,R@100,1.0
q178565,nDCG@10,0.5
q178565,R@100,1.0
q178566,nDCG@10,1.0
q178566,R@100,1.0
q178567,nDCG@10,1.0
q178567,R@100,1.0
q178568,nDCG@10,1.0
q178568,R@100,1.0
q178569,nDCG@10,1.0
q178569,R@100,1.0
q178570,nDCG@10,1.0
q178570,R@100,1.0
q178571,nDCG@10,1.0
q178571,R@100,1.0
q178572,nDCG@10,0.6309297535714575
q178572,R@100,1.0
q178573,nDCG@10,1.0
q178573,R@100,1.0
q178574,nDCG@10,1.0
q178574,R@100,1.0
q178575,nDCG@10,1.0
q178575,R@100,1.0
q178576,nDCG@10,1.0
q178576,R@100,1.0
q178577,nDCG@10,0.0
q178577,R@100,1.0
q178578,nDCG@10,0.5
q178578,R@100,1.0
q178579,nDCG@10,0.0
q178579,R@100,0.0
q178580,nDCG@10,0.0
q178580,R@100,1.0
q178581,nDCG@10,0.0
q178581,R@100,0.0
q178582,nDCG@10,0.0
q178582,R@100,0.0
q178583,nDCG@10,1.0
q178583,R@100,1.0
q178584,nDCG@10,0.0
q178584,R@100,0.0
q178585,nDCG@10,0.38685280723454163
q178585,R@100,1.0
q178586,nDCG@10,0.0
q178586,R@100,0.0
q178587,nDCG@10,0.0
q178587,R@100,1.0
q178588,nDCG@10,1.0
q178588,R@100,1.0
q178589,nDCG@10,1.0
q178589,R@100,1.0
q178590,nDCG@10,1.0
q178590,R@100,1.0
q178591,nDCG@10,1.0
q178591,R@100,1.0
q178592,nDCG@10,1.0
q178592,R@100,1.0
q178593,nDCG@10,1.0
q178593,R@100,1.0
q178594,nDCG@10,1.0
q178594,R@100,1.0
q178595,nDCG@10,1.0
q178595,R@100,1.0
q178596,nDCG@10,1.0
q178596,R@100,1.0
q178597,nDCG@10,1.0
q178597,R@100,1.0
q178598,nDCG@10,1.0
q178598,R@100,1.0
q178599,nDCG@10,1.0
q178599,R@100,1.0
q178600,nDCG@10,0.6309297535714575
q178600,R@100,1.0
q178601,nDCG@10,0.0
q178601,R@100,1.0
q178602,nDCG@10,1.0
q178602,R@100,1.0
q178603,nDCG@10,0.6309297535714575
q178603,R@100,1.0
q178604,nDCG@10,1.0
q178604,R@100,1.0
q178605,nDCG@10,0.6309297535714575
q178605,R@100,1.0
q178606,nDCG@10,1.0
q178606,R@100,1.0
q178607,nDCG@10,1.0
q178607,R@100,1.0
q178608,nDCG@10,1.0
q178608,R@100,1.0
q178609,nDCG@10,1.0
q178609,R@100,1.0
q178610,nDCG@10,1.0
q178610,R@100,1.0
q178611,nDCG@10,1.0
q178611,R@100,1.0
q178612,nDCG@10,1.0
q178612,R@100,1.0
q178613,nDCG@10,1.0
q178613,R@100,1.0
q178614,nDCG@10,1.0
q178614,R@100,1.0
q178615,nDCG@10,0.31546487678572877
q178615,R@100,1.0
q178616,nDCG@10,0.0
q178616,R@100,1.0
q178617,nDCG@10,0.6309297535714575
q178617,R@100,1.0
q178618,nDCG@10,1.0
q178618,R@100,1.0
q178619,nDCG@10,0.3333333333333333
q178619,R@100,1.0
q178620,nDCG@10,1.0
q178620,R@100,1.0
q178621,nDCG@10,0.0
q178621,R@100,1.0
q178622,nDCG@10,1.0
q178622,R@100,1.0
q178623,nDCG@10,1.0
q178623,R@100,1.0
q178624,nDCG@10,1.0
q178624,R@100,1.0
q178625,nDCG@10,1.0
q178625,R@100,1.0
q178626,nDCG@10,1.0
q178626,R@100,1.0
q178627,nDCG@10,1.0
q178627,R@100,1.0
q178628,nDCG@10,1.0
q178628,R@100,1.0
q178629,nDCG@10,0.6309297535714575
q178629,R@100,1.0
q178630,nDCG@10,1.0
q178630,R@100,1.0
q178631,nDCG@10,1.0
q178631,R@100,1.0
q178632,nDCG@10,0.3562071871080222
q178632,R@100,1.0
q178633,nDCG@10,1.0
q178633,R@100,1.0
q178634,nDCG@10,0.6309297535714575
q178634,R@100,1.0
q178635,nDCG@10,1.0
q178635,R@100,1.0
q178636,nDCG@10,1.0
q178636,R@100,1.0
q178637,nDCG@10,1.0
q178637,R@100,1.0
q178638,nDCG@10,0.6309297535714575
q178638,R@100,1.0
q178639,nDCG@10,1.0
q178639,R@100,1.0
q178640,nDCG@10,1.0
q178640,R@100,1.0
q178641,nDCG@10,1.0
q178641,R@100,1.0
q178642,nDCG@10,1.0
q178642,R@100,1.0
q178643,nDCG@10,1.0
q178643,R@100,1.0
q178644,nDCG@10,1.0
q178644,R@100,1.0
q178645,nDCG@10,1.0
q178645,R@100,1.0
q178646,nDCG@10,1.0
q178646,R@100,1.0
q178647,nDCG@10,1.0
q178647,R@100,1.0
q178648,nDCG@10,1.0
q178648,R@100,1.0
q178649,nDCG@10,1.0
q178649,R@100,1.0
q178650,nDCG@10,0.31546487678572877
q178650,R@100,1.0
q178651,nDCG@10,0.6309297535714575
q178651,R@100,1.0
q178652,nDCG@10,1.0
q178652,R@100,1.0
q178653,nDCG@10,1.0
q178653,R@100,1.0
q178654,nDCG@10,0.6309297535714575
q178654,R@100,1.0
q178655,nDCG@10,0.6309297535714575
q178655,R@100,1.0
q178656,nDCG@10,0.0
q178656,R@100,1.0
q178657,nDCG@10,1.0
q178657,R@100,1.0
q178658,nDCG@10,1.0
q178658,R@100,1.0
q178659,nDCG@10,1.0
q178659,R@100,1.0
q178660,nDCG@10,0.43067655807339306
q178660,R@100,1.0
q178661,nDCG@10,1.0
q178661,R@100,1.0
q178662,nDCG@10,0.6309297535714575
q178662,R@100,1.0
q178663,nDCG@10,0.2890648263178879
q178663,R@100,1.0
q178664,nDCG@10,1.0
q178664,R@100,1.0
q178665,nDCG@10,1.0
q178665,R@100,1.0
q178666,nDCG@10,0.0
q178666,R@100,1.0
q178667,nDCG@10,1.0
q178667,R@100,1.0
q178668,nDCG@10,0.6309297535714575
q178668,R@100,1.0
q178669,nDCG@10,0.6309297535714575
q178669,R@100,1.0
q178670,nDCG@10,0.6309297535714575
q178670,R@100,1.0
q178671,nDCG@10,0.0
q178671,R@100,1.0
q178672,nDCG@10,1.0
q178672,R@100,1.0
q178673,nDCG@10,1.0
q178673,R@100,1.0
q178674,nDCG@10,0.6309297535714575
q178674,R@100,1.0
q178675,nDCG@10,0.3333333333333333
q178675,R@100,1.0
q178676,nDCG@10,0.38685280723454163
q178676,R@100,1.0
q178677,nDCG@10,1.0
q178677,R@100,1.0
q178678,nDCG@10,1.0
q178678,R@100,1.0
q178679,nDCG@10,1.0
q178679,R@100,1.0
q178680,nDCG@10,1.0
q178680,R@100,1.0
q178681,nDCG@10,0.38685280723454163
q178681,R@100,1.0
q178682,nDCG@10,1.0
q178682,R@100,1.0
q178683,nDCG@10,1.0
q178683,R@100,1.0
q178684,nDCG@10,0.6309297535714575
q178684,R@100,1.0
q178685,nDCG@10,0.6309297535714575
q178685,R@100,1.0
q178686,nDCG@10,1.0
q178686,R@100,1.0
q178687,nDCG@10,1.0
q178687,R@100,1.0
q178688,nDCG@10,1.0
q178688,R@100,1.0
q178689,nDCG@10,1.0
q178689,R@100,1.0
q178690,nDCG@10,1.0
q178690,R@100,1.0
q178691,nDCG@10,1.0
q178691,R@100,1.0
q178692,nDCG@10,1.0
q178692,R@100,1.0
q178693,nDCG@10,1.0
q178693,R@100,1.0
q178694,nDCG@10,1.0
q178694,R@100,1.0
q178695,nDCG@10,1.0
q178695,R@100,1.0
q178696,nDCG@10,1.0
q178696,R@100,1.0
q178697,nDCG@10,0.3562071871080222
q178697,R@100,1.0
q178698,nDCG@10,0.6309297535714575
q178698,R@100,1.0
q178699,nDCG@10,1.0
q178699,R@100,1.0
q178700,nDCG@10,1.0
q178700,R@100,1.0
q178701,nDCG@10,1.0
q178701,R@100,1.0
q178702,nDCG@10,1.0
q178702,R@100,1.0
q178703,nDCG@10,1.0
q178703,R@100,1.0
q178704,nDCG@10,1.0
q178704,R@100,1.0
q178705,nDCG@10,1.0
q178705,R@100,1.0
q178706,nDCG@10,1.0
q178706,R@100,1.0
q178707,nDCG@10,1.0
q178707,R@100,1.0
q178708,nDCG@10,0.3562071871080222
q178708,R@100,1.0
q178709,nDCG@10,1.0
q178709,R@100,1.0
q178710,nDCG@10,1.0
q178710,R@100,1.0
q178711,nDCG@10,1.0
q178711,R@100,1.0
q178712,nDCG@10,0.6309297535714575
q178712,R@100,1.0
q178713,nDCG@10,1.0
q178713,R@100,1.0
q178714,nDCG@10,0.6309297535714575
q178714,R@100,1.0
q178715,nDCG@10,1.0
q178715,R@100,1.0
q178716,nDCG@10,1.0
q178716,R@100,1.0
q178717,nDCG@10,1.0
q178717,R@100,1.0
q178718,nDCG@10,0.6309297535714575
q178718,R@100,1.0
q178719,nDCG@10,1.0
q178719,R@100,1.0
q178720,nDCG@10,1.0
q178720,R@100,1.0
q178721,nDCG@10,1.0
q178721,R@100,1.0
q178722,nDCG@10,1.0
q178722,R@100,1.0
q178723,nDCG@10,1.0
q178723,R@100,1.0
q178724,nDCG@10,1.0
q178724,R@100,1.0
q178725,nDCG@10,1.0
q178725,R@100,1.0
q178726,nDCG@10,0.6309297535714575
q178726,R@100,1.0
q178727,nDCG@10,1.0
q178727,R@100,1.0
q178728,nDCG@10,1.0
q178728,R@100,1.0
q178729,nDCG@10,1.0
q178729,R@100,1.0
q178730,nDCG@10,0.6309297535714575
q178730,R@100,1.0
q178731,nDCG@10,1.0
q178731,R@100,1.0
q178732,nDCG@10,0.5
q178732,R@100,1.0
q178733,nDCG@10,1.0
q178733,R@100,1.0
q178734,nDCG@10,1.0
q178734,R@100,1.0
q178735,nDCG@10,0.0
q178735,R@100,1.0
q178736,nDCG@10,0.0
q178736,R@100,1.0
q178737,nDCG@10,0.5
q178737,R@100,1.0
q178738,nDCG@10,1.0
q178738,R@100,1.0
q178739,nDCG@10,1.0
q178739,R@100,1.0
q178740,nDCG@10,1.0
q178740,R@100,1.0
q178741,nDCG@10,1.0
q178741,R@100,1.0
q178742,nDCG@10,1.0
q178742,R@100,1.0
q178743,nDCG@10,0.6309297535714575
q178743,R@100,1.0
q178744,nDCG@10,0.6309297535714575
q178744,R@100,1.0
q178745,nDCG@10,0.6309297535714575
q178745,R@100,1.0
q178746,nDCG@10,1.0
q178746,R@100,1.0
q178747,nDCG@10,1.0
q178747,R@100,1.0
q178748,nDCG@10,1.0
q178748,R@100,1.0
q178749,nDCG@10,0.3333333333333333
q178749,R@100,1.0
q178750,nDCG@10,1.0
q178750,R@100,1.0
q178751,nDCG@10,1.0
q178751,R@100,1.0
q178752,nDCG@10,1.0
q178752,R@100,1.0
q178753,nDCG@10,1.0
q178753,R@100,1.0
q178754,nDCG@10,1.0
q178754,R@100,1.0
q178755,nDCG@10,1.0
q178755,R@100,1.0
q178756,nDCG@10,1.0
q178756,R@100,1.0
q178757,nDCG@10,1.0
q178757,R@100,1.0
q178758,nDCG@10,1.0
q178758,R@100,1.0
q178759,nDCG@10,1.0
q178759,R@100,1.0
q178760,nDCG@10,1.0
q178760,R@100,1.0
q178761,nDCG@10,1.0
q178761,R@100,1.0
q178762,nDCG@10,1.0
q178762,R@100,1.0
q178763,nDCG@10,0.6309297535714575
q178763,R@100,1.0
q178764,nDCG@10,0.31546487678572877
q178764,R@100,1.0
q178765,nDCG@10,1.0
q178765,R@100,1.0
q178766,nDCG@10,1.0
q178766,R@100,1.0
q178767,nDCG@10,1.0
q178767,R@100,1.0
q178768,nDCG@10,1.0
q178768,R@100,1.0
q178769,nDCG@10,1.0
q178769,R@100,1.0
q178770,nDCG@10,1.0
q178770,R@100,1.0
q178771,nDCG@10,0.6309297535714575
q178771,R@100,1.0
q178772,nDCG@10,1.0
q178772,R@100,1.0
q178773,nDCG@10,1.0
q178773,R@100,1.0
q178774,nDCG@10,0.6309297535714575
q178774,R@100,1.0
q178775,nDCG@10,1.0
q178775,R@100,1.0
q178776,nDCG@10,1.0
q178776,R@100,1.0
q178777,nDCG@10,0.38685280723454163
q178777,R@100,1.0
q178778,nDCG@10,1.0
q178778,R@100,1.0
q178779,nDCG@10,1.0
q178779,R@100,1.0
q178780,nDCG@10,1.0
q178780,R@100,1.0
q178781,nDCG@10,1.0
q178781,R@100,1.0
q178782,nDCG@10,1.0
q178782,R@100,1.0
q178783,nDCG@10,1.0
q178783,R@100,1.0
q178784,nDCG@10,1.0
q178784,R@100,1.0
q178785,nDCG@10,0.6309297535714575
q178785,R@100,1.0
q178786,nDCG@10,1.0
q178786,R@100,1.0
q178787,nDCG@10,0.38685280723454163
q178787,R@100,1.0
q178788,nDCG@10,1.0
q178788,R@100,1.0
q178789,nDCG@10,0.5
q178789,R@100,1.0
q178790,nDCG@10,0.0
q178790,R@100,1.0
q178791,nDCG@10,0.6309297535714575
q178791,R@100,1.0
q178792,nDCG@10,1.0
q178792,R@100,1.0
q178793,nDCG@10,1.0
q178793,R@100,1.0
q178794,nDCG@10,0.6309297535714575
q178794,R@100,1.0
q178795,nDCG@10,1.0
q178795,R@100,1.0
q178796,nDCG@10,1.0
q178796,R@100,1.0
q178797,nDCG@10,1.0
q178797,R@100,1.0
q178798,nDCG@10,0.6309297535714575
q178798,R@100,1.0
q178799,nDCG@10,0.6309297535714575
q178799,R@100,1.0
q178800,nDCG@10,0.6309297535714575
q178800,R@100,1.0
q178801,nDCG@10,0.5
q178801,R@100,1.0
q178802,nDCG@10,1.0
q178802,R@100,1.0
q178803,nDCG@10,1.0
q178803,R@100,1.0
q178804,nDCG@10,1.0
q178804,R@100,1.0
q178805,nDCG@10,1.0
q178805,R@100,1.0
q178806,nDCG@10,0.43067655807339306
q178806,R@100,1.0
q178807,nDCG@10,0.43067655807339306
q178807,R@100,1.0
q178808,nDCG@10,1.0
q178808,R@100,1.0
q178809,nDCG@10,0.6309297535714575
q178809,R@100,1.0
q178810,nDCG@10,0.6309297535714575
q178810,R@100,1.0
q178811,nDCG@10,0.6309297535714575
q178811,R@100,1.0
q178812,nDCG@10,1.0
q178812,R@100,1.0
q178813,nDCG@10,1.0
q178813,R@100,1.0
q178814,nDCG@10,1.0
q178814,R@100,1.0
q178815,nDCG@10,1.0
q178815,R@100,1.0
q178816,nDCG@10,1.0
q178816,R@100,1.0
q178817,nDCG@10,1.0
q178817,R@100,1.0
q178818,nDCG@10,1.0
q178818,R@100,1.0
q178819,nDCG@10,1.0
q178819,R@100,1.0
q178820,nDCG@10,1.0
q178820,R@100,1.0
q178821,nDCG@10,1.0
q178821,R@100,1.0
q178822,nDCG@10,1.0
q178822,R@100,1.0
q178823,nDCG@10,1.0
q178823,R@100,1.0
q178824,nDCG@10,1.0
q178824,R@100,1.0
q178825,nDCG@10,1.0
q178825,R@100,1.0
q178826,nDCG@10,1.0
q178826,R@100,1.0
q178827,nDCG@10,1.0
q178827,R@100,1.0
q178828,nDCG@10,1.0
q178828,R@100,1.0
q178829,nDCG@10,1.0
q178829,R@100,1.0
q178830,nDCG@10,1.0
q178830,R@100,1.0
q178831,nDCG@10,0.5
q178831,R@100,1.0
q178832,nDCG@10,1.0
q178832,R@100,1.0
q178833,nDCG@10,1.0
q178833,R@100,1.0
q178834,nDCG@10,0.3562071871080222
q178834,R@100,1.0
q178835,nDCG@10,1.0
q178835,R@100,1.0
q178836,nDCG@10,1.0
q178836,R@100,1.0
q178837,nDCG@10,1.0
q178837,R@100,1.0
q178838,nDCG@10,1.0
q178838,R@100,1.0
q178839,nDCG@10,0.6309297535714575
q178839,R@100,1.0
q178840,nDCG@10,0.6309297535714575
q178840,R@100,1.0
q178841,nDCG@10,1.0
q178841,R@100,1.0
q178842,nDCG@10,1.0
q178842,R@100,1.0
q178843,nDCG@10,0.6309297535714575
q178843,R@100,1.0
q178844,nDCG@10,1.0
q178844,R@100,1.0
q178845,nDCG@10,1.0
q178845,R@100,1.0
q178846,nDCG@10,1.0
q178846,R@100,1.0
q178847,nDCG@10,0.3010299956639812
q178847,R@100,1.0
q178848,nDCG@10,1.0
q178848,R@100,1.0
q178849,nDCG@10,1.0
q178849,R@100,1.0
q178850,nDCG@10,1.0
q178850,R@100,1.0
q178851,nDCG@10,1.0
q178851,R@100,1.0
q178852,nDCG@10,1.0
q178852,R@100,1.0
q178853,nDCG@10,1.0
q178853,R@100,1.0
q178854,nDCG@10,1.0
q178854,R@100,1.0
q178855,nDCG@10,0.5
q178855,R@100,1.0
q178856,nDCG@10,1.0
q178856,R@100,1.0
q178857,nDCG@10,0.6309297535714575
q178857,R@100,1.0
q178858,nDCG@10,1.0
q178858,R@100,1.0
q178859,nDCG@10,1.0
q178859,R@100,1.0
q178860,nDCG@10,1.0
q178860,R@100,1.0
q178861,nDCG@10,1.0
q178861,R@100,1.0
q178862,nDCG@10,1.0
q178862,R@100,1.0
q178863,nDCG@10,1.0
q178863,R@100,1.0
q178864,nDCG@10,0.43067655807339306
q178864,R@100,1.0
q178865,nDCG@10,1.0
q178865,R@100,1.0
q178866,nDCG@10,1.0
q178866,R@100,1.0
q178867,nDCG@10,0.5
q178867,R@100,1.0
q178868,nDCG@10,0.6309297535714575
q178868,R@100,1.0
q178869,nDCG@10,0.6309297535714575
q178869,R@100,1.0
q178870,nDCG@10,1.0
q178870,R@100,1.0
q178871,nDCG@10,1.0
q178871,R@100,1.0
q178872,nDCG@10,1.0
q178872,R@100,1.0
q178873,nDCG@10,1.0
q178873,R@100,1.0
q178874,nDCG@10,1.0
q178874,R@100,1.0
q178875,nDCG@10,1.0
q178875,R@100,1.0
q178876,nDCG@10,1.0
q178876,R@100,1.0
q178877,nDCG@10,1.0
q178877,R@100,1.0
q178878,nDCG@10,1.0
q178878,R@100,1.0
q178879,nDCG@10,1.0
q178879,R@100,1.0
q178880,nDCG@10,0.6309297535714575
q178880,R@100,1.0
q178881,nDCG@10,0.6309297535714575
q178881,R@100,1.0
q178882,nDCG@10,1.0
q178882,R@100,1.0
q178883,nDCG@10,1.0
q178883,R@100,1.0
q178884,nDCG@10,1.0
q178884,R@100,1.0
q178885,nDCG@10,0.6309297535714575
q178885,R@100,1.0
q178886,nDCG@10,1.0
q178886,R@100,1.0
q178887,nDCG@10,1.0
q178887,R@100,1.0
q178888,nDCG@10,1.0
q178888,R@100,1.0
q178889,nDCG@10,1.0
q178889,R@100,1.0
q178890,nDCG@10,1.0
q178890,R@100,1.0
q178891,nDCG@10,0.6309297535714575
q178891,R@100,1.0
q178892,nDCG@10,1.0
q178892,R@100,1.0
q178893,nDCG@10,0.43067655807339306
q178893,R@100,1.0
q178894,nDCG@10,0.0
q178894,R@100,0.0
q178895,nDCG@10,1.0
q178895,R@100,1.0
q178896,nDCG@10,1.0
q178896,R@100,1.0
q178897,nDCG@10,1.0
q178897,R@100,1.0
q178898,nDCG@10,1.0
q178898,R@100,1.0
q178899,nDCG@10,1.0
q178899,R@100,1.0
q178900,nDCG@10,0.6309297535714575
q178900,R@100,1.0
q178901,nDCG@10,1.0
q178901,R@100,1.0
q178902,nDCG@10,0.5
q178902,R@100,1.0
q178903,nDCG@10,0.6309297535714575
q178903,R@100,1.0
q178904,nDCG@10,1.0
q178904,R@100,1.0
q178905,nDCG@10,1.0
q178905,R@100,1.0
q178906,nDCG@10,1.0
q178906,R@100,1.0
q178907,nDCG@10,1.0
q178907,R@100,1.0
q178908,nDCG@10,1.0
q178908,R@100,1.0
q178909,nDCG@10,0.6309297535714575
q178909,R@100,1.0
q178910,nDCG@10,1.0
q178910,R@100,1.0
q178911,nDCG@10,1.0
q178911,R@100,1.0
q178912,nDCG@10,1.0
q178912,R@100,1.0
q178913,nDCG@10,1.0
q178913,R@100,1.0
q178914,nDCG@10,1.0
q178914,R@100,1.0
q178915,nDCG@10,1.0
q178915,R@100,1.0
q178916,nDCG@10,1.0
q178916,R@100,1.0
q178917,nDCG@10,1.0
q178917,R@100,1.0
q178918,nDCG@10,1.0
q178918,R@100,1.0
q178919,nDCG@10,1.0
q178919,R@100,1.0
q178920,nDCG@10,0.6309297535714575
q178920,R@100,1.0
q178921,nDCG@10,1.0
q178921,R@100,1.0
q178922,nDCG@10,1.0
q178922,R@100,1.0
q178923,nDCG@10,0.6309297535714575
q178923,R@100,1.0
q178924,nDCG@10,1.0
q178924,R@100,1.0
q178925,nDCG@10,1.0
q178925,R@100,1.0
q178926,nDCG@10,0.5
q178926,R@100,1.0
q178927,nDCG@10,0.6309297535714575
q178927,R@100,1.0
q178928,nDCG@10,1.0
q178928,R@100,1.0
q178929,nDCG@10,1.0
q178929,R@100,1.0
q178930,nDCG@10,1.0
q178930,R@100,1.0
q178931,nDCG@10,1.0
q178931,R@100,1.0
q178932,nDCG@10,1.0
q178932,R@100,1.0
q178933,nDCG@10,1.0
q178933,R@100,1.0
q178934,nDCG@10,1.0
q178934,R@100,1.0
q178935,nDCG@10,1.0
q178935,R@100,1.0
q178936,nDCG@10,1.0
q178936,R@100,1.0
q178937,nDCG@10,1.0
q178937,R@100,1.0
q178938,nDCG@10,0.3333333333333333
q178938,R@100,1.0
q178939,nDCG@10,0.5
q178939,R@100,1.0
q178940,nDCG@10,1.0
q178940,R@100,1.0
q178941,nDCG@10,0.6309297535714575
q178941,R@100,1.0
q178942,nDCG@10,1.0
q178942,R@100,1.0
q178943,nDCG@10,1.0
q178943,R@100,1.0
q178944,nDCG@10,1.0
q178944,R@100,1.0
q178945,nDCG@10,0.6309297535714575
q178945,R@100,1.0
q178946,nDCG@10,1.0
q178946,R@100,1.0
q178947,nDCG@10,1.0
q178947,R@100,1.0
q178948,nDCG@10,1.0
q178948,R@100,1.0
q178949,nDCG@10,0.6309297535714575
q178949,R@100,1.0
q178950,nDCG@10,1.0
q178950,R@100,1.0
q178951,nDCG@10,1.0
q178951,R@100,1.0
q178952,nDCG@10,1.0
q178952,R@100,1.0
q178953,nDCG@10,0.6309297535714575
q178953,R@100,1.0
q178954,nDCG@10,1.0
q178954,R@100,1.0
q178955,nDCG@10,1.0
q178955,R@100,1.0
q178956,nDCG@10,0.38685280723454163
q178956,R@100,1.0
q178957,nDCG@10,1.0
q178957,R@100,1.0
q178958,nDCG@10,1.0
q178958,R@100,1.0
q178959,nDCG@10,1.0
q178959,R@100,1.0
q178960,nDCG@10,1.0
q178960,R@100,1.0
q178961,nDCG@10,1.0
q178961,R@100,1.0
q178962,nDCG@10,1.0
q178962,R@100,1.0
q178963,nDCG@10,1.0
q178963,R@100,1.0
q178964,nDCG@10,1.0
q178964,R@100,1.0
q178965,nDCG@10,0.6309297535714575
q178965,R@100,1.0
q178966,nDCG@10,1.0
q178966,R@100,1.0
q178967,nDCG@10,0.5
q178967,R@100,1.0
q178968,nDCG@10,1.0
q178968,R@100,1.0
q178969,nDCG@10,0.6309297535714575
q178969,R@100,1.0
q178970,nDCG@10,0.6309297535714575
q178970,R@100,1.0
q178971,nDCG@10,1.0
q178971,R@100,1.0
q178972,nDCG@10,1.0
q178972,R@100,1.0
q178973,nDCG@10,1.0
q178973,R@100,1.0
q178974,nDCG@10,1.0
q178974,R@100,1.0
q178975,nDCG@10,1.0
q178975,R@100,1.0
q178976,nDCG@10,1.0
q178976,R@100,1.0
q178977,nDCG@10,1.0
q178977,R@100,1.0
q178978,nDCG@10,1.0
q178978,R@100,1.0
q178979,nDCG@10,1.0
q178979,R@100,1.0
q178980,nDCG@10,1.0
q178980,R@100,1.0
q178981,nDCG@10,1.0
q178981,R@100,1.0
q178982,nDCG@10,1.0
q178982,R@100,1.0
q178983,nDCG@10,1.0
q178983,R@100,1.0
q178984,nDCG@10,1.0
q178984,R@100,1.0
q178985,nDCG@10,1.0
q178985,R@100,1.0
q178986,nDCG@10,1.0
q178986,R@100,1.0
q178987,nDCG@10,1.0
q178987,R@100,1.0
q178988,nDCG@10,1.0
q178988,R@100,1.0
q178989,nDCG@10,1.0
q178989,R@100,1.0
q178990,nDCG@10,1.0
q178990,R@100,1.0
q178991,nDCG@10,1.0
q178991,R@100,1.0
q178992,nDCG@10,1.0
q178992,R@100,1.0
q178993,nDCG@10,1.0
q178993,R@100,1.0
q178994,nDCG@10,1.0
q178994,R@100,1.0
q178995,nDCG@10,0.6309297535714575
q178995,R@100,1.0
q178996,nDCG@10,1.0
q178996,R@100,1.0
q178997,nDCG@10,0.0
q178997,R@100,1.0
q178998,nDCG@10,1.0
q178998,R@100,1.0
q178999,nDCG@10,1.0
q178999,R@100,1.0
q179000,nDCG@10,1.0
q179000,R@100,1.0
q179001,nDCG@10,1.0
q179001,R@100,1.0
q179002,nDCG@10,1.0
q179002,R@100,1.0
q179003,nDCG@10,1.0
q179003,R@100,1.0
q179004,nDCG@10,1.0
q179004,R@100,1.0
q179005,nDCG@10,1.0
q179005,R@100,1.0
q179006,nDCG@10,1.0
q179006,R@100,1.0
q179007,nDCG@10,1.0
q179007,R@100,1.0
q179008,nDCG@10,1.0
q179008,R@100,1.0
q179009,nDCG@10,1.0
q179009,R@100,1.0
q179010,nDCG@10,1.0
q179010,R@100,1.0
q179011,nDCG@10,1.0
q179011,R@100,1.0
q179012,nDCG@10,0.6309297535714575
q179012,R@100,1.0
q179013,nDCG@10,1.0
q179013,R@100,1.0
q179014,nDCG@10,0.6309297535714575
q179014,R@100,1.0
q179015,nDCG@10,1.0
q179015,R@100,1.0
q179016,nDCG@10,1.0
q179016,R@100,1.0
q179017,nDCG@10,0.6309297535714575
q179017,R@100,1.0
q179018,nDCG@10,0.6309297535714575
q179018,R@100,1.0
q179019,nDCG@10,0.6309297535714575
q179019,R@100,1.0
q179020,nDCG@10,0.6309297535714575
q179020,R@100,1.0
q179021,nDCG@10,0.6309297535714575
q179021,R@100,1.0
q179022,nDCG@10,0.6309297535714575
q179022,R@100,1.0
q179023,nDCG@10,0.6309297535714575
q179023,R@100,1.0
q179024,nDCG@10,0.6309297535714575
q179024,R@100,1.0
q179025,nDCG@10,0.6309297535714575
q179025,R@100,1.0
q179026,nDCG@10,0.6309297535714575
q179026,R@100,1.0
q179027,nDCG@10,0.6309297535714575
q179027,R@100,1.0
q179028,nDCG@10,0.6309297535714575
q179028,R@100,1.0
q179029,nDCG@10,1.0
q179029,R@100,1.0
q179030,nDCG@10,1.0
q179030,R@100,1.0
q179031,nDCG@10,0.6309297535714575
q179031,R@100,1.0
q179032,nDCG@10,0.0
q179032,R@100,1.0
q179033,nDCG@10,1.0
q179033,R@100,1.0
q179034,nDCG@10,1.0
q179034,R@100,1.0
q179035,nDCG@10,1.0
q179035,R@100,1.0
q179036,nDCG@10,1.0
q179036,R@100,1.0
q179037,nDCG@10,1.0
q179037,R@100,1.0
q179038,nDCG@10,0.6309297535714575
q179038,R@100,1.0
q179039,nDCG@10,1.0
q179039,R@100,1.0
q179040,nDCG@10,0.6309297535714575
q179040,R@100,1.0
q179041,nDCG@10,1.0
q179041,R@100,1.0
q179042,nDCG@10,1.0
q179042,R@100,1.0
q179043,nDCG@10,0.5
q179043,R@100,1.0
q179044,nDCG@10,1.0
q179044,R@100,1.0
q179045,nDCG@10,1.0
q179045,R@100,1.0
q179046,nDCG@10,0.6309297535714575
q179046,R@100,1.0
q179047,nDCG@10,1.0
q179047,R@100,1.0
q179048,nDCG@10,1.0
q179048,R@100,1.0
q179049,nDCG@10,1.0
q179049,R@100,1.0
q179050,nDCG@10,1.0
q179050,R@100,1.0
q179051,nDCG@10,1.0
q179051,R@100,1.0
q179052,nDCG@10,1.0
q179052,R@100,1.0
q179053,nDCG@10,1.0
q179053,R@100,1.0
q179054,nDCG@10,1.0
q179054,R@100,1.0
q179055,nDCG@10,0.0
q179055,R@100,1.0
q179056,nDCG@10,1.0
q179056,R@100,1.0
q179057,nDCG@10,1.0
q179057,R@100,1.0
q179058,nDCG@10,1.0
q179058,R@100,1.0
q179059,nDCG@10,1.0
q179059,R@100,1.0
q179060,nDCG@10,1.0
q179060,R@100,1.0
q179061,nDCG@10,1.0
q179061,R@100,1.0
q179062,nDCG@10,1.0
q179062,R@100,1.0
q179063,nDCG@10,1.0
q179063,R@100,1.0
q179064,nDCG@10,1.0
q179064,R@100,1.0
q179065,nDCG@10,1.0
q179065,R@100,1.0
q179066,nDCG@10,1.0
q179066,R@100,1.0
q179067,nDCG@10,0.43067655807339306
q179067,R@100,1.0
q179068,nDCG@10,0.6309297535714575
q179068,R@100,1.0
q179069,nDCG@10,1.0
q179069,R@100,1.0
q179070,nDCG@10,1.0
q179070,R@100,1.0
q179071,nDCG@10,1.0
q179071,R@100,1.0
q179072,nDCG@10,1.0
q179072,R@100,1.0
q179073,nDCG@10,1.0
q179073,R@100,1.0
q179074,nDCG@10,1.0
q179074,R@100,1.0
q179075,nDCG@10,0.0
q179075,R@100,1.0
q179076,nDCG@10,0.38685280723454163
q179076,R@100,1.0
q179077,nDCG@10,0.0
q179077,R@100,1.0
q179078,nDCG@10,1.0
q179078,R@100,1.0
q179079,nDCG@10,1.0
q179079,R@100,1.0
q179080,nDCG@10,1.0
q179080,R@100,1.0
q179081,nDCG@10,1.0
q179081,R@100,1.0
q179082,nDCG@10,1.0
q179082,R@100,1.0
q179083,nDCG@10,1.0
q179083,R@100,1.0
q179084,nDCG@10,1.0
q179084,R@100,1.0
q179085,nDCG@10,1.0
q179085,R@100,1.0
q179086,nDCG@10,1.0
q179086,R@100,1.0
q179087,nDCG@10,1.0
q179087,R@100,1.0
q179088,nDCG@10,0.0
q179088,R@100,0.0
q179089,nDCG@10,0.0
q179089,R@100,1.0
q179090,nDCG@10,1.0
q179090,R@100,1.0
q179091,nDCG@10,1.0
q179091,R@100,1.0
q179092,nDCG@10,1.0
q179092,R@100,1.0
q179093,nDCG@10,0.0
q179093,R@100,0.0
q179094,nDCG@10,1.0
q179094,R@100,1.0
q179095,nDCG@10,0.6309297535714575
q179095,R@100,1.0
q179096,nDCG@10,1.0
q179096,R@100,1.0
q179097,nDCG@10,1.0
q179097,R@100,1.0
q179098,nDCG@10,1.0
q179098,R@100,1.0
q179099,nDCG@10,1.0
q179099,R@100,1.0
q179100,nDCG@10,1.0
q179100,R@100,1.0
q179101,nDCG@10,1.0
q179101,R@100,1.0
q179102,nDCG@10,1.0
q179102,R@100,1.0
q179103,nDCG@10,1.0
q179103,R@100,1.0
q179104,nDCG@10,0.6309297535714575
q179104,R@100,1.0
q179105,nDCG@10,0.5
q179105,R@100,1.0
q179106,nDCG@10,1.0
q179106,R@100,1.0
q179107,nDCG@10,1.0
q179107,R@100,1.0
q179108,nDCG@10,1.0
q179108,R@100,1.0
q179109,nDCG@10,1.0
q179109,R@100,1.0
q179110,nDCG@10,1.0
q179110,R@100,1.0
q179111,nDCG@10,0.6309297535714575
q179111,R@100,1.0
q179112,nDCG@10,1.0
q179112,R@100,1.0
q179113,nDCG@10,1.0
q179113,R@100,1.0
q179114,nDCG@10,1.0
q179114,R@100,1.0
q179115,nDCG@10,1.0
q179115,R@100,1.0
q179116,nDCG@10,0.43067655807339306
q179116,R@100,1.0
q179117,nDCG@10,1.0
q179117,R@100,1.0
q179118,nDCG@10,1.0
q179118,R@100,1.0
q179119,nDCG@10,1.0
q179119,R@100,1.0
q179120,nDCG@10,1.0
q179120,R@100,1.0
q179121,nDCG@10,1.0
q179121,R@100,1.0
q179122,nDCG@10,1.0
q179122,R@100,1.0
q179123,nDCG@10,1.0
q179123,R@100,1.0
q179124,nDCG@10,1.0
q179124,R@100,1.0
q179125,nDCG@10,0.0
q179125,R@100,1.0
q179126,nDCG@10,0.5
q179126,R@100,1.0
q179127,nDCG@10,1.0
q179127,R@100,1.0
q179128,nDCG@10,1.0
q179128,R@100,1.0
q179129,nDCG@10,0.31546487678572877
q179129,R@100,1.0
q179130,nDCG@10,0.3333333333333333
q179130,R@100,1.0
q179131,nDCG@10,0.31546487678572877
q179131,R@100,1.0
q179132,nDCG@10,0.6309297535714575
q179132,R@100,1.0
q179133,nDCG@10,1.0
q179133,R@100,1.0
q179134,nDCG@10,0.3562071871080222
q179134,R@100,1.0
q179135,nDCG@10,0.43067655807339306
q179135,R@100,1.0
q179136,nDCG@10,0.6309297535714575
q179136,R@100,1.0
q179137,nDCG@10,0.5
q179137,R@100,1.0
q179138,nDCG@10,1.0
q179138,R@100,1.0
q179139,nDCG@10,1.0
q179139,R@100,1.0
q179140,nDCG@10,1.0
q179140,R@100,1.0
q179141,nDCG@10,1.0
q179141,R@100,1.0
q179142,nDCG@10,1.0
q179142,R@100,1.0
q179143,nDCG@10,1.0
q179143,R@100,1.0
q179144,nDCG@10,1.0
q179144,R@100,1.0
q179145,nDCG@10,1.0
q179145,R@100,1.0
q179146,nDCG@10,0.3333333333333333
q179146,R@100,1.0
q179147,nDCG@10,1.0
q179147,R@100,1.0
q179148,nDCG@10,0.0
q179148,R@100,1.0
q179149,nDCG@10,0.0
q179149,R@100,1.0
q179150,nDCG@10,0.6309297535714575
q179150,R@100,1.0
q179151,nDCG@10,0.6309297535714575
q179151,R@100,1.0
q179152,nDCG@10,1.0
q179152,R@100,1.0
q179153,nDCG@10,0.43067655807339306
q179153,R@100,1.0
q179154,nDCG@10,1.0
q179154,R@100,1.0
q179155,nDCG@10,1.0
q179155,R@100,1.0
q179156,nDCG@10,0.0
q179156,R@100,1.0
q179157,nDCG@10,0.31546487678572877
q179157,R@100,1.0
q179158,nDCG@10,0.6309297535714575
q179158,R@100,1.0
q179159,nDCG@10,1.0
q179159,R@100,1.0
q179160,nDCG@10,1.0
q179160,R@100,1.0
q179161,nDCG@10,1.0
q179161,R@100,1.0
q179162,nDCG@10,1.0
q179162,R@100,1.0
q179163,nDCG@10,1.0
q179163,R@100,1.0
q179164,nDCG@10,0.5
q179164,R@100,1.0
q179165,nDCG@10,0.3562071871080222
q179165,R@100,1.0
q179166,nDCG@10,1.0
q179166,R@100,1.0
q179167,nDCG@10,0.3333333333333333
q179167,R@100,1.0
q179168,nDCG@10,1.0
q179168,R@100,1.0
q179169,nDCG@10,1.0
q179169,R@100,1.0
q179170,nDCG@10,1.0
q179170,R@100,1.0
q179171,nDCG@10,1.0
q179171,R@100,1.0
q179172,nDCG@10,0.6309297535714575
q179172,R@100,1.0
q179173,nDCG@10,1.0
q179173,R@100,1.0
q179174,nDCG@10,0.5
q179174,R@100,1.0
q179175,nDCG@10,1.0
q179175,R@100,1.0
q179176,nDCG@10,0.5
q179176,R@100,1.0
q179177,nDCG@10,1.0
q179177,R@100,1.0
q179178,nDCG@10,1.0
q179178,R@100,1.0
q179179,nDCG@10,0.6309297535714575
q179179,R@100,1.0
q179180,nDCG@10,0.6309297535714575
q179180,R@100,1.0
q179181,nDCG@10,0.6309297535714575
q179181,R@100,1.0
q179182,nDCG@10,1.0
q179182,R@100,1.0
q179183,nDCG@10,1.0
q179183,R@100,1.0
q179184,nDCG@10,1.0
q179184,R@100,1.0
q179185,nDCG@10,1.0
q179185,R@100,1.0
q179186,nDCG@10,1.0
q179186,R@100,1.0
q179187,nDCG@10,0.6309297535714575
q179187,R@100,1.0
q179188,nDCG@10,1.0
q179188,R@100,1.0
q179189,nDCG@10,1.0
q179189,R@100,1.0
q179190,nDCG@10,1.0
q179190,R@100,1.0
q179191,nDCG@10,1.0
q179191,R@100,1.0
q179192,nDCG@10,1.0
q179192,R@100,1.0
q179193,nDCG@10,1.0
q179193,R@100,1.0
q179194,nDCG@10,1.0
q179194,R@100,1.0
q179195,nDCG@10,1.0
q179195,R@100,1.0
q179196,nDCG@10,1.0
q179196,R@100,1.0
q179197,nDCG@10,1.0
q179197,R@100,1.0
q179198,nDCG@10,1.0
q179198,R@100,1.0
q179199,nDCG@10,1.0
q179199,R@100,1.0
q179200,nDCG@10,1.0
q179200,R@100,1.0
q179201,nDCG@10,1.0
q179201,R@100,1.0
q179202,nDCG@10,1.0
q179202,R@100,1.0
q179203,nDCG@10,0.0
q179203,R@100,1.0
q179204,nDCG@10,1.0
q179204,R@100,1.0
q179205,nDCG@10,1.0
q179205,R@100,1.0
q179206,nDCG@10,1.0
q179206,R@100,1.0
q179207,nDCG@10,1.0
q179207,R@100,1.0
q179208,nDCG@10,1.0
q179208,R@100,1.0
q179209,nDCG@10,1.0
q179209,R@100,1.0
q179210,nDCG@10,1.0
q179210,R@100,1.0
q179211,nDCG@10,0.38685280723454163
q179211,R@100,1.0
q179212,nDCG@10,1.0
q179212,R@100,1.0
q179213,nDCG@10,1.0
q179213,R@100,1.0
q179214,nDCG@10,1.0
q179214,R@100,1.0
q179215,nDCG@10,1.0
q179215,R@100,1.0
q179216,nDCG@10,1.0
q179216,R@100,1.0
q179217,nDCG@10,1.0
q179217,R@100,1.0
q179218,nDCG@10,1.0
q179218,R@100,1.0
q179219,nDCG@10,1.0
q179219,R@100,1.0
q179220,nDCG@10,1.0
q179220,R@100,1.0
q179221,nDCG@10,1.0
q179221,R@100,1.0
q179222,nDCG@10,1.0
q179222,R@100,1.0
q179223,nDCG@10,1.0
q179223,R@100,1.0
q179224,nDCG@10,1.0
q179224,R@100,1.0
q179225,nDCG@10,1.0
q179225,R@100,1.0
q179226,nDCG@10,1.0
q179226,R@100,1.0
q179227,nDCG@10,0.6309297535714575
q179227,R@100,1.0
q179228,nDCG@10,1.0
q179228,R@100,1.0
q179229,nDCG@10,1.0
q179229,R@100,1.0
q179230,nDCG@10,1.0
q179230,R@100,1.0
q179231,nDCG@10,1.0
q179231,R@100,1.0
q179232,nDCG@10,0.5
q179232,R@100,1.0
q179233,nDCG@10,1.0
q179233,R@100,1.0
q179234,nDCG@10,1.0
q179234,R@100,1.0
q179235,nDCG@10,1.0
q179235,R@100,1.0
q179236,nDCG@10,1.0
q179236,R@100,1.0
q179237,nDCG@10,1.0
q179237,R@100,1.0
q179238,nDCG@10,0.0
q179238,R@100,1.0
q179239,nDCG@10,1.0
q179239,R@100,1.0
q179240,nDCG@10,1.0
q179240,R@100,1.0
q179241,nDCG@10,1.0
q179241,R@100,1.0
q179242,nDCG@10,1.0
q179242,R@100,1.0
q179243,nDCG@10,1.0
q179243,R@100,1.0
q179244,nDCG@10,1.0
q179244,R@100,1.0
q179245,nDCG@10,1.0
q179245,R@100,1.0
q179246,nDCG@10,1.0
q179246,R@100,1.0
q179247,nDCG@10,1.0
q179247,R@100,1.0
q179248,nDCG@10,1.0
q179248,R@100,1.0
q179249,nDCG@10,1.0
q179249,R@100,1.0
q179250,nDCG@10,1.0
q179250,R@100,1.0
q179251,nDCG@10,1.0
q179251,R@100,1.0
q179252,nDCG@10,1.0
q179252,R@100,1.0
q179253,nDCG@10,1.0
q179253,R@100,1.0
q179254,nDCG@10,1.0
q179254,R@100,1.0
q179255,nDCG@10,1.0
q179255,R@100,1.0
q179256,nDCG@10,1.0
q179256,R@100,1.0
q179257,nDCG@10,1.0
q179257,R@100,1.0
q179258,nDCG@10,0.6309297535714575
q179258,R@100,1.0
q179259,nDCG@10,1.0
q179259,R@100,1.0
q179260,nDCG@10,1.0
q179260,R@100,1.0
q179261,nDCG@10,1.0
q179261,R@100,1.0
q179262,nDCG@10,0.43067655807339306
q179262,R@100,1.0
q179263,nDCG@10,1.0
q179263,R@100,1.0
q179264,nDCG@10,1.0
q179264,R@100,1.0
q179265,nDCG@10,1.0
q179265,R@100,1.0
q179266,nDCG@10,1.0
q179266,R@100,1.0
q179267,nDCG@10,0.43067655807339306
q179267,R@100,1.0
q179268,nDCG@10,1.0
q179268,R@100,1.0
q179269,nDCG@10,0.6309297535714575
q179269,R@100,1.0
q179270,nDCG@10,1.0
q179270,R@100,1.0
q179271,nDCG@10,1.0
q179271,R@100,1.0
q179272,nDCG@10,0.6309297535714575
q179272,R@100,1.0
q179273,nDCG@10,1.0
q179273,R@100,1.0
q179274,nDCG@10,1.0
q179274,R@100,1.0
q179275,nDCG@10,1.0
q179275,R@100,1.0
q179276,nDCG@10,0.5
q179276,R@100,1.0
q179277,nDCG@10,0.5
q179277,R@100,1.0
q179278,nDCG@10,0.6309297535714575
q179278,R@100,1.0
q179279,nDCG@10,1.0
q179279,R@100,1.0
q179280,nDCG@10,1.0
q179280,R@100,1.0
q179281,nDCG@10,1.0
q179281,R@100,1.0
q179282,nDCG@10,1.0
q179282,R@100,1.0
q179283,nDCG@10,1.0
q179283,R@100,1.0
q179284,nDCG@10,1.0
q179284,R@100,1.0
q179285,nDCG@10,1.0
q179285,R@100,1.0
q179286,nDCG@10,1.0
q179286,R@100,1.0
q179287,nDCG@10,1.0
q179287,R@100,1.0
q179288,nDCG@10,1.0
q179288,R@100,1.0
q179289,nDCG@10,1.0
q179289,R@100,1.0
q179290,nDCG@10,1.0
q179290,R@100,1.0
q179291,nDCG@10,1.0
q179291,R@100,1.0
q179292,nDCG@10,1.0
q179292,R@100,1.0
q179293,nDCG@10,1.0
q179293,R@100,1.0
q179294,nDCG@10,1.0
q179294,R@100,1.0
q179295,nDCG@10,1.0
q179295,R@100,1.0
q179296,nDCG@10,1.0
q179296,R@100,1.0
q179297,nDCG@10,1.0
q179297,R@100,1.0
q179298,nDCG@10,0.5
q179298,R@100,1.0
q179299,nDCG@10,0.43067655807339306
q179299,R@100,1.0
q179300,nDCG@10,0.0
q179300,R@100,1.0
q179301,nDCG@10,0.5
q179301,R@100,1.0
q179302,nDCG@10,1.0
q179302,R@100,1.0
q179303,nDCG@10,1.0
q179303,R@100,1.0
q179304,nDCG@10,1.0
q179304,R@100,1.0
q179305,nDCG@10,1.0
q179305,R@100,1.0
q179306,nDCG@10,1.0
q179306,R@100,1.0
q179307,nDCG@10,1.0
q179307,R@100,1.0
q179308,nDCG@10,1.0
q179308,R@100,1.0
q179309,nDCG@10,1.0
q179309,R@100,1.0
q179310,nDCG@10,1.0
q179310,R@100,1.0
q179311,nDCG@10,1.0
q179311,R@100,1.0
q179312,nDCG@10,1.0
q179312,R@100,1.0
q179313,nDCG@10,1.0
q179313,R@100,1.0
q179314,nDCG@10,1.0
q179314,R@100,1.0
q179315,nDCG@10,1.0
q179315,R@100,1.0
q179316,nDCG@10,1.0
q179316,R@100,1.0
q179317,nDCG@10,1.0
q179317,R@100,1.0
q179318,nDCG@10,1.0
q179318,R@100,1.0
q179319,nDCG@10,1.0
q179319,R@100,1.0
q179320,nDCG@10,1.0
q179320,R@100,1.0
q179321,nDCG@10,1.0
q179321,R@100,1.0
q179322,nDCG@10,1.0
q179322,R@100,1.0
q179323,nDCG@10,1.0
q179323,R@100,1.0
q179324,nDCG@10,1.0
q179324,R@100,1.0
q179325,nDCG@10,0.5
q179325,R@100,1.0
q179326,nDCG@10,1.0
q179326,R@100,1.0
q179327,nDCG@10,0.6309297535714575
q179327,R@100,1.0
q179328,nDCG@10,1.0
q179328,R@100,1.0
q179329,nDCG@10,1.0
q179329,R@100,1.0
q179330,nDCG@10,0.6309297535714575
q179330,R@100,1.0
q179331,nDCG@10,0.6309297535714575
q179331,R@100,1.0
q179332,nDCG@10,1.0
q179332,R@100,1.0
q179333,nDCG@10,1.0
q179333,R@100,1.0
q179334,nDCG@10,1.0
q179334,R@100,1.0
q179335,nDCG@10,0.6309297535714575
q179335,R@100,1.0
q179336,nDCG@10,0.6309297535714575
q179336,R@100,1.0
q179337,nDCG@10,1.0
q179337,R@100,1.0
q179338,nDCG@10,1.0
q179338,R@100,1.0
q179339,nDCG@10,1.0
q179339,R@100,1.0
q179340,nDCG@10,1.0
q179340,R@100,1.0
q179341,nDCG@10,0.0
q179341,R@100,0.0
q179342,nDCG@10,1.0
q179342,R@100,1.0
q179343,nDCG@10,1.0
q179343,R@100,1.0
q179344,nDCG@10,1.0
q179344,R@100,1.0
q179345,nDCG@10,1.0
q179345,R@100,1.0
q179346,nDCG@10,1.0
q179346,R@100,1.0
q179347,nDCG@10,1.0
q179347,R@100,1.0
q179348,nDCG@10,1.0
q179348,R@100,1.0
q179349,nDCG@10,0.6309297535714575
q179349,R@100,1.0
q179350,nDCG@10,1.0
q179350,R@100,1.0
q179351,nDCG@10,1.0
q179351,R@100,1.0
q179352,nDCG@10,1.0
q179352,R@100,1.0
q179353,nDCG@10,1.0
q179353,R@100,1.0
q179354,nDCG@10,0.3562071871080222
q179354,R@100,1.0
q179355,nDCG@10,1.0
q179355,R@100,1.0
q179356,nDCG@10,1.0
q179356,R@100,1.0
q179357,nDCG@10,0.6309297535714575
q179357,R@100,1.0
q179358,nDCG@10,0.0
q179358,R@100,0.0
q179359,nDCG@10,1.0
q179359,R@100,1.0
q179360,nDCG@10,1.0
q179360,R@100,1.0
q179361,nDCG@10,1.0
q179361,R@100,1.0
q179362,nDCG@10,0.6309297535714575
q179362,R@100,1.0
q179363,nDCG@10,1.0
q179363,R@100,1.0
q179364,nDCG@10,0.6309297535714575
q179364,R@100,1.0
q179365,nDCG@10,1.0
q179365,R@100,1.0
q179366,nDCG@10,1.0
q179366,R@100,1.0
q179367,nDCG@10,1.0
q179367,R@100,1.0
q179368,nDCG@10,1.0
q179368,R@100,1.0
q179369,nDCG@10,1.0
q179369,R@100,1.0
q179370,nDCG@10,1.0
q179370,R@100,1.0
q179371,nDCG@10,1.0
q179371,R@100,1.0
q179372,nDCG@10,1.0
q179372,R@100,1.0
q179373,nDCG@10,0.6309297535714575
q179373,R@100,1.0
q179374,nDCG@10,1.0
q179374,R@100,1.0
q179375,nDCG@10,1.0
q179375,R@100,1.0
q179376,nDCG@10,0.6309297535714575
q179376,R@100,1.0
q179377,nDCG@10,1.0
q179377,R@100,1.0
q179378,nDCG@10,1.0
q179378,R@100,1.0
q179379,nDCG@10,1.0
q179379,R@100,1.0
q179380,nDCG@10,0.6309297535714575
q179380,R@100,1.0
q179381,nDCG@10,1.0
q179381,R@100,1.0
q179382,nDCG@10,1.0
q179382,R@100,1.0
q179383,nDCG@10,1.0
q179383,R@100,1.0
q179384,nDCG@10,0.6309297535714575
q179384,R@100,1.0
q179385,nDCG@10,1.0
q179385,R@100,1.0
q179386,nDCG@10,1.0
q179386,R@100,1.0
q179387,nDCG@10,1.0
q179387,R@100,1.0
q179388,nDCG@10,0.6309297535714575
q179388,R@100,1.0
q179389,nDCG@10,0.38685280723454163
q179389,R@100,1.0
q179390,nDCG@10,1.0
q179390,R@100,1.0
q179391,nDCG@10,0.5
q179391,R@100,1.0
q179392,nDCG@10,0.38685280723454163
q179392,R@100,1.0
q179393,nDCG@10,1.0
q179393,R@100,1.0
q179394,nDCG@10,1.0
q179394,R@100,1.0
q179395,nDCG@10,1.0
q179395,R@100,1.0
q179396,nDCG@10,1.0
q179396,R@100,1.0
q179397,nDCG@10,1.0
q179397,R@100,1.0
q179398,nDCG@10,1.0
q179398,R@100,1.0
q179399,nDCG@10,1.0
q179399,R@100,1.0
q179400,nDCG@10,1.0
q179400,R@100,1.0
q179401,nDCG@10,1.0
q179401,R@100,1.0
q179402,nDCG@10,1.0
q179402,R@100,1.0
q179403,nDCG@10,1.0
q179403,R@100,1.0
q179404,nDCG@10,1.0
q179404,R@100,1.0
q179405,nDCG@10,1.0
q179405,R@100,1.0
q179406,nDCG@10,1.0
q179406,R@100,1.0
q179407,nDCG@10,1.0
q179407,R@100,1.0
q179408,nDCG@10,1.0
q179408,R@100,1.0
q179409,nDCG@10,1.0
q179409,R@100,1.0
q179410,nDCG@10,1.0
q179410,R@100,1.0
q179411,nDCG@10,0.5
q179411,R@100,1.0
q179412,nDCG@10,1.0
q179412,R@100,1.0
q179413,nDCG@10,0.6309297535714575
q179413,R@100,1.0
q179414,nDCG@10,1.0
q179414,R@100,1.0
q179415,nDCG@10,0.5
q179415,R@100,1.0
q179416,nDCG@10,1.0
q179416,R@100,1.0
q179417,nDCG@10,1.0
q179417,R@100,1.0
q179418,nDCG@10,1.0
q179418,R@100,1.0
q179419,nDCG@10,0.0
q179419,R@100,0.0
q179420,nDCG@10,1.0
q179420,R@100,1.0
q179421,nDCG@10,1.0
q179421,R@100,1.0
q179422,nDCG@10,1.0
q179422,R@100,1.0
q179423,nDCG@10,1.0
q179423,R@100,1.0
q179424,nDCG@10,1.0
q179424,R@100,1.0
q179425,nDCG@10,1.0
q179425,R@100,1.0
q179426,nDCG@10,0.3562071871080222
q179426,R@100,1.0
q179427,nDCG@10,1.0
q179427,R@100,1.0
q179428,nDCG@10,1.0
q179428,R@100,1.0
q179429,nDCG@10,1.0
q179429,R@100,1.0
q179430,nDCG@10,1.0
q179430,R@100,1.0
q179431,nDCG@10,1.0
q179431,R@100,1.0
q179432,nDCG@10,0.43067655807339306
q179432,R@100,1.0
q179433,nDCG@10,0.43067655807339306
q179433,R@100,1.0
q179434,nDCG@10,0.3562071871080222
q179434,R@100,1.0
q179435,nDCG@10,0.0
q179435,R@100,1.0
q179436,nDCG@10,1.0
q179436,R@100,1.0
q179437,nDCG@10,0.0
q179437,R@100,1.0
q179438,nDCG@10,1.0
q179438,R@100,1.0
q179439,nDCG@10,1.0
q179439,R@100,1.0
q179440,nDCG@10,1.0
q179440,R@100,1.0
q179441,nDCG@10,0.3333333333333333
q179441,R@100,1.0
q179442,nDCG@10,1.0
q179442,R@100,1.0
q179443,nDCG@10,0.0
q179443,R@100,1.0
q179444,nDCG@10,1.0
q179444,R@100,1.0
q179445,nDCG@10,1.0
q179445,R@100,1.0
q179446,nDCG@10,1.0
q179446,R@100,1.0
q179447,nDCG@10,1.0
q179447,R@100,1.0
q179448,nDCG@10,1.0
q179448,R@100,1.0
q179449,nDCG@10,1.0
q179449,R@100,1.0
q179450,nDCG@10,0.3562071871080222
q179450,R@100,1.0
q179451,nDCG@10,0.43067655807339306
q179451,R@100,1.0
q179452,nDCG@10,1.0
q179452,R@100,1.0
q179453,nDCG@10,0.6309297535714575
q179453,R@100,1.0
q179454,nDCG@10,1.0
q179454,R@100,1.0
q179455,nDCG@10,1.0
q179455,R@100,1.0
q179456,nDCG@10,1.0
q179456,R@100,1.0
q179457,nDCG@10,0.43067655807339306
q179457,R@100,1.0
q179458,nDCG@10,0.5
q179458,R@100,1.0
q179459,nDCG@10,1.0
q179459,R@100,1.0
q179460,nDCG@10,0.6309297535714575
q179460,R@100,1.0
q179461,nDCG@10,0.6309297535714575
q179461,R@100,1.0
q179462,nDCG@10,0.6309297535714575
q179462,R@100,1.0
q179463,nDCG@10,1.0
q179463,R@100,1.0
q179464,nDCG@10,1.0
q179464,R@100,1.0
q179465,nDCG@10,0.6309297535714575
q179465,R@100,1.0
q179466,nDCG@10,0.6309297535714575
q179466,R@100,1.0
q179467,nDCG@10,1.0
q179467,R@100,1.0
q179468,nDCG@10,1.0
q179468,R@100,1.0
q179469,nDCG@10,1.0
q179469,R@100,1.0
q179470,nDCG@10,1.0
q179470,R@100,1.0
q179471,nDCG@10,1.0
q179471,R@100,1.0
q179472,nDCG@10,1.0
q179472,R@100,1.0
q179473,nDCG@10,1.0
q179473,R@100,1.0
q179474,nDCG@10,0.6309297535714575
q179474,R@100,1.0
q179475,nDCG@10,1.0
q179475,R@100,1.0
q179476,nDCG@10,1.0
q179476,R@100,1.0
q179477,nDCG@10,1.0
q179477,R@100,1.0
q179478,nDCG@10,1.0
q179478,R@100,1.0
q179479,nDCG@10,1.0
q179479,R@100,1.0
q179480,nDCG@10,1.0
q179480,R@100,1.0
q179481,nDCG@10,1.0
q179481,R@100,1.0
q179482,nDCG@10,1.0
q179482,R@100,1.0
q179483,nDCG@10,1.0
q179483,R@100,1.0
q179484,nDCG@10,1.0
q179484,R@100,1.0
q179485,nDCG@10,1.0
q179485,R@100,1.0
q179486,nDCG@10,0.6309297535714575
q179486,R@100,1.0
q179487,nDCG@10,1.0
q179487,R@100,1.0
q179488,nDCG@10,1.0
q179488,R@100,1.0
q179489,nDCG@10,0.6309297535714575
q179489,R@100,1.0
q179490,nDCG@10,0.43067655807339306
q179490,R@100,1.0
q179491,nDCG@10,1.0
q179491,R@100,1.0
q179492,nDCG@10,1.0
q179492,R@100,1.0
q179493,nDCG@10,1.0
q179493,R@100,1.0
q179494,nDCG@10,1.0
q179494,R@100,1.0
q179495,nDCG@10,1.0
q179495,R@100,1.0
q179496,nDCG@10,0.6309297535714575
q179496,R@100,1.0
q179497,nDCG@10,1.0
q179497,R@100,1.0
q179498,nDCG@10,1.0
q179498,R@100,1.0
q179499,nDCG@10,0.6309297535714575
q179499,R@100,1.0
q179500,nDCG@10,1.0
q179500,R@100,1.0
q179501,nDCG@10,0.0
q179501,R@100,1.0
q179502,nDCG@10,1.0
q179502,R@100,1.0
q179503,nDCG@10,1.0
q179503,R@100,1.0
q179504,nDCG@10,1.0
q179504,R@100,1.0
q179505,nDCG@10,0.6309297535714575
q179505,R@100,1.0
q179506,nDCG@10,1.0
q179506,R@100,1.0
q179507,nDCG@10,1.0
q179507,R@100,1.0
q179508,nDCG@10,0.6309297535714575
q179508,R@100,1.0
q179509,nDCG@10,1.0
q179509,R@100,1.0
q179510,nDCG@10,0.6309297535714575
q179510,R@100,1.0
q179511,nDCG@10,0.6309297535714575
q179511,R@100,1.0
q179512,nDCG@10,1.0
q179512,R@100,1.0
q179513,nDCG@10,1.0
q179513,R@100,1.0
q179514,nDCG@10,1.0
q179514,R@100,1.0
q179515,nDCG@10,1.0
q179515,R@100,1.0
q179516,nDCG@10,1.0
q179516,R@100,1.0
q179517,nDCG@10,1.0
q179517,R@100,1.0
q179518,nDCG@10,1.0
q179518,R@100,1.0
q179519,nDCG@10,1.0
q179519,R@100,1.0
q179520,nDCG@10,0.0
q179520,R@100,1.0
q179521,nDCG@10,0.0
q179521,R@100,0.0
q179522,nDCG@10,1.0
q179522,R@100,1.0
q179523,nDCG@10,1.0
q179523,R@100,1.0
q179524,nDCG@10,0.0
q179524,R@100,1.0
q179525,nDCG@10,1.0
q179525,R@100,1.0
q179526,nDCG@10,1.0
q179526,R@100,1.0
q179527,nDCG@10,0.0
q179527,R@100,1.0
q179528,nDCG@10,1.0
q179528,R@100,1.0
q179529,nDCG@10,0.5
q179529,R@100,1.0
q179530,nDCG@10,1.0
q179530,R@100,1.0
q179531,nDCG@10,1.0
q179531,R@100,1.0
q179532,nDCG@10,1.0
q179532,R@100,1.0
q179533,nDCG@10,0.0
q179533,R@100,1.0
q179534,nDCG@10,1.0
q179534,R@100,1.0
q179535,nDCG@10,1.0
q179535,R@100,1.0
q179536,nDCG@10,1.0
q179536,R@100,1.0
q179537,nDCG@10,1.0
q179537,R@100,1.0
q179538,nDCG@10,1.0
q179538,R@100,1.0
q179539,nDCG@10,0.43067655807339306
q179539,R@100,1.0
q179540,nDCG@10,0.5
q179540,R@100,1.0
q179541,nDCG@10,1.0
q179541,R@100,1.0
q179542,nDCG@10,1.0
q179542,R@100,1.0
q179543,nDCG@10,1.0
q179543,R@100,1.0
q179544,nDCG@10,1.0
q179544,R@100,1.0
q179545,nDCG@10,1.0
q179545,R@100,1.0
q179546,nDCG@10,0.3562071871080222
q179546,R@100,1.0
q179547,nDCG@10,1.0
q179547,R@100,1.0
q179548,nDCG@10,1.0
q179548,R@100,1.0
q179549,nDCG@10,0.0
q179549,R@100,1.0
q179550,nDCG@10,1.0
q179550,R@100,1.0
q179551,nDCG@10,1.0
q179551,R@100,1.0
q179552,nDCG@10,1.0
q179552,R@100,1.0
q179553,nDCG@10,0.43067655807339306
q179553,R@100,1.0
q179554,nDCG@10,0.0
q179554,R@100,1.0
q179555,nDCG@10,1.0
q179555,R@100,1.0
q179556,nDCG@10,1.0
q179556,R@100,1.0
q179557,nDCG@10,1.0
q179557,R@100,1.0
q179558,nDCG@10,1.0
q179558,R@100,1.0
q179559,nDCG@10,1.0
q179559,R@100,1.0
q179560,nDCG@10,0.6309297535714575
q179560,R@100,1.0
q179561,nDCG@10,0.0
q179561,R@100,1.0
q179562,nDCG@10,1.0
q179562,R@100,1.0
q179563,nDCG@10,1.0
q179563,R@100,1.0
q179564,nDCG@10,1.0
q179564,R@100,1.0
q179565,nDCG@10,1.0
q179565,R@100,1.0
q179566,nDCG@10,0.38685280723454163
q179566,R@100,1.0
q179567,nDCG@10,1.0
q179567,R@100,1.0
q179568,nDCG@10,1.0
q179568,R@100,1.0
q179569,nDCG@10,1.0
q179569,R@100,1.0
q179570,nDCG@10,0.0
q179570,R@100,0.0
q179571,nDCG@10,1.0
q179571,R@100,1.0
q179572,nDCG@10,1.0
q179572,R@100,1.0
q179573,nDCG@10,1.0
q179573,R@100,1.0
q179574,nDCG@10,1.0
q179574,R@100,1.0
q179575,nDCG@10,1.0
q179575,R@100,1.0
q179576,nDCG@10,1.0
q179576,R@100,1.0
q179577,nDCG@10,0.0
q179577,R@100,1.0
q179578,nDCG@10,1.0
q179578,R@100,1.0
q179579,nDCG@10,1.0
q179579,R@100,1.0
q179580,nDCG@10,1.0
q179580,R@100,1.0
q179581,nDCG@10,0.0
q179581,R@100,0.0
q179582,nDCG@10,0.3562071871080222
q179582,R@100,1.0
q179583,nDCG@10,1.0
q179583,R@100,1.0
q179584,nDCG@10,0.6309297535714575
q179584,R@100,1.0
q179585,nDCG@10,0.0
q179585,R@100,1.0
q179586,nDCG@10,1.0
q179586,R@100,1.0
q179587,nDCG@10,1.0
q179587,R@100,1.0
q179588,nDCG@10,0.38685280723454163
q179588,R@100,1.0
q179589,nDCG@10,0.0
q179589,R@100,1.0
q179590,nDCG@10,1.0
q179590,R@100,1.0
q179591,nDCG@10,1.0
q179591,R@100,1.0
q179592,nDCG@10,1.0
q179592,R@100,1.0
q179593,nDCG@10,0.0
q179593,R@100,1.0
q179594,nDCG@10,1.0
q179594,R@100,1.0
q179595,nDCG@10,0.5
q179595,R@100,1.0
q179596,nDCG@10,0.6309297535714575
q179596,R@100,1.0
q179597,nDCG@10,1.0
q179597,R@100,1.0
q179598,nDCG@10,0.0
q179598,R@100,0.0
q179599,nDCG@10,0.6309297535714575
q179599,R@100,1.0
q179600,nDCG@10,1.0
q179600,R@100,1.0
q179601,nDCG@10,0.6309297535714575
q179601,R@100,1.0
q179602,nDCG@10,1.0
q179602,R@100,1.0
q179603,nDCG@10,1.0
q179603,R@100,1.0
q179604,nDCG@10,0.6309297535714575
q179604,R@100,1.0
q179605,nDCG@10,1.0
q179605,R@100,1.0
q179606,nDCG@10,1.0
q179606,R@100,1.0
q179607,nDCG@10,1.0
q179607,R@100,1.0
q179608,nDCG@10,1.0
q179608,R@100,1.0
q179609,nDCG@10,1.0
q179609,R@100,1.0
q179610,nDCG@10,1.0
q179610,R@100,1.0
q179611,nDCG@10,1.0
q179611,R@100,1.0
q179612,nDCG@10,1.0
q179612,R@100,1.0
q179613,nDCG@10,1.0
q179613,R@100,1.0
q179614,nDCG@10,1.0
q179614,R@100,1.0
q179615,nDCG@10,0.0
q179615,R@100,1.0
q179616,nDCG@10,1.0
q179616,R@100,1.0
q179617,nDCG@10,0.43067655807339306
q179617,R@100,1.0
q179618,nDCG@10,1.0
q179618,R@100,1.0
q179619,nDCG@10,0.6309297535714575
q179619,R@100,1.0
q179620,nDCG@10,1.0
q179620,R@100,1.0
q179621,nDCG@10,1.0
q179621,R@100,1.0
q179622,nDCG@10,1.0
q179622,R@100,1.0
q179623,nDCG@10,1.0
q179623,R@100,1.0
q179624,nDCG@10,1.0
q179624,R@100,1.0
q179625,nDCG@10,1.0
q179625,R@100,1.0
q179626,nDCG@10,1.0
q179626,R@100,1.0
q179627,nDCG@10,1.0
q179627,R@100,1.0
q179628,nDCG@10,1.0
q179628,R@100,1.0
q179629,nDCG@10,1.0
q179629,R@100,1.0
q179630,nDCG@10,1.0
q179630,R@100,1.0
q179631,nDCG@10,1.0
q179631,R@100,1.0
q179632,nDCG@10,0.6309297535714575
q179632,R@100,1.0
q179633,nDCG@10,0.43067655807339306
q179633,R@100,1.0
q179634,nDCG@10,0.6309297535714575
q179634,R@100,1.0
q179635,nDCG@10,1.0
q179635,R@100,1.0
q179636,nDCG@10,1.0
q179636,R@100,1.0
q179637,nDCG@10,1.0
q179637,R@100,1.0
q179638,nDCG@10,1.0
q179638,R@100,1.0
q179639,nDCG@10,1.0
q179639,R@100,1.0
q179640,nDCG@10,1.0
q179640,R@100,1.0
q179641,nDCG@10,0.3562071871080222
q179641,R@100,1.0
q179642,nDCG@10,1.0
q179642,R@100,1.0
q179643,nDCG@10,1.0
q179643,R@100,1.0
q179644,nDCG@10,1.0
q179644,R@100,1.0
q179645,nDCG@10,1.0
q179645,R@100,1.0
q179646,nDCG@10,1.0
q179646,R@100,1.0
q179647,nDCG@10,1.0
q179647,R@100,1.0
q179648,nDCG@10,0.6309297535714575
q179648,R@100,1.0
q179649,nDCG@10,1.0
q179649,R@100,1.0
q179650,nDCG@10,1.0
q179650,R@100,1.0
q179651,nDCG@10,0.38685280723454163
q179651,R@100,1.0
q179652,nDCG@10,1.0
q179652,R@100,1.0
q179653,nDCG@10,0.3562071871080222
q179653,R@100,1.0
q179654,nDCG@10,1.0
q179654,R@100,1.0
q179655,nDCG@10,0.5
q179655,R@100,1.0
q179656,nDCG@10,0.0
q179656,R@100,0.0
q179657,nDCG@10,1.0
q179657,R@100,1.0
q179658,nDCG@10,1.0
q179658,R@100,1.0
q179659,nDCG@10,1.0
q179659,R@100,1.0
q179660,nDCG@10,1.0
q179660,R@100,1.0
q179661,nDCG@10,1.0
q179661,R@100,1.0
q179662,nDCG@10,1.0
q179662,R@100,1.0
q179663,nDCG@10,1.0
q179663,R@100,1.0
q179664,nDCG@10,1.0
q179664,R@100,1.0
q179665,nDCG@10,1.0
q179665,R@100,1.0
q179666,nDCG@10,1.0
q179666,R@100,1.0
q179667,nDCG@10,1.0
q179667,R@100,1.0
q179668,nDCG@10,1.0
q179668,R@100,1.0
q179669,nDCG@10,1.0
q179669,R@100,1.0
q179670,nDCG@10,0.6309297535714575
q179670,R@100,1.0
q179671,nDCG@10,1.0
q179671,R@100,1.0
q179672,nDCG@10,1.0
q179672,R@100,1.0
q179673,nDCG@10,1.0
q179673,R@100,1.0
q179674,nDCG@10,1.0
q179674,R@100,1.0
q179675,nDCG@10,1.0
q179675,R@100,1.0
q179676,nDCG@10,1.0
q179676,R@100,1.0
q179677,nDCG@10,1.0
q179677,R@100,1.0
q179678,nDCG@10,1.0
q179678,R@100,1.0
q179679,nDCG@10,1.0
q179679,R@100,1.0
q179680,nDCG@10,1.0
q179680,R@100,1.0
q179681,nDCG@10,1.0
q179681,R@100,1.0
q179682,nDCG@10,0.6309297535714575
q179682,R@100,1.0
q179683,nDCG@10,1.0
q179683,R@100,1.0
q179684,nDCG@10,1.0
q179684,R@100,1.0
q179685,nDCG@10,1.0
q179685,R@100,1.0
q179686,nDCG@10,1.0
q179686,R@100,1.0
q179687,nDCG@10,0.0
q179687,R@100,1.0
q179688,nDCG@10,1.0
q179688,R@100,1.0
q179689,nDCG@10,1.0
q179689,R@100,1.0
q179690,nDCG@10,0.43067655807339306
q179690,R@100,1.0
q179691,nDCG@10,0.6309297535714575
q179691,R@100,1.0
q179692,nDCG@10,1.0
q179692,R@100,1.0
q179693,nDCG@10,0.6309297535714575
q179693,R@100,1.0
q179694,nDCG@10,1.0
q179694,R@100,1.0
q179695,nDCG@10,1.0
q179695,R@100,1.0
q179696,nDCG@10,1.0
q179696,R@100,1.0
q179697,nDCG@10,0.0
q179697,R@100,1.0
q179698,nDCG@10,1.0
q179698,R@100,1.0
q179699,nDCG@10,0.31546487678572877
q179699,R@100,1.0
q179700,nDCG@10,0.0
q179700,R@100,1.0
q179701,nDCG@10,1.0
q179701,R@100,1.0
q179702,nDCG@10,1.0
q179702,R@100,1.0
q179703,nDCG@10,1.0
q179703,R@100,1.0
q179704,nDCG@10,1.0
q179704,R@100,1.0
q179705,nDCG@10,1.0
q179705,R@100,1.0
q179706,nDCG@10,1.0
q179706,R@100,1.0
q179707,nDCG@10,1.0
q179707,R@100,1.0
q179708,nDCG@10,1.0
q179708,R@100,1.0
q179709,nDCG@10,1.0
q179709,R@100,1.0
q179710,nDCG@10,0.6309297535714575
q179710,R@100,1.0
q179711,nDCG@10,1.0
q179711,R@100,1.0
q179712,nDCG@10,1.0
q179712,R@100,1.0
q179713,nDCG@10,1.0
q179713,R@100,1.0
q179714,nDCG@10,1.0
q179714,R@100,1.0
q179715,nDCG@10,1.0
q179715,R@100,1.0
q179716,nDCG@10,1.0
q179716,R@100,1.0
q179717,nDCG@10,1.0
q179717,R@100,1.0
q179718,nDCG@10,1.0
q179718,R@100,1.0
q179719,nDCG@10,1.0
q179719,R@100,1.0
q179720,nDCG@10,1.0
q179720,R@100,1.0
q179721,nDCG@10,1.0
q179721,R@100,1.0
q179722,nDCG@10,1.0
q179722,R@100,1.0
q179723,nDCG@10,1.0
q179723,R@100,1.0
q179724,nDCG@10,1.0
q179724,R@100,1.0
q179725,nDCG@10,0.5
q179725,R@100,1.0
q179726,nDCG@10,1.0
q179726,R@100,1.0
q179727,nDCG@10,1.0
q179727,R@100,1.0
q179728,nDCG@10,1.0
q179728,R@100,1.0
q179729,nDCG@10,1.0
q179729,R@100,1.0
q179730,nDCG@10,0.6309297535714575
q179730,R@100,1.0
q179731,nDCG@10,1.0
q179731,R@100,1.0
q179732,nDCG@10,1.0
q179732,R@100,1.0
q179733,nDCG@10,1.0
q179733,R@100,1.0
q179734,nDCG@10,0.6309297535714575
q179734,R@100,1.0
q179735,nDCG@10,1.0
q179735,R@100,1.0
q179736,nDCG@10,1.0
q179736,R@100,1.0
q179737,nDCG@10,1.0
q179737,R@100,1.0
q179738,nDCG@10,1.0
q179738,R@100,1.0
q179739,nDCG@10,1.0
q179739,R@100,1.0
q179740,nDCG@10,1.0
q179740,R@100,1.0
q179741,nDCG@10,1.0
q179741,R@100,1.0
q179742,nDCG@10,1.0
q179742,R@100,1.0
q179743,nDCG@10,1.0
q179743,R@100,1.0
q179744,nDCG@10,1.0
q179744,R@100,1.0
q179745,nDCG@10,1.0
q179745,R@100,1.0
q179746,nDCG@10,1.0
q179746,R@100,1.0
q179747,nDCG@10,1.0
q179747,R@100,1.0
q179748,nDCG@10,1.0
q179748,R@100,1.0
q179749,nDCG@10,1.0
q179749,R@100,1.0
q179750,nDCG@10,1.0
q179750,R@100,1.0
q179751,nDCG@10,1.0
q179751,R@100,1.0
q179752,nDCG@10,1.0
q179752,R@100,1.0
q179753,nDCG@10,1.0
q179753,R@100,1.0
q179754,nDCG@10,1.0
q179754,R@100,1.0
q179755,nDCG@10,1.0
q179755,R@100,1.0
q179756,nDCG@10,1.0
q179756,R@100,1.0
q179757,nDCG@10,1.0
q179757,R@100,1.0
q179758,nDCG@10,1.0
q179758,R@100,1.0
q179759,nDCG@10,1.0
q179759,R@100,1.0
q179760,nDCG@10,1.0
q179760,R@100,1.0
q179761,nDCG@10,1.0
q179761,R@100,1.0
q179762,nDCG@10,1.0
q179762,R@100,1.0
q179763,nDCG@10,0.6309297535714575
q179763,R@100,1.0
q179764,nDCG@10,1.0
q179764,R@100,1.0
q179765,nDCG@10,1.0
q179765,R@100,1.0
q179766,nDCG@10,1.0
q179766,R@100,1.0
q179767,nDCG@10,1.0
q179767,R@100,1.0
q179768,nDCG@10,1.0
q179768,R@100,1.0
q179769,nDCG@10,1.0
q179769,R@100,1.0
q179770,nDCG@10,1.0
q179770,R@100,1.0
q179771,nDCG@10,1.0
q179771,R@100,1.0
q179772,nDCG@10,1.0
q179772,R@100,1.0
q179773,nDCG@10,0.43067655807339306
q179773,R@100,1.0
q179774,nDCG@10,0.43067655807339306
q179774,R@100,1.0
q179775,nDCG@10,1.0
q179775,R@100,1.0
q179776,nDCG@10,1.0
q179776,R@100,1.0
q179777,nDCG@10,1.0
q179777,R@100,1.0
q179778,nDCG@10,1.0
q179778,R@100,1.0
q179779,nDCG@10,1.0
q179779,R@100,1.0
q179780,nDCG@10,1.0
q179780,R@100,1.0
q179781,nDCG@10,1.0
q179781,R@100,1.0
q179782,nDCG@10,1.0
q179782,R@100,1.0
q179783,nDCG@10,1.0
q179783,R@100,1.0
q179784,nDCG@10,1.0
q179784,R@100,1.0
q179785,nDCG@10,1.0
q179785,R@100,1.0
q179786,nDCG@10,0.5
q179786,R@100,1.0
q179787,nDCG@10,1.0
q179787,R@100,1.0
q179788,nDCG@10,1.0
q179788,R@100,1.0
q179789,nDCG@10,1.0
q179789,R@100,1.0
q179790,nDCG@10,1.0
q179790,R@100,1.0
q179791,nDCG@10,0.43067655807339306
q179791,R@100,1.0
q179792,nDCG@10,1.0
q179792,R@100,1.0
q179793,nDCG@10,1.0
q179793,R@100,1.0
q179794,nDCG@10,0.0
q179794,R@100,1.0
q179795,nDCG@10,0.3010299956639812
q179795,R@100,1.0
q179796,nDCG@10,1.0
q179796,R@100,1.0
q179797,nDCG@10,1.0
q179797,R@100,1.0
q179798,nDCG@10,1.0
q179798,R@100,1.0
q179799,nDCG@10,1.0
q179799,R@100,1.0
q179800,nDCG@10,1.0
q179800,R@100,1.0
q179801,nDCG@10,1.0
q179801,R@100,1.0
q179802,nDCG@10,1.0
q179802,R@100,1.0
q179803,nDCG@10,1.0
q179803,R@100,1.0
q179804,nDCG@10,1.0
q179804,R@100,1.0
q179805,nDCG@10,1.0
q179805,R@100,1.0
q179806,nDCG@10,0.0
q179806,R@100,1.0
q179807,nDCG@10,1.0
q179807,R@100,1.0
q179808,nDCG@10,1.0
q179808,R@100,1.0
q179809,nDCG@10,1.0
q179809,R@100,1.0
q179810,nDCG@10,1.0
q179810,R@100,1.0
q179811,nDCG@10,1.0
q179811,R@100,1.0
q179812,nDCG@10,1.0
q179812,R@100,1.0
q179813,nDCG@10,1.0
q179813,R@100,1.0
q179814,nDCG@10,1.0
q179814,R@100,1.0
q179815,nDCG@10,1.0
q179815,R@100,1.0
q179816,nDCG@10,0.38685280723454163
q179816,R@100,1.0
q179817,nDCG@10,1.0
q179817,R@100,1.0
q179818,nDCG@10,0.0
q179818,R@100,1.0
q179819,nDCG@10,0.6309297535714575
q179819,R@100,1.0
q179820,nDCG@10,1.0
q179820,R@100,1.0
q179821,nDCG@10,1.0
q179821,R@100,1.0
q179822,nDCG@10,1.0
q179822,R@100,1.0
q179823,nDCG@10,1.0
q179823,R@100,1.0
q179824,nDCG@10,1.0
q179824,R@100,1.0
q179825,nDCG@10,0.6309297535714575
q179825,R@100,1.0
q179826,nDCG@10,1.0
q179826,R@100,1.0
q179827,nDCG@10,1.0
q179827,R@100,1.0
q179828,nDCG@10,0.6309297535714575
q179828,R@100,1.0
q179829,nDCG@10,1.0
q179829,R@100,1.0
q179830,nDCG@10,1.0
q179830,R@100,1.0
q179831,nDCG@10,1.0
q179831,R@100,1.0
q179832,nDCG@10,0.0
q179832,R@100,0.0
q179833,nDCG@10,1.0
q179833,R@100,1.0
q179834,nDCG@10,1.0
q179834,R@100,1.0
q179835,nDCG@10,1.0
q179835,R@100,1.0
q179836,nDCG@10,1.0
q179836,R@100,1.0
q179837,nDCG@10,1.0
q179837,R@100,1.0
q179838,nDCG@10,1.0
q179838,R@100,1.0
q179839,nDCG@10,0.6309297535714575
q179839,R@100,1.0
q179840,nDCG@10,0.0
q179840,R@100,1.0
q179841,nDCG@10,0.6309297535714575
q179841,R@100,1.0
q179842,nDCG@10,1.0
q179842,R@100,1.0
q179843,nDCG@10,1.0
q179843,R@100,1.0
q179844,nDCG@10,1.0
q179844,R@100,1.0
q179845,nDCG@10,1.0
q179845,R@100,1.0
q179846,nDCG@10,1.0
q179846,R@100,1.0
q179847,nDCG@10,1.0
q179847,R@100,1.0
q179848,nDCG@10,1.0
q179848,R@100,1.0
q179849,nDCG@10,1.0
q179849,R@100,1.0
q179850,nDCG@10,0.0
q179850,R@100,1.0
q179851,nDCG@10,0.38685280723454163
q179851,R@100,1.0
q179852,nDCG@10,0.0
q179852,R@100,1.0
q179853,nDCG@10,0.5
q179853,R@100,1.0
q179854,nDCG@10,1.0
q179854,R@100,1.0
q179855,nDCG@10,1.0
q179855,R@100,1.0
q179856,nDCG@10,1.0
q179856,R@100,1.0
q179857,nDCG@10,1.0
q179857,R@100,1.0
q179858,nDCG@10,0.5
q179858,R@100,1.0
q179859,nDCG@10,0.5
q179859,R@100,1.0
q179860,nDCG@10,0.0
q179860,R@100,1.0
q179861,nDCG@10,0.6309297535714575
q179861,R@100,1.0
q179862,nDCG@10,1.0
q179862,R@100,1.0
q179863,nDCG@10,1.0
q179863,R@100,1.0
q179864,nDCG@10,1.0
q179864,R@100,1.0
q179865,nDCG@10,1.0
q179865,R@100,1.0
q179866,nDCG@10,1.0
q179866,R@100,1.0
q179867,nDCG@10,1.0
q179867,R@100,1.0
q179868,nDCG@10,1.0
q179868,R@100,1.0
q179869,nDCG@10,1.0
q179869,R@100,1.0
q179870,nDCG@10,1.0
q179870,R@100,1.0
q179871,nDCG@10,0.5
q179871,R@100,1.0
q179872,nDCG@10,1.0
q179872,R@100,1.0
q179873,nDCG@10,1.0
q179873,R@100,1.0
q179874,nDCG@10,1.0
q179874,R@100,1.0
q179875,nDCG@10,1.0
q179875,R@100,1.0
q179876,nDCG@10,1.0
q179876,R@100,1.0
q179877,nDCG@10,1.0
q179877,R@100,1.0
q179878,nDCG@10,0.2890648263178879
q179878,R@100,1.0
q179879,nDCG@10,1.0
q179879,R@100,1.0
q179880,nDCG@10,1.0
q179880,R@100,1.0
q179881,nDCG@10,1.0
q179881,R@100,1.0
q179882,nDCG@10,1.0
q179882,R@100,1.0
q179883,nDCG@10,1.0
q179883,R@100,1.0
q179884,nDCG@10,1.0
q179884,R@100,1.0
q179885,nDCG@10,0.6309297535714575
q179885,R@100,1.0
q179886,nDCG@10,1.0
q179886,R@100,1.0
q179887,nDCG@10,1.0
q179887,R@100,1.0
q179888,nDCG@10,1.0
q179888,R@100,1.0
q179889,nDCG@10,1.0
q179889,R@100,1.0
q179890,nDCG@10,0.0
q179890,R@100,1.0
q179891,nDCG@10,1.0
q179891,R@100,1.0
q179892,nDCG@10,1.0
q179892,R@100,1.0
q179893,nDCG@10,1.0
q179893,R@100,1.0
q179894,nDCG@10,1.0
q179894,R@100,1.0
q179895,nDCG@10,1.0
q179895,R@100,1.0
q179896,nDCG@10,1.0
q179896,R@100,1.0
q179897,nDCG@10,1.0
q179897,R@100,1.0
q179898,nDCG@10,0.6309297535714575
q179898,R@100,1.0
q179899,nDCG@10,1.0
q179899,R@100,1.0
q179900,nDCG@10,1.0
q179900,R@100,1.0
q179901,nDCG@10,1.0
q179901,R@100,1.0
q179902,nDCG@10,1.0
q179902,R@100,1.0
q179903,nDCG@10,0.6309297535714575
q179903,R@100,1.0
q179904,nDCG@10,0.6309297535714575
q179904,R@100,1.0
q179905,nDCG@10,0.6309297535714575
q179905,R@100,1.0
q179906,nDCG@10,1.0
q179906,R@100,1.0
q179907,nDCG@10,1.0
q179907,R@100,1.0
q179908,nDCG@10,1.0
q179908,R@100,1.0
q179909,nDCG@10,1.0
q179909,R@100,1.0
q179910,nDCG@10,1.0
q179910,R@100,1.0
q179911,nDCG@10,1.0
q179911,R@100,1.0
q179912,nDCG@10,1.0
q179912,R@100,1.0
q179913,nDCG@10,1.0
q179913,R@100,1.0
q179914,nDCG@10,1.0
q179914,R@100,1.0
q179915,nDCG@10,1.0
q179915,R@100,1.0
q179916,nDCG@10,1.0
q179916,R@100,1.0
q179917,nDCG@10,0.6309297535714575
q179917,R@100,1.0
q179918,nDCG@10,1.0
q179918,R@100,1.0
q179919,nDCG@10,0.6309297535714575
q179919,R@100,1.0
q179920,nDCG@10,0.6309297535714575
q179920,R@100,1.0
q179921,nDCG@10,1.0
q179921,R@100,1.0
q179922,nDCG@10,0.5
q179922,R@100,1.0
q179923,nDCG@10,1.0
q179923,R@100,1.0
q179924,nDCG@10,1.0
q179924,R@100,1.0
q179925,nDCG@10,1.0
q179925,R@100,1.0
q179926,nDCG@10,1.0
q179926,R@100,1.0
q179927,nDCG@10,1.0
q179927,R@100,1.0
q179928,nDCG@10,1.0
q179928,R@100,1.0
q179929,nDCG@10,1.0
q179929,R@100,1.0
q179930,nDCG@10,0.6309297535714575
q179930,R@100,1.0
q179931,nDCG@10,1.0
q179931,R@100,1.0
q179932,nDCG@10,1.0
q179932,R@100,1.0
q179933,nDCG@10,1.0
q179933,R@100,1.0
q179934,nDCG@10,1.0
q179934,R@100,1.0
q179935,nDCG@10,1.0
q179935,R@100,1.0
q179936,nDCG@10,1.0
q179936,R@100,1.0
q179937,nDCG@10,0.6309297535714575
q179937,R@100,1.0
q179938,nDCG@10,1.0
q179938,R@100,1.0
q179939,nDCG@10,0.6309297535714575
q179939,R@100,1.0
q179940,nDCG@10,1.0
q179940,R@100,1.0
q179941,nDCG@10,0.6309297535714575
q179941,R@100,1.0
q179942,nDCG@10,1.0
q179942,R@100,1.0
q179943,nDCG@10,1.0
q179943,R@100,1.0
q179944,nDCG@10,1.0
q179944,R@100,1.0
q179945,nDCG@10,1.0
q179945,R@100,1.0
q179946,nDCG@10,1.0
q179946,R@100,1.0
q179947,nDCG@10,1.0
q179947,R@100,1.0
q179948,nDCG@10,1.0
q179948,R@100,1.0
q179949,nDCG@10,1.0
q179949,R@100,1.0
q179950,nDCG@10,1.0
q179950,R@100,1.0
q179951,nDCG@10,1.0
q179951,R@100,1.0
q179952,nDCG@10,1.0
q179952,R@100,1.0
q179953,nDCG@10,0.6309297535714575
q179953,R@100,1.0
q179954,nDCG@10,1.0
q179954,R@100,1.0
q179955,nDCG@10,1.0
q179955,R@100,1.0
q179956,nDCG@10,1.0
q179956,R@100,1.0
q179957,nDCG@10,1.0
q179957,R@100,1.0
q179958,nDCG@10,1.0
q179958,R@100,1.0
q179959,nDCG@10,1.0
q179959,R@100,1.0
q179960,nDCG@10,1.0
q179960,R@100,1.0
q179961,nDCG@10,1.0
q179961,R@100,1.0
q179962,nDCG@10,1.0
q179962,R@100,1.0
q179963,nDCG@10,1.0
q179963,R@100,1.0
q179964,nDCG@10,1.0
q179964,R@100,1.0
q179965,nDCG@10,1.0
q179965,R@100,1.0
q179966,nDCG@10,1.0
q179966,R@100,1.0
q179967,nDCG@10,1.0
q179967,R@100,1.0
q179968,nDCG@10,1.0
q179968,R@100,1.0
q179969,nDCG@10,1.0
q179969,R@100,1.0
q179970,nDCG@10,1.0
q179970,R@100,1.0
q179971,nDCG@10,1.0
q179971,R@100,1.0
q179972,nDCG@10,0.6309297535714575
q179972,R@100,1.0
q179973,nDCG@10,0.6309297535714575
q179973,R@100,1.0
q179974,nDCG@10,1.0
q179974,R@100,1.0
q179975,nDCG@10,1.0
q179975,R@100,1.0
q179976,nDCG@10,1.0
q179976,R@100,1.0
q179977,nDCG@10,0.6309297535714575
q179977,R@100,1.0
q179978,nDCG@10,1.0
q179978,R@100,1.0
q179979,nDCG@10,1.0
q179979,R@100,1.0
q179980,nDCG@10,1.0
q179980,R@100,1.0
q179981,nDCG@10,1.0
q179981,R@100,1.0
q179982,nDCG@10,0.6309297535714575
q179982,R@100,1.0
q179983,nDCG@10,1.0
q179983,R@100,1.0
q179984,nDCG@10,0.43067655807339306
q179984,R@100,1.0
q179985,nDCG@10,1.0
q179985,R@100,1.0
q179986,nDCG@10,1.0
q179986,R@100,1.0
q179987,nDCG@10,1.0
q179987,R@100,1.0
q179988,nDCG@10,1.0
q179988,R@100,1.0
q179989,nDCG@10,1.0
q179989,R@100,1.0
q179990,nDCG@10,1.0
q179990,R@100,1.0
q179991,nDCG@10,1.0
q179991,R@100,1.0
q179992,nDCG@10,1.0
q179992,R@100,1.0
q179993,nDCG@10,1.0
q179993,R@100,1.0
q179994,nDCG@10,1.0
q179994,R@100,1.0
q179995,nDCG@10,0.0
q179995,R@100,0.0
q179996,nDCG@10,1.0
q179996,R@100,1.0
q179997,nDCG@10,0.3333333333333333
q179997,R@100,1.0
q179998,nDCG@10,1.0
q179998,R@100,1.0
q179999,nDCG@10,0.43067655807339306
q179999,R@100,1.0
q180000,nDCG@10,0.31546487678572877
q180000,R@100,1.0
q180001,nDCG@10,1.0
q180001,R@100,1.0
q180002,nDCG@10,1.0
q180002,R@100,1.0
q180003,nDCG@10,1.0
q180003,R@100,1.0
q180004,nDCG@10,1.0
q180004,R@100,1.0
q180005,nDCG@10,1.0
q180005,R@100,1.0
q180006,nDCG@10,1.0
q180006,R@100,1.0
q180007,nDCG@10,1.0
q180007,R@100,1.0
q180008,nDCG@10,1.0
q180008,R@100,1.0
q180009,nDCG@10,1.0
q180009,R@100,1.0
q180010,nDCG@10,1.0
q180010,R@100,1.0
q180011,nDCG@10,1.0
q180011,R@100,1.0
q180012,nDCG@10,1.0
q180012,R@100,1.0
q180013,nDCG@10,1.0
q180013,R@100,1.0
q180014,nDCG@10,1.0
q180014,R@100,1.0
q180015,nDCG@10,0.6309297535714575
q180015,R@100,1.0
q180016,nDCG@10,1.0
q180016,R@100,1.0
q180017,nDCG@10,1.0
q180017,R@100,1.0
q180018,nDCG@10,0.0
q180018,R@100,0.0
q180019,nDCG@10,1.0
q180019,R@100,1.0
q180020,nDCG@10,0.0
q180020,R@100,1.0
q180021,nDCG@10,1.0
q180021,R@100,1.0
q180022,nDCG@10,1.0
q180022,R@100,1.0
q180023,nDCG@10,1.0
q180023,R@100,1.0
q180024,nDCG@10,1.0
q180024,R@100,1.0
q180025,nDCG@10,1.0
q180025,R@100,1.0
q180026,nDCG@10,1.0
q180026,R@100,1.0
q180027,nDCG@10,1.0
q180027,R@100,1.0
q180028,nDCG@10,0.3333333333333333
q180028,R@100,1.0
q180029,nDCG@10,1.0
q180029,R@100,1.0
q180030,nDCG@10,0.6309297535714575
q180030,R@100,1.0
q180031,nDCG@10,1.0
q180031,R@100,1.0
q180032,nDCG@10,0.6309297535714575
q180032,R@100,1.0
q180033,nDCG@10,1.0
q180033,R@100,1.0
q180034,nDCG@10,1.0
q180034,R@100,1.0
q180035,nDCG@10,0.6309297535714575
q180035,R@100,1.0
q180036,nDCG@10,0.31546487678572877
q180036,R@100,1.0
q180037,nDCG@10,0.38685280723454163
q180037,R@100,1.0
q180038,nDCG@10,0.3010299956639812
q180038,R@100,1.0
q180039,nDCG@10,0.38685280723454163
q180039,R@100,1.0
q180040,nDCG@10,0.43067655807339306
q180040,R@100,1.0
q180041,nDCG@10,0.6309297535714575
q180041,R@100,1.0
q180042,nDCG@10,0.0
q180042,R@100,1.0
q180043,nDCG@10,0.6309297535714575
q180043,R@100,1.0
q180044,nDCG@10,1.0
q180044,R@100,1.0
q180045,nDCG@10,0.5
q180045,R@100,1.0
q180046,nDCG@10,1.0
q180046,R@100,1.0
q180047,nDCG@10,0.0
q180047,R@100,1.0
q180048,nDCG@10,1.0
q180048,R@100,1.0
q180049,nDCG@10,1.0
q180049,R@100,1.0
q180050,nDCG@10,1.0
q180050,R@100,1.0
q180051,nDCG@10,1.0
q180051,R@100,1.0
q180052,nDCG@10,1.0
q180052,R@100,1.0
q180053,nDCG@10,1.0
q180053,R@100,1.0
q180054,nDCG@10,0.31546487678572877
q180054,R@100,1.0
q180055,nDCG@10,1.0
q180055,R@100,1.0
q180056,nDCG@10,1.0
q180056,R@100,1.0
q180057,nDCG@10,1.0
q180057,R@100,1.0
q180058,nDCG@10,1.0
q180058,R@100,1.0
q180059,nDCG@10,0.6309297535714575
q180059,R@100,1.0
q180060,nDCG@10,1.0
q180060,R@100,1.0
q180061,nDCG@10,0.0
q180061,R@100,1.0
q180062,nDCG@10,1.0
q180062,R@100,1.0
q180063,nDCG@10,1.0
q180063,R@100,1.0
q180064,nDCG@10,1.0
q180064,R@100,1.0
q180065,nDCG@10,0.6309297535714575
q180065,R@100,1.0
q180066,nDCG@10,1.0
q180066,R@100,1.0
q180067,nDCG@10,0.6309297535714575
q180067,R@100,1.0
q180068,nDCG@10,0.43067655807339306
q180068,R@100,1.0
q180069,nDCG@10,1.0
q180069,R@100,1.0
q180070,nDCG@10,0.5
q180070,R@100,1.0
q180071,nDCG@10,1.0
q180071,R@100,1.0
q180072,nDCG@10,1.0
q180072,R@100,1.0
q180073,nDCG@10,1.0
q180073,R@100,1.0
q180074,nDCG@10,1.0
q180074,R@100,1.0
q180075,nDCG@10,1.0
q180075,R@100,1.0
q180076,nDCG@10,1.0
q180076,R@100,1.0
q180077,nDCG@10,1.0
q180077,R@100,1.0
q180078,nDCG@10,1.0
q180078,R@100,1.0
q180079,nDCG@10,1.0
q180079,R@100,1.0
q180080,nDCG@10,1.0
q180080,R@100,1.0
q180081,nDCG@10,1.0
q180081,R@100,1.0
q180082,nDCG@10,1.0
q180082,R@100,1.0
q180083,nDCG@10,0.0
q180083,R@100,1.0
q180084,nDCG@10,1.0
q180084,R@100,1.0
q180085,nDCG@10,1.0
q180085,R@100,1.0
q180086,nDCG@10,0.6309297535714575
q180086,R@100,1.0
q180087,nDCG@10,1.0
q180087,R@100,1.0
q180088,nDCG@10,1.0
q180088,R@100,1.0
q180089,nDCG@10,1.0
q180089,R@100,1.0
q180090,nDCG@10,1.0
q180090,R@100,1.0
q180091,nDCG@10,1.0
q180091,R@100,1.0
q180092,nDCG@10,1.0
q180092,R@100,1.0
q180093,nDCG@10,0.0
q180093,R@100,1.0
q180094,nDCG@10,0.0
q180094,R@100,1.0
q180095,nDCG@10,0.6309297535714575
q180095,R@100,1.0
q180096,nDCG@10,1.0
q180096,R@100,1.0
q180097,nDCG@10,1.0
q180097,R@100,1.0
q180098,nDCG@10,1.0
q180098,R@100,1.0
q180099,nDCG@10,1.0
q180099,R@100,1.0
q180100,nDCG@10,0.0
q180100,R@100,1.0
q180101,nDCG@10,1.0
q180101,R@100,1.0
q180102,nDCG@10,1.0
q180102,R@100,1.0
q180103,nDCG@10,1.0
q180103,R@100,1.0
q180104,nDCG@10,1.0
q180104,R@100,1.0
q180105,nDCG@10,0.0
q180105,R@100,0.0
q180106,nDCG@10,0.0
q180106,R@100,0.0
q180107,nDCG@10,1.0
q180107,R@100,1.0
q180108,nDCG@10,1.0
q180108,R@100,1.0
q180109,nDCG@10,1.0
q180109,R@100,1.0
q180110,nDCG@10,1.0
q180110,R@100,1.0
q180111,nDCG@10,1.0
q180111,R@100,1.0
q180112,nDCG@10,0.0
q180112,R@100,1.0
q180113,nDCG@10,1.0
q180113,R@100,1.0
q180114,nDCG@10,0.5
q180114,R@100,1.0
q180115,nDCG@10,0.43067655807339306
q180115,R@100,1.0
q180116,nDCG@10,1.0
q180116,R@100,1.0
q180117,nDCG@10,1.0
q180117,R@100,1.0
q180118,nDCG@10,0.5
q180118,R@100,1.0
q180119,nDCG@10,1.0
q180119,R@100,1.0
q180120,nDCG@10,0.6309297535714575
q180120,R@100,1.0
q180121,nDCG@10,1.0
q180121,R@100,1.0
q180122,nDCG@10,1.0
q180122,R@100,1.0
q180123,nDCG@10,0.6309297535714575
q180123,R@100,1.0
q180124,nDCG@10,0.3010299956639812
q180124,R@100,1.0
q180125,nDCG@10,1.0
q180125,R@100,1.0
q180126,nDCG@10,1.0
q180126,R@100,1.0
q180127,nDCG@10,1.0
q180127,R@100,1.0
q180128,nDCG@10,0.0
q180128,R@100,1.0
q180129,nDCG@10,0.0
q180129,R@100,1.0
q180130,nDCG@10,0.3010299956639812
q180130,R@100,1.0
q180131,nDCG@10,0.3562071871080222
q180131,R@100,1.0
q180132,nDCG@10,1.0
q180132,R@100,1.0
q180133,nDCG@10,1.0
q180133,R@100,1.0
q180134,nDCG@10,0.0
q180134,R@100,1.0
q180135,nDCG@10,0.0
q180135,R@100,1.0
q180136,nDCG@10,0.0
q180136,R@100,1.0
q180137,nDCG@10,0.3562071871080222
q180137,R@100,1.0
q180138,nDCG@10,1.0
q180138,R@100,1.0
q180139,nDCG@10,0.6309297535714575
q180139,R@100,1.0
q180140,nDCG@10,0.0
q180140,R@100,0.0
q180141,nDCG@10,0.0
q180141,R@100,1.0
q180142,nDCG@10,0.38685280723454163
q180142,R@100,1.0
q180143,nDCG@10,0.5
q180143,R@100,1.0
q180144,nDCG@10,1.0
q180144,R@100,1.0
q180145,nDCG@10,0.6309297535714575
q180145,R@100,1.0
q180146,nDCG@10,0.38685280723454163
q180146,R@100,1.0
q180147,nDCG@10,1.0
q180147,R@100,1.0
q180148,nDCG@10,1.0
q180148,R@100,1.0
q180149,nDCG@10,1.0
q180149,R@100,1.0
q180150,nDCG@10,1.0
q180150,R@100,1.0
q180151,nDCG@10,1.0
q180151,R@100,1.0
q180152,nDCG@10,1.0
q180152,R@100,1.0
q180153,nDCG@10,0.6309297535714575
q180153,R@100,1.0
q180154,nDCG@10,1.0
q180154,R@100,1.0
q180155,nDCG@10,1.0
q180155,R@100,1.0
q180156,nDCG@10,1.0
q180156,R@100,1.0
q180157,nDCG@10,1.0
q180157,R@100,1.0
q180158,nDCG@10,0.3010299956639812
q180158,R@100,1.0
q180159,nDCG@10,1.0
q180159,R@100,1.0
q180160,nDCG@10,1.0
q180160,R@100,1.0
q180161,nDCG@10,1.0
q180161,R@100,1.0
q180162,nDCG@10,1.0
q180162,R@100,1.0
q180163,nDCG@10,1.0
q180163,R@100,1.0
q180164,nDCG@10,1.0
q180164,R@100,1.0
q180165,nDCG@10,1.0
q180165,R@100,1.0
q180166,nDCG@10,0.6309297535714575
q180166,R@100,1.0
q180167,nDCG@10,1.0
q180167,R@100,1.0
q180168,nDCG@10,1.0
q180168,R@100,1.0
q180169,nDCG@10,1.0
q180169,R@100,1.0
q180170,nDCG@10,1.0
q180170,R@100,1.0
q180171,nDCG@10,0.6309297535714575
q180171,R@100,1.0
q180172,nDCG@10,1.0
q180172,R@100,1.0
q180173,nDCG@10,1.0
q180173,R@100,1.0
q180174,nDCG@10,1.0
q180174,R@100,1.0
q180175,nDCG@10,1.0
q180175,R@100,1.0
q180176,nDCG@10,1.0
q180176,R@100,1.0
q180177,nDCG@10,1.0
q180177,R@100,1.0
q180178,nDCG@10,1.0
q180178,R@100,1.0
q180179,nDCG@10,1.0
q180179,R@100,1.0
q180180,nDCG@10,0.6309297535714575
q180180,R@100,1.0
q180181,nDCG@10,0.6309297535714575
q180181,R@100,1.0
q180182,nDCG@10,1.0
q180182,R@100,1.0
q180183,nDCG@10,1.0
q180183,R@100,1.0
q180184,nDCG@10,1.0
q180184,R@100,1.0
q180185,nDCG@10,0.6309297535714575
q180185,R@100,1.0
q180186,nDCG@10,1.0
q180186,R@100,1.0
q180187,nDCG@10,1.0
q180187,R@100,1.0
q180188,nDCG@10,1.0
q180188,R@100,1.0
q180189,nDCG@10,1.0
q180189,R@100,1.0
q180190,nDCG@10,1.0
q180190,R@100,1.0
q180191,nDCG@10,1.0
q180191,R@100,1.0
q180192,nDCG@10,0.0
q180192,R@100,1.0
q180193,nDCG@10,1.0
q180193,R@100,1.0
q180194,nDCG@10,1.0
q180194,R@100,1.0
q180195,nDCG@10,0.5
q180195,R@100,1.0
q180196,nDCG@10,1.0
q180196,R@100,1.0
q180197,nDCG@10,1.0
q180197,R@100,1.0
q180198,nDCG@10,0.43067655807339306
q180198,R@100,1.0
q180199,nDCG@10,1.0
q180199,R@100,1.0
q180200,nDCG@10,1.0
q180200,R@100,1.0
q180201,nDCG@10,1.0
q180201,R@100,1.0
q180202,nDCG@10,1.0
q180202,R@100,1.0
q180203,nDCG@10,0.0
q180203,R@100,1.0
q180204,nDCG@10,1.0
q180204,R@100,1.0
q180205,nDCG@10,0.0
q180205,R@100,1.0
q180206,nDCG@10,1.0
q180206,R@100,1.0
q180207,nDCG@10,1.0
q180207,R@100,1.0
q180208,nDCG@10,1.0
q180208,R@100,1.0
q180209,nDCG@10,1.0
q180209,R@100,1.0
q180210,nDCG@10,0.6309297535714575
q180210,R@100,1.0
q180211,nDCG@10,1.0
q180211,R@100,1.0
q180212,nDCG@10,1.0
q180212,R@100,1.0
q180213,nDCG@10,1.0
q180213,R@100,1.0
q180214,nDCG@10,1.0
q180214,R@100,1.0
q180215,nDCG@10,1.0
q180215,R@100,1.0
q180216,nDCG@10,0.5
q180216,R@100,1.0
q180217,nDCG@10,1.0
q180217,R@100,1.0
q180218,nDCG@10,0.0
q180218,R@100,1.0
q180219,nDCG@10,1.0
q180219,R@100,1.0
q180220,nDCG@10,1.0
q180220,R@100,1.0
q180221,nDCG@10,1.0
q180221,R@100,1.0
q180222,nDCG@10,1.0
q180222,R@100,1.0
q180223,nDCG@10,0.0
q180223,R@100,1.0
q180224,nDCG@10,0.43067655807339306
q180224,R@100,1.0
q180225,nDCG@10,1.0
q180225,R@100,1.0
q180226,nDCG@10,1.0
q180226,R@100,1.0
q180227,nDCG@10,1.0
q180227,R@100,1.0
q180228,nDCG@10,1.0
q180228,R@100,1.0
q180229,nDCG@10,1.0
q180229,R@100,1.0
q180230,nDCG@10,1.0
q180230,R@100,1.0
q180231,nDCG@10,1.0
q180231,R@100,1.0
q180232,nDCG@10,1.0
q180232,R@100,1.0
q180233,nDCG@10,0.38685280723454163
q180233,R@100,1.0
q180234,nDCG@10,1.0
q180234,R@100,1.0
q180235,nDCG@10,1.0
q180235,R@100,1.0
q180236,nDCG@10,1.0
q180236,R@100,1.0
q180237,nDCG@10,1.0
q180237,R@100,1.0
q180238,nDCG@10,0.43067655807339306
q180238,R@100,1.0
q180239,nDCG@10,1.0
q180239,R@100,1.0
q180240,nDCG@10,0.6309297535714575
q180240,R@100,1.0
q180241,nDCG@10,1.0
q180241,R@100,1.0
q180242,nDCG@10,1.0
q180242,R@100,1.0
q180243,nDCG@10,1.0
q180243,R@100,1.0
q180244,nDCG@10,1.0
q180244,R@100,1.0
q180245,nDCG@10,1.0
q180245,R@100,1.0
q180246,nDCG@10,1.0
q180246,R@100,1.0
q180247,nDCG@10,0.5
q180247,R@100,1.0
q180248,nDCG@10,0.3010299956639812
q180248,R@100,1.0
q180249,nDCG@10,1.0
q180249,R@100,1.0
q180250,nDCG@10,1.0
q180250,R@100,1.0
q180251,nDCG@10,1.0
q180251,R@100,1.0
q180252,nDCG@10,1.0
q180252,R@100,1.0
q180253,nDCG@10,1.0
q180253,R@100,1.0
q180254,nDCG@10,1.0
q180254,R@100,1.0
q180255,nDCG@10,1.0
q180255,R@100,1.0
q180256,nDCG@10,1.0
q180256,R@100,1.0
q180257,nDCG@10,1.0
q180257,R@100,1.0
q180258,nDCG@10,1.0
q180258,R@100,1.0
q180259,nDCG@10,0.43067655807339306
q180259,R@100,1.0
q180260,nDCG@10,0.6309297535714575
q180260,R@100,1.0
q180261,nDCG@10,1.0
q180261,R@100,1.0
q180262,nDCG@10,1.0
q180262,R@100,1.0
q180263,nDCG@10,1.0
q180263,R@100,1.0
q180264,nDCG@10,1.0
q180264,R@100,1.0
q180265,nDCG@10,0.6309297535714575
q180265,R@100,1.0
q180266,nDCG@10,0.43067655807339306
q180266,R@100,1.0
q180267,nDCG@10,1.0
q180267,R@100,1.0
q180268,nDCG@10,1.0
q180268,R@100,1.0
q180269,nDCG@10,1.0
q180269,R@100,1.0
q180270,nDCG@10,1.0
q180270,R@100,1.0
q180271,nDCG@10,1.0
q180271,R@100,1.0
q180272,nDCG@10,1.0
q180272,R@100,1.0
q180273,nDCG@10,1.0
q180273,R@100,1.0
q180274,nDCG@10,1.0
q180274,R@100,1.0
q180275,nDCG@10,1.0
q180275,R@100,1.0
q180276,nDCG@10,1.0
q180276,R@100,1.0
q180277,nDCG@10,1.0
q180277,R@100,1.0
q180278,nDCG@10,1.0
q180278,R@100,1.0
q180279,nDCG@10,1.0
q180279,R@100,1.0
q180280,nDCG@10,1.0
q180280,R@100,1.0
q180281,nDCG@10,1.0
q180281,R@100,1.0
q180282,nDCG@10,0.6309297535714575
q180282,R@100,1.0
q180283,nDCG@10,0.31546487678572877
q180283,R@100,1.0
q180284,nDCG@10,1.0
q180284,R@100,1.0
q180285,nDCG@10,0.5
q180285,R@100,1.0
q180286,nDCG@10,1.0
q180286,R@100,1.0
q180287,nDCG@10,1.0
q180287,R@100,1.0
q180288,nDCG@10,1.0
q180288,R@100,1.0
q180289,nDCG@10,1.0
q180289,R@100,1.0
q180290,nDCG@10,1.0
q180290,R@100,1.0
q180291,nDCG@10,0.6309297535714575
q180291,R@100,1.0
q180292,nDCG@10,1.0
q180292,R@100,1.0
q180293,nDCG@10,1.0
q180293,R@100,1.0
q180294,nDCG@10,0.0
q180294,R@100,0.0
q180295,nDCG@10,0.6309297535714575
q180295,R@100,1.0
q180296,nDCG@10,1.0
q180296,R@100,1.0
q180297,nDCG@10,1.0
q180297,R@100,1.0
q180298,nDCG@10,1.0
q180298,R@100,1.0
q180299,nDCG@10,1.0
q180299,R@100,1.0
q180300,nDCG@10,0.6309297535714575
q180300,R@100,1.0
q180301,nDCG@10,0.6309297535714575
q180301,R@100,1.0
q180302,nDCG@10,1.0
q180302,R@100,1.0
q180303,nDCG@10,1.0
q180303,R@100,1.0
q180304,nDCG@10,1.0
q180304,R@100,1.0
q180305,nDCG@10,1.0
q180305,R@100,1.0
q180306,nDCG@10,1.0
q180306,R@100,1.0
q180307,nDCG@10,1.0
q180307,R@100,1.0
q180308,nDCG@10,1.0
q180308,R@100,1.0
q180309,nDCG@10,0.0
q180309,R@100,0.0
q180310,nDCG@10,1.0
q180310,R@100,1.0
q180311,nDCG@10,1.0
q180311,R@100,1.0
q180312,nDCG@10,1.0
q180312,R@100,1.0
q180313,nDCG@10,1.0
q180313,R@100,1.0
q180314,nDCG@10,1.0
q180314,R@100,1.0
q180315,nDCG@10,1.0
q180315,R@100,1.0
q180316,nDCG@10,1.0
q180316,R@100,1.0
q180317,nDCG@10,0.0
q180317,R@100,0.0
q180318,nDCG@10,1.0
q180318,R@100,1.0
q180319,nDCG@10,1.0
q180319,R@100,1.0
q180320,nDCG@10,0.6309297535714575
q180320,R@100,1.0
q180321,nDCG@10,1.0
q180321,R@100,1.0
q180322,nDCG@10,1.0
q180322,R@100,1.0
q180323,nDCG@10,1.0
q180323,R@100,1.0
q180324,nDCG@10,0.43067655807339306
q180324,R@100,1.0
q180325,nDCG@10,1.0
q180325,R@100,1.0
q180326,nDCG@10,0.6309297535714575
q180326,R@100,1.0
q180327,nDCG@10,0.6309297535714575
q180327,R@100,1.0
q180328,nDCG@10,1.0
q180328,R@100,1.0
q180329,nDCG@10,1.0
q180329,R@100,1.0
q180330,nDCG@10,1.0
q180330,R@100,1.0
q180331,nDCG@10,1.0
q180331,R@100,1.0
q180332,nDCG@10,1.0
q180332,R@100,1.0
q180333,nDCG@10,1.0
q180333,R@100,1.0
q180334,nDCG@10,1.0
q180334,R@100,1.0
q180335,nDCG@10,1.0
q180335,R@100,1.0
q180336,nDCG@10,1.0
q180336,R@100,1.0
q180337,nDCG@10,1.0
q180337,R@100,1.0
q180338,nDCG@10,1.0
q180338,R@100,1.0
q180339,nDCG@10,1.0
q180339,R@100,1.0
q180340,nDCG@10,0.5
q180340,R@100,1.0
q180341,nDCG@10,1.0
q180341,R@100,1.0
q180342,nDCG@10,1.0
q180342,R@100,1.0
q180343,nDCG@10,0.0
q180343,R@100,1.0
q180344,nDCG@10,0.0
q180344,R@100,0.0
q180345,nDCG@10,0.0
q180345,R@100,1.0
q180346,nDCG@10,0.0
q180346,R@100,1.0
q180347,nDCG@10,0.43067655807339306
q180347,R@100,1.0
q180348,nDCG@10,0.6309297535714575
q180348,R@100,1.0
q180349,nDCG@10,0.0
q180349,R@100,0.0
q180350,nDCG@10,1.0
q180350,R@100,1.0
q180351,nDCG@10,0.0
q180351,R@100,0.0
q180352,nDCG@10,0.0
q180352,R@100,1.0
q180353,nDCG@10,0.0
q180353,R@100,1.0
q180354,nDCG@10,0.6309297535714575
q180354,R@100,1.0
q180355,nDCG@10,1.0
q180355,R@100,1.0
q180356,nDCG@10,1.0
q180356,R@100,1.0
q180357,nDCG@10,1.0
q180357,R@100,1.0
q180358,nDCG@10,0.3333333333333333
q180358,R@100,1.0
q180359,nDCG@10,1.0
q180359,R@100,1.0
q180360,nDCG@10,1.0
q180360,R@100,1.0
q180361,nDCG@10,1.0
q180361,R@100,1.0
q180362,nDCG@10,1.0
q180362,R@100,1.0
q180363,nDCG@10,1.0
q180363,R@100,1.0
q180364,nDCG@10,0.6309297535714575
q180364,R@100,1.0
q180365,nDCG@10,1.0
q180365,R@100,1.0
q180366,nDCG@10,1.0
q180366,R@100,1.0
q180367,nDCG@10,1.0
q180367,R@100,1.0
q180368,nDCG@10,0.31546487678572877
q180368,R@100,1.0
q180369,nDCG@10,1.0
q180369,R@100,1.0
q180370,nDCG@10,1.0
q180370,R@100,1.0
q180371,nDCG@10,1.0
q180371,R@100,1.0
q180372,nDCG@10,1.0
q180372,R@100,1.0
q180373,nDCG@10,1.0
q180373,R@100,1.0
q180374,nDCG@10,1.0
q180374,R@100,1.0
q180375,nDCG@10,0.6309297535714575
q180375,R@100,1.0
q180376,nDCG@10,1.0
q180376,R@100,1.0
q180377,nDCG@10,1.0
q180377,R@100,1.0
q180378,nDCG@10,1.0
q180378,R@100,1.0
q180379,nDCG@10,1.0
q180379,R@100,1.0
q180380,nDCG@10,1.0
q180380,R@100,1.0
q180381,nDCG@10,1.0
q180381,R@100,1.0
q180382,nDCG@10,1.0
q180382,R@100,1.0
q180383,nDCG@10,0.0
q180383,R@100,1.0
q180384,nDCG@10,1.0
q180384,R@100,1.0
q180385,nDCG@10,1.0
q180385,R@100,1.0
q180386,nDCG@10,1.0
q180386,R@100,1.0
q180387,nDCG@10,0.6309297535714575
q180387,R@100,1.0
q180388,nDCG@10,0.5
q180388,R@100,1.0
q180389,nDCG@10,0.2890648263178879
q180389,R@100,1.0
q180390,nDCG@10,1.0
q180390,R@100,1.0
q180391,nDCG@10,1.0
q180391,R@100,1.0
q180392,nDCG@10,1.0
q180392,R@100,1.0
q180393,nDCG@10,0.6309297535714575
q180393,R@100,1.0
q180394,nDCG@10,1.0
q180394,R@100,1.0
q180395,nDCG@10,1.0
q180395,R@100,1.0
q180396,nDCG@10,1.0
q180396,R@100,1.0
q180397,nDCG@10,1.0
q180397,R@100,1.0
q180398,nDCG@10,1.0
q180398,R@100,1.0
q180399,nDCG@10,1.0
q180399,R@100,1.0
q180400,nDCG@10,1.0
q180400,R@100,1.0
q180401,nDCG@10,1.0
q180401,R@100,1.0
q180402,nDCG@10,0.6309297535714575
q180402,R@100,1.0
q180403,nDCG@10,0.6309297535714575
q180403,R@100,1.0
q180404,nDCG@10,0.6309297535714575
q180404,R@100,1.0
q180405,nDCG@10,1.0
q180405,R@100,1.0
q180406,nDCG@10,1.0
q180406,R@100,1.0
q180407,nDCG@10,1.0
q180407,R@100,1.0
q180408,nDCG@10,1.0
q180408,R@100,1.0
q180409,nDCG@10,1.0
q180409,R@100,1.0
q180410,nDCG@10,1.0
q180410,R@100,1.0
q180411,nDCG@10,1.0
q180411,R@100,1.0
q180412,nDCG@10,1.0
q180412,R@100,1.0
q180413,nDCG@10,1.0
q180413,R@100,1.0
q180414,nDCG@10,1.0
q180414,R@100,1.0
q180415,nDCG@10,1.0
q180415,R@100,1.0
q180416,nDCG@10,1.0
q180416,R@100,1.0
q180417,nDCG@10,1.0
q180417,R@100,1.0
q180418,nDCG@10,1.0
q180418,R@100,1.0
q180419,nDCG@10,1.0
q180419,R@100,1.0
q180420,nDCG@10,1.0
q180420,R@100,1.0
q180421,nDCG@10,1.0
q180421,R@100,1.0
q180422,nDCG@10,1.0
q180422,R@100,1.0
q180423,nDCG@10,1.0
q180423,R@100,1.0
q180424,nDCG@10,1.0
q180424,R@100,1.0
q180425,nDCG@10,1.0
q180425,R@100,1.0
q180426,nDCG@10,1.0
q180426,R@100,1.0
q180427,nDCG@10,1.0
q180427,R@100,1.0
q180428,nDCG@10,0.0
q180428,R@100,1.0
q180429,nDCG@10,1.0
q180429,R@100,1.0
q180430,nDCG@10,1.0
q180430,R@100,1.0
q180431,nDCG@10,1.0
q180431,R@100,1.0
q180432,nDCG@10,1.0
q180432,R@100,1.0
q180433,nDCG@10,1.0
q180433,R@100,1.0
q180434,nDCG@10,1.0
q180434,R@100,1.0
q180435,nDCG@10,0.2890648263178879
q180435,R@100,1.0
q180436,nDCG@10,0.6309297535714575
q180436,R@100,1.0
q180437,nDCG@10,0.0
q180437,R@100,1.0
q180438,nDCG@10,1.0
q180438,R@100,1.0
q180439,nDCG@10,1.0
q180439,R@100,1.0
q180440,nDCG@10,0.6309297535714575
q180440,R@100,1.0
q180441,nDCG@10,1.0
q180441,R@100,1.0
q180442,nDCG@10,1.0
q180442,R@100,1.0
q180443,nDCG@10,1.0
q180443,R@100,1.0
q180444,nDCG@10,1.0
q180444,R@100,1.0
q180445,nDCG@10,0.6309297535714575
q180445,R@100,1.0
q180446,nDCG@10,1.0
q180446,R@100,1.0
q180447,nDCG@10,1.0
q180447,R@100,1.0
q180448,nDCG@10,1.0
q180448,R@100,1.0
q180449,nDCG@10,1.0
q180449,R@100,1.0
q180450,nDCG@10,0.6309297535714575
q180450,R@100,1.0
q180451,nDCG@10,0.6309297535714575
q180451,R@100,1.0
q180452,nDCG@10,1.0
q180452,R@100,1.0
q180453,nDCG@10,0.6309297535714575
q180453,R@100,1.0
q180454,nDCG@10,1.0
q180454,R@100,1.0
q180455,nDCG@10,1.0
q180455,R@100,1.0
q180456,nDCG@10,1.0
q180456,R@100,1.0
q180457,nDCG@10,1.0
q180457,R@100,1.0
q180458,nDCG@10,1.0
q180458,R@100,1.0
q180459,nDCG@10,1.0
q180459,R@100,1.0
q180460,nDCG@10,1.0
q180460,R@100,1.0
q180461,nDCG@10,1.0
q180461,R@100,1.0
q180462,nDCG@10,0.5
q180462,R@100,1.0
q180463,nDCG@10,1.0
q180463,R@100,1.0
q180464,nDCG@10,1.0
q180464,R@100,1.0
q180465,nDCG@10,1.0
q180465,R@100,1.0
q180466,nDCG@10,1.0
q180466,R@100,1.0
q180467,nDCG@10,1.0
q180467,R@100,1.0
q180468,nDCG@10,1.0
q180468,R@100,1.0
q180469,nDCG@10,1.0
q180469,R@100,1.0
q180470,nDCG@10,1.0
q180470,R@100,1.0
q180471,nDCG@10,1.0
q180471,R@100,1.0
q180472,nDCG@10,1.0
q180472,R@100,1.0
q180473,nDCG@10,1.0
q180473,R@100,1.0
q180474,nDCG@10,0.0
q180474,R@100,0.0
q180475,nDCG@10,1.0
q180475,R@100,1.0
q180476,nDCG@10,0.6309297535714575
q180476,R@100,1.0
q180477,nDCG@10,1.0
q180477,R@100,1.0
q180478,nDCG@10,1.0
q180478,R@100,1.0
q180479,nDCG@10,1.0
q180479,R@100,1.0
q180480,nDCG@10,0.0
q180480,R@100,0.0
q180481,nDCG@10,0.43067655807339306
q180481,R@100,1.0
q180482,nDCG@10,1.0
q180482,R@100,1.0
q180483,nDCG@10,1.0
q180483,R@100,1.0
q180484,nDCG@10,1.0
q180484,R@100,1.0
q180485,nDCG@10,1.0
q180485,R@100,1.0
q180486,nDCG@10,1.0
q180486,R@100,1.0
q180487,nDCG@10,1.0
q180487,R@100,1.0
q180488,nDCG@10,1.0
q180488,R@100,1.0
q180489,nDCG@10,1.0
q180489,R@100,1.0
q180490,nDCG@10,1.0
q180490,R@100,1.0
q180491,nDCG@10,1.0
q180491,R@100,1.0
q180492,nDCG@10,0.3333333333333333
q180492,R@100,1.0
q180493,nDCG@10,0.6309297535714575
q180493,R@100,1.0
q180494,nDCG@10,0.38685280723454163
q180494,R@100,1.0
q180495,nDCG@10,1.0
q180495,R@100,1.0
q180496,nDCG@10,0.0
q180496,R@100,1.0
q180497,nDCG@10,1.0
q180497,R@100,1.0
q180498,nDCG@10,1.0
q180498,R@100,1.0
q180499,nDCG@10,1.0
q180499,R@100,1.0
q180500,nDCG@10,1.0
q180500,R@100,1.0
q180501,nDCG@10,1.0
q180501,R@100,1.0
q180502,nDCG@10,1.0
q180502,R@100,1.0
q180503,nDCG@10,1.0
q180503,R@100,1.0
q180504,nDCG@10,1.0
q180504,R@100,1.0
q180505,nDCG@10,1.0
q180505,R@100,1.0
q180506,nDCG@10,0.6309297535714575
q180506,R@100,1.0
q180507,nDCG@10,1.0
q180507,R@100,1.0
q180508,nDCG@10,1.0
q180508,R@100,1.0
q180509,nDCG@10,1.0
q180509,R@100,1.0
q180510,nDCG@10,1.0
q180510,R@100,1.0
q180511,nDCG@10,1.0
q180511,R@100,1.0
q180512,nDCG@10,0.0
q180512,R@100,1.0
q180513,nDCG@10,1.0
q180513,R@100,1.0
q180514,nDCG@10,1.0
q180514,R@100,1.0
q180515,nDCG@10,0.31546487678572877
q180515,R@100,1.0
q180516,nDCG@10,1.0
q180516,R@100,1.0
q180517,nDCG@10,1.0
q180517,R@100,1.0
q180518,nDCG@10,0.5
q180518,R@100,1.0
q180519,nDCG@10,0.5
q180519,R@100,1.0
q180520,nDCG@10,0.43067655807339306
q180520,R@100,1.0
q180521,nDCG@10,0.3333333333333333
q180521,R@100,1.0
q180522,nDCG@10,1.0
q180522,R@100,1.0
q180523,nDCG@10,1.0
q180523,R@100,1.0
q180524,nDCG@10,1.0
q180524,R@100,1.0
q180525,nDCG@10,1.0
q180525,R@100,1.0
q180526,nDCG@10,1.0
q180526,R@100,1.0
q180527,nDCG@10,1.0
q180527,R@100,1.0
q180528,nDCG@10,1.0
q180528,R@100,1.0
q180529,nDCG@10,1.0
q180529,R@100,1.0
q180530,nDCG@10,0.6309297535714575
q180530,R@100,1.0
q180531,nDCG@10,1.0
q180531,R@100,1.0
q180532,nDCG@10,0.0
q180532,R@100,1.0
q180533,nDCG@10,0.6309297535714575
q180533,R@100,1.0
q180534,nDCG@10,1.0
q180534,R@100,1.0
q180535,nDCG@10,1.0
q180535,R@100,1.0
q180536,nDCG@10,1.0
q180536,R@100,1.0
q180537,nDCG@10,0.6309297535714575
q180537,R@100,1.0
q180538,nDCG@10,1.0
q180538,R@100,1.0
q180539,nDCG@10,1.0
q180539,R@100,1.0
q180540,nDCG@10,1.0
q180540,R@100,1.0
q180541,nDCG@10,1.0
q180541,R@100,1.0
q180542,nDCG@10,1.0
q180542,R@100,1.0
q180543,nDCG@10,0.0
q180543,R@100,1.0
q180544,nDCG@10,1.0
q180544,R@100,1.0
q180545,nDCG@10,0.6309297535714575
q180545,R@100,1.0
q180546,nDCG@10,1.0
q180546,R@100,1.0
q180547,nDCG@10,1.0
q180547,R@100,1.0
q180548,nDCG@10,1.0
q180548,R@100,1.0
q180549,nDCG@10,1.0
q180549,R@100,1.0
q180550,nDCG@10,1.0
q180550,R@100,1.0
q180551,nDCG@10,1.0
q180551,R@100,1.0
q180552,nDCG@10,1.0
q180552,R@100,1.0
q180553,nDCG@10,1.0
q180553,R@100,1.0
q180554,nDCG@10,1.0
q180554,R@100,1.0
q180555,nDCG@10,0.6309297535714575
q180555,R@100,1.0
q180556,nDCG@10,0.6309297535714575
q180556,R@100,1.0
q180557,nDCG@10,0.0
q180557,R@100,1.0
q180558,nDCG@10,1.0
q180558,R@100,1.0
q180559,nDCG@10,0.0
q180559,R@100,1.0
q180560,nDCG@10,1.0
q180560,R@100,1.0
q180561,nDCG@10,1.0
q180561,R@100,1.0
q180562,nDCG@10,1.0
q180562,R@100,1.0
q180563,nDCG@10,1.0
q180563,R@100,1.0
q180564,nDCG@10,1.0
q180564,R@100,1.0
q180565,nDCG@10,1.0
q180565,R@100,1.0
q180566,nDCG@10,1.0
q180566,R@100,1.0
q180567,nDCG@10,1.0
q180567,R@100,1.0
q180568,nDCG@10,1.0
q180568,R@100,1.0
q180569,nDCG@10,1.0
q180569,R@100,1.0
q180570,nDCG@10,0.2890648263178879
q180570,R@100,1.0
q180571,nDCG@10,0.6309297535714575
q180571,R@100,1.0
q180572,nDCG@10,1.0
q180572,R@100,1.0
q180573,nDCG@10,1.0
q180573,R@100,1.0
q180574,nDCG@10,0.0
q180574,R@100,1.0
q180575,nDCG@10,1.0
q180575,R@100,1.0
q180576,nDCG@10,1.0
q180576,R@100,1.0
q180577,nDCG@10,1.0
q180577,R@100,1.0
q180578,nDCG@10,1.0
q180578,R@100,1.0
q180579,nDCG@10,0.3333333333333333
q180579,R@100,1.0
q180580,nDCG@10,1.0
q180580,R@100,1.0
q180581,nDCG@10,1.0
q180581,R@100,1.0
q180582,nDCG@10,1.0
q180582,R@100,1.0
q180583,nDCG@10,1.0
q180583,R@100,1.0
q180584,nDCG@10,0.38685280723454163
q180584,R@100,1.0
q180585,nDCG@10,0.6309297535714575
q180585,R@100,1.0
q180586,nDCG@10,1.0
q180586,R@100,1.0
q180587,nDCG@10,1.0
q180587,R@100,1.0
q180588,nDCG@10,1.0
q180588,R@100,1.0
q180589,nDCG@10,1.0
q180589,R@100,1.0
q180590,nDCG@10,0.6309297535714575
q180590,R@100,1.0
q180591,nDCG@10,1.0
q180591,R@100,1.0
q180592,nDCG@10,1.0
q180592,R@100,1.0
q180593,nDCG@10,0.0
q180593,R@100,0.0
q180594,nDCG@10,1.0
q180594,R@100,1.0
q180595,nDCG@10,1.0
q180595,R@100,1.0
q180596,nDCG@10,1.0
q180596,R@100,1.0
q180597,nDCG@10,1.0
q180597,R@100,1.0
q180598,nDCG@10,1.0
q180598,R@100,1.0
q180599,nDCG@10,1.0
q180599,R@100,1.0
q180600,nDCG@10,0.6309297535714575
q180600,R@100,1.0
q180601,nDCG@10,1.0
q180601,R@100,1.0
q180602,nDCG@10,0.0
q180602,R@100,1.0
q180603,nDCG@10,1.0
q180603,R@100,1.0
q180604,nDCG@10,1.0
q180604,R@100,1.0
q180605,nDCG@10,1.0
q180605,R@100,1.0
q180606,nDCG@10,0.5
q180606,R@100,1.0
q180607,nDCG@10,1.0
q180607,R@100,1.0
q180608,nDCG@10,1.0
q180608,R@100,1.0
q180609,nDCG@10,1.0
q180609,R@100,1.0
q180610,nDCG@10,1.0
q180610,R@100,1.0
q180611,nDCG@10,1.0
q180611,R@100,1.0
q180612,nDCG@10,1.0
q180612,R@100,1.0
q180613,nDCG@10,0.6309297535714575
q180613,R@100,1.0
q180614,nDCG@10,0.6309297535714575
q180614,R@100,1.0
q180615,nDCG@10,0.6309297535714575
q180615,R@100,1.0
q180616,nDCG@10,0.6309297535714575
q180616,R@100,1.0
q180617,nDCG@10,1.0
q180617,R@100,1.0
q180618,nDCG@10,0.6309297535714575
q180618,R@100,1.0
q180619,nDCG@10,1.0
q180619,R@100,1.0
q180620,nDCG@10,0.6309297535714575
q180620,R@100,1.0
q180621,nDCG@10,1.0
q180621,R@100,1.0
q180622,nDCG@10,1.0
q180622,R@100,1.0
q180623,nDCG@10,1.0
q180623,R@100,1.0
q180624,nDCG@10,1.0
q180624,R@100,1.0
q180625,nDCG@10,1.0
q180625,R@100,1.0
q180626,nDCG@10,1.0
q180626,R@100,1.0
q180627,nDCG@10,1.0
q180627,R@100,1.0
q180628,nDCG@10,0.0
q180628,R@100,1.0
q180629,nDCG@10,1.0
q180629,R@100,1.0
q180630,nDCG@10,1.0
q180630,R@100,1.0
q180631,nDCG@10,1.0
q180631,R@100,1.0
q180632,nDCG@10,1.0
q180632,R@100,1.0
q180633,nDCG@10,1.0
q180633,R@100,1.0
q180634,nDCG@10,0.6309297535714575
q180634,R@100,1.0
q180635,nDCG@10,1.0
q180635,R@100,1.0
q180636,nDCG@10,1.0
q180636,R@100,1.0
q180637,nDCG@10,1.0
q180637,R@100,1.0
q180638,nDCG@10,0.5
q180638,R@100,1.0
q180639,nDCG@10,1.0
q180639,R@100,1.0
q180640,nDCG@10,1.0
q180640,R@100,1.0
q180641,nDCG@10,1.0
q180641,R@100,1.0
q180642,nDCG@10,0.6309297535714575
q180642,R@100,1.0
q180643,nDCG@10,1.0
q180643,R@100,1.0
q180644,nDCG@10,0.5
q180644,R@100,1.0
q180645,nDCG@10,1.0
q180645,R@100,1.0
q180646,nDCG@10,0.0
q180646,R@100,0.0
q180647,nDCG@10,1.0
q180647,R@100,1.0
q180648,nDCG@10,1.0
q180648,R@100,1.0
q180649,nDCG@10,1.0
q180649,R@100,1.0
q180650,nDCG@10,1.0
q180650,R@100,1.0
q180651,nDCG@10,1.0
q180651,R@100,1.0
q180652,nDCG@10,0.6309297535714575
q180652,R@100,1.0
q180653,nDCG@10,0.0
q180653,R@100,1.0
q180654,nDCG@10,1.0
q180654,R@100,1.0
q180655,nDCG@10,1.0
q180655,R@100,1.0
q180656,nDCG@10,1.0
q180656,R@100,1.0
q180657,nDCG@10,1.0
q180657,R@100,1.0
q180658,nDCG@10,1.0
q180658,R@100,1.0
q180659,nDCG@10,1.0
q180659,R@100,1.0
q180660,nDCG@10,1.0
q180660,R@100,1.0
q180661,nDCG@10,1.0
q180661,R@100,1.0
q180662,nDCG@10,1.0
q180662,R@100,1.0
q180663,nDCG@10,1.0
q180663,R@100,1.0
q180664,nDCG@10,1.0
q180664,R@100,1.0
q180665,nDCG@10,1.0
q180665,R@100,1.0
q180666,nDCG@10,0.5
q180666,R@100,1.0
q180667,nDCG@10,1.0
q180667,R@100,1.0
q180668,nDCG@10,1.0
q180668,R@100,1.0
q180669,nDCG@10,1.0
q180669,R@100,1.0
q180670,nDCG@10,1.0
q180670,R@100,1.0
q180671,nDCG@10,1.0
q180671,R@100,1.0
q180672,nDCG@10,1.0
q180672,R@100,1.0
q180673,nDCG@10,0.6309297535714575
q180673,R@100,1.0
q180674,nDCG@10,1.0
q180674,R@100,1.0
q180675,nDCG@10,1.0
q180675,R@100,1.0
q180676,nDCG@10,1.0
q180676,R@100,1.0
q180677,nDCG@10,1.0
q180677,R@100,1.0
q180678,nDCG@10,1.0
q180678,R@100,1.0
q180679,nDCG@10,0.3333333333333333
q180679,R@100,1.0
q180680,nDCG@10,1.0
q180680,R@100,1.0
q180681,nDCG@10,1.0
q180681,R@100,1.0
q180682,nDCG@10,1.0
q180682,R@100,1.0
q180683,nDCG@10,1.0
q180683,R@100,1.0
q180684,nDCG@10,1.0
q180684,R@100,1.0
q180685,nDCG@10,1.0
q180685,R@100,1.0
q180686,nDCG@10,1.0
q180686,R@100,1.0
q180687,nDCG@10,0.6309297535714575
q180687,R@100,1.0
q180688,nDCG@10,1.0
q180688,R@100,1.0
q180689,nDCG@10,0.6309297535714575
q180689,R@100,1.0
q180690,nDCG@10,1.0
q180690,R@100,1.0
q180691,nDCG@10,1.0
q180691,R@100,1.0
q180692,nDCG@10,0.43067655807339306
q180692,R@100,1.0
q180693,nDCG@10,0.5
q180693,R@100,1.0
q180694,nDCG@10,0.0
q180694,R@100,1.0
q180695,nDCG@10,1.0
q180695,R@100,1.0
q180696,nDCG@10,1.0
q180696,R@100,1.0
q180697,nDCG@10,1.0
q180697,R@100,1.0
q180698,nDCG@10,1.0
q180698,R@100,1.0
q180699,nDCG@10,1.0
q180699,R@100,1.0
q180700,nDCG@10,1.0
q180700,R@100,1.0
q180701,nDCG@10,1.0
q180701,R@100,1.0
q180702,nDCG@10,1.0
q180702,R@100,1.0
q180703,nDCG@10,0.38685280723454163
q180703,R@100,1.0
q180704,nDCG@10,1.0
q180704,R@100,1.0
q180705,nDCG@10,1.0
q180705,R@100,1.0
q180706,nDCG@10,0.6309297535714575
q180706,R@100,1.0
q180707,nDCG@10,1.0
q180707,R@100,1.0
q180708,nDCG@10,0.6309297535714575
q180708,R@100,1.0
q180709,nDCG@10,0.5
q180709,R@100,1.0
q180710,nDCG@10,1.0
q180710,R@100,1.0
q180711,nDCG@10,1.0
q180711,R@100,1.0
q180712,nDCG@10,0.0
q180712,R@100,1.0
q180713,nDCG@10,0.0
q180713,R@100,0.0
q180714,nDCG@10,0.0
q180714,R@100,1.0
q180715,nDCG@10,0.6309297535714575
q180715,R@100,1.0
q180716,nDCG@10,0.38685280723454163
q180716,R@100,1.0
q180717,nDCG@10,1.0
q180717,R@100,1.0
q180718,nDCG@10,1.0
q180718,R@100,1.0
q180719,nDCG@10,1.0
q180719,R@100,1.0
q180720,nDCG@10,1.0
q180720,R@100,1.0
q180721,nDCG@10,1.0
q180721,R@100,1.0
q180722,nDCG@10,0.5
q180722,R@100,1.0
q180723,nDCG@10,1.0
q180723,R@100,1.0
q180724,nDCG@10,1.0
q180724,R@100,1.0
q180725,nDCG@10,1.0
q180725,R@100,1.0
q180726,nDCG@10,1.0
q180726,R@100,1.0
q180727,nDCG@10,0.5
q180727,R@100,1.0
q180728,nDCG@10,1.0
q180728,R@100,1.0
q180729,nDCG@10,0.6309297535714575
q180729,R@100,1.0
q180730,nDCG@10,1.0
q180730,R@100,1.0
q180731,nDCG@10,1.0
q180731,R@100,1.0
q180732,nDCG@10,0.43067655807339306
q180732,R@100,1.0
q180733,nDCG@10,1.0
q180733,R@100,1.0
q180734,nDCG@10,0.0
q180734,R@100,0.0
q180735,nDCG@10,1.0
q180735,R@100,1.0
q180736,nDCG@10,1.0
q180736,R@100,1.0
q180737,nDCG@10,1.0
q180737,R@100,1.0
q180738,nDCG@10,1.0
q180738,R@100,1.0
q180739,nDCG@10,1.0
q180739,R@100,1.0
q180740,nDCG@10,1.0
q180740,R@100,1.0
q180741,nDCG@10,1.0
q180741,R@100,1.0
q180742,nDCG@10,1.0
q180742,R@100,1.0
q180743,nDCG@10,1.0
q180743,R@100,1.0
q180744,nDCG@10,1.0
q180744,R@100,1.0
q180745,nDCG@10,0.6309297535714575
q180745,R@100,1.0
q180746,nDCG@10,1.0
q180746,R@100,1.0
q180747,nDCG@10,0.6309297535714575
q180747,R@100,1.0
q180748,nDCG@10,1.0
q180748,R@100,1.0
q180749,nDCG@10,0.6309297535714575
q180749,R@100,1.0
q180750,nDCG@10,1.0
q180750,R@100,1.0
q180751,nDCG@10,1.0
q180751,R@100,1.0
q180752,nDCG@10,0.5
q180752,R@100,1.0
q180753,nDCG@10,0.6309297535714575
q180753,R@100,1.0
q180754,nDCG@10,1.0
q180754,R@100,1.0
q180755,nDCG@10,1.0
q180755,R@100,1.0
q180756,nDCG@10,1.0
q180756,R@100,1.0
q180757,nDCG@10,1.0
q180757,R@100,1.0
q180758,nDCG@10,1.0
q180758,R@100,1.0
q180759,nDCG@10,1.0
q180759,R@100,1.0
q180760,nDCG@10,0.6309297535714575
q180760,R@100,1.0
q180761,nDCG@10,0.6309297535714575
q180761,R@100,1.0
q180762,nDCG@10,1.0
q180762,R@100,1.0
q180763,nDCG@10,1.0
q180763,R@100,1.0
q180764,nDCG@10,0.6309297535714575
q180764,R@100,1.0
q180765,nDCG@10,0.6309297535714575
q180765,R@100,1.0
q180766,nDCG@10,0.0
q180766,R@100,1.0
q180767,nDCG@10,0.6309297535714575
q180767,R@100,1.0
q180768,nDCG@10,0.38685280723454163
q180768,R@100,1.0
q180769,nDCG@10,1.0
q180769,R@100,1.0
q180770,nDCG@10,1.0
q180770,R@100,1.0
q180771,nDCG@10,1.0
q180771,R@100,1.0
q180772,nDCG@10,1.0
q180772,R@100,1.0
q180773,nDCG@10,1.0
q180773,R@100,1.0
q180774,nDCG@10,1.0
q180774,R@100,1.0
q180775,nDCG@10,0.0
q180775,R@100,1.0
q180776,nDCG@10,1.0
q180776,R@100,1.0
q180777,nDCG@10,0.3333333333333333
q180777,R@100,1.0
q180778,nDCG@10,1.0
q180778,R@100,1.0
q180779,nDCG@10,1.0
q180779,R@100,1.0
q180780,nDCG@10,0.0
q180780,R@100,0.0
q180781,nDCG@10,0.6309297535714575
q180781,R@100,1.0
q180782,nDCG@10,0.6309297535714575
q180782,R@100,1.0
q180783,nDCG@10,1.0
q180783,R@100,1.0
q180784,nDCG@10,0.3333333333333333
q180784,R@100,1.0
q180785,nDCG@10,1.0
q180785,R@100,1.0
q180786,nDCG@10,1.0
q180786,R@100,1.0
q180787,nDCG@10,1.0
q180787,R@100,1.0
q180788,nDCG@10,1.0
q180788,R@100,1.0
q180789,nDCG@10,1.0
q180789,R@100,1.0
q180790,nDCG@10,1.0
q180790,R@100,1.0
q180791,nDCG@10,0.5
q180791,R@100,1.0
q180792,nDCG@10,0.43067655807339306
q180792,R@100,1.0
q180793,nDCG@10,1.0
q180793,R@100,1.0
q180794,nDCG@10,1.0
q180794,R@100,1.0
q180795,nDCG@10,1.0
q180795,R@100,1.0
q180796,nDCG@10,1.0
q180796,R@100,1.0
q180797,nDCG@10,1.0
q180797,R@100,1.0
q180798,nDCG@10,1.0
q180798,R@100,1.0
q180799,nDCG@10,1.0
q180799,R@100,1.0
q180800,nDCG@10,1.0
q180800,R@100,1.0
q180801,nDCG@10,1.0
q180801,R@100,1.0
q180802,nDCG@10,1.0
q180802,R@100,1.0
q180803,nDCG@10,1.0
q180803,R@100,1.0
q180804,nDCG@10,0.6309297535714575
q180804,R@100,1.0
q180805,nDCG@10,1.0
q180805,R@100,1.0
q180806,nDCG@10,1.0
q180806,R@100,1.0
q180807,nDCG@10,1.0
q180807,R@100,1.0
q180808,nDCG@10,1.0
q180808,R@100,1.0
q180809,nDCG@10,1.0
q180809,R@100,1.0
q180810,nDCG@10,0.6309297535714575
q180810,R@100,1.0
q180811,nDCG@10,1.0
q180811,R@100,1.0
q180812,nDCG@10,1.0
q180812,R@100,1.0
q180813,nDCG@10,0.5
q180813,R@100,1.0
q180814,nDCG@10,1.0
q180814,R@100,1.0
q180815,nDCG@10,0.5
q180815,R@100,1.0
q180816,nDCG@10,0.6309297535714575
q180816,R@100,1.0
q180817,nDCG@10,1.0
q180817,R@100,1.0
q180818,nDCG@10,1.0
q180818,R@100,1.0
q180819,nDCG@10,1.0
q180819,R@100,1.0
q180820,nDCG@10,0.5
q180820,R@100,1.0
q180821,nDCG@10,1.0
q180821,R@100,1.0
q180822,nDCG@10,0.0
q180822,R@100,1.0
q180823,nDCG@10,0.6309297535714575
q180823,R@100,1.0
q180824,nDCG@10,1.0
q180824,R@100,1.0
q180825,nDCG@10,1.0
q180825,R@100,1.0
q180826,nDCG@10,1.0
q180826,R@100,1.0
q180827,nDCG@10,1.0
q180827,R@100,1.0
q180828,nDCG@10,1.0
q180828,R@100,1.0
q180829,nDCG@10,1.0
q180829,R@100,1.0
q180830,nDCG@10,1.0
q180830,R@100,1.0
q180831,nDCG@10,1.0
q180831,R@100,1.0
q180832,nDCG@10,1.0
q180832,R@100,1.0
q180833,nDCG@10,1.0
q180833,R@100,1.0
q180834,nDCG@10,0.6309297535714575
q180834,R@100,1.0
q180835,nDCG@10,0.5
q180835,R@100,1.0
q180836,nDCG@10,0.5
q180836,R@100,1.0
q180837,nDCG@10,0.6309297535714575
q180837,R@100,1.0
q180838,nDCG@10,1.0
q180838,R@100,1.0
q180839,nDCG@10,1.0
q180839,R@100,1.0
q180840,nDCG@10,0.0
q180840,R@100,1.0
q180841,nDCG@10,1.0
q180841,R@100,1.0
q180842,nDCG@10,1.0
q180842,R@100,1.0
q180843,nDCG@10,0.0
q180843,R@100,1.0
q180844,nDCG@10,0.6309297535714575
q180844,R@100,1.0
q180845,nDCG@10,1.0
q180845,R@100,1.0
q180846,nDCG@10,1.0
q180846,R@100,1.0
q180847,nDCG@10,1.0
q180847,R@100,1.0
q180848,nDCG@10,1.0
q180848,R@100,1.0
q180849,nDCG@10,1.0
q180849,R@100,1.0
q180850,nDCG@10,0.6309297535714575
q180850,R@100,1.0
q180851,nDCG@10,1.0
q180851,R@100,1.0
q180852,nDCG@10,1.0
q180852,R@100,1.0
q180853,nDCG@10,1.0
q180853,R@100,1.0
q180854,nDCG@10,1.0
q180854,R@100,1.0
q180855,nDCG@10,0.6309297535714575
q180855,R@100,1.0
q180856,nDCG@10,1.0
q180856,R@100,1.0
q180857,nDCG@10,1.0
q180857,R@100,1.0
q180858,nDCG@10,0.0
q180858,R@100,1.0
q180859,nDCG@10,0.38685280723454163
q180859,R@100,1.0
q180860,nDCG@10,1.0
q180860,R@100,1.0
q180861,nDCG@10,0.0
q180861,R@100,1.0
q180862,nDCG@10,1.0
q180862,R@100,1.0
q180863,nDCG@10,1.0
q180863,R@100,1.0
q180864,nDCG@10,1.0
q180864,R@100,1.0
q180865,nDCG@10,0.31546487678572877
q180865,R@100,1.0
q180866,nDCG@10,0.3010299956639812
q180866,R@100,1.0
q180867,nDCG@10,1.0
q180867,R@100,1.0
q180868,nDCG@10,0.6309297535714575
q180868,R@100,1.0
q180869,nDCG@10,0.6309297535714575
q180869,R@100,1.0
q180870,nDCG@10,1.0
q180870,R@100,1.0
q180871,nDCG@10,0.6309297535714575
q180871,R@100,1.0
q180872,nDCG@10,0.6309297535714575
q180872,R@100,1.0
q180873,nDCG@10,1.0
q180873,R@100,1.0
q180874,nDCG@10,1.0
q180874,R@100,1.0
q180875,nDCG@10,1.0
q180875,R@100,1.0
q180876,nDCG@10,1.0
q180876,R@100,1.0
q180877,nDCG@10,1.0
q180877,R@100,1.0
q180878,nDCG@10,0.6309297535714575
q180878,R@100,1.0
q180879,nDCG@10,1.0
q180879,R@100,1.0
q180880,nDCG@10,1.0
q180880,R@100,1.0
q180881,nDCG@10,1.0
q180881,R@100,1.0
q180882,nDCG@10,0.5
q180882,R@100,1.0
q180883,nDCG@10,0.5
q180883,R@100,1.0
q180884,nDCG@10,1.0
q180884,R@100,1.0
q180885,nDCG@10,0.0
q180885,R@100,1.0
q180886,nDCG@10,0.38685280723454163
q180886,R@100,1.0
q180887,nDCG@10,1.0
q180887,R@100,1.0
q180888,nDCG@10,0.6309297535714575
q180888,R@100,1.0
q180889,nDCG@10,0.5
q180889,R@100,1.0
q180890,nDCG@10,1.0
q180890,R@100,1.0
q180891,nDCG@10,1.0
q180891,R@100,1.0
q180892,nDCG@10,0.5
q180892,R@100,1.0
q180893,nDCG@10,1.0
q180893,R@100,1.0
q180894,nDCG@10,0.6309297535714575
q180894,R@100,1.0
q180895,nDCG@10,1.0
q180895,R@100,1.0
q180896,nDCG@10,1.0
q180896,R@100,1.0
q180897,nDCG@10,1.0
q180897,R@100,1.0
q180898,nDCG@10,1.0
q180898,R@100,1.0
q180899,nDCG@10,1.0
q180899,R@100,1.0
q180900,nDCG@10,1.0
q180900,R@100,1.0
q180901,nDCG@10,0.6309297535714575
q180901,R@100,1.0
q180902,nDCG@10,1.0
q180902,R@100,1.0
q180903,nDCG@10,1.0
q180903,R@100,1.0
q180904,nDCG@10,1.0
q180904,R@100,1.0
q180905,nDCG@10,1.0
q180905,R@100,1.0
q180906,nDCG@10,1.0
q180906,R@100,1.0
q180907,nDCG@10,1.0
q180907,R@100,1.0
q180908,nDCG@10,0.38685280723454163
q180908,R@100,1.0
q180909,nDCG@10,1.0
q180909,R@100,1.0
q180910,nDCG@10,1.0
q180910,R@100,1.0
q180911,nDCG@10,1.0
q180911,R@100,1.0
q180912,nDCG@10,1.0
q180912,R@100,1.0
q180913,nDCG@10,1.0
q180913,R@100,1.0
q180914,nDCG@10,1.0
q180914,R@100,1.0
q180915,nDCG@10,1.0
q180915,R@100,1.0
q180916,nDCG@10,1.0
q180916,R@100,1.0
q180917,nDCG@10,1.0
q180917,R@100,1.0
q180918,nDCG@10,1.0
q180918,R@100,1.0
q180919,nDCG@10,1.0
q180919,R@100,1.0
q180920,nDCG@10,1.0
q180920,R@100,1.0
q180921,nDCG@10,0.38685280723454163
q180921,R@100,1.0
q180922,nDCG@10,1.0
q180922,R@100,1.0
q180923,nDCG@10,0.6309297535714575
q180923,R@100,1.0
q180924,nDCG@10,1.0
q180924,R@100,1.0
q180925,nDCG@10,1.0
q180925,R@100,1.0
q180926,nDCG@10,1.0
q180926,R@100,1.0
q180927,nDCG@10,1.0
q180927,R@100,1.0
q180928,nDCG@10,1.0
q180928,R@100,1.0
q180929,nDCG@10,1.0
q180929,R@100,1.0
q180930,nDCG@10,1.0
q180930,R@100,1.0
q180931,nDCG@10,0.6309297535714575
q180931,R@100,1.0
q180932,nDCG@10,1.0
q180932,R@100,1.0
q180933,nDCG@10,1.0
q180933,R@100,1.0
q180934,nDCG@10,0.3333333333333333
q180934,R@100,1.0
q180935,nDCG@10,1.0
q180935,R@100,1.0
q180936,nDCG@10,0.3333333333333333
q180936,R@100,1.0
q180937,nDCG@10,1.0
q180937,R@100,1.0
q180938,nDCG@10,1.0
q180938,R@100,1.0
q180939,nDCG@10,0.6309297535714575
q180939,R@100,1.0
q180940,nDCG@10,1.0
q180940,R@100,1.0
q180941,nDCG@10,1.0
q180941,R@100,1.0
q180942,nDCG@10,1.0
q180942,R@100,1.0
q180943,nDCG@10,1.0
q180943,R@100,1.0
q180944,nDCG@10,1.0
q180944,R@100,1.0
q180945,nDCG@10,1.0
q180945,R@100,1.0
q180946,nDCG@10,1.0
q180946,R@100,1.0
q180947,nDCG@10,0.6309297535714575
q180947,R@100,1.0
q180948,nDCG@10,1.0
q180948,R@100,1.0
q180949,nDCG@10,1.0
q180949,R@100,1.0
q180950,nDCG@10,1.0
q180950,R@100,1.0
q180951,nDCG@10,1.0
q180951,R@100,1.0
q180952,nDCG@10,0.5
q180952,R@100,1.0
q180953,nDCG@10,1.0
q180953,R@100,1.0
q180954,nDCG@10,1.0
q180954,R@100,1.0
q180955,nDCG@10,1.0
q180955,R@100,1.0
q180956,nDCG@10,1.0
q180956,R@100,1.0
q180957,nDCG@10,1.0
q180957,R@100,1.0
q180958,nDCG@10,1.0
q180958,R@100,1.0
q180959,nDCG@10,1.0
q180959,R@100,1.0
q180960,nDCG@10,1.0
q180960,R@100,1.0
q180961,nDCG@10,1.0
q180961,R@100,1.0
q180962,nDCG@10,1.0
q180962,R@100,1.0
q180963,nDCG@10,1.0
q180963,R@100,1.0
q180964,nDCG@10,1.0
q180964,R@100,1.0
q180965,nDCG@10,1.0
q180965,R@100,1.0
q180966,nDCG@10,1.0
q180966,R@100,1.0
q180967,nDCG@10,1.0
q180967,R@100,1.0
q180968,nDCG@10,0.43067655807339306
q180968,R@100,1.0
q180969,nDCG@10,1.0
q180969,R@100,1.0
q180970,nDCG@10,1.0
q180970,R@100,1.0
q180971,nDCG@10,1.0
q180971,R@100,1.0
q180972,nDCG@10,1.0
q180972,R@100,1.0
q180973,nDCG@10,1.0
q180973,R@100,1.0
q180974,nDCG@10,1.0
q180974,R@100,1.0
q180975,nDCG@10,1.0
q180975,R@100,1.0
q180976,nDCG@10,1.0
q180976,R@100,1.0
q180977,nDCG@10,0.43067655807339306
q180977,R@100,1.0
q180978,nDCG@10,0.6309297535714575
q180978,R@100,1.0
q180979,nDCG@10,0.0
q180979,R@100,1.0
q180980,nDCG@10,0.0
q180980,R@100,1.0
q180981,nDCG@10,0.0
q180981,R@100,1.0
q180982,nDCG@10,1.0
q180982,R@100,1.0
q180983,nDCG@10,1.0
q180983,R@100,1.0
q180984,nDCG@10,0.6309297535714575
q180984,R@100,1.0
q180985,nDCG@10,1.0
q180985,R@100,1.0
q180986,nDCG@10,1.0
q180986,R@100,1.0
q180987,nDCG@10,0.3562071871080222
q180987,R@100,1.0
q180988,nDCG@10,1.0
q180988,R@100,1.0
q180989,nDCG@10,1.0
q180989,R@100,1.0
q180990,nDCG@10,1.0
q180990,R@100,1.0
q180991,nDCG@10,1.0
q180991,R@100,1.0
q180992,nDCG@10,1.0
q180992,R@100,1.0
q180993,nDCG@10,1.0
q180993,R@100,1.0
q180994,nDCG@10,0.5
q180994,R@100,1.0
q180995,nDCG@10,1.0
q180995,R@100,1.0
q180996,nDCG@10,1.0
q180996,R@100,1.0
q180997,nDCG@10,1.0
q180997,R@100,1.0
q180998,nDCG@10,1.0
q180998,R@100,1.0
q180999,nDCG@10,1.0
q180999,R@100,1.0
q181000,nDCG@10,0.6309297535714575
q181000,R@100,1.0
q181001,nDCG@10,1.0
q181001,R@100,1.0
q181002,nDCG@10,1.0
q181002,R@100,1.0
q181003,nDCG@10,1.0
q181003,R@100,1.0
q181004,nDCG@10,0.6309297535714575
q181004,R@100,1.0
q181005,nDCG@10,0.6309297535714575
q181005,R@100,1.0
q181006,nDCG@10,1.0
q181006,R@100,1.0
q181007,nDCG@10,1.0
q181007,R@100,1.0
q181008,nDCG@10,0.5
q181008,R@100,1.0
q181009,nDCG@10,0.38685280723454163
q181009,R@100,1.0
q181010,nDCG@10,0.31546487678572877
q181010,R@100,1.0
q181011,nDCG@10,1.0
q181011,R@100,1.0
q181012,nDCG@10,1.0
q181012,R@100,1.0
q181013,nDCG@10,0.43067655807339306
q181013,R@100,1.0
q181014,nDCG@10,1.0
q181014,R@100,1.0
q181015,nDCG@10,0.43067655807339306
q181015,R@100,1.0
q181016,nDCG@10,0.5
q181016,R@100,1.0
q181017,nDCG@10,1.0
q181017,R@100,1.0
q181018,nDCG@10,1.0
q181018,R@100,1.0
q181019,nDCG@10,1.0
q181019,R@100,1.0
q181020,nDCG@10,1.0
q181020,R@100,1.0
q181021,nDCG@10,1.0
q181021,R@100,1.0
q181022,nDCG@10,1.0
q181022,R@100,1.0
q181023,nDCG@10,0.0
q181023,R@100,1.0
q181024,nDCG@10,1.0
q181024,R@100,1.0
q181025,nDCG@10,1.0
q181025,R@100,1.0
q181026,nDCG@10,1.0
q181026,R@100,1.0
q181027,nDCG@10,0.6309297535714575
q181027,R@100,1.0
q181028,nDCG@10,1.0
q181028,R@100,1.0
q181029,nDCG@10,1.0
q181029,R@100,1.0
q181030,nDCG@10,1.0
q181030,R@100,1.0
q181031,nDCG@10,1.0
q181031,R@100,1.0
q181032,nDCG@10,0.6309297535714575
q181032,R@100,1.0
q181033,nDCG@10,1.0
q181033,R@100,1.0
q181034,nDCG@10,1.0
q181034,R@100,1.0
q181035,nDCG@10,1.0
q181035,R@100,1.0
q181036,nDCG@10,1.0
q181036,R@100,1.0
q181037,nDCG@10,1.0
q181037,R@100,1.0
q181038,nDCG@10,1.0
q181038,R@100,1.0
q181039,nDCG@10,1.0
q181039,R@100,1.0
q181040,nDCG@10,1.0
q181040,R@100,1.0
q181041,nDCG@10,0.6309297535714575
q181041,R@100,1.0
q181042,nDCG@10,1.0
q181042,R@100,1.0
q181043,nDCG@10,1.0
q181043,R@100,1.0
q181044,nDCG@10,0.3562071871080222
q181044,R@100,1.0
q181045,nDCG@10,0.6309297535714575
q181045,R@100,1.0
q181046,nDCG@10,1.0
q181046,R@100,1.0
q181047,nDCG@10,1.0
q181047,R@100,1.0
q181048,nDCG@10,0.6309297535714575
q181048,R@100,1.0
q181049,nDCG@10,0.6309297535714575
q181049,R@100,1.0
q181050,nDCG@10,0.0
q181050,R@100,1.0
q181051,nDCG@10,1.0
q181051,R@100,1.0
q181052,nDCG@10,1.0
q181052,R@100,1.0
q181053,nDCG@10,1.0
q181053,R@100,1.0
q181054,nDCG@10,1.0
q181054,R@100,1.0
q181055,nDCG@10,1.0
q181055,R@100,1.0
q181056,nDCG@10,1.0
q181056,R@100,1.0
q181057,nDCG@10,1.0
q181057,R@100,1.0
q181058,nDCG@10,1.0
q181058,R@100,1.0
q181059,nDCG@10,1.0
q181059,R@100,1.0
q181060,nDCG@10,1.0
q181060,R@100,1.0
