qid,measure,value
q254223,nDCG@10,0.0
q254223,R@100,0.0
q254224,nDCG@10,0.0
q254224,R@100,0.0
q254225,nDCG@10,1.0
q254225,R@100,1.0
q254226,nDCG@10,0.0
q254226,R@100,0.0
q254227,nDCG@10,1.0
q254227,R@100,1.0
q254228,nDCG@10,0.0
q254228,R@100,1.0
q254229,nDCG@10,0.2890648263178879
q254229,R@100,1.0
q254230,nDCG@10,0.0
q254230,R@100,0.0
q254231,nDCG@10,0.0
q254231,R@100,0.0
q254232,nDCG@10,0.0
q254232,R@100,1.0
q254233,nDCG@10,0.0
q254233,R@100,0.0
q254234,nDCG@10,0.0
q254234,R@100,0.0
q254235,nDCG@10,0.0
q254235,R@100,0.0
q254236,nDCG@10,0.0
q254236,R@100,1.0
q254237,nDCG@10,0.0
q254237,R@100,0.0
q254238,nDCG@10,0.0
q254238,R@100,0.0
q254239,nDCG@10,0.0
q254239,R@100,0.0
q254240,nDCG@10,0.0
q254240,R@100,0.0
q254241,nDCG@10,0.0
q254241,R@100,0.0
q254242,nDCG@10,0.0
q254242,R@100,0.0
q254243,nDCG@10,0.0
q254243,R@100,1.0
q254244,nDCG@10,0.3562071871080222
q254244,R@100,1.0
q254245,nDCG@10,0.0
q254245,R@100,0.0
q254246,nDCG@10,0.0
q254246,R@100,1.0
q254247,nDCG@10,0.0
q254247,R@100,1.0
q254248,nDCG@10,0.0
q254248,R@100,1.0
q254249,nDCG@10,0.0
q254249,R@100,1.0
q254250,nDCG@10,0.0
q254250,R@100,1.0
q254251,nDCG@10,0.0
q254251,R@100,1.0
q254252,nDCG@10,1.0
q254252,R@100,1.0
q254253,nDCG@10,0.6309297535714575
q254253,R@100,1.0
q254254,nDCG@10,0.0
q254254,R@100,0.0
q254255,nDCG@10,0.3333333333333333
q254255,R@100,1.0
q254256,nDCG@10,0.0
q254256,R@100,0.0
q254257,nDCG@10,0.6309297535714575
q254257,R@100,1.0
q254258,nDCG@10,0.0
q254258,R@100,0.0
q254259,nDCG@10,0.0
q254259,R@100,0.0
q254260,nDCG@10,0.6309297535714575
q254260,R@100,1.0
q254261,nDCG@10,1.0
q254261,R@100,1.0
q254262,nDCG@10,0.0
q254262,R@100,0.0
q254263,nDCG@10,0.0
q254263,R@100,0.0
q254264,nDCG@10,0.0
q254264,R@100,1.0
q254265,nDCG@10,0.38685280723454163
q254265,R@100,1.0
q254266,nDCG@10,0.0
q254266,R@100,0.0
q254267,nDCG@10,0.0
q254267,R@100,1.0
q254268,nDCG@10,0.0
q254268,R@100,0.0
q254269,nDCG@10,0.0
q254269,R@100,0.0
q254270,nDCG@10,0.0
q254270,R@100,0.0
q254271,nDCG@10,1.0
q254271,R@100,1.0
q254272,nDCG@10,1.0
q254272,R@100,1.0
q254273,nDCG@10,0.0
q254273,R@100,0.0
q254274,nDCG@10,0.6309297535714575
q254274,R@100,1.0
q254275,nDCG@10,0.0
q254275,R@100,1.0
q254276,nDCG@10,1.0
q254276,R@100,1.0
q254277,nDCG@10,0.0
q254277,R@100,0.0
q254278,nDCG@10,0.5
q254278,R@100,1.0
q254279,nDCG@10,0.0
q254279,R@100,0.0
q254280,nDCG@10,0.0
q254280,R@100,1.0
q254281,nDCG@10,0.0
q254281,R@100,1.0
q254282,nDCG@10,0.0
q254282,R@100,0.0
q254283,nDCG@10,0.0
q254283,R@100,0.0
q254284,nDCG@10,1.0
q254284,R@100,1.0
q254285,nDCG@10,0.3010299956639812
q254285,R@100,1.0
q254286,nDCG@10,1.0
q254286,R@100,1.0
q254287,nDCG@10,0.0
q254287,R@100,1.0
q254288,nDCG@10,0.0
q254288,R@100,0.0
q254289,nDCG@10,0.0
q254289,R@100,0.0
q254290,nDCG@10,0.0
q254290,R@100,0.0
q254291,nDCG@10,1.0
q254291,R@100,1.0
q254292,nDCG@10,0.0
q254292,R@100,0.0
q254293,nDCG@10,0.0
q254293,R@100,1.0
q254294,nDCG@10,0.0
q254294,R@100,0.0
q254295,nDCG@10,0.0
q254295,R@100,0.0
q254296,nDCG@10,0.0
q254296,R@100,0.0
q254297,nDCG@10,0.0
q254297,R@100,0.0
q254298,nDCG@10,0.0
q254298,R@100,0.0
q254299,nDCG@10,0.0
q254299,R@100,0.0
q254300,nDCG@10,0.0
q254300,R@100,0.0
q254301,nDCG@10,0.0
q254301,R@100,0.0
q254302,nDCG@10,1.0
q254302,R@100,1.0
q254303,nDCG@10,1.0
q254303,R@100,1.0
q254304,nDCG@10,0.43067655807339306
q254304,R@100,1.0
q254305,nDCG@10,1.0
q254305,R@100,1.0
q254306,nDCG@10,0.0
q254306,R@100,1.0
q254307,nDCG@10,0.0
q254307,R@100,1.0
q254308,nDCG@10,0.0
q254308,R@100,0.0
q254309,nDCG@10,0.0
q254309,R@100,1.0
q254310,nDCG@10,1.0
q254310,R@100,1.0
q254311,nDCG@10,1.0
q254311,R@100,1.0
q254312,nDCG@10,1.0
q254312,R@100,1.0
q254313,nDCG@10,0.0
q254313,R@100,0.0
q254314,nDCG@10,0.0
q254314,R@100,0.0
q254315,nDCG@10,0.0
q254315,R@100,0.0
q254316,nDCG@10,0.0
q254316,R@100,0.0
q254317,nDCG@10,0.0
q254317,R@100,1.0
q254318,nDCG@10,0.0
q254318,R@100,1.0
q254319,nDCG@10,0.0
q254319,R@100,0.0
q254320,nDCG@10,1.0
q254320,R@100,1.0
q254321,nDCG@10,1.0
q254321,R@100,1.0
q254322,nDCG@10,0.0
q254322,R@100,0.0
q254323,nDCG@10,0.0
q254323,R@100,0.0
q254324,nDCG@10,1.0
q254324,R@100,1.0
q254325,nDCG@10,1.0
q254325,R@100,1.0
q254326,nDCG@10,1.0
q254326,R@100,1.0
q254327,nDCG@10,0.0
q254327,R@100,1.0
q254328,nDCG@10,0.0
q254328,R@100,0.0
q254329,nDCG@10,0.0
q254329,R@100,0.0
q254330,nDCG@10,1.0
q254330,R@100,1.0
q254331,nDCG@10,0.0
q254331,R@100,0.0
q254332,nDCG@10,0.0
q254332,R@100,1.0
q254333,nDCG@10,0.0
q254333,R@100,0.0
q254334,nDCG@10,0.0
q254334,R@100,1.0
q254335,nDCG@10,0.0
q254335,R@100,1.0
q254336,nDCG@10,0.0
q254336,R@100,0.0
q254337,nDCG@10,0.0
q254337,R@100,1.0
q254338,nDCG@10,1.0
q254338,R@100,1.0
q254339,nDCG@10,0.0
q254339,R@100,0.0
q254340,nDCG@10,0.0
q254340,R@100,0.0
q254341,nDCG@10,0.0
q254341,R@100,1.0
q254342,nDCG@10,0.0
q254342,R@100,0.0
q254343,nDCG@10,0.0
q254343,R@100,1.0
q254344,nDCG@10,0.0
q254344,R@100,0.0
q254345,nDCG@10,1.0
q254345,R@100,1.0
q254346,nDCG@10,0.0
q254346,R@100,0.0
q254347,nDCG@10,0.0
q254347,R@100,1.0
q254348,nDCG@10,1.0
q254348,R@100,1.0
q254349,nDCG@10,0.6309297535714575
q254349,R@100,1.0
q254350,nDCG@10,0.0
q254350,R@100,0.0
q254351,nDCG@10,0.3333333333333333
q254351,R@100,1.0
q254352,nDCG@10,0.0
q254352,R@100,0.0
q254353,nDCG@10,1.0
q254353,R@100,1.0
q254354,nDCG@10,1.0
q254354,R@100,1.0
q254355,nDCG@10,1.0
q254355,R@100,1.0
q254356,nDCG@10,0.43067655807339306
q254356,R@100,1.0
q254357,nDCG@10,0.0
q254357,R@100,1.0
q254358,nDCG@10,0.0
q254358,R@100,1.0
q254359,nDCG@10,0.0
q254359,R@100,0.0
q254360,nDCG@10,0.0
q254360,R@100,0.0
q254361,nDCG@10,1.0
q254361,R@100,1.0
q254362,nDCG@10,1.0
q254362,R@100,1.0
q254363,nDCG@10,0.2890648263178879
q254363,R@100,1.0
q254364,nDCG@10,0.0
q254364,R@100,0.0
q254365,nDCG@10,0.0
q254365,R@100,0.0
q254366,nDCG@10,0.0
q254366,R@100,0.0
q254367,nDCG@10,1.0
q254367,R@100,1.0
q254368,nDCG@10,0.0
q254368,R@100,1.0
q254369,nDCG@10,1.0
q254369,R@100,1.0
q254370,nDCG@10,0.0
q254370,R@100,1.0
q254371,nDCG@10,0.0
q254371,R@100,1.0
q254372,nDCG@10,0.6309297535714575
q254372,R@100,1.0
q254373,nDCG@10,0.5
q254373,R@100,1.0
q254374,nDCG@10,0.38685280723454163
q254374,R@100,1.0
q254375,nDCG@10,0.0
q254375,R@100,0.0
q254376,nDCG@10,0.0
q254376,R@100,1.0
q254377,nDCG@10,0.0
q254377,R@100,0.0
q254378,nDCG@10,0.0
q254378,R@100,0.0
q254379,nDCG@10,0.0
q254379,R@100,0.0
q254380,nDCG@10,0.5
q254380,R@100,1.0
q254381,nDCG@10,0.0
q254381,R@100,1.0
q254382,nDCG@10,0.0
q254382,R@100,0.0
q254383,nDCG@10,0.0
q254383,R@100,1.0
q254384,nDCG@10,1.0
q254384,R@100,1.0
q254385,nDCG@10,1.0
q254385,R@100,1.0
q254386,nDCG@10,0.6309297535714575
q254386,R@100,1.0
q254387,nDCG@10,0.43067655807339306
q254387,R@100,1.0
q254388,nDCG@10,1.0
q254388,R@100,1.0
q254389,nDCG@10,0.0
q254389,R@100,0.0
q254390,nDCG@10,0.0
q254390,R@100,1.0
q254391,nDCG@10,0.31546487678572877
q254391,R@100,1.0
q254392,nDCG@10,0.0
q254392,R@100,1.0
q254393,nDCG@10,0.6309297535714575
q254393,R@100,1.0
q254394,nDCG@10,0.0
q254394,R@100,1.0
q254395,nDCG@10,0.0
q254395,R@100,0.0
q254396,nDCG@10,0.6309297535714575
q254396,R@100,1.0
q254397,nDCG@10,1.0
q254397,R@100,1.0
q254398,nDCG@10,1.0
q254398,R@100,1.0
q254399,nDCG@10,0.0
q254399,R@100,1.0
q254400,nDCG@10,0.0
q254400,R@100,1.0
q254401,nDCG@10,0.0
q254401,R@100,0.0
q254402,nDCG@10,0.0
q254402,R@100,0.0
q254403,nDCG@10,1.0
q254403,R@100,1.0
q254404,nDCG@10,0.0
q254404,R@100,1.0
q254405,nDCG@10,1.0
q254405,R@100,1.0
q254406,nDCG@10,1.0
q254406,R@100,1.0
q254407,nDCG@10,0.0
q254407,R@100,0.0
q254408,nDCG@10,0.0
q254408,R@100,0.0
q254409,nDCG@10,0.0
q254409,R@100,0.0
q254410,nDCG@10,0.5
q254410,R@100,1.0
q254411,nDCG@10,0.38685280723454163
q254411,R@100,1.0
q254412,nDCG@10,0.0
q254412,R@100,0.0
q254413,nDCG@10,1.0
q254413,R@100,1.0
q254414,nDCG@10,0.38685280723454163
q254414,R@100,1.0
q254415,nDCG@10,0.3562071871080222
q254415,R@100,1.0
q254416,nDCG@10,0.6309297535714575
q254416,R@100,1.0
q254417,nDCG@10,0.3333333333333333
q254417,R@100,1.0
q254418,nDCG@10,1.0
q254418,R@100,1.0
q254419,nDCG@10,1.0
q254419,R@100,1.0
q254420,nDCG@10,0.43067655807339306
q254420,R@100,1.0
q254421,nDCG@10,0.5
q254421,R@100,1.0
q254422,nDCG@10,1.0
q254422,R@100,1.0
q254423,nDCG@10,1.0
q254423,R@100,1.0
q254424,nDCG@10,1.0
q254424,R@100,1.0
q254425,nDCG@10,0.43067655807339306
q254425,R@100,1.0
q254426,nDCG@10,0.0
q254426,R@100,0.0
q254427,nDCG@10,0.0
q254427,R@100,0.0
q254428,nDCG@10,0.6309297535714575
q254428,R@100,1.0
q254429,nDCG@10,0.0
q254429,R@100,0.0
q254430,nDCG@10,0.0
q254430,R@100,0.0
q254431,nDCG@10,0.0
q254431,R@100,0.0
q254432,nDCG@10,0.0
q254432,R@100,0.0
q254433,nDCG@10,0.0
q254433,R@100,1.0
q254434,nDCG@10,0.0
q254434,R@100,0.0
q254435,nDCG@10,0.0
q254435,R@100,0.0
q254436,nDCG@10,0.0
q254436,R@100,0.0
q254437,nDCG@10,0.0
q254437,R@100,0.0
q254438,nDCG@10,0.0
q254438,R@100,0.0
q254439,nDCG@10,0.0
q254439,R@100,0.0
q254440,nDCG@10,0.0
q254440,R@100,0.0
q254441,nDCG@10,0.0
q254441,R@100,0.0
q254442,nDCG@10,1.0
q254442,R@100,1.0
q254443,nDCG@10,0.5
q254443,R@100,1.0
q254444,nDCG@10,1.0
q254444,R@100,1.0
q254445,nDCG@10,0.0
q254445,R@100,0.0
q254446,nDCG@10,0.0
q254446,R@100,1.0
q254447,nDCG@10,1.0
q254447,R@100,1.0
q254448,nDCG@10,1.0
q254448,R@100,1.0
q254449,nDCG@10,0.0
q254449,R@100,1.0
q254450,nDCG@10,0.0
q254450,R@100,0.0
q254451,nDCG@10,0.0
q254451,R@100,0.0
q254452,nDCG@10,0.0
q254452,R@100,0.0
q254453,nDCG@10,0.0
q254453,R@100,0.0
q254454,nDCG@10,1.0
q254454,R@100,1.0
q254455,nDCG@10,0.5
q254455,R@100,1.0
q254456,nDCG@10,0.3562071871080222
q254456,R@100,1.0
q254457,nDCG@10,0.0
q254457,R@100,0.0
q254458,nDCG@10,0.0
q254458,R@100,0.0
q254459,nDCG@10,0.0
q254459,R@100,0.0
q254460,nDCG@10,0.0
q254460,R@100,1.0
q254461,nDCG@10,0.0
q254461,R@100,1.0
q254462,nDCG@10,0.0
q254462,R@100,0.0
q254463,nDCG@10,0.0
q254463,R@100,1.0
q254464,nDCG@10,0.0
q254464,R@100,1.0
q254465,nDCG@10,0.0
q254465,R@100,1.0
q254466,nDCG@10,0.0
q254466,R@100,0.0
q254467,nDCG@10,0.0
q254467,R@100,0.0
q254468,nDCG@10,0.0
q254468,R@100,0.0
q254469,nDCG@10,1.0
q254469,R@100,1.0
q254470,nDCG@10,0.0
q254470,R@100,0.0
q254471,nDCG@10,1.0
q254471,R@100,1.0
q254472,nDCG@10,0.2890648263178879
q254472,R@100,1.0
q254473,nDCG@10,1.0
q254473,R@100,1.0
q254474,nDCG@10,0.0
q254474,R@100,0.0
q254475,nDCG@10,0.0
q254475,R@100,1.0
q254476,nDCG@10,0.5
q254476,R@100,1.0
q254477,nDCG@10,0.0
q254477,R@100,0.0
q254478,nDCG@10,1.0
q254478,R@100,1.0
q254479,nDCG@10,0.0
q254479,R@100,1.0
q254480,nDCG@10,1.0
q254480,R@100,1.0
q254481,nDCG@10,0.0
q254481,R@100,1.0
q254482,nDCG@10,0.0
q254482,R@100,1.0
q254483,nDCG@10,0.3333333333333333
q254483,R@100,1.0
q254484,nDCG@10,0.0
q254484,R@100,1.0
q254485,nDCG@10,1.0
q254485,R@100,1.0
q254486,nDCG@10,0.0
q254486,R@100,1.0
q254487,nDCG@10,0.0
q254487,R@100,1.0
q254488,nDCG@10,0.0
q254488,R@100,0.0
q254489,nDCG@10,0.3562071871080222
q254489,R@100,1.0
q254490,nDCG@10,0.0
q254490,R@100,0.0
q254491,nDCG@10,0.0
q254491,R@100,1.0
q254492,nDCG@10,0.0
q254492,R@100,0.0
q254493,nDCG@10,0.0
q254493,R@100,1.0
q254494,nDCG@10,1.0
q254494,R@100,1.0
q254495,nDCG@10,0.0
q254495,R@100,0.0
q254496,nDCG@10,1.0
q254496,R@100,1.0
q254497,nDCG@10,0.0
q254497,R@100,0.0
q254498,nDCG@10,0.0
q254498,R@100,0.0
q254499,nDCG@10,0.0
q254499,R@100,0.0
q254500,nDCG@10,0.0
q254500,R@100,0.0
q254501,nDCG@10,0.0
q254501,R@100,0.0
q254502,nDCG@10,0.0
q254502,R@100,0.0
q254503,nDCG@10,1.0
q254503,R@100,1.0
q254504,nDCG@10,1.0
q254504,R@100,1.0
q254505,nDCG@10,0.6309297535714575
q254505,R@100,1.0
q254506,nDCG@10,0.0
q254506,R@100,1.0
q254507,nDCG@10,0.38685280723454163
q254507,R@100,1.0
q254508,nDCG@10,0.0
q254508,R@100,0.0
q254509,nDCG@10,0.43067655807339306
q254509,R@100,1.0
q254510,nDCG@10,0.0
q254510,R@100,1.0
q254511,nDCG@10,0.0
q254511,R@100,1.0
q254512,nDCG@10,0.6309297535714575
q254512,R@100,1.0
q254513,nDCG@10,0.0
q254513,R@100,0.0
q254514,nDCG@10,1.0
q254514,R@100,1.0
q254515,nDCG@10,0.0
q254515,R@100,1.0
q254516,nDCG@10,0.0
q254516,R@100,1.0
q254517,nDCG@10,0.0
q254517,R@100,0.0
q254518,nDCG@10,0.31546487678572877
q254518,R@100,1.0
q254519,nDCG@10,0.0
q254519,R@100,1.0
q254520,nDCG@10,0.0
q254520,R@100,0.0
q254521,nDCG@10,0.0
q254521,R@100,0.0
q254522,nDCG@10,0.0
q254522,R@100,1.0
q254523,nDCG@10,0.0
q254523,R@100,1.0
q254524,nDCG@10,0.0
q254524,R@100,0.0
q254525,nDCG@10,0.0
q254525,R@100,1.0
q254526,nDCG@10,0.31546487678572877
q254526,R@100,1.0
q254527,nDCG@10,0.38685280723454163
q254527,R@100,1.0
q254528,nDCG@10,0.0
q254528,R@100,0.0
q254529,nDCG@10,0.0
q254529,R@100,0.0
q254530,nDCG@10,0.0
q254530,R@100,1.0
q254531,nDCG@10,0.0
q254531,R@100,0.0
q254532,nDCG@10,0.0
q254532,R@100,0.0
q254533,nDCG@10,0.0
q254533,R@100,1.0
q254534,nDCG@10,0.0
q254534,R@100,0.0
q254535,nDCG@10,0.0
q254535,R@100,1.0
q254536,nDCG@10,0.0
q254536,R@100,1.0
q254537,nDCG@10,0.0
q254537,R@100,0.0
q254538,nDCG@10,0.0
q254538,R@100,0.0
q254539,nDCG@10,0.0
q254539,R@100,0.0
q254540,nDCG@10,0.0
q254540,R@100,0.0
q254541,nDCG@10,0.0
q254541,R@100,0.0
q254542,nDCG@10,0.43067655807339306
q254542,R@100,1.0
q254543,nDCG@10,0.3333333333333333
q254543,R@100,1.0
q254544,nDCG@10,1.0
q254544,R@100,1.0
q254545,nDCG@10,0.0
q254545,R@100,1.0
q254546,nDCG@10,0.0
q254546,R@100,0.0
q254547,nDCG@10,1.0
q254547,R@100,1.0
q254548,nDCG@10,0.0
q254548,R@100,0.0
q254549,nDCG@10,0.0
q254549,R@100,1.0
q254550,nDCG@10,0.0
q254550,R@100,1.0
q254551,nDCG@10,0.0
q254551,R@100,0.0
q254552,nDCG@10,0.5
q254552,R@100,1.0
q254553,nDCG@10,0.0
q254553,R@100,0.0
q254554,nDCG@10,0.0
q254554,R@100,0.0
q254555,nDCG@10,0.5
q254555,R@100,1.0
q254556,nDCG@10,0.0
q254556,R@100,1.0
q254557,nDCG@10,0.0
q254557,R@100,0.0
q254558,nDCG@10,0.0
q254558,R@100,0.0
q254559,nDCG@10,1.0
q254559,R@100,1.0
q254560,nDCG@10,0.0
q254560,R@100,0.0
q254561,nDCG@10,0.0
q254561,R@100,0.0
q254562,nDCG@10,0.0
q254562,R@100,0.0
q254563,nDCG@10,1.0
q254563,R@100,1.0
q254564,nDCG@10,1.0
q254564,R@100,1.0
q254565,nDCG@10,0.0
q254565,R@100,0.0
q254566,nDCG@10,0.6309297535714575
q254566,R@100,1.0
q254567,nDCG@10,0.38685280723454163
q254567,R@100,1.0
q254568,nDCG@10,1.0
q254568,R@100,1.0
q254569,nDCG@10,0.0
q254569,R@100,0.0
q254570,nDCG@10,1.0
q254570,R@100,1.0
q254571,nDCG@10,0.0
q254571,R@100,0.0
q254572,nDCG@10,0.0
q254572,R@100,0.0
q254573,nDCG@10,0.0
q254573,R@100,0.0
q254574,nDCG@10,1.0
q254574,R@100,1.0
q254575,nDCG@10,0.6309297535714575
q254575,R@100,1.0
q254576,nDCG@10,0.0
q254576,R@100,0.0
q254577,nDCG@10,0.0
q254577,R@100,0.0
q254578,nDCG@10,0.6309297535714575
q254578,R@100,1.0
q254579,nDCG@10,0.38685280723454163
q254579,R@100,1.0
q254580,nDCG@10,1.0
q254580,R@100,1.0
q254581,nDCG@10,1.0
q254581,R@100,1.0
q254582,nDCG@10,0.38685280723454163
q254582,R@100,1.0
q254583,nDCG@10,0.0
q254583,R@100,0.0
q254584,nDCG@10,0.0
q254584,R@100,1.0
q254585,nDCG@10,0.0
q254585,R@100,1.0
q254586,nDCG@10,1.0
q254586,R@100,1.0
q254587,nDCG@10,0.0
q254587,R@100,0.0
q254588,nDCG@10,0.0
q254588,R@100,0.0
q254589,nDCG@10,1.0
q254589,R@100,1.0
q254590,nDCG@10,1.0
q254590,R@100,1.0
q254591,nDCG@10,1.0
q254591,R@100,1.0
q254592,nDCG@10,0.0
q254592,R@100,0.0
q254593,nDCG@10,0.0
q254593,R@100,1.0
q254594,nDCG@10,0.0
q254594,R@100,1.0
q254595,nDCG@10,0.43067655807339306
q254595,R@100,1.0
q254596,nDCG@10,1.0
q254596,R@100,1.0
q254597,nDCG@10,1.0
q254597,R@100,1.0
q254598,nDCG@10,0.5
q254598,R@100,1.0
q254599,nDCG@10,0.0
q254599,R@100,1.0
q254600,nDCG@10,0.0
q254600,R@100,0.0
q254601,nDCG@10,0.0
q254601,R@100,1.0
q254602,nDCG@10,0.0
q254602,R@100,0.0
q254603,nDCG@10,0.0
q254603,R@100,0.0
q254604,nDCG@10,0.0
q254604,R@100,1.0
q254605,nDCG@10,0.0
q254605,R@100,1.0
q254606,nDCG@10,1.0
q254606,R@100,1.0
q254607,nDCG@10,0.0
q254607,R@100,0.0
q254608,nDCG@10,1.0
q254608,R@100,1.0
q254609,nDCG@10,1.0
q254609,R@100,1.0
q254610,nDCG@10,0.0
q254610,R@100,0.0
q254611,nDCG@10,0.0
q254611,R@100,0.0
q254612,nDCG@10,0.0
q254612,R@100,0.0
q254613,nDCG@10,0.0
q254613,R@100,1.0
q254614,nDCG@10,0.0
q254614,R@100,0.0
q254615,nDCG@10,1.0
q254615,R@100,1.0
q254616,nDCG@10,0.0
q254616,R@100,1.0
q254617,nDCG@10,0.0
q254617,R@100,0.0
q254618,nDCG@10,0.0
q254618,R@100,0.0
q254619,nDCG@10,0.0
q254619,R@100,0.0
q254620,nDCG@10,0.0
q254620,R@100,0.0
q254621,nDCG@10,1.0
q254621,R@100,1.0
q254622,nDCG@10,0.0
q254622,R@100,1.0
q254623,nDCG@10,0.3010299956639812
q254623,R@100,1.0
q254624,nDCG@10,0.38685280723454163
q254624,R@100,1.0
q254625,nDCG@10,0.0
q254625,R@100,0.0
q254626,nDCG@10,0.5
q254626,R@100,1.0
q254627,nDCG@10,0.0
q254627,R@100,0.0
q254628,nDCG@10,0.0
q254628,R@100,1.0
q254629,nDCG@10,0.0
q254629,R@100,0.0
q254630,nDCG@10,0.0
q254630,R@100,0.0
q254631,nDCG@10,0.0
q254631,R@100,0.0
q254632,nDCG@10,0.0
q254632,R@100,0.0
q254633,nDCG@10,0.0
q254633,R@100,0.0
q254634,nDCG@10,0.0
q254634,R@100,0.0
q254635,nDCG@10,0.0
q254635,R@100,0.0
q254636,nDCG@10,0.0
q254636,R@100,0.0
q254637,nDCG@10,0.3010299956639812
q254637,R@100,1.0
q254638,nDCG@10,0.0
q254638,R@100,0.0
q254639,nDCG@10,0.6309297535714575
q254639,R@100,1.0
q254640,nDCG@10,1.0
q254640,R@100,1.0
q254641,nDCG@10,0.0
q254641,R@100,1.0
q254642,nDCG@10,0.6309297535714575
q254642,R@100,1.0
q254643,nDCG@10,0.6309297535714575
q254643,R@100,1.0
q254644,nDCG@10,0.43067655807339306
q254644,R@100,1.0
q254645,nDCG@10,0.2890648263178879
q254645,R@100,1.0
q254646,nDCG@10,0.0
q254646,R@100,1.0
q254647,nDCG@10,1.0
q254647,R@100,1.0
q254648,nDCG@10,0.5
q254648,R@100,1.0
q254649,nDCG@10,0.0
q254649,R@100,1.0
q254650,nDCG@10,0.0
q254650,R@100,0.0
q254651,nDCG@10,0.0
q254651,R@100,1.0
q254652,nDCG@10,0.0
q254652,R@100,0.0
q254653,nDCG@10,0.0
q254653,R@100,0.0
q254654,nDCG@10,0.0
q254654,R@100,0.0
q254655,nDCG@10,0.0
q254655,R@100,1.0
q254656,nDCG@10,0.0
q254656,R@100,1.0
q254657,nDCG@10,0.0
q254657,R@100,0.0
q254658,nDCG@10,0.0
q254658,R@100,1.0
q254659,nDCG@10,1.0
q254659,R@100,1.0
q254660,nDCG@10,1.0
q254660,R@100,1.0
q254661,nDCG@10,0.3333333333333333
q254661,R@100,1.0
q254662,nDCG@10,0.0
q254662,R@100,0.0
q254663,nDCG@10,0.0
q254663,R@100,0.0
q254664,nDCG@10,0.0
q254664,R@100,1.0
q254665,nDCG@10,0.0
q254665,R@100,0.0
q254666,nDCG@10,0.0
q254666,R@100,1.0
q254667,nDCG@10,0.0
q254667,R@100,0.0
q254668,nDCG@10,0.0
q254668,R@100,1.0
q254669,nDCG@10,0.0
q254669,R@100,1.0
q254670,nDCG@10,0.0
q254670,R@100,0.0
q254671,nDCG@10,0.0
q254671,R@100,0.0
q254672,nDCG@10,0.0
q254672,R@100,0.0
q254673,nDCG@10,0.0
q254673,R@100,0.0
q254674,nDCG@10,0.0
q254674,R@100,0.0
q254675,nDCG@10,0.0
q254675,R@100,0.0
q254676,nDCG@10,1.0
q254676,R@100,1.0
q254677,nDCG@10,0.0
q254677,R@100,0.0
q254678,nDCG@10,0.0
q254678,R@100,0.0
q254679,nDCG@10,0.0
q254679,R@100,0.0
q254680,nDCG@10,0.0
q254680,R@100,0.0
q254681,nDCG@10,0.31546487678572877
q254681,R@100,1.0
q254682,nDCG@10,1.0
q254682,R@100,1.0
q254683,nDCG@10,0.0
q254683,R@100,0.0
q254684,nDCG@10,1.0
q254684,R@100,1.0
q254685,nDCG@10,0.38685280723454163
q254685,R@100,1.0
q254686,nDCG@10,0.0
q254686,R@100,0.0
q254687,nDCG@10,0.5
q254687,R@100,1.0
q254688,nDCG@10,0.0
q254688,R@100,0.0
q254689,nDCG@10,1.0
q254689,R@100,1.0
q254690,nDCG@10,0.0
q254690,R@100,0.0
q254691,nDCG@10,0.0
q254691,R@100,0.0
q254692,nDCG@10,1.0
q254692,R@100,1.0
q254693,nDCG@10,0.0
q254693,R@100,0.0
q254694,nDCG@10,0.0
q254694,R@100,0.0
q254695,nDCG@10,0.0
q254695,R@100,1.0
q254696,nDCG@10,0.0
q254696,R@100,0.0
q254697,nDCG@10,0.43067655807339306
q254697,R@100,1.0
q254698,nDCG@10,0.0
q254698,R@100,1.0
q254699,nDCG@10,0.43067655807339306
q254699,R@100,1.0
q254700,nDCG@10,0.0
q254700,R@100,0.0
q254701,nDCG@10,1.0
q254701,R@100,1.0
q254702,nDCG@10,0.6309297535714575
q254702,R@100,1.0
q254703,nDCG@10,0.0
q254703,R@100,0.0
q254704,nDCG@10,0.0
q254704,R@100,0.0
q254705,nDCG@10,0.6309297535714575
q254705,R@100,1.0
q254706,nDCG@10,0.0
q254706,R@100,0.0
q254707,nDCG@10,0.0
q254707,R@100,0.0
q254708,nDCG@10,0.0
q254708,R@100,0.0
q254709,nDCG@10,0.0
q254709,R@100,0.0
q254710,nDCG@10,0.0
q254710,R@100,0.0
q254711,nDCG@10,1.0
q254711,R@100,1.0
q254712,nDCG@10,1.0
q254712,R@100,1.0
q254713,nDCG@10,1.0
q254713,R@100,1.0
q254714,nDCG@10,1.0
q254714,R@100,1.0
q254715,nDCG@10,0.5
q254715,R@100,1.0
q254716,nDCG@10,1.0
q254716,R@100,1.0
q254717,nDCG@10,1.0
q254717,R@100,1.0
q254718,nDCG@10,1.0
q254718,R@100,1.0
q254719,nDCG@10,1.0
q254719,R@100,1.0
q254720,nDCG@10,1.0
q254720,R@100,1.0
q254721,nDCG@10,0.6309297535714575
q254721,R@100,1.0
q254722,nDCG@10,1.0
q254722,R@100,1.0
q254723,nDCG@10,1.0
q254723,R@100,1.0
q254724,nDCG@10,1.0
q254724,R@100,1.0
q254725,nDCG@10,1.0
q254725,R@100,1.0
q254726,nDCG@10,0.0
q254726,R@100,1.0
q254727,nDCG@10,1.0
q254727,R@100,1.0
q254728,nDCG@10,1.0
q254728,R@100,1.0
q254729,nDCG@10,0.0
q254729,R@100,0.0
q254730,nDCG@10,0.0
q254730,R@100,0.0
q254731,nDCG@10,1.0
q254731,R@100,1.0
q254732,nDCG@10,0.0
q254732,R@100,0.0
q254733,nDCG@10,1.0
q254733,R@100,1.0
q254734,nDCG@10,1.0
q254734,R@100,1.0
q254735,nDCG@10,0.6309297535714575
q254735,R@100,1.0
q254736,nDCG@10,0.3333333333333333
q254736,R@100,1.0
q254737,nDCG@10,0.31546487678572877
q254737,R@100,1.0
q254738,nDCG@10,0.31546487678572877
q254738,R@100,1.0
q254739,nDCG@10,0.0
q254739,R@100,0.0
q254740,nDCG@10,0.3010299956639812
q254740,R@100,1.0
q254741,nDCG@10,1.0
q254741,R@100,1.0
q254742,nDCG@10,1.0
q254742,R@100,1.0
q254743,nDCG@10,1.0
q254743,R@100,1.0
q254744,nDCG@10,0.0
q254744,R@100,0.0
q254745,nDCG@10,0.0
q254745,R@100,1.0
q254746,nDCG@10,0.0
q254746,R@100,0.0
q254747,nDCG@10,0.6309297535714575
q254747,R@100,1.0
q254748,nDCG@10,0.0
q254748,R@100,1.0
q254749,nDCG@10,0.2890648263178879
q254749,R@100,1.0
q254750,nDCG@10,0.0
q254750,R@100,1.0
q254751,nDCG@10,0.6309297535714575
q254751,R@100,1.0
q254752,nDCG@10,0.0
q254752,R@100,0.0
q254753,nDCG@10,1.0
q254753,R@100,1.0
q254754,nDCG@10,1.0
q254754,R@100,1.0
q254755,nDCG@10,1.0
q254755,R@100,1.0
q254756,nDCG@10,1.0
q254756,R@100,1.0
q254757,nDCG@10,1.0
q254757,R@100,1.0
q254758,nDCG@10,0.0
q254758,R@100,0.0
q254759,nDCG@10,0.0
q254759,R@100,0.0
q254760,nDCG@10,1.0
q254760,R@100,1.0
q254761,nDCG@10,0.0
q254761,R@100,1.0
q254762,nDCG@10,1.0
q254762,R@100,1.0
q254763,nDCG@10,1.0
q254763,R@100,1.0
q254764,nDCG@10,0.0
q254764,R@100,0.0
q254765,nDCG@10,0.6309297535714575
q254765,R@100,1.0
q254766,nDCG@10,0.0
q254766,R@100,0.0
q254767,nDCG@10,0.0
q254767,R@100,0.0
q254768,nDCG@10,1.0
q254768,R@100,1.0
q254769,nDCG@10,0.0
q254769,R@100,1.0
q254770,nDCG@10,0.0
q254770,R@100,1.0
q254771,nDCG@10,0.0
q254771,R@100,1.0
q254772,nDCG@10,0.0
q254772,R@100,1.0
q254773,nDCG@10,1.0
q254773,R@100,1.0
q254774,nDCG@10,1.0
q254774,R@100,1.0
q254775,nDCG@10,0.0
q254775,R@100,0.0
q254776,nDCG@10,1.0
q254776,R@100,1.0
q254777,nDCG@10,0.6309297535714575
q254777,R@100,1.0
q254778,nDCG@10,0.0
q254778,R@100,0.0
q254779,nDCG@10,0.0
q254779,R@100,0.0
q254780,nDCG@10,0.0
q254780,R@100,0.0
q254781,nDCG@10,0.0
q254781,R@100,0.0
q254782,nDCG@10,0.0
q254782,R@100,0.0
q254783,nDCG@10,0.0
q254783,R@100,0.0
q254784,nDCG@10,0.0
q254784,R@100,0.0
q254785,nDCG@10,0.0
q254785,R@100,0.0
q254786,nDCG@10,1.0
q254786,R@100,1.0
q254787,nDCG@10,1.0
q254787,R@100,1.0
q254788,nDCG@10,0.0
q254788,R@100,1.0
q254789,nDCG@10,0.0
q254789,R@100,1.0
q254790,nDCG@10,0.0
q254790,R@100,1.0
q254791,nDCG@10,1.0
q254791,R@100,1.0
q254792,nDCG@10,0.0
q254792,R@100,0.0
q254793,nDCG@10,0.0
q254793,R@100,0.0
q254794,nDCG@10,0.5
q254794,R@100,1.0
q254795,nDCG@10,0.6309297535714575
q254795,R@100,1.0
q254796,nDCG@10,0.6309297535714575
q254796,R@100,1.0
q254797,nDCG@10,0.0
q254797,R@100,1.0
q254798,nDCG@10,0.0
q254798,R@100,0.0
q254799,nDCG@10,0.6309297535714575
q254799,R@100,1.0
q254800,nDCG@10,0.0
q254800,R@100,1.0
q254801,nDCG@10,0.0
q254801,R@100,0.0
q254802,nDCG@10,0.0
q254802,R@100,0.0
q254803,nDCG@10,1.0
q254803,R@100,1.0
q254804,nDCG@10,1.0
q254804,R@100,1.0
q254805,nDCG@10,1.0
q254805,R@100,1.0
q254806,nDCG@10,0.0
q254806,R@100,1.0
q254807,nDCG@10,0.3562071871080222
q254807,R@100,1.0
q254808,nDCG@10,0.6309297535714575
q254808,R@100,1.0
q254809,nDCG@10,1.0
q254809,R@100,1.0
q254810,nDCG@10,0.0
q254810,R@100,1.0
q254811,nDCG@10,0.2890648263178879
q254811,R@100,1.0
q254812,nDCG@10,0.38685280723454163
q254812,R@100,1.0
q254813,nDCG@10,0.6309297535714575
q254813,R@100,1.0
q254814,nDCG@10,1.0
q254814,R@100,1.0
q254815,nDCG@10,1.0
q254815,R@100,1.0
q254816,nDCG@10,0.0
q254816,R@100,1.0
q254817,nDCG@10,0.0
q254817,R@100,1.0
q254818,nDCG@10,0.31546487678572877
q254818,R@100,1.0
q254819,nDCG@10,0.6309297535714575
q254819,R@100,1.0
q254820,nDCG@10,0.0
q254820,R@100,1.0
q254821,nDCG@10,0.3010299956639812
q254821,R@100,1.0
q254822,nDCG@10,0.0
q254822,R@100,1.0
q254823,nDCG@10,1.0
q254823,R@100,1.0
q254824,nDCG@10,0.0
q254824,R@100,0.0
q254825,nDCG@10,0.0
q254825,R@100,0.0
q254826,nDCG@10,0.0
q254826,R@100,1.0
q254827,nDCG@10,0.0
q254827,R@100,1.0
q254828,nDCG@10,0.0
q254828,R@100,0.0
q254829,nDCG@10,0.0
q254829,R@100,1.0
q254830,nDCG@10,0.0
q254830,R@100,0.0
q254831,nDCG@10,0.0
q254831,R@100,1.0
q254832,nDCG@10,0.0
q254832,R@100,1.0
q254833,nDCG@10,0.0
q254833,R@100,1.0
q254834,nDCG@10,0.0
q254834,R@100,0.0
q254835,nDCG@10,0.0
q254835,R@100,1.0
q254836,nDCG@10,0.43067655807339306
q254836,R@100,1.0
q254837,nDCG@10,0.0
q254837,R@100,0.0
q254838,nDCG@10,0.5
q254838,R@100,1.0
q254839,nDCG@10,0.6309297535714575
q254839,R@100,1.0
q254840,nDCG@10,0.0
q254840,R@100,0.0
q254841,nDCG@10,0.0
q254841,R@100,0.0
q254842,nDCG@10,0.0
q254842,R@100,0.0
q254843,nDCG@10,0.0
q254843,R@100,0.0
q254844,nDCG@10,0.0
q254844,R@100,0.0
q254845,nDCG@10,0.0
q254845,R@100,0.0
q254846,nDCG@10,0.0
q254846,R@100,0.0
q254847,nDCG@10,0.0
q254847,R@100,1.0
q254848,nDCG@10,0.0
q254848,R@100,0.0
q254849,nDCG@10,1.0
q254849,R@100,1.0
q254850,nDCG@10,0.0
q254850,R@100,0.0
q254851,nDCG@10,0.43067655807339306
q254851,R@100,1.0
q254852,nDCG@10,0.0
q254852,R@100,0.0
q254853,nDCG@10,0.0
q254853,R@100,0.0
q254854,nDCG@10,0.0
q254854,R@100,0.0
q254855,nDCG@10,0.0
q254855,R@100,1.0
q254856,nDCG@10,0.0
q254856,R@100,1.0
q254857,nDCG@10,0.0
q254857,R@100,0.0
q254858,nDCG@10,0.31546487678572877
q254858,R@100,1.0
q254859,nDCG@10,0.0
q254859,R@100,1.0
q254860,nDCG@10,0.0
q254860,R@100,0.0
q254861,nDCG@10,0.0
q254861,R@100,1.0
q254862,nDCG@10,0.0
q254862,R@100,0.0
q254863,nDCG@10,0.0
q254863,R@100,1.0
q254864,nDCG@10,0.0
q254864,R@100,1.0
q254865,nDCG@10,0.3333333333333333
q254865,R@100,1.0
q254866,nDCG@10,0.0
q254866,R@100,1.0
q254867,nDCG@10,0.0
q254867,R@100,1.0
q254868,nDCG@10,0.2890648263178879
q254868,R@100,1.0
q254869,nDCG@10,0.0
q254869,R@100,1.0
q254870,nDCG@10,0.0
q254870,R@100,1.0
q254871,nDCG@10,0.0
q254871,R@100,1.0
q254872,nDCG@10,0.0
q254872,R@100,0.0
q254873,nDCG@10,0.0
q254873,R@100,0.0
q254874,nDCG@10,0.0
q254874,R@100,0.0
q254875,nDCG@10,0.0
q254875,R@100,1.0
q254876,nDCG@10,1.0
q254876,R@100,1.0
q254877,nDCG@10,0.0
q254877,R@100,1.0
q254878,nDCG@10,0.0
q254878,R@100,0.0
q254879,nDCG@10,0.0
q254879,R@100,0.0
q254880,nDCG@10,0.0
q254880,R@100,0.0
q254881,nDCG@10,0.0
q254881,R@100,1.0
q254882,nDCG@10,0.0
q254882,R@100,1.0
q254883,nDCG@10,0.0
q254883,R@100,0.0
q254884,nDCG@10,1.0
q254884,R@100,1.0
q254885,nDCG@10,1.0
q254885,R@100,1.0
q254886,nDCG@10,0.0
q254886,R@100,1.0
q254887,nDCG@10,0.0
q254887,R@100,0.0
q254888,nDCG@10,0.0
q254888,R@100,0.0
q254889,nDCG@10,1.0
q254889,R@100,1.0
q254890,nDCG@10,0.0
q254890,R@100,0.0
q254891,nDCG@10,0.0
q254891,R@100,0.0
q254892,nDCG@10,0.3333333333333333
q254892,R@100,1.0
q254893,nDCG@10,0.0
q254893,R@100,0.0
q254894,nDCG@10,0.0
q254894,R@100,0.0
q254895,nDCG@10,0.0
q254895,R@100,0.0
q254896,nDCG@10,0.0
q254896,R@100,0.0
q254897,nDCG@10,0.6309297535714575
q254897,R@100,1.0
q254898,nDCG@10,0.6309297535714575
q254898,R@100,1.0
q254899,nDCG@10,0.31546487678572877
q254899,R@100,1.0
q254900,nDCG@10,0.0
q254900,R@100,1.0
q254901,nDCG@10,0.0
q254901,R@100,0.0
q254902,nDCG@10,0.0
q254902,R@100,0.0
q254903,nDCG@10,0.0
q254903,R@100,0.0
q254904,nDCG@10,0.38685280723454163
q254904,R@100,1.0
q254905,nDCG@10,0.6309297535714575
q254905,R@100,1.0
q254906,nDCG@10,1.0
q254906,R@100,1.0
q254907,nDCG@10,0.0
q254907,R@100,0.0
q254908,nDCG@10,0.5
q254908,R@100,1.0
q254909,nDCG@10,1.0
q254909,R@100,1.0
q254910,nDCG@10,0.0
q254910,R@100,1.0
q254911,nDCG@10,0.0
q254911,R@100,0.0
q254912,nDCG@10,0.2890648263178879
q254912,R@100,1.0
q254913,nDCG@10,0.0
q254913,R@100,0.0
q254914,nDCG@10,0.0
q254914,R@100,0.0
q254915,nDCG@10,0.38685280723454163
q254915,R@100,1.0
q254916,nDCG@10,0.0
q254916,R@100,1.0
q254917,nDCG@10,0.5
q254917,R@100,1.0
q254918,nDCG@10,0.0
q254918,R@100,1.0
q254919,nDCG@10,0.0
q254919,R@100,0.0
q254920,nDCG@10,0.0
q254920,R@100,0.0
q254921,nDCG@10,0.0
q254921,R@100,0.0
q254922,nDCG@10,0.0
q254922,R@100,0.0
q254923,nDCG@10,0.0
q254923,R@100,0.0
q254924,nDCG@10,0.0
q254924,R@100,1.0
q254925,nDCG@10,1.0
q254925,R@100,1.0
q254926,nDCG@10,0.2890648263178879
q254926,R@100,1.0
q254927,nDCG@10,0.43067655807339306
q254927,R@100,1.0
q254928,nDCG@10,0.0
q254928,R@100,0.0
q254929,nDCG@10,0.0
q254929,R@100,0.0
q254930,nDCG@10,0.38685280723454163
q254930,R@100,1.0
q254931,nDCG@10,0.0
q254931,R@100,0.0
q254932,nDCG@10,1.0
q254932,R@100,1.0
q254933,nDCG@10,1.0
q254933,R@100,1.0
q254934,nDCG@10,0.0
q254934,R@100,0.0
q254935,nDCG@10,0.6309297535714575
q254935,R@100,1.0
q254936,nDCG@10,0.0
q254936,R@100,0.0
q254937,nDCG@10,0.0
q254937,R@100,0.0
q254938,nDCG@10,0.6309297535714575
q254938,R@100,1.0
q254939,nDCG@10,0.0
q254939,R@100,1.0
q254940,nDCG@10,0.0
q254940,R@100,1.0
q254941,nDCG@10,0.0
q254941,R@100,1.0
q254942,nDCG@10,1.0
q254942,R@100,1.0
q254943,nDCG@10,1.0
q254943,R@100,1.0
q254944,nDCG@10,0.6309297535714575
q254944,R@100,1.0
q254945,nDCG@10,0.0
q254945,R@100,1.0
q254946,nDCG@10,1.0
q254946,R@100,1.0
q254947,nDCG@10,0.2890648263178879
q254947,R@100,1.0
q254948,nDCG@10,0.0
q254948,R@100,0.0
q254949,nDCG@10,0.0
q254949,R@100,1.0
q254950,nDCG@10,0.0
q254950,R@100,0.0
q254951,nDCG@10,0.0
q254951,R@100,0.0
q254952,nDCG@10,0.0
q254952,R@100,1.0
q254953,nDCG@10,0.0
q254953,R@100,0.0
q254954,nDCG@10,0.0
q254954,R@100,1.0
q254955,nDCG@10,0.0
q254955,R@100,0.0
q254956,nDCG@10,0.0
q254956,R@100,0.0
q254957,nDCG@10,0.0
q254957,R@100,0.0
q254958,nDCG@10,1.0
q254958,R@100,1.0
q254959,nDCG@10,0.0
q254959,R@100,1.0
q254960,nDCG@10,1.0
q254960,R@100,1.0
q254961,nDCG@10,0.0
q254961,R@100,0.0
q254962,nDCG@10,0.0
q254962,R@100,0.0
q254963,nDCG@10,0.0
q254963,R@100,1.0
q254964,nDCG@10,1.0
q254964,R@100,1.0
q254965,nDCG@10,0.0
q254965,R@100,1.0
q254966,nDCG@10,0.5
q254966,R@100,1.0
q254967,nDCG@10,1.0
q254967,R@100,1.0
q254968,nDCG@10,1.0
q254968,R@100,1.0
q254969,nDCG@10,1.0
q254969,R@100,1.0
q254970,nDCG@10,0.0
q254970,R@100,1.0
q254971,nDCG@10,1.0
q254971,R@100,1.0
q254972,nDCG@10,1.0
q254972,R@100,1.0
q254973,nDCG@10,0.0
q254973,R@100,1.0
q254974,nDCG@10,1.0
q254974,R@100,1.0
q254975,nDCG@10,0.0
q254975,R@100,1.0
q254976,nDCG@10,0.0
q254976,R@100,1.0
q254977,nDCG@10,0.6309297535714575
q254977,R@100,1.0
q254978,nDCG@10,0.0
q254978,R@100,0.0
q254979,nDCG@10,0.0
q254979,R@100,1.0
q254980,nDCG@10,0.5
q254980,R@100,1.0
q254981,nDCG@10,1.0
q254981,R@100,1.0
q254982,nDCG@10,1.0
q254982,R@100,1.0
q254983,nDCG@10,0.43067655807339306
q254983,R@100,1.0
q254984,nDCG@10,0.6309297535714575
q254984,R@100,1.0
q254985,nDCG@10,0.38685280723454163
q254985,R@100,1.0
q254986,nDCG@10,0.0
q254986,R@100,1.0
q254987,nDCG@10,1.0
q254987,R@100,1.0
q254988,nDCG@10,0.3010299956639812
q254988,R@100,1.0
q254989,nDCG@10,1.0
q254989,R@100,1.0
q254990,nDCG@10,0.0
q254990,R@100,1.0
q254991,nDCG@10,0.0
q254991,R@100,0.0
q254992,nDCG@10,0.0
q254992,R@100,1.0
q254993,nDCG@10,1.0
q254993,R@100,1.0
q254994,nDCG@10,1.0
q254994,R@100,1.0
q254995,nDCG@10,0.3333333333333333
q254995,R@100,1.0
q254996,nDCG@10,0.6309297535714575
q254996,R@100,1.0
q254997,nDCG@10,1.0
q254997,R@100,1.0
q254998,nDCG@10,0.6309297535714575
q254998,R@100,1.0
q254999,nDCG@10,0.6309297535714575
q254999,R@100,1.0
q255000,nDCG@10,0.0
q255000,R@100,1.0
q255001,nDCG@10,0.0
q255001,R@100,1.0
q255002,nDCG@10,0.43067655807339306
q255002,R@100,1.0
q255003,nDCG@10,0.31546487678572877
q255003,R@100,1.0
q255004,nDCG@10,1.0
q255004,R@100,1.0
q255005,nDCG@10,0.43067655807339306
q255005,R@100,1.0
q255006,nDCG@10,1.0
q255006,R@100,1.0
q255007,nDCG@10,1.0
q255007,R@100,1.0
q255008,nDCG@10,1.0
q255008,R@100,1.0
q255009,nDCG@10,1.0
q255009,R@100,1.0
q255010,nDCG@10,0.3562071871080222
q255010,R@100,1.0
q255011,nDCG@10,0.0
q255011,R@100,1.0
q255012,nDCG@10,1.0
q255012,R@100,1.0
q255013,nDCG@10,0.6309297535714575
q255013,R@100,1.0
q255014,nDCG@10,0.3562071871080222
q255014,R@100,1.0
q255015,nDCG@10,1.0
q255015,R@100,1.0
q255016,nDCG@10,1.0
q255016,R@100,1.0
q255017,nDCG@10,0.0
q255017,R@100,1.0
q255018,nDCG@10,1.0
q255018,R@100,1.0
q255019,nDCG@10,0.0
q255019,R@100,0.0
q255020,nDCG@10,0.5
q255020,R@100,1.0
q255021,nDCG@10,0.0
q255021,R@100,1.0
q255022,nDCG@10,1.0
q255022,R@100,1.0
q255023,nDCG@10,0.0
q255023,R@100,0.0
q255024,nDCG@10,0.0
q255024,R@100,0.0
q255025,nDCG@10,0.2890648263178879
q255025,R@100,1.0
q255026,nDCG@10,0.0
q255026,R@100,0.0
q255027,nDCG@10,0.0
q255027,R@100,0.0
q255028,nDCG@10,0.0
q255028,R@100,1.0
q255029,nDCG@10,0.0
q255029,R@100,1.0
q255030,nDCG@10,0.6309297535714575
q255030,R@100,1.0
q255031,nDCG@10,1.0
q255031,R@100,1.0
q255032,nDCG@10,0.0
q255032,R@100,0.0
q255033,nDCG@10,0.38685280723454163
q255033,R@100,1.0
q255034,nDCG@10,0.0
q255034,R@100,0.0
q255035,nDCG@10,0.2890648263178879
q255035,R@100,1.0
q255036,nDCG@10,0.0
q255036,R@100,0.0
q255037,nDCG@10,0.0
q255037,R@100,0.0
q255038,nDCG@10,1.0
q255038,R@100,1.0
q255039,nDCG@10,0.0
q255039,R@100,1.0
q255040,nDCG@10,0.0
q255040,R@100,0.0
q255041,nDCG@10,0.0
q255041,R@100,1.0
q255042,nDCG@10,0.6309297535714575
q255042,R@100,1.0
q255043,nDCG@10,0.0
q255043,R@100,1.0
q255044,nDCG@10,1.0
q255044,R@100,1.0
q255045,nDCG@10,0.6309297535714575
q255045,R@100,1.0
q255046,nDCG@10,0.0
q255046,R@100,0.0
q255047,nDCG@10,0.0
q255047,R@100,0.0
q255048,nDCG@10,0.0
q255048,R@100,0.0
q255049,nDCG@10,0.0
q255049,R@100,0.0
q255050,nDCG@10,1.0
q255050,R@100,1.0
q255051,nDCG@10,0.0
q255051,R@100,0.0
q255052,nDCG@10,0.0
q255052,R@100,0.0
q255053,nDCG@10,1.0
q255053,R@100,1.0
q255054,nDCG@10,1.0
q255054,R@100,1.0
q255055,nDCG@10,0.43067655807339306
q255055,R@100,1.0
q255056,nDCG@10,0.3333333333333333
q255056,R@100,1.0
q255057,nDCG@10,1.0
q255057,R@100,1.0
q255058,nDCG@10,0.0
q255058,R@100,0.0
q255059,nDCG@10,0.0
q255059,R@100,1.0
q255060,nDCG@10,0.0
q255060,R@100,1.0
q255061,nDCG@10,0.0
q255061,R@100,0.0
q255062,nDCG@10,1.0
q255062,R@100,1.0
q255063,nDCG@10,0.0
q255063,R@100,0.0
q255064,nDCG@10,0.0
q255064,R@100,0.0
q255065,nDCG@10,0.0
q255065,R@100,0.0
q255066,nDCG@10,0.0
q255066,R@100,0.0
q255067,nDCG@10,0.0
q255067,R@100,0.0
q255068,nDCG@10,1.0
q255068,R@100,1.0
q255069,nDCG@10,0.43067655807339306
q255069,R@100,1.0
q255070,nDCG@10,1.0
q255070,R@100,1.0
q255071,nDCG@10,0.3562071871080222
q255071,R@100,1.0
q255072,nDCG@10,1.0
q255072,R@100,1.0
q255073,nDCG@10,0.5
q255073,R@100,1.0
q255074,nDCG@10,0.0
q255074,R@100,0.0
q255075,nDCG@10,1.0
q255075,R@100,1.0
q255076,nDCG@10,1.0
q255076,R@100,1.0
q255077,nDCG@10,0.0
q255077,R@100,1.0
q255078,nDCG@10,0.2890648263178879
q255078,R@100,1.0
q255079,nDCG@10,0.0
q255079,R@100,0.0
q255080,nDCG@10,0.0
q255080,R@100,1.0
q255081,nDCG@10,0.0
q255081,R@100,1.0
q255082,nDCG@10,1.0
q255082,R@100,1.0
q255083,nDCG@10,1.0
q255083,R@100,1.0
q255084,nDCG@10,1.0
q255084,R@100,1.0
q255085,nDCG@10,1.0
q255085,R@100,1.0
q255086,nDCG@10,0.0
q255086,R@100,1.0
q255087,nDCG@10,1.0
q255087,R@100,1.0
q255088,nDCG@10,0.6309297535714575
q255088,R@100,1.0
q255089,nDCG@10,0.0
q255089,R@100,0.0
q255090,nDCG@10,0.0
q255090,R@100,0.0
q255091,nDCG@10,0.0
q255091,R@100,0.0
q255092,nDCG@10,0.0
q255092,R@100,0.0
q255093,nDCG@10,0.0
q255093,R@100,0.0
q255094,nDCG@10,0.0
q255094,R@100,0.0
q255095,nDCG@10,0.0
q255095,R@100,0.0
q255096,nDCG@10,0.0
q255096,R@100,0.0
q255097,nDCG@10,1.0
q255097,R@100,1.0
q255098,nDCG@10,0.5
q255098,R@100,1.0
q255099,nDCG@10,1.0
q255099,R@100,1.0
q255100,nDCG@10,0.6309297535714575
q255100,R@100,1.0
q255101,nDCG@10,1.0
q255101,R@100,1.0
q255102,nDCG@10,0.38685280723454163
q255102,R@100,1.0
q255103,nDCG@10,0.0
q255103,R@100,1.0
q255104,nDCG@10,0.3562071871080222
q255104,R@100,1.0
q255105,nDCG@10,0.43067655807339306
q255105,R@100,1.0
q255106,nDCG@10,0.0
q255106,R@100,0.0
q255107,nDCG@10,1.0
q255107,R@100,1.0
q255108,nDCG@10,0.6309297535714575
q255108,R@100,1.0
q255109,nDCG@10,0.5
q255109,R@100,1.0
q255110,nDCG@10,0.6309297535714575
q255110,R@100,1.0
q255111,nDCG@10,1.0
q255111,R@100,1.0
q255112,nDCG@10,0.0
q255112,R@100,0.0
q255113,nDCG@10,1.0
q255113,R@100,1.0
q255114,nDCG@10,0.6309297535714575
q255114,R@100,1.0
q255115,nDCG@10,0.43067655807339306
q255115,R@100,1.0
q255116,nDCG@10,1.0
q255116,R@100,1.0
q255117,nDCG@10,0.0
q255117,R@100,0.0
q255118,nDCG@10,1.0
q255118,R@100,1.0
q255119,nDCG@10,0.0
q255119,R@100,0.0
q255120,nDCG@10,0.0
q255120,R@100,0.0
q255121,nDCG@10,0.6309297535714575
q255121,R@100,1.0
q255122,nDCG@10,0.0
q255122,R@100,1.0
q255123,nDCG@10,1.0
q255123,R@100,1.0
q255124,nDCG@10,0.5
q255124,R@100,1.0
q255125,nDCG@10,0.0
q255125,R@100,1.0
q255126,nDCG@10,1.0
q255126,R@100,1.0
q255127,nDCG@10,1.0
q255127,R@100,1.0
q255128,nDCG@10,1.0
q255128,R@100,1.0
q255129,nDCG@10,0.0
q255129,R@100,0.0
q255130,nDCG@10,1.0
q255130,R@100,1.0
q255131,nDCG@10,1.0
q255131,R@100,1.0
q255132,nDCG@10,0.0
q255132,R@100,0.0
q255133,nDCG@10,0.0
q255133,R@100,0.0
q255134,nDCG@10,0.0
q255134,R@100,0.0
q255135,nDCG@10,0.0
q255135,R@100,0.0
q255136,nDCG@10,0.0
q255136,R@100,0.0
q255137,nDCG@10,0.0
q255137,R@100,0.0
q255138,nDCG@10,1.0
q255138,R@100,1.0
q255139,nDCG@10,0.5
q255139,R@100,1.0
q255140,nDCG@10,0.0
q255140,R@100,0.0
q255141,nDCG@10,0.0
q255141,R@100,0.0
q255142,nDCG@10,0.43067655807339306
q255142,R@100,1.0
q255143,nDCG@10,0.6309297535714575
q255143,R@100,1.0
q255144,nDCG@10,0.0
q255144,R@100,0.0
q255145,nDCG@10,1.0
q255145,R@100,1.0
q255146,nDCG@10,1.0
q255146,R@100,1.0
q255147,nDCG@10,1.0
q255147,R@100,1.0
q255148,nDCG@10,0.0
q255148,R@100,0.0
q255149,nDCG@10,1.0
q255149,R@100,1.0
q255150,nDCG@10,0.6309297535714575
q255150,R@100,1.0
q255151,nDCG@10,0.5
q255151,R@100,1.0
q255152,nDCG@10,1.0
q255152,R@100,1.0
q255153,nDCG@10,1.0
q255153,R@100,1.0
q255154,nDCG@10,1.0
q255154,R@100,1.0
q255155,nDCG@10,1.0
q255155,R@100,1.0
q255156,nDCG@10,1.0
q255156,R@100,1.0
q255157,nDCG@10,1.0
q255157,R@100,1.0
q255158,nDCG@10,0.0
q255158,R@100,0.0
q255159,nDCG@10,0.3333333333333333
q255159,R@100,1.0
q255160,nDCG@10,0.0
q255160,R@100,0.0
q255161,nDCG@10,0.0
q255161,R@100,1.0
q255162,nDCG@10,0.0
q255162,R@100,0.0
q255163,nDCG@10,1.0
q255163,R@100,1.0
q255164,nDCG@10,0.5
q255164,R@100,1.0
q255165,nDCG@10,0.38685280723454163
q255165,R@100,1.0
q255166,nDCG@10,1.0
q255166,R@100,1.0
q255167,nDCG@10,0.3562071871080222
q255167,R@100,1.0
q255168,nDCG@10,0.0
q255168,R@100,1.0
q255169,nDCG@10,1.0
q255169,R@100,1.0
q255170,nDCG@10,0.31546487678572877
q255170,R@100,1.0
q255171,nDCG@10,1.0
q255171,R@100,1.0
q255172,nDCG@10,1.0
q255172,R@100,1.0
q255173,nDCG@10,1.0
q255173,R@100,1.0
q255174,nDCG@10,0.0
q255174,R@100,1.0
q255175,nDCG@10,1.0
q255175,R@100,1.0
q255176,nDCG@10,0.6309297535714575
q255176,R@100,1.0
q255177,nDCG@10,0.6309297535714575
q255177,R@100,1.0
q255178,nDCG@10,0.31546487678572877
q255178,R@100,1.0
q255179,nDCG@10,1.0
q255179,R@100,1.0
q255180,nDCG@10,1.0
q255180,R@100,1.0
q255181,nDCG@10,0.0
q255181,R@100,0.0
q255182,nDCG@10,0.0
q255182,R@100,0.0
q255183,nDCG@10,0.0
q255183,R@100,0.0
q255184,nDCG@10,0.0
q255184,R@100,0.0
q255185,nDCG@10,0.0
q255185,R@100,0.0
q255186,nDCG@10,0.0
q255186,R@100,0.0
q255187,nDCG@10,0.0
q255187,R@100,0.0
q255188,nDCG@10,0.0
q255188,R@100,0.0
q255189,nDCG@10,0.3010299956639812
q255189,R@100,1.0
q255190,nDCG@10,1.0
q255190,R@100,1.0
q255191,nDCG@10,1.0
q255191,R@100,1.0
q255192,nDCG@10,0.0
q255192,R@100,1.0
q255193,nDCG@10,1.0
q255193,R@100,1.0
q255194,nDCG@10,0.0
q255194,R@100,0.0
q255195,nDCG@10,0.0
q255195,R@100,0.0
q255196,nDCG@10,1.0
q255196,R@100,1.0
q255197,nDCG@10,0.6309297535714575
q255197,R@100,1.0
q255198,nDCG@10,1.0
q255198,R@100,1.0
q255199,nDCG@10,1.0
q255199,R@100,1.0
q255200,nDCG@10,1.0
q255200,R@100,1.0
q255201,nDCG@10,0.5
q255201,R@100,1.0
q255202,nDCG@10,1.0
q255202,R@100,1.0
q255203,nDCG@10,0.0
q255203,R@100,1.0
q255204,nDCG@10,0.0
q255204,R@100,1.0
q255205,nDCG@10,1.0
q255205,R@100,1.0
q255206,nDCG@10,0.0
q255206,R@100,0.0
q255207,nDCG@10,0.0
q255207,R@100,0.0
q255208,nDCG@10,0.0
q255208,R@100,0.0
q255209,nDCG@10,0.0
q255209,R@100,0.0
q255210,nDCG@10,0.0
q255210,R@100,0.0
q255211,nDCG@10,0.6309297535714575
q255211,R@100,1.0
q255212,nDCG@10,0.6309297535714575
q255212,R@100,1.0
q255213,nDCG@10,0.0
q255213,R@100,1.0
q255214,nDCG@10,0.0
q255214,R@100,0.0
q255215,nDCG@10,0.0
q255215,R@100,0.0
q255216,nDCG@10,0.0
q255216,R@100,0.0
q255217,nDCG@10,0.0
q255217,R@100,0.0
q255218,nDCG@10,0.0
q255218,R@100,0.0
q255219,nDCG@10,0.0
q255219,R@100,0.0
q255220,nDCG@10,0.0
q255220,R@100,0.0
q255221,nDCG@10,0.0
q255221,R@100,0.0
q255222,nDCG@10,0.0
q255222,R@100,0.0
q255223,nDCG@10,0.0
q255223,R@100,0.0
q255224,nDCG@10,1.0
q255224,R@100,1.0
q255225,nDCG@10,0.0
q255225,R@100,0.0
q255226,nDCG@10,0.0
q255226,R@100,0.0
q255227,nDCG@10,0.0
q255227,R@100,1.0
q255228,nDCG@10,0.0
q255228,R@100,0.0
q255229,nDCG@10,1.0
q255229,R@100,1.0
q255230,nDCG@10,0.0
q255230,R@100,1.0
q255231,nDCG@10,0.0
q255231,R@100,0.0
q255232,nDCG@10,0.6309297535714575
q255232,R@100,1.0
q255233,nDCG@10,1.0
q255233,R@100,1.0
q255234,nDCG@10,1.0
q255234,R@100,1.0
q255235,nDCG@10,1.0
q255235,R@100,1.0
q255236,nDCG@10,0.0
q255236,R@100,0.0
q255237,nDCG@10,0.0
q255237,R@100,0.0
q255238,nDCG@10,0.43067655807339306
q255238,R@100,1.0
q255239,nDCG@10,0.0
q255239,R@100,1.0
q255240,nDCG@10,0.0
q255240,R@100,0.0
q255241,nDCG@10,0.0
q255241,R@100,0.0
q255242,nDCG@10,0.0
q255242,R@100,0.0
q255243,nDCG@10,0.0
q255243,R@100,1.0
q255244,nDCG@10,0.0
q255244,R@100,0.0
q255245,nDCG@10,0.0
q255245,R@100,0.0
q255246,nDCG@10,0.6309297535714575
q255246,R@100,1.0
q255247,nDCG@10,0.0
q255247,R@100,1.0
q255248,nDCG@10,0.0
q255248,R@100,0.0
q255249,nDCG@10,0.31546487678572877
q255249,R@100,1.0
q255250,nDCG@10,0.0
q255250,R@100,1.0
q255251,nDCG@10,0.0
q255251,R@100,0.0
q255252,nDCG@10,0.0
q255252,R@100,0.0
q255253,nDCG@10,0.0
q255253,R@100,0.0
q255254,nDCG@10,1.0
q255254,R@100,1.0
q255255,nDCG@10,0.0
q255255,R@100,0.0
q255256,nDCG@10,1.0
q255256,R@100,1.0
q255257,nDCG@10,1.0
q255257,R@100,1.0
q255258,nDCG@10,0.0
q255258,R@100,0.0
q255259,nDCG@10,1.0
q255259,R@100,1.0
q255260,nDCG@10,0.0
q255260,R@100,0.0
q255261,nDCG@10,1.0
q255261,R@100,1.0
q255262,nDCG@10,1.0
q255262,R@100,1.0
q255263,nDCG@10,1.0
q255263,R@100,1.0
q255264,nDCG@10,0.6309297535714575
q255264,R@100,1.0
q255265,nDCG@10,1.0
q255265,R@100,1.0
q255266,nDCG@10,1.0
q255266,R@100,1.0
q255267,nDCG@10,1.0
q255267,R@100,1.0
q255268,nDCG@10,0.6309297535714575
q255268,R@100,1.0
q255269,nDCG@10,0.6309297535714575
q255269,R@100,1.0
q255270,nDCG@10,0.0
q255270,R@100,0.0
q255271,nDCG@10,0.0
q255271,R@100,1.0
q255272,nDCG@10,0.0
q255272,R@100,0.0
q255273,nDCG@10,0.31546487678572877
q255273,R@100,1.0
q255274,nDCG@10,1.0
q255274,R@100,1.0
q255275,nDCG@10,0.0
q255275,R@100,1.0
q255276,nDCG@10,1.0
q255276,R@100,1.0
q255277,nDCG@10,0.43067655807339306
q255277,R@100,1.0
q255278,nDCG@10,0.38685280723454163
q255278,R@100,1.0
q255279,nDCG@10,0.0
q255279,R@100,0.0
q255280,nDCG@10,0.43067655807339306
q255280,R@100,1.0
q255281,nDCG@10,0.0
q255281,R@100,0.0
q255282,nDCG@10,1.0
q255282,R@100,1.0
q255283,nDCG@10,0.0
q255283,R@100,1.0
q255284,nDCG@10,1.0
q255284,R@100,1.0
q255285,nDCG@10,0.0
q255285,R@100,0.0
q255286,nDCG@10,0.0
q255286,R@100,1.0
q255287,nDCG@10,0.0
q255287,R@100,1.0
q255288,nDCG@10,0.5
q255288,R@100,1.0
q255289,nDCG@10,1.0
q255289,R@100,1.0
q255290,nDCG@10,1.0
q255290,R@100,1.0
q255291,nDCG@10,0.5
q255291,R@100,1.0
q255292,nDCG@10,0.6309297535714575
q255292,R@100,1.0
q255293,nDCG@10,1.0
q255293,R@100,1.0
q255294,nDCG@10,0.0
q255294,R@100,0.0
q255295,nDCG@10,0.5
q255295,R@100,1.0
q255296,nDCG@10,0.0
q255296,R@100,0.0
q255297,nDCG@10,1.0
q255297,R@100,1.0
q255298,nDCG@10,1.0
q255298,R@100,1.0
q255299,nDCG@10,0.0
q255299,R@100,0.0
q255300,nDCG@10,0.0
q255300,R@100,0.0
q255301,nDCG@10,0.0
q255301,R@100,0.0
q255302,nDCG@10,0.0
q255302,R@100,1.0
q255303,nDCG@10,1.0
q255303,R@100,1.0
q255304,nDCG@10,0.43067655807339306
q255304,R@100,1.0
q255305,nDCG@10,0.0
q255305,R@100,1.0
q255306,nDCG@10,1.0
q255306,R@100,1.0
q255307,nDCG@10,0.31546487678572877
q255307,R@100,1.0
q255308,nDCG@10,1.0
q255308,R@100,1.0
q255309,nDCG@10,1.0
q255309,R@100,1.0
q255310,nDCG@10,1.0
q255310,R@100,1.0
q255311,nDCG@10,1.0
q255311,R@100,1.0
q255312,nDCG@10,1.0
q255312,R@100,1.0
q255313,nDCG@10,1.0
q255313,R@100,1.0
q255314,nDCG@10,0.0
q255314,R@100,1.0
q255315,nDCG@10,0.0
q255315,R@100,0.0
q255316,nDCG@10,0.43067655807339306
q255316,R@100,1.0
q255317,nDCG@10,1.0
q255317,R@100,1.0
q255318,nDCG@10,0.0
q255318,R@100,1.0
q255319,nDCG@10,0.43067655807339306
q255319,R@100,1.0
q255320,nDCG@10,0.6309297535714575
q255320,R@100,1.0
q255321,nDCG@10,1.0
q255321,R@100,1.0
q255322,nDCG@10,1.0
q255322,R@100,1.0
q255323,nDCG@10,1.0
q255323,R@100,1.0
q255324,nDCG@10,1.0
q255324,R@100,1.0
q255325,nDCG@10,0.6309297535714575
q255325,R@100,1.0
q255326,nDCG@10,0.31546487678572877
q255326,R@100,1.0
q255327,nDCG@10,0.0
q255327,R@100,0.0
q255328,nDCG@10,1.0
q255328,R@100,1.0
q255329,nDCG@10,0.43067655807339306
q255329,R@100,1.0
q255330,nDCG@10,0.0
q255330,R@100,1.0
q255331,nDCG@10,0.6309297535714575
q255331,R@100,1.0
q255332,nDCG@10,0.0
q255332,R@100,1.0
q255333,nDCG@10,0.6309297535714575
q255333,R@100,1.0
q255334,nDCG@10,0.6309297535714575
q255334,R@100,1.0
q255335,nDCG@10,0.2890648263178879
q255335,R@100,1.0
q255336,nDCG@10,0.5
q255336,R@100,1.0
q255337,nDCG@10,0.38685280723454163
q255337,R@100,1.0
q255338,nDCG@10,0.6309297535714575
q255338,R@100,1.0
q255339,nDCG@10,0.38685280723454163
q255339,R@100,1.0
q255340,nDCG@10,0.3562071871080222
q255340,R@100,1.0
q255341,nDCG@10,0.3562071871080222
q255341,R@100,1.0
q255342,nDCG@10,0.31546487678572877
q255342,R@100,1.0
q255343,nDCG@10,0.3010299956639812
q255343,R@100,1.0
q255344,nDCG@10,0.5
q255344,R@100,1.0
q255345,nDCG@10,0.5
q255345,R@100,1.0
q255346,nDCG@10,1.0
q255346,R@100,1.0
q255347,nDCG@10,0.5
q255347,R@100,1.0
q255348,nDCG@10,1.0
q255348,R@100,1.0
q255349,nDCG@10,0.5
q255349,R@100,1.0
q255350,nDCG@10,0.3562071871080222
q255350,R@100,1.0
q255351,nDCG@10,0.0
q255351,R@100,1.0
q255352,nDCG@10,0.0
q255352,R@100,0.0
q255353,nDCG@10,0.0
q255353,R@100,1.0
q255354,nDCG@10,1.0
q255354,R@100,1.0
q255355,nDCG@10,1.0
q255355,R@100,1.0
q255356,nDCG@10,1.0
q255356,R@100,1.0
q255357,nDCG@10,0.0
q255357,R@100,0.0
q255358,nDCG@10,0.3010299956639812
q255358,R@100,1.0
q255359,nDCG@10,0.0
q255359,R@100,1.0
q255360,nDCG@10,1.0
q255360,R@100,1.0
q255361,nDCG@10,0.38685280723454163
q255361,R@100,1.0
q255362,nDCG@10,1.0
q255362,R@100,1.0
q255363,nDCG@10,0.0
q255363,R@100,0.0
q255364,nDCG@10,0.0
q255364,R@100,1.0
q255365,nDCG@10,0.0
q255365,R@100,1.0
q255366,nDCG@10,0.6309297535714575
q255366,R@100,1.0
q255367,nDCG@10,0.3333333333333333
q255367,R@100,1.0
q255368,nDCG@10,0.5
q255368,R@100,1.0
q255369,nDCG@10,0.0
q255369,R@100,1.0
q255370,nDCG@10,0.0
q255370,R@100,0.0
q255371,nDCG@10,0.0
q255371,R@100,1.0
q255372,nDCG@10,1.0
q255372,R@100,1.0
q255373,nDCG@10,0.6309297535714575
q255373,R@100,1.0
q255374,nDCG@10,1.0
q255374,R@100,1.0
q255375,nDCG@10,0.6309297535714575
q255375,R@100,1.0
q255376,nDCG@10,1.0
q255376,R@100,1.0
q255377,nDCG@10,0.6309297535714575
q255377,R@100,1.0
q255378,nDCG@10,1.0
q255378,R@100,1.0
q255379,nDCG@10,0.6309297535714575
q255379,R@100,1.0
q255380,nDCG@10,0.6309297535714575
q255380,R@100,1.0
q255381,nDCG@10,0.6309297535714575
q255381,R@100,1.0
q255382,nDCG@10,1.0
q255382,R@100,1.0
q255383,nDCG@10,0.6309297535714575
q255383,R@100,1.0
q255384,nDCG@10,1.0
q255384,R@100,1.0
q255385,nDCG@10,0.6309297535714575
q255385,R@100,1.0
q255386,nDCG@10,1.0
q255386,R@100,1.0
q255387,nDCG@10,1.0
q255387,R@100,1.0
q255388,nDCG@10,1.0
q255388,R@100,1.0
q255389,nDCG@10,1.0
q255389,R@100,1.0
q255390,nDCG@10,1.0
q255390,R@100,1.0
q255391,nDCG@10,0.0
q255391,R@100,0.0
q255392,nDCG@10,1.0
q255392,R@100,1.0
q255393,nDCG@10,0.0
q255393,R@100,1.0
q255394,nDCG@10,0.0
q255394,R@100,0.0
q255395,nDCG@10,0.0
q255395,R@100,0.0
q255396,nDCG@10,0.0
q255396,R@100,1.0
q255397,nDCG@10,1.0
q255397,R@100,1.0
q255398,nDCG@10,0.0
q255398,R@100,0.0
q255399,nDCG@10,1.0
q255399,R@100,1.0
q255400,nDCG@10,0.0
q255400,R@100,0.0
q255401,nDCG@10,0.0
q255401,R@100,0.0
q255402,nDCG@10,1.0
q255402,R@100,1.0
q255403,nDCG@10,1.0
q255403,R@100,1.0
q255404,nDCG@10,0.0
q255404,R@100,1.0
q255405,nDCG@10,0.5
q255405,R@100,1.0
q255406,nDCG@10,0.0
q255406,R@100,0.0
q255407,nDCG@10,0.0
q255407,R@100,0.0
q255408,nDCG@10,1.0
q255408,R@100,1.0
q255409,nDCG@10,1.0
q255409,R@100,1.0
q255410,nDCG@10,1.0
q255410,R@100,1.0
q255411,nDCG@10,0.0
q255411,R@100,0.0
q255412,nDCG@10,0.0
q255412,R@100,0.0
q255413,nDCG@10,0.0
q255413,R@100,0.0
q255414,nDCG@10,0.0
q255414,R@100,0.0
q255415,nDCG@10,0.5
q255415,R@100,1.0
q255416,nDCG@10,0.0
q255416,R@100,0.0
q255417,nDCG@10,0.0
q255417,R@100,0.0
q255418,nDCG@10,0.0
q255418,R@100,1.0
q255419,nDCG@10,0.0
q255419,R@100,0.0
q255420,nDCG@10,0.0
q255420,R@100,1.0
q255421,nDCG@10,0.3333333333333333
q255421,R@100,1.0
q255422,nDCG@10,0.6309297535714575
q255422,R@100,1.0
q255423,nDCG@10,0.5
q255423,R@100,1.0
q255424,nDCG@10,1.0
q255424,R@100,1.0
q255425,nDCG@10,0.6309297535714575
q255425,R@100,1.0
q255426,nDCG@10,0.0
q255426,R@100,0.0
q255427,nDCG@10,1.0
q255427,R@100,1.0
q255428,nDCG@10,0.6309297535714575
q255428,R@100,1.0
q255429,nDCG@10,1.0
q255429,R@100,1.0
q255430,nDCG@10,0.38685280723454163
q255430,R@100,1.0
q255431,nDCG@10,1.0
q255431,R@100,1.0
q255432,nDCG@10,0.6309297535714575
q255432,R@100,1.0
q255433,nDCG@10,0.3562071871080222
q255433,R@100,1.0
q255434,nDCG@10,1.0
q255434,R@100,1.0
q255435,nDCG@10,0.6309297535714575
q255435,R@100,1.0
q255436,nDCG@10,1.0
q255436,R@100,1.0
q255437,nDCG@10,0.6309297535714575
q255437,R@100,1.0
q255438,nDCG@10,1.0
q255438,R@100,1.0
q255439,nDCG@10,0.5
q255439,R@100,1.0
q255440,nDCG@10,1.0
q255440,R@100,1.0
q255441,nDCG@10,0.6309297535714575
q255441,R@100,1.0
q255442,nDCG@10,0.6309297535714575
q255442,R@100,1.0
q255443,nDCG@10,0.38685280723454163
q255443,R@100,1.0
q255444,nDCG@10,0.43067655807339306
q255444,R@100,1.0
q255445,nDCG@10,0.43067655807339306
q255445,R@100,1.0
q255446,nDCG@10,0.6309297535714575
q255446,R@100,1.0
q255447,nDCG@10,1.0
q255447,R@100,1.0
q255448,nDCG@10,0.0
q255448,R@100,1.0
q255449,nDCG@10,1.0
q255449,R@100,1.0
q255450,nDCG@10,0.5
q255450,R@100,1.0
q255451,nDCG@10,1.0
q255451,R@100,1.0
q255452,nDCG@10,0.31546487678572877
q255452,R@100,1.0
q255453,nDCG@10,0.3562071871080222
q255453,R@100,1.0
q255454,nDCG@10,0.0
q255454,R@100,1.0
q255455,nDCG@10,1.0
q255455,R@100,1.0
q255456,nDCG@10,0.31546487678572877
q255456,R@100,1.0
q255457,nDCG@10,0.5
q255457,R@100,1.0
q255458,nDCG@10,1.0
q255458,R@100,1.0
q255459,nDCG@10,0.5
q255459,R@100,1.0
q255460,nDCG@10,1.0
q255460,R@100,1.0
q255461,nDCG@10,0.6309297535714575
q255461,R@100,1.0
q255462,nDCG@10,1.0
q255462,R@100,1.0
q255463,nDCG@10,0.43067655807339306
q255463,R@100,1.0
q255464,nDCG@10,0.5
q255464,R@100,1.0
q255465,nDCG@10,0.3562071871080222
q255465,R@100,1.0
q255466,nDCG@10,1.0
q255466,R@100,1.0
q255467,nDCG@10,0.6309297535714575
q255467,R@100,1.0
q255468,nDCG@10,1.0
q255468,R@100,1.0
q255469,nDCG@10,0.6309297535714575
q255469,R@100,1.0
q255470,nDCG@10,0.0
q255470,R@100,1.0
q255471,nDCG@10,0.0
q255471,R@100,1.0
q255472,nDCG@10,0.6309297535714575
q255472,R@100,1.0
q255473,nDCG@10,1.0
q255473,R@100,1.0
q255474,nDCG@10,1.0
q255474,R@100,1.0
q255475,nDCG@10,1.0
q255475,R@100,1.0
q255476,nDCG@10,0.0
q255476,R@100,1.0
q255477,nDCG@10,1.0
q255477,R@100,1.0
q255478,nDCG@10,0.0
q255478,R@100,0.0
q255479,nDCG@10,1.0
q255479,R@100,1.0
q255480,nDCG@10,0.5
q255480,R@100,1.0
q255481,nDCG@10,0.0
q255481,R@100,1.0
q255482,nDCG@10,1.0
q255482,R@100,1.0
q255483,nDCG@10,0.31546487678572877
q255483,R@100,1.0
q255484,nDCG@10,0.0
q255484,R@100,0.0
q255485,nDCG@10,0.6309297535714575
q255485,R@100,1.0
q255486,nDCG@10,1.0
q255486,R@100,1.0
q255487,nDCG@10,0.0
q255487,R@100,0.0
q255488,nDCG@10,0.3333333333333333
q255488,R@100,1.0
q255489,nDCG@10,0.0
q255489,R@100,0.0
q255490,nDCG@10,0.6309297535714575
q255490,R@100,1.0
q255491,nDCG@10,0.0
q255491,R@100,0.0
q255492,nDCG@10,0.0
q255492,R@100,1.0
q255493,nDCG@10,1.0
q255493,R@100,1.0
q255494,nDCG@10,0.0
q255494,R@100,0.0
q255495,nDCG@10,1.0
q255495,R@100,1.0
q255496,nDCG@10,0.5
q255496,R@100,1.0
q255497,nDCG@10,1.0
q255497,R@100,1.0
q255498,nDCG@10,1.0
q255498,R@100,1.0
q255499,nDCG@10,1.0
q255499,R@100,1.0
q255500,nDCG@10,1.0
q255500,R@100,1.0
q255501,nDCG@10,0.6309297535714575
q255501,R@100,1.0
q255502,nDCG@10,0.31546487678572877
q255502,R@100,1.0
q255503,nDCG@10,1.0
q255503,R@100,1.0
q255504,nDCG@10,0.0
q255504,R@100,0.0
q255505,nDCG@10,0.0
q255505,R@100,0.0
q255506,nDCG@10,1.0
q255506,R@100,1.0
q255507,nDCG@10,1.0
q255507,R@100,1.0
q255508,nDCG@10,1.0
q255508,R@100,1.0
q255509,nDCG@10,0.0
q255509,R@100,0.0
q255510,nDCG@10,0.0
q255510,R@100,0.0
q255511,nDCG@10,1.0
q255511,R@100,1.0
q255512,nDCG@10,0.0
q255512,R@100,0.0
q255513,nDCG@10,0.43067655807339306
q255513,R@100,1.0
q255514,nDCG@10,0.5
q255514,R@100,1.0
q255515,nDCG@10,0.6309297535714575
q255515,R@100,1.0
q255516,nDCG@10,0.0
q255516,R@100,0.0
q255517,nDCG@10,1.0
q255517,R@100,1.0
q255518,nDCG@10,0.0
q255518,R@100,0.0
q255519,nDCG@10,0.6309297535714575
q255519,R@100,1.0
q255520,nDCG@10,1.0
q255520,R@100,1.0
q255521,nDCG@10,1.0
q255521,R@100,1.0
q255522,nDCG@10,0.0
q255522,R@100,0.0
q255523,nDCG@10,0.0
q255523,R@100,0.0
q255524,nDCG@10,0.0
q255524,R@100,0.0
q255525,nDCG@10,1.0
q255525,R@100,1.0
q255526,nDCG@10,0.0
q255526,R@100,0.0
q255527,nDCG@10,0.0
q255527,R@100,1.0
q255528,nDCG@10,1.0
q255528,R@100,1.0
q255529,nDCG@10,0.0
q255529,R@100,1.0
q255530,nDCG@10,1.0
q255530,R@100,1.0
q255531,nDCG@10,1.0
q255531,R@100,1.0
q255532,nDCG@10,1.0
q255532,R@100,1.0
q255533,nDCG@10,0.0
q255533,R@100,0.0
q255534,nDCG@10,0.0
q255534,R@100,0.0
q255535,nDCG@10,0.6309297535714575
q255535,R@100,1.0
q255536,nDCG@10,0.0
q255536,R@100,1.0
q255537,nDCG@10,1.0
q255537,R@100,1.0
q255538,nDCG@10,1.0
q255538,R@100,1.0
q255539,nDCG@10,0.0
q255539,R@100,1.0
q255540,nDCG@10,0.6309297535714575
q255540,R@100,1.0
q255541,nDCG@10,0.0
q255541,R@100,1.0
q255542,nDCG@10,0.5
q255542,R@100,1.0
q255543,nDCG@10,1.0
q255543,R@100,1.0
q255544,nDCG@10,1.0
q255544,R@100,1.0
q255545,nDCG@10,0.0
q255545,R@100,0.0
q255546,nDCG@10,0.6309297535714575
q255546,R@100,1.0
q255547,nDCG@10,1.0
q255547,R@100,1.0
q255548,nDCG@10,0.3562071871080222
q255548,R@100,1.0
q255549,nDCG@10,0.0
q255549,R@100,0.0
q255550,nDCG@10,0.0
q255550,R@100,0.0
q255551,nDCG@10,1.0
q255551,R@100,1.0
q255552,nDCG@10,0.0
q255552,R@100,0.0
q255553,nDCG@10,0.0
q255553,R@100,0.0
q255554,nDCG@10,0.0
q255554,R@100,0.0
q255555,nDCG@10,0.0
q255555,R@100,0.0
q255556,nDCG@10,0.0
q255556,R@100,0.0
q255557,nDCG@10,0.0
q255557,R@100,0.0
q255558,nDCG@10,0.0
q255558,R@100,1.0
q255559,nDCG@10,0.6309297535714575
q255559,R@100,1.0
q255560,nDCG@10,0.0
q255560,R@100,0.0
q255561,nDCG@10,0.0
q255561,R@100,0.0
q255562,nDCG@10,0.0
q255562,R@100,0.0
q255563,nDCG@10,0.6309297535714575
q255563,R@100,1.0
q255564,nDCG@10,1.0
q255564,R@100,1.0
q255565,nDCG@10,0.0
q255565,R@100,0.0
q255566,nDCG@10,0.0
q255566,R@100,0.0
q255567,nDCG@10,0.0
q255567,R@100,1.0
q255568,nDCG@10,0.0
q255568,R@100,1.0
q255569,nDCG@10,0.6309297535714575
q255569,R@100,1.0
q255570,nDCG@10,1.0
q255570,R@100,1.0
q255571,nDCG@10,1.0
q255571,R@100,1.0
q255572,nDCG@10,0.0
q255572,R@100,0.0
q255573,nDCG@10,1.0
q255573,R@100,1.0
q255574,nDCG@10,1.0
q255574,R@100,1.0
q255575,nDCG@10,1.0
q255575,R@100,1.0
q255576,nDCG@10,0.0
q255576,R@100,0.0
q255577,nDCG@10,1.0
q255577,R@100,1.0
q255578,nDCG@10,0.38685280723454163
q255578,R@100,1.0
q255579,nDCG@10,1.0
q255579,R@100,1.0
q255580,nDCG@10,0.0
q255580,R@100,1.0
q255581,nDCG@10,0.0
q255581,R@100,0.0
q255582,nDCG@10,0.6309297535714575
q255582,R@100,1.0
q255583,nDCG@10,0.0
q255583,R@100,0.0
q255584,nDCG@10,0.0
q255584,R@100,0.0
q255585,nDCG@10,0.5
q255585,R@100,1.0
q255586,nDCG@10,1.0
q255586,R@100,1.0
q255587,nDCG@10,1.0
q255587,R@100,1.0
q255588,nDCG@10,0.0
q255588,R@100,0.0
q255589,nDCG@10,0.0
q255589,R@100,0.0
q255590,nDCG@10,0.0
q255590,R@100,0.0
q255591,nDCG@10,0.0
q255591,R@100,0.0
q255592,nDCG@10,0.0
q255592,R@100,0.0
q255593,nDCG@10,0.0
q255593,R@100,0.0
q255594,nDCG@10,0.0
q255594,R@100,0.0
q255595,nDCG@10,0.0
q255595,R@100,0.0
q255596,nDCG@10,1.0
q255596,R@100,1.0
q255597,nDCG@10,0.0
q255597,R@100,0.0
q255598,nDCG@10,0.0
q255598,R@100,0.0
q255599,nDCG@10,0.2890648263178879
q255599,R@100,1.0
q255600,nDCG@10,0.0
q255600,R@100,0.0
q255601,nDCG@10,0.0
q255601,R@100,0.0
q255602,nDCG@10,0.0
q255602,R@100,0.0
q255603,nDCG@10,0.0
q255603,R@100,1.0
q255604,nDCG@10,0.0
q255604,R@100,0.0
q255605,nDCG@10,0.0
q255605,R@100,0.0
q255606,nDCG@10,0.0
q255606,R@100,0.0
q255607,nDCG@10,0.0
q255607,R@100,0.0
q255608,nDCG@10,0.0
q255608,R@100,0.0
q255609,nDCG@10,0.0
q255609,R@100,0.0
q255610,nDCG@10,0.0
q255610,R@100,0.0
q255611,nDCG@10,0.0
q255611,R@100,0.0
q255612,nDCG@10,0.43067655807339306
q255612,R@100,1.0
q255613,nDCG@10,0.0
q255613,R@100,0.0
q255614,nDCG@10,0.0
q255614,R@100,0.0
q255615,nDCG@10,0.0
q255615,R@100,0.0
q255616,nDCG@10,0.43067655807339306
q255616,R@100,1.0
q255617,nDCG@10,0.0
q255617,R@100,0.0
q255618,nDCG@10,0.0
q255618,R@100,1.0
q255619,nDCG@10,1.0
q255619,R@100,1.0
q255620,nDCG@10,0.0
q255620,R@100,0.0
q255621,nDCG@10,0.6309297535714575
q255621,R@100,1.0
q255622,nDCG@10,1.0
q255622,R@100,1.0
q255623,nDCG@10,1.0
q255623,R@100,1.0
q255624,nDCG@10,1.0
q255624,R@100,1.0
q255625,nDCG@10,0.0
q255625,R@100,0.0
q255626,nDCG@10,0.0
q255626,R@100,0.0
q255627,nDCG@10,0.0
q255627,R@100,0.0
q255628,nDCG@10,0.0
q255628,R@100,0.0
q255629,nDCG@10,0.0
q255629,R@100,0.0
q255630,nDCG@10,0.0
q255630,R@100,0.0
q255631,nDCG@10,1.0
q255631,R@100,1.0
q255632,nDCG@10,1.0
q255632,R@100,1.0
q255633,nDCG@10,0.0
q255633,R@100,0.0
q255634,nDCG@10,0.0
q255634,R@100,1.0
q255635,nDCG@10,1.0
q255635,R@100,1.0
q255636,nDCG@10,0.0
q255636,R@100,1.0
q255637,nDCG@10,0.6309297535714575
q255637,R@100,1.0
q255638,nDCG@10,0.5
q255638,R@100,1.0
q255639,nDCG@10,1.0
q255639,R@100,1.0
q255640,nDCG@10,0.0
q255640,R@100,0.0
q255641,nDCG@10,0.0
q255641,R@100,1.0
q255642,nDCG@10,1.0
q255642,R@100,1.0
q255643,nDCG@10,0.0
q255643,R@100,0.0
q255644,nDCG@10,0.6309297535714575
q255644,R@100,1.0
q255645,nDCG@10,0.0
q255645,R@100,0.0
q255646,nDCG@10,0.0
q255646,R@100,0.0
q255647,nDCG@10,0.0
q255647,R@100,1.0
q255648,nDCG@10,0.0
q255648,R@100,0.0
q255649,nDCG@10,0.0
q255649,R@100,0.0
q255650,nDCG@10,0.43067655807339306
q255650,R@100,1.0
q255651,nDCG@10,1.0
q255651,R@100,1.0
q255652,nDCG@10,0.6309297535714575
q255652,R@100,1.0
q255653,nDCG@10,1.0
q255653,R@100,1.0
q255654,nDCG@10,0.6309297535714575
q255654,R@100,1.0
q255655,nDCG@10,0.0
q255655,R@100,0.0
q255656,nDCG@10,0.0
q255656,R@100,0.0
q255657,nDCG@10,0.0
q255657,R@100,1.0
q255658,nDCG@10,0.0
q255658,R@100,0.0
q255659,nDCG@10,1.0
q255659,R@100,1.0
q255660,nDCG@10,0.0
q255660,R@100,1.0
q255661,nDCG@10,0.0
q255661,R@100,0.0
q255662,nDCG@10,1.0
q255662,R@100,1.0
q255663,nDCG@10,0.0
q255663,R@100,0.0
q255664,nDCG@10,1.0
q255664,R@100,1.0
q255665,nDCG@10,1.0
q255665,R@100,1.0
q255666,nDCG@10,1.0
q255666,R@100,1.0
q255667,nDCG@10,0.5
q255667,R@100,1.0
q255668,nDCG@10,0.0
q255668,R@100,1.0
q255669,nDCG@10,1.0
q255669,R@100,1.0
q255670,nDCG@10,0.0
q255670,R@100,1.0
q255671,nDCG@10,0.0
q255671,R@100,0.0
q255672,nDCG@10,0.0
q255672,R@100,0.0
q255673,nDCG@10,1.0
q255673,R@100,1.0
q255674,nDCG@10,1.0
q255674,R@100,1.0
q255675,nDCG@10,0.5
q255675,R@100,1.0
q255676,nDCG@10,0.0
q255676,R@100,0.0
q255677,nDCG@10,0.0
q255677,R@100,1.0
q255678,nDCG@10,1.0
q255678,R@100,1.0
q255679,nDCG@10,1.0
q255679,R@100,1.0
q255680,nDCG@10,1.0
q255680,R@100,1.0
q255681,nDCG@10,0.0
q255681,R@100,0.0
q255682,nDCG@10,0.0
q255682,R@100,0.0
q255683,nDCG@10,0.0
q255683,R@100,0.0
q255684,nDCG@10,0.43067655807339306
q255684,R@100,1.0
q255685,nDCG@10,1.0
q255685,R@100,1.0
q255686,nDCG@10,0.0
q255686,R@100,1.0
q255687,nDCG@10,0.0
q255687,R@100,0.0
q255688,nDCG@10,0.0
q255688,R@100,1.0
q255689,nDCG@10,1.0
q255689,R@100,1.0
q255690,nDCG@10,0.38685280723454163
q255690,R@100,1.0
q255691,nDCG@10,0.3333333333333333
q255691,R@100,1.0
q255692,nDCG@10,0.0
q255692,R@100,0.0
q255693,nDCG@10,0.0
q255693,R@100,0.0
q255694,nDCG@10,0.0
q255694,R@100,0.0
q255695,nDCG@10,0.5
q255695,R@100,1.0
q255696,nDCG@10,0.0
q255696,R@100,0.0
q255697,nDCG@10,0.0
q255697,R@100,0.0
q255698,nDCG@10,0.0
q255698,R@100,0.0
q255699,nDCG@10,1.0
q255699,R@100,1.0
q255700,nDCG@10,1.0
q255700,R@100,1.0
q255701,nDCG@10,0.0
q255701,R@100,0.0
q255702,nDCG@10,1.0
q255702,R@100,1.0
q255703,nDCG@10,0.0
q255703,R@100,0.0
q255704,nDCG@10,0.43067655807339306
q255704,R@100,1.0
q255705,nDCG@10,0.0
q255705,R@100,1.0
q255706,nDCG@10,0.0
q255706,R@100,1.0
q255707,nDCG@10,0.0
q255707,R@100,1.0
q255708,nDCG@10,0.0
q255708,R@100,0.0
q255709,nDCG@10,0.6309297535714575
q255709,R@100,1.0
q255710,nDCG@10,0.6309297535714575
q255710,R@100,1.0
q255711,nDCG@10,0.0
q255711,R@100,0.0
q255712,nDCG@10,0.43067655807339306
q255712,R@100,1.0
q255713,nDCG@10,0.0
q255713,R@100,0.0
q255714,nDCG@10,0.38685280723454163
q255714,R@100,1.0
q255715,nDCG@10,1.0
q255715,R@100,1.0
q255716,nDCG@10,0.0
q255716,R@100,0.0
q255717,nDCG@10,0.0
q255717,R@100,0.0
q255718,nDCG@10,1.0
q255718,R@100,1.0
q255719,nDCG@10,0.5
q255719,R@100,1.0
q255720,nDCG@10,1.0
q255720,R@100,1.0
q255721,nDCG@10,0.0
q255721,R@100,1.0
q255722,nDCG@10,1.0
q255722,R@100,1.0
q255723,nDCG@10,1.0
q255723,R@100,1.0
q255724,nDCG@10,0.5
q255724,R@100,1.0
q255725,nDCG@10,0.6309297535714575
q255725,R@100,1.0
q255726,nDCG@10,0.3562071871080222
q255726,R@100,1.0
q255727,nDCG@10,0.0
q255727,R@100,1.0
q255728,nDCG@10,0.0
q255728,R@100,0.0
q255729,nDCG@10,0.0
q255729,R@100,0.0
q255730,nDCG@10,1.0
q255730,R@100,1.0
q255731,nDCG@10,0.0
q255731,R@100,0.0
q255732,nDCG@10,0.0
q255732,R@100,1.0
q255733,nDCG@10,0.6309297535714575
q255733,R@100,1.0
q255734,nDCG@10,0.6309297535714575
q255734,R@100,1.0
q255735,nDCG@10,1.0
q255735,R@100,1.0
q255736,nDCG@10,1.0
q255736,R@100,1.0
q255737,nDCG@10,0.6309297535714575
q255737,R@100,1.0
q255738,nDCG@10,0.0
q255738,R@100,1.0
q255739,nDCG@10,0.0
q255739,R@100,0.0
q255740,nDCG@10,0.0
q255740,R@100,0.0
q255741,nDCG@10,0.0
q255741,R@100,1.0
q255742,nDCG@10,0.3010299956639812
q255742,R@100,1.0
q255743,nDCG@10,1.0
q255743,R@100,1.0
q255744,nDCG@10,0.0
q255744,R@100,1.0
q255745,nDCG@10,0.0
q255745,R@100,0.0
q255746,nDCG@10,0.0
q255746,R@100,1.0
q255747,nDCG@10,0.0
q255747,R@100,1.0
q255748,nDCG@10,1.0
q255748,R@100,1.0
q255749,nDCG@10,0.0
q255749,R@100,1.0
q255750,nDCG@10,1.0
q255750,R@100,1.0
q255751,nDCG@10,1.0
q255751,R@100,1.0
q255752,nDCG@10,0.5
q255752,R@100,1.0
q255753,nDCG@10,1.0
q255753,R@100,1.0
q255754,nDCG@10,1.0
q255754,R@100,1.0
q255755,nDCG@10,1.0
q255755,R@100,1.0
q255756,nDCG@10,0.0
q255756,R@100,1.0
q255757,nDCG@10,1.0
q255757,R@100,1.0
q255758,nDCG@10,1.0
q255758,R@100,1.0
q255759,nDCG@10,1.0
q255759,R@100,1.0
q255760,nDCG@10,0.0
q255760,R@100,0.0
q255761,nDCG@10,1.0
q255761,R@100,1.0
q255762,nDCG@10,0.0
q255762,R@100,1.0
q255763,nDCG@10,0.0
q255763,R@100,0.0
q255764,nDCG@10,0.6309297535714575
q255764,R@100,1.0
q255765,nDCG@10,0.0
q255765,R@100,0.0
q255766,nDCG@10,0.0
q255766,R@100,0.0
q255767,nDCG@10,0.0
q255767,R@100,0.0
q255768,nDCG@10,0.0
q255768,R@100,0.0
q255769,nDCG@10,0.0
q255769,R@100,0.0
q255770,nDCG@10,1.0
q255770,R@100,1.0
q255771,nDCG@10,0.0
q255771,R@100,0.0
q255772,nDCG@10,0.6309297535714575
q255772,R@100,1.0
q255773,nDCG@10,0.0
q255773,R@100,0.0
q255774,nDCG@10,0.0
q255774,R@100,0.0
q255775,nDCG@10,0.0
q255775,R@100,0.0
q255776,nDCG@10,0.0
q255776,R@100,1.0
q255777,nDCG@10,0.0
q255777,R@100,1.0
q255778,nDCG@10,0.43067655807339306
q255778,R@100,1.0
q255779,nDCG@10,0.0
q255779,R@100,0.0
q255780,nDCG@10,1.0
q255780,R@100,1.0
q255781,nDCG@10,0.0
q255781,R@100,0.0
q255782,nDCG@10,0.0
q255782,R@100,1.0
q255783,nDCG@10,1.0
q255783,R@100,1.0
q255784,nDCG@10,0.43067655807339306
q255784,R@100,1.0
q255785,nDCG@10,1.0
q255785,R@100,1.0
q255786,nDCG@10,0.0
q255786,R@100,1.0
q255787,nDCG@10,1.0
q255787,R@100,1.0
q255788,nDCG@10,0.3562071871080222
q255788,R@100,1.0
q255789,nDCG@10,0.0
q255789,R@100,0.0
q255790,nDCG@10,1.0
q255790,R@100,1.0
q255791,nDCG@10,0.0
q255791,R@100,0.0
q255792,nDCG@10,0.0
q255792,R@100,1.0
q255793,nDCG@10,0.0
q255793,R@100,0.0
q255794,nDCG@10,0.0
q255794,R@100,0.0
q255795,nDCG@10,0.0
q255795,R@100,0.0
q255796,nDCG@10,0.0
q255796,R@100,0.0
q255797,nDCG@10,1.0
q255797,R@100,1.0
q255798,nDCG@10,0.38685280723454163
q255798,R@100,1.0
q255799,nDCG@10,1.0
q255799,R@100,1.0
q255800,nDCG@10,0.0
q255800,R@100,0.0
q255801,nDCG@10,1.0
q255801,R@100,1.0
q255802,nDCG@10,0.3333333333333333
q255802,R@100,1.0
q255803,nDCG@10,0.0
q255803,R@100,0.0
q255804,nDCG@10,0.6309297535714575
q255804,R@100,1.0
q255805,nDCG@10,0.0
q255805,R@100,0.0
q255806,nDCG@10,0.0
q255806,R@100,1.0
q255807,nDCG@10,0.0
q255807,R@100,1.0
q255808,nDCG@10,1.0
q255808,R@100,1.0
q255809,nDCG@10,0.43067655807339306
q255809,R@100,1.0
q255810,nDCG@10,1.0
q255810,R@100,1.0
q255811,nDCG@10,1.0
q255811,R@100,1.0
q255812,nDCG@10,0.6309297535714575
q255812,R@100,1.0
q255813,nDCG@10,1.0
q255813,R@100,1.0
q255814,nDCG@10,1.0
q255814,R@100,1.0
q255815,nDCG@10,1.0
q255815,R@100,1.0
q255816,nDCG@10,0.0
q255816,R@100,1.0
q255817,nDCG@10,0.0
q255817,R@100,0.0
q255818,nDCG@10,1.0
q255818,R@100,1.0
q255819,nDCG@10,1.0
q255819,R@100,1.0
q255820,nDCG@10,0.3562071871080222
q255820,R@100,1.0
q255821,nDCG@10,0.0
q255821,R@100,1.0
q255822,nDCG@10,0.0
q255822,R@100,0.0
q255823,nDCG@10,1.0
q255823,R@100,1.0
q255824,nDCG@10,1.0
q255824,R@100,1.0
q255825,nDCG@10,1.0
q255825,R@100,1.0
q255826,nDCG@10,1.0
q255826,R@100,1.0
q255827,nDCG@10,0.0
q255827,R@100,1.0
q255828,nDCG@10,0.0
q255828,R@100,0.0
q255829,nDCG@10,1.0
q255829,R@100,1.0
q255830,nDCG@10,0.0
q255830,R@100,0.0
q255831,nDCG@10,1.0
q255831,R@100,1.0
q255832,nDCG@10,1.0
q255832,R@100,1.0
q255833,nDCG@10,1.0
q255833,R@100,1.0
q255834,nDCG@10,1.0
q255834,R@100,1.0
q255835,nDCG@10,1.0
q255835,R@100,1.0
q255836,nDCG@10,1.0
q255836,R@100,1.0
q255837,nDCG@10,1.0
q255837,R@100,1.0
q255838,nDCG@10,0.2890648263178879
q255838,R@100,1.0
q255839,nDCG@10,1.0
q255839,R@100,1.0
q255840,nDCG@10,0.0
q255840,R@100,1.0
q255841,nDCG@10,0.3010299956639812
q255841,R@100,1.0
q255842,nDCG@10,1.0
q255842,R@100,1.0
q255843,nDCG@10,0.31546487678572877
q255843,R@100,1.0
q255844,nDCG@10,0.3010299956639812
q255844,R@100,1.0
q255845,nDCG@10,0.43067655807339306
q255845,R@100,1.0
q255846,nDCG@10,0.6309297535714575
q255846,R@100,1.0
q255847,nDCG@10,0.5
q255847,R@100,1.0
q255848,nDCG@10,1.0
q255848,R@100,1.0
q255849,nDCG@10,0.0
q255849,R@100,0.0
q255850,nDCG@10,1.0
q255850,R@100,1.0
q255851,nDCG@10,0.0
q255851,R@100,0.0
q255852,nDCG@10,0.3333333333333333
q255852,R@100,1.0
q255853,nDCG@10,0.0
q255853,R@100,1.0
q255854,nDCG@10,1.0
q255854,R@100,1.0
q255855,nDCG@10,1.0
q255855,R@100,1.0
q255856,nDCG@10,0.0
q255856,R@100,1.0
q255857,nDCG@10,1.0
q255857,R@100,1.0
q255858,nDCG@10,1.0
q255858,R@100,1.0
q255859,nDCG@10,0.0
q255859,R@100,0.0
q255860,nDCG@10,0.0
q255860,R@100,0.0
q255861,nDCG@10,0.0
q255861,R@100,0.0
q255862,nDCG@10,1.0
q255862,R@100,1.0
q255863,nDCG@10,0.0
q255863,R@100,0.0
q255864,nDCG@10,0.0
q255864,R@100,0.0
q255865,nDCG@10,0.0
q255865,R@100,0.0
q255866,nDCG@10,0.0
q255866,R@100,0.0
q255867,nDCG@10,0.0
q255867,R@100,0.0
q255868,nDCG@10,0.0
q255868,R@100,0.0
q255869,nDCG@10,0.0
q255869,R@100,0.0
q255870,nDCG@10,0.0
q255870,R@100,1.0
q255871,nDCG@10,0.0
q255871,R@100,1.0
q255872,nDCG@10,0.0
q255872,R@100,0.0
q255873,nDCG@10,0.43067655807339306
q255873,R@100,1.0
q255874,nDCG@10,0.0
q255874,R@100,0.0
q255875,nDCG@10,1.0
q255875,R@100,1.0
q255876,nDCG@10,0.0
q255876,R@100,0.0
q255877,nDCG@10,1.0
q255877,R@100,1.0
q255878,nDCG@10,1.0
q255878,R@100,1.0
q255879,nDCG@10,0.0
q255879,R@100,0.0
q255880,nDCG@10,0.0
q255880,R@100,0.0
q255881,nDCG@10,1.0
q255881,R@100,1.0
q255882,nDCG@10,0.5
q255882,R@100,1.0
q255883,nDCG@10,0.6309297535714575
q255883,R@100,1.0
q255884,nDCG@10,0.3333333333333333
q255884,R@100,1.0
q255885,nDCG@10,0.3562071871080222
q255885,R@100,1.0
q255886,nDCG@10,0.6309297535714575
q255886,R@100,1.0
q255887,nDCG@10,0.0
q255887,R@100,0.0
q255888,nDCG@10,1.0
q255888,R@100,1.0
q255889,nDCG@10,0.0
q255889,R@100,0.0
q255890,nDCG@10,0.0
q255890,R@100,0.0
q255891,nDCG@10,0.0
q255891,R@100,1.0
q255892,nDCG@10,1.0
q255892,R@100,1.0
q255893,nDCG@10,0.3333333333333333
q255893,R@100,1.0
q255894,nDCG@10,0.0
q255894,R@100,1.0
q255895,nDCG@10,0.38685280723454163
q255895,R@100,1.0
q255896,nDCG@10,0.0
q255896,R@100,0.0
q255897,nDCG@10,0.0
q255897,R@100,0.0
q255898,nDCG@10,1.0
q255898,R@100,1.0
q255899,nDCG@10,0.0
q255899,R@100,0.0
q255900,nDCG@10,0.0
q255900,R@100,1.0
q255901,nDCG@10,0.0
q255901,R@100,0.0
q255902,nDCG@10,0.0
q255902,R@100,1.0
q255903,nDCG@10,1.0
q255903,R@100,1.0
q255904,nDCG@10,0.6309297535714575
q255904,R@100,1.0
q255905,nDCG@10,0.3333333333333333
q255905,R@100,1.0
q255906,nDCG@10,1.0
q255906,R@100,1.0
q255907,nDCG@10,1.0
q255907,R@100,1.0
q255908,nDCG@10,0.0
q255908,R@100,0.0
q255909,nDCG@10,0.0
q255909,R@100,0.0
q255910,nDCG@10,0.0
q255910,R@100,0.0
q255911,nDCG@10,1.0
q255911,R@100,1.0
q255912,nDCG@10,0.0
q255912,R@100,0.0
q255913,nDCG@10,0.6309297535714575
q255913,R@100,1.0
q255914,nDCG@10,0.2890648263178879
q255914,R@100,1.0
q255915,nDCG@10,0.6309297535714575
q255915,R@100,1.0
q255916,nDCG@10,0.0
q255916,R@100,1.0
q255917,nDCG@10,0.0
q255917,R@100,1.0
q255918,nDCG@10,0.0
q255918,R@100,0.0
q255919,nDCG@10,0.0
q255919,R@100,0.0
q255920,nDCG@10,0.0
q255920,R@100,0.0
q255921,nDCG@10,0.0
q255921,R@100,0.0
q255922,nDCG@10,0.6309297535714575
q255922,R@100,1.0
q255923,nDCG@10,0.38685280723454163
q255923,R@100,1.0
q255924,nDCG@10,1.0
q255924,R@100,1.0
q255925,nDCG@10,0.0
q255925,R@100,0.0
q255926,nDCG@10,0.0
q255926,R@100,0.0
q255927,nDCG@10,0.0
q255927,R@100,0.0
q255928,nDCG@10,0.0
q255928,R@100,0.0
q255929,nDCG@10,0.0
q255929,R@100,0.0
q255930,nDCG@10,0.0
q255930,R@100,0.0
q255931,nDCG@10,0.38685280723454163
q255931,R@100,1.0
q255932,nDCG@10,0.0
q255932,R@100,0.0
q255933,nDCG@10,1.0
q255933,R@100,1.0
q255934,nDCG@10,0.0
q255934,R@100,0.0
q255935,nDCG@10,0.0
q255935,R@100,0.0
q255936,nDCG@10,0.3010299956639812
q255936,R@100,1.0
q255937,nDCG@10,0.0
q255937,R@100,0.0
q255938,nDCG@10,1.0
q255938,R@100,1.0
q255939,nDCG@10,1.0
q255939,R@100,1.0
q255940,nDCG@10,0.0
q255940,R@100,0.0
q255941,nDCG@10,1.0
q255941,R@100,1.0
q255942,nDCG@10,0.0
q255942,R@100,0.0
q255943,nDCG@10,1.0
q255943,R@100,1.0
q255944,nDCG@10,0.0
q255944,R@100,0.0
q255945,nDCG@10,1.0
q255945,R@100,1.0
q255946,nDCG@10,0.6309297535714575
q255946,R@100,1.0
q255947,nDCG@10,1.0
q255947,R@100,1.0
q255948,nDCG@10,1.0
q255948,R@100,1.0
q255949,nDCG@10,0.0
q255949,R@100,1.0
q255950,nDCG@10,1.0
q255950,R@100,1.0
q255951,nDCG@10,1.0
q255951,R@100,1.0
q255952,nDCG@10,0.0
q255952,R@100,0.0
q255953,nDCG@10,0.0
q255953,R@100,0.0
q255954,nDCG@10,1.0
q255954,R@100,1.0
q255955,nDCG@10,1.0
q255955,R@100,1.0
q255956,nDCG@10,1.0
q255956,R@100,1.0
q255957,nDCG@10,1.0
q255957,R@100,1.0
q255958,nDCG@10,0.0
q255958,R@100,0.0
q255959,nDCG@10,0.0
q255959,R@100,0.0
q255960,nDCG@10,0.0
q255960,R@100,0.0
q255961,nDCG@10,0.0
q255961,R@100,0.0
q255962,nDCG@10,0.5
q255962,R@100,1.0
q255963,nDCG@10,0.3562071871080222
q255963,R@100,1.0
q255964,nDCG@10,1.0
q255964,R@100,1.0
q255965,nDCG@10,0.38685280723454163
q255965,R@100,1.0
q255966,nDCG@10,0.6309297535714575
q255966,R@100,1.0
q255967,nDCG@10,1.0
q255967,R@100,1.0
q255968,nDCG@10,0.0
q255968,R@100,1.0
q255969,nDCG@10,0.38685280723454163
q255969,R@100,1.0
q255970,nDCG@10,1.0
q255970,R@100,1.0
q255971,nDCG@10,0.5
q255971,R@100,1.0
q255972,nDCG@10,0.5
q255972,R@100,1.0
q255973,nDCG@10,0.0
q255973,R@100,0.0
q255974,nDCG@10,1.0
q255974,R@100,1.0
q255975,nDCG@10,0.0
q255975,R@100,1.0
q255976,nDCG@10,1.0
q255976,R@100,1.0
q255977,nDCG@10,1.0
q255977,R@100,1.0
q255978,nDCG@10,1.0
q255978,R@100,1.0
q255979,nDCG@10,0.6309297535714575
q255979,R@100,1.0
q255980,nDCG@10,1.0
q255980,R@100,1.0
q255981,nDCG@10,1.0
q255981,R@100,1.0
q255982,nDCG@10,1.0
q255982,R@100,1.0
q255983,nDCG@10,0.6309297535714575
q255983,R@100,1.0
q255984,nDCG@10,0.0
q255984,R@100,0.0
q255985,nDCG@10,0.0
q255985,R@100,1.0
q255986,nDCG@10,0.3010299956639812
q255986,R@100,1.0
q255987,nDCG@10,0.0
q255987,R@100,1.0
q255988,nDCG@10,0.0
q255988,R@100,0.0
q255989,nDCG@10,0.0
q255989,R@100,0.0
q255990,nDCG@10,0.0
q255990,R@100,1.0
q255991,nDCG@10,0.0
q255991,R@100,0.0
q255992,nDCG@10,0.5
q255992,R@100,1.0
q255993,nDCG@10,0.5
q255993,R@100,1.0
q255994,nDCG@10,0.0
q255994,R@100,0.0
q255995,nDCG@10,1.0
q255995,R@100,1.0
q255996,nDCG@10,0.3562071871080222
q255996,R@100,1.0
q255997,nDCG@10,0.0
q255997,R@100,1.0
q255998,nDCG@10,1.0
q255998,R@100,1.0
q255999,nDCG@10,0.0
q255999,R@100,1.0
q256000,nDCG@10,0.5
q256000,R@100,1.0
q256001,nDCG@10,0.0
q256001,R@100,1.0
q256002,nDCG@10,0.0
q256002,R@100,1.0
q256003,nDCG@10,0.0
q256003,R@100,0.0
q256004,nDCG@10,1.0
q256004,R@100,1.0
q256005,nDCG@10,0.0
q256005,R@100,1.0
q256006,nDCG@10,1.0
q256006,R@100,1.0
q256007,nDCG@10,1.0
q256007,R@100,1.0
q256008,nDCG@10,1.0
q256008,R@100,1.0
q256009,nDCG@10,0.0
q256009,R@100,0.0
q256010,nDCG@10,0.0
q256010,R@100,0.0
q256011,nDCG@10,0.0
q256011,R@100,1.0
q256012,nDCG@10,0.0
q256012,R@100,0.0
q256013,nDCG@10,0.0
q256013,R@100,0.0
q256014,nDCG@10,1.0
q256014,R@100,1.0
q256015,nDCG@10,1.0
q256015,R@100,1.0
q256016,nDCG@10,1.0
q256016,R@100,1.0
q256017,nDCG@10,0.0
q256017,R@100,0.0
q256018,nDCG@10,0.3010299956639812
q256018,R@100,1.0
q256019,nDCG@10,0.6309297535714575
q256019,R@100,1.0
q256020,nDCG@10,0.6309297535714575
q256020,R@100,1.0
q256021,nDCG@10,1.0
q256021,R@100,1.0
q256022,nDCG@10,0.0
q256022,R@100,0.0
q256023,nDCG@10,1.0
q256023,R@100,1.0
q256024,nDCG@10,1.0
q256024,R@100,1.0
q256025,nDCG@10,0.0
q256025,R@100,0.0
q256026,nDCG@10,0.0
q256026,R@100,1.0
q256027,nDCG@10,0.0
q256027,R@100,0.0
q256028,nDCG@10,0.5
q256028,R@100,1.0
q256029,nDCG@10,0.0
q256029,R@100,0.0
q256030,nDCG@10,1.0
q256030,R@100,1.0
q256031,nDCG@10,0.0
q256031,R@100,0.0
q256032,nDCG@10,0.0
q256032,R@100,0.0
q256033,nDCG@10,1.0
q256033,R@100,1.0
q256034,nDCG@10,0.0
q256034,R@100,0.0
q256035,nDCG@10,0.6309297535714575
q256035,R@100,1.0
q256036,nDCG@10,0.6309297535714575
q256036,R@100,1.0
q256037,nDCG@10,0.0
q256037,R@100,1.0
q256038,nDCG@10,1.0
q256038,R@100,1.0
q256039,nDCG@10,1.0
q256039,R@100,1.0
q256040,nDCG@10,0.0
q256040,R@100,1.0
q256041,nDCG@10,1.0
q256041,R@100,1.0
q256042,nDCG@10,0.0
q256042,R@100,0.0
q256043,nDCG@10,0.0
q256043,R@100,1.0
q256044,nDCG@10,0.0
q256044,R@100,0.0
q256045,nDCG@10,1.0
q256045,R@100,1.0
q256046,nDCG@10,0.3333333333333333
q256046,R@100,1.0
q256047,nDCG@10,0.0
q256047,R@100,1.0
q256048,nDCG@10,1.0
q256048,R@100,1.0
q256049,nDCG@10,1.0
q256049,R@100,1.0
q256050,nDCG@10,1.0
q256050,R@100,1.0
q256051,nDCG@10,1.0
q256051,R@100,1.0
q256052,nDCG@10,0.31546487678572877
q256052,R@100,1.0
q256053,nDCG@10,0.0
q256053,R@100,1.0
q256054,nDCG@10,0.6309297535714575
q256054,R@100,1.0
q256055,nDCG@10,0.0
q256055,R@100,0.0
q256056,nDCG@10,0.0
q256056,R@100,0.0
q256057,nDCG@10,0.0
q256057,R@100,1.0
q256058,nDCG@10,0.0
q256058,R@100,0.0
q256059,nDCG@10,0.6309297535714575
q256059,R@100,1.0
q256060,nDCG@10,0.5
q256060,R@100,1.0
q256061,nDCG@10,0.0
q256061,R@100,1.0
q256062,nDCG@10,0.0
q256062,R@100,0.0
q256063,nDCG@10,0.43067655807339306
q256063,R@100,1.0
q256064,nDCG@10,0.0
q256064,R@100,0.0
q256065,nDCG@10,0.0
q256065,R@100,1.0
q256066,nDCG@10,0.38685280723454163
q256066,R@100,1.0
q256067,nDCG@10,0.5
q256067,R@100,1.0
q256068,nDCG@10,0.0
q256068,R@100,1.0
q256069,nDCG@10,0.0
q256069,R@100,0.0
q256070,nDCG@10,1.0
q256070,R@100,1.0
q256071,nDCG@10,1.0
q256071,R@100,1.0
q256072,nDCG@10,0.6309297535714575
q256072,R@100,1.0
q256073,nDCG@10,0.2890648263178879
q256073,R@100,1.0
q256074,nDCG@10,0.5
q256074,R@100,1.0
q256075,nDCG@10,1.0
q256075,R@100,1.0
q256076,nDCG@10,1.0
q256076,R@100,1.0
q256077,nDCG@10,0.3562071871080222
q256077,R@100,1.0
q256078,nDCG@10,0.0
q256078,R@100,0.0
q256079,nDCG@10,0.0
q256079,R@100,0.0
q256080,nDCG@10,1.0
q256080,R@100,1.0
q256081,nDCG@10,0.0
q256081,R@100,1.0
q256082,nDCG@10,1.0
q256082,R@100,1.0
q256083,nDCG@10,1.0
q256083,R@100,1.0
q256084,nDCG@10,0.6309297535714575
q256084,R@100,1.0
q256085,nDCG@10,0.0
q256085,R@100,0.0
q256086,nDCG@10,0.0
q256086,R@100,0.0
q256087,nDCG@10,0.3333333333333333
q256087,R@100,1.0
q256088,nDCG@10,0.5
q256088,R@100,1.0
q256089,nDCG@10,0.0
q256089,R@100,0.0
q256090,nDCG@10,1.0
q256090,R@100,1.0
q256091,nDCG@10,0.0
q256091,R@100,0.0
q256092,nDCG@10,0.0
q256092,R@100,0.0
q256093,nDCG@10,0.5
q256093,R@100,1.0
q256094,nDCG@10,0.6309297535714575
q256094,R@100,1.0
q256095,nDCG@10,1.0
q256095,R@100,1.0
q256096,nDCG@10,1.0
q256096,R@100,1.0
q256097,nDCG@10,0.43067655807339306
q256097,R@100,1.0
q256098,nDCG@10,0.31546487678572877
q256098,R@100,1.0
q256099,nDCG@10,0.0
q256099,R@100,0.0
q256100,nDCG@10,1.0
q256100,R@100,1.0
q256101,nDCG@10,1.0
q256101,R@100,1.0
q256102,nDCG@10,1.0
q256102,R@100,1.0
q256103,nDCG@10,1.0
q256103,R@100,1.0
q256104,nDCG@10,1.0
q256104,R@100,1.0
q256105,nDCG@10,0.0
q256105,R@100,0.0
q256106,nDCG@10,0.0
q256106,R@100,1.0
q256107,nDCG@10,0.0
q256107,R@100,1.0
q256108,nDCG@10,0.0
q256108,R@100,0.0
q256109,nDCG@10,0.0
q256109,R@100,0.0
q256110,nDCG@10,0.0
q256110,R@100,0.0
q256111,nDCG@10,0.0
q256111,R@100,1.0
q256112,nDCG@10,0.0
q256112,R@100,1.0
q256113,nDCG@10,0.0
q256113,R@100,0.0
q256114,nDCG@10,0.43067655807339306
q256114,R@100,1.0
q256115,nDCG@10,0.6309297535714575
q256115,R@100,1.0
q256116,nDCG@10,0.0
q256116,R@100,0.0
q256117,nDCG@10,0.0
q256117,R@100,0.0
q256118,nDCG@10,0.0
q256118,R@100,0.0
q256119,nDCG@10,1.0
q256119,R@100,1.0
q256120,nDCG@10,1.0
q256120,R@100,1.0
q256121,nDCG@10,0.0
q256121,R@100,1.0
q256122,nDCG@10,0.0
q256122,R@100,1.0
q256123,nDCG@10,0.43067655807339306
q256123,R@100,1.0
q256124,nDCG@10,1.0
q256124,R@100,1.0
q256125,nDCG@10,0.6309297535714575
q256125,R@100,1.0
q256126,nDCG@10,1.0
q256126,R@100,1.0
q256127,nDCG@10,0.0
q256127,R@100,1.0
q256128,nDCG@10,0.0
q256128,R@100,1.0
q256129,nDCG@10,1.0
q256129,R@100,1.0
q256130,nDCG@10,0.0
q256130,R@100,0.0
q256131,nDCG@10,0.0
q256131,R@100,1.0
q256132,nDCG@10,1.0
q256132,R@100,1.0
q256133,nDCG@10,1.0
q256133,R@100,1.0
q256134,nDCG@10,0.6309297535714575
q256134,R@100,1.0
q256135,nDCG@10,1.0
q256135,R@100,1.0
q256136,nDCG@10,0.6309297535714575
q256136,R@100,1.0
q256137,nDCG@10,0.0
q256137,R@100,0.0
q256138,nDCG@10,1.0
q256138,R@100,1.0
q256139,nDCG@10,1.0
q256139,R@100,1.0
q256140,nDCG@10,0.0
q256140,R@100,0.0
q256141,nDCG@10,0.0
q256141,R@100,0.0
q256142,nDCG@10,1.0
q256142,R@100,1.0
q256143,nDCG@10,0.0
q256143,R@100,1.0
q256144,nDCG@10,0.0
q256144,R@100,1.0
q256145,nDCG@10,0.0
q256145,R@100,0.0
q256146,nDCG@10,1.0
q256146,R@100,1.0
q256147,nDCG@10,1.0
q256147,R@100,1.0
q256148,nDCG@10,0.0
q256148,R@100,0.0
q256149,nDCG@10,0.0
q256149,R@100,1.0
q256150,nDCG@10,1.0
q256150,R@100,1.0
q256151,nDCG@10,0.0
q256151,R@100,0.0
q256152,nDCG@10,1.0
q256152,R@100,1.0
q256153,nDCG@10,0.2890648263178879
q256153,R@100,1.0
q256154,nDCG@10,1.0
q256154,R@100,1.0
q256155,nDCG@10,0.43067655807339306
q256155,R@100,1.0
q256156,nDCG@10,0.0
q256156,R@100,0.0
q256157,nDCG@10,0.0
q256157,R@100,0.0
q256158,nDCG@10,1.0
q256158,R@100,1.0
q256159,nDCG@10,0.0
q256159,R@100,0.0
q256160,nDCG@10,0.0
q256160,R@100,0.0
q256161,nDCG@10,0.43067655807339306
q256161,R@100,1.0
q256162,nDCG@10,1.0
q256162,R@100,1.0
q256163,nDCG@10,0.5
q256163,R@100,1.0
q256164,nDCG@10,1.0
q256164,R@100,1.0
q256165,nDCG@10,1.0
q256165,R@100,1.0
q256166,nDCG@10,0.0
q256166,R@100,0.0
q256167,nDCG@10,0.0
q256167,R@100,0.0
q256168,nDCG@10,0.0
q256168,R@100,0.0
q256169,nDCG@10,0.0
q256169,R@100,0.0
q256170,nDCG@10,1.0
q256170,R@100,1.0
q256171,nDCG@10,1.0
q256171,R@100,1.0
q256172,nDCG@10,1.0
q256172,R@100,1.0
q256173,nDCG@10,0.5
q256173,R@100,1.0
q256174,nDCG@10,0.5
q256174,R@100,1.0
q256175,nDCG@10,0.6309297535714575
q256175,R@100,1.0
q256176,nDCG@10,0.5
q256176,R@100,1.0
q256177,nDCG@10,0.6309297535714575
q256177,R@100,1.0
q256178,nDCG@10,0.0
q256178,R@100,1.0
q256179,nDCG@10,1.0
q256179,R@100,1.0
q256180,nDCG@10,0.0
q256180,R@100,0.0
q256181,nDCG@10,0.6309297535714575
q256181,R@100,1.0
q256182,nDCG@10,1.0
q256182,R@100,1.0
q256183,nDCG@10,1.0
q256183,R@100,1.0
q256184,nDCG@10,0.0
q256184,R@100,1.0
q256185,nDCG@10,1.0
q256185,R@100,1.0
q256186,nDCG@10,0.0
q256186,R@100,1.0
q256187,nDCG@10,1.0
q256187,R@100,1.0
q256188,nDCG@10,0.0
q256188,R@100,0.0
q256189,nDCG@10,1.0
q256189,R@100,1.0
q256190,nDCG@10,1.0
q256190,R@100,1.0
q256191,nDCG@10,1.0
q256191,R@100,1.0
q256192,nDCG@10,0.0
q256192,R@100,0.0
q256193,nDCG@10,1.0
q256193,R@100,1.0
q256194,nDCG@10,0.0
q256194,R@100,1.0
q256195,nDCG@10,0.5
q256195,R@100,1.0
q256196,nDCG@10,1.0
q256196,R@100,1.0
q256197,nDCG@10,0.0
q256197,R@100,0.0
q256198,nDCG@10,0.6309297535714575
q256198,R@100,1.0
q256199,nDCG@10,0.0
q256199,R@100,1.0
q256200,nDCG@10,0.0
q256200,R@100,0.0
q256201,nDCG@10,0.6309297535714575
q256201,R@100,1.0
q256202,nDCG@10,0.0
q256202,R@100,1.0
q256203,nDCG@10,0.38685280723454163
q256203,R@100,1.0
q256204,nDCG@10,0.0
q256204,R@100,1.0
q256205,nDCG@10,0.2890648263178879
q256205,R@100,1.0
q256206,nDCG@10,0.0
q256206,R@100,0.0
q256207,nDCG@10,0.0
q256207,R@100,0.0
q256208,nDCG@10,0.0
q256208,R@100,0.0
q256209,nDCG@10,0.43067655807339306
q256209,R@100,1.0
q256210,nDCG@10,1.0
q256210,R@100,1.0
q256211,nDCG@10,0.3010299956639812
q256211,R@100,1.0
q256212,nDCG@10,0.6309297535714575
q256212,R@100,1.0
q256213,nDCG@10,1.0
q256213,R@100,1.0
q256214,nDCG@10,0.6309297535714575
q256214,R@100,1.0
q256215,nDCG@10,0.43067655807339306
q256215,R@100,1.0
q256216,nDCG@10,0.0
q256216,R@100,0.0
q256217,nDCG@10,0.0
q256217,R@100,1.0
q256218,nDCG@10,0.5
q256218,R@100,1.0
q256219,nDCG@10,1.0
q256219,R@100,1.0
q256220,nDCG@10,1.0
q256220,R@100,1.0
q256221,nDCG@10,0.3333333333333333
q256221,R@100,1.0
q256222,nDCG@10,0.0
q256222,R@100,0.0
q256223,nDCG@10,0.0
q256223,R@100,0.0
q256224,nDCG@10,0.0
q256224,R@100,1.0
q256225,nDCG@10,0.0
q256225,R@100,0.0
q256226,nDCG@10,0.6309297535714575
q256226,R@100,1.0
q256227,nDCG@10,0.0
q256227,R@100,0.0
q256228,nDCG@10,0.0
q256228,R@100,1.0
q256229,nDCG@10,0.0
q256229,R@100,1.0
q256230,nDCG@10,0.0
q256230,R@100,1.0
q256231,nDCG@10,0.0
q256231,R@100,1.0
q256232,nDCG@10,0.0
q256232,R@100,0.0
q256233,nDCG@10,0.0
q256233,R@100,0.0
q256234,nDCG@10,0.3333333333333333
q256234,R@100,1.0
q256235,nDCG@10,0.3562071871080222
q256235,R@100,1.0
q256236,nDCG@10,1.0
q256236,R@100,1.0
q256237,nDCG@10,1.0
q256237,R@100,1.0
q256238,nDCG@10,0.0
q256238,R@100,0.0
q256239,nDCG@10,0.0
q256239,R@100,0.0
q256240,nDCG@10,0.0
q256240,R@100,0.0
q256241,nDCG@10,0.6309297535714575
q256241,R@100,1.0
q256242,nDCG@10,0.0
q256242,R@100,1.0
q256243,nDCG@10,0.0
q256243,R@100,1.0
q256244,nDCG@10,1.0
q256244,R@100,1.0
q256245,nDCG@10,0.0
q256245,R@100,0.0
q256246,nDCG@10,0.0
q256246,R@100,0.0
q256247,nDCG@10,0.0
q256247,R@100,0.0
q256248,nDCG@10,0.0
q256248,R@100,1.0
q256249,nDCG@10,0.2890648263178879
q256249,R@100,1.0
q256250,nDCG@10,0.0
q256250,R@100,0.0
q256251,nDCG@10,0.0
q256251,R@100,0.0
q256252,nDCG@10,0.0
q256252,R@100,0.0
q256253,nDCG@10,0.0
q256253,R@100,0.0
q256254,nDCG@10,1.0
q256254,R@100,1.0
q256255,nDCG@10,0.0
q256255,R@100,0.0
q256256,nDCG@10,0.0
q256256,R@100,0.0
q256257,nDCG@10,0.0
q256257,R@100,0.0
q256258,nDCG@10,0.0
q256258,R@100,0.0
q256259,nDCG@10,0.0
q256259,R@100,1.0
q256260,nDCG@10,0.0
q256260,R@100,0.0
q256261,nDCG@10,1.0
q256261,R@100,1.0
q256262,nDCG@10,0.0
q256262,R@100,0.0
q256263,nDCG@10,0.0
q256263,R@100,0.0
q256264,nDCG@10,0.0
q256264,R@100,1.0
q256265,nDCG@10,0.0
q256265,R@100,0.0
q256266,nDCG@10,0.0
q256266,R@100,0.0
q256267,nDCG@10,1.0
q256267,R@100,1.0
q256268,nDCG@10,0.0
q256268,R@100,1.0
q256269,nDCG@10,0.6309297535714575
q256269,R@100,1.0
q256270,nDCG@10,0.0
q256270,R@100,0.0
q256271,nDCG@10,0.0
q256271,R@100,0.0
q256272,nDCG@10,0.0
q256272,R@100,1.0
q256273,nDCG@10,1.0
q256273,R@100,1.0
q256274,nDCG@10,0.0
q256274,R@100,1.0
q256275,nDCG@10,0.0
q256275,R@100,0.0
q256276,nDCG@10,0.0
q256276,R@100,0.0
q256277,nDCG@10,0.0
q256277,R@100,0.0
q256278,nDCG@10,0.0
q256278,R@100,1.0
q256279,nDCG@10,0.0
q256279,R@100,0.0
q256280,nDCG@10,0.0
q256280,R@100,0.0
q256281,nDCG@10,0.0
q256281,R@100,0.0
q256282,nDCG@10,0.0
q256282,R@100,0.0
q256283,nDCG@10,0.0
q256283,R@100,1.0
q256284,nDCG@10,0.0
q256284,R@100,0.0
q256285,nDCG@10,0.0
q256285,R@100,1.0
q256286,nDCG@10,0.0
q256286,R@100,0.0
q256287,nDCG@10,0.0
q256287,R@100,0.0
q256288,nDCG@10,0.2890648263178879
q256288,R@100,1.0
q256289,nDCG@10,0.0
q256289,R@100,0.0
q256290,nDCG@10,0.0
q256290,R@100,1.0
q256291,nDCG@10,0.0
q256291,R@100,0.0
q256292,nDCG@10,0.0
q256292,R@100,0.0
q256293,nDCG@10,1.0
q256293,R@100,1.0
q256294,nDCG@10,0.0
q256294,R@100,1.0
q256295,nDCG@10,0.0
q256295,R@100,1.0
q256296,nDCG@10,0.0
q256296,R@100,0.0
q256297,nDCG@10,0.0
q256297,R@100,0.0
q256298,nDCG@10,0.0
q256298,R@100,1.0
q256299,nDCG@10,0.0
q256299,R@100,0.0
q256300,nDCG@10,0.0
q256300,R@100,0.0
q256301,nDCG@10,0.0
q256301,R@100,0.0
q256302,nDCG@10,0.0
q256302,R@100,1.0
q256303,nDCG@10,0.0
q256303,R@100,0.0
q256304,nDCG@10,0.0
q256304,R@100,0.0
q256305,nDCG@10,0.0
q256305,R@100,0.0
q256306,nDCG@10,0.0
q256306,R@100,0.0
q256307,nDCG@10,0.0
q256307,R@100,0.0
q256308,nDCG@10,0.0
q256308,R@100,0.0
q256309,nDCG@10,0.0
q256309,R@100,0.0
q256310,nDCG@10,0.0
q256310,R@100,1.0
q256311,nDCG@10,1.0
q256311,R@100,1.0
q256312,nDCG@10,0.0
q256312,R@100,0.0
q256313,nDCG@10,0.0
q256313,R@100,1.0
q256314,nDCG@10,0.0
q256314,R@100,0.0
q256315,nDCG@10,0.0
q256315,R@100,0.0
q256316,nDCG@10,0.0
q256316,R@100,0.0
q256317,nDCG@10,0.0
q256317,R@100,0.0
q256318,nDCG@10,0.0
q256318,R@100,0.0
q256319,nDCG@10,0.0
q256319,R@100,0.0
q256320,nDCG@10,0.0
q256320,R@100,0.0
q256321,nDCG@10,0.0
q256321,R@100,0.0
q256322,nDCG@10,1.0
q256322,R@100,1.0
q256323,nDCG@10,0.5
q256323,R@100,1.0
q256324,nDCG@10,0.6309297535714575
q256324,R@100,1.0
q256325,nDCG@10,1.0
q256325,R@100,1.0
q256326,nDCG@10,0.6309297535714575
q256326,R@100,1.0
q256327,nDCG@10,1.0
q256327,R@100,1.0
q256328,nDCG@10,1.0
q256328,R@100,1.0
q256329,nDCG@10,1.0
q256329,R@100,1.0
q256330,nDCG@10,0.0
q256330,R@100,0.0
q256331,nDCG@10,0.0
q256331,R@100,0.0
q256332,nDCG@10,1.0
q256332,R@100,1.0
q256333,nDCG@10,0.6309297535714575
q256333,R@100,1.0
q256334,nDCG@10,1.0
q256334,R@100,1.0
q256335,nDCG@10,0.38685280723454163
q256335,R@100,1.0
q256336,nDCG@10,1.0
q256336,R@100,1.0
q256337,nDCG@10,0.6309297535714575
q256337,R@100,1.0
q256338,nDCG@10,0.3010299956639812
q256338,R@100,1.0
q256339,nDCG@10,0.38685280723454163
q256339,R@100,1.0
q256340,nDCG@10,0.0
q256340,R@100,0.0
q256341,nDCG@10,0.3562071871080222
q256341,R@100,1.0
q256342,nDCG@10,0.0
q256342,R@100,1.0
q256343,nDCG@10,0.6309297535714575
q256343,R@100,1.0
q256344,nDCG@10,0.6309297535714575
q256344,R@100,1.0
q256345,nDCG@10,0.0
q256345,R@100,1.0
q256346,nDCG@10,0.0
q256346,R@100,0.0
q256347,nDCG@10,1.0
q256347,R@100,1.0
q256348,nDCG@10,1.0
q256348,R@100,1.0
q256349,nDCG@10,0.0
q256349,R@100,1.0
q256350,nDCG@10,0.0
q256350,R@100,1.0
q256351,nDCG@10,0.6309297535714575
q256351,R@100,1.0
q256352,nDCG@10,1.0
q256352,R@100,1.0
q256353,nDCG@10,1.0
q256353,R@100,1.0
q256354,nDCG@10,1.0
q256354,R@100,1.0
q256355,nDCG@10,0.5
q256355,R@100,1.0
q256356,nDCG@10,0.5
q256356,R@100,1.0
q256357,nDCG@10,0.6309297535714575
q256357,R@100,1.0
q256358,nDCG@10,1.0
q256358,R@100,1.0
q256359,nDCG@10,1.0
q256359,R@100,1.0
q256360,nDCG@10,0.6309297535714575
q256360,R@100,1.0
q256361,nDCG@10,1.0
q256361,R@100,1.0
q256362,nDCG@10,1.0
q256362,R@100,1.0
q256363,nDCG@10,0.43067655807339306
q256363,R@100,1.0
q256364,nDCG@10,0.3333333333333333
q256364,R@100,1.0
q256365,nDCG@10,1.0
q256365,R@100,1.0
q256366,nDCG@10,0.43067655807339306
q256366,R@100,1.0
q256367,nDCG@10,1.0
q256367,R@100,1.0
q256368,nDCG@10,1.0
q256368,R@100,1.0
q256369,nDCG@10,0.3333333333333333
q256369,R@100,1.0
q256370,nDCG@10,0.0
q256370,R@100,1.0
q256371,nDCG@10,0.5
q256371,R@100,1.0
q256372,nDCG@10,1.0
q256372,R@100,1.0
q256373,nDCG@10,0.5
q256373,R@100,1.0
q256374,nDCG@10,0.2890648263178879
q256374,R@100,1.0
q256375,nDCG@10,1.0
q256375,R@100,1.0
q256376,nDCG@10,1.0
q256376,R@100,1.0
q256377,nDCG@10,0.0
q256377,R@100,0.0
q256378,nDCG@10,1.0
q256378,R@100,1.0
q256379,nDCG@10,1.0
q256379,R@100,1.0
q256380,nDCG@10,1.0
q256380,R@100,1.0
q256381,nDCG@10,0.3333333333333333
q256381,R@100,1.0
q256382,nDCG@10,0.0
q256382,R@100,1.0
q256383,nDCG@10,0.0
q256383,R@100,0.0
q256384,nDCG@10,0.6309297535714575
q256384,R@100,1.0
q256385,nDCG@10,1.0
q256385,R@100,1.0
q256386,nDCG@10,0.0
q256386,R@100,0.0
q256387,nDCG@10,0.0
q256387,R@100,0.0
q256388,nDCG@10,0.0
q256388,R@100,1.0
q256389,nDCG@10,1.0
q256389,R@100,1.0
q256390,nDCG@10,0.43067655807339306
q256390,R@100,1.0
q256391,nDCG@10,0.0
q256391,R@100,1.0
q256392,nDCG@10,1.0
q256392,R@100,1.0
q256393,nDCG@10,0.6309297535714575
q256393,R@100,1.0
q256394,nDCG@10,0.0
q256394,R@100,1.0
q256395,nDCG@10,0.0
q256395,R@100,1.0
q256396,nDCG@10,0.6309297535714575
q256396,R@100,1.0
q256397,nDCG@10,1.0
q256397,R@100,1.0
q256398,nDCG@10,1.0
q256398,R@100,1.0
q256399,nDCG@10,0.5
q256399,R@100,1.0
q256400,nDCG@10,0.0
q256400,R@100,0.0
q256401,nDCG@10,0.0
q256401,R@100,1.0
q256402,nDCG@10,0.0
q256402,R@100,1.0
q256403,nDCG@10,0.0
q256403,R@100,1.0
q256404,nDCG@10,0.0
q256404,R@100,1.0
q256405,nDCG@10,0.0
q256405,R@100,1.0
q256406,nDCG@10,0.0
q256406,R@100,1.0
q256407,nDCG@10,1.0
q256407,R@100,1.0
q256408,nDCG@10,0.0
q256408,R@100,0.0
q256409,nDCG@10,1.0
q256409,R@100,1.0
q256410,nDCG@10,1.0
q256410,R@100,1.0
q256411,nDCG@10,0.5
q256411,R@100,1.0
q256412,nDCG@10,0.0
q256412,R@100,1.0
q256413,nDCG@10,1.0
q256413,R@100,1.0
q256414,nDCG@10,0.0
q256414,R@100,1.0
q256415,nDCG@10,1.0
q256415,R@100,1.0
q256416,nDCG@10,0.0
q256416,R@100,0.0
q256417,nDCG@10,1.0
q256417,R@100,1.0
q256418,nDCG@10,0.0
q256418,R@100,0.0
q256419,nDCG@10,1.0
q256419,R@100,1.0
q256420,nDCG@10,0.0
q256420,R@100,0.0
q256421,nDCG@10,0.0
q256421,R@100,0.0
q256422,nDCG@10,0.0
q256422,R@100,0.0
q256423,nDCG@10,0.38685280723454163
q256423,R@100,1.0
q256424,nDCG@10,0.6309297535714575
q256424,R@100,1.0
q256425,nDCG@10,1.0
q256425,R@100,1.0
q256426,nDCG@10,1.0
q256426,R@100,1.0
q256427,nDCG@10,0.0
q256427,R@100,1.0
q256428,nDCG@10,1.0
q256428,R@100,1.0
q256429,nDCG@10,1.0
q256429,R@100,1.0
q256430,nDCG@10,0.0
q256430,R@100,1.0
q256431,nDCG@10,0.0
q256431,R@100,0.0
q256432,nDCG@10,1.0
q256432,R@100,1.0
q256433,nDCG@10,0.0
q256433,R@100,0.0
q256434,nDCG@10,0.0
q256434,R@100,0.0
q256435,nDCG@10,0.0
q256435,R@100,1.0
q256436,nDCG@10,0.0
q256436,R@100,1.0
q256437,nDCG@10,1.0
q256437,R@100,1.0
q256438,nDCG@10,1.0
q256438,R@100,1.0
q256439,nDCG@10,1.0
q256439,R@100,1.0
q256440,nDCG@10,1.0
q256440,R@100,1.0
q256441,nDCG@10,1.0
q256441,R@100,1.0
q256442,nDCG@10,1.0
q256442,R@100,1.0
q256443,nDCG@10,0.0
q256443,R@100,1.0
q256444,nDCG@10,0.3333333333333333
q256444,R@100,1.0
q256445,nDCG@10,1.0
q256445,R@100,1.0
q256446,nDCG@10,0.0
q256446,R@100,1.0
q256447,nDCG@10,0.0
q256447,R@100,0.0
q256448,nDCG@10,1.0
q256448,R@100,1.0
q256449,nDCG@10,1.0
q256449,R@100,1.0
q256450,nDCG@10,0.0
q256450,R@100,0.0
q256451,nDCG@10,0.0
q256451,R@100,0.0
q256452,nDCG@10,0.0
q256452,R@100,0.0
q256453,nDCG@10,0.0
q256453,R@100,1.0
q256454,nDCG@10,0.5
q256454,R@100,1.0
q256455,nDCG@10,1.0
q256455,R@100,1.0
q256456,nDCG@10,0.6309297535714575
q256456,R@100,1.0
q256457,nDCG@10,1.0
q256457,R@100,1.0
q256458,nDCG@10,1.0
q256458,R@100,1.0
q256459,nDCG@10,0.6309297535714575
q256459,R@100,1.0
q256460,nDCG@10,0.38685280723454163
q256460,R@100,1.0
q256461,nDCG@10,0.6309297535714575
q256461,R@100,1.0
q256462,nDCG@10,1.0
q256462,R@100,1.0
q256463,nDCG@10,1.0
q256463,R@100,1.0
q256464,nDCG@10,1.0
q256464,R@100,1.0
q256465,nDCG@10,0.0
q256465,R@100,0.0
q256466,nDCG@10,0.3562071871080222
q256466,R@100,1.0
q256467,nDCG@10,0.0
q256467,R@100,1.0
q256468,nDCG@10,0.0
q256468,R@100,0.0
q256469,nDCG@10,1.0
q256469,R@100,1.0
q256470,nDCG@10,0.0
q256470,R@100,0.0
q256471,nDCG@10,0.0
q256471,R@100,0.0
q256472,nDCG@10,0.0
q256472,R@100,0.0
q256473,nDCG@10,0.3562071871080222
q256473,R@100,1.0
q256474,nDCG@10,0.43067655807339306
q256474,R@100,1.0
q256475,nDCG@10,1.0
q256475,R@100,1.0
q256476,nDCG@10,0.5
q256476,R@100,1.0
q256477,nDCG@10,0.0
q256477,R@100,0.0
q256478,nDCG@10,0.38685280723454163
q256478,R@100,1.0
q256479,nDCG@10,0.3562071871080222
q256479,R@100,1.0
q256480,nDCG@10,0.0
q256480,R@100,1.0
q256481,nDCG@10,0.0
q256481,R@100,1.0
q256482,nDCG@10,0.0
q256482,R@100,1.0
q256483,nDCG@10,0.0
q256483,R@100,1.0
q256484,nDCG@10,0.0
q256484,R@100,0.0
q256485,nDCG@10,0.0
q256485,R@100,0.0
q256486,nDCG@10,0.0
q256486,R@100,0.0
q256487,nDCG@10,0.38685280723454163
q256487,R@100,1.0
q256488,nDCG@10,0.0
q256488,R@100,0.0
q256489,nDCG@10,0.6309297535714575
q256489,R@100,1.0
q256490,nDCG@10,1.0
q256490,R@100,1.0
q256491,nDCG@10,0.6309297535714575
q256491,R@100,1.0
q256492,nDCG@10,0.0
q256492,R@100,0.0
q256493,nDCG@10,0.0
q256493,R@100,1.0
q256494,nDCG@10,0.0
q256494,R@100,1.0
q256495,nDCG@10,0.0
q256495,R@100,1.0
q256496,nDCG@10,0.3010299956639812
q256496,R@100,1.0
q256497,nDCG@10,0.0
q256497,R@100,0.0
q256498,nDCG@10,0.3562071871080222
q256498,R@100,1.0
q256499,nDCG@10,0.6309297535714575
q256499,R@100,1.0
q256500,nDCG@10,0.0
q256500,R@100,1.0
q256501,nDCG@10,0.0
q256501,R@100,0.0
q256502,nDCG@10,0.6309297535714575
q256502,R@100,1.0
q256503,nDCG@10,0.0
q256503,R@100,0.0
q256504,nDCG@10,1.0
q256504,R@100,1.0
q256505,nDCG@10,1.0
q256505,R@100,1.0
q256506,nDCG@10,1.0
q256506,R@100,1.0
q256507,nDCG@10,0.0
q256507,R@100,0.0
q256508,nDCG@10,1.0
q256508,R@100,1.0
q256509,nDCG@10,0.0
q256509,R@100,1.0
q256510,nDCG@10,0.0
q256510,R@100,1.0
q256511,nDCG@10,0.0
q256511,R@100,0.0
q256512,nDCG@10,0.0
q256512,R@100,1.0
q256513,nDCG@10,0.0
q256513,R@100,0.0
q256514,nDCG@10,0.0
q256514,R@100,0.0
q256515,nDCG@10,1.0
q256515,R@100,1.0
q256516,nDCG@10,1.0
q256516,R@100,1.0
q256517,nDCG@10,0.3562071871080222
q256517,R@100,1.0
q256518,nDCG@10,0.0
q256518,R@100,1.0
q256519,nDCG@10,0.0
q256519,R@100,1.0
q256520,nDCG@10,0.0
q256520,R@100,0.0
q256521,nDCG@10,1.0
q256521,R@100,1.0
q256522,nDCG@10,0.0
q256522,R@100,0.0
q256523,nDCG@10,0.0
q256523,R@100,1.0
q256524,nDCG@10,0.5
q256524,R@100,1.0
q256525,nDCG@10,0.0
q256525,R@100,0.0
q256526,nDCG@10,0.0
q256526,R@100,1.0
q256527,nDCG@10,0.0
q256527,R@100,1.0
q256528,nDCG@10,0.6309297535714575
q256528,R@100,1.0
q256529,nDCG@10,0.0
q256529,R@100,1.0
q256530,nDCG@10,0.0
q256530,R@100,1.0
q256531,nDCG@10,1.0
q256531,R@100,1.0
q256532,nDCG@10,0.0
q256532,R@100,0.0
q256533,nDCG@10,0.0
q256533,R@100,1.0
q256534,nDCG@10,0.0
q256534,R@100,1.0
q256535,nDCG@10,1.0
q256535,R@100,1.0
q256536,nDCG@10,0.6309297535714575
q256536,R@100,1.0
q256537,nDCG@10,1.0
q256537,R@100,1.0
q256538,nDCG@10,1.0
q256538,R@100,1.0
q256539,nDCG@10,1.0
q256539,R@100,1.0
q256540,nDCG@10,1.0
q256540,R@100,1.0
q256541,nDCG@10,0.0
q256541,R@100,1.0
q256542,nDCG@10,0.0
q256542,R@100,0.0
q256543,nDCG@10,0.0
q256543,R@100,0.0
q256544,nDCG@10,1.0
q256544,R@100,1.0
q256545,nDCG@10,0.0
q256545,R@100,1.0
q256546,nDCG@10,1.0
q256546,R@100,1.0
q256547,nDCG@10,0.0
q256547,R@100,0.0
q256548,nDCG@10,0.38685280723454163
q256548,R@100,1.0
q256549,nDCG@10,0.3562071871080222
q256549,R@100,1.0
q256550,nDCG@10,0.0
q256550,R@100,1.0
q256551,nDCG@10,0.0
q256551,R@100,1.0
q256552,nDCG@10,1.0
q256552,R@100,1.0
q256553,nDCG@10,1.0
q256553,R@100,1.0
q256554,nDCG@10,0.0
q256554,R@100,1.0
q256555,nDCG@10,0.6309297535714575
q256555,R@100,1.0
q256556,nDCG@10,1.0
q256556,R@100,1.0
q256557,nDCG@10,0.0
q256557,R@100,1.0
q256558,nDCG@10,0.0
q256558,R@100,1.0
q256559,nDCG@10,0.0
q256559,R@100,0.0
q256560,nDCG@10,0.0
q256560,R@100,0.0
q256561,nDCG@10,0.0
q256561,R@100,0.0
q256562,nDCG@10,0.0
q256562,R@100,0.0
q256563,nDCG@10,0.0
q256563,R@100,0.0
q256564,nDCG@10,0.0
q256564,R@100,1.0
q256565,nDCG@10,0.0
q256565,R@100,0.0
q256566,nDCG@10,0.0
q256566,R@100,0.0
q256567,nDCG@10,0.0
q256567,R@100,0.0
q256568,nDCG@10,0.0
q256568,R@100,0.0
q256569,nDCG@10,0.0
q256569,R@100,0.0
q256570,nDCG@10,0.0
q256570,R@100,0.0
q256571,nDCG@10,0.0
q256571,R@100,0.0
q256572,nDCG@10,0.0
q256572,R@100,0.0
q256573,nDCG@10,0.0
q256573,R@100,0.0
q256574,nDCG@10,0.0
q256574,R@100,0.0
q256575,nDCG@10,0.0
q256575,R@100,0.0
q256576,nDCG@10,0.0
q256576,R@100,0.0
q256577,nDCG@10,0.0
q256577,R@100,0.0
q256578,nDCG@10,0.0
q256578,R@100,0.0
q256579,nDCG@10,0.0
q256579,R@100,0.0
q256580,nDCG@10,0.0
q256580,R@100,0.0
q256581,nDCG@10,1.0
q256581,R@100,1.0
q256582,nDCG@10,1.0
q256582,R@100,1.0
q256583,nDCG@10,1.0
q256583,R@100,1.0
q256584,nDCG@10,0.3333333333333333
q256584,R@100,1.0
q256585,nDCG@10,1.0
q256585,R@100,1.0
q256586,nDCG@10,1.0
q256586,R@100,1.0
q256587,nDCG@10,1.0
q256587,R@100,1.0
q256588,nDCG@10,0.0
q256588,R@100,0.0
q256589,nDCG@10,1.0
q256589,R@100,1.0
q256590,nDCG@10,1.0
q256590,R@100,1.0
q256591,nDCG@10,1.0
q256591,R@100,1.0
q256592,nDCG@10,1.0
q256592,R@100,1.0
q256593,nDCG@10,1.0
q256593,R@100,1.0
q256594,nDCG@10,1.0
q256594,R@100,1.0
q256595,nDCG@10,1.0
q256595,R@100,1.0
q256596,nDCG@10,1.0
q256596,R@100,1.0
q256597,nDCG@10,1.0
q256597,R@100,1.0
q256598,nDCG@10,1.0
q256598,R@100,1.0
q256599,nDCG@10,1.0
q256599,R@100,1.0
q256600,nDCG@10,1.0
q256600,R@100,1.0
q256601,nDCG@10,1.0
q256601,R@100,1.0
q256602,nDCG@10,0.0
q256602,R@100,0.0
q256603,nDCG@10,1.0
q256603,R@100,1.0
q256604,nDCG@10,0.43067655807339306
q256604,R@100,1.0
q256605,nDCG@10,0.5
q256605,R@100,1.0
q256606,nDCG@10,0.6309297535714575
q256606,R@100,1.0
q256607,nDCG@10,1.0
q256607,R@100,1.0
q256608,nDCG@10,0.0
q256608,R@100,0.0
q256609,nDCG@10,0.0
q256609,R@100,1.0
q256610,nDCG@10,1.0
q256610,R@100,1.0
q256611,nDCG@10,1.0
q256611,R@100,1.0
q256612,nDCG@10,0.43067655807339306
q256612,R@100,1.0
q256613,nDCG@10,0.0
q256613,R@100,0.0
q256614,nDCG@10,0.0
q256614,R@100,1.0
q256615,nDCG@10,1.0
q256615,R@100,1.0
q256616,nDCG@10,1.0
q256616,R@100,1.0
q256617,nDCG@10,0.31546487678572877
q256617,R@100,1.0
q256618,nDCG@10,1.0
q256618,R@100,1.0
q256619,nDCG@10,1.0
q256619,R@100,1.0
q256620,nDCG@10,1.0
q256620,R@100,1.0
q256621,nDCG@10,0.6309297535714575
q256621,R@100,1.0
q256622,nDCG@10,0.0
q256622,R@100,0.0
q256623,nDCG@10,1.0
q256623,R@100,1.0
q256624,nDCG@10,0.0
q256624,R@100,0.0
q256625,nDCG@10,0.0
q256625,R@100,0.0
q256626,nDCG@10,0.0
q256626,R@100,0.0
q256627,nDCG@10,0.0
q256627,R@100,1.0
q256628,nDCG@10,0.0
q256628,R@100,1.0
q256629,nDCG@10,0.0
q256629,R@100,0.0
q256630,nDCG@10,0.0
q256630,R@100,1.0
q256631,nDCG@10,0.3010299956639812
q256631,R@100,1.0
q256632,nDCG@10,0.0
q256632,R@100,0.0
q256633,nDCG@10,0.0
q256633,R@100,0.0
q256634,nDCG@10,0.0
q256634,R@100,0.0
q256635,nDCG@10,0.0
q256635,R@100,0.0
q256636,nDCG@10,0.0
q256636,R@100,0.0
q256637,nDCG@10,0.0
q256637,R@100,0.0
q256638,nDCG@10,1.0
q256638,R@100,1.0
q256639,nDCG@10,0.0
q256639,R@100,0.0
q256640,nDCG@10,0.0
q256640,R@100,1.0
q256641,nDCG@10,0.0
q256641,R@100,0.0
q256642,nDCG@10,0.0
q256642,R@100,0.0
q256643,nDCG@10,0.0
q256643,R@100,1.0
q256644,nDCG@10,0.0
q256644,R@100,1.0
q256645,nDCG@10,0.6309297535714575
q256645,R@100,1.0
q256646,nDCG@10,1.0
q256646,R@100,1.0
q256647,nDCG@10,1.0
q256647,R@100,1.0
q256648,nDCG@10,1.0
q256648,R@100,1.0
q256649,nDCG@10,1.0
q256649,R@100,1.0
q256650,nDCG@10,1.0
q256650,R@100,1.0
q256651,nDCG@10,1.0
q256651,R@100,1.0
q256652,nDCG@10,1.0
q256652,R@100,1.0
q256653,nDCG@10,1.0
q256653,R@100,1.0
q256654,nDCG@10,1.0
q256654,R@100,1.0
q256655,nDCG@10,1.0
q256655,R@100,1.0
q256656,nDCG@10,0.0
q256656,R@100,1.0
q256657,nDCG@10,0.3010299956639812
q256657,R@100,1.0
q256658,nDCG@10,0.0
q256658,R@100,1.0
q256659,nDCG@10,0.31546487678572877
q256659,R@100,1.0
q256660,nDCG@10,0.0
q256660,R@100,0.0
q256661,nDCG@10,0.0
q256661,R@100,1.0
q256662,nDCG@10,0.5
q256662,R@100,1.0
q256663,nDCG@10,0.0
q256663,R@100,0.0
q256664,nDCG@10,1.0
q256664,R@100,1.0
q256665,nDCG@10,0.0
q256665,R@100,0.0
q256666,nDCG@10,1.0
q256666,R@100,1.0
q256667,nDCG@10,0.0
q256667,R@100,1.0
q256668,nDCG@10,1.0
q256668,R@100,1.0
q256669,nDCG@10,0.0
q256669,R@100,1.0
q256670,nDCG@10,1.0
q256670,R@100,1.0
q256671,nDCG@10,0.0
q256671,R@100,0.0
q256672,nDCG@10,0.0
q256672,R@100,1.0
q256673,nDCG@10,0.0
q256673,R@100,1.0
q256674,nDCG@10,0.0
q256674,R@100,0.0
q256675,nDCG@10,0.0
q256675,R@100,0.0
q256676,nDCG@10,0.3333333333333333
q256676,R@100,1.0
q256677,nDCG@10,0.0
q256677,R@100,0.0
q256678,nDCG@10,0.0
q256678,R@100,0.0
q256679,nDCG@10,0.0
q256679,R@100,0.0
q256680,nDCG@10,0.0
q256680,R@100,0.0
q256681,nDCG@10,0.0
q256681,R@100,0.0
q256682,nDCG@10,1.0
q256682,R@100,1.0
q256683,nDCG@10,0.0
q256683,R@100,0.0
q256684,nDCG@10,0.0
q256684,R@100,1.0
q256685,nDCG@10,0.0
q256685,R@100,0.0
q256686,nDCG@10,0.0
q256686,R@100,0.0
q256687,nDCG@10,0.0
q256687,R@100,0.0
q256688,nDCG@10,0.0
q256688,R@100,1.0
q256689,nDCG@10,0.0
q256689,R@100,0.0
q256690,nDCG@10,0.0
q256690,R@100,0.0
q256691,nDCG@10,0.0
q256691,R@100,1.0
q256692,nDCG@10,0.0
q256692,R@100,0.0
q256693,nDCG@10,0.0
q256693,R@100,1.0
q256694,nDCG@10,0.0
q256694,R@100,0.0
q256695,nDCG@10,1.0
q256695,R@100,1.0
q256696,nDCG@10,1.0
q256696,R@100,1.0
q256697,nDCG@10,1.0
q256697,R@100,1.0
q256698,nDCG@10,1.0
q256698,R@100,1.0
q256699,nDCG@10,1.0
q256699,R@100,1.0
q256700,nDCG@10,1.0
q256700,R@100,1.0
q256701,nDCG@10,1.0
q256701,R@100,1.0
q256702,nDCG@10,1.0
q256702,R@100,1.0
q256703,nDCG@10,1.0
q256703,R@100,1.0
q256704,nDCG@10,1.0
q256704,R@100,1.0
q256705,nDCG@10,0.38685280723454163
q256705,R@100,1.0
q256706,nDCG@10,1.0
q256706,R@100,1.0
q256707,nDCG@10,0.5
q256707,R@100,1.0
q256708,nDCG@10,1.0
q256708,R@100,1.0
q256709,nDCG@10,0.5
q256709,R@100,1.0
q256710,nDCG@10,1.0
q256710,R@100,1.0
q256711,nDCG@10,0.0
q256711,R@100,1.0
q256712,nDCG@10,0.0
q256712,R@100,0.0
q256713,nDCG@10,0.43067655807339306
q256713,R@100,1.0
q256714,nDCG@10,1.0
q256714,R@100,1.0
q256715,nDCG@10,1.0
q256715,R@100,1.0
q256716,nDCG@10,1.0
q256716,R@100,1.0
q256717,nDCG@10,0.6309297535714575
q256717,R@100,1.0
q256718,nDCG@10,1.0
q256718,R@100,1.0
q256719,nDCG@10,1.0
q256719,R@100,1.0
q256720,nDCG@10,1.0
q256720,R@100,1.0
q256721,nDCG@10,1.0
q256721,R@100,1.0
q256722,nDCG@10,0.6309297535714575
q256722,R@100,1.0
q256723,nDCG@10,0.43067655807339306
q256723,R@100,1.0
q256724,nDCG@10,1.0
q256724,R@100,1.0
q256725,nDCG@10,0.6309297535714575
q256725,R@100,1.0
q256726,nDCG@10,1.0
q256726,R@100,1.0
q256727,nDCG@10,1.0
q256727,R@100,1.0
q256728,nDCG@10,1.0
q256728,R@100,1.0
q256729,nDCG@10,1.0
q256729,R@100,1.0
q256730,nDCG@10,1.0
q256730,R@100,1.0
q256731,nDCG@10,1.0
q256731,R@100,1.0
q256732,nDCG@10,1.0
q256732,R@100,1.0
q256733,nDCG@10,1.0
q256733,R@100,1.0
q256734,nDCG@10,1.0
q256734,R@100,1.0
q256735,nDCG@10,0.6309297535714575
q256735,R@100,1.0
q256736,nDCG@10,0.38685280723454163
q256736,R@100,1.0
q256737,nDCG@10,1.0
q256737,R@100,1.0
q256738,nDCG@10,1.0
q256738,R@100,1.0
q256739,nDCG@10,0.6309297535714575
q256739,R@100,1.0
q256740,nDCG@10,1.0
q256740,R@100,1.0
q256741,nDCG@10,1.0
q256741,R@100,1.0
q256742,nDCG@10,0.0
q256742,R@100,1.0
q256743,nDCG@10,1.0
q256743,R@100,1.0
q256744,nDCG@10,0.6309297535714575
q256744,R@100,1.0
q256745,nDCG@10,0.0
q256745,R@100,1.0
q256746,nDCG@10,0.5
q256746,R@100,1.0
q256747,nDCG@10,0.5
q256747,R@100,1.0
q256748,nDCG@10,0.43067655807339306
q256748,R@100,1.0
q256749,nDCG@10,0.5
q256749,R@100,1.0
q256750,nDCG@10,1.0
q256750,R@100,1.0
q256751,nDCG@10,0.6309297535714575
q256751,R@100,1.0
q256752,nDCG@10,1.0
q256752,R@100,1.0
q256753,nDCG@10,1.0
q256753,R@100,1.0
q256754,nDCG@10,1.0
q256754,R@100,1.0
q256755,nDCG@10,0.43067655807339306
q256755,R@100,1.0
q256756,nDCG@10,0.0
q256756,R@100,0.0
q256757,nDCG@10,0.6309297535714575
q256757,R@100,1.0
q256758,nDCG@10,0.6309297535714575
q256758,R@100,1.0
q256759,nDCG@10,0.0
q256759,R@100,0.0
q256760,nDCG@10,0.0
q256760,R@100,1.0
q256761,nDCG@10,0.0
q256761,R@100,1.0
q256762,nDCG@10,0.0
q256762,R@100,0.0
q256763,nDCG@10,0.5
q256763,R@100,1.0
q256764,nDCG@10,1.0
q256764,R@100,1.0
q256765,nDCG@10,0.0
q256765,R@100,1.0
q256766,nDCG@10,0.5
q256766,R@100,1.0
q256767,nDCG@10,1.0
q256767,R@100,1.0
q256768,nDCG@10,0.0
q256768,R@100,0.0
q256769,nDCG@10,0.0
q256769,R@100,0.0
q256770,nDCG@10,0.0
q256770,R@100,0.0
q256771,nDCG@10,1.0
q256771,R@100,1.0
q256772,nDCG@10,0.0
q256772,R@100,0.0
q256773,nDCG@10,0.0
q256773,R@100,0.0
q256774,nDCG@10,0.0
q256774,R@100,1.0
q256775,nDCG@10,1.0
q256775,R@100,1.0
q256776,nDCG@10,0.6309297535714575
q256776,R@100,1.0
q256777,nDCG@10,0.0
q256777,R@100,0.0
q256778,nDCG@10,0.5
q256778,R@100,1.0
q256779,nDCG@10,0.0
q256779,R@100,1.0
q256780,nDCG@10,0.0
q256780,R@100,1.0
q256781,nDCG@10,0.0
q256781,R@100,0.0
q256782,nDCG@10,0.0
q256782,R@100,1.0
q256783,nDCG@10,0.0
q256783,R@100,1.0
q256784,nDCG@10,0.0
q256784,R@100,0.0
q256785,nDCG@10,0.0
q256785,R@100,1.0
q256786,nDCG@10,0.0
q256786,R@100,0.0
q256787,nDCG@10,0.0
q256787,R@100,1.0
q256788,nDCG@10,0.6309297535714575
q256788,R@100,1.0
q256789,nDCG@10,0.3562071871080222
q256789,R@100,1.0
q256790,nDCG@10,0.6309297535714575
q256790,R@100,1.0
q256791,nDCG@10,0.38685280723454163
q256791,R@100,1.0
q256792,nDCG@10,0.0
q256792,R@100,1.0
q256793,nDCG@10,0.38685280723454163
q256793,R@100,1.0
q256794,nDCG@10,0.0
q256794,R@100,0.0
q256795,nDCG@10,0.0
q256795,R@100,0.0
q256796,nDCG@10,0.0
q256796,R@100,0.0
q256797,nDCG@10,0.0
q256797,R@100,0.0
q256798,nDCG@10,0.0
q256798,R@100,0.0
q256799,nDCG@10,0.0
q256799,R@100,1.0
q256800,nDCG@10,0.0
q256800,R@100,0.0
q256801,nDCG@10,0.38685280723454163
q256801,R@100,1.0
q256802,nDCG@10,0.0
q256802,R@100,0.0
q256803,nDCG@10,1.0
q256803,R@100,1.0
q256804,nDCG@10,0.43067655807339306
q256804,R@100,1.0
q256805,nDCG@10,0.0
q256805,R@100,0.0
q256806,nDCG@10,0.0
q256806,R@100,0.0
q256807,nDCG@10,0.0
q256807,R@100,1.0
q256808,nDCG@10,0.0
q256808,R@100,1.0
q256809,nDCG@10,0.0
q256809,R@100,1.0
q256810,nDCG@10,0.0
q256810,R@100,0.0
q256811,nDCG@10,1.0
q256811,R@100,1.0
q256812,nDCG@10,0.5
q256812,R@100,1.0
q256813,nDCG@10,0.0
q256813,R@100,1.0
q256814,nDCG@10,0.38685280723454163
q256814,R@100,1.0
q256815,nDCG@10,1.0
q256815,R@100,1.0
q256816,nDCG@10,0.0
q256816,R@100,0.0
q256817,nDCG@10,1.0
q256817,R@100,1.0
q256818,nDCG@10,0.0
q256818,R@100,0.0
q256819,nDCG@10,0.0
q256819,R@100,0.0
q256820,nDCG@10,0.0
q256820,R@100,1.0
q256821,nDCG@10,0.3562071871080222
q256821,R@100,1.0
q256822,nDCG@10,0.0
q256822,R@100,0.0
q256823,nDCG@10,0.0
q256823,R@100,0.0
q256824,nDCG@10,0.43067655807339306
q256824,R@100,1.0
q256825,nDCG@10,0.6309297535714575
q256825,R@100,1.0
q256826,nDCG@10,0.6309297535714575
q256826,R@100,1.0
q256827,nDCG@10,0.6309297535714575
q256827,R@100,1.0
q256828,nDCG@10,0.0
q256828,R@100,0.0
q256829,nDCG@10,0.0
q256829,R@100,1.0
q256830,nDCG@10,0.6309297535714575
q256830,R@100,1.0
q256831,nDCG@10,0.0
q256831,R@100,0.0
q256832,nDCG@10,0.0
q256832,R@100,0.0
q256833,nDCG@10,1.0
q256833,R@100,1.0
q256834,nDCG@10,1.0
q256834,R@100,1.0
q256835,nDCG@10,0.0
q256835,R@100,0.0
q256836,nDCG@10,0.0
q256836,R@100,0.0
q256837,nDCG@10,0.0
q256837,R@100,1.0
q256838,nDCG@10,0.0
q256838,R@100,0.0
q256839,nDCG@10,0.0
q256839,R@100,1.0
q256840,nDCG@10,0.0
q256840,R@100,0.0
q256841,nDCG@10,1.0
q256841,R@100,1.0
q256842,nDCG@10,0.0
q256842,R@100,0.0
q256843,nDCG@10,1.0
q256843,R@100,1.0
q256844,nDCG@10,0.5
q256844,R@100,1.0
q256845,nDCG@10,0.0
q256845,R@100,1.0
q256846,nDCG@10,0.0
q256846,R@100,1.0
q256847,nDCG@10,0.3562071871080222
q256847,R@100,1.0
q256848,nDCG@10,0.0
q256848,R@100,0.0
q256849,nDCG@10,0.0
q256849,R@100,0.0
q256850,nDCG@10,0.0
q256850,R@100,1.0
q256851,nDCG@10,0.0
q256851,R@100,1.0
q256852,nDCG@10,0.0
q256852,R@100,0.0
q256853,nDCG@10,0.0
q256853,R@100,1.0
q256854,nDCG@10,0.0
q256854,R@100,1.0
q256855,nDCG@10,0.0
q256855,R@100,1.0
q256856,nDCG@10,0.0
q256856,R@100,1.0
q256857,nDCG@10,0.0
q256857,R@100,0.0
q256858,nDCG@10,1.0
q256858,R@100,1.0
q256859,nDCG@10,0.0
q256859,R@100,1.0
q256860,nDCG@10,0.6309297535714575
q256860,R@100,1.0
q256861,nDCG@10,1.0
q256861,R@100,1.0
q256862,nDCG@10,0.0
q256862,R@100,1.0
q256863,nDCG@10,0.0
q256863,R@100,0.0
q256864,nDCG@10,0.0
q256864,R@100,0.0
q256865,nDCG@10,0.0
q256865,R@100,0.0
q256866,nDCG@10,0.0
q256866,R@100,0.0
q256867,nDCG@10,0.5
q256867,R@100,1.0
q256868,nDCG@10,0.0
q256868,R@100,0.0
q256869,nDCG@10,0.0
q256869,R@100,0.0
q256870,nDCG@10,0.0
q256870,R@100,0.0
q256871,nDCG@10,1.0
q256871,R@100,1.0
q256872,nDCG@10,0.0
q256872,R@100,0.0
q256873,nDCG@10,0.5
q256873,R@100,1.0
q256874,nDCG@10,0.0
q256874,R@100,0.0
q256875,nDCG@10,1.0
q256875,R@100,1.0
q256876,nDCG@10,0.0
q256876,R@100,0.0
q256877,nDCG@10,0.0
q256877,R@100,0.0
q256878,nDCG@10,0.6309297535714575
q256878,R@100,1.0
q256879,nDCG@10,0.5
q256879,R@100,1.0
q256880,nDCG@10,0.31546487678572877
q256880,R@100,1.0
q256881,nDCG@10,0.43067655807339306
q256881,R@100,1.0
q256882,nDCG@10,1.0
q256882,R@100,1.0
q256883,nDCG@10,0.5
q256883,R@100,1.0
q256884,nDCG@10,0.0
q256884,R@100,0.0
q256885,nDCG@10,0.2890648263178879
q256885,R@100,1.0
q256886,nDCG@10,0.6309297535714575
q256886,R@100,1.0
q256887,nDCG@10,0.0
q256887,R@100,1.0
q256888,nDCG@10,0.0
q256888,R@100,0.0
q256889,nDCG@10,1.0
q256889,R@100,1.0
q256890,nDCG@10,0.5
q256890,R@100,1.0
q256891,nDCG@10,0.0
q256891,R@100,1.0
q256892,nDCG@10,0.0
q256892,R@100,1.0
q256893,nDCG@10,0.0
q256893,R@100,1.0
q256894,nDCG@10,0.0
q256894,R@100,0.0
q256895,nDCG@10,0.0
q256895,R@100,0.0
q256896,nDCG@10,0.0
q256896,R@100,0.0
q256897,nDCG@10,0.43067655807339306
q256897,R@100,1.0
q256898,nDCG@10,1.0
q256898,R@100,1.0
q256899,nDCG@10,1.0
q256899,R@100,1.0
q256900,nDCG@10,0.0
q256900,R@100,1.0
q256901,nDCG@10,0.0
q256901,R@100,0.0
q256902,nDCG@10,0.0
q256902,R@100,1.0
q256903,nDCG@10,1.0
q256903,R@100,1.0
q256904,nDCG@10,0.0
q256904,R@100,0.0
q256905,nDCG@10,1.0
q256905,R@100,1.0
q256906,nDCG@10,0.0
q256906,R@100,0.0
q256907,nDCG@10,1.0
q256907,R@100,1.0
q256908,nDCG@10,0.6309297535714575
q256908,R@100,1.0
q256909,nDCG@10,1.0
q256909,R@100,1.0
q256910,nDCG@10,0.0
q256910,R@100,1.0
q256911,nDCG@10,0.0
q256911,R@100,1.0
q256912,nDCG@10,0.0
q256912,R@100,0.0
q256913,nDCG@10,1.0
q256913,R@100,1.0
q256914,nDCG@10,0.0
q256914,R@100,1.0
q256915,nDCG@10,0.0
q256915,R@100,0.0
q256916,nDCG@10,0.5
q256916,R@100,1.0
q256917,nDCG@10,0.0
q256917,R@100,1.0
q256918,nDCG@10,0.0
q256918,R@100,1.0
q256919,nDCG@10,0.5
q256919,R@100,1.0
q256920,nDCG@10,0.6309297535714575
q256920,R@100,1.0
q256921,nDCG@10,0.6309297535714575
q256921,R@100,1.0
q256922,nDCG@10,0.5
q256922,R@100,1.0
q256923,nDCG@10,1.0
q256923,R@100,1.0
q256924,nDCG@10,0.6309297535714575
q256924,R@100,1.0
q256925,nDCG@10,0.5
q256925,R@100,1.0
q256926,nDCG@10,0.3562071871080222
q256926,R@100,1.0
q256927,nDCG@10,0.38685280723454163
q256927,R@100,1.0
q256928,nDCG@10,0.5
q256928,R@100,1.0
q256929,nDCG@10,0.3562071871080222
q256929,R@100,1.0
q256930,nDCG@10,0.3010299956639812
q256930,R@100,1.0
q256931,nDCG@10,0.0
q256931,R@100,0.0
q256932,nDCG@10,0.0
q256932,R@100,0.0
q256933,nDCG@10,0.0
q256933,R@100,0.0
q256934,nDCG@10,0.0
q256934,R@100,0.0
q256935,nDCG@10,0.0
q256935,R@100,1.0
q256936,nDCG@10,1.0
q256936,R@100,1.0
q256937,nDCG@10,0.3010299956639812
q256937,R@100,1.0
q256938,nDCG@10,0.0
q256938,R@100,1.0
q256939,nDCG@10,0.0
q256939,R@100,1.0
q256940,nDCG@10,0.5
q256940,R@100,1.0
q256941,nDCG@10,1.0
q256941,R@100,1.0
q256942,nDCG@10,0.0
q256942,R@100,0.0
q256943,nDCG@10,1.0
q256943,R@100,1.0
q256944,nDCG@10,0.0
q256944,R@100,0.0
q256945,nDCG@10,0.0
q256945,R@100,0.0
q256946,nDCG@10,0.5
q256946,R@100,1.0
q256947,nDCG@10,0.0
q256947,R@100,1.0
q256948,nDCG@10,1.0
q256948,R@100,1.0
q256949,nDCG@10,0.0
q256949,R@100,1.0
q256950,nDCG@10,0.6309297535714575
q256950,R@100,1.0
q256951,nDCG@10,0.0
q256951,R@100,1.0
q256952,nDCG@10,1.0
q256952,R@100,1.0
q256953,nDCG@10,0.3010299956639812
q256953,R@100,1.0
q256954,nDCG@10,0.0
q256954,R@100,1.0
q256955,nDCG@10,1.0
q256955,R@100,1.0
q256956,nDCG@10,0.0
q256956,R@100,1.0
q256957,nDCG@10,0.6309297535714575
q256957,R@100,1.0
q256958,nDCG@10,1.0
q256958,R@100,1.0
q256959,nDCG@10,0.0
q256959,R@100,0.0
q256960,nDCG@10,0.43067655807339306
q256960,R@100,1.0
q256961,nDCG@10,1.0
q256961,R@100,1.0
q256962,nDCG@10,0.3562071871080222
q256962,R@100,1.0
q256963,nDCG@10,0.0
q256963,R@100,1.0
q256964,nDCG@10,0.0
q256964,R@100,0.0
q256965,nDCG@10,0.0
q256965,R@100,1.0
q256966,nDCG@10,0.0
q256966,R@100,1.0
q256967,nDCG@10,0.0
q256967,R@100,1.0
q256968,nDCG@10,0.0
q256968,R@100,1.0
q256969,nDCG@10,0.0
q256969,R@100,1.0
q256970,nDCG@10,1.0
q256970,R@100,1.0
q256971,nDCG@10,0.0
q256971,R@100,1.0
q256972,nDCG@10,1.0
q256972,R@100,1.0
q256973,nDCG@10,1.0
q256973,R@100,1.0
q256974,nDCG@10,0.0
q256974,R@100,1.0
q256975,nDCG@10,0.0
q256975,R@100,0.0
q256976,nDCG@10,0.6309297535714575
q256976,R@100,1.0
q256977,nDCG@10,1.0
q256977,R@100,1.0
q256978,nDCG@10,0.0
q256978,R@100,0.0
q256979,nDCG@10,0.0
q256979,R@100,1.0
q256980,nDCG@10,0.0
q256980,R@100,0.0
q256981,nDCG@10,0.0
q256981,R@100,1.0
q256982,nDCG@10,0.6309297535714575
q256982,R@100,1.0
q256983,nDCG@10,0.0
q256983,R@100,0.0
q256984,nDCG@10,0.3562071871080222
q256984,R@100,1.0
q256985,nDCG@10,1.0
q256985,R@100,1.0
q256986,nDCG@10,0.0
q256986,R@100,0.0
q256987,nDCG@10,0.0
q256987,R@100,0.0
q256988,nDCG@10,0.38685280723454163
q256988,R@100,1.0
q256989,nDCG@10,0.0
q256989,R@100,0.0
q256990,nDCG@10,1.0
q256990,R@100,1.0
q256991,nDCG@10,0.0
q256991,R@100,1.0
q256992,nDCG@10,0.0
q256992,R@100,0.0
q256993,nDCG@10,0.31546487678572877
q256993,R@100,1.0
q256994,nDCG@10,0.0
q256994,R@100,1.0
q256995,nDCG@10,0.5
q256995,R@100,1.0
q256996,nDCG@10,0.0
q256996,R@100,0.0
q256997,nDCG@10,0.0
q256997,R@100,0.0
q256998,nDCG@10,0.0
q256998,R@100,0.0
q256999,nDCG@10,0.0
q256999,R@100,0.0
q257000,nDCG@10,0.0
q257000,R@100,1.0
q257001,nDCG@10,0.0
q257001,R@100,0.0
q257002,nDCG@10,0.0
q257002,R@100,1.0
q257003,nDCG@10,0.0
q257003,R@100,1.0
q257004,nDCG@10,1.0
q257004,R@100,1.0
q257005,nDCG@10,1.0
q257005,R@100,1.0
q257006,nDCG@10,0.6309297535714575
q257006,R@100,1.0
q257007,nDCG@10,1.0
q257007,R@100,1.0
q257008,nDCG@10,0.0
q257008,R@100,0.0
q257009,nDCG@10,0.0
q257009,R@100,0.0
q257010,nDCG@10,0.0
q257010,R@100,0.0
q257011,nDCG@10,0.0
q257011,R@100,0.0
q257012,nDCG@10,1.0
q257012,R@100,1.0
q257013,nDCG@10,0.0
q257013,R@100,0.0
q257014,nDCG@10,0.0
q257014,R@100,0.0
q257015,nDCG@10,0.0
q257015,R@100,0.0
q257016,nDCG@10,1.0
q257016,R@100,1.0
q257017,nDCG@10,0.31546487678572877
q257017,R@100,1.0
q257018,nDCG@10,0.0
q257018,R@100,0.0
q257019,nDCG@10,0.0
q257019,R@100,0.0
q257020,nDCG@10,0.0
q257020,R@100,0.0
q257021,nDCG@10,0.0
q257021,R@100,0.0
q257022,nDCG@10,0.3333333333333333
q257022,R@100,1.0
q257023,nDCG@10,0.0
q257023,R@100,1.0
q257024,nDCG@10,1.0
q257024,R@100,1.0
q257025,nDCG@10,0.0
q257025,R@100,1.0
q257026,nDCG@10,1.0
q257026,R@100,1.0
q257027,nDCG@10,1.0
q257027,R@100,1.0
q257028,nDCG@10,0.0
q257028,R@100,1.0
q257029,nDCG@10,0.0
q257029,R@100,0.0
q257030,nDCG@10,0.6309297535714575
q257030,R@100,1.0
q257031,nDCG@10,0.3562071871080222
q257031,R@100,1.0
q257032,nDCG@10,0.6309297535714575
q257032,R@100,1.0
q257033,nDCG@10,1.0
q257033,R@100,1.0
q257034,nDCG@10,0.0
q257034,R@100,0.0
q257035,nDCG@10,0.6309297535714575
q257035,R@100,1.0
q257036,nDCG@10,1.0
q257036,R@100,1.0
q257037,nDCG@10,0.38685280723454163
q257037,R@100,1.0
q257038,nDCG@10,0.5
q257038,R@100,1.0
q257039,nDCG@10,0.0
q257039,R@100,1.0
q257040,nDCG@10,0.0
q257040,R@100,0.0
q257041,nDCG@10,0.0
q257041,R@100,0.0
q257042,nDCG@10,0.0
q257042,R@100,0.0
q257043,nDCG@10,0.0
q257043,R@100,0.0
q257044,nDCG@10,0.0
q257044,R@100,0.0
q257045,nDCG@10,1.0
q257045,R@100,1.0
q257046,nDCG@10,0.0
q257046,R@100,0.0
q257047,nDCG@10,0.0
q257047,R@100,1.0
q257048,nDCG@10,0.0
q257048,R@100,0.0
q257049,nDCG@10,0.0
q257049,R@100,0.0
q257050,nDCG@10,0.0
q257050,R@100,0.0
q257051,nDCG@10,1.0
q257051,R@100,1.0
q257052,nDCG@10,0.0
q257052,R@100,0.0
q257053,nDCG@10,1.0
q257053,R@100,1.0
q257054,nDCG@10,0.0
q257054,R@100,0.0
q257055,nDCG@10,0.0
q257055,R@100,0.0
q257056,nDCG@10,0.0
q257056,R@100,1.0
q257057,nDCG@10,0.0
q257057,R@100,0.0
q257058,nDCG@10,0.0
q257058,R@100,0.0
q257059,nDCG@10,0.0
q257059,R@100,1.0
q257060,nDCG@10,0.0
q257060,R@100,0.0
q257061,nDCG@10,0.0
q257061,R@100,0.0
q257062,nDCG@10,1.0
q257062,R@100,1.0
q257063,nDCG@10,0.0
q257063,R@100,0.0
q257064,nDCG@10,0.0
q257064,R@100,1.0
q257065,nDCG@10,1.0
q257065,R@100,1.0
q257066,nDCG@10,0.38685280723454163
q257066,R@100,1.0
q257067,nDCG@10,1.0
q257067,R@100,1.0
q257068,nDCG@10,0.5
q257068,R@100,1.0
q257069,nDCG@10,1.0
q257069,R@100,1.0
q257070,nDCG@10,1.0
q257070,R@100,1.0
q257071,nDCG@10,1.0
q257071,R@100,1.0
q257072,nDCG@10,0.0
q257072,R@100,0.0
q257073,nDCG@10,0.0
q257073,R@100,0.0
q257074,nDCG@10,0.0
q257074,R@100,0.0
q257075,nDCG@10,0.0
q257075,R@100,0.0
q257076,nDCG@10,0.0
q257076,R@100,0.0
q257077,nDCG@10,0.0
q257077,R@100,0.0
q257078,nDCG@10,0.0
q257078,R@100,1.0
q257079,nDCG@10,0.0
q257079,R@100,0.0
q257080,nDCG@10,0.0
q257080,R@100,1.0
q257081,nDCG@10,1.0
q257081,R@100,1.0
q257082,nDCG@10,0.0
q257082,R@100,1.0
q257083,nDCG@10,0.0
q257083,R@100,0.0
q257084,nDCG@10,0.0
q257084,R@100,0.0
q257085,nDCG@10,0.0
q257085,R@100,0.0
q257086,nDCG@10,0.0
q257086,R@100,0.0
q257087,nDCG@10,0.5
q257087,R@100,1.0
q257088,nDCG@10,1.0
q257088,R@100,1.0
q257089,nDCG@10,0.0
q257089,R@100,0.0
q257090,nDCG@10,1.0
q257090,R@100,1.0
q257091,nDCG@10,1.0
q257091,R@100,1.0
q257092,nDCG@10,1.0
q257092,R@100,1.0
q257093,nDCG@10,1.0
q257093,R@100,1.0
q257094,nDCG@10,0.0
q257094,R@100,1.0
q257095,nDCG@10,1.0
q257095,R@100,1.0
q257096,nDCG@10,0.6309297535714575
q257096,R@100,1.0
q257097,nDCG@10,0.0
q257097,R@100,0.0
q257098,nDCG@10,0.0
q257098,R@100,1.0
q257099,nDCG@10,0.0
q257099,R@100,0.0
q257100,nDCG@10,0.0
q257100,R@100,0.0
q257101,nDCG@10,0.6309297535714575
q257101,R@100,1.0
q257102,nDCG@10,1.0
q257102,R@100,1.0
q257103,nDCG@10,1.0
q257103,R@100,1.0
q257104,nDCG@10,1.0
q257104,R@100,1.0
q257105,nDCG@10,1.0
q257105,R@100,1.0
q257106,nDCG@10,1.0
q257106,R@100,1.0
q257107,nDCG@10,1.0
q257107,R@100,1.0
q257108,nDCG@10,1.0
q257108,R@100,1.0
q257109,nDCG@10,1.0
q257109,R@100,1.0
q257110,nDCG@10,0.0
q257110,R@100,1.0
q257111,nDCG@10,0.0
q257111,R@100,1.0
q257112,nDCG@10,0.6309297535714575
q257112,R@100,1.0
q257113,nDCG@10,0.0
q257113,R@100,0.0
q257114,nDCG@10,0.6309297535714575
q257114,R@100,1.0
q257115,nDCG@10,0.0
q257115,R@100,1.0
q257116,nDCG@10,0.31546487678572877
q257116,R@100,1.0
q257117,nDCG@10,0.0
q257117,R@100,1.0
q257118,nDCG@10,1.0
q257118,R@100,1.0
q257119,nDCG@10,0.6309297535714575
q257119,R@100,1.0
q257120,nDCG@10,0.43067655807339306
q257120,R@100,1.0
q257121,nDCG@10,0.0
q257121,R@100,0.0
q257122,nDCG@10,1.0
q257122,R@100,1.0
q257123,nDCG@10,1.0
q257123,R@100,1.0
q257124,nDCG@10,0.0
q257124,R@100,0.0
q257125,nDCG@10,1.0
q257125,R@100,1.0
q257126,nDCG@10,1.0
q257126,R@100,1.0
q257127,nDCG@10,1.0
q257127,R@100,1.0
q257128,nDCG@10,1.0
q257128,R@100,1.0
q257129,nDCG@10,1.0
q257129,R@100,1.0
q257130,nDCG@10,1.0
q257130,R@100,1.0
q257131,nDCG@10,0.0
q257131,R@100,0.0
q257132,nDCG@10,1.0
q257132,R@100,1.0
q257133,nDCG@10,1.0
q257133,R@100,1.0
q257134,nDCG@10,1.0
q257134,R@100,1.0
q257135,nDCG@10,0.2890648263178879
q257135,R@100,1.0
q257136,nDCG@10,0.0
q257136,R@100,1.0
q257137,nDCG@10,0.38685280723454163
q257137,R@100,1.0
q257138,nDCG@10,1.0
q257138,R@100,1.0
q257139,nDCG@10,1.0
q257139,R@100,1.0
q257140,nDCG@10,1.0
q257140,R@100,1.0
q257141,nDCG@10,1.0
q257141,R@100,1.0
q257142,nDCG@10,0.0
q257142,R@100,1.0
q257143,nDCG@10,0.5
q257143,R@100,1.0
q257144,nDCG@10,1.0
q257144,R@100,1.0
q257145,nDCG@10,1.0
q257145,R@100,1.0
q257146,nDCG@10,0.3333333333333333
q257146,R@100,1.0
q257147,nDCG@10,0.6309297535714575
q257147,R@100,1.0
q257148,nDCG@10,0.0
q257148,R@100,0.0
q257149,nDCG@10,1.0
q257149,R@100,1.0
q257150,nDCG@10,1.0
q257150,R@100,1.0
q257151,nDCG@10,1.0
q257151,R@100,1.0
q257152,nDCG@10,0.0
q257152,R@100,1.0
q257153,nDCG@10,1.0
q257153,R@100,1.0
q257154,nDCG@10,0.0
q257154,R@100,0.0
q257155,nDCG@10,0.0
q257155,R@100,0.0
q257156,nDCG@10,1.0
q257156,R@100,1.0
q257157,nDCG@10,0.38685280723454163
q257157,R@100,1.0
q257158,nDCG@10,0.0
q257158,R@100,0.0
q257159,nDCG@10,0.0
q257159,R@100,0.0
q257160,nDCG@10,0.0
q257160,R@100,0.0
q257161,nDCG@10,1.0
q257161,R@100,1.0
q257162,nDCG@10,1.0
q257162,R@100,1.0
q257163,nDCG@10,1.0
q257163,R@100,1.0
q257164,nDCG@10,0.0
q257164,R@100,1.0
q257165,nDCG@10,1.0
q257165,R@100,1.0
q257166,nDCG@10,1.0
q257166,R@100,1.0
q257167,nDCG@10,1.0
q257167,R@100,1.0
q257168,nDCG@10,1.0
q257168,R@100,1.0
q257169,nDCG@10,0.0
q257169,R@100,0.0
q257170,nDCG@10,0.0
q257170,R@100,0.0
q257171,nDCG@10,0.0
q257171,R@100,1.0
q257172,nDCG@10,0.3562071871080222
q257172,R@100,1.0
q257173,nDCG@10,0.0
q257173,R@100,1.0
q257174,nDCG@10,0.0
q257174,R@100,0.0
q257175,nDCG@10,0.0
q257175,R@100,0.0
q257176,nDCG@10,1.0
q257176,R@100,1.0
q257177,nDCG@10,0.0
q257177,R@100,1.0
q257178,nDCG@10,0.0
q257178,R@100,0.0
q257179,nDCG@10,1.0
q257179,R@100,1.0
q257180,nDCG@10,0.0
q257180,R@100,1.0
q257181,nDCG@10,1.0
q257181,R@100,1.0
q257182,nDCG@10,0.0
q257182,R@100,0.0
q257183,nDCG@10,0.0
q257183,R@100,0.0
q257184,nDCG@10,0.0
q257184,R@100,0.0
q257185,nDCG@10,0.0
q257185,R@100,0.0
q257186,nDCG@10,0.0
q257186,R@100,1.0
q257187,nDCG@10,0.0
q257187,R@100,1.0
q257188,nDCG@10,1.0
q257188,R@100,1.0
q257189,nDCG@10,0.0
q257189,R@100,0.0
q257190,nDCG@10,0.38685280723454163
q257190,R@100,1.0
q257191,nDCG@10,0.43067655807339306
q257191,R@100,1.0
q257192,nDCG@10,0.0
q257192,R@100,0.0
q257193,nDCG@10,0.0
q257193,R@100,1.0
q257194,nDCG@10,0.3562071871080222
q257194,R@100,1.0
q257195,nDCG@10,1.0
q257195,R@100,1.0
q257196,nDCG@10,0.6309297535714575
q257196,R@100,1.0
q257197,nDCG@10,0.6309297535714575
q257197,R@100,1.0
q257198,nDCG@10,0.0
q257198,R@100,0.0
q257199,nDCG@10,0.0
q257199,R@100,0.0
q257200,nDCG@10,0.0
q257200,R@100,1.0
q257201,nDCG@10,0.0
q257201,R@100,0.0
q257202,nDCG@10,0.0
q257202,R@100,1.0
q257203,nDCG@10,0.43067655807339306
q257203,R@100,1.0
q257204,nDCG@10,1.0
q257204,R@100,1.0
q257205,nDCG@10,0.0
q257205,R@100,1.0
q257206,nDCG@10,0.0
q257206,R@100,0.0
q257207,nDCG@10,0.6309297535714575
q257207,R@100,1.0
q257208,nDCG@10,0.6309297535714575
q257208,R@100,1.0
q257209,nDCG@10,0.0
q257209,R@100,0.0
q257210,nDCG@10,0.0
q257210,R@100,0.0
q257211,nDCG@10,1.0
q257211,R@100,1.0
q257212,nDCG@10,1.0
q257212,R@100,1.0
q257213,nDCG@10,1.0
q257213,R@100,1.0
q257214,nDCG@10,1.0
q257214,R@100,1.0
q257215,nDCG@10,1.0
q257215,R@100,1.0
q257216,nDCG@10,1.0
q257216,R@100,1.0
q257217,nDCG@10,1.0
q257217,R@100,1.0
q257218,nDCG@10,0.0
q257218,R@100,0.0
q257219,nDCG@10,0.0
q257219,R@100,1.0
q257220,nDCG@10,1.0
q257220,R@100,1.0
q257221,nDCG@10,0.0
q257221,R@100,1.0
q257222,nDCG@10,0.0
q257222,R@100,0.0
q257223,nDCG@10,0.0
q257223,R@100,1.0
q257224,nDCG@10,0.0
q257224,R@100,0.0
q257225,nDCG@10,0.0
q257225,R@100,0.0
q257226,nDCG@10,0.0
q257226,R@100,0.0
q257227,nDCG@10,1.0
q257227,R@100,1.0
q257228,nDCG@10,1.0
q257228,R@100,1.0
q257229,nDCG@10,0.0
q257229,R@100,1.0
q257230,nDCG@10,0.0
q257230,R@100,0.0
q257231,nDCG@10,1.0
q257231,R@100,1.0
q257232,nDCG@10,1.0
q257232,R@100,1.0
q257233,nDCG@10,0.0
q257233,R@100,0.0
q257234,nDCG@10,0.6309297535714575
q257234,R@100,1.0
q257235,nDCG@10,0.3562071871080222
q257235,R@100,1.0
q257236,nDCG@10,1.0
q257236,R@100,1.0
q257237,nDCG@10,0.3562071871080222
q257237,R@100,1.0
q257238,nDCG@10,0.0
q257238,R@100,1.0
q257239,nDCG@10,0.31546487678572877
q257239,R@100,1.0
q257240,nDCG@10,0.0
q257240,R@100,0.0
q257241,nDCG@10,0.0
q257241,R@100,1.0
q257242,nDCG@10,1.0
q257242,R@100,1.0
q257243,nDCG@10,0.6309297535714575
q257243,R@100,1.0
q257244,nDCG@10,0.0
q257244,R@100,0.0
q257245,nDCG@10,0.0
q257245,R@100,0.0
q257246,nDCG@10,0.0
q257246,R@100,0.0
q257247,nDCG@10,0.0
q257247,R@100,0.0
q257248,nDCG@10,0.0
q257248,R@100,0.0
q257249,nDCG@10,0.0
q257249,R@100,1.0
q257250,nDCG@10,1.0
q257250,R@100,1.0
q257251,nDCG@10,0.0
q257251,R@100,0.0
q257252,nDCG@10,0.0
q257252,R@100,1.0
q257253,nDCG@10,0.0
q257253,R@100,1.0
q257254,nDCG@10,0.38685280723454163
q257254,R@100,1.0
q257255,nDCG@10,1.0
q257255,R@100,1.0
q257256,nDCG@10,0.43067655807339306
q257256,R@100,1.0
q257257,nDCG@10,0.6309297535714575
q257257,R@100,1.0
q257258,nDCG@10,0.0
q257258,R@100,0.0
q257259,nDCG@10,1.0
q257259,R@100,1.0
q257260,nDCG@10,1.0
q257260,R@100,1.0
q257261,nDCG@10,0.0
q257261,R@100,0.0
q257262,nDCG@10,0.0
q257262,R@100,1.0
q257263,nDCG@10,0.0
q257263,R@100,0.0
q257264,nDCG@10,0.0
q257264,R@100,1.0
q257265,nDCG@10,1.0
q257265,R@100,1.0
q257266,nDCG@10,1.0
q257266,R@100,1.0
q257267,nDCG@10,1.0
q257267,R@100,1.0
q257268,nDCG@10,1.0
q257268,R@100,1.0
q257269,nDCG@10,0.0
q257269,R@100,1.0
q257270,nDCG@10,0.0
q257270,R@100,0.0
q257271,nDCG@10,1.0
q257271,R@100,1.0
q257272,nDCG@10,0.0
q257272,R@100,0.0
q257273,nDCG@10,0.43067655807339306
q257273,R@100,1.0
q257274,nDCG@10,0.38685280723454163
q257274,R@100,1.0
q257275,nDCG@10,1.0
q257275,R@100,1.0
q257276,nDCG@10,1.0
q257276,R@100,1.0
q257277,nDCG@10,0.0
q257277,R@100,0.0
q257278,nDCG@10,1.0
q257278,R@100,1.0
q257279,nDCG@10,0.43067655807339306
q257279,R@100,1.0
q257280,nDCG@10,0.43067655807339306
q257280,R@100,1.0
q257281,nDCG@10,0.0
q257281,R@100,1.0
q257282,nDCG@10,0.2890648263178879
q257282,R@100,1.0
q257283,nDCG@10,1.0
q257283,R@100,1.0
q257284,nDCG@10,0.0
q257284,R@100,1.0
q257285,nDCG@10,1.0
q257285,R@100,1.0
q257286,nDCG@10,1.0
q257286,R@100,1.0
q257287,nDCG@10,0.6309297535714575
q257287,R@100,1.0
q257288,nDCG@10,1.0
q257288,R@100,1.0
q257289,nDCG@10,0.0
q257289,R@100,1.0
q257290,nDCG@10,0.5
q257290,R@100,1.0
q257291,nDCG@10,1.0
q257291,R@100,1.0
q257292,nDCG@10,1.0
q257292,R@100,1.0
q257293,nDCG@10,0.0
q257293,R@100,1.0
q257294,nDCG@10,0.3333333333333333
q257294,R@100,1.0
q257295,nDCG@10,0.0
q257295,R@100,1.0
q257296,nDCG@10,1.0
q257296,R@100,1.0
q257297,nDCG@10,0.0
q257297,R@100,0.0
q257298,nDCG@10,0.0
q257298,R@100,0.0
q257299,nDCG@10,0.6309297535714575
q257299,R@100,1.0
q257300,nDCG@10,0.5
q257300,R@100,1.0
q257301,nDCG@10,0.0
q257301,R@100,1.0
q257302,nDCG@10,0.0
q257302,R@100,0.0
q257303,nDCG@10,0.0
q257303,R@100,1.0
q257304,nDCG@10,0.0
q257304,R@100,1.0
q257305,nDCG@10,0.5
q257305,R@100,1.0
q257306,nDCG@10,0.0
q257306,R@100,1.0
q257307,nDCG@10,1.0
q257307,R@100,1.0
q257308,nDCG@10,0.0
q257308,R@100,0.0
q257309,nDCG@10,0.0
q257309,R@100,0.0
q257310,nDCG@10,0.0
q257310,R@100,1.0
q257311,nDCG@10,0.6309297535714575
q257311,R@100,1.0
q257312,nDCG@10,0.0
q257312,R@100,0.0
q257313,nDCG@10,0.0
q257313,R@100,0.0
q257314,nDCG@10,0.0
q257314,R@100,0.0
q257315,nDCG@10,0.0
q257315,R@100,0.0
q257316,nDCG@10,1.0
q257316,R@100,1.0
q257317,nDCG@10,0.0
q257317,R@100,0.0
q257318,nDCG@10,0.0
q257318,R@100,0.0
q257319,nDCG@10,0.0
q257319,R@100,0.0
q257320,nDCG@10,0.0
q257320,R@100,1.0
q257321,nDCG@10,1.0
q257321,R@100,1.0
q257322,nDCG@10,0.0
q257322,R@100,0.0
q257323,nDCG@10,1.0
q257323,R@100,1.0
q257324,nDCG@10,1.0
q257324,R@100,1.0
q257325,nDCG@10,1.0
q257325,R@100,1.0
q257326,nDCG@10,0.0
q257326,R@100,0.0
q257327,nDCG@10,0.0
q257327,R@100,0.0
q257328,nDCG@10,0.0
q257328,R@100,1.0
q257329,nDCG@10,0.3562071871080222
q257329,R@100,1.0
q257330,nDCG@10,0.0
q257330,R@100,1.0
q257331,nDCG@10,0.0
q257331,R@100,1.0
q257332,nDCG@10,0.6309297535714575
q257332,R@100,1.0
q257333,nDCG@10,0.5
q257333,R@100,1.0
q257334,nDCG@10,0.43067655807339306
q257334,R@100,1.0
q257335,nDCG@10,0.0
q257335,R@100,1.0
q257336,nDCG@10,1.0
q257336,R@100,1.0
q257337,nDCG@10,0.0
q257337,R@100,0.0
q257338,nDCG@10,0.6309297535714575
q257338,R@100,1.0
q257339,nDCG@10,1.0
q257339,R@100,1.0
q257340,nDCG@10,0.0
q257340,R@100,0.0
q257341,nDCG@10,0.0
q257341,R@100,1.0
q257342,nDCG@10,0.0
q257342,R@100,0.0
q257343,nDCG@10,0.0
q257343,R@100,0.0
q257344,nDCG@10,0.6309297535714575
q257344,R@100,1.0
q257345,nDCG@10,0.5
q257345,R@100,1.0
q257346,nDCG@10,0.5
q257346,R@100,1.0
q257347,nDCG@10,0.0
q257347,R@100,0.0
q257348,nDCG@10,1.0
q257348,R@100,1.0
q257349,nDCG@10,0.0
q257349,R@100,1.0
q257350,nDCG@10,1.0
q257350,R@100,1.0
q257351,nDCG@10,1.0
q257351,R@100,1.0
q257352,nDCG@10,1.0
q257352,R@100,1.0
q257353,nDCG@10,1.0
q257353,R@100,1.0
q257354,nDCG@10,1.0
q257354,R@100,1.0
q257355,nDCG@10,0.0
q257355,R@100,1.0
q257356,nDCG@10,1.0
q257356,R@100,1.0
q257357,nDCG@10,0.0
q257357,R@100,0.0
q257358,nDCG@10,0.0
q257358,R@100,1.0
q257359,nDCG@10,0.3333333333333333
q257359,R@100,1.0
q257360,nDCG@10,1.0
q257360,R@100,1.0
q257361,nDCG@10,0.6309297535714575
q257361,R@100,1.0
q257362,nDCG@10,0.5
q257362,R@100,1.0
q257363,nDCG@10,1.0
q257363,R@100,1.0
q257364,nDCG@10,1.0
q257364,R@100,1.0
q257365,nDCG@10,0.0
q257365,R@100,1.0
q257366,nDCG@10,0.0
q257366,R@100,1.0
q257367,nDCG@10,0.0
q257367,R@100,1.0
q257368,nDCG@10,0.3010299956639812
q257368,R@100,1.0
q257369,nDCG@10,1.0
q257369,R@100,1.0
q257370,nDCG@10,0.6309297535714575
q257370,R@100,1.0
q257371,nDCG@10,0.0
q257371,R@100,1.0
q257372,nDCG@10,0.0
q257372,R@100,0.0
q257373,nDCG@10,0.0
q257373,R@100,1.0
q257374,nDCG@10,0.0
q257374,R@100,0.0
q257375,nDCG@10,0.6309297535714575
q257375,R@100,1.0
q257376,nDCG@10,0.6309297535714575
q257376,R@100,1.0
q257377,nDCG@10,1.0
q257377,R@100,1.0
q257378,nDCG@10,1.0
q257378,R@100,1.0
q257379,nDCG@10,0.0
q257379,R@100,0.0
q257380,nDCG@10,0.0
q257380,R@100,0.0
q257381,nDCG@10,1.0
q257381,R@100,1.0
q257382,nDCG@10,1.0
q257382,R@100,1.0
q257383,nDCG@10,0.0
q257383,R@100,0.0
q257384,nDCG@10,0.0
q257384,R@100,0.0
q257385,nDCG@10,0.43067655807339306
q257385,R@100,1.0
q257386,nDCG@10,0.3333333333333333
q257386,R@100,1.0
q257387,nDCG@10,1.0
q257387,R@100,1.0
q257388,nDCG@10,0.3333333333333333
q257388,R@100,1.0
q257389,nDCG@10,1.0
q257389,R@100,1.0
q257390,nDCG@10,0.43067655807339306
q257390,R@100,1.0
q257391,nDCG@10,0.6309297535714575
q257391,R@100,1.0
q257392,nDCG@10,0.0
q257392,R@100,1.0
q257393,nDCG@10,0.0
q257393,R@100,1.0
q257394,nDCG@10,1.0
q257394,R@100,1.0
q257395,nDCG@10,0.0
q257395,R@100,1.0
q257396,nDCG@10,1.0
q257396,R@100,1.0
q257397,nDCG@10,0.0
q257397,R@100,0.0
q257398,nDCG@10,0.0
q257398,R@100,0.0
q257399,nDCG@10,0.0
q257399,R@100,0.0
q257400,nDCG@10,0.0
q257400,R@100,0.0
q257401,nDCG@10,0.0
q257401,R@100,0.0
q257402,nDCG@10,0.3333333333333333
q257402,R@100,1.0
q257403,nDCG@10,0.0
q257403,R@100,0.0
q257404,nDCG@10,0.0
q257404,R@100,0.0
q257405,nDCG@10,0.0
q257405,R@100,0.0
q257406,nDCG@10,0.0
q257406,R@100,0.0
q257407,nDCG@10,1.0
q257407,R@100,1.0
q257408,nDCG@10,0.5
q257408,R@100,1.0
q257409,nDCG@10,1.0
q257409,R@100,1.0
q257410,nDCG@10,0.0
q257410,R@100,0.0
q257411,nDCG@10,0.0
q257411,R@100,0.0
q257412,nDCG@10,0.3333333333333333
q257412,R@100,1.0
q257413,nDCG@10,0.0
q257413,R@100,1.0
q257414,nDCG@10,1.0
q257414,R@100,1.0
q257415,nDCG@10,0.6309297535714575
q257415,R@100,1.0
q257416,nDCG@10,0.0
q257416,R@100,0.0
q257417,nDCG@10,0.0
q257417,R@100,1.0
q257418,nDCG@10,0.6309297535714575
q257418,R@100,1.0
q257419,nDCG@10,0.0
q257419,R@100,1.0
q257420,nDCG@10,1.0
q257420,R@100,1.0
q257421,nDCG@10,1.0
q257421,R@100,1.0
q257422,nDCG@10,0.0
q257422,R@100,1.0
q257423,nDCG@10,0.0
q257423,R@100,0.0
q257424,nDCG@10,1.0
q257424,R@100,1.0
q257425,nDCG@10,0.0
q257425,R@100,0.0
q257426,nDCG@10,1.0
q257426,R@100,1.0
q257427,nDCG@10,0.0
q257427,R@100,1.0
q257428,nDCG@10,0.0
q257428,R@100,1.0
q257429,nDCG@10,1.0
q257429,R@100,1.0
q257430,nDCG@10,0.0
q257430,R@100,1.0
q257431,nDCG@10,1.0
q257431,R@100,1.0
q257432,nDCG@10,0.0
q257432,R@100,0.0
q257433,nDCG@10,0.0
q257433,R@100,0.0
q257434,nDCG@10,0.0
q257434,R@100,0.0
q257435,nDCG@10,0.0
q257435,R@100,0.0
q257436,nDCG@10,0.0
q257436,R@100,1.0
q257437,nDCG@10,1.0
q257437,R@100,1.0
q257438,nDCG@10,0.0
q257438,R@100,1.0
q257439,nDCG@10,1.0
q257439,R@100,1.0
q257440,nDCG@10,0.0
q257440,R@100,0.0
q257441,nDCG@10,0.0
q257441,R@100,0.0
q257442,nDCG@10,1.0
q257442,R@100,1.0
q257443,nDCG@10,0.3562071871080222
q257443,R@100,1.0
q257444,nDCG@10,0.2890648263178879
q257444,R@100,1.0
q257445,nDCG@10,1.0
q257445,R@100,1.0
q257446,nDCG@10,0.0
q257446,R@100,1.0
q257447,nDCG@10,0.0
q257447,R@100,1.0
q257448,nDCG@10,0.6309297535714575
q257448,R@100,1.0
q257449,nDCG@10,0.6309297535714575
q257449,R@100,1.0
q257450,nDCG@10,0.5
q257450,R@100,1.0
q257451,nDCG@10,1.0
q257451,R@100,1.0
q257452,nDCG@10,1.0
q257452,R@100,1.0
q257453,nDCG@10,1.0
q257453,R@100,1.0
q257454,nDCG@10,0.0
q257454,R@100,0.0
q257455,nDCG@10,0.3333333333333333
q257455,R@100,1.0
q257456,nDCG@10,0.43067655807339306
q257456,R@100,1.0
q257457,nDCG@10,0.3562071871080222
q257457,R@100,1.0
q257458,nDCG@10,1.0
q257458,R@100,1.0
q257459,nDCG@10,1.0
q257459,R@100,1.0
q257460,nDCG@10,1.0
q257460,R@100,1.0
q257461,nDCG@10,1.0
q257461,R@100,1.0
q257462,nDCG@10,1.0
q257462,R@100,1.0
q257463,nDCG@10,1.0
q257463,R@100,1.0
q257464,nDCG@10,0.0
q257464,R@100,1.0
q257465,nDCG@10,0.0
q257465,R@100,0.0
q257466,nDCG@10,1.0
q257466,R@100,1.0
q257467,nDCG@10,0.0
q257467,R@100,1.0
q257468,nDCG@10,1.0
q257468,R@100,1.0
q257469,nDCG@10,0.0
q257469,R@100,1.0
q257470,nDCG@10,0.6309297535714575
q257470,R@100,1.0
q257471,nDCG@10,0.6309297535714575
q257471,R@100,1.0
q257472,nDCG@10,0.0
q257472,R@100,1.0
q257473,nDCG@10,0.0
q257473,R@100,1.0
q257474,nDCG@10,0.6309297535714575
q257474,R@100,1.0
q257475,nDCG@10,1.0
q257475,R@100,1.0
q257476,nDCG@10,1.0
q257476,R@100,1.0
q257477,nDCG@10,0.0
q257477,R@100,1.0
q257478,nDCG@10,0.0
q257478,R@100,0.0
q257479,nDCG@10,0.0
q257479,R@100,1.0
q257480,nDCG@10,1.0
q257480,R@100,1.0
q257481,nDCG@10,1.0
q257481,R@100,1.0
q257482,nDCG@10,0.0
q257482,R@100,0.0
q257483,nDCG@10,0.0
q257483,R@100,0.0
q257484,nDCG@10,0.38685280723454163
q257484,R@100,1.0
q257485,nDCG@10,0.0
q257485,R@100,0.0
q257486,nDCG@10,1.0
q257486,R@100,1.0
q257487,nDCG@10,0.0
q257487,R@100,0.0
q257488,nDCG@10,0.0
q257488,R@100,1.0
q257489,nDCG@10,1.0
q257489,R@100,1.0
q257490,nDCG@10,0.0
q257490,R@100,0.0
q257491,nDCG@10,0.0
q257491,R@100,0.0
q257492,nDCG@10,0.0
q257492,R@100,0.0
q257493,nDCG@10,1.0
q257493,R@100,1.0
q257494,nDCG@10,1.0
q257494,R@100,1.0
q257495,nDCG@10,1.0
q257495,R@100,1.0
q257496,nDCG@10,0.38685280723454163
q257496,R@100,1.0
q257497,nDCG@10,0.43067655807339306
q257497,R@100,1.0
q257498,nDCG@10,0.0
q257498,R@100,0.0
q257499,nDCG@10,0.0
q257499,R@100,0.0
q257500,nDCG@10,0.43067655807339306
q257500,R@100,1.0
q257501,nDCG@10,1.0
q257501,R@100,1.0
q257502,nDCG@10,1.0
q257502,R@100,1.0
q257503,nDCG@10,0.6309297535714575
q257503,R@100,1.0
q257504,nDCG@10,0.5
q257504,R@100,1.0
q257505,nDCG@10,1.0
q257505,R@100,1.0
q257506,nDCG@10,1.0
q257506,R@100,1.0
q257507,nDCG@10,0.3562071871080222
q257507,R@100,1.0
q257508,nDCG@10,0.6309297535714575
q257508,R@100,1.0
q257509,nDCG@10,0.6309297535714575
q257509,R@100,1.0
q257510,nDCG@10,0.0
q257510,R@100,0.0
q257511,nDCG@10,0.0
q257511,R@100,1.0
q257512,nDCG@10,0.0
q257512,R@100,1.0
q257513,nDCG@10,0.6309297535714575
q257513,R@100,1.0
q257514,nDCG@10,0.0
q257514,R@100,1.0
q257515,nDCG@10,0.6309297535714575
q257515,R@100,1.0
q257516,nDCG@10,1.0
q257516,R@100,1.0
q257517,nDCG@10,0.0
q257517,R@100,0.0
q257518,nDCG@10,1.0
q257518,R@100,1.0
q257519,nDCG@10,1.0
q257519,R@100,1.0
q257520,nDCG@10,1.0
q257520,R@100,1.0
q257521,nDCG@10,0.0
q257521,R@100,1.0
q257522,nDCG@10,0.6309297535714575
q257522,R@100,1.0
q257523,nDCG@10,0.0
q257523,R@100,0.0
q257524,nDCG@10,1.0
q257524,R@100,1.0
q257525,nDCG@10,1.0
q257525,R@100,1.0
q257526,nDCG@10,0.0
q257526,R@100,0.0
q257527,nDCG@10,0.0
q257527,R@100,1.0
q257528,nDCG@10,0.0
q257528,R@100,0.0
q257529,nDCG@10,0.0
q257529,R@100,0.0
q257530,nDCG@10,0.0
q257530,R@100,0.0
q257531,nDCG@10,1.0
q257531,R@100,1.0
q257532,nDCG@10,0.5
q257532,R@100,1.0
q257533,nDCG@10,1.0
q257533,R@100,1.0
q257534,nDCG@10,0.43067655807339306
q257534,R@100,1.0
q257535,nDCG@10,0.0
q257535,R@100,1.0
q257536,nDCG@10,0.0
q257536,R@100,1.0
q257537,nDCG@10,0.43067655807339306
q257537,R@100,1.0
q257538,nDCG@10,0.3333333333333333
q257538,R@100,1.0
q257539,nDCG@10,0.0
q257539,R@100,0.0
q257540,nDCG@10,1.0
q257540,R@100,1.0
q257541,nDCG@10,0.0
q257541,R@100,0.0
q257542,nDCG@10,0.0
q257542,R@100,1.0
q257543,nDCG@10,0.0
q257543,R@100,0.0
q257544,nDCG@10,0.0
q257544,R@100,0.0
q257545,nDCG@10,1.0
q257545,R@100,1.0
q257546,nDCG@10,1.0
q257546,R@100,1.0
q257547,nDCG@10,0.0
q257547,R@100,0.0
q257548,nDCG@10,1.0
q257548,R@100,1.0
q257549,nDCG@10,0.5
q257549,R@100,1.0
q257550,nDCG@10,1.0
q257550,R@100,1.0
q257551,nDCG@10,1.0
q257551,R@100,1.0
q257552,nDCG@10,1.0
q257552,R@100,1.0
q257553,nDCG@10,1.0
q257553,R@100,1.0
q257554,nDCG@10,0.6309297535714575
q257554,R@100,1.0
q257555,nDCG@10,0.6309297535714575
q257555,R@100,1.0
q257556,nDCG@10,1.0
q257556,R@100,1.0
q257557,nDCG@10,0.0
q257557,R@100,0.0
q257558,nDCG@10,0.0
q257558,R@100,0.0
q257559,nDCG@10,1.0
q257559,R@100,1.0
q257560,nDCG@10,1.0
q257560,R@100,1.0
q257561,nDCG@10,0.6309297535714575
q257561,R@100,1.0
q257562,nDCG@10,0.43067655807339306
q257562,R@100,1.0
q257563,nDCG@10,0.0
q257563,R@100,0.0
q257564,nDCG@10,1.0
q257564,R@100,1.0
q257565,nDCG@10,1.0
q257565,R@100,1.0
q257566,nDCG@10,0.0
q257566,R@100,0.0
q257567,nDCG@10,0.0
q257567,R@100,0.0
q257568,nDCG@10,0.0
q257568,R@100,0.0
q257569,nDCG@10,0.0
q257569,R@100,0.0
q257570,nDCG@10,1.0
q257570,R@100,1.0
q257571,nDCG@10,1.0
q257571,R@100,1.0
q257572,nDCG@10,1.0
q257572,R@100,1.0
q257573,nDCG@10,0.38685280723454163
q257573,R@100,1.0
q257574,nDCG@10,0.0
q257574,R@100,1.0
q257575,nDCG@10,0.0
q257575,R@100,1.0
q257576,nDCG@10,0.0
q257576,R@100,0.0
q257577,nDCG@10,0.0
q257577,R@100,1.0
q257578,nDCG@10,0.43067655807339306
q257578,R@100,1.0
q257579,nDCG@10,1.0
q257579,R@100,1.0
q257580,nDCG@10,0.2890648263178879
q257580,R@100,1.0
q257581,nDCG@10,1.0
q257581,R@100,1.0
q257582,nDCG@10,0.2890648263178879
q257582,R@100,1.0
q257583,nDCG@10,0.38685280723454163
q257583,R@100,1.0
q257584,nDCG@10,0.5
q257584,R@100,1.0
q257585,nDCG@10,0.6309297535714575
q257585,R@100,1.0
q257586,nDCG@10,0.0
q257586,R@100,0.0
q257587,nDCG@10,0.43067655807339306
q257587,R@100,1.0
q257588,nDCG@10,0.3333333333333333
q257588,R@100,1.0
q257589,nDCG@10,0.0
q257589,R@100,0.0
q257590,nDCG@10,0.0
q257590,R@100,1.0
q257591,nDCG@10,0.0
q257591,R@100,0.0
q257592,nDCG@10,1.0
q257592,R@100,1.0
q257593,nDCG@10,0.0
q257593,R@100,0.0
q257594,nDCG@10,1.0
q257594,R@100,1.0
q257595,nDCG@10,1.0
q257595,R@100,1.0
q257596,nDCG@10,0.0
q257596,R@100,0.0
q257597,nDCG@10,0.6309297535714575
q257597,R@100,1.0
q257598,nDCG@10,1.0
q257598,R@100,1.0
q257599,nDCG@10,0.0
q257599,R@100,0.0
q257600,nDCG@10,0.5
q257600,R@100,1.0
q257601,nDCG@10,1.0
q257601,R@100,1.0
q257602,nDCG@10,1.0
q257602,R@100,1.0
q257603,nDCG@10,1.0
q257603,R@100,1.0
q257604,nDCG@10,0.5
q257604,R@100,1.0
q257605,nDCG@10,1.0
q257605,R@100,1.0
q257606,nDCG@10,1.0
q257606,R@100,1.0
q257607,nDCG@10,0.0
q257607,R@100,0.0
q257608,nDCG@10,0.5
q257608,R@100,1.0
q257609,nDCG@10,0.6309297535714575
q257609,R@100,1.0
q257610,nDCG@10,1.0
q257610,R@100,1.0
q257611,nDCG@10,1.0
q257611,R@100,1.0
q257612,nDCG@10,0.0
q257612,R@100,0.0
q257613,nDCG@10,1.0
q257613,R@100,1.0
q257614,nDCG@10,0.0
q257614,R@100,1.0
q257615,nDCG@10,0.0
q257615,R@100,1.0
q257616,nDCG@10,0.0
q257616,R@100,1.0
q257617,nDCG@10,0.43067655807339306
q257617,R@100,1.0
q257618,nDCG@10,0.0
q257618,R@100,0.0
q257619,nDCG@10,0.0
q257619,R@100,1.0
q257620,nDCG@10,0.2890648263178879
q257620,R@100,1.0
q257621,nDCG@10,0.0
q257621,R@100,1.0
q257622,nDCG@10,0.5
q257622,R@100,1.0
q257623,nDCG@10,1.0
q257623,R@100,1.0
q257624,nDCG@10,1.0
q257624,R@100,1.0
q257625,nDCG@10,1.0
q257625,R@100,1.0
q257626,nDCG@10,0.0
q257626,R@100,0.0
q257627,nDCG@10,0.0
q257627,R@100,0.0
q257628,nDCG@10,1.0
q257628,R@100,1.0
q257629,nDCG@10,0.3562071871080222
q257629,R@100,1.0
q257630,nDCG@10,1.0
q257630,R@100,1.0
q257631,nDCG@10,1.0
q257631,R@100,1.0
q257632,nDCG@10,0.0
q257632,R@100,1.0
q257633,nDCG@10,0.0
q257633,R@100,1.0
q257634,nDCG@10,0.43067655807339306
q257634,R@100,1.0
q257635,nDCG@10,1.0
q257635,R@100,1.0
q257636,nDCG@10,1.0
q257636,R@100,1.0
q257637,nDCG@10,0.5
q257637,R@100,1.0
q257638,nDCG@10,1.0
q257638,R@100,1.0
q257639,nDCG@10,0.5
q257639,R@100,1.0
q257640,nDCG@10,0.5
q257640,R@100,1.0
q257641,nDCG@10,0.6309297535714575
q257641,R@100,1.0
q257642,nDCG@10,1.0
q257642,R@100,1.0
q257643,nDCG@10,0.0
q257643,R@100,0.0
q257644,nDCG@10,0.0
q257644,R@100,1.0
q257645,nDCG@10,0.0
q257645,R@100,1.0
q257646,nDCG@10,0.0
q257646,R@100,0.0
q257647,nDCG@10,0.0
q257647,R@100,0.0
q257648,nDCG@10,0.0
q257648,R@100,0.0
q257649,nDCG@10,1.0
q257649,R@100,1.0
q257650,nDCG@10,0.0
q257650,R@100,1.0
q257651,nDCG@10,0.31546487678572877
q257651,R@100,1.0
q257652,nDCG@10,0.0
q257652,R@100,1.0
q257653,nDCG@10,1.0
q257653,R@100,1.0
q257654,nDCG@10,1.0
q257654,R@100,1.0
q257655,nDCG@10,1.0
q257655,R@100,1.0
q257656,nDCG@10,1.0
q257656,R@100,1.0
q257657,nDCG@10,1.0
q257657,R@100,1.0
q257658,nDCG@10,0.0
q257658,R@100,1.0
q257659,nDCG@10,0.0
q257659,R@100,1.0
q257660,nDCG@10,0.0
q257660,R@100,0.0
q257661,nDCG@10,0.43067655807339306
q257661,R@100,1.0
q257662,nDCG@10,0.0
q257662,R@100,0.0
q257663,nDCG@10,0.0
q257663,R@100,0.0
q257664,nDCG@10,1.0
q257664,R@100,1.0
q257665,nDCG@10,1.0
q257665,R@100,1.0
q257666,nDCG@10,1.0
q257666,R@100,1.0
q257667,nDCG@10,1.0
q257667,R@100,1.0
q257668,nDCG@10,1.0
q257668,R@100,1.0
q257669,nDCG@10,0.38685280723454163
q257669,R@100,1.0
q257670,nDCG@10,0.6309297535714575
q257670,R@100,1.0
q257671,nDCG@10,0.6309297535714575
q257671,R@100,1.0
q257672,nDCG@10,1.0
q257672,R@100,1.0
q257673,nDCG@10,0.0
q257673,R@100,1.0
q257674,nDCG@10,1.0
q257674,R@100,1.0
q257675,nDCG@10,0.6309297535714575
q257675,R@100,1.0
q257676,nDCG@10,0.0
q257676,R@100,0.0
q257677,nDCG@10,0.3333333333333333
q257677,R@100,1.0
q257678,nDCG@10,0.0
q257678,R@100,0.0
q257679,nDCG@10,0.0
q257679,R@100,0.0
q257680,nDCG@10,0.43067655807339306
q257680,R@100,1.0
q257681,nDCG@10,1.0
q257681,R@100,1.0
q257682,nDCG@10,0.6309297535714575
q257682,R@100,1.0
q257683,nDCG@10,0.6309297535714575
q257683,R@100,1.0
q257684,nDCG@10,0.6309297535714575
q257684,R@100,1.0
q257685,nDCG@10,0.6309297535714575
q257685,R@100,1.0
q257686,nDCG@10,0.6309297535714575
q257686,R@100,1.0
q257687,nDCG@10,1.0
q257687,R@100,1.0
q257688,nDCG@10,1.0
q257688,R@100,1.0
q257689,nDCG@10,1.0
q257689,R@100,1.0
q257690,nDCG@10,0.0
q257690,R@100,1.0
q257691,nDCG@10,1.0
q257691,R@100,1.0
q257692,nDCG@10,1.0
q257692,R@100,1.0
q257693,nDCG@10,0.0
q257693,R@100,0.0
q257694,nDCG@10,0.0
q257694,R@100,1.0
q257695,nDCG@10,1.0
q257695,R@100,1.0
q257696,nDCG@10,0.31546487678572877
q257696,R@100,1.0
q257697,nDCG@10,0.0
q257697,R@100,0.0
q257698,nDCG@10,0.0
q257698,R@100,0.0
q257699,nDCG@10,1.0
q257699,R@100,1.0
q257700,nDCG@10,0.0
q257700,R@100,0.0
q257701,nDCG@10,0.0
q257701,R@100,0.0
q257702,nDCG@10,1.0
q257702,R@100,1.0
q257703,nDCG@10,1.0
q257703,R@100,1.0
q257704,nDCG@10,0.5
q257704,R@100,1.0
q257705,nDCG@10,0.0
q257705,R@100,1.0
q257706,nDCG@10,0.6309297535714575
q257706,R@100,1.0
q257707,nDCG@10,0.6309297535714575
q257707,R@100,1.0
q257708,nDCG@10,1.0
q257708,R@100,1.0
q257709,nDCG@10,1.0
q257709,R@100,1.0
q257710,nDCG@10,1.0
q257710,R@100,1.0
q257711,nDCG@10,0.0
q257711,R@100,1.0
q257712,nDCG@10,1.0
q257712,R@100,1.0
q257713,nDCG@10,1.0
q257713,R@100,1.0
q257714,nDCG@10,1.0
q257714,R@100,1.0
q257715,nDCG@10,1.0
q257715,R@100,1.0
q257716,nDCG@10,1.0
q257716,R@100,1.0
q257717,nDCG@10,1.0
q257717,R@100,1.0
q257718,nDCG@10,0.0
q257718,R@100,1.0
q257719,nDCG@10,1.0
q257719,R@100,1.0
q257720,nDCG@10,0.0
q257720,R@100,0.0
q257721,nDCG@10,0.0
q257721,R@100,0.0
q257722,nDCG@10,0.0
q257722,R@100,0.0
q257723,nDCG@10,0.6309297535714575
q257723,R@100,1.0
q257724,nDCG@10,0.0
q257724,R@100,0.0
q257725,nDCG@10,1.0
q257725,R@100,1.0
q257726,nDCG@10,1.0
q257726,R@100,1.0
q257727,nDCG@10,0.6309297535714575
q257727,R@100,1.0
q257728,nDCG@10,0.6309297535714575
q257728,R@100,1.0
q257729,nDCG@10,1.0
q257729,R@100,1.0
q257730,nDCG@10,0.0
q257730,R@100,0.0
q257731,nDCG@10,0.0
q257731,R@100,1.0
q257732,nDCG@10,1.0
q257732,R@100,1.0
q257733,nDCG@10,0.6309297535714575
q257733,R@100,1.0
q257734,nDCG@10,0.43067655807339306
q257734,R@100,1.0
q257735,nDCG@10,0.6309297535714575
q257735,R@100,1.0
q257736,nDCG@10,1.0
q257736,R@100,1.0
q257737,nDCG@10,0.0
q257737,R@100,1.0
q257738,nDCG@10,0.3333333333333333
q257738,R@100,1.0
q257739,nDCG@10,1.0
q257739,R@100,1.0
q257740,nDCG@10,1.0
q257740,R@100,1.0
q257741,nDCG@10,1.0
q257741,R@100,1.0
q257742,nDCG@10,1.0
q257742,R@100,1.0
q257743,nDCG@10,1.0
q257743,R@100,1.0
q257744,nDCG@10,1.0
q257744,R@100,1.0
q257745,nDCG@10,1.0
q257745,R@100,1.0
q257746,nDCG@10,1.0
q257746,R@100,1.0
q257747,nDCG@10,0.0
q257747,R@100,1.0
q257748,nDCG@10,1.0
q257748,R@100,1.0
q257749,nDCG@10,0.38685280723454163
q257749,R@100,1.0
q257750,nDCG@10,0.6309297535714575
q257750,R@100,1.0
q257751,nDCG@10,0.43067655807339306
q257751,R@100,1.0
q257752,nDCG@10,1.0
q257752,R@100,1.0
q257753,nDCG@10,0.6309297535714575
q257753,R@100,1.0
q257754,nDCG@10,1.0
q257754,R@100,1.0
q257755,nDCG@10,1.0
q257755,R@100,1.0
q257756,nDCG@10,0.3333333333333333
q257756,R@100,1.0
q257757,nDCG@10,0.0
q257757,R@100,0.0
q257758,nDCG@10,1.0
q257758,R@100,1.0
q257759,nDCG@10,1.0
q257759,R@100,1.0
q257760,nDCG@10,1.0
q257760,R@100,1.0
q257761,nDCG@10,1.0
q257761,R@100,1.0
q257762,nDCG@10,1.0
q257762,R@100,1.0
q257763,nDCG@10,0.43067655807339306
q257763,R@100,1.0
q257764,nDCG@10,0.6309297535714575
q257764,R@100,1.0
q257765,nDCG@10,0.3562071871080222
q257765,R@100,1.0
q257766,nDCG@10,0.0
q257766,R@100,1.0
q257767,nDCG@10,0.3562071871080222
q257767,R@100,1.0
q257768,nDCG@10,0.3562071871080222
q257768,R@100,1.0
q257769,nDCG@10,1.0
q257769,R@100,1.0
q257770,nDCG@10,0.0
q257770,R@100,0.0
q257771,nDCG@10,0.43067655807339306
q257771,R@100,1.0
q257772,nDCG@10,0.43067655807339306
q257772,R@100,1.0
q257773,nDCG@10,0.6309297535714575
q257773,R@100,1.0
q257774,nDCG@10,0.0
q257774,R@100,1.0
q257775,nDCG@10,0.3010299956639812
q257775,R@100,1.0
q257776,nDCG@10,0.0
q257776,R@100,1.0
q257777,nDCG@10,0.0
q257777,R@100,0.0
q257778,nDCG@10,0.0
q257778,R@100,1.0
q257779,nDCG@10,0.2890648263178879
q257779,R@100,1.0
q257780,nDCG@10,0.6309297535714575
q257780,R@100,1.0
q257781,nDCG@10,0.6309297535714575
q257781,R@100,1.0
q257782,nDCG@10,0.0
q257782,R@100,1.0
q257783,nDCG@10,1.0
q257783,R@100,1.0
q257784,nDCG@10,0.0
q257784,R@100,1.0
q257785,nDCG@10,1.0
q257785,R@100,1.0
q257786,nDCG@10,0.2890648263178879
q257786,R@100,1.0
q257787,nDCG@10,1.0
q257787,R@100,1.0
q257788,nDCG@10,1.0
q257788,R@100,1.0
q257789,nDCG@10,1.0
q257789,R@100,1.0
q257790,nDCG@10,0.0
q257790,R@100,0.0
q257791,nDCG@10,0.38685280723454163
q257791,R@100,1.0
q257792,nDCG@10,1.0
q257792,R@100,1.0
q257793,nDCG@10,0.0
q257793,R@100,1.0
q257794,nDCG@10,0.0
q257794,R@100,1.0
q257795,nDCG@10,0.0
q257795,R@100,1.0
q257796,nDCG@10,0.0
q257796,R@100,0.0
q257797,nDCG@10,1.0
q257797,R@100,1.0
q257798,nDCG@10,1.0
q257798,R@100,1.0
q257799,nDCG@10,1.0
q257799,R@100,1.0
q257800,nDCG@10,1.0
q257800,R@100,1.0
q257801,nDCG@10,0.3562071871080222
q257801,R@100,1.0
q257802,nDCG@10,0.5
q257802,R@100,1.0
q257803,nDCG@10,1.0
q257803,R@100,1.0
q257804,nDCG@10,0.6309297535714575
q257804,R@100,1.0
q257805,nDCG@10,1.0
q257805,R@100,1.0
q257806,nDCG@10,1.0
q257806,R@100,1.0
q257807,nDCG@10,1.0
q257807,R@100,1.0
q257808,nDCG@10,0.0
q257808,R@100,1.0
q257809,nDCG@10,1.0
q257809,R@100,1.0
q257810,nDCG@10,0.6309297535714575
q257810,R@100,1.0
q257811,nDCG@10,0.0
q257811,R@100,1.0
q257812,nDCG@10,1.0
q257812,R@100,1.0
q257813,nDCG@10,1.0
q257813,R@100,1.0
q257814,nDCG@10,0.6309297535714575
q257814,R@100,1.0
q257815,nDCG@10,0.0
q257815,R@100,1.0
q257816,nDCG@10,0.0
q257816,R@100,0.0
q257817,nDCG@10,1.0
q257817,R@100,1.0
q257818,nDCG@10,0.0
q257818,R@100,0.0
q257819,nDCG@10,1.0
q257819,R@100,1.0
q257820,nDCG@10,1.0
q257820,R@100,1.0
q257821,nDCG@10,0.0
q257821,R@100,0.0
q257822,nDCG@10,1.0
q257822,R@100,1.0
q257823,nDCG@10,0.6309297535714575
q257823,R@100,1.0
q257824,nDCG@10,0.0
q257824,R@100,0.0
q257825,nDCG@10,0.0
q257825,R@100,0.0
q257826,nDCG@10,0.0
q257826,R@100,0.0
q257827,nDCG@10,0.0
q257827,R@100,0.0
q257828,nDCG@10,1.0
q257828,R@100,1.0
q257829,nDCG@10,1.0
q257829,R@100,1.0
q257830,nDCG@10,1.0
q257830,R@100,1.0
q257831,nDCG@10,0.38685280723454163
q257831,R@100,1.0
q257832,nDCG@10,1.0
q257832,R@100,1.0
q257833,nDCG@10,0.0
q257833,R@100,1.0
q257834,nDCG@10,0.0
q257834,R@100,0.0
q257835,nDCG@10,0.0
q257835,R@100,1.0
q257836,nDCG@10,0.38685280723454163
q257836,R@100,1.0
q257837,nDCG@10,1.0
q257837,R@100,1.0
q257838,nDCG@10,0.6309297535714575
q257838,R@100,1.0
q257839,nDCG@10,1.0
q257839,R@100,1.0
q257840,nDCG@10,0.5
q257840,R@100,1.0
q257841,nDCG@10,0.0
q257841,R@100,1.0
q257842,nDCG@10,1.0
q257842,R@100,1.0
q257843,nDCG@10,0.0
q257843,R@100,1.0
q257844,nDCG@10,1.0
q257844,R@100,1.0
q257845,nDCG@10,1.0
q257845,R@100,1.0
q257846,nDCG@10,1.0
q257846,R@100,1.0
q257847,nDCG@10,1.0
q257847,R@100,1.0
q257848,nDCG@10,0.0
q257848,R@100,1.0
q257849,nDCG@10,0.0
q257849,R@100,1.0
q257850,nDCG@10,1.0
q257850,R@100,1.0
q257851,nDCG@10,1.0
q257851,R@100,1.0
q257852,nDCG@10,0.31546487678572877
q257852,R@100,1.0
q257853,nDCG@10,0.0
q257853,R@100,0.0
q257854,nDCG@10,0.0
q257854,R@100,0.0
q257855,nDCG@10,0.0
q257855,R@100,0.0
q257856,nDCG@10,0.0
q257856,R@100,0.0
q257857,nDCG@10,0.6309297535714575
q257857,R@100,1.0
q257858,nDCG@10,0.6309297535714575
q257858,R@100,1.0
q257859,nDCG@10,0.6309297535714575
q257859,R@100,1.0
q257860,nDCG@10,0.0
q257860,R@100,1.0
q257861,nDCG@10,1.0
q257861,R@100,1.0
q257862,nDCG@10,1.0
q257862,R@100,1.0
q257863,nDCG@10,0.0
q257863,R@100,1.0
q257864,nDCG@10,1.0
q257864,R@100,1.0
q257865,nDCG@10,0.0
q257865,R@100,0.0
q257866,nDCG@10,0.0
q257866,R@100,1.0
q257867,nDCG@10,0.0
q257867,R@100,0.0
q257868,nDCG@10,1.0
q257868,R@100,1.0
q257869,nDCG@10,0.0
q257869,R@100,1.0
q257870,nDCG@10,0.0
q257870,R@100,1.0
q257871,nDCG@10,0.5
q257871,R@100,1.0
q257872,nDCG@10,0.0
q257872,R@100,0.0
q257873,nDCG@10,0.0
q257873,R@100,1.0
q257874,nDCG@10,0.0
q257874,R@100,0.0
q257875,nDCG@10,0.0
q257875,R@100,0.0
q257876,nDCG@10,1.0
q257876,R@100,1.0
q257877,nDCG@10,0.0
q257877,R@100,0.0
q257878,nDCG@10,0.0
q257878,R@100,0.0
q257879,nDCG@10,0.0
q257879,R@100,0.0
q257880,nDCG@10,0.0
q257880,R@100,0.0
q257881,nDCG@10,0.0
q257881,R@100,0.0
q257882,nDCG@10,0.0
q257882,R@100,0.0
q257883,nDCG@10,0.0
q257883,R@100,0.0
q257884,nDCG@10,0.0
q257884,R@100,1.0
q257885,nDCG@10,0.0
q257885,R@100,0.0
q257886,nDCG@10,1.0
q257886,R@100,1.0
q257887,nDCG@10,0.0
q257887,R@100,0.0
q257888,nDCG@10,0.0
q257888,R@100,0.0
q257889,nDCG@10,0.0
q257889,R@100,0.0
q257890,nDCG@10,0.0
q257890,R@100,1.0
q257891,nDCG@10,0.0
q257891,R@100,0.0
q257892,nDCG@10,0.0
q257892,R@100,0.0
q257893,nDCG@10,0.0
q257893,R@100,1.0
q257894,nDCG@10,1.0
q257894,R@100,1.0
q257895,nDCG@10,0.0
q257895,R@100,1.0
q257896,nDCG@10,0.0
q257896,R@100,0.0
q257897,nDCG@10,0.0
q257897,R@100,1.0
q257898,nDCG@10,0.0
q257898,R@100,0.0
q257899,nDCG@10,0.2890648263178879
q257899,R@100,1.0
q257900,nDCG@10,0.0
q257900,R@100,0.0
q257901,nDCG@10,0.0
q257901,R@100,1.0
q257902,nDCG@10,0.3333333333333333
q257902,R@100,1.0
q257903,nDCG@10,0.5
q257903,R@100,1.0
q257904,nDCG@10,0.0
q257904,R@100,1.0
q257905,nDCG@10,1.0
q257905,R@100,1.0
q257906,nDCG@10,0.0
q257906,R@100,0.0
q257907,nDCG@10,0.0
q257907,R@100,0.0
q257908,nDCG@10,1.0
q257908,R@100,1.0
q257909,nDCG@10,1.0
q257909,R@100,1.0
q257910,nDCG@10,0.0
q257910,R@100,1.0
q257911,nDCG@10,1.0
q257911,R@100,1.0
q257912,nDCG@10,0.5
q257912,R@100,1.0
q257913,nDCG@10,0.0
q257913,R@100,0.0
q257914,nDCG@10,0.0
q257914,R@100,0.0
q257915,nDCG@10,0.0
q257915,R@100,1.0
q257916,nDCG@10,0.0
q257916,R@100,1.0
q257917,nDCG@10,0.0
q257917,R@100,0.0
q257918,nDCG@10,0.0
q257918,R@100,1.0
q257919,nDCG@10,0.0
q257919,R@100,0.0
q257920,nDCG@10,0.0
q257920,R@100,0.0
q257921,nDCG@10,1.0
q257921,R@100,1.0
q257922,nDCG@10,0.0
q257922,R@100,0.0
q257923,nDCG@10,0.5
q257923,R@100,1.0
q257924,nDCG@10,0.6309297535714575
q257924,R@100,1.0
q257925,nDCG@10,0.5
q257925,R@100,1.0
q257926,nDCG@10,0.6309297535714575
q257926,R@100,1.0
q257927,nDCG@10,0.43067655807339306
q257927,R@100,1.0
q257928,nDCG@10,1.0
q257928,R@100,1.0
q257929,nDCG@10,1.0
q257929,R@100,1.0
q257930,nDCG@10,1.0
q257930,R@100,1.0
q257931,nDCG@10,0.0
q257931,R@100,0.0
q257932,nDCG@10,1.0
q257932,R@100,1.0
q257933,nDCG@10,0.0
q257933,R@100,1.0
q257934,nDCG@10,0.0
q257934,R@100,0.0
q257935,nDCG@10,1.0
q257935,R@100,1.0
q257936,nDCG@10,1.0
q257936,R@100,1.0
q257937,nDCG@10,0.0
q257937,R@100,1.0
q257938,nDCG@10,0.0
q257938,R@100,0.0
q257939,nDCG@10,0.0
q257939,R@100,0.0
q257940,nDCG@10,0.6309297535714575
q257940,R@100,1.0
q257941,nDCG@10,0.0
q257941,R@100,0.0
q257942,nDCG@10,0.0
q257942,R@100,0.0
q257943,nDCG@10,0.5
q257943,R@100,1.0
q257944,nDCG@10,0.0
q257944,R@100,0.0
q257945,nDCG@10,0.0
q257945,R@100,0.0
q257946,nDCG@10,0.5
q257946,R@100,1.0
q257947,nDCG@10,0.0
q257947,R@100,0.0
q257948,nDCG@10,0.0
q257948,R@100,0.0
q257949,nDCG@10,0.5
q257949,R@100,1.0
q257950,nDCG@10,0.0
q257950,R@100,0.0
q257951,nDCG@10,1.0
q257951,R@100,1.0
q257952,nDCG@10,1.0
q257952,R@100,1.0
q257953,nDCG@10,0.3333333333333333
q257953,R@100,1.0
q257954,nDCG@10,0.0
q257954,R@100,0.0
q257955,nDCG@10,0.0
q257955,R@100,0.0
q257956,nDCG@10,0.0
q257956,R@100,0.0
q257957,nDCG@10,0.0
q257957,R@100,1.0
q257958,nDCG@10,0.0
q257958,R@100,0.0
q257959,nDCG@10,0.0
q257959,R@100,0.0
q257960,nDCG@10,0.0
q257960,R@100,0.0
q257961,nDCG@10,0.0
q257961,R@100,0.0
q257962,nDCG@10,0.0
q257962,R@100,0.0
q257963,nDCG@10,0.0
q257963,R@100,1.0
q257964,nDCG@10,0.0
q257964,R@100,1.0
q257965,nDCG@10,0.5
q257965,R@100,1.0
q257966,nDCG@10,0.0
q257966,R@100,1.0
q257967,nDCG@10,0.2890648263178879
q257967,R@100,1.0
q257968,nDCG@10,0.0
q257968,R@100,1.0
q257969,nDCG@10,1.0
q257969,R@100,1.0
q257970,nDCG@10,1.0
q257970,R@100,1.0
q257971,nDCG@10,0.0
q257971,R@100,0.0
q257972,nDCG@10,0.0
q257972,R@100,0.0
q257973,nDCG@10,0.2890648263178879
q257973,R@100,1.0
q257974,nDCG@10,1.0
q257974,R@100,1.0
q257975,nDCG@10,0.0
q257975,R@100,1.0
q257976,nDCG@10,0.5
q257976,R@100,1.0
q257977,nDCG@10,0.0
q257977,R@100,0.0
q257978,nDCG@10,0.0
q257978,R@100,0.0
q257979,nDCG@10,0.0
q257979,R@100,1.0
q257980,nDCG@10,0.0
q257980,R@100,0.0
q257981,nDCG@10,0.0
q257981,R@100,0.0
q257982,nDCG@10,0.0
q257982,R@100,0.0
q257983,nDCG@10,0.0
q257983,R@100,1.0
q257984,nDCG@10,0.0
q257984,R@100,0.0
q257985,nDCG@10,1.0
q257985,R@100,1.0
q257986,nDCG@10,0.0
q257986,R@100,1.0
q257987,nDCG@10,0.0
q257987,R@100,0.0
q257988,nDCG@10,0.0
q257988,R@100,0.0
q257989,nDCG@10,0.0
q257989,R@100,0.0
q257990,nDCG@10,0.0
q257990,R@100,0.0
q257991,nDCG@10,0.0
q257991,R@100,1.0
q257992,nDCG@10,0.0
q257992,R@100,0.0
q257993,nDCG@10,0.0
q257993,R@100,0.0
q257994,nDCG@10,0.0
q257994,R@100,1.0
q257995,nDCG@10,0.0
q257995,R@100,0.0
q257996,nDCG@10,0.6309297535714575
q257996,R@100,1.0
q257997,nDCG@10,0.38685280723454163
q257997,R@100,1.0
q257998,nDCG@10,1.0
q257998,R@100,1.0
q257999,nDCG@10,1.0
q257999,R@100,1.0
q258000,nDCG@10,1.0
q258000,R@100,1.0
q258001,nDCG@10,0.0
q258001,R@100,1.0
q258002,nDCG@10,0.6309297535714575
q258002,R@100,1.0
q258003,nDCG@10,1.0
q258003,R@100,1.0
q258004,nDCG@10,1.0
q258004,R@100,1.0
q258005,nDCG@10,0.0
q258005,R@100,0.0
q258006,nDCG@10,0.6309297535714575
q258006,R@100,1.0
q258007,nDCG@10,0.0
q258007,R@100,1.0
q258008,nDCG@10,0.0
q258008,R@100,0.0
q258009,nDCG@10,1.0
q258009,R@100,1.0
q258010,nDCG@10,0.0
q258010,R@100,0.0
q258011,nDCG@10,0.0
q258011,R@100,0.0
q258012,nDCG@10,0.3562071871080222
q258012,R@100,1.0
q258013,nDCG@10,0.0
q258013,R@100,0.0
q258014,nDCG@10,0.6309297535714575
q258014,R@100,1.0
q258015,nDCG@10,0.0
q258015,R@100,1.0
q258016,nDCG@10,1.0
q258016,R@100,1.0
q258017,nDCG@10,1.0
q258017,R@100,1.0
q258018,nDCG@10,0.43067655807339306
q258018,R@100,1.0
q258019,nDCG@10,0.0
q258019,R@100,1.0
q258020,nDCG@10,0.0
q258020,R@100,0.0
q258021,nDCG@10,0.0
q258021,R@100,0.0
q258022,nDCG@10,0.5
q258022,R@100,1.0
q258023,nDCG@10,1.0
q258023,R@100,1.0
q258024,nDCG@10,0.38685280723454163
q258024,R@100,1.0
q258025,nDCG@10,0.0
q258025,R@100,1.0
q258026,nDCG@10,0.0
q258026,R@100,0.0
q258027,nDCG@10,1.0
q258027,R@100,1.0
q258028,nDCG@10,1.0
q258028,R@100,1.0
q258029,nDCG@10,0.0
q258029,R@100,0.0
q258030,nDCG@10,0.0
q258030,R@100,0.0
q258031,nDCG@10,0.43067655807339306
q258031,R@100,1.0
q258032,nDCG@10,0.38685280723454163
q258032,R@100,1.0
q258033,nDCG@10,0.0
q258033,R@100,1.0
q258034,nDCG@10,0.0
q258034,R@100,1.0
q258035,nDCG@10,0.0
q258035,R@100,1.0
q258036,nDCG@10,1.0
q258036,R@100,1.0
q258037,nDCG@10,0.0
q258037,R@100,0.0
q258038,nDCG@10,0.0
q258038,R@100,1.0
q258039,nDCG@10,0.0
q258039,R@100,0.0
q258040,nDCG@10,1.0
q258040,R@100,1.0
q258041,nDCG@10,1.0
q258041,R@100,1.0
q258042,nDCG@10,0.0
q258042,R@100,0.0
q258043,nDCG@10,0.0
q258043,R@100,0.0
q258044,nDCG@10,0.0
q258044,R@100,0.0
q258045,nDCG@10,0.0
q258045,R@100,0.0
q258046,nDCG@10,0.0
q258046,R@100,0.0
q258047,nDCG@10,0.31546487678572877
q258047,R@100,1.0
q258048,nDCG@10,0.0
q258048,R@100,0.0
q258049,nDCG@10,0.0
q258049,R@100,0.0
q258050,nDCG@10,0.0
q258050,R@100,0.0
q258051,nDCG@10,0.0
q258051,R@100,0.0
q258052,nDCG@10,0.0
q258052,R@100,0.0
q258053,nDCG@10,0.43067655807339306
q258053,R@100,1.0
q258054,nDCG@10,0.0
q258054,R@100,0.0
q258055,nDCG@10,0.0
q258055,R@100,0.0
q258056,nDCG@10,0.0
q258056,R@100,0.0
q258057,nDCG@10,0.43067655807339306
q258057,R@100,1.0
q258058,nDCG@10,0.0
q258058,R@100,0.0
q258059,nDCG@10,0.0
q258059,R@100,1.0
q258060,nDCG@10,0.0
q258060,R@100,0.0
q258061,nDCG@10,0.38685280723454163
q258061,R@100,1.0
q258062,nDCG@10,0.0
q258062,R@100,1.0
q258063,nDCG@10,1.0
q258063,R@100,1.0
q258064,nDCG@10,0.6309297535714575
q258064,R@100,1.0
q258065,nDCG@10,1.0
q258065,R@100,1.0
q258066,nDCG@10,1.0
q258066,R@100,1.0
q258067,nDCG@10,1.0
q258067,R@100,1.0
q258068,nDCG@10,0.6309297535714575
q258068,R@100,1.0
q258069,nDCG@10,0.43067655807339306
q258069,R@100,1.0
q258070,nDCG@10,1.0
q258070,R@100,1.0
q258071,nDCG@10,0.0
q258071,R@100,1.0
q258072,nDCG@10,0.0
q258072,R@100,1.0
q258073,nDCG@10,1.0
q258073,R@100,1.0
q258074,nDCG@10,1.0
q258074,R@100,1.0
q258075,nDCG@10,1.0
q258075,R@100,1.0
q258076,nDCG@10,1.0
q258076,R@100,1.0
q258077,nDCG@10,0.0
q258077,R@100,1.0
q258078,nDCG@10,0.0
q258078,R@100,1.0
q258079,nDCG@10,0.0
q258079,R@100,0.0
q258080,nDCG@10,0.0
q258080,R@100,0.0
q258081,nDCG@10,1.0
q258081,R@100,1.0
q258082,nDCG@10,1.0
q258082,R@100,1.0
q258083,nDCG@10,1.0
q258083,R@100,1.0
q258084,nDCG@10,0.0
q258084,R@100,0.0
q258085,nDCG@10,1.0
q258085,R@100,1.0
q258086,nDCG@10,0.0
q258086,R@100,1.0
q258087,nDCG@10,1.0
q258087,R@100,1.0
q258088,nDCG@10,1.0
q258088,R@100,1.0
q258089,nDCG@10,1.0
q258089,R@100,1.0
q258090,nDCG@10,0.0
q258090,R@100,1.0
q258091,nDCG@10,0.5
q258091,R@100,1.0
q258092,nDCG@10,0.0
q258092,R@100,0.0
q258093,nDCG@10,0.0
q258093,R@100,0.0
q258094,nDCG@10,1.0
q258094,R@100,1.0
q258095,nDCG@10,0.6309297535714575
q258095,R@100,1.0
q258096,nDCG@10,0.0
q258096,R@100,0.0
q258097,nDCG@10,0.0
q258097,R@100,1.0
q258098,nDCG@10,0.0
q258098,R@100,0.0
q258099,nDCG@10,1.0
q258099,R@100,1.0
q258100,nDCG@10,0.0
q258100,R@100,0.0
q258101,nDCG@10,0.3562071871080222
q258101,R@100,1.0
q258102,nDCG@10,0.0
q258102,R@100,1.0
q258103,nDCG@10,0.0
q258103,R@100,0.0
q258104,nDCG@10,0.0
q258104,R@100,0.0
q258105,nDCG@10,0.0
q258105,R@100,0.0
q258106,nDCG@10,0.0
q258106,R@100,0.0
q258107,nDCG@10,0.0
q258107,R@100,0.0
q258108,nDCG@10,0.0
q258108,R@100,0.0
q258109,nDCG@10,0.0
q258109,R@100,0.0
q258110,nDCG@10,0.0
q258110,R@100,1.0
q258111,nDCG@10,0.0
q258111,R@100,1.0
q258112,nDCG@10,0.0
q258112,R@100,0.0
q258113,nDCG@10,0.5
q258113,R@100,1.0
q258114,nDCG@10,1.0
q258114,R@100,1.0
q258115,nDCG@10,1.0
q258115,R@100,1.0
q258116,nDCG@10,0.0
q258116,R@100,1.0
q258117,nDCG@10,1.0
q258117,R@100,1.0
q258118,nDCG@10,0.0
q258118,R@100,0.0
q258119,nDCG@10,1.0
q258119,R@100,1.0
q258120,nDCG@10,0.0
q258120,R@100,0.0
q258121,nDCG@10,0.0
q258121,R@100,1.0
q258122,nDCG@10,0.0
q258122,R@100,1.0
q258123,nDCG@10,0.2890648263178879
q258123,R@100,1.0
q258124,nDCG@10,0.0
q258124,R@100,0.0
q258125,nDCG@10,1.0
q258125,R@100,1.0
q258126,nDCG@10,0.5
q258126,R@100,1.0
q258127,nDCG@10,0.0
q258127,R@100,0.0
q258128,nDCG@10,0.0
q258128,R@100,0.0
q258129,nDCG@10,0.0
q258129,R@100,0.0
q258130,nDCG@10,0.0
q258130,R@100,1.0
q258131,nDCG@10,0.0
q258131,R@100,1.0
q258132,nDCG@10,0.0
q258132,R@100,0.0
q258133,nDCG@10,0.3333333333333333
q258133,R@100,1.0
q258134,nDCG@10,1.0
q258134,R@100,1.0
q258135,nDCG@10,0.0
q258135,R@100,1.0
q258136,nDCG@10,0.0
q258136,R@100,0.0
q258137,nDCG@10,0.0
q258137,R@100,0.0
q258138,nDCG@10,0.0
q258138,R@100,0.0
q258139,nDCG@10,1.0
q258139,R@100,1.0
q258140,nDCG@10,0.0
q258140,R@100,0.0
q258141,nDCG@10,0.0
q258141,R@100,0.0
q258142,nDCG@10,0.0
q258142,R@100,0.0
q258143,nDCG@10,1.0
q258143,R@100,1.0
q258144,nDCG@10,0.0
q258144,R@100,0.0
q258145,nDCG@10,0.0
q258145,R@100,1.0
q258146,nDCG@10,0.0
q258146,R@100,0.0
q258147,nDCG@10,0.0
q258147,R@100,0.0
q258148,nDCG@10,1.0
q258148,R@100,1.0
q258149,nDCG@10,0.0
q258149,R@100,0.0
q258150,nDCG@10,0.0
q258150,R@100,0.0
q258151,nDCG@10,0.0
q258151,R@100,0.0
q258152,nDCG@10,0.0
q258152,R@100,0.0
q258153,nDCG@10,0.0
q258153,R@100,0.0
q258154,nDCG@10,0.0
q258154,R@100,0.0
q258155,nDCG@10,0.0
q258155,R@100,0.0
q258156,nDCG@10,0.0
q258156,R@100,0.0
q258157,nDCG@10,0.38685280723454163
q258157,R@100,1.0
q258158,nDCG@10,1.0
q258158,R@100,1.0
q258159,nDCG@10,0.0
q258159,R@100,0.0
q258160,nDCG@10,0.0
q258160,R@100,0.0
q258161,nDCG@10,0.0
q258161,R@100,0.0
q258162,nDCG@10,0.0
q258162,R@100,0.0
q258163,nDCG@10,0.0
q258163,R@100,0.0
q258164,nDCG@10,1.0
q258164,R@100,1.0
q258165,nDCG@10,0.0
q258165,R@100,1.0
q258166,nDCG@10,1.0
q258166,R@100,1.0
q258167,nDCG@10,1.0
q258167,R@100,1.0
q258168,nDCG@10,1.0
q258168,R@100,1.0
q258169,nDCG@10,1.0
q258169,R@100,1.0
q258170,nDCG@10,1.0
q258170,R@100,1.0
q258171,nDCG@10,0.0
q258171,R@100,1.0
q258172,nDCG@10,0.6309297535714575
q258172,R@100,1.0
q258173,nDCG@10,1.0
q258173,R@100,1.0
q258174,nDCG@10,0.43067655807339306
q258174,R@100,1.0
q258175,nDCG@10,0.0
q258175,R@100,0.0
q258176,nDCG@10,0.0
q258176,R@100,1.0
q258177,nDCG@10,0.0
q258177,R@100,0.0
q258178,nDCG@10,0.6309297535714575
q258178,R@100,1.0
q258179,nDCG@10,0.6309297535714575
q258179,R@100,1.0
q258180,nDCG@10,0.0
q258180,R@100,0.0
q258181,nDCG@10,0.0
q258181,R@100,1.0
q258182,nDCG@10,0.0
q258182,R@100,1.0
q258183,nDCG@10,0.0
q258183,R@100,0.0
q258184,nDCG@10,0.38685280723454163
q258184,R@100,1.0
q258185,nDCG@10,0.6309297535714575
q258185,R@100,1.0
q258186,nDCG@10,1.0
q258186,R@100,1.0
q258187,nDCG@10,0.6309297535714575
q258187,R@100,1.0
q258188,nDCG@10,1.0
q258188,R@100,1.0
q258189,nDCG@10,1.0
q258189,R@100,1.0
q258190,nDCG@10,0.0
q258190,R@100,0.0
q258191,nDCG@10,0.0
q258191,R@100,1.0
q258192,nDCG@10,1.0
q258192,R@100,1.0
q258193,nDCG@10,1.0
q258193,R@100,1.0
q258194,nDCG@10,0.38685280723454163
q258194,R@100,1.0
q258195,nDCG@10,0.0
q258195,R@100,1.0
q258196,nDCG@10,0.3010299956639812
q258196,R@100,1.0
q258197,nDCG@10,0.6309297535714575
q258197,R@100,1.0
q258198,nDCG@10,0.0
q258198,R@100,1.0
q258199,nDCG@10,1.0
q258199,R@100,1.0
q258200,nDCG@10,1.0
q258200,R@100,1.0
q258201,nDCG@10,1.0
q258201,R@100,1.0
q258202,nDCG@10,0.5
q258202,R@100,1.0
q258203,nDCG@10,0.3010299956639812
q258203,R@100,1.0
q258204,nDCG@10,1.0
q258204,R@100,1.0
q258205,nDCG@10,0.0
q258205,R@100,1.0
q258206,nDCG@10,0.38685280723454163
q258206,R@100,1.0
q258207,nDCG@10,0.5
q258207,R@100,1.0
q258208,nDCG@10,1.0
q258208,R@100,1.0
q258209,nDCG@10,0.0
q258209,R@100,1.0
q258210,nDCG@10,1.0
q258210,R@100,1.0
q258211,nDCG@10,1.0
q258211,R@100,1.0
q258212,nDCG@10,0.0
q258212,R@100,1.0
q258213,nDCG@10,0.0
q258213,R@100,1.0
q258214,nDCG@10,0.38685280723454163
q258214,R@100,1.0
q258215,nDCG@10,1.0
q258215,R@100,1.0
q258216,nDCG@10,0.0
q258216,R@100,0.0
q258217,nDCG@10,0.0
q258217,R@100,1.0
q258218,nDCG@10,1.0
q258218,R@100,1.0
q258219,nDCG@10,0.0
q258219,R@100,0.0
q258220,nDCG@10,0.0
q258220,R@100,1.0
q258221,nDCG@10,0.6309297535714575
q258221,R@100,1.0
q258222,nDCG@10,0.6309297535714575
q258222,R@100,1.0
q258223,nDCG@10,1.0
q258223,R@100,1.0
q258224,nDCG@10,1.0
q258224,R@100,1.0
q258225,nDCG@10,1.0
q258225,R@100,1.0
q258226,nDCG@10,0.38685280723454163
q258226,R@100,1.0
q258227,nDCG@10,1.0
q258227,R@100,1.0
q258228,nDCG@10,0.6309297535714575
q258228,R@100,1.0
q258229,nDCG@10,0.3562071871080222
q258229,R@100,1.0
q258230,nDCG@10,0.5
q258230,R@100,1.0
q258231,nDCG@10,1.0
q258231,R@100,1.0
q258232,nDCG@10,0.3333333333333333
q258232,R@100,1.0
q258233,nDCG@10,0.6309297535714575
q258233,R@100,1.0
q258234,nDCG@10,0.5
q258234,R@100,1.0
q258235,nDCG@10,0.6309297535714575
q258235,R@100,1.0
q258236,nDCG@10,1.0
q258236,R@100,1.0
q258237,nDCG@10,0.0
q258237,R@100,0.0
q258238,nDCG@10,0.0
q258238,R@100,0.0
q258239,nDCG@10,0.0
q258239,R@100,1.0
q258240,nDCG@10,0.3010299956639812
q258240,R@100,1.0
q258241,nDCG@10,0.0
q258241,R@100,1.0
q258242,nDCG@10,0.0
q258242,R@100,0.0
q258243,nDCG@10,0.0
q258243,R@100,1.0
q258244,nDCG@10,0.3562071871080222
q258244,R@100,1.0
q258245,nDCG@10,0.3010299956639812
q258245,R@100,1.0
q258246,nDCG@10,0.31546487678572877
q258246,R@100,1.0
q258247,nDCG@10,0.5
q258247,R@100,1.0
q258248,nDCG@10,0.6309297535714575
q258248,R@100,1.0
q258249,nDCG@10,0.5
q258249,R@100,1.0
q258250,nDCG@10,1.0
q258250,R@100,1.0
q258251,nDCG@10,0.43067655807339306
q258251,R@100,1.0
q258252,nDCG@10,0.31546487678572877
q258252,R@100,1.0
q258253,nDCG@10,0.3333333333333333
q258253,R@100,1.0
q258254,nDCG@10,0.3333333333333333
q258254,R@100,1.0
q258255,nDCG@10,0.3562071871080222
q258255,R@100,1.0
q258256,nDCG@10,0.0
q258256,R@100,1.0
q258257,nDCG@10,0.0
q258257,R@100,1.0
q258258,nDCG@10,1.0
q258258,R@100,1.0
q258259,nDCG@10,0.5
q258259,R@100,1.0
q258260,nDCG@10,0.6309297535714575
q258260,R@100,1.0
q258261,nDCG@10,0.6309297535714575
q258261,R@100,1.0
q258262,nDCG@10,0.5
q258262,R@100,1.0
q258263,nDCG@10,1.0
q258263,R@100,1.0
q258264,nDCG@10,0.6309297535714575
q258264,R@100,1.0
q258265,nDCG@10,0.0
q258265,R@100,1.0
q258266,nDCG@10,1.0
q258266,R@100,1.0
q258267,nDCG@10,0.0
q258267,R@100,1.0
q258268,nDCG@10,1.0
q258268,R@100,1.0
q258269,nDCG@10,0.0
q258269,R@100,1.0
q258270,nDCG@10,0.0
q258270,R@100,1.0
q258271,nDCG@10,0.43067655807339306
q258271,R@100,1.0
q258272,nDCG@10,1.0
q258272,R@100,1.0
q258273,nDCG@10,0.6309297535714575
q258273,R@100,1.0
q258274,nDCG@10,1.0
q258274,R@100,1.0
q258275,nDCG@10,1.0
q258275,R@100,1.0
q258276,nDCG@10,0.0
q258276,R@100,0.0
q258277,nDCG@10,0.0
q258277,R@100,1.0
q258278,nDCG@10,0.0
q258278,R@100,0.0
q258279,nDCG@10,0.0
q258279,R@100,0.0
q258280,nDCG@10,1.0
q258280,R@100,1.0
q258281,nDCG@10,1.0
q258281,R@100,1.0
q258282,nDCG@10,1.0
q258282,R@100,1.0
q258283,nDCG@10,0.3333333333333333
q258283,R@100,1.0
q258284,nDCG@10,0.5
q258284,R@100,1.0
q258285,nDCG@10,0.0
q258285,R@100,0.0
q258286,nDCG@10,0.38685280723454163
q258286,R@100,1.0
q258287,nDCG@10,0.0
q258287,R@100,0.0
q258288,nDCG@10,0.6309297535714575
q258288,R@100,1.0
q258289,nDCG@10,1.0
q258289,R@100,1.0
q258290,nDCG@10,1.0
q258290,R@100,1.0
q258291,nDCG@10,0.0
q258291,R@100,1.0
q258292,nDCG@10,0.0
q258292,R@100,0.0
q258293,nDCG@10,0.0
q258293,R@100,0.0
q258294,nDCG@10,1.0
q258294,R@100,1.0
q258295,nDCG@10,0.0
q258295,R@100,0.0
q258296,nDCG@10,1.0
q258296,R@100,1.0
q258297,nDCG@10,0.5
q258297,R@100,1.0
q258298,nDCG@10,1.0
q258298,R@100,1.0
q258299,nDCG@10,0.6309297535714575
q258299,R@100,1.0
q258300,nDCG@10,0.0
q258300,R@100,1.0
q258301,nDCG@10,0.0
q258301,R@100,0.0
q258302,nDCG@10,1.0
q258302,R@100,1.0
q258303,nDCG@10,0.38685280723454163
q258303,R@100,1.0
q258304,nDCG@10,1.0
q258304,R@100,1.0
q258305,nDCG@10,0.6309297535714575
q258305,R@100,1.0
q258306,nDCG@10,0.3010299956639812
q258306,R@100,1.0
q258307,nDCG@10,1.0
q258307,R@100,1.0
q258308,nDCG@10,1.0
q258308,R@100,1.0
q258309,nDCG@10,0.0
q258309,R@100,0.0
q258310,nDCG@10,1.0
q258310,R@100,1.0
q258311,nDCG@10,0.0
q258311,R@100,1.0
q258312,nDCG@10,1.0
q258312,R@100,1.0
q258313,nDCG@10,1.0
q258313,R@100,1.0
q258314,nDCG@10,0.0
q258314,R@100,1.0
q258315,nDCG@10,1.0
q258315,R@100,1.0
q258316,nDCG@10,0.0
q258316,R@100,1.0
q258317,nDCG@10,0.0
q258317,R@100,1.0
q258318,nDCG@10,0.5
q258318,R@100,1.0
q258319,nDCG@10,0.0
q258319,R@100,0.0
q258320,nDCG@10,0.3010299956639812
q258320,R@100,1.0
q258321,nDCG@10,0.0
q258321,R@100,0.0
q258322,nDCG@10,0.0
q258322,R@100,0.0
q258323,nDCG@10,0.0
q258323,R@100,0.0
q258324,nDCG@10,0.0
q258324,R@100,0.0
q258325,nDCG@10,0.0
q258325,R@100,1.0
q258326,nDCG@10,1.0
q258326,R@100,1.0
q258327,nDCG@10,1.0
q258327,R@100,1.0
q258328,nDCG@10,1.0
q258328,R@100,1.0
q258329,nDCG@10,0.0
q258329,R@100,0.0
q258330,nDCG@10,0.0
q258330,R@100,0.0
q258331,nDCG@10,1.0
q258331,R@100,1.0
q258332,nDCG@10,1.0
q258332,R@100,1.0
q258333,nDCG@10,1.0
q258333,R@100,1.0
q258334,nDCG@10,0.6309297535714575
q258334,R@100,1.0
q258335,nDCG@10,0.0
q258335,R@100,0.0
q258336,nDCG@10,0.0
q258336,R@100,0.0
q258337,nDCG@10,0.3333333333333333
q258337,R@100,1.0
q258338,nDCG@10,0.0
q258338,R@100,0.0
q258339,nDCG@10,1.0
q258339,R@100,1.0
q258340,nDCG@10,0.0
q258340,R@100,0.0
q258341,nDCG@10,0.0
q258341,R@100,0.0
q258342,nDCG@10,0.0
q258342,R@100,0.0
q258343,nDCG@10,0.0
q258343,R@100,0.0
q258344,nDCG@10,0.0
q258344,R@100,0.0
q258345,nDCG@10,0.6309297535714575
q258345,R@100,1.0
q258346,nDCG@10,0.0
q258346,R@100,0.0
q258347,nDCG@10,0.0
q258347,R@100,1.0
q258348,nDCG@10,1.0
q258348,R@100,1.0
q258349,nDCG@10,0.0
q258349,R@100,0.0
q258350,nDCG@10,0.0
q258350,R@100,0.0
q258351,nDCG@10,0.0
q258351,R@100,1.0
q258352,nDCG@10,0.6309297535714575
q258352,R@100,1.0
q258353,nDCG@10,0.0
q258353,R@100,0.0
q258354,nDCG@10,0.0
q258354,R@100,0.0
q258355,nDCG@10,0.0
q258355,R@100,0.0
q258356,nDCG@10,0.0
q258356,R@100,0.0
q258357,nDCG@10,0.3562071871080222
q258357,R@100,1.0
q258358,nDCG@10,0.5
q258358,R@100,1.0
q258359,nDCG@10,1.0
q258359,R@100,1.0
q258360,nDCG@10,0.0
q258360,R@100,0.0
q258361,nDCG@10,0.0
q258361,R@100,0.0
q258362,nDCG@10,1.0
q258362,R@100,1.0
q258363,nDCG@10,1.0
q258363,R@100,1.0
q258364,nDCG@10,1.0
q258364,R@100,1.0
q258365,nDCG@10,1.0
q258365,R@100,1.0
q258366,nDCG@10,1.0
q258366,R@100,1.0
q258367,nDCG@10,0.0
q258367,R@100,0.0
q258368,nDCG@10,1.0
q258368,R@100,1.0
q258369,nDCG@10,0.6309297535714575
q258369,R@100,1.0
q258370,nDCG@10,1.0
q258370,R@100,1.0
q258371,nDCG@10,0.43067655807339306
q258371,R@100,1.0
q258372,nDCG@10,0.38685280723454163
q258372,R@100,1.0
q258373,nDCG@10,1.0
q258373,R@100,1.0
q258374,nDCG@10,1.0
q258374,R@100,1.0
q258375,nDCG@10,0.0
q258375,R@100,1.0
q258376,nDCG@10,1.0
q258376,R@100,1.0
q258377,nDCG@10,1.0
q258377,R@100,1.0
q258378,nDCG@10,0.0
q258378,R@100,0.0
q258379,nDCG@10,1.0
q258379,R@100,1.0
q258380,nDCG@10,1.0
q258380,R@100,1.0
q258381,nDCG@10,1.0
q258381,R@100,1.0
q258382,nDCG@10,1.0
q258382,R@100,1.0
q258383,nDCG@10,1.0
q258383,R@100,1.0
q258384,nDCG@10,0.0
q258384,R@100,1.0
q258385,nDCG@10,0.0
q258385,R@100,1.0
q258386,nDCG@10,1.0
q258386,R@100,1.0
q258387,nDCG@10,1.0
q258387,R@100,1.0
q258388,nDCG@10,0.0
q258388,R@100,1.0
q258389,nDCG@10,0.5
q258389,R@100,1.0
q258390,nDCG@10,0.2890648263178879
q258390,R@100,1.0
q258391,nDCG@10,1.0
q258391,R@100,1.0
q258392,nDCG@10,1.0
q258392,R@100,1.0
q258393,nDCG@10,0.0
q258393,R@100,0.0
q258394,nDCG@10,1.0
q258394,R@100,1.0
q258395,nDCG@10,1.0
q258395,R@100,1.0
q258396,nDCG@10,0.5
q258396,R@100,1.0
q258397,nDCG@10,0.3562071871080222
q258397,R@100,1.0
q258398,nDCG@10,0.43067655807339306
q258398,R@100,1.0
q258399,nDCG@10,1.0
q258399,R@100,1.0
q258400,nDCG@10,1.0
q258400,R@100,1.0
q258401,nDCG@10,1.0
q258401,R@100,1.0
q258402,nDCG@10,0.5
q258402,R@100,1.0
q258403,nDCG@10,0.0
q258403,R@100,1.0
q258404,nDCG@10,1.0
q258404,R@100,1.0
q258405,nDCG@10,0.6309297535714575
q258405,R@100,1.0
q258406,nDCG@10,0.38685280723454163
q258406,R@100,1.0
q258407,nDCG@10,0.0
q258407,R@100,0.0
q258408,nDCG@10,0.0
q258408,R@100,0.0
q258409,nDCG@10,0.3333333333333333
q258409,R@100,1.0
q258410,nDCG@10,0.5
q258410,R@100,1.0
q258411,nDCG@10,0.0
q258411,R@100,1.0
q258412,nDCG@10,0.38685280723454163
q258412,R@100,1.0
q258413,nDCG@10,0.0
q258413,R@100,0.0
q258414,nDCG@10,0.0
q258414,R@100,0.0
q258415,nDCG@10,0.6309297535714575
q258415,R@100,1.0
q258416,nDCG@10,0.0
q258416,R@100,1.0
q258417,nDCG@10,0.6309297535714575
q258417,R@100,1.0
q258418,nDCG@10,0.5
q258418,R@100,1.0
q258419,nDCG@10,0.0
q258419,R@100,0.0
q258420,nDCG@10,0.0
q258420,R@100,1.0
q258421,nDCG@10,0.0
q258421,R@100,1.0
q258422,nDCG@10,0.0
q258422,R@100,0.0
q258423,nDCG@10,1.0
q258423,R@100,1.0
q258424,nDCG@10,0.6309297535714575
q258424,R@100,1.0
q258425,nDCG@10,1.0
q258425,R@100,1.0
q258426,nDCG@10,0.0
q258426,R@100,1.0
q258427,nDCG@10,0.43067655807339306
q258427,R@100,1.0
q258428,nDCG@10,1.0
q258428,R@100,1.0
q258429,nDCG@10,1.0
q258429,R@100,1.0
q258430,nDCG@10,1.0
q258430,R@100,1.0
q258431,nDCG@10,1.0
q258431,R@100,1.0
q258432,nDCG@10,1.0
q258432,R@100,1.0
q258433,nDCG@10,1.0
q258433,R@100,1.0
q258434,nDCG@10,0.38685280723454163
q258434,R@100,1.0
q258435,nDCG@10,1.0
q258435,R@100,1.0
q258436,nDCG@10,0.0
q258436,R@100,0.0
q258437,nDCG@10,0.43067655807339306
q258437,R@100,1.0
q258438,nDCG@10,1.0
q258438,R@100,1.0
q258439,nDCG@10,0.6309297535714575
q258439,R@100,1.0
q258440,nDCG@10,0.6309297535714575
q258440,R@100,1.0
q258441,nDCG@10,0.6309297535714575
q258441,R@100,1.0
q258442,nDCG@10,1.0
q258442,R@100,1.0
q258443,nDCG@10,0.43067655807339306
q258443,R@100,1.0
q258444,nDCG@10,1.0
q258444,R@100,1.0
q258445,nDCG@10,1.0
q258445,R@100,1.0
q258446,nDCG@10,0.5
q258446,R@100,1.0
q258447,nDCG@10,1.0
q258447,R@100,1.0
q258448,nDCG@10,0.31546487678572877
q258448,R@100,1.0
q258449,nDCG@10,1.0
q258449,R@100,1.0
q258450,nDCG@10,1.0
q258450,R@100,1.0
q258451,nDCG@10,1.0
q258451,R@100,1.0
q258452,nDCG@10,1.0
q258452,R@100,1.0
q258453,nDCG@10,0.43067655807339306
q258453,R@100,1.0
q258454,nDCG@10,0.0
q258454,R@100,1.0
q258455,nDCG@10,1.0
q258455,R@100,1.0
q258456,nDCG@10,0.3010299956639812
q258456,R@100,1.0
q258457,nDCG@10,1.0
q258457,R@100,1.0
q258458,nDCG@10,0.38685280723454163
q258458,R@100,1.0
q258459,nDCG@10,1.0
q258459,R@100,1.0
q258460,nDCG@10,0.0
q258460,R@100,0.0
q258461,nDCG@10,0.6309297535714575
q258461,R@100,1.0
q258462,nDCG@10,1.0
q258462,R@100,1.0
q258463,nDCG@10,0.0
q258463,R@100,0.0
q258464,nDCG@10,1.0
q258464,R@100,1.0
q258465,nDCG@10,1.0
q258465,R@100,1.0
q258466,nDCG@10,1.0
q258466,R@100,1.0
q258467,nDCG@10,1.0
q258467,R@100,1.0
q258468,nDCG@10,1.0
q258468,R@100,1.0
q258469,nDCG@10,1.0
q258469,R@100,1.0
q258470,nDCG@10,1.0
q258470,R@100,1.0
q258471,nDCG@10,0.0
q258471,R@100,1.0
q258472,nDCG@10,0.0
q258472,R@100,1.0
q258473,nDCG@10,0.0
q258473,R@100,0.0
q258474,nDCG@10,0.0
q258474,R@100,0.0
q258475,nDCG@10,1.0
q258475,R@100,1.0
q258476,nDCG@10,0.0
q258476,R@100,0.0
q258477,nDCG@10,0.0
q258477,R@100,0.0
q258478,nDCG@10,1.0
q258478,R@100,1.0
q258479,nDCG@10,0.0
q258479,R@100,0.0
q258480,nDCG@10,0.0
q258480,R@100,0.0
q258481,nDCG@10,1.0
q258481,R@100,1.0
q258482,nDCG@10,0.0
q258482,R@100,1.0
q258483,nDCG@10,0.0
q258483,R@100,0.0
q258484,nDCG@10,1.0
q258484,R@100,1.0
q258485,nDCG@10,0.38685280723454163
q258485,R@100,1.0
q258486,nDCG@10,0.0
q258486,R@100,0.0
q258487,nDCG@10,0.6309297535714575
q258487,R@100,1.0
q258488,nDCG@10,0.6309297535714575
q258488,R@100,1.0
q258489,nDCG@10,0.6309297535714575
q258489,R@100,1.0
q258490,nDCG@10,1.0
q258490,R@100,1.0
q258491,nDCG@10,0.2890648263178879
q258491,R@100,1.0
q258492,nDCG@10,1.0
q258492,R@100,1.0
q258493,nDCG@10,0.0
q258493,R@100,0.0
q258494,nDCG@10,1.0
q258494,R@100,1.0
q258495,nDCG@10,0.0
q258495,R@100,1.0
q258496,nDCG@10,0.0
q258496,R@100,0.0
q258497,nDCG@10,0.43067655807339306
q258497,R@100,1.0
q258498,nDCG@10,0.0
q258498,R@100,1.0
q258499,nDCG@10,0.5
q258499,R@100,1.0
q258500,nDCG@10,0.0
q258500,R@100,1.0
q258501,nDCG@10,0.0
q258501,R@100,0.0
q258502,nDCG@10,0.0
q258502,R@100,0.0
q258503,nDCG@10,0.0
q258503,R@100,0.0
q258504,nDCG@10,0.2890648263178879
q258504,R@100,1.0
q258505,nDCG@10,0.0
q258505,R@100,1.0
q258506,nDCG@10,0.0
q258506,R@100,0.0
q258507,nDCG@10,0.0
q258507,R@100,1.0
q258508,nDCG@10,0.0
q258508,R@100,1.0
q258509,nDCG@10,1.0
q258509,R@100,1.0
q258510,nDCG@10,0.0
q258510,R@100,0.0
q258511,nDCG@10,1.0
q258511,R@100,1.0
q258512,nDCG@10,0.0
q258512,R@100,1.0
q258513,nDCG@10,0.0
q258513,R@100,0.0
q258514,nDCG@10,0.0
q258514,R@100,0.0
q258515,nDCG@10,0.31546487678572877
q258515,R@100,1.0
q258516,nDCG@10,0.0
q258516,R@100,0.0
q258517,nDCG@10,0.5
q258517,R@100,1.0
q258518,nDCG@10,0.3333333333333333
q258518,R@100,1.0
q258519,nDCG@10,0.0
q258519,R@100,0.0
q258520,nDCG@10,0.0
q258520,R@100,1.0
q258521,nDCG@10,0.0
q258521,R@100,1.0
q258522,nDCG@10,0.0
q258522,R@100,1.0
q258523,nDCG@10,0.0
q258523,R@100,0.0
q258524,nDCG@10,1.0
q258524,R@100,1.0
q258525,nDCG@10,0.0
q258525,R@100,1.0
q258526,nDCG@10,0.0
q258526,R@100,1.0
q258527,nDCG@10,1.0
q258527,R@100,1.0
q258528,nDCG@10,0.0
q258528,R@100,1.0
q258529,nDCG@10,1.0
q258529,R@100,1.0
q258530,nDCG@10,0.6309297535714575
q258530,R@100,1.0
q258531,nDCG@10,1.0
q258531,R@100,1.0
q258532,nDCG@10,0.0
q258532,R@100,1.0
q258533,nDCG@10,0.0
q258533,R@100,0.0
q258534,nDCG@10,0.0
q258534,R@100,0.0
q258535,nDCG@10,0.38685280723454163
q258535,R@100,1.0
q258536,nDCG@10,0.0
q258536,R@100,1.0
q258537,nDCG@10,0.0
q258537,R@100,0.0
q258538,nDCG@10,0.0
q258538,R@100,0.0
q258539,nDCG@10,1.0
q258539,R@100,1.0
q258540,nDCG@10,1.0
q258540,R@100,1.0
q258541,nDCG@10,0.2890648263178879
q258541,R@100,1.0
q258542,nDCG@10,0.0
q258542,R@100,0.0
q258543,nDCG@10,0.31546487678572877
q258543,R@100,1.0
q258544,nDCG@10,0.0
q258544,R@100,0.0
q258545,nDCG@10,0.3562071871080222
q258545,R@100,1.0
q258546,nDCG@10,0.0
q258546,R@100,0.0
q258547,nDCG@10,0.0
q258547,R@100,0.0
q258548,nDCG@10,0.0
q258548,R@100,0.0
q258549,nDCG@10,0.0
q258549,R@100,0.0
q258550,nDCG@10,0.0
q258550,R@100,1.0
q258551,nDCG@10,0.0
q258551,R@100,0.0
q258552,nDCG@10,0.43067655807339306
q258552,R@100,1.0
q258553,nDCG@10,0.0
q258553,R@100,1.0
q258554,nDCG@10,0.0
q258554,R@100,1.0
q258555,nDCG@10,1.0
q258555,R@100,1.0
q258556,nDCG@10,0.0
q258556,R@100,1.0
q258557,nDCG@10,0.0
q258557,R@100,0.0
q258558,nDCG@10,0.5
q258558,R@100,1.0
q258559,nDCG@10,1.0
q258559,R@100,1.0
q258560,nDCG@10,0.0
q258560,R@100,0.0
q258561,nDCG@10,1.0
q258561,R@100,1.0
q258562,nDCG@10,1.0
q258562,R@100,1.0
q258563,nDCG@10,0.6309297535714575
q258563,R@100,1.0
q258564,nDCG@10,0.0
q258564,R@100,0.0
q258565,nDCG@10,0.0
q258565,R@100,0.0
q258566,nDCG@10,0.0
q258566,R@100,0.0
q258567,nDCG@10,0.38685280723454163
q258567,R@100,1.0
q258568,nDCG@10,1.0
q258568,R@100,1.0
q258569,nDCG@10,0.6309297535714575
q258569,R@100,1.0
q258570,nDCG@10,1.0
q258570,R@100,1.0
q258571,nDCG@10,0.0
q258571,R@100,1.0
q258572,nDCG@10,0.0
q258572,R@100,1.0
q258573,nDCG@10,0.0
q258573,R@100,1.0
q258574,nDCG@10,0.43067655807339306
q258574,R@100,1.0
q258575,nDCG@10,0.0
q258575,R@100,0.0
q258576,nDCG@10,0.0
q258576,R@100,0.0
q258577,nDCG@10,0.0
q258577,R@100,1.0
q258578,nDCG@10,0.38685280723454163
q258578,R@100,1.0
q258579,nDCG@10,0.3562071871080222
q258579,R@100,1.0
q258580,nDCG@10,0.0
q258580,R@100,0.0
q258581,nDCG@10,0.38685280723454163
q258581,R@100,1.0
q258582,nDCG@10,0.38685280723454163
q258582,R@100,1.0
q258583,nDCG@10,0.43067655807339306
q258583,R@100,1.0
q258584,nDCG@10,0.0
q258584,R@100,1.0
q258585,nDCG@10,1.0
q258585,R@100,1.0
q258586,nDCG@10,0.5
q258586,R@100,1.0
q258587,nDCG@10,1.0
q258587,R@100,1.0
q258588,nDCG@10,0.38685280723454163
q258588,R@100,1.0
q258589,nDCG@10,0.5
q258589,R@100,1.0
q258590,nDCG@10,1.0
q258590,R@100,1.0
q258591,nDCG@10,0.5
q258591,R@100,1.0
q258592,nDCG@10,0.0
q258592,R@100,0.0
q258593,nDCG@10,1.0
q258593,R@100,1.0
q258594,nDCG@10,0.0
q258594,R@100,0.0
q258595,nDCG@10,0.6309297535714575
q258595,R@100,1.0
q258596,nDCG@10,0.0
q258596,R@100,0.0
q258597,nDCG@10,1.0
q258597,R@100,1.0
q258598,nDCG@10,0.0
q258598,R@100,0.0
q258599,nDCG@10,0.0
q258599,R@100,0.0
q258600,nDCG@10,0.31546487678572877
q258600,R@100,1.0
q258601,nDCG@10,0.0
q258601,R@100,0.0
q258602,nDCG@10,0.0
q258602,R@100,0.0
q258603,nDCG@10,1.0
q258603,R@100,1.0
q258604,nDCG@10,0.3562071871080222
q258604,R@100,1.0
q258605,nDCG@10,0.6309297535714575
q258605,R@100,1.0
q258606,nDCG@10,0.0
q258606,R@100,0.0
q258607,nDCG@10,0.0
q258607,R@100,0.0
q258608,nDCG@10,0.0
q258608,R@100,1.0
q258609,nDCG@10,0.0
q258609,R@100,0.0
q258610,nDCG@10,0.0
q258610,R@100,0.0
q258611,nDCG@10,0.0
q258611,R@100,0.0
q258612,nDCG@10,0.0
q258612,R@100,1.0
q258613,nDCG@10,0.6309297535714575
q258613,R@100,1.0
q258614,nDCG@10,1.0
q258614,R@100,1.0
q258615,nDCG@10,0.0
q258615,R@100,0.0
q258616,nDCG@10,0.0
q258616,R@100,1.0
q258617,nDCG@10,0.0
q258617,R@100,1.0
q258618,nDCG@10,0.0
q258618,R@100,0.0
q258619,nDCG@10,0.0
q258619,R@100,0.0
q258620,nDCG@10,0.0
q258620,R@100,1.0
q258621,nDCG@10,0.6309297535714575
q258621,R@100,1.0
q258622,nDCG@10,0.0
q258622,R@100,0.0
q258623,nDCG@10,0.0
q258623,R@100,1.0
q258624,nDCG@10,0.0
q258624,R@100,0.0
q258625,nDCG@10,0.0
q258625,R@100,1.0
q258626,nDCG@10,1.0
q258626,R@100,1.0
q258627,nDCG@10,0.0
q258627,R@100,0.0
q258628,nDCG@10,0.43067655807339306
q258628,R@100,1.0
q258629,nDCG@10,0.43067655807339306
q258629,R@100,1.0
q258630,nDCG@10,0.38685280723454163
q258630,R@100,1.0
q258631,nDCG@10,0.0
q258631,R@100,0.0
q258632,nDCG@10,1.0
q258632,R@100,1.0
q258633,nDCG@10,0.0
q258633,R@100,0.0
q258634,nDCG@10,1.0
q258634,R@100,1.0
q258635,nDCG@10,0.0
q258635,R@100,0.0
q258636,nDCG@10,0.0
q258636,R@100,0.0
q258637,nDCG@10,0.0
q258637,R@100,0.0
q258638,nDCG@10,0.0
q258638,R@100,1.0
q258639,nDCG@10,0.0
q258639,R@100,0.0
q258640,nDCG@10,0.0
q258640,R@100,1.0
q258641,nDCG@10,1.0
q258641,R@100,1.0
q258642,nDCG@10,0.0
q258642,R@100,0.0
q258643,nDCG@10,1.0
q258643,R@100,1.0
q258644,nDCG@10,0.6309297535714575
q258644,R@100,1.0
q258645,nDCG@10,1.0
q258645,R@100,1.0
q258646,nDCG@10,1.0
q258646,R@100,1.0
q258647,nDCG@10,1.0
q258647,R@100,1.0
q258648,nDCG@10,0.3333333333333333
q258648,R@100,1.0
q258649,nDCG@10,0.0
q258649,R@100,0.0
q258650,nDCG@10,0.0
q258650,R@100,0.0
q258651,nDCG@10,0.0
q258651,R@100,0.0
q258652,nDCG@10,1.0
q258652,R@100,1.0
q258653,nDCG@10,1.0
q258653,R@100,1.0
q258654,nDCG@10,1.0
q258654,R@100,1.0
q258655,nDCG@10,0.5
q258655,R@100,1.0
q258656,nDCG@10,0.5
q258656,R@100,1.0
q258657,nDCG@10,0.0
q258657,R@100,0.0
q258658,nDCG@10,1.0
q258658,R@100,1.0
q258659,nDCG@10,0.0
q258659,R@100,1.0
q258660,nDCG@10,0.0
q258660,R@100,1.0
q258661,nDCG@10,0.0
q258661,R@100,1.0
q258662,nDCG@10,0.43067655807339306
q258662,R@100,1.0
q258663,nDCG@10,0.5
q258663,R@100,1.0
q258664,nDCG@10,0.0
q258664,R@100,0.0
q258665,nDCG@10,0.0
q258665,R@100,0.0
q258666,nDCG@10,0.0
q258666,R@100,1.0
q258667,nDCG@10,0.5
q258667,R@100,1.0
q258668,nDCG@10,0.0
q258668,R@100,0.0
q258669,nDCG@10,0.0
q258669,R@100,1.0
q258670,nDCG@10,0.6309297535714575
q258670,R@100,1.0
q258671,nDCG@10,0.6309297535714575
q258671,R@100,1.0
q258672,nDCG@10,0.0
q258672,R@100,0.0
q258673,nDCG@10,0.38685280723454163
q258673,R@100,1.0
q258674,nDCG@10,0.6309297535714575
q258674,R@100,1.0
q258675,nDCG@10,0.0
q258675,R@100,1.0
q258676,nDCG@10,0.5
q258676,R@100,1.0
q258677,nDCG@10,0.0
q258677,R@100,0.0
q258678,nDCG@10,0.0
q258678,R@100,1.0
q258679,nDCG@10,0.0
q258679,R@100,1.0
q258680,nDCG@10,0.0
q258680,R@100,1.0
q258681,nDCG@10,0.0
q258681,R@100,1.0
q258682,nDCG@10,0.0
q258682,R@100,0.0
q258683,nDCG@10,1.0
q258683,R@100,1.0
q258684,nDCG@10,1.0
q258684,R@100,1.0
q258685,nDCG@10,1.0
q258685,R@100,1.0
q258686,nDCG@10,0.0
q258686,R@100,0.0
q258687,nDCG@10,1.0
q258687,R@100,1.0
q258688,nDCG@10,0.0
q258688,R@100,0.0
q258689,nDCG@10,0.0
q258689,R@100,1.0
q258690,nDCG@10,0.0
q258690,R@100,0.0
q258691,nDCG@10,0.0
q258691,R@100,0.0
q258692,nDCG@10,1.0
q258692,R@100,1.0
q258693,nDCG@10,1.0
q258693,R@100,1.0
q258694,nDCG@10,0.0
q258694,R@100,0.0
q258695,nDCG@10,1.0
q258695,R@100,1.0
q258696,nDCG@10,0.0
q258696,R@100,1.0
q258697,nDCG@10,1.0
q258697,R@100,1.0
q258698,nDCG@10,0.0
q258698,R@100,0.0
q258699,nDCG@10,0.0
q258699,R@100,0.0
q258700,nDCG@10,0.0
q258700,R@100,0.0
q258701,nDCG@10,0.0
q258701,R@100,1.0
q258702,nDCG@10,0.0
q258702,R@100,0.0
q258703,nDCG@10,1.0
q258703,R@100,1.0
q258704,nDCG@10,0.5
q258704,R@100,1.0
q258705,nDCG@10,1.0
q258705,R@100,1.0
q258706,nDCG@10,1.0
q258706,R@100,1.0
q258707,nDCG@10,0.0
q258707,R@100,1.0
q258708,nDCG@10,1.0
q258708,R@100,1.0
q258709,nDCG@10,1.0
q258709,R@100,1.0
q258710,nDCG@10,1.0
q258710,R@100,1.0
q258711,nDCG@10,1.0
q258711,R@100,1.0
q258712,nDCG@10,0.0
q258712,R@100,0.0
q258713,nDCG@10,1.0
q258713,R@100,1.0
q258714,nDCG@10,0.6309297535714575
q258714,R@100,1.0
q258715,nDCG@10,0.5
q258715,R@100,1.0
q258716,nDCG@10,0.0
q258716,R@100,1.0
q258717,nDCG@10,0.0
q258717,R@100,0.0
q258718,nDCG@10,0.0
q258718,R@100,1.0
q258719,nDCG@10,1.0
q258719,R@100,1.0
q258720,nDCG@10,0.3333333333333333
q258720,R@100,1.0
q258721,nDCG@10,0.5
q258721,R@100,1.0
q258722,nDCG@10,0.31546487678572877
q258722,R@100,1.0
q258723,nDCG@10,0.5
q258723,R@100,1.0
q258724,nDCG@10,0.38685280723454163
q258724,R@100,1.0
q258725,nDCG@10,0.0
q258725,R@100,0.0
q258726,nDCG@10,1.0
q258726,R@100,1.0
q258727,nDCG@10,0.3333333333333333
q258727,R@100,1.0
q258728,nDCG@10,0.5
q258728,R@100,1.0
q258729,nDCG@10,0.0
q258729,R@100,0.0
q258730,nDCG@10,0.0
q258730,R@100,1.0
q258731,nDCG@10,1.0
q258731,R@100,1.0
q258732,nDCG@10,0.0
q258732,R@100,1.0
q258733,nDCG@10,0.0
q258733,R@100,0.0
q258734,nDCG@10,1.0
q258734,R@100,1.0
q258735,nDCG@10,0.3562071871080222
q258735,R@100,1.0
q258736,nDCG@10,1.0
q258736,R@100,1.0
q258737,nDCG@10,0.0
q258737,R@100,0.0
q258738,nDCG@10,0.0
q258738,R@100,0.0
q258739,nDCG@10,0.6309297535714575
q258739,R@100,1.0
q258740,nDCG@10,0.0
q258740,R@100,1.0
q258741,nDCG@10,1.0
q258741,R@100,1.0
q258742,nDCG@10,0.0
q258742,R@100,0.0
q258743,nDCG@10,1.0
q258743,R@100,1.0
q258744,nDCG@10,1.0
q258744,R@100,1.0
q258745,nDCG@10,0.5
q258745,R@100,1.0
q258746,nDCG@10,0.0
q258746,R@100,0.0
q258747,nDCG@10,1.0
q258747,R@100,1.0
q258748,nDCG@10,0.0
q258748,R@100,0.0
q258749,nDCG@10,0.0
q258749,R@100,1.0
q258750,nDCG@10,0.0
q258750,R@100,1.0
q258751,nDCG@10,1.0
q258751,R@100,1.0
q258752,nDCG@10,1.0
q258752,R@100,1.0
q258753,nDCG@10,0.0
q258753,R@100,1.0
q258754,nDCG@10,1.0
q258754,R@100,1.0
q258755,nDCG@10,1.0
q258755,R@100,1.0
q258756,nDCG@10,0.0
q258756,R@100,1.0
q258757,nDCG@10,0.0
q258757,R@100,0.0
q258758,nDCG@10,0.0
q258758,R@100,0.0
q258759,nDCG@10,0.0
q258759,R@100,0.0
q258760,nDCG@10,0.0
q258760,R@100,0.0
q258761,nDCG@10,0.0
q258761,R@100,0.0
q258762,nDCG@10,0.38685280723454163
q258762,R@100,1.0
q258763,nDCG@10,0.0
q258763,R@100,1.0
q258764,nDCG@10,0.0
q258764,R@100,0.0
q258765,nDCG@10,0.6309297535714575
q258765,R@100,1.0
q258766,nDCG@10,0.0
q258766,R@100,1.0
q258767,nDCG@10,1.0
q258767,R@100,1.0
q258768,nDCG@10,0.0
q258768,R@100,0.0
q258769,nDCG@10,0.0
q258769,R@100,0.0
q258770,nDCG@10,0.0
q258770,R@100,0.0
q258771,nDCG@10,1.0
q258771,R@100,1.0
q258772,nDCG@10,0.0
q258772,R@100,0.0
q258773,nDCG@10,1.0
q258773,R@100,1.0
q258774,nDCG@10,0.0
q258774,R@100,1.0
q258775,nDCG@10,0.0
q258775,R@100,0.0
q258776,nDCG@10,1.0
q258776,R@100,1.0
q258777,nDCG@10,1.0
q258777,R@100,1.0
q258778,nDCG@10,0.0
q258778,R@100,0.0
q258779,nDCG@10,0.0
q258779,R@100,1.0
q258780,nDCG@10,0.0
q258780,R@100,1.0
q258781,nDCG@10,1.0
q258781,R@100,1.0
q258782,nDCG@10,1.0
q258782,R@100,1.0
q258783,nDCG@10,0.6309297535714575
q258783,R@100,1.0
q258784,nDCG@10,0.0
q258784,R@100,1.0
q258785,nDCG@10,0.0
q258785,R@100,1.0
q258786,nDCG@10,0.0
q258786,R@100,1.0
q258787,nDCG@10,0.0
q258787,R@100,1.0
q258788,nDCG@10,0.0
q258788,R@100,0.0
q258789,nDCG@10,0.3562071871080222
q258789,R@100,1.0
q258790,nDCG@10,0.5
q258790,R@100,1.0
q258791,nDCG@10,1.0
q258791,R@100,1.0
q258792,nDCG@10,0.6309297535714575
q258792,R@100,1.0
q258793,nDCG@10,0.0
q258793,R@100,0.0
q258794,nDCG@10,0.0
q258794,R@100,0.0
q258795,nDCG@10,0.0
q258795,R@100,1.0
q258796,nDCG@10,1.0
q258796,R@100,1.0
q258797,nDCG@10,0.43067655807339306
q258797,R@100,1.0
q258798,nDCG@10,0.0
q258798,R@100,0.0
q258799,nDCG@10,0.43067655807339306
q258799,R@100,1.0
q258800,nDCG@10,0.0
q258800,R@100,0.0
q258801,nDCG@10,0.0
q258801,R@100,0.0
q258802,nDCG@10,0.0
q258802,R@100,0.0
q258803,nDCG@10,0.0
q258803,R@100,0.0
q258804,nDCG@10,0.38685280723454163
q258804,R@100,1.0
q258805,nDCG@10,0.0
q258805,R@100,0.0
q258806,nDCG@10,0.43067655807339306
q258806,R@100,1.0
q258807,nDCG@10,0.0
q258807,R@100,0.0
q258808,nDCG@10,0.0
q258808,R@100,0.0
q258809,nDCG@10,0.0
q258809,R@100,0.0
q258810,nDCG@10,0.0
q258810,R@100,1.0
q258811,nDCG@10,0.0
q258811,R@100,0.0
q258812,nDCG@10,1.0
q258812,R@100,1.0
q258813,nDCG@10,0.3562071871080222
q258813,R@100,1.0
q258814,nDCG@10,1.0
q258814,R@100,1.0
q258815,nDCG@10,0.0
q258815,R@100,0.0
q258816,nDCG@10,0.0
q258816,R@100,1.0
q258817,nDCG@10,1.0
q258817,R@100,1.0
q258818,nDCG@10,0.0
q258818,R@100,0.0
q258819,nDCG@10,0.38685280723454163
q258819,R@100,1.0
q258820,nDCG@10,0.0
q258820,R@100,0.0
q258821,nDCG@10,1.0
q258821,R@100,1.0
q258822,nDCG@10,1.0
q258822,R@100,1.0
q258823,nDCG@10,0.0
q258823,R@100,1.0
q258824,nDCG@10,1.0
q258824,R@100,1.0
q258825,nDCG@10,0.0
q258825,R@100,0.0
q258826,nDCG@10,0.0
q258826,R@100,1.0
q258827,nDCG@10,0.0
q258827,R@100,0.0
q258828,nDCG@10,0.0
q258828,R@100,0.0
q258829,nDCG@10,0.0
q258829,R@100,0.0
q258830,nDCG@10,0.6309297535714575
q258830,R@100,1.0
q258831,nDCG@10,0.0
q258831,R@100,0.0
q258832,nDCG@10,0.0
q258832,R@100,0.0
q258833,nDCG@10,0.0
q258833,R@100,0.0
q258834,nDCG@10,0.0
q258834,R@100,0.0
q258835,nDCG@10,0.0
q258835,R@100,0.0
q258836,nDCG@10,0.0
q258836,R@100,0.0
q258837,nDCG@10,0.0
q258837,R@100,0.0
q258838,nDCG@10,0.2890648263178879
q258838,R@100,1.0
q258839,nDCG@10,0.0
q258839,R@100,0.0
q258840,nDCG@10,0.0
q258840,R@100,0.0
q258841,nDCG@10,0.0
q258841,R@100,0.0
q258842,nDCG@10,0.6309297535714575
q258842,R@100,1.0
q258843,nDCG@10,0.0
q258843,R@100,0.0
q258844,nDCG@10,1.0
q258844,R@100,1.0
q258845,nDCG@10,0.38685280723454163
q258845,R@100,1.0
q258846,nDCG@10,1.0
q258846,R@100,1.0
q258847,nDCG@10,1.0
q258847,R@100,1.0
q258848,nDCG@10,0.6309297535714575
q258848,R@100,1.0
q258849,nDCG@10,0.6309297535714575
q258849,R@100,1.0
q258850,nDCG@10,0.0
q258850,R@100,0.0
q258851,nDCG@10,0.2890648263178879
q258851,R@100,1.0
q258852,nDCG@10,1.0
q258852,R@100,1.0
q258853,nDCG@10,1.0
q258853,R@100,1.0
q258854,nDCG@10,1.0
q258854,R@100,1.0
q258855,nDCG@10,0.0
q258855,R@100,0.0
q258856,nDCG@10,0.0
q258856,R@100,1.0
q258857,nDCG@10,1.0
q258857,R@100,1.0
q258858,nDCG@10,0.6309297535714575
q258858,R@100,1.0
q258859,nDCG@10,1.0
q258859,R@100,1.0
q258860,nDCG@10,1.0
q258860,R@100,1.0
q258861,nDCG@10,1.0
q258861,R@100,1.0
q258862,nDCG@10,1.0
q258862,R@100,1.0
q258863,nDCG@10,0.0
q258863,R@100,1.0
q258864,nDCG@10,1.0
q258864,R@100,1.0
q258865,nDCG@10,1.0
q258865,R@100,1.0
q258866,nDCG@10,1.0
q258866,R@100,1.0
q258867,nDCG@10,1.0
q258867,R@100,1.0
q258868,nDCG@10,1.0
q258868,R@100,1.0
q258869,nDCG@10,1.0
q258869,R@100,1.0
q258870,nDCG@10,1.0
q258870,R@100,1.0
q258871,nDCG@10,1.0
q258871,R@100,1.0
q258872,nDCG@10,0.0
q258872,R@100,0.0
q258873,nDCG@10,1.0
q258873,R@100,1.0
q258874,nDCG@10,1.0
q258874,R@100,1.0
q258875,nDCG@10,1.0
q258875,R@100,1.0
q258876,nDCG@10,1.0
q258876,R@100,1.0
q258877,nDCG@10,1.0
q258877,R@100,1.0
q258878,nDCG@10,1.0
q258878,R@100,1.0
q258879,nDCG@10,0.0
q258879,R@100,0.0
q258880,nDCG@10,0.0
q258880,R@100,1.0
q258881,nDCG@10,0.43067655807339306
q258881,R@100,1.0
q258882,nDCG@10,0.0
q258882,R@100,1.0
q258883,nDCG@10,0.0
q258883,R@100,1.0
q258884,nDCG@10,0.0
q258884,R@100,1.0
q258885,nDCG@10,1.0
q258885,R@100,1.0
q258886,nDCG@10,0.0
q258886,R@100,0.0
q258887,nDCG@10,0.2890648263178879
q258887,R@100,1.0
q258888,nDCG@10,1.0
q258888,R@100,1.0
q258889,nDCG@10,0.43067655807339306
q258889,R@100,1.0
q258890,nDCG@10,0.5
q258890,R@100,1.0
q258891,nDCG@10,1.0
q258891,R@100,1.0
q258892,nDCG@10,1.0
q258892,R@100,1.0
q258893,nDCG@10,1.0
q258893,R@100,1.0
q258894,nDCG@10,0.0
q258894,R@100,0.0
q258895,nDCG@10,0.5
q258895,R@100,1.0
q258896,nDCG@10,0.0
q258896,R@100,1.0
q258897,nDCG@10,0.3333333333333333
q258897,R@100,1.0
q258898,nDCG@10,0.6309297535714575
q258898,R@100,1.0
q258899,nDCG@10,0.5
q258899,R@100,1.0
q258900,nDCG@10,0.0
q258900,R@100,1.0
q258901,nDCG@10,0.5
q258901,R@100,1.0
q258902,nDCG@10,0.31546487678572877
q258902,R@100,1.0
q258903,nDCG@10,0.5
q258903,R@100,1.0
q258904,nDCG@10,0.0
q258904,R@100,0.0
q258905,nDCG@10,1.0
q258905,R@100,1.0
q258906,nDCG@10,0.0
q258906,R@100,1.0
q258907,nDCG@10,1.0
q258907,R@100,1.0
q258908,nDCG@10,1.0
q258908,R@100,1.0
q258909,nDCG@10,1.0
q258909,R@100,1.0
q258910,nDCG@10,1.0
q258910,R@100,1.0
q258911,nDCG@10,1.0
q258911,R@100,1.0
q258912,nDCG@10,1.0
q258912,R@100,1.0
q258913,nDCG@10,1.0
q258913,R@100,1.0
q258914,nDCG@10,0.38685280723454163
q258914,R@100,1.0
q258915,nDCG@10,1.0
q258915,R@100,1.0
q258916,nDCG@10,1.0
q258916,R@100,1.0
q258917,nDCG@10,0.0
q258917,R@100,1.0
q258918,nDCG@10,1.0
q258918,R@100,1.0
q258919,nDCG@10,1.0
q258919,R@100,1.0
q258920,nDCG@10,0.0
q258920,R@100,0.0
q258921,nDCG@10,0.0
q258921,R@100,0.0
q258922,nDCG@10,1.0
q258922,R@100,1.0
q258923,nDCG@10,1.0
q258923,R@100,1.0
q258924,nDCG@10,0.0
q258924,R@100,1.0
q258925,nDCG@10,1.0
q258925,R@100,1.0
q258926,nDCG@10,0.0
q258926,R@100,0.0
q258927,nDCG@10,0.0
q258927,R@100,1.0
q258928,nDCG@10,0.0
q258928,R@100,0.0
q258929,nDCG@10,0.0
q258929,R@100,1.0
q258930,nDCG@10,0.5
q258930,R@100,1.0
q258931,nDCG@10,0.0
q258931,R@100,0.0
q258932,nDCG@10,0.3333333333333333
q258932,R@100,1.0
q258933,nDCG@10,1.0
q258933,R@100,1.0
q258934,nDCG@10,0.6309297535714575
q258934,R@100,1.0
q258935,nDCG@10,1.0
q258935,R@100,1.0
q258936,nDCG@10,1.0
q258936,R@100,1.0
q258937,nDCG@10,1.0
q258937,R@100,1.0
q258938,nDCG@10,0.3333333333333333
q258938,R@100,1.0
q258939,nDCG@10,1.0
q258939,R@100,1.0
q258940,nDCG@10,0.6309297535714575
q258940,R@100,1.0
q258941,nDCG@10,0.5
q258941,R@100,1.0
q258942,nDCG@10,0.6309297535714575
q258942,R@100,1.0
q258943,nDCG@10,0.5
q258943,R@100,1.0
q258944,nDCG@10,1.0
q258944,R@100,1.0
q258945,nDCG@10,1.0
q258945,R@100,1.0
q258946,nDCG@10,1.0
q258946,R@100,1.0
q258947,nDCG@10,0.0
q258947,R@100,1.0
q258948,nDCG@10,1.0
q258948,R@100,1.0
q258949,nDCG@10,1.0
q258949,R@100,1.0
q258950,nDCG@10,0.0
q258950,R@100,1.0
q258951,nDCG@10,0.0
q258951,R@100,0.0
q258952,nDCG@10,0.3010299956639812
q258952,R@100,1.0
q258953,nDCG@10,0.0
q258953,R@100,0.0
q258954,nDCG@10,0.0
q258954,R@100,0.0
q258955,nDCG@10,0.0
q258955,R@100,1.0
q258956,nDCG@10,0.0
q258956,R@100,1.0
q258957,nDCG@10,1.0
q258957,R@100,1.0
q258958,nDCG@10,0.6309297535714575
q258958,R@100,1.0
q258959,nDCG@10,0.0
q258959,R@100,1.0
q258960,nDCG@10,0.6309297535714575
q258960,R@100,1.0
q258961,nDCG@10,0.0
q258961,R@100,0.0
q258962,nDCG@10,1.0
q258962,R@100,1.0
q258963,nDCG@10,1.0
q258963,R@100,1.0
q258964,nDCG@10,0.6309297535714575
q258964,R@100,1.0
q258965,nDCG@10,0.0
q258965,R@100,0.0
q258966,nDCG@10,0.0
q258966,R@100,0.0
q258967,nDCG@10,0.0
q258967,R@100,0.0
q258968,nDCG@10,1.0
q258968,R@100,1.0
q258969,nDCG@10,0.5
q258969,R@100,1.0
q258970,nDCG@10,1.0
q258970,R@100,1.0
q258971,nDCG@10,0.0
q258971,R@100,0.0
q258972,nDCG@10,0.0
q258972,R@100,1.0
q258973,nDCG@10,0.0
q258973,R@100,0.0
q258974,nDCG@10,0.0
q258974,R@100,0.0
q258975,nDCG@10,0.0
q258975,R@100,0.0
q258976,nDCG@10,0.0
q258976,R@100,0.0
q258977,nDCG@10,0.0
q258977,R@100,0.0
q258978,nDCG@10,0.0
q258978,R@100,0.0
q258979,nDCG@10,0.0
q258979,R@100,0.0
q258980,nDCG@10,0.0
q258980,R@100,0.0
q258981,nDCG@10,0.0
q258981,R@100,0.0
q258982,nDCG@10,0.5
q258982,R@100,1.0
q258983,nDCG@10,0.0
q258983,R@100,0.0
q258984,nDCG@10,0.0
q258984,R@100,0.0
q258985,nDCG@10,0.6309297535714575
q258985,R@100,1.0
q258986,nDCG@10,0.0
q258986,R@100,0.0
q258987,nDCG@10,0.0
q258987,R@100,0.0
q258988,nDCG@10,0.38685280723454163
q258988,R@100,1.0
q258989,nDCG@10,1.0
q258989,R@100,1.0
q258990,nDCG@10,1.0
q258990,R@100,1.0
q258991,nDCG@10,1.0
q258991,R@100,1.0
q258992,nDCG@10,1.0
q258992,R@100,1.0
q258993,nDCG@10,1.0
q258993,R@100,1.0
q258994,nDCG@10,1.0
q258994,R@100,1.0
q258995,nDCG@10,1.0
q258995,R@100,1.0
q258996,nDCG@10,1.0
q258996,R@100,1.0
q258997,nDCG@10,1.0
q258997,R@100,1.0
q258998,nDCG@10,1.0
q258998,R@100,1.0
q258999,nDCG@10,0.6309297535714575
q258999,R@100,1.0
q259000,nDCG@10,1.0
q259000,R@100,1.0
q259001,nDCG@10,1.0
q259001,R@100,1.0
q259002,nDCG@10,0.0
q259002,R@100,1.0
q259003,nDCG@10,0.6309297535714575
q259003,R@100,1.0
q259004,nDCG@10,0.0
q259004,R@100,1.0
q259005,nDCG@10,0.0
q259005,R@100,1.0
q259006,nDCG@10,0.0
q259006,R@100,1.0
q259007,nDCG@10,0.0
q259007,R@100,0.0
q259008,nDCG@10,0.0
q259008,R@100,1.0
q259009,nDCG@10,1.0
q259009,R@100,1.0
q259010,nDCG@10,1.0
q259010,R@100,1.0
q259011,nDCG@10,0.0
q259011,R@100,1.0
q259012,nDCG@10,0.0
q259012,R@100,1.0
q259013,nDCG@10,0.31546487678572877
q259013,R@100,1.0
q259014,nDCG@10,0.0
q259014,R@100,0.0
q259015,nDCG@10,0.0
q259015,R@100,0.0
q259016,nDCG@10,0.0
q259016,R@100,0.0
q259017,nDCG@10,0.0
q259017,R@100,0.0
q259018,nDCG@10,0.0
q259018,R@100,0.0
q259019,nDCG@10,0.0
q259019,R@100,0.0
q259020,nDCG@10,0.43067655807339306
q259020,R@100,1.0
q259021,nDCG@10,1.0
q259021,R@100,1.0
q259022,nDCG@10,0.0
q259022,R@100,0.0
q259023,nDCG@10,0.38685280723454163
q259023,R@100,1.0
q259024,nDCG@10,0.0
q259024,R@100,0.0
q259025,nDCG@10,0.0
q259025,R@100,1.0
q259026,nDCG@10,0.0
q259026,R@100,1.0
q259027,nDCG@10,0.31546487678572877
q259027,R@100,1.0
q259028,nDCG@10,0.0
q259028,R@100,0.0
q259029,nDCG@10,0.0
q259029,R@100,0.0
q259030,nDCG@10,1.0
q259030,R@100,1.0
q259031,nDCG@10,0.6309297535714575
q259031,R@100,1.0
q259032,nDCG@10,0.0
q259032,R@100,0.0
q259033,nDCG@10,0.6309297535714575
q259033,R@100,1.0
q259034,nDCG@10,0.43067655807339306
q259034,R@100,1.0
q259035,nDCG@10,0.0
q259035,R@100,0.0
q259036,nDCG@10,0.0
q259036,R@100,1.0
q259037,nDCG@10,0.0
q259037,R@100,0.0
q259038,nDCG@10,0.0
q259038,R@100,0.0
q259039,nDCG@10,0.0
q259039,R@100,0.0
q259040,nDCG@10,0.0
q259040,R@100,0.0
q259041,nDCG@10,1.0
q259041,R@100,1.0
q259042,nDCG@10,0.0
q259042,R@100,1.0
q259043,nDCG@10,0.31546487678572877
q259043,R@100,1.0
q259044,nDCG@10,1.0
q259044,R@100,1.0
q259045,nDCG@10,1.0
q259045,R@100,1.0
q259046,nDCG@10,0.3562071871080222
q259046,R@100,1.0
q259047,nDCG@10,0.6309297535714575
q259047,R@100,1.0
q259048,nDCG@10,0.0
q259048,R@100,0.0
q259049,nDCG@10,1.0
q259049,R@100,1.0
q259050,nDCG@10,0.0
q259050,R@100,0.0
q259051,nDCG@10,0.43067655807339306
q259051,R@100,1.0
q259052,nDCG@10,0.0
q259052,R@100,0.0
q259053,nDCG@10,0.0
q259053,R@100,1.0
q259054,nDCG@10,1.0
q259054,R@100,1.0
q259055,nDCG@10,0.0
q259055,R@100,1.0
q259056,nDCG@10,0.6309297535714575
q259056,R@100,1.0
q259057,nDCG@10,0.0
q259057,R@100,1.0
q259058,nDCG@10,0.0
q259058,R@100,1.0
q259059,nDCG@10,1.0
q259059,R@100,1.0
q259060,nDCG@10,0.0
q259060,R@100,0.0
q259061,nDCG@10,0.3333333333333333
q259061,R@100,1.0
q259062,nDCG@10,0.5
q259062,R@100,1.0
q259063,nDCG@10,0.5
q259063,R@100,1.0
q259064,nDCG@10,0.43067655807339306
q259064,R@100,1.0
q259065,nDCG@10,0.6309297535714575
q259065,R@100,1.0
q259066,nDCG@10,0.43067655807339306
q259066,R@100,1.0
q259067,nDCG@10,0.0
q259067,R@100,1.0
q259068,nDCG@10,1.0
q259068,R@100,1.0
q259069,nDCG@10,0.3010299956639812
q259069,R@100,1.0
q259070,nDCG@10,0.0
q259070,R@100,0.0
q259071,nDCG@10,0.0
q259071,R@100,1.0
q259072,nDCG@10,0.0
q259072,R@100,0.0
q259073,nDCG@10,0.0
q259073,R@100,0.0
q259074,nDCG@10,0.43067655807339306
q259074,R@100,1.0
q259075,nDCG@10,1.0
q259075,R@100,1.0
q259076,nDCG@10,0.0
q259076,R@100,0.0
q259077,nDCG@10,0.0
q259077,R@100,0.0
q259078,nDCG@10,1.0
q259078,R@100,1.0
q259079,nDCG@10,0.31546487678572877
q259079,R@100,1.0
q259080,nDCG@10,0.0
q259080,R@100,1.0
q259081,nDCG@10,0.0
q259081,R@100,0.0
q259082,nDCG@10,0.0
q259082,R@100,0.0
q259083,nDCG@10,1.0
q259083,R@100,1.0
q259084,nDCG@10,1.0
q259084,R@100,1.0
q259085,nDCG@10,1.0
q259085,R@100,1.0
q259086,nDCG@10,1.0
q259086,R@100,1.0
q259087,nDCG@10,1.0
q259087,R@100,1.0
q259088,nDCG@10,0.0
q259088,R@100,0.0
q259089,nDCG@10,0.3333333333333333
q259089,R@100,1.0
q259090,nDCG@10,0.43067655807339306
q259090,R@100,1.0
q259091,nDCG@10,0.6309297535714575
q259091,R@100,1.0
q259092,nDCG@10,0.0
q259092,R@100,1.0
q259093,nDCG@10,1.0
q259093,R@100,1.0
q259094,nDCG@10,0.0
q259094,R@100,0.0
q259095,nDCG@10,0.0
q259095,R@100,1.0
q259096,nDCG@10,1.0
q259096,R@100,1.0
q259097,nDCG@10,0.0
q259097,R@100,0.0
q259098,nDCG@10,0.0
q259098,R@100,0.0
q259099,nDCG@10,0.0
q259099,R@100,0.0
q259100,nDCG@10,0.38685280723454163
q259100,R@100,1.0
q259101,nDCG@10,1.0
q259101,R@100,1.0
q259102,nDCG@10,0.0
q259102,R@100,0.0
q259103,nDCG@10,0.6309297535714575
q259103,R@100,1.0
q259104,nDCG@10,0.43067655807339306
q259104,R@100,1.0
q259105,nDCG@10,0.6309297535714575
q259105,R@100,1.0
q259106,nDCG@10,1.0
q259106,R@100,1.0
q259107,nDCG@10,0.6309297535714575
q259107,R@100,1.0
q259108,nDCG@10,0.5
q259108,R@100,1.0
q259109,nDCG@10,0.0
q259109,R@100,0.0
q259110,nDCG@10,1.0
q259110,R@100,1.0
q259111,nDCG@10,1.0
q259111,R@100,1.0
q259112,nDCG@10,1.0
q259112,R@100,1.0
q259113,nDCG@10,1.0
q259113,R@100,1.0
q259114,nDCG@10,1.0
q259114,R@100,1.0
q259115,nDCG@10,0.0
q259115,R@100,0.0
q259116,nDCG@10,0.6309297535714575
q259116,R@100,1.0
q259117,nDCG@10,0.0
q259117,R@100,0.0
q259118,nDCG@10,0.0
q259118,R@100,1.0
q259119,nDCG@10,0.6309297535714575
q259119,R@100,1.0
q259120,nDCG@10,1.0
q259120,R@100,1.0
q259121,nDCG@10,0.0
q259121,R@100,1.0
q259122,nDCG@10,1.0
q259122,R@100,1.0
q259123,nDCG@10,0.0
q259123,R@100,0.0
q259124,nDCG@10,0.0
q259124,R@100,0.0
q259125,nDCG@10,0.0
q259125,R@100,0.0
q259126,nDCG@10,0.0
q259126,R@100,0.0
q259127,nDCG@10,0.0
q259127,R@100,0.0
q259128,nDCG@10,1.0
q259128,R@100,1.0
q259129,nDCG@10,1.0
q259129,R@100,1.0
q259130,nDCG@10,0.0
q259130,R@100,1.0
q259131,nDCG@10,0.3333333333333333
q259131,R@100,1.0
q259132,nDCG@10,1.0
q259132,R@100,1.0
q259133,nDCG@10,1.0
q259133,R@100,1.0
q259134,nDCG@10,1.0
q259134,R@100,1.0
q259135,nDCG@10,0.3010299956639812
q259135,R@100,1.0
q259136,nDCG@10,0.3333333333333333
q259136,R@100,1.0
q259137,nDCG@10,1.0
q259137,R@100,1.0
q259138,nDCG@10,1.0
q259138,R@100,1.0
q259139,nDCG@10,0.0
q259139,R@100,0.0
q259140,nDCG@10,0.0
q259140,R@100,0.0
q259141,nDCG@10,0.0
q259141,R@100,1.0
q259142,nDCG@10,1.0
q259142,R@100,1.0
q259143,nDCG@10,0.2890648263178879
q259143,R@100,1.0
q259144,nDCG@10,1.0
q259144,R@100,1.0
q259145,nDCG@10,0.0
q259145,R@100,1.0
q259146,nDCG@10,0.0
q259146,R@100,0.0
q259147,nDCG@10,0.0
q259147,R@100,0.0
q259148,nDCG@10,1.0
q259148,R@100,1.0
q259149,nDCG@10,1.0
q259149,R@100,1.0
q259150,nDCG@10,0.0
q259150,R@100,0.0
q259151,nDCG@10,0.0
q259151,R@100,0.0
q259152,nDCG@10,0.0
q259152,R@100,0.0
q259153,nDCG@10,0.0
q259153,R@100,0.0
q259154,nDCG@10,0.0
q259154,R@100,0.0
q259155,nDCG@10,0.0
q259155,R@100,0.0
q259156,nDCG@10,0.0
q259156,R@100,0.0
q259157,nDCG@10,0.0
q259157,R@100,1.0
q259158,nDCG@10,0.5
q259158,R@100,1.0
q259159,nDCG@10,0.0
q259159,R@100,0.0
q259160,nDCG@10,0.5
q259160,R@100,1.0
q259161,nDCG@10,0.0
q259161,R@100,0.0
q259162,nDCG@10,0.0
q259162,R@100,0.0
q259163,nDCG@10,0.0
q259163,R@100,0.0
q259164,nDCG@10,0.0
q259164,R@100,1.0
q259165,nDCG@10,0.31546487678572877
q259165,R@100,1.0
q259166,nDCG@10,0.0
q259166,R@100,0.0
q259167,nDCG@10,0.0
q259167,R@100,1.0
q259168,nDCG@10,1.0
q259168,R@100,1.0
q259169,nDCG@10,1.0
q259169,R@100,1.0
q259170,nDCG@10,0.0
q259170,R@100,0.0
q259171,nDCG@10,0.3333333333333333
q259171,R@100,1.0
q259172,nDCG@10,0.31546487678572877
q259172,R@100,1.0
q259173,nDCG@10,1.0
q259173,R@100,1.0
q259174,nDCG@10,0.0
q259174,R@100,0.0
q259175,nDCG@10,1.0
q259175,R@100,1.0
q259176,nDCG@10,0.6309297535714575
q259176,R@100,1.0
q259177,nDCG@10,0.3562071871080222
q259177,R@100,1.0
q259178,nDCG@10,1.0
q259178,R@100,1.0
q259179,nDCG@10,0.0
q259179,R@100,1.0
q259180,nDCG@10,0.5
q259180,R@100,1.0
q259181,nDCG@10,1.0
q259181,R@100,1.0
q259182,nDCG@10,0.0
q259182,R@100,0.0
q259183,nDCG@10,0.6309297535714575
q259183,R@100,1.0
q259184,nDCG@10,0.0
q259184,R@100,0.0
q259185,nDCG@10,1.0
q259185,R@100,1.0
q259186,nDCG@10,1.0
q259186,R@100,1.0
q259187,nDCG@10,0.0
q259187,R@100,1.0
q259188,nDCG@10,0.0
q259188,R@100,1.0
q259189,nDCG@10,0.0
q259189,R@100,1.0
q259190,nDCG@10,0.0
q259190,R@100,1.0
q259191,nDCG@10,0.0
q259191,R@100,1.0
q259192,nDCG@10,0.0
q259192,R@100,0.0
q259193,nDCG@10,0.0
q259193,R@100,0.0
q259194,nDCG@10,0.0
q259194,R@100,0.0
q259195,nDCG@10,1.0
q259195,R@100,1.0
q259196,nDCG@10,0.0
q259196,R@100,0.0
q259197,nDCG@10,0.5
q259197,R@100,1.0
q259198,nDCG@10,0.0
q259198,R@100,0.0
q259199,nDCG@10,0.5
q259199,R@100,1.0
q259200,nDCG@10,0.0
q259200,R@100,0.0
q259201,nDCG@10,0.0
q259201,R@100,0.0
q259202,nDCG@10,0.0
q259202,R@100,0.0
q259203,nDCG@10,1.0
q259203,R@100,1.0
q259204,nDCG@10,0.43067655807339306
q259204,R@100,1.0
q259205,nDCG@10,1.0
q259205,R@100,1.0
q259206,nDCG@10,1.0
q259206,R@100,1.0
q259207,nDCG@10,0.0
q259207,R@100,1.0
q259208,nDCG@10,0.0
q259208,R@100,0.0
q259209,nDCG@10,1.0
q259209,R@100,1.0
q259210,nDCG@10,0.6309297535714575
q259210,R@100,1.0
q259211,nDCG@10,0.0
q259211,R@100,1.0
q259212,nDCG@10,0.43067655807339306
q259212,R@100,1.0
q259213,nDCG@10,1.0
q259213,R@100,1.0
q259214,nDCG@10,0.3562071871080222
q259214,R@100,1.0
q259215,nDCG@10,0.0
q259215,R@100,0.0
q259216,nDCG@10,0.0
q259216,R@100,1.0
q259217,nDCG@10,1.0
q259217,R@100,1.0
q259218,nDCG@10,1.0
q259218,R@100,1.0
q259219,nDCG@10,0.0
q259219,R@100,0.0
q259220,nDCG@10,1.0
q259220,R@100,1.0
q259221,nDCG@10,0.0
q259221,R@100,0.0
q259222,nDCG@10,0.5
q259222,R@100,1.0
q259223,nDCG@10,1.0
q259223,R@100,1.0
q259224,nDCG@10,1.0
q259224,R@100,1.0
q259225,nDCG@10,0.0
q259225,R@100,1.0
q259226,nDCG@10,1.0
q259226,R@100,1.0
q259227,nDCG@10,0.38685280723454163
q259227,R@100,1.0
q259228,nDCG@10,0.0
q259228,R@100,0.0
q259229,nDCG@10,1.0
q259229,R@100,1.0
q259230,nDCG@10,1.0
q259230,R@100,1.0
q259231,nDCG@10,1.0
q259231,R@100,1.0
q259232,nDCG@10,0.0
q259232,R@100,1.0
q259233,nDCG@10,1.0
q259233,R@100,1.0
q259234,nDCG@10,0.6309297535714575
q259234,R@100,1.0
q259235,nDCG@10,0.6309297535714575
q259235,R@100,1.0
q259236,nDCG@10,1.0
q259236,R@100,1.0
q259237,nDCG@10,1.0
q259237,R@100,1.0
q259238,nDCG@10,1.0
q259238,R@100,1.0
q259239,nDCG@10,1.0
q259239,R@100,1.0
q259240,nDCG@10,0.2890648263178879
q259240,R@100,1.0
q259241,nDCG@10,0.0
q259241,R@100,1.0
q259242,nDCG@10,0.0
q259242,R@100,1.0
q259243,nDCG@10,0.6309297535714575
q259243,R@100,1.0
q259244,nDCG@10,1.0
q259244,R@100,1.0
q259245,nDCG@10,0.0
q259245,R@100,1.0
q259246,nDCG@10,0.0
q259246,R@100,0.0
q259247,nDCG@10,0.0
q259247,R@100,1.0
q259248,nDCG@10,0.0
q259248,R@100,0.0
q259249,nDCG@10,0.0
q259249,R@100,0.0
q259250,nDCG@10,0.0
q259250,R@100,0.0
q259251,nDCG@10,0.0
q259251,R@100,0.0
q259252,nDCG@10,1.0
q259252,R@100,1.0
q259253,nDCG@10,0.0
q259253,R@100,0.0
q259254,nDCG@10,0.5
q259254,R@100,1.0
q259255,nDCG@10,0.0
q259255,R@100,1.0
q259256,nDCG@10,0.0
q259256,R@100,1.0
q259257,nDCG@10,0.0
q259257,R@100,0.0
q259258,nDCG@10,0.0
q259258,R@100,1.0
q259259,nDCG@10,0.0
q259259,R@100,1.0
q259260,nDCG@10,1.0
q259260,R@100,1.0
q259261,nDCG@10,0.2890648263178879
q259261,R@100,1.0
q259262,nDCG@10,0.3562071871080222
q259262,R@100,1.0
q259263,nDCG@10,0.5
q259263,R@100,1.0
q259264,nDCG@10,0.6309297535714575
q259264,R@100,1.0
q259265,nDCG@10,0.0
q259265,R@100,0.0
q259266,nDCG@10,0.0
q259266,R@100,0.0
q259267,nDCG@10,0.0
q259267,R@100,0.0
q259268,nDCG@10,0.5
q259268,R@100,1.0
q259269,nDCG@10,0.38685280723454163
q259269,R@100,1.0
q259270,nDCG@10,1.0
q259270,R@100,1.0
q259271,nDCG@10,0.38685280723454163
q259271,R@100,1.0
q259272,nDCG@10,0.43067655807339306
q259272,R@100,1.0
q259273,nDCG@10,0.6309297535714575
q259273,R@100,1.0
q259274,nDCG@10,1.0
q259274,R@100,1.0
q259275,nDCG@10,0.0
q259275,R@100,1.0
q259276,nDCG@10,0.0
q259276,R@100,0.0
q259277,nDCG@10,0.0
q259277,R@100,0.0
q259278,nDCG@10,0.5
q259278,R@100,1.0
q259279,nDCG@10,0.0
q259279,R@100,0.0
q259280,nDCG@10,0.0
q259280,R@100,0.0
q259281,nDCG@10,0.3010299956639812
q259281,R@100,1.0
q259282,nDCG@10,0.5
q259282,R@100,1.0
q259283,nDCG@10,1.0
q259283,R@100,1.0
q259284,nDCG@10,0.6309297535714575
q259284,R@100,1.0
q259285,nDCG@10,0.0
q259285,R@100,0.0
q259286,nDCG@10,0.5
q259286,R@100,1.0
q259287,nDCG@10,0.6309297535714575
q259287,R@100,1.0
q259288,nDCG@10,0.5
q259288,R@100,1.0
q259289,nDCG@10,0.5
q259289,R@100,1.0
q259290,nDCG@10,0.5
q259290,R@100,1.0
q259291,nDCG@10,0.5
q259291,R@100,1.0
q259292,nDCG@10,0.0
q259292,R@100,1.0
q259293,nDCG@10,1.0
q259293,R@100,1.0
q259294,nDCG@10,0.6309297535714575
q259294,R@100,1.0
q259295,nDCG@10,0.0
q259295,R@100,1.0
q259296,nDCG@10,1.0
q259296,R@100,1.0
q259297,nDCG@10,0.0
q259297,R@100,0.0
q259298,nDCG@10,0.0
q259298,R@100,0.0
q259299,nDCG@10,0.0
q259299,R@100,0.0
q259300,nDCG@10,0.5
q259300,R@100,1.0
q259301,nDCG@10,0.5
q259301,R@100,1.0
q259302,nDCG@10,1.0
q259302,R@100,1.0
q259303,nDCG@10,0.0
q259303,R@100,1.0
q259304,nDCG@10,1.0
q259304,R@100,1.0
q259305,nDCG@10,0.6309297535714575
q259305,R@100,1.0
q259306,nDCG@10,1.0
q259306,R@100,1.0
q259307,nDCG@10,1.0
q259307,R@100,1.0
q259308,nDCG@10,1.0
q259308,R@100,1.0
q259309,nDCG@10,1.0
q259309,R@100,1.0
q259310,nDCG@10,0.0
q259310,R@100,0.0
q259311,nDCG@10,0.0
q259311,R@100,0.0
q259312,nDCG@10,0.6309297535714575
q259312,R@100,1.0
q259313,nDCG@10,0.0
q259313,R@100,0.0
q259314,nDCG@10,0.0
q259314,R@100,0.0
q259315,nDCG@10,0.0
q259315,R@100,0.0
q259316,nDCG@10,0.0
q259316,R@100,0.0
q259317,nDCG@10,0.0
q259317,R@100,0.0
q259318,nDCG@10,0.0
q259318,R@100,0.0
q259319,nDCG@10,0.0
q259319,R@100,0.0
q259320,nDCG@10,0.0
q259320,R@100,0.0
q259321,nDCG@10,0.0
q259321,R@100,0.0
q259322,nDCG@10,0.0
q259322,R@100,0.0
q259323,nDCG@10,0.6309297535714575
q259323,R@100,1.0
q259324,nDCG@10,0.0
q259324,R@100,0.0
q259325,nDCG@10,0.3562071871080222
q259325,R@100,1.0
q259326,nDCG@10,0.5
q259326,R@100,1.0
q259327,nDCG@10,0.0
q259327,R@100,1.0
q259328,nDCG@10,0.0
q259328,R@100,0.0
q259329,nDCG@10,0.0
q259329,R@100,0.0
q259330,nDCG@10,0.0
q259330,R@100,0.0
q259331,nDCG@10,0.6309297535714575
q259331,R@100,1.0
q259332,nDCG@10,0.6309297535714575
q259332,R@100,1.0
q259333,nDCG@10,1.0
q259333,R@100,1.0
q259334,nDCG@10,0.0
q259334,R@100,1.0
q259335,nDCG@10,0.6309297535714575
q259335,R@100,1.0
q259336,nDCG@10,0.6309297535714575
q259336,R@100,1.0
q259337,nDCG@10,0.6309297535714575
q259337,R@100,1.0
q259338,nDCG@10,0.0
q259338,R@100,0.0
q259339,nDCG@10,0.0
q259339,R@100,0.0
q259340,nDCG@10,1.0
q259340,R@100,1.0
q259341,nDCG@10,0.0
q259341,R@100,0.0
q259342,nDCG@10,1.0
q259342,R@100,1.0
q259343,nDCG@10,1.0
q259343,R@100,1.0
q259344,nDCG@10,1.0
q259344,R@100,1.0
q259345,nDCG@10,1.0
q259345,R@100,1.0
q259346,nDCG@10,0.0
q259346,R@100,0.0
q259347,nDCG@10,0.3333333333333333
q259347,R@100,1.0
q259348,nDCG@10,0.0
q259348,R@100,0.0
q259349,nDCG@10,1.0
q259349,R@100,1.0
q259350,nDCG@10,0.0
q259350,R@100,0.0
q259351,nDCG@10,0.0
q259351,R@100,1.0
q259352,nDCG@10,1.0
q259352,R@100,1.0
q259353,nDCG@10,0.6309297535714575
q259353,R@100,1.0
q259354,nDCG@10,1.0
q259354,R@100,1.0
q259355,nDCG@10,1.0
q259355,R@100,1.0
q259356,nDCG@10,0.0
q259356,R@100,0.0
q259357,nDCG@10,0.38685280723454163
q259357,R@100,1.0
q259358,nDCG@10,0.0
q259358,R@100,0.0
q259359,nDCG@10,0.0
q259359,R@100,1.0
q259360,nDCG@10,0.0
q259360,R@100,1.0
q259361,nDCG@10,1.0
q259361,R@100,1.0
q259362,nDCG@10,1.0
q259362,R@100,1.0
q259363,nDCG@10,1.0
q259363,R@100,1.0
q259364,nDCG@10,0.3333333333333333
q259364,R@100,1.0
q259365,nDCG@10,1.0
q259365,R@100,1.0
q259366,nDCG@10,1.0
q259366,R@100,1.0
q259367,nDCG@10,0.38685280723454163
q259367,R@100,1.0
q259368,nDCG@10,0.0
q259368,R@100,0.0
q259369,nDCG@10,1.0
q259369,R@100,1.0
q259370,nDCG@10,0.0
q259370,R@100,1.0
q259371,nDCG@10,0.0
q259371,R@100,1.0
q259372,nDCG@10,0.0
q259372,R@100,0.0
q259373,nDCG@10,0.5
q259373,R@100,1.0
q259374,nDCG@10,0.0
q259374,R@100,0.0
q259375,nDCG@10,0.0
q259375,R@100,0.0
q259376,nDCG@10,0.0
q259376,R@100,0.0
q259377,nDCG@10,0.0
q259377,R@100,0.0
q259378,nDCG@10,1.0
q259378,R@100,1.0
q259379,nDCG@10,0.0
q259379,R@100,1.0
q259380,nDCG@10,0.0
q259380,R@100,1.0
q259381,nDCG@10,1.0
q259381,R@100,1.0
q259382,nDCG@10,1.0
q259382,R@100,1.0
q259383,nDCG@10,0.5
q259383,R@100,1.0
q259384,nDCG@10,1.0
q259384,R@100,1.0
q259385,nDCG@10,0.0
q259385,R@100,0.0
q259386,nDCG@10,0.2890648263178879
q259386,R@100,1.0
q259387,nDCG@10,1.0
q259387,R@100,1.0
q259388,nDCG@10,1.0
q259388,R@100,1.0
q259389,nDCG@10,1.0
q259389,R@100,1.0
q259390,nDCG@10,1.0
q259390,R@100,1.0
q259391,nDCG@10,0.0
q259391,R@100,0.0
q259392,nDCG@10,1.0
q259392,R@100,1.0
q259393,nDCG@10,1.0
q259393,R@100,1.0
q259394,nDCG@10,0.43067655807339306
q259394,R@100,1.0
q259395,nDCG@10,0.0
q259395,R@100,1.0
q259396,nDCG@10,0.0
q259396,R@100,0.0
q259397,nDCG@10,0.0
q259397,R@100,0.0
q259398,nDCG@10,0.0
q259398,R@100,0.0
q259399,nDCG@10,0.0
q259399,R@100,0.0
q259400,nDCG@10,0.0
q259400,R@100,1.0
q259401,nDCG@10,0.0
q259401,R@100,0.0
q259402,nDCG@10,0.0
q259402,R@100,0.0
q259403,nDCG@10,0.0
q259403,R@100,0.0
q259404,nDCG@10,0.0
q259404,R@100,1.0
q259405,nDCG@10,0.0
q259405,R@100,0.0
q259406,nDCG@10,1.0
q259406,R@100,1.0
q259407,nDCG@10,0.0
q259407,R@100,0.0
q259408,nDCG@10,0.0
q259408,R@100,0.0
q259409,nDCG@10,0.0
q259409,R@100,0.0
q259410,nDCG@10,0.0
q259410,R@100,0.0
q259411,nDCG@10,0.0
q259411,R@100,0.0
q259412,nDCG@10,0.0
q259412,R@100,0.0
q259413,nDCG@10,0.0
q259413,R@100,1.0
q259414,nDCG@10,0.0
q259414,R@100,0.0
q259415,nDCG@10,0.0
q259415,R@100,0.0
q259416,nDCG@10,0.0
q259416,R@100,0.0
q259417,nDCG@10,0.0
q259417,R@100,0.0
q259418,nDCG@10,0.0
q259418,R@100,0.0
q259419,nDCG@10,0.0
q259419,R@100,0.0
q259420,nDCG@10,0.0
q259420,R@100,0.0
q259421,nDCG@10,0.0
q259421,R@100,0.0
q259422,nDCG@10,1.0
q259422,R@100,1.0
q259423,nDCG@10,0.0
q259423,R@100,0.0
q259424,nDCG@10,0.0
q259424,R@100,0.0
q259425,nDCG@10,0.0
q259425,R@100,0.0
q259426,nDCG@10,1.0
q259426,R@100,1.0
q259427,nDCG@10,0.6309297535714575
q259427,R@100,1.0
q259428,nDCG@10,1.0
q259428,R@100,1.0
q259429,nDCG@10,1.0
q259429,R@100,1.0
q259430,nDCG@10,1.0
q259430,R@100,1.0
q259431,nDCG@10,1.0
q259431,R@100,1.0
q259432,nDCG@10,1.0
q259432,R@100,1.0
q259433,nDCG@10,0.43067655807339306
q259433,R@100,1.0
q259434,nDCG@10,0.3562071871080222
q259434,R@100,1.0
q259435,nDCG@10,0.6309297535714575
q259435,R@100,1.0
q259436,nDCG@10,1.0
q259436,R@100,1.0
q259437,nDCG@10,0.6309297535714575
q259437,R@100,1.0
q259438,nDCG@10,1.0
q259438,R@100,1.0
q259439,nDCG@10,0.38685280723454163
q259439,R@100,1.0
q259440,nDCG@10,0.6309297535714575
q259440,R@100,1.0
q259441,nDCG@10,0.3333333333333333
q259441,R@100,1.0
q259442,nDCG@10,0.5
q259442,R@100,1.0
q259443,nDCG@10,0.0
q259443,R@100,0.0
q259444,nDCG@10,0.0
q259444,R@100,1.0
q259445,nDCG@10,0.0
q259445,R@100,0.0
q259446,nDCG@10,0.0
q259446,R@100,1.0
q259447,nDCG@10,0.6309297535714575
q259447,R@100,1.0
q259448,nDCG@10,1.0
q259448,R@100,1.0
q259449,nDCG@10,0.6309297535714575
q259449,R@100,1.0
q259450,nDCG@10,0.0
q259450,R@100,1.0
q259451,nDCG@10,0.0
q259451,R@100,1.0
q259452,nDCG@10,0.0
q259452,R@100,0.0
q259453,nDCG@10,1.0
q259453,R@100,1.0
q259454,nDCG@10,0.0
q259454,R@100,0.0
q259455,nDCG@10,0.0
q259455,R@100,0.0
q259456,nDCG@10,0.5
q259456,R@100,1.0
q259457,nDCG@10,1.0
q259457,R@100,1.0
q259458,nDCG@10,0.43067655807339306
q259458,R@100,1.0
q259459,nDCG@10,0.0
q259459,R@100,0.0
q259460,nDCG@10,0.0
q259460,R@100,0.0
q259461,nDCG@10,1.0
q259461,R@100,1.0
q259462,nDCG@10,0.0
q259462,R@100,1.0
q259463,nDCG@10,0.0
q259463,R@100,0.0
q259464,nDCG@10,0.0
q259464,R@100,0.0
q259465,nDCG@10,1.0
q259465,R@100,1.0
q259466,nDCG@10,0.0
q259466,R@100,1.0
q259467,nDCG@10,0.0
q259467,R@100,0.0
q259468,nDCG@10,0.0
q259468,R@100,1.0
q259469,nDCG@10,0.0
q259469,R@100,1.0
q259470,nDCG@10,0.0
q259470,R@100,0.0
q259471,nDCG@10,0.0
q259471,R@100,0.0
q259472,nDCG@10,0.0
q259472,R@100,0.0
q259473,nDCG@10,0.0
q259473,R@100,0.0
q259474,nDCG@10,0.0
q259474,R@100,1.0
q259475,nDCG@10,0.43067655807339306
q259475,R@100,1.0
q259476,nDCG@10,0.43067655807339306
q259476,R@100,1.0
q259477,nDCG@10,1.0
q259477,R@100,1.0
q259478,nDCG@10,1.0
q259478,R@100,1.0
q259479,nDCG@10,0.6309297535714575
q259479,R@100,1.0
q259480,nDCG@10,0.5
q259480,R@100,1.0
q259481,nDCG@10,0.6309297535714575
q259481,R@100,1.0
q259482,nDCG@10,0.38685280723454163
q259482,R@100,1.0
q259483,nDCG@10,0.0
q259483,R@100,0.0
q259484,nDCG@10,0.3010299956639812
q259484,R@100,1.0
q259485,nDCG@10,0.0
q259485,R@100,0.0
q259486,nDCG@10,0.0
q259486,R@100,0.0
q259487,nDCG@10,0.0
q259487,R@100,0.0
q259488,nDCG@10,0.0
q259488,R@100,0.0
q259489,nDCG@10,1.0
q259489,R@100,1.0
q259490,nDCG@10,0.38685280723454163
q259490,R@100,1.0
q259491,nDCG@10,0.0
q259491,R@100,0.0
q259492,nDCG@10,0.0
q259492,R@100,0.0
q259493,nDCG@10,0.0
q259493,R@100,0.0
q259494,nDCG@10,0.0
q259494,R@100,0.0
q259495,nDCG@10,0.0
q259495,R@100,0.0
q259496,nDCG@10,0.6309297535714575
q259496,R@100,1.0
q259497,nDCG@10,1.0
q259497,R@100,1.0
q259498,nDCG@10,0.6309297535714575
q259498,R@100,1.0
q259499,nDCG@10,1.0
q259499,R@100,1.0
q259500,nDCG@10,1.0
q259500,R@100,1.0
q259501,nDCG@10,0.43067655807339306
q259501,R@100,1.0
q259502,nDCG@10,1.0
q259502,R@100,1.0
q259503,nDCG@10,0.6309297535714575
q259503,R@100,1.0
q259504,nDCG@10,0.0
q259504,R@100,0.0
q259505,nDCG@10,1.0
q259505,R@100,1.0
q259506,nDCG@10,0.0
q259506,R@100,0.0
q259507,nDCG@10,0.6309297535714575
q259507,R@100,1.0
q259508,nDCG@10,1.0
q259508,R@100,1.0
q259509,nDCG@10,1.0
q259509,R@100,1.0
q259510,nDCG@10,0.0
q259510,R@100,1.0
q259511,nDCG@10,1.0
q259511,R@100,1.0
q259512,nDCG@10,0.6309297535714575
q259512,R@100,1.0
q259513,nDCG@10,0.0
q259513,R@100,0.0
q259514,nDCG@10,1.0
q259514,R@100,1.0
q259515,nDCG@10,0.5
q259515,R@100,1.0
q259516,nDCG@10,0.0
q259516,R@100,1.0
q259517,nDCG@10,0.0
q259517,R@100,1.0
q259518,nDCG@10,0.0
q259518,R@100,0.0
q259519,nDCG@10,1.0
q259519,R@100,1.0
q259520,nDCG@10,0.3010299956639812
q259520,R@100,1.0
q259521,nDCG@10,0.5
q259521,R@100,1.0
q259522,nDCG@10,0.0
q259522,R@100,1.0
q259523,nDCG@10,0.3333333333333333
q259523,R@100,1.0
q259524,nDCG@10,1.0
q259524,R@100,1.0
q259525,nDCG@10,0.0
q259525,R@100,0.0
q259526,nDCG@10,0.6309297535714575
q259526,R@100,1.0
q259527,nDCG@10,0.0
q259527,R@100,0.0
q259528,nDCG@10,0.0
q259528,R@100,1.0
q259529,nDCG@10,0.0
q259529,R@100,0.0
q259530,nDCG@10,0.0
q259530,R@100,0.0
q259531,nDCG@10,0.0
q259531,R@100,1.0
q259532,nDCG@10,0.0
q259532,R@100,0.0
q259533,nDCG@10,0.6309297535714575
q259533,R@100,1.0
q259534,nDCG@10,1.0
q259534,R@100,1.0
q259535,nDCG@10,0.31546487678572877
q259535,R@100,1.0
q259536,nDCG@10,0.0
q259536,R@100,1.0
q259537,nDCG@10,0.0
q259537,R@100,1.0
q259538,nDCG@10,0.0
q259538,R@100,1.0
q259539,nDCG@10,0.0
q259539,R@100,1.0
q259540,nDCG@10,1.0
q259540,R@100,1.0
q259541,nDCG@10,0.38685280723454163
q259541,R@100,1.0
q259542,nDCG@10,0.3562071871080222
q259542,R@100,1.0
q259543,nDCG@10,1.0
q259543,R@100,1.0
q259544,nDCG@10,0.5
q259544,R@100,1.0
q259545,nDCG@10,0.0
q259545,R@100,1.0
q259546,nDCG@10,0.5
q259546,R@100,1.0
q259547,nDCG@10,0.43067655807339306
q259547,R@100,1.0
q259548,nDCG@10,0.5
q259548,R@100,1.0
q259549,nDCG@10,0.0
q259549,R@100,1.0
q259550,nDCG@10,1.0
q259550,R@100,1.0
q259551,nDCG@10,0.38685280723454163
q259551,R@100,1.0
q259552,nDCG@10,1.0
q259552,R@100,1.0
q259553,nDCG@10,0.43067655807339306
q259553,R@100,1.0
q259554,nDCG@10,0.6309297535714575
q259554,R@100,1.0
q259555,nDCG@10,1.0
q259555,R@100,1.0
q259556,nDCG@10,0.0
q259556,R@100,0.0
q259557,nDCG@10,1.0
q259557,R@100,1.0
q259558,nDCG@10,1.0
q259558,R@100,1.0
q259559,nDCG@10,1.0
q259559,R@100,1.0
q259560,nDCG@10,0.0
q259560,R@100,0.0
q259561,nDCG@10,0.0
q259561,R@100,1.0
q259562,nDCG@10,0.43067655807339306
q259562,R@100,1.0
q259563,nDCG@10,0.0
q259563,R@100,1.0
q259564,nDCG@10,1.0
q259564,R@100,1.0
q259565,nDCG@10,0.0
q259565,R@100,1.0
q259566,nDCG@10,0.0
q259566,R@100,1.0
q259567,nDCG@10,0.0
q259567,R@100,1.0
q259568,nDCG@10,1.0
q259568,R@100,1.0
q259569,nDCG@10,1.0
q259569,R@100,1.0
q259570,nDCG@10,0.5
q259570,R@100,1.0
q259571,nDCG@10,0.43067655807339306
q259571,R@100,1.0
q259572,nDCG@10,0.0
q259572,R@100,0.0
q259573,nDCG@10,0.0
q259573,R@100,1.0
q259574,nDCG@10,0.43067655807339306
q259574,R@100,1.0
q259575,nDCG@10,0.6309297535714575
q259575,R@100,1.0
q259576,nDCG@10,0.31546487678572877
q259576,R@100,1.0
q259577,nDCG@10,1.0
q259577,R@100,1.0
q259578,nDCG@10,0.0
q259578,R@100,0.0
q259579,nDCG@10,1.0
q259579,R@100,1.0
q259580,nDCG@10,0.3333333333333333
q259580,R@100,1.0
q259581,nDCG@10,0.0
q259581,R@100,0.0
q259582,nDCG@10,0.0
q259582,R@100,0.0
q259583,nDCG@10,1.0
q259583,R@100,1.0
q259584,nDCG@10,1.0
q259584,R@100,1.0
q259585,nDCG@10,0.0
q259585,R@100,1.0
q259586,nDCG@10,0.3562071871080222
q259586,R@100,1.0
q259587,nDCG@10,0.0
q259587,R@100,1.0
q259588,nDCG@10,0.0
q259588,R@100,1.0
q259589,nDCG@10,0.0
q259589,R@100,1.0
q259590,nDCG@10,0.0
q259590,R@100,1.0
q259591,nDCG@10,1.0
q259591,R@100,1.0
q259592,nDCG@10,1.0
q259592,R@100,1.0
q259593,nDCG@10,1.0
q259593,R@100,1.0
q259594,nDCG@10,0.0
q259594,R@100,1.0
q259595,nDCG@10,0.6309297535714575
q259595,R@100,1.0
q259596,nDCG@10,0.0
q259596,R@100,0.0
q259597,nDCG@10,0.0
q259597,R@100,1.0
q259598,nDCG@10,0.6309297535714575
q259598,R@100,1.0
q259599,nDCG@10,0.3010299956639812
q259599,R@100,1.0
q259600,nDCG@10,1.0
q259600,R@100,1.0
q259601,nDCG@10,0.0
q259601,R@100,1.0
q259602,nDCG@10,1.0
q259602,R@100,1.0
q259603,nDCG@10,0.0
q259603,R@100,0.0
q259604,nDCG@10,1.0
q259604,R@100,1.0
q259605,nDCG@10,0.6309297535714575
q259605,R@100,1.0
q259606,nDCG@10,1.0
q259606,R@100,1.0
q259607,nDCG@10,0.6309297535714575
q259607,R@100,1.0
q259608,nDCG@10,0.0
q259608,R@100,1.0
q259609,nDCG@10,0.0
q259609,R@100,0.0
q259610,nDCG@10,0.43067655807339306
q259610,R@100,1.0
q259611,nDCG@10,0.43067655807339306
q259611,R@100,1.0
q259612,nDCG@10,1.0
q259612,R@100,1.0
q259613,nDCG@10,1.0
q259613,R@100,1.0
q259614,nDCG@10,0.0
q259614,R@100,0.0
q259615,nDCG@10,1.0
q259615,R@100,1.0
q259616,nDCG@10,0.0
q259616,R@100,1.0
q259617,nDCG@10,1.0
q259617,R@100,1.0
q259618,nDCG@10,1.0
q259618,R@100,1.0
q259619,nDCG@10,1.0
q259619,R@100,1.0
q259620,nDCG@10,0.0
q259620,R@100,1.0
q259621,nDCG@10,1.0
q259621,R@100,1.0
q259622,nDCG@10,0.6309297535714575
q259622,R@100,1.0
q259623,nDCG@10,0.0
q259623,R@100,0.0
q259624,nDCG@10,0.0
q259624,R@100,1.0
q259625,nDCG@10,0.0
q259625,R@100,1.0
q259626,nDCG@10,0.0
q259626,R@100,0.0
q259627,nDCG@10,1.0
q259627,R@100,1.0
q259628,nDCG@10,0.0
q259628,R@100,0.0
q259629,nDCG@10,0.0
q259629,R@100,1.0
q259630,nDCG@10,0.0
q259630,R@100,0.0
q259631,nDCG@10,0.0
q259631,R@100,0.0
q259632,nDCG@10,0.0
q259632,R@100,1.0
q259633,nDCG@10,0.0
q259633,R@100,1.0
q259634,nDCG@10,0.0
q259634,R@100,0.0
q259635,nDCG@10,1.0
q259635,R@100,1.0
q259636,nDCG@10,0.0
q259636,R@100,0.0
q259637,nDCG@10,0.0
q259637,R@100,0.0
q259638,nDCG@10,0.6309297535714575
q259638,R@100,1.0
q259639,nDCG@10,0.43067655807339306
q259639,R@100,1.0
q259640,nDCG@10,0.43067655807339306
q259640,R@100,1.0
q259641,nDCG@10,0.5
q259641,R@100,1.0
q259642,nDCG@10,0.3562071871080222
q259642,R@100,1.0
q259643,nDCG@10,1.0
q259643,R@100,1.0
q259644,nDCG@10,1.0
q259644,R@100,1.0
q259645,nDCG@10,0.0
q259645,R@100,0.0
q259646,nDCG@10,0.0
q259646,R@100,0.0
q259647,nDCG@10,0.3562071871080222
q259647,R@100,1.0
q259648,nDCG@10,0.0
q259648,R@100,1.0
q259649,nDCG@10,0.3562071871080222
q259649,R@100,1.0
q259650,nDCG@10,0.5
q259650,R@100,1.0
q259651,nDCG@10,0.5
q259651,R@100,1.0
q259652,nDCG@10,0.0
q259652,R@100,1.0
q259653,nDCG@10,1.0
q259653,R@100,1.0
q259654,nDCG@10,1.0
q259654,R@100,1.0
q259655,nDCG@10,1.0
q259655,R@100,1.0
q259656,nDCG@10,0.38685280723454163
q259656,R@100,1.0
q259657,nDCG@10,1.0
q259657,R@100,1.0
q259658,nDCG@10,0.2890648263178879
q259658,R@100,1.0
q259659,nDCG@10,0.0
q259659,R@100,0.0
q259660,nDCG@10,0.0
q259660,R@100,0.0
q259661,nDCG@10,0.0
q259661,R@100,0.0
q259662,nDCG@10,0.5
q259662,R@100,1.0
q259663,nDCG@10,0.0
q259663,R@100,0.0
q259664,nDCG@10,1.0
q259664,R@100,1.0
q259665,nDCG@10,0.0
q259665,R@100,0.0
q259666,nDCG@10,0.3333333333333333
q259666,R@100,1.0
q259667,nDCG@10,0.0
q259667,R@100,0.0
q259668,nDCG@10,0.43067655807339306
q259668,R@100,1.0
q259669,nDCG@10,1.0
q259669,R@100,1.0
q259670,nDCG@10,0.0
q259670,R@100,0.0
q259671,nDCG@10,0.0
q259671,R@100,1.0
q259672,nDCG@10,0.0
q259672,R@100,0.0
q259673,nDCG@10,0.0
q259673,R@100,0.0
q259674,nDCG@10,0.3562071871080222
q259674,R@100,1.0
q259675,nDCG@10,1.0
q259675,R@100,1.0
q259676,nDCG@10,0.5
q259676,R@100,1.0
q259677,nDCG@10,0.0
q259677,R@100,0.0
q259678,nDCG@10,0.0
q259678,R@100,1.0
q259679,nDCG@10,0.0
q259679,R@100,1.0
q259680,nDCG@10,1.0
q259680,R@100,1.0
q259681,nDCG@10,0.0
q259681,R@100,0.0
q259682,nDCG@10,0.0
q259682,R@100,0.0
q259683,nDCG@10,0.0
q259683,R@100,1.0
q259684,nDCG@10,0.43067655807339306
q259684,R@100,1.0
q259685,nDCG@10,0.0
q259685,R@100,0.0
q259686,nDCG@10,0.0
q259686,R@100,1.0
q259687,nDCG@10,0.0
q259687,R@100,1.0
q259688,nDCG@10,0.0
q259688,R@100,0.0
q259689,nDCG@10,0.0
q259689,R@100,0.0
q259690,nDCG@10,0.0
q259690,R@100,0.0
q259691,nDCG@10,0.0
q259691,R@100,0.0
q259692,nDCG@10,0.0
q259692,R@100,1.0
q259693,nDCG@10,0.0
q259693,R@100,0.0
q259694,nDCG@10,0.0
q259694,R@100,1.0
q259695,nDCG@10,0.3333333333333333
q259695,R@100,1.0
q259696,nDCG@10,0.0
q259696,R@100,0.0
q259697,nDCG@10,1.0
q259697,R@100,1.0
q259698,nDCG@10,0.5
q259698,R@100,1.0
q259699,nDCG@10,0.0
q259699,R@100,1.0
q259700,nDCG@10,0.0
q259700,R@100,1.0
q259701,nDCG@10,0.0
q259701,R@100,0.0
q259702,nDCG@10,0.3333333333333333
q259702,R@100,1.0
q259703,nDCG@10,0.5
q259703,R@100,1.0
q259704,nDCG@10,0.0
q259704,R@100,0.0
q259705,nDCG@10,1.0
q259705,R@100,1.0
q259706,nDCG@10,0.0
q259706,R@100,1.0
q259707,nDCG@10,0.3562071871080222
q259707,R@100,1.0
q259708,nDCG@10,0.0
q259708,R@100,1.0
q259709,nDCG@10,0.38685280723454163
q259709,R@100,1.0
q259710,nDCG@10,0.0
q259710,R@100,0.0
q259711,nDCG@10,0.0
q259711,R@100,1.0
q259712,nDCG@10,0.0
q259712,R@100,0.0
q259713,nDCG@10,0.0
q259713,R@100,0.0
q259714,nDCG@10,0.0
q259714,R@100,1.0
q259715,nDCG@10,0.0
q259715,R@100,0.0
q259716,nDCG@10,0.0
q259716,R@100,0.0
q259717,nDCG@10,0.0
q259717,R@100,1.0
q259718,nDCG@10,0.6309297535714575
q259718,R@100,1.0
q259719,nDCG@10,1.0
q259719,R@100,1.0
q259720,nDCG@10,0.6309297535714575
q259720,R@100,1.0
q259721,nDCG@10,1.0
q259721,R@100,1.0
q259722,nDCG@10,1.0
q259722,R@100,1.0
q259723,nDCG@10,1.0
q259723,R@100,1.0
q259724,nDCG@10,0.0
q259724,R@100,0.0
q259725,nDCG@10,0.0
q259725,R@100,1.0
q259726,nDCG@10,1.0
q259726,R@100,1.0
q259727,nDCG@10,0.0
q259727,R@100,0.0
q259728,nDCG@10,0.0
q259728,R@100,0.0
q259729,nDCG@10,0.0
q259729,R@100,0.0
q259730,nDCG@10,0.0
q259730,R@100,1.0
q259731,nDCG@10,1.0
q259731,R@100,1.0
q259732,nDCG@10,1.0
q259732,R@100,1.0
q259733,nDCG@10,0.0
q259733,R@100,0.0
q259734,nDCG@10,0.5
q259734,R@100,1.0
q259735,nDCG@10,0.5
q259735,R@100,1.0
q259736,nDCG@10,1.0
q259736,R@100,1.0
q259737,nDCG@10,0.0
q259737,R@100,0.0
q259738,nDCG@10,0.31546487678572877
q259738,R@100,1.0
q259739,nDCG@10,0.0
q259739,R@100,0.0
q259740,nDCG@10,0.0
q259740,R@100,1.0
q259741,nDCG@10,0.0
q259741,R@100,0.0
q259742,nDCG@10,0.5
q259742,R@100,1.0
q259743,nDCG@10,0.0
q259743,R@100,0.0
q259744,nDCG@10,1.0
q259744,R@100,1.0
q259745,nDCG@10,1.0
q259745,R@100,1.0
q259746,nDCG@10,0.6309297535714575
q259746,R@100,1.0
q259747,nDCG@10,0.0
q259747,R@100,0.0
q259748,nDCG@10,1.0
q259748,R@100,1.0
q259749,nDCG@10,0.0
q259749,R@100,1.0
q259750,nDCG@10,0.5
q259750,R@100,1.0
q259751,nDCG@10,0.0
q259751,R@100,1.0
q259752,nDCG@10,0.0
q259752,R@100,1.0
q259753,nDCG@10,1.0
q259753,R@100,1.0
q259754,nDCG@10,1.0
q259754,R@100,1.0
q259755,nDCG@10,1.0
q259755,R@100,1.0
q259756,nDCG@10,1.0
q259756,R@100,1.0
q259757,nDCG@10,1.0
q259757,R@100,1.0
q259758,nDCG@10,0.0
q259758,R@100,0.0
q259759,nDCG@10,0.0
q259759,R@100,1.0
q259760,nDCG@10,1.0
q259760,R@100,1.0
q259761,nDCG@10,1.0
q259761,R@100,1.0
q259762,nDCG@10,0.6309297535714575
q259762,R@100,1.0
q259763,nDCG@10,0.0
q259763,R@100,1.0
q259764,nDCG@10,0.0
q259764,R@100,0.0
q259765,nDCG@10,0.0
q259765,R@100,0.0
q259766,nDCG@10,1.0
q259766,R@100,1.0
q259767,nDCG@10,0.0
q259767,R@100,1.0
q259768,nDCG@10,0.0
q259768,R@100,0.0
q259769,nDCG@10,0.0
q259769,R@100,1.0
q259770,nDCG@10,1.0
q259770,R@100,1.0
q259771,nDCG@10,0.43067655807339306
q259771,R@100,1.0
q259772,nDCG@10,1.0
q259772,R@100,1.0
q259773,nDCG@10,0.6309297535714575
q259773,R@100,1.0
q259774,nDCG@10,0.0
q259774,R@100,0.0
q259775,nDCG@10,0.0
q259775,R@100,1.0
q259776,nDCG@10,0.43067655807339306
q259776,R@100,1.0
q259777,nDCG@10,0.5
q259777,R@100,1.0
q259778,nDCG@10,0.5
q259778,R@100,1.0
q259779,nDCG@10,0.6309297535714575
q259779,R@100,1.0
q259780,nDCG@10,0.0
q259780,R@100,0.0
q259781,nDCG@10,0.0
q259781,R@100,0.0
q259782,nDCG@10,0.0
q259782,R@100,0.0
q259783,nDCG@10,1.0
q259783,R@100,1.0
q259784,nDCG@10,1.0
q259784,R@100,1.0
q259785,nDCG@10,1.0
q259785,R@100,1.0
q259786,nDCG@10,1.0
q259786,R@100,1.0
q259787,nDCG@10,0.0
q259787,R@100,1.0
q259788,nDCG@10,1.0
q259788,R@100,1.0
q259789,nDCG@10,0.0
q259789,R@100,1.0
q259790,nDCG@10,0.0
q259790,R@100,1.0
q259791,nDCG@10,0.0
q259791,R@100,1.0
q259792,nDCG@10,1.0
q259792,R@100,1.0
q259793,nDCG@10,0.5
q259793,R@100,1.0
q259794,nDCG@10,1.0
q259794,R@100,1.0
q259795,nDCG@10,1.0
q259795,R@100,1.0
q259796,nDCG@10,0.0
q259796,R@100,0.0
q259797,nDCG@10,0.0
q259797,R@100,0.0
q259798,nDCG@10,0.0
q259798,R@100,0.0
q259799,nDCG@10,0.0
q259799,R@100,0.0
q259800,nDCG@10,0.6309297535714575
q259800,R@100,1.0
q259801,nDCG@10,0.0
q259801,R@100,1.0
q259802,nDCG@10,0.0
q259802,R@100,1.0
q259803,nDCG@10,0.43067655807339306
q259803,R@100,1.0
q259804,nDCG@10,0.6309297535714575
q259804,R@100,1.0
q259805,nDCG@10,1.0
q259805,R@100,1.0
q259806,nDCG@10,0.43067655807339306
q259806,R@100,1.0
q259807,nDCG@10,1.0
q259807,R@100,1.0
q259808,nDCG@10,0.0
q259808,R@100,0.0
q259809,nDCG@10,0.6309297535714575
q259809,R@100,1.0
q259810,nDCG@10,1.0
q259810,R@100,1.0
q259811,nDCG@10,1.0
q259811,R@100,1.0
q259812,nDCG@10,0.0
q259812,R@100,0.0
q259813,nDCG@10,0.31546487678572877
q259813,R@100,1.0
q259814,nDCG@10,0.3333333333333333
q259814,R@100,1.0
q259815,nDCG@10,0.6309297535714575
q259815,R@100,1.0
q259816,nDCG@10,0.0
q259816,R@100,1.0
q259817,nDCG@10,0.5
q259817,R@100,1.0
q259818,nDCG@10,0.0
q259818,R@100,0.0
q259819,nDCG@10,0.0
q259819,R@100,1.0
q259820,nDCG@10,1.0
q259820,R@100,1.0
q259821,nDCG@10,1.0
q259821,R@100,1.0
q259822,nDCG@10,0.0
q259822,R@100,1.0
q259823,nDCG@10,0.5
q259823,R@100,1.0
q259824,nDCG@10,0.0
q259824,R@100,1.0
q259825,nDCG@10,0.0
q259825,R@100,0.0
q259826,nDCG@10,0.5
q259826,R@100,1.0
q259827,nDCG@10,0.0
q259827,R@100,0.0
q259828,nDCG@10,0.0
q259828,R@100,1.0
q259829,nDCG@10,0.0
q259829,R@100,0.0
q259830,nDCG@10,0.0
q259830,R@100,0.0
q259831,nDCG@10,0.0
q259831,R@100,1.0
q259832,nDCG@10,0.5
q259832,R@100,1.0
q259833,nDCG@10,1.0
q259833,R@100,1.0
q259834,nDCG@10,0.43067655807339306
q259834,R@100,1.0
q259835,nDCG@10,0.6309297535714575
q259835,R@100,1.0
q259836,nDCG@10,0.43067655807339306
q259836,R@100,1.0
q259837,nDCG@10,0.0
q259837,R@100,1.0
q259838,nDCG@10,0.3010299956639812
q259838,R@100,1.0
q259839,nDCG@10,0.0
q259839,R@100,1.0
q259840,nDCG@10,0.0
q259840,R@100,1.0
q259841,nDCG@10,0.0
q259841,R@100,1.0
q259842,nDCG@10,0.6309297535714575
q259842,R@100,1.0
q259843,nDCG@10,0.43067655807339306
q259843,R@100,1.0
q259844,nDCG@10,0.0
q259844,R@100,0.0
q259845,nDCG@10,0.0
q259845,R@100,0.0
q259846,nDCG@10,0.0
q259846,R@100,1.0
q259847,nDCG@10,1.0
q259847,R@100,1.0
q259848,nDCG@10,0.3010299956639812
q259848,R@100,1.0
q259849,nDCG@10,0.0
q259849,R@100,0.0
q259850,nDCG@10,0.0
q259850,R@100,0.0
q259851,nDCG@10,0.0
q259851,R@100,0.0
q259852,nDCG@10,0.0
q259852,R@100,0.0
q259853,nDCG@10,0.0
q259853,R@100,0.0
q259854,nDCG@10,1.0
q259854,R@100,1.0
q259855,nDCG@10,0.0
q259855,R@100,0.0
q259856,nDCG@10,0.0
q259856,R@100,1.0
q259857,nDCG@10,0.0
q259857,R@100,1.0
q259858,nDCG@10,0.0
q259858,R@100,0.0
q259859,nDCG@10,0.0
q259859,R@100,0.0
q259860,nDCG@10,0.0
q259860,R@100,0.0
q259861,nDCG@10,0.0
q259861,R@100,0.0
q259862,nDCG@10,0.43067655807339306
q259862,R@100,1.0
q259863,nDCG@10,0.0
q259863,R@100,1.0
q259864,nDCG@10,0.0
q259864,R@100,1.0
q259865,nDCG@10,1.0
q259865,R@100,1.0
q259866,nDCG@10,0.0
q259866,R@100,1.0
q259867,nDCG@10,0.0
q259867,R@100,1.0
q259868,nDCG@10,0.3562071871080222
q259868,R@100,1.0
q259869,nDCG@10,0.6309297535714575
q259869,R@100,1.0
q259870,nDCG@10,0.2890648263178879
q259870,R@100,1.0
q259871,nDCG@10,0.0
q259871,R@100,1.0
q259872,nDCG@10,1.0
q259872,R@100,1.0
q259873,nDCG@10,1.0
q259873,R@100,1.0
q259874,nDCG@10,0.0
q259874,R@100,0.0
q259875,nDCG@10,0.0
q259875,R@100,1.0
q259876,nDCG@10,0.6309297535714575
q259876,R@100,1.0
q259877,nDCG@10,1.0
q259877,R@100,1.0
q259878,nDCG@10,1.0
q259878,R@100,1.0
q259879,nDCG@10,0.3562071871080222
q259879,R@100,1.0
q259880,nDCG@10,1.0
q259880,R@100,1.0
q259881,nDCG@10,1.0
q259881,R@100,1.0
q259882,nDCG@10,1.0
q259882,R@100,1.0
q259883,nDCG@10,1.0
q259883,R@100,1.0
q259884,nDCG@10,0.6309297535714575
q259884,R@100,1.0
q259885,nDCG@10,1.0
q259885,R@100,1.0
q259886,nDCG@10,0.0
q259886,R@100,0.0
q259887,nDCG@10,0.38685280723454163
q259887,R@100,1.0
q259888,nDCG@10,0.0
q259888,R@100,0.0
q259889,nDCG@10,0.0
q259889,R@100,0.0
q259890,nDCG@10,1.0
q259890,R@100,1.0
q259891,nDCG@10,1.0
q259891,R@100,1.0
q259892,nDCG@10,1.0
q259892,R@100,1.0
q259893,nDCG@10,1.0
q259893,R@100,1.0
q259894,nDCG@10,1.0
q259894,R@100,1.0
q259895,nDCG@10,1.0
q259895,R@100,1.0
q259896,nDCG@10,1.0
q259896,R@100,1.0
q259897,nDCG@10,1.0
q259897,R@100,1.0
q259898,nDCG@10,0.0
q259898,R@100,1.0
q259899,nDCG@10,1.0
q259899,R@100,1.0
q259900,nDCG@10,1.0
q259900,R@100,1.0
q259901,nDCG@10,0.38685280723454163
q259901,R@100,1.0
q259902,nDCG@10,0.0
q259902,R@100,1.0
q259903,nDCG@10,1.0
q259903,R@100,1.0
q259904,nDCG@10,1.0
q259904,R@100,1.0
q259905,nDCG@10,1.0
q259905,R@100,1.0
q259906,nDCG@10,1.0
q259906,R@100,1.0
q259907,nDCG@10,0.6309297535714575
q259907,R@100,1.0
q259908,nDCG@10,1.0
q259908,R@100,1.0
q259909,nDCG@10,0.0
q259909,R@100,0.0
q259910,nDCG@10,0.5
q259910,R@100,1.0
q259911,nDCG@10,0.0
q259911,R@100,0.0
q259912,nDCG@10,0.0
q259912,R@100,0.0
q259913,nDCG@10,0.0
q259913,R@100,0.0
q259914,nDCG@10,1.0
q259914,R@100,1.0
q259915,nDCG@10,0.6309297535714575
q259915,R@100,1.0
q259916,nDCG@10,0.0
q259916,R@100,1.0
q259917,nDCG@10,0.0
q259917,R@100,0.0
q259918,nDCG@10,0.0
q259918,R@100,0.0
q259919,nDCG@10,0.2890648263178879
q259919,R@100,1.0
q259920,nDCG@10,0.0
q259920,R@100,0.0
q259921,nDCG@10,1.0
q259921,R@100,1.0
q259922,nDCG@10,0.6309297535714575
q259922,R@100,1.0
q259923,nDCG@10,0.5
q259923,R@100,1.0
q259924,nDCG@10,0.6309297535714575
q259924,R@100,1.0
q259925,nDCG@10,0.0
q259925,R@100,0.0
q259926,nDCG@10,0.0
q259926,R@100,0.0
q259927,nDCG@10,0.0
q259927,R@100,0.0
q259928,nDCG@10,0.0
q259928,R@100,1.0
q259929,nDCG@10,0.43067655807339306
q259929,R@100,1.0
q259930,nDCG@10,1.0
q259930,R@100,1.0
q259931,nDCG@10,0.3562071871080222
q259931,R@100,1.0
q259932,nDCG@10,0.0
q259932,R@100,0.0
q259933,nDCG@10,0.0
q259933,R@100,1.0
q259934,nDCG@10,0.0
q259934,R@100,0.0
q259935,nDCG@10,0.0
q259935,R@100,0.0
q259936,nDCG@10,0.0
q259936,R@100,0.0
q259937,nDCG@10,0.0
q259937,R@100,0.0
q259938,nDCG@10,0.0
q259938,R@100,0.0
q259939,nDCG@10,0.0
q259939,R@100,0.0
q259940,nDCG@10,0.31546487678572877
q259940,R@100,1.0
q259941,nDCG@10,0.0
q259941,R@100,0.0
q259942,nDCG@10,1.0
q259942,R@100,1.0
q259943,nDCG@10,0.6309297535714575
q259943,R@100,1.0
q259944,nDCG@10,0.43067655807339306
q259944,R@100,1.0
q259945,nDCG@10,0.0
q259945,R@100,0.0
q259946,nDCG@10,0.0
q259946,R@100,0.0
q259947,nDCG@10,0.6309297535714575
q259947,R@100,1.0
q259948,nDCG@10,0.0
q259948,R@100,1.0
q259949,nDCG@10,1.0
q259949,R@100,1.0
q259950,nDCG@10,1.0
q259950,R@100,1.0
q259951,nDCG@10,0.5
q259951,R@100,1.0
q259952,nDCG@10,0.0
q259952,R@100,0.0
q259953,nDCG@10,0.38685280723454163
q259953,R@100,1.0
q259954,nDCG@10,1.0
q259954,R@100,1.0
q259955,nDCG@10,1.0
q259955,R@100,1.0
q259956,nDCG@10,1.0
q259956,R@100,1.0
q259957,nDCG@10,0.0
q259957,R@100,1.0
q259958,nDCG@10,0.0
q259958,R@100,1.0
q259959,nDCG@10,1.0
q259959,R@100,1.0
q259960,nDCG@10,1.0
q259960,R@100,1.0
q259961,nDCG@10,0.43067655807339306
q259961,R@100,1.0
q259962,nDCG@10,1.0
q259962,R@100,1.0
q259963,nDCG@10,0.0
q259963,R@100,1.0
q259964,nDCG@10,0.31546487678572877
q259964,R@100,1.0
q259965,nDCG@10,0.0
q259965,R@100,0.0
q259966,nDCG@10,0.0
q259966,R@100,1.0
q259967,nDCG@10,0.0
q259967,R@100,1.0
q259968,nDCG@10,0.3562071871080222
q259968,R@100,1.0
q259969,nDCG@10,1.0
q259969,R@100,1.0
q259970,nDCG@10,1.0
q259970,R@100,1.0
q259971,nDCG@10,1.0
q259971,R@100,1.0
q259972,nDCG@10,1.0
q259972,R@100,1.0
q259973,nDCG@10,0.6309297535714575
q259973,R@100,1.0
q259974,nDCG@10,1.0
q259974,R@100,1.0
q259975,nDCG@10,1.0
q259975,R@100,1.0
q259976,nDCG@10,1.0
q259976,R@100,1.0
q259977,nDCG@10,0.43067655807339306
q259977,R@100,1.0
q259978,nDCG@10,0.38685280723454163
q259978,R@100,1.0
q259979,nDCG@10,0.0
q259979,R@100,1.0
q259980,nDCG@10,0.0
q259980,R@100,1.0
q259981,nDCG@10,1.0
q259981,R@100,1.0
q259982,nDCG@10,0.38685280723454163
q259982,R@100,1.0
q259983,nDCG@10,1.0
q259983,R@100,1.0
q259984,nDCG@10,0.0
q259984,R@100,1.0
q259985,nDCG@10,0.6309297535714575
q259985,R@100,1.0
q259986,nDCG@10,1.0
q259986,R@100,1.0
q259987,nDCG@10,0.0
q259987,R@100,0.0
q259988,nDCG@10,0.43067655807339306
q259988,R@100,1.0
q259989,nDCG@10,0.6309297535714575
q259989,R@100,1.0
q259990,nDCG@10,1.0
q259990,R@100,1.0
q259991,nDCG@10,0.0
q259991,R@100,1.0
q259992,nDCG@10,1.0
q259992,R@100,1.0
q259993,nDCG@10,1.0
q259993,R@100,1.0
q259994,nDCG@10,0.0
q259994,R@100,0.0
q259995,nDCG@10,1.0
q259995,R@100,1.0
q259996,nDCG@10,0.0
q259996,R@100,0.0
q259997,nDCG@10,1.0
q259997,R@100,1.0
q259998,nDCG@10,0.3333333333333333
q259998,R@100,1.0
q259999,nDCG@10,0.0
q259999,R@100,0.0
q260000,nDCG@10,0.5
q260000,R@100,1.0
q260001,nDCG@10,0.5
q260001,R@100,1.0
q260002,nDCG@10,1.0
q260002,R@100,1.0
q260003,nDCG@10,1.0
q260003,R@100,1.0
q260004,nDCG@10,0.0
q260004,R@100,1.0
q260005,nDCG@10,0.0
q260005,R@100,0.0
q260006,nDCG@10,0.3562071871080222
q260006,R@100,1.0
q260007,nDCG@10,0.0
q260007,R@100,0.0
q260008,nDCG@10,0.3333333333333333
q260008,R@100,1.0
q260009,nDCG@10,0.43067655807339306
q260009,R@100,1.0
q260010,nDCG@10,0.6309297535714575
q260010,R@100,1.0
q260011,nDCG@10,0.0
q260011,R@100,1.0
q260012,nDCG@10,1.0
q260012,R@100,1.0
q260013,nDCG@10,1.0
q260013,R@100,1.0
q260014,nDCG@10,1.0
q260014,R@100,1.0
q260015,nDCG@10,1.0
q260015,R@100,1.0
q260016,nDCG@10,0.0
q260016,R@100,0.0
q260017,nDCG@10,1.0
q260017,R@100,1.0
q260018,nDCG@10,0.5
q260018,R@100,1.0
q260019,nDCG@10,0.5
q260019,R@100,1.0
q260020,nDCG@10,0.6309297535714575
q260020,R@100,1.0
q260021,nDCG@10,0.6309297535714575
q260021,R@100,1.0
q260022,nDCG@10,0.31546487678572877
q260022,R@100,1.0
q260023,nDCG@10,1.0
q260023,R@100,1.0
q260024,nDCG@10,0.6309297535714575
q260024,R@100,1.0
q260025,nDCG@10,0.0
q260025,R@100,0.0
q260026,nDCG@10,0.38685280723454163
q260026,R@100,1.0
q260027,nDCG@10,0.5
q260027,R@100,1.0
q260028,nDCG@10,0.3562071871080222
q260028,R@100,1.0
q260029,nDCG@10,1.0
q260029,R@100,1.0
q260030,nDCG@10,1.0
q260030,R@100,1.0
q260031,nDCG@10,0.0
q260031,R@100,0.0
q260032,nDCG@10,1.0
q260032,R@100,1.0
q260033,nDCG@10,0.0
q260033,R@100,0.0
q260034,nDCG@10,0.3562071871080222
q260034,R@100,1.0
q260035,nDCG@10,1.0
q260035,R@100,1.0
q260036,nDCG@10,0.0
q260036,R@100,0.0
q260037,nDCG@10,0.0
q260037,R@100,0.0
q260038,nDCG@10,0.0
q260038,R@100,1.0
q260039,nDCG@10,0.0
q260039,R@100,0.0
q260040,nDCG@10,0.0
q260040,R@100,1.0
q260041,nDCG@10,0.0
q260041,R@100,1.0
q260042,nDCG@10,0.0
q260042,R@100,1.0
q260043,nDCG@10,0.0
q260043,R@100,1.0
q260044,nDCG@10,0.0
q260044,R@100,1.0
q260045,nDCG@10,1.0
q260045,R@100,1.0
q260046,nDCG@10,1.0
q260046,R@100,1.0
q260047,nDCG@10,1.0
q260047,R@100,1.0
q260048,nDCG@10,1.0
q260048,R@100,1.0
q260049,nDCG@10,0.0
q260049,R@100,0.0
q260050,nDCG@10,1.0
q260050,R@100,1.0
q260051,nDCG@10,0.0
q260051,R@100,1.0
q260052,nDCG@10,1.0
q260052,R@100,1.0
q260053,nDCG@10,1.0
q260053,R@100,1.0
q260054,nDCG@10,0.0
q260054,R@100,0.0
q260055,nDCG@10,1.0
q260055,R@100,1.0
q260056,nDCG@10,0.0
q260056,R@100,1.0
q260057,nDCG@10,0.6309297535714575
q260057,R@100,1.0
q260058,nDCG@10,1.0
q260058,R@100,1.0
q260059,nDCG@10,0.0
q260059,R@100,0.0
q260060,nDCG@10,0.0
q260060,R@100,0.0
q260061,nDCG@10,0.0
q260061,R@100,0.0
q260062,nDCG@10,0.0
q260062,R@100,0.0
q260063,nDCG@10,0.0
q260063,R@100,0.0
q260064,nDCG@10,0.0
q260064,R@100,0.0
q260065,nDCG@10,0.0
q260065,R@100,0.0
q260066,nDCG@10,0.0
q260066,R@100,0.0
q260067,nDCG@10,0.31546487678572877
q260067,R@100,1.0
q260068,nDCG@10,0.0
q260068,R@100,1.0
q260069,nDCG@10,0.5
q260069,R@100,1.0
q260070,nDCG@10,0.0
q260070,R@100,0.0
q260071,nDCG@10,0.0
q260071,R@100,1.0
q260072,nDCG@10,1.0
q260072,R@100,1.0
q260073,nDCG@10,1.0
q260073,R@100,1.0
q260074,nDCG@10,0.0
q260074,R@100,1.0
q260075,nDCG@10,1.0
q260075,R@100,1.0
q260076,nDCG@10,0.3010299956639812
q260076,R@100,1.0
q260077,nDCG@10,0.0
q260077,R@100,1.0
q260078,nDCG@10,0.0
q260078,R@100,1.0
q260079,nDCG@10,0.0
q260079,R@100,1.0
q260080,nDCG@10,0.0
q260080,R@100,0.0
q260081,nDCG@10,0.0
q260081,R@100,1.0
q260082,nDCG@10,0.0
q260082,R@100,0.0
q260083,nDCG@10,0.0
q260083,R@100,0.0
q260084,nDCG@10,1.0
q260084,R@100,1.0
q260085,nDCG@10,0.0
q260085,R@100,0.0
q260086,nDCG@10,0.0
q260086,R@100,0.0
q260087,nDCG@10,0.5
q260087,R@100,1.0
q260088,nDCG@10,0.43067655807339306
q260088,R@100,1.0
q260089,nDCG@10,0.0
q260089,R@100,0.0
q260090,nDCG@10,0.0
q260090,R@100,1.0
q260091,nDCG@10,1.0
q260091,R@100,1.0
q260092,nDCG@10,0.0
q260092,R@100,0.0
q260093,nDCG@10,0.2890648263178879
q260093,R@100,1.0
q260094,nDCG@10,1.0
q260094,R@100,1.0
q260095,nDCG@10,0.0
q260095,R@100,0.0
q260096,nDCG@10,0.0
q260096,R@100,0.0
q260097,nDCG@10,0.0
q260097,R@100,0.0
q260098,nDCG@10,1.0
q260098,R@100,1.0
q260099,nDCG@10,0.0
q260099,R@100,0.0
q260100,nDCG@10,0.0
q260100,R@100,0.0
q260101,nDCG@10,0.0
q260101,R@100,0.0
q260102,nDCG@10,0.6309297535714575
q260102,R@100,1.0
q260103,nDCG@10,0.0
q260103,R@100,0.0
q260104,nDCG@10,0.6309297535714575
q260104,R@100,1.0
q260105,nDCG@10,1.0
q260105,R@100,1.0
q260106,nDCG@10,1.0
q260106,R@100,1.0
q260107,nDCG@10,0.0
q260107,R@100,0.0
q260108,nDCG@10,0.0
q260108,R@100,1.0
q260109,nDCG@10,1.0
q260109,R@100,1.0
q260110,nDCG@10,1.0
q260110,R@100,1.0
q260111,nDCG@10,1.0
q260111,R@100,1.0
q260112,nDCG@10,0.3010299956639812
q260112,R@100,1.0
q260113,nDCG@10,1.0
q260113,R@100,1.0
q260114,nDCG@10,1.0
q260114,R@100,1.0
q260115,nDCG@10,0.0
q260115,R@100,1.0
q260116,nDCG@10,0.5
q260116,R@100,1.0
q260117,nDCG@10,0.0
q260117,R@100,0.0
q260118,nDCG@10,0.0
q260118,R@100,1.0
q260119,nDCG@10,0.0
q260119,R@100,1.0
q260120,nDCG@10,0.6309297535714575
q260120,R@100,1.0
q260121,nDCG@10,0.0
q260121,R@100,1.0
q260122,nDCG@10,0.2890648263178879
q260122,R@100,1.0
q260123,nDCG@10,1.0
q260123,R@100,1.0
q260124,nDCG@10,0.0
q260124,R@100,1.0
q260125,nDCG@10,0.0
q260125,R@100,0.0
q260126,nDCG@10,0.0
q260126,R@100,0.0
q260127,nDCG@10,1.0
q260127,R@100,1.0
q260128,nDCG@10,0.0
q260128,R@100,1.0
q260129,nDCG@10,1.0
q260129,R@100,1.0
q260130,nDCG@10,1.0
q260130,R@100,1.0
q260131,nDCG@10,1.0
q260131,R@100,1.0
q260132,nDCG@10,0.0
q260132,R@100,1.0
q260133,nDCG@10,1.0
q260133,R@100,1.0
q260134,nDCG@10,0.6309297535714575
q260134,R@100,1.0
q260135,nDCG@10,1.0
q260135,R@100,1.0
q260136,nDCG@10,0.0
q260136,R@100,1.0
q260137,nDCG@10,0.5
q260137,R@100,1.0
q260138,nDCG@10,1.0
q260138,R@100,1.0
q260139,nDCG@10,0.0
q260139,R@100,1.0
q260140,nDCG@10,1.0
q260140,R@100,1.0
q260141,nDCG@10,1.0
q260141,R@100,1.0
q260142,nDCG@10,1.0
q260142,R@100,1.0
q260143,nDCG@10,0.6309297535714575
q260143,R@100,1.0
q260144,nDCG@10,0.43067655807339306
q260144,R@100,1.0
q260145,nDCG@10,1.0
q260145,R@100,1.0
q260146,nDCG@10,0.38685280723454163
q260146,R@100,1.0
q260147,nDCG@10,1.0
q260147,R@100,1.0
q260148,nDCG@10,0.0
q260148,R@100,1.0
q260149,nDCG@10,0.6309297535714575
q260149,R@100,1.0
q260150,nDCG@10,1.0
q260150,R@100,1.0
q260151,nDCG@10,0.0
q260151,R@100,0.0
q260152,nDCG@10,1.0
q260152,R@100,1.0
q260153,nDCG@10,1.0
q260153,R@100,1.0
q260154,nDCG@10,0.2890648263178879
q260154,R@100,1.0
q260155,nDCG@10,0.0
q260155,R@100,1.0
q260156,nDCG@10,0.0
q260156,R@100,0.0
q260157,nDCG@10,0.0
q260157,R@100,1.0
q260158,nDCG@10,0.0
q260158,R@100,0.0
q260159,nDCG@10,0.0
q260159,R@100,0.0
q260160,nDCG@10,0.0
q260160,R@100,1.0
q260161,nDCG@10,0.0
q260161,R@100,0.0
q260162,nDCG@10,1.0
q260162,R@100,1.0
q260163,nDCG@10,1.0
q260163,R@100,1.0
q260164,nDCG@10,0.0
q260164,R@100,0.0
q260165,nDCG@10,0.0
q260165,R@100,0.0
q260166,nDCG@10,0.0
q260166,R@100,1.0
q260167,nDCG@10,0.6309297535714575
q260167,R@100,1.0
q260168,nDCG@10,0.0
q260168,R@100,0.0
q260169,nDCG@10,1.0
q260169,R@100,1.0
q260170,nDCG@10,0.6309297535714575
q260170,R@100,1.0
q260171,nDCG@10,0.5
q260171,R@100,1.0
q260172,nDCG@10,0.0
q260172,R@100,0.0
q260173,nDCG@10,1.0
q260173,R@100,1.0
q260174,nDCG@10,1.0
q260174,R@100,1.0
q260175,nDCG@10,0.0
q260175,R@100,0.0
q260176,nDCG@10,0.5
q260176,R@100,1.0
q260177,nDCG@10,0.0
q260177,R@100,0.0
q260178,nDCG@10,0.0
q260178,R@100,0.0
q260179,nDCG@10,0.0
q260179,R@100,0.0
q260180,nDCG@10,1.0
q260180,R@100,1.0
q260181,nDCG@10,0.0
q260181,R@100,1.0
q260182,nDCG@10,0.0
q260182,R@100,0.0
q260183,nDCG@10,1.0
q260183,R@100,1.0
q260184,nDCG@10,0.3010299956639812
q260184,R@100,1.0
q260185,nDCG@10,1.0
q260185,R@100,1.0
q260186,nDCG@10,1.0
q260186,R@100,1.0
q260187,nDCG@10,1.0
q260187,R@100,1.0
q260188,nDCG@10,1.0
q260188,R@100,1.0
q260189,nDCG@10,0.3562071871080222
q260189,R@100,1.0
q260190,nDCG@10,1.0
q260190,R@100,1.0
q260191,nDCG@10,0.0
q260191,R@100,1.0
q260192,nDCG@10,0.0
q260192,R@100,0.0
q260193,nDCG@10,1.0
q260193,R@100,1.0
q260194,nDCG@10,0.38685280723454163
q260194,R@100,1.0
q260195,nDCG@10,1.0
q260195,R@100,1.0
q260196,nDCG@10,1.0
q260196,R@100,1.0
q260197,nDCG@10,1.0
q260197,R@100,1.0
q260198,nDCG@10,0.6309297535714575
q260198,R@100,1.0
q260199,nDCG@10,0.0
q260199,R@100,1.0
q260200,nDCG@10,1.0
q260200,R@100,1.0
q260201,nDCG@10,0.6309297535714575
q260201,R@100,1.0
q260202,nDCG@10,0.0
q260202,R@100,1.0
q260203,nDCG@10,0.0
q260203,R@100,0.0
q260204,nDCG@10,0.0
q260204,R@100,0.0
q260205,nDCG@10,0.0
q260205,R@100,0.0
q260206,nDCG@10,1.0
q260206,R@100,1.0
q260207,nDCG@10,1.0
q260207,R@100,1.0
q260208,nDCG@10,0.31546487678572877
q260208,R@100,1.0
q260209,nDCG@10,0.0
q260209,R@100,0.0
q260210,nDCG@10,0.43067655807339306
q260210,R@100,1.0
q260211,nDCG@10,1.0
q260211,R@100,1.0
q260212,nDCG@10,1.0
q260212,R@100,1.0
q260213,nDCG@10,0.43067655807339306
q260213,R@100,1.0
q260214,nDCG@10,0.43067655807339306
q260214,R@100,1.0
q260215,nDCG@10,0.0
q260215,R@100,1.0
q260216,nDCG@10,1.0
q260216,R@100,1.0
q260217,nDCG@10,0.0
q260217,R@100,1.0
q260218,nDCG@10,1.0
q260218,R@100,1.0
q260219,nDCG@10,0.5
q260219,R@100,1.0
q260220,nDCG@10,1.0
q260220,R@100,1.0
q260221,nDCG@10,0.5
q260221,R@100,1.0
q260222,nDCG@10,1.0
q260222,R@100,1.0
q260223,nDCG@10,0.6309297535714575
q260223,R@100,1.0
q260224,nDCG@10,1.0
q260224,R@100,1.0
q260225,nDCG@10,0.6309297535714575
q260225,R@100,1.0
q260226,nDCG@10,1.0
q260226,R@100,1.0
q260227,nDCG@10,0.0
q260227,R@100,0.0
q260228,nDCG@10,0.0
q260228,R@100,1.0
q260229,nDCG@10,1.0
q260229,R@100,1.0
q260230,nDCG@10,0.0
q260230,R@100,1.0
q260231,nDCG@10,1.0
q260231,R@100,1.0
q260232,nDCG@10,0.0
q260232,R@100,0.0
q260233,nDCG@10,1.0
q260233,R@100,1.0
q260234,nDCG@10,0.5
q260234,R@100,1.0
q260235,nDCG@10,0.6309297535714575
q260235,R@100,1.0
q260236,nDCG@10,1.0
q260236,R@100,1.0
q260237,nDCG@10,0.6309297535714575
q260237,R@100,1.0
q260238,nDCG@10,1.0
q260238,R@100,1.0
q260239,nDCG@10,0.0
q260239,R@100,0.0
q260240,nDCG@10,0.0
q260240,R@100,1.0
q260241,nDCG@10,0.0
q260241,R@100,1.0
q260242,nDCG@10,0.0
q260242,R@100,1.0
q260243,nDCG@10,1.0
q260243,R@100,1.0
q260244,nDCG@10,1.0
q260244,R@100,1.0
q260245,nDCG@10,0.6309297535714575
q260245,R@100,1.0
q260246,nDCG@10,1.0
q260246,R@100,1.0
q260247,nDCG@10,1.0
q260247,R@100,1.0
q260248,nDCG@10,1.0
q260248,R@100,1.0
q260249,nDCG@10,0.6309297535714575
q260249,R@100,1.0
q260250,nDCG@10,0.6309297535714575
q260250,R@100,1.0
q260251,nDCG@10,0.0
q260251,R@100,0.0
q260252,nDCG@10,0.3010299956639812
q260252,R@100,1.0
q260253,nDCG@10,0.0
q260253,R@100,1.0
q260254,nDCG@10,0.0
q260254,R@100,1.0
q260255,nDCG@10,0.31546487678572877
q260255,R@100,1.0
q260256,nDCG@10,0.0
q260256,R@100,1.0
q260257,nDCG@10,0.5
q260257,R@100,1.0
q260258,nDCG@10,1.0
q260258,R@100,1.0
q260259,nDCG@10,0.3333333333333333
q260259,R@100,1.0
q260260,nDCG@10,1.0
q260260,R@100,1.0
q260261,nDCG@10,0.5
q260261,R@100,1.0
q260262,nDCG@10,0.0
q260262,R@100,0.0
q260263,nDCG@10,0.0
q260263,R@100,1.0
q260264,nDCG@10,0.0
q260264,R@100,0.0
q260265,nDCG@10,1.0
q260265,R@100,1.0
q260266,nDCG@10,0.0
q260266,R@100,1.0
q260267,nDCG@10,0.6309297535714575
q260267,R@100,1.0
q260268,nDCG@10,0.3333333333333333
q260268,R@100,1.0
q260269,nDCG@10,1.0
q260269,R@100,1.0
q260270,nDCG@10,0.6309297535714575
q260270,R@100,1.0
q260271,nDCG@10,0.6309297535714575
q260271,R@100,1.0
q260272,nDCG@10,0.0
q260272,R@100,0.0
q260273,nDCG@10,0.0
q260273,R@100,0.0
q260274,nDCG@10,0.0
q260274,R@100,0.0
q260275,nDCG@10,0.0
q260275,R@100,1.0
q260276,nDCG@10,0.0
q260276,R@100,0.0
q260277,nDCG@10,0.0
q260277,R@100,0.0
q260278,nDCG@10,0.0
q260278,R@100,0.0
q260279,nDCG@10,0.0
q260279,R@100,1.0
q260280,nDCG@10,0.0
q260280,R@100,0.0
q260281,nDCG@10,0.0
q260281,R@100,0.0
q260282,nDCG@10,0.0
q260282,R@100,0.0
q260283,nDCG@10,0.0
q260283,R@100,1.0
q260284,nDCG@10,1.0
q260284,R@100,1.0
q260285,nDCG@10,1.0
q260285,R@100,1.0
q260286,nDCG@10,0.6309297535714575
q260286,R@100,1.0
q260287,nDCG@10,1.0
q260287,R@100,1.0
q260288,nDCG@10,0.0
q260288,R@100,0.0
q260289,nDCG@10,0.0
q260289,R@100,0.0
q260290,nDCG@10,0.0
q260290,R@100,0.0
q260291,nDCG@10,0.0
q260291,R@100,0.0
q260292,nDCG@10,0.0
q260292,R@100,0.0
q260293,nDCG@10,0.0
q260293,R@100,0.0
q260294,nDCG@10,0.0
q260294,R@100,0.0
q260295,nDCG@10,0.0
q260295,R@100,0.0
q260296,nDCG@10,0.0
q260296,R@100,0.0
q260297,nDCG@10,0.0
q260297,R@100,1.0
q260298,nDCG@10,0.0
q260298,R@100,1.0
q260299,nDCG@10,1.0
q260299,R@100,1.0
q260300,nDCG@10,0.0
q260300,R@100,1.0
q260301,nDCG@10,0.0
q260301,R@100,0.0
q260302,nDCG@10,0.0
q260302,R@100,0.0
q260303,nDCG@10,0.0
q260303,R@100,1.0
q260304,nDCG@10,0.0
q260304,R@100,1.0
q260305,nDCG@10,0.0
q260305,R@100,0.0
q260306,nDCG@10,0.38685280723454163
q260306,R@100,1.0
q260307,nDCG@10,0.0
q260307,R@100,0.0
q260308,nDCG@10,0.0
q260308,R@100,0.0
q260309,nDCG@10,1.0
q260309,R@100,1.0
q260310,nDCG@10,0.0
q260310,R@100,1.0
q260311,nDCG@10,1.0
q260311,R@100,1.0
q260312,nDCG@10,1.0
q260312,R@100,1.0
q260313,nDCG@10,1.0
q260313,R@100,1.0
q260314,nDCG@10,1.0
q260314,R@100,1.0
q260315,nDCG@10,0.5
q260315,R@100,1.0
q260316,nDCG@10,0.6309297535714575
q260316,R@100,1.0
q260317,nDCG@10,0.0
q260317,R@100,1.0
q260318,nDCG@10,0.0
q260318,R@100,1.0
q260319,nDCG@10,0.6309297535714575
q260319,R@100,1.0
q260320,nDCG@10,0.0
q260320,R@100,0.0
q260321,nDCG@10,0.38685280723454163
q260321,R@100,1.0
q260322,nDCG@10,0.0
q260322,R@100,0.0
q260323,nDCG@10,1.0
q260323,R@100,1.0
q260324,nDCG@10,1.0
q260324,R@100,1.0
q260325,nDCG@10,0.0
q260325,R@100,1.0
q260326,nDCG@10,0.0
q260326,R@100,0.0
q260327,nDCG@10,0.43067655807339306
q260327,R@100,1.0
q260328,nDCG@10,0.3562071871080222
q260328,R@100,1.0
q260329,nDCG@10,0.31546487678572877
q260329,R@100,1.0
q260330,nDCG@10,0.5
q260330,R@100,1.0
q260331,nDCG@10,0.5
q260331,R@100,1.0
q260332,nDCG@10,0.0
q260332,R@100,1.0
q260333,nDCG@10,0.0
q260333,R@100,1.0
q260334,nDCG@10,0.0
q260334,R@100,0.0
q260335,nDCG@10,0.0
q260335,R@100,1.0
q260336,nDCG@10,1.0
q260336,R@100,1.0
q260337,nDCG@10,0.0
q260337,R@100,0.0
q260338,nDCG@10,1.0
q260338,R@100,1.0
q260339,nDCG@10,0.31546487678572877
q260339,R@100,1.0
q260340,nDCG@10,0.3333333333333333
q260340,R@100,1.0
q260341,nDCG@10,0.43067655807339306
q260341,R@100,1.0
q260342,nDCG@10,0.31546487678572877
q260342,R@100,1.0
q260343,nDCG@10,1.0
q260343,R@100,1.0
q260344,nDCG@10,0.5
q260344,R@100,1.0
q260345,nDCG@10,0.0
q260345,R@100,1.0
q260346,nDCG@10,1.0
q260346,R@100,1.0
q260347,nDCG@10,0.6309297535714575
q260347,R@100,1.0
q260348,nDCG@10,0.0
q260348,R@100,1.0
q260349,nDCG@10,0.0
q260349,R@100,0.0
q260350,nDCG@10,0.0
q260350,R@100,0.0
q260351,nDCG@10,0.0
q260351,R@100,0.0
q260352,nDCG@10,0.0
q260352,R@100,0.0
q260353,nDCG@10,0.0
q260353,R@100,0.0
q260354,nDCG@10,0.3333333333333333
q260354,R@100,1.0
q260355,nDCG@10,1.0
q260355,R@100,1.0
q260356,nDCG@10,1.0
q260356,R@100,1.0
q260357,nDCG@10,0.0
q260357,R@100,0.0
q260358,nDCG@10,0.0
q260358,R@100,0.0
q260359,nDCG@10,0.0
q260359,R@100,1.0
q260360,nDCG@10,0.0
q260360,R@100,0.0
q260361,nDCG@10,0.0
q260361,R@100,0.0
q260362,nDCG@10,0.0
q260362,R@100,0.0
q260363,nDCG@10,0.0
q260363,R@100,0.0
q260364,nDCG@10,0.0
q260364,R@100,0.0
q260365,nDCG@10,0.0
q260365,R@100,0.0
q260366,nDCG@10,0.0
q260366,R@100,1.0
q260367,nDCG@10,0.0
q260367,R@100,1.0
q260368,nDCG@10,0.0
q260368,R@100,0.0
q260369,nDCG@10,0.0
q260369,R@100,0.0
q260370,nDCG@10,0.0
q260370,R@100,0.0
q260371,nDCG@10,0.6309297535714575
q260371,R@100,1.0
q260372,nDCG@10,0.6309297535714575
q260372,R@100,1.0
q260373,nDCG@10,1.0
q260373,R@100,1.0
q260374,nDCG@10,1.0
q260374,R@100,1.0
q260375,nDCG@10,0.0
q260375,R@100,1.0
q260376,nDCG@10,1.0
q260376,R@100,1.0
q260377,nDCG@10,0.0
q260377,R@100,0.0
q260378,nDCG@10,1.0
q260378,R@100,1.0
q260379,nDCG@10,1.0
q260379,R@100,1.0
q260380,nDCG@10,0.0
q260380,R@100,0.0
q260381,nDCG@10,1.0
q260381,R@100,1.0
q260382,nDCG@10,1.0
q260382,R@100,1.0
q260383,nDCG@10,1.0
q260383,R@100,1.0
q260384,nDCG@10,0.0
q260384,R@100,0.0
q260385,nDCG@10,0.0
q260385,R@100,0.0
q260386,nDCG@10,0.0
q260386,R@100,1.0
q260387,nDCG@10,0.2890648263178879
q260387,R@100,1.0
q260388,nDCG@10,0.0
q260388,R@100,0.0
q260389,nDCG@10,0.0
q260389,R@100,1.0
q260390,nDCG@10,0.0
q260390,R@100,0.0
q260391,nDCG@10,0.43067655807339306
q260391,R@100,1.0
q260392,nDCG@10,0.0
q260392,R@100,0.0
q260393,nDCG@10,1.0
q260393,R@100,1.0
q260394,nDCG@10,0.0
q260394,R@100,0.0
q260395,nDCG@10,0.0
q260395,R@100,1.0
q260396,nDCG@10,0.0
q260396,R@100,0.0
q260397,nDCG@10,0.0
q260397,R@100,0.0
q260398,nDCG@10,0.0
q260398,R@100,0.0
q260399,nDCG@10,0.0
q260399,R@100,0.0
q260400,nDCG@10,0.0
q260400,R@100,0.0
q260401,nDCG@10,0.0
q260401,R@100,0.0
q260402,nDCG@10,0.0
q260402,R@100,0.0
q260403,nDCG@10,0.0
q260403,R@100,0.0
q260404,nDCG@10,0.0
q260404,R@100,1.0
q260405,nDCG@10,0.0
q260405,R@100,0.0
q260406,nDCG@10,0.0
q260406,R@100,1.0
q260407,nDCG@10,1.0
q260407,R@100,1.0
q260408,nDCG@10,0.0
q260408,R@100,1.0
q260409,nDCG@10,0.0
q260409,R@100,0.0
q260410,nDCG@10,0.0
q260410,R@100,0.0
q260411,nDCG@10,0.0
q260411,R@100,0.0
q260412,nDCG@10,0.0
q260412,R@100,0.0
q260413,nDCG@10,0.5
q260413,R@100,1.0
q260414,nDCG@10,0.0
q260414,R@100,0.0
q260415,nDCG@10,0.0
q260415,R@100,0.0
q260416,nDCG@10,0.0
q260416,R@100,1.0
q260417,nDCG@10,0.3562071871080222
q260417,R@100,1.0
q260418,nDCG@10,0.0
q260418,R@100,0.0
q260419,nDCG@10,0.0
q260419,R@100,1.0
q260420,nDCG@10,0.0
q260420,R@100,1.0
q260421,nDCG@10,0.0
q260421,R@100,1.0
q260422,nDCG@10,1.0
q260422,R@100,1.0
q260423,nDCG@10,0.0
q260423,R@100,0.0
q260424,nDCG@10,0.3010299956639812
q260424,R@100,1.0
q260425,nDCG@10,1.0
q260425,R@100,1.0
q260426,nDCG@10,0.0
q260426,R@100,0.0
q260427,nDCG@10,0.0
q260427,R@100,0.0
q260428,nDCG@10,0.0
q260428,R@100,0.0
q260429,nDCG@10,1.0
q260429,R@100,1.0
q260430,nDCG@10,0.0
q260430,R@100,0.0
q260431,nDCG@10,0.0
q260431,R@100,1.0
q260432,nDCG@10,0.0
q260432,R@100,0.0
q260433,nDCG@10,0.43067655807339306
q260433,R@100,1.0
q260434,nDCG@10,0.0
q260434,R@100,0.0
q260435,nDCG@10,0.0
q260435,R@100,1.0
q260436,nDCG@10,0.0
q260436,R@100,0.0
q260437,nDCG@10,0.0
q260437,R@100,0.0
q260438,nDCG@10,0.38685280723454163
q260438,R@100,1.0
q260439,nDCG@10,0.0
q260439,R@100,0.0
q260440,nDCG@10,0.0
q260440,R@100,0.0
q260441,nDCG@10,1.0
q260441,R@100,1.0
q260442,nDCG@10,1.0
q260442,R@100,1.0
q260443,nDCG@10,0.6309297535714575
q260443,R@100,1.0
q260444,nDCG@10,0.43067655807339306
q260444,R@100,1.0
q260445,nDCG@10,1.0
q260445,R@100,1.0
q260446,nDCG@10,0.6309297535714575
q260446,R@100,1.0
q260447,nDCG@10,1.0
q260447,R@100,1.0
q260448,nDCG@10,1.0
q260448,R@100,1.0
q260449,nDCG@10,1.0
q260449,R@100,1.0
q260450,nDCG@10,1.0
q260450,R@100,1.0
q260451,nDCG@10,0.0
q260451,R@100,1.0
q260452,nDCG@10,0.5
q260452,R@100,1.0
q260453,nDCG@10,0.6309297535714575
q260453,R@100,1.0
q260454,nDCG@10,1.0
q260454,R@100,1.0
q260455,nDCG@10,1.0
q260455,R@100,1.0
q260456,nDCG@10,0.6309297535714575
q260456,R@100,1.0
q260457,nDCG@10,1.0
q260457,R@100,1.0
q260458,nDCG@10,1.0
q260458,R@100,1.0
q260459,nDCG@10,1.0
q260459,R@100,1.0
q260460,nDCG@10,1.0
q260460,R@100,1.0
q260461,nDCG@10,0.6309297535714575
q260461,R@100,1.0
q260462,nDCG@10,0.6309297535714575
q260462,R@100,1.0
q260463,nDCG@10,1.0
q260463,R@100,1.0
q260464,nDCG@10,1.0
q260464,R@100,1.0
q260465,nDCG@10,0.5
q260465,R@100,1.0
q260466,nDCG@10,0.6309297535714575
q260466,R@100,1.0
q260467,nDCG@10,1.0
q260467,R@100,1.0
q260468,nDCG@10,0.0
q260468,R@100,0.0
q260469,nDCG@10,0.6309297535714575
q260469,R@100,1.0
q260470,nDCG@10,1.0
q260470,R@100,1.0
q260471,nDCG@10,1.0
q260471,R@100,1.0
q260472,nDCG@10,1.0
q260472,R@100,1.0
q260473,nDCG@10,1.0
q260473,R@100,1.0
q260474,nDCG@10,1.0
q260474,R@100,1.0
q260475,nDCG@10,0.5
q260475,R@100,1.0
q260476,nDCG@10,0.6309297535714575
q260476,R@100,1.0
q260477,nDCG@10,1.0
q260477,R@100,1.0
q260478,nDCG@10,1.0
q260478,R@100,1.0
q260479,nDCG@10,0.0
q260479,R@100,0.0
q260480,nDCG@10,0.0
q260480,R@100,0.0
q260481,nDCG@10,0.0
q260481,R@100,0.0
q260482,nDCG@10,0.0
q260482,R@100,0.0
q260483,nDCG@10,0.0
q260483,R@100,0.0
q260484,nDCG@10,0.0
q260484,R@100,0.0
q260485,nDCG@10,0.0
q260485,R@100,0.0
q260486,nDCG@10,0.0
q260486,R@100,1.0
q260487,nDCG@10,0.0
q260487,R@100,0.0
q260488,nDCG@10,0.0
q260488,R@100,1.0
q260489,nDCG@10,0.5
q260489,R@100,1.0
q260490,nDCG@10,0.0
q260490,R@100,0.0
q260491,nDCG@10,0.43067655807339306
q260491,R@100,1.0
q260492,nDCG@10,1.0
q260492,R@100,1.0
q260493,nDCG@10,0.6309297535714575
q260493,R@100,1.0
q260494,nDCG@10,1.0
q260494,R@100,1.0
q260495,nDCG@10,0.0
q260495,R@100,0.0
q260496,nDCG@10,0.0
q260496,R@100,0.0
q260497,nDCG@10,1.0
q260497,R@100,1.0
q260498,nDCG@10,0.0
q260498,R@100,0.0
q260499,nDCG@10,0.0
q260499,R@100,1.0
q260500,nDCG@10,0.0
q260500,R@100,0.0
q260501,nDCG@10,0.0
q260501,R@100,1.0
q260502,nDCG@10,1.0
q260502,R@100,1.0
q260503,nDCG@10,1.0
q260503,R@100,1.0
q260504,nDCG@10,0.0
q260504,R@100,0.0
q260505,nDCG@10,0.0
q260505,R@100,1.0
q260506,nDCG@10,0.0
q260506,R@100,0.0
q260507,nDCG@10,0.0
q260507,R@100,1.0
q260508,nDCG@10,0.0
q260508,R@100,1.0
q260509,nDCG@10,0.0
q260509,R@100,0.0
q260510,nDCG@10,1.0
q260510,R@100,1.0
q260511,nDCG@10,0.0
q260511,R@100,0.0
q260512,nDCG@10,0.0
q260512,R@100,0.0
q260513,nDCG@10,1.0
q260513,R@100,1.0
q260514,nDCG@10,0.0
q260514,R@100,0.0
q260515,nDCG@10,1.0
q260515,R@100,1.0
q260516,nDCG@10,0.0
q260516,R@100,0.0
q260517,nDCG@10,0.0
q260517,R@100,1.0
q260518,nDCG@10,0.0
q260518,R@100,0.0
q260519,nDCG@10,0.0
q260519,R@100,0.0
q260520,nDCG@10,0.0
q260520,R@100,1.0
q260521,nDCG@10,0.0
q260521,R@100,0.0
q260522,nDCG@10,0.0
q260522,R@100,1.0
q260523,nDCG@10,0.0
q260523,R@100,0.0
q260524,nDCG@10,0.0
q260524,R@100,0.0
q260525,nDCG@10,0.2890648263178879
q260525,R@100,1.0
q260526,nDCG@10,0.0
q260526,R@100,0.0
q260527,nDCG@10,0.6309297535714575
q260527,R@100,1.0
q260528,nDCG@10,1.0
q260528,R@100,1.0
q260529,nDCG@10,0.0
q260529,R@100,0.0
q260530,nDCG@10,0.0
q260530,R@100,0.0
q260531,nDCG@10,0.0
q260531,R@100,0.0
q260532,nDCG@10,0.0
q260532,R@100,0.0
q260533,nDCG@10,0.0
q260533,R@100,1.0
q260534,nDCG@10,0.43067655807339306
q260534,R@100,1.0
q260535,nDCG@10,0.0
q260535,R@100,0.0
q260536,nDCG@10,0.0
q260536,R@100,1.0
q260537,nDCG@10,0.0
q260537,R@100,0.0
q260538,nDCG@10,0.0
q260538,R@100,0.0
q260539,nDCG@10,0.0
q260539,R@100,0.0
q260540,nDCG@10,0.6309297535714575
q260540,R@100,1.0
q260541,nDCG@10,1.0
q260541,R@100,1.0
q260542,nDCG@10,0.6309297535714575
q260542,R@100,1.0
q260543,nDCG@10,0.0
q260543,R@100,0.0
q260544,nDCG@10,0.0
q260544,R@100,0.0
q260545,nDCG@10,0.0
q260545,R@100,0.0
q260546,nDCG@10,0.0
q260546,R@100,0.0
q260547,nDCG@10,0.0
q260547,R@100,0.0
q260548,nDCG@10,0.43067655807339306
q260548,R@100,1.0
q260549,nDCG@10,0.0
q260549,R@100,0.0
q260550,nDCG@10,1.0
q260550,R@100,1.0
q260551,nDCG@10,0.0
q260551,R@100,1.0
q260552,nDCG@10,0.5
q260552,R@100,1.0
q260553,nDCG@10,0.31546487678572877
q260553,R@100,1.0
q260554,nDCG@10,0.0
q260554,R@100,1.0
q260555,nDCG@10,1.0
q260555,R@100,1.0
q260556,nDCG@10,0.0
q260556,R@100,0.0
q260557,nDCG@10,0.0
q260557,R@100,0.0
q260558,nDCG@10,0.0
q260558,R@100,0.0
q260559,nDCG@10,0.38685280723454163
q260559,R@100,1.0
q260560,nDCG@10,1.0
q260560,R@100,1.0
q260561,nDCG@10,0.43067655807339306
q260561,R@100,1.0
q260562,nDCG@10,0.5
q260562,R@100,1.0
q260563,nDCG@10,0.0
q260563,R@100,1.0
q260564,nDCG@10,0.0
q260564,R@100,0.0
q260565,nDCG@10,0.0
q260565,R@100,1.0
q260566,nDCG@10,1.0
q260566,R@100,1.0
q260567,nDCG@10,0.0
q260567,R@100,1.0
q260568,nDCG@10,1.0
q260568,R@100,1.0
q260569,nDCG@10,0.0
q260569,R@100,1.0
q260570,nDCG@10,0.43067655807339306
q260570,R@100,1.0
q260571,nDCG@10,0.0
q260571,R@100,0.0
q260572,nDCG@10,0.0
q260572,R@100,0.0
q260573,nDCG@10,0.0
q260573,R@100,0.0
q260574,nDCG@10,0.0
q260574,R@100,1.0
q260575,nDCG@10,0.0
q260575,R@100,0.0
q260576,nDCG@10,0.0
q260576,R@100,0.0
q260577,nDCG@10,0.0
q260577,R@100,0.0
q260578,nDCG@10,0.0
q260578,R@100,1.0
q260579,nDCG@10,0.38685280723454163
q260579,R@100,1.0
q260580,nDCG@10,0.0
q260580,R@100,1.0
q260581,nDCG@10,0.5
q260581,R@100,1.0
q260582,nDCG@10,0.0
q260582,R@100,0.0
q260583,nDCG@10,0.0
q260583,R@100,1.0
q260584,nDCG@10,0.6309297535714575
q260584,R@100,1.0
q260585,nDCG@10,0.0
q260585,R@100,0.0
q260586,nDCG@10,1.0
q260586,R@100,1.0
q260587,nDCG@10,0.0
q260587,R@100,0.0
q260588,nDCG@10,0.0
q260588,R@100,0.0
q260589,nDCG@10,0.0
q260589,R@100,1.0
q260590,nDCG@10,0.38685280723454163
q260590,R@100,1.0
q260591,nDCG@10,1.0
q260591,R@100,1.0
q260592,nDCG@10,0.0
q260592,R@100,0.0
q260593,nDCG@10,1.0
q260593,R@100,1.0
q260594,nDCG@10,0.0
q260594,R@100,0.0
q260595,nDCG@10,0.0
q260595,R@100,0.0
q260596,nDCG@10,0.0
q260596,R@100,1.0
q260597,nDCG@10,0.0
q260597,R@100,0.0
q260598,nDCG@10,1.0
q260598,R@100,1.0
q260599,nDCG@10,0.6309297535714575
q260599,R@100,1.0
q260600,nDCG@10,0.0
q260600,R@100,1.0
q260601,nDCG@10,0.0
q260601,R@100,1.0
q260602,nDCG@10,0.0
q260602,R@100,1.0
q260603,nDCG@10,0.0
q260603,R@100,1.0
q260604,nDCG@10,0.0
q260604,R@100,0.0
q260605,nDCG@10,1.0
q260605,R@100,1.0
q260606,nDCG@10,0.0
q260606,R@100,0.0
q260607,nDCG@10,0.0
q260607,R@100,0.0
q260608,nDCG@10,0.0
q260608,R@100,0.0
q260609,nDCG@10,0.0
q260609,R@100,0.0
q260610,nDCG@10,0.2890648263178879
q260610,R@100,1.0
q260611,nDCG@10,0.0
q260611,R@100,0.0
q260612,nDCG@10,0.0
q260612,R@100,0.0
q260613,nDCG@10,0.0
q260613,R@100,1.0
q260614,nDCG@10,1.0
q260614,R@100,1.0
q260615,nDCG@10,0.0
q260615,R@100,0.0
q260616,nDCG@10,0.0
q260616,R@100,0.0
q260617,nDCG@10,0.0
q260617,R@100,1.0
q260618,nDCG@10,1.0
q260618,R@100,1.0
q260619,nDCG@10,0.0
q260619,R@100,1.0
q260620,nDCG@10,0.0
q260620,R@100,0.0
q260621,nDCG@10,1.0
q260621,R@100,1.0
q260622,nDCG@10,1.0
q260622,R@100,1.0
q260623,nDCG@10,1.0
q260623,R@100,1.0
q260624,nDCG@10,1.0
q260624,R@100,1.0
q260625,nDCG@10,1.0
q260625,R@100,1.0
q260626,nDCG@10,0.0
q260626,R@100,1.0
q260627,nDCG@10,1.0
q260627,R@100,1.0
q260628,nDCG@10,0.0
q260628,R@100,0.0
q260629,nDCG@10,0.0
q260629,R@100,1.0
q260630,nDCG@10,0.2890648263178879
q260630,R@100,1.0
q260631,nDCG@10,0.2890648263178879
q260631,R@100,1.0
q260632,nDCG@10,0.0
q260632,R@100,1.0
q260633,nDCG@10,0.3562071871080222
q260633,R@100,1.0
q260634,nDCG@10,1.0
q260634,R@100,1.0
q260635,nDCG@10,0.0
q260635,R@100,0.0
q260636,nDCG@10,0.0
q260636,R@100,0.0
q260637,nDCG@10,0.5
q260637,R@100,1.0
q260638,nDCG@10,0.0
q260638,R@100,1.0
q260639,nDCG@10,0.38685280723454163
q260639,R@100,1.0
q260640,nDCG@10,0.0
q260640,R@100,1.0
q260641,nDCG@10,0.38685280723454163
q260641,R@100,1.0
q260642,nDCG@10,0.0
q260642,R@100,0.0
q260643,nDCG@10,0.6309297535714575
q260643,R@100,1.0
q260644,nDCG@10,0.0
q260644,R@100,1.0
q260645,nDCG@10,1.0
q260645,R@100,1.0
q260646,nDCG@10,0.0
q260646,R@100,0.0
q260647,nDCG@10,0.5
q260647,R@100,1.0
q260648,nDCG@10,1.0
q260648,R@100,1.0
q260649,nDCG@10,1.0
q260649,R@100,1.0
q260650,nDCG@10,0.0
q260650,R@100,0.0
q260651,nDCG@10,0.0
q260651,R@100,0.0
q260652,nDCG@10,1.0
q260652,R@100,1.0
q260653,nDCG@10,0.0
q260653,R@100,0.0
q260654,nDCG@10,0.0
q260654,R@100,0.0
q260655,nDCG@10,0.0
q260655,R@100,0.0
q260656,nDCG@10,0.0
q260656,R@100,0.0
q260657,nDCG@10,0.0
q260657,R@100,0.0
q260658,nDCG@10,0.0
q260658,R@100,1.0
q260659,nDCG@10,0.0
q260659,R@100,0.0
q260660,nDCG@10,0.0
q260660,R@100,0.0
q260661,nDCG@10,0.0
q260661,R@100,1.0
q260662,nDCG@10,1.0
q260662,R@100,1.0
q260663,nDCG@10,0.0
q260663,R@100,0.0
q260664,nDCG@10,1.0
q260664,R@100,1.0
q260665,nDCG@10,0.0
q260665,R@100,1.0
q260666,nDCG@10,0.0
q260666,R@100,0.0
q260667,nDCG@10,0.6309297535714575
q260667,R@100,1.0
q260668,nDCG@10,0.0
q260668,R@100,1.0
q260669,nDCG@10,0.38685280723454163
q260669,R@100,1.0
q260670,nDCG@10,1.0
q260670,R@100,1.0
q260671,nDCG@10,0.0
q260671,R@100,0.0
q260672,nDCG@10,1.0
q260672,R@100,1.0
q260673,nDCG@10,0.0
q260673,R@100,1.0
q260674,nDCG@10,1.0
q260674,R@100,1.0
q260675,nDCG@10,1.0
q260675,R@100,1.0
q260676,nDCG@10,1.0
q260676,R@100,1.0
q260677,nDCG@10,0.0
q260677,R@100,0.0
q260678,nDCG@10,0.0
q260678,R@100,0.0
q260679,nDCG@10,1.0
q260679,R@100,1.0
q260680,nDCG@10,0.0
q260680,R@100,0.0
q260681,nDCG@10,0.0
q260681,R@100,1.0
q260682,nDCG@10,0.0
q260682,R@100,1.0
q260683,nDCG@10,0.0
q260683,R@100,0.0
q260684,nDCG@10,0.0
q260684,R@100,0.0
q260685,nDCG@10,0.38685280723454163
q260685,R@100,1.0
q260686,nDCG@10,0.5
q260686,R@100,1.0
q260687,nDCG@10,1.0
q260687,R@100,1.0
q260688,nDCG@10,1.0
q260688,R@100,1.0
q260689,nDCG@10,0.5
q260689,R@100,1.0
q260690,nDCG@10,0.0
q260690,R@100,1.0
q260691,nDCG@10,1.0
q260691,R@100,1.0
q260692,nDCG@10,1.0
q260692,R@100,1.0
q260693,nDCG@10,1.0
q260693,R@100,1.0
q260694,nDCG@10,1.0
q260694,R@100,1.0
q260695,nDCG@10,0.6309297535714575
q260695,R@100,1.0
q260696,nDCG@10,0.6309297535714575
q260696,R@100,1.0
q260697,nDCG@10,1.0
q260697,R@100,1.0
q260698,nDCG@10,0.43067655807339306
q260698,R@100,1.0
q260699,nDCG@10,0.38685280723454163
q260699,R@100,1.0
q260700,nDCG@10,0.2890648263178879
q260700,R@100,1.0
q260701,nDCG@10,1.0
q260701,R@100,1.0
q260702,nDCG@10,0.3562071871080222
q260702,R@100,1.0
q260703,nDCG@10,1.0
q260703,R@100,1.0
q260704,nDCG@10,0.2890648263178879
q260704,R@100,1.0
q260705,nDCG@10,0.0
q260705,R@100,1.0
q260706,nDCG@10,1.0
q260706,R@100,1.0
q260707,nDCG@10,1.0
q260707,R@100,1.0
q260708,nDCG@10,0.0
q260708,R@100,1.0
q260709,nDCG@10,0.0
q260709,R@100,0.0
q260710,nDCG@10,1.0
q260710,R@100,1.0
q260711,nDCG@10,0.0
q260711,R@100,0.0
q260712,nDCG@10,0.43067655807339306
q260712,R@100,1.0
q260713,nDCG@10,0.0
q260713,R@100,0.0
q260714,nDCG@10,1.0
q260714,R@100,1.0
q260715,nDCG@10,0.6309297535714575
q260715,R@100,1.0
q260716,nDCG@10,1.0
q260716,R@100,1.0
q260717,nDCG@10,0.0
q260717,R@100,0.0
q260718,nDCG@10,0.0
q260718,R@100,1.0
q260719,nDCG@10,0.0
q260719,R@100,1.0
q260720,nDCG@10,1.0
q260720,R@100,1.0
q260721,nDCG@10,0.0
q260721,R@100,1.0
q260722,nDCG@10,0.0
q260722,R@100,0.0
q260723,nDCG@10,0.0
q260723,R@100,1.0
q260724,nDCG@10,1.0
q260724,R@100,1.0
q260725,nDCG@10,0.0
q260725,R@100,1.0
q260726,nDCG@10,0.0
q260726,R@100,1.0
q260727,nDCG@10,0.5
q260727,R@100,1.0
q260728,nDCG@10,1.0
q260728,R@100,1.0
q260729,nDCG@10,0.0
q260729,R@100,0.0
q260730,nDCG@10,0.6309297535714575
q260730,R@100,1.0
q260731,nDCG@10,0.0
q260731,R@100,0.0
q260732,nDCG@10,0.0
q260732,R@100,0.0
q260733,nDCG@10,0.0
q260733,R@100,1.0
q260734,nDCG@10,0.38685280723454163
q260734,R@100,1.0
q260735,nDCG@10,0.0
q260735,R@100,0.0
q260736,nDCG@10,0.0
q260736,R@100,0.0
q260737,nDCG@10,0.0
q260737,R@100,0.0
q260738,nDCG@10,1.0
q260738,R@100,1.0
q260739,nDCG@10,1.0
q260739,R@100,1.0
q260740,nDCG@10,0.0
q260740,R@100,1.0
q260741,nDCG@10,0.0
q260741,R@100,1.0
q260742,nDCG@10,1.0
q260742,R@100,1.0
q260743,nDCG@10,0.0
q260743,R@100,0.0
q260744,nDCG@10,0.0
q260744,R@100,0.0
q260745,nDCG@10,0.0
q260745,R@100,0.0
q260746,nDCG@10,0.0
q260746,R@100,0.0
q260747,nDCG@10,0.3010299956639812
q260747,R@100,1.0
q260748,nDCG@10,1.0
q260748,R@100,1.0
q260749,nDCG@10,0.0
q260749,R@100,0.0
q260750,nDCG@10,0.0
q260750,R@100,1.0
q260751,nDCG@10,0.5
q260751,R@100,1.0
q260752,nDCG@10,0.0
q260752,R@100,0.0
q260753,nDCG@10,0.5
q260753,R@100,1.0
q260754,nDCG@10,0.0
q260754,R@100,0.0
q260755,nDCG@10,1.0
q260755,R@100,1.0
q260756,nDCG@10,0.0
q260756,R@100,1.0
q260757,nDCG@10,0.0
q260757,R@100,0.0
q260758,nDCG@10,0.0
q260758,R@100,0.0
q260759,nDCG@10,0.3562071871080222
q260759,R@100,1.0
q260760,nDCG@10,0.38685280723454163
q260760,R@100,1.0
q260761,nDCG@10,0.6309297535714575
q260761,R@100,1.0
q260762,nDCG@10,1.0
q260762,R@100,1.0
q260763,nDCG@10,1.0
q260763,R@100,1.0
q260764,nDCG@10,1.0
q260764,R@100,1.0
q260765,nDCG@10,0.0
q260765,R@100,0.0
q260766,nDCG@10,0.3562071871080222
q260766,R@100,1.0
q260767,nDCG@10,0.0
q260767,R@100,1.0
q260768,nDCG@10,0.5
q260768,R@100,1.0
q260769,nDCG@10,1.0
q260769,R@100,1.0
q260770,nDCG@10,0.0
q260770,R@100,0.0
q260771,nDCG@10,0.0
q260771,R@100,0.0
q260772,nDCG@10,0.0
q260772,R@100,0.0
q260773,nDCG@10,0.0
q260773,R@100,0.0
q260774,nDCG@10,0.0
q260774,R@100,0.0
q260775,nDCG@10,0.0
q260775,R@100,0.0
q260776,nDCG@10,1.0
q260776,R@100,1.0
q260777,nDCG@10,0.0
q260777,R@100,0.0
q260778,nDCG@10,0.2890648263178879
q260778,R@100,1.0
q260779,nDCG@10,0.0
q260779,R@100,1.0
q260780,nDCG@10,0.3333333333333333
q260780,R@100,1.0
q260781,nDCG@10,0.0
q260781,R@100,0.0
q260782,nDCG@10,0.0
q260782,R@100,0.0
q260783,nDCG@10,0.0
q260783,R@100,1.0
q260784,nDCG@10,0.0
q260784,R@100,1.0
q260785,nDCG@10,0.0
q260785,R@100,0.0
q260786,nDCG@10,0.0
q260786,R@100,0.0
q260787,nDCG@10,0.0
q260787,R@100,0.0
q260788,nDCG@10,0.0
q260788,R@100,1.0
q260789,nDCG@10,0.0
q260789,R@100,1.0
q260790,nDCG@10,0.0
q260790,R@100,1.0
q260791,nDCG@10,1.0
q260791,R@100,1.0
q260792,nDCG@10,1.0
q260792,R@100,1.0
q260793,nDCG@10,0.0
q260793,R@100,0.0
q260794,nDCG@10,0.0
q260794,R@100,1.0
q260795,nDCG@10,0.0
q260795,R@100,0.0
q260796,nDCG@10,0.6309297535714575
q260796,R@100,1.0
q260797,nDCG@10,0.3333333333333333
q260797,R@100,1.0
q260798,nDCG@10,0.3333333333333333
q260798,R@100,1.0
q260799,nDCG@10,1.0
q260799,R@100,1.0
q260800,nDCG@10,0.0
q260800,R@100,1.0
q260801,nDCG@10,0.0
q260801,R@100,1.0
q260802,nDCG@10,1.0
q260802,R@100,1.0
q260803,nDCG@10,0.0
q260803,R@100,0.0
q260804,nDCG@10,0.0
q260804,R@100,0.0
q260805,nDCG@10,0.3010299956639812
q260805,R@100,1.0
q260806,nDCG@10,0.0
q260806,R@100,0.0
q260807,nDCG@10,0.0
q260807,R@100,1.0
q260808,nDCG@10,0.0
q260808,R@100,0.0
q260809,nDCG@10,0.0
q260809,R@100,0.0
q260810,nDCG@10,0.0
q260810,R@100,0.0
q260811,nDCG@10,0.0
q260811,R@100,0.0
q260812,nDCG@10,1.0
q260812,R@100,1.0
q260813,nDCG@10,1.0
q260813,R@100,1.0
q260814,nDCG@10,0.0
q260814,R@100,1.0
q260815,nDCG@10,0.0
q260815,R@100,0.0
q260816,nDCG@10,0.0
q260816,R@100,0.0
q260817,nDCG@10,0.3010299956639812
q260817,R@100,1.0
q260818,nDCG@10,1.0
q260818,R@100,1.0
q260819,nDCG@10,0.38685280723454163
q260819,R@100,1.0
q260820,nDCG@10,0.31546487678572877
q260820,R@100,1.0
q260821,nDCG@10,0.0
q260821,R@100,0.0
q260822,nDCG@10,1.0
q260822,R@100,1.0
q260823,nDCG@10,1.0
q260823,R@100,1.0
q260824,nDCG@10,0.0
q260824,R@100,0.0
q260825,nDCG@10,0.0
q260825,R@100,0.0
q260826,nDCG@10,0.0
q260826,R@100,0.0
q260827,nDCG@10,0.0
q260827,R@100,1.0
q260828,nDCG@10,0.3010299956639812
q260828,R@100,1.0
q260829,nDCG@10,1.0
q260829,R@100,1.0
q260830,nDCG@10,1.0
q260830,R@100,1.0
q260831,nDCG@10,0.3562071871080222
q260831,R@100,1.0
q260832,nDCG@10,0.0
q260832,R@100,0.0
q260833,nDCG@10,0.0
q260833,R@100,0.0
q260834,nDCG@10,0.0
q260834,R@100,0.0
q260835,nDCG@10,0.0
q260835,R@100,1.0
q260836,nDCG@10,0.0
q260836,R@100,1.0
q260837,nDCG@10,0.0
q260837,R@100,0.0
q260838,nDCG@10,0.0
q260838,R@100,0.0
q260839,nDCG@10,1.0
q260839,R@100,1.0
q260840,nDCG@10,0.0
q260840,R@100,0.0
q260841,nDCG@10,1.0
q260841,R@100,1.0
q260842,nDCG@10,1.0
q260842,R@100,1.0
q260843,nDCG@10,0.0
q260843,R@100,1.0
q260844,nDCG@10,0.0
q260844,R@100,0.0
q260845,nDCG@10,1.0
q260845,R@100,1.0
q260846,nDCG@10,0.0
q260846,R@100,1.0
q260847,nDCG@10,1.0
q260847,R@100,1.0
q260848,nDCG@10,1.0
q260848,R@100,1.0
q260849,nDCG@10,0.0
q260849,R@100,0.0
q260850,nDCG@10,0.0
q260850,R@100,0.0
q260851,nDCG@10,0.0
q260851,R@100,1.0
q260852,nDCG@10,0.0
q260852,R@100,0.0
q260853,nDCG@10,1.0
q260853,R@100,1.0
q260854,nDCG@10,0.0
q260854,R@100,1.0
q260855,nDCG@10,0.6309297535714575
q260855,R@100,1.0
q260856,nDCG@10,0.3333333333333333
q260856,R@100,1.0
q260857,nDCG@10,0.0
q260857,R@100,0.0
q260858,nDCG@10,0.0
q260858,R@100,0.0
q260859,nDCG@10,0.0
q260859,R@100,1.0
q260860,nDCG@10,0.0
q260860,R@100,0.0
q260861,nDCG@10,0.0
q260861,R@100,0.0
q260862,nDCG@10,0.0
q260862,R@100,1.0
q260863,nDCG@10,1.0
q260863,R@100,1.0
q260864,nDCG@10,0.0
q260864,R@100,0.0
q260865,nDCG@10,0.43067655807339306
q260865,R@100,1.0
q260866,nDCG@10,1.0
q260866,R@100,1.0
q260867,nDCG@10,0.0
q260867,R@100,0.0
q260868,nDCG@10,0.3010299956639812
q260868,R@100,1.0
q260869,nDCG@10,0.31546487678572877
q260869,R@100,1.0
q260870,nDCG@10,0.0
q260870,R@100,0.0
q260871,nDCG@10,0.3010299956639812
q260871,R@100,1.0
q260872,nDCG@10,0.6309297535714575
q260872,R@100,1.0
q260873,nDCG@10,0.0
q260873,R@100,0.0
q260874,nDCG@10,1.0
q260874,R@100,1.0
q260875,nDCG@10,0.0
q260875,R@100,0.0
q260876,nDCG@10,0.0
q260876,R@100,0.0
q260877,nDCG@10,0.43067655807339306
q260877,R@100,1.0
q260878,nDCG@10,0.31546487678572877
q260878,R@100,1.0
q260879,nDCG@10,0.0
q260879,R@100,1.0
q260880,nDCG@10,0.3562071871080222
q260880,R@100,1.0
q260881,nDCG@10,1.0
q260881,R@100,1.0
q260882,nDCG@10,0.31546487678572877
q260882,R@100,1.0
q260883,nDCG@10,0.0
q260883,R@100,1.0
q260884,nDCG@10,0.0
q260884,R@100,0.0
q260885,nDCG@10,0.0
q260885,R@100,0.0
q260886,nDCG@10,0.0
q260886,R@100,0.0
q260887,nDCG@10,0.6309297535714575
q260887,R@100,1.0
q260888,nDCG@10,0.0
q260888,R@100,0.0
q260889,nDCG@10,0.0
q260889,R@100,1.0
q260890,nDCG@10,0.5
q260890,R@100,1.0
q260891,nDCG@10,0.6309297535714575
q260891,R@100,1.0
q260892,nDCG@10,0.3562071871080222
q260892,R@100,1.0
q260893,nDCG@10,1.0
q260893,R@100,1.0
q260894,nDCG@10,0.0
q260894,R@100,0.0
q260895,nDCG@10,0.0
q260895,R@100,1.0
q260896,nDCG@10,0.6309297535714575
q260896,R@100,1.0
q260897,nDCG@10,0.0
q260897,R@100,1.0
q260898,nDCG@10,0.0
q260898,R@100,0.0
q260899,nDCG@10,1.0
q260899,R@100,1.0
q260900,nDCG@10,1.0
q260900,R@100,1.0
q260901,nDCG@10,0.0
q260901,R@100,0.0
q260902,nDCG@10,1.0
q260902,R@100,1.0
q260903,nDCG@10,0.0
q260903,R@100,1.0
q260904,nDCG@10,0.0
q260904,R@100,0.0
q260905,nDCG@10,0.0
q260905,R@100,1.0
q260906,nDCG@10,0.0
q260906,R@100,0.0
q260907,nDCG@10,0.5
q260907,R@100,1.0
q260908,nDCG@10,0.0
q260908,R@100,0.0
q260909,nDCG@10,0.0
q260909,R@100,0.0
q260910,nDCG@10,0.0
q260910,R@100,0.0
q260911,nDCG@10,0.0
q260911,R@100,0.0
q260912,nDCG@10,0.0
q260912,R@100,0.0
q260913,nDCG@10,0.0
q260913,R@100,1.0
q260914,nDCG@10,0.0
q260914,R@100,0.0
q260915,nDCG@10,0.0
q260915,R@100,0.0
q260916,nDCG@10,0.0
q260916,R@100,0.0
q260917,nDCG@10,0.6309297535714575
q260917,R@100,1.0
q260918,nDCG@10,1.0
q260918,R@100,1.0
q260919,nDCG@10,0.0
q260919,R@100,0.0
q260920,nDCG@10,0.0
q260920,R@100,0.0
q260921,nDCG@10,0.0
q260921,R@100,0.0
q260922,nDCG@10,0.0
q260922,R@100,0.0
q260923,nDCG@10,1.0
q260923,R@100,1.0
q260924,nDCG@10,0.0
q260924,R@100,0.0
q260925,nDCG@10,0.0
q260925,R@100,0.0
q260926,nDCG@10,0.0
q260926,R@100,1.0
q260927,nDCG@10,0.6309297535714575
q260927,R@100,1.0
q260928,nDCG@10,0.0
q260928,R@100,0.0
q260929,nDCG@10,0.0
q260929,R@100,0.0
q260930,nDCG@10,0.0
q260930,R@100,0.0
q260931,nDCG@10,0.0
q260931,R@100,0.0
q260932,nDCG@10,0.0
q260932,R@100,1.0
q260933,nDCG@10,0.0
q260933,R@100,1.0
q260934,nDCG@10,0.0
q260934,R@100,0.0
q260935,nDCG@10,0.6309297535714575
q260935,R@100,1.0
q260936,nDCG@10,0.5
q260936,R@100,1.0
q260937,nDCG@10,0.0
q260937,R@100,1.0
q260938,nDCG@10,0.0
q260938,R@100,0.0
q260939,nDCG@10,0.5
q260939,R@100,1.0
q260940,nDCG@10,0.0
q260940,R@100,1.0
q260941,nDCG@10,0.0
q260941,R@100,0.0
q260942,nDCG@10,0.0
q260942,R@100,1.0
q260943,nDCG@10,0.0
q260943,R@100,1.0
q260944,nDCG@10,1.0
q260944,R@100,1.0
q260945,nDCG@10,0.0
q260945,R@100,0.0
q260946,nDCG@10,0.0
q260946,R@100,0.0
q260947,nDCG@10,0.0
q260947,R@100,1.0
q260948,nDCG@10,1.0
q260948,R@100,1.0
q260949,nDCG@10,0.3010299956639812
q260949,R@100,1.0
q260950,nDCG@10,0.0
q260950,R@100,1.0
q260951,nDCG@10,0.5
q260951,R@100,1.0
q260952,nDCG@10,0.0
q260952,R@100,0.0
q260953,nDCG@10,0.0
q260953,R@100,0.0
q260954,nDCG@10,0.3562071871080222
q260954,R@100,1.0
q260955,nDCG@10,0.0
q260955,R@100,0.0
q260956,nDCG@10,1.0
q260956,R@100,1.0
q260957,nDCG@10,1.0
q260957,R@100,1.0
q260958,nDCG@10,0.0
q260958,R@100,0.0
q260959,nDCG@10,1.0
q260959,R@100,1.0
q260960,nDCG@10,0.0
q260960,R@100,0.0
q260961,nDCG@10,0.3333333333333333
q260961,R@100,1.0
q260962,nDCG@10,0.0
q260962,R@100,0.0
q260963,nDCG@10,1.0
q260963,R@100,1.0
q260964,nDCG@10,0.0
q260964,R@100,1.0
q260965,nDCG@10,0.0
q260965,R@100,1.0
q260966,nDCG@10,0.0
q260966,R@100,1.0
q260967,nDCG@10,0.0
q260967,R@100,1.0
q260968,nDCG@10,1.0
q260968,R@100,1.0
q260969,nDCG@10,0.6309297535714575
q260969,R@100,1.0
q260970,nDCG@10,1.0
q260970,R@100,1.0
q260971,nDCG@10,1.0
q260971,R@100,1.0
q260972,nDCG@10,0.5
q260972,R@100,1.0
q260973,nDCG@10,0.6309297535714575
q260973,R@100,1.0
q260974,nDCG@10,1.0
q260974,R@100,1.0
q260975,nDCG@10,0.0
q260975,R@100,1.0
q260976,nDCG@10,0.0
q260976,R@100,1.0
q260977,nDCG@10,1.0
q260977,R@100,1.0
q260978,nDCG@10,1.0
q260978,R@100,1.0
q260979,nDCG@10,0.6309297535714575
q260979,R@100,1.0
q260980,nDCG@10,0.0
q260980,R@100,0.0
q260981,nDCG@10,0.0
q260981,R@100,0.0
q260982,nDCG@10,0.0
q260982,R@100,0.0
q260983,nDCG@10,0.0
q260983,R@100,0.0
q260984,nDCG@10,0.0
q260984,R@100,0.0
q260985,nDCG@10,0.0
q260985,R@100,1.0
q260986,nDCG@10,1.0
q260986,R@100,1.0
q260987,nDCG@10,0.0
q260987,R@100,1.0
q260988,nDCG@10,0.0
q260988,R@100,0.0
q260989,nDCG@10,0.0
q260989,R@100,0.0
q260990,nDCG@10,0.0
q260990,R@100,1.0
q260991,nDCG@10,0.0
q260991,R@100,1.0
q260992,nDCG@10,0.43067655807339306
q260992,R@100,1.0
q260993,nDCG@10,1.0
q260993,R@100,1.0
q260994,nDCG@10,0.0
q260994,R@100,0.0
q260995,nDCG@10,0.0
q260995,R@100,0.0
q260996,nDCG@10,0.0
q260996,R@100,0.0
q260997,nDCG@10,0.0
q260997,R@100,0.0
q260998,nDCG@10,0.2890648263178879
q260998,R@100,1.0
q260999,nDCG@10,0.0
q260999,R@100,0.0
q261000,nDCG@10,0.0
q261000,R@100,0.0
q261001,nDCG@10,0.0
q261001,R@100,1.0
q261002,nDCG@10,0.0
q261002,R@100,0.0
q261003,nDCG@10,1.0
q261003,R@100,1.0
q261004,nDCG@10,1.0
q261004,R@100,1.0
q261005,nDCG@10,1.0
q261005,R@100,1.0
q261006,nDCG@10,1.0
q261006,R@100,1.0
q261007,nDCG@10,0.0
q261007,R@100,1.0
q261008,nDCG@10,0.0
q261008,R@100,0.0
q261009,nDCG@10,0.0
q261009,R@100,1.0
q261010,nDCG@10,0.0
q261010,R@100,0.0
q261011,nDCG@10,0.0
q261011,R@100,0.0
q261012,nDCG@10,1.0
q261012,R@100,1.0
q261013,nDCG@10,0.0
q261013,R@100,0.0
q261014,nDCG@10,1.0
q261014,R@100,1.0
q261015,nDCG@10,0.0
q261015,R@100,0.0
q261016,nDCG@10,1.0
q261016,R@100,1.0
q261017,nDCG@10,0.0
q261017,R@100,0.0
q261018,nDCG@10,1.0
q261018,R@100,1.0
q261019,nDCG@10,1.0
q261019,R@100,1.0
q261020,nDCG@10,1.0
q261020,R@100,1.0
q261021,nDCG@10,1.0
q261021,R@100,1.0
q261022,nDCG@10,0.3562071871080222
q261022,R@100,1.0
q261023,nDCG@10,0.0
q261023,R@100,0.0
q261024,nDCG@10,0.0
q261024,R@100,0.0
q261025,nDCG@10,0.6309297535714575
q261025,R@100,1.0
q261026,nDCG@10,0.0
q261026,R@100,0.0
q261027,nDCG@10,0.0
q261027,R@100,0.0
q261028,nDCG@10,0.0
q261028,R@100,1.0
q261029,nDCG@10,1.0
q261029,R@100,1.0
q261030,nDCG@10,1.0
q261030,R@100,1.0
q261031,nDCG@10,1.0
q261031,R@100,1.0
q261032,nDCG@10,0.6309297535714575
q261032,R@100,1.0
q261033,nDCG@10,1.0
q261033,R@100,1.0
q261034,nDCG@10,0.0
q261034,R@100,1.0
q261035,nDCG@10,0.0
q261035,R@100,0.0
q261036,nDCG@10,0.0
q261036,R@100,0.0
q261037,nDCG@10,1.0
q261037,R@100,1.0
q261038,nDCG@10,1.0
q261038,R@100,1.0
q261039,nDCG@10,1.0
q261039,R@100,1.0
q261040,nDCG@10,0.0
q261040,R@100,1.0
q261041,nDCG@10,0.0
q261041,R@100,1.0
q261042,nDCG@10,0.0
q261042,R@100,1.0
q261043,nDCG@10,0.0
q261043,R@100,0.0
q261044,nDCG@10,0.0
q261044,R@100,1.0
q261045,nDCG@10,0.0
q261045,R@100,1.0
q261046,nDCG@10,0.0
q261046,R@100,0.0
q261047,nDCG@10,0.0
q261047,R@100,0.0
q261048,nDCG@10,0.0
q261048,R@100,1.0
q261049,nDCG@10,0.0
q261049,R@100,0.0
q261050,nDCG@10,0.43067655807339306
q261050,R@100,1.0
q261051,nDCG@10,1.0
q261051,R@100,1.0
q261052,nDCG@10,0.0
q261052,R@100,1.0
q261053,nDCG@10,1.0
q261053,R@100,1.0
q261054,nDCG@10,1.0
q261054,R@100,1.0
q261055,nDCG@10,0.43067655807339306
q261055,R@100,1.0
q261056,nDCG@10,0.0
q261056,R@100,0.0
q261057,nDCG@10,0.0
q261057,R@100,0.0
q261058,nDCG@10,0.0
q261058,R@100,0.0
q261059,nDCG@10,0.0
q261059,R@100,1.0
q261060,nDCG@10,0.0
q261060,R@100,0.0
q261061,nDCG@10,0.0
q261061,R@100,1.0
q261062,nDCG@10,0.0
q261062,R@100,0.0
q261063,nDCG@10,0.0
q261063,R@100,1.0
q261064,nDCG@10,0.0
q261064,R@100,0.0
q261065,nDCG@10,0.0
q261065,R@100,0.0
q261066,nDCG@10,0.0
q261066,R@100,0.0
q261067,nDCG@10,0.0
q261067,R@100,0.0
q261068,nDCG@10,1.0
q261068,R@100,1.0
q261069,nDCG@10,1.0
q261069,R@100,1.0
q261070,nDCG@10,1.0
q261070,R@100,1.0
q261071,nDCG@10,1.0
q261071,R@100,1.0
q261072,nDCG@10,1.0
q261072,R@100,1.0
q261073,nDCG@10,0.0
q261073,R@100,1.0
q261074,nDCG@10,0.0
q261074,R@100,0.0
q261075,nDCG@10,0.0
q261075,R@100,0.0
q261076,nDCG@10,0.0
q261076,R@100,1.0
q261077,nDCG@10,0.0
q261077,R@100,0.0
q261078,nDCG@10,0.0
q261078,R@100,0.0
q261079,nDCG@10,0.0
q261079,R@100,0.0
q261080,nDCG@10,0.0
q261080,R@100,0.0
q261081,nDCG@10,0.0
q261081,R@100,0.0
q261082,nDCG@10,1.0
q261082,R@100,1.0
q261083,nDCG@10,0.0
q261083,R@100,0.0
q261084,nDCG@10,1.0
q261084,R@100,1.0
q261085,nDCG@10,1.0
q261085,R@100,1.0
q261086,nDCG@10,0.0
q261086,R@100,0.0
q261087,nDCG@10,0.3333333333333333
q261087,R@100,1.0
q261088,nDCG@10,0.31546487678572877
q261088,R@100,1.0
q261089,nDCG@10,0.0
q261089,R@100,1.0
q261090,nDCG@10,1.0
q261090,R@100,1.0
q261091,nDCG@10,0.0
q261091,R@100,1.0
q261092,nDCG@10,0.2890648263178879
q261092,R@100,1.0
q261093,nDCG@10,1.0
q261093,R@100,1.0
q261094,nDCG@10,1.0
q261094,R@100,1.0
q261095,nDCG@10,0.5
q261095,R@100,1.0
q261096,nDCG@10,1.0
q261096,R@100,1.0
q261097,nDCG@10,0.6309297535714575
q261097,R@100,1.0
q261098,nDCG@10,1.0
q261098,R@100,1.0
q261099,nDCG@10,1.0
q261099,R@100,1.0
q261100,nDCG@10,1.0
q261100,R@100,1.0
q261101,nDCG@10,0.6309297535714575
q261101,R@100,1.0
q261102,nDCG@10,0.6309297535714575
q261102,R@100,1.0
q261103,nDCG@10,0.0
q261103,R@100,1.0
q261104,nDCG@10,0.6309297535714575
q261104,R@100,1.0
q261105,nDCG@10,0.0
q261105,R@100,1.0
q261106,nDCG@10,1.0
q261106,R@100,1.0
q261107,nDCG@10,0.0
q261107,R@100,0.0
q261108,nDCG@10,0.0
q261108,R@100,0.0
q261109,nDCG@10,1.0
q261109,R@100,1.0
q261110,nDCG@10,0.5
q261110,R@100,1.0
q261111,nDCG@10,0.0
q261111,R@100,0.0
q261112,nDCG@10,0.0
q261112,R@100,0.0
q261113,nDCG@10,0.6309297535714575
q261113,R@100,1.0
q261114,nDCG@10,0.6309297535714575
q261114,R@100,1.0
q261115,nDCG@10,0.0
q261115,R@100,0.0
q261116,nDCG@10,0.0
q261116,R@100,0.0
q261117,nDCG@10,0.0
q261117,R@100,0.0
q261118,nDCG@10,0.0
q261118,R@100,0.0
q261119,nDCG@10,0.0
q261119,R@100,0.0
q261120,nDCG@10,0.0
q261120,R@100,1.0
q261121,nDCG@10,0.0
q261121,R@100,1.0
q261122,nDCG@10,0.0
q261122,R@100,1.0
q261123,nDCG@10,1.0
q261123,R@100,1.0
q261124,nDCG@10,1.0
q261124,R@100,1.0
q261125,nDCG@10,0.6309297535714575
q261125,R@100,1.0
q261126,nDCG@10,1.0
q261126,R@100,1.0
q261127,nDCG@10,1.0
q261127,R@100,1.0
q261128,nDCG@10,0.0
q261128,R@100,0.0
q261129,nDCG@10,1.0
q261129,R@100,1.0
q261130,nDCG@10,0.6309297535714575
q261130,R@100,1.0
q261131,nDCG@10,0.0
q261131,R@100,0.0
q261132,nDCG@10,0.0
q261132,R@100,0.0
q261133,nDCG@10,0.0
q261133,R@100,0.0
q261134,nDCG@10,0.0
q261134,R@100,0.0
q261135,nDCG@10,0.43067655807339306
q261135,R@100,1.0
q261136,nDCG@10,1.0
q261136,R@100,1.0
q261137,nDCG@10,0.0
q261137,R@100,1.0
q261138,nDCG@10,0.0
q261138,R@100,1.0
q261139,nDCG@10,0.0
q261139,R@100,0.0
q261140,nDCG@10,0.3333333333333333
q261140,R@100,1.0
q261141,nDCG@10,0.0
q261141,R@100,1.0
q261142,nDCG@10,0.0
q261142,R@100,0.0
q261143,nDCG@10,0.0
q261143,R@100,0.0
q261144,nDCG@10,0.0
q261144,R@100,0.0
q261145,nDCG@10,0.3333333333333333
q261145,R@100,1.0
q261146,nDCG@10,0.0
q261146,R@100,0.0
q261147,nDCG@10,1.0
q261147,R@100,1.0
q261148,nDCG@10,0.0
q261148,R@100,0.0
q261149,nDCG@10,0.0
q261149,R@100,0.0
q261150,nDCG@10,0.0
q261150,R@100,0.0
q261151,nDCG@10,0.0
q261151,R@100,0.0
q261152,nDCG@10,0.0
q261152,R@100,0.0
q261153,nDCG@10,1.0
q261153,R@100,1.0
q261154,nDCG@10,1.0
q261154,R@100,1.0
q261155,nDCG@10,0.0
q261155,R@100,0.0
q261156,nDCG@10,0.0
q261156,R@100,0.0
q261157,nDCG@10,1.0
q261157,R@100,1.0
q261158,nDCG@10,0.0
q261158,R@100,1.0
q261159,nDCG@10,0.6309297535714575
q261159,R@100,1.0
q261160,nDCG@10,0.0
q261160,R@100,0.0
q261161,nDCG@10,1.0
q261161,R@100,1.0
q261162,nDCG@10,1.0
q261162,R@100,1.0
q261163,nDCG@10,1.0
q261163,R@100,1.0
q261164,nDCG@10,0.0
q261164,R@100,0.0
q261165,nDCG@10,1.0
q261165,R@100,1.0
q261166,nDCG@10,0.0
q261166,R@100,1.0
q261167,nDCG@10,0.3562071871080222
q261167,R@100,1.0
q261168,nDCG@10,0.0
q261168,R@100,0.0
q261169,nDCG@10,0.0
q261169,R@100,0.0
q261170,nDCG@10,0.6309297535714575
q261170,R@100,1.0
q261171,nDCG@10,0.5
q261171,R@100,1.0
q261172,nDCG@10,1.0
q261172,R@100,1.0
q261173,nDCG@10,0.0
q261173,R@100,0.0
q261174,nDCG@10,1.0
q261174,R@100,1.0
q261175,nDCG@10,1.0
q261175,R@100,1.0
q261176,nDCG@10,0.0
q261176,R@100,0.0
q261177,nDCG@10,0.0
q261177,R@100,0.0
q261178,nDCG@10,0.0
q261178,R@100,0.0
q261179,nDCG@10,0.0
q261179,R@100,0.0
q261180,nDCG@10,0.0
q261180,R@100,0.0
q261181,nDCG@10,0.38685280723454163
q261181,R@100,1.0
q261182,nDCG@10,0.0
q261182,R@100,1.0
q261183,nDCG@10,0.0
q261183,R@100,1.0
q261184,nDCG@10,0.0
q261184,R@100,0.0
q261185,nDCG@10,0.0
q261185,R@100,0.0
q261186,nDCG@10,0.3562071871080222
q261186,R@100,1.0
q261187,nDCG@10,0.6309297535714575
q261187,R@100,1.0
q261188,nDCG@10,1.0
q261188,R@100,1.0
q261189,nDCG@10,1.0
q261189,R@100,1.0
q261190,nDCG@10,0.0
q261190,R@100,1.0
q261191,nDCG@10,0.0
q261191,R@100,0.0
q261192,nDCG@10,1.0
q261192,R@100,1.0
q261193,nDCG@10,1.0
q261193,R@100,1.0
q261194,nDCG@10,1.0
q261194,R@100,1.0
q261195,nDCG@10,1.0
q261195,R@100,1.0
q261196,nDCG@10,0.0
q261196,R@100,1.0
q261197,nDCG@10,0.6309297535714575
q261197,R@100,1.0
q261198,nDCG@10,0.6309297535714575
q261198,R@100,1.0
q261199,nDCG@10,0.43067655807339306
q261199,R@100,1.0
q261200,nDCG@10,0.0
q261200,R@100,0.0
q261201,nDCG@10,0.0
q261201,R@100,0.0
q261202,nDCG@10,0.0
q261202,R@100,0.0
q261203,nDCG@10,0.0
q261203,R@100,0.0
q261204,nDCG@10,0.0
q261204,R@100,0.0
q261205,nDCG@10,0.0
q261205,R@100,0.0
q261206,nDCG@10,1.0
q261206,R@100,1.0
q261207,nDCG@10,0.0
q261207,R@100,0.0
q261208,nDCG@10,0.0
q261208,R@100,0.0
q261209,nDCG@10,0.0
q261209,R@100,0.0
q261210,nDCG@10,1.0
q261210,R@100,1.0
q261211,nDCG@10,0.0
q261211,R@100,0.0
q261212,nDCG@10,0.5
q261212,R@100,1.0
q261213,nDCG@10,0.0
q261213,R@100,1.0
q261214,nDCG@10,1.0
q261214,R@100,1.0
q261215,nDCG@10,0.0
q261215,R@100,1.0
q261216,nDCG@10,0.0
q261216,R@100,1.0
q261217,nDCG@10,0.5
q261217,R@100,1.0
q261218,nDCG@10,1.0
q261218,R@100,1.0
q261219,nDCG@10,0.0
q261219,R@100,0.0
q261220,nDCG@10,0.0
q261220,R@100,0.0
q261221,nDCG@10,0.0
q261221,R@100,0.0
q261222,nDCG@10,1.0
q261222,R@100,1.0
q261223,nDCG@10,1.0
q261223,R@100,1.0
q261224,nDCG@10,1.0
q261224,R@100,1.0
q261225,nDCG@10,0.43067655807339306
q261225,R@100,1.0
q261226,nDCG@10,0.6309297535714575
q261226,R@100,1.0
q261227,nDCG@10,0.6309297535714575
q261227,R@100,1.0
q261228,nDCG@10,0.3333333333333333
q261228,R@100,1.0
q261229,nDCG@10,0.5
q261229,R@100,1.0
q261230,nDCG@10,0.0
q261230,R@100,0.0
q261231,nDCG@10,0.0
q261231,R@100,0.0
q261232,nDCG@10,0.3010299956639812
q261232,R@100,1.0
q261233,nDCG@10,0.0
q261233,R@100,0.0
q261234,nDCG@10,0.6309297535714575
q261234,R@100,1.0
q261235,nDCG@10,1.0
q261235,R@100,1.0
q261236,nDCG@10,0.0
q261236,R@100,0.0
q261237,nDCG@10,0.0
q261237,R@100,0.0
q261238,nDCG@10,0.0
q261238,R@100,0.0
q261239,nDCG@10,1.0
q261239,R@100,1.0
q261240,nDCG@10,1.0
q261240,R@100,1.0
q261241,nDCG@10,0.0
q261241,R@100,0.0
q261242,nDCG@10,0.6309297535714575
q261242,R@100,1.0
q261243,nDCG@10,1.0
q261243,R@100,1.0
q261244,nDCG@10,0.0
q261244,R@100,0.0
q261245,nDCG@10,1.0
q261245,R@100,1.0
q261246,nDCG@10,1.0
q261246,R@100,1.0
q261247,nDCG@10,0.0
q261247,R@100,1.0
q261248,nDCG@10,1.0
q261248,R@100,1.0
q261249,nDCG@10,0.0
q261249,R@100,0.0
q261250,nDCG@10,0.5
q261250,R@100,1.0
q261251,nDCG@10,0.0
q261251,R@100,1.0
q261252,nDCG@10,0.0
q261252,R@100,1.0
q261253,nDCG@10,0.5
q261253,R@100,1.0
q261254,nDCG@10,0.3333333333333333
q261254,R@100,1.0
q261255,nDCG@10,0.0
q261255,R@100,0.0
q261256,nDCG@10,1.0
q261256,R@100,1.0
q261257,nDCG@10,0.0
q261257,R@100,1.0
q261258,nDCG@10,0.0
q261258,R@100,0.0
q261259,nDCG@10,1.0
q261259,R@100,1.0
q261260,nDCG@10,0.38685280723454163
q261260,R@100,1.0
q261261,nDCG@10,0.0
q261261,R@100,0.0
q261262,nDCG@10,0.6309297535714575
q261262,R@100,1.0
q261263,nDCG@10,1.0
q261263,R@100,1.0
q261264,nDCG@10,0.0
q261264,R@100,0.0
q261265,nDCG@10,0.0
q261265,R@100,0.0
q261266,nDCG@10,0.38685280723454163
q261266,R@100,1.0
q261267,nDCG@10,0.0
q261267,R@100,0.0
q261268,nDCG@10,0.6309297535714575
q261268,R@100,1.0
q261269,nDCG@10,0.6309297535714575
q261269,R@100,1.0
q261270,nDCG@10,0.0
q261270,R@100,0.0
q261271,nDCG@10,1.0
q261271,R@100,1.0
q261272,nDCG@10,0.0
q261272,R@100,0.0
q261273,nDCG@10,1.0
q261273,R@100,1.0
q261274,nDCG@10,0.5
q261274,R@100,1.0
q261275,nDCG@10,0.0
q261275,R@100,0.0
q261276,nDCG@10,1.0
q261276,R@100,1.0
q261277,nDCG@10,0.3333333333333333
q261277,R@100,1.0
q261278,nDCG@10,0.0
q261278,R@100,0.0
q261279,nDCG@10,0.2890648263178879
q261279,R@100,1.0
q261280,nDCG@10,0.0
q261280,R@100,0.0
q261281,nDCG@10,0.0
q261281,R@100,0.0
q261282,nDCG@10,0.0
q261282,R@100,0.0
q261283,nDCG@10,0.0
q261283,R@100,0.0
q261284,nDCG@10,0.0
q261284,R@100,0.0
q261285,nDCG@10,1.0
q261285,R@100,1.0
q261286,nDCG@10,1.0
q261286,R@100,1.0
q261287,nDCG@10,1.0
q261287,R@100,1.0
q261288,nDCG@10,0.0
q261288,R@100,0.0
q261289,nDCG@10,0.31546487678572877
q261289,R@100,1.0
q261290,nDCG@10,0.0
q261290,R@100,1.0
q261291,nDCG@10,1.0
q261291,R@100,1.0
q261292,nDCG@10,0.5
q261292,R@100,1.0
q261293,nDCG@10,1.0
q261293,R@100,1.0
q261294,nDCG@10,1.0
q261294,R@100,1.0
q261295,nDCG@10,1.0
q261295,R@100,1.0
q261296,nDCG@10,1.0
q261296,R@100,1.0
q261297,nDCG@10,1.0
q261297,R@100,1.0
q261298,nDCG@10,1.0
q261298,R@100,1.0
q261299,nDCG@10,1.0
q261299,R@100,1.0
q261300,nDCG@10,1.0
q261300,R@100,1.0
q261301,nDCG@10,0.0
q261301,R@100,0.0
q261302,nDCG@10,0.0
q261302,R@100,0.0
q261303,nDCG@10,1.0
q261303,R@100,1.0
q261304,nDCG@10,0.31546487678572877
q261304,R@100,1.0
q261305,nDCG@10,0.6309297535714575
q261305,R@100,1.0
q261306,nDCG@10,0.0
q261306,R@100,0.0
q261307,nDCG@10,0.6309297535714575
q261307,R@100,1.0
q261308,nDCG@10,0.0
q261308,R@100,0.0
q261309,nDCG@10,0.6309297535714575
q261309,R@100,1.0
q261310,nDCG@10,0.0
q261310,R@100,1.0
q261311,nDCG@10,1.0
q261311,R@100,1.0
q261312,nDCG@10,0.3562071871080222
q261312,R@100,1.0
q261313,nDCG@10,0.0
q261313,R@100,0.0
q261314,nDCG@10,1.0
q261314,R@100,1.0
q261315,nDCG@10,0.0
q261315,R@100,0.0
q261316,nDCG@10,0.43067655807339306
q261316,R@100,1.0
q261317,nDCG@10,0.0
q261317,R@100,0.0
q261318,nDCG@10,0.43067655807339306
q261318,R@100,1.0
q261319,nDCG@10,0.0
q261319,R@100,1.0
q261320,nDCG@10,1.0
q261320,R@100,1.0
q261321,nDCG@10,0.6309297535714575
q261321,R@100,1.0
q261322,nDCG@10,0.0
q261322,R@100,1.0
q261323,nDCG@10,1.0
q261323,R@100,1.0
q261324,nDCG@10,0.0
q261324,R@100,0.0
q261325,nDCG@10,0.0
q261325,R@100,0.0
q261326,nDCG@10,1.0
q261326,R@100,1.0
q261327,nDCG@10,1.0
q261327,R@100,1.0
q261328,nDCG@10,0.0
q261328,R@100,1.0
q261329,nDCG@10,0.0
q261329,R@100,0.0
q261330,nDCG@10,0.0
q261330,R@100,0.0
q261331,nDCG@10,0.0
q261331,R@100,0.0
q261332,nDCG@10,0.0
q261332,R@100,0.0
q261333,nDCG@10,0.0
q261333,R@100,1.0
q261334,nDCG@10,1.0
q261334,R@100,1.0
q261335,nDCG@10,0.0
q261335,R@100,1.0
q261336,nDCG@10,1.0
q261336,R@100,1.0
q261337,nDCG@10,1.0
q261337,R@100,1.0
q261338,nDCG@10,1.0
q261338,R@100,1.0
q261339,nDCG@10,0.0
q261339,R@100,1.0
q261340,nDCG@10,1.0
q261340,R@100,1.0
q261341,nDCG@10,0.6309297535714575
q261341,R@100,1.0
q261342,nDCG@10,0.43067655807339306
q261342,R@100,1.0
q261343,nDCG@10,1.0
q261343,R@100,1.0
q261344,nDCG@10,0.6309297535714575
q261344,R@100,1.0
q261345,nDCG@10,0.38685280723454163
q261345,R@100,1.0
q261346,nDCG@10,1.0
q261346,R@100,1.0
q261347,nDCG@10,0.5
q261347,R@100,1.0
q261348,nDCG@10,0.0
q261348,R@100,1.0
q261349,nDCG@10,0.38685280723454163
q261349,R@100,1.0
q261350,nDCG@10,0.0
q261350,R@100,1.0
q261351,nDCG@10,1.0
q261351,R@100,1.0
q261352,nDCG@10,0.0
q261352,R@100,1.0
q261353,nDCG@10,0.5
q261353,R@100,1.0
q261354,nDCG@10,0.0
q261354,R@100,0.0
q261355,nDCG@10,0.5
q261355,R@100,1.0
q261356,nDCG@10,0.0
q261356,R@100,0.0
q261357,nDCG@10,0.0
q261357,R@100,1.0
q261358,nDCG@10,1.0
q261358,R@100,1.0
q261359,nDCG@10,0.6309297535714575
q261359,R@100,1.0
q261360,nDCG@10,1.0
q261360,R@100,1.0
q261361,nDCG@10,0.6309297535714575
q261361,R@100,1.0
q261362,nDCG@10,0.0
q261362,R@100,1.0
q261363,nDCG@10,0.6309297535714575
q261363,R@100,1.0
q261364,nDCG@10,1.0
q261364,R@100,1.0
q261365,nDCG@10,0.0
q261365,R@100,1.0
q261366,nDCG@10,1.0
q261366,R@100,1.0
q261367,nDCG@10,0.3333333333333333
q261367,R@100,1.0
q261368,nDCG@10,1.0
q261368,R@100,1.0
q261369,nDCG@10,1.0
q261369,R@100,1.0
q261370,nDCG@10,1.0
q261370,R@100,1.0
q261371,nDCG@10,1.0
q261371,R@100,1.0
q261372,nDCG@10,1.0
q261372,R@100,1.0
q261373,nDCG@10,0.0
q261373,R@100,0.0
q261374,nDCG@10,0.0
q261374,R@100,0.0
q261375,nDCG@10,0.38685280723454163
q261375,R@100,1.0
q261376,nDCG@10,0.0
q261376,R@100,1.0
q261377,nDCG@10,1.0
q261377,R@100,1.0
q261378,nDCG@10,1.0
q261378,R@100,1.0
q261379,nDCG@10,0.0
q261379,R@100,1.0
q261380,nDCG@10,0.0
q261380,R@100,0.0
q261381,nDCG@10,1.0
q261381,R@100,1.0
q261382,nDCG@10,1.0
q261382,R@100,1.0
q261383,nDCG@10,0.0
q261383,R@100,1.0
q261384,nDCG@10,1.0
q261384,R@100,1.0
q261385,nDCG@10,1.0
q261385,R@100,1.0
q261386,nDCG@10,0.6309297535714575
q261386,R@100,1.0
q261387,nDCG@10,0.6309297535714575
q261387,R@100,1.0
q261388,nDCG@10,0.6309297535714575
q261388,R@100,1.0
q261389,nDCG@10,0.6309297535714575
q261389,R@100,1.0
q261390,nDCG@10,0.6309297535714575
q261390,R@100,1.0
q261391,nDCG@10,1.0
q261391,R@100,1.0
q261392,nDCG@10,1.0
q261392,R@100,1.0
q261393,nDCG@10,1.0
q261393,R@100,1.0
q261394,nDCG@10,0.0
q261394,R@100,1.0
q261395,nDCG@10,1.0
q261395,R@100,1.0
q261396,nDCG@10,1.0
q261396,R@100,1.0
q261397,nDCG@10,0.5
q261397,R@100,1.0
q261398,nDCG@10,0.6309297535714575
q261398,R@100,1.0
q261399,nDCG@10,0.6309297535714575
q261399,R@100,1.0
q261400,nDCG@10,0.0
q261400,R@100,0.0
q261401,nDCG@10,1.0
q261401,R@100,1.0
q261402,nDCG@10,1.0
q261402,R@100,1.0
q261403,nDCG@10,1.0
q261403,R@100,1.0
q261404,nDCG@10,1.0
q261404,R@100,1.0
q261405,nDCG@10,0.6309297535714575
q261405,R@100,1.0
q261406,nDCG@10,1.0
q261406,R@100,1.0
q261407,nDCG@10,0.38685280723454163
q261407,R@100,1.0
q261408,nDCG@10,0.5
q261408,R@100,1.0
q261409,nDCG@10,1.0
q261409,R@100,1.0
q261410,nDCG@10,1.0
q261410,R@100,1.0
q261411,nDCG@10,1.0
q261411,R@100,1.0
q261412,nDCG@10,0.5
q261412,R@100,1.0
q261413,nDCG@10,0.6309297535714575
q261413,R@100,1.0
q261414,nDCG@10,1.0
q261414,R@100,1.0
q261415,nDCG@10,0.0
q261415,R@100,1.0
q261416,nDCG@10,0.6309297535714575
q261416,R@100,1.0
q261417,nDCG@10,0.3010299956639812
q261417,R@100,1.0
q261418,nDCG@10,1.0
q261418,R@100,1.0
q261419,nDCG@10,0.5
q261419,R@100,1.0
q261420,nDCG@10,0.5
q261420,R@100,1.0
q261421,nDCG@10,1.0
q261421,R@100,1.0
q261422,nDCG@10,1.0
q261422,R@100,1.0
q261423,nDCG@10,0.43067655807339306
q261423,R@100,1.0
q261424,nDCG@10,1.0
q261424,R@100,1.0
q261425,nDCG@10,1.0
q261425,R@100,1.0
q261426,nDCG@10,0.6309297535714575
q261426,R@100,1.0
q261427,nDCG@10,0.0
q261427,R@100,0.0
q261428,nDCG@10,0.5
q261428,R@100,1.0
q261429,nDCG@10,1.0
q261429,R@100,1.0
q261430,nDCG@10,1.0
q261430,R@100,1.0
q261431,nDCG@10,1.0
q261431,R@100,1.0
q261432,nDCG@10,1.0
q261432,R@100,1.0
q261433,nDCG@10,1.0
q261433,R@100,1.0
q261434,nDCG@10,1.0
q261434,R@100,1.0
q261435,nDCG@10,0.0
q261435,R@100,1.0
q261436,nDCG@10,0.0
q261436,R@100,0.0
q261437,nDCG@10,0.0
q261437,R@100,0.0
q261438,nDCG@10,1.0
q261438,R@100,1.0
q261439,nDCG@10,0.0
q261439,R@100,1.0
q261440,nDCG@10,1.0
q261440,R@100,1.0
q261441,nDCG@10,1.0
q261441,R@100,1.0
q261442,nDCG@10,1.0
q261442,R@100,1.0
q261443,nDCG@10,1.0
q261443,R@100,1.0
q261444,nDCG@10,1.0
q261444,R@100,1.0
q261445,nDCG@10,0.6309297535714575
q261445,R@100,1.0
q261446,nDCG@10,0.5
q261446,R@100,1.0
q261447,nDCG@10,0.0
q261447,R@100,0.0
q261448,nDCG@10,0.0
q261448,R@100,0.0
q261449,nDCG@10,0.5
q261449,R@100,1.0
q261450,nDCG@10,1.0
q261450,R@100,1.0
q261451,nDCG@10,0.5
q261451,R@100,1.0
q261452,nDCG@10,1.0
q261452,R@100,1.0
q261453,nDCG@10,1.0
q261453,R@100,1.0
q261454,nDCG@10,0.0
q261454,R@100,0.0
q261455,nDCG@10,1.0
q261455,R@100,1.0
q261456,nDCG@10,1.0
q261456,R@100,1.0
q261457,nDCG@10,0.6309297535714575
q261457,R@100,1.0
q261458,nDCG@10,0.0
q261458,R@100,0.0
q261459,nDCG@10,1.0
q261459,R@100,1.0
q261460,nDCG@10,0.43067655807339306
q261460,R@100,1.0
q261461,nDCG@10,1.0
q261461,R@100,1.0
q261462,nDCG@10,1.0
q261462,R@100,1.0
q261463,nDCG@10,1.0
q261463,R@100,1.0
q261464,nDCG@10,1.0
q261464,R@100,1.0
q261465,nDCG@10,0.6309297535714575
q261465,R@100,1.0
q261466,nDCG@10,0.0
q261466,R@100,1.0
q261467,nDCG@10,0.3333333333333333
q261467,R@100,1.0
q261468,nDCG@10,1.0
q261468,R@100,1.0
q261469,nDCG@10,0.6309297535714575
q261469,R@100,1.0
q261470,nDCG@10,0.0
q261470,R@100,0.0
q261471,nDCG@10,0.0
q261471,R@100,0.0
q261472,nDCG@10,0.0
q261472,R@100,0.0
q261473,nDCG@10,0.0
q261473,R@100,0.0
q261474,nDCG@10,1.0
q261474,R@100,1.0
q261475,nDCG@10,0.0
q261475,R@100,1.0
q261476,nDCG@10,0.5
q261476,R@100,1.0
q261477,nDCG@10,1.0
q261477,R@100,1.0
q261478,nDCG@10,0.38685280723454163
q261478,R@100,1.0
q261479,nDCG@10,0.0
q261479,R@100,1.0
q261480,nDCG@10,0.0
q261480,R@100,1.0
q261481,nDCG@10,0.6309297535714575
q261481,R@100,1.0
q261482,nDCG@10,1.0
q261482,R@100,1.0
q261483,nDCG@10,0.6309297535714575
q261483,R@100,1.0
q261484,nDCG@10,1.0
q261484,R@100,1.0
q261485,nDCG@10,0.0
q261485,R@100,1.0
q261486,nDCG@10,0.6309297535714575
q261486,R@100,1.0
q261487,nDCG@10,0.0
q261487,R@100,0.0
q261488,nDCG@10,0.0
q261488,R@100,0.0
q261489,nDCG@10,0.0
q261489,R@100,1.0
q261490,nDCG@10,0.31546487678572877
q261490,R@100,1.0
q261491,nDCG@10,1.0
q261491,R@100,1.0
q261492,nDCG@10,1.0
q261492,R@100,1.0
q261493,nDCG@10,0.5
q261493,R@100,1.0
q261494,nDCG@10,0.0
q261494,R@100,1.0
q261495,nDCG@10,0.0
q261495,R@100,0.0
q261496,nDCG@10,1.0
q261496,R@100,1.0
q261497,nDCG@10,0.5
q261497,R@100,1.0
q261498,nDCG@10,0.5
q261498,R@100,1.0
q261499,nDCG@10,0.6309297535714575
q261499,R@100,1.0
q261500,nDCG@10,0.0
q261500,R@100,0.0
q261501,nDCG@10,0.6309297535714575
q261501,R@100,1.0
q261502,nDCG@10,1.0
q261502,R@100,1.0
q261503,nDCG@10,1.0
q261503,R@100,1.0
q261504,nDCG@10,1.0
q261504,R@100,1.0
q261505,nDCG@10,0.0
q261505,R@100,0.0
q261506,nDCG@10,0.43067655807339306
q261506,R@100,1.0
q261507,nDCG@10,0.2890648263178879
q261507,R@100,1.0
q261508,nDCG@10,0.38685280723454163
q261508,R@100,1.0
q261509,nDCG@10,1.0
q261509,R@100,1.0
q261510,nDCG@10,0.6309297535714575
q261510,R@100,1.0
q261511,nDCG@10,1.0
q261511,R@100,1.0
q261512,nDCG@10,0.0
q261512,R@100,1.0
q261513,nDCG@10,0.0
q261513,R@100,1.0
q261514,nDCG@10,0.6309297535714575
q261514,R@100,1.0
q261515,nDCG@10,0.0
q261515,R@100,1.0
q261516,nDCG@10,0.0
q261516,R@100,1.0
q261517,nDCG@10,0.0
q261517,R@100,1.0
q261518,nDCG@10,0.0
q261518,R@100,1.0
q261519,nDCG@10,1.0
q261519,R@100,1.0
q261520,nDCG@10,0.6309297535714575
q261520,R@100,1.0
q261521,nDCG@10,1.0
q261521,R@100,1.0
q261522,nDCG@10,1.0
q261522,R@100,1.0
q261523,nDCG@10,0.0
q261523,R@100,1.0
q261524,nDCG@10,0.6309297535714575
q261524,R@100,1.0
q261525,nDCG@10,0.5
q261525,R@100,1.0
q261526,nDCG@10,0.5
q261526,R@100,1.0
q261527,nDCG@10,1.0
q261527,R@100,1.0
q261528,nDCG@10,0.5
q261528,R@100,1.0
q261529,nDCG@10,0.6309297535714575
q261529,R@100,1.0
q261530,nDCG@10,0.43067655807339306
q261530,R@100,1.0
q261531,nDCG@10,0.3010299956639812
q261531,R@100,1.0
q261532,nDCG@10,0.6309297535714575
q261532,R@100,1.0
q261533,nDCG@10,0.0
q261533,R@100,1.0
q261534,nDCG@10,0.6309297535714575
q261534,R@100,1.0
q261535,nDCG@10,0.6309297535714575
q261535,R@100,1.0
q261536,nDCG@10,0.0
q261536,R@100,1.0
q261537,nDCG@10,0.0
q261537,R@100,0.0
q261538,nDCG@10,0.0
q261538,R@100,1.0
q261539,nDCG@10,0.0
q261539,R@100,1.0
q261540,nDCG@10,1.0
q261540,R@100,1.0
q261541,nDCG@10,1.0
q261541,R@100,1.0
q261542,nDCG@10,0.0
q261542,R@100,0.0
q261543,nDCG@10,0.0
q261543,R@100,0.0
q261544,nDCG@10,0.2890648263178879
q261544,R@100,1.0
q261545,nDCG@10,0.38685280723454163
q261545,R@100,1.0
q261546,nDCG@10,0.38685280723454163
q261546,R@100,1.0
q261547,nDCG@10,0.0
q261547,R@100,0.0
q261548,nDCG@10,1.0
q261548,R@100,1.0
q261549,nDCG@10,0.6309297535714575
q261549,R@100,1.0
q261550,nDCG@10,1.0
q261550,R@100,1.0
q261551,nDCG@10,1.0
q261551,R@100,1.0
q261552,nDCG@10,0.5
q261552,R@100,1.0
q261553,nDCG@10,1.0
q261553,R@100,1.0
q261554,nDCG@10,0.0
q261554,R@100,0.0
q261555,nDCG@10,0.0
q261555,R@100,1.0
q261556,nDCG@10,1.0
q261556,R@100,1.0
q261557,nDCG@10,1.0
q261557,R@100,1.0
q261558,nDCG@10,0.0
q261558,R@100,1.0
q261559,nDCG@10,0.0
q261559,R@100,0.0
q261560,nDCG@10,1.0
q261560,R@100,1.0
q261561,nDCG@10,0.5
q261561,R@100,1.0
q261562,nDCG@10,0.0
q261562,R@100,1.0
q261563,nDCG@10,1.0
q261563,R@100,1.0
q261564,nDCG@10,0.31546487678572877
q261564,R@100,1.0
q261565,nDCG@10,0.0
q261565,R@100,0.0
q261566,nDCG@10,0.3562071871080222
q261566,R@100,1.0
q261567,nDCG@10,0.0
q261567,R@100,0.0
q261568,nDCG@10,0.0
q261568,R@100,1.0
q261569,nDCG@10,0.3010299956639812
q261569,R@100,1.0
q261570,nDCG@10,0.6309297535714575
q261570,R@100,1.0
q261571,nDCG@10,0.0
q261571,R@100,0.0
q261572,nDCG@10,0.38685280723454163
q261572,R@100,1.0
q261573,nDCG@10,1.0
q261573,R@100,1.0
q261574,nDCG@10,1.0
q261574,R@100,1.0
q261575,nDCG@10,0.0
q261575,R@100,0.0
q261576,nDCG@10,0.0
q261576,R@100,0.0
q261577,nDCG@10,0.0
q261577,R@100,0.0
q261578,nDCG@10,1.0
q261578,R@100,1.0
q261579,nDCG@10,1.0
q261579,R@100,1.0
q261580,nDCG@10,0.43067655807339306
q261580,R@100,1.0
q261581,nDCG@10,1.0
q261581,R@100,1.0
q261582,nDCG@10,0.0
q261582,R@100,1.0
q261583,nDCG@10,0.0
q261583,R@100,1.0
q261584,nDCG@10,0.0
q261584,R@100,0.0
q261585,nDCG@10,1.0
q261585,R@100,1.0
q261586,nDCG@10,1.0
q261586,R@100,1.0
q261587,nDCG@10,0.6309297535714575
q261587,R@100,1.0
q261588,nDCG@10,0.5
q261588,R@100,1.0
q261589,nDCG@10,1.0
q261589,R@100,1.0
q261590,nDCG@10,0.0
q261590,R@100,1.0
q261591,nDCG@10,1.0
q261591,R@100,1.0
q261592,nDCG@10,1.0
q261592,R@100,1.0
q261593,nDCG@10,0.0
q261593,R@100,1.0
q261594,nDCG@10,0.43067655807339306
q261594,R@100,1.0
q261595,nDCG@10,0.3333333333333333
q261595,R@100,1.0
q261596,nDCG@10,1.0
q261596,R@100,1.0
q261597,nDCG@10,1.0
q261597,R@100,1.0
q261598,nDCG@10,1.0
q261598,R@100,1.0
q261599,nDCG@10,1.0
q261599,R@100,1.0
q261600,nDCG@10,1.0
q261600,R@100,1.0
q261601,nDCG@10,0.6309297535714575
q261601,R@100,1.0
q261602,nDCG@10,0.0
q261602,R@100,0.0
q261603,nDCG@10,0.0
q261603,R@100,1.0
q261604,nDCG@10,0.6309297535714575
q261604,R@100,1.0
q261605,nDCG@10,1.0
q261605,R@100,1.0
q261606,nDCG@10,0.0
q261606,R@100,0.0
q261607,nDCG@10,1.0
q261607,R@100,1.0
q261608,nDCG@10,1.0
q261608,R@100,1.0
q261609,nDCG@10,0.5
q261609,R@100,1.0
q261610,nDCG@10,0.6309297535714575
q261610,R@100,1.0
q261611,nDCG@10,1.0
q261611,R@100,1.0
q261612,nDCG@10,1.0
q261612,R@100,1.0
q261613,nDCG@10,1.0
q261613,R@100,1.0
q261614,nDCG@10,1.0
q261614,R@100,1.0
q261615,nDCG@10,0.6309297535714575
q261615,R@100,1.0
q261616,nDCG@10,1.0
q261616,R@100,1.0
q261617,nDCG@10,1.0
q261617,R@100,1.0
q261618,nDCG@10,1.0
q261618,R@100,1.0
q261619,nDCG@10,1.0
q261619,R@100,1.0
q261620,nDCG@10,1.0
q261620,R@100,1.0
q261621,nDCG@10,1.0
q261621,R@100,1.0
q261622,nDCG@10,1.0
q261622,R@100,1.0
q261623,nDCG@10,0.0
q261623,R@100,0.0
q261624,nDCG@10,1.0
q261624,R@100,1.0
q261625,nDCG@10,1.0
q261625,R@100,1.0
q261626,nDCG@10,1.0
q261626,R@100,1.0
q261627,nDCG@10,1.0
q261627,R@100,1.0
q261628,nDCG@10,0.6309297535714575
q261628,R@100,1.0
q261629,nDCG@10,1.0
q261629,R@100,1.0
q261630,nDCG@10,0.0
q261630,R@100,1.0
q261631,nDCG@10,1.0
q261631,R@100,1.0
q261632,nDCG@10,1.0
q261632,R@100,1.0
q261633,nDCG@10,0.3562071871080222
q261633,R@100,1.0
q261634,nDCG@10,0.0
q261634,R@100,0.0
q261635,nDCG@10,1.0
q261635,R@100,1.0
q261636,nDCG@10,1.0
q261636,R@100,1.0
q261637,nDCG@10,1.0
q261637,R@100,1.0
q261638,nDCG@10,1.0
q261638,R@100,1.0
q261639,nDCG@10,1.0
q261639,R@100,1.0
q261640,nDCG@10,0.6309297535714575
q261640,R@100,1.0
q261641,nDCG@10,1.0
q261641,R@100,1.0
q261642,nDCG@10,1.0
q261642,R@100,1.0
q261643,nDCG@10,1.0
q261643,R@100,1.0
q261644,nDCG@10,0.6309297535714575
q261644,R@100,1.0
q261645,nDCG@10,0.0
q261645,R@100,1.0
q261646,nDCG@10,1.0
q261646,R@100,1.0
q261647,nDCG@10,0.0
q261647,R@100,1.0
q261648,nDCG@10,0.0
q261648,R@100,0.0
q261649,nDCG@10,1.0
q261649,R@100,1.0
q261650,nDCG@10,1.0
q261650,R@100,1.0
q261651,nDCG@10,1.0
q261651,R@100,1.0
q261652,nDCG@10,0.6309297535714575
q261652,R@100,1.0
q261653,nDCG@10,0.0
q261653,R@100,0.0
q261654,nDCG@10,0.0
q261654,R@100,1.0
q261655,nDCG@10,0.0
q261655,R@100,0.0
q261656,nDCG@10,0.0
q261656,R@100,1.0
q261657,nDCG@10,0.0
q261657,R@100,1.0
q261658,nDCG@10,0.5
q261658,R@100,1.0
q261659,nDCG@10,0.0
q261659,R@100,1.0
q261660,nDCG@10,0.2890648263178879
q261660,R@100,1.0
q261661,nDCG@10,0.0
q261661,R@100,0.0
q261662,nDCG@10,0.0
q261662,R@100,0.0
q261663,nDCG@10,0.0
q261663,R@100,0.0
q261664,nDCG@10,1.0
q261664,R@100,1.0
q261665,nDCG@10,1.0
q261665,R@100,1.0
q261666,nDCG@10,0.0
q261666,R@100,0.0
q261667,nDCG@10,0.6309297535714575
q261667,R@100,1.0
q261668,nDCG@10,0.5
q261668,R@100,1.0
q261669,nDCG@10,0.6309297535714575
q261669,R@100,1.0
q261670,nDCG@10,0.6309297535714575
q261670,R@100,1.0
q261671,nDCG@10,0.0
q261671,R@100,1.0
q261672,nDCG@10,1.0
q261672,R@100,1.0
q261673,nDCG@10,1.0
q261673,R@100,1.0
q261674,nDCG@10,0.0
q261674,R@100,1.0
q261675,nDCG@10,1.0
q261675,R@100,1.0
q261676,nDCG@10,1.0
q261676,R@100,1.0
q261677,nDCG@10,1.0
q261677,R@100,1.0
q261678,nDCG@10,1.0
q261678,R@100,1.0
q261679,nDCG@10,0.0
q261679,R@100,0.0
q261680,nDCG@10,0.0
q261680,R@100,0.0
q261681,nDCG@10,1.0
q261681,R@100,1.0
q261682,nDCG@10,1.0
q261682,R@100,1.0
q261683,nDCG@10,1.0
q261683,R@100,1.0
q261684,nDCG@10,0.0
q261684,R@100,0.0
q261685,nDCG@10,0.43067655807339306
q261685,R@100,1.0
q261686,nDCG@10,1.0
q261686,R@100,1.0
q261687,nDCG@10,0.6309297535714575
q261687,R@100,1.0
q261688,nDCG@10,1.0
q261688,R@100,1.0
q261689,nDCG@10,1.0
q261689,R@100,1.0
q261690,nDCG@10,0.43067655807339306
q261690,R@100,1.0
q261691,nDCG@10,1.0
q261691,R@100,1.0
q261692,nDCG@10,0.6309297535714575
q261692,R@100,1.0
q261693,nDCG@10,1.0
q261693,R@100,1.0
q261694,nDCG@10,1.0
q261694,R@100,1.0
q261695,nDCG@10,1.0
q261695,R@100,1.0
q261696,nDCG@10,1.0
q261696,R@100,1.0
q261697,nDCG@10,1.0
q261697,R@100,1.0
q261698,nDCG@10,1.0
q261698,R@100,1.0
q261699,nDCG@10,1.0
q261699,R@100,1.0
q261700,nDCG@10,1.0
q261700,R@100,1.0
q261701,nDCG@10,1.0
q261701,R@100,1.0
q261702,nDCG@10,0.5
q261702,R@100,1.0
q261703,nDCG@10,1.0
q261703,R@100,1.0
q261704,nDCG@10,0.6309297535714575
q261704,R@100,1.0
q261705,nDCG@10,1.0
q261705,R@100,1.0
q261706,nDCG@10,1.0
q261706,R@100,1.0
q261707,nDCG@10,1.0
q261707,R@100,1.0
q261708,nDCG@10,0.6309297535714575
q261708,R@100,1.0
q261709,nDCG@10,0.6309297535714575
q261709,R@100,1.0
q261710,nDCG@10,0.38685280723454163
q261710,R@100,1.0
q261711,nDCG@10,0.0
q261711,R@100,0.0
q261712,nDCG@10,1.0
q261712,R@100,1.0
q261713,nDCG@10,1.0
q261713,R@100,1.0
q261714,nDCG@10,0.0
q261714,R@100,1.0
q261715,nDCG@10,1.0
q261715,R@100,1.0
q261716,nDCG@10,0.0
q261716,R@100,0.0
q261717,nDCG@10,1.0
q261717,R@100,1.0
q261718,nDCG@10,1.0
q261718,R@100,1.0
q261719,nDCG@10,0.5
q261719,R@100,1.0
q261720,nDCG@10,0.5
q261720,R@100,1.0
q261721,nDCG@10,0.6309297535714575
q261721,R@100,1.0
q261722,nDCG@10,0.6309297535714575
q261722,R@100,1.0
q261723,nDCG@10,1.0
q261723,R@100,1.0
q261724,nDCG@10,0.0
q261724,R@100,0.0
q261725,nDCG@10,0.6309297535714575
q261725,R@100,1.0
q261726,nDCG@10,1.0
q261726,R@100,1.0
q261727,nDCG@10,1.0
q261727,R@100,1.0
q261728,nDCG@10,1.0
q261728,R@100,1.0
q261729,nDCG@10,0.0
q261729,R@100,1.0
q261730,nDCG@10,0.38685280723454163
q261730,R@100,1.0
q261731,nDCG@10,1.0
q261731,R@100,1.0
q261732,nDCG@10,1.0
q261732,R@100,1.0
q261733,nDCG@10,1.0
q261733,R@100,1.0
q261734,nDCG@10,0.0
q261734,R@100,1.0
q261735,nDCG@10,0.0
q261735,R@100,0.0
q261736,nDCG@10,0.0
q261736,R@100,1.0
q261737,nDCG@10,1.0
q261737,R@100,1.0
q261738,nDCG@10,0.6309297535714575
q261738,R@100,1.0
q261739,nDCG@10,0.0
q261739,R@100,1.0
q261740,nDCG@10,0.0
q261740,R@100,1.0
q261741,nDCG@10,0.0
q261741,R@100,0.0
q261742,nDCG@10,1.0
q261742,R@100,1.0
q261743,nDCG@10,0.0
q261743,R@100,1.0
q261744,nDCG@10,1.0
q261744,R@100,1.0
q261745,nDCG@10,1.0
q261745,R@100,1.0
q261746,nDCG@10,0.6309297535714575
q261746,R@100,1.0
q261747,nDCG@10,1.0
q261747,R@100,1.0
q261748,nDCG@10,0.6309297535714575
q261748,R@100,1.0
q261749,nDCG@10,1.0
q261749,R@100,1.0
q261750,nDCG@10,0.6309297535714575
q261750,R@100,1.0
q261751,nDCG@10,1.0
q261751,R@100,1.0
q261752,nDCG@10,0.0
q261752,R@100,1.0
q261753,nDCG@10,0.0
q261753,R@100,1.0
q261754,nDCG@10,0.43067655807339306
q261754,R@100,1.0
q261755,nDCG@10,0.0
q261755,R@100,1.0
q261756,nDCG@10,0.0
q261756,R@100,1.0
q261757,nDCG@10,0.0
q261757,R@100,1.0
q261758,nDCG@10,1.0
q261758,R@100,1.0
q261759,nDCG@10,1.0
q261759,R@100,1.0
q261760,nDCG@10,1.0
q261760,R@100,1.0
q261761,nDCG@10,0.0
q261761,R@100,1.0
q261762,nDCG@10,0.0
q261762,R@100,1.0
q261763,nDCG@10,0.0
q261763,R@100,0.0
q261764,nDCG@10,0.0
q261764,R@100,1.0
q261765,nDCG@10,0.6309297535714575
q261765,R@100,1.0
q261766,nDCG@10,0.0
q261766,R@100,1.0
q261767,nDCG@10,0.6309297535714575
q261767,R@100,1.0
q261768,nDCG@10,1.0
q261768,R@100,1.0
q261769,nDCG@10,1.0
q261769,R@100,1.0
q261770,nDCG@10,1.0
q261770,R@100,1.0
q261771,nDCG@10,0.3333333333333333
q261771,R@100,1.0
q261772,nDCG@10,0.0
q261772,R@100,1.0
q261773,nDCG@10,0.0
q261773,R@100,0.0
q261774,nDCG@10,1.0
q261774,R@100,1.0
q261775,nDCG@10,0.38685280723454163
q261775,R@100,1.0
q261776,nDCG@10,0.3333333333333333
q261776,R@100,1.0
q261777,nDCG@10,1.0
q261777,R@100,1.0
q261778,nDCG@10,0.0
q261778,R@100,0.0
q261779,nDCG@10,0.6309297535714575
q261779,R@100,1.0
q261780,nDCG@10,0.0
q261780,R@100,1.0
q261781,nDCG@10,1.0
q261781,R@100,1.0
q261782,nDCG@10,1.0
q261782,R@100,1.0
q261783,nDCG@10,1.0
q261783,R@100,1.0
q261784,nDCG@10,1.0
q261784,R@100,1.0
q261785,nDCG@10,1.0
q261785,R@100,1.0
q261786,nDCG@10,0.3333333333333333
q261786,R@100,1.0
q261787,nDCG@10,0.31546487678572877
q261787,R@100,1.0
q261788,nDCG@10,0.5
q261788,R@100,1.0
q261789,nDCG@10,1.0
q261789,R@100,1.0
q261790,nDCG@10,0.6309297535714575
q261790,R@100,1.0
q261791,nDCG@10,0.0
q261791,R@100,0.0
q261792,nDCG@10,1.0
q261792,R@100,1.0
q261793,nDCG@10,1.0
q261793,R@100,1.0
q261794,nDCG@10,0.3562071871080222
q261794,R@100,1.0
q261795,nDCG@10,1.0
q261795,R@100,1.0
q261796,nDCG@10,1.0
q261796,R@100,1.0
q261797,nDCG@10,0.0
q261797,R@100,0.0
q261798,nDCG@10,1.0
q261798,R@100,1.0
q261799,nDCG@10,1.0
q261799,R@100,1.0
q261800,nDCG@10,0.0
q261800,R@100,0.0
q261801,nDCG@10,1.0
q261801,R@100,1.0
q261802,nDCG@10,0.2890648263178879
q261802,R@100,1.0
q261803,nDCG@10,0.6309297535714575
q261803,R@100,1.0
q261804,nDCG@10,0.0
q261804,R@100,0.0
q261805,nDCG@10,1.0
q261805,R@100,1.0
q261806,nDCG@10,1.0
q261806,R@100,1.0
q261807,nDCG@10,1.0
q261807,R@100,1.0
q261808,nDCG@10,0.6309297535714575
q261808,R@100,1.0
q261809,nDCG@10,1.0
q261809,R@100,1.0
q261810,nDCG@10,1.0
q261810,R@100,1.0
q261811,nDCG@10,0.0
q261811,R@100,1.0
q261812,nDCG@10,1.0
q261812,R@100,1.0
q261813,nDCG@10,0.0
q261813,R@100,1.0
q261814,nDCG@10,0.0
q261814,R@100,1.0
q261815,nDCG@10,0.0
q261815,R@100,1.0
q261816,nDCG@10,0.0
q261816,R@100,0.0
q261817,nDCG@10,1.0
q261817,R@100,1.0
q261818,nDCG@10,0.0
q261818,R@100,0.0
q261819,nDCG@10,1.0
q261819,R@100,1.0
q261820,nDCG@10,1.0
q261820,R@100,1.0
q261821,nDCG@10,1.0
q261821,R@100,1.0
q261822,nDCG@10,1.0
q261822,R@100,1.0
q261823,nDCG@10,0.38685280723454163
q261823,R@100,1.0
q261824,nDCG@10,1.0
q261824,R@100,1.0
q261825,nDCG@10,1.0
q261825,R@100,1.0
q261826,nDCG@10,0.0
q261826,R@100,0.0
q261827,nDCG@10,1.0
q261827,R@100,1.0
q261828,nDCG@10,1.0
q261828,R@100,1.0
q261829,nDCG@10,1.0
q261829,R@100,1.0
q261830,nDCG@10,1.0
q261830,R@100,1.0
q261831,nDCG@10,0.6309297535714575
q261831,R@100,1.0
q261832,nDCG@10,1.0
q261832,R@100,1.0
q261833,nDCG@10,0.31546487678572877
q261833,R@100,1.0
q261834,nDCG@10,0.0
q261834,R@100,0.0
q261835,nDCG@10,0.5
q261835,R@100,1.0
q261836,nDCG@10,1.0
q261836,R@100,1.0
q261837,nDCG@10,1.0
q261837,R@100,1.0
q261838,nDCG@10,1.0
q261838,R@100,1.0
q261839,nDCG@10,0.0
q261839,R@100,1.0
q261840,nDCG@10,1.0
q261840,R@100,1.0
q261841,nDCG@10,0.0
q261841,R@100,1.0
q261842,nDCG@10,1.0
q261842,R@100,1.0
q261843,nDCG@10,1.0
q261843,R@100,1.0
q261844,nDCG@10,0.0
q261844,R@100,1.0
q261845,nDCG@10,0.0
q261845,R@100,1.0
q261846,nDCG@10,1.0
q261846,R@100,1.0
q261847,nDCG@10,1.0
q261847,R@100,1.0
q261848,nDCG@10,0.0
q261848,R@100,1.0
q261849,nDCG@10,0.5
q261849,R@100,1.0
q261850,nDCG@10,1.0
q261850,R@100,1.0
q261851,nDCG@10,0.0
q261851,R@100,0.0
q261852,nDCG@10,0.0
q261852,R@100,0.0
q261853,nDCG@10,0.0
q261853,R@100,0.0
q261854,nDCG@10,0.0
q261854,R@100,1.0
q261855,nDCG@10,1.0
q261855,R@100,1.0
q261856,nDCG@10,0.5
q261856,R@100,1.0
q261857,nDCG@10,0.0
q261857,R@100,1.0
q261858,nDCG@10,0.3333333333333333
q261858,R@100,1.0
q261859,nDCG@10,0.0
q261859,R@100,1.0
q261860,nDCG@10,0.5
q261860,R@100,1.0
q261861,nDCG@10,1.0
q261861,R@100,1.0
q261862,nDCG@10,0.0
q261862,R@100,1.0
q261863,nDCG@10,0.0
q261863,R@100,0.0
q261864,nDCG@10,0.5
q261864,R@100,1.0
q261865,nDCG@10,0.0
q261865,R@100,1.0
q261866,nDCG@10,1.0
q261866,R@100,1.0
q261867,nDCG@10,0.0
q261867,R@100,0.0
q261868,nDCG@10,0.43067655807339306
q261868,R@100,1.0
q261869,nDCG@10,1.0
q261869,R@100,1.0
q261870,nDCG@10,1.0
q261870,R@100,1.0
q261871,nDCG@10,0.6309297535714575
q261871,R@100,1.0
q261872,nDCG@10,1.0
q261872,R@100,1.0
q261873,nDCG@10,0.6309297535714575
q261873,R@100,1.0
q261874,nDCG@10,1.0
q261874,R@100,1.0
q261875,nDCG@10,1.0
q261875,R@100,1.0
q261876,nDCG@10,0.38685280723454163
q261876,R@100,1.0
q261877,nDCG@10,0.0
q261877,R@100,0.0
q261878,nDCG@10,0.0
q261878,R@100,0.0
q261879,nDCG@10,1.0
q261879,R@100,1.0
q261880,nDCG@10,0.6309297535714575
q261880,R@100,1.0
q261881,nDCG@10,0.5
q261881,R@100,1.0
q261882,nDCG@10,0.0
q261882,R@100,0.0
q261883,nDCG@10,1.0
q261883,R@100,1.0
q261884,nDCG@10,0.0
q261884,R@100,1.0
q261885,nDCG@10,1.0
q261885,R@100,1.0
q261886,nDCG@10,0.6309297535714575
q261886,R@100,1.0
q261887,nDCG@10,0.0
q261887,R@100,0.0
q261888,nDCG@10,0.0
q261888,R@100,0.0
q261889,nDCG@10,0.0
q261889,R@100,0.0
q261890,nDCG@10,0.0
q261890,R@100,0.0
q261891,nDCG@10,0.0
q261891,R@100,1.0
q261892,nDCG@10,0.0
q261892,R@100,1.0
q261893,nDCG@10,0.0
q261893,R@100,0.0
q261894,nDCG@10,1.0
q261894,R@100,1.0
q261895,nDCG@10,1.0
q261895,R@100,1.0
q261896,nDCG@10,1.0
q261896,R@100,1.0
q261897,nDCG@10,1.0
q261897,R@100,1.0
q261898,nDCG@10,0.0
q261898,R@100,1.0
q261899,nDCG@10,0.6309297535714575
q261899,R@100,1.0
q261900,nDCG@10,0.0
q261900,R@100,0.0
q261901,nDCG@10,0.0
q261901,R@100,0.0
q261902,nDCG@10,1.0
q261902,R@100,1.0
q261903,nDCG@10,1.0
q261903,R@100,1.0
q261904,nDCG@10,1.0
q261904,R@100,1.0
q261905,nDCG@10,1.0
q261905,R@100,1.0
q261906,nDCG@10,1.0
q261906,R@100,1.0
q261907,nDCG@10,1.0
q261907,R@100,1.0
q261908,nDCG@10,0.31546487678572877
q261908,R@100,1.0
q261909,nDCG@10,1.0
q261909,R@100,1.0
q261910,nDCG@10,0.0
q261910,R@100,0.0
q261911,nDCG@10,0.0
q261911,R@100,0.0
q261912,nDCG@10,1.0
q261912,R@100,1.0
q261913,nDCG@10,0.0
q261913,R@100,0.0
q261914,nDCG@10,0.0
q261914,R@100,0.0
q261915,nDCG@10,0.0
q261915,R@100,0.0
q261916,nDCG@10,0.0
q261916,R@100,0.0
q261917,nDCG@10,1.0
q261917,R@100,1.0
q261918,nDCG@10,0.0
q261918,R@100,1.0
q261919,nDCG@10,0.0
q261919,R@100,0.0
q261920,nDCG@10,1.0
q261920,R@100,1.0
q261921,nDCG@10,0.0
q261921,R@100,0.0
q261922,nDCG@10,0.0
q261922,R@100,0.0
q261923,nDCG@10,0.0
q261923,R@100,1.0
q261924,nDCG@10,1.0
q261924,R@100,1.0
q261925,nDCG@10,1.0
q261925,R@100,1.0
q261926,nDCG@10,0.0
q261926,R@100,0.0
q261927,nDCG@10,0.0
q261927,R@100,0.0
q261928,nDCG@10,0.0
q261928,R@100,0.0
q261929,nDCG@10,0.0
q261929,R@100,0.0
q261930,nDCG@10,0.0
q261930,R@100,0.0
q261931,nDCG@10,0.0
q261931,R@100,0.0
q261932,nDCG@10,0.0
q261932,R@100,0.0
q261933,nDCG@10,0.0
q261933,R@100,0.0
q261934,nDCG@10,0.0
q261934,R@100,0.0
q261935,nDCG@10,1.0
q261935,R@100,1.0
q261936,nDCG@10,1.0
q261936,R@100,1.0
q261937,nDCG@10,0.0
q261937,R@100,1.0
q261938,nDCG@10,1.0
q261938,R@100,1.0
q261939,nDCG@10,0.0
q261939,R@100,0.0
q261940,nDCG@10,1.0
q261940,R@100,1.0
q261941,nDCG@10,0.0
q261941,R@100,0.0
q261942,nDCG@10,0.0
q261942,R@100,0.0
q261943,nDCG@10,1.0
q261943,R@100,1.0
q261944,nDCG@10,0.0
q261944,R@100,0.0
q261945,nDCG@10,0.0
q261945,R@100,0.0
q261946,nDCG@10,0.5
q261946,R@100,1.0
q261947,nDCG@10,1.0
q261947,R@100,1.0
q261948,nDCG@10,0.5
q261948,R@100,1.0
q261949,nDCG@10,1.0
q261949,R@100,1.0
q261950,nDCG@10,1.0
q261950,R@100,1.0
q261951,nDCG@10,0.0
q261951,R@100,0.0
q261952,nDCG@10,0.0
q261952,R@100,0.0
q261953,nDCG@10,0.0
q261953,R@100,0.0
q261954,nDCG@10,0.0
q261954,R@100,0.0
q261955,nDCG@10,0.0
q261955,R@100,0.0
q261956,nDCG@10,0.0
q261956,R@100,0.0
q261957,nDCG@10,0.6309297535714575
q261957,R@100,1.0
q261958,nDCG@10,0.0
q261958,R@100,1.0
q261959,nDCG@10,0.3562071871080222
q261959,R@100,1.0
q261960,nDCG@10,0.0
q261960,R@100,1.0
q261961,nDCG@10,1.0
q261961,R@100,1.0
q261962,nDCG@10,0.5
q261962,R@100,1.0
q261963,nDCG@10,1.0
q261963,R@100,1.0
q261964,nDCG@10,1.0
q261964,R@100,1.0
q261965,nDCG@10,0.0
q261965,R@100,0.0
q261966,nDCG@10,1.0
q261966,R@100,1.0
q261967,nDCG@10,0.0
q261967,R@100,1.0
q261968,nDCG@10,0.0
q261968,R@100,0.0
q261969,nDCG@10,0.6309297535714575
q261969,R@100,1.0
q261970,nDCG@10,0.0
q261970,R@100,1.0
q261971,nDCG@10,0.0
q261971,R@100,1.0
q261972,nDCG@10,1.0
q261972,R@100,1.0
q261973,nDCG@10,0.6309297535714575
q261973,R@100,1.0
q261974,nDCG@10,1.0
q261974,R@100,1.0
q261975,nDCG@10,0.6309297535714575
q261975,R@100,1.0
q261976,nDCG@10,1.0
q261976,R@100,1.0
q261977,nDCG@10,0.3562071871080222
q261977,R@100,1.0
q261978,nDCG@10,1.0
q261978,R@100,1.0
q261979,nDCG@10,1.0
q261979,R@100,1.0
q261980,nDCG@10,1.0
q261980,R@100,1.0
q261981,nDCG@10,0.0
q261981,R@100,0.0
q261982,nDCG@10,0.43067655807339306
q261982,R@100,1.0
q261983,nDCG@10,1.0
q261983,R@100,1.0
q261984,nDCG@10,0.0
q261984,R@100,0.0
q261985,nDCG@10,0.0
q261985,R@100,0.0
q261986,nDCG@10,0.0
q261986,R@100,0.0
q261987,nDCG@10,0.0
q261987,R@100,0.0
q261988,nDCG@10,0.6309297535714575
q261988,R@100,1.0
q261989,nDCG@10,0.0
q261989,R@100,1.0
q261990,nDCG@10,0.43067655807339306
q261990,R@100,1.0
q261991,nDCG@10,0.0
q261991,R@100,1.0
q261992,nDCG@10,0.0
q261992,R@100,0.0
q261993,nDCG@10,0.0
q261993,R@100,0.0
q261994,nDCG@10,0.0
q261994,R@100,0.0
q261995,nDCG@10,0.38685280723454163
q261995,R@100,1.0
q261996,nDCG@10,0.5
q261996,R@100,1.0
q261997,nDCG@10,0.0
q261997,R@100,0.0
q261998,nDCG@10,0.0
q261998,R@100,0.0
q261999,nDCG@10,0.0
q261999,R@100,0.0
q262000,nDCG@10,0.0
q262000,R@100,0.0
q262001,nDCG@10,1.0
q262001,R@100,1.0
q262002,nDCG@10,0.0
q262002,R@100,0.0
q262003,nDCG@10,0.6309297535714575
q262003,R@100,1.0
q262004,nDCG@10,0.0
q262004,R@100,0.0
q262005,nDCG@10,0.43067655807339306
q262005,R@100,1.0
q262006,nDCG@10,0.0
q262006,R@100,0.0
q262007,nDCG@10,0.6309297535714575
q262007,R@100,1.0
q262008,nDCG@10,1.0
q262008,R@100,1.0
q262009,nDCG@10,0.0
q262009,R@100,1.0
q262010,nDCG@10,0.0
q262010,R@100,0.0
q262011,nDCG@10,0.0
q262011,R@100,0.0
q262012,nDCG@10,0.0
q262012,R@100,0.0
q262013,nDCG@10,0.0
q262013,R@100,0.0
q262014,nDCG@10,0.0
q262014,R@100,0.0
q262015,nDCG@10,0.6309297535714575
q262015,R@100,1.0
q262016,nDCG@10,0.3010299956639812
q262016,R@100,1.0
q262017,nDCG@10,0.3562071871080222
q262017,R@100,1.0
q262018,nDCG@10,1.0
q262018,R@100,1.0
q262019,nDCG@10,1.0
q262019,R@100,1.0
q262020,nDCG@10,0.0
q262020,R@100,0.0
q262021,nDCG@10,0.0
q262021,R@100,0.0
q262022,nDCG@10,0.3562071871080222
q262022,R@100,1.0
q262023,nDCG@10,0.0
q262023,R@100,0.0
q262024,nDCG@10,0.0
q262024,R@100,1.0
q262025,nDCG@10,0.0
q262025,R@100,0.0
q262026,nDCG@10,0.0
q262026,R@100,1.0
q262027,nDCG@10,1.0
q262027,R@100,1.0
q262028,nDCG@10,0.0
q262028,R@100,1.0
q262029,nDCG@10,0.0
q262029,R@100,1.0
q262030,nDCG@10,0.0
q262030,R@100,0.0
q262031,nDCG@10,0.0
q262031,R@100,0.0
q262032,nDCG@10,0.0
q262032,R@100,1.0
q262033,nDCG@10,0.0
q262033,R@100,0.0
q262034,nDCG@10,0.0
q262034,R@100,0.0
q262035,nDCG@10,1.0
q262035,R@100,1.0
q262036,nDCG@10,0.0
q262036,R@100,1.0
q262037,nDCG@10,0.3333333333333333
q262037,R@100,1.0
q262038,nDCG@10,0.0
q262038,R@100,0.0
q262039,nDCG@10,0.0
q262039,R@100,0.0
q262040,nDCG@10,1.0
q262040,R@100,1.0
q262041,nDCG@10,0.0
q262041,R@100,0.0
q262042,nDCG@10,1.0
q262042,R@100,1.0
q262043,nDCG@10,0.0
q262043,R@100,0.0
q262044,nDCG@10,0.0
q262044,R@100,0.0
q262045,nDCG@10,0.0
q262045,R@100,0.0
q262046,nDCG@10,0.0
q262046,R@100,1.0
q262047,nDCG@10,0.0
q262047,R@100,1.0
q262048,nDCG@10,0.0
q262048,R@100,1.0
q262049,nDCG@10,0.0
q262049,R@100,1.0
q262050,nDCG@10,0.43067655807339306
q262050,R@100,1.0
q262051,nDCG@10,0.3562071871080222
q262051,R@100,1.0
q262052,nDCG@10,1.0
q262052,R@100,1.0
q262053,nDCG@10,0.38685280723454163
q262053,R@100,1.0
q262054,nDCG@10,0.0
q262054,R@100,0.0
q262055,nDCG@10,0.0
q262055,R@100,0.0
q262056,nDCG@10,0.0
q262056,R@100,0.0
q262057,nDCG@10,0.0
q262057,R@100,0.0
q262058,nDCG@10,0.0
q262058,R@100,0.0
q262059,nDCG@10,0.0
q262059,R@100,0.0
q262060,nDCG@10,0.0
q262060,R@100,0.0
q262061,nDCG@10,0.0
q262061,R@100,1.0
q262062,nDCG@10,0.0
q262062,R@100,0.0
q262063,nDCG@10,0.0
q262063,R@100,0.0
q262064,nDCG@10,0.0
q262064,R@100,0.0
q262065,nDCG@10,0.0
q262065,R@100,0.0
q262066,nDCG@10,0.6309297535714575
q262066,R@100,1.0
q262067,nDCG@10,0.5
q262067,R@100,1.0
q262068,nDCG@10,1.0
q262068,R@100,1.0
q262069,nDCG@10,0.5
q262069,R@100,1.0
q262070,nDCG@10,0.43067655807339306
q262070,R@100,1.0
q262071,nDCG@10,0.0
q262071,R@100,0.0
q262072,nDCG@10,0.0
q262072,R@100,0.0
q262073,nDCG@10,1.0
q262073,R@100,1.0
q262074,nDCG@10,0.0
q262074,R@100,0.0
q262075,nDCG@10,0.0
q262075,R@100,1.0
q262076,nDCG@10,0.0
q262076,R@100,0.0
q262077,nDCG@10,1.0
q262077,R@100,1.0
q262078,nDCG@10,1.0
q262078,R@100,1.0
q262079,nDCG@10,0.0
q262079,R@100,1.0
q262080,nDCG@10,0.0
q262080,R@100,1.0
q262081,nDCG@10,1.0
q262081,R@100,1.0
q262082,nDCG@10,0.0
q262082,R@100,0.0
q262083,nDCG@10,0.5
q262083,R@100,1.0
q262084,nDCG@10,0.6309297535714575
q262084,R@100,1.0
q262085,nDCG@10,0.0
q262085,R@100,1.0
q262086,nDCG@10,0.0
q262086,R@100,1.0
q262087,nDCG@10,0.0
q262087,R@100,1.0
q262088,nDCG@10,0.0
q262088,R@100,0.0
q262089,nDCG@10,0.0
q262089,R@100,0.0
q262090,nDCG@10,0.0
q262090,R@100,0.0
q262091,nDCG@10,0.0
q262091,R@100,1.0
q262092,nDCG@10,1.0
q262092,R@100,1.0
q262093,nDCG@10,1.0
q262093,R@100,1.0
q262094,nDCG@10,0.6309297535714575
q262094,R@100,1.0
q262095,nDCG@10,0.38685280723454163
q262095,R@100,1.0
q262096,nDCG@10,0.0
q262096,R@100,0.0
q262097,nDCG@10,0.0
q262097,R@100,0.0
q262098,nDCG@10,0.0
q262098,R@100,0.0
q262099,nDCG@10,0.0
q262099,R@100,1.0
q262100,nDCG@10,0.0
q262100,R@100,1.0
q262101,nDCG@10,0.0
q262101,R@100,0.0
q262102,nDCG@10,0.5
q262102,R@100,1.0
q262103,nDCG@10,0.0
q262103,R@100,1.0
q262104,nDCG@10,0.0
q262104,R@100,0.0
q262105,nDCG@10,0.0
q262105,R@100,0.0
q262106,nDCG@10,0.3010299956639812
q262106,R@100,1.0
q262107,nDCG@10,0.0
q262107,R@100,1.0
q262108,nDCG@10,1.0
q262108,R@100,1.0
q262109,nDCG@10,0.0
q262109,R@100,0.0
q262110,nDCG@10,0.0
q262110,R@100,1.0
q262111,nDCG@10,1.0
q262111,R@100,1.0
q262112,nDCG@10,0.6309297535714575
q262112,R@100,1.0
q262113,nDCG@10,0.0
q262113,R@100,0.0
q262114,nDCG@10,0.0
q262114,R@100,1.0
q262115,nDCG@10,0.0
q262115,R@100,1.0
q262116,nDCG@10,0.0
q262116,R@100,1.0
q262117,nDCG@10,0.0
q262117,R@100,1.0
q262118,nDCG@10,0.0
q262118,R@100,1.0
q262119,nDCG@10,1.0
q262119,R@100,1.0
q262120,nDCG@10,0.3010299956639812
q262120,R@100,1.0
q262121,nDCG@10,1.0
q262121,R@100,1.0
q262122,nDCG@10,0.0
q262122,R@100,0.0
q262123,nDCG@10,1.0
q262123,R@100,1.0
q262124,nDCG@10,1.0
q262124,R@100,1.0
q262125,nDCG@10,0.0
q262125,R@100,0.0
q262126,nDCG@10,0.6309297535714575
q262126,R@100,1.0
q262127,nDCG@10,0.0
q262127,R@100,0.0
q262128,nDCG@10,0.0
q262128,R@100,1.0
q262129,nDCG@10,0.0
q262129,R@100,1.0
q262130,nDCG@10,0.0
q262130,R@100,1.0
q262131,nDCG@10,0.38685280723454163
q262131,R@100,1.0
q262132,nDCG@10,0.0
q262132,R@100,0.0
q262133,nDCG@10,0.0
q262133,R@100,0.0
q262134,nDCG@10,0.31546487678572877
q262134,R@100,1.0
q262135,nDCG@10,0.0
q262135,R@100,1.0
q262136,nDCG@10,0.0
q262136,R@100,0.0
q262137,nDCG@10,1.0
q262137,R@100,1.0
q262138,nDCG@10,0.0
q262138,R@100,0.0
q262139,nDCG@10,1.0
q262139,R@100,1.0
q262140,nDCG@10,1.0
q262140,R@100,1.0
q262141,nDCG@10,1.0
q262141,R@100,1.0
q262142,nDCG@10,1.0
q262142,R@100,1.0
q262143,nDCG@10,1.0
q262143,R@100,1.0
q262144,nDCG@10,0.0
q262144,R@100,0.0
q262145,nDCG@10,0.0
q262145,R@100,0.0
q262146,nDCG@10,0.0
q262146,R@100,0.0
q262147,nDCG@10,1.0
q262147,R@100,1.0
q262148,nDCG@10,0.43067655807339306
q262148,R@100,1.0
q262149,nDCG@10,0.0
q262149,R@100,1.0
q262150,nDCG@10,0.0
q262150,R@100,0.0
q262151,nDCG@10,1.0
q262151,R@100,1.0
q262152,nDCG@10,0.0
q262152,R@100,1.0
q262153,nDCG@10,1.0
q262153,R@100,1.0
q262154,nDCG@10,1.0
q262154,R@100,1.0
q262155,nDCG@10,0.3562071871080222
q262155,R@100,1.0
q262156,nDCG@10,1.0
q262156,R@100,1.0
q262157,nDCG@10,0.0
q262157,R@100,0.0
q262158,nDCG@10,1.0
q262158,R@100,1.0
q262159,nDCG@10,1.0
q262159,R@100,1.0
q262160,nDCG@10,0.5
q262160,R@100,1.0
q262161,nDCG@10,0.0
q262161,R@100,0.0
q262162,nDCG@10,0.0
q262162,R@100,0.0
q262163,nDCG@10,0.6309297535714575
q262163,R@100,1.0
q262164,nDCG@10,0.0
q262164,R@100,1.0
q262165,nDCG@10,0.43067655807339306
q262165,R@100,1.0
q262166,nDCG@10,0.3562071871080222
q262166,R@100,1.0
q262167,nDCG@10,1.0
q262167,R@100,1.0
q262168,nDCG@10,0.0
q262168,R@100,1.0
q262169,nDCG@10,0.0
q262169,R@100,1.0
q262170,nDCG@10,0.0
q262170,R@100,0.0
q262171,nDCG@10,0.38685280723454163
q262171,R@100,1.0
q262172,nDCG@10,1.0
q262172,R@100,1.0
q262173,nDCG@10,0.0
q262173,R@100,1.0
q262174,nDCG@10,0.0
q262174,R@100,0.0
q262175,nDCG@10,0.0
q262175,R@100,1.0
q262176,nDCG@10,0.0
q262176,R@100,0.0
q262177,nDCG@10,0.0
q262177,R@100,1.0
q262178,nDCG@10,1.0
q262178,R@100,1.0
q262179,nDCG@10,0.0
q262179,R@100,0.0
q262180,nDCG@10,0.2890648263178879
q262180,R@100,1.0
q262181,nDCG@10,1.0
q262181,R@100,1.0
q262182,nDCG@10,0.0
q262182,R@100,0.0
q262183,nDCG@10,1.0
q262183,R@100,1.0
q262184,nDCG@10,1.0
q262184,R@100,1.0
q262185,nDCG@10,0.6309297535714575
q262185,R@100,1.0
q262186,nDCG@10,1.0
q262186,R@100,1.0
q262187,nDCG@10,0.0
q262187,R@100,0.0
q262188,nDCG@10,0.0
q262188,R@100,0.0
q262189,nDCG@10,0.0
q262189,R@100,1.0
q262190,nDCG@10,0.0
q262190,R@100,0.0
q262191,nDCG@10,0.0
q262191,R@100,0.0
q262192,nDCG@10,0.0
q262192,R@100,0.0
q262193,nDCG@10,0.0
q262193,R@100,1.0
q262194,nDCG@10,0.0
q262194,R@100,1.0
q262195,nDCG@10,1.0
q262195,R@100,1.0
q262196,nDCG@10,0.0
q262196,R@100,1.0
q262197,nDCG@10,0.0
q262197,R@100,0.0
q262198,nDCG@10,0.0
q262198,R@100,0.0
q262199,nDCG@10,0.6309297535714575
q262199,R@100,1.0
q262200,nDCG@10,0.0
q262200,R@100,1.0
q262201,nDCG@10,1.0
q262201,R@100,1.0
q262202,nDCG@10,0.0
q262202,R@100,0.0
q262203,nDCG@10,0.0
q262203,R@100,1.0
q262204,nDCG@10,1.0
q262204,R@100,1.0
q262205,nDCG@10,0.38685280723454163
q262205,R@100,1.0
q262206,nDCG@10,0.5
q262206,R@100,1.0
q262207,nDCG@10,1.0
q262207,R@100,1.0
q262208,nDCG@10,1.0
q262208,R@100,1.0
q262209,nDCG@10,1.0
q262209,R@100,1.0
q262210,nDCG@10,1.0
q262210,R@100,1.0
q262211,nDCG@10,0.6309297535714575
q262211,R@100,1.0
q262212,nDCG@10,0.0
q262212,R@100,1.0
q262213,nDCG@10,0.0
q262213,R@100,0.0
q262214,nDCG@10,0.0
q262214,R@100,0.0
q262215,nDCG@10,0.3333333333333333
q262215,R@100,1.0
q262216,nDCG@10,0.0
q262216,R@100,0.0
q262217,nDCG@10,0.0
q262217,R@100,0.0
q262218,nDCG@10,0.0
q262218,R@100,0.0
q262219,nDCG@10,0.38685280723454163
q262219,R@100,1.0
q262220,nDCG@10,0.0
q262220,R@100,0.0
q262221,nDCG@10,1.0
q262221,R@100,1.0
q262222,nDCG@10,0.0
q262222,R@100,0.0
q262223,nDCG@10,1.0
q262223,R@100,1.0
q262224,nDCG@10,0.0
q262224,R@100,0.0
q262225,nDCG@10,1.0
q262225,R@100,1.0
q262226,nDCG@10,1.0
q262226,R@100,1.0
q262227,nDCG@10,0.6309297535714575
q262227,R@100,1.0
q262228,nDCG@10,0.2890648263178879
q262228,R@100,1.0
q262229,nDCG@10,0.0
q262229,R@100,1.0
q262230,nDCG@10,1.0
q262230,R@100,1.0
q262231,nDCG@10,0.6309297535714575
q262231,R@100,1.0
q262232,nDCG@10,0.6309297535714575
q262232,R@100,1.0
q262233,nDCG@10,0.0
q262233,R@100,1.0
q262234,nDCG@10,1.0
q262234,R@100,1.0
q262235,nDCG@10,0.0
q262235,R@100,1.0
q262236,nDCG@10,0.0
q262236,R@100,0.0
q262237,nDCG@10,0.0
q262237,R@100,0.0
q262238,nDCG@10,1.0
q262238,R@100,1.0
q262239,nDCG@10,0.0
q262239,R@100,0.0
q262240,nDCG@10,0.0
q262240,R@100,0.0
q262241,nDCG@10,0.0
q262241,R@100,0.0
q262242,nDCG@10,0.0
q262242,R@100,0.0
q262243,nDCG@10,0.0
q262243,R@100,1.0
q262244,nDCG@10,0.0
q262244,R@100,1.0
q262245,nDCG@10,1.0
q262245,R@100,1.0
q262246,nDCG@10,0.6309297535714575
q262246,R@100,1.0
q262247,nDCG@10,1.0
q262247,R@100,1.0
q262248,nDCG@10,0.6309297535714575
q262248,R@100,1.0
q262249,nDCG@10,1.0
q262249,R@100,1.0
q262250,nDCG@10,0.0
q262250,R@100,0.0
q262251,nDCG@10,0.6309297535714575
q262251,R@100,1.0
q262252,nDCG@10,0.6309297535714575
q262252,R@100,1.0
q262253,nDCG@10,0.0
q262253,R@100,0.0
q262254,nDCG@10,0.0
q262254,R@100,0.0
q262255,nDCG@10,0.5
q262255,R@100,1.0
q262256,nDCG@10,0.0
q262256,R@100,1.0
q262257,nDCG@10,0.0
q262257,R@100,1.0
q262258,nDCG@10,1.0
q262258,R@100,1.0
q262259,nDCG@10,0.0
q262259,R@100,1.0
q262260,nDCG@10,1.0
q262260,R@100,1.0
q262261,nDCG@10,0.0
q262261,R@100,0.0
q262262,nDCG@10,0.0
q262262,R@100,0.0
q262263,nDCG@10,0.0
q262263,R@100,0.0
q262264,nDCG@10,0.0
q262264,R@100,0.0
q262265,nDCG@10,0.0
q262265,R@100,0.0
q262266,nDCG@10,0.38685280723454163
q262266,R@100,1.0
q262267,nDCG@10,0.0
q262267,R@100,0.0
q262268,nDCG@10,0.0
q262268,R@100,0.0
q262269,nDCG@10,0.38685280723454163
q262269,R@100,1.0
q262270,nDCG@10,0.6309297535714575
q262270,R@100,1.0
q262271,nDCG@10,1.0
q262271,R@100,1.0
q262272,nDCG@10,0.0
q262272,R@100,0.0
q262273,nDCG@10,0.0
q262273,R@100,0.0
q262274,nDCG@10,0.0
q262274,R@100,1.0
q262275,nDCG@10,0.0
q262275,R@100,0.0
q262276,nDCG@10,0.0
q262276,R@100,0.0
q262277,nDCG@10,0.0
q262277,R@100,0.0
q262278,nDCG@10,0.0
q262278,R@100,0.0
q262279,nDCG@10,0.0
q262279,R@100,0.0
q262280,nDCG@10,0.0
q262280,R@100,0.0
q262281,nDCG@10,0.0
q262281,R@100,0.0
q262282,nDCG@10,0.0
q262282,R@100,0.0
q262283,nDCG@10,0.0
q262283,R@100,1.0
q262284,nDCG@10,0.0
q262284,R@100,0.0
q262285,nDCG@10,1.0
q262285,R@100,1.0
q262286,nDCG@10,0.0
q262286,R@100,1.0
q262287,nDCG@10,0.0
q262287,R@100,0.0
q262288,nDCG@10,0.0
q262288,R@100,0.0
q262289,nDCG@10,1.0
q262289,R@100,1.0
q262290,nDCG@10,0.0
q262290,R@100,0.0
q262291,nDCG@10,0.0
q262291,R@100,0.0
q262292,nDCG@10,1.0
q262292,R@100,1.0
q262293,nDCG@10,0.0
q262293,R@100,1.0
q262294,nDCG@10,0.0
q262294,R@100,0.0
q262295,nDCG@10,1.0
q262295,R@100,1.0
q262296,nDCG@10,0.0
q262296,R@100,0.0
q262297,nDCG@10,0.43067655807339306
q262297,R@100,1.0
q262298,nDCG@10,1.0
q262298,R@100,1.0
q262299,nDCG@10,0.0
q262299,R@100,0.0
q262300,nDCG@10,1.0
q262300,R@100,1.0
q262301,nDCG@10,1.0
q262301,R@100,1.0
q262302,nDCG@10,1.0
q262302,R@100,1.0
q262303,nDCG@10,1.0
q262303,R@100,1.0
q262304,nDCG@10,0.0
q262304,R@100,0.0
q262305,nDCG@10,0.43067655807339306
q262305,R@100,1.0
q262306,nDCG@10,1.0
q262306,R@100,1.0
q262307,nDCG@10,0.0
q262307,R@100,0.0
q262308,nDCG@10,1.0
q262308,R@100,1.0
q262309,nDCG@10,0.0
q262309,R@100,0.0
q262310,nDCG@10,0.5
q262310,R@100,1.0
q262311,nDCG@10,0.0
q262311,R@100,1.0
q262312,nDCG@10,0.0
q262312,R@100,0.0
q262313,nDCG@10,0.5
q262313,R@100,1.0
q262314,nDCG@10,0.43067655807339306
q262314,R@100,1.0
q262315,nDCG@10,1.0
q262315,R@100,1.0
q262316,nDCG@10,0.3333333333333333
q262316,R@100,1.0
q262317,nDCG@10,0.0
q262317,R@100,0.0
q262318,nDCG@10,0.0
q262318,R@100,0.0
q262319,nDCG@10,0.2890648263178879
q262319,R@100,1.0
q262320,nDCG@10,0.3562071871080222
q262320,R@100,1.0
q262321,nDCG@10,1.0
q262321,R@100,1.0
q262322,nDCG@10,1.0
q262322,R@100,1.0
q262323,nDCG@10,0.0
q262323,R@100,0.0
q262324,nDCG@10,1.0
q262324,R@100,1.0
q262325,nDCG@10,0.0
q262325,R@100,1.0
q262326,nDCG@10,0.0
q262326,R@100,0.0
q262327,nDCG@10,0.5
q262327,R@100,1.0
q262328,nDCG@10,0.0
q262328,R@100,1.0
q262329,nDCG@10,0.0
q262329,R@100,0.0
q262330,nDCG@10,1.0
q262330,R@100,1.0
q262331,nDCG@10,1.0
q262331,R@100,1.0
q262332,nDCG@10,0.5
q262332,R@100,1.0
q262333,nDCG@10,0.0
q262333,R@100,1.0
q262334,nDCG@10,0.0
q262334,R@100,0.0
q262335,nDCG@10,0.0
q262335,R@100,1.0
q262336,nDCG@10,1.0
q262336,R@100,1.0
q262337,nDCG@10,0.0
q262337,R@100,0.0
q262338,nDCG@10,0.38685280723454163
q262338,R@100,1.0
q262339,nDCG@10,0.5
q262339,R@100,1.0
q262340,nDCG@10,0.0
q262340,R@100,0.0
q262341,nDCG@10,0.43067655807339306
q262341,R@100,1.0
q262342,nDCG@10,1.0
q262342,R@100,1.0
q262343,nDCG@10,1.0
q262343,R@100,1.0
q262344,nDCG@10,0.38685280723454163
q262344,R@100,1.0
q262345,nDCG@10,1.0
q262345,R@100,1.0
q262346,nDCG@10,0.3562071871080222
q262346,R@100,1.0
q262347,nDCG@10,0.0
q262347,R@100,0.0
q262348,nDCG@10,1.0
q262348,R@100,1.0
q262349,nDCG@10,1.0
q262349,R@100,1.0
q262350,nDCG@10,0.0
q262350,R@100,0.0
q262351,nDCG@10,1.0
q262351,R@100,1.0
q262352,nDCG@10,1.0
q262352,R@100,1.0
q262353,nDCG@10,1.0
q262353,R@100,1.0
q262354,nDCG@10,0.0
q262354,R@100,1.0
q262355,nDCG@10,0.0
q262355,R@100,0.0
q262356,nDCG@10,0.0
q262356,R@100,0.0
q262357,nDCG@10,1.0
q262357,R@100,1.0
q262358,nDCG@10,0.43067655807339306
q262358,R@100,1.0
q262359,nDCG@10,0.0
q262359,R@100,0.0
q262360,nDCG@10,0.0
q262360,R@100,1.0
q262361,nDCG@10,1.0
q262361,R@100,1.0
q262362,nDCG@10,1.0
q262362,R@100,1.0
q262363,nDCG@10,0.6309297535714575
q262363,R@100,1.0
q262364,nDCG@10,1.0
q262364,R@100,1.0
q262365,nDCG@10,0.0
q262365,R@100,0.0
q262366,nDCG@10,1.0
q262366,R@100,1.0
q262367,nDCG@10,0.3333333333333333
q262367,R@100,1.0
q262368,nDCG@10,0.6309297535714575
q262368,R@100,1.0
q262369,nDCG@10,0.0
q262369,R@100,0.0
q262370,nDCG@10,0.5
q262370,R@100,1.0
q262371,nDCG@10,0.0
q262371,R@100,0.0
q262372,nDCG@10,0.0
q262372,R@100,0.0
q262373,nDCG@10,1.0
q262373,R@100,1.0
q262374,nDCG@10,1.0
q262374,R@100,1.0
q262375,nDCG@10,1.0
q262375,R@100,1.0
q262376,nDCG@10,0.0
q262376,R@100,1.0
q262377,nDCG@10,0.6309297535714575
q262377,R@100,1.0
q262378,nDCG@10,0.0
q262378,R@100,0.0
q262379,nDCG@10,0.0
q262379,R@100,0.0
q262380,nDCG@10,1.0
q262380,R@100,1.0
q262381,nDCG@10,0.6309297535714575
q262381,R@100,1.0
q262382,nDCG@10,1.0
q262382,R@100,1.0
q262383,nDCG@10,1.0
q262383,R@100,1.0
q262384,nDCG@10,0.6309297535714575
q262384,R@100,1.0
q262385,nDCG@10,0.0
q262385,R@100,0.0
q262386,nDCG@10,0.0
q262386,R@100,1.0
q262387,nDCG@10,1.0
q262387,R@100,1.0
q262388,nDCG@10,1.0
q262388,R@100,1.0
q262389,nDCG@10,0.0
q262389,R@100,0.0
q262390,nDCG@10,1.0
q262390,R@100,1.0
q262391,nDCG@10,0.6309297535714575
q262391,R@100,1.0
q262392,nDCG@10,0.0
q262392,R@100,1.0
q262393,nDCG@10,1.0
q262393,R@100,1.0
q262394,nDCG@10,0.38685280723454163
q262394,R@100,1.0
q262395,nDCG@10,0.6309297535714575
q262395,R@100,1.0
q262396,nDCG@10,0.6309297535714575
q262396,R@100,1.0
q262397,nDCG@10,1.0
q262397,R@100,1.0
q262398,nDCG@10,1.0
q262398,R@100,1.0
q262399,nDCG@10,0.0
q262399,R@100,1.0
q262400,nDCG@10,0.0
q262400,R@100,1.0
q262401,nDCG@10,0.0
q262401,R@100,1.0
q262402,nDCG@10,0.31546487678572877
q262402,R@100,1.0
q262403,nDCG@10,0.3010299956639812
q262403,R@100,1.0
q262404,nDCG@10,0.0
q262404,R@100,1.0
q262405,nDCG@10,1.0
q262405,R@100,1.0
q262406,nDCG@10,1.0
q262406,R@100,1.0
q262407,nDCG@10,1.0
q262407,R@100,1.0
q262408,nDCG@10,0.0
q262408,R@100,0.0
q262409,nDCG@10,0.0
q262409,R@100,0.0
q262410,nDCG@10,0.0
q262410,R@100,1.0
q262411,nDCG@10,0.31546487678572877
q262411,R@100,1.0
q262412,nDCG@10,1.0
q262412,R@100,1.0
q262413,nDCG@10,0.5
q262413,R@100,1.0
q262414,nDCG@10,0.0
q262414,R@100,0.0
q262415,nDCG@10,0.0
q262415,R@100,0.0
q262416,nDCG@10,0.3010299956639812
q262416,R@100,1.0
q262417,nDCG@10,0.0
q262417,R@100,1.0
q262418,nDCG@10,0.0
q262418,R@100,0.0
q262419,nDCG@10,0.0
q262419,R@100,0.0
q262420,nDCG@10,0.0
q262420,R@100,1.0
q262421,nDCG@10,1.0
q262421,R@100,1.0
q262422,nDCG@10,1.0
q262422,R@100,1.0
q262423,nDCG@10,0.0
q262423,R@100,0.0
q262424,nDCG@10,0.6309297535714575
q262424,R@100,1.0
q262425,nDCG@10,0.43067655807339306
q262425,R@100,1.0
q262426,nDCG@10,0.0
q262426,R@100,1.0
q262427,nDCG@10,0.3562071871080222
q262427,R@100,1.0
q262428,nDCG@10,1.0
q262428,R@100,1.0
q262429,nDCG@10,0.0
q262429,R@100,0.0
q262430,nDCG@10,0.6309297535714575
q262430,R@100,1.0
q262431,nDCG@10,0.43067655807339306
q262431,R@100,1.0
q262432,nDCG@10,0.0
q262432,R@100,0.0
q262433,nDCG@10,0.0
q262433,R@100,1.0
q262434,nDCG@10,0.0
q262434,R@100,1.0
q262435,nDCG@10,1.0
q262435,R@100,1.0
q262436,nDCG@10,0.38685280723454163
q262436,R@100,1.0
q262437,nDCG@10,0.0
q262437,R@100,1.0
q262438,nDCG@10,1.0
q262438,R@100,1.0
q262439,nDCG@10,1.0
q262439,R@100,1.0
q262440,nDCG@10,0.2890648263178879
q262440,R@100,1.0
q262441,nDCG@10,1.0
q262441,R@100,1.0
q262442,nDCG@10,0.6309297535714575
q262442,R@100,1.0
q262443,nDCG@10,0.43067655807339306
q262443,R@100,1.0
q262444,nDCG@10,0.0
q262444,R@100,0.0
q262445,nDCG@10,0.0
q262445,R@100,0.0
q262446,nDCG@10,0.6309297535714575
q262446,R@100,1.0
q262447,nDCG@10,0.0
q262447,R@100,0.0
q262448,nDCG@10,0.5
q262448,R@100,1.0
q262449,nDCG@10,0.5
q262449,R@100,1.0
q262450,nDCG@10,0.0
q262450,R@100,0.0
q262451,nDCG@10,1.0
q262451,R@100,1.0
q262452,nDCG@10,0.0
q262452,R@100,0.0
q262453,nDCG@10,0.43067655807339306
q262453,R@100,1.0
q262454,nDCG@10,0.0
q262454,R@100,1.0
q262455,nDCG@10,0.0
q262455,R@100,1.0
q262456,nDCG@10,0.0
q262456,R@100,0.0
q262457,nDCG@10,0.0
q262457,R@100,0.0
q262458,nDCG@10,0.0
q262458,R@100,0.0
q262459,nDCG@10,1.0
q262459,R@100,1.0
q262460,nDCG@10,1.0
q262460,R@100,1.0
q262461,nDCG@10,1.0
q262461,R@100,1.0
q262462,nDCG@10,0.0
q262462,R@100,0.0
q262463,nDCG@10,0.0
q262463,R@100,1.0
q262464,nDCG@10,0.0
q262464,R@100,1.0
q262465,nDCG@10,0.0
q262465,R@100,1.0
q262466,nDCG@10,1.0
q262466,R@100,1.0
q262467,nDCG@10,0.43067655807339306
q262467,R@100,1.0
q262468,nDCG@10,0.31546487678572877
q262468,R@100,1.0
q262469,nDCG@10,0.5
q262469,R@100,1.0
q262470,nDCG@10,1.0
q262470,R@100,1.0
q262471,nDCG@10,1.0
q262471,R@100,1.0
q262472,nDCG@10,0.0
q262472,R@100,1.0
q262473,nDCG@10,0.5
q262473,R@100,1.0
q262474,nDCG@10,1.0
q262474,R@100,1.0
q262475,nDCG@10,0.0
q262475,R@100,0.0
q262476,nDCG@10,0.0
q262476,R@100,0.0
q262477,nDCG@10,0.38685280723454163
q262477,R@100,1.0
q262478,nDCG@10,1.0
q262478,R@100,1.0
q262479,nDCG@10,1.0
q262479,R@100,1.0
q262480,nDCG@10,0.0
q262480,R@100,1.0
q262481,nDCG@10,1.0
q262481,R@100,1.0
q262482,nDCG@10,1.0
q262482,R@100,1.0
q262483,nDCG@10,1.0
q262483,R@100,1.0
q262484,nDCG@10,0.0
q262484,R@100,1.0
q262485,nDCG@10,0.3562071871080222
q262485,R@100,1.0
q262486,nDCG@10,0.0
q262486,R@100,1.0
q262487,nDCG@10,0.0
q262487,R@100,0.0
q262488,nDCG@10,0.0
q262488,R@100,0.0
q262489,nDCG@10,0.3333333333333333
q262489,R@100,1.0
q262490,nDCG@10,0.0
q262490,R@100,0.0
q262491,nDCG@10,0.6309297535714575
q262491,R@100,1.0
q262492,nDCG@10,0.5
q262492,R@100,1.0
q262493,nDCG@10,0.3333333333333333
q262493,R@100,1.0
q262494,nDCG@10,0.0
q262494,R@100,1.0
q262495,nDCG@10,0.0
q262495,R@100,0.0
q262496,nDCG@10,0.43067655807339306
q262496,R@100,1.0
q262497,nDCG@10,0.0
q262497,R@100,0.0
q262498,nDCG@10,0.6309297535714575
q262498,R@100,1.0
q262499,nDCG@10,1.0
q262499,R@100,1.0
q262500,nDCG@10,1.0
q262500,R@100,1.0
q262501,nDCG@10,0.0
q262501,R@100,0.0
q262502,nDCG@10,0.6309297535714575
q262502,R@100,1.0
q262503,nDCG@10,1.0
q262503,R@100,1.0
q262504,nDCG@10,0.3010299956639812
q262504,R@100,1.0
q262505,nDCG@10,0.0
q262505,R@100,0.0
q262506,nDCG@10,1.0
q262506,R@100,1.0
q262507,nDCG@10,1.0
q262507,R@100,1.0
q262508,nDCG@10,1.0
q262508,R@100,1.0
q262509,nDCG@10,1.0
q262509,R@100,1.0
q262510,nDCG@10,0.0
q262510,R@100,0.0
q262511,nDCG@10,0.0
q262511,R@100,0.0
q262512,nDCG@10,0.0
q262512,R@100,1.0
q262513,nDCG@10,0.0
q262513,R@100,0.0
q262514,nDCG@10,1.0
q262514,R@100,1.0
q262515,nDCG@10,1.0
q262515,R@100,1.0
q262516,nDCG@10,0.5
q262516,R@100,1.0
q262517,nDCG@10,1.0
q262517,R@100,1.0
q262518,nDCG@10,0.3562071871080222
q262518,R@100,1.0
q262519,nDCG@10,1.0
q262519,R@100,1.0
q262520,nDCG@10,0.0
q262520,R@100,0.0
q262521,nDCG@10,0.0
q262521,R@100,0.0
q262522,nDCG@10,0.0
q262522,R@100,1.0
q262523,nDCG@10,0.43067655807339306
q262523,R@100,1.0
q262524,nDCG@10,0.0
q262524,R@100,0.0
q262525,nDCG@10,0.0
q262525,R@100,1.0
q262526,nDCG@10,0.5
q262526,R@100,1.0
q262527,nDCG@10,0.6309297535714575
q262527,R@100,1.0
q262528,nDCG@10,0.3333333333333333
q262528,R@100,1.0
q262529,nDCG@10,0.0
q262529,R@100,1.0
q262530,nDCG@10,1.0
q262530,R@100,1.0
q262531,nDCG@10,0.3562071871080222
q262531,R@100,1.0
q262532,nDCG@10,1.0
q262532,R@100,1.0
q262533,nDCG@10,0.0
q262533,R@100,0.0
q262534,nDCG@10,0.31546487678572877
q262534,R@100,1.0
q262535,nDCG@10,1.0
q262535,R@100,1.0
q262536,nDCG@10,0.5
q262536,R@100,1.0
q262537,nDCG@10,0.6309297535714575
q262537,R@100,1.0
q262538,nDCG@10,0.43067655807339306
q262538,R@100,1.0
q262539,nDCG@10,0.6309297535714575
q262539,R@100,1.0
q262540,nDCG@10,1.0
q262540,R@100,1.0
q262541,nDCG@10,0.6309297535714575
q262541,R@100,1.0
q262542,nDCG@10,0.0
q262542,R@100,0.0
q262543,nDCG@10,0.3562071871080222
q262543,R@100,1.0
q262544,nDCG@10,1.0
q262544,R@100,1.0
q262545,nDCG@10,1.0
q262545,R@100,1.0
q262546,nDCG@10,0.6309297535714575
q262546,R@100,1.0
q262547,nDCG@10,1.0
q262547,R@100,1.0
q262548,nDCG@10,1.0
q262548,R@100,1.0
q262549,nDCG@10,1.0
q262549,R@100,1.0
q262550,nDCG@10,1.0
q262550,R@100,1.0
q262551,nDCG@10,0.3010299956639812
q262551,R@100,1.0
q262552,nDCG@10,1.0
q262552,R@100,1.0
q262553,nDCG@10,0.0
q262553,R@100,0.0
q262554,nDCG@10,0.0
q262554,R@100,0.0
q262555,nDCG@10,0.0
q262555,R@100,1.0
q262556,nDCG@10,1.0
q262556,R@100,1.0
q262557,nDCG@10,0.0
q262557,R@100,0.0
q262558,nDCG@10,0.0
q262558,R@100,1.0
q262559,nDCG@10,0.0
q262559,R@100,1.0
q262560,nDCG@10,0.43067655807339306
q262560,R@100,1.0
q262561,nDCG@10,0.0
q262561,R@100,0.0
q262562,nDCG@10,0.0
q262562,R@100,1.0
q262563,nDCG@10,0.0
q262563,R@100,1.0
q262564,nDCG@10,0.0
q262564,R@100,0.0
q262565,nDCG@10,0.0
q262565,R@100,0.0
q262566,nDCG@10,0.0
q262566,R@100,0.0
q262567,nDCG@10,1.0
q262567,R@100,1.0
q262568,nDCG@10,0.6309297535714575
q262568,R@100,1.0
q262569,nDCG@10,1.0
q262569,R@100,1.0
q262570,nDCG@10,0.0
q262570,R@100,1.0
q262571,nDCG@10,1.0
q262571,R@100,1.0
q262572,nDCG@10,0.0
q262572,R@100,0.0
q262573,nDCG@10,1.0
q262573,R@100,1.0
q262574,nDCG@10,0.0
q262574,R@100,0.0
q262575,nDCG@10,0.0
q262575,R@100,1.0
q262576,nDCG@10,0.0
q262576,R@100,0.0
q262577,nDCG@10,0.0
q262577,R@100,0.0
q262578,nDCG@10,0.0
q262578,R@100,1.0
q262579,nDCG@10,1.0
q262579,R@100,1.0
q262580,nDCG@10,0.0
q262580,R@100,1.0
q262581,nDCG@10,0.0
q262581,R@100,0.0
q262582,nDCG@10,0.0
q262582,R@100,1.0
q262583,nDCG@10,1.0
q262583,R@100,1.0
q262584,nDCG@10,0.0
q262584,R@100,1.0
q262585,nDCG@10,1.0
q262585,R@100,1.0
q262586,nDCG@10,1.0
q262586,R@100,1.0
q262587,nDCG@10,1.0
q262587,R@100,1.0
q262588,nDCG@10,0.0
q262588,R@100,1.0
q262589,nDCG@10,1.0
q262589,R@100,1.0
q262590,nDCG@10,0.0
q262590,R@100,1.0
q262591,nDCG@10,1.0
q262591,R@100,1.0
q262592,nDCG@10,0.0
q262592,R@100,0.0
q262593,nDCG@10,0.0
q262593,R@100,0.0
q262594,nDCG@10,0.3333333333333333
q262594,R@100,1.0
q262595,nDCG@10,0.6309297535714575
q262595,R@100,1.0
q262596,nDCG@10,0.31546487678572877
q262596,R@100,1.0
q262597,nDCG@10,0.31546487678572877
q262597,R@100,1.0
q262598,nDCG@10,1.0
q262598,R@100,1.0
q262599,nDCG@10,1.0
q262599,R@100,1.0
q262600,nDCG@10,0.6309297535714575
q262600,R@100,1.0
q262601,nDCG@10,0.0
q262601,R@100,0.0
q262602,nDCG@10,0.0
q262602,R@100,1.0
q262603,nDCG@10,0.0
q262603,R@100,1.0
q262604,nDCG@10,0.0
q262604,R@100,0.0
q262605,nDCG@10,0.0
q262605,R@100,1.0
q262606,nDCG@10,0.6309297535714575
q262606,R@100,1.0
q262607,nDCG@10,0.0
q262607,R@100,0.0
q262608,nDCG@10,1.0
q262608,R@100,1.0
q262609,nDCG@10,0.6309297535714575
q262609,R@100,1.0
q262610,nDCG@10,1.0
q262610,R@100,1.0
q262611,nDCG@10,1.0
q262611,R@100,1.0
q262612,nDCG@10,0.6309297535714575
q262612,R@100,1.0
q262613,nDCG@10,0.5
q262613,R@100,1.0
q262614,nDCG@10,0.0
q262614,R@100,1.0
q262615,nDCG@10,0.0
q262615,R@100,0.0
q262616,nDCG@10,0.0
q262616,R@100,0.0
q262617,nDCG@10,0.0
q262617,R@100,0.0
q262618,nDCG@10,0.0
q262618,R@100,0.0
q262619,nDCG@10,1.0
q262619,R@100,1.0
q262620,nDCG@10,1.0
q262620,R@100,1.0
q262621,nDCG@10,0.0
q262621,R@100,0.0
q262622,nDCG@10,0.0
q262622,R@100,1.0
q262623,nDCG@10,1.0
q262623,R@100,1.0
q262624,nDCG@10,1.0
q262624,R@100,1.0
q262625,nDCG@10,1.0
q262625,R@100,1.0
q262626,nDCG@10,0.0
q262626,R@100,0.0
q262627,nDCG@10,0.0
q262627,R@100,0.0
q262628,nDCG@10,0.0
q262628,R@100,0.0
q262629,nDCG@10,0.0
q262629,R@100,0.0
q262630,nDCG@10,0.0
q262630,R@100,0.0
q262631,nDCG@10,0.0
q262631,R@100,0.0
q262632,nDCG@10,0.0
q262632,R@100,0.0
q262633,nDCG@10,0.0
q262633,R@100,0.0
q262634,nDCG@10,0.38685280723454163
q262634,R@100,1.0
q262635,nDCG@10,1.0
q262635,R@100,1.0
q262636,nDCG@10,1.0
q262636,R@100,1.0
q262637,nDCG@10,0.0
q262637,R@100,1.0
q262638,nDCG@10,0.0
q262638,R@100,0.0
q262639,nDCG@10,0.0
q262639,R@100,0.0
q262640,nDCG@10,1.0
q262640,R@100,1.0
q262641,nDCG@10,0.5
q262641,R@100,1.0
q262642,nDCG@10,1.0
q262642,R@100,1.0
q262643,nDCG@10,1.0
q262643,R@100,1.0
q262644,nDCG@10,1.0
q262644,R@100,1.0
q262645,nDCG@10,0.38685280723454163
q262645,R@100,1.0
q262646,nDCG@10,0.3333333333333333
q262646,R@100,1.0
q262647,nDCG@10,0.0
q262647,R@100,1.0
q262648,nDCG@10,1.0
q262648,R@100,1.0
q262649,nDCG@10,1.0
q262649,R@100,1.0
q262650,nDCG@10,1.0
q262650,R@100,1.0
q262651,nDCG@10,0.0
q262651,R@100,1.0
q262652,nDCG@10,1.0
q262652,R@100,1.0
q262653,nDCG@10,1.0
q262653,R@100,1.0
q262654,nDCG@10,0.0
q262654,R@100,0.0
q262655,nDCG@10,0.6309297535714575
q262655,R@100,1.0
q262656,nDCG@10,0.6309297535714575
q262656,R@100,1.0
q262657,nDCG@10,0.0
q262657,R@100,0.0
q262658,nDCG@10,0.3010299956639812
q262658,R@100,1.0
q262659,nDCG@10,0.0
q262659,R@100,0.0
q262660,nDCG@10,0.3562071871080222
q262660,R@100,1.0
q262661,nDCG@10,0.6309297535714575
q262661,R@100,1.0
q262662,nDCG@10,0.6309297535714575
q262662,R@100,1.0
q262663,nDCG@10,0.0
q262663,R@100,1.0
q262664,nDCG@10,1.0
q262664,R@100,1.0
q262665,nDCG@10,0.0
q262665,R@100,0.0
q262666,nDCG@10,0.0
q262666,R@100,0.0
q262667,nDCG@10,0.0
q262667,R@100,1.0
q262668,nDCG@10,1.0
q262668,R@100,1.0
q262669,nDCG@10,0.0
q262669,R@100,0.0
q262670,nDCG@10,0.0
q262670,R@100,0.0
q262671,nDCG@10,0.0
q262671,R@100,0.0
q262672,nDCG@10,0.5
q262672,R@100,1.0
q262673,nDCG@10,0.0
q262673,R@100,0.0
q262674,nDCG@10,0.0
q262674,R@100,0.0
q262675,nDCG@10,0.0
q262675,R@100,1.0
q262676,nDCG@10,0.0
q262676,R@100,1.0
q262677,nDCG@10,1.0
q262677,R@100,1.0
q262678,nDCG@10,1.0
q262678,R@100,1.0
q262679,nDCG@10,1.0
q262679,R@100,1.0
q262680,nDCG@10,0.0
q262680,R@100,1.0
q262681,nDCG@10,0.0
q262681,R@100,0.0
q262682,nDCG@10,1.0
q262682,R@100,1.0
q262683,nDCG@10,0.0
q262683,R@100,1.0
q262684,nDCG@10,0.0
q262684,R@100,0.0
q262685,nDCG@10,0.0
q262685,R@100,0.0
q262686,nDCG@10,0.0
q262686,R@100,0.0
q262687,nDCG@10,0.0
q262687,R@100,0.0
q262688,nDCG@10,0.0
q262688,R@100,0.0
q262689,nDCG@10,0.0
q262689,R@100,0.0
q262690,nDCG@10,1.0
q262690,R@100,1.0
q262691,nDCG@10,1.0
q262691,R@100,1.0
q262692,nDCG@10,1.0
q262692,R@100,1.0
q262693,nDCG@10,1.0
q262693,R@100,1.0
q262694,nDCG@10,1.0
q262694,R@100,1.0
q262695,nDCG@10,0.0
q262695,R@100,1.0
q262696,nDCG@10,0.0
q262696,R@100,0.0
q262697,nDCG@10,0.5
q262697,R@100,1.0
q262698,nDCG@10,0.0
q262698,R@100,0.0
q262699,nDCG@10,0.0
q262699,R@100,0.0
q262700,nDCG@10,0.0
q262700,R@100,0.0
q262701,nDCG@10,1.0
q262701,R@100,1.0
q262702,nDCG@10,1.0
q262702,R@100,1.0
q262703,nDCG@10,1.0
q262703,R@100,1.0
q262704,nDCG@10,0.3010299956639812
q262704,R@100,1.0
q262705,nDCG@10,0.0
q262705,R@100,0.0
q262706,nDCG@10,0.0
q262706,R@100,1.0
q262707,nDCG@10,1.0
q262707,R@100,1.0
q262708,nDCG@10,1.0
q262708,R@100,1.0
q262709,nDCG@10,0.0
q262709,R@100,0.0
q262710,nDCG@10,0.0
q262710,R@100,0.0
q262711,nDCG@10,0.43067655807339306
q262711,R@100,1.0
q262712,nDCG@10,0.5
q262712,R@100,1.0
q262713,nDCG@10,0.0
q262713,R@100,0.0
q262714,nDCG@10,0.0
q262714,R@100,1.0
q262715,nDCG@10,0.5
q262715,R@100,1.0
q262716,nDCG@10,0.6309297535714575
q262716,R@100,1.0
q262717,nDCG@10,0.6309297535714575
q262717,R@100,1.0
q262718,nDCG@10,1.0
q262718,R@100,1.0
q262719,nDCG@10,1.0
q262719,R@100,1.0
q262720,nDCG@10,1.0
q262720,R@100,1.0
q262721,nDCG@10,1.0
q262721,R@100,1.0
q262722,nDCG@10,1.0
q262722,R@100,1.0
q262723,nDCG@10,1.0
q262723,R@100,1.0
q262724,nDCG@10,1.0
q262724,R@100,1.0
q262725,nDCG@10,0.0
q262725,R@100,0.0
q262726,nDCG@10,0.0
q262726,R@100,1.0
q262727,nDCG@10,0.0
q262727,R@100,1.0
q262728,nDCG@10,0.6309297535714575
q262728,R@100,1.0
q262729,nDCG@10,1.0
q262729,R@100,1.0
q262730,nDCG@10,1.0
q262730,R@100,1.0
q262731,nDCG@10,1.0
q262731,R@100,1.0
q262732,nDCG@10,0.0
q262732,R@100,0.0
q262733,nDCG@10,0.0
q262733,R@100,0.0
q262734,nDCG@10,0.0
q262734,R@100,0.0
q262735,nDCG@10,0.0
q262735,R@100,1.0
q262736,nDCG@10,0.0
q262736,R@100,0.0
q262737,nDCG@10,0.0
q262737,R@100,1.0
q262738,nDCG@10,0.0
q262738,R@100,0.0
q262739,nDCG@10,0.0
q262739,R@100,0.0
q262740,nDCG@10,0.0
q262740,R@100,0.0
q262741,nDCG@10,0.6309297535714575
q262741,R@100,1.0
q262742,nDCG@10,0.0
q262742,R@100,1.0
q262743,nDCG@10,0.0
q262743,R@100,1.0
q262744,nDCG@10,0.0
q262744,R@100,0.0
q262745,nDCG@10,0.0
q262745,R@100,0.0
q262746,nDCG@10,0.0
q262746,R@100,0.0
q262747,nDCG@10,0.0
q262747,R@100,0.0
q262748,nDCG@10,0.6309297535714575
q262748,R@100,1.0
q262749,nDCG@10,0.0
q262749,R@100,1.0
q262750,nDCG@10,0.0
q262750,R@100,0.0
q262751,nDCG@10,0.0
q262751,R@100,1.0
q262752,nDCG@10,0.0
q262752,R@100,0.0
q262753,nDCG@10,0.0
q262753,R@100,0.0
q262754,nDCG@10,0.0
q262754,R@100,1.0
q262755,nDCG@10,0.0
q262755,R@100,1.0
q262756,nDCG@10,0.0
q262756,R@100,1.0
q262757,nDCG@10,0.0
q262757,R@100,0.0
q262758,nDCG@10,1.0
q262758,R@100,1.0
q262759,nDCG@10,0.0
q262759,R@100,1.0
q262760,nDCG@10,0.0
q262760,R@100,0.0
q262761,nDCG@10,0.0
q262761,R@100,1.0
q262762,nDCG@10,0.5
q262762,R@100,1.0
q262763,nDCG@10,0.38685280723454163
q262763,R@100,1.0
q262764,nDCG@10,0.0
q262764,R@100,0.0
q262765,nDCG@10,0.0
q262765,R@100,0.0
q262766,nDCG@10,0.0
q262766,R@100,0.0
q262767,nDCG@10,1.0
q262767,R@100,1.0
q262768,nDCG@10,1.0
q262768,R@100,1.0
q262769,nDCG@10,1.0
q262769,R@100,1.0
q262770,nDCG@10,0.6309297535714575
q262770,R@100,1.0
q262771,nDCG@10,0.0
q262771,R@100,1.0
q262772,nDCG@10,0.43067655807339306
q262772,R@100,1.0
q262773,nDCG@10,0.38685280723454163
q262773,R@100,1.0
q262774,nDCG@10,1.0
q262774,R@100,1.0
q262775,nDCG@10,0.5
q262775,R@100,1.0
q262776,nDCG@10,0.43067655807339306
q262776,R@100,1.0
q262777,nDCG@10,0.0
q262777,R@100,0.0
q262778,nDCG@10,0.0
q262778,R@100,1.0
q262779,nDCG@10,0.6309297535714575
q262779,R@100,1.0
q262780,nDCG@10,0.0
q262780,R@100,1.0
q262781,nDCG@10,0.0
q262781,R@100,0.0
q262782,nDCG@10,0.0
q262782,R@100,0.0
q262783,nDCG@10,0.5
q262783,R@100,1.0
q262784,nDCG@10,0.0
q262784,R@100,1.0
q262785,nDCG@10,0.5
q262785,R@100,1.0
q262786,nDCG@10,0.0
q262786,R@100,1.0
q262787,nDCG@10,1.0
q262787,R@100,1.0
q262788,nDCG@10,0.0
q262788,R@100,0.0
q262789,nDCG@10,0.0
q262789,R@100,1.0
q262790,nDCG@10,0.0
q262790,R@100,1.0
q262791,nDCG@10,1.0
q262791,R@100,1.0
q262792,nDCG@10,0.0
q262792,R@100,1.0
q262793,nDCG@10,0.0
q262793,R@100,0.0
q262794,nDCG@10,0.0
q262794,R@100,0.0
q262795,nDCG@10,0.0
q262795,R@100,1.0
q262796,nDCG@10,1.0
q262796,R@100,1.0
q262797,nDCG@10,0.43067655807339306
q262797,R@100,1.0
q262798,nDCG@10,0.0
q262798,R@100,0.0
q262799,nDCG@10,0.0
q262799,R@100,1.0
q262800,nDCG@10,0.0
q262800,R@100,1.0
q262801,nDCG@10,0.3562071871080222
q262801,R@100,1.0
q262802,nDCG@10,1.0
q262802,R@100,1.0
q262803,nDCG@10,1.0
q262803,R@100,1.0
q262804,nDCG@10,1.0
q262804,R@100,1.0
q262805,nDCG@10,0.0
q262805,R@100,1.0
q262806,nDCG@10,0.3333333333333333
q262806,R@100,1.0
q262807,nDCG@10,1.0
q262807,R@100,1.0
q262808,nDCG@10,0.3010299956639812
q262808,R@100,1.0
q262809,nDCG@10,0.0
q262809,R@100,1.0
q262810,nDCG@10,0.3333333333333333
q262810,R@100,1.0
q262811,nDCG@10,1.0
q262811,R@100,1.0
q262812,nDCG@10,1.0
q262812,R@100,1.0
q262813,nDCG@10,0.6309297535714575
q262813,R@100,1.0
q262814,nDCG@10,0.0
q262814,R@100,1.0
q262815,nDCG@10,1.0
q262815,R@100,1.0
q262816,nDCG@10,0.0
q262816,R@100,0.0
q262817,nDCG@10,0.0
q262817,R@100,0.0
q262818,nDCG@10,0.0
q262818,R@100,0.0
q262819,nDCG@10,0.0
q262819,R@100,1.0
q262820,nDCG@10,0.3333333333333333
q262820,R@100,1.0
q262821,nDCG@10,0.0
q262821,R@100,1.0
q262822,nDCG@10,0.43067655807339306
q262822,R@100,1.0
q262823,nDCG@10,0.0
q262823,R@100,0.0
q262824,nDCG@10,1.0
q262824,R@100,1.0
q262825,nDCG@10,0.0
q262825,R@100,1.0
q262826,nDCG@10,0.2890648263178879
q262826,R@100,1.0
q262827,nDCG@10,1.0
q262827,R@100,1.0
q262828,nDCG@10,0.6309297535714575
q262828,R@100,1.0
q262829,nDCG@10,0.0
q262829,R@100,0.0
q262830,nDCG@10,0.0
q262830,R@100,0.0
q262831,nDCG@10,0.0
q262831,R@100,1.0
q262832,nDCG@10,0.0
q262832,R@100,0.0
q262833,nDCG@10,1.0
q262833,R@100,1.0
q262834,nDCG@10,0.0
q262834,R@100,1.0
q262835,nDCG@10,0.0
q262835,R@100,1.0
q262836,nDCG@10,0.38685280723454163
q262836,R@100,1.0
q262837,nDCG@10,0.0
q262837,R@100,1.0
q262838,nDCG@10,1.0
q262838,R@100,1.0
q262839,nDCG@10,0.0
q262839,R@100,1.0
q262840,nDCG@10,0.0
q262840,R@100,0.0
q262841,nDCG@10,0.0
q262841,R@100,0.0
q262842,nDCG@10,0.0
q262842,R@100,0.0
q262843,nDCG@10,1.0
q262843,R@100,1.0
q262844,nDCG@10,1.0
q262844,R@100,1.0
q262845,nDCG@10,0.38685280723454163
q262845,R@100,1.0
q262846,nDCG@10,0.0
q262846,R@100,0.0
q262847,nDCG@10,1.0
q262847,R@100,1.0
q262848,nDCG@10,0.0
q262848,R@100,1.0
q262849,nDCG@10,1.0
q262849,R@100,1.0
q262850,nDCG@10,0.0
q262850,R@100,0.0
q262851,nDCG@10,0.0
q262851,R@100,0.0
q262852,nDCG@10,0.2890648263178879
q262852,R@100,1.0
q262853,nDCG@10,0.0
q262853,R@100,0.0
q262854,nDCG@10,0.0
q262854,R@100,1.0
q262855,nDCG@10,0.0
q262855,R@100,1.0
q262856,nDCG@10,0.0
q262856,R@100,1.0
q262857,nDCG@10,0.38685280723454163
q262857,R@100,1.0
q262858,nDCG@10,0.31546487678572877
q262858,R@100,1.0
q262859,nDCG@10,0.0
q262859,R@100,0.0
q262860,nDCG@10,0.0
q262860,R@100,0.0
q262861,nDCG@10,0.0
q262861,R@100,1.0
q262862,nDCG@10,1.0
q262862,R@100,1.0
q262863,nDCG@10,1.0
q262863,R@100,1.0
q262864,nDCG@10,0.0
q262864,R@100,1.0
q262865,nDCG@10,1.0
q262865,R@100,1.0
q262866,nDCG@10,0.0
q262866,R@100,1.0
q262867,nDCG@10,0.0
q262867,R@100,0.0
q262868,nDCG@10,1.0
q262868,R@100,1.0
q262869,nDCG@10,0.5
q262869,R@100,1.0
q262870,nDCG@10,0.5
q262870,R@100,1.0
q262871,nDCG@10,0.0
q262871,R@100,1.0
q262872,nDCG@10,0.0
q262872,R@100,1.0
q262873,nDCG@10,0.43067655807339306
q262873,R@100,1.0
q262874,nDCG@10,0.0
q262874,R@100,1.0
q262875,nDCG@10,1.0
q262875,R@100,1.0
q262876,nDCG@10,1.0
q262876,R@100,1.0
q262877,nDCG@10,1.0
q262877,R@100,1.0
q262878,nDCG@10,0.0
q262878,R@100,0.0
q262879,nDCG@10,0.0
q262879,R@100,1.0
q262880,nDCG@10,1.0
q262880,R@100,1.0
q262881,nDCG@10,0.0
q262881,R@100,1.0
q262882,nDCG@10,1.0
q262882,R@100,1.0
q262883,nDCG@10,0.0
q262883,R@100,0.0
q262884,nDCG@10,0.0
q262884,R@100,0.0
q262885,nDCG@10,1.0
q262885,R@100,1.0
q262886,nDCG@10,0.0
q262886,R@100,0.0
q262887,nDCG@10,0.0
q262887,R@100,0.0
q262888,nDCG@10,0.0
q262888,R@100,0.0
q262889,nDCG@10,0.0
q262889,R@100,1.0
q262890,nDCG@10,1.0
q262890,R@100,1.0
q262891,nDCG@10,0.0
q262891,R@100,0.0
q262892,nDCG@10,0.3562071871080222
q262892,R@100,1.0
q262893,nDCG@10,0.2890648263178879
q262893,R@100,1.0
q262894,nDCG@10,0.0
q262894,R@100,0.0
q262895,nDCG@10,1.0
q262895,R@100,1.0
q262896,nDCG@10,0.0
q262896,R@100,0.0
q262897,nDCG@10,0.0
q262897,R@100,1.0
q262898,nDCG@10,0.0
q262898,R@100,0.0
q262899,nDCG@10,0.0
q262899,R@100,0.0
q262900,nDCG@10,1.0
q262900,R@100,1.0
q262901,nDCG@10,0.0
q262901,R@100,0.0
q262902,nDCG@10,1.0
q262902,R@100,1.0
q262903,nDCG@10,1.0
q262903,R@100,1.0
q262904,nDCG@10,1.0
q262904,R@100,1.0
q262905,nDCG@10,0.5
q262905,R@100,1.0
q262906,nDCG@10,1.0
q262906,R@100,1.0
q262907,nDCG@10,0.5
q262907,R@100,1.0
q262908,nDCG@10,1.0
q262908,R@100,1.0
q262909,nDCG@10,0.0
q262909,R@100,1.0
q262910,nDCG@10,0.3333333333333333
q262910,R@100,1.0
q262911,nDCG@10,0.0
q262911,R@100,0.0
q262912,nDCG@10,0.0
q262912,R@100,0.0
q262913,nDCG@10,0.0
q262913,R@100,0.0
q262914,nDCG@10,0.0
q262914,R@100,0.0
q262915,nDCG@10,0.0
q262915,R@100,0.0
q262916,nDCG@10,0.6309297535714575
q262916,R@100,1.0
q262917,nDCG@10,1.0
q262917,R@100,1.0
q262918,nDCG@10,0.5
q262918,R@100,1.0
q262919,nDCG@10,1.0
q262919,R@100,1.0
q262920,nDCG@10,1.0
q262920,R@100,1.0
q262921,nDCG@10,0.5
q262921,R@100,1.0
q262922,nDCG@10,0.0
q262922,R@100,0.0
q262923,nDCG@10,1.0
q262923,R@100,1.0
q262924,nDCG@10,1.0
q262924,R@100,1.0
q262925,nDCG@10,1.0
q262925,R@100,1.0
q262926,nDCG@10,1.0
q262926,R@100,1.0
q262927,nDCG@10,0.0
q262927,R@100,1.0
q262928,nDCG@10,0.0
q262928,R@100,0.0
q262929,nDCG@10,1.0
q262929,R@100,1.0
q262930,nDCG@10,0.38685280723454163
q262930,R@100,1.0
q262931,nDCG@10,1.0
q262931,R@100,1.0
q262932,nDCG@10,0.0
q262932,R@100,0.0
q262933,nDCG@10,0.0
q262933,R@100,1.0
q262934,nDCG@10,0.0
q262934,R@100,1.0
q262935,nDCG@10,0.6309297535714575
q262935,R@100,1.0
q262936,nDCG@10,0.38685280723454163
q262936,R@100,1.0
q262937,nDCG@10,0.3562071871080222
q262937,R@100,1.0
q262938,nDCG@10,0.0
q262938,R@100,0.0
q262939,nDCG@10,0.0
q262939,R@100,1.0
q262940,nDCG@10,0.0
q262940,R@100,0.0
q262941,nDCG@10,1.0
q262941,R@100,1.0
q262942,nDCG@10,1.0
q262942,R@100,1.0
q262943,nDCG@10,0.0
q262943,R@100,0.0
q262944,nDCG@10,0.43067655807339306
q262944,R@100,1.0
q262945,nDCG@10,1.0
q262945,R@100,1.0
q262946,nDCG@10,0.43067655807339306
q262946,R@100,1.0
q262947,nDCG@10,0.6309297535714575
q262947,R@100,1.0
q262948,nDCG@10,1.0
q262948,R@100,1.0
q262949,nDCG@10,1.0
q262949,R@100,1.0
q262950,nDCG@10,0.0
q262950,R@100,0.0
q262951,nDCG@10,0.0
q262951,R@100,0.0
q262952,nDCG@10,1.0
q262952,R@100,1.0
q262953,nDCG@10,0.0
q262953,R@100,1.0
q262954,nDCG@10,0.6309297535714575
q262954,R@100,1.0
q262955,nDCG@10,0.0
q262955,R@100,0.0
q262956,nDCG@10,0.0
q262956,R@100,0.0
q262957,nDCG@10,0.6309297535714575
q262957,R@100,1.0
q262958,nDCG@10,0.0
q262958,R@100,0.0
q262959,nDCG@10,0.0
q262959,R@100,1.0
q262960,nDCG@10,0.0
q262960,R@100,0.0
q262961,nDCG@10,1.0
q262961,R@100,1.0
q262962,nDCG@10,0.0
q262962,R@100,1.0
q262963,nDCG@10,0.0
q262963,R@100,1.0
q262964,nDCG@10,0.0
q262964,R@100,0.0
q262965,nDCG@10,0.0
q262965,R@100,0.0
q262966,nDCG@10,0.0
q262966,R@100,0.0
q262967,nDCG@10,0.0
q262967,R@100,0.0
q262968,nDCG@10,0.0
q262968,R@100,0.0
q262969,nDCG@10,0.43067655807339306
q262969,R@100,1.0
q262970,nDCG@10,0.0
q262970,R@100,0.0
q262971,nDCG@10,0.6309297535714575
q262971,R@100,1.0
q262972,nDCG@10,0.0
q262972,R@100,1.0
q262973,nDCG@10,0.0
q262973,R@100,1.0
q262974,nDCG@10,0.0
q262974,R@100,1.0
q262975,nDCG@10,0.0
q262975,R@100,1.0
q262976,nDCG@10,1.0
q262976,R@100,1.0
q262977,nDCG@10,1.0
q262977,R@100,1.0
q262978,nDCG@10,0.38685280723454163
q262978,R@100,1.0
q262979,nDCG@10,0.6309297535714575
q262979,R@100,1.0
q262980,nDCG@10,0.3562071871080222
q262980,R@100,1.0
q262981,nDCG@10,0.0
q262981,R@100,1.0
q262982,nDCG@10,0.0
q262982,R@100,0.0
q262983,nDCG@10,0.0
q262983,R@100,0.0
q262984,nDCG@10,0.3010299956639812
q262984,R@100,1.0
q262985,nDCG@10,1.0
q262985,R@100,1.0
q262986,nDCG@10,1.0
q262986,R@100,1.0
q262987,nDCG@10,1.0
q262987,R@100,1.0
q262988,nDCG@10,0.38685280723454163
q262988,R@100,1.0
q262989,nDCG@10,1.0
q262989,R@100,1.0
q262990,nDCG@10,1.0
q262990,R@100,1.0
q262991,nDCG@10,1.0
q262991,R@100,1.0
q262992,nDCG@10,1.0
q262992,R@100,1.0
q262993,nDCG@10,0.0
q262993,R@100,0.0
q262994,nDCG@10,0.0
q262994,R@100,1.0
q262995,nDCG@10,0.0
q262995,R@100,0.0
q262996,nDCG@10,0.0
q262996,R@100,0.0
q262997,nDCG@10,0.0
q262997,R@100,0.0
q262998,nDCG@10,0.0
q262998,R@100,0.0
q262999,nDCG@10,0.0
q262999,R@100,0.0
q263000,nDCG@10,0.0
q263000,R@100,1.0
q263001,nDCG@10,0.0
q263001,R@100,1.0
q263002,nDCG@10,0.0
q263002,R@100,0.0
q263003,nDCG@10,0.0
q263003,R@100,0.0
q263004,nDCG@10,0.0
q263004,R@100,1.0
q263005,nDCG@10,0.0
q263005,R@100,0.0
q263006,nDCG@10,0.5
q263006,R@100,1.0
q263007,nDCG@10,0.0
q263007,R@100,0.0
q263008,nDCG@10,0.0
q263008,R@100,0.0
q263009,nDCG@10,1.0
q263009,R@100,1.0
q263010,nDCG@10,0.0
q263010,R@100,1.0
q263011,nDCG@10,0.0
q263011,R@100,1.0
q263012,nDCG@10,0.0
q263012,R@100,1.0
q263013,nDCG@10,1.0
q263013,R@100,1.0
q263014,nDCG@10,0.0
q263014,R@100,1.0
q263015,nDCG@10,0.6309297535714575
q263015,R@100,1.0
q263016,nDCG@10,0.6309297535714575
q263016,R@100,1.0
q263017,nDCG@10,1.0
q263017,R@100,1.0
q263018,nDCG@10,1.0
q263018,R@100,1.0
q263019,nDCG@10,0.6309297535714575
q263019,R@100,1.0
q263020,nDCG@10,0.43067655807339306
q263020,R@100,1.0
q263021,nDCG@10,0.0
q263021,R@100,1.0
q263022,nDCG@10,1.0
q263022,R@100,1.0
q263023,nDCG@10,0.2890648263178879
q263023,R@100,1.0
q263024,nDCG@10,1.0
q263024,R@100,1.0
q263025,nDCG@10,1.0
q263025,R@100,1.0
q263026,nDCG@10,0.0
q263026,R@100,1.0
q263027,nDCG@10,0.0
q263027,R@100,0.0
q263028,nDCG@10,0.3333333333333333
q263028,R@100,1.0
q263029,nDCG@10,1.0
q263029,R@100,1.0
q263030,nDCG@10,1.0
q263030,R@100,1.0
q263031,nDCG@10,0.38685280723454163
q263031,R@100,1.0
q263032,nDCG@10,0.5
q263032,R@100,1.0
q263033,nDCG@10,0.43067655807339306
q263033,R@100,1.0
q263034,nDCG@10,0.0
q263034,R@100,1.0
q263035,nDCG@10,0.0
q263035,R@100,0.0
q263036,nDCG@10,1.0
q263036,R@100,1.0
q263037,nDCG@10,0.3333333333333333
q263037,R@100,1.0
q263038,nDCG@10,1.0
q263038,R@100,1.0
q263039,nDCG@10,0.38685280723454163
q263039,R@100,1.0
q263040,nDCG@10,0.0
q263040,R@100,0.0
q263041,nDCG@10,0.0
q263041,R@100,1.0
q263042,nDCG@10,0.0
q263042,R@100,1.0
q263043,nDCG@10,0.0
q263043,R@100,0.0
q263044,nDCG@10,0.0
q263044,R@100,1.0
q263045,nDCG@10,0.0
q263045,R@100,0.0
q263046,nDCG@10,0.0
q263046,R@100,0.0
q263047,nDCG@10,1.0
q263047,R@100,1.0
q263048,nDCG@10,0.0
q263048,R@100,0.0
q263049,nDCG@10,0.0
q263049,R@100,0.0
q263050,nDCG@10,1.0
q263050,R@100,1.0
q263051,nDCG@10,0.0
q263051,R@100,0.0
q263052,nDCG@10,0.3562071871080222
q263052,R@100,1.0
q263053,nDCG@10,1.0
q263053,R@100,1.0
q263054,nDCG@10,0.38685280723454163
q263054,R@100,1.0
q263055,nDCG@10,0.0
q263055,R@100,0.0
q263056,nDCG@10,0.6309297535714575
q263056,R@100,1.0
q263057,nDCG@10,1.0
q263057,R@100,1.0
q263058,nDCG@10,0.3010299956639812
q263058,R@100,1.0
q263059,nDCG@10,1.0
q263059,R@100,1.0
q263060,nDCG@10,0.0
q263060,R@100,0.0
q263061,nDCG@10,0.0
q263061,R@100,1.0
q263062,nDCG@10,1.0
q263062,R@100,1.0
q263063,nDCG@10,0.0
q263063,R@100,0.0
q263064,nDCG@10,0.0
q263064,R@100,1.0
q263065,nDCG@10,0.0
q263065,R@100,1.0
q263066,nDCG@10,0.0
q263066,R@100,0.0
q263067,nDCG@10,0.0
q263067,R@100,0.0
q263068,nDCG@10,0.0
q263068,R@100,0.0
q263069,nDCG@10,0.6309297535714575
q263069,R@100,1.0
q263070,nDCG@10,0.0
q263070,R@100,1.0
q263071,nDCG@10,0.0
q263071,R@100,0.0
q263072,nDCG@10,0.0
q263072,R@100,0.0
q263073,nDCG@10,1.0
q263073,R@100,1.0
q263074,nDCG@10,0.0
q263074,R@100,0.0
q263075,nDCG@10,1.0
q263075,R@100,1.0
q263076,nDCG@10,0.0
q263076,R@100,0.0
q263077,nDCG@10,0.0
q263077,R@100,0.0
q263078,nDCG@10,0.0
q263078,R@100,1.0
q263079,nDCG@10,0.6309297535714575
q263079,R@100,1.0
q263080,nDCG@10,1.0
q263080,R@100,1.0
q263081,nDCG@10,0.0
q263081,R@100,1.0
q263082,nDCG@10,0.0
q263082,R@100,1.0
q263083,nDCG@10,0.6309297535714575
q263083,R@100,1.0
q263084,nDCG@10,0.0
q263084,R@100,1.0
q263085,nDCG@10,1.0
q263085,R@100,1.0
q263086,nDCG@10,0.6309297535714575
q263086,R@100,1.0
q263087,nDCG@10,1.0
q263087,R@100,1.0
q263088,nDCG@10,0.0
q263088,R@100,0.0
q263089,nDCG@10,0.0
q263089,R@100,0.0
q263090,nDCG@10,0.0
q263090,R@100,0.0
q263091,nDCG@10,0.0
q263091,R@100,0.0
q263092,nDCG@10,0.5
q263092,R@100,1.0
q263093,nDCG@10,0.0
q263093,R@100,0.0
q263094,nDCG@10,0.6309297535714575
q263094,R@100,1.0
q263095,nDCG@10,0.0
q263095,R@100,1.0
q263096,nDCG@10,1.0
q263096,R@100,1.0
q263097,nDCG@10,0.0
q263097,R@100,0.0
q263098,nDCG@10,1.0
q263098,R@100,1.0
q263099,nDCG@10,0.5
q263099,R@100,1.0
q263100,nDCG@10,0.0
q263100,R@100,0.0
q263101,nDCG@10,0.6309297535714575
q263101,R@100,1.0
q263102,nDCG@10,0.3333333333333333
q263102,R@100,1.0
q263103,nDCG@10,0.0
q263103,R@100,0.0
q263104,nDCG@10,0.3333333333333333
q263104,R@100,1.0
q263105,nDCG@10,1.0
q263105,R@100,1.0
q263106,nDCG@10,0.0
q263106,R@100,1.0
q263107,nDCG@10,0.0
q263107,R@100,1.0
q263108,nDCG@10,0.0
q263108,R@100,0.0
q263109,nDCG@10,0.0
q263109,R@100,0.0
q263110,nDCG@10,0.0
q263110,R@100,0.0
q263111,nDCG@10,0.3562071871080222
q263111,R@100,1.0
q263112,nDCG@10,0.38685280723454163
q263112,R@100,1.0
q263113,nDCG@10,0.0
q263113,R@100,0.0
q263114,nDCG@10,0.0
q263114,R@100,0.0
q263115,nDCG@10,0.5
q263115,R@100,1.0
q263116,nDCG@10,0.0
q263116,R@100,1.0
q263117,nDCG@10,1.0
q263117,R@100,1.0
q263118,nDCG@10,0.5
q263118,R@100,1.0
q263119,nDCG@10,0.0
q263119,R@100,1.0
q263120,nDCG@10,0.38685280723454163
q263120,R@100,1.0
q263121,nDCG@10,0.43067655807339306
q263121,R@100,1.0
q263122,nDCG@10,0.0
q263122,R@100,0.0
q263123,nDCG@10,0.0
q263123,R@100,0.0
q263124,nDCG@10,0.0
q263124,R@100,0.0
q263125,nDCG@10,0.5
q263125,R@100,1.0
q263126,nDCG@10,1.0
q263126,R@100,1.0
q263127,nDCG@10,1.0
q263127,R@100,1.0
q263128,nDCG@10,0.0
q263128,R@100,0.0
q263129,nDCG@10,1.0
q263129,R@100,1.0
q263130,nDCG@10,0.5
q263130,R@100,1.0
q263131,nDCG@10,1.0
q263131,R@100,1.0
q263132,nDCG@10,1.0
q263132,R@100,1.0
q263133,nDCG@10,0.0
q263133,R@100,0.0
q263134,nDCG@10,1.0
q263134,R@100,1.0
q263135,nDCG@10,0.0
q263135,R@100,1.0
q263136,nDCG@10,1.0
q263136,R@100,1.0
q263137,nDCG@10,1.0
q263137,R@100,1.0
q263138,nDCG@10,0.43067655807339306
q263138,R@100,1.0
q263139,nDCG@10,1.0
q263139,R@100,1.0
q263140,nDCG@10,1.0
q263140,R@100,1.0
q263141,nDCG@10,0.3562071871080222
q263141,R@100,1.0
q263142,nDCG@10,1.0
q263142,R@100,1.0
q263143,nDCG@10,0.0
q263143,R@100,1.0
q263144,nDCG@10,0.0
q263144,R@100,0.0
q263145,nDCG@10,1.0
q263145,R@100,1.0
q263146,nDCG@10,1.0
q263146,R@100,1.0
q263147,nDCG@10,0.38685280723454163
q263147,R@100,1.0
q263148,nDCG@10,0.6309297535714575
q263148,R@100,1.0
q263149,nDCG@10,0.43067655807339306
q263149,R@100,1.0
q263150,nDCG@10,1.0
q263150,R@100,1.0
q263151,nDCG@10,0.0
q263151,R@100,1.0
q263152,nDCG@10,0.0
q263152,R@100,1.0
q263153,nDCG@10,0.0
q263153,R@100,0.0
q263154,nDCG@10,0.0
q263154,R@100,0.0
q263155,nDCG@10,0.0
q263155,R@100,1.0
q263156,nDCG@10,0.0
q263156,R@100,1.0
q263157,nDCG@10,0.0
q263157,R@100,0.0
q263158,nDCG@10,0.0
q263158,R@100,1.0
q263159,nDCG@10,1.0
q263159,R@100,1.0
q263160,nDCG@10,0.38685280723454163
q263160,R@100,1.0
q263161,nDCG@10,1.0
q263161,R@100,1.0
q263162,nDCG@10,1.0
q263162,R@100,1.0
q263163,nDCG@10,0.0
q263163,R@100,0.0
q263164,nDCG@10,1.0
q263164,R@100,1.0
q263165,nDCG@10,1.0
q263165,R@100,1.0
q263166,nDCG@10,0.0
q263166,R@100,0.0
q263167,nDCG@10,0.6309297535714575
q263167,R@100,1.0
q263168,nDCG@10,0.5
q263168,R@100,1.0
q263169,nDCG@10,0.0
q263169,R@100,0.0
q263170,nDCG@10,1.0
q263170,R@100,1.0
q263171,nDCG@10,0.0
q263171,R@100,0.0
q263172,nDCG@10,0.5
q263172,R@100,1.0
q263173,nDCG@10,0.0
q263173,R@100,0.0
q263174,nDCG@10,0.0
q263174,R@100,0.0
q263175,nDCG@10,0.0
q263175,R@100,0.0
q263176,nDCG@10,0.0
q263176,R@100,0.0
q263177,nDCG@10,0.0
q263177,R@100,0.0
q263178,nDCG@10,1.0
q263178,R@100,1.0
q263179,nDCG@10,0.0
q263179,R@100,0.0
q263180,nDCG@10,1.0
q263180,R@100,1.0
q263181,nDCG@10,0.0
q263181,R@100,0.0
q263182,nDCG@10,0.0
q263182,R@100,0.0
q263183,nDCG@10,0.0
q263183,R@100,0.0
q263184,nDCG@10,0.0
q263184,R@100,1.0
q263185,nDCG@10,0.0
q263185,R@100,0.0
q263186,nDCG@10,0.0
q263186,R@100,1.0
q263187,nDCG@10,0.0
q263187,R@100,0.0
q263188,nDCG@10,0.0
q263188,R@100,0.0
q263189,nDCG@10,0.6309297535714575
q263189,R@100,1.0
q263190,nDCG@10,0.0
q263190,R@100,0.0
q263191,nDCG@10,0.0
q263191,R@100,0.0
q263192,nDCG@10,0.0
q263192,R@100,0.0
q263193,nDCG@10,0.2890648263178879
q263193,R@100,1.0
q263194,nDCG@10,1.0
q263194,R@100,1.0
q263195,nDCG@10,0.0
q263195,R@100,0.0
q263196,nDCG@10,0.6309297535714575
q263196,R@100,1.0
q263197,nDCG@10,0.2890648263178879
q263197,R@100,1.0
q263198,nDCG@10,1.0
q263198,R@100,1.0
q263199,nDCG@10,0.5
q263199,R@100,1.0
q263200,nDCG@10,0.0
q263200,R@100,1.0
q263201,nDCG@10,1.0
q263201,R@100,1.0
q263202,nDCG@10,0.0
q263202,R@100,1.0
q263203,nDCG@10,1.0
q263203,R@100,1.0
q263204,nDCG@10,0.2890648263178879
q263204,R@100,1.0
q263205,nDCG@10,0.3333333333333333
q263205,R@100,1.0
q263206,nDCG@10,0.0
q263206,R@100,0.0
q263207,nDCG@10,0.0
q263207,R@100,1.0
q263208,nDCG@10,0.3562071871080222
q263208,R@100,1.0
q263209,nDCG@10,1.0
q263209,R@100,1.0
q263210,nDCG@10,0.0
q263210,R@100,1.0
q263211,nDCG@10,1.0
q263211,R@100,1.0
q263212,nDCG@10,0.0
q263212,R@100,1.0
q263213,nDCG@10,0.6309297535714575
q263213,R@100,1.0
q263214,nDCG@10,0.0
q263214,R@100,0.0
q263215,nDCG@10,0.0
q263215,R@100,1.0
q263216,nDCG@10,0.0
q263216,R@100,0.0
q263217,nDCG@10,0.31546487678572877
q263217,R@100,1.0
q263218,nDCG@10,0.6309297535714575
q263218,R@100,1.0
q263219,nDCG@10,0.0
q263219,R@100,0.0
q263220,nDCG@10,0.0
q263220,R@100,0.0
q263221,nDCG@10,1.0
q263221,R@100,1.0
q263222,nDCG@10,0.3010299956639812
q263222,R@100,1.0
q263223,nDCG@10,0.0
q263223,R@100,0.0
q263224,nDCG@10,0.0
q263224,R@100,0.0
q263225,nDCG@10,0.0
q263225,R@100,0.0
q263226,nDCG@10,0.0
q263226,R@100,0.0
q263227,nDCG@10,1.0
q263227,R@100,1.0
q263228,nDCG@10,1.0
q263228,R@100,1.0
q263229,nDCG@10,1.0
q263229,R@100,1.0
q263230,nDCG@10,1.0
q263230,R@100,1.0
q263231,nDCG@10,0.0
q263231,R@100,0.0
q263232,nDCG@10,1.0
q263232,R@100,1.0
q263233,nDCG@10,1.0
q263233,R@100,1.0
q263234,nDCG@10,0.6309297535714575
q263234,R@100,1.0
q263235,nDCG@10,1.0
q263235,R@100,1.0
q263236,nDCG@10,0.0
q263236,R@100,0.0
q263237,nDCG@10,0.0
q263237,R@100,0.0
q263238,nDCG@10,0.0
q263238,R@100,0.0
q263239,nDCG@10,0.0
q263239,R@100,0.0
q263240,nDCG@10,0.0
q263240,R@100,1.0
q263241,nDCG@10,0.0
q263241,R@100,0.0
q263242,nDCG@10,0.0
q263242,R@100,0.0
q263243,nDCG@10,1.0
q263243,R@100,1.0
q263244,nDCG@10,0.0
q263244,R@100,0.0
q263245,nDCG@10,0.31546487678572877
q263245,R@100,1.0
q263246,nDCG@10,0.0
q263246,R@100,0.0
q263247,nDCG@10,0.6309297535714575
q263247,R@100,1.0
q263248,nDCG@10,0.0
q263248,R@100,1.0
q263249,nDCG@10,1.0
q263249,R@100,1.0
q263250,nDCG@10,0.0
q263250,R@100,1.0
q263251,nDCG@10,0.0
q263251,R@100,0.0
q263252,nDCG@10,0.0
q263252,R@100,0.0
q263253,nDCG@10,0.0
q263253,R@100,0.0
q263254,nDCG@10,1.0
q263254,R@100,1.0
q263255,nDCG@10,0.5
q263255,R@100,1.0
q263256,nDCG@10,0.0
q263256,R@100,0.0
q263257,nDCG@10,0.0
q263257,R@100,1.0
q263258,nDCG@10,0.0
q263258,R@100,1.0
q263259,nDCG@10,0.6309297535714575
q263259,R@100,1.0
q263260,nDCG@10,0.5
q263260,R@100,1.0
q263261,nDCG@10,0.0
q263261,R@100,0.0
q263262,nDCG@10,0.5
q263262,R@100,1.0
q263263,nDCG@10,0.5
q263263,R@100,1.0
q263264,nDCG@10,0.5
q263264,R@100,1.0
q263265,nDCG@10,0.0
q263265,R@100,1.0
q263266,nDCG@10,1.0
q263266,R@100,1.0
q263267,nDCG@10,0.0
q263267,R@100,1.0
q263268,nDCG@10,0.0
q263268,R@100,0.0
q263269,nDCG@10,0.0
q263269,R@100,1.0
q263270,nDCG@10,0.0
q263270,R@100,1.0
q263271,nDCG@10,0.3333333333333333
q263271,R@100,1.0
q263272,nDCG@10,0.0
q263272,R@100,1.0
q263273,nDCG@10,0.0
q263273,R@100,1.0
q263274,nDCG@10,1.0
q263274,R@100,1.0
q263275,nDCG@10,0.0
q263275,R@100,0.0
q263276,nDCG@10,0.0
q263276,R@100,1.0
q263277,nDCG@10,0.6309297535714575
q263277,R@100,1.0
q263278,nDCG@10,0.0
q263278,R@100,0.0
q263279,nDCG@10,0.0
q263279,R@100,1.0
q263280,nDCG@10,0.0
q263280,R@100,1.0
q263281,nDCG@10,0.0
q263281,R@100,0.0
q263282,nDCG@10,1.0
q263282,R@100,1.0
q263283,nDCG@10,1.0
q263283,R@100,1.0
q263284,nDCG@10,0.3333333333333333
q263284,R@100,1.0
q263285,nDCG@10,0.31546487678572877
q263285,R@100,1.0
q263286,nDCG@10,1.0
q263286,R@100,1.0
q263287,nDCG@10,0.0
q263287,R@100,0.0
q263288,nDCG@10,0.0
q263288,R@100,1.0
q263289,nDCG@10,0.0
q263289,R@100,0.0
q263290,nDCG@10,0.5
q263290,R@100,1.0
q263291,nDCG@10,0.0
q263291,R@100,0.0
q263292,nDCG@10,0.0
q263292,R@100,0.0
q263293,nDCG@10,0.0
q263293,R@100,0.0
q263294,nDCG@10,0.31546487678572877
q263294,R@100,1.0
q263295,nDCG@10,0.0
q263295,R@100,0.0
q263296,nDCG@10,0.0
q263296,R@100,0.0
q263297,nDCG@10,1.0
q263297,R@100,1.0
q263298,nDCG@10,0.0
q263298,R@100,1.0
q263299,nDCG@10,0.5
q263299,R@100,1.0
q263300,nDCG@10,0.43067655807339306
q263300,R@100,1.0
q263301,nDCG@10,0.0
q263301,R@100,0.0
q263302,nDCG@10,0.0
q263302,R@100,0.0
q263303,nDCG@10,0.0
q263303,R@100,0.0
q263304,nDCG@10,0.0
q263304,R@100,0.0
q263305,nDCG@10,0.0
q263305,R@100,0.0
q263306,nDCG@10,0.0
q263306,R@100,0.0
q263307,nDCG@10,0.0
q263307,R@100,0.0
q263308,nDCG@10,0.0
q263308,R@100,0.0
q263309,nDCG@10,0.0
q263309,R@100,0.0
q263310,nDCG@10,0.0
q263310,R@100,0.0
q263311,nDCG@10,1.0
q263311,R@100,1.0
q263312,nDCG@10,1.0
q263312,R@100,1.0
q263313,nDCG@10,0.0
q263313,R@100,1.0
q263314,nDCG@10,1.0
q263314,R@100,1.0
q263315,nDCG@10,0.0
q263315,R@100,0.0
q263316,nDCG@10,0.0
q263316,R@100,1.0
q263317,nDCG@10,0.0
q263317,R@100,0.0
q263318,nDCG@10,0.0
q263318,R@100,0.0
q263319,nDCG@10,0.0
q263319,R@100,0.0
q263320,nDCG@10,0.0
q263320,R@100,0.0
q263321,nDCG@10,0.0
q263321,R@100,1.0
q263322,nDCG@10,0.0
q263322,R@100,0.0
q263323,nDCG@10,0.0
q263323,R@100,0.0
q263324,nDCG@10,0.0
q263324,R@100,0.0
q263325,nDCG@10,0.0
q263325,R@100,0.0
q263326,nDCG@10,0.0
q263326,R@100,0.0
q263327,nDCG@10,0.0
q263327,R@100,0.0
q263328,nDCG@10,0.0
q263328,R@100,0.0
q263329,nDCG@10,0.0
q263329,R@100,0.0
q263330,nDCG@10,0.0
q263330,R@100,0.0
q263331,nDCG@10,1.0
q263331,R@100,1.0
q263332,nDCG@10,0.0
q263332,R@100,1.0
q263333,nDCG@10,1.0
q263333,R@100,1.0
q263334,nDCG@10,0.0
q263334,R@100,1.0
q263335,nDCG@10,0.0
q263335,R@100,0.0
q263336,nDCG@10,0.0
q263336,R@100,0.0
q263337,nDCG@10,0.5
q263337,R@100,1.0
q263338,nDCG@10,0.0
q263338,R@100,0.0
q263339,nDCG@10,0.0
q263339,R@100,0.0
q263340,nDCG@10,0.0
q263340,R@100,1.0
q263341,nDCG@10,1.0
q263341,R@100,1.0
q263342,nDCG@10,0.0
q263342,R@100,0.0
q263343,nDCG@10,0.0
q263343,R@100,0.0
q263344,nDCG@10,0.0
q263344,R@100,0.0
q263345,nDCG@10,0.0
q263345,R@100,0.0
q263346,nDCG@10,0.0
q263346,R@100,0.0
q263347,nDCG@10,0.0
q263347,R@100,0.0
q263348,nDCG@10,0.43067655807339306
q263348,R@100,1.0
q263349,nDCG@10,0.0
q263349,R@100,0.0
q263350,nDCG@10,1.0
q263350,R@100,1.0
q263351,nDCG@10,1.0
q263351,R@100,1.0
q263352,nDCG@10,1.0
q263352,R@100,1.0
q263353,nDCG@10,0.0
q263353,R@100,0.0
q263354,nDCG@10,1.0
q263354,R@100,1.0
q263355,nDCG@10,0.0
q263355,R@100,0.0
q263356,nDCG@10,1.0
q263356,R@100,1.0
q263357,nDCG@10,0.31546487678572877
q263357,R@100,1.0
q263358,nDCG@10,0.0
q263358,R@100,0.0
q263359,nDCG@10,0.0
q263359,R@100,1.0
q263360,nDCG@10,0.0
q263360,R@100,0.0
q263361,nDCG@10,1.0
q263361,R@100,1.0
q263362,nDCG@10,0.5
q263362,R@100,1.0
q263363,nDCG@10,0.0
q263363,R@100,1.0
q263364,nDCG@10,0.5
q263364,R@100,1.0
q263365,nDCG@10,0.0
q263365,R@100,1.0
q263366,nDCG@10,1.0
q263366,R@100,1.0
q263367,nDCG@10,0.5
q263367,R@100,1.0
q263368,nDCG@10,1.0
q263368,R@100,1.0
q263369,nDCG@10,0.3562071871080222
q263369,R@100,1.0
q263370,nDCG@10,0.0
q263370,R@100,0.0
q263371,nDCG@10,0.0
q263371,R@100,0.0
q263372,nDCG@10,0.0
q263372,R@100,1.0
q263373,nDCG@10,1.0
q263373,R@100,1.0
q263374,nDCG@10,1.0
q263374,R@100,1.0
q263375,nDCG@10,1.0
q263375,R@100,1.0
q263376,nDCG@10,1.0
q263376,R@100,1.0
q263377,nDCG@10,0.3562071871080222
q263377,R@100,1.0
q263378,nDCG@10,1.0
q263378,R@100,1.0
q263379,nDCG@10,1.0
q263379,R@100,1.0
q263380,nDCG@10,0.0
q263380,R@100,0.0
q263381,nDCG@10,1.0
q263381,R@100,1.0
q263382,nDCG@10,1.0
q263382,R@100,1.0
q263383,nDCG@10,1.0
q263383,R@100,1.0
q263384,nDCG@10,1.0
q263384,R@100,1.0
q263385,nDCG@10,1.0
q263385,R@100,1.0
q263386,nDCG@10,1.0
q263386,R@100,1.0
q263387,nDCG@10,1.0
q263387,R@100,1.0
q263388,nDCG@10,1.0
q263388,R@100,1.0
q263389,nDCG@10,1.0
q263389,R@100,1.0
q263390,nDCG@10,0.0
q263390,R@100,0.0
q263391,nDCG@10,0.0
q263391,R@100,0.0
q263392,nDCG@10,1.0
q263392,R@100,1.0
q263393,nDCG@10,1.0
q263393,R@100,1.0
q263394,nDCG@10,1.0
q263394,R@100,1.0
q263395,nDCG@10,0.0
q263395,R@100,0.0
q263396,nDCG@10,0.0
q263396,R@100,0.0
q263397,nDCG@10,0.0
q263397,R@100,0.0
q263398,nDCG@10,1.0
q263398,R@100,1.0
q263399,nDCG@10,0.43067655807339306
q263399,R@100,1.0
q263400,nDCG@10,0.43067655807339306
q263400,R@100,1.0
q263401,nDCG@10,1.0
q263401,R@100,1.0
q263402,nDCG@10,0.0
q263402,R@100,1.0
q263403,nDCG@10,0.0
q263403,R@100,0.0
q263404,nDCG@10,0.0
q263404,R@100,0.0
q263405,nDCG@10,1.0
q263405,R@100,1.0
q263406,nDCG@10,0.6309297535714575
q263406,R@100,1.0
q263407,nDCG@10,1.0
q263407,R@100,1.0
q263408,nDCG@10,1.0
q263408,R@100,1.0
q263409,nDCG@10,1.0
q263409,R@100,1.0
q263410,nDCG@10,0.2890648263178879
q263410,R@100,1.0
q263411,nDCG@10,1.0
q263411,R@100,1.0
q263412,nDCG@10,1.0
q263412,R@100,1.0
q263413,nDCG@10,1.0
q263413,R@100,1.0
q263414,nDCG@10,1.0
q263414,R@100,1.0
q263415,nDCG@10,0.0
q263415,R@100,1.0
q263416,nDCG@10,0.0
q263416,R@100,0.0
q263417,nDCG@10,0.0
q263417,R@100,1.0
q263418,nDCG@10,0.6309297535714575
q263418,R@100,1.0
q263419,nDCG@10,0.0
q263419,R@100,1.0
q263420,nDCG@10,1.0
q263420,R@100,1.0
q263421,nDCG@10,1.0
q263421,R@100,1.0
q263422,nDCG@10,0.6309297535714575
q263422,R@100,1.0
q263423,nDCG@10,1.0
q263423,R@100,1.0
q263424,nDCG@10,0.0
q263424,R@100,1.0
q263425,nDCG@10,1.0
q263425,R@100,1.0
q263426,nDCG@10,0.0
q263426,R@100,1.0
q263427,nDCG@10,0.5
q263427,R@100,1.0
q263428,nDCG@10,1.0
q263428,R@100,1.0
q263429,nDCG@10,1.0
q263429,R@100,1.0
q263430,nDCG@10,0.0
q263430,R@100,1.0
q263431,nDCG@10,1.0
q263431,R@100,1.0
q263432,nDCG@10,0.3562071871080222
q263432,R@100,1.0
q263433,nDCG@10,0.5
q263433,R@100,1.0
q263434,nDCG@10,0.3562071871080222
q263434,R@100,1.0
q263435,nDCG@10,0.6309297535714575
q263435,R@100,1.0
q263436,nDCG@10,0.0
q263436,R@100,1.0
q263437,nDCG@10,0.0
q263437,R@100,0.0
q263438,nDCG@10,0.0
q263438,R@100,1.0
q263439,nDCG@10,0.5
q263439,R@100,1.0
q263440,nDCG@10,0.0
q263440,R@100,1.0
q263441,nDCG@10,0.0
q263441,R@100,0.0
q263442,nDCG@10,0.0
q263442,R@100,0.0
q263443,nDCG@10,0.0
q263443,R@100,0.0
q263444,nDCG@10,0.38685280723454163
q263444,R@100,1.0
q263445,nDCG@10,0.43067655807339306
q263445,R@100,1.0
q263446,nDCG@10,0.5
q263446,R@100,1.0
q263447,nDCG@10,1.0
q263447,R@100,1.0
q263448,nDCG@10,1.0
q263448,R@100,1.0
q263449,nDCG@10,0.43067655807339306
q263449,R@100,1.0
q263450,nDCG@10,0.6309297535714575
q263450,R@100,1.0
q263451,nDCG@10,0.6309297535714575
q263451,R@100,1.0
q263452,nDCG@10,0.6309297535714575
q263452,R@100,1.0
q263453,nDCG@10,0.43067655807339306
q263453,R@100,1.0
q263454,nDCG@10,1.0
q263454,R@100,1.0
q263455,nDCG@10,0.31546487678572877
q263455,R@100,1.0
q263456,nDCG@10,0.0
q263456,R@100,1.0
q263457,nDCG@10,0.0
q263457,R@100,1.0
q263458,nDCG@10,0.0
q263458,R@100,0.0
q263459,nDCG@10,0.6309297535714575
q263459,R@100,1.0
q263460,nDCG@10,0.0
q263460,R@100,0.0
q263461,nDCG@10,0.0
q263461,R@100,0.0
q263462,nDCG@10,0.0
q263462,R@100,1.0
q263463,nDCG@10,0.0
q263463,R@100,1.0
q263464,nDCG@10,0.43067655807339306
q263464,R@100,1.0
q263465,nDCG@10,0.0
q263465,R@100,0.0
q263466,nDCG@10,0.0
q263466,R@100,0.0
q263467,nDCG@10,0.0
q263467,R@100,1.0
q263468,nDCG@10,0.0
q263468,R@100,0.0
q263469,nDCG@10,0.0
q263469,R@100,0.0
q263470,nDCG@10,0.6309297535714575
q263470,R@100,1.0
q263471,nDCG@10,0.0
q263471,R@100,1.0
q263472,nDCG@10,0.3010299956639812
q263472,R@100,1.0
q263473,nDCG@10,0.0
q263473,R@100,0.0
q263474,nDCG@10,0.0
q263474,R@100,1.0
q263475,nDCG@10,0.0
q263475,R@100,0.0
q263476,nDCG@10,1.0
q263476,R@100,1.0
q263477,nDCG@10,0.0
q263477,R@100,0.0
q263478,nDCG@10,0.3333333333333333
q263478,R@100,1.0
q263479,nDCG@10,0.0
q263479,R@100,1.0
q263480,nDCG@10,0.0
q263480,R@100,1.0
q263481,nDCG@10,0.0
q263481,R@100,1.0
q263482,nDCG@10,0.0
q263482,R@100,0.0
q263483,nDCG@10,1.0
q263483,R@100,1.0
q263484,nDCG@10,0.3562071871080222
q263484,R@100,1.0
q263485,nDCG@10,0.0
q263485,R@100,1.0
q263486,nDCG@10,0.43067655807339306
q263486,R@100,1.0
q263487,nDCG@10,0.0
q263487,R@100,1.0
q263488,nDCG@10,0.0
q263488,R@100,1.0
q263489,nDCG@10,1.0
q263489,R@100,1.0
q263490,nDCG@10,0.0
q263490,R@100,1.0
q263491,nDCG@10,0.2890648263178879
q263491,R@100,1.0
q263492,nDCG@10,0.0
q263492,R@100,0.0
q263493,nDCG@10,1.0
q263493,R@100,1.0
q263494,nDCG@10,0.3333333333333333
q263494,R@100,1.0
q263495,nDCG@10,0.0
q263495,R@100,0.0
q263496,nDCG@10,0.5
q263496,R@100,1.0
q263497,nDCG@10,0.0
q263497,R@100,1.0
q263498,nDCG@10,0.0
q263498,R@100,0.0
q263499,nDCG@10,1.0
q263499,R@100,1.0
q263500,nDCG@10,0.0
q263500,R@100,0.0
q263501,nDCG@10,0.6309297535714575
q263501,R@100,1.0
q263502,nDCG@10,0.0
q263502,R@100,0.0
q263503,nDCG@10,0.3562071871080222
q263503,R@100,1.0
q263504,nDCG@10,0.0
q263504,R@100,1.0
q263505,nDCG@10,0.0
q263505,R@100,1.0
q263506,nDCG@10,0.5
q263506,R@100,1.0
q263507,nDCG@10,0.0
q263507,R@100,0.0
q263508,nDCG@10,0.38685280723454163
q263508,R@100,1.0
q263509,nDCG@10,0.0
q263509,R@100,0.0
q263510,nDCG@10,0.0
q263510,R@100,0.0
q263511,nDCG@10,0.0
q263511,R@100,0.0
q263512,nDCG@10,0.6309297535714575
q263512,R@100,1.0
q263513,nDCG@10,0.0
q263513,R@100,0.0
q263514,nDCG@10,1.0
q263514,R@100,1.0
q263515,nDCG@10,1.0
q263515,R@100,1.0
q263516,nDCG@10,0.0
q263516,R@100,0.0
q263517,nDCG@10,1.0
q263517,R@100,1.0
q263518,nDCG@10,0.6309297535714575
q263518,R@100,1.0
q263519,nDCG@10,0.0
q263519,R@100,0.0
q263520,nDCG@10,0.0
q263520,R@100,0.0
q263521,nDCG@10,0.0
q263521,R@100,0.0
q263522,nDCG@10,0.0
q263522,R@100,0.0
q263523,nDCG@10,0.38685280723454163
q263523,R@100,1.0
q263524,nDCG@10,0.5
q263524,R@100,1.0
q263525,nDCG@10,0.0
q263525,R@100,0.0
q263526,nDCG@10,0.0
q263526,R@100,0.0
q263527,nDCG@10,0.0
q263527,R@100,0.0
q263528,nDCG@10,0.0
q263528,R@100,0.0
q263529,nDCG@10,0.0
q263529,R@100,1.0
q263530,nDCG@10,0.0
q263530,R@100,0.0
q263531,nDCG@10,0.0
q263531,R@100,0.0
q263532,nDCG@10,0.0
q263532,R@100,1.0
q263533,nDCG@10,0.0
q263533,R@100,0.0
q263534,nDCG@10,1.0
q263534,R@100,1.0
q263535,nDCG@10,1.0
q263535,R@100,1.0
q263536,nDCG@10,1.0
q263536,R@100,1.0
q263537,nDCG@10,0.0
q263537,R@100,1.0
q263538,nDCG@10,0.0
q263538,R@100,0.0
q263539,nDCG@10,0.3333333333333333
q263539,R@100,1.0
q263540,nDCG@10,0.0
q263540,R@100,1.0
q263541,nDCG@10,0.0
q263541,R@100,1.0
q263542,nDCG@10,1.0
q263542,R@100,1.0
q263543,nDCG@10,1.0
q263543,R@100,1.0
q263544,nDCG@10,0.6309297535714575
q263544,R@100,1.0
q263545,nDCG@10,1.0
q263545,R@100,1.0
q263546,nDCG@10,1.0
q263546,R@100,1.0
q263547,nDCG@10,1.0
q263547,R@100,1.0
q263548,nDCG@10,0.6309297535714575
q263548,R@100,1.0
q263549,nDCG@10,0.0
q263549,R@100,0.0
q263550,nDCG@10,0.0
q263550,R@100,0.0
q263551,nDCG@10,0.3562071871080222
q263551,R@100,1.0
q263552,nDCG@10,1.0
q263552,R@100,1.0
q263553,nDCG@10,1.0
q263553,R@100,1.0
q263554,nDCG@10,1.0
q263554,R@100,1.0
q263555,nDCG@10,1.0
q263555,R@100,1.0
q263556,nDCG@10,1.0
q263556,R@100,1.0
q263557,nDCG@10,0.0
q263557,R@100,1.0
q263558,nDCG@10,0.0
q263558,R@100,1.0
q263559,nDCG@10,1.0
q263559,R@100,1.0
q263560,nDCG@10,0.0
q263560,R@100,1.0
q263561,nDCG@10,0.0
q263561,R@100,0.0
q263562,nDCG@10,0.0
q263562,R@100,0.0
q263563,nDCG@10,0.0
q263563,R@100,1.0
q263564,nDCG@10,0.0
q263564,R@100,0.0
q263565,nDCG@10,0.0
q263565,R@100,0.0
q263566,nDCG@10,0.0
q263566,R@100,0.0
q263567,nDCG@10,0.0
q263567,R@100,1.0
q263568,nDCG@10,0.0
q263568,R@100,0.0
q263569,nDCG@10,0.0
q263569,R@100,0.0
q263570,nDCG@10,0.5
q263570,R@100,1.0
q263571,nDCG@10,1.0
q263571,R@100,1.0
q263572,nDCG@10,1.0
q263572,R@100,1.0
q263573,nDCG@10,0.0
q263573,R@100,1.0
q263574,nDCG@10,0.5
q263574,R@100,1.0
q263575,nDCG@10,1.0
q263575,R@100,1.0
q263576,nDCG@10,0.0
q263576,R@100,0.0
q263577,nDCG@10,0.0
q263577,R@100,0.0
q263578,nDCG@10,0.31546487678572877
q263578,R@100,1.0
q263579,nDCG@10,0.0
q263579,R@100,0.0
q263580,nDCG@10,0.0
q263580,R@100,1.0
q263581,nDCG@10,1.0
q263581,R@100,1.0
q263582,nDCG@10,0.0
q263582,R@100,0.0
q263583,nDCG@10,0.0
q263583,R@100,0.0
q263584,nDCG@10,1.0
q263584,R@100,1.0
q263585,nDCG@10,1.0
q263585,R@100,1.0
q263586,nDCG@10,0.0
q263586,R@100,1.0
q263587,nDCG@10,0.0
q263587,R@100,1.0
q263588,nDCG@10,0.0
q263588,R@100,0.0
q263589,nDCG@10,1.0
q263589,R@100,1.0
q263590,nDCG@10,0.0
q263590,R@100,1.0
q263591,nDCG@10,1.0
q263591,R@100,1.0
q263592,nDCG@10,0.0
q263592,R@100,0.0
q263593,nDCG@10,0.6309297535714575
q263593,R@100,1.0
q263594,nDCG@10,0.2890648263178879
q263594,R@100,1.0
q263595,nDCG@10,0.0
q263595,R@100,0.0
q263596,nDCG@10,0.0
q263596,R@100,0.0
q263597,nDCG@10,0.5
q263597,R@100,1.0
q263598,nDCG@10,0.43067655807339306
q263598,R@100,1.0
q263599,nDCG@10,1.0
q263599,R@100,1.0
q263600,nDCG@10,1.0
q263600,R@100,1.0
q263601,nDCG@10,1.0
q263601,R@100,1.0
q263602,nDCG@10,1.0
q263602,R@100,1.0
q263603,nDCG@10,1.0
q263603,R@100,1.0
q263604,nDCG@10,1.0
q263604,R@100,1.0
q263605,nDCG@10,1.0
q263605,R@100,1.0
q263606,nDCG@10,0.3333333333333333
q263606,R@100,1.0
q263607,nDCG@10,0.31546487678572877
q263607,R@100,1.0
q263608,nDCG@10,0.0
q263608,R@100,1.0
q263609,nDCG@10,1.0
q263609,R@100,1.0
q263610,nDCG@10,0.3333333333333333
q263610,R@100,1.0
q263611,nDCG@10,0.38685280723454163
q263611,R@100,1.0
q263612,nDCG@10,1.0
q263612,R@100,1.0
q263613,nDCG@10,0.6309297535714575
q263613,R@100,1.0
q263614,nDCG@10,0.6309297535714575
q263614,R@100,1.0
q263615,nDCG@10,0.0
q263615,R@100,0.0
q263616,nDCG@10,1.0
q263616,R@100,1.0
q263617,nDCG@10,1.0
q263617,R@100,1.0
q263618,nDCG@10,0.0
q263618,R@100,1.0
q263619,nDCG@10,1.0
q263619,R@100,1.0
q263620,nDCG@10,0.5
q263620,R@100,1.0
q263621,nDCG@10,0.0
q263621,R@100,1.0
q263622,nDCG@10,0.0
q263622,R@100,0.0
q263623,nDCG@10,0.0
q263623,R@100,0.0
q263624,nDCG@10,0.0
q263624,R@100,1.0
q263625,nDCG@10,1.0
q263625,R@100,1.0
q263626,nDCG@10,0.0
q263626,R@100,0.0
q263627,nDCG@10,0.5
q263627,R@100,1.0
q263628,nDCG@10,0.0
q263628,R@100,1.0
q263629,nDCG@10,0.0
q263629,R@100,1.0
q263630,nDCG@10,0.0
q263630,R@100,0.0
q263631,nDCG@10,1.0
q263631,R@100,1.0
q263632,nDCG@10,0.0
q263632,R@100,1.0
q263633,nDCG@10,1.0
q263633,R@100,1.0
q263634,nDCG@10,0.0
q263634,R@100,0.0
q263635,nDCG@10,0.0
q263635,R@100,0.0
q263636,nDCG@10,0.6309297535714575
q263636,R@100,1.0
q263637,nDCG@10,1.0
q263637,R@100,1.0
q263638,nDCG@10,1.0
q263638,R@100,1.0
q263639,nDCG@10,0.0
q263639,R@100,1.0
q263640,nDCG@10,0.3562071871080222
q263640,R@100,1.0
q263641,nDCG@10,0.0
q263641,R@100,0.0
q263642,nDCG@10,1.0
q263642,R@100,1.0
q263643,nDCG@10,0.0
q263643,R@100,0.0
q263644,nDCG@10,1.0
q263644,R@100,1.0
q263645,nDCG@10,1.0
q263645,R@100,1.0
q263646,nDCG@10,1.0
q263646,R@100,1.0
q263647,nDCG@10,1.0
q263647,R@100,1.0
q263648,nDCG@10,0.2890648263178879
q263648,R@100,1.0
q263649,nDCG@10,0.3333333333333333
q263649,R@100,1.0
q263650,nDCG@10,0.6309297535714575
q263650,R@100,1.0
q263651,nDCG@10,1.0
q263651,R@100,1.0
q263652,nDCG@10,0.0
q263652,R@100,0.0
q263653,nDCG@10,0.0
q263653,R@100,0.0
q263654,nDCG@10,0.0
q263654,R@100,0.0
q263655,nDCG@10,0.0
q263655,R@100,0.0
q263656,nDCG@10,0.0
q263656,R@100,0.0
q263657,nDCG@10,1.0
q263657,R@100,1.0
q263658,nDCG@10,0.0
q263658,R@100,0.0
q263659,nDCG@10,0.0
q263659,R@100,1.0
q263660,nDCG@10,1.0
q263660,R@100,1.0
q263661,nDCG@10,0.0
q263661,R@100,0.0
q263662,nDCG@10,0.0
q263662,R@100,0.0
q263663,nDCG@10,1.0
q263663,R@100,1.0
q263664,nDCG@10,0.3333333333333333
q263664,R@100,1.0
q263665,nDCG@10,0.6309297535714575
q263665,R@100,1.0
q263666,nDCG@10,0.0
q263666,R@100,0.0
q263667,nDCG@10,0.0
q263667,R@100,1.0
q263668,nDCG@10,0.0
q263668,R@100,0.0
q263669,nDCG@10,1.0
q263669,R@100,1.0
q263670,nDCG@10,0.0
q263670,R@100,1.0
q263671,nDCG@10,1.0
q263671,R@100,1.0
q263672,nDCG@10,0.0
q263672,R@100,1.0
q263673,nDCG@10,0.0
q263673,R@100,0.0
q263674,nDCG@10,1.0
q263674,R@100,1.0
q263675,nDCG@10,0.0
q263675,R@100,0.0
q263676,nDCG@10,1.0
q263676,R@100,1.0
q263677,nDCG@10,1.0
q263677,R@100,1.0
q263678,nDCG@10,0.0
q263678,R@100,0.0
q263679,nDCG@10,0.3333333333333333
q263679,R@100,1.0
q263680,nDCG@10,0.0
q263680,R@100,0.0
q263681,nDCG@10,1.0
q263681,R@100,1.0
q263682,nDCG@10,0.0
q263682,R@100,0.0
q263683,nDCG@10,0.5
q263683,R@100,1.0
q263684,nDCG@10,1.0
q263684,R@100,1.0
q263685,nDCG@10,0.0
q263685,R@100,1.0
q263686,nDCG@10,0.0
q263686,R@100,0.0
q263687,nDCG@10,1.0
q263687,R@100,1.0
q263688,nDCG@10,0.0
q263688,R@100,0.0
q263689,nDCG@10,0.0
q263689,R@100,0.0
q263690,nDCG@10,0.0
q263690,R@100,0.0
q263691,nDCG@10,0.0
q263691,R@100,0.0
q263692,nDCG@10,0.0
q263692,R@100,0.0
q263693,nDCG@10,1.0
q263693,R@100,1.0
q263694,nDCG@10,0.3333333333333333
q263694,R@100,1.0
q263695,nDCG@10,0.43067655807339306
q263695,R@100,1.0
q263696,nDCG@10,1.0
q263696,R@100,1.0
q263697,nDCG@10,1.0
q263697,R@100,1.0
q263698,nDCG@10,0.0
q263698,R@100,0.0
q263699,nDCG@10,1.0
q263699,R@100,1.0
q263700,nDCG@10,1.0
q263700,R@100,1.0
q263701,nDCG@10,0.0
q263701,R@100,1.0
q263702,nDCG@10,0.0
q263702,R@100,0.0
q263703,nDCG@10,1.0
q263703,R@100,1.0
q263704,nDCG@10,0.0
q263704,R@100,0.0
q263705,nDCG@10,0.0
q263705,R@100,0.0
q263706,nDCG@10,0.0
q263706,R@100,0.0
q263707,nDCG@10,0.0
q263707,R@100,1.0
q263708,nDCG@10,0.0
q263708,R@100,0.0
q263709,nDCG@10,0.0
q263709,R@100,0.0
q263710,nDCG@10,1.0
q263710,R@100,1.0
q263711,nDCG@10,0.6309297535714575
q263711,R@100,1.0
q263712,nDCG@10,0.5
q263712,R@100,1.0
q263713,nDCG@10,0.0
q263713,R@100,1.0
q263714,nDCG@10,0.0
q263714,R@100,0.0
q263715,nDCG@10,0.0
q263715,R@100,0.0
q263716,nDCG@10,0.0
q263716,R@100,0.0
q263717,nDCG@10,0.0
q263717,R@100,0.0
q263718,nDCG@10,0.0
q263718,R@100,1.0
q263719,nDCG@10,0.0
q263719,R@100,1.0
q263720,nDCG@10,0.0
q263720,R@100,0.0
q263721,nDCG@10,0.0
q263721,R@100,0.0
q263722,nDCG@10,0.0
q263722,R@100,0.0
q263723,nDCG@10,0.0
q263723,R@100,0.0
q263724,nDCG@10,0.0
q263724,R@100,0.0
q263725,nDCG@10,0.0
q263725,R@100,0.0
q263726,nDCG@10,0.0
q263726,R@100,0.0
q263727,nDCG@10,0.0
q263727,R@100,0.0
q263728,nDCG@10,0.0
q263728,R@100,0.0
q263729,nDCG@10,0.0
q263729,R@100,0.0
q263730,nDCG@10,0.0
q263730,R@100,0.0
q263731,nDCG@10,0.0
q263731,R@100,0.0
q263732,nDCG@10,0.0
q263732,R@100,0.0
q263733,nDCG@10,0.0
q263733,R@100,0.0
q263734,nDCG@10,0.0
q263734,R@100,0.0
q263735,nDCG@10,0.0
q263735,R@100,0.0
q263736,nDCG@10,0.0
q263736,R@100,0.0
q263737,nDCG@10,0.0
q263737,R@100,0.0
q263738,nDCG@10,0.0
q263738,R@100,0.0
q263739,nDCG@10,0.0
q263739,R@100,0.0
q263740,nDCG@10,0.0
q263740,R@100,0.0
q263741,nDCG@10,0.5
q263741,R@100,1.0
q263742,nDCG@10,0.0
q263742,R@100,0.0
q263743,nDCG@10,0.0
q263743,R@100,0.0
q263744,nDCG@10,0.0
q263744,R@100,0.0
q263745,nDCG@10,0.0
q263745,R@100,0.0
q263746,nDCG@10,0.0
q263746,R@100,0.0
q263747,nDCG@10,0.0
q263747,R@100,0.0
q263748,nDCG@10,0.0
q263748,R@100,0.0
q263749,nDCG@10,0.0
q263749,R@100,0.0
q263750,nDCG@10,0.0
q263750,R@100,0.0
q263751,nDCG@10,0.0
q263751,R@100,0.0
q263752,nDCG@10,0.0
q263752,R@100,0.0
q263753,nDCG@10,1.0
q263753,R@100,1.0
q263754,nDCG@10,0.0
q263754,R@100,1.0
q263755,nDCG@10,0.6309297535714575
q263755,R@100,1.0
q263756,nDCG@10,0.43067655807339306
q263756,R@100,1.0
q263757,nDCG@10,0.31546487678572877
q263757,R@100,1.0
q263758,nDCG@10,0.0
q263758,R@100,0.0
q263759,nDCG@10,0.0
q263759,R@100,1.0
q263760,nDCG@10,0.6309297535714575
q263760,R@100,1.0
q263761,nDCG@10,1.0
q263761,R@100,1.0
q263762,nDCG@10,0.0
q263762,R@100,0.0
q263763,nDCG@10,0.0
q263763,R@100,0.0
q263764,nDCG@10,0.0
q263764,R@100,1.0
q263765,nDCG@10,0.0
q263765,R@100,0.0
q263766,nDCG@10,0.0
q263766,R@100,1.0
q263767,nDCG@10,1.0
q263767,R@100,1.0
q263768,nDCG@10,1.0
q263768,R@100,1.0
q263769,nDCG@10,0.0
q263769,R@100,0.0
q263770,nDCG@10,0.0
q263770,R@100,0.0
q263771,nDCG@10,1.0
q263771,R@100,1.0
q263772,nDCG@10,0.0
q263772,R@100,0.0
q263773,nDCG@10,0.0
q263773,R@100,0.0
q263774,nDCG@10,0.0
q263774,R@100,0.0
q263775,nDCG@10,0.0
q263775,R@100,0.0
q263776,nDCG@10,1.0
q263776,R@100,1.0
q263777,nDCG@10,1.0
q263777,R@100,1.0
q263778,nDCG@10,0.5
q263778,R@100,1.0
q263779,nDCG@10,0.0
q263779,R@100,0.0
q263780,nDCG@10,1.0
q263780,R@100,1.0
q263781,nDCG@10,0.0
q263781,R@100,0.0
q263782,nDCG@10,0.0
q263782,R@100,1.0
q263783,nDCG@10,0.0
q263783,R@100,0.0
q263784,nDCG@10,1.0
q263784,R@100,1.0
q263785,nDCG@10,0.0
q263785,R@100,0.0
q263786,nDCG@10,0.38685280723454163
q263786,R@100,1.0
q263787,nDCG@10,0.0
q263787,R@100,0.0
q263788,nDCG@10,0.0
q263788,R@100,0.0
q263789,nDCG@10,0.0
q263789,R@100,1.0
q263790,nDCG@10,0.3010299956639812
q263790,R@100,1.0
q263791,nDCG@10,0.38685280723454163
q263791,R@100,1.0
q263792,nDCG@10,0.0
q263792,R@100,0.0
q263793,nDCG@10,0.0
q263793,R@100,0.0
q263794,nDCG@10,0.0
q263794,R@100,0.0
q263795,nDCG@10,0.0
q263795,R@100,0.0
q263796,nDCG@10,0.0
q263796,R@100,1.0
q263797,nDCG@10,1.0
q263797,R@100,1.0
q263798,nDCG@10,0.43067655807339306
q263798,R@100,1.0
q263799,nDCG@10,0.0
q263799,R@100,0.0
q263800,nDCG@10,0.6309297535714575
q263800,R@100,1.0
q263801,nDCG@10,0.6309297535714575
q263801,R@100,1.0
q263802,nDCG@10,1.0
q263802,R@100,1.0
q263803,nDCG@10,0.0
q263803,R@100,0.0
q263804,nDCG@10,0.0
q263804,R@100,1.0
q263805,nDCG@10,1.0
q263805,R@100,1.0
q263806,nDCG@10,0.0
q263806,R@100,0.0
q263807,nDCG@10,1.0
q263807,R@100,1.0
q263808,nDCG@10,0.6309297535714575
q263808,R@100,1.0
q263809,nDCG@10,1.0
q263809,R@100,1.0
q263810,nDCG@10,0.6309297535714575
q263810,R@100,1.0
q263811,nDCG@10,1.0
q263811,R@100,1.0
q263812,nDCG@10,1.0
q263812,R@100,1.0
q263813,nDCG@10,1.0
q263813,R@100,1.0
q263814,nDCG@10,1.0
q263814,R@100,1.0
q263815,nDCG@10,0.0
q263815,R@100,1.0
q263816,nDCG@10,1.0
q263816,R@100,1.0
q263817,nDCG@10,1.0
q263817,R@100,1.0
q263818,nDCG@10,1.0
q263818,R@100,1.0
q263819,nDCG@10,0.0
q263819,R@100,0.0
q263820,nDCG@10,1.0
q263820,R@100,1.0
q263821,nDCG@10,0.0
q263821,R@100,0.0
q263822,nDCG@10,1.0
q263822,R@100,1.0
q263823,nDCG@10,0.0
q263823,R@100,0.0
q263824,nDCG@10,0.0
q263824,R@100,0.0
q263825,nDCG@10,0.0
q263825,R@100,0.0
q263826,nDCG@10,0.0
q263826,R@100,1.0
q263827,nDCG@10,0.0
q263827,R@100,0.0
q263828,nDCG@10,0.0
q263828,R@100,0.0
q263829,nDCG@10,0.2890648263178879
q263829,R@100,1.0
q263830,nDCG@10,0.0
q263830,R@100,1.0
q263831,nDCG@10,0.0
q263831,R@100,0.0
q263832,nDCG@10,0.6309297535714575
q263832,R@100,1.0
q263833,nDCG@10,1.0
q263833,R@100,1.0
q263834,nDCG@10,0.0
q263834,R@100,1.0
q263835,nDCG@10,0.0
q263835,R@100,1.0
q263836,nDCG@10,0.3562071871080222
q263836,R@100,1.0
q263837,nDCG@10,1.0
q263837,R@100,1.0
q263838,nDCG@10,0.5
q263838,R@100,1.0
q263839,nDCG@10,0.0
q263839,R@100,0.0
q263840,nDCG@10,0.0
q263840,R@100,0.0
q263841,nDCG@10,0.0
q263841,R@100,0.0
q263842,nDCG@10,0.0
q263842,R@100,0.0
q263843,nDCG@10,1.0
q263843,R@100,1.0
q263844,nDCG@10,1.0
q263844,R@100,1.0
q263845,nDCG@10,0.0
q263845,R@100,0.0
q263846,nDCG@10,0.0
q263846,R@100,0.0
q263847,nDCG@10,0.0
q263847,R@100,0.0
q263848,nDCG@10,0.0
q263848,R@100,0.0
q263849,nDCG@10,0.0
q263849,R@100,0.0
q263850,nDCG@10,0.0
q263850,R@100,0.0
q263851,nDCG@10,0.0
q263851,R@100,1.0
q263852,nDCG@10,0.0
q263852,R@100,0.0
q263853,nDCG@10,0.0
q263853,R@100,0.0
q263854,nDCG@10,0.0
q263854,R@100,0.0
q263855,nDCG@10,0.0
q263855,R@100,1.0
q263856,nDCG@10,0.0
q263856,R@100,0.0
q263857,nDCG@10,0.0
q263857,R@100,0.0
q263858,nDCG@10,0.0
q263858,R@100,1.0
q263859,nDCG@10,0.0
q263859,R@100,0.0
q263860,nDCG@10,0.0
q263860,R@100,0.0
q263861,nDCG@10,0.0
q263861,R@100,0.0
q263862,nDCG@10,0.0
q263862,R@100,0.0
q263863,nDCG@10,0.6309297535714575
q263863,R@100,1.0
q263864,nDCG@10,1.0
q263864,R@100,1.0
q263865,nDCG@10,1.0
q263865,R@100,1.0
q263866,nDCG@10,0.0
q263866,R@100,0.0
q263867,nDCG@10,0.0
q263867,R@100,1.0
q263868,nDCG@10,0.0
q263868,R@100,1.0
q263869,nDCG@10,0.43067655807339306
q263869,R@100,1.0
q263870,nDCG@10,0.0
q263870,R@100,0.0
q263871,nDCG@10,1.0
q263871,R@100,1.0
q263872,nDCG@10,0.0
q263872,R@100,0.0
q263873,nDCG@10,0.0
q263873,R@100,1.0
q263874,nDCG@10,0.0
q263874,R@100,0.0
q263875,nDCG@10,0.0
q263875,R@100,0.0
q263876,nDCG@10,0.0
q263876,R@100,0.0
q263877,nDCG@10,0.0
q263877,R@100,0.0
q263878,nDCG@10,0.0
q263878,R@100,0.0
q263879,nDCG@10,0.0
q263879,R@100,0.0
q263880,nDCG@10,0.0
q263880,R@100,0.0
q263881,nDCG@10,0.0
q263881,R@100,0.0
q263882,nDCG@10,0.0
q263882,R@100,1.0
q263883,nDCG@10,1.0
q263883,R@100,1.0
q263884,nDCG@10,0.0
q263884,R@100,0.0
q263885,nDCG@10,0.0
q263885,R@100,1.0
q263886,nDCG@10,0.0
q263886,R@100,0.0
q263887,nDCG@10,0.3010299956639812
q263887,R@100,1.0
q263888,nDCG@10,0.0
q263888,R@100,0.0
q263889,nDCG@10,1.0
q263889,R@100,1.0
q263890,nDCG@10,0.5
q263890,R@100,1.0
q263891,nDCG@10,0.0
q263891,R@100,1.0
q263892,nDCG@10,1.0
q263892,R@100,1.0
q263893,nDCG@10,1.0
q263893,R@100,1.0
q263894,nDCG@10,0.0
q263894,R@100,0.0
q263895,nDCG@10,0.0
q263895,R@100,0.0
q263896,nDCG@10,0.0
q263896,R@100,0.0
q263897,nDCG@10,0.38685280723454163
q263897,R@100,1.0
q263898,nDCG@10,0.5
q263898,R@100,1.0
q263899,nDCG@10,1.0
q263899,R@100,1.0
q263900,nDCG@10,1.0
q263900,R@100,1.0
q263901,nDCG@10,0.0
q263901,R@100,0.0
q263902,nDCG@10,0.0
q263902,R@100,0.0
q263903,nDCG@10,0.0
q263903,R@100,0.0
q263904,nDCG@10,0.0
q263904,R@100,0.0
q263905,nDCG@10,0.0
q263905,R@100,0.0
q263906,nDCG@10,0.0
q263906,R@100,0.0
q263907,nDCG@10,0.0
q263907,R@100,1.0
q263908,nDCG@10,1.0
q263908,R@100,1.0
q263909,nDCG@10,0.0
q263909,R@100,0.0
q263910,nDCG@10,0.38685280723454163
q263910,R@100,1.0
q263911,nDCG@10,0.0
q263911,R@100,1.0
q263912,nDCG@10,0.0
q263912,R@100,0.0
q263913,nDCG@10,0.0
q263913,R@100,1.0
q263914,nDCG@10,1.0
q263914,R@100,1.0
q263915,nDCG@10,1.0
q263915,R@100,1.0
q263916,nDCG@10,1.0
q263916,R@100,1.0
q263917,nDCG@10,1.0
q263917,R@100,1.0
q263918,nDCG@10,0.0
q263918,R@100,1.0
q263919,nDCG@10,0.0
q263919,R@100,1.0
q263920,nDCG@10,0.0
q263920,R@100,0.0
q263921,nDCG@10,0.43067655807339306
q263921,R@100,1.0
q263922,nDCG@10,0.0
q263922,R@100,0.0
q263923,nDCG@10,1.0
q263923,R@100,1.0
q263924,nDCG@10,1.0
q263924,R@100,1.0
q263925,nDCG@10,0.0
q263925,R@100,0.0
q263926,nDCG@10,0.0
q263926,R@100,0.0
q263927,nDCG@10,0.0
q263927,R@100,0.0
q263928,nDCG@10,0.3562071871080222
q263928,R@100,1.0
q263929,nDCG@10,0.0
q263929,R@100,0.0
q263930,nDCG@10,0.0
q263930,R@100,0.0
q263931,nDCG@10,0.0
q263931,R@100,0.0
q263932,nDCG@10,0.0
q263932,R@100,0.0
q263933,nDCG@10,0.0
q263933,R@100,0.0
q263934,nDCG@10,0.0
q263934,R@100,0.0
q263935,nDCG@10,0.0
q263935,R@100,0.0
q263936,nDCG@10,0.0
q263936,R@100,0.0
q263937,nDCG@10,0.0
q263937,R@100,0.0
q263938,nDCG@10,1.0
q263938,R@100,1.0
q263939,nDCG@10,1.0
q263939,R@100,1.0
q263940,nDCG@10,0.0
q263940,R@100,0.0
q263941,nDCG@10,0.0
q263941,R@100,0.0
q263942,nDCG@10,0.0
q263942,R@100,0.0
q263943,nDCG@10,1.0
q263943,R@100,1.0
q263944,nDCG@10,0.6309297535714575
q263944,R@100,1.0
q263945,nDCG@10,1.0
q263945,R@100,1.0
q263946,nDCG@10,1.0
q263946,R@100,1.0
q263947,nDCG@10,1.0
q263947,R@100,1.0
q263948,nDCG@10,1.0
q263948,R@100,1.0
q263949,nDCG@10,0.0
q263949,R@100,1.0
q263950,nDCG@10,0.0
q263950,R@100,0.0
q263951,nDCG@10,0.0
q263951,R@100,0.0
q263952,nDCG@10,1.0
q263952,R@100,1.0
q263953,nDCG@10,0.0
q263953,R@100,0.0
q263954,nDCG@10,1.0
q263954,R@100,1.0
q263955,nDCG@10,0.0
q263955,R@100,0.0
q263956,nDCG@10,0.0
q263956,R@100,0.0
q263957,nDCG@10,0.0
q263957,R@100,1.0
q263958,nDCG@10,0.0
q263958,R@100,1.0
q263959,nDCG@10,0.0
q263959,R@100,0.0
q263960,nDCG@10,0.0
q263960,R@100,0.0
q263961,nDCG@10,0.0
q263961,R@100,0.0
q263962,nDCG@10,0.0
q263962,R@100,0.0
q263963,nDCG@10,0.2890648263178879
q263963,R@100,1.0
q263964,nDCG@10,0.6309297535714575
q263964,R@100,1.0
q263965,nDCG@10,0.0
q263965,R@100,0.0
q263966,nDCG@10,0.0
q263966,R@100,0.0
q263967,nDCG@10,0.0
q263967,R@100,0.0
q263968,nDCG@10,0.0
q263968,R@100,0.0
q263969,nDCG@10,0.0
q263969,R@100,0.0
q263970,nDCG@10,0.0
q263970,R@100,0.0
q263971,nDCG@10,0.0
q263971,R@100,1.0
q263972,nDCG@10,0.0
q263972,R@100,0.0
q263973,nDCG@10,0.0
q263973,R@100,0.0
q263974,nDCG@10,0.0
q263974,R@100,0.0
q263975,nDCG@10,1.0
q263975,R@100,1.0
q263976,nDCG@10,1.0
q263976,R@100,1.0
q263977,nDCG@10,0.0
q263977,R@100,1.0
q263978,nDCG@10,0.0
q263978,R@100,0.0
q263979,nDCG@10,0.0
q263979,R@100,0.0
q263980,nDCG@10,0.0
q263980,R@100,0.0
q263981,nDCG@10,0.0
q263981,R@100,1.0
q263982,nDCG@10,0.0
q263982,R@100,0.0
q263983,nDCG@10,0.0
q263983,R@100,0.0
q263984,nDCG@10,0.0
q263984,R@100,0.0
q263985,nDCG@10,0.0
q263985,R@100,0.0
q263986,nDCG@10,1.0
q263986,R@100,1.0
q263987,nDCG@10,0.0
q263987,R@100,0.0
q263988,nDCG@10,0.6309297535714575
q263988,R@100,1.0
q263989,nDCG@10,1.0
q263989,R@100,1.0
q263990,nDCG@10,0.0
q263990,R@100,0.0
q263991,nDCG@10,0.0
q263991,R@100,1.0
q263992,nDCG@10,0.6309297535714575
q263992,R@100,1.0
q263993,nDCG@10,1.0
q263993,R@100,1.0
q263994,nDCG@10,0.31546487678572877
q263994,R@100,1.0
q263995,nDCG@10,1.0
q263995,R@100,1.0
q263996,nDCG@10,0.0
q263996,R@100,0.0
q263997,nDCG@10,0.0
q263997,R@100,0.0
q263998,nDCG@10,0.0
q263998,R@100,0.0
q263999,nDCG@10,0.0
q263999,R@100,0.0
q264000,nDCG@10,0.0
q264000,R@100,0.0
q264001,nDCG@10,1.0
q264001,R@100,1.0
q264002,nDCG@10,0.0
q264002,R@100,0.0
q264003,nDCG@10,0.0
q264003,R@100,0.0
q264004,nDCG@10,0.0
q264004,R@100,0.0
q264005,nDCG@10,0.0
q264005,R@100,0.0
q264006,nDCG@10,0.0
q264006,R@100,0.0
q264007,nDCG@10,0.6309297535714575
q264007,R@100,1.0
q264008,nDCG@10,0.0
q264008,R@100,0.0
q264009,nDCG@10,0.0
q264009,R@100,0.0
q264010,nDCG@10,0.5
q264010,R@100,1.0
q264011,nDCG@10,0.43067655807339306
q264011,R@100,1.0
q264012,nDCG@10,0.0
q264012,R@100,0.0
q264013,nDCG@10,0.6309297535714575
q264013,R@100,1.0
q264014,nDCG@10,0.0
q264014,R@100,1.0
q264015,nDCG@10,0.5
q264015,R@100,1.0
q264016,nDCG@10,0.0
q264016,R@100,1.0
q264017,nDCG@10,0.6309297535714575
q264017,R@100,1.0
q264018,nDCG@10,0.0
q264018,R@100,1.0
q264019,nDCG@10,1.0
q264019,R@100,1.0
q264020,nDCG@10,0.6309297535714575
q264020,R@100,1.0
q264021,nDCG@10,0.0
q264021,R@100,0.0
q264022,nDCG@10,0.0
q264022,R@100,1.0
q264023,nDCG@10,0.0
q264023,R@100,1.0
q264024,nDCG@10,1.0
q264024,R@100,1.0
q264025,nDCG@10,0.38685280723454163
q264025,R@100,1.0
q264026,nDCG@10,1.0
q264026,R@100,1.0
q264027,nDCG@10,1.0
q264027,R@100,1.0
q264028,nDCG@10,0.0
q264028,R@100,0.0
q264029,nDCG@10,0.0
q264029,R@100,0.0
q264030,nDCG@10,0.38685280723454163
q264030,R@100,1.0
q264031,nDCG@10,0.0
q264031,R@100,0.0
q264032,nDCG@10,0.0
q264032,R@100,1.0
q264033,nDCG@10,1.0
q264033,R@100,1.0
q264034,nDCG@10,0.0
q264034,R@100,0.0
q264035,nDCG@10,0.5
q264035,R@100,1.0
q264036,nDCG@10,0.2890648263178879
q264036,R@100,1.0
q264037,nDCG@10,0.0
q264037,R@100,0.0
q264038,nDCG@10,0.0
q264038,R@100,0.0
q264039,nDCG@10,0.0
q264039,R@100,0.0
q264040,nDCG@10,0.0
q264040,R@100,1.0
q264041,nDCG@10,0.0
q264041,R@100,1.0
q264042,nDCG@10,1.0
q264042,R@100,1.0
q264043,nDCG@10,0.0
q264043,R@100,0.0
q264044,nDCG@10,0.0
q264044,R@100,0.0
q264045,nDCG@10,0.0
q264045,R@100,0.0
q264046,nDCG@10,1.0
q264046,R@100,1.0
q264047,nDCG@10,1.0
q264047,R@100,1.0
q264048,nDCG@10,0.0
q264048,R@100,0.0
q264049,nDCG@10,0.0
q264049,R@100,0.0
q264050,nDCG@10,0.0
q264050,R@100,0.0
q264051,nDCG@10,1.0
q264051,R@100,1.0
q264052,nDCG@10,0.0
q264052,R@100,1.0
q264053,nDCG@10,1.0
q264053,R@100,1.0
q264054,nDCG@10,1.0
q264054,R@100,1.0
q264055,nDCG@10,0.3333333333333333
q264055,R@100,1.0
q264056,nDCG@10,0.0
q264056,R@100,1.0
q264057,nDCG@10,1.0
q264057,R@100,1.0
q264058,nDCG@10,0.0
q264058,R@100,0.0
q264059,nDCG@10,0.3562071871080222
q264059,R@100,1.0
q264060,nDCG@10,0.6309297535714575
q264060,R@100,1.0
q264061,nDCG@10,1.0
q264061,R@100,1.0
q264062,nDCG@10,0.0
q264062,R@100,1.0
q264063,nDCG@10,0.0
q264063,R@100,1.0
q264064,nDCG@10,0.0
q264064,R@100,0.0
q264065,nDCG@10,0.0
q264065,R@100,0.0
q264066,nDCG@10,0.0
q264066,R@100,1.0
q264067,nDCG@10,0.0
q264067,R@100,0.0
q264068,nDCG@10,1.0
q264068,R@100,1.0
q264069,nDCG@10,0.0
q264069,R@100,0.0
q264070,nDCG@10,1.0
q264070,R@100,1.0
q264071,nDCG@10,1.0
q264071,R@100,1.0
q264072,nDCG@10,0.3010299956639812
q264072,R@100,1.0
q264073,nDCG@10,0.0
q264073,R@100,0.0
q264074,nDCG@10,1.0
q264074,R@100,1.0
q264075,nDCG@10,0.5
q264075,R@100,1.0
q264076,nDCG@10,1.0
q264076,R@100,1.0
q264077,nDCG@10,1.0
q264077,R@100,1.0
q264078,nDCG@10,1.0
q264078,R@100,1.0
q264079,nDCG@10,0.3562071871080222
q264079,R@100,1.0
q264080,nDCG@10,0.0
q264080,R@100,0.0
q264081,nDCG@10,0.43067655807339306
q264081,R@100,1.0
q264082,nDCG@10,0.0
q264082,R@100,0.0
q264083,nDCG@10,0.0
q264083,R@100,0.0
q264084,nDCG@10,0.0
q264084,R@100,1.0
q264085,nDCG@10,0.43067655807339306
q264085,R@100,1.0
q264086,nDCG@10,0.0
q264086,R@100,0.0
q264087,nDCG@10,1.0
q264087,R@100,1.0
q264088,nDCG@10,0.6309297535714575
q264088,R@100,1.0
q264089,nDCG@10,0.0
q264089,R@100,0.0
q264090,nDCG@10,0.0
q264090,R@100,0.0
q264091,nDCG@10,1.0
q264091,R@100,1.0
q264092,nDCG@10,0.31546487678572877
q264092,R@100,1.0
q264093,nDCG@10,0.6309297535714575
q264093,R@100,1.0
q264094,nDCG@10,0.2890648263178879
q264094,R@100,1.0
q264095,nDCG@10,0.0
q264095,R@100,1.0
q264096,nDCG@10,0.6309297535714575
q264096,R@100,1.0
q264097,nDCG@10,1.0
q264097,R@100,1.0
q264098,nDCG@10,0.0
q264098,R@100,0.0
q264099,nDCG@10,0.6309297535714575
q264099,R@100,1.0
q264100,nDCG@10,1.0
q264100,R@100,1.0
q264101,nDCG@10,1.0
q264101,R@100,1.0
q264102,nDCG@10,0.6309297535714575
q264102,R@100,1.0
q264103,nDCG@10,0.0
q264103,R@100,0.0
q264104,nDCG@10,0.0
q264104,R@100,0.0
q264105,nDCG@10,0.0
q264105,R@100,0.0
q264106,nDCG@10,0.0
q264106,R@100,0.0
q264107,nDCG@10,0.0
q264107,R@100,0.0
q264108,nDCG@10,0.0
q264108,R@100,1.0
q264109,nDCG@10,0.0
q264109,R@100,0.0
q264110,nDCG@10,0.2890648263178879
q264110,R@100,1.0
q264111,nDCG@10,0.0
q264111,R@100,0.0
q264112,nDCG@10,0.0
q264112,R@100,1.0
q264113,nDCG@10,0.0
q264113,R@100,0.0
q264114,nDCG@10,0.6309297535714575
q264114,R@100,1.0
q264115,nDCG@10,0.0
q264115,R@100,0.0
q264116,nDCG@10,0.0
q264116,R@100,0.0
q264117,nDCG@10,0.0
q264117,R@100,0.0
q264118,nDCG@10,0.6309297535714575
q264118,R@100,1.0
q264119,nDCG@10,0.0
q264119,R@100,0.0
q264120,nDCG@10,0.0
q264120,R@100,0.0
q264121,nDCG@10,0.0
q264121,R@100,0.0
q264122,nDCG@10,0.0
q264122,R@100,0.0
q264123,nDCG@10,0.0
q264123,R@100,1.0
q264124,nDCG@10,0.5
q264124,R@100,1.0
q264125,nDCG@10,0.0
q264125,R@100,1.0
q264126,nDCG@10,0.0
q264126,R@100,1.0
q264127,nDCG@10,0.0
q264127,R@100,0.0
q264128,nDCG@10,1.0
q264128,R@100,1.0
q264129,nDCG@10,0.0
q264129,R@100,1.0
q264130,nDCG@10,0.5
q264130,R@100,1.0
q264131,nDCG@10,0.0
q264131,R@100,0.0
q264132,nDCG@10,1.0
q264132,R@100,1.0
q264133,nDCG@10,0.0
q264133,R@100,0.0
q264134,nDCG@10,0.0
q264134,R@100,0.0
q264135,nDCG@10,0.0
q264135,R@100,0.0
q264136,nDCG@10,0.0
q264136,R@100,0.0
q264137,nDCG@10,0.5
q264137,R@100,1.0
q264138,nDCG@10,0.0
q264138,R@100,0.0
q264139,nDCG@10,0.0
q264139,R@100,0.0
q264140,nDCG@10,0.6309297535714575
q264140,R@100,1.0
q264141,nDCG@10,0.0
q264141,R@100,0.0
q264142,nDCG@10,0.0
q264142,R@100,0.0
q264143,nDCG@10,0.0
q264143,R@100,0.0
q264144,nDCG@10,0.0
q264144,R@100,0.0
q264145,nDCG@10,0.0
q264145,R@100,1.0
q264146,nDCG@10,1.0
q264146,R@100,1.0
q264147,nDCG@10,0.0
q264147,R@100,0.0
q264148,nDCG@10,1.0
q264148,R@100,1.0
q264149,nDCG@10,1.0
q264149,R@100,1.0
q264150,nDCG@10,0.6309297535714575
q264150,R@100,1.0
q264151,nDCG@10,0.0
q264151,R@100,0.0
q264152,nDCG@10,0.0
q264152,R@100,0.0
q264153,nDCG@10,0.0
q264153,R@100,1.0
q264154,nDCG@10,0.0
q264154,R@100,1.0
q264155,nDCG@10,0.0
q264155,R@100,0.0
q264156,nDCG@10,1.0
q264156,R@100,1.0
q264157,nDCG@10,1.0
q264157,R@100,1.0
q264158,nDCG@10,0.0
q264158,R@100,1.0
q264159,nDCG@10,1.0
q264159,R@100,1.0
q264160,nDCG@10,0.0
q264160,R@100,0.0
q264161,nDCG@10,0.0
q264161,R@100,1.0
q264162,nDCG@10,0.0
q264162,R@100,0.0
q264163,nDCG@10,0.0
q264163,R@100,0.0
q264164,nDCG@10,0.0
q264164,R@100,0.0
q264165,nDCG@10,0.0
q264165,R@100,0.0
q264166,nDCG@10,0.2890648263178879
q264166,R@100,1.0
q264167,nDCG@10,0.0
q264167,R@100,0.0
q264168,nDCG@10,0.0
q264168,R@100,0.0
q264169,nDCG@10,0.0
q264169,R@100,1.0
q264170,nDCG@10,0.0
q264170,R@100,0.0
q264171,nDCG@10,1.0
q264171,R@100,1.0
q264172,nDCG@10,0.6309297535714575
q264172,R@100,1.0
q264173,nDCG@10,1.0
q264173,R@100,1.0
q264174,nDCG@10,0.0
q264174,R@100,1.0
q264175,nDCG@10,0.0
q264175,R@100,1.0
q264176,nDCG@10,0.0
q264176,R@100,1.0
q264177,nDCG@10,1.0
q264177,R@100,1.0
q264178,nDCG@10,1.0
q264178,R@100,1.0
q264179,nDCG@10,0.6309297535714575
q264179,R@100,1.0
q264180,nDCG@10,1.0
q264180,R@100,1.0
q264181,nDCG@10,0.43067655807339306
q264181,R@100,1.0
q264182,nDCG@10,0.0
q264182,R@100,0.0
q264183,nDCG@10,0.6309297535714575
q264183,R@100,1.0
q264184,nDCG@10,1.0
q264184,R@100,1.0
q264185,nDCG@10,1.0
q264185,R@100,1.0
q264186,nDCG@10,0.0
q264186,R@100,0.0
q264187,nDCG@10,0.0
q264187,R@100,1.0
q264188,nDCG@10,0.0
q264188,R@100,0.0
q264189,nDCG@10,0.0
q264189,R@100,0.0
q264190,nDCG@10,1.0
q264190,R@100,1.0
q264191,nDCG@10,0.0
q264191,R@100,0.0
q264192,nDCG@10,0.6309297535714575
q264192,R@100,1.0
q264193,nDCG@10,0.0
q264193,R@100,0.0
q264194,nDCG@10,0.0
q264194,R@100,0.0
q264195,nDCG@10,0.0
q264195,R@100,0.0
q264196,nDCG@10,0.0
q264196,R@100,1.0
q264197,nDCG@10,0.0
q264197,R@100,0.0
q264198,nDCG@10,0.0
q264198,R@100,0.0
q264199,nDCG@10,0.3010299956639812
q264199,R@100,1.0
q264200,nDCG@10,0.0
q264200,R@100,0.0
q264201,nDCG@10,0.0
q264201,R@100,0.0
q264202,nDCG@10,0.0
q264202,R@100,0.0
q264203,nDCG@10,0.6309297535714575
q264203,R@100,1.0
q264204,nDCG@10,0.0
q264204,R@100,0.0
q264205,nDCG@10,0.3333333333333333
q264205,R@100,1.0
q264206,nDCG@10,0.0
q264206,R@100,0.0
q264207,nDCG@10,1.0
q264207,R@100,1.0
q264208,nDCG@10,1.0
q264208,R@100,1.0
q264209,nDCG@10,1.0
q264209,R@100,1.0
q264210,nDCG@10,0.0
q264210,R@100,1.0
q264211,nDCG@10,0.0
q264211,R@100,1.0
q264212,nDCG@10,0.0
q264212,R@100,0.0
q264213,nDCG@10,0.0
q264213,R@100,1.0
q264214,nDCG@10,0.0
q264214,R@100,1.0
q264215,nDCG@10,0.0
q264215,R@100,0.0
q264216,nDCG@10,0.0
q264216,R@100,0.0
q264217,nDCG@10,0.0
q264217,R@100,0.0
q264218,nDCG@10,0.0
q264218,R@100,0.0
q264219,nDCG@10,0.0
q264219,R@100,0.0
q264220,nDCG@10,0.0
q264220,R@100,0.0
q264221,nDCG@10,0.0
q264221,R@100,0.0
q264222,nDCG@10,0.0
q264222,R@100,0.0
q264223,nDCG@10,1.0
q264223,R@100,1.0
q264224,nDCG@10,1.0
q264224,R@100,1.0
q264225,nDCG@10,1.0
q264225,R@100,1.0
q264226,nDCG@10,0.3562071871080222
q264226,R@100,1.0
q264227,nDCG@10,0.0
q264227,R@100,0.0
q264228,nDCG@10,0.0
q264228,R@100,0.0
q264229,nDCG@10,0.0
q264229,R@100,0.0
q264230,nDCG@10,0.0
q264230,R@100,1.0
q264231,nDCG@10,0.0
q264231,R@100,1.0
q264232,nDCG@10,0.0
q264232,R@100,0.0
q264233,nDCG@10,0.0
q264233,R@100,0.0
q264234,nDCG@10,0.0
q264234,R@100,0.0
q264235,nDCG@10,0.0
q264235,R@100,0.0
q264236,nDCG@10,0.0
q264236,R@100,0.0
q264237,nDCG@10,0.3562071871080222
q264237,R@100,1.0
q264238,nDCG@10,0.0
q264238,R@100,0.0
q264239,nDCG@10,0.0
q264239,R@100,0.0
q264240,nDCG@10,1.0
q264240,R@100,1.0
q264241,nDCG@10,0.0
q264241,R@100,0.0
q264242,nDCG@10,0.6309297535714575
q264242,R@100,1.0
q264243,nDCG@10,1.0
q264243,R@100,1.0
q264244,nDCG@10,0.0
q264244,R@100,0.0
q264245,nDCG@10,1.0
q264245,R@100,1.0
q264246,nDCG@10,1.0
q264246,R@100,1.0
q264247,nDCG@10,1.0
q264247,R@100,1.0
q264248,nDCG@10,0.38685280723454163
q264248,R@100,1.0
q264249,nDCG@10,0.38685280723454163
q264249,R@100,1.0
q264250,nDCG@10,1.0
q264250,R@100,1.0
q264251,nDCG@10,0.0
q264251,R@100,1.0
q264252,nDCG@10,1.0
q264252,R@100,1.0
q264253,nDCG@10,0.0
q264253,R@100,1.0
q264254,nDCG@10,0.0
q264254,R@100,0.0
q264255,nDCG@10,0.0
q264255,R@100,1.0
q264256,nDCG@10,0.0
q264256,R@100,1.0
q264257,nDCG@10,0.0
q264257,R@100,0.0
q264258,nDCG@10,0.0
q264258,R@100,0.0
q264259,nDCG@10,0.0
q264259,R@100,0.0
q264260,nDCG@10,0.3562071871080222
q264260,R@100,1.0
q264261,nDCG@10,0.38685280723454163
q264261,R@100,1.0
q264262,nDCG@10,1.0
q264262,R@100,1.0
q264263,nDCG@10,1.0
q264263,R@100,1.0
q264264,nDCG@10,0.6309297535714575
q264264,R@100,1.0
q264265,nDCG@10,1.0
q264265,R@100,1.0
q264266,nDCG@10,1.0
q264266,R@100,1.0
q264267,nDCG@10,0.2890648263178879
q264267,R@100,1.0
q264268,nDCG@10,0.0
q264268,R@100,0.0
q264269,nDCG@10,0.0
q264269,R@100,1.0
q264270,nDCG@10,0.3562071871080222
q264270,R@100,1.0
q264271,nDCG@10,0.43067655807339306
q264271,R@100,1.0
q264272,nDCG@10,0.0
q264272,R@100,0.0
q264273,nDCG@10,0.5
q264273,R@100,1.0
q264274,nDCG@10,1.0
q264274,R@100,1.0
q264275,nDCG@10,0.0
q264275,R@100,1.0
q264276,nDCG@10,1.0
q264276,R@100,1.0
q264277,nDCG@10,0.0
q264277,R@100,0.0
q264278,nDCG@10,0.0
q264278,R@100,0.0
q264279,nDCG@10,0.0
q264279,R@100,0.0
q264280,nDCG@10,1.0
q264280,R@100,1.0
q264281,nDCG@10,0.0
q264281,R@100,0.0
q264282,nDCG@10,0.0
q264282,R@100,1.0
q264283,nDCG@10,0.0
q264283,R@100,1.0
q264284,nDCG@10,0.0
q264284,R@100,0.0
q264285,nDCG@10,0.0
q264285,R@100,0.0
q264286,nDCG@10,0.0
q264286,R@100,1.0
q264287,nDCG@10,0.0
q264287,R@100,0.0
q264288,nDCG@10,1.0
q264288,R@100,1.0
q264289,nDCG@10,0.0
q264289,R@100,0.0
q264290,nDCG@10,0.0
q264290,R@100,0.0
q264291,nDCG@10,0.0
q264291,R@100,0.0
q264292,nDCG@10,1.0
q264292,R@100,1.0
q264293,nDCG@10,1.0
q264293,R@100,1.0
q264294,nDCG@10,0.2890648263178879
q264294,R@100,1.0
q264295,nDCG@10,0.0
q264295,R@100,1.0
q264296,nDCG@10,0.0
q264296,R@100,1.0
q264297,nDCG@10,0.0
q264297,R@100,1.0
q264298,nDCG@10,0.5
q264298,R@100,1.0
q264299,nDCG@10,0.0
q264299,R@100,0.0
q264300,nDCG@10,0.0
q264300,R@100,0.0
q264301,nDCG@10,0.0
q264301,R@100,0.0
q264302,nDCG@10,1.0
q264302,R@100,1.0
q264303,nDCG@10,0.0
q264303,R@100,0.0
q264304,nDCG@10,0.0
q264304,R@100,0.0
q264305,nDCG@10,1.0
q264305,R@100,1.0
q264306,nDCG@10,0.0
q264306,R@100,0.0
q264307,nDCG@10,0.0
q264307,R@100,0.0
q264308,nDCG@10,1.0
q264308,R@100,1.0
q264309,nDCG@10,0.43067655807339306
q264309,R@100,1.0
q264310,nDCG@10,0.0
q264310,R@100,0.0
q264311,nDCG@10,0.0
q264311,R@100,0.0
q264312,nDCG@10,0.0
q264312,R@100,0.0
q264313,nDCG@10,0.0
q264313,R@100,0.0
q264314,nDCG@10,0.0
q264314,R@100,0.0
q264315,nDCG@10,0.0
q264315,R@100,0.0
q264316,nDCG@10,0.0
q264316,R@100,1.0
q264317,nDCG@10,0.0
q264317,R@100,0.0
q264318,nDCG@10,1.0
q264318,R@100,1.0
q264319,nDCG@10,0.0
q264319,R@100,0.0
q264320,nDCG@10,0.0
q264320,R@100,0.0
q264321,nDCG@10,1.0
q264321,R@100,1.0
q264322,nDCG@10,0.0
q264322,R@100,0.0
q264323,nDCG@10,1.0
q264323,R@100,1.0
q264324,nDCG@10,0.0
q264324,R@100,1.0
q264325,nDCG@10,0.0
q264325,R@100,0.0
q264326,nDCG@10,0.0
q264326,R@100,0.0
q264327,nDCG@10,1.0
q264327,R@100,1.0
q264328,nDCG@10,0.0
q264328,R@100,0.0
q264329,nDCG@10,0.0
q264329,R@100,0.0
q264330,nDCG@10,0.6309297535714575
q264330,R@100,1.0
q264331,nDCG@10,0.0
q264331,R@100,0.0
q264332,nDCG@10,0.0
q264332,R@100,0.0
q264333,nDCG@10,0.0
q264333,R@100,0.0
q264334,nDCG@10,0.0
q264334,R@100,1.0
q264335,nDCG@10,0.0
q264335,R@100,1.0
q264336,nDCG@10,1.0
q264336,R@100,1.0
q264337,nDCG@10,0.0
q264337,R@100,1.0
q264338,nDCG@10,0.31546487678572877
q264338,R@100,1.0
q264339,nDCG@10,1.0
q264339,R@100,1.0
q264340,nDCG@10,1.0
q264340,R@100,1.0
q264341,nDCG@10,0.6309297535714575
q264341,R@100,1.0
q264342,nDCG@10,0.0
q264342,R@100,1.0
q264343,nDCG@10,1.0
q264343,R@100,1.0
q264344,nDCG@10,0.31546487678572877
q264344,R@100,1.0
q264345,nDCG@10,0.31546487678572877
q264345,R@100,1.0
q264346,nDCG@10,0.38685280723454163
q264346,R@100,1.0
q264347,nDCG@10,0.5
q264347,R@100,1.0
q264348,nDCG@10,1.0
q264348,R@100,1.0
q264349,nDCG@10,0.6309297535714575
q264349,R@100,1.0
q264350,nDCG@10,1.0
q264350,R@100,1.0
q264351,nDCG@10,1.0
q264351,R@100,1.0
q264352,nDCG@10,0.0
q264352,R@100,0.0
q264353,nDCG@10,1.0
q264353,R@100,1.0
q264354,nDCG@10,1.0
q264354,R@100,1.0
q264355,nDCG@10,0.3562071871080222
q264355,R@100,1.0
q264356,nDCG@10,0.0
q264356,R@100,0.0
q264357,nDCG@10,0.0
q264357,R@100,0.0
q264358,nDCG@10,0.0
q264358,R@100,0.0
q264359,nDCG@10,0.0
q264359,R@100,0.0
q264360,nDCG@10,0.0
q264360,R@100,1.0
q264361,nDCG@10,0.38685280723454163
q264361,R@100,1.0
q264362,nDCG@10,1.0
q264362,R@100,1.0
q264363,nDCG@10,0.0
q264363,R@100,0.0
q264364,nDCG@10,0.0
q264364,R@100,1.0
q264365,nDCG@10,0.0
q264365,R@100,1.0
q264366,nDCG@10,1.0
q264366,R@100,1.0
q264367,nDCG@10,0.6309297535714575
q264367,R@100,1.0
q264368,nDCG@10,1.0
q264368,R@100,1.0
q264369,nDCG@10,1.0
q264369,R@100,1.0
q264370,nDCG@10,0.0
q264370,R@100,1.0
q264371,nDCG@10,1.0
q264371,R@100,1.0
q264372,nDCG@10,1.0
q264372,R@100,1.0
q264373,nDCG@10,1.0
q264373,R@100,1.0
q264374,nDCG@10,0.0
q264374,R@100,0.0
q264375,nDCG@10,0.38685280723454163
q264375,R@100,1.0
q264376,nDCG@10,0.0
q264376,R@100,0.0
q264377,nDCG@10,1.0
q264377,R@100,1.0
q264378,nDCG@10,1.0
q264378,R@100,1.0
q264379,nDCG@10,0.3333333333333333
q264379,R@100,1.0
q264380,nDCG@10,0.31546487678572877
q264380,R@100,1.0
q264381,nDCG@10,1.0
q264381,R@100,1.0
q264382,nDCG@10,0.0
q264382,R@100,0.0
q264383,nDCG@10,0.0
q264383,R@100,1.0
q264384,nDCG@10,0.0
q264384,R@100,0.0
q264385,nDCG@10,0.0
q264385,R@100,0.0
q264386,nDCG@10,1.0
q264386,R@100,1.0
q264387,nDCG@10,0.3562071871080222
q264387,R@100,1.0
q264388,nDCG@10,0.0
q264388,R@100,0.0
q264389,nDCG@10,0.0
q264389,R@100,0.0
q264390,nDCG@10,0.0
q264390,R@100,0.0
q264391,nDCG@10,0.0
q264391,R@100,1.0
q264392,nDCG@10,0.0
q264392,R@100,0.0
q264393,nDCG@10,0.0
q264393,R@100,0.0
q264394,nDCG@10,0.0
q264394,R@100,0.0
q264395,nDCG@10,0.0
q264395,R@100,0.0
q264396,nDCG@10,0.0
q264396,R@100,0.0
q264397,nDCG@10,0.31546487678572877
q264397,R@100,1.0
q264398,nDCG@10,0.0
q264398,R@100,0.0
q264399,nDCG@10,0.0
q264399,R@100,0.0
q264400,nDCG@10,0.0
q264400,R@100,0.0
q264401,nDCG@10,0.0
q264401,R@100,0.0
q264402,nDCG@10,0.0
q264402,R@100,0.0
q264403,nDCG@10,1.0
q264403,R@100,1.0
q264404,nDCG@10,0.0
q264404,R@100,1.0
q264405,nDCG@10,0.0
q264405,R@100,0.0
q264406,nDCG@10,0.0
q264406,R@100,0.0
q264407,nDCG@10,0.0
q264407,R@100,0.0
q264408,nDCG@10,0.0
q264408,R@100,0.0
q264409,nDCG@10,0.0
q264409,R@100,0.0
q264410,nDCG@10,0.0
q264410,R@100,1.0
q264411,nDCG@10,1.0
q264411,R@100,1.0
q264412,nDCG@10,0.6309297535714575
q264412,R@100,1.0
q264413,nDCG@10,0.0
q264413,R@100,1.0
q264414,nDCG@10,0.38685280723454163
q264414,R@100,1.0
q264415,nDCG@10,0.0
q264415,R@100,0.0
q264416,nDCG@10,0.31546487678572877
q264416,R@100,1.0
q264417,nDCG@10,1.0
q264417,R@100,1.0
q264418,nDCG@10,0.0
q264418,R@100,1.0
q264419,nDCG@10,0.43067655807339306
q264419,R@100,1.0
q264420,nDCG@10,0.0
q264420,R@100,0.0
q264421,nDCG@10,1.0
q264421,R@100,1.0
q264422,nDCG@10,0.6309297535714575
q264422,R@100,1.0
q264423,nDCG@10,0.3562071871080222
q264423,R@100,1.0
q264424,nDCG@10,0.0
q264424,R@100,0.0
q264425,nDCG@10,0.43067655807339306
q264425,R@100,1.0
q264426,nDCG@10,0.0
q264426,R@100,0.0
q264427,nDCG@10,1.0
q264427,R@100,1.0
q264428,nDCG@10,1.0
q264428,R@100,1.0
q264429,nDCG@10,0.0
q264429,R@100,0.0
q264430,nDCG@10,0.0
q264430,R@100,0.0
q264431,nDCG@10,1.0
q264431,R@100,1.0
q264432,nDCG@10,1.0
q264432,R@100,1.0
q264433,nDCG@10,1.0
q264433,R@100,1.0
q264434,nDCG@10,1.0
q264434,R@100,1.0
q264435,nDCG@10,1.0
q264435,R@100,1.0
q264436,nDCG@10,0.0
q264436,R@100,0.0
q264437,nDCG@10,1.0
q264437,R@100,1.0
q264438,nDCG@10,0.5
q264438,R@100,1.0
q264439,nDCG@10,0.0
q264439,R@100,0.0
q264440,nDCG@10,0.0
q264440,R@100,0.0
q264441,nDCG@10,0.0
q264441,R@100,0.0
q264442,nDCG@10,0.38685280723454163
q264442,R@100,1.0
q264443,nDCG@10,0.0
q264443,R@100,1.0
q264444,nDCG@10,0.0
q264444,R@100,1.0
q264445,nDCG@10,0.0
q264445,R@100,0.0
q264446,nDCG@10,0.0
q264446,R@100,0.0
q264447,nDCG@10,1.0
q264447,R@100,1.0
q264448,nDCG@10,0.0
q264448,R@100,0.0
q264449,nDCG@10,0.43067655807339306
q264449,R@100,1.0
q264450,nDCG@10,0.0
q264450,R@100,0.0
q264451,nDCG@10,0.0
q264451,R@100,0.0
q264452,nDCG@10,0.0
q264452,R@100,0.0
q264453,nDCG@10,0.0
q264453,R@100,0.0
q264454,nDCG@10,0.0
q264454,R@100,1.0
q264455,nDCG@10,0.0
q264455,R@100,0.0
q264456,nDCG@10,0.0
q264456,R@100,0.0
q264457,nDCG@10,0.0
q264457,R@100,1.0
q264458,nDCG@10,0.0
q264458,R@100,1.0
q264459,nDCG@10,0.0
q264459,R@100,0.0
q264460,nDCG@10,0.0
q264460,R@100,1.0
q264461,nDCG@10,0.0
q264461,R@100,0.0
q264462,nDCG@10,0.0
q264462,R@100,0.0
q264463,nDCG@10,0.0
q264463,R@100,1.0
q264464,nDCG@10,1.0
q264464,R@100,1.0
q264465,nDCG@10,0.0
q264465,R@100,1.0
q264466,nDCG@10,0.0
q264466,R@100,0.0
q264467,nDCG@10,0.0
q264467,R@100,0.0
q264468,nDCG@10,0.0
q264468,R@100,0.0
q264469,nDCG@10,0.0
q264469,R@100,0.0
q264470,nDCG@10,0.0
q264470,R@100,0.0
q264471,nDCG@10,0.0
q264471,R@100,0.0
q264472,nDCG@10,0.0
q264472,R@100,1.0
q264473,nDCG@10,1.0
q264473,R@100,1.0
q264474,nDCG@10,0.0
q264474,R@100,1.0
q264475,nDCG@10,1.0
q264475,R@100,1.0
q264476,nDCG@10,1.0
q264476,R@100,1.0
q264477,nDCG@10,0.0
q264477,R@100,0.0
q264478,nDCG@10,0.3010299956639812
q264478,R@100,1.0
q264479,nDCG@10,0.0
q264479,R@100,1.0
q264480,nDCG@10,0.0
q264480,R@100,1.0
q264481,nDCG@10,0.3562071871080222
q264481,R@100,1.0
q264482,nDCG@10,1.0
q264482,R@100,1.0
q264483,nDCG@10,1.0
q264483,R@100,1.0
q264484,nDCG@10,0.0
q264484,R@100,1.0
q264485,nDCG@10,1.0
q264485,R@100,1.0
q264486,nDCG@10,1.0
q264486,R@100,1.0
q264487,nDCG@10,0.0
q264487,R@100,0.0
q264488,nDCG@10,0.0
q264488,R@100,1.0
q264489,nDCG@10,0.0
q264489,R@100,1.0
q264490,nDCG@10,0.0
q264490,R@100,0.0
q264491,nDCG@10,0.0
q264491,R@100,0.0
q264492,nDCG@10,0.43067655807339306
q264492,R@100,1.0
q264493,nDCG@10,0.6309297535714575
q264493,R@100,1.0
q264494,nDCG@10,1.0
q264494,R@100,1.0
q264495,nDCG@10,0.0
q264495,R@100,1.0
q264496,nDCG@10,0.6309297535714575
q264496,R@100,1.0
q264497,nDCG@10,0.6309297535714575
q264497,R@100,1.0
q264498,nDCG@10,0.0
q264498,R@100,1.0
q264499,nDCG@10,0.0
q264499,R@100,0.0
q264500,nDCG@10,0.0
q264500,R@100,1.0
q264501,nDCG@10,0.6309297535714575
q264501,R@100,1.0
q264502,nDCG@10,0.0
q264502,R@100,1.0
q264503,nDCG@10,0.0
q264503,R@100,0.0
q264504,nDCG@10,0.0
q264504,R@100,0.0
q264505,nDCG@10,0.0
q264505,R@100,0.0
q264506,nDCG@10,0.0
q264506,R@100,0.0
q264507,nDCG@10,0.0
q264507,R@100,0.0
q264508,nDCG@10,0.6309297535714575
q264508,R@100,1.0
q264509,nDCG@10,0.0
q264509,R@100,0.0
q264510,nDCG@10,0.0
q264510,R@100,1.0
q264511,nDCG@10,0.0
q264511,R@100,0.0
q264512,nDCG@10,0.0
q264512,R@100,1.0
q264513,nDCG@10,1.0
q264513,R@100,1.0
q264514,nDCG@10,1.0
q264514,R@100,1.0
q264515,nDCG@10,0.0
q264515,R@100,0.0
q264516,nDCG@10,0.0
q264516,R@100,0.0
q264517,nDCG@10,0.0
q264517,R@100,0.0
q264518,nDCG@10,0.0
q264518,R@100,1.0
q264519,nDCG@10,0.0
q264519,R@100,0.0
q264520,nDCG@10,0.0
q264520,R@100,0.0
q264521,nDCG@10,0.0
q264521,R@100,1.0
q264522,nDCG@10,0.0
q264522,R@100,1.0
q264523,nDCG@10,0.0
q264523,R@100,0.0
q264524,nDCG@10,0.0
q264524,R@100,0.0
q264525,nDCG@10,0.0
q264525,R@100,0.0
q264526,nDCG@10,0.0
q264526,R@100,0.0
q264527,nDCG@10,0.0
q264527,R@100,0.0
q264528,nDCG@10,0.0
q264528,R@100,0.0
q264529,nDCG@10,1.0
q264529,R@100,1.0
q264530,nDCG@10,0.0
q264530,R@100,0.0
q264531,nDCG@10,0.0
q264531,R@100,1.0
q264532,nDCG@10,0.0
q264532,R@100,1.0
q264533,nDCG@10,0.0
q264533,R@100,0.0
q264534,nDCG@10,0.0
q264534,R@100,1.0
q264535,nDCG@10,1.0
q264535,R@100,1.0
q264536,nDCG@10,0.0
q264536,R@100,1.0
q264537,nDCG@10,0.0
q264537,R@100,0.0
q264538,nDCG@10,0.0
q264538,R@100,0.0
q264539,nDCG@10,0.0
q264539,R@100,0.0
q264540,nDCG@10,0.0
q264540,R@100,0.0
q264541,nDCG@10,0.5
q264541,R@100,1.0
q264542,nDCG@10,0.3010299956639812
q264542,R@100,1.0
q264543,nDCG@10,0.0
q264543,R@100,0.0
q264544,nDCG@10,0.0
q264544,R@100,1.0
q264545,nDCG@10,0.0
q264545,R@100,1.0
q264546,nDCG@10,1.0
q264546,R@100,1.0
q264547,nDCG@10,1.0
q264547,R@100,1.0
q264548,nDCG@10,0.0
q264548,R@100,0.0
q264549,nDCG@10,0.0
q264549,R@100,0.0
q264550,nDCG@10,0.0
q264550,R@100,0.0
q264551,nDCG@10,0.0
q264551,R@100,0.0
q264552,nDCG@10,0.0
q264552,R@100,0.0
q264553,nDCG@10,0.0
q264553,R@100,0.0
q264554,nDCG@10,0.6309297535714575
q264554,R@100,1.0
q264555,nDCG@10,0.5
q264555,R@100,1.0
q264556,nDCG@10,0.0
q264556,R@100,1.0
q264557,nDCG@10,1.0
q264557,R@100,1.0
q264558,nDCG@10,0.6309297535714575
q264558,R@100,1.0
q264559,nDCG@10,0.0
q264559,R@100,0.0
q264560,nDCG@10,1.0
q264560,R@100,1.0
q264561,nDCG@10,0.0
q264561,R@100,0.0
q264562,nDCG@10,0.0
q264562,R@100,0.0
q264563,nDCG@10,0.0
q264563,R@100,1.0
q264564,nDCG@10,0.0
q264564,R@100,1.0
q264565,nDCG@10,0.0
q264565,R@100,0.0
q264566,nDCG@10,1.0
q264566,R@100,1.0
q264567,nDCG@10,0.0
q264567,R@100,1.0
q264568,nDCG@10,0.0
q264568,R@100,0.0
q264569,nDCG@10,0.6309297535714575
q264569,R@100,1.0
q264570,nDCG@10,0.3562071871080222
q264570,R@100,1.0
q264571,nDCG@10,0.6309297535714575
q264571,R@100,1.0
q264572,nDCG@10,0.0
q264572,R@100,1.0
q264573,nDCG@10,1.0
q264573,R@100,1.0
q264574,nDCG@10,0.0
q264574,R@100,1.0
q264575,nDCG@10,0.0
q264575,R@100,0.0
q264576,nDCG@10,0.0
q264576,R@100,0.0
q264577,nDCG@10,0.0
q264577,R@100,0.0
q264578,nDCG@10,1.0
q264578,R@100,1.0
q264579,nDCG@10,1.0
q264579,R@100,1.0
q264580,nDCG@10,1.0
q264580,R@100,1.0
q264581,nDCG@10,0.0
q264581,R@100,0.0
q264582,nDCG@10,1.0
q264582,R@100,1.0
q264583,nDCG@10,0.6309297535714575
q264583,R@100,1.0
q264584,nDCG@10,1.0
q264584,R@100,1.0
q264585,nDCG@10,0.5
q264585,R@100,1.0
q264586,nDCG@10,1.0
q264586,R@100,1.0
q264587,nDCG@10,1.0
q264587,R@100,1.0
q264588,nDCG@10,0.0
q264588,R@100,1.0
q264589,nDCG@10,0.0
q264589,R@100,0.0
q264590,nDCG@10,0.0
q264590,R@100,1.0
q264591,nDCG@10,0.3010299956639812
q264591,R@100,1.0
q264592,nDCG@10,0.0
q264592,R@100,1.0
q264593,nDCG@10,0.0
q264593,R@100,0.0
q264594,nDCG@10,1.0
q264594,R@100,1.0
q264595,nDCG@10,1.0
q264595,R@100,1.0
q264596,nDCG@10,0.0
q264596,R@100,0.0
q264597,nDCG@10,0.0
q264597,R@100,0.0
q264598,nDCG@10,0.0
q264598,R@100,1.0
q264599,nDCG@10,0.0
q264599,R@100,0.0
q264600,nDCG@10,0.0
q264600,R@100,0.0
q264601,nDCG@10,0.0
q264601,R@100,1.0
q264602,nDCG@10,0.0
q264602,R@100,0.0
q264603,nDCG@10,0.0
q264603,R@100,0.0
q264604,nDCG@10,0.0
q264604,R@100,0.0
q264605,nDCG@10,0.0
q264605,R@100,0.0
q264606,nDCG@10,0.0
q264606,R@100,0.0
q264607,nDCG@10,0.0
q264607,R@100,1.0
q264608,nDCG@10,0.0
q264608,R@100,0.0
q264609,nDCG@10,0.0
q264609,R@100,1.0
q264610,nDCG@10,0.0
q264610,R@100,0.0
q264611,nDCG@10,0.0
q264611,R@100,0.0
q264612,nDCG@10,0.0
q264612,R@100,0.0
q264613,nDCG@10,1.0
q264613,R@100,1.0
q264614,nDCG@10,0.0
q264614,R@100,1.0
q264615,nDCG@10,1.0
q264615,R@100,1.0
q264616,nDCG@10,0.6309297535714575
q264616,R@100,1.0
q264617,nDCG@10,1.0
q264617,R@100,1.0
q264618,nDCG@10,1.0
q264618,R@100,1.0
q264619,nDCG@10,1.0
q264619,R@100,1.0
q264620,nDCG@10,0.0
q264620,R@100,0.0
q264621,nDCG@10,0.0
q264621,R@100,0.0
q264622,nDCG@10,0.0
q264622,R@100,1.0
q264623,nDCG@10,0.0
q264623,R@100,1.0
q264624,nDCG@10,0.2890648263178879
q264624,R@100,1.0
q264625,nDCG@10,0.0
q264625,R@100,0.0
q264626,nDCG@10,0.0
q264626,R@100,0.0
q264627,nDCG@10,0.6309297535714575
q264627,R@100,1.0
q264628,nDCG@10,0.0
q264628,R@100,0.0
q264629,nDCG@10,0.0
q264629,R@100,1.0
q264630,nDCG@10,0.0
q264630,R@100,0.0
q264631,nDCG@10,1.0
q264631,R@100,1.0
q264632,nDCG@10,0.0
q264632,R@100,0.0
q264633,nDCG@10,0.3010299956639812
q264633,R@100,1.0
q264634,nDCG@10,0.0
q264634,R@100,0.0
q264635,nDCG@10,0.0
q264635,R@100,0.0
q264636,nDCG@10,0.0
q264636,R@100,0.0
q264637,nDCG@10,0.0
q264637,R@100,1.0
q264638,nDCG@10,0.0
q264638,R@100,0.0
q264639,nDCG@10,0.0
q264639,R@100,0.0
q264640,nDCG@10,0.0
q264640,R@100,1.0
q264641,nDCG@10,0.0
q264641,R@100,1.0
q264642,nDCG@10,1.0
q264642,R@100,1.0
q264643,nDCG@10,0.0
q264643,R@100,0.0
q264644,nDCG@10,0.5
q264644,R@100,1.0
q264645,nDCG@10,0.3333333333333333
q264645,R@100,1.0
q264646,nDCG@10,1.0
q264646,R@100,1.0
q264647,nDCG@10,0.38685280723454163
q264647,R@100,1.0
q264648,nDCG@10,0.0
q264648,R@100,0.0
q264649,nDCG@10,0.6309297535714575
q264649,R@100,1.0
q264650,nDCG@10,1.0
q264650,R@100,1.0
q264651,nDCG@10,1.0
q264651,R@100,1.0
q264652,nDCG@10,1.0
q264652,R@100,1.0
q264653,nDCG@10,1.0
q264653,R@100,1.0
q264654,nDCG@10,1.0
q264654,R@100,1.0
q264655,nDCG@10,1.0
q264655,R@100,1.0
q264656,nDCG@10,1.0
q264656,R@100,1.0
q264657,nDCG@10,1.0
q264657,R@100,1.0
q264658,nDCG@10,1.0
q264658,R@100,1.0
q264659,nDCG@10,0.6309297535714575
q264659,R@100,1.0
q264660,nDCG@10,1.0
q264660,R@100,1.0
q264661,nDCG@10,1.0
q264661,R@100,1.0
q264662,nDCG@10,0.6309297535714575
q264662,R@100,1.0
q264663,nDCG@10,1.0
q264663,R@100,1.0
q264664,nDCG@10,0.0
q264664,R@100,0.0
q264665,nDCG@10,1.0
q264665,R@100,1.0
q264666,nDCG@10,0.5
q264666,R@100,1.0
q264667,nDCG@10,1.0
q264667,R@100,1.0
q264668,nDCG@10,0.38685280723454163
q264668,R@100,1.0
q264669,nDCG@10,0.0
q264669,R@100,1.0
q264670,nDCG@10,0.0
q264670,R@100,1.0
q264671,nDCG@10,1.0
q264671,R@100,1.0
q264672,nDCG@10,1.0
q264672,R@100,1.0
q264673,nDCG@10,0.0
q264673,R@100,0.0
q264674,nDCG@10,0.0
q264674,R@100,0.0
q264675,nDCG@10,0.0
q264675,R@100,0.0
q264676,nDCG@10,0.3010299956639812
q264676,R@100,1.0
q264677,nDCG@10,0.6309297535714575
q264677,R@100,1.0
q264678,nDCG@10,0.0
q264678,R@100,0.0
q264679,nDCG@10,1.0
q264679,R@100,1.0
q264680,nDCG@10,0.0
q264680,R@100,1.0
q264681,nDCG@10,0.0
q264681,R@100,0.0
q264682,nDCG@10,0.0
q264682,R@100,0.0
q264683,nDCG@10,0.0
q264683,R@100,0.0
q264684,nDCG@10,0.0
q264684,R@100,1.0
q264685,nDCG@10,1.0
q264685,R@100,1.0
q264686,nDCG@10,0.0
q264686,R@100,1.0
q264687,nDCG@10,0.0
q264687,R@100,1.0
q264688,nDCG@10,0.0
q264688,R@100,0.0
q264689,nDCG@10,0.0
q264689,R@100,0.0
q264690,nDCG@10,0.0
q264690,R@100,1.0
q264691,nDCG@10,0.0
q264691,R@100,1.0
q264692,nDCG@10,0.0
q264692,R@100,1.0
q264693,nDCG@10,0.0
q264693,R@100,1.0
q264694,nDCG@10,0.38685280723454163
q264694,R@100,1.0
q264695,nDCG@10,0.43067655807339306
q264695,R@100,1.0
q264696,nDCG@10,0.5
q264696,R@100,1.0
q264697,nDCG@10,1.0
q264697,R@100,1.0
q264698,nDCG@10,1.0
q264698,R@100,1.0
q264699,nDCG@10,1.0
q264699,R@100,1.0
q264700,nDCG@10,0.0
q264700,R@100,1.0
q264701,nDCG@10,0.2890648263178879
q264701,R@100,1.0
q264702,nDCG@10,0.0
q264702,R@100,0.0
q264703,nDCG@10,0.0
q264703,R@100,0.0
q264704,nDCG@10,0.0
q264704,R@100,0.0
q264705,nDCG@10,0.0
q264705,R@100,1.0
q264706,nDCG@10,0.3010299956639812
q264706,R@100,1.0
q264707,nDCG@10,0.0
q264707,R@100,0.0
q264708,nDCG@10,0.31546487678572877
q264708,R@100,1.0
q264709,nDCG@10,0.0
q264709,R@100,0.0
q264710,nDCG@10,1.0
q264710,R@100,1.0
q264711,nDCG@10,0.31546487678572877
q264711,R@100,1.0
q264712,nDCG@10,1.0
q264712,R@100,1.0
q264713,nDCG@10,0.0
q264713,R@100,0.0
q264714,nDCG@10,0.3562071871080222
q264714,R@100,1.0
q264715,nDCG@10,0.0
q264715,R@100,0.0
q264716,nDCG@10,0.6309297535714575
q264716,R@100,1.0
q264717,nDCG@10,0.0
q264717,R@100,1.0
q264718,nDCG@10,0.0
q264718,R@100,0.0
q264719,nDCG@10,0.6309297535714575
q264719,R@100,1.0
q264720,nDCG@10,0.0
q264720,R@100,0.0
q264721,nDCG@10,0.6309297535714575
q264721,R@100,1.0
q264722,nDCG@10,0.3010299956639812
q264722,R@100,1.0
q264723,nDCG@10,1.0
q264723,R@100,1.0
q264724,nDCG@10,0.0
q264724,R@100,0.0
q264725,nDCG@10,0.0
q264725,R@100,1.0
q264726,nDCG@10,0.0
q264726,R@100,0.0
q264727,nDCG@10,1.0
q264727,R@100,1.0
q264728,nDCG@10,0.0
q264728,R@100,0.0
q264729,nDCG@10,0.0
q264729,R@100,0.0
q264730,nDCG@10,1.0
q264730,R@100,1.0
q264731,nDCG@10,1.0
q264731,R@100,1.0
q264732,nDCG@10,0.0
q264732,R@100,0.0
q264733,nDCG@10,1.0
q264733,R@100,1.0
q264734,nDCG@10,0.0
q264734,R@100,0.0
q264735,nDCG@10,0.0
q264735,R@100,0.0
q264736,nDCG@10,0.0
q264736,R@100,0.0
q264737,nDCG@10,0.0
q264737,R@100,1.0
q264738,nDCG@10,0.0
q264738,R@100,0.0
q264739,nDCG@10,1.0
q264739,R@100,1.0
q264740,nDCG@10,1.0
q264740,R@100,1.0
q264741,nDCG@10,1.0
q264741,R@100,1.0
q264742,nDCG@10,0.0
q264742,R@100,0.0
q264743,nDCG@10,0.0
q264743,R@100,0.0
q264744,nDCG@10,0.0
q264744,R@100,0.0
q264745,nDCG@10,0.5
q264745,R@100,1.0
q264746,nDCG@10,0.5
q264746,R@100,1.0
q264747,nDCG@10,0.0
q264747,R@100,1.0
q264748,nDCG@10,0.3562071871080222
q264748,R@100,1.0
q264749,nDCG@10,0.6309297535714575
q264749,R@100,1.0
q264750,nDCG@10,0.0
q264750,R@100,1.0
q264751,nDCG@10,1.0
q264751,R@100,1.0
q264752,nDCG@10,0.6309297535714575
q264752,R@100,1.0
q264753,nDCG@10,0.5
q264753,R@100,1.0
q264754,nDCG@10,1.0
q264754,R@100,1.0
q264755,nDCG@10,1.0
q264755,R@100,1.0
q264756,nDCG@10,0.3010299956639812
q264756,R@100,1.0
q264757,nDCG@10,1.0
q264757,R@100,1.0
q264758,nDCG@10,0.6309297535714575
q264758,R@100,1.0
q264759,nDCG@10,1.0
q264759,R@100,1.0
q264760,nDCG@10,0.0
q264760,R@100,0.0
q264761,nDCG@10,1.0
q264761,R@100,1.0
q264762,nDCG@10,0.3562071871080222
q264762,R@100,1.0
q264763,nDCG@10,1.0
q264763,R@100,1.0
q264764,nDCG@10,0.0
q264764,R@100,0.0
q264765,nDCG@10,0.0
q264765,R@100,1.0
q264766,nDCG@10,0.0
q264766,R@100,0.0
q264767,nDCG@10,0.0
q264767,R@100,0.0
q264768,nDCG@10,0.0
q264768,R@100,0.0
q264769,nDCG@10,1.0
q264769,R@100,1.0
q264770,nDCG@10,1.0
q264770,R@100,1.0
q264771,nDCG@10,1.0
q264771,R@100,1.0
q264772,nDCG@10,1.0
q264772,R@100,1.0
q264773,nDCG@10,1.0
q264773,R@100,1.0
q264774,nDCG@10,0.0
q264774,R@100,0.0
q264775,nDCG@10,0.0
q264775,R@100,0.0
q264776,nDCG@10,0.0
q264776,R@100,0.0
q264777,nDCG@10,0.0
q264777,R@100,0.0
q264778,nDCG@10,0.0
q264778,R@100,0.0
q264779,nDCG@10,0.0
q264779,R@100,0.0
q264780,nDCG@10,0.43067655807339306
q264780,R@100,1.0
q264781,nDCG@10,0.0
q264781,R@100,0.0
q264782,nDCG@10,0.0
q264782,R@100,0.0
q264783,nDCG@10,0.0
q264783,R@100,0.0
q264784,nDCG@10,0.5
q264784,R@100,1.0
q264785,nDCG@10,0.0
q264785,R@100,0.0
q264786,nDCG@10,0.0
q264786,R@100,0.0
q264787,nDCG@10,0.43067655807339306
q264787,R@100,1.0
q264788,nDCG@10,1.0
q264788,R@100,1.0
q264789,nDCG@10,0.0
q264789,R@100,0.0
q264790,nDCG@10,0.0
q264790,R@100,0.0
q264791,nDCG@10,0.0
q264791,R@100,0.0
q264792,nDCG@10,0.6309297535714575
q264792,R@100,1.0
q264793,nDCG@10,0.5
q264793,R@100,1.0
q264794,nDCG@10,0.0
q264794,R@100,1.0
q264795,nDCG@10,0.0
q264795,R@100,0.0
q264796,nDCG@10,0.0
q264796,R@100,1.0
q264797,nDCG@10,0.5
q264797,R@100,1.0
q264798,nDCG@10,0.43067655807339306
q264798,R@100,1.0
q264799,nDCG@10,0.3333333333333333
q264799,R@100,1.0
q264800,nDCG@10,1.0
q264800,R@100,1.0
q264801,nDCG@10,0.0
q264801,R@100,0.0
q264802,nDCG@10,0.0
q264802,R@100,0.0
q264803,nDCG@10,1.0
q264803,R@100,1.0
q264804,nDCG@10,0.6309297535714575
q264804,R@100,1.0
q264805,nDCG@10,1.0
q264805,R@100,1.0
q264806,nDCG@10,0.0
q264806,R@100,1.0
q264807,nDCG@10,0.6309297535714575
q264807,R@100,1.0
q264808,nDCG@10,1.0
q264808,R@100,1.0
q264809,nDCG@10,1.0
q264809,R@100,1.0
q264810,nDCG@10,0.0
q264810,R@100,1.0
q264811,nDCG@10,0.0
q264811,R@100,1.0
q264812,nDCG@10,0.0
q264812,R@100,0.0
q264813,nDCG@10,0.0
q264813,R@100,0.0
q264814,nDCG@10,0.0
q264814,R@100,1.0
q264815,nDCG@10,0.0
q264815,R@100,0.0
q264816,nDCG@10,0.0
q264816,R@100,0.0
q264817,nDCG@10,1.0
q264817,R@100,1.0
q264818,nDCG@10,1.0
q264818,R@100,1.0
q264819,nDCG@10,1.0
q264819,R@100,1.0
q264820,nDCG@10,1.0
q264820,R@100,1.0
q264821,nDCG@10,1.0
q264821,R@100,1.0
q264822,nDCG@10,0.43067655807339306
q264822,R@100,1.0
q264823,nDCG@10,1.0
q264823,R@100,1.0
q264824,nDCG@10,0.0
q264824,R@100,0.0
q264825,nDCG@10,1.0
q264825,R@100,1.0
q264826,nDCG@10,1.0
q264826,R@100,1.0
q264827,nDCG@10,1.0
q264827,R@100,1.0
q264828,nDCG@10,1.0
q264828,R@100,1.0
q264829,nDCG@10,1.0
q264829,R@100,1.0
q264830,nDCG@10,0.5
q264830,R@100,1.0
q264831,nDCG@10,0.6309297535714575
q264831,R@100,1.0
q264832,nDCG@10,0.6309297535714575
q264832,R@100,1.0
q264833,nDCG@10,1.0
q264833,R@100,1.0
q264834,nDCG@10,0.0
q264834,R@100,0.0
q264835,nDCG@10,0.3010299956639812
q264835,R@100,1.0
q264836,nDCG@10,0.0
q264836,R@100,1.0
q264837,nDCG@10,0.0
q264837,R@100,0.0
q264838,nDCG@10,0.0
q264838,R@100,1.0
q264839,nDCG@10,0.0
q264839,R@100,0.0
q264840,nDCG@10,0.0
q264840,R@100,1.0
q264841,nDCG@10,0.0
q264841,R@100,0.0
q264842,nDCG@10,0.0
q264842,R@100,0.0
q264843,nDCG@10,0.38685280723454163
q264843,R@100,1.0
q264844,nDCG@10,1.0
q264844,R@100,1.0
q264845,nDCG@10,0.0
q264845,R@100,1.0
q264846,nDCG@10,0.38685280723454163
q264846,R@100,1.0
q264847,nDCG@10,0.0
q264847,R@100,0.0
q264848,nDCG@10,0.0
q264848,R@100,1.0
q264849,nDCG@10,1.0
q264849,R@100,1.0
q264850,nDCG@10,0.6309297535714575
q264850,R@100,1.0
q264851,nDCG@10,0.0
q264851,R@100,1.0
q264852,nDCG@10,0.0
q264852,R@100,1.0
q264853,nDCG@10,0.6309297535714575
q264853,R@100,1.0
q264854,nDCG@10,0.0
q264854,R@100,0.0
q264855,nDCG@10,0.0
q264855,R@100,0.0
q264856,nDCG@10,0.0
q264856,R@100,1.0
q264857,nDCG@10,0.6309297535714575
q264857,R@100,1.0
q264858,nDCG@10,0.0
q264858,R@100,0.0
q264859,nDCG@10,0.0
q264859,R@100,0.0
q264860,nDCG@10,0.0
q264860,R@100,1.0
q264861,nDCG@10,0.0
q264861,R@100,0.0
q264862,nDCG@10,0.0
q264862,R@100,0.0
q264863,nDCG@10,1.0
q264863,R@100,1.0
q264864,nDCG@10,1.0
q264864,R@100,1.0
q264865,nDCG@10,0.38685280723454163
q264865,R@100,1.0
q264866,nDCG@10,0.6309297535714575
q264866,R@100,1.0
q264867,nDCG@10,0.0
q264867,R@100,0.0
q264868,nDCG@10,0.0
q264868,R@100,0.0
q264869,nDCG@10,0.38685280723454163
q264869,R@100,1.0
q264870,nDCG@10,0.3562071871080222
q264870,R@100,1.0
q264871,nDCG@10,0.6309297535714575
q264871,R@100,1.0
q264872,nDCG@10,0.38685280723454163
q264872,R@100,1.0
q264873,nDCG@10,0.31546487678572877
q264873,R@100,1.0
q264874,nDCG@10,0.0
q264874,R@100,0.0
q264875,nDCG@10,0.0
q264875,R@100,0.0
q264876,nDCG@10,1.0
q264876,R@100,1.0
q264877,nDCG@10,0.0
q264877,R@100,0.0
q264878,nDCG@10,0.0
q264878,R@100,0.0
q264879,nDCG@10,1.0
q264879,R@100,1.0
q264880,nDCG@10,0.0
q264880,R@100,1.0
q264881,nDCG@10,0.0
q264881,R@100,0.0
q264882,nDCG@10,0.5
q264882,R@100,1.0
q264883,nDCG@10,0.3333333333333333
q264883,R@100,1.0
q264884,nDCG@10,0.6309297535714575
q264884,R@100,1.0
q264885,nDCG@10,0.0
q264885,R@100,0.0
q264886,nDCG@10,1.0
q264886,R@100,1.0
q264887,nDCG@10,0.0
q264887,R@100,0.0
q264888,nDCG@10,0.43067655807339306
q264888,R@100,1.0
q264889,nDCG@10,0.43067655807339306
q264889,R@100,1.0
q264890,nDCG@10,0.0
q264890,R@100,1.0
q264891,nDCG@10,0.0
q264891,R@100,0.0
q264892,nDCG@10,0.5
q264892,R@100,1.0
q264893,nDCG@10,0.0
q264893,R@100,1.0
q264894,nDCG@10,0.0
q264894,R@100,0.0
q264895,nDCG@10,0.2890648263178879
q264895,R@100,1.0
q264896,nDCG@10,0.3010299956639812
q264896,R@100,1.0
q264897,nDCG@10,1.0
q264897,R@100,1.0
q264898,nDCG@10,1.0
q264898,R@100,1.0
q264899,nDCG@10,0.0
q264899,R@100,0.0
q264900,nDCG@10,0.0
q264900,R@100,0.0
q264901,nDCG@10,0.0
q264901,R@100,1.0
q264902,nDCG@10,0.0
q264902,R@100,0.0
q264903,nDCG@10,0.0
q264903,R@100,0.0
q264904,nDCG@10,0.0
q264904,R@100,1.0
q264905,nDCG@10,0.0
q264905,R@100,1.0
q264906,nDCG@10,0.0
q264906,R@100,0.0
q264907,nDCG@10,0.0
q264907,R@100,0.0
q264908,nDCG@10,1.0
q264908,R@100,1.0
q264909,nDCG@10,0.0
q264909,R@100,1.0
q264910,nDCG@10,0.38685280723454163
q264910,R@100,1.0
q264911,nDCG@10,0.0
q264911,R@100,0.0
q264912,nDCG@10,0.0
q264912,R@100,0.0
q264913,nDCG@10,0.0
q264913,R@100,0.0
q264914,nDCG@10,0.0
q264914,R@100,0.0
q264915,nDCG@10,0.0
q264915,R@100,0.0
q264916,nDCG@10,0.0
q264916,R@100,0.0
q264917,nDCG@10,0.0
q264917,R@100,0.0
q264918,nDCG@10,0.0
q264918,R@100,0.0
q264919,nDCG@10,0.0
q264919,R@100,0.0
q264920,nDCG@10,0.0
q264920,R@100,0.0
q264921,nDCG@10,0.0
q264921,R@100,0.0
q264922,nDCG@10,0.0
q264922,R@100,0.0
q264923,nDCG@10,0.3333333333333333
q264923,R@100,1.0
q264924,nDCG@10,0.0
q264924,R@100,0.0
q264925,nDCG@10,1.0
q264925,R@100,1.0
q264926,nDCG@10,0.0
q264926,R@100,1.0
q264927,nDCG@10,0.0
q264927,R@100,1.0
q264928,nDCG@10,1.0
q264928,R@100,1.0
q264929,nDCG@10,1.0
q264929,R@100,1.0
q264930,nDCG@10,0.0
q264930,R@100,1.0
q264931,nDCG@10,0.3333333333333333
q264931,R@100,1.0
q264932,nDCG@10,0.0
q264932,R@100,0.0
q264933,nDCG@10,0.0
q264933,R@100,0.0
q264934,nDCG@10,0.0
q264934,R@100,0.0
q264935,nDCG@10,0.0
q264935,R@100,0.0
q264936,nDCG@10,0.0
q264936,R@100,0.0
q264937,nDCG@10,0.0
q264937,R@100,0.0
q264938,nDCG@10,0.0
q264938,R@100,1.0
q264939,nDCG@10,1.0
q264939,R@100,1.0
q264940,nDCG@10,0.0
q264940,R@100,1.0
q264941,nDCG@10,1.0
q264941,R@100,1.0
q264942,nDCG@10,0.0
q264942,R@100,1.0
q264943,nDCG@10,1.0
q264943,R@100,1.0
q264944,nDCG@10,1.0
q264944,R@100,1.0
q264945,nDCG@10,1.0
q264945,R@100,1.0
q264946,nDCG@10,0.0
q264946,R@100,0.0
q264947,nDCG@10,0.0
q264947,R@100,1.0
q264948,nDCG@10,0.0
q264948,R@100,1.0
q264949,nDCG@10,1.0
q264949,R@100,1.0
q264950,nDCG@10,0.0
q264950,R@100,1.0
q264951,nDCG@10,0.5
q264951,R@100,1.0
q264952,nDCG@10,0.0
q264952,R@100,0.0
q264953,nDCG@10,0.0
q264953,R@100,0.0
q264954,nDCG@10,0.0
q264954,R@100,1.0
q264955,nDCG@10,0.0
q264955,R@100,1.0
q264956,nDCG@10,0.0
q264956,R@100,0.0
q264957,nDCG@10,1.0
q264957,R@100,1.0
q264958,nDCG@10,1.0
q264958,R@100,1.0
q264959,nDCG@10,1.0
q264959,R@100,1.0
q264960,nDCG@10,1.0
q264960,R@100,1.0
q264961,nDCG@10,1.0
q264961,R@100,1.0
q264962,nDCG@10,0.43067655807339306
q264962,R@100,1.0
q264963,nDCG@10,0.5
q264963,R@100,1.0
q264964,nDCG@10,1.0
q264964,R@100,1.0
q264965,nDCG@10,1.0
q264965,R@100,1.0
q264966,nDCG@10,0.0
q264966,R@100,0.0
q264967,nDCG@10,0.0
q264967,R@100,0.0
q264968,nDCG@10,0.31546487678572877
q264968,R@100,1.0
q264969,nDCG@10,0.0
q264969,R@100,1.0
q264970,nDCG@10,0.0
q264970,R@100,0.0
q264971,nDCG@10,0.5
q264971,R@100,1.0
q264972,nDCG@10,0.0
q264972,R@100,0.0
q264973,nDCG@10,0.38685280723454163
q264973,R@100,1.0
q264974,nDCG@10,1.0
q264974,R@100,1.0
q264975,nDCG@10,0.3333333333333333
q264975,R@100,1.0
q264976,nDCG@10,0.0
q264976,R@100,0.0
q264977,nDCG@10,1.0
q264977,R@100,1.0
q264978,nDCG@10,0.3333333333333333
q264978,R@100,1.0
q264979,nDCG@10,0.0
q264979,R@100,0.0
q264980,nDCG@10,0.0
q264980,R@100,0.0
q264981,nDCG@10,1.0
q264981,R@100,1.0
q264982,nDCG@10,0.0
q264982,R@100,1.0
q264983,nDCG@10,0.0
q264983,R@100,0.0
q264984,nDCG@10,0.0
q264984,R@100,0.0
q264985,nDCG@10,0.0
q264985,R@100,0.0
q264986,nDCG@10,0.0
q264986,R@100,0.0
q264987,nDCG@10,0.0
q264987,R@100,0.0
q264988,nDCG@10,1.0
q264988,R@100,1.0
q264989,nDCG@10,0.0
q264989,R@100,1.0
q264990,nDCG@10,0.0
q264990,R@100,0.0
q264991,nDCG@10,1.0
q264991,R@100,1.0
q264992,nDCG@10,0.6309297535714575
q264992,R@100,1.0
q264993,nDCG@10,0.43067655807339306
q264993,R@100,1.0
q264994,nDCG@10,0.0
q264994,R@100,0.0
q264995,nDCG@10,0.0
q264995,R@100,0.0
q264996,nDCG@10,0.0
q264996,R@100,0.0
q264997,nDCG@10,0.38685280723454163
q264997,R@100,1.0
q264998,nDCG@10,0.0
q264998,R@100,1.0
q264999,nDCG@10,0.0
q264999,R@100,0.0
q265000,nDCG@10,0.0
q265000,R@100,0.0
q265001,nDCG@10,0.0
q265001,R@100,0.0
q265002,nDCG@10,0.0
q265002,R@100,0.0
q265003,nDCG@10,0.0
q265003,R@100,1.0
q265004,nDCG@10,0.0
q265004,R@100,0.0
q265005,nDCG@10,0.0
q265005,R@100,0.0
q265006,nDCG@10,0.0
q265006,R@100,0.0
q265007,nDCG@10,0.0
q265007,R@100,0.0
q265008,nDCG@10,0.6309297535714575
q265008,R@100,1.0
q265009,nDCG@10,0.6309297535714575
q265009,R@100,1.0
q265010,nDCG@10,1.0
q265010,R@100,1.0
q265011,nDCG@10,0.0
q265011,R@100,1.0
q265012,nDCG@10,1.0
q265012,R@100,1.0
q265013,nDCG@10,0.0
q265013,R@100,1.0
q265014,nDCG@10,0.3333333333333333
q265014,R@100,1.0
q265015,nDCG@10,0.0
q265015,R@100,0.0
q265016,nDCG@10,0.0
q265016,R@100,1.0
q265017,nDCG@10,0.5
q265017,R@100,1.0
q265018,nDCG@10,0.6309297535714575
q265018,R@100,1.0
q265019,nDCG@10,0.0
q265019,R@100,1.0
q265020,nDCG@10,0.0
q265020,R@100,0.0
q265021,nDCG@10,1.0
q265021,R@100,1.0
q265022,nDCG@10,0.0
q265022,R@100,0.0
q265023,nDCG@10,1.0
q265023,R@100,1.0
q265024,nDCG@10,0.0
q265024,R@100,0.0
q265025,nDCG@10,0.0
q265025,R@100,0.0
q265026,nDCG@10,0.0
q265026,R@100,0.0
q265027,nDCG@10,1.0
q265027,R@100,1.0
q265028,nDCG@10,0.0
q265028,R@100,0.0
q265029,nDCG@10,0.0
q265029,R@100,0.0
q265030,nDCG@10,0.0
q265030,R@100,0.0
q265031,nDCG@10,1.0
q265031,R@100,1.0
q265032,nDCG@10,0.0
q265032,R@100,0.0
q265033,nDCG@10,0.0
q265033,R@100,1.0
q265034,nDCG@10,1.0
q265034,R@100,1.0
q265035,nDCG@10,0.0
q265035,R@100,1.0
q265036,nDCG@10,0.0
q265036,R@100,0.0
q265037,nDCG@10,0.0
q265037,R@100,0.0
q265038,nDCG@10,0.0
q265038,R@100,0.0
q265039,nDCG@10,0.0
q265039,R@100,0.0
q265040,nDCG@10,0.0
q265040,R@100,0.0
q265041,nDCG@10,0.0
q265041,R@100,0.0
q265042,nDCG@10,1.0
q265042,R@100,1.0
q265043,nDCG@10,1.0
q265043,R@100,1.0
q265044,nDCG@10,0.0
q265044,R@100,0.0
q265045,nDCG@10,0.0
q265045,R@100,0.0
q265046,nDCG@10,0.0
q265046,R@100,0.0
q265047,nDCG@10,1.0
q265047,R@100,1.0
q265048,nDCG@10,0.0
q265048,R@100,0.0
q265049,nDCG@10,1.0
q265049,R@100,1.0
q265050,nDCG@10,0.43067655807339306
q265050,R@100,1.0
q265051,nDCG@10,0.6309297535714575
q265051,R@100,1.0
q265052,nDCG@10,0.0
q265052,R@100,0.0
q265053,nDCG@10,1.0
q265053,R@100,1.0
q265054,nDCG@10,1.0
q265054,R@100,1.0
q265055,nDCG@10,1.0
q265055,R@100,1.0
q265056,nDCG@10,0.5
q265056,R@100,1.0
q265057,nDCG@10,0.0
q265057,R@100,0.0
q265058,nDCG@10,0.38685280723454163
q265058,R@100,1.0
q265059,nDCG@10,0.5
q265059,R@100,1.0
q265060,nDCG@10,0.31546487678572877
q265060,R@100,1.0
q265061,nDCG@10,0.6309297535714575
q265061,R@100,1.0
q265062,nDCG@10,0.6309297535714575
q265062,R@100,1.0
q265063,nDCG@10,1.0
q265063,R@100,1.0
q265064,nDCG@10,0.0
q265064,R@100,1.0
q265065,nDCG@10,1.0
q265065,R@100,1.0
q265066,nDCG@10,1.0
q265066,R@100,1.0
q265067,nDCG@10,0.2890648263178879
q265067,R@100,1.0
q265068,nDCG@10,0.0
q265068,R@100,0.0
q265069,nDCG@10,0.38685280723454163
q265069,R@100,1.0
q265070,nDCG@10,1.0
q265070,R@100,1.0
q265071,nDCG@10,0.0
q265071,R@100,1.0
q265072,nDCG@10,1.0
q265072,R@100,1.0
q265073,nDCG@10,1.0
q265073,R@100,1.0
q265074,nDCG@10,0.6309297535714575
q265074,R@100,1.0
q265075,nDCG@10,0.2890648263178879
q265075,R@100,1.0
q265076,nDCG@10,1.0
q265076,R@100,1.0
q265077,nDCG@10,0.0
q265077,R@100,0.0
q265078,nDCG@10,0.0
q265078,R@100,0.0
q265079,nDCG@10,0.0
q265079,R@100,0.0
q265080,nDCG@10,0.0
q265080,R@100,0.0
q265081,nDCG@10,0.3333333333333333
q265081,R@100,1.0
q265082,nDCG@10,0.3562071871080222
q265082,R@100,1.0
q265083,nDCG@10,0.0
q265083,R@100,0.0
q265084,nDCG@10,1.0
q265084,R@100,1.0
q265085,nDCG@10,0.0
q265085,R@100,0.0
q265086,nDCG@10,1.0
q265086,R@100,1.0
q265087,nDCG@10,0.0
q265087,R@100,0.0
q265088,nDCG@10,1.0
q265088,R@100,1.0
q265089,nDCG@10,0.0
q265089,R@100,0.0
q265090,nDCG@10,1.0
q265090,R@100,1.0
q265091,nDCG@10,0.0
q265091,R@100,1.0
q265092,nDCG@10,0.0
q265092,R@100,0.0
q265093,nDCG@10,1.0
q265093,R@100,1.0
q265094,nDCG@10,1.0
q265094,R@100,1.0
q265095,nDCG@10,0.6309297535714575
q265095,R@100,1.0
q265096,nDCG@10,0.5
q265096,R@100,1.0
q265097,nDCG@10,0.0
q265097,R@100,0.0
q265098,nDCG@10,1.0
q265098,R@100,1.0
q265099,nDCG@10,1.0
q265099,R@100,1.0
q265100,nDCG@10,0.0
q265100,R@100,0.0
q265101,nDCG@10,0.0
q265101,R@100,1.0
q265102,nDCG@10,1.0
q265102,R@100,1.0
q265103,nDCG@10,1.0
q265103,R@100,1.0
q265104,nDCG@10,1.0
q265104,R@100,1.0
q265105,nDCG@10,1.0
q265105,R@100,1.0
q265106,nDCG@10,0.6309297535714575
q265106,R@100,1.0
q265107,nDCG@10,0.6309297535714575
q265107,R@100,1.0
q265108,nDCG@10,1.0
q265108,R@100,1.0
q265109,nDCG@10,0.6309297535714575
q265109,R@100,1.0
q265110,nDCG@10,0.5
q265110,R@100,1.0
q265111,nDCG@10,1.0
q265111,R@100,1.0
q265112,nDCG@10,1.0
q265112,R@100,1.0
q265113,nDCG@10,0.31546487678572877
q265113,R@100,1.0
q265114,nDCG@10,0.0
q265114,R@100,1.0
q265115,nDCG@10,0.0
q265115,R@100,0.0
q265116,nDCG@10,1.0
q265116,R@100,1.0
q265117,nDCG@10,0.0
q265117,R@100,1.0
q265118,nDCG@10,0.0
q265118,R@100,1.0
q265119,nDCG@10,1.0
q265119,R@100,1.0
q265120,nDCG@10,0.0
q265120,R@100,0.0
q265121,nDCG@10,1.0
q265121,R@100,1.0
q265122,nDCG@10,0.0
q265122,R@100,1.0
q265123,nDCG@10,0.6309297535714575
q265123,R@100,1.0
q265124,nDCG@10,0.0
q265124,R@100,1.0
q265125,nDCG@10,0.3562071871080222
q265125,R@100,1.0
q265126,nDCG@10,0.43067655807339306
q265126,R@100,1.0
q265127,nDCG@10,1.0
q265127,R@100,1.0
q265128,nDCG@10,0.0
q265128,R@100,0.0
q265129,nDCG@10,0.0
q265129,R@100,0.0
q265130,nDCG@10,0.0
q265130,R@100,0.0
q265131,nDCG@10,0.0
q265131,R@100,1.0
q265132,nDCG@10,0.0
q265132,R@100,1.0
q265133,nDCG@10,0.6309297535714575
q265133,R@100,1.0
q265134,nDCG@10,0.0
q265134,R@100,0.0
q265135,nDCG@10,0.0
q265135,R@100,0.0
q265136,nDCG@10,0.3562071871080222
q265136,R@100,1.0
q265137,nDCG@10,0.0
q265137,R@100,0.0
q265138,nDCG@10,0.0
q265138,R@100,0.0
q265139,nDCG@10,0.0
q265139,R@100,0.0
q265140,nDCG@10,0.0
q265140,R@100,1.0
q265141,nDCG@10,0.0
q265141,R@100,1.0
q265142,nDCG@10,0.0
q265142,R@100,1.0
q265143,nDCG@10,1.0
q265143,R@100,1.0
q265144,nDCG@10,0.0
q265144,R@100,1.0
q265145,nDCG@10,1.0
q265145,R@100,1.0
q265146,nDCG@10,0.0
q265146,R@100,0.0
q265147,nDCG@10,1.0
q265147,R@100,1.0
q265148,nDCG@10,1.0
q265148,R@100,1.0
q265149,nDCG@10,1.0
q265149,R@100,1.0
q265150,nDCG@10,0.0
q265150,R@100,1.0
q265151,nDCG@10,0.0
q265151,R@100,0.0
q265152,nDCG@10,0.0
q265152,R@100,0.0
q265153,nDCG@10,0.0
q265153,R@100,0.0
q265154,nDCG@10,0.0
q265154,R@100,0.0
q265155,nDCG@10,0.0
q265155,R@100,0.0
q265156,nDCG@10,0.6309297535714575
q265156,R@100,1.0
q265157,nDCG@10,0.0
q265157,R@100,0.0
q265158,nDCG@10,0.0
q265158,R@100,1.0
q265159,nDCG@10,0.0
q265159,R@100,1.0
q265160,nDCG@10,0.0
q265160,R@100,1.0
q265161,nDCG@10,0.0
q265161,R@100,1.0
q265162,nDCG@10,0.0
q265162,R@100,0.0
q265163,nDCG@10,0.0
q265163,R@100,0.0
q265164,nDCG@10,0.0
q265164,R@100,0.0
q265165,nDCG@10,0.38685280723454163
q265165,R@100,1.0
q265166,nDCG@10,0.38685280723454163
q265166,R@100,1.0
q265167,nDCG@10,0.0
q265167,R@100,1.0
q265168,nDCG@10,0.6309297535714575
q265168,R@100,1.0
q265169,nDCG@10,1.0
q265169,R@100,1.0
q265170,nDCG@10,0.0
q265170,R@100,0.0
q265171,nDCG@10,0.0
q265171,R@100,0.0
q265172,nDCG@10,0.38685280723454163
q265172,R@100,1.0
q265173,nDCG@10,1.0
q265173,R@100,1.0
q265174,nDCG@10,1.0
q265174,R@100,1.0
q265175,nDCG@10,1.0
q265175,R@100,1.0
q265176,nDCG@10,0.0
q265176,R@100,1.0
q265177,nDCG@10,0.0
q265177,R@100,1.0
q265178,nDCG@10,0.6309297535714575
q265178,R@100,1.0
q265179,nDCG@10,1.0
q265179,R@100,1.0
q265180,nDCG@10,1.0
q265180,R@100,1.0
q265181,nDCG@10,1.0
q265181,R@100,1.0
q265182,nDCG@10,0.0
q265182,R@100,0.0
q265183,nDCG@10,0.0
q265183,R@100,0.0
q265184,nDCG@10,1.0
q265184,R@100,1.0
q265185,nDCG@10,1.0
q265185,R@100,1.0
q265186,nDCG@10,0.0
q265186,R@100,0.0
q265187,nDCG@10,0.0
q265187,R@100,0.0
q265188,nDCG@10,0.5
q265188,R@100,1.0
q265189,nDCG@10,0.0
q265189,R@100,0.0
q265190,nDCG@10,0.0
q265190,R@100,0.0
q265191,nDCG@10,0.0
q265191,R@100,1.0
q265192,nDCG@10,0.0
q265192,R@100,1.0
q265193,nDCG@10,1.0
q265193,R@100,1.0
q265194,nDCG@10,0.0
q265194,R@100,0.0
q265195,nDCG@10,0.0
q265195,R@100,0.0
q265196,nDCG@10,0.0
q265196,R@100,0.0
q265197,nDCG@10,0.2890648263178879
q265197,R@100,1.0
q265198,nDCG@10,0.0
q265198,R@100,0.0
q265199,nDCG@10,0.0
q265199,R@100,1.0
q265200,nDCG@10,0.0
q265200,R@100,0.0
q265201,nDCG@10,0.0
q265201,R@100,0.0
q265202,nDCG@10,0.0
q265202,R@100,0.0
q265203,nDCG@10,0.0
q265203,R@100,0.0
q265204,nDCG@10,0.0
q265204,R@100,1.0
q265205,nDCG@10,0.0
q265205,R@100,1.0
q265206,nDCG@10,1.0
q265206,R@100,1.0
q265207,nDCG@10,0.0
q265207,R@100,0.0
q265208,nDCG@10,0.0
q265208,R@100,0.0
q265209,nDCG@10,0.0
q265209,R@100,0.0
q265210,nDCG@10,0.0
q265210,R@100,1.0
q265211,nDCG@10,0.6309297535714575
q265211,R@100,1.0
q265212,nDCG@10,1.0
q265212,R@100,1.0
q265213,nDCG@10,0.0
q265213,R@100,0.0
q265214,nDCG@10,1.0
q265214,R@100,1.0
q265215,nDCG@10,1.0
q265215,R@100,1.0
q265216,nDCG@10,0.0
q265216,R@100,0.0
q265217,nDCG@10,0.0
q265217,R@100,1.0
q265218,nDCG@10,0.0
q265218,R@100,0.0
q265219,nDCG@10,0.3562071871080222
q265219,R@100,1.0
q265220,nDCG@10,0.0
q265220,R@100,0.0
q265221,nDCG@10,0.0
q265221,R@100,0.0
q265222,nDCG@10,0.0
q265222,R@100,0.0
q265223,nDCG@10,1.0
q265223,R@100,1.0
q265224,nDCG@10,1.0
q265224,R@100,1.0
q265225,nDCG@10,1.0
q265225,R@100,1.0
q265226,nDCG@10,1.0
q265226,R@100,1.0
q265227,nDCG@10,0.0
q265227,R@100,0.0
q265228,nDCG@10,0.0
q265228,R@100,0.0
q265229,nDCG@10,0.0
q265229,R@100,1.0
q265230,nDCG@10,0.0
q265230,R@100,0.0
q265231,nDCG@10,0.0
q265231,R@100,0.0
q265232,nDCG@10,0.31546487678572877
q265232,R@100,1.0
q265233,nDCG@10,0.0
q265233,R@100,1.0
q265234,nDCG@10,0.0
q265234,R@100,0.0
q265235,nDCG@10,0.0
q265235,R@100,1.0
q265236,nDCG@10,0.0
q265236,R@100,0.0
q265237,nDCG@10,0.0
q265237,R@100,0.0
q265238,nDCG@10,1.0
q265238,R@100,1.0
q265239,nDCG@10,0.0
q265239,R@100,0.0
q265240,nDCG@10,0.0
q265240,R@100,0.0
q265241,nDCG@10,0.3562071871080222
q265241,R@100,1.0
q265242,nDCG@10,0.0
q265242,R@100,1.0
q265243,nDCG@10,0.0
q265243,R@100,1.0
q265244,nDCG@10,1.0
q265244,R@100,1.0
q265245,nDCG@10,0.0
q265245,R@100,0.0
q265246,nDCG@10,0.0
q265246,R@100,0.0
q265247,nDCG@10,0.0
q265247,R@100,0.0
q265248,nDCG@10,1.0
q265248,R@100,1.0
q265249,nDCG@10,0.0
q265249,R@100,0.0
q265250,nDCG@10,0.0
q265250,R@100,1.0
q265251,nDCG@10,0.0
q265251,R@100,1.0
q265252,nDCG@10,0.6309297535714575
q265252,R@100,1.0
q265253,nDCG@10,1.0
q265253,R@100,1.0
q265254,nDCG@10,1.0
q265254,R@100,1.0
q265255,nDCG@10,0.0
q265255,R@100,0.0
q265256,nDCG@10,1.0
q265256,R@100,1.0
q265257,nDCG@10,1.0
q265257,R@100,1.0
q265258,nDCG@10,1.0
q265258,R@100,1.0
q265259,nDCG@10,0.0
q265259,R@100,1.0
q265260,nDCG@10,0.0
q265260,R@100,1.0
q265261,nDCG@10,0.31546487678572877
q265261,R@100,1.0
q265262,nDCG@10,0.3562071871080222
q265262,R@100,1.0
q265263,nDCG@10,0.3010299956639812
q265263,R@100,1.0
q265264,nDCG@10,0.0
q265264,R@100,1.0
q265265,nDCG@10,0.0
q265265,R@100,1.0
q265266,nDCG@10,0.0
q265266,R@100,1.0
q265267,nDCG@10,0.0
q265267,R@100,1.0
q265268,nDCG@10,1.0
q265268,R@100,1.0
q265269,nDCG@10,0.6309297535714575
q265269,R@100,1.0
q265270,nDCG@10,0.0
q265270,R@100,1.0
q265271,nDCG@10,0.2890648263178879
q265271,R@100,1.0
q265272,nDCG@10,0.0
q265272,R@100,0.0
q265273,nDCG@10,0.0
q265273,R@100,0.0
q265274,nDCG@10,0.0
q265274,R@100,0.0
q265275,nDCG@10,0.6309297535714575
q265275,R@100,1.0
q265276,nDCG@10,0.0
q265276,R@100,0.0
q265277,nDCG@10,0.2890648263178879
q265277,R@100,1.0
q265278,nDCG@10,0.0
q265278,R@100,1.0
q265279,nDCG@10,1.0
q265279,R@100,1.0
q265280,nDCG@10,0.0
q265280,R@100,0.0
q265281,nDCG@10,0.0
q265281,R@100,1.0
q265282,nDCG@10,0.3010299956639812
q265282,R@100,1.0
q265283,nDCG@10,0.0
q265283,R@100,1.0
q265284,nDCG@10,0.0
q265284,R@100,0.0
q265285,nDCG@10,0.0
q265285,R@100,1.0
q265286,nDCG@10,0.38685280723454163
q265286,R@100,1.0
q265287,nDCG@10,0.6309297535714575
q265287,R@100,1.0
q265288,nDCG@10,0.0
q265288,R@100,1.0
q265289,nDCG@10,0.0
q265289,R@100,0.0
q265290,nDCG@10,1.0
q265290,R@100,1.0
q265291,nDCG@10,0.0
q265291,R@100,1.0
q265292,nDCG@10,0.0
q265292,R@100,0.0
q265293,nDCG@10,0.0
q265293,R@100,1.0
q265294,nDCG@10,0.0
q265294,R@100,1.0
q265295,nDCG@10,1.0
q265295,R@100,1.0
q265296,nDCG@10,0.6309297535714575
q265296,R@100,1.0
q265297,nDCG@10,0.6309297535714575
q265297,R@100,1.0
q265298,nDCG@10,0.0
q265298,R@100,1.0
q265299,nDCG@10,0.6309297535714575
q265299,R@100,1.0
q265300,nDCG@10,0.43067655807339306
q265300,R@100,1.0
q265301,nDCG@10,1.0
q265301,R@100,1.0
q265302,nDCG@10,0.6309297535714575
q265302,R@100,1.0
q265303,nDCG@10,0.38685280723454163
q265303,R@100,1.0
q265304,nDCG@10,0.0
q265304,R@100,0.0
q265305,nDCG@10,0.0
q265305,R@100,0.0
q265306,nDCG@10,0.3562071871080222
q265306,R@100,1.0
q265307,nDCG@10,0.0
q265307,R@100,0.0
q265308,nDCG@10,0.0
q265308,R@100,1.0
q265309,nDCG@10,0.0
q265309,R@100,0.0
q265310,nDCG@10,0.0
q265310,R@100,0.0
q265311,nDCG@10,0.0
q265311,R@100,1.0
q265312,nDCG@10,0.0
q265312,R@100,1.0
q265313,nDCG@10,0.0
q265313,R@100,1.0
q265314,nDCG@10,0.6309297535714575
q265314,R@100,1.0
q265315,nDCG@10,0.0
q265315,R@100,0.0
q265316,nDCG@10,0.0
q265316,R@100,0.0
q265317,nDCG@10,0.0
q265317,R@100,0.0
q265318,nDCG@10,0.0
q265318,R@100,1.0
q265319,nDCG@10,0.5
q265319,R@100,1.0
q265320,nDCG@10,1.0
q265320,R@100,1.0
q265321,nDCG@10,0.6309297535714575
q265321,R@100,1.0
q265322,nDCG@10,0.0
q265322,R@100,0.0
q265323,nDCG@10,0.0
q265323,R@100,0.0
q265324,nDCG@10,0.0
q265324,R@100,1.0
q265325,nDCG@10,0.0
q265325,R@100,0.0
q265326,nDCG@10,0.0
q265326,R@100,0.0
q265327,nDCG@10,0.0
q265327,R@100,0.0
q265328,nDCG@10,0.0
q265328,R@100,0.0
q265329,nDCG@10,0.0
q265329,R@100,0.0
q265330,nDCG@10,0.0
q265330,R@100,0.0
q265331,nDCG@10,0.0
q265331,R@100,0.0
q265332,nDCG@10,1.0
q265332,R@100,1.0
q265333,nDCG@10,1.0
q265333,R@100,1.0
q265334,nDCG@10,1.0
q265334,R@100,1.0
q265335,nDCG@10,0.38685280723454163
q265335,R@100,1.0
q265336,nDCG@10,0.0
q265336,R@100,1.0
q265337,nDCG@10,1.0
q265337,R@100,1.0
q265338,nDCG@10,0.0
q265338,R@100,0.0
q265339,nDCG@10,0.0
q265339,R@100,0.0
q265340,nDCG@10,0.0
q265340,R@100,1.0
q265341,nDCG@10,0.0
q265341,R@100,0.0
q265342,nDCG@10,0.0
q265342,R@100,0.0
q265343,nDCG@10,1.0
q265343,R@100,1.0
q265344,nDCG@10,0.0
q265344,R@100,0.0
q265345,nDCG@10,0.6309297535714575
q265345,R@100,1.0
q265346,nDCG@10,0.0
q265346,R@100,0.0
q265347,nDCG@10,0.0
q265347,R@100,0.0
q265348,nDCG@10,0.0
q265348,R@100,0.0
q265349,nDCG@10,0.0
q265349,R@100,1.0
q265350,nDCG@10,0.0
q265350,R@100,1.0
q265351,nDCG@10,0.0
q265351,R@100,1.0
q265352,nDCG@10,0.6309297535714575
q265352,R@100,1.0
q265353,nDCG@10,1.0
q265353,R@100,1.0
q265354,nDCG@10,0.5
q265354,R@100,1.0
q265355,nDCG@10,0.3010299956639812
q265355,R@100,1.0
q265356,nDCG@10,1.0
q265356,R@100,1.0
q265357,nDCG@10,1.0
q265357,R@100,1.0
q265358,nDCG@10,1.0
q265358,R@100,1.0
q265359,nDCG@10,0.3010299956639812
q265359,R@100,1.0
q265360,nDCG@10,0.6309297535714575
q265360,R@100,1.0
q265361,nDCG@10,0.0
q265361,R@100,0.0
q265362,nDCG@10,1.0
q265362,R@100,1.0
q265363,nDCG@10,0.38685280723454163
q265363,R@100,1.0
q265364,nDCG@10,0.0
q265364,R@100,1.0
q265365,nDCG@10,1.0
q265365,R@100,1.0
q265366,nDCG@10,0.0
q265366,R@100,0.0
q265367,nDCG@10,1.0
q265367,R@100,1.0
q265368,nDCG@10,0.0
q265368,R@100,0.0
q265369,nDCG@10,0.0
q265369,R@100,0.0
q265370,nDCG@10,0.0
q265370,R@100,0.0
q265371,nDCG@10,0.0
q265371,R@100,0.0
q265372,nDCG@10,1.0
q265372,R@100,1.0
q265373,nDCG@10,0.0
q265373,R@100,1.0
q265374,nDCG@10,1.0
q265374,R@100,1.0
q265375,nDCG@10,0.0
q265375,R@100,0.0
q265376,nDCG@10,0.43067655807339306
q265376,R@100,1.0
q265377,nDCG@10,0.0
q265377,R@100,0.0
q265378,nDCG@10,0.43067655807339306
q265378,R@100,1.0
q265379,nDCG@10,1.0
q265379,R@100,1.0
q265380,nDCG@10,1.0
q265380,R@100,1.0
q265381,nDCG@10,1.0
q265381,R@100,1.0
q265382,nDCG@10,0.0
q265382,R@100,0.0
q265383,nDCG@10,0.6309297535714575
q265383,R@100,1.0
q265384,nDCG@10,0.0
q265384,R@100,1.0
q265385,nDCG@10,1.0
q265385,R@100,1.0
q265386,nDCG@10,1.0
q265386,R@100,1.0
q265387,nDCG@10,0.0
q265387,R@100,1.0
q265388,nDCG@10,0.6309297535714575
q265388,R@100,1.0
q265389,nDCG@10,0.5
q265389,R@100,1.0
q265390,nDCG@10,1.0
q265390,R@100,1.0
q265391,nDCG@10,1.0
q265391,R@100,1.0
q265392,nDCG@10,1.0
q265392,R@100,1.0
q265393,nDCG@10,0.5
q265393,R@100,1.0
q265394,nDCG@10,0.0
q265394,R@100,1.0
q265395,nDCG@10,0.0
q265395,R@100,0.0
q265396,nDCG@10,1.0
q265396,R@100,1.0
q265397,nDCG@10,0.38685280723454163
q265397,R@100,1.0
q265398,nDCG@10,0.43067655807339306
q265398,R@100,1.0
q265399,nDCG@10,0.0
q265399,R@100,0.0
q265400,nDCG@10,0.0
q265400,R@100,0.0
q265401,nDCG@10,0.0
q265401,R@100,0.0
q265402,nDCG@10,0.0
q265402,R@100,0.0
q265403,nDCG@10,0.0
q265403,R@100,0.0
q265404,nDCG@10,0.5
q265404,R@100,1.0
q265405,nDCG@10,0.0
q265405,R@100,1.0
q265406,nDCG@10,1.0
q265406,R@100,1.0
q265407,nDCG@10,0.6309297535714575
q265407,R@100,1.0
q265408,nDCG@10,0.6309297535714575
q265408,R@100,1.0
q265409,nDCG@10,0.38685280723454163
q265409,R@100,1.0
q265410,nDCG@10,0.6309297535714575
q265410,R@100,1.0
q265411,nDCG@10,0.0
q265411,R@100,0.0
q265412,nDCG@10,0.0
q265412,R@100,0.0
q265413,nDCG@10,0.0
q265413,R@100,0.0
q265414,nDCG@10,0.0
q265414,R@100,0.0
q265415,nDCG@10,0.0
q265415,R@100,1.0
q265416,nDCG@10,0.0
q265416,R@100,0.0
q265417,nDCG@10,0.43067655807339306
q265417,R@100,1.0
q265418,nDCG@10,0.43067655807339306
q265418,R@100,1.0
q265419,nDCG@10,1.0
q265419,R@100,1.0
q265420,nDCG@10,0.0
q265420,R@100,1.0
q265421,nDCG@10,1.0
q265421,R@100,1.0
q265422,nDCG@10,1.0
q265422,R@100,1.0
q265423,nDCG@10,1.0
q265423,R@100,1.0
q265424,nDCG@10,1.0
q265424,R@100,1.0
q265425,nDCG@10,0.0
q265425,R@100,0.0
q265426,nDCG@10,0.5
q265426,R@100,1.0
q265427,nDCG@10,1.0
q265427,R@100,1.0
q265428,nDCG@10,0.5
q265428,R@100,1.0
q265429,nDCG@10,0.3562071871080222
q265429,R@100,1.0
q265430,nDCG@10,0.0
q265430,R@100,1.0
q265431,nDCG@10,0.0
q265431,R@100,0.0
q265432,nDCG@10,0.0
q265432,R@100,0.0
q265433,nDCG@10,0.3562071871080222
q265433,R@100,1.0
q265434,nDCG@10,0.0
q265434,R@100,0.0
q265435,nDCG@10,0.0
q265435,R@100,1.0
q265436,nDCG@10,1.0
q265436,R@100,1.0
q265437,nDCG@10,1.0
q265437,R@100,1.0
q265438,nDCG@10,1.0
q265438,R@100,1.0
q265439,nDCG@10,1.0
q265439,R@100,1.0
q265440,nDCG@10,0.0
q265440,R@100,0.0
q265441,nDCG@10,1.0
q265441,R@100,1.0
q265442,nDCG@10,0.0
q265442,R@100,0.0
q265443,nDCG@10,1.0
q265443,R@100,1.0
q265444,nDCG@10,0.0
q265444,R@100,0.0
q265445,nDCG@10,1.0
q265445,R@100,1.0
q265446,nDCG@10,0.0
q265446,R@100,0.0
q265447,nDCG@10,0.0
q265447,R@100,0.0
q265448,nDCG@10,1.0
q265448,R@100,1.0
q265449,nDCG@10,0.5
q265449,R@100,1.0
q265450,nDCG@10,0.0
q265450,R@100,0.0
q265451,nDCG@10,0.0
q265451,R@100,0.0
q265452,nDCG@10,1.0
q265452,R@100,1.0
q265453,nDCG@10,1.0
q265453,R@100,1.0
q265454,nDCG@10,0.0
q265454,R@100,0.0
q265455,nDCG@10,0.0
q265455,R@100,0.0
q265456,nDCG@10,1.0
q265456,R@100,1.0
q265457,nDCG@10,1.0
q265457,R@100,1.0
q265458,nDCG@10,0.0
q265458,R@100,1.0
q265459,nDCG@10,0.0
q265459,R@100,0.0
q265460,nDCG@10,0.0
q265460,R@100,0.0
q265461,nDCG@10,0.5
q265461,R@100,1.0
q265462,nDCG@10,0.0
q265462,R@100,0.0
q265463,nDCG@10,0.0
q265463,R@100,0.0
q265464,nDCG@10,0.0
q265464,R@100,0.0
q265465,nDCG@10,0.0
q265465,R@100,0.0
q265466,nDCG@10,0.0
q265466,R@100,0.0
q265467,nDCG@10,0.0
q265467,R@100,0.0
q265468,nDCG@10,0.0
q265468,R@100,0.0
q265469,nDCG@10,0.43067655807339306
q265469,R@100,1.0
q265470,nDCG@10,0.31546487678572877
q265470,R@100,1.0
q265471,nDCG@10,0.0
q265471,R@100,1.0
q265472,nDCG@10,0.6309297535714575
q265472,R@100,1.0
q265473,nDCG@10,0.0
q265473,R@100,0.0
q265474,nDCG@10,0.5
q265474,R@100,1.0
q265475,nDCG@10,0.6309297535714575
q265475,R@100,1.0
q265476,nDCG@10,0.3562071871080222
q265476,R@100,1.0
q265477,nDCG@10,1.0
q265477,R@100,1.0
q265478,nDCG@10,0.0
q265478,R@100,1.0
q265479,nDCG@10,0.0
q265479,R@100,1.0
q265480,nDCG@10,1.0
q265480,R@100,1.0
q265481,nDCG@10,1.0
q265481,R@100,1.0
q265482,nDCG@10,0.0
q265482,R@100,0.0
q265483,nDCG@10,1.0
q265483,R@100,1.0
q265484,nDCG@10,1.0
q265484,R@100,1.0
q265485,nDCG@10,1.0
q265485,R@100,1.0
q265486,nDCG@10,0.0
q265486,R@100,0.0
q265487,nDCG@10,0.0
q265487,R@100,0.0
q265488,nDCG@10,0.0
q265488,R@100,0.0
q265489,nDCG@10,1.0
q265489,R@100,1.0
q265490,nDCG@10,1.0
q265490,R@100,1.0
q265491,nDCG@10,1.0
q265491,R@100,1.0
q265492,nDCG@10,0.0
q265492,R@100,0.0
q265493,nDCG@10,0.0
q265493,R@100,0.0
q265494,nDCG@10,0.0
q265494,R@100,0.0
q265495,nDCG@10,0.0
q265495,R@100,0.0
q265496,nDCG@10,0.0
q265496,R@100,0.0
q265497,nDCG@10,1.0
q265497,R@100,1.0
q265498,nDCG@10,1.0
q265498,R@100,1.0
q265499,nDCG@10,1.0
q265499,R@100,1.0
q265500,nDCG@10,1.0
q265500,R@100,1.0
q265501,nDCG@10,0.0
q265501,R@100,0.0
q265502,nDCG@10,0.0
q265502,R@100,0.0
q265503,nDCG@10,0.0
q265503,R@100,0.0
q265504,nDCG@10,0.0
q265504,R@100,0.0
q265505,nDCG@10,0.0
q265505,R@100,0.0
q265506,nDCG@10,0.0
q265506,R@100,0.0
q265507,nDCG@10,0.0
q265507,R@100,0.0
q265508,nDCG@10,0.0
q265508,R@100,0.0
q265509,nDCG@10,0.0
q265509,R@100,1.0
q265510,nDCG@10,0.0
q265510,R@100,0.0
q265511,nDCG@10,0.5
q265511,R@100,1.0
q265512,nDCG@10,0.6309297535714575
q265512,R@100,1.0
q265513,nDCG@10,0.0
q265513,R@100,1.0
q265514,nDCG@10,0.0
q265514,R@100,1.0
q265515,nDCG@10,0.0
q265515,R@100,0.0
q265516,nDCG@10,1.0
q265516,R@100,1.0
q265517,nDCG@10,0.0
q265517,R@100,0.0
q265518,nDCG@10,1.0
q265518,R@100,1.0
q265519,nDCG@10,0.3562071871080222
q265519,R@100,1.0
q265520,nDCG@10,0.0
q265520,R@100,0.0
q265521,nDCG@10,0.0
q265521,R@100,0.0
q265522,nDCG@10,0.0
q265522,R@100,1.0
q265523,nDCG@10,0.0
q265523,R@100,1.0
q265524,nDCG@10,0.6309297535714575
q265524,R@100,1.0
q265525,nDCG@10,1.0
q265525,R@100,1.0
q265526,nDCG@10,1.0
q265526,R@100,1.0
q265527,nDCG@10,0.0
q265527,R@100,1.0
q265528,nDCG@10,0.0
q265528,R@100,0.0
q265529,nDCG@10,0.0
q265529,R@100,1.0
q265530,nDCG@10,0.0
q265530,R@100,1.0
q265531,nDCG@10,1.0
q265531,R@100,1.0
q265532,nDCG@10,0.0
q265532,R@100,0.0
q265533,nDCG@10,1.0
q265533,R@100,1.0
q265534,nDCG@10,0.0
q265534,R@100,0.0
q265535,nDCG@10,0.0
q265535,R@100,1.0
q265536,nDCG@10,0.0
q265536,R@100,1.0
q265537,nDCG@10,1.0
q265537,R@100,1.0
q265538,nDCG@10,0.38685280723454163
q265538,R@100,1.0
q265539,nDCG@10,0.0
q265539,R@100,1.0
q265540,nDCG@10,0.0
q265540,R@100,0.0
q265541,nDCG@10,0.0
q265541,R@100,1.0
q265542,nDCG@10,0.6309297535714575
q265542,R@100,1.0
q265543,nDCG@10,1.0
q265543,R@100,1.0
q265544,nDCG@10,0.6309297535714575
q265544,R@100,1.0
q265545,nDCG@10,0.0
q265545,R@100,0.0
q265546,nDCG@10,0.0
q265546,R@100,0.0
q265547,nDCG@10,1.0
q265547,R@100,1.0
q265548,nDCG@10,1.0
q265548,R@100,1.0
q265549,nDCG@10,0.0
q265549,R@100,1.0
q265550,nDCG@10,0.0
q265550,R@100,0.0
q265551,nDCG@10,1.0
q265551,R@100,1.0
q265552,nDCG@10,0.6309297535714575
q265552,R@100,1.0
q265553,nDCG@10,1.0
q265553,R@100,1.0
q265554,nDCG@10,0.0
q265554,R@100,0.0
q265555,nDCG@10,0.3333333333333333
q265555,R@100,1.0
q265556,nDCG@10,0.0
q265556,R@100,0.0
q265557,nDCG@10,0.0
q265557,R@100,1.0
q265558,nDCG@10,0.5
q265558,R@100,1.0
q265559,nDCG@10,0.0
q265559,R@100,1.0
q265560,nDCG@10,0.6309297535714575
q265560,R@100,1.0
q265561,nDCG@10,0.0
q265561,R@100,0.0
q265562,nDCG@10,0.43067655807339306
q265562,R@100,1.0
q265563,nDCG@10,0.0
q265563,R@100,1.0
q265564,nDCG@10,1.0
q265564,R@100,1.0
q265565,nDCG@10,0.0
q265565,R@100,1.0
q265566,nDCG@10,0.43067655807339306
q265566,R@100,1.0
q265567,nDCG@10,1.0
q265567,R@100,1.0
q265568,nDCG@10,1.0
q265568,R@100,1.0
q265569,nDCG@10,0.0
q265569,R@100,0.0
q265570,nDCG@10,0.0
q265570,R@100,0.0
q265571,nDCG@10,0.0
q265571,R@100,0.0
q265572,nDCG@10,0.0
q265572,R@100,1.0
q265573,nDCG@10,0.0
q265573,R@100,0.0
q265574,nDCG@10,0.0
q265574,R@100,0.0
q265575,nDCG@10,0.0
q265575,R@100,1.0
q265576,nDCG@10,0.0
q265576,R@100,0.0
q265577,nDCG@10,0.6309297535714575
q265577,R@100,1.0
q265578,nDCG@10,0.0
q265578,R@100,0.0
q265579,nDCG@10,0.0
q265579,R@100,1.0
q265580,nDCG@10,0.0
q265580,R@100,0.0
q265581,nDCG@10,0.0
q265581,R@100,1.0
q265582,nDCG@10,1.0
q265582,R@100,1.0
q265583,nDCG@10,0.5
q265583,R@100,1.0
q265584,nDCG@10,0.0
q265584,R@100,1.0
q265585,nDCG@10,0.0
q265585,R@100,1.0
q265586,nDCG@10,0.0
q265586,R@100,1.0
q265587,nDCG@10,0.0
q265587,R@100,0.0
q265588,nDCG@10,0.0
q265588,R@100,0.0
q265589,nDCG@10,0.0
q265589,R@100,0.0
q265590,nDCG@10,0.5
q265590,R@100,1.0
q265591,nDCG@10,0.0
q265591,R@100,1.0
q265592,nDCG@10,1.0
q265592,R@100,1.0
q265593,nDCG@10,1.0
q265593,R@100,1.0
q265594,nDCG@10,0.6309297535714575
q265594,R@100,1.0
q265595,nDCG@10,0.0
q265595,R@100,1.0
q265596,nDCG@10,0.0
q265596,R@100,0.0
q265597,nDCG@10,0.0
q265597,R@100,0.0
q265598,nDCG@10,1.0
q265598,R@100,1.0
q265599,nDCG@10,0.0
q265599,R@100,0.0
q265600,nDCG@10,0.0
q265600,R@100,0.0
q265601,nDCG@10,0.0
q265601,R@100,0.0
q265602,nDCG@10,0.0
q265602,R@100,0.0
q265603,nDCG@10,0.0
q265603,R@100,0.0
q265604,nDCG@10,0.0
q265604,R@100,0.0
q265605,nDCG@10,0.0
q265605,R@100,0.0
q265606,nDCG@10,0.3562071871080222
q265606,R@100,1.0
q265607,nDCG@10,0.0
q265607,R@100,0.0
q265608,nDCG@10,0.5
q265608,R@100,1.0
q265609,nDCG@10,1.0
q265609,R@100,1.0
q265610,nDCG@10,0.0
q265610,R@100,1.0
q265611,nDCG@10,0.0
q265611,R@100,1.0
q265612,nDCG@10,0.43067655807339306
q265612,R@100,1.0
q265613,nDCG@10,0.43067655807339306
q265613,R@100,1.0
q265614,nDCG@10,1.0
q265614,R@100,1.0
q265615,nDCG@10,1.0
q265615,R@100,1.0
q265616,nDCG@10,1.0
q265616,R@100,1.0
q265617,nDCG@10,1.0
q265617,R@100,1.0
q265618,nDCG@10,0.3333333333333333
q265618,R@100,1.0
q265619,nDCG@10,0.43067655807339306
q265619,R@100,1.0
q265620,nDCG@10,1.0
q265620,R@100,1.0
q265621,nDCG@10,1.0
q265621,R@100,1.0
q265622,nDCG@10,0.0
q265622,R@100,0.0
q265623,nDCG@10,0.0
q265623,R@100,0.0
q265624,nDCG@10,1.0
q265624,R@100,1.0
q265625,nDCG@10,0.0
q265625,R@100,0.0
q265626,nDCG@10,0.0
q265626,R@100,0.0
q265627,nDCG@10,0.6309297535714575
q265627,R@100,1.0
q265628,nDCG@10,0.0
q265628,R@100,0.0
q265629,nDCG@10,1.0
q265629,R@100,1.0
q265630,nDCG@10,1.0
q265630,R@100,1.0
q265631,nDCG@10,0.0
q265631,R@100,0.0
q265632,nDCG@10,0.0
q265632,R@100,0.0
q265633,nDCG@10,0.0
q265633,R@100,0.0
q265634,nDCG@10,0.0
q265634,R@100,0.0
q265635,nDCG@10,1.0
q265635,R@100,1.0
q265636,nDCG@10,0.5
q265636,R@100,1.0
q265637,nDCG@10,0.38685280723454163
q265637,R@100,1.0
q265638,nDCG@10,0.0
q265638,R@100,0.0
q265639,nDCG@10,0.6309297535714575
q265639,R@100,1.0
q265640,nDCG@10,0.0
q265640,R@100,0.0
q265641,nDCG@10,0.0
q265641,R@100,0.0
q265642,nDCG@10,0.0
q265642,R@100,1.0
q265643,nDCG@10,0.0
q265643,R@100,0.0
q265644,nDCG@10,0.0
q265644,R@100,1.0
q265645,nDCG@10,0.0
q265645,R@100,1.0
q265646,nDCG@10,1.0
q265646,R@100,1.0
q265647,nDCG@10,0.0
q265647,R@100,1.0
q265648,nDCG@10,0.0
q265648,R@100,0.0
q265649,nDCG@10,0.0
q265649,R@100,0.0
q265650,nDCG@10,0.6309297535714575
q265650,R@100,1.0
q265651,nDCG@10,0.0
q265651,R@100,0.0
q265652,nDCG@10,1.0
q265652,R@100,1.0
q265653,nDCG@10,0.0
q265653,R@100,0.0
q265654,nDCG@10,0.0
q265654,R@100,1.0
q265655,nDCG@10,0.0
q265655,R@100,1.0
q265656,nDCG@10,0.5
q265656,R@100,1.0
q265657,nDCG@10,0.0
q265657,R@100,0.0
q265658,nDCG@10,0.0
q265658,R@100,0.0
q265659,nDCG@10,0.0
q265659,R@100,0.0
q265660,nDCG@10,0.0
q265660,R@100,1.0
q265661,nDCG@10,0.0
q265661,R@100,0.0
q265662,nDCG@10,0.0
q265662,R@100,0.0
q265663,nDCG@10,1.0
q265663,R@100,1.0
q265664,nDCG@10,0.0
q265664,R@100,0.0
q265665,nDCG@10,0.0
q265665,R@100,0.0
q265666,nDCG@10,0.0
q265666,R@100,0.0
q265667,nDCG@10,0.0
q265667,R@100,0.0
q265668,nDCG@10,0.0
q265668,R@100,0.0
q265669,nDCG@10,0.0
q265669,R@100,0.0
q265670,nDCG@10,0.0
q265670,R@100,0.0
q265671,nDCG@10,0.0
q265671,R@100,0.0
q265672,nDCG@10,0.0
q265672,R@100,1.0
q265673,nDCG@10,1.0
q265673,R@100,1.0
q265674,nDCG@10,1.0
q265674,R@100,1.0
q265675,nDCG@10,0.5
q265675,R@100,1.0
q265676,nDCG@10,1.0
q265676,R@100,1.0
q265677,nDCG@10,1.0
q265677,R@100,1.0
q265678,nDCG@10,1.0
q265678,R@100,1.0
q265679,nDCG@10,0.5
q265679,R@100,1.0
q265680,nDCG@10,1.0
q265680,R@100,1.0
q265681,nDCG@10,1.0
q265681,R@100,1.0
q265682,nDCG@10,0.0
q265682,R@100,0.0
q265683,nDCG@10,0.0
q265683,R@100,0.0
q265684,nDCG@10,0.0
q265684,R@100,0.0
q265685,nDCG@10,0.6309297535714575
q265685,R@100,1.0
q265686,nDCG@10,0.0
q265686,R@100,0.0
q265687,nDCG@10,0.0
q265687,R@100,1.0
q265688,nDCG@10,0.38685280723454163
q265688,R@100,1.0
q265689,nDCG@10,1.0
q265689,R@100,1.0
q265690,nDCG@10,0.0
q265690,R@100,0.0
q265691,nDCG@10,1.0
q265691,R@100,1.0
q265692,nDCG@10,0.6309297535714575
q265692,R@100,1.0
q265693,nDCG@10,0.0
q265693,R@100,1.0
q265694,nDCG@10,0.0
q265694,R@100,1.0
q265695,nDCG@10,1.0
q265695,R@100,1.0
q265696,nDCG@10,0.5
q265696,R@100,1.0
q265697,nDCG@10,1.0
q265697,R@100,1.0
q265698,nDCG@10,1.0
q265698,R@100,1.0
q265699,nDCG@10,0.0
q265699,R@100,1.0
q265700,nDCG@10,0.0
q265700,R@100,0.0
q265701,nDCG@10,0.0
q265701,R@100,0.0
q265702,nDCG@10,1.0
q265702,R@100,1.0
q265703,nDCG@10,0.3562071871080222
q265703,R@100,1.0
q265704,nDCG@10,0.3333333333333333
q265704,R@100,1.0
q265705,nDCG@10,0.0
q265705,R@100,0.0
q265706,nDCG@10,0.0
q265706,R@100,1.0
q265707,nDCG@10,0.5
q265707,R@100,1.0
q265708,nDCG@10,0.0
q265708,R@100,0.0
q265709,nDCG@10,0.0
q265709,R@100,0.0
q265710,nDCG@10,0.0
q265710,R@100,0.0
q265711,nDCG@10,0.0
q265711,R@100,0.0
q265712,nDCG@10,1.0
q265712,R@100,1.0
q265713,nDCG@10,0.6309297535714575
q265713,R@100,1.0
q265714,nDCG@10,0.0
q265714,R@100,1.0
q265715,nDCG@10,0.0
q265715,R@100,1.0
q265716,nDCG@10,0.0
q265716,R@100,1.0
q265717,nDCG@10,1.0
q265717,R@100,1.0
q265718,nDCG@10,0.31546487678572877
q265718,R@100,1.0
q265719,nDCG@10,1.0
q265719,R@100,1.0
q265720,nDCG@10,1.0
q265720,R@100,1.0
q265721,nDCG@10,0.38685280723454163
q265721,R@100,1.0
q265722,nDCG@10,0.0
q265722,R@100,0.0
q265723,nDCG@10,1.0
q265723,R@100,1.0
q265724,nDCG@10,0.0
q265724,R@100,0.0
q265725,nDCG@10,0.3562071871080222
q265725,R@100,1.0
q265726,nDCG@10,0.0
q265726,R@100,1.0
q265727,nDCG@10,0.0
q265727,R@100,0.0
q265728,nDCG@10,0.0
q265728,R@100,1.0
q265729,nDCG@10,0.5
q265729,R@100,1.0
q265730,nDCG@10,1.0
q265730,R@100,1.0
q265731,nDCG@10,0.0
q265731,R@100,0.0
q265732,nDCG@10,0.0
q265732,R@100,0.0
q265733,nDCG@10,1.0
q265733,R@100,1.0
q265734,nDCG@10,1.0
q265734,R@100,1.0
q265735,nDCG@10,1.0
q265735,R@100,1.0
q265736,nDCG@10,1.0
q265736,R@100,1.0
q265737,nDCG@10,1.0
q265737,R@100,1.0
q265738,nDCG@10,1.0
q265738,R@100,1.0
q265739,nDCG@10,1.0
q265739,R@100,1.0
q265740,nDCG@10,1.0
q265740,R@100,1.0
q265741,nDCG@10,1.0
q265741,R@100,1.0
q265742,nDCG@10,1.0
q265742,R@100,1.0
q265743,nDCG@10,1.0
q265743,R@100,1.0
q265744,nDCG@10,1.0
q265744,R@100,1.0
q265745,nDCG@10,1.0
q265745,R@100,1.0
q265746,nDCG@10,1.0
q265746,R@100,1.0
q265747,nDCG@10,0.5
q265747,R@100,1.0
q265748,nDCG@10,0.0
q265748,R@100,0.0
q265749,nDCG@10,0.0
q265749,R@100,0.0
q265750,nDCG@10,0.0
q265750,R@100,0.0
q265751,nDCG@10,0.0
q265751,R@100,1.0
q265752,nDCG@10,0.3333333333333333
q265752,R@100,1.0
q265753,nDCG@10,0.0
q265753,R@100,0.0
q265754,nDCG@10,0.3562071871080222
q265754,R@100,1.0
q265755,nDCG@10,0.0
q265755,R@100,0.0
q265756,nDCG@10,1.0
q265756,R@100,1.0
q265757,nDCG@10,0.0
q265757,R@100,1.0
q265758,nDCG@10,0.6309297535714575
q265758,R@100,1.0
q265759,nDCG@10,1.0
q265759,R@100,1.0
q265760,nDCG@10,0.0
q265760,R@100,0.0
q265761,nDCG@10,0.0
q265761,R@100,0.0
q265762,nDCG@10,0.0
q265762,R@100,0.0
q265763,nDCG@10,1.0
q265763,R@100,1.0
q265764,nDCG@10,1.0
q265764,R@100,1.0
q265765,nDCG@10,0.31546487678572877
q265765,R@100,1.0
q265766,nDCG@10,0.0
q265766,R@100,0.0
q265767,nDCG@10,1.0
q265767,R@100,1.0
q265768,nDCG@10,1.0
q265768,R@100,1.0
q265769,nDCG@10,0.0
q265769,R@100,1.0
q265770,nDCG@10,0.3333333333333333
q265770,R@100,1.0
q265771,nDCG@10,0.0
q265771,R@100,0.0
q265772,nDCG@10,1.0
q265772,R@100,1.0
q265773,nDCG@10,1.0
q265773,R@100,1.0
q265774,nDCG@10,0.0
q265774,R@100,0.0
q265775,nDCG@10,0.31546487678572877
q265775,R@100,1.0
q265776,nDCG@10,1.0
q265776,R@100,1.0
q265777,nDCG@10,1.0
q265777,R@100,1.0
q265778,nDCG@10,0.0
q265778,R@100,0.0
q265779,nDCG@10,0.0
q265779,R@100,0.0
q265780,nDCG@10,0.0
q265780,R@100,0.0
q265781,nDCG@10,0.0
q265781,R@100,0.0
q265782,nDCG@10,1.0
q265782,R@100,1.0
q265783,nDCG@10,0.43067655807339306
q265783,R@100,1.0
q265784,nDCG@10,0.0
q265784,R@100,0.0
q265785,nDCG@10,0.0
q265785,R@100,1.0
q265786,nDCG@10,1.0
q265786,R@100,1.0
q265787,nDCG@10,0.6309297535714575
q265787,R@100,1.0
q265788,nDCG@10,0.0
q265788,R@100,0.0
q265789,nDCG@10,0.0
q265789,R@100,0.0
q265790,nDCG@10,0.0
q265790,R@100,1.0
q265791,nDCG@10,0.0
q265791,R@100,1.0
q265792,nDCG@10,0.0
q265792,R@100,1.0
q265793,nDCG@10,0.3010299956639812
q265793,R@100,1.0
q265794,nDCG@10,1.0
q265794,R@100,1.0
q265795,nDCG@10,0.0
q265795,R@100,1.0
q265796,nDCG@10,1.0
q265796,R@100,1.0
q265797,nDCG@10,1.0
q265797,R@100,1.0
q265798,nDCG@10,0.0
q265798,R@100,0.0
q265799,nDCG@10,0.0
q265799,R@100,0.0
q265800,nDCG@10,1.0
q265800,R@100,1.0
q265801,nDCG@10,0.0
q265801,R@100,0.0
q265802,nDCG@10,1.0
q265802,R@100,1.0
q265803,nDCG@10,0.0
q265803,R@100,0.0
q265804,nDCG@10,1.0
q265804,R@100,1.0
q265805,nDCG@10,0.6309297535714575
q265805,R@100,1.0
q265806,nDCG@10,1.0
q265806,R@100,1.0
q265807,nDCG@10,1.0
q265807,R@100,1.0
q265808,nDCG@10,1.0
q265808,R@100,1.0
q265809,nDCG@10,1.0
q265809,R@100,1.0
q265810,nDCG@10,0.0
q265810,R@100,1.0
q265811,nDCG@10,0.0
q265811,R@100,1.0
q265812,nDCG@10,0.0
q265812,R@100,0.0
q265813,nDCG@10,0.0
q265813,R@100,0.0
q265814,nDCG@10,0.0
q265814,R@100,0.0
q265815,nDCG@10,0.0
q265815,R@100,0.0
q265816,nDCG@10,0.0
q265816,R@100,1.0
q265817,nDCG@10,0.0
q265817,R@100,0.0
q265818,nDCG@10,0.0
q265818,R@100,0.0
q265819,nDCG@10,0.0
q265819,R@100,1.0
q265820,nDCG@10,0.0
q265820,R@100,1.0
q265821,nDCG@10,1.0
q265821,R@100,1.0
q265822,nDCG@10,0.0
q265822,R@100,0.0
q265823,nDCG@10,0.0
q265823,R@100,1.0
q265824,nDCG@10,0.0
q265824,R@100,0.0
q265825,nDCG@10,0.6309297535714575
q265825,R@100,1.0
q265826,nDCG@10,0.0
q265826,R@100,0.0
q265827,nDCG@10,0.0
q265827,R@100,0.0
q265828,nDCG@10,0.6309297535714575
q265828,R@100,1.0
q265829,nDCG@10,0.0
q265829,R@100,0.0
q265830,nDCG@10,1.0
q265830,R@100,1.0
q265831,nDCG@10,0.5
q265831,R@100,1.0
q265832,nDCG@10,1.0
q265832,R@100,1.0
q265833,nDCG@10,1.0
q265833,R@100,1.0
q265834,nDCG@10,0.0
q265834,R@100,0.0
q265835,nDCG@10,1.0
q265835,R@100,1.0
q265836,nDCG@10,0.5
q265836,R@100,1.0
q265837,nDCG@10,0.0
q265837,R@100,0.0
q265838,nDCG@10,0.0
q265838,R@100,0.0
q265839,nDCG@10,1.0
q265839,R@100,1.0
q265840,nDCG@10,0.38685280723454163
q265840,R@100,1.0
q265841,nDCG@10,1.0
q265841,R@100,1.0
q265842,nDCG@10,0.0
q265842,R@100,0.0
q265843,nDCG@10,0.0
q265843,R@100,0.0
q265844,nDCG@10,0.0
q265844,R@100,0.0
q265845,nDCG@10,1.0
q265845,R@100,1.0
q265846,nDCG@10,1.0
q265846,R@100,1.0
q265847,nDCG@10,0.0
q265847,R@100,1.0
q265848,nDCG@10,1.0
q265848,R@100,1.0
q265849,nDCG@10,1.0
q265849,R@100,1.0
q265850,nDCG@10,0.43067655807339306
q265850,R@100,1.0
q265851,nDCG@10,0.6309297535714575
q265851,R@100,1.0
q265852,nDCG@10,1.0
q265852,R@100,1.0
q265853,nDCG@10,0.0
q265853,R@100,0.0
q265854,nDCG@10,0.0
q265854,R@100,1.0
q265855,nDCG@10,1.0
q265855,R@100,1.0
q265856,nDCG@10,0.0
q265856,R@100,0.0
q265857,nDCG@10,0.0
q265857,R@100,0.0
q265858,nDCG@10,0.0
q265858,R@100,0.0
q265859,nDCG@10,0.0
q265859,R@100,1.0
q265860,nDCG@10,0.0
q265860,R@100,1.0
q265861,nDCG@10,1.0
q265861,R@100,1.0
q265862,nDCG@10,0.43067655807339306
q265862,R@100,1.0
q265863,nDCG@10,1.0
q265863,R@100,1.0
q265864,nDCG@10,0.38685280723454163
q265864,R@100,1.0
q265865,nDCG@10,1.0
q265865,R@100,1.0
q265866,nDCG@10,0.0
q265866,R@100,0.0
q265867,nDCG@10,0.0
q265867,R@100,0.0
q265868,nDCG@10,0.0
q265868,R@100,0.0
q265869,nDCG@10,0.0
q265869,R@100,0.0
q265870,nDCG@10,0.43067655807339306
q265870,R@100,1.0
q265871,nDCG@10,0.0
q265871,R@100,0.0
q265872,nDCG@10,0.0
q265872,R@100,1.0
q265873,nDCG@10,0.3562071871080222
q265873,R@100,1.0
q265874,nDCG@10,1.0
q265874,R@100,1.0
q265875,nDCG@10,1.0
q265875,R@100,1.0
q265876,nDCG@10,1.0
q265876,R@100,1.0
q265877,nDCG@10,0.0
q265877,R@100,0.0
q265878,nDCG@10,0.5
q265878,R@100,1.0
q265879,nDCG@10,0.6309297535714575
q265879,R@100,1.0
q265880,nDCG@10,0.43067655807339306
q265880,R@100,1.0
q265881,nDCG@10,0.5
q265881,R@100,1.0
q265882,nDCG@10,0.0
q265882,R@100,1.0
q265883,nDCG@10,0.38685280723454163
q265883,R@100,1.0
q265884,nDCG@10,1.0
q265884,R@100,1.0
q265885,nDCG@10,0.6309297535714575
q265885,R@100,1.0
q265886,nDCG@10,0.5
q265886,R@100,1.0
q265887,nDCG@10,0.5
q265887,R@100,1.0
q265888,nDCG@10,0.0
q265888,R@100,0.0
q265889,nDCG@10,1.0
q265889,R@100,1.0
q265890,nDCG@10,1.0
q265890,R@100,1.0
q265891,nDCG@10,0.0
q265891,R@100,0.0
q265892,nDCG@10,0.0
q265892,R@100,0.0
q265893,nDCG@10,0.0
q265893,R@100,1.0
q265894,nDCG@10,0.0
q265894,R@100,0.0
q265895,nDCG@10,1.0
q265895,R@100,1.0
q265896,nDCG@10,1.0
q265896,R@100,1.0
q265897,nDCG@10,1.0
q265897,R@100,1.0
q265898,nDCG@10,0.0
q265898,R@100,1.0
q265899,nDCG@10,0.0
q265899,R@100,0.0
q265900,nDCG@10,0.3562071871080222
q265900,R@100,1.0
q265901,nDCG@10,0.6309297535714575
q265901,R@100,1.0
q265902,nDCG@10,1.0
q265902,R@100,1.0
q265903,nDCG@10,0.0
q265903,R@100,1.0
q265904,nDCG@10,0.0
q265904,R@100,1.0
q265905,nDCG@10,0.0
q265905,R@100,0.0
q265906,nDCG@10,0.0
q265906,R@100,1.0
q265907,nDCG@10,0.0
q265907,R@100,0.0
q265908,nDCG@10,0.3333333333333333
q265908,R@100,1.0
q265909,nDCG@10,0.5
q265909,R@100,1.0
q265910,nDCG@10,0.0
q265910,R@100,1.0
q265911,nDCG@10,0.0
q265911,R@100,1.0
q265912,nDCG@10,0.0
q265912,R@100,0.0
q265913,nDCG@10,0.0
q265913,R@100,0.0
q265914,nDCG@10,1.0
q265914,R@100,1.0
q265915,nDCG@10,0.6309297535714575
q265915,R@100,1.0
q265916,nDCG@10,0.43067655807339306
q265916,R@100,1.0
q265917,nDCG@10,0.0
q265917,R@100,1.0
q265918,nDCG@10,0.0
q265918,R@100,0.0
q265919,nDCG@10,1.0
q265919,R@100,1.0
q265920,nDCG@10,0.2890648263178879
q265920,R@100,1.0
q265921,nDCG@10,0.5
q265921,R@100,1.0
q265922,nDCG@10,0.0
q265922,R@100,0.0
q265923,nDCG@10,1.0
q265923,R@100,1.0
q265924,nDCG@10,0.0
q265924,R@100,1.0
q265925,nDCG@10,0.0
q265925,R@100,1.0
q265926,nDCG@10,0.0
q265926,R@100,0.0
q265927,nDCG@10,0.0
q265927,R@100,0.0
q265928,nDCG@10,0.0
q265928,R@100,1.0
q265929,nDCG@10,0.0
q265929,R@100,0.0
q265930,nDCG@10,0.3010299956639812
q265930,R@100,1.0
q265931,nDCG@10,0.0
q265931,R@100,1.0
q265932,nDCG@10,0.0
q265932,R@100,1.0
q265933,nDCG@10,0.5
q265933,R@100,1.0
q265934,nDCG@10,1.0
q265934,R@100,1.0
q265935,nDCG@10,0.0
q265935,R@100,0.0
q265936,nDCG@10,0.38685280723454163
q265936,R@100,1.0
q265937,nDCG@10,0.5
q265937,R@100,1.0
q265938,nDCG@10,0.3562071871080222
q265938,R@100,1.0
q265939,nDCG@10,1.0
q265939,R@100,1.0
q265940,nDCG@10,0.0
q265940,R@100,0.0
q265941,nDCG@10,0.0
q265941,R@100,0.0
q265942,nDCG@10,0.0
q265942,R@100,0.0
q265943,nDCG@10,1.0
q265943,R@100,1.0
q265944,nDCG@10,0.43067655807339306
q265944,R@100,1.0
q265945,nDCG@10,0.5
q265945,R@100,1.0
q265946,nDCG@10,1.0
q265946,R@100,1.0
q265947,nDCG@10,0.0
q265947,R@100,1.0
q265948,nDCG@10,0.43067655807339306
q265948,R@100,1.0
q265949,nDCG@10,0.0
q265949,R@100,1.0
q265950,nDCG@10,0.0
q265950,R@100,1.0
q265951,nDCG@10,0.0
q265951,R@100,0.0
q265952,nDCG@10,0.0
q265952,R@100,0.0
q265953,nDCG@10,0.0
q265953,R@100,0.0
q265954,nDCG@10,0.0
q265954,R@100,0.0
q265955,nDCG@10,1.0
q265955,R@100,1.0
q265956,nDCG@10,0.43067655807339306
q265956,R@100,1.0
q265957,nDCG@10,1.0
q265957,R@100,1.0
q265958,nDCG@10,0.6309297535714575
q265958,R@100,1.0
q265959,nDCG@10,0.0
q265959,R@100,0.0
q265960,nDCG@10,0.0
q265960,R@100,0.0
q265961,nDCG@10,0.0
q265961,R@100,0.0
q265962,nDCG@10,0.0
q265962,R@100,1.0
q265963,nDCG@10,0.3010299956639812
q265963,R@100,1.0
q265964,nDCG@10,0.5
q265964,R@100,1.0
q265965,nDCG@10,0.0
q265965,R@100,1.0
q265966,nDCG@10,0.0
q265966,R@100,1.0
q265967,nDCG@10,0.0
q265967,R@100,0.0
q265968,nDCG@10,1.0
q265968,R@100,1.0
q265969,nDCG@10,0.6309297535714575
q265969,R@100,1.0
q265970,nDCG@10,0.0
q265970,R@100,0.0
q265971,nDCG@10,0.0
q265971,R@100,0.0
q265972,nDCG@10,0.0
q265972,R@100,1.0
q265973,nDCG@10,0.0
q265973,R@100,1.0
q265974,nDCG@10,0.3333333333333333
q265974,R@100,1.0
q265975,nDCG@10,0.0
q265975,R@100,1.0
q265976,nDCG@10,0.0
q265976,R@100,1.0
q265977,nDCG@10,0.43067655807339306
q265977,R@100,1.0
q265978,nDCG@10,0.0
q265978,R@100,0.0
q265979,nDCG@10,0.0
q265979,R@100,0.0
q265980,nDCG@10,0.0
q265980,R@100,0.0
q265981,nDCG@10,0.0
q265981,R@100,0.0
q265982,nDCG@10,0.5
q265982,R@100,1.0
q265983,nDCG@10,0.0
q265983,R@100,0.0
q265984,nDCG@10,0.0
q265984,R@100,0.0
q265985,nDCG@10,1.0
q265985,R@100,1.0
q265986,nDCG@10,0.0
q265986,R@100,0.0
q265987,nDCG@10,1.0
q265987,R@100,1.0
q265988,nDCG@10,0.0
q265988,R@100,0.0
q265989,nDCG@10,0.0
q265989,R@100,0.0
q265990,nDCG@10,0.0
q265990,R@100,0.0
q265991,nDCG@10,0.43067655807339306
q265991,R@100,1.0
q265992,nDCG@10,1.0
q265992,R@100,1.0
q265993,nDCG@10,0.0
q265993,R@100,0.0
q265994,nDCG@10,0.6309297535714575
q265994,R@100,1.0
q265995,nDCG@10,0.6309297535714575
q265995,R@100,1.0
q265996,nDCG@10,0.6309297535714575
q265996,R@100,1.0
q265997,nDCG@10,1.0
q265997,R@100,1.0
q265998,nDCG@10,0.5
q265998,R@100,1.0
q265999,nDCG@10,0.0
q265999,R@100,0.0
q266000,nDCG@10,1.0
q266000,R@100,1.0
q266001,nDCG@10,1.0
q266001,R@100,1.0
q266002,nDCG@10,0.0
q266002,R@100,0.0
q266003,nDCG@10,1.0
q266003,R@100,1.0
q266004,nDCG@10,0.0
q266004,R@100,1.0
q266005,nDCG@10,0.0
q266005,R@100,1.0
q266006,nDCG@10,0.0
q266006,R@100,0.0
q266007,nDCG@10,0.0
q266007,R@100,0.0
q266008,nDCG@10,0.5
q266008,R@100,1.0
q266009,nDCG@10,0.0
q266009,R@100,0.0
q266010,nDCG@10,0.0
q266010,R@100,0.0
q266011,nDCG@10,0.0
q266011,R@100,0.0
q266012,nDCG@10,0.0
q266012,R@100,0.0
q266013,nDCG@10,0.0
q266013,R@100,0.0
q266014,nDCG@10,1.0
q266014,R@100,1.0
q266015,nDCG@10,1.0
q266015,R@100,1.0
q266016,nDCG@10,1.0
q266016,R@100,1.0
q266017,nDCG@10,0.0
q266017,R@100,1.0
q266018,nDCG@10,1.0
q266018,R@100,1.0
q266019,nDCG@10,0.6309297535714575
q266019,R@100,1.0
q266020,nDCG@10,0.0
q266020,R@100,1.0
q266021,nDCG@10,0.2890648263178879
q266021,R@100,1.0
q266022,nDCG@10,1.0
q266022,R@100,1.0
q266023,nDCG@10,1.0
q266023,R@100,1.0
q266024,nDCG@10,0.0
q266024,R@100,1.0
q266025,nDCG@10,1.0
q266025,R@100,1.0
q266026,nDCG@10,0.5
q266026,R@100,1.0
q266027,nDCG@10,1.0
q266027,R@100,1.0
q266028,nDCG@10,1.0
q266028,R@100,1.0
q266029,nDCG@10,0.0
q266029,R@100,1.0
q266030,nDCG@10,0.43067655807339306
q266030,R@100,1.0
q266031,nDCG@10,0.3562071871080222
q266031,R@100,1.0
q266032,nDCG@10,0.0
q266032,R@100,0.0
q266033,nDCG@10,0.0
q266033,R@100,0.0
q266034,nDCG@10,0.0
q266034,R@100,0.0
q266035,nDCG@10,0.0
q266035,R@100,0.0
q266036,nDCG@10,0.0
q266036,R@100,1.0
q266037,nDCG@10,0.0
q266037,R@100,0.0
q266038,nDCG@10,0.0
q266038,R@100,1.0
q266039,nDCG@10,0.0
q266039,R@100,1.0
q266040,nDCG@10,0.0
q266040,R@100,0.0
q266041,nDCG@10,0.0
q266041,R@100,0.0
q266042,nDCG@10,0.0
q266042,R@100,0.0
q266043,nDCG@10,0.0
q266043,R@100,0.0
q266044,nDCG@10,0.0
q266044,R@100,0.0
q266045,nDCG@10,0.5
q266045,R@100,1.0
q266046,nDCG@10,0.0
q266046,R@100,0.0
q266047,nDCG@10,0.0
q266047,R@100,0.0
q266048,nDCG@10,0.0
q266048,R@100,0.0
q266049,nDCG@10,0.0
q266049,R@100,0.0
q266050,nDCG@10,0.0
q266050,R@100,1.0
q266051,nDCG@10,1.0
q266051,R@100,1.0
q266052,nDCG@10,0.0
q266052,R@100,0.0
q266053,nDCG@10,1.0
q266053,R@100,1.0
q266054,nDCG@10,0.31546487678572877
q266054,R@100,1.0
q266055,nDCG@10,0.0
q266055,R@100,0.0
q266056,nDCG@10,0.0
q266056,R@100,0.0
q266057,nDCG@10,0.6309297535714575
q266057,R@100,1.0
q266058,nDCG@10,1.0
q266058,R@100,1.0
q266059,nDCG@10,0.43067655807339306
q266059,R@100,1.0
q266060,nDCG@10,0.0
q266060,R@100,0.0
q266061,nDCG@10,0.0
q266061,R@100,0.0
q266062,nDCG@10,0.6309297535714575
q266062,R@100,1.0
q266063,nDCG@10,0.0
q266063,R@100,0.0
q266064,nDCG@10,0.3010299956639812
q266064,R@100,1.0
q266065,nDCG@10,1.0
q266065,R@100,1.0
q266066,nDCG@10,1.0
q266066,R@100,1.0
q266067,nDCG@10,0.0
q266067,R@100,1.0
q266068,nDCG@10,1.0
q266068,R@100,1.0
q266069,nDCG@10,1.0
q266069,R@100,1.0
q266070,nDCG@10,0.0
q266070,R@100,0.0
q266071,nDCG@10,0.0
q266071,R@100,0.0
q266072,nDCG@10,0.0
q266072,R@100,1.0
q266073,nDCG@10,0.0
q266073,R@100,0.0
q266074,nDCG@10,1.0
q266074,R@100,1.0
q266075,nDCG@10,0.0
q266075,R@100,0.0
q266076,nDCG@10,0.0
q266076,R@100,0.0
q266077,nDCG@10,0.0
q266077,R@100,0.0
q266078,nDCG@10,0.0
q266078,R@100,1.0
q266079,nDCG@10,1.0
q266079,R@100,1.0
q266080,nDCG@10,1.0
q266080,R@100,1.0
q266081,nDCG@10,0.6309297535714575
q266081,R@100,1.0
q266082,nDCG@10,1.0
q266082,R@100,1.0
q266083,nDCG@10,0.0
q266083,R@100,0.0
q266084,nDCG@10,1.0
q266084,R@100,1.0
q266085,nDCG@10,1.0
q266085,R@100,1.0
q266086,nDCG@10,0.0
q266086,R@100,0.0
q266087,nDCG@10,0.0
q266087,R@100,1.0
q266088,nDCG@10,0.0
q266088,R@100,0.0
q266089,nDCG@10,0.0
q266089,R@100,0.0
q266090,nDCG@10,0.0
q266090,R@100,0.0
q266091,nDCG@10,1.0
q266091,R@100,1.0
q266092,nDCG@10,0.0
q266092,R@100,1.0
q266093,nDCG@10,0.0
q266093,R@100,0.0
q266094,nDCG@10,1.0
q266094,R@100,1.0
q266095,nDCG@10,0.0
q266095,R@100,1.0
q266096,nDCG@10,0.38685280723454163
q266096,R@100,1.0
q266097,nDCG@10,1.0
q266097,R@100,1.0
q266098,nDCG@10,0.0
q266098,R@100,0.0
q266099,nDCG@10,0.3562071871080222
q266099,R@100,1.0
q266100,nDCG@10,0.6309297535714575
q266100,R@100,1.0
q266101,nDCG@10,0.6309297535714575
q266101,R@100,1.0
q266102,nDCG@10,1.0
q266102,R@100,1.0
q266103,nDCG@10,1.0
q266103,R@100,1.0
q266104,nDCG@10,0.6309297535714575
q266104,R@100,1.0
q266105,nDCG@10,0.5
q266105,R@100,1.0
q266106,nDCG@10,0.3333333333333333
q266106,R@100,1.0
q266107,nDCG@10,0.43067655807339306
q266107,R@100,1.0
q266108,nDCG@10,1.0
q266108,R@100,1.0
q266109,nDCG@10,1.0
q266109,R@100,1.0
q266110,nDCG@10,0.3333333333333333
q266110,R@100,1.0
q266111,nDCG@10,0.0
q266111,R@100,1.0
q266112,nDCG@10,0.0
q266112,R@100,1.0
q266113,nDCG@10,0.0
q266113,R@100,1.0
q266114,nDCG@10,0.3010299956639812
q266114,R@100,1.0
q266115,nDCG@10,0.0
q266115,R@100,0.0
q266116,nDCG@10,1.0
q266116,R@100,1.0
q266117,nDCG@10,0.3333333333333333
q266117,R@100,1.0
q266118,nDCG@10,1.0
q266118,R@100,1.0
q266119,nDCG@10,1.0
q266119,R@100,1.0
q266120,nDCG@10,0.0
q266120,R@100,0.0
q266121,nDCG@10,1.0
q266121,R@100,1.0
q266122,nDCG@10,0.0
q266122,R@100,1.0
q266123,nDCG@10,0.38685280723454163
q266123,R@100,1.0
q266124,nDCG@10,0.0
q266124,R@100,1.0
q266125,nDCG@10,1.0
q266125,R@100,1.0
q266126,nDCG@10,1.0
q266126,R@100,1.0
q266127,nDCG@10,0.0
q266127,R@100,0.0
q266128,nDCG@10,0.0
q266128,R@100,0.0
q266129,nDCG@10,0.0
q266129,R@100,1.0
q266130,nDCG@10,1.0
q266130,R@100,1.0
q266131,nDCG@10,1.0
q266131,R@100,1.0
q266132,nDCG@10,0.0
q266132,R@100,0.0
q266133,nDCG@10,1.0
q266133,R@100,1.0
q266134,nDCG@10,1.0
q266134,R@100,1.0
q266135,nDCG@10,1.0
q266135,R@100,1.0
q266136,nDCG@10,1.0
q266136,R@100,1.0
q266137,nDCG@10,0.0
q266137,R@100,0.0
q266138,nDCG@10,0.0
q266138,R@100,0.0
q266139,nDCG@10,0.0
q266139,R@100,0.0
q266140,nDCG@10,1.0
q266140,R@100,1.0
q266141,nDCG@10,0.0
q266141,R@100,0.0
q266142,nDCG@10,0.0
q266142,R@100,0.0
q266143,nDCG@10,0.0
q266143,R@100,0.0
q266144,nDCG@10,1.0
q266144,R@100,1.0
q266145,nDCG@10,1.0
q266145,R@100,1.0
q266146,nDCG@10,1.0
q266146,R@100,1.0
q266147,nDCG@10,1.0
q266147,R@100,1.0
q266148,nDCG@10,0.0
q266148,R@100,0.0
q266149,nDCG@10,0.0
q266149,R@100,0.0
q266150,nDCG@10,1.0
q266150,R@100,1.0
q266151,nDCG@10,1.0
q266151,R@100,1.0
q266152,nDCG@10,1.0
q266152,R@100,1.0
q266153,nDCG@10,0.0
q266153,R@100,1.0
q266154,nDCG@10,0.3562071871080222
q266154,R@100,1.0
q266155,nDCG@10,0.3562071871080222
q266155,R@100,1.0
q266156,nDCG@10,0.0
q266156,R@100,1.0
q266157,nDCG@10,0.0
q266157,R@100,0.0
q266158,nDCG@10,0.0
q266158,R@100,0.0
q266159,nDCG@10,0.0
q266159,R@100,1.0
q266160,nDCG@10,0.0
q266160,R@100,0.0
q266161,nDCG@10,0.0
q266161,R@100,0.0
q266162,nDCG@10,0.0
q266162,R@100,0.0
q266163,nDCG@10,1.0
q266163,R@100,1.0
q266164,nDCG@10,1.0
q266164,R@100,1.0
q266165,nDCG@10,1.0
q266165,R@100,1.0
q266166,nDCG@10,0.0
q266166,R@100,1.0
q266167,nDCG@10,1.0
q266167,R@100,1.0
q266168,nDCG@10,1.0
q266168,R@100,1.0
q266169,nDCG@10,0.0
q266169,R@100,0.0
q266170,nDCG@10,1.0
q266170,R@100,1.0
q266171,nDCG@10,0.0
q266171,R@100,0.0
q266172,nDCG@10,1.0
q266172,R@100,1.0
q266173,nDCG@10,1.0
q266173,R@100,1.0
q266174,nDCG@10,0.0
q266174,R@100,1.0
q266175,nDCG@10,1.0
q266175,R@100,1.0
q266176,nDCG@10,0.43067655807339306
q266176,R@100,1.0
q266177,nDCG@10,0.0
q266177,R@100,0.0
q266178,nDCG@10,0.0
q266178,R@100,0.0
q266179,nDCG@10,0.0
q266179,R@100,0.0
q266180,nDCG@10,0.0
q266180,R@100,0.0
q266181,nDCG@10,0.0
q266181,R@100,1.0
q266182,nDCG@10,0.0
q266182,R@100,0.0
q266183,nDCG@10,0.0
q266183,R@100,0.0
q266184,nDCG@10,0.0
q266184,R@100,0.0
q266185,nDCG@10,0.0
q266185,R@100,0.0
q266186,nDCG@10,1.0
q266186,R@100,1.0
q266187,nDCG@10,0.6309297535714575
q266187,R@100,1.0
q266188,nDCG@10,1.0
q266188,R@100,1.0
q266189,nDCG@10,0.0
q266189,R@100,0.0
q266190,nDCG@10,0.0
q266190,R@100,0.0
q266191,nDCG@10,1.0
q266191,R@100,1.0
q266192,nDCG@10,1.0
q266192,R@100,1.0
q266193,nDCG@10,0.0
q266193,R@100,0.0
q266194,nDCG@10,0.0
q266194,R@100,1.0
q266195,nDCG@10,0.0
q266195,R@100,0.0
q266196,nDCG@10,0.0
q266196,R@100,0.0
q266197,nDCG@10,0.0
q266197,R@100,1.0
q266198,nDCG@10,0.0
q266198,R@100,0.0
q266199,nDCG@10,1.0
q266199,R@100,1.0
q266200,nDCG@10,0.0
q266200,R@100,0.0
q266201,nDCG@10,0.0
q266201,R@100,1.0
q266202,nDCG@10,0.0
q266202,R@100,0.0
q266203,nDCG@10,0.0
q266203,R@100,0.0
q266204,nDCG@10,0.0
q266204,R@100,0.0
q266205,nDCG@10,0.0
q266205,R@100,0.0
q266206,nDCG@10,0.0
q266206,R@100,1.0
q266207,nDCG@10,1.0
q266207,R@100,1.0
q266208,nDCG@10,0.6309297535714575
q266208,R@100,1.0
q266209,nDCG@10,0.2890648263178879
q266209,R@100,1.0
q266210,nDCG@10,0.0
q266210,R@100,1.0
q266211,nDCG@10,0.6309297535714575
q266211,R@100,1.0
q266212,nDCG@10,0.0
q266212,R@100,0.0
q266213,nDCG@10,1.0
q266213,R@100,1.0
q266214,nDCG@10,0.0
q266214,R@100,0.0
q266215,nDCG@10,0.38685280723454163
q266215,R@100,1.0
q266216,nDCG@10,0.0
q266216,R@100,0.0
q266217,nDCG@10,0.0
q266217,R@100,1.0
q266218,nDCG@10,1.0
q266218,R@100,1.0
q266219,nDCG@10,0.0
q266219,R@100,1.0
q266220,nDCG@10,0.0
q266220,R@100,1.0
q266221,nDCG@10,0.6309297535714575
q266221,R@100,1.0
q266222,nDCG@10,0.0
q266222,R@100,1.0
q266223,nDCG@10,0.0
q266223,R@100,0.0
q266224,nDCG@10,0.0
q266224,R@100,0.0
q266225,nDCG@10,0.0
q266225,R@100,0.0
q266226,nDCG@10,1.0
q266226,R@100,1.0
q266227,nDCG@10,0.0
q266227,R@100,0.0
q266228,nDCG@10,0.0
q266228,R@100,0.0
q266229,nDCG@10,0.0
q266229,R@100,1.0
q266230,nDCG@10,1.0
q266230,R@100,1.0
q266231,nDCG@10,0.0
q266231,R@100,0.0
q266232,nDCG@10,1.0
q266232,R@100,1.0
q266233,nDCG@10,1.0
q266233,R@100,1.0
q266234,nDCG@10,0.5
q266234,R@100,1.0
q266235,nDCG@10,0.6309297535714575
q266235,R@100,1.0
q266236,nDCG@10,1.0
q266236,R@100,1.0
q266237,nDCG@10,1.0
q266237,R@100,1.0
q266238,nDCG@10,0.0
q266238,R@100,0.0
q266239,nDCG@10,1.0
q266239,R@100,1.0
q266240,nDCG@10,0.3562071871080222
q266240,R@100,1.0
q266241,nDCG@10,0.0
q266241,R@100,0.0
q266242,nDCG@10,0.6309297535714575
q266242,R@100,1.0
q266243,nDCG@10,1.0
q266243,R@100,1.0
q266244,nDCG@10,0.0
q266244,R@100,1.0
q266245,nDCG@10,0.0
q266245,R@100,0.0
q266246,nDCG@10,1.0
q266246,R@100,1.0
q266247,nDCG@10,1.0
q266247,R@100,1.0
q266248,nDCG@10,0.2890648263178879
q266248,R@100,1.0
q266249,nDCG@10,0.0
q266249,R@100,0.0
q266250,nDCG@10,0.38685280723454163
q266250,R@100,1.0
q266251,nDCG@10,0.6309297535714575
q266251,R@100,1.0
q266252,nDCG@10,1.0
q266252,R@100,1.0
q266253,nDCG@10,1.0
q266253,R@100,1.0
q266254,nDCG@10,0.0
q266254,R@100,0.0
q266255,nDCG@10,1.0
q266255,R@100,1.0
q266256,nDCG@10,0.0
q266256,R@100,1.0
q266257,nDCG@10,0.0
q266257,R@100,1.0
q266258,nDCG@10,0.2890648263178879
q266258,R@100,1.0
q266259,nDCG@10,0.6309297535714575
q266259,R@100,1.0
q266260,nDCG@10,0.0
q266260,R@100,0.0
q266261,nDCG@10,1.0
q266261,R@100,1.0
q266262,nDCG@10,0.0
q266262,R@100,0.0
q266263,nDCG@10,0.0
q266263,R@100,0.0
q266264,nDCG@10,0.0
q266264,R@100,0.0
q266265,nDCG@10,0.0
q266265,R@100,1.0
q266266,nDCG@10,1.0
q266266,R@100,1.0
q266267,nDCG@10,1.0
q266267,R@100,1.0
q266268,nDCG@10,0.6309297535714575
q266268,R@100,1.0
q266269,nDCG@10,0.0
q266269,R@100,0.0
q266270,nDCG@10,0.6309297535714575
q266270,R@100,1.0
q266271,nDCG@10,1.0
q266271,R@100,1.0
q266272,nDCG@10,0.5
q266272,R@100,1.0
q266273,nDCG@10,1.0
q266273,R@100,1.0
q266274,nDCG@10,0.0
q266274,R@100,0.0
q266275,nDCG@10,0.0
q266275,R@100,0.0
q266276,nDCG@10,0.6309297535714575
q266276,R@100,1.0
q266277,nDCG@10,0.0
q266277,R@100,0.0
q266278,nDCG@10,0.0
q266278,R@100,0.0
q266279,nDCG@10,1.0
q266279,R@100,1.0
q266280,nDCG@10,0.6309297535714575
q266280,R@100,1.0
q266281,nDCG@10,1.0
q266281,R@100,1.0
q266282,nDCG@10,0.0
q266282,R@100,0.0
q266283,nDCG@10,0.0
q266283,R@100,1.0
q266284,nDCG@10,0.6309297535714575
q266284,R@100,1.0
q266285,nDCG@10,1.0
q266285,R@100,1.0
q266286,nDCG@10,0.5
q266286,R@100,1.0
q266287,nDCG@10,1.0
q266287,R@100,1.0
q266288,nDCG@10,0.0
q266288,R@100,1.0
q266289,nDCG@10,0.0
q266289,R@100,0.0
q266290,nDCG@10,1.0
q266290,R@100,1.0
q266291,nDCG@10,0.0
q266291,R@100,1.0
q266292,nDCG@10,0.0
q266292,R@100,1.0
q266293,nDCG@10,0.0
q266293,R@100,1.0
q266294,nDCG@10,0.0
q266294,R@100,0.0
q266295,nDCG@10,1.0
q266295,R@100,1.0
q266296,nDCG@10,0.0
q266296,R@100,0.0
q266297,nDCG@10,1.0
q266297,R@100,1.0
q266298,nDCG@10,0.0
q266298,R@100,0.0
q266299,nDCG@10,0.0
q266299,R@100,0.0
q266300,nDCG@10,0.6309297535714575
q266300,R@100,1.0
q266301,nDCG@10,0.0
q266301,R@100,0.0
q266302,nDCG@10,0.6309297535714575
q266302,R@100,1.0
q266303,nDCG@10,1.0
q266303,R@100,1.0
q266304,nDCG@10,0.0
q266304,R@100,1.0
q266305,nDCG@10,0.0
q266305,R@100,0.0
q266306,nDCG@10,0.0
q266306,R@100,1.0
q266307,nDCG@10,0.0
q266307,R@100,1.0
q266308,nDCG@10,1.0
q266308,R@100,1.0
q266309,nDCG@10,1.0
q266309,R@100,1.0
q266310,nDCG@10,0.6309297535714575
q266310,R@100,1.0
q266311,nDCG@10,0.0
q266311,R@100,1.0
q266312,nDCG@10,0.0
q266312,R@100,0.0
q266313,nDCG@10,1.0
q266313,R@100,1.0
q266314,nDCG@10,1.0
q266314,R@100,1.0
q266315,nDCG@10,0.3010299956639812
q266315,R@100,1.0
q266316,nDCG@10,1.0
q266316,R@100,1.0
q266317,nDCG@10,1.0
q266317,R@100,1.0
q266318,nDCG@10,0.31546487678572877
q266318,R@100,1.0
q266319,nDCG@10,1.0
q266319,R@100,1.0
q266320,nDCG@10,0.0
q266320,R@100,0.0
q266321,nDCG@10,0.0
q266321,R@100,1.0
q266322,nDCG@10,0.0
q266322,R@100,1.0
q266323,nDCG@10,0.0
q266323,R@100,1.0
q266324,nDCG@10,0.38685280723454163
q266324,R@100,1.0
q266325,nDCG@10,0.0
q266325,R@100,0.0
q266326,nDCG@10,0.0
q266326,R@100,1.0
q266327,nDCG@10,0.0
q266327,R@100,0.0
q266328,nDCG@10,0.0
q266328,R@100,1.0
q266329,nDCG@10,0.0
q266329,R@100,1.0
q266330,nDCG@10,0.0
q266330,R@100,0.0
q266331,nDCG@10,1.0
q266331,R@100,1.0
q266332,nDCG@10,0.5
q266332,R@100,1.0
q266333,nDCG@10,0.3010299956639812
q266333,R@100,1.0
q266334,nDCG@10,1.0
q266334,R@100,1.0
q266335,nDCG@10,1.0
q266335,R@100,1.0
q266336,nDCG@10,1.0
q266336,R@100,1.0
q266337,nDCG@10,1.0
q266337,R@100,1.0
q266338,nDCG@10,1.0
q266338,R@100,1.0
q266339,nDCG@10,1.0
q266339,R@100,1.0
q266340,nDCG@10,1.0
q266340,R@100,1.0
q266341,nDCG@10,1.0
q266341,R@100,1.0
q266342,nDCG@10,1.0
q266342,R@100,1.0
q266343,nDCG@10,1.0
q266343,R@100,1.0
q266344,nDCG@10,0.6309297535714575
q266344,R@100,1.0
q266345,nDCG@10,0.2890648263178879
q266345,R@100,1.0
q266346,nDCG@10,0.6309297535714575
q266346,R@100,1.0
q266347,nDCG@10,0.0
q266347,R@100,0.0
q266348,nDCG@10,1.0
q266348,R@100,1.0
q266349,nDCG@10,0.0
q266349,R@100,1.0
q266350,nDCG@10,0.0
q266350,R@100,0.0
q266351,nDCG@10,0.0
q266351,R@100,0.0
q266352,nDCG@10,0.0
q266352,R@100,0.0
q266353,nDCG@10,0.0
q266353,R@100,1.0
q266354,nDCG@10,0.0
q266354,R@100,0.0
q266355,nDCG@10,0.0
q266355,R@100,0.0
q266356,nDCG@10,0.43067655807339306
q266356,R@100,1.0
q266357,nDCG@10,0.0
q266357,R@100,1.0
q266358,nDCG@10,0.0
q266358,R@100,0.0
q266359,nDCG@10,0.0
q266359,R@100,0.0
q266360,nDCG@10,0.0
q266360,R@100,1.0
q266361,nDCG@10,0.0
q266361,R@100,1.0
q266362,nDCG@10,0.0
q266362,R@100,0.0
q266363,nDCG@10,0.0
q266363,R@100,0.0
q266364,nDCG@10,0.38685280723454163
q266364,R@100,1.0
q266365,nDCG@10,0.0
q266365,R@100,1.0
q266366,nDCG@10,0.0
q266366,R@100,0.0
q266367,nDCG@10,0.3562071871080222
q266367,R@100,1.0
q266368,nDCG@10,0.38685280723454163
q266368,R@100,1.0
q266369,nDCG@10,0.0
q266369,R@100,1.0
q266370,nDCG@10,0.0
q266370,R@100,0.0
q266371,nDCG@10,0.0
q266371,R@100,1.0
q266372,nDCG@10,1.0
q266372,R@100,1.0
q266373,nDCG@10,0.0
q266373,R@100,0.0
q266374,nDCG@10,0.0
q266374,R@100,0.0
q266375,nDCG@10,1.0
q266375,R@100,1.0
q266376,nDCG@10,1.0
q266376,R@100,1.0
q266377,nDCG@10,0.38685280723454163
q266377,R@100,1.0
q266378,nDCG@10,0.31546487678572877
q266378,R@100,1.0
q266379,nDCG@10,0.43067655807339306
q266379,R@100,1.0
q266380,nDCG@10,0.0
q266380,R@100,1.0
q266381,nDCG@10,0.0
q266381,R@100,1.0
q266382,nDCG@10,0.0
q266382,R@100,1.0
q266383,nDCG@10,1.0
q266383,R@100,1.0
q266384,nDCG@10,0.0
q266384,R@100,0.0
q266385,nDCG@10,0.31546487678572877
q266385,R@100,1.0
q266386,nDCG@10,0.43067655807339306
q266386,R@100,1.0
q266387,nDCG@10,0.0
q266387,R@100,0.0
q266388,nDCG@10,0.0
q266388,R@100,0.0
q266389,nDCG@10,0.0
q266389,R@100,0.0
q266390,nDCG@10,0.0
q266390,R@100,1.0
q266391,nDCG@10,0.38685280723454163
q266391,R@100,1.0
q266392,nDCG@10,1.0
q266392,R@100,1.0
q266393,nDCG@10,0.0
q266393,R@100,1.0
q266394,nDCG@10,0.0
q266394,R@100,0.0
q266395,nDCG@10,1.0
q266395,R@100,1.0
q266396,nDCG@10,0.0
q266396,R@100,1.0
q266397,nDCG@10,0.6309297535714575
q266397,R@100,1.0
q266398,nDCG@10,0.0
q266398,R@100,1.0
q266399,nDCG@10,0.0
q266399,R@100,0.0
q266400,nDCG@10,0.0
q266400,R@100,0.0
q266401,nDCG@10,1.0
q266401,R@100,1.0
q266402,nDCG@10,1.0
q266402,R@100,1.0
q266403,nDCG@10,0.0
q266403,R@100,0.0
q266404,nDCG@10,0.0
q266404,R@100,0.0
q266405,nDCG@10,0.0
q266405,R@100,0.0
q266406,nDCG@10,0.31546487678572877
q266406,R@100,1.0
q266407,nDCG@10,0.0
q266407,R@100,1.0
q266408,nDCG@10,0.0
q266408,R@100,1.0
q266409,nDCG@10,0.0
q266409,R@100,0.0
q266410,nDCG@10,0.0
q266410,R@100,0.0
q266411,nDCG@10,0.0
q266411,R@100,0.0
q266412,nDCG@10,1.0
q266412,R@100,1.0
q266413,nDCG@10,0.6309297535714575
q266413,R@100,1.0
q266414,nDCG@10,0.38685280723454163
q266414,R@100,1.0
q266415,nDCG@10,0.0
q266415,R@100,0.0
q266416,nDCG@10,0.0
q266416,R@100,0.0
q266417,nDCG@10,0.0
q266417,R@100,1.0
q266418,nDCG@10,1.0
q266418,R@100,1.0
q266419,nDCG@10,0.2890648263178879
q266419,R@100,1.0
q266420,nDCG@10,1.0
q266420,R@100,1.0
q266421,nDCG@10,1.0
q266421,R@100,1.0
q266422,nDCG@10,0.0
q266422,R@100,0.0
q266423,nDCG@10,0.0
q266423,R@100,0.0
q266424,nDCG@10,0.0
q266424,R@100,1.0
q266425,nDCG@10,1.0
q266425,R@100,1.0
q266426,nDCG@10,0.0
q266426,R@100,0.0
q266427,nDCG@10,0.0
q266427,R@100,0.0
q266428,nDCG@10,0.0
q266428,R@100,1.0
q266429,nDCG@10,0.0
q266429,R@100,1.0
q266430,nDCG@10,0.5
q266430,R@100,1.0
q266431,nDCG@10,1.0
q266431,R@100,1.0
q266432,nDCG@10,1.0
q266432,R@100,1.0
q266433,nDCG@10,0.6309297535714575
q266433,R@100,1.0
q266434,nDCG@10,0.0
q266434,R@100,0.0
q266435,nDCG@10,0.0
q266435,R@100,0.0
q266436,nDCG@10,0.0
q266436,R@100,0.0
q266437,nDCG@10,0.0
q266437,R@100,1.0
q266438,nDCG@10,0.3333333333333333
q266438,R@100,1.0
q266439,nDCG@10,0.0
q266439,R@100,1.0
q266440,nDCG@10,0.0
q266440,R@100,0.0
q266441,nDCG@10,0.0
q266441,R@100,0.0
q266442,nDCG@10,0.0
q266442,R@100,0.0
q266443,nDCG@10,0.0
q266443,R@100,0.0
q266444,nDCG@10,1.0
q266444,R@100,1.0
q266445,nDCG@10,1.0
q266445,R@100,1.0
q266446,nDCG@10,1.0
q266446,R@100,1.0
q266447,nDCG@10,0.0
q266447,R@100,1.0
q266448,nDCG@10,0.0
q266448,R@100,1.0
q266449,nDCG@10,0.0
q266449,R@100,0.0
q266450,nDCG@10,0.0
q266450,R@100,0.0
q266451,nDCG@10,0.0
q266451,R@100,0.0
q266452,nDCG@10,1.0
q266452,R@100,1.0
q266453,nDCG@10,1.0
q266453,R@100,1.0
q266454,nDCG@10,1.0
q266454,R@100,1.0
q266455,nDCG@10,0.5
q266455,R@100,1.0
q266456,nDCG@10,1.0
q266456,R@100,1.0
q266457,nDCG@10,0.0
q266457,R@100,1.0
q266458,nDCG@10,0.38685280723454163
q266458,R@100,1.0
q266459,nDCG@10,0.0
q266459,R@100,0.0
q266460,nDCG@10,0.0
q266460,R@100,0.0
q266461,nDCG@10,1.0
q266461,R@100,1.0
q266462,nDCG@10,0.0
q266462,R@100,1.0
q266463,nDCG@10,1.0
q266463,R@100,1.0
q266464,nDCG@10,0.0
q266464,R@100,0.0
q266465,nDCG@10,0.0
q266465,R@100,1.0
q266466,nDCG@10,0.0
q266466,R@100,0.0
q266467,nDCG@10,0.0
q266467,R@100,0.0
q266468,nDCG@10,0.0
q266468,R@100,0.0
q266469,nDCG@10,0.5
q266469,R@100,1.0
q266470,nDCG@10,0.0
q266470,R@100,0.0
q266471,nDCG@10,0.0
q266471,R@100,1.0
q266472,nDCG@10,0.0
q266472,R@100,1.0
q266473,nDCG@10,0.0
q266473,R@100,1.0
q266474,nDCG@10,1.0
q266474,R@100,1.0
q266475,nDCG@10,0.0
q266475,R@100,0.0
q266476,nDCG@10,0.6309297535714575
q266476,R@100,1.0
q266477,nDCG@10,1.0
q266477,R@100,1.0
q266478,nDCG@10,1.0
q266478,R@100,1.0
q266479,nDCG@10,0.0
q266479,R@100,1.0
q266480,nDCG@10,0.6309297535714575
q266480,R@100,1.0
q266481,nDCG@10,1.0
q266481,R@100,1.0
q266482,nDCG@10,1.0
q266482,R@100,1.0
q266483,nDCG@10,1.0
q266483,R@100,1.0
q266484,nDCG@10,1.0
q266484,R@100,1.0
q266485,nDCG@10,1.0
q266485,R@100,1.0
q266486,nDCG@10,1.0
q266486,R@100,1.0
q266487,nDCG@10,0.0
q266487,R@100,1.0
q266488,nDCG@10,0.6309297535714575
q266488,R@100,1.0
q266489,nDCG@10,1.0
q266489,R@100,1.0
q266490,nDCG@10,0.0
q266490,R@100,0.0
q266491,nDCG@10,0.0
q266491,R@100,0.0
q266492,nDCG@10,0.0
q266492,R@100,0.0
q266493,nDCG@10,0.3010299956639812
q266493,R@100,1.0
q266494,nDCG@10,0.43067655807339306
q266494,R@100,1.0
q266495,nDCG@10,1.0
q266495,R@100,1.0
q266496,nDCG@10,0.6309297535714575
q266496,R@100,1.0
q266497,nDCG@10,0.0
q266497,R@100,0.0
q266498,nDCG@10,0.38685280723454163
q266498,R@100,1.0
q266499,nDCG@10,1.0
q266499,R@100,1.0
q266500,nDCG@10,1.0
q266500,R@100,1.0
q266501,nDCG@10,1.0
q266501,R@100,1.0
q266502,nDCG@10,0.6309297535714575
q266502,R@100,1.0
q266503,nDCG@10,1.0
q266503,R@100,1.0
q266504,nDCG@10,1.0
q266504,R@100,1.0
q266505,nDCG@10,0.0
q266505,R@100,1.0
q266506,nDCG@10,0.5
q266506,R@100,1.0
q266507,nDCG@10,0.3562071871080222
q266507,R@100,1.0
q266508,nDCG@10,0.0
q266508,R@100,1.0
q266509,nDCG@10,0.0
q266509,R@100,0.0
q266510,nDCG@10,0.0
q266510,R@100,1.0
q266511,nDCG@10,0.0
q266511,R@100,1.0
q266512,nDCG@10,0.3010299956639812
q266512,R@100,1.0
q266513,nDCG@10,1.0
q266513,R@100,1.0
q266514,nDCG@10,0.6309297535714575
q266514,R@100,1.0
q266515,nDCG@10,0.5
q266515,R@100,1.0
q266516,nDCG@10,0.6309297535714575
q266516,R@100,1.0
q266517,nDCG@10,0.3010299956639812
q266517,R@100,1.0
q266518,nDCG@10,1.0
q266518,R@100,1.0
q266519,nDCG@10,0.0
q266519,R@100,0.0
q266520,nDCG@10,0.6309297535714575
q266520,R@100,1.0
q266521,nDCG@10,0.0
q266521,R@100,1.0
q266522,nDCG@10,1.0
q266522,R@100,1.0
q266523,nDCG@10,0.6309297535714575
q266523,R@100,1.0
q266524,nDCG@10,1.0
q266524,R@100,1.0
q266525,nDCG@10,1.0
q266525,R@100,1.0
q266526,nDCG@10,0.0
q266526,R@100,0.0
q266527,nDCG@10,0.0
q266527,R@100,0.0
q266528,nDCG@10,0.3010299956639812
q266528,R@100,1.0
q266529,nDCG@10,0.0
q266529,R@100,0.0
q266530,nDCG@10,1.0
q266530,R@100,1.0
q266531,nDCG@10,0.0
q266531,R@100,0.0
q266532,nDCG@10,1.0
q266532,R@100,1.0
q266533,nDCG@10,0.6309297535714575
q266533,R@100,1.0
q266534,nDCG@10,1.0
q266534,R@100,1.0
q266535,nDCG@10,0.43067655807339306
q266535,R@100,1.0
q266536,nDCG@10,0.0
q266536,R@100,1.0
q266537,nDCG@10,1.0
q266537,R@100,1.0
q266538,nDCG@10,0.0
q266538,R@100,0.0
q266539,nDCG@10,0.0
q266539,R@100,0.0
q266540,nDCG@10,0.0
q266540,R@100,0.0
q266541,nDCG@10,0.31546487678572877
q266541,R@100,1.0
q266542,nDCG@10,0.0
q266542,R@100,0.0
q266543,nDCG@10,0.0
q266543,R@100,0.0
q266544,nDCG@10,0.0
q266544,R@100,0.0
q266545,nDCG@10,0.0
q266545,R@100,0.0
q266546,nDCG@10,0.0
q266546,R@100,0.0
q266547,nDCG@10,0.0
q266547,R@100,0.0
q266548,nDCG@10,0.0
q266548,R@100,1.0
q266549,nDCG@10,0.0
q266549,R@100,0.0
q266550,nDCG@10,0.0
q266550,R@100,0.0
q266551,nDCG@10,0.0
q266551,R@100,0.0
q266552,nDCG@10,0.6309297535714575
q266552,R@100,1.0
q266553,nDCG@10,0.0
q266553,R@100,0.0
q266554,nDCG@10,0.0
q266554,R@100,0.0
q266555,nDCG@10,0.0
q266555,R@100,0.0
q266556,nDCG@10,0.0
q266556,R@100,1.0
q266557,nDCG@10,0.3562071871080222
q266557,R@100,1.0
q266558,nDCG@10,0.5
q266558,R@100,1.0
q266559,nDCG@10,0.0
q266559,R@100,1.0
q266560,nDCG@10,1.0
q266560,R@100,1.0
q266561,nDCG@10,0.5
q266561,R@100,1.0
q266562,nDCG@10,1.0
q266562,R@100,1.0
q266563,nDCG@10,0.2890648263178879
q266563,R@100,1.0
q266564,nDCG@10,0.5
q266564,R@100,1.0
q266565,nDCG@10,0.5
q266565,R@100,1.0
q266566,nDCG@10,0.43067655807339306
q266566,R@100,1.0
q266567,nDCG@10,1.0
q266567,R@100,1.0
q266568,nDCG@10,1.0
q266568,R@100,1.0
q266569,nDCG@10,0.3562071871080222
q266569,R@100,1.0
q266570,nDCG@10,0.0
q266570,R@100,0.0
q266571,nDCG@10,0.38685280723454163
q266571,R@100,1.0
q266572,nDCG@10,0.0
q266572,R@100,0.0
q266573,nDCG@10,0.0
q266573,R@100,0.0
q266574,nDCG@10,1.0
q266574,R@100,1.0
q266575,nDCG@10,1.0
q266575,R@100,1.0
q266576,nDCG@10,0.6309297535714575
q266576,R@100,1.0
q266577,nDCG@10,0.0
q266577,R@100,0.0
q266578,nDCG@10,0.0
q266578,R@100,0.0
q266579,nDCG@10,0.0
q266579,R@100,0.0
q266580,nDCG@10,1.0
q266580,R@100,1.0
q266581,nDCG@10,0.0
q266581,R@100,1.0
q266582,nDCG@10,0.0
q266582,R@100,0.0
q266583,nDCG@10,0.0
q266583,R@100,0.0
q266584,nDCG@10,0.0
q266584,R@100,0.0
q266585,nDCG@10,0.0
q266585,R@100,0.0
q266586,nDCG@10,0.5
q266586,R@100,1.0
q266587,nDCG@10,0.3010299956639812
q266587,R@100,1.0
q266588,nDCG@10,0.0
q266588,R@100,0.0
q266589,nDCG@10,0.0
q266589,R@100,0.0
q266590,nDCG@10,1.0
q266590,R@100,1.0
q266591,nDCG@10,0.6309297535714575
q266591,R@100,1.0
q266592,nDCG@10,0.0
q266592,R@100,0.0
q266593,nDCG@10,0.43067655807339306
q266593,R@100,1.0
q266594,nDCG@10,1.0
q266594,R@100,1.0
q266595,nDCG@10,0.0
q266595,R@100,1.0
q266596,nDCG@10,0.0
q266596,R@100,0.0
q266597,nDCG@10,0.0
q266597,R@100,1.0
q266598,nDCG@10,1.0
q266598,R@100,1.0
q266599,nDCG@10,1.0
q266599,R@100,1.0
q266600,nDCG@10,1.0
q266600,R@100,1.0
q266601,nDCG@10,1.0
q266601,R@100,1.0
q266602,nDCG@10,1.0
q266602,R@100,1.0
q266603,nDCG@10,1.0
q266603,R@100,1.0
q266604,nDCG@10,0.0
q266604,R@100,0.0
q266605,nDCG@10,0.0
q266605,R@100,0.0
q266606,nDCG@10,0.0
q266606,R@100,1.0
q266607,nDCG@10,1.0
q266607,R@100,1.0
q266608,nDCG@10,0.0
q266608,R@100,0.0
q266609,nDCG@10,0.6309297535714575
q266609,R@100,1.0
q266610,nDCG@10,0.0
q266610,R@100,1.0
q266611,nDCG@10,0.0
q266611,R@100,1.0
q266612,nDCG@10,0.0
q266612,R@100,1.0
q266613,nDCG@10,0.0
q266613,R@100,0.0
q266614,nDCG@10,0.0
q266614,R@100,0.0
q266615,nDCG@10,1.0
q266615,R@100,1.0
q266616,nDCG@10,0.0
q266616,R@100,0.0
q266617,nDCG@10,0.0
q266617,R@100,1.0
q266618,nDCG@10,0.0
q266618,R@100,0.0
q266619,nDCG@10,0.0
q266619,R@100,0.0
q266620,nDCG@10,0.0
q266620,R@100,0.0
q266621,nDCG@10,0.5
q266621,R@100,1.0
q266622,nDCG@10,0.5
q266622,R@100,1.0
q266623,nDCG@10,0.0
q266623,R@100,0.0
q266624,nDCG@10,0.0
q266624,R@100,0.0
q266625,nDCG@10,0.0
q266625,R@100,0.0
q266626,nDCG@10,0.0
q266626,R@100,0.0
q266627,nDCG@10,0.31546487678572877
q266627,R@100,1.0
q266628,nDCG@10,0.0
q266628,R@100,0.0
q266629,nDCG@10,0.31546487678572877
q266629,R@100,1.0
q266630,nDCG@10,0.0
q266630,R@100,0.0
q266631,nDCG@10,0.0
q266631,R@100,0.0
q266632,nDCG@10,0.6309297535714575
q266632,R@100,1.0
q266633,nDCG@10,0.0
q266633,R@100,0.0
q266634,nDCG@10,0.6309297535714575
q266634,R@100,1.0
q266635,nDCG@10,0.5
q266635,R@100,1.0
q266636,nDCG@10,0.38685280723454163
q266636,R@100,1.0
q266637,nDCG@10,1.0
q266637,R@100,1.0
q266638,nDCG@10,1.0
q266638,R@100,1.0
q266639,nDCG@10,1.0
q266639,R@100,1.0
q266640,nDCG@10,0.3562071871080222
q266640,R@100,1.0
q266641,nDCG@10,1.0
q266641,R@100,1.0
q266642,nDCG@10,0.0
q266642,R@100,1.0
q266643,nDCG@10,0.0
q266643,R@100,1.0
q266644,nDCG@10,0.0
q266644,R@100,0.0
q266645,nDCG@10,0.0
q266645,R@100,1.0
q266646,nDCG@10,1.0
q266646,R@100,1.0
q266647,nDCG@10,0.0
q266647,R@100,0.0
q266648,nDCG@10,0.0
q266648,R@100,0.0
q266649,nDCG@10,0.0
q266649,R@100,1.0
q266650,nDCG@10,0.0
q266650,R@100,0.0
q266651,nDCG@10,0.0
q266651,R@100,0.0
q266652,nDCG@10,0.0
q266652,R@100,0.0
q266653,nDCG@10,0.0
q266653,R@100,1.0
q266654,nDCG@10,1.0
q266654,R@100,1.0
q266655,nDCG@10,0.0
q266655,R@100,0.0
q266656,nDCG@10,1.0
q266656,R@100,1.0
q266657,nDCG@10,1.0
q266657,R@100,1.0
q266658,nDCG@10,0.0
q266658,R@100,0.0
q266659,nDCG@10,0.0
q266659,R@100,1.0
q266660,nDCG@10,0.0
q266660,R@100,0.0
q266661,nDCG@10,0.0
q266661,R@100,0.0
q266662,nDCG@10,0.6309297535714575
q266662,R@100,1.0
q266663,nDCG@10,0.0
q266663,R@100,1.0
q266664,nDCG@10,0.3010299956639812
q266664,R@100,1.0
q266665,nDCG@10,0.0
q266665,R@100,0.0
q266666,nDCG@10,0.3333333333333333
q266666,R@100,1.0
q266667,nDCG@10,0.0
q266667,R@100,0.0
q266668,nDCG@10,0.0
q266668,R@100,1.0
q266669,nDCG@10,0.0
q266669,R@100,1.0
q266670,nDCG@10,0.0
q266670,R@100,0.0
q266671,nDCG@10,0.0
q266671,R@100,1.0
q266672,nDCG@10,0.3562071871080222
q266672,R@100,1.0
q266673,nDCG@10,0.0
q266673,R@100,0.0
q266674,nDCG@10,0.0
q266674,R@100,1.0
q266675,nDCG@10,0.0
q266675,R@100,0.0
q266676,nDCG@10,1.0
q266676,R@100,1.0
q266677,nDCG@10,0.0
q266677,R@100,1.0
q266678,nDCG@10,0.0
q266678,R@100,1.0
q266679,nDCG@10,0.6309297535714575
q266679,R@100,1.0
q266680,nDCG@10,0.6309297535714575
q266680,R@100,1.0
q266681,nDCG@10,0.0
q266681,R@100,0.0
q266682,nDCG@10,0.5
q266682,R@100,1.0
q266683,nDCG@10,0.0
q266683,R@100,0.0
q266684,nDCG@10,0.0
q266684,R@100,0.0
q266685,nDCG@10,0.0
q266685,R@100,0.0
q266686,nDCG@10,1.0
q266686,R@100,1.0
q266687,nDCG@10,0.0
q266687,R@100,0.0
q266688,nDCG@10,0.0
q266688,R@100,0.0
q266689,nDCG@10,0.0
q266689,R@100,0.0
q266690,nDCG@10,0.0
q266690,R@100,0.0
q266691,nDCG@10,0.0
q266691,R@100,0.0
q266692,nDCG@10,0.0
q266692,R@100,0.0
q266693,nDCG@10,0.0
q266693,R@100,1.0
q266694,nDCG@10,1.0
q266694,R@100,1.0
q266695,nDCG@10,0.0
q266695,R@100,0.0
q266696,nDCG@10,0.0
q266696,R@100,0.0
q266697,nDCG@10,0.0
q266697,R@100,0.0
q266698,nDCG@10,0.0
q266698,R@100,0.0
q266699,nDCG@10,0.0
q266699,R@100,1.0
q266700,nDCG@10,0.0
q266700,R@100,0.0
q266701,nDCG@10,0.0
q266701,R@100,0.0
q266702,nDCG@10,0.3333333333333333
q266702,R@100,1.0
q266703,nDCG@10,1.0
q266703,R@100,1.0
q266704,nDCG@10,0.43067655807339306
q266704,R@100,1.0
q266705,nDCG@10,1.0
q266705,R@100,1.0
q266706,nDCG@10,0.6309297535714575
q266706,R@100,1.0
q266707,nDCG@10,1.0
q266707,R@100,1.0
q266708,nDCG@10,0.6309297535714575
q266708,R@100,1.0
q266709,nDCG@10,0.0
q266709,R@100,0.0
q266710,nDCG@10,1.0
q266710,R@100,1.0
q266711,nDCG@10,0.0
q266711,R@100,1.0
q266712,nDCG@10,0.0
q266712,R@100,0.0
q266713,nDCG@10,1.0
q266713,R@100,1.0
q266714,nDCG@10,0.0
q266714,R@100,1.0
q266715,nDCG@10,0.0
q266715,R@100,1.0
q266716,nDCG@10,0.0
q266716,R@100,1.0
q266717,nDCG@10,0.0
q266717,R@100,0.0
q266718,nDCG@10,0.0
q266718,R@100,0.0
q266719,nDCG@10,0.43067655807339306
q266719,R@100,1.0
q266720,nDCG@10,1.0
q266720,R@100,1.0
q266721,nDCG@10,1.0
q266721,R@100,1.0
q266722,nDCG@10,1.0
q266722,R@100,1.0
q266723,nDCG@10,1.0
q266723,R@100,1.0
q266724,nDCG@10,0.6309297535714575
q266724,R@100,1.0
q266725,nDCG@10,1.0
q266725,R@100,1.0
q266726,nDCG@10,0.0
q266726,R@100,0.0
q266727,nDCG@10,1.0
q266727,R@100,1.0
q266728,nDCG@10,1.0
q266728,R@100,1.0
q266729,nDCG@10,0.0
q266729,R@100,0.0
q266730,nDCG@10,0.38685280723454163
q266730,R@100,1.0
q266731,nDCG@10,1.0
q266731,R@100,1.0
q266732,nDCG@10,1.0
q266732,R@100,1.0
q266733,nDCG@10,0.3010299956639812
q266733,R@100,1.0
q266734,nDCG@10,1.0
q266734,R@100,1.0
q266735,nDCG@10,0.0
q266735,R@100,0.0
q266736,nDCG@10,1.0
q266736,R@100,1.0
q266737,nDCG@10,0.0
q266737,R@100,0.0
q266738,nDCG@10,1.0
q266738,R@100,1.0
q266739,nDCG@10,0.0
q266739,R@100,1.0
q266740,nDCG@10,1.0
q266740,R@100,1.0
q266741,nDCG@10,1.0
q266741,R@100,1.0
q266742,nDCG@10,1.0
q266742,R@100,1.0
q266743,nDCG@10,1.0
q266743,R@100,1.0
q266744,nDCG@10,0.5
q266744,R@100,1.0
q266745,nDCG@10,0.0
q266745,R@100,1.0
q266746,nDCG@10,0.0
q266746,R@100,0.0
q266747,nDCG@10,0.0
q266747,R@100,1.0
q266748,nDCG@10,0.0
q266748,R@100,0.0
q266749,nDCG@10,0.0
q266749,R@100,0.0
q266750,nDCG@10,0.0
q266750,R@100,0.0
q266751,nDCG@10,0.0
q266751,R@100,1.0
q266752,nDCG@10,0.0
q266752,R@100,0.0
q266753,nDCG@10,0.5
q266753,R@100,1.0
q266754,nDCG@10,0.0
q266754,R@100,0.0
q266755,nDCG@10,1.0
q266755,R@100,1.0
q266756,nDCG@10,0.0
q266756,R@100,1.0
q266757,nDCG@10,0.0
q266757,R@100,0.0
q266758,nDCG@10,0.0
q266758,R@100,0.0
q266759,nDCG@10,1.0
q266759,R@100,1.0
q266760,nDCG@10,0.0
q266760,R@100,0.0
q266761,nDCG@10,1.0
q266761,R@100,1.0
q266762,nDCG@10,1.0
q266762,R@100,1.0
q266763,nDCG@10,1.0
q266763,R@100,1.0
q266764,nDCG@10,0.0
q266764,R@100,0.0
q266765,nDCG@10,1.0
q266765,R@100,1.0
q266766,nDCG@10,0.0
q266766,R@100,0.0
q266767,nDCG@10,0.0
q266767,R@100,1.0
q266768,nDCG@10,0.0
q266768,R@100,0.0
q266769,nDCG@10,1.0
q266769,R@100,1.0
q266770,nDCG@10,0.0
q266770,R@100,0.0
q266771,nDCG@10,0.6309297535714575
q266771,R@100,1.0
q266772,nDCG@10,0.43067655807339306
q266772,R@100,1.0
q266773,nDCG@10,1.0
q266773,R@100,1.0
q266774,nDCG@10,1.0
q266774,R@100,1.0
q266775,nDCG@10,0.0
q266775,R@100,1.0
q266776,nDCG@10,1.0
q266776,R@100,1.0
q266777,nDCG@10,0.0
q266777,R@100,0.0
q266778,nDCG@10,0.0
q266778,R@100,0.0
q266779,nDCG@10,0.0
q266779,R@100,0.0
q266780,nDCG@10,0.0
q266780,R@100,0.0
q266781,nDCG@10,0.0
q266781,R@100,0.0
q266782,nDCG@10,1.0
q266782,R@100,1.0
q266783,nDCG@10,0.6309297535714575
q266783,R@100,1.0
q266784,nDCG@10,0.0
q266784,R@100,1.0
q266785,nDCG@10,0.0
q266785,R@100,1.0
q266786,nDCG@10,0.0
q266786,R@100,0.0
q266787,nDCG@10,1.0
q266787,R@100,1.0
q266788,nDCG@10,0.0
q266788,R@100,0.0
q266789,nDCG@10,0.5
q266789,R@100,1.0
q266790,nDCG@10,0.0
q266790,R@100,1.0
q266791,nDCG@10,0.5
q266791,R@100,1.0
q266792,nDCG@10,0.0
q266792,R@100,1.0
q266793,nDCG@10,0.0
q266793,R@100,1.0
q266794,nDCG@10,0.0
q266794,R@100,0.0
q266795,nDCG@10,0.0
q266795,R@100,1.0
q266796,nDCG@10,1.0
q266796,R@100,1.0
q266797,nDCG@10,1.0
q266797,R@100,1.0
q266798,nDCG@10,0.0
q266798,R@100,0.0
q266799,nDCG@10,0.0
q266799,R@100,0.0
q266800,nDCG@10,0.0
q266800,R@100,0.0
q266801,nDCG@10,0.6309297535714575
q266801,R@100,1.0
q266802,nDCG@10,0.0
q266802,R@100,0.0
q266803,nDCG@10,0.0
q266803,R@100,0.0
q266804,nDCG@10,1.0
q266804,R@100,1.0
q266805,nDCG@10,1.0
q266805,R@100,1.0
q266806,nDCG@10,1.0
q266806,R@100,1.0
q266807,nDCG@10,0.0
q266807,R@100,1.0
q266808,nDCG@10,0.3562071871080222
q266808,R@100,1.0
q266809,nDCG@10,0.0
q266809,R@100,0.0
q266810,nDCG@10,0.0
q266810,R@100,1.0
q266811,nDCG@10,0.0
q266811,R@100,1.0
q266812,nDCG@10,0.0
q266812,R@100,0.0
q266813,nDCG@10,0.0
q266813,R@100,1.0
q266814,nDCG@10,0.0
q266814,R@100,0.0
q266815,nDCG@10,0.0
q266815,R@100,0.0
q266816,nDCG@10,1.0
q266816,R@100,1.0
q266817,nDCG@10,1.0
q266817,R@100,1.0
q266818,nDCG@10,0.6309297535714575
q266818,R@100,1.0
q266819,nDCG@10,1.0
q266819,R@100,1.0
q266820,nDCG@10,1.0
q266820,R@100,1.0
q266821,nDCG@10,0.0
q266821,R@100,0.0
q266822,nDCG@10,0.0
q266822,R@100,0.0
q266823,nDCG@10,0.0
q266823,R@100,0.0
q266824,nDCG@10,1.0
q266824,R@100,1.0
q266825,nDCG@10,0.5
q266825,R@100,1.0
q266826,nDCG@10,0.5
q266826,R@100,1.0
q266827,nDCG@10,0.0
q266827,R@100,0.0
q266828,nDCG@10,1.0
q266828,R@100,1.0
q266829,nDCG@10,1.0
q266829,R@100,1.0
q266830,nDCG@10,0.0
q266830,R@100,0.0
q266831,nDCG@10,0.0
q266831,R@100,0.0
q266832,nDCG@10,0.0
q266832,R@100,0.0
q266833,nDCG@10,0.0
q266833,R@100,0.0
q266834,nDCG@10,0.0
q266834,R@100,0.0
q266835,nDCG@10,0.0
q266835,R@100,0.0
q266836,nDCG@10,0.0
q266836,R@100,1.0
q266837,nDCG@10,0.0
q266837,R@100,0.0
q266838,nDCG@10,0.0
q266838,R@100,0.0
q266839,nDCG@10,0.0
q266839,R@100,1.0
q266840,nDCG@10,1.0
q266840,R@100,1.0
q266841,nDCG@10,1.0
q266841,R@100,1.0
q266842,nDCG@10,0.0
q266842,R@100,1.0
q266843,nDCG@10,0.5
q266843,R@100,1.0
q266844,nDCG@10,1.0
q266844,R@100,1.0
q266845,nDCG@10,0.0
q266845,R@100,0.0
q266846,nDCG@10,0.0
q266846,R@100,0.0
q266847,nDCG@10,0.0
q266847,R@100,0.0
q266848,nDCG@10,0.0
q266848,R@100,1.0
q266849,nDCG@10,0.0
q266849,R@100,0.0
q266850,nDCG@10,0.0
q266850,R@100,0.0
q266851,nDCG@10,0.0
q266851,R@100,0.0
q266852,nDCG@10,0.0
q266852,R@100,0.0
q266853,nDCG@10,0.0
q266853,R@100,0.0
q266854,nDCG@10,0.38685280723454163
q266854,R@100,1.0
q266855,nDCG@10,0.2890648263178879
q266855,R@100,1.0
q266856,nDCG@10,0.0
q266856,R@100,1.0
q266857,nDCG@10,1.0
q266857,R@100,1.0
q266858,nDCG@10,0.3562071871080222
q266858,R@100,1.0
q266859,nDCG@10,0.0
q266859,R@100,0.0
q266860,nDCG@10,0.2890648263178879
q266860,R@100,1.0
q266861,nDCG@10,0.0
q266861,R@100,0.0
q266862,nDCG@10,1.0
q266862,R@100,1.0
q266863,nDCG@10,0.0
q266863,R@100,0.0
q266864,nDCG@10,0.0
q266864,R@100,0.0
q266865,nDCG@10,1.0
q266865,R@100,1.0
q266866,nDCG@10,1.0
q266866,R@100,1.0
q266867,nDCG@10,1.0
q266867,R@100,1.0
q266868,nDCG@10,0.0
q266868,R@100,0.0
q266869,nDCG@10,0.0
q266869,R@100,0.0
q266870,nDCG@10,0.0
q266870,R@100,1.0
q266871,nDCG@10,0.0
q266871,R@100,1.0
q266872,nDCG@10,0.0
q266872,R@100,0.0
q266873,nDCG@10,0.0
q266873,R@100,0.0
q266874,nDCG@10,0.3010299956639812
q266874,R@100,1.0
q266875,nDCG@10,0.6309297535714575
q266875,R@100,1.0
q266876,nDCG@10,1.0
q266876,R@100,1.0
q266877,nDCG@10,0.3562071871080222
q266877,R@100,1.0
q266878,nDCG@10,0.0
q266878,R@100,0.0
q266879,nDCG@10,0.38685280723454163
q266879,R@100,1.0
q266880,nDCG@10,0.43067655807339306
q266880,R@100,1.0
q266881,nDCG@10,0.31546487678572877
q266881,R@100,1.0
q266882,nDCG@10,0.0
q266882,R@100,0.0
q266883,nDCG@10,0.0
q266883,R@100,0.0
q266884,nDCG@10,0.0
q266884,R@100,0.0
q266885,nDCG@10,0.0
q266885,R@100,0.0
q266886,nDCG@10,0.0
q266886,R@100,0.0
q266887,nDCG@10,0.0
q266887,R@100,0.0
q266888,nDCG@10,0.0
q266888,R@100,0.0
q266889,nDCG@10,0.0
q266889,R@100,0.0
q266890,nDCG@10,1.0
q266890,R@100,1.0
q266891,nDCG@10,0.5
q266891,R@100,1.0
q266892,nDCG@10,0.0
q266892,R@100,0.0
q266893,nDCG@10,0.0
q266893,R@100,1.0
q266894,nDCG@10,1.0
q266894,R@100,1.0
q266895,nDCG@10,1.0
q266895,R@100,1.0
q266896,nDCG@10,0.0
q266896,R@100,0.0
q266897,nDCG@10,0.0
q266897,R@100,0.0
q266898,nDCG@10,0.6309297535714575
q266898,R@100,1.0
q266899,nDCG@10,1.0
q266899,R@100,1.0
q266900,nDCG@10,0.6309297535714575
q266900,R@100,1.0
q266901,nDCG@10,0.0
q266901,R@100,0.0
q266902,nDCG@10,1.0
q266902,R@100,1.0
q266903,nDCG@10,0.0
q266903,R@100,0.0
q266904,nDCG@10,0.0
q266904,R@100,0.0
q266905,nDCG@10,0.0
q266905,R@100,0.0
q266906,nDCG@10,0.0
q266906,R@100,0.0
q266907,nDCG@10,0.0
q266907,R@100,1.0
q266908,nDCG@10,0.0
q266908,R@100,1.0
q266909,nDCG@10,0.3333333333333333
q266909,R@100,1.0
q266910,nDCG@10,1.0
q266910,R@100,1.0
q266911,nDCG@10,1.0
q266911,R@100,1.0
q266912,nDCG@10,1.0
q266912,R@100,1.0
q266913,nDCG@10,1.0
q266913,R@100,1.0
q266914,nDCG@10,1.0
q266914,R@100,1.0
q266915,nDCG@10,1.0
q266915,R@100,1.0
q266916,nDCG@10,1.0
q266916,R@100,1.0
q266917,nDCG@10,0.0
q266917,R@100,0.0
q266918,nDCG@10,0.5
q266918,R@100,1.0
q266919,nDCG@10,0.0
q266919,R@100,0.0
q266920,nDCG@10,0.3562071871080222
q266920,R@100,1.0
q266921,nDCG@10,0.43067655807339306
q266921,R@100,1.0
q266922,nDCG@10,0.0
q266922,R@100,1.0
q266923,nDCG@10,0.0
q266923,R@100,0.0
q266924,nDCG@10,1.0
q266924,R@100,1.0
q266925,nDCG@10,0.6309297535714575
q266925,R@100,1.0
q266926,nDCG@10,0.0
q266926,R@100,1.0
q266927,nDCG@10,1.0
q266927,R@100,1.0
q266928,nDCG@10,0.6309297535714575
q266928,R@100,1.0
q266929,nDCG@10,1.0
q266929,R@100,1.0
q266930,nDCG@10,0.6309297535714575
q266930,R@100,1.0
q266931,nDCG@10,0.0
q266931,R@100,0.0
q266932,nDCG@10,0.0
q266932,R@100,0.0
q266933,nDCG@10,0.0
q266933,R@100,1.0
q266934,nDCG@10,0.0
q266934,R@100,0.0
q266935,nDCG@10,1.0
q266935,R@100,1.0
q266936,nDCG@10,0.0
q266936,R@100,1.0
q266937,nDCG@10,0.0
q266937,R@100,1.0
q266938,nDCG@10,0.0
q266938,R@100,1.0
q266939,nDCG@10,0.6309297535714575
q266939,R@100,1.0
q266940,nDCG@10,0.0
q266940,R@100,0.0
q266941,nDCG@10,0.0
q266941,R@100,1.0
q266942,nDCG@10,0.0
q266942,R@100,1.0
q266943,nDCG@10,0.0
q266943,R@100,0.0
q266944,nDCG@10,1.0
q266944,R@100,1.0
q266945,nDCG@10,0.0
q266945,R@100,0.0
q266946,nDCG@10,0.0
q266946,R@100,1.0
q266947,nDCG@10,0.0
q266947,R@100,1.0
q266948,nDCG@10,0.6309297535714575
q266948,R@100,1.0
q266949,nDCG@10,1.0
q266949,R@100,1.0
q266950,nDCG@10,1.0
q266950,R@100,1.0
q266951,nDCG@10,1.0
q266951,R@100,1.0
q266952,nDCG@10,1.0
q266952,R@100,1.0
q266953,nDCG@10,1.0
q266953,R@100,1.0
q266954,nDCG@10,1.0
q266954,R@100,1.0
q266955,nDCG@10,1.0
q266955,R@100,1.0
q266956,nDCG@10,1.0
q266956,R@100,1.0
q266957,nDCG@10,1.0
q266957,R@100,1.0
q266958,nDCG@10,0.0
q266958,R@100,0.0
q266959,nDCG@10,0.5
q266959,R@100,1.0
q266960,nDCG@10,1.0
q266960,R@100,1.0
q266961,nDCG@10,0.43067655807339306
q266961,R@100,1.0
q266962,nDCG@10,0.43067655807339306
q266962,R@100,1.0
q266963,nDCG@10,1.0
q266963,R@100,1.0
q266964,nDCG@10,0.6309297535714575
q266964,R@100,1.0
q266965,nDCG@10,1.0
q266965,R@100,1.0
q266966,nDCG@10,0.6309297535714575
q266966,R@100,1.0
q266967,nDCG@10,1.0
q266967,R@100,1.0
q266968,nDCG@10,1.0
q266968,R@100,1.0
q266969,nDCG@10,0.0
q266969,R@100,1.0
q266970,nDCG@10,0.43067655807339306
q266970,R@100,1.0
q266971,nDCG@10,0.0
q266971,R@100,0.0
q266972,nDCG@10,0.31546487678572877
q266972,R@100,1.0
q266973,nDCG@10,0.0
q266973,R@100,1.0
q266974,nDCG@10,0.6309297535714575
q266974,R@100,1.0
q266975,nDCG@10,1.0
q266975,R@100,1.0
q266976,nDCG@10,1.0
q266976,R@100,1.0
q266977,nDCG@10,0.0
q266977,R@100,0.0
q266978,nDCG@10,0.38685280723454163
q266978,R@100,1.0
q266979,nDCG@10,1.0
q266979,R@100,1.0
q266980,nDCG@10,1.0
q266980,R@100,1.0
q266981,nDCG@10,0.6309297535714575
q266981,R@100,1.0
q266982,nDCG@10,0.0
q266982,R@100,0.0
q266983,nDCG@10,1.0
q266983,R@100,1.0
q266984,nDCG@10,1.0
q266984,R@100,1.0
q266985,nDCG@10,1.0
q266985,R@100,1.0
q266986,nDCG@10,0.0
q266986,R@100,0.0
q266987,nDCG@10,0.0
q266987,R@100,1.0
q266988,nDCG@10,1.0
q266988,R@100,1.0
q266989,nDCG@10,0.0
q266989,R@100,1.0
q266990,nDCG@10,1.0
q266990,R@100,1.0
q266991,nDCG@10,0.0
q266991,R@100,1.0
q266992,nDCG@10,0.0
q266992,R@100,1.0
q266993,nDCG@10,0.43067655807339306
q266993,R@100,1.0
q266994,nDCG@10,0.0
q266994,R@100,0.0
q266995,nDCG@10,1.0
q266995,R@100,1.0
q266996,nDCG@10,1.0
q266996,R@100,1.0
q266997,nDCG@10,1.0
q266997,R@100,1.0
q266998,nDCG@10,0.0
q266998,R@100,1.0
q266999,nDCG@10,0.0
q266999,R@100,0.0
q267000,nDCG@10,0.0
q267000,R@100,1.0
q267001,nDCG@10,0.38685280723454163
q267001,R@100,1.0
q267002,nDCG@10,1.0
q267002,R@100,1.0
q267003,nDCG@10,1.0
q267003,R@100,1.0
q267004,nDCG@10,0.43067655807339306
q267004,R@100,1.0
q267005,nDCG@10,1.0
q267005,R@100,1.0
q267006,nDCG@10,1.0
q267006,R@100,1.0
q267007,nDCG@10,0.0
q267007,R@100,1.0
q267008,nDCG@10,0.0
q267008,R@100,0.0
q267009,nDCG@10,0.0
q267009,R@100,0.0
q267010,nDCG@10,0.0
q267010,R@100,1.0
q267011,nDCG@10,0.0
q267011,R@100,0.0
q267012,nDCG@10,0.31546487678572877
q267012,R@100,1.0
q267013,nDCG@10,0.6309297535714575
q267013,R@100,1.0
q267014,nDCG@10,0.0
q267014,R@100,0.0
q267015,nDCG@10,1.0
q267015,R@100,1.0
q267016,nDCG@10,0.43067655807339306
q267016,R@100,1.0
q267017,nDCG@10,0.0
q267017,R@100,0.0
q267018,nDCG@10,0.0
q267018,R@100,0.0
q267019,nDCG@10,0.43067655807339306
q267019,R@100,1.0
q267020,nDCG@10,0.0
q267020,R@100,0.0
q267021,nDCG@10,0.0
q267021,R@100,0.0
q267022,nDCG@10,1.0
q267022,R@100,1.0
q267023,nDCG@10,1.0
q267023,R@100,1.0
q267024,nDCG@10,1.0
q267024,R@100,1.0
q267025,nDCG@10,1.0
q267025,R@100,1.0
q267026,nDCG@10,0.6309297535714575
q267026,R@100,1.0
q267027,nDCG@10,0.6309297535714575
q267027,R@100,1.0
q267028,nDCG@10,0.6309297535714575
q267028,R@100,1.0
q267029,nDCG@10,0.5
q267029,R@100,1.0
q267030,nDCG@10,0.0
q267030,R@100,0.0
q267031,nDCG@10,0.0
q267031,R@100,1.0
q267032,nDCG@10,0.0
q267032,R@100,1.0
q267033,nDCG@10,0.0
q267033,R@100,0.0
q267034,nDCG@10,0.3010299956639812
q267034,R@100,1.0
q267035,nDCG@10,1.0
q267035,R@100,1.0
q267036,nDCG@10,0.43067655807339306
q267036,R@100,1.0
q267037,nDCG@10,1.0
q267037,R@100,1.0
q267038,nDCG@10,0.6309297535714575
q267038,R@100,1.0
q267039,nDCG@10,0.0
q267039,R@100,0.0
q267040,nDCG@10,0.0
q267040,R@100,1.0
q267041,nDCG@10,1.0
q267041,R@100,1.0
q267042,nDCG@10,1.0
q267042,R@100,1.0
q267043,nDCG@10,0.0
q267043,R@100,0.0
q267044,nDCG@10,0.0
q267044,R@100,0.0
q267045,nDCG@10,0.6309297535714575
q267045,R@100,1.0
q267046,nDCG@10,1.0
q267046,R@100,1.0
q267047,nDCG@10,1.0
q267047,R@100,1.0
q267048,nDCG@10,0.6309297535714575
q267048,R@100,1.0
q267049,nDCG@10,0.6309297535714575
q267049,R@100,1.0
q267050,nDCG@10,0.6309297535714575
q267050,R@100,1.0
q267051,nDCG@10,0.43067655807339306
q267051,R@100,1.0
q267052,nDCG@10,0.5
q267052,R@100,1.0
q267053,nDCG@10,1.0
q267053,R@100,1.0
q267054,nDCG@10,0.0
q267054,R@100,0.0
q267055,nDCG@10,0.0
q267055,R@100,1.0
q267056,nDCG@10,0.0
q267056,R@100,0.0
q267057,nDCG@10,0.0
q267057,R@100,1.0
q267058,nDCG@10,0.31546487678572877
q267058,R@100,1.0
q267059,nDCG@10,1.0
q267059,R@100,1.0
q267060,nDCG@10,0.0
q267060,R@100,0.0
q267061,nDCG@10,0.0
q267061,R@100,1.0
q267062,nDCG@10,0.0
q267062,R@100,1.0
q267063,nDCG@10,0.0
q267063,R@100,0.0
q267064,nDCG@10,0.31546487678572877
q267064,R@100,1.0
q267065,nDCG@10,1.0
q267065,R@100,1.0
q267066,nDCG@10,0.0
q267066,R@100,0.0
q267067,nDCG@10,0.0
q267067,R@100,0.0
q267068,nDCG@10,0.5
q267068,R@100,1.0
q267069,nDCG@10,0.0
q267069,R@100,0.0
q267070,nDCG@10,0.0
q267070,R@100,1.0
q267071,nDCG@10,0.0
q267071,R@100,1.0
q267072,nDCG@10,0.0
q267072,R@100,0.0
q267073,nDCG@10,0.0
q267073,R@100,0.0
q267074,nDCG@10,1.0
q267074,R@100,1.0
q267075,nDCG@10,0.0
q267075,R@100,1.0
q267076,nDCG@10,0.43067655807339306
q267076,R@100,1.0
q267077,nDCG@10,1.0
q267077,R@100,1.0
q267078,nDCG@10,1.0
q267078,R@100,1.0
q267079,nDCG@10,0.0
q267079,R@100,0.0
q267080,nDCG@10,0.0
q267080,R@100,0.0
q267081,nDCG@10,0.0
q267081,R@100,0.0
q267082,nDCG@10,0.0
q267082,R@100,0.0
q267083,nDCG@10,0.0
q267083,R@100,0.0
q267084,nDCG@10,0.0
q267084,R@100,0.0
q267085,nDCG@10,0.0
q267085,R@100,0.0
q267086,nDCG@10,0.0
q267086,R@100,0.0
q267087,nDCG@10,0.0
q267087,R@100,1.0
q267088,nDCG@10,1.0
q267088,R@100,1.0
q267089,nDCG@10,1.0
q267089,R@100,1.0
q267090,nDCG@10,1.0
q267090,R@100,1.0
q267091,nDCG@10,1.0
q267091,R@100,1.0
q267092,nDCG@10,0.0
q267092,R@100,0.0
q267093,nDCG@10,1.0
q267093,R@100,1.0
q267094,nDCG@10,0.5
q267094,R@100,1.0
q267095,nDCG@10,0.0
q267095,R@100,0.0
q267096,nDCG@10,0.0
q267096,R@100,1.0
q267097,nDCG@10,0.0
q267097,R@100,0.0
q267098,nDCG@10,0.0
q267098,R@100,1.0
q267099,nDCG@10,1.0
q267099,R@100,1.0
q267100,nDCG@10,0.0
q267100,R@100,0.0
q267101,nDCG@10,0.0
q267101,R@100,0.0
q267102,nDCG@10,0.0
q267102,R@100,0.0
q267103,nDCG@10,0.0
q267103,R@100,0.0
q267104,nDCG@10,1.0
q267104,R@100,1.0
q267105,nDCG@10,0.0
q267105,R@100,0.0
q267106,nDCG@10,0.0
q267106,R@100,1.0
q267107,nDCG@10,0.38685280723454163
q267107,R@100,1.0
q267108,nDCG@10,1.0
q267108,R@100,1.0
q267109,nDCG@10,1.0
q267109,R@100,1.0
q267110,nDCG@10,0.6309297535714575
q267110,R@100,1.0
q267111,nDCG@10,1.0
q267111,R@100,1.0
q267112,nDCG@10,0.0
q267112,R@100,1.0
q267113,nDCG@10,1.0
q267113,R@100,1.0
q267114,nDCG@10,1.0
q267114,R@100,1.0
q267115,nDCG@10,0.6309297535714575
q267115,R@100,1.0
q267116,nDCG@10,1.0
q267116,R@100,1.0
q267117,nDCG@10,0.0
q267117,R@100,1.0
q267118,nDCG@10,0.0
q267118,R@100,0.0
q267119,nDCG@10,0.0
q267119,R@100,0.0
q267120,nDCG@10,0.0
q267120,R@100,0.0
q267121,nDCG@10,0.0
q267121,R@100,0.0
q267122,nDCG@10,1.0
q267122,R@100,1.0
q267123,nDCG@10,0.0
q267123,R@100,0.0
q267124,nDCG@10,0.0
q267124,R@100,0.0
q267125,nDCG@10,0.0
q267125,R@100,0.0
q267126,nDCG@10,1.0
q267126,R@100,1.0
q267127,nDCG@10,1.0
q267127,R@100,1.0
q267128,nDCG@10,1.0
q267128,R@100,1.0
q267129,nDCG@10,0.0
q267129,R@100,1.0
q267130,nDCG@10,0.0
q267130,R@100,1.0
q267131,nDCG@10,1.0
q267131,R@100,1.0
q267132,nDCG@10,0.0
q267132,R@100,1.0
q267133,nDCG@10,1.0
q267133,R@100,1.0
q267134,nDCG@10,1.0
q267134,R@100,1.0
q267135,nDCG@10,1.0
q267135,R@100,1.0
q267136,nDCG@10,0.0
q267136,R@100,0.0
q267137,nDCG@10,1.0
q267137,R@100,1.0
q267138,nDCG@10,0.0
q267138,R@100,0.0
q267139,nDCG@10,0.0
q267139,R@100,1.0
q267140,nDCG@10,1.0
q267140,R@100,1.0
q267141,nDCG@10,1.0
q267141,R@100,1.0
q267142,nDCG@10,1.0
q267142,R@100,1.0
q267143,nDCG@10,1.0
q267143,R@100,1.0
q267144,nDCG@10,0.0
q267144,R@100,0.0
q267145,nDCG@10,1.0
q267145,R@100,1.0
q267146,nDCG@10,1.0
q267146,R@100,1.0
q267147,nDCG@10,1.0
q267147,R@100,1.0
q267148,nDCG@10,0.0
q267148,R@100,1.0
q267149,nDCG@10,1.0
q267149,R@100,1.0
q267150,nDCG@10,1.0
q267150,R@100,1.0
q267151,nDCG@10,1.0
q267151,R@100,1.0
q267152,nDCG@10,0.0
q267152,R@100,1.0
q267153,nDCG@10,0.5
q267153,R@100,1.0
q267154,nDCG@10,0.3010299956639812
q267154,R@100,1.0
q267155,nDCG@10,0.6309297535714575
q267155,R@100,1.0
q267156,nDCG@10,0.6309297535714575
q267156,R@100,1.0
q267157,nDCG@10,0.6309297535714575
q267157,R@100,1.0
q267158,nDCG@10,0.2890648263178879
q267158,R@100,1.0
q267159,nDCG@10,0.0
q267159,R@100,1.0
q267160,nDCG@10,0.0
q267160,R@100,0.0
q267161,nDCG@10,0.0
q267161,R@100,0.0
q267162,nDCG@10,0.0
q267162,R@100,1.0
q267163,nDCG@10,0.31546487678572877
q267163,R@100,1.0
q267164,nDCG@10,0.5
q267164,R@100,1.0
q267165,nDCG@10,0.43067655807339306
q267165,R@100,1.0
q267166,nDCG@10,0.0
q267166,R@100,0.0
q267167,nDCG@10,0.0
q267167,R@100,1.0
q267168,nDCG@10,0.0
q267168,R@100,0.0
q267169,nDCG@10,0.0
q267169,R@100,0.0
q267170,nDCG@10,0.0
q267170,R@100,0.0
q267171,nDCG@10,0.3562071871080222
q267171,R@100,1.0
q267172,nDCG@10,0.0
q267172,R@100,0.0
q267173,nDCG@10,0.0
q267173,R@100,1.0
q267174,nDCG@10,0.0
q267174,R@100,0.0
q267175,nDCG@10,0.3333333333333333
q267175,R@100,1.0
q267176,nDCG@10,0.6309297535714575
q267176,R@100,1.0
q267177,nDCG@10,1.0
q267177,R@100,1.0
q267178,nDCG@10,0.3333333333333333
q267178,R@100,1.0
q267179,nDCG@10,0.0
q267179,R@100,0.0
q267180,nDCG@10,0.0
q267180,R@100,0.0
q267181,nDCG@10,0.0
q267181,R@100,0.0
q267182,nDCG@10,0.0
q267182,R@100,0.0
q267183,nDCG@10,0.0
q267183,R@100,0.0
q267184,nDCG@10,0.0
q267184,R@100,0.0
q267185,nDCG@10,0.6309297535714575
q267185,R@100,1.0
q267186,nDCG@10,0.0
q267186,R@100,0.0
q267187,nDCG@10,1.0
q267187,R@100,1.0
q267188,nDCG@10,0.0
q267188,R@100,1.0
q267189,nDCG@10,0.0
q267189,R@100,1.0
q267190,nDCG@10,0.0
q267190,R@100,1.0
q267191,nDCG@10,0.0
q267191,R@100,0.0
q267192,nDCG@10,0.0
q267192,R@100,0.0
q267193,nDCG@10,0.0
q267193,R@100,0.0
q267194,nDCG@10,1.0
q267194,R@100,1.0
q267195,nDCG@10,0.0
q267195,R@100,0.0
q267196,nDCG@10,1.0
q267196,R@100,1.0
q267197,nDCG@10,1.0
q267197,R@100,1.0
q267198,nDCG@10,0.3333333333333333
q267198,R@100,1.0
q267199,nDCG@10,0.5
q267199,R@100,1.0
q267200,nDCG@10,0.0
q267200,R@100,0.0
q267201,nDCG@10,0.0
q267201,R@100,0.0
q267202,nDCG@10,0.0
q267202,R@100,0.0
q267203,nDCG@10,0.6309297535714575
q267203,R@100,1.0
q267204,nDCG@10,0.0
q267204,R@100,1.0
q267205,nDCG@10,1.0
q267205,R@100,1.0
q267206,nDCG@10,0.0
q267206,R@100,0.0
q267207,nDCG@10,1.0
q267207,R@100,1.0
q267208,nDCG@10,0.0
q267208,R@100,1.0
q267209,nDCG@10,0.38685280723454163
q267209,R@100,1.0
q267210,nDCG@10,0.5
q267210,R@100,1.0
q267211,nDCG@10,0.0
q267211,R@100,0.0
q267212,nDCG@10,0.43067655807339306
q267212,R@100,1.0
q267213,nDCG@10,0.43067655807339306
q267213,R@100,1.0
q267214,nDCG@10,1.0
q267214,R@100,1.0
q267215,nDCG@10,0.5
q267215,R@100,1.0
q267216,nDCG@10,1.0
q267216,R@100,1.0
q267217,nDCG@10,0.6309297535714575
q267217,R@100,1.0
q267218,nDCG@10,1.0
q267218,R@100,1.0
q267219,nDCG@10,0.0
q267219,R@100,0.0
q267220,nDCG@10,1.0
q267220,R@100,1.0
q267221,nDCG@10,0.0
q267221,R@100,0.0
q267222,nDCG@10,1.0
q267222,R@100,1.0
q267223,nDCG@10,1.0
q267223,R@100,1.0
q267224,nDCG@10,1.0
q267224,R@100,1.0
q267225,nDCG@10,1.0
q267225,R@100,1.0
q267226,nDCG@10,0.0
q267226,R@100,0.0
q267227,nDCG@10,0.0
q267227,R@100,0.0
q267228,nDCG@10,1.0
q267228,R@100,1.0
q267229,nDCG@10,1.0
q267229,R@100,1.0
q267230,nDCG@10,1.0
q267230,R@100,1.0
q267231,nDCG@10,1.0
q267231,R@100,1.0
q267232,nDCG@10,1.0
q267232,R@100,1.0
q267233,nDCG@10,0.5
q267233,R@100,1.0
q267234,nDCG@10,1.0
q267234,R@100,1.0
q267235,nDCG@10,0.6309297535714575
q267235,R@100,1.0
q267236,nDCG@10,0.5
q267236,R@100,1.0
q267237,nDCG@10,0.2890648263178879
q267237,R@100,1.0
q267238,nDCG@10,1.0
q267238,R@100,1.0
q267239,nDCG@10,1.0
q267239,R@100,1.0
q267240,nDCG@10,0.0
q267240,R@100,1.0
q267241,nDCG@10,0.6309297535714575
q267241,R@100,1.0
q267242,nDCG@10,0.43067655807339306
q267242,R@100,1.0
q267243,nDCG@10,0.31546487678572877
q267243,R@100,1.0
q267244,nDCG@10,0.0
q267244,R@100,1.0
q267245,nDCG@10,1.0
q267245,R@100,1.0
q267246,nDCG@10,0.0
q267246,R@100,0.0
q267247,nDCG@10,1.0
q267247,R@100,1.0
q267248,nDCG@10,0.0
q267248,R@100,0.0
q267249,nDCG@10,0.0
q267249,R@100,0.0
q267250,nDCG@10,0.0
q267250,R@100,1.0
q267251,nDCG@10,0.0
q267251,R@100,1.0
q267252,nDCG@10,1.0
q267252,R@100,1.0
q267253,nDCG@10,0.43067655807339306
q267253,R@100,1.0
q267254,nDCG@10,0.0
q267254,R@100,0.0
q267255,nDCG@10,1.0
q267255,R@100,1.0
q267256,nDCG@10,0.6309297535714575
q267256,R@100,1.0
q267257,nDCG@10,0.0
q267257,R@100,0.0
q267258,nDCG@10,0.0
q267258,R@100,1.0
q267259,nDCG@10,0.38685280723454163
q267259,R@100,1.0
q267260,nDCG@10,0.0
q267260,R@100,1.0
q267261,nDCG@10,1.0
q267261,R@100,1.0
q267262,nDCG@10,1.0
q267262,R@100,1.0
q267263,nDCG@10,0.3010299956639812
q267263,R@100,1.0
q267264,nDCG@10,0.0
q267264,R@100,1.0
q267265,nDCG@10,0.0
q267265,R@100,0.0
q267266,nDCG@10,1.0
q267266,R@100,1.0
q267267,nDCG@10,1.0
q267267,R@100,1.0
q267268,nDCG@10,1.0
q267268,R@100,1.0
q267269,nDCG@10,1.0
q267269,R@100,1.0
q267270,nDCG@10,0.2890648263178879
q267270,R@100,1.0
q267271,nDCG@10,1.0
q267271,R@100,1.0
q267272,nDCG@10,0.6309297535714575
q267272,R@100,1.0
q267273,nDCG@10,1.0
q267273,R@100,1.0
q267274,nDCG@10,0.0
q267274,R@100,0.0
q267275,nDCG@10,0.43067655807339306
q267275,R@100,1.0
q267276,nDCG@10,1.0
q267276,R@100,1.0
q267277,nDCG@10,0.6309297535714575
q267277,R@100,1.0
q267278,nDCG@10,1.0
q267278,R@100,1.0
q267279,nDCG@10,0.31546487678572877
q267279,R@100,1.0
q267280,nDCG@10,0.0
q267280,R@100,1.0
q267281,nDCG@10,0.0
q267281,R@100,0.0
q267282,nDCG@10,0.0
q267282,R@100,0.0
q267283,nDCG@10,0.0
q267283,R@100,0.0
q267284,nDCG@10,0.0
q267284,R@100,0.0
q267285,nDCG@10,0.0
q267285,R@100,0.0
q267286,nDCG@10,0.0
q267286,R@100,1.0
q267287,nDCG@10,0.0
q267287,R@100,0.0
q267288,nDCG@10,1.0
q267288,R@100,1.0
q267289,nDCG@10,0.0
q267289,R@100,1.0
q267290,nDCG@10,0.0
q267290,R@100,0.0
q267291,nDCG@10,0.0
q267291,R@100,0.0
q267292,nDCG@10,0.0
q267292,R@100,0.0
q267293,nDCG@10,0.0
q267293,R@100,0.0
q267294,nDCG@10,1.0
q267294,R@100,1.0
q267295,nDCG@10,0.43067655807339306
q267295,R@100,1.0
q267296,nDCG@10,0.5
q267296,R@100,1.0
q267297,nDCG@10,1.0
q267297,R@100,1.0
q267298,nDCG@10,0.0
q267298,R@100,1.0
q267299,nDCG@10,0.0
q267299,R@100,1.0
q267300,nDCG@10,0.5
q267300,R@100,1.0
q267301,nDCG@10,0.0
q267301,R@100,0.0
q267302,nDCG@10,0.5
q267302,R@100,1.0
q267303,nDCG@10,1.0
q267303,R@100,1.0
q267304,nDCG@10,0.31546487678572877
q267304,R@100,1.0
q267305,nDCG@10,1.0
q267305,R@100,1.0
q267306,nDCG@10,1.0
q267306,R@100,1.0
q267307,nDCG@10,1.0
q267307,R@100,1.0
q267308,nDCG@10,1.0
q267308,R@100,1.0
q267309,nDCG@10,1.0
q267309,R@100,1.0
q267310,nDCG@10,1.0
q267310,R@100,1.0
q267311,nDCG@10,1.0
q267311,R@100,1.0
q267312,nDCG@10,1.0
q267312,R@100,1.0
q267313,nDCG@10,1.0
q267313,R@100,1.0
q267314,nDCG@10,1.0
q267314,R@100,1.0
q267315,nDCG@10,0.0
q267315,R@100,1.0
q267316,nDCG@10,1.0
q267316,R@100,1.0
q267317,nDCG@10,0.6309297535714575
q267317,R@100,1.0
q267318,nDCG@10,0.0
q267318,R@100,1.0
q267319,nDCG@10,0.6309297535714575
q267319,R@100,1.0
q267320,nDCG@10,1.0
q267320,R@100,1.0
q267321,nDCG@10,1.0
q267321,R@100,1.0
q267322,nDCG@10,0.0
q267322,R@100,0.0
q267323,nDCG@10,0.0
q267323,R@100,0.0
q267324,nDCG@10,0.0
q267324,R@100,0.0
q267325,nDCG@10,0.0
q267325,R@100,0.0
q267326,nDCG@10,0.3562071871080222
q267326,R@100,1.0
q267327,nDCG@10,1.0
q267327,R@100,1.0
q267328,nDCG@10,1.0
q267328,R@100,1.0
q267329,nDCG@10,0.0
q267329,R@100,1.0
q267330,nDCG@10,0.0
q267330,R@100,1.0
q267331,nDCG@10,0.6309297535714575
q267331,R@100,1.0
q267332,nDCG@10,0.6309297535714575
q267332,R@100,1.0
q267333,nDCG@10,0.43067655807339306
q267333,R@100,1.0
q267334,nDCG@10,0.6309297535714575
q267334,R@100,1.0
q267335,nDCG@10,1.0
q267335,R@100,1.0
q267336,nDCG@10,0.0
q267336,R@100,0.0
q267337,nDCG@10,0.0
q267337,R@100,1.0
q267338,nDCG@10,0.0
q267338,R@100,0.0
q267339,nDCG@10,0.0
q267339,R@100,1.0
q267340,nDCG@10,1.0
q267340,R@100,1.0
q267341,nDCG@10,0.0
q267341,R@100,0.0
q267342,nDCG@10,0.0
q267342,R@100,0.0
q267343,nDCG@10,0.0
q267343,R@100,0.0
q267344,nDCG@10,1.0
q267344,R@100,1.0
q267345,nDCG@10,1.0
q267345,R@100,1.0
q267346,nDCG@10,1.0
q267346,R@100,1.0
q267347,nDCG@10,0.0
q267347,R@100,0.0
q267348,nDCG@10,1.0
q267348,R@100,1.0
q267349,nDCG@10,0.0
q267349,R@100,0.0
q267350,nDCG@10,1.0
q267350,R@100,1.0
q267351,nDCG@10,0.0
q267351,R@100,1.0
q267352,nDCG@10,0.0
q267352,R@100,0.0
q267353,nDCG@10,1.0
q267353,R@100,1.0
q267354,nDCG@10,0.0
q267354,R@100,0.0
q267355,nDCG@10,0.6309297535714575
q267355,R@100,1.0
q267356,nDCG@10,1.0
q267356,R@100,1.0
q267357,nDCG@10,1.0
q267357,R@100,1.0
q267358,nDCG@10,1.0
q267358,R@100,1.0
q267359,nDCG@10,1.0
q267359,R@100,1.0
q267360,nDCG@10,1.0
q267360,R@100,1.0
q267361,nDCG@10,0.31546487678572877
q267361,R@100,1.0
q267362,nDCG@10,0.5
q267362,R@100,1.0
q267363,nDCG@10,0.6309297535714575
q267363,R@100,1.0
q267364,nDCG@10,1.0
q267364,R@100,1.0
q267365,nDCG@10,0.0
q267365,R@100,0.0
q267366,nDCG@10,0.0
q267366,R@100,0.0
q267367,nDCG@10,0.0
q267367,R@100,1.0
q267368,nDCG@10,0.3562071871080222
q267368,R@100,1.0
q267369,nDCG@10,0.0
q267369,R@100,0.0
q267370,nDCG@10,1.0
q267370,R@100,1.0
q267371,nDCG@10,0.0
q267371,R@100,0.0
q267372,nDCG@10,1.0
q267372,R@100,1.0
q267373,nDCG@10,0.31546487678572877
q267373,R@100,1.0
q267374,nDCG@10,0.6309297535714575
q267374,R@100,1.0
q267375,nDCG@10,1.0
q267375,R@100,1.0
q267376,nDCG@10,1.0
q267376,R@100,1.0
q267377,nDCG@10,1.0
q267377,R@100,1.0
q267378,nDCG@10,1.0
q267378,R@100,1.0
q267379,nDCG@10,0.0
q267379,R@100,0.0
q267380,nDCG@10,0.43067655807339306
q267380,R@100,1.0
q267381,nDCG@10,0.0
q267381,R@100,0.0
q267382,nDCG@10,1.0
q267382,R@100,1.0
q267383,nDCG@10,1.0
q267383,R@100,1.0
q267384,nDCG@10,0.0
q267384,R@100,0.0
q267385,nDCG@10,0.5
q267385,R@100,1.0
q267386,nDCG@10,0.0
q267386,R@100,0.0
q267387,nDCG@10,1.0
q267387,R@100,1.0
q267388,nDCG@10,0.0
q267388,R@100,0.0
q267389,nDCG@10,0.0
q267389,R@100,0.0
q267390,nDCG@10,1.0
q267390,R@100,1.0
q267391,nDCG@10,0.0
q267391,R@100,1.0
q267392,nDCG@10,0.2890648263178879
q267392,R@100,1.0
q267393,nDCG@10,1.0
q267393,R@100,1.0
q267394,nDCG@10,0.0
q267394,R@100,1.0
q267395,nDCG@10,0.3010299956639812
q267395,R@100,1.0
q267396,nDCG@10,0.0
q267396,R@100,1.0
q267397,nDCG@10,0.0
q267397,R@100,0.0
q267398,nDCG@10,0.5
q267398,R@100,1.0
q267399,nDCG@10,0.0
q267399,R@100,0.0
q267400,nDCG@10,1.0
q267400,R@100,1.0
q267401,nDCG@10,0.31546487678572877
q267401,R@100,1.0
q267402,nDCG@10,1.0
q267402,R@100,1.0
q267403,nDCG@10,1.0
q267403,R@100,1.0
q267404,nDCG@10,1.0
q267404,R@100,1.0
q267405,nDCG@10,1.0
q267405,R@100,1.0
q267406,nDCG@10,0.6309297535714575
q267406,R@100,1.0
q267407,nDCG@10,1.0
q267407,R@100,1.0
q267408,nDCG@10,1.0
q267408,R@100,1.0
q267409,nDCG@10,0.6309297535714575
q267409,R@100,1.0
q267410,nDCG@10,0.0
q267410,R@100,1.0
q267411,nDCG@10,1.0
q267411,R@100,1.0
q267412,nDCG@10,0.0
q267412,R@100,1.0
q267413,nDCG@10,0.0
q267413,R@100,1.0
q267414,nDCG@10,1.0
q267414,R@100,1.0
q267415,nDCG@10,1.0
q267415,R@100,1.0
q267416,nDCG@10,0.31546487678572877
q267416,R@100,1.0
q267417,nDCG@10,1.0
q267417,R@100,1.0
q267418,nDCG@10,0.0
q267418,R@100,1.0
q267419,nDCG@10,0.0
q267419,R@100,1.0
q267420,nDCG@10,0.0
q267420,R@100,0.0
q267421,nDCG@10,0.0
q267421,R@100,0.0
q267422,nDCG@10,0.0
q267422,R@100,1.0
q267423,nDCG@10,1.0
q267423,R@100,1.0
q267424,nDCG@10,0.0
q267424,R@100,0.0
q267425,nDCG@10,0.0
q267425,R@100,1.0
q267426,nDCG@10,1.0
q267426,R@100,1.0
q267427,nDCG@10,0.43067655807339306
q267427,R@100,1.0
q267428,nDCG@10,1.0
q267428,R@100,1.0
q267429,nDCG@10,1.0
q267429,R@100,1.0
q267430,nDCG@10,1.0
q267430,R@100,1.0
q267431,nDCG@10,0.43067655807339306
q267431,R@100,1.0
q267432,nDCG@10,1.0
q267432,R@100,1.0
q267433,nDCG@10,1.0
q267433,R@100,1.0
q267434,nDCG@10,1.0
q267434,R@100,1.0
q267435,nDCG@10,0.6309297535714575
q267435,R@100,1.0
q267436,nDCG@10,0.0
q267436,R@100,0.0
q267437,nDCG@10,1.0
q267437,R@100,1.0
q267438,nDCG@10,0.6309297535714575
q267438,R@100,1.0
q267439,nDCG@10,0.6309297535714575
q267439,R@100,1.0
q267440,nDCG@10,0.0
q267440,R@100,1.0
q267441,nDCG@10,0.0
q267441,R@100,1.0
q267442,nDCG@10,0.0
q267442,R@100,0.0
q267443,nDCG@10,0.0
q267443,R@100,0.0
q267444,nDCG@10,0.0
q267444,R@100,0.0
q267445,nDCG@10,1.0
q267445,R@100,1.0
q267446,nDCG@10,0.5
q267446,R@100,1.0
q267447,nDCG@10,0.0
q267447,R@100,0.0
q267448,nDCG@10,0.0
q267448,R@100,0.0
q267449,nDCG@10,1.0
q267449,R@100,1.0
q267450,nDCG@10,0.0
q267450,R@100,0.0
q267451,nDCG@10,0.0
q267451,R@100,1.0
q267452,nDCG@10,0.0
q267452,R@100,0.0
q267453,nDCG@10,1.0
q267453,R@100,1.0
q267454,nDCG@10,0.0
q267454,R@100,1.0
q267455,nDCG@10,0.0
q267455,R@100,0.0
q267456,nDCG@10,1.0
q267456,R@100,1.0
q267457,nDCG@10,0.0
q267457,R@100,1.0
q267458,nDCG@10,0.0
q267458,R@100,0.0
q267459,nDCG@10,1.0
q267459,R@100,1.0
q267460,nDCG@10,0.0
q267460,R@100,0.0
q267461,nDCG@10,0.0
q267461,R@100,1.0
q267462,nDCG@10,0.0
q267462,R@100,0.0
q267463,nDCG@10,0.38685280723454163
q267463,R@100,1.0
q267464,nDCG@10,0.0
q267464,R@100,1.0
q267465,nDCG@10,0.0
q267465,R@100,0.0
q267466,nDCG@10,1.0
q267466,R@100,1.0
q267467,nDCG@10,1.0
q267467,R@100,1.0
q267468,nDCG@10,1.0
q267468,R@100,1.0
q267469,nDCG@10,0.6309297535714575
q267469,R@100,1.0
q267470,nDCG@10,1.0
q267470,R@100,1.0
q267471,nDCG@10,1.0
q267471,R@100,1.0
q267472,nDCG@10,1.0
q267472,R@100,1.0
q267473,nDCG@10,0.0
q267473,R@100,0.0
q267474,nDCG@10,0.0
q267474,R@100,0.0
q267475,nDCG@10,0.0
q267475,R@100,1.0
q267476,nDCG@10,0.0
q267476,R@100,1.0
q267477,nDCG@10,0.6309297535714575
q267477,R@100,1.0
q267478,nDCG@10,0.38685280723454163
q267478,R@100,1.0
q267479,nDCG@10,0.0
q267479,R@100,0.0
q267480,nDCG@10,0.6309297535714575
q267480,R@100,1.0
q267481,nDCG@10,1.0
q267481,R@100,1.0
q267482,nDCG@10,0.0
q267482,R@100,1.0
q267483,nDCG@10,0.0
q267483,R@100,0.0
q267484,nDCG@10,0.6309297535714575
q267484,R@100,1.0
q267485,nDCG@10,0.0
q267485,R@100,1.0
q267486,nDCG@10,0.0
q267486,R@100,0.0
q267487,nDCG@10,0.0
q267487,R@100,1.0
q267488,nDCG@10,0.0
q267488,R@100,1.0
q267489,nDCG@10,0.0
q267489,R@100,1.0
q267490,nDCG@10,1.0
q267490,R@100,1.0
q267491,nDCG@10,0.0
q267491,R@100,1.0
q267492,nDCG@10,0.3562071871080222
q267492,R@100,1.0
q267493,nDCG@10,0.0
q267493,R@100,0.0
q267494,nDCG@10,0.0
q267494,R@100,0.0
q267495,nDCG@10,1.0
q267495,R@100,1.0
q267496,nDCG@10,0.5
q267496,R@100,1.0
q267497,nDCG@10,0.6309297535714575
q267497,R@100,1.0
q267498,nDCG@10,0.0
q267498,R@100,1.0
q267499,nDCG@10,0.6309297535714575
q267499,R@100,1.0
q267500,nDCG@10,0.3010299956639812
q267500,R@100,1.0
q267501,nDCG@10,1.0
q267501,R@100,1.0
q267502,nDCG@10,0.38685280723454163
q267502,R@100,1.0
q267503,nDCG@10,0.0
q267503,R@100,1.0
q267504,nDCG@10,0.0
q267504,R@100,0.0
q267505,nDCG@10,0.0
q267505,R@100,1.0
q267506,nDCG@10,0.38685280723454163
q267506,R@100,1.0
q267507,nDCG@10,0.0
q267507,R@100,1.0
q267508,nDCG@10,0.0
q267508,R@100,1.0
q267509,nDCG@10,0.3562071871080222
q267509,R@100,1.0
q267510,nDCG@10,0.0
q267510,R@100,1.0
q267511,nDCG@10,0.0
q267511,R@100,1.0
q267512,nDCG@10,0.6309297535714575
q267512,R@100,1.0
q267513,nDCG@10,0.0
q267513,R@100,1.0
q267514,nDCG@10,0.0
q267514,R@100,1.0
q267515,nDCG@10,0.3333333333333333
q267515,R@100,1.0
q267516,nDCG@10,1.0
q267516,R@100,1.0
q267517,nDCG@10,0.0
q267517,R@100,0.0
q267518,nDCG@10,1.0
q267518,R@100,1.0
q267519,nDCG@10,0.0
q267519,R@100,1.0
q267520,nDCG@10,0.0
q267520,R@100,0.0
q267521,nDCG@10,1.0
q267521,R@100,1.0
q267522,nDCG@10,1.0
q267522,R@100,1.0
q267523,nDCG@10,0.0
q267523,R@100,1.0
q267524,nDCG@10,0.0
q267524,R@100,1.0
q267525,nDCG@10,1.0
q267525,R@100,1.0
q267526,nDCG@10,1.0
q267526,R@100,1.0
q267527,nDCG@10,0.0
q267527,R@100,0.0
q267528,nDCG@10,0.0
q267528,R@100,0.0
q267529,nDCG@10,0.0
q267529,R@100,0.0
q267530,nDCG@10,0.6309297535714575
q267530,R@100,1.0
q267531,nDCG@10,0.0
q267531,R@100,0.0
q267532,nDCG@10,1.0
q267532,R@100,1.0
q267533,nDCG@10,0.0
q267533,R@100,0.0
q267534,nDCG@10,0.31546487678572877
q267534,R@100,1.0
q267535,nDCG@10,0.0
q267535,R@100,1.0
q267536,nDCG@10,1.0
q267536,R@100,1.0
q267537,nDCG@10,1.0
q267537,R@100,1.0
q267538,nDCG@10,0.0
q267538,R@100,0.0
q267539,nDCG@10,0.0
q267539,R@100,0.0
q267540,nDCG@10,0.0
q267540,R@100,0.0
q267541,nDCG@10,0.0
q267541,R@100,1.0
q267542,nDCG@10,1.0
q267542,R@100,1.0
q267543,nDCG@10,1.0
q267543,R@100,1.0
q267544,nDCG@10,0.0
q267544,R@100,0.0
q267545,nDCG@10,0.0
q267545,R@100,0.0
q267546,nDCG@10,1.0
q267546,R@100,1.0
q267547,nDCG@10,1.0
q267547,R@100,1.0
q267548,nDCG@10,1.0
q267548,R@100,1.0
q267549,nDCG@10,0.0
q267549,R@100,1.0
q267550,nDCG@10,0.0
q267550,R@100,0.0
q267551,nDCG@10,0.0
q267551,R@100,1.0
q267552,nDCG@10,0.0
q267552,R@100,0.0
q267553,nDCG@10,0.6309297535714575
q267553,R@100,1.0
q267554,nDCG@10,1.0
q267554,R@100,1.0
q267555,nDCG@10,0.0
q267555,R@100,1.0
q267556,nDCG@10,0.38685280723454163
q267556,R@100,1.0
q267557,nDCG@10,0.0
q267557,R@100,1.0
q267558,nDCG@10,0.6309297535714575
q267558,R@100,1.0
q267559,nDCG@10,0.0
q267559,R@100,0.0
q267560,nDCG@10,0.6309297535714575
q267560,R@100,1.0
q267561,nDCG@10,0.0
q267561,R@100,0.0
q267562,nDCG@10,0.0
q267562,R@100,0.0
q267563,nDCG@10,1.0
q267563,R@100,1.0
q267564,nDCG@10,1.0
q267564,R@100,1.0
q267565,nDCG@10,0.0
q267565,R@100,0.0
q267566,nDCG@10,1.0
q267566,R@100,1.0
q267567,nDCG@10,0.0
q267567,R@100,1.0
q267568,nDCG@10,0.0
q267568,R@100,1.0
q267569,nDCG@10,0.0
q267569,R@100,0.0
q267570,nDCG@10,0.0
q267570,R@100,0.0
q267571,nDCG@10,0.6309297535714575
q267571,R@100,1.0
q267572,nDCG@10,0.6309297535714575
q267572,R@100,1.0
q267573,nDCG@10,1.0
q267573,R@100,1.0
q267574,nDCG@10,0.0
q267574,R@100,0.0
q267575,nDCG@10,1.0
q267575,R@100,1.0
q267576,nDCG@10,1.0
q267576,R@100,1.0
q267577,nDCG@10,1.0
q267577,R@100,1.0
q267578,nDCG@10,0.0
q267578,R@100,0.0
q267579,nDCG@10,0.0
q267579,R@100,0.0
q267580,nDCG@10,0.0
q267580,R@100,0.0
q267581,nDCG@10,1.0
q267581,R@100,1.0
q267582,nDCG@10,0.38685280723454163
q267582,R@100,1.0
q267583,nDCG@10,0.3010299956639812
q267583,R@100,1.0
q267584,nDCG@10,0.0
q267584,R@100,1.0
q267585,nDCG@10,1.0
q267585,R@100,1.0
q267586,nDCG@10,1.0
q267586,R@100,1.0
q267587,nDCG@10,0.6309297535714575
q267587,R@100,1.0
q267588,nDCG@10,0.5
q267588,R@100,1.0
q267589,nDCG@10,0.0
q267589,R@100,0.0
q267590,nDCG@10,0.0
q267590,R@100,0.0
q267591,nDCG@10,1.0
q267591,R@100,1.0
q267592,nDCG@10,0.0
q267592,R@100,0.0
q267593,nDCG@10,0.0
q267593,R@100,0.0
q267594,nDCG@10,0.0
q267594,R@100,0.0
q267595,nDCG@10,0.0
q267595,R@100,0.0
q267596,nDCG@10,0.0
q267596,R@100,1.0
q267597,nDCG@10,0.0
q267597,R@100,1.0
q267598,nDCG@10,0.0
q267598,R@100,0.0
q267599,nDCG@10,0.6309297535714575
q267599,R@100,1.0
q267600,nDCG@10,0.0
q267600,R@100,0.0
q267601,nDCG@10,0.0
q267601,R@100,0.0
q267602,nDCG@10,0.0
q267602,R@100,0.0
q267603,nDCG@10,0.3562071871080222
q267603,R@100,1.0
q267604,nDCG@10,0.31546487678572877
q267604,R@100,1.0
q267605,nDCG@10,1.0
q267605,R@100,1.0
q267606,nDCG@10,1.0
q267606,R@100,1.0
q267607,nDCG@10,0.0
q267607,R@100,1.0
q267608,nDCG@10,0.0
q267608,R@100,0.0
q267609,nDCG@10,0.38685280723454163
q267609,R@100,1.0
q267610,nDCG@10,1.0
q267610,R@100,1.0
q267611,nDCG@10,1.0
q267611,R@100,1.0
q267612,nDCG@10,0.0
q267612,R@100,0.0
q267613,nDCG@10,1.0
q267613,R@100,1.0
q267614,nDCG@10,1.0
q267614,R@100,1.0
q267615,nDCG@10,1.0
q267615,R@100,1.0
q267616,nDCG@10,1.0
q267616,R@100,1.0
q267617,nDCG@10,1.0
q267617,R@100,1.0
q267618,nDCG@10,0.0
q267618,R@100,0.0
q267619,nDCG@10,0.0
q267619,R@100,0.0
q267620,nDCG@10,0.0
q267620,R@100,0.0
q267621,nDCG@10,1.0
q267621,R@100,1.0
q267622,nDCG@10,0.0
q267622,R@100,1.0
q267623,nDCG@10,0.6309297535714575
q267623,R@100,1.0
q267624,nDCG@10,0.0
q267624,R@100,0.0
q267625,nDCG@10,0.0
q267625,R@100,0.0
q267626,nDCG@10,1.0
q267626,R@100,1.0
q267627,nDCG@10,1.0
q267627,R@100,1.0
q267628,nDCG@10,0.0
q267628,R@100,0.0
q267629,nDCG@10,0.43067655807339306
q267629,R@100,1.0
q267630,nDCG@10,1.0
q267630,R@100,1.0
q267631,nDCG@10,0.0
q267631,R@100,0.0
q267632,nDCG@10,0.0
q267632,R@100,1.0
q267633,nDCG@10,0.0
q267633,R@100,0.0
q267634,nDCG@10,0.2890648263178879
q267634,R@100,1.0
q267635,nDCG@10,0.0
q267635,R@100,0.0
q267636,nDCG@10,0.0
q267636,R@100,0.0
q267637,nDCG@10,0.0
q267637,R@100,0.0
q267638,nDCG@10,0.0
q267638,R@100,0.0
q267639,nDCG@10,0.0
q267639,R@100,0.0
q267640,nDCG@10,1.0
q267640,R@100,1.0
q267641,nDCG@10,1.0
q267641,R@100,1.0
q267642,nDCG@10,0.0
q267642,R@100,1.0
q267643,nDCG@10,0.0
q267643,R@100,0.0
q267644,nDCG@10,1.0
q267644,R@100,1.0
q267645,nDCG@10,0.0
q267645,R@100,0.0
q267646,nDCG@10,0.6309297535714575
q267646,R@100,1.0
q267647,nDCG@10,0.0
q267647,R@100,1.0
q267648,nDCG@10,0.0
q267648,R@100,0.0
q267649,nDCG@10,0.0
q267649,R@100,0.0
q267650,nDCG@10,0.38685280723454163
q267650,R@100,1.0
q267651,nDCG@10,0.0
q267651,R@100,1.0
q267652,nDCG@10,0.6309297535714575
q267652,R@100,1.0
q267653,nDCG@10,1.0
q267653,R@100,1.0
q267654,nDCG@10,0.0
q267654,R@100,0.0
q267655,nDCG@10,0.2890648263178879
q267655,R@100,1.0
q267656,nDCG@10,0.38685280723454163
q267656,R@100,1.0
q267657,nDCG@10,0.0
q267657,R@100,0.0
q267658,nDCG@10,0.6309297535714575
q267658,R@100,1.0
q267659,nDCG@10,0.0
q267659,R@100,0.0
q267660,nDCG@10,1.0
q267660,R@100,1.0
q267661,nDCG@10,1.0
q267661,R@100,1.0
q267662,nDCG@10,0.0
q267662,R@100,0.0
q267663,nDCG@10,0.0
q267663,R@100,1.0
q267664,nDCG@10,0.0
q267664,R@100,0.0
q267665,nDCG@10,0.0
q267665,R@100,0.0
q267666,nDCG@10,0.0
q267666,R@100,1.0
q267667,nDCG@10,0.0
q267667,R@100,0.0
q267668,nDCG@10,0.0
q267668,R@100,1.0
q267669,nDCG@10,0.0
q267669,R@100,1.0
q267670,nDCG@10,0.0
q267670,R@100,0.0
q267671,nDCG@10,0.2890648263178879
q267671,R@100,1.0
q267672,nDCG@10,0.0
q267672,R@100,0.0
q267673,nDCG@10,0.0
q267673,R@100,0.0
q267674,nDCG@10,0.0
q267674,R@100,1.0
q267675,nDCG@10,0.31546487678572877
q267675,R@100,1.0
q267676,nDCG@10,0.0
q267676,R@100,1.0
q267677,nDCG@10,0.0
q267677,R@100,0.0
q267678,nDCG@10,0.0
q267678,R@100,1.0
q267679,nDCG@10,1.0
q267679,R@100,1.0
q267680,nDCG@10,0.0
q267680,R@100,0.0
q267681,nDCG@10,1.0
q267681,R@100,1.0
q267682,nDCG@10,0.0
q267682,R@100,1.0
q267683,nDCG@10,0.0
q267683,R@100,0.0
q267684,nDCG@10,0.0
q267684,R@100,1.0
q267685,nDCG@10,0.0
q267685,R@100,0.0
q267686,nDCG@10,0.43067655807339306
q267686,R@100,1.0
q267687,nDCG@10,1.0
q267687,R@100,1.0
q267688,nDCG@10,0.6309297535714575
q267688,R@100,1.0
q267689,nDCG@10,0.0
q267689,R@100,1.0
q267690,nDCG@10,0.0
q267690,R@100,0.0
q267691,nDCG@10,1.0
q267691,R@100,1.0
q267692,nDCG@10,0.0
q267692,R@100,0.0
q267693,nDCG@10,1.0
q267693,R@100,1.0
q267694,nDCG@10,0.0
q267694,R@100,0.0
q267695,nDCG@10,0.0
q267695,R@100,1.0
q267696,nDCG@10,1.0
q267696,R@100,1.0
q267697,nDCG@10,1.0
q267697,R@100,1.0
q267698,nDCG@10,1.0
q267698,R@100,1.0
q267699,nDCG@10,0.0
q267699,R@100,1.0
q267700,nDCG@10,0.0
q267700,R@100,1.0
q267701,nDCG@10,0.0
q267701,R@100,0.0
q267702,nDCG@10,1.0
q267702,R@100,1.0
q267703,nDCG@10,0.0
q267703,R@100,0.0
q267704,nDCG@10,0.0
q267704,R@100,0.0
q267705,nDCG@10,1.0
q267705,R@100,1.0
q267706,nDCG@10,0.6309297535714575
q267706,R@100,1.0
q267707,nDCG@10,1.0
q267707,R@100,1.0
q267708,nDCG@10,0.6309297535714575
q267708,R@100,1.0
q267709,nDCG@10,1.0
q267709,R@100,1.0
q267710,nDCG@10,0.38685280723454163
q267710,R@100,1.0
q267711,nDCG@10,0.0
q267711,R@100,0.0
q267712,nDCG@10,0.0
q267712,R@100,0.0
q267713,nDCG@10,0.38685280723454163
q267713,R@100,1.0
q267714,nDCG@10,1.0
q267714,R@100,1.0
q267715,nDCG@10,0.0
q267715,R@100,1.0
q267716,nDCG@10,1.0
q267716,R@100,1.0
q267717,nDCG@10,0.0
q267717,R@100,0.0
q267718,nDCG@10,0.0
q267718,R@100,1.0
q267719,nDCG@10,0.0
q267719,R@100,0.0
q267720,nDCG@10,0.31546487678572877
q267720,R@100,1.0
q267721,nDCG@10,0.0
q267721,R@100,0.0
q267722,nDCG@10,0.0
q267722,R@100,0.0
q267723,nDCG@10,0.0
q267723,R@100,0.0
q267724,nDCG@10,0.0
q267724,R@100,1.0
q267725,nDCG@10,0.0
q267725,R@100,0.0
q267726,nDCG@10,0.0
q267726,R@100,0.0
q267727,nDCG@10,0.3333333333333333
q267727,R@100,1.0
q267728,nDCG@10,0.38685280723454163
q267728,R@100,1.0
q267729,nDCG@10,0.0
q267729,R@100,0.0
q267730,nDCG@10,0.0
q267730,R@100,0.0
q267731,nDCG@10,0.0
q267731,R@100,0.0
q267732,nDCG@10,0.0
q267732,R@100,1.0
q267733,nDCG@10,0.0
q267733,R@100,0.0
q267734,nDCG@10,0.0
q267734,R@100,0.0
q267735,nDCG@10,0.0
q267735,R@100,1.0
q267736,nDCG@10,0.0
q267736,R@100,0.0
q267737,nDCG@10,0.5
q267737,R@100,1.0
q267738,nDCG@10,0.5
q267738,R@100,1.0
q267739,nDCG@10,0.6309297535714575
q267739,R@100,1.0
q267740,nDCG@10,1.0
q267740,R@100,1.0
q267741,nDCG@10,1.0
q267741,R@100,1.0
q267742,nDCG@10,0.0
q267742,R@100,0.0
q267743,nDCG@10,0.0
q267743,R@100,1.0
q267744,nDCG@10,0.0
q267744,R@100,0.0
q267745,nDCG@10,1.0
q267745,R@100,1.0
q267746,nDCG@10,1.0
q267746,R@100,1.0
q267747,nDCG@10,1.0
q267747,R@100,1.0
q267748,nDCG@10,0.0
q267748,R@100,1.0
q267749,nDCG@10,0.0
q267749,R@100,0.0
q267750,nDCG@10,1.0
q267750,R@100,1.0
q267751,nDCG@10,0.0
q267751,R@100,0.0
q267752,nDCG@10,0.3010299956639812
q267752,R@100,1.0
q267753,nDCG@10,0.0
q267753,R@100,1.0
q267754,nDCG@10,0.0
q267754,R@100,1.0
q267755,nDCG@10,1.0
q267755,R@100,1.0
q267756,nDCG@10,1.0
q267756,R@100,1.0
q267757,nDCG@10,1.0
q267757,R@100,1.0
q267758,nDCG@10,1.0
q267758,R@100,1.0
q267759,nDCG@10,1.0
q267759,R@100,1.0
q267760,nDCG@10,0.0
q267760,R@100,0.0
q267761,nDCG@10,1.0
q267761,R@100,1.0
q267762,nDCG@10,0.6309297535714575
q267762,R@100,1.0
q267763,nDCG@10,1.0
q267763,R@100,1.0
q267764,nDCG@10,0.6309297535714575
q267764,R@100,1.0
q267765,nDCG@10,0.31546487678572877
q267765,R@100,1.0
q267766,nDCG@10,0.5
q267766,R@100,1.0
q267767,nDCG@10,0.0
q267767,R@100,1.0
q267768,nDCG@10,0.0
q267768,R@100,0.0
q267769,nDCG@10,0.0
q267769,R@100,0.0
q267770,nDCG@10,0.6309297535714575
q267770,R@100,1.0
q267771,nDCG@10,0.5
q267771,R@100,1.0
q267772,nDCG@10,1.0
q267772,R@100,1.0
q267773,nDCG@10,1.0
q267773,R@100,1.0
q267774,nDCG@10,1.0
q267774,R@100,1.0
q267775,nDCG@10,0.3333333333333333
q267775,R@100,1.0
q267776,nDCG@10,1.0
q267776,R@100,1.0
q267777,nDCG@10,0.6309297535714575
q267777,R@100,1.0
q267778,nDCG@10,0.0
q267778,R@100,0.0
q267779,nDCG@10,1.0
q267779,R@100,1.0
q267780,nDCG@10,0.0
q267780,R@100,0.0
q267781,nDCG@10,0.6309297535714575
q267781,R@100,1.0
q267782,nDCG@10,1.0
q267782,R@100,1.0
q267783,nDCG@10,0.5
q267783,R@100,1.0
q267784,nDCG@10,0.5
q267784,R@100,1.0
q267785,nDCG@10,0.6309297535714575
q267785,R@100,1.0
q267786,nDCG@10,0.0
q267786,R@100,1.0
q267787,nDCG@10,1.0
q267787,R@100,1.0
q267788,nDCG@10,0.0
q267788,R@100,1.0
q267789,nDCG@10,0.3010299956639812
q267789,R@100,1.0
q267790,nDCG@10,0.0
q267790,R@100,0.0
q267791,nDCG@10,1.0
q267791,R@100,1.0
q267792,nDCG@10,0.3562071871080222
q267792,R@100,1.0
q267793,nDCG@10,0.6309297535714575
q267793,R@100,1.0
q267794,nDCG@10,1.0
q267794,R@100,1.0
q267795,nDCG@10,0.0
q267795,R@100,0.0
q267796,nDCG@10,0.0
q267796,R@100,0.0
q267797,nDCG@10,1.0
q267797,R@100,1.0
q267798,nDCG@10,1.0
q267798,R@100,1.0
q267799,nDCG@10,0.0
q267799,R@100,0.0
q267800,nDCG@10,0.0
q267800,R@100,0.0
q267801,nDCG@10,0.0
q267801,R@100,0.0
q267802,nDCG@10,0.3562071871080222
q267802,R@100,1.0
q267803,nDCG@10,0.0
q267803,R@100,1.0
q267804,nDCG@10,0.6309297535714575
q267804,R@100,1.0
q267805,nDCG@10,1.0
q267805,R@100,1.0
q267806,nDCG@10,1.0
q267806,R@100,1.0
q267807,nDCG@10,1.0
q267807,R@100,1.0
q267808,nDCG@10,0.6309297535714575
q267808,R@100,1.0
q267809,nDCG@10,0.0
q267809,R@100,1.0
q267810,nDCG@10,0.2890648263178879
q267810,R@100,1.0
q267811,nDCG@10,0.31546487678572877
q267811,R@100,1.0
q267812,nDCG@10,0.6309297535714575
q267812,R@100,1.0
q267813,nDCG@10,1.0
q267813,R@100,1.0
q267814,nDCG@10,0.31546487678572877
q267814,R@100,1.0
q267815,nDCG@10,0.3333333333333333
q267815,R@100,1.0
q267816,nDCG@10,0.43067655807339306
q267816,R@100,1.0
q267817,nDCG@10,0.0
q267817,R@100,1.0
q267818,nDCG@10,0.43067655807339306
q267818,R@100,1.0
q267819,nDCG@10,0.6309297535714575
q267819,R@100,1.0
q267820,nDCG@10,0.6309297535714575
q267820,R@100,1.0
q267821,nDCG@10,0.0
q267821,R@100,1.0
q267822,nDCG@10,0.6309297535714575
q267822,R@100,1.0
q267823,nDCG@10,0.5
q267823,R@100,1.0
q267824,nDCG@10,0.5
q267824,R@100,1.0
q267825,nDCG@10,0.0
q267825,R@100,1.0
q267826,nDCG@10,0.0
q267826,R@100,0.0
q267827,nDCG@10,0.0
q267827,R@100,0.0
q267828,nDCG@10,0.6309297535714575
q267828,R@100,1.0
q267829,nDCG@10,0.5
q267829,R@100,1.0
q267830,nDCG@10,0.0
q267830,R@100,0.0
q267831,nDCG@10,0.0
q267831,R@100,0.0
q267832,nDCG@10,0.0
q267832,R@100,0.0
q267833,nDCG@10,1.0
q267833,R@100,1.0
q267834,nDCG@10,0.0
q267834,R@100,1.0
q267835,nDCG@10,0.6309297535714575
q267835,R@100,1.0
q267836,nDCG@10,0.6309297535714575
q267836,R@100,1.0
q267837,nDCG@10,0.0
q267837,R@100,0.0
q267838,nDCG@10,0.3333333333333333
q267838,R@100,1.0
q267839,nDCG@10,0.0
q267839,R@100,0.0
q267840,nDCG@10,0.38685280723454163
q267840,R@100,1.0
q267841,nDCG@10,0.0
q267841,R@100,0.0
q267842,nDCG@10,0.0
q267842,R@100,0.0
q267843,nDCG@10,0.0
q267843,R@100,0.0
q267844,nDCG@10,0.6309297535714575
q267844,R@100,1.0
q267845,nDCG@10,0.6309297535714575
q267845,R@100,1.0
q267846,nDCG@10,0.0
q267846,R@100,1.0
q267847,nDCG@10,1.0
q267847,R@100,1.0
q267848,nDCG@10,0.0
q267848,R@100,1.0
q267849,nDCG@10,1.0
q267849,R@100,1.0
q267850,nDCG@10,0.0
q267850,R@100,1.0
q267851,nDCG@10,0.6309297535714575
q267851,R@100,1.0
q267852,nDCG@10,0.0
q267852,R@100,0.0
q267853,nDCG@10,0.43067655807339306
q267853,R@100,1.0
q267854,nDCG@10,0.0
q267854,R@100,0.0
q267855,nDCG@10,0.0
q267855,R@100,0.0
q267856,nDCG@10,0.0
q267856,R@100,0.0
q267857,nDCG@10,0.0
q267857,R@100,0.0
q267858,nDCG@10,0.6309297535714575
q267858,R@100,1.0
q267859,nDCG@10,0.0
q267859,R@100,1.0
q267860,nDCG@10,0.0
q267860,R@100,0.0
q267861,nDCG@10,0.0
q267861,R@100,0.0
q267862,nDCG@10,0.0
q267862,R@100,0.0
q267863,nDCG@10,0.0
q267863,R@100,0.0
q267864,nDCG@10,0.0
q267864,R@100,1.0
q267865,nDCG@10,0.3333333333333333
q267865,R@100,1.0
q267866,nDCG@10,0.0
q267866,R@100,0.0
q267867,nDCG@10,0.0
q267867,R@100,1.0
q267868,nDCG@10,0.0
q267868,R@100,1.0
q267869,nDCG@10,0.0
q267869,R@100,1.0
q267870,nDCG@10,0.0
q267870,R@100,1.0
q267871,nDCG@10,0.0
q267871,R@100,0.0
q267872,nDCG@10,0.0
q267872,R@100,0.0
q267873,nDCG@10,0.38685280723454163
q267873,R@100,1.0
q267874,nDCG@10,0.31546487678572877
q267874,R@100,1.0
q267875,nDCG@10,0.0
q267875,R@100,0.0
q267876,nDCG@10,1.0
q267876,R@100,1.0
q267877,nDCG@10,1.0
q267877,R@100,1.0
q267878,nDCG@10,0.0
q267878,R@100,0.0
q267879,nDCG@10,0.0
q267879,R@100,1.0
q267880,nDCG@10,0.0
q267880,R@100,1.0
q267881,nDCG@10,0.0
q267881,R@100,0.0
q267882,nDCG@10,0.0
q267882,R@100,0.0
q267883,nDCG@10,0.0
q267883,R@100,0.0
q267884,nDCG@10,0.0
q267884,R@100,0.0
q267885,nDCG@10,1.0
q267885,R@100,1.0
q267886,nDCG@10,0.0
q267886,R@100,0.0
q267887,nDCG@10,0.0
q267887,R@100,1.0
q267888,nDCG@10,1.0
q267888,R@100,1.0
q267889,nDCG@10,0.0
q267889,R@100,0.0
q267890,nDCG@10,1.0
q267890,R@100,1.0
q267891,nDCG@10,0.0
q267891,R@100,1.0
q267892,nDCG@10,0.3010299956639812
q267892,R@100,1.0
q267893,nDCG@10,0.0
q267893,R@100,0.0
q267894,nDCG@10,0.0
q267894,R@100,0.0
q267895,nDCG@10,0.0
q267895,R@100,1.0
q267896,nDCG@10,0.0
q267896,R@100,1.0
q267897,nDCG@10,0.0
q267897,R@100,1.0
q267898,nDCG@10,0.0
q267898,R@100,0.0
q267899,nDCG@10,1.0
q267899,R@100,1.0
q267900,nDCG@10,0.0
q267900,R@100,1.0
q267901,nDCG@10,0.0
q267901,R@100,0.0
q267902,nDCG@10,0.43067655807339306
q267902,R@100,1.0
q267903,nDCG@10,0.0
q267903,R@100,1.0
q267904,nDCG@10,0.6309297535714575
q267904,R@100,1.0
q267905,nDCG@10,0.0
q267905,R@100,0.0
q267906,nDCG@10,0.0
q267906,R@100,0.0
q267907,nDCG@10,0.0
q267907,R@100,1.0
q267908,nDCG@10,0.0
q267908,R@100,1.0
q267909,nDCG@10,0.0
q267909,R@100,0.0
q267910,nDCG@10,1.0
q267910,R@100,1.0
q267911,nDCG@10,0.0
q267911,R@100,0.0
q267912,nDCG@10,0.0
q267912,R@100,0.0
q267913,nDCG@10,0.0
q267913,R@100,0.0
q267914,nDCG@10,1.0
q267914,R@100,1.0
q267915,nDCG@10,0.0
q267915,R@100,0.0
q267916,nDCG@10,0.0
q267916,R@100,1.0
q267917,nDCG@10,0.6309297535714575
q267917,R@100,1.0
q267918,nDCG@10,0.0
q267918,R@100,1.0
q267919,nDCG@10,0.31546487678572877
q267919,R@100,1.0
q267920,nDCG@10,0.0
q267920,R@100,1.0
q267921,nDCG@10,0.0
q267921,R@100,0.0
q267922,nDCG@10,0.0
q267922,R@100,0.0
q267923,nDCG@10,0.0
q267923,R@100,0.0
q267924,nDCG@10,0.2890648263178879
q267924,R@100,1.0
q267925,nDCG@10,0.3010299956639812
q267925,R@100,1.0
q267926,nDCG@10,0.0
q267926,R@100,1.0
q267927,nDCG@10,0.0
q267927,R@100,0.0
q267928,nDCG@10,0.0
q267928,R@100,0.0
q267929,nDCG@10,0.0
q267929,R@100,0.0
q267930,nDCG@10,0.0
q267930,R@100,1.0
q267931,nDCG@10,0.0
q267931,R@100,0.0
q267932,nDCG@10,0.0
q267932,R@100,0.0
q267933,nDCG@10,0.0
q267933,R@100,1.0
q267934,nDCG@10,0.0
q267934,R@100,1.0
q267935,nDCG@10,0.0
q267935,R@100,1.0
q267936,nDCG@10,0.43067655807339306
q267936,R@100,1.0
q267937,nDCG@10,0.6309297535714575
q267937,R@100,1.0
q267938,nDCG@10,0.0
q267938,R@100,0.0
q267939,nDCG@10,0.6309297535714575
q267939,R@100,1.0
q267940,nDCG@10,0.0
q267940,R@100,0.0
q267941,nDCG@10,1.0
q267941,R@100,1.0
q267942,nDCG@10,0.5
q267942,R@100,1.0
q267943,nDCG@10,0.38685280723454163
q267943,R@100,1.0
q267944,nDCG@10,0.43067655807339306
q267944,R@100,1.0
q267945,nDCG@10,0.0
q267945,R@100,0.0
q267946,nDCG@10,0.0
q267946,R@100,0.0
q267947,nDCG@10,0.43067655807339306
q267947,R@100,1.0
q267948,nDCG@10,0.0
q267948,R@100,1.0
q267949,nDCG@10,0.6309297535714575
q267949,R@100,1.0
q267950,nDCG@10,0.0
q267950,R@100,1.0
q267951,nDCG@10,0.0
q267951,R@100,1.0
q267952,nDCG@10,0.0
q267952,R@100,1.0
q267953,nDCG@10,1.0
q267953,R@100,1.0
q267954,nDCG@10,1.0
q267954,R@100,1.0
q267955,nDCG@10,1.0
q267955,R@100,1.0
q267956,nDCG@10,0.0
q267956,R@100,0.0
q267957,nDCG@10,1.0
q267957,R@100,1.0
q267958,nDCG@10,0.0
q267958,R@100,1.0
q267959,nDCG@10,0.0
q267959,R@100,0.0
q267960,nDCG@10,0.0
q267960,R@100,1.0
q267961,nDCG@10,0.0
q267961,R@100,0.0
q267962,nDCG@10,0.0
q267962,R@100,0.0
q267963,nDCG@10,0.0
q267963,R@100,0.0
q267964,nDCG@10,1.0
q267964,R@100,1.0
q267965,nDCG@10,0.0
q267965,R@100,0.0
q267966,nDCG@10,0.0
q267966,R@100,1.0
q267967,nDCG@10,0.0
q267967,R@100,0.0
q267968,nDCG@10,0.0
q267968,R@100,0.0
q267969,nDCG@10,0.0
q267969,R@100,0.0
q267970,nDCG@10,0.0
q267970,R@100,0.0
q267971,nDCG@10,0.0
q267971,R@100,0.0
q267972,nDCG@10,0.0
q267972,R@100,0.0
q267973,nDCG@10,0.0
q267973,R@100,0.0
q267974,nDCG@10,1.0
q267974,R@100,1.0
q267975,nDCG@10,0.0
q267975,R@100,0.0
q267976,nDCG@10,0.0
q267976,R@100,0.0
q267977,nDCG@10,0.0
q267977,R@100,1.0
q267978,nDCG@10,0.0
q267978,R@100,0.0
q267979,nDCG@10,0.0
q267979,R@100,0.0
q267980,nDCG@10,0.0
q267980,R@100,0.0
q267981,nDCG@10,1.0
q267981,R@100,1.0
q267982,nDCG@10,1.0
q267982,R@100,1.0
q267983,nDCG@10,1.0
q267983,R@100,1.0
q267984,nDCG@10,1.0
q267984,R@100,1.0
q267985,nDCG@10,1.0
q267985,R@100,1.0
q267986,nDCG@10,1.0
q267986,R@100,1.0
q267987,nDCG@10,0.0
q267987,R@100,0.0
q267988,nDCG@10,0.0
q267988,R@100,0.0
q267989,nDCG@10,0.0
q267989,R@100,0.0
q267990,nDCG@10,0.5
q267990,R@100,1.0
q267991,nDCG@10,0.0
q267991,R@100,0.0
q267992,nDCG@10,0.0
q267992,R@100,0.0
q267993,nDCG@10,0.0
q267993,R@100,0.0
q267994,nDCG@10,0.3333333333333333
q267994,R@100,1.0
q267995,nDCG@10,0.3333333333333333
q267995,R@100,1.0
q267996,nDCG@10,0.43067655807339306
q267996,R@100,1.0
q267997,nDCG@10,0.3010299956639812
q267997,R@100,1.0
q267998,nDCG@10,0.43067655807339306
q267998,R@100,1.0
q267999,nDCG@10,0.31546487678572877
q267999,R@100,1.0
q268000,nDCG@10,0.6309297535714575
q268000,R@100,1.0
q268001,nDCG@10,0.31546487678572877
q268001,R@100,1.0
q268002,nDCG@10,0.3010299956639812
q268002,R@100,1.0
q268003,nDCG@10,0.0
q268003,R@100,1.0
q268004,nDCG@10,0.3333333333333333
q268004,R@100,1.0
q268005,nDCG@10,1.0
q268005,R@100,1.0
q268006,nDCG@10,0.3333333333333333
q268006,R@100,1.0
q268007,nDCG@10,0.3333333333333333
q268007,R@100,1.0
q268008,nDCG@10,0.3333333333333333
q268008,R@100,1.0
q268009,nDCG@10,0.3333333333333333
q268009,R@100,1.0
q268010,nDCG@10,1.0
q268010,R@100,1.0
q268011,nDCG@10,0.5
q268011,R@100,1.0
q268012,nDCG@10,1.0
q268012,R@100,1.0
q268013,nDCG@10,1.0
q268013,R@100,1.0
q268014,nDCG@10,1.0
q268014,R@100,1.0
q268015,nDCG@10,1.0
q268015,R@100,1.0
q268016,nDCG@10,1.0
q268016,R@100,1.0
q268017,nDCG@10,0.0
q268017,R@100,0.0
q268018,nDCG@10,1.0
q268018,R@100,1.0
q268019,nDCG@10,0.6309297535714575
q268019,R@100,1.0
q268020,nDCG@10,0.0
q268020,R@100,0.0
q268021,nDCG@10,0.0
q268021,R@100,0.0
q268022,nDCG@10,0.38685280723454163
q268022,R@100,1.0
q268023,nDCG@10,0.0
q268023,R@100,0.0
q268024,nDCG@10,0.0
q268024,R@100,0.0
q268025,nDCG@10,0.0
q268025,R@100,1.0
q268026,nDCG@10,0.0
q268026,R@100,1.0
q268027,nDCG@10,0.0
q268027,R@100,0.0
q268028,nDCG@10,0.0
q268028,R@100,1.0
q268029,nDCG@10,0.0
q268029,R@100,1.0
q268030,nDCG@10,1.0
q268030,R@100,1.0
q268031,nDCG@10,0.0
q268031,R@100,1.0
q268032,nDCG@10,1.0
q268032,R@100,1.0
q268033,nDCG@10,0.5
q268033,R@100,1.0
q268034,nDCG@10,0.0
q268034,R@100,0.0
q268035,nDCG@10,0.0
q268035,R@100,0.0
q268036,nDCG@10,0.31546487678572877
q268036,R@100,1.0
q268037,nDCG@10,0.0
q268037,R@100,0.0
q268038,nDCG@10,0.6309297535714575
q268038,R@100,1.0
q268039,nDCG@10,1.0
q268039,R@100,1.0
q268040,nDCG@10,0.0
q268040,R@100,0.0
q268041,nDCG@10,0.0
q268041,R@100,0.0
q268042,nDCG@10,0.0
q268042,R@100,1.0
q268043,nDCG@10,0.0
q268043,R@100,0.0
q268044,nDCG@10,0.0
q268044,R@100,0.0
q268045,nDCG@10,1.0
q268045,R@100,1.0
q268046,nDCG@10,0.3333333333333333
q268046,R@100,1.0
q268047,nDCG@10,1.0
q268047,R@100,1.0
q268048,nDCG@10,0.0
q268048,R@100,1.0
q268049,nDCG@10,0.0
q268049,R@100,1.0
q268050,nDCG@10,0.0
q268050,R@100,0.0
q268051,nDCG@10,0.0
q268051,R@100,1.0
q268052,nDCG@10,1.0
q268052,R@100,1.0
q268053,nDCG@10,1.0
q268053,R@100,1.0
q268054,nDCG@10,1.0
q268054,R@100,1.0
q268055,nDCG@10,0.0
q268055,R@100,0.0
q268056,nDCG@10,1.0
q268056,R@100,1.0
q268057,nDCG@10,0.5
q268057,R@100,1.0
q268058,nDCG@10,0.0
q268058,R@100,0.0
q268059,nDCG@10,0.0
q268059,R@100,1.0
q268060,nDCG@10,1.0
q268060,R@100,1.0
q268061,nDCG@10,1.0
q268061,R@100,1.0
q268062,nDCG@10,0.6309297535714575
q268062,R@100,1.0
q268063,nDCG@10,0.3562071871080222
q268063,R@100,1.0
q268064,nDCG@10,0.43067655807339306
q268064,R@100,1.0
q268065,nDCG@10,0.0
q268065,R@100,1.0
q268066,nDCG@10,0.38685280723454163
q268066,R@100,1.0
q268067,nDCG@10,1.0
q268067,R@100,1.0
q268068,nDCG@10,0.0
q268068,R@100,0.0
q268069,nDCG@10,0.0
q268069,R@100,1.0
q268070,nDCG@10,1.0
q268070,R@100,1.0
q268071,nDCG@10,0.0
q268071,R@100,1.0
q268072,nDCG@10,0.0
q268072,R@100,0.0
q268073,nDCG@10,0.0
q268073,R@100,0.0
q268074,nDCG@10,0.0
q268074,R@100,0.0
q268075,nDCG@10,0.0
q268075,R@100,0.0
q268076,nDCG@10,0.0
q268076,R@100,0.0
q268077,nDCG@10,1.0
q268077,R@100,1.0
q268078,nDCG@10,1.0
q268078,R@100,1.0
q268079,nDCG@10,1.0
q268079,R@100,1.0
q268080,nDCG@10,1.0
q268080,R@100,1.0
q268081,nDCG@10,0.0
q268081,R@100,1.0
q268082,nDCG@10,0.0
q268082,R@100,1.0
q268083,nDCG@10,1.0
q268083,R@100,1.0
q268084,nDCG@10,1.0
q268084,R@100,1.0
q268085,nDCG@10,0.0
q268085,R@100,0.0
q268086,nDCG@10,0.0
q268086,R@100,0.0
q268087,nDCG@10,0.0
q268087,R@100,1.0
q268088,nDCG@10,0.0
q268088,R@100,0.0
q268089,nDCG@10,0.0
q268089,R@100,0.0
q268090,nDCG@10,0.0
q268090,R@100,0.0
q268091,nDCG@10,0.0
q268091,R@100,0.0
q268092,nDCG@10,0.0
q268092,R@100,0.0
q268093,nDCG@10,0.0
q268093,R@100,0.0
q268094,nDCG@10,0.0
q268094,R@100,0.0
q268095,nDCG@10,1.0
q268095,R@100,1.0
q268096,nDCG@10,0.0
q268096,R@100,1.0
q268097,nDCG@10,0.3562071871080222
q268097,R@100,1.0
q268098,nDCG@10,0.0
q268098,R@100,0.0
q268099,nDCG@10,1.0
q268099,R@100,1.0
q268100,nDCG@10,0.0
q268100,R@100,0.0
q268101,nDCG@10,0.6309297535714575
q268101,R@100,1.0
q268102,nDCG@10,0.0
q268102,R@100,0.0
q268103,nDCG@10,0.0
q268103,R@100,1.0
q268104,nDCG@10,0.6309297535714575
q268104,R@100,1.0
q268105,nDCG@10,0.0
q268105,R@100,0.0
q268106,nDCG@10,0.0
q268106,R@100,0.0
q268107,nDCG@10,0.0
q268107,R@100,1.0
q268108,nDCG@10,0.0
q268108,R@100,1.0
q268109,nDCG@10,0.3562071871080222
q268109,R@100,1.0
q268110,nDCG@10,0.0
q268110,R@100,0.0
q268111,nDCG@10,0.6309297535714575
q268111,R@100,1.0
q268112,nDCG@10,0.0
q268112,R@100,1.0
q268113,nDCG@10,0.0
q268113,R@100,0.0
q268114,nDCG@10,0.0
q268114,R@100,0.0
q268115,nDCG@10,0.0
q268115,R@100,0.0
q268116,nDCG@10,0.0
q268116,R@100,0.0
q268117,nDCG@10,0.0
q268117,R@100,0.0
q268118,nDCG@10,0.0
q268118,R@100,0.0
q268119,nDCG@10,0.0
q268119,R@100,0.0
q268120,nDCG@10,1.0
q268120,R@100,1.0
q268121,nDCG@10,1.0
q268121,R@100,1.0
q268122,nDCG@10,1.0
q268122,R@100,1.0
q268123,nDCG@10,0.6309297535714575
q268123,R@100,1.0
q268124,nDCG@10,0.43067655807339306
q268124,R@100,1.0
q268125,nDCG@10,1.0
q268125,R@100,1.0
q268126,nDCG@10,1.0
q268126,R@100,1.0
q268127,nDCG@10,0.5
q268127,R@100,1.0
q268128,nDCG@10,1.0
q268128,R@100,1.0
q268129,nDCG@10,0.6309297535714575
q268129,R@100,1.0
q268130,nDCG@10,1.0
q268130,R@100,1.0
q268131,nDCG@10,0.6309297535714575
q268131,R@100,1.0
q268132,nDCG@10,0.0
q268132,R@100,0.0
q268133,nDCG@10,0.0
q268133,R@100,0.0
q268134,nDCG@10,0.0
q268134,R@100,0.0
q268135,nDCG@10,0.0
q268135,R@100,0.0
q268136,nDCG@10,1.0
q268136,R@100,1.0
q268137,nDCG@10,0.0
q268137,R@100,0.0
q268138,nDCG@10,0.0
q268138,R@100,0.0
q268139,nDCG@10,0.0
q268139,R@100,1.0
q268140,nDCG@10,1.0
q268140,R@100,1.0
q268141,nDCG@10,1.0
q268141,R@100,1.0
q268142,nDCG@10,0.6309297535714575
q268142,R@100,1.0
q268143,nDCG@10,0.43067655807339306
q268143,R@100,1.0
q268144,nDCG@10,0.0
q268144,R@100,0.0
q268145,nDCG@10,1.0
q268145,R@100,1.0
q268146,nDCG@10,1.0
q268146,R@100,1.0
q268147,nDCG@10,1.0
q268147,R@100,1.0
q268148,nDCG@10,0.0
q268148,R@100,0.0
q268149,nDCG@10,0.6309297535714575
q268149,R@100,1.0
q268150,nDCG@10,0.0
q268150,R@100,0.0
q268151,nDCG@10,0.0
q268151,R@100,0.0
q268152,nDCG@10,0.0
q268152,R@100,0.0
q268153,nDCG@10,1.0
q268153,R@100,1.0
q268154,nDCG@10,0.43067655807339306
q268154,R@100,1.0
q268155,nDCG@10,0.0
q268155,R@100,1.0
q268156,nDCG@10,0.2890648263178879
q268156,R@100,1.0
q268157,nDCG@10,0.5
q268157,R@100,1.0
q268158,nDCG@10,0.3333333333333333
q268158,R@100,1.0
q268159,nDCG@10,0.5
q268159,R@100,1.0
q268160,nDCG@10,0.0
q268160,R@100,0.0
q268161,nDCG@10,1.0
q268161,R@100,1.0
q268162,nDCG@10,0.0
q268162,R@100,1.0
q268163,nDCG@10,0.3010299956639812
q268163,R@100,1.0
q268164,nDCG@10,0.0
q268164,R@100,1.0
q268165,nDCG@10,0.0
q268165,R@100,1.0
q268166,nDCG@10,0.0
q268166,R@100,0.0
q268167,nDCG@10,1.0
q268167,R@100,1.0
q268168,nDCG@10,0.0
q268168,R@100,0.0
q268169,nDCG@10,0.43067655807339306
q268169,R@100,1.0
q268170,nDCG@10,0.6309297535714575
q268170,R@100,1.0
q268171,nDCG@10,0.6309297535714575
q268171,R@100,1.0
q268172,nDCG@10,0.0
q268172,R@100,1.0
q268173,nDCG@10,0.0
q268173,R@100,0.0
q268174,nDCG@10,0.0
q268174,R@100,0.0
q268175,nDCG@10,0.0
q268175,R@100,0.0
q268176,nDCG@10,0.6309297535714575
q268176,R@100,1.0
q268177,nDCG@10,0.0
q268177,R@100,1.0
q268178,nDCG@10,0.43067655807339306
q268178,R@100,1.0
q268179,nDCG@10,0.3010299956639812
q268179,R@100,1.0
q268180,nDCG@10,0.0
q268180,R@100,1.0
q268181,nDCG@10,0.0
q268181,R@100,0.0
q268182,nDCG@10,0.0
q268182,R@100,0.0
q268183,nDCG@10,0.0
q268183,R@100,0.0
q268184,nDCG@10,0.0
q268184,R@100,1.0
q268185,nDCG@10,0.0
q268185,R@100,1.0
q268186,nDCG@10,0.0
q268186,R@100,0.0
q268187,nDCG@10,0.38685280723454163
q268187,R@100,1.0
q268188,nDCG@10,0.38685280723454163
q268188,R@100,1.0
q268189,nDCG@10,0.38685280723454163
q268189,R@100,1.0
q268190,nDCG@10,0.0
q268190,R@100,0.0
q268191,nDCG@10,0.0
q268191,R@100,0.0
q268192,nDCG@10,0.0
q268192,R@100,0.0
q268193,nDCG@10,0.0
q268193,R@100,0.0
q268194,nDCG@10,0.0
q268194,R@100,0.0
q268195,nDCG@10,0.0
q268195,R@100,0.0
q268196,nDCG@10,0.0
q268196,R@100,0.0
q268197,nDCG@10,0.0
q268197,R@100,0.0
q268198,nDCG@10,0.6309297535714575
q268198,R@100,1.0
q268199,nDCG@10,0.43067655807339306
q268199,R@100,1.0
q268200,nDCG@10,1.0
q268200,R@100,1.0
q268201,nDCG@10,1.0
q268201,R@100,1.0
q268202,nDCG@10,1.0
q268202,R@100,1.0
q268203,nDCG@10,0.2890648263178879
q268203,R@100,1.0
q268204,nDCG@10,0.3010299956639812
q268204,R@100,1.0
q268205,nDCG@10,0.5
q268205,R@100,1.0
q268206,nDCG@10,0.0
q268206,R@100,0.0
q268207,nDCG@10,0.0
q268207,R@100,0.0
q268208,nDCG@10,0.6309297535714575
q268208,R@100,1.0
q268209,nDCG@10,1.0
q268209,R@100,1.0
q268210,nDCG@10,1.0
q268210,R@100,1.0
q268211,nDCG@10,0.6309297535714575
q268211,R@100,1.0
q268212,nDCG@10,0.0
q268212,R@100,0.0
q268213,nDCG@10,0.0
q268213,R@100,1.0
q268214,nDCG@10,0.0
q268214,R@100,0.0
q268215,nDCG@10,0.0
q268215,R@100,1.0
q268216,nDCG@10,0.6309297535714575
q268216,R@100,1.0
q268217,nDCG@10,0.0
q268217,R@100,1.0
q268218,nDCG@10,1.0
q268218,R@100,1.0
q268219,nDCG@10,0.0
q268219,R@100,1.0
q268220,nDCG@10,0.0
q268220,R@100,0.0
q268221,nDCG@10,0.0
q268221,R@100,0.0
q268222,nDCG@10,0.5
q268222,R@100,1.0
q268223,nDCG@10,0.6309297535714575
q268223,R@100,1.0
q268224,nDCG@10,0.2890648263178879
q268224,R@100,1.0
q268225,nDCG@10,1.0
q268225,R@100,1.0
q268226,nDCG@10,0.3333333333333333
q268226,R@100,1.0
q268227,nDCG@10,0.0
q268227,R@100,1.0
q268228,nDCG@10,0.0
q268228,R@100,0.0
q268229,nDCG@10,0.0
q268229,R@100,0.0
q268230,nDCG@10,0.0
q268230,R@100,1.0
q268231,nDCG@10,1.0
q268231,R@100,1.0
q268232,nDCG@10,0.5
q268232,R@100,1.0
q268233,nDCG@10,1.0
q268233,R@100,1.0
q268234,nDCG@10,0.0
q268234,R@100,1.0
q268235,nDCG@10,0.0
q268235,R@100,0.0
q268236,nDCG@10,0.0
q268236,R@100,1.0
