qid,measure,value
100060,nDCG@10,1.0
100060,R@100,1.0
100145,nDCG@10,0.5
100145,R@100,1.0
100243,nDCG@10,1.0
100243,R@100,1.0
100245,nDCG@10,0.6309297535714575
100245,R@100,1.0
100261,nDCG@10,0.0
100261,R@100,1.0
100271,nDCG@10,1.0
100271,R@100,1.0
100318,nDCG@10,1.0
100318,R@100,1.0
100320,nDCG@10,0.0
100320,R@100,0.5
100446,nDCG@10,1.0
100446,R@100,1.0
100467,nDCG@10,0.0
100467,R@100,1.0
100487,nDCG@10,0.3010299956639812
100487,R@100,1.0
10051,nDCG@10,0.5
10051,R@100,1.0
10052,nDCG@10,0.5
10052,R@100,1.0
100615,nDCG@10,0.6309297535714575
100615,R@100,1.0
100617,nDCG@10,1.0
100617,R@100,1.0
100659,nDCG@10,0.0
100659,R@100,1.0
100781,nDCG@10,0.5
100781,R@100,1.0
100785,nDCG@10,0.31546487678572877
100785,R@100,1.0
100788,nDCG@10,1.0
100788,R@100,1.0
100795,nDCG@10,1.0
100795,R@100,1.0
100852,nDCG@10,1.0
100852,R@100,1.0
100893,nDCG@10,0.0
100893,R@100,1.0
101008,nDCG@10,1.0
101008,R@100,1.0
101014,nDCG@10,0.6309297535714575
101014,R@100,1.0
101017,nDCG@10,0.19342640361727081
101017,R@100,0.5
101027,nDCG@10,0.6309297535714575
101027,R@100,1.0
101062,nDCG@10,1.0
101062,R@100,1.0
101111,nDCG@10,0.0
101111,R@100,1.0
101118,nDCG@10,0.3065735963827292
101118,R@100,0.5
101125,nDCG@10,0.0
101125,R@100,0.6666666666666666
101142,nDCG@10,1.0
101142,R@100,1.0
10117,nDCG@10,0.6309297535714575
10117,R@100,1.0
101176,nDCG@10,1.0
101176,R@100,1.0
10118,nDCG@10,0.6309297535714575
10118,R@100,1.0
101224,nDCG@10,1.0
101224,R@100,1.0
101300,nDCG@10,1.0
101300,R@100,1.0
101462,nDCG@10,0.5
101462,R@100,1.0
101473,nDCG@10,1.0
101473,R@100,1.0
10151,nDCG@10,0.0
10151,R@100,0.6666666666666666
101528,nDCG@10,1.0
101528,R@100,1.0
101552,nDCG@10,0.0
101552,R@100,1.0
101553,nDCG@10,1.0
101553,R@100,1.0
101565,nDCG@10,0.0
101565,R@100,1.0
101619,nDCG@10,0.6309297535714575
101619,R@100,1.0
101638,nDCG@10,1.0
101638,R@100,1.0
101656,nDCG@10,0.6309297535714575
101656,R@100,1.0
101668,nDCG@10,0.0
101668,R@100,1.0
101680,nDCG@10,0.6309297535714575
101680,R@100,1.0
101702,nDCG@10,1.0
101702,R@100,1.0
101795,nDCG@10,0.6309297535714575
101795,R@100,1.0
101808,nDCG@10,1.0
101808,R@100,1.0
101821,nDCG@10,1.0
101821,R@100,1.0
101845,nDCG@10,1.0
101845,R@100,1.0
101883,nDCG@10,0.0
101883,R@100,0.0
101906,nDCG@10,0.0
101906,R@100,0.0
101932,nDCG@10,0.0
101932,R@100,1.0
101985,nDCG@10,1.0
101985,R@100,1.0
102003,nDCG@10,1.0
102003,R@100,1.0
102019,nDCG@10,0.6309297535714575
102019,R@100,1.0
102020,nDCG@10,0.0
102020,R@100,1.0
102038,nDCG@10,1.0
102038,R@100,1.0
102079,nDCG@10,1.0
102079,R@100,1.0
102120,nDCG@10,0.0
102120,R@100,1.0
102161,nDCG@10,1.0
102161,R@100,1.0
102173,nDCG@10,0.3333333333333333
102173,R@100,1.0
102297,nDCG@10,1.0
102297,R@100,1.0
102303,nDCG@10,0.43067655807339306
102303,R@100,1.0
102417,nDCG@10,0.3562071871080222
102417,R@100,1.0
102418,nDCG@10,0.3562071871080222
102418,R@100,1.0
102523,nDCG@10,0.5
102523,R@100,1.0
102528,nDCG@10,0.31546487678572877
102528,R@100,1.0
102540,nDCG@10,0.3010299956639812
102540,R@100,1.0
102583,nDCG@10,0.6309297535714575
102583,R@100,1.0
102594,nDCG@10,1.0
102594,R@100,1.0
102600,nDCG@10,1.0
102600,R@100,1.0
10261,nDCG@10,0.38685280723454163
10261,R@100,1.0
10262,nDCG@10,0.43067655807339306
10262,R@100,1.0
102636,nDCG@10,1.0
102636,R@100,1.0
102741,nDCG@10,0.3562071871080222
102741,R@100,1.0
102745,nDCG@10,0.0
102745,R@100,1.0
102784,nDCG@10,1.0
102784,R@100,1.0
102789,nDCG@10,1.0
102789,R@100,1.0
102797,nDCG@10,0.6309297535714575
102797,R@100,1.0
102872,nDCG@10,0.2890648263178879
102872,R@100,1.0
102876,nDCG@10,0.43067655807339306
102876,R@100,1.0
102884,nDCG@10,0.6309297535714575
102884,R@100,1.0
102911,nDCG@10,0.6309297535714575
102911,R@100,1.0
102986,nDCG@10,1.0
102986,R@100,1.0
102990,nDCG@10,0.43067655807339306
102990,R@100,1.0
10300,nDCG@10,0.0
10300,R@100,0.5
103003,nDCG@10,0.43067655807339306
103003,R@100,1.0
103040,nDCG@10,1.0
103040,R@100,1.0
103050,nDCG@10,0.6309297535714575
103050,R@100,1.0
103051,nDCG@10,0.38685280723454163
103051,R@100,1.0
103063,nDCG@10,0.0
103063,R@100,0.5
103084,nDCG@10,1.0
103084,R@100,1.0
103116,nDCG@10,1.0
103116,R@100,1.0
103154,nDCG@10,1.0
103154,R@100,1.0
103167,nDCG@10,0.6309297535714575
103167,R@100,1.0
1032,nDCG@10,1.0
1032,R@100,1.0
103221,nDCG@10,0.5
103221,R@100,1.0
103234,nDCG@10,0.0
103234,R@100,1.0
10324,nDCG@10,0.0
10324,R@100,0.0
103298,nDCG@10,0.0
103298,R@100,1.0
103307,nDCG@10,1.0
103307,R@100,1.0
103325,nDCG@10,0.38685280723454163
103325,R@100,1.0
103375,nDCG@10,0.0
103375,R@100,1.0
103398,nDCG@10,0.5
103398,R@100,1.0
103456,nDCG@10,1.0
103456,R@100,1.0
103503,nDCG@10,1.0
103503,R@100,1.0
103509,nDCG@10,0.6131471927654584
103509,R@100,1.0
103535,nDCG@10,1.0
103535,R@100,1.0
103545,nDCG@10,0.6309297535714575
103545,R@100,1.0
103583,nDCG@10,0.0
103583,R@100,0.0
103665,nDCG@10,0.43067655807339306
103665,R@100,1.0
103709,nDCG@10,0.0
103709,R@100,1.0
103742,nDCG@10,0.3010299956639812
103742,R@100,1.0
103757,nDCG@10,0.2640681225725909
103757,R@100,1.0
103758,nDCG@10,1.0
103758,R@100,1.0
103767,nDCG@10,0.0
103767,R@100,0.8333333333333334
103816,nDCG@10,0.6131471927654584
103816,R@100,0.5
103833,nDCG@10,1.0
103833,R@100,1.0
103840,nDCG@10,0.3333333333333333
103840,R@100,1.0
103934,nDCG@10,1.0
103934,R@100,1.0
103941,nDCG@10,0.38685280723454163
103941,R@100,1.0
103964,nDCG@10,0.5
103964,R@100,1.0
104017,nDCG@10,1.0
104017,R@100,1.0
104031,nDCG@10,0.0
104031,R@100,1.0
104036,nDCG@10,1.0
104036,R@100,1.0
104135,nDCG@10,0.6309297535714575
104135,R@100,1.0
104178,nDCG@10,1.0
104178,R@100,1.0
104205,nDCG@10,1.0
104205,R@100,1.0
104206,nDCG@10,1.0
104206,R@100,1.0
104221,nDCG@10,0.38685280723454163
104221,R@100,0.5
104249,nDCG@10,0.6131471927654584
104249,R@100,0.5
104298,nDCG@10,0.5
104298,R@100,1.0
104332,nDCG@10,1.0
104332,R@100,1.0
104365,nDCG@10,0.38685280723454163
104365,R@100,1.0
104380,nDCG@10,0.0
104380,R@100,0.0
104423,nDCG@10,1.0
104423,R@100,1.0
104426,nDCG@10,0.6309297535714575
104426,R@100,1.0
104427,nDCG@10,0.37800210039683896
104427,R@100,1.0
10450,nDCG@10,1.0
10450,R@100,1.0
10451,nDCG@10,1.0
10451,R@100,1.0
104530,nDCG@10,0.3562071871080222
104530,R@100,1.0
104547,nDCG@10,0.31546487678572877
104547,R@100,1.0
10455,nDCG@10,0.16716045496620227
10455,R@100,0.6666666666666666
104677,nDCG@10,1.0
104677,R@100,1.0
104697,nDCG@10,1.0
104697,R@100,1.0
104703,nDCG@10,0.0
104703,R@100,1.0
104747,nDCG@10,1.0
104747,R@100,1.0
104798,nDCG@10,0.6131471927654584
104798,R@100,1.0
104808,nDCG@10,0.0
104808,R@100,1.0
104811,nDCG@10,1.0
104811,R@100,1.0
104922,nDCG@10,0.6309297535714575
104922,R@100,1.0
104926,nDCG@10,1.0
104926,R@100,1.0
104930,nDCG@10,1.0
104930,R@100,1.0
104970,nDCG@10,1.0
104970,R@100,1.0
105038,nDCG@10,0.0
105038,R@100,1.0
10504,nDCG@10,0.0
10504,R@100,1.0
105049,nDCG@10,0.6309297535714575
105049,R@100,1.0
105059,nDCG@10,1.0
105059,R@100,1.0
105128,nDCG@10,1.0
105128,R@100,1.0
105134,nDCG@10,0.5
105134,R@100,1.0
105216,nDCG@10,0.3562071871080222
105216,R@100,1.0
105256,nDCG@10,1.0
105256,R@100,1.0
105257,nDCG@10,1.0
105257,R@100,1.0
105298,nDCG@10,1.0
105298,R@100,1.0
105299,nDCG@10,0.5
105299,R@100,1.0
10530,nDCG@10,1.0
10530,R@100,1.0
105301,nDCG@10,0.6131471927654584
105301,R@100,0.5
105313,nDCG@10,1.0
105313,R@100,1.0
105383,nDCG@10,0.0
105383,R@100,0.0
105401,nDCG@10,1.0
105401,R@100,1.0
105437,nDCG@10,0.5
105437,R@100,1.0
105526,nDCG@10,0.0
105526,R@100,0.0
105540,nDCG@10,1.0
105540,R@100,1.0
105584,nDCG@10,0.43067655807339306
105584,R@100,1.0
105594,nDCG@10,1.0
105594,R@100,1.0
105600,nDCG@10,0.0
105600,R@100,0.0
105614,nDCG@10,0.3333333333333333
105614,R@100,1.0
105645,nDCG@10,1.0
105645,R@100,1.0
105651,nDCG@10,1.0
105651,R@100,1.0
10567,nDCG@10,0.5
10567,R@100,1.0
105693,nDCG@10,1.0
105693,R@100,1.0
105788,nDCG@10,1.0
105788,R@100,1.0
105896,nDCG@10,0.0
105896,R@100,1.0
105928,nDCG@10,0.8503449055347546
105928,R@100,1.0
105997,nDCG@10,0.6309297535714575
105997,R@100,1.0
106016,nDCG@10,1.0
106016,R@100,1.0
106019,nDCG@10,0.0
106019,R@100,0.0
106023,nDCG@10,0.38685280723454163
106023,R@100,0.5
106030,nDCG@10,1.0
106030,R@100,1.0
106078,nDCG@10,0.0
106078,R@100,1.0
106084,nDCG@10,1.0
106084,R@100,1.0
106132,nDCG@10,1.0
106132,R@100,1.0
106144,nDCG@10,1.0
106144,R@100,1.0
106191,nDCG@10,0.0
106191,R@100,1.0
106206,nDCG@10,1.0
106206,R@100,1.0
106211,nDCG@10,0.0
106211,R@100,1.0
106308,nDCG@10,0.0
106308,R@100,1.0
106359,nDCG@10,0.31546487678572877
106359,R@100,1.0
106387,nDCG@10,1.0
106387,R@100,1.0
106392,nDCG@10,1.0
106392,R@100,1.0
106404,nDCG@10,1.0
106404,R@100,1.0
106496,nDCG@10,0.43067655807339306
106496,R@100,1.0
106498,nDCG@10,1.0
106498,R@100,1.0
10650,nDCG@10,1.0
10650,R@100,1.0
106526,nDCG@10,0.0
106526,R@100,0.0
10654,nDCG@10,1.0
10654,R@100,1.0
10655,nDCG@10,1.0
10655,R@100,1.0
106557,nDCG@10,0.0
106557,R@100,1.0
106600,nDCG@10,1.0
106600,R@100,1.0
106615,nDCG@10,0.6309297535714575
106615,R@100,1.0
106683,nDCG@10,0.3562071871080222
106683,R@100,1.0
10671,nDCG@10,0.6309297535714575
10671,R@100,1.0
106732,nDCG@10,1.0
106732,R@100,1.0
10674,nDCG@10,0.3562071871080222
10674,R@100,1.0
10675,nDCG@10,0.2890648263178879
10675,R@100,1.0
106802,nDCG@10,0.3562071871080222
106802,R@100,1.0
106809,nDCG@10,0.0
106809,R@100,1.0
106832,nDCG@10,1.0
106832,R@100,1.0
106836,nDCG@10,0.6131471927654584
106836,R@100,0.5
106855,nDCG@10,1.0
106855,R@100,1.0
10688,nDCG@10,0.0
10688,R@100,0.0
10689,nDCG@10,0.0
10689,R@100,0.0
10692,nDCG@10,0.6309297535714575
10692,R@100,1.0
106928,nDCG@10,0.5
106928,R@100,1.0
106940,nDCG@10,0.43067655807339306
106940,R@100,1.0
106966,nDCG@10,0.23535109180711322
106966,R@100,0.42857142857142855
106981,nDCG@10,0.6131471927654584
106981,R@100,1.0
107035,nDCG@10,0.6131471927654584
107035,R@100,0.5
107036,nDCG@10,0.31546487678572877
107036,R@100,1.0
107060,nDCG@10,1.0
107060,R@100,1.0
107064,nDCG@10,0.2640681225725909
107064,R@100,0.5
107073,nDCG@10,0.0
107073,R@100,0.0
107119,nDCG@10,0.0
107119,R@100,1.0
107124,nDCG@10,1.0
107124,R@100,1.0
107135,nDCG@10,1.0
107135,R@100,1.0
10721,nDCG@10,0.6309297535714575
10721,R@100,1.0
107258,nDCG@10,1.0
107258,R@100,1.0
107273,nDCG@10,1.0
107273,R@100,1.0
107287,nDCG@10,1.0
107287,R@100,1.0
107305,nDCG@10,1.0
107305,R@100,1.0
107320,nDCG@10,1.0
107320,R@100,1.0
107322,nDCG@10,1.0
107322,R@100,1.0
107335,nDCG@10,0.6309297535714575
107335,R@100,1.0
107347,nDCG@10,0.6309297535714575
107347,R@100,1.0
107364,nDCG@10,0.3562071871080222
107364,R@100,1.0
10738,nDCG@10,0.6309297535714575
10738,R@100,1.0
107413,nDCG@10,0.5
107413,R@100,1.0
107465,nDCG@10,0.6309297535714575
107465,R@100,1.0
107543,nDCG@10,0.0
107543,R@100,1.0
107547,nDCG@10,1.0
107547,R@100,1.0
107583,nDCG@10,0.5706417189553201
107583,R@100,1.0
107585,nDCG@10,0.5
107585,R@100,1.0
107589,nDCG@10,0.0
107589,R@100,1.0
107600,nDCG@10,1.0
107600,R@100,1.0
10765,nDCG@10,0.0
10765,R@100,1.0
107654,nDCG@10,1.0
107654,R@100,1.0
107699,nDCG@10,0.0
107699,R@100,1.0
107725,nDCG@10,1.0
107725,R@100,1.0
107749,nDCG@10,0.38685280723454163
107749,R@100,1.0
107764,nDCG@10,1.0
107764,R@100,1.0
107793,nDCG@10,0.0
107793,R@100,1.0
107833,nDCG@10,0.0
107833,R@100,1.0
107856,nDCG@10,0.0
107856,R@100,0.0
107910,nDCG@10,0.3562071871080222
107910,R@100,1.0
107928,nDCG@10,1.0
107928,R@100,1.0
108079,nDCG@10,0.38685280723454163
108079,R@100,1.0
108104,nDCG@10,0.6309297535714575
108104,R@100,1.0
108107,nDCG@10,1.0
108107,R@100,1.0
108115,nDCG@10,0.31546487678572877
108115,R@100,1.0
10814,nDCG@10,0.5
10814,R@100,1.0
108145,nDCG@10,1.0
108145,R@100,1.0
108198,nDCG@10,0.0
108198,R@100,1.0
108201,nDCG@10,0.0
108201,R@100,1.0
108208,nDCG@10,0.0
108208,R@100,0.0
108267,nDCG@10,1.0
108267,R@100,1.0
108297,nDCG@10,1.0
108297,R@100,1.0
108315,nDCG@10,0.23463936301137822
108315,R@100,0.3333333333333333
108325,nDCG@10,1.0
108325,R@100,1.0
108326,nDCG@10,1.0
108326,R@100,1.0
108345,nDCG@10,0.6546154994739983
108345,R@100,1.0
108352,nDCG@10,1.0
108352,R@100,1.0
108420,nDCG@10,0.5
108420,R@100,1.0
108434,nDCG@10,0.43067655807339306
108434,R@100,1.0
10844,nDCG@10,0.20210734650054757
10844,R@100,0.3333333333333333
108444,nDCG@10,1.0
108444,R@100,1.0
108486,nDCG@10,0.0
108486,R@100,1.0
108498,nDCG@10,0.6309297535714575
108498,R@100,1.0
108510,nDCG@10,1.0
108510,R@100,1.0
108518,nDCG@10,1.0
108518,R@100,1.0
108525,nDCG@10,1.0
108525,R@100,1.0
108548,nDCG@10,0.0
108548,R@100,1.0
108598,nDCG@10,0.6309297535714575
108598,R@100,1.0
108618,nDCG@10,0.0
108618,R@100,1.0
108634,nDCG@10,0.6131471927654584
108634,R@100,0.5
108646,nDCG@10,1.0
108646,R@100,1.0
108663,nDCG@10,0.6309297535714575
108663,R@100,1.0
108734,nDCG@10,1.0
108734,R@100,1.0
108736,nDCG@10,0.6309297535714575
108736,R@100,1.0
108739,nDCG@10,1.0
108739,R@100,1.0
108752,nDCG@10,1.0
108752,R@100,1.0
108753,nDCG@10,0.5
108753,R@100,1.0
108755,nDCG@10,0.9197207891481876
108755,R@100,1.0
108756,nDCG@10,1.0
108756,R@100,1.0
108767,nDCG@10,0.5
108767,R@100,1.0
108803,nDCG@10,1.0
108803,R@100,1.0
108814,nDCG@10,1.0
108814,R@100,1.0
108836,nDCG@10,0.3333333333333333
108836,R@100,1.0
10890,nDCG@10,1.0
10890,R@100,1.0
108919,nDCG@10,1.0
108919,R@100,1.0
108920,nDCG@10,1.0
108920,R@100,1.0
108957,nDCG@10,1.0
108957,R@100,1.0
108997,nDCG@10,0.0
108997,R@100,0.0
109036,nDCG@10,0.6309297535714575
109036,R@100,1.0
109145,nDCG@10,0.3562071871080222
109145,R@100,1.0
109171,nDCG@10,0.6309297535714575
109171,R@100,1.0
109195,nDCG@10,1.0
109195,R@100,1.0
109234,nDCG@10,1.0
109234,R@100,1.0
109246,nDCG@10,0.0
109246,R@100,1.0
1093,nDCG@10,1.0
1093,R@100,1.0
109373,nDCG@10,1.0
109373,R@100,1.0
1094,nDCG@10,1.0
1094,R@100,1.0
109408,nDCG@10,1.0
109408,R@100,1.0
109431,nDCG@10,1.0
109431,R@100,1.0
109447,nDCG@10,1.0
109447,R@100,1.0
109499,nDCG@10,0.38685280723454163
109499,R@100,0.5
109563,nDCG@10,0.6131471927654584
109563,R@100,0.5
109564,nDCG@10,1.0
109564,R@100,1.0
109566,nDCG@10,0.6309297535714575
109566,R@100,1.0
109582,nDCG@10,1.0
109582,R@100,1.0
109719,nDCG@10,0.6309297535714575
109719,R@100,1.0
109728,nDCG@10,0.8315546295836225
109728,R@100,1.0
109737,nDCG@10,0.6309297535714575
109737,R@100,1.0
109793,nDCG@10,0.6309297535714575
109793,R@100,1.0
109817,nDCG@10,1.0
109817,R@100,1.0
109831,nDCG@10,0.0
109831,R@100,1.0
109876,nDCG@10,0.3562071871080222
109876,R@100,1.0
110011,nDCG@10,1.0
110011,R@100,1.0
110035,nDCG@10,0.0
110035,R@100,1.0
110059,nDCG@10,1.0
110059,R@100,1.0
11009,nDCG@10,0.5
11009,R@100,1.0
110106,nDCG@10,0.6309297535714575
110106,R@100,1.0
110133,nDCG@10,0.0
110133,R@100,1.0
110147,nDCG@10,0.6131471927654584
110147,R@100,1.0
110209,nDCG@10,0.6309297535714575
110209,R@100,1.0
110274,nDCG@10,0.8772153153380493
110274,R@100,1.0
110280,nDCG@10,0.6309297535714575
110280,R@100,1.0
110294,nDCG@10,1.0
110294,R@100,1.0
110357,nDCG@10,0.5
110357,R@100,1.0
110379,nDCG@10,0.6131471927654584
110379,R@100,1.0
110489,nDCG@10,0.43067655807339306
110489,R@100,1.0
110514,nDCG@10,0.6309297535714575
110514,R@100,1.0
110534,nDCG@10,1.0
110534,R@100,1.0
110538,nDCG@10,0.5
110538,R@100,1.0
110571,nDCG@10,0.6309297535714575
110571,R@100,1.0
110585,nDCG@10,0.0
110585,R@100,1.0
110599,nDCG@10,1.0
110599,R@100,1.0
110647,nDCG@10,0.0
110647,R@100,0.0
110652,nDCG@10,0.0
110652,R@100,1.0
110672,nDCG@10,1.0
110672,R@100,1.0
110683,nDCG@10,0.0
110683,R@100,1.0
110762,nDCG@10,0.6309297535714575
110762,R@100,1.0
110815,nDCG@10,0.0
110815,R@100,1.0
110831,nDCG@10,1.0
110831,R@100,1.0
11090,nDCG@10,1.0
11090,R@100,1.0
11091,nDCG@10,0.6309297535714575
11091,R@100,1.0
110925,nDCG@10,0.0
110925,R@100,1.0
110998,nDCG@10,1.0
110998,R@100,1.0
111060,nDCG@10,1.0
111060,R@100,1.0
111069,nDCG@10,0.0
111069,R@100,0.0
111074,nDCG@10,0.6309297535714575
111074,R@100,1.0
111138,nDCG@10,1.0
111138,R@100,1.0
111151,nDCG@10,0.45749452618986164
111151,R@100,1.0
111185,nDCG@10,0.5
111185,R@100,1.0
111213,nDCG@10,0.0
111213,R@100,0.0
111285,nDCG@10,0.5714285040141098
111285,R@100,1.0
111302,nDCG@10,0.6309297535714575
111302,R@100,1.0
111363,nDCG@10,0.6309297535714575
111363,R@100,1.0
111414,nDCG@10,1.0
111414,R@100,1.0
111424,nDCG@10,1.0
111424,R@100,1.0
111428,nDCG@10,1.0
111428,R@100,1.0
11145,nDCG@10,0.6131471927654584
11145,R@100,0.5
11146,nDCG@10,0.0
11146,R@100,1.0
111503,nDCG@10,1.0
111503,R@100,1.0
11151,nDCG@10,1.0
11151,R@100,1.0
111510,nDCG@10,1.0
111510,R@100,1.0
111514,nDCG@10,0.0
111514,R@100,1.0
111620,nDCG@10,0.6309297535714575
111620,R@100,1.0
111662,nDCG@10,1.0
111662,R@100,1.0
111685,nDCG@10,0.6309297535714575
111685,R@100,1.0
111717,nDCG@10,1.0
111717,R@100,1.0
111823,nDCG@10,1.0
111823,R@100,1.0
11184,nDCG@10,0.3065735963827292
11184,R@100,0.5
111893,nDCG@10,1.0
111893,R@100,1.0
111938,nDCG@10,0.3562071871080222
111938,R@100,1.0
111943,nDCG@10,0.0
111943,R@100,0.0
111976,nDCG@10,0.9197207891481876
111976,R@100,1.0
112048,nDCG@10,0.6309297535714575
112048,R@100,1.0
112087,nDCG@10,0.43067655807339306
112087,R@100,1.0
112137,nDCG@10,1.0
112137,R@100,1.0
112167,nDCG@10,0.6309297535714575
112167,R@100,1.0
112180,nDCG@10,0.5714285040141098
112180,R@100,1.0
112222,nDCG@10,1.0
112222,R@100,1.0
112242,nDCG@10,0.43067655807339306
112242,R@100,1.0
112270,nDCG@10,1.0
112270,R@100,1.0
112302,nDCG@10,0.0
112302,R@100,0.0
112316,nDCG@10,1.0
112316,R@100,1.0
112320,nDCG@10,1.0
112320,R@100,1.0
112329,nDCG@10,1.0
112329,R@100,1.0
112334,nDCG@10,0.0
112334,R@100,0.0
112341,nDCG@10,1.0
112341,R@100,1.0
112362,nDCG@10,0.6309297535714575
112362,R@100,1.0
11237,nDCG@10,1.0
11237,R@100,1.0
112371,nDCG@10,1.0
112371,R@100,1.0
112454,nDCG@10,1.0
112454,R@100,1.0
112488,nDCG@10,1.0
112488,R@100,1.0
112495,nDCG@10,0.38685280723454163
112495,R@100,1.0
11253,nDCG@10,0.5
11253,R@100,1.0
112545,nDCG@10,0.6309297535714575
112545,R@100,1.0
112565,nDCG@10,1.0
112565,R@100,1.0
112573,nDCG@10,0.6309297535714575
112573,R@100,1.0
112585,nDCG@10,1.0
112585,R@100,1.0
112592,nDCG@10,1.0
112592,R@100,1.0
11269,nDCG@10,0.8315546295836225
11269,R@100,1.0
112698,nDCG@10,0.5
112698,R@100,1.0
112701,nDCG@10,0.0
112701,R@100,1.0
112725,nDCG@10,0.6309297535714575
112725,R@100,1.0
112757,nDCG@10,0.6309297535714575
112757,R@100,1.0
112790,nDCG@10,0.0
112790,R@100,0.0
112842,nDCG@10,1.0
112842,R@100,1.0
112877,nDCG@10,0.5
112877,R@100,1.0
11290,nDCG@10,1.0
11290,R@100,1.0
112906,nDCG@10,1.0
112906,R@100,1.0
112911,nDCG@10,1.0
112911,R@100,1.0
112933,nDCG@10,0.0
112933,R@100,1.0
112940,nDCG@10,1.0
112940,R@100,1.0
112950,nDCG@10,0.46927872602275644
112950,R@100,1.0
112965,nDCG@10,0.6309297535714575
112965,R@100,1.0
112981,nDCG@10,0.43067655807339306
112981,R@100,1.0
113008,nDCG@10,0.38685280723454163
113008,R@100,1.0
113032,nDCG@10,0.6309297535714575
113032,R@100,1.0
113103,nDCG@10,1.0
113103,R@100,1.0
113106,nDCG@10,0.6131471927654584
113106,R@100,0.5
113127,nDCG@10,1.0
113127,R@100,1.0
11315,nDCG@10,1.0
11315,R@100,1.0
113210,nDCG@10,0.6309297535714575
113210,R@100,1.0
113214,nDCG@10,0.6309297535714575
113214,R@100,1.0
113267,nDCG@10,0.6309297535714575
113267,R@100,1.0
113279,nDCG@10,1.0
113279,R@100,1.0
113297,nDCG@10,0.0
113297,R@100,0.0
113341,nDCG@10,0.0
113341,R@100,1.0
113343,nDCG@10,0.43067655807339306
113343,R@100,1.0
113349,nDCG@10,1.0
113349,R@100,1.0
113361,nDCG@10,0.24630238874073
113361,R@100,0.25
113374,nDCG@10,0.3562071871080222
113374,R@100,1.0
113422,nDCG@10,0.5
113422,R@100,1.0
113476,nDCG@10,1.0
113476,R@100,1.0
113518,nDCG@10,0.31546487678572877
113518,R@100,1.0
11352,nDCG@10,0.0
11352,R@100,0.0
113613,nDCG@10,0.38685280723454163
113613,R@100,1.0
113664,nDCG@10,1.0
113664,R@100,1.0
113686,nDCG@10,0.7903864795495061
113686,R@100,1.0
113688,nDCG@10,1.0
113688,R@100,1.0
11369,nDCG@10,0.5
11369,R@100,1.0
113712,nDCG@10,0.6309297535714575
113712,R@100,1.0
113824,nDCG@10,0.20210734650054757
113824,R@100,0.3333333333333333
113882,nDCG@10,1.0
113882,R@100,1.0
1139,nDCG@10,1.0
1139,R@100,1.0
113912,nDCG@10,1.0
113912,R@100,1.0
113927,nDCG@10,0.3010299956639812
113927,R@100,1.0
113936,nDCG@10,0.31546487678572877
113936,R@100,1.0
113944,nDCG@10,0.6309297535714575
113944,R@100,1.0
113963,nDCG@10,0.0
113963,R@100,1.0
114000,nDCG@10,0.6309297535714575
114000,R@100,1.0
114010,nDCG@10,0.5706417189553201
114010,R@100,1.0
114012,nDCG@10,0.6309297535714575
114012,R@100,1.0
114050,nDCG@10,1.0
114050,R@100,1.0
114062,nDCG@10,0.0
114062,R@100,0.0
114066,nDCG@10,1.0
114066,R@100,1.0
114122,nDCG@10,0.6309297535714575
114122,R@100,1.0
114158,nDCG@10,1.0
114158,R@100,1.0
11418,nDCG@10,1.0
11418,R@100,1.0
114251,nDCG@10,0.0
114251,R@100,0.0
114360,nDCG@10,0.0
114360,R@100,1.0
114387,nDCG@10,0.0
114387,R@100,1.0
114422,nDCG@10,1.0
114422,R@100,1.0
11443,nDCG@10,1.0
11443,R@100,1.0
114469,nDCG@10,0.21840743681816419
114469,R@100,0.5
11449,nDCG@10,0.6309297535714575
11449,R@100,1.0
114523,nDCG@10,0.5
114523,R@100,1.0
114574,nDCG@10,0.6309297535714575
114574,R@100,1.0
114588,nDCG@10,1.0
114588,R@100,1.0
114609,nDCG@10,0.0
114609,R@100,1.0
114620,nDCG@10,0.6309297535714575
114620,R@100,1.0
114625,nDCG@10,1.0
114625,R@100,1.0
114640,nDCG@10,1.0
114640,R@100,1.0
114739,nDCG@10,0.6131471927654584
114739,R@100,0.5
114748,nDCG@10,1.0
114748,R@100,1.0
114770,nDCG@10,0.3562071871080222
114770,R@100,1.0
114778,nDCG@10,1.0
114778,R@100,1.0
11478,nDCG@10,1.0
11478,R@100,1.0
11479,nDCG@10,0.6309297535714575
11479,R@100,1.0
114795,nDCG@10,0.0
114795,R@100,1.0
114829,nDCG@10,1.0
114829,R@100,1.0
114857,nDCG@10,0.5
114857,R@100,1.0
114900,nDCG@10,0.6309297535714575
114900,R@100,1.0
11491,nDCG@10,0.6309297535714575
11491,R@100,1.0
114984,nDCG@10,0.0
114984,R@100,1.0
115002,nDCG@10,0.0
115002,R@100,0.5
115079,nDCG@10,0.0
115079,R@100,1.0
115128,nDCG@10,0.6309297535714575
115128,R@100,1.0
115143,nDCG@10,0.6309297535714575
115143,R@100,1.0
115175,nDCG@10,0.0
115175,R@100,0.0
115183,nDCG@10,0.38685280723454163
115183,R@100,1.0
115211,nDCG@10,1.0
115211,R@100,1.0
115244,nDCG@10,1.0
115244,R@100,1.0
115305,nDCG@10,0.3562071871080222
115305,R@100,1.0
115320,nDCG@10,1.0
115320,R@100,1.0
11538,nDCG@10,0.6309297535714575
11538,R@100,1.0
11539,nDCG@10,0.6309297535714575
11539,R@100,1.0
115430,nDCG@10,0.3562071871080222
115430,R@100,1.0
115460,nDCG@10,0.0
115460,R@100,1.0
115518,nDCG@10,0.2890648263178879
115518,R@100,1.0
115659,nDCG@10,1.0
115659,R@100,1.0
115678,nDCG@10,1.0
115678,R@100,1.0
11572,nDCG@10,0.7246262544989281
11572,R@100,1.0
115720,nDCG@10,0.6309297535714575
115720,R@100,1.0
115773,nDCG@10,0.0
115773,R@100,0.0
115782,nDCG@10,1.0
115782,R@100,1.0
115788,nDCG@10,0.3562071871080222
115788,R@100,1.0
115799,nDCG@10,0.43067655807339306
115799,R@100,1.0
115807,nDCG@10,1.0
115807,R@100,1.0
115898,nDCG@10,0.43067655807339306
115898,R@100,1.0
115920,nDCG@10,0.0
115920,R@100,0.0
115976,nDCG@10,1.0
115976,R@100,1.0
115985,nDCG@10,0.6309297535714575
115985,R@100,1.0
115989,nDCG@10,0.6131471927654584
115989,R@100,0.5
116026,nDCG@10,1.0
116026,R@100,1.0
116125,nDCG@10,1.0
116125,R@100,1.0
116129,nDCG@10,1.0
116129,R@100,1.0
116148,nDCG@10,1.0
116148,R@100,1.0
116177,nDCG@10,0.6309297535714575
116177,R@100,1.0
116209,nDCG@10,0.5
116209,R@100,1.0
116269,nDCG@10,1.0
116269,R@100,1.0
116278,nDCG@10,0.0
116278,R@100,1.0
116315,nDCG@10,0.6309297535714575
116315,R@100,1.0
116423,nDCG@10,0.5
116423,R@100,1.0
116433,nDCG@10,0.6131471927654584
116433,R@100,0.5
116464,nDCG@10,1.0
116464,R@100,1.0
116502,nDCG@10,1.0
116502,R@100,1.0
116527,nDCG@10,1.0
116527,R@100,1.0
11656,nDCG@10,0.6309297535714575
11656,R@100,1.0
116565,nDCG@10,1.0
116565,R@100,1.0
11658,nDCG@10,1.0
11658,R@100,1.0
116604,nDCG@10,0.43067655807339306
116604,R@100,1.0
11666,nDCG@10,0.6309297535714575
11666,R@100,1.0
116686,nDCG@10,0.0
116686,R@100,1.0
116715,nDCG@10,0.6309297535714575
116715,R@100,1.0
116723,nDCG@10,0.6309297535714575
116723,R@100,1.0
116737,nDCG@10,0.0
116737,R@100,1.0
11674,nDCG@10,1.0
11674,R@100,1.0
116786,nDCG@10,0.6309297535714575
116786,R@100,1.0
116789,nDCG@10,0.43067655807339306
116789,R@100,1.0
116795,nDCG@10,1.0
116795,R@100,1.0
116801,nDCG@10,1.0
116801,R@100,1.0
116860,nDCG@10,0.6131471927654584
116860,R@100,0.5
11688,nDCG@10,1.0
11688,R@100,1.0
11689,nDCG@10,0.38685280723454163
11689,R@100,1.0
116991,nDCG@10,1.0
116991,R@100,1.0
116998,nDCG@10,1.0
116998,R@100,1.0
117001,nDCG@10,1.0
117001,R@100,1.0
117003,nDCG@10,1.0
117003,R@100,1.0
117038,nDCG@10,0.6309297535714575
117038,R@100,1.0
117046,nDCG@10,0.3562071871080222
117046,R@100,1.0
117126,nDCG@10,0.0
117126,R@100,1.0
117129,nDCG@10,0.0
117129,R@100,0.5
117154,nDCG@10,0.0
117154,R@100,1.0
117192,nDCG@10,0.5
117192,R@100,1.0
117199,nDCG@10,1.0
117199,R@100,1.0
117251,nDCG@10,1.0
117251,R@100,1.0
117278,nDCG@10,0.0
117278,R@100,1.0
117316,nDCG@10,0.31546487678572877
117316,R@100,1.0
117351,nDCG@10,0.3562071871080222
117351,R@100,1.0
117380,nDCG@10,1.0
117380,R@100,1.0
117398,nDCG@10,0.3562071871080222
117398,R@100,1.0
117439,nDCG@10,1.0
117439,R@100,1.0
117495,nDCG@10,0.0
117495,R@100,0.0
117520,nDCG@10,0.6309297535714575
117520,R@100,1.0
117540,nDCG@10,0.43067655807339306
117540,R@100,1.0
117552,nDCG@10,1.0
117552,R@100,1.0
117605,nDCG@10,0.0
117605,R@100,0.0
117658,nDCG@10,0.0
117658,R@100,1.0
117767,nDCG@10,1.0
117767,R@100,1.0
117889,nDCG@10,1.0
117889,R@100,1.0
117948,nDCG@10,0.0
117948,R@100,1.0
117966,nDCG@10,1.0
117966,R@100,1.0
117998,nDCG@10,1.0
117998,R@100,1.0
118057,nDCG@10,0.43734888382569426
118057,R@100,0.6666666666666666
118081,nDCG@10,1.0
118081,R@100,1.0
118111,nDCG@10,0.43067655807339306
118111,R@100,1.0
118117,nDCG@10,0.20210734650054757
118117,R@100,0.3333333333333333
118139,nDCG@10,0.6131471927654584
118139,R@100,0.5
118160,nDCG@10,0.0
118160,R@100,1.0
118195,nDCG@10,0.43067655807339306
118195,R@100,1.0
118200,nDCG@10,1.0
118200,R@100,1.0
118208,nDCG@10,0.0
118208,R@100,0.0
118217,nDCG@10,1.0
118217,R@100,1.0
118272,nDCG@10,0.6309297535714575
118272,R@100,1.0
11830,nDCG@10,1.0
11830,R@100,1.0
118395,nDCG@10,1.0
118395,R@100,1.0
118411,nDCG@10,1.0
118411,R@100,1.0
118430,nDCG@10,1.0
118430,R@100,1.0
118434,nDCG@10,0.0
118434,R@100,0.0
118448,nDCG@10,1.0
118448,R@100,1.0
118481,nDCG@10,1.0
118481,R@100,1.0
118515,nDCG@10,1.0
118515,R@100,1.0
11853,nDCG@10,1.0
11853,R@100,1.0
118545,nDCG@10,0.38685280723454163
118545,R@100,1.0
118593,nDCG@10,1.0
118593,R@100,1.0
118594,nDCG@10,1.0
118594,R@100,1.0
118603,nDCG@10,1.0
118603,R@100,1.0
118651,nDCG@10,1.0
118651,R@100,1.0
118664,nDCG@10,0.0
118664,R@100,1.0
118708,nDCG@10,1.0
118708,R@100,1.0
118800,nDCG@10,0.6131471927654584
118800,R@100,0.5
118842,nDCG@10,1.0
118842,R@100,1.0
118917,nDCG@10,0.5
118917,R@100,1.0
118943,nDCG@10,0.5
118943,R@100,1.0
119080,nDCG@10,0.3333333333333333
119080,R@100,1.0
119122,nDCG@10,1.0
119122,R@100,1.0
119126,nDCG@10,0.0
119126,R@100,1.0
119132,nDCG@10,1.0
119132,R@100,1.0
11914,nDCG@10,1.0
11914,R@100,1.0
11915,nDCG@10,0.0
11915,R@100,1.0
119165,nDCG@10,0.6309297535714575
119165,R@100,1.0
11917,nDCG@10,0.0
11917,R@100,0.3333333333333333
119205,nDCG@10,1.0
119205,R@100,1.0
119221,nDCG@10,0.5
119221,R@100,1.0
119227,nDCG@10,0.6309297535714575
119227,R@100,1.0
119250,nDCG@10,1.0
119250,R@100,1.0
119287,nDCG@10,0.6309297535714575
119287,R@100,1.0
119358,nDCG@10,0.3010299956639812
119358,R@100,1.0
119362,nDCG@10,0.0
119362,R@100,0.5
11937,nDCG@10,0.6309297535714575
11937,R@100,1.0
119389,nDCG@10,0.0
119389,R@100,0.0
11940,nDCG@10,0.6309297535714575
11940,R@100,1.0
119422,nDCG@10,0.0
119422,R@100,0.0
119448,nDCG@10,0.5706417189553201
119448,R@100,1.0
119493,nDCG@10,1.0
119493,R@100,1.0
119515,nDCG@10,1.0
119515,R@100,1.0
119528,nDCG@10,0.0
119528,R@100,0.0
119557,nDCG@10,1.0
119557,R@100,1.0
119558,nDCG@10,0.2890648263178879
119558,R@100,1.0
119580,nDCG@10,1.0
119580,R@100,1.0
119687,nDCG@10,0.6309297535714575
119687,R@100,1.0
119738,nDCG@10,0.0
119738,R@100,1.0
119794,nDCG@10,1.0
119794,R@100,1.0
119829,nDCG@10,1.0
119829,R@100,1.0
119857,nDCG@10,1.0
119857,R@100,1.0
119863,nDCG@10,0.312706129752478
119863,R@100,0.5
119867,nDCG@10,0.5
119867,R@100,1.0
11989,nDCG@10,0.6240505200038379
11989,R@100,1.0
119911,nDCG@10,0.0
119911,R@100,1.0
119918,nDCG@10,1.0
119918,R@100,1.0
119989,nDCG@10,1.0
119989,R@100,1.0
119992,nDCG@10,0.6309297535714575
119992,R@100,1.0
119993,nDCG@10,0.3562071871080222
119993,R@100,1.0
120000,nDCG@10,0.0
120000,R@100,1.0
120026,nDCG@10,0.0
120026,R@100,1.0
120060,nDCG@10,1.0
120060,R@100,1.0
120077,nDCG@10,0.43067655807339306
120077,R@100,1.0
120126,nDCG@10,0.6309297535714575
120126,R@100,1.0
120133,nDCG@10,0.6131471927654584
120133,R@100,0.5
12015,nDCG@10,0.0
12015,R@100,1.0
12016,nDCG@10,0.0
12016,R@100,1.0
120242,nDCG@10,1.0
120242,R@100,1.0
120259,nDCG@10,1.0
120259,R@100,1.0
120290,nDCG@10,0.0
120290,R@100,0.0
120297,nDCG@10,0.3065735963827292
120297,R@100,1.0
120422,nDCG@10,0.6309297535714575
120422,R@100,1.0
120558,nDCG@10,0.3010299956639812
120558,R@100,1.0
12059,nDCG@10,0.5
12059,R@100,1.0
120591,nDCG@10,0.43067655807339306
120591,R@100,1.0
120644,nDCG@10,0.0
120644,R@100,1.0
120655,nDCG@10,1.0
120655,R@100,1.0
120664,nDCG@10,0.0
120664,R@100,1.0
120684,nDCG@10,0.6309297535714575
120684,R@100,1.0
120781,nDCG@10,1.0
120781,R@100,1.0
12084,nDCG@10,1.0
12084,R@100,1.0
120846,nDCG@10,1.0
120846,R@100,1.0
120866,nDCG@10,0.38685280723454163
120866,R@100,1.0
120873,nDCG@10,1.0
120873,R@100,1.0
120983,nDCG@10,1.0
120983,R@100,1.0
121065,nDCG@10,0.5
121065,R@100,1.0
121090,nDCG@10,1.0
121090,R@100,1.0
121121,nDCG@10,0.38685280723454163
121121,R@100,1.0
12118,nDCG@10,1.0
12118,R@100,1.0
12119,nDCG@10,0.0
12119,R@100,0.0
121202,nDCG@10,0.5
121202,R@100,1.0
121218,nDCG@10,1.0
121218,R@100,1.0
121251,nDCG@10,1.0
121251,R@100,1.0
121260,nDCG@10,1.0
121260,R@100,1.0
121280,nDCG@10,1.0
121280,R@100,1.0
121362,nDCG@10,1.0
121362,R@100,1.0
121398,nDCG@10,0.0
121398,R@100,1.0
121472,nDCG@10,0.0
121472,R@100,0.0
121496,nDCG@10,1.0
121496,R@100,1.0
121522,nDCG@10,0.6309297535714575
121522,R@100,1.0
121545,nDCG@10,1.0
121545,R@100,1.0
121548,nDCG@10,0.0
121548,R@100,1.0
121636,nDCG@10,0.5
121636,R@100,1.0
121683,nDCG@10,0.0
121683,R@100,1.0
121716,nDCG@10,1.0
121716,R@100,1.0
121718,nDCG@10,0.43067655807339306
121718,R@100,1.0
12172,nDCG@10,1.0
12172,R@100,1.0
121757,nDCG@10,1.0
121757,R@100,1.0
121765,nDCG@10,1.0
121765,R@100,1.0
12178,nDCG@10,0.3010299956639812
12178,R@100,1.0
121817,nDCG@10,0.5
121817,R@100,1.0
121847,nDCG@10,1.0
121847,R@100,1.0
121852,nDCG@10,0.6309297535714575
121852,R@100,1.0
121854,nDCG@10,0.6309297535714575
121854,R@100,1.0
121875,nDCG@10,1.0
121875,R@100,1.0
121897,nDCG@10,1.0
121897,R@100,1.0
1219,nDCG@10,0.5
1219,R@100,1.0
121902,nDCG@10,1.0
121902,R@100,1.0
121913,nDCG@10,0.6309297535714575
121913,R@100,1.0
121921,nDCG@10,0.6309297535714575
121921,R@100,1.0
121923,nDCG@10,1.0
121923,R@100,1.0
121936,nDCG@10,1.0
121936,R@100,1.0
1220,nDCG@10,1.0
1220,R@100,1.0
122006,nDCG@10,1.0
122006,R@100,1.0
122095,nDCG@10,1.0
122095,R@100,1.0
122111,nDCG@10,0.3333333333333333
122111,R@100,1.0
122159,nDCG@10,1.0
122159,R@100,1.0
122180,nDCG@10,0.6309297535714575
122180,R@100,1.0
122204,nDCG@10,0.0
122204,R@100,1.0
122207,nDCG@10,1.0
122207,R@100,1.0
122239,nDCG@10,1.0
122239,R@100,1.0
122285,nDCG@10,0.6309297535714575
122285,R@100,1.0
122288,nDCG@10,0.6131471927654584
122288,R@100,1.0
122343,nDCG@10,0.0
122343,R@100,0.0
122348,nDCG@10,0.0
122348,R@100,0.0
122351,nDCG@10,0.38685280723454163
122351,R@100,1.0
122391,nDCG@10,1.0
122391,R@100,1.0
122396,nDCG@10,1.0
122396,R@100,1.0
122463,nDCG@10,1.0
122463,R@100,1.0
122477,nDCG@10,0.3562071871080222
122477,R@100,1.0
122507,nDCG@10,0.0
122507,R@100,0.0
122583,nDCG@10,1.0
122583,R@100,1.0
122596,nDCG@10,1.0
122596,R@100,1.0
122615,nDCG@10,1.0
122615,R@100,1.0
122657,nDCG@10,0.6131471927654584
122657,R@100,0.5
122683,nDCG@10,1.0
122683,R@100,1.0
122745,nDCG@10,0.38685280723454163
122745,R@100,1.0
122772,nDCG@10,0.43067655807339306
122772,R@100,1.0
122776,nDCG@10,0.46927872602275644
122776,R@100,0.3333333333333333
122794,nDCG@10,1.0
122794,R@100,1.0
122812,nDCG@10,0.31546487678572877
122812,R@100,1.0
122891,nDCG@10,0.0
122891,R@100,1.0
122970,nDCG@10,0.4856486183364634
122970,R@100,0.375
122977,nDCG@10,0.6309297535714575
122977,R@100,1.0
123023,nDCG@10,1.0
123023,R@100,1.0
123031,nDCG@10,0.3065735963827292
123031,R@100,0.5
12306,nDCG@10,0.23463936301137822
12306,R@100,0.3333333333333333
123080,nDCG@10,0.0
123080,R@100,1.0
123087,nDCG@10,0.8175295903539445
123087,R@100,1.0
123108,nDCG@10,0.31546487678572877
123108,R@100,1.0
123112,nDCG@10,0.6309297535714575
123112,R@100,1.0
123121,nDCG@10,0.6309297535714575
123121,R@100,1.0
123142,nDCG@10,1.0
123142,R@100,1.0
123179,nDCG@10,0.0
123179,R@100,1.0
123189,nDCG@10,0.0
123189,R@100,0.0
12319,nDCG@10,1.0
12319,R@100,1.0
1232,nDCG@10,0.31546487678572877
1232,R@100,1.0
123236,nDCG@10,0.0
123236,R@100,1.0
123238,nDCG@10,0.0
123238,R@100,1.0
123248,nDCG@10,0.6309297535714575
123248,R@100,1.0
123276,nDCG@10,1.0
123276,R@100,1.0
123296,nDCG@10,0.0
123296,R@100,1.0
123364,nDCG@10,1.0
123364,R@100,1.0
123375,nDCG@10,0.6131471927654584
123375,R@100,0.5
123434,nDCG@10,1.0
123434,R@100,1.0
123446,nDCG@10,0.6309297535714575
123446,R@100,1.0
123447,nDCG@10,0.0
123447,R@100,0.0
123488,nDCG@10,0.0
123488,R@100,1.0
123591,nDCG@10,0.3010299956639812
123591,R@100,1.0
123614,nDCG@10,1.0
123614,R@100,1.0
123647,nDCG@10,0.38685280723454163
123647,R@100,1.0
123675,nDCG@10,1.0
123675,R@100,1.0
12372,nDCG@10,0.3010299956639812
12372,R@100,1.0
123753,nDCG@10,0.0
123753,R@100,1.0
123762,nDCG@10,1.0
123762,R@100,1.0
123777,nDCG@10,1.0
123777,R@100,1.0
123785,nDCG@10,1.0
123785,R@100,1.0
123794,nDCG@10,0.5
123794,R@100,1.0
123816,nDCG@10,1.0
123816,R@100,1.0
123826,nDCG@10,1.0
123826,R@100,1.0
123896,nDCG@10,1.0
123896,R@100,1.0
12403,nDCG@10,1.0
12403,R@100,1.0
124042,nDCG@10,0.30260241349881345
124042,R@100,0.3333333333333333
124050,nDCG@10,1.0
124050,R@100,1.0
124087,nDCG@10,1.0
124087,R@100,1.0
124118,nDCG@10,1.0
124118,R@100,1.0
124138,nDCG@10,0.21840743681816419
124138,R@100,0.5
124189,nDCG@10,0.6309297535714575
124189,R@100,1.0
12420,nDCG@10,1.0
12420,R@100,1.0
12421,nDCG@10,1.0
12421,R@100,1.0
124215,nDCG@10,0.0
124215,R@100,1.0
124240,nDCG@10,0.0
124240,R@100,0.5
124243,nDCG@10,1.0
124243,R@100,1.0
124244,nDCG@10,1.0
124244,R@100,1.0
124264,nDCG@10,1.0
124264,R@100,1.0
124277,nDCG@10,1.0
124277,R@100,1.0
124295,nDCG@10,0.0
124295,R@100,0.0
124341,nDCG@10,1.0
124341,R@100,1.0
124353,nDCG@10,1.0
124353,R@100,1.0
1244,nDCG@10,0.6309297535714575
1244,R@100,1.0
124472,nDCG@10,1.0
124472,R@100,1.0
124476,nDCG@10,1.0
124476,R@100,1.0
124492,nDCG@10,0.5
124492,R@100,1.0
12450,nDCG@10,1.0
12450,R@100,1.0
12453,nDCG@10,0.3010299956639812
12453,R@100,1.0
12454,nDCG@10,0.31546487678572877
12454,R@100,1.0
124565,nDCG@10,0.2890648263178879
124565,R@100,1.0
124578,nDCG@10,1.0
124578,R@100,1.0
124614,nDCG@10,1.0
124614,R@100,1.0
124620,nDCG@10,0.0
124620,R@100,0.0
124622,nDCG@10,1.0
124622,R@100,1.0
12466,nDCG@10,1.0
12466,R@100,1.0
124662,nDCG@10,0.6309297535714575
124662,R@100,1.0
124663,nDCG@10,1.0
124663,R@100,1.0
12467,nDCG@10,1.0
12467,R@100,1.0
124677,nDCG@10,0.6131471927654584
124677,R@100,1.0
12469,nDCG@10,0.3562071871080222
12469,R@100,1.0
124707,nDCG@10,1.0
124707,R@100,1.0
124719,nDCG@10,1.0
124719,R@100,1.0
124730,nDCG@10,0.0
124730,R@100,0.0
1248,nDCG@10,0.0
1248,R@100,1.0
124819,nDCG@10,1.0
124819,R@100,1.0
12482,nDCG@10,1.0
12482,R@100,1.0
12483,nDCG@10,1.0
12483,R@100,1.0
124875,nDCG@10,0.5
124875,R@100,1.0
12488,nDCG@10,1.0
12488,R@100,1.0
124881,nDCG@10,0.15101961822780524
124881,R@100,0.75
124904,nDCG@10,1.0
124904,R@100,1.0
124905,nDCG@10,0.43067655807339306
124905,R@100,1.0
124959,nDCG@10,0.6309297535714575
124959,R@100,1.0
124971,nDCG@10,0.0
124971,R@100,1.0
124986,nDCG@10,1.0
124986,R@100,1.0
124993,nDCG@10,0.5
124993,R@100,1.0
125024,nDCG@10,0.0
125024,R@100,1.0
1251,nDCG@10,0.6131471927654584
1251,R@100,1.0
125117,nDCG@10,1.0
125117,R@100,1.0
125164,nDCG@10,1.0
125164,R@100,1.0
125227,nDCG@10,0.0
125227,R@100,0.5
125292,nDCG@10,0.0
125292,R@100,0.0
125304,nDCG@10,0.43067655807339306
125304,R@100,1.0
125309,nDCG@10,0.6309297535714575
125309,R@100,1.0
125315,nDCG@10,0.3333333333333333
125315,R@100,1.0
125317,nDCG@10,0.0
125317,R@100,0.5
125333,nDCG@10,0.0
125333,R@100,1.0
125334,nDCG@10,1.0
125334,R@100,1.0
125385,nDCG@10,0.0
125385,R@100,0.0
125440,nDCG@10,1.0
125440,R@100,1.0
125449,nDCG@10,0.6309297535714575
125449,R@100,1.0
125458,nDCG@10,0.6309297535714575
125458,R@100,1.0
125464,nDCG@10,0.0
125464,R@100,0.0
125496,nDCG@10,1.0
125496,R@100,1.0
125524,nDCG@10,0.5
125524,R@100,1.0
125533,nDCG@10,1.0
125533,R@100,1.0
125550,nDCG@10,1.0
125550,R@100,1.0
125577,nDCG@10,0.3562071871080222
125577,R@100,1.0
125749,nDCG@10,0.6309297535714575
125749,R@100,1.0
125763,nDCG@10,1.0
125763,R@100,1.0
125803,nDCG@10,0.3333333333333333
125803,R@100,1.0
125829,nDCG@10,1.0
125829,R@100,1.0
125865,nDCG@10,0.0
125865,R@100,0.0
125900,nDCG@10,1.0
125900,R@100,1.0
125912,nDCG@10,0.6131471927654584
125912,R@100,0.5
125925,nDCG@10,1.0
125925,R@100,1.0
125930,nDCG@10,0.0
125930,R@100,1.0
125971,nDCG@10,0.5
125971,R@100,1.0
125982,nDCG@10,1.0
125982,R@100,1.0
125989,nDCG@10,1.0
125989,R@100,1.0
126045,nDCG@10,0.0
126045,R@100,0.0
126055,nDCG@10,1.0
126055,R@100,1.0
12612,nDCG@10,0.6131471927654584
12612,R@100,0.5
126300,nDCG@10,1.0
126300,R@100,1.0
12639,nDCG@10,0.3333333333333333
12639,R@100,1.0
126423,nDCG@10,0.0
126423,R@100,1.0
126559,nDCG@10,1.0
126559,R@100,1.0
126560,nDCG@10,1.0
126560,R@100,1.0
126561,nDCG@10,0.5
126561,R@100,1.0
126568,nDCG@10,0.43067655807339306
126568,R@100,1.0
126590,nDCG@10,1.0
126590,R@100,1.0
126693,nDCG@10,0.46927872602275644
126693,R@100,0.3333333333333333
126705,nDCG@10,0.0
126705,R@100,0.5
126740,nDCG@10,1.0
126740,R@100,1.0
126747,nDCG@10,1.0
126747,R@100,1.0
126775,nDCG@10,0.6309297535714575
126775,R@100,1.0
12678,nDCG@10,0.0
12678,R@100,1.0
126794,nDCG@10,0.0
126794,R@100,1.0
126799,nDCG@10,0.0
126799,R@100,1.0
12681,nDCG@10,1.0
12681,R@100,1.0
126818,nDCG@10,0.0
126818,R@100,1.0
12682,nDCG@10,1.0
12682,R@100,1.0
126828,nDCG@10,1.0
126828,R@100,1.0
126856,nDCG@10,0.31546487678572877
126856,R@100,1.0
126912,nDCG@10,1.0
126912,R@100,1.0
126916,nDCG@10,0.6309297535714575
126916,R@100,1.0
126926,nDCG@10,0.31546487678572877
126926,R@100,1.0
12693,nDCG@10,1.0
12693,R@100,1.0
126962,nDCG@10,1.0
126962,R@100,1.0
127013,nDCG@10,0.3010299956639812
127013,R@100,1.0
127015,nDCG@10,0.0
127015,R@100,0.0
127045,nDCG@10,1.0
127045,R@100,1.0
127090,nDCG@10,1.0
127090,R@100,1.0
127098,nDCG@10,0.9197207891481876
127098,R@100,1.0
127128,nDCG@10,0.0
127128,R@100,0.5
127133,nDCG@10,1.0
127133,R@100,1.0
127166,nDCG@10,1.0
127166,R@100,1.0
127180,nDCG@10,1.0
127180,R@100,1.0
127233,nDCG@10,0.43067655807339306
127233,R@100,1.0
127240,nDCG@10,0.0
127240,R@100,1.0
127244,nDCG@10,0.0
127244,R@100,1.0
127306,nDCG@10,1.0
127306,R@100,1.0
127369,nDCG@10,0.5
127369,R@100,1.0
127376,nDCG@10,1.0
127376,R@100,1.0
127402,nDCG@10,0.0
127402,R@100,1.0
127415,nDCG@10,1.0
127415,R@100,1.0
127419,nDCG@10,0.0
127419,R@100,1.0
127438,nDCG@10,1.0
127438,R@100,1.0
127456,nDCG@10,0.0
127456,R@100,0.0
127472,nDCG@10,0.6309297535714575
127472,R@100,1.0
127482,nDCG@10,0.3562071871080222
127482,R@100,1.0
127490,nDCG@10,0.6309297535714575
127490,R@100,1.0
127583,nDCG@10,0.38685280723454163
127583,R@100,1.0
127658,nDCG@10,1.0
127658,R@100,1.0
127659,nDCG@10,0.3562071871080222
127659,R@100,1.0
127697,nDCG@10,1.0
127697,R@100,1.0
127731,nDCG@10,0.0
127731,R@100,0.0
127772,nDCG@10,1.0
127772,R@100,1.0
127773,nDCG@10,1.0
127773,R@100,1.0
127777,nDCG@10,1.0
127777,R@100,1.0
127808,nDCG@10,0.9197207891481876
127808,R@100,1.0
127814,nDCG@10,0.38685280723454163
127814,R@100,1.0
127820,nDCG@10,1.0
127820,R@100,1.0
127822,nDCG@10,0.43067655807339306
127822,R@100,1.0
127876,nDCG@10,1.0
127876,R@100,1.0
127894,nDCG@10,1.0
127894,R@100,1.0
127955,nDCG@10,0.0
127955,R@100,1.0
127969,nDCG@10,0.3333333333333333
127969,R@100,1.0
127973,nDCG@10,0.6309297535714575
127973,R@100,1.0
127981,nDCG@10,1.0
127981,R@100,1.0
128004,nDCG@10,0.3562071871080222
128004,R@100,1.0
128005,nDCG@10,1.0
128005,R@100,1.0
128027,nDCG@10,0.3010299956639812
128027,R@100,1.0
128035,nDCG@10,0.9197207891481876
128035,R@100,1.0
128045,nDCG@10,0.6131471927654584
128045,R@100,1.0
128078,nDCG@10,0.43067655807339306
128078,R@100,1.0
128121,nDCG@10,1.0
128121,R@100,1.0
128141,nDCG@10,1.0
128141,R@100,1.0
128154,nDCG@10,0.43067655807339306
128154,R@100,1.0
12820,nDCG@10,0.0
12820,R@100,1.0
128230,nDCG@10,0.0
128230,R@100,1.0
128258,nDCG@10,1.0
128258,R@100,1.0
128268,nDCG@10,1.0
128268,R@100,1.0
12831,nDCG@10,1.0
12831,R@100,1.0
128319,nDCG@10,0.2890648263178879
128319,R@100,1.0
128356,nDCG@10,0.6309297535714575
128356,R@100,1.0
128370,nDCG@10,0.5
128370,R@100,1.0
128385,nDCG@10,0.5
128385,R@100,1.0
128406,nDCG@10,0.3562071871080222
128406,R@100,1.0
128459,nDCG@10,1.0
128459,R@100,1.0
128461,nDCG@10,0.0
128461,R@100,0.0
128467,nDCG@10,0.0
128467,R@100,1.0
128497,nDCG@10,0.6309297535714575
128497,R@100,1.0
12852,nDCG@10,1.0
12852,R@100,1.0
128532,nDCG@10,0.0
128532,R@100,0.0
128539,nDCG@10,0.0
128539,R@100,0.0
128584,nDCG@10,1.0
128584,R@100,1.0
128601,nDCG@10,0.6309297535714575
128601,R@100,1.0
128631,nDCG@10,1.0
128631,R@100,1.0
128709,nDCG@10,0.6309297535714575
128709,R@100,1.0
128720,nDCG@10,1.0
128720,R@100,1.0
128744,nDCG@10,1.0
128744,R@100,1.0
128793,nDCG@10,0.43067655807339306
128793,R@100,1.0
128807,nDCG@10,0.0
128807,R@100,0.6666666666666666
128827,nDCG@10,0.0
128827,R@100,1.0
128837,nDCG@10,0.6309297535714575
128837,R@100,1.0
128843,nDCG@10,1.0
128843,R@100,1.0
128844,nDCG@10,1.0
128844,R@100,1.0
128856,nDCG@10,0.2816249726597774
128856,R@100,0.3333333333333333
128870,nDCG@10,0.0
128870,R@100,0.0
128888,nDCG@10,0.0
128888,R@100,1.0
128931,nDCG@10,1.0
128931,R@100,1.0
128967,nDCG@10,1.0
128967,R@100,1.0
129006,nDCG@10,0.38685280723454163
129006,R@100,1.0
129026,nDCG@10,1.0
129026,R@100,1.0
129051,nDCG@10,1.0
129051,R@100,1.0
129066,nDCG@10,0.6131471927654584
129066,R@100,1.0
129071,nDCG@10,1.0
129071,R@100,1.0
129093,nDCG@10,0.6309297535714575
129093,R@100,1.0
129108,nDCG@10,0.0
129108,R@100,0.3333333333333333
129137,nDCG@10,1.0
129137,R@100,1.0
129180,nDCG@10,0.43067655807339306
129180,R@100,1.0
129239,nDCG@10,0.7529716549381369
129239,R@100,1.0
129241,nDCG@10,1.0
129241,R@100,1.0
129248,nDCG@10,0.3065735963827292
129248,R@100,0.5
129254,nDCG@10,1.0
129254,R@100,1.0
129305,nDCG@10,1.0
129305,R@100,1.0
129352,nDCG@10,1.0
129352,R@100,1.0
12936,nDCG@10,0.5
12936,R@100,1.0
129369,nDCG@10,0.6309297535714575
129369,R@100,1.0
129391,nDCG@10,1.0
129391,R@100,1.0
129412,nDCG@10,0.5
129412,R@100,1.0
129426,nDCG@10,1.0
129426,R@100,1.0
129439,nDCG@10,0.6309297535714575
129439,R@100,1.0
129462,nDCG@10,1.0
129462,R@100,1.0
129463,nDCG@10,1.0
129463,R@100,1.0
12948,nDCG@10,0.7039180890341347
12948,R@100,1.0
129531,nDCG@10,1.0
129531,R@100,1.0
129554,nDCG@10,0.0
129554,R@100,0.5
129558,nDCG@10,0.0
129558,R@100,0.4
129578,nDCG@10,1.0
129578,R@100,1.0
129601,nDCG@10,0.8065735963827293
129601,R@100,1.0
129632,nDCG@10,1.0
129632,R@100,1.0
129634,nDCG@10,1.0
129634,R@100,1.0
129654,nDCG@10,0.0
129654,R@100,0.5
129672,nDCG@10,1.0
129672,R@100,1.0
129710,nDCG@10,1.0
129710,R@100,1.0
129767,nDCG@10,0.0
129767,R@100,0.0
129780,nDCG@10,0.6309297535714575
129780,R@100,1.0
129805,nDCG@10,0.43067655807339306
129805,R@100,1.0
129818,nDCG@10,0.5
129818,R@100,1.0
129819,nDCG@10,0.6309297535714575
129819,R@100,1.0
129820,nDCG@10,0.0
129820,R@100,0.0
129829,nDCG@10,0.0
129829,R@100,0.5
129878,nDCG@10,0.6309297535714575
129878,R@100,1.0
12990,nDCG@10,0.38685280723454163
12990,R@100,1.0
129907,nDCG@10,0.43067655807339306
129907,R@100,1.0
129921,nDCG@10,0.6309297535714575
129921,R@100,1.0
129996,nDCG@10,1.0
129996,R@100,1.0
130007,nDCG@10,0.31546487678572877
130007,R@100,1.0
130010,nDCG@10,1.0
130010,R@100,1.0
130027,nDCG@10,0.3562071871080222
130027,R@100,1.0
130048,nDCG@10,0.0
130048,R@100,1.0
130108,nDCG@10,1.0
130108,R@100,1.0
130147,nDCG@10,0.8175295903539445
130147,R@100,1.0
130151,nDCG@10,0.0
130151,R@100,1.0
130248,nDCG@10,1.0
130248,R@100,1.0
130289,nDCG@10,0.6309297535714575
130289,R@100,1.0
130301,nDCG@10,1.0
130301,R@100,1.0
130325,nDCG@10,0.3333333333333333
130325,R@100,1.0
130338,nDCG@10,0.38685280723454163
130338,R@100,1.0
130400,nDCG@10,0.0
130400,R@100,1.0
130637,nDCG@10,1.0
130637,R@100,1.0
130683,nDCG@10,1.0
130683,R@100,1.0
130721,nDCG@10,1.0
130721,R@100,1.0
130820,nDCG@10,1.0
130820,R@100,1.0
13085,nDCG@10,0.3562071871080222
13085,R@100,1.0
130854,nDCG@10,0.0
130854,R@100,0.0
13086,nDCG@10,0.0
13086,R@100,0.0
130955,nDCG@10,1.0
130955,R@100,1.0
130978,nDCG@10,1.0
130978,R@100,1.0
130998,nDCG@10,1.0
130998,R@100,1.0
131056,nDCG@10,1.0
131056,R@100,1.0
131105,nDCG@10,1.0
131105,R@100,1.0
131139,nDCG@10,1.0
131139,R@100,1.0
131149,nDCG@10,0.6131471927654584
131149,R@100,1.0
131163,nDCG@10,0.6509209298071326
131163,R@100,1.0
131174,nDCG@10,0.0
131174,R@100,1.0
131250,nDCG@10,0.6309297535714575
131250,R@100,1.0
131255,nDCG@10,0.6309297535714575
131255,R@100,1.0
13126,nDCG@10,0.6309297535714575
13126,R@100,1.0
131268,nDCG@10,1.0
131268,R@100,1.0
13127,nDCG@10,0.23463936301137822
13127,R@100,0.6666666666666666
131277,nDCG@10,0.8503449055347546
131277,R@100,1.0
131309,nDCG@10,0.6309297535714575
131309,R@100,1.0
131314,nDCG@10,0.0
131314,R@100,1.0
131318,nDCG@10,0.6309297535714575
131318,R@100,1.0
13132,nDCG@10,0.0
13132,R@100,1.0
131375,nDCG@10,0.6309297535714575
131375,R@100,1.0
131376,nDCG@10,0.2890648263178879
131376,R@100,1.0
13138,nDCG@10,1.0
13138,R@100,1.0
131409,nDCG@10,0.6309297535714575
131409,R@100,1.0
131416,nDCG@10,0.3562071871080222
131416,R@100,1.0
131417,nDCG@10,1.0
131417,R@100,1.0
131440,nDCG@10,1.0
131440,R@100,1.0
131512,nDCG@10,1.0
131512,R@100,1.0
131513,nDCG@10,0.6309297535714575
131513,R@100,1.0
131520,nDCG@10,1.0
131520,R@100,1.0
131540,nDCG@10,0.6309297535714575
131540,R@100,1.0
131547,nDCG@10,0.0
131547,R@100,0.0
131584,nDCG@10,0.0
131584,R@100,1.0
131625,nDCG@10,1.0
131625,R@100,1.0
131634,nDCG@10,1.0
131634,R@100,1.0
131650,nDCG@10,0.0
131650,R@100,0.5
131660,nDCG@10,0.0
131660,R@100,1.0
131663,nDCG@10,1.0
131663,R@100,1.0
131670,nDCG@10,0.5
131670,R@100,1.0
131690,nDCG@10,1.0
131690,R@100,1.0
131735,nDCG@10,0.6309297535714575
131735,R@100,1.0
131786,nDCG@10,1.0
131786,R@100,1.0
131823,nDCG@10,0.0
131823,R@100,1.0
131839,nDCG@10,0.5
131839,R@100,1.0
131865,nDCG@10,1.0
131865,R@100,1.0
131969,nDCG@10,0.0
131969,R@100,1.0
13200,nDCG@10,0.0
13200,R@100,1.0
13201,nDCG@10,0.0
13201,R@100,1.0
132025,nDCG@10,0.0
132025,R@100,0.0
13210,nDCG@10,1.0
13210,R@100,1.0
13211,nDCG@10,0.0
13211,R@100,1.0
13212,nDCG@10,0.0
13212,R@100,0.0
132160,nDCG@10,0.5
132160,R@100,1.0
132214,nDCG@10,1.0
132214,R@100,1.0
132225,nDCG@10,0.6309297535714575
132225,R@100,1.0
132243,nDCG@10,1.0
132243,R@100,1.0
13226,nDCG@10,1.0
13226,R@100,1.0
132294,nDCG@10,0.6131471927654584
132294,R@100,0.5
132312,nDCG@10,1.0
132312,R@100,1.0
132313,nDCG@10,1.0
132313,R@100,1.0
132331,nDCG@10,0.38685280723454163
132331,R@100,1.0
13236,nDCG@10,0.38685280723454163
13236,R@100,1.0
13239,nDCG@10,0.6309297535714575
13239,R@100,1.0
13242,nDCG@10,0.3562071871080222
13242,R@100,1.0
132471,nDCG@10,1.0
132471,R@100,1.0
1325,nDCG@10,0.0
1325,R@100,1.0
132528,nDCG@10,0.43067655807339306
132528,R@100,1.0
132554,nDCG@10,1.0
132554,R@100,1.0
132619,nDCG@10,0.0
132619,R@100,0.0
132649,nDCG@10,0.0
132649,R@100,1.0
132681,nDCG@10,1.0
132681,R@100,1.0
132789,nDCG@10,0.0
132789,R@100,0.0
132806,nDCG@10,0.43067655807339306
132806,R@100,1.0
132874,nDCG@10,0.3562071871080222
132874,R@100,1.0
132883,nDCG@10,1.0
132883,R@100,1.0
132900,nDCG@10,0.8175295903539445
132900,R@100,1.0
132996,nDCG@10,0.6131471927654584
132996,R@100,1.0
133021,nDCG@10,0.0
133021,R@100,1.0
133029,nDCG@10,1.0
133029,R@100,1.0
133186,nDCG@10,1.0
133186,R@100,1.0
133233,nDCG@10,1.0
133233,R@100,1.0
133234,nDCG@10,1.0
133234,R@100,1.0
13327,nDCG@10,0.6309297535714575
13327,R@100,1.0
133284,nDCG@10,0.6309297535714575
133284,R@100,1.0
133295,nDCG@10,0.3391602052736161
133295,R@100,0.4
133360,nDCG@10,1.0
133360,R@100,1.0
133374,nDCG@10,1.0
133374,R@100,1.0
133395,nDCG@10,0.0
133395,R@100,0.0
133418,nDCG@10,0.0
133418,R@100,1.0
133441,nDCG@10,0.6309297535714575
133441,R@100,1.0
133523,nDCG@10,0.0
133523,R@100,0.0
133539,nDCG@10,0.6309297535714575
133539,R@100,1.0
133564,nDCG@10,1.0
133564,R@100,1.0
133599,nDCG@10,0.6309297535714575
133599,R@100,1.0
13369,nDCG@10,1.0
13369,R@100,1.0
133704,nDCG@10,1.0
133704,R@100,1.0
133767,nDCG@10,1.0
133767,R@100,1.0
133803,nDCG@10,0.5
133803,R@100,1.0
133843,nDCG@10,0.6131471927654584
133843,R@100,1.0
133910,nDCG@10,1.0
133910,R@100,1.0
134070,nDCG@10,0.0
134070,R@100,1.0
134099,nDCG@10,0.0
134099,R@100,1.0
134101,nDCG@10,0.5
134101,R@100,1.0
134118,nDCG@10,0.0
134118,R@100,1.0
134119,nDCG@10,0.6309297535714575
134119,R@100,1.0
134126,nDCG@10,1.0
134126,R@100,1.0
134314,nDCG@10,0.0
134314,R@100,0.0
134384,nDCG@10,1.0
134384,R@100,1.0
134422,nDCG@10,1.0
134422,R@100,1.0
134425,nDCG@10,1.0
134425,R@100,1.0
134438,nDCG@10,0.6309297535714575
134438,R@100,1.0
134442,nDCG@10,0.6309297535714575
134442,R@100,1.0
134464,nDCG@10,0.0
134464,R@100,1.0
134473,nDCG@10,1.0
134473,R@100,1.0
134501,nDCG@10,1.0
134501,R@100,1.0
134563,nDCG@10,0.0
134563,R@100,1.0
134582,nDCG@10,0.0
134582,R@100,0.5
134592,nDCG@10,0.0
134592,R@100,0.0
134612,nDCG@10,0.31546487678572877
134612,R@100,1.0
134617,nDCG@10,0.0
134617,R@100,1.0
134670,nDCG@10,1.0
134670,R@100,1.0
134680,nDCG@10,0.10633668103022985
134680,R@100,0.14285714285714285
134692,nDCG@10,1.0
134692,R@100,1.0
134696,nDCG@10,0.6934264036172708
134696,R@100,1.0
13474,nDCG@10,0.6309297535714575
13474,R@100,1.0
134825,nDCG@10,1.0
134825,R@100,1.0
134828,nDCG@10,0.3333333333333333
134828,R@100,1.0
134830,nDCG@10,1.0
134830,R@100,1.0
134850,nDCG@10,0.0
134850,R@100,0.0
134854,nDCG@10,0.43067655807339306
134854,R@100,1.0
134889,nDCG@10,1.0
134889,R@100,1.0
134908,nDCG@10,0.0
134908,R@100,0.0
134927,nDCG@10,1.0
134927,R@100,1.0
134944,nDCG@10,1.0
134944,R@100,1.0
134950,nDCG@10,1.0
134950,R@100,1.0
134983,nDCG@10,0.38685280723454163
134983,R@100,1.0
134995,nDCG@10,1.0
134995,R@100,1.0
134997,nDCG@10,0.6309297535714575
134997,R@100,1.0
135008,nDCG@10,0.2890648263178879
135008,R@100,1.0
135020,nDCG@10,1.0
135020,R@100,1.0
135024,nDCG@10,1.0
135024,R@100,1.0
135035,nDCG@10,0.0
135035,R@100,0.3333333333333333
135055,nDCG@10,0.0
135055,R@100,1.0
135113,nDCG@10,1.0
135113,R@100,1.0
13515,nDCG@10,1.0
13515,R@100,1.0
135150,nDCG@10,0.5
135150,R@100,1.0
135151,nDCG@10,1.0
135151,R@100,1.0
135159,nDCG@10,0.0
135159,R@100,0.0
135180,nDCG@10,1.0
135180,R@100,1.0
135212,nDCG@10,0.0
135212,R@100,1.0
135215,nDCG@10,0.0
135215,R@100,0.0
135302,nDCG@10,1.0
135302,R@100,1.0
135311,nDCG@10,1.0
135311,R@100,1.0
135322,nDCG@10,0.43067655807339306
135322,R@100,1.0
135327,nDCG@10,1.0
135327,R@100,1.0
135336,nDCG@10,0.0
135336,R@100,0.5
135340,nDCG@10,1.0
135340,R@100,1.0
135369,nDCG@10,1.0
135369,R@100,1.0
135420,nDCG@10,0.8772153153380493
135420,R@100,1.0
135459,nDCG@10,1.0
135459,R@100,1.0
135477,nDCG@10,1.0
135477,R@100,1.0
135519,nDCG@10,1.0
135519,R@100,1.0
135583,nDCG@10,0.6131471927654584
135583,R@100,1.0
13560,nDCG@10,0.43067655807339306
13560,R@100,1.0
135642,nDCG@10,0.3562071871080222
135642,R@100,1.0
135647,nDCG@10,0.6309297535714575
135647,R@100,1.0
135684,nDCG@10,0.0
135684,R@100,0.0
135802,nDCG@10,0.6309297535714575
135802,R@100,1.0
135832,nDCG@10,0.0
135832,R@100,1.0
13588,nDCG@10,0.0
13588,R@100,1.0
135910,nDCG@10,1.0
135910,R@100,1.0
135921,nDCG@10,1.0
135921,R@100,1.0
135928,nDCG@10,1.0
135928,R@100,1.0
135964,nDCG@10,0.38685280723454163
135964,R@100,1.0
136019,nDCG@10,0.6309297535714575
136019,R@100,1.0
136045,nDCG@10,0.0
136045,R@100,0.0
136062,nDCG@10,1.0
136062,R@100,1.0
136089,nDCG@10,0.6131471927654584
136089,R@100,1.0
1361,nDCG@10,0.3903800499921017
1361,R@100,1.0
136131,nDCG@10,0.2890648263178879
136131,R@100,1.0
136192,nDCG@10,1.0
136192,R@100,1.0
1362,nDCG@10,1.0
1362,R@100,1.0
136213,nDCG@10,1.0
136213,R@100,1.0
136214,nDCG@10,0.0
136214,R@100,1.0
136282,nDCG@10,0.0
136282,R@100,0.3333333333333333
136290,nDCG@10,0.0
136290,R@100,0.5
136335,nDCG@10,0.0
136335,R@100,1.0
136376,nDCG@10,0.0
136376,R@100,1.0
136427,nDCG@10,1.0
136427,R@100,1.0
136530,nDCG@10,0.0
136530,R@100,0.0
136578,nDCG@10,0.0
136578,R@100,1.0
136604,nDCG@10,0.23719771276929622
136604,R@100,0.5
136658,nDCG@10,1.0
136658,R@100,1.0
13668,nDCG@10,0.5
13668,R@100,1.0
136731,nDCG@10,1.0
136731,R@100,1.0
1368,nDCG@10,0.43067655807339306
1368,R@100,1.0
136840,nDCG@10,1.0
136840,R@100,1.0
136848,nDCG@10,1.0
136848,R@100,1.0
13688,nDCG@10,0.43067655807339306
13688,R@100,1.0
1369,nDCG@10,1.0
1369,R@100,1.0
136914,nDCG@10,0.18457569677956817
136914,R@100,1.0
136928,nDCG@10,0.0
136928,R@100,1.0
136947,nDCG@10,0.5
136947,R@100,1.0
136976,nDCG@10,0.0
136976,R@100,0.0
1370,nDCG@10,1.0
1370,R@100,1.0
137038,nDCG@10,1.0
137038,R@100,1.0
137040,nDCG@10,1.0
137040,R@100,1.0
137094,nDCG@10,1.0
137094,R@100,1.0
137159,nDCG@10,0.38685280723454163
137159,R@100,1.0
137173,nDCG@10,1.0
137173,R@100,1.0
137201,nDCG@10,1.0
137201,R@100,1.0
137210,nDCG@10,1.0
137210,R@100,1.0
137267,nDCG@10,1.0
137267,R@100,1.0
137298,nDCG@10,1.0
137298,R@100,1.0
137370,nDCG@10,0.3562071871080222
137370,R@100,1.0
137384,nDCG@10,0.9223260797603763
137384,R@100,1.0
137401,nDCG@10,1.0
137401,R@100,1.0
137417,nDCG@10,0.38685280723454163
137417,R@100,1.0
137436,nDCG@10,1.0
137436,R@100,1.0
137453,nDCG@10,0.6309297535714575
137453,R@100,1.0
137577,nDCG@10,1.0
137577,R@100,1.0
137665,nDCG@10,0.43067655807339306
137665,R@100,1.0
137674,nDCG@10,0.38685280723454163
137674,R@100,1.0
137678,nDCG@10,1.0
137678,R@100,1.0
13768,nDCG@10,1.0
13768,R@100,1.0
13769,nDCG@10,1.0
13769,R@100,1.0
13773,nDCG@10,0.5
13773,R@100,1.0
137738,nDCG@10,1.0
137738,R@100,1.0
137813,nDCG@10,0.0
137813,R@100,1.0
137825,nDCG@10,1.0
137825,R@100,1.0
137909,nDCG@10,0.38685280723454163
137909,R@100,0.5
137968,nDCG@10,0.5
137968,R@100,1.0
13801,nDCG@10,0.6309297535714575
13801,R@100,1.0
138095,nDCG@10,0.3333333333333333
138095,R@100,1.0
13815,nDCG@10,0.6309297535714575
13815,R@100,1.0
138159,nDCG@10,0.38685280723454163
138159,R@100,1.0
138181,nDCG@10,0.5
138181,R@100,1.0
138188,nDCG@10,0.5
138188,R@100,1.0
138252,nDCG@10,0.5
138252,R@100,1.0
138263,nDCG@10,0.6309297535714575
138263,R@100,1.0
13829,nDCG@10,1.0
13829,R@100,1.0
13830,nDCG@10,1.0
13830,R@100,1.0
138377,nDCG@10,0.38685280723454163
138377,R@100,0.5
138392,nDCG@10,0.20438239758848611
138392,R@100,0.5
138436,nDCG@10,0.0
138436,R@100,0.0
138475,nDCG@10,0.0
138475,R@100,0.0
138563,nDCG@10,0.0
138563,R@100,0.0
138622,nDCG@10,0.5
138622,R@100,1.0
138636,nDCG@10,0.0
138636,R@100,1.0
138664,nDCG@10,1.0
138664,R@100,1.0
13868,nDCG@10,0.0
13868,R@100,0.0
13869,nDCG@10,0.0
13869,R@100,0.0
138708,nDCG@10,0.0
138708,R@100,1.0
138714,nDCG@10,0.6309297535714575
138714,R@100,1.0
138743,nDCG@10,0.6309297535714575
138743,R@100,1.0
13875,nDCG@10,0.38685280723454163
13875,R@100,1.0
138752,nDCG@10,1.0
138752,R@100,1.0
13876,nDCG@10,0.43067655807339306
13876,R@100,1.0
13881,nDCG@10,0.0
13881,R@100,0.0
13882,nDCG@10,0.0
13882,R@100,0.5
13885,nDCG@10,0.0
13885,R@100,0.0
138865,nDCG@10,0.0
138865,R@100,1.0
138887,nDCG@10,0.0
138887,R@100,1.0
138910,nDCG@10,0.0
138910,R@100,1.0
139077,nDCG@10,0.6309297535714575
139077,R@100,1.0
139090,nDCG@10,0.43067655807339306
139090,R@100,1.0
139097,nDCG@10,1.0
139097,R@100,1.0
139103,nDCG@10,0.6309297535714575
139103,R@100,1.0
139116,nDCG@10,1.0
139116,R@100,1.0
139145,nDCG@10,1.0
139145,R@100,1.0
139174,nDCG@10,0.0
139174,R@100,1.0
139271,nDCG@10,1.0
139271,R@100,1.0
13928,nDCG@10,0.6309297535714575
13928,R@100,1.0
139289,nDCG@10,0.0
139289,R@100,0.0
13929,nDCG@10,1.0
13929,R@100,1.0
139302,nDCG@10,0.23719771276929622
139302,R@100,0.5
139330,nDCG@10,1.0
139330,R@100,1.0
139348,nDCG@10,0.6309297535714575
139348,R@100,1.0
139365,nDCG@10,0.6309297535714575
139365,R@100,1.0
139427,nDCG@10,1.0
139427,R@100,1.0
139429,nDCG@10,0.0
139429,R@100,1.0
139433,nDCG@10,0.0
139433,R@100,1.0
139466,nDCG@10,0.0
139466,R@100,1.0
139493,nDCG@10,0.3562071871080222
139493,R@100,1.0
1395,nDCG@10,0.0
1395,R@100,0.0
139563,nDCG@10,1.0
139563,R@100,1.0
139569,nDCG@10,0.0
139569,R@100,1.0
139694,nDCG@10,1.0
139694,R@100,1.0
139717,nDCG@10,0.6309297535714575
139717,R@100,1.0
139728,nDCG@10,0.0
139728,R@100,0.0
139730,nDCG@10,0.6309297535714575
139730,R@100,1.0
139749,nDCG@10,1.0
139749,R@100,1.0
139762,nDCG@10,0.3562071871080222
139762,R@100,1.0
139820,nDCG@10,0.6309297535714575
139820,R@100,1.0
139831,nDCG@10,0.6509209298071326
139831,R@100,1.0
139873,nDCG@10,0.38685280723454163
139873,R@100,1.0
139876,nDCG@10,1.0
139876,R@100,1.0
139910,nDCG@10,0.43067655807339306
139910,R@100,1.0
139967,nDCG@10,0.6309297535714575
139967,R@100,1.0
139994,nDCG@10,0.0
139994,R@100,0.0
140005,nDCG@10,0.6131471927654584
140005,R@100,0.5
140032,nDCG@10,1.0
140032,R@100,1.0
140036,nDCG@10,0.43067655807339306
140036,R@100,1.0
140044,nDCG@10,1.0
140044,R@100,1.0
140051,nDCG@10,0.0
140051,R@100,0.0
140067,nDCG@10,1.0
140067,R@100,1.0
140070,nDCG@10,1.0
140070,R@100,1.0
140139,nDCG@10,0.0
140139,R@100,1.0
140140,nDCG@10,1.0
140140,R@100,1.0
140231,nDCG@10,0.0
140231,R@100,1.0
140242,nDCG@10,0.0
140242,R@100,1.0
140286,nDCG@10,0.0
140286,R@100,1.0
140292,nDCG@10,0.0
140292,R@100,0.0
140299,nDCG@10,0.9197207891481876
140299,R@100,1.0
140330,nDCG@10,0.0
140330,R@100,1.0
140337,nDCG@10,0.17723928678404774
140337,R@100,0.5
140390,nDCG@10,0.0
140390,R@100,1.0
140399,nDCG@10,0.0
140399,R@100,0.0
140417,nDCG@10,0.0
140417,R@100,0.5
140430,nDCG@10,0.0
140430,R@100,1.0
140442,nDCG@10,0.5
140442,R@100,1.0
140443,nDCG@10,1.0
140443,R@100,1.0
140462,nDCG@10,0.0
140462,R@100,1.0
140492,nDCG@10,0.0
140492,R@100,0.5
14051,nDCG@10,0.6309297535714575
14051,R@100,1.0
140580,nDCG@10,0.6309297535714575
140580,R@100,1.0
140612,nDCG@10,1.0
140612,R@100,1.0
140661,nDCG@10,0.5
140661,R@100,1.0
140663,nDCG@10,1.0
140663,R@100,1.0
140664,nDCG@10,0.6309297535714575
140664,R@100,1.0
14073,nDCG@10,0.0
14073,R@100,1.0
140750,nDCG@10,1.0
140750,R@100,1.0
140762,nDCG@10,0.6309297535714575
140762,R@100,1.0
140776,nDCG@10,1.0
140776,R@100,1.0
140869,nDCG@10,1.0
140869,R@100,1.0
140923,nDCG@10,0.0
140923,R@100,0.0
140967,nDCG@10,1.0
140967,R@100,1.0
14100,nDCG@10,1.0
14100,R@100,1.0
141006,nDCG@10,0.0
141006,R@100,1.0
14101,nDCG@10,0.6309297535714575
14101,R@100,1.0
141032,nDCG@10,0.38685280723454163
141032,R@100,1.0
141058,nDCG@10,0.0
141058,R@100,1.0
14123,nDCG@10,1.0
14123,R@100,1.0
141268,nDCG@10,1.0
141268,R@100,1.0
141271,nDCG@10,1.0
141271,R@100,1.0
141282,nDCG@10,1.0
141282,R@100,1.0
141284,nDCG@10,1.0
141284,R@100,1.0
141353,nDCG@10,0.38685280723454163
141353,R@100,1.0
141434,nDCG@10,0.0
141434,R@100,1.0
141466,nDCG@10,0.31546487678572877
141466,R@100,1.0
141477,nDCG@10,0.8772153153380493
141477,R@100,1.0
141522,nDCG@10,1.0
141522,R@100,1.0
141535,nDCG@10,1.0
141535,R@100,1.0
141632,nDCG@10,1.0
141632,R@100,1.0
141641,nDCG@10,1.0
141641,R@100,1.0
141683,nDCG@10,1.0
141683,R@100,1.0
141749,nDCG@10,0.6309297535714575
141749,R@100,1.0
141758,nDCG@10,1.0
141758,R@100,1.0
141777,nDCG@10,0.6309297535714575
141777,R@100,1.0
141812,nDCG@10,0.43067655807339306
141812,R@100,1.0
141838,nDCG@10,1.0
141838,R@100,1.0
141846,nDCG@10,0.0
141846,R@100,1.0
141885,nDCG@10,1.0
141885,R@100,1.0
141911,nDCG@10,1.0
141911,R@100,1.0
141925,nDCG@10,1.0
141925,R@100,1.0
141942,nDCG@10,0.43067655807339306
141942,R@100,1.0
141970,nDCG@10,0.6309297535714575
141970,R@100,1.0
141971,nDCG@10,0.5
141971,R@100,1.0
142025,nDCG@10,0.43067655807339306
142025,R@100,1.0
142055,nDCG@10,1.0
142055,R@100,1.0
142120,nDCG@10,0.5
142120,R@100,1.0
142129,nDCG@10,1.0
142129,R@100,1.0
142236,nDCG@10,0.6131471927654584
142236,R@100,0.5
142250,nDCG@10,1.0
142250,R@100,1.0
142294,nDCG@10,1.0
142294,R@100,1.0
1423,nDCG@10,0.9674679834891693
1423,R@100,1.0
14231,nDCG@10,1.0
14231,R@100,1.0
142313,nDCG@10,0.3562071871080222
142313,R@100,1.0
142438,nDCG@10,0.46927872602275644
142438,R@100,0.3333333333333333
142448,nDCG@10,0.0
142448,R@100,0.0
142490,nDCG@10,0.0
142490,R@100,1.0
142498,nDCG@10,0.6309297535714575
142498,R@100,1.0
142527,nDCG@10,0.6309297535714575
142527,R@100,1.0
142556,nDCG@10,0.0
142556,R@100,1.0
142558,nDCG@10,0.0
142558,R@100,1.0
142603,nDCG@10,0.3562071871080222
142603,R@100,1.0
142620,nDCG@10,0.0
142620,R@100,0.0
142631,nDCG@10,1.0
142631,R@100,1.0
142687,nDCG@10,0.0
142687,R@100,0.0
142728,nDCG@10,0.0
142728,R@100,1.0
142729,nDCG@10,0.0
142729,R@100,1.0
142735,nDCG@10,0.0
142735,R@100,0.0
142758,nDCG@10,0.5
142758,R@100,1.0
142765,nDCG@10,1.0
142765,R@100,1.0
142802,nDCG@10,1.0
142802,R@100,1.0
142839,nDCG@10,1.0
142839,R@100,1.0
14285,nDCG@10,1.0
14285,R@100,1.0
142854,nDCG@10,0.0
142854,R@100,0.0
14286,nDCG@10,1.0
14286,R@100,1.0
142863,nDCG@10,0.3333333333333333
142863,R@100,1.0
142888,nDCG@10,0.0
142888,R@100,0.0
142899,nDCG@10,1.0
142899,R@100,1.0
142923,nDCG@10,0.6309297535714575
142923,R@100,1.0
142942,nDCG@10,1.0
142942,R@100,1.0
142972,nDCG@10,1.0
142972,R@100,1.0
143003,nDCG@10,0.6309297535714575
143003,R@100,1.0
143009,nDCG@10,0.0
143009,R@100,0.0
143011,nDCG@10,1.0
143011,R@100,1.0
143042,nDCG@10,1.0
143042,R@100,1.0
143046,nDCG@10,1.0
143046,R@100,1.0
143048,nDCG@10,0.3562071871080222
143048,R@100,1.0
143063,nDCG@10,0.0
143063,R@100,1.0
143097,nDCG@10,0.6309297535714575
143097,R@100,1.0
1431,nDCG@10,1.0
1431,R@100,1.0
14310,nDCG@10,0.0
14310,R@100,1.0
143105,nDCG@10,0.0
143105,R@100,0.3333333333333333
143123,nDCG@10,0.9197207891481876
143123,R@100,1.0
143144,nDCG@10,1.0
143144,R@100,1.0
143157,nDCG@10,0.5
143157,R@100,1.0
143205,nDCG@10,0.0
143205,R@100,0.0
143222,nDCG@10,1.0
143222,R@100,1.0
143242,nDCG@10,0.0
143242,R@100,1.0
143264,nDCG@10,1.0
143264,R@100,1.0
143277,nDCG@10,0.0
143277,R@100,0.0
143283,nDCG@10,1.0
143283,R@100,1.0
143288,nDCG@10,0.3562071871080222
143288,R@100,1.0
143300,nDCG@10,1.0
143300,R@100,1.0
143301,nDCG@10,0.0
143301,R@100,1.0
143303,nDCG@10,0.6309297535714575
143303,R@100,1.0
143417,nDCG@10,1.0
143417,R@100,1.0
143495,nDCG@10,0.0
143495,R@100,1.0
143500,nDCG@10,1.0
143500,R@100,1.0
143515,nDCG@10,0.6131471927654584
143515,R@100,0.5
143534,nDCG@10,0.6309297535714575
143534,R@100,1.0
14366,nDCG@10,1.0
14366,R@100,1.0
14367,nDCG@10,1.0
14367,R@100,1.0
143684,nDCG@10,0.3010299956639812
143684,R@100,1.0
143686,nDCG@10,0.0
143686,R@100,1.0
143749,nDCG@10,0.2640681225725909
143749,R@100,0.5
143788,nDCG@10,0.0
143788,R@100,1.0
143832,nDCG@10,0.0
143832,R@100,1.0
143847,nDCG@10,0.0
143847,R@100,0.0
14388,nDCG@10,1.0
14388,R@100,1.0
143882,nDCG@10,0.43067655807339306
143882,R@100,1.0
143905,nDCG@10,1.0
143905,R@100,1.0
143965,nDCG@10,1.0
143965,R@100,1.0
144102,nDCG@10,0.0
144102,R@100,1.0
144130,nDCG@10,0.6131471927654584
144130,R@100,0.5
14415,nDCG@10,1.0
14415,R@100,1.0
144167,nDCG@10,1.0
144167,R@100,1.0
144169,nDCG@10,1.0
144169,R@100,1.0
144173,nDCG@10,1.0
144173,R@100,1.0
144183,nDCG@10,1.0
144183,R@100,1.0
144200,nDCG@10,0.0
144200,R@100,1.0
144222,nDCG@10,0.0
144222,R@100,1.0
144242,nDCG@10,1.0
144242,R@100,1.0
144296,nDCG@10,1.0
144296,R@100,1.0
14430,nDCG@10,0.5
14430,R@100,1.0
144309,nDCG@10,0.6309297535714575
144309,R@100,1.0
14431,nDCG@10,0.9197207891481876
14431,R@100,1.0
144391,nDCG@10,0.0
144391,R@100,0.0
144418,nDCG@10,0.3333333333333333
144418,R@100,1.0
144456,nDCG@10,0.6309297535714575
144456,R@100,1.0
144489,nDCG@10,0.6309297535714575
144489,R@100,1.0
144500,nDCG@10,0.3562071871080222
144500,R@100,1.0
144506,nDCG@10,0.0
144506,R@100,0.0
144509,nDCG@10,0.0
144509,R@100,1.0
144542,nDCG@10,0.6131471927654584
144542,R@100,1.0
144611,nDCG@10,1.0
144611,R@100,1.0
144641,nDCG@10,0.0
144641,R@100,0.0
144658,nDCG@10,0.5
144658,R@100,1.0
144669,nDCG@10,1.0
144669,R@100,1.0
144715,nDCG@10,0.6309297535714575
144715,R@100,1.0
144725,nDCG@10,0.43067655807339306
144725,R@100,1.0
144800,nDCG@10,1.0
144800,R@100,1.0
144897,nDCG@10,1.0
144897,R@100,1.0
144993,nDCG@10,0.0
144993,R@100,0.5
14501,nDCG@10,1.0
14501,R@100,1.0
145012,nDCG@10,0.6309297535714575
145012,R@100,1.0
145041,nDCG@10,1.0
145041,R@100,1.0
145061,nDCG@10,1.0
145061,R@100,1.0
145293,nDCG@10,1.0
145293,R@100,1.0
145306,nDCG@10,1.0
145306,R@100,1.0
145339,nDCG@10,1.0
145339,R@100,1.0
145369,nDCG@10,0.0
145369,R@100,1.0
145389,nDCG@10,0.2890648263178879
145389,R@100,1.0
145470,nDCG@10,1.0
145470,R@100,1.0
145474,nDCG@10,0.0
145474,R@100,0.0
145491,nDCG@10,0.3333333333333333
145491,R@100,1.0
145533,nDCG@10,0.0
145533,R@100,1.0
145537,nDCG@10,0.0
145537,R@100,0.0
145549,nDCG@10,1.0
145549,R@100,1.0
145588,nDCG@10,1.0
145588,R@100,1.0
145616,nDCG@10,0.6309297535714575
145616,R@100,1.0
145617,nDCG@10,1.0
145617,R@100,1.0
145641,nDCG@10,0.5
145641,R@100,1.0
145707,nDCG@10,1.0
145707,R@100,1.0
145723,nDCG@10,0.0
145723,R@100,1.0
145784,nDCG@10,1.0
145784,R@100,1.0
145789,nDCG@10,0.0
145789,R@100,1.0
145797,nDCG@10,1.0
145797,R@100,1.0
145802,nDCG@10,1.0
145802,R@100,1.0
145866,nDCG@10,0.3065735963827292
145866,R@100,0.5
145938,nDCG@10,1.0
145938,R@100,1.0
14596,nDCG@10,1.0
14596,R@100,1.0
146030,nDCG@10,0.6309297535714575
146030,R@100,1.0
146055,nDCG@10,0.3333333333333333
146055,R@100,1.0
14610,nDCG@10,0.6309297535714575
14610,R@100,1.0
146132,nDCG@10,1.0
146132,R@100,1.0
146157,nDCG@10,0.0
146157,R@100,1.0
146225,nDCG@10,0.5
146225,R@100,1.0
146272,nDCG@10,0.46927872602275644
146272,R@100,0.3333333333333333
146288,nDCG@10,1.0
146288,R@100,1.0
146300,nDCG@10,1.0
146300,R@100,1.0
146317,nDCG@10,1.0
146317,R@100,1.0
146348,nDCG@10,1.0
146348,R@100,1.0
146359,nDCG@10,1.0
146359,R@100,1.0
146361,nDCG@10,1.0
146361,R@100,1.0
146394,nDCG@10,0.6309297535714575
146394,R@100,1.0
146416,nDCG@10,0.0
146416,R@100,1.0
146453,nDCG@10,0.0
146453,R@100,0.0
146455,nDCG@10,1.0
146455,R@100,1.0
146485,nDCG@10,1.0
146485,R@100,1.0
146493,nDCG@10,1.0
146493,R@100,1.0
146507,nDCG@10,0.0
146507,R@100,1.0
146513,nDCG@10,1.0
146513,R@100,1.0
146518,nDCG@10,1.0
146518,R@100,1.0
146578,nDCG@10,1.0
146578,R@100,1.0
146582,nDCG@10,1.0
146582,R@100,1.0
146587,nDCG@10,0.5
146587,R@100,1.0
146606,nDCG@10,0.0
146606,R@100,0.5
146792,nDCG@10,0.5
146792,R@100,1.0
146837,nDCG@10,1.0
146837,R@100,1.0
14692,nDCG@10,1.0
14692,R@100,1.0
14693,nDCG@10,1.0
14693,R@100,1.0
146935,nDCG@10,1.0
146935,R@100,1.0
147033,nDCG@10,0.6309297535714575
147033,R@100,1.0
147041,nDCG@10,0.0
147041,R@100,1.0
147088,nDCG@10,1.0
147088,R@100,1.0
147158,nDCG@10,0.6131471927654584
147158,R@100,0.5
147235,nDCG@10,0.6309297535714575
147235,R@100,1.0
147246,nDCG@10,1.0
147246,R@100,1.0
147255,nDCG@10,0.2640681225725909
147255,R@100,1.0
14730,nDCG@10,1.0
14730,R@100,1.0
147304,nDCG@10,0.0
147304,R@100,1.0
14731,nDCG@10,0.6309297535714575
14731,R@100,1.0
147344,nDCG@10,1.0
147344,R@100,1.0
147352,nDCG@10,1.0
147352,R@100,1.0
147435,nDCG@10,1.0
147435,R@100,1.0
147455,nDCG@10,1.0
147455,R@100,1.0
147526,nDCG@10,0.3562071871080222
147526,R@100,1.0
147530,nDCG@10,0.6309297535714575
147530,R@100,1.0
147605,nDCG@10,0.3333333333333333
147605,R@100,1.0
147627,nDCG@10,1.0
147627,R@100,1.0
147632,nDCG@10,0.5
147632,R@100,1.0
147696,nDCG@10,1.0
147696,R@100,1.0
147742,nDCG@10,0.0
147742,R@100,0.0
147769,nDCG@10,1.0
147769,R@100,1.0
147781,nDCG@10,0.38685280723454163
147781,R@100,0.5
147952,nDCG@10,1.0
147952,R@100,1.0
14800,nDCG@10,0.0
14800,R@100,1.0
148036,nDCG@10,0.0
148036,R@100,0.0
148057,nDCG@10,1.0
148057,R@100,1.0
148121,nDCG@10,0.31546487678572877
148121,R@100,1.0
148149,nDCG@10,0.0
148149,R@100,0.0
148152,nDCG@10,0.0
148152,R@100,1.0
148164,nDCG@10,0.43067655807339306
148164,R@100,1.0
148171,nDCG@10,0.6309297535714575
148171,R@100,1.0
148173,nDCG@10,1.0
148173,R@100,1.0
148180,nDCG@10,1.0
148180,R@100,1.0
14819,nDCG@10,0.3333333333333333
14819,R@100,1.0
14820,nDCG@10,0.3010299956639812
14820,R@100,1.0
148205,nDCG@10,1.0
148205,R@100,1.0
148211,nDCG@10,0.2890648263178879
148211,R@100,1.0
148244,nDCG@10,0.6309297535714575
148244,R@100,1.0
148255,nDCG@10,0.3562071871080222
148255,R@100,1.0
148263,nDCG@10,0.0
148263,R@100,1.0
148304,nDCG@10,1.0
148304,R@100,1.0
148329,nDCG@10,1.0
148329,R@100,1.0
148335,nDCG@10,0.6131471927654584
148335,R@100,0.5
14837,nDCG@10,1.0
14837,R@100,1.0
148376,nDCG@10,0.3065735963827292
148376,R@100,0.5
1484,nDCG@10,1.0
1484,R@100,1.0
14847,nDCG@10,0.0
14847,R@100,1.0
148541,nDCG@10,0.0
148541,R@100,0.0
148551,nDCG@10,1.0
148551,R@100,1.0
148569,nDCG@10,0.0
148569,R@100,0.0
148616,nDCG@10,0.21840743681816419
148616,R@100,1.0
148642,nDCG@10,1.0
148642,R@100,1.0
148655,nDCG@10,0.5
148655,R@100,1.0
148750,nDCG@10,1.0
148750,R@100,1.0
148776,nDCG@10,1.0
148776,R@100,1.0
148779,nDCG@10,0.6131471927654584
148779,R@100,0.5
14879,nDCG@10,0.0
14879,R@100,0.0
148798,nDCG@10,0.0
148798,R@100,1.0
148830,nDCG@10,1.0
148830,R@100,1.0
148844,nDCG@10,1.0
148844,R@100,1.0
148882,nDCG@10,0.46927872602275644
148882,R@100,0.3333333333333333
148922,nDCG@10,0.38685280723454163
148922,R@100,1.0
148929,nDCG@10,0.6309297535714575
148929,R@100,1.0
148966,nDCG@10,1.0
148966,R@100,1.0
148979,nDCG@10,0.3333333333333333
148979,R@100,1.0
14900,nDCG@10,0.6131471927654584
14900,R@100,1.0
14901,nDCG@10,0.38685280723454163
14901,R@100,1.0
149038,nDCG@10,1.0
149038,R@100,1.0
149042,nDCG@10,1.0
149042,R@100,1.0
149063,nDCG@10,0.3065735963827292
149063,R@100,1.0
149159,nDCG@10,0.0
149159,R@100,1.0
149220,nDCG@10,0.0
149220,R@100,0.0
149272,nDCG@10,1.0
149272,R@100,1.0
149284,nDCG@10,0.5
149284,R@100,1.0
149296,nDCG@10,0.38685280723454163
149296,R@100,1.0
149369,nDCG@10,1.0
149369,R@100,1.0
149392,nDCG@10,1.0
149392,R@100,1.0
1494,nDCG@10,0.5
1494,R@100,1.0
149418,nDCG@10,0.6309297535714575
149418,R@100,1.0
149436,nDCG@10,1.0
149436,R@100,1.0
149448,nDCG@10,0.0
149448,R@100,1.0
149489,nDCG@10,0.6309297535714575
149489,R@100,1.0
149501,nDCG@10,1.0
149501,R@100,1.0
149607,nDCG@10,0.0
149607,R@100,1.0
149648,nDCG@10,0.0
149648,R@100,1.0
14972,nDCG@10,1.0
14972,R@100,1.0
149728,nDCG@10,1.0
149728,R@100,1.0
149746,nDCG@10,1.0
149746,R@100,1.0
14984,nDCG@10,0.6309297535714575
14984,R@100,1.0
149842,nDCG@10,1.0
149842,R@100,1.0
14990,nDCG@10,1.0
14990,R@100,1.0
149901,nDCG@10,0.3562071871080222
149901,R@100,1.0
149912,nDCG@10,1.0
149912,R@100,1.0
149944,nDCG@10,0.0
149944,R@100,0.0
149950,nDCG@10,0.0
149950,R@100,1.0
149991,nDCG@10,0.43067655807339306
149991,R@100,1.0
150040,nDCG@10,0.0
150040,R@100,0.0
150099,nDCG@10,1.0
150099,R@100,1.0
150192,nDCG@10,1.0
150192,R@100,1.0
150258,nDCG@10,0.9197207891481876
150258,R@100,1.0
150261,nDCG@10,0.0
150261,R@100,0.0
150316,nDCG@10,1.0
150316,R@100,1.0
150321,nDCG@10,1.0
150321,R@100,1.0
150340,nDCG@10,0.6309297535714575
150340,R@100,1.0
150357,nDCG@10,1.0
150357,R@100,1.0
150366,nDCG@10,0.0
150366,R@100,1.0
150399,nDCG@10,0.5
150399,R@100,1.0
150429,nDCG@10,1.0
150429,R@100,1.0
150536,nDCG@10,0.3562071871080222
150536,R@100,1.0
150565,nDCG@10,1.0
150565,R@100,1.0
150614,nDCG@10,1.0
150614,R@100,1.0
150636,nDCG@10,0.6309297535714575
150636,R@100,1.0
150654,nDCG@10,0.0
150654,R@100,0.0
150655,nDCG@10,0.0
150655,R@100,0.0
150656,nDCG@10,0.0
150656,R@100,0.0
150693,nDCG@10,0.5
150693,R@100,1.0
150736,nDCG@10,1.0
150736,R@100,1.0
150751,nDCG@10,0.6309297535714575
150751,R@100,1.0
150829,nDCG@10,0.0
150829,R@100,0.0
151071,nDCG@10,1.0
151071,R@100,1.0
151104,nDCG@10,0.43067655807339306
151104,R@100,1.0
151118,nDCG@10,1.0
151118,R@100,1.0
151128,nDCG@10,0.6309297535714575
151128,R@100,1.0
151157,nDCG@10,0.6309297535714575
151157,R@100,1.0
151206,nDCG@10,0.0
151206,R@100,0.0
151226,nDCG@10,1.0
151226,R@100,1.0
151264,nDCG@10,0.43067655807339306
151264,R@100,1.0
151295,nDCG@10,1.0
151295,R@100,1.0
151374,nDCG@10,1.0
151374,R@100,1.0
151425,nDCG@10,1.0
151425,R@100,1.0
151428,nDCG@10,1.0
151428,R@100,1.0
151440,nDCG@10,1.0
151440,R@100,1.0
151450,nDCG@10,0.38685280723454163
151450,R@100,1.0
151460,nDCG@10,0.0
151460,R@100,1.0
151476,nDCG@10,0.0
151476,R@100,0.0
151483,nDCG@10,1.0
151483,R@100,1.0
151484,nDCG@10,1.0
151484,R@100,1.0
151498,nDCG@10,0.6309297535714575
151498,R@100,1.0
151510,nDCG@10,0.0
151510,R@100,1.0
151579,nDCG@10,0.0
151579,R@100,1.0
151635,nDCG@10,0.5
151635,R@100,1.0
151880,nDCG@10,0.0
151880,R@100,1.0
151963,nDCG@10,0.21840743681816419
151963,R@100,1.0
151996,nDCG@10,1.0
151996,R@100,1.0
1520,nDCG@10,1.0
1520,R@100,1.0
152016,nDCG@10,0.0
152016,R@100,1.0
152054,nDCG@10,0.2640681225725909
152054,R@100,0.5
152128,nDCG@10,0.38685280723454163
152128,R@100,1.0
152133,nDCG@10,1.0
152133,R@100,1.0
152140,nDCG@10,1.0
152140,R@100,1.0
152163,nDCG@10,1.0
152163,R@100,1.0
15217,nDCG@10,1.0
15217,R@100,1.0
152219,nDCG@10,0.0
152219,R@100,1.0
152243,nDCG@10,1.0
152243,R@100,1.0
152327,nDCG@10,1.0
152327,R@100,1.0
152414,nDCG@10,1.0
152414,R@100,1.0
15247,nDCG@10,0.0
15247,R@100,1.0
152471,nDCG@10,1.0
152471,R@100,1.0
152605,nDCG@10,0.8503449055347546
152605,R@100,1.0
152680,nDCG@10,0.3391602052736161
152680,R@100,0.2
152682,nDCG@10,0.3010299956639812
152682,R@100,1.0
152694,nDCG@10,0.5
152694,R@100,1.0
152730,nDCG@10,0.5
152730,R@100,1.0
152802,nDCG@10,1.0
152802,R@100,1.0
15284,nDCG@10,1.0
15284,R@100,1.0
152859,nDCG@10,1.0
152859,R@100,1.0
152870,nDCG@10,0.2960819109658652
152870,R@100,1.0
152916,nDCG@10,0.0
152916,R@100,1.0
152918,nDCG@10,1.0
152918,R@100,1.0
152929,nDCG@10,0.3333333333333333
152929,R@100,1.0
152955,nDCG@10,0.5
152955,R@100,1.0
152984,nDCG@10,1.0
152984,R@100,1.0
15310,nDCG@10,0.0
15310,R@100,0.0
153101,nDCG@10,0.43067655807339306
153101,R@100,1.0
153113,nDCG@10,1.0
153113,R@100,1.0
153136,nDCG@10,1.0
153136,R@100,1.0
153148,nDCG@10,0.0
153148,R@100,0.0
153302,nDCG@10,0.6309297535714575
153302,R@100,1.0
153361,nDCG@10,0.0
153361,R@100,0.0
153367,nDCG@10,0.3562071871080222
153367,R@100,1.0
153372,nDCG@10,1.0
153372,R@100,1.0
153393,nDCG@10,0.6309297535714575
153393,R@100,1.0
15341,nDCG@10,0.0
15341,R@100,1.0
153427,nDCG@10,1.0
153427,R@100,1.0
153432,nDCG@10,0.0
153432,R@100,0.0
153437,nDCG@10,0.6309297535714575
153437,R@100,1.0
153450,nDCG@10,1.0
153450,R@100,1.0
153534,nDCG@10,0.0
153534,R@100,1.0
153539,nDCG@10,1.0
153539,R@100,1.0
153543,nDCG@10,1.0
153543,R@100,1.0
153581,nDCG@10,0.6309297535714575
153581,R@100,1.0
1536,nDCG@10,1.0
1536,R@100,1.0
153638,nDCG@10,0.5
153638,R@100,1.0
153678,nDCG@10,0.6309297535714575
153678,R@100,1.0
153736,nDCG@10,1.0
153736,R@100,1.0
153808,nDCG@10,1.0
153808,R@100,1.0
153831,nDCG@10,0.43067655807339306
153831,R@100,1.0
153836,nDCG@10,1.0
153836,R@100,1.0
15389,nDCG@10,1.0
15389,R@100,1.0
153914,nDCG@10,0.0
153914,R@100,1.0
153998,nDCG@10,1.0
153998,R@100,1.0
15406,nDCG@10,1.0
15406,R@100,1.0
154072,nDCG@10,1.0
154072,R@100,1.0
154125,nDCG@10,1.0
154125,R@100,1.0
154156,nDCG@10,1.0
154156,R@100,1.0
154190,nDCG@10,0.0
154190,R@100,1.0
154228,nDCG@10,1.0
154228,R@100,1.0
154241,nDCG@10,1.0
154241,R@100,1.0
154252,nDCG@10,0.0
154252,R@100,1.0
15429,nDCG@10,0.0
15429,R@100,1.0
154307,nDCG@10,1.0
154307,R@100,1.0
154312,nDCG@10,1.0
154312,R@100,1.0
154314,nDCG@10,1.0
154314,R@100,1.0
154383,nDCG@10,1.0
154383,R@100,1.0
154393,nDCG@10,0.3010299956639812
154393,R@100,1.0
154439,nDCG@10,0.38685280723454163
154439,R@100,1.0
154470,nDCG@10,1.0
154470,R@100,1.0
154498,nDCG@10,1.0
154498,R@100,1.0
154633,nDCG@10,1.0
154633,R@100,1.0
154691,nDCG@10,0.23719771276929622
154691,R@100,1.0
154744,nDCG@10,0.0
154744,R@100,0.0
154761,nDCG@10,0.0
154761,R@100,1.0
154767,nDCG@10,1.0
154767,R@100,1.0
154808,nDCG@10,1.0
154808,R@100,1.0
154811,nDCG@10,0.3010299956639812
154811,R@100,1.0
154812,nDCG@10,1.0
154812,R@100,1.0
154815,nDCG@10,0.0
154815,R@100,1.0
15482,nDCG@10,0.5
15482,R@100,1.0
15483,nDCG@10,0.0
15483,R@100,0.0
154859,nDCG@10,1.0
154859,R@100,1.0
15489,nDCG@10,0.0
15489,R@100,0.0
154917,nDCG@10,1.0
154917,R@100,1.0
154933,nDCG@10,1.0
154933,R@100,1.0
154940,nDCG@10,0.27487633291429087
154940,R@100,0.2857142857142857
15495,nDCG@10,0.6309297535714575
15495,R@100,1.0
154952,nDCG@10,0.0
154952,R@100,0.0
154984,nDCG@10,1.0
154984,R@100,1.0
155006,nDCG@10,0.6309297535714575
155006,R@100,1.0
155035,nDCG@10,0.6309297535714575
155035,R@100,1.0
155125,nDCG@10,1.0
155125,R@100,1.0
155156,nDCG@10,0.43067655807339306
155156,R@100,1.0
155173,nDCG@10,0.38685280723454163
155173,R@100,1.0
155228,nDCG@10,0.43067655807339306
155228,R@100,1.0
155282,nDCG@10,0.6309297535714575
155282,R@100,1.0
155357,nDCG@10,0.6131471927654584
155357,R@100,0.5
155390,nDCG@10,0.0
155390,R@100,1.0
15542,nDCG@10,1.0
15542,R@100,1.0
155476,nDCG@10,0.43067655807339306
155476,R@100,1.0
155484,nDCG@10,0.19783987238813033
155484,R@100,0.8571428571428571
155574,nDCG@10,1.0
155574,R@100,1.0
15559,nDCG@10,1.0
15559,R@100,1.0
155610,nDCG@10,1.0
155610,R@100,1.0
155629,nDCG@10,0.38685280723454163
155629,R@100,1.0
155639,nDCG@10,1.0
155639,R@100,1.0
155647,nDCG@10,1.0
155647,R@100,1.0
155659,nDCG@10,1.0
155659,R@100,1.0
155725,nDCG@10,0.6309297535714575
155725,R@100,1.0
155860,nDCG@10,0.8175295903539445
155860,R@100,1.0
155865,nDCG@10,0.2640681225725909
155865,R@100,0.5
155899,nDCG@10,0.18457569677956817
155899,R@100,0.5
155911,nDCG@10,1.0
155911,R@100,1.0
155930,nDCG@10,0.5
155930,R@100,1.0
155934,nDCG@10,0.0
155934,R@100,0.0
155946,nDCG@10,0.0
155946,R@100,0.0
155989,nDCG@10,0.6309297535714575
155989,R@100,1.0
156020,nDCG@10,0.0
156020,R@100,0.0
156057,nDCG@10,1.0
156057,R@100,1.0
156098,nDCG@10,0.0
156098,R@100,0.0
156102,nDCG@10,1.0
156102,R@100,1.0
156117,nDCG@10,1.0
156117,R@100,1.0
156128,nDCG@10,1.0
156128,R@100,1.0
156157,nDCG@10,0.38685280723454163
156157,R@100,0.5
156188,nDCG@10,0.0
156188,R@100,0.0
156204,nDCG@10,1.0
156204,R@100,1.0
15621,nDCG@10,0.7977228895450266
15621,R@100,1.0
156222,nDCG@10,0.18154179253735267
156222,R@100,1.0
156304,nDCG@10,1.0
156304,R@100,1.0
156325,nDCG@10,0.0
156325,R@100,1.0
156372,nDCG@10,0.3065735963827292
156372,R@100,0.5
156374,nDCG@10,0.0
156374,R@100,0.3333333333333333
156401,nDCG@10,1.0
156401,R@100,1.0
15645,nDCG@10,1.0
15645,R@100,1.0
156511,nDCG@10,1.0
156511,R@100,1.0
156514,nDCG@10,0.6309297535714575
156514,R@100,1.0
156560,nDCG@10,0.0
156560,R@100,0.5
156601,nDCG@10,1.0
156601,R@100,1.0
156656,nDCG@10,0.6309297535714575
156656,R@100,1.0
156694,nDCG@10,0.0
156694,R@100,1.0
1567,nDCG@10,1.0
1567,R@100,1.0
156816,nDCG@10,1.0
156816,R@100,1.0
156831,nDCG@10,1.0
156831,R@100,1.0
156977,nDCG@10,0.5
156977,R@100,1.0
157022,nDCG@10,1.0
157022,R@100,1.0
157048,nDCG@10,1.0
157048,R@100,1.0
157052,nDCG@10,1.0
157052,R@100,1.0
157190,nDCG@10,0.0
157190,R@100,0.0
157196,nDCG@10,0.38685280723454163
157196,R@100,1.0
157199,nDCG@10,0.0
157199,R@100,0.0
157213,nDCG@10,0.3562071871080222
157213,R@100,1.0
157273,nDCG@10,1.0
157273,R@100,1.0
157292,nDCG@10,1.0
157292,R@100,1.0
157303,nDCG@10,1.0
157303,R@100,1.0
157316,nDCG@10,0.5
157316,R@100,1.0
157320,nDCG@10,0.6131471927654584
157320,R@100,1.0
157426,nDCG@10,1.0
157426,R@100,1.0
157452,nDCG@10,0.6309297535714575
157452,R@100,1.0
157460,nDCG@10,0.6131471927654584
157460,R@100,0.5
157491,nDCG@10,1.0
157491,R@100,1.0
157589,nDCG@10,1.0
157589,R@100,1.0
157597,nDCG@10,0.0
157597,R@100,1.0
157678,nDCG@10,0.5
157678,R@100,1.0
1577,nDCG@10,1.0
1577,R@100,1.0
15773,nDCG@10,1.0
15773,R@100,1.0
157743,nDCG@10,0.0
157743,R@100,0.0
157752,nDCG@10,0.38685280723454163
157752,R@100,1.0
157821,nDCG@10,1.0
157821,R@100,1.0
157870,nDCG@10,0.6131471927654584
157870,R@100,0.5
157878,nDCG@10,1.0
157878,R@100,1.0
157902,nDCG@10,0.9197207891481876
157902,R@100,1.0
157977,nDCG@10,0.5
157977,R@100,1.0
157984,nDCG@10,1.0
157984,R@100,1.0
158012,nDCG@10,1.0
158012,R@100,1.0
158017,nDCG@10,0.5
158017,R@100,1.0
158036,nDCG@10,1.0
158036,R@100,1.0
15806,nDCG@10,1.0
15806,R@100,1.0
158124,nDCG@10,1.0
158124,R@100,1.0
158190,nDCG@10,0.43067655807339306
158190,R@100,1.0
158227,nDCG@10,0.6309297535714575
158227,R@100,1.0
158244,nDCG@10,0.0
158244,R@100,0.3333333333333333
158265,nDCG@10,0.6309297535714575
158265,R@100,1.0
15827,nDCG@10,1.0
15827,R@100,1.0
15830,nDCG@10,0.0
15830,R@100,0.0
15831,nDCG@10,0.0
15831,R@100,0.0
158322,nDCG@10,0.3562071871080222
158322,R@100,1.0
158340,nDCG@10,1.0
158340,R@100,1.0
158361,nDCG@10,0.5
158361,R@100,1.0
158635,nDCG@10,1.0
158635,R@100,1.0
158636,nDCG@10,1.0
158636,R@100,1.0
158639,nDCG@10,0.8772153153380493
158639,R@100,1.0
158640,nDCG@10,1.0
158640,R@100,1.0
158641,nDCG@10,1.0
158641,R@100,1.0
158644,nDCG@10,1.0
158644,R@100,1.0
158648,nDCG@10,1.0
158648,R@100,1.0
158654,nDCG@10,1.0
158654,R@100,1.0
158895,nDCG@10,1.0
158895,R@100,1.0
158897,nDCG@10,1.0
158897,R@100,1.0
158901,nDCG@10,1.0
158901,R@100,1.0
158903,nDCG@10,1.0
158903,R@100,1.0
158904,nDCG@10,1.0
158904,R@100,1.0
158906,nDCG@10,0.6309297535714575
158906,R@100,1.0
158907,nDCG@10,1.0
158907,R@100,1.0
158908,nDCG@10,1.0
158908,R@100,1.0
158909,nDCG@10,1.0
158909,R@100,1.0
158912,nDCG@10,0.6131471927654584
158912,R@100,0.5
158915,nDCG@10,1.0
158915,R@100,1.0
15899,nDCG@10,0.0
15899,R@100,1.0
159315,nDCG@10,0.38685280723454163
159315,R@100,0.5
159321,nDCG@10,1.0
159321,R@100,1.0
159322,nDCG@10,1.0
159322,R@100,1.0
159323,nDCG@10,1.0
159323,R@100,1.0
159324,nDCG@10,1.0
159324,R@100,1.0
159326,nDCG@10,0.38685280723454163
159326,R@100,0.5
159330,nDCG@10,1.0
159330,R@100,1.0
159331,nDCG@10,1.0
159331,R@100,1.0
159335,nDCG@10,1.0
159335,R@100,1.0
159338,nDCG@10,0.6309297535714575
159338,R@100,1.0
15941,nDCG@10,0.6309297535714575
15941,R@100,1.0
15955,nDCG@10,0.6309297535714575
15955,R@100,1.0
15963,nDCG@10,1.0
15963,R@100,1.0
15979,nDCG@10,0.0
15979,R@100,0.5
1598,nDCG@10,0.43067655807339306
1598,R@100,1.0
15980,nDCG@10,0.5
15980,R@100,1.0
1599,nDCG@10,0.38685280723454163
1599,R@100,1.0
160050,nDCG@10,0.3333333333333333
160050,R@100,1.0
160051,nDCG@10,1.0
160051,R@100,1.0
160052,nDCG@10,1.0
160052,R@100,1.0
160053,nDCG@10,0.5
160053,R@100,1.0
160054,nDCG@10,1.0
160054,R@100,1.0
160055,nDCG@10,1.0
160055,R@100,1.0
160058,nDCG@10,1.0
160058,R@100,1.0
160060,nDCG@10,1.0
160060,R@100,1.0
160064,nDCG@10,1.0
160064,R@100,1.0
160065,nDCG@10,0.6309297535714575
160065,R@100,1.0
160067,nDCG@10,1.0
160067,R@100,1.0
1602,nDCG@10,1.0
1602,R@100,1.0
160315,nDCG@10,0.38685280723454163
160315,R@100,1.0
160337,nDCG@10,0.8503449055347546
160337,R@100,1.0
160348,nDCG@10,0.0
160348,R@100,0.5
160362,nDCG@10,0.3010299956639812
160362,R@100,1.0
160379,nDCG@10,0.6309297535714575
160379,R@100,1.0
160431,nDCG@10,1.0
160431,R@100,1.0
160467,nDCG@10,1.0
160467,R@100,1.0
160481,nDCG@10,1.0
160481,R@100,1.0
160524,nDCG@10,1.0
160524,R@100,1.0
160525,nDCG@10,1.0
160525,R@100,1.0
160534,nDCG@10,1.0
160534,R@100,1.0
160542,nDCG@10,1.0
160542,R@100,1.0
16055,nDCG@10,0.0
16055,R@100,1.0
160555,nDCG@10,0.5
160555,R@100,1.0
16056,nDCG@10,0.0
16056,R@100,1.0
160593,nDCG@10,0.6309297535714575
160593,R@100,1.0
160595,nDCG@10,1.0
160595,R@100,1.0
160597,nDCG@10,0.3010299956639812
160597,R@100,1.0
1606,nDCG@10,1.0
1606,R@100,1.0
160626,nDCG@10,0.0
160626,R@100,1.0
160726,nDCG@10,0.6309297535714575
160726,R@100,1.0
160775,nDCG@10,0.3333333333333333
160775,R@100,1.0
16079,nDCG@10,1.0
16079,R@100,1.0
160795,nDCG@10,0.3333333333333333
160795,R@100,1.0
16080,nDCG@10,1.0
16080,R@100,1.0
160825,nDCG@10,0.17342765698823945
160825,R@100,0.2857142857142857
160832,nDCG@10,0.0
160832,R@100,0.0
160850,nDCG@10,1.0
160850,R@100,1.0
160857,nDCG@10,1.0
160857,R@100,1.0
160887,nDCG@10,0.0
160887,R@100,1.0
160898,nDCG@10,1.0
160898,R@100,1.0
160899,nDCG@10,0.3333333333333333
160899,R@100,1.0
160919,nDCG@10,1.0
160919,R@100,1.0
160984,nDCG@10,0.5
160984,R@100,1.0
161,nDCG@10,0.43067655807339306
161,R@100,1.0
161047,nDCG@10,1.0
161047,R@100,1.0
161091,nDCG@10,0.0
161091,R@100,1.0
161101,nDCG@10,0.43067655807339306
161101,R@100,1.0
16114,nDCG@10,1.0
16114,R@100,1.0
16115,nDCG@10,1.0
16115,R@100,1.0
161151,nDCG@10,1.0
161151,R@100,1.0
161171,nDCG@10,0.31546487678572877
161171,R@100,1.0
161195,nDCG@10,1.0
161195,R@100,1.0
161220,nDCG@10,0.43067655807339306
161220,R@100,1.0
161234,nDCG@10,0.5
161234,R@100,1.0
161277,nDCG@10,1.0
161277,R@100,1.0
161310,nDCG@10,0.2960819109658652
161310,R@100,0.6666666666666666
161312,nDCG@10,1.0
161312,R@100,1.0
161709,nDCG@10,1.0
161709,R@100,1.0
161710,nDCG@10,1.0
161710,R@100,1.0
161713,nDCG@10,1.0
161713,R@100,1.0
161716,nDCG@10,1.0
161716,R@100,1.0
161719,nDCG@10,1.0
161719,R@100,1.0
161771,nDCG@10,0.6131471927654584
161771,R@100,0.5
161778,nDCG@10,1.0
161778,R@100,1.0
161780,nDCG@10,0.6131471927654584
161780,R@100,0.5
161784,nDCG@10,1.0
161784,R@100,1.0
161787,nDCG@10,1.0
161787,R@100,1.0
161790,nDCG@10,1.0
161790,R@100,1.0
161795,nDCG@10,1.0
161795,R@100,1.0
161801,nDCG@10,1.0
161801,R@100,1.0
161803,nDCG@10,1.0
161803,R@100,1.0
161805,nDCG@10,1.0
161805,R@100,1.0
161808,nDCG@10,0.6131471927654584
161808,R@100,0.5
161810,nDCG@10,1.0
161810,R@100,1.0
161901,nDCG@10,1.0
161901,R@100,1.0
161902,nDCG@10,1.0
161902,R@100,1.0
161903,nDCG@10,1.0
161903,R@100,1.0
161904,nDCG@10,0.6309297535714575
161904,R@100,1.0
161905,nDCG@10,0.6309297535714575
161905,R@100,1.0
161906,nDCG@10,0.5
161906,R@100,1.0
161911,nDCG@10,1.0
161911,R@100,1.0
161915,nDCG@10,0.5
161915,R@100,1.0
161919,nDCG@10,1.0
161919,R@100,1.0
161921,nDCG@10,0.6309297535714575
161921,R@100,1.0
162,nDCG@10,0.43067655807339306
162,R@100,1.0
162035,nDCG@10,0.6309297535714575
162035,R@100,1.0
162036,nDCG@10,1.0
162036,R@100,1.0
162040,nDCG@10,0.6309297535714575
162040,R@100,1.0
162041,nDCG@10,0.6309297535714575
162041,R@100,1.0
162042,nDCG@10,0.6309297535714575
162042,R@100,1.0
162044,nDCG@10,1.0
162044,R@100,1.0
162046,nDCG@10,0.5
162046,R@100,1.0
162048,nDCG@10,0.6309297535714575
162048,R@100,1.0
162200,nDCG@10,1.0
162200,R@100,1.0
162201,nDCG@10,1.0
162201,R@100,1.0
162202,nDCG@10,0.6131471927654584
162202,R@100,0.5
162205,nDCG@10,1.0
162205,R@100,1.0
162206,nDCG@10,1.0
162206,R@100,1.0
162212,nDCG@10,1.0
162212,R@100,1.0
162213,nDCG@10,1.0
162213,R@100,1.0
162216,nDCG@10,1.0
162216,R@100,1.0
162218,nDCG@10,0.6131471927654584
162218,R@100,0.5
162408,nDCG@10,0.6309297535714575
162408,R@100,1.0
162409,nDCG@10,0.43067655807339306
162409,R@100,1.0
162417,nDCG@10,0.5
162417,R@100,1.0
162421,nDCG@10,0.6309297535714575
162421,R@100,1.0
162425,nDCG@10,0.6309297535714575
162425,R@100,1.0
16250,nDCG@10,1.0
16250,R@100,1.0
162628,nDCG@10,1.0
162628,R@100,1.0
162641,nDCG@10,1.0
162641,R@100,1.0
162650,nDCG@10,1.0
162650,R@100,1.0
162652,nDCG@10,1.0
162652,R@100,1.0
162655,nDCG@10,1.0
162655,R@100,1.0
162657,nDCG@10,0.0
162657,R@100,1.0
162659,nDCG@10,1.0
162659,R@100,1.0
162662,nDCG@10,1.0
162662,R@100,1.0
162664,nDCG@10,1.0
162664,R@100,1.0
162665,nDCG@10,1.0
162665,R@100,1.0
162668,nDCG@10,1.0
162668,R@100,1.0
162680,nDCG@10,0.23719771276929622
162680,R@100,1.0
162741,nDCG@10,0.0
162741,R@100,1.0
162742,nDCG@10,0.46927872602275644
162742,R@100,0.3333333333333333
162743,nDCG@10,0.6309297535714575
162743,R@100,1.0
162745,nDCG@10,0.6309297535714575
162745,R@100,1.0
162752,nDCG@10,1.0
162752,R@100,1.0
162830,nDCG@10,0.23719771276929622
162830,R@100,1.0
162832,nDCG@10,0.0
162832,R@100,1.0
162834,nDCG@10,0.0
162834,R@100,1.0
162835,nDCG@10,0.3065735963827292
162835,R@100,1.0
162836,nDCG@10,0.0
162836,R@100,0.0
162837,nDCG@10,0.0
162837,R@100,1.0
162838,nDCG@10,0.0
162838,R@100,1.0
162840,nDCG@10,0.0
162840,R@100,1.0
162841,nDCG@10,0.23719771276929622
162841,R@100,1.0
162842,nDCG@10,0.0
162842,R@100,0.6666666666666666
16325,nDCG@10,0.3333333333333333
16325,R@100,1.0
16329,nDCG@10,1.0
16329,R@100,1.0
16336,nDCG@10,0.0
16336,R@100,1.0
16376,nDCG@10,1.0
16376,R@100,1.0
16378,nDCG@10,1.0
16378,R@100,1.0
163795,nDCG@10,0.5
163795,R@100,1.0
163798,nDCG@10,0.38685280723454163
163798,R@100,1.0
163803,nDCG@10,0.3065735963827292
163803,R@100,0.5
163805,nDCG@10,0.38685280723454163
163805,R@100,1.0
163808,nDCG@10,1.0
163808,R@100,1.0
163810,nDCG@10,0.2640681225725909
163810,R@100,0.5
163811,nDCG@10,0.5
163811,R@100,1.0
163812,nDCG@10,0.6309297535714575
163812,R@100,1.0
163815,nDCG@10,0.5
163815,R@100,1.0
163818,nDCG@10,0.6309297535714575
163818,R@100,1.0
16382,nDCG@10,0.0
16382,R@100,0.25
163820,nDCG@10,0.6309297535714575
163820,R@100,1.0
163821,nDCG@10,0.43067655807339306
163821,R@100,1.0
163829,nDCG@10,0.3065735963827292
163829,R@100,0.5
163833,nDCG@10,0.0
163833,R@100,1.0
163836,nDCG@10,1.0
163836,R@100,1.0
16387,nDCG@10,0.43067655807339306
16387,R@100,1.0
16392,nDCG@10,1.0
16392,R@100,1.0
16394,nDCG@10,1.0
16394,R@100,1.0
164045,nDCG@10,0.2890648263178879
164045,R@100,1.0
164046,nDCG@10,0.3010299956639812
164046,R@100,1.0
164048,nDCG@10,0.3010299956639812
164048,R@100,1.0
164049,nDCG@10,1.0
164049,R@100,1.0
164056,nDCG@10,1.0
164056,R@100,1.0
164057,nDCG@10,1.0
164057,R@100,1.0
164060,nDCG@10,0.3010299956639812
164060,R@100,1.0
164061,nDCG@10,0.0
164061,R@100,1.0
164092,nDCG@10,0.0
164092,R@100,1.0
164093,nDCG@10,0.0
164093,R@100,1.0
164094,nDCG@10,0.0
164094,R@100,0.0
164096,nDCG@10,0.0
164096,R@100,0.0
164097,nDCG@10,0.0
164097,R@100,0.0
164101,nDCG@10,0.0
164101,R@100,0.0
164102,nDCG@10,0.2890648263178879
164102,R@100,1.0
164103,nDCG@10,0.0
164103,R@100,0.0
164105,nDCG@10,0.0
164105,R@100,0.0
16420,nDCG@10,1.0
16420,R@100,1.0
164399,nDCG@10,0.6309297535714575
164399,R@100,1.0
164400,nDCG@10,0.6309297535714575
164400,R@100,1.0
164402,nDCG@10,0.6309297535714575
164402,R@100,1.0
164403,nDCG@10,0.6309297535714575
164403,R@100,1.0
164406,nDCG@10,0.3562071871080222
164406,R@100,1.0
164407,nDCG@10,0.43067655807339306
164407,R@100,1.0
164408,nDCG@10,0.6309297535714575
164408,R@100,1.0
164411,nDCG@10,0.6309297535714575
164411,R@100,1.0
164414,nDCG@10,0.6309297535714575
164414,R@100,1.0
164417,nDCG@10,0.6309297535714575
164417,R@100,1.0
164419,nDCG@10,1.0
164419,R@100,1.0
164420,nDCG@10,0.6309297535714575
164420,R@100,1.0
164497,nDCG@10,0.6309297535714575
164497,R@100,1.0
164501,nDCG@10,0.38685280723454163
164501,R@100,1.0
164504,nDCG@10,0.5
164504,R@100,1.0
164506,nDCG@10,0.6309297535714575
164506,R@100,1.0
164508,nDCG@10,0.0
164508,R@100,0.5
164516,nDCG@10,0.23719771276929622
164516,R@100,0.5
164522,nDCG@10,0.38685280723454163
164522,R@100,0.5
164529,nDCG@10,0.5
164529,R@100,1.0
16474,nDCG@10,1.0
16474,R@100,1.0
16482,nDCG@10,0.6309297535714575
16482,R@100,1.0
164878,nDCG@10,1.0
164878,R@100,1.0
164881,nDCG@10,1.0
164881,R@100,1.0
164882,nDCG@10,0.5
164882,R@100,1.0
164883,nDCG@10,0.6309297535714575
164883,R@100,1.0
164885,nDCG@10,1.0
164885,R@100,1.0
164886,nDCG@10,0.6309297535714575
164886,R@100,1.0
164888,nDCG@10,0.6309297535714575
164888,R@100,1.0
164893,nDCG@10,0.5
164893,R@100,1.0
164894,nDCG@10,0.6309297535714575
164894,R@100,1.0
164896,nDCG@10,0.43067655807339306
164896,R@100,1.0
164897,nDCG@10,0.38685280723454163
164897,R@100,1.0
164898,nDCG@10,0.5
164898,R@100,1.0
164904,nDCG@10,1.0
164904,R@100,1.0
16507,nDCG@10,1.0
16507,R@100,1.0
16508,nDCG@10,1.0
16508,R@100,1.0
165686,nDCG@10,1.0
165686,R@100,1.0
165687,nDCG@10,0.3010299956639812
165687,R@100,1.0
165688,nDCG@10,0.3010299956639812
165688,R@100,1.0
165691,nDCG@10,0.43067655807339306
165691,R@100,1.0
165693,nDCG@10,0.0
165693,R@100,1.0
165694,nDCG@10,0.6309297535714575
165694,R@100,1.0
165699,nDCG@10,0.3562071871080222
165699,R@100,1.0
165702,nDCG@10,0.6309297535714575
165702,R@100,1.0
165703,nDCG@10,0.0
165703,R@100,1.0
165705,nDCG@10,0.23463936301137822
165705,R@100,0.6666666666666666
165712,nDCG@10,1.0
165712,R@100,1.0
16588,nDCG@10,0.0
16588,R@100,0.0
16604,nDCG@10,0.0
16604,R@100,1.0
16629,nDCG@10,0.6509209298071326
16629,R@100,1.0
166376,nDCG@10,1.0
166376,R@100,1.0
166381,nDCG@10,0.3562071871080222
166381,R@100,1.0
166383,nDCG@10,0.0
166383,R@100,1.0
16646,nDCG@10,1.0
16646,R@100,1.0
166918,nDCG@10,1.0
166918,R@100,1.0
166919,nDCG@10,1.0
166919,R@100,1.0
166921,nDCG@10,1.0
166921,R@100,1.0
166922,nDCG@10,1.0
166922,R@100,1.0
166923,nDCG@10,1.0
166923,R@100,1.0
166925,nDCG@10,1.0
166925,R@100,1.0
166931,nDCG@10,1.0
166931,R@100,1.0
166934,nDCG@10,1.0
166934,R@100,1.0
166935,nDCG@10,0.6131471927654584
166935,R@100,0.5
166936,nDCG@10,1.0
166936,R@100,1.0
166939,nDCG@10,1.0
166939,R@100,1.0
166940,nDCG@10,1.0
166940,R@100,1.0
166949,nDCG@10,1.0
166949,R@100,1.0
166950,nDCG@10,0.6131471927654584
166950,R@100,0.5
166951,nDCG@10,1.0
166951,R@100,1.0
16701,nDCG@10,1.0
16701,R@100,1.0
167161,nDCG@10,1.0
167161,R@100,1.0
167163,nDCG@10,1.0
167163,R@100,1.0
167164,nDCG@10,1.0
167164,R@100,1.0
167166,nDCG@10,0.6131471927654584
167166,R@100,0.5
167170,nDCG@10,1.0
167170,R@100,1.0
167171,nDCG@10,1.0
167171,R@100,1.0
167172,nDCG@10,1.0
167172,R@100,1.0
167174,nDCG@10,1.0
167174,R@100,1.0
167178,nDCG@10,0.6309297535714575
167178,R@100,1.0
167179,nDCG@10,1.0
167179,R@100,1.0
167181,nDCG@10,1.0
167181,R@100,1.0
16721,nDCG@10,1.0
16721,R@100,1.0
16780,nDCG@10,0.0
16780,R@100,1.0
16790,nDCG@10,1.0
16790,R@100,1.0
168073,nDCG@10,0.5
168073,R@100,1.0
168075,nDCG@10,0.6309297535714575
168075,R@100,1.0
168076,nDCG@10,0.6309297535714575
168076,R@100,1.0
168079,nDCG@10,1.0
168079,R@100,1.0
168082,nDCG@10,0.3065735963827292
168082,R@100,1.0
168083,nDCG@10,1.0
168083,R@100,1.0
168086,nDCG@10,1.0
168086,R@100,1.0
16809,nDCG@10,0.6309297535714575
16809,R@100,1.0
168090,nDCG@10,0.6309297535714575
168090,R@100,1.0
168091,nDCG@10,1.0
168091,R@100,1.0
168608,nDCG@10,1.0
168608,R@100,1.0
168612,nDCG@10,1.0
168612,R@100,1.0
168622,nDCG@10,0.16958010263680806
168622,R@100,0.4
168631,nDCG@10,0.265053101293003
168631,R@100,0.42857142857142855
168632,nDCG@10,0.2960819109658652
168632,R@100,0.6666666666666666
168634,nDCG@10,0.5
168634,R@100,1.0
168636,nDCG@10,0.3853585682515056
168636,R@100,0.75
168637,nDCG@10,0.3079834593168982
168637,R@100,0.5
168638,nDCG@10,0.19519002499605084
168638,R@100,0.75
16880,nDCG@10,0.8772153153380493
16880,R@100,1.0
168918,nDCG@10,1.0
168918,R@100,1.0
168919,nDCG@10,1.0
168919,R@100,1.0
168920,nDCG@10,1.0
168920,R@100,1.0
168922,nDCG@10,0.6309297535714575
168922,R@100,1.0
168923,nDCG@10,1.0
168923,R@100,1.0
168924,nDCG@10,0.6309297535714575
168924,R@100,1.0
168925,nDCG@10,1.0
168925,R@100,1.0
168927,nDCG@10,1.0
168927,R@100,1.0
168929,nDCG@10,1.0
168929,R@100,1.0
168931,nDCG@10,0.43067655807339306
168931,R@100,1.0
168932,nDCG@10,1.0
168932,R@100,1.0
168935,nDCG@10,1.0
168935,R@100,1.0
168937,nDCG@10,0.6131471927654584
168937,R@100,0.5
169307,nDCG@10,0.6309297535714575
169307,R@100,1.0
169313,nDCG@10,1.0
169313,R@100,1.0
169315,nDCG@10,1.0
169315,R@100,1.0
169316,nDCG@10,1.0
169316,R@100,1.0
169317,nDCG@10,0.5
169317,R@100,1.0
169319,nDCG@10,1.0
169319,R@100,1.0
169322,nDCG@10,1.0
169322,R@100,1.0
169323,nDCG@10,0.5
169323,R@100,1.0
169324,nDCG@10,1.0
169324,R@100,1.0
169326,nDCG@10,0.6309297535714575
169326,R@100,1.0
169327,nDCG@10,1.0
169327,R@100,1.0
169333,nDCG@10,1.0
169333,R@100,1.0
16951,nDCG@10,0.6508205185601091
16951,R@100,0.6666666666666666
169571,nDCG@10,0.0
169571,R@100,1.0
169578,nDCG@10,0.0
169578,R@100,0.0
169583,nDCG@10,0.0
169583,R@100,0.0
169915,nDCG@10,0.43067655807339306
169915,R@100,1.0
169916,nDCG@10,0.3333333333333333
169916,R@100,1.0
169918,nDCG@10,0.0
169918,R@100,1.0
169922,nDCG@10,0.0
169922,R@100,1.0
169924,nDCG@10,0.5
169924,R@100,1.0
169928,nDCG@10,1.0
169928,R@100,1.0
169930,nDCG@10,1.0
169930,R@100,1.0
169931,nDCG@10,0.0
169931,R@100,1.0
169934,nDCG@10,0.5
169934,R@100,1.0
169935,nDCG@10,1.0
169935,R@100,1.0
169936,nDCG@10,1.0
169936,R@100,1.0
169941,nDCG@10,0.43067655807339306
169941,R@100,1.0
16996,nDCG@10,0.6309297535714575
16996,R@100,1.0
16997,nDCG@10,0.43067655807339306
16997,R@100,1.0
169984,nDCG@10,1.0
169984,R@100,1.0
169985,nDCG@10,0.6309297535714575
169985,R@100,1.0
169992,nDCG@10,1.0
169992,R@100,1.0
169993,nDCG@10,1.0
169993,R@100,1.0
169995,nDCG@10,0.6309297535714575
169995,R@100,1.0
169997,nDCG@10,0.6309297535714575
169997,R@100,1.0
170000,nDCG@10,1.0
170000,R@100,1.0
170004,nDCG@10,0.5
170004,R@100,1.0
170005,nDCG@10,1.0
170005,R@100,1.0
170006,nDCG@10,0.5
170006,R@100,1.0
170009,nDCG@10,1.0
170009,R@100,1.0
170010,nDCG@10,1.0
170010,R@100,1.0
170015,nDCG@10,1.0
170015,R@100,1.0
170016,nDCG@10,1.0
170016,R@100,1.0
170018,nDCG@10,0.6309297535714575
170018,R@100,1.0
170089,nDCG@10,1.0
170089,R@100,1.0
170091,nDCG@10,1.0
170091,R@100,1.0
170097,nDCG@10,1.0
170097,R@100,1.0
170100,nDCG@10,0.7653606369886217
170100,R@100,0.6666666666666666
170104,nDCG@10,1.0
170104,R@100,1.0
170109,nDCG@10,1.0
170109,R@100,1.0
170114,nDCG@10,1.0
170114,R@100,1.0
170116,nDCG@10,1.0
170116,R@100,1.0
17054,nDCG@10,0.6309297535714575
17054,R@100,1.0
17063,nDCG@10,0.0
17063,R@100,0.0
17064,nDCG@10,0.0
17064,R@100,0.0
1709,nDCG@10,1.0
1709,R@100,1.0
17090,nDCG@10,1.0
17090,R@100,1.0
17145,nDCG@10,0.6309297535714575
17145,R@100,1.0
171479,nDCG@10,1.0
171479,R@100,1.0
171480,nDCG@10,0.5912352048230277
171480,R@100,1.0
171490,nDCG@10,1.0
171490,R@100,1.0
171491,nDCG@10,1.0
171491,R@100,1.0
171492,nDCG@10,1.0
171492,R@100,1.0
171496,nDCG@10,0.5
171496,R@100,1.0
171497,nDCG@10,0.6309297535714575
171497,R@100,1.0
171498,nDCG@10,1.0
171498,R@100,1.0
171500,nDCG@10,1.0
171500,R@100,1.0
171502,nDCG@10,0.6309297535714575
171502,R@100,1.0
171503,nDCG@10,1.0
171503,R@100,1.0
171504,nDCG@10,0.5
171504,R@100,1.0
171508,nDCG@10,0.5
171508,R@100,1.0
171509,nDCG@10,0.5
171509,R@100,1.0
171511,nDCG@10,0.6131471927654584
171511,R@100,1.0
171512,nDCG@10,0.5
171512,R@100,1.0
171519,nDCG@10,0.0
171519,R@100,1.0
171521,nDCG@10,0.3562071871080222
171521,R@100,1.0
171523,nDCG@10,0.0
171523,R@100,0.0
171525,nDCG@10,0.3562071871080222
171525,R@100,1.0
171529,nDCG@10,0.31546487678572877
171529,R@100,1.0
171534,nDCG@10,0.0
171534,R@100,0.0
17156,nDCG@10,0.6508205185601091
17156,R@100,0.6666666666666666
171890,nDCG@10,0.0
171890,R@100,1.0
171892,nDCG@10,0.0
171892,R@100,1.0
171897,nDCG@10,0.0
171897,R@100,1.0
171899,nDCG@10,0.0
171899,R@100,1.0
171901,nDCG@10,0.0
171901,R@100,1.0
171904,nDCG@10,0.0
171904,R@100,1.0
171906,nDCG@10,0.0
171906,R@100,1.0
17213,nDCG@10,1.0
17213,R@100,1.0
17214,nDCG@10,1.0
17214,R@100,1.0
17218,nDCG@10,1.0
17218,R@100,1.0
172300,nDCG@10,0.3562071871080222
172300,R@100,1.0
172301,nDCG@10,0.6309297535714575
172301,R@100,1.0
172302,nDCG@10,0.6309297535714575
172302,R@100,1.0
172306,nDCG@10,0.5
172306,R@100,1.0
172308,nDCG@10,0.3010299956639812
172308,R@100,1.0
172309,nDCG@10,0.6309297535714575
172309,R@100,1.0
172312,nDCG@10,0.0
172312,R@100,0.0
172318,nDCG@10,1.0
172318,R@100,1.0
172320,nDCG@10,0.6309297535714575
172320,R@100,1.0
172324,nDCG@10,0.6309297535714575
172324,R@100,1.0
172325,nDCG@10,0.6309297535714575
172325,R@100,1.0
172326,nDCG@10,0.38685280723454163
172326,R@100,1.0
172328,nDCG@10,0.5
172328,R@100,1.0
17248,nDCG@10,0.43067655807339306
17248,R@100,1.0
172701,nDCG@10,0.5
172701,R@100,1.0
172704,nDCG@10,1.0
172704,R@100,1.0
172707,nDCG@10,1.0
172707,R@100,1.0
172709,nDCG@10,0.5706417189553201
172709,R@100,1.0
172710,nDCG@10,1.0
172710,R@100,1.0
172713,nDCG@10,0.6934264036172708
172713,R@100,1.0
172716,nDCG@10,0.38685280723454163
172716,R@100,1.0
172717,nDCG@10,0.0
172717,R@100,1.0
172720,nDCG@10,0.6131471927654584
172720,R@100,1.0
17273,nDCG@10,0.2640681225725909
17273,R@100,0.5
17274,nDCG@10,0.19342640361727081
17274,R@100,0.5
17278,nDCG@10,1.0
17278,R@100,1.0
1729,nDCG@10,0.0
1729,R@100,1.0
173030,nDCG@10,0.0
173030,R@100,1.0
173035,nDCG@10,0.0
173035,R@100,1.0
173037,nDCG@10,1.0
173037,R@100,1.0
173045,nDCG@10,0.0
173045,R@100,0.0
173046,nDCG@10,0.0
173046,R@100,1.0
173049,nDCG@10,0.5
173049,R@100,1.0
173050,nDCG@10,0.0
173050,R@100,1.0
173051,nDCG@10,0.0
173051,R@100,1.0
173055,nDCG@10,0.3562071871080222
173055,R@100,1.0
173056,nDCG@10,1.0
173056,R@100,1.0
17333,nDCG@10,0.5
17333,R@100,1.0
17334,nDCG@10,0.3333333333333333
17334,R@100,1.0
17335,nDCG@10,1.0
17335,R@100,1.0
17336,nDCG@10,0.5
17336,R@100,1.0
173596,nDCG@10,0.5706417189553201
173596,R@100,1.0
173598,nDCG@10,0.6309297535714575
173598,R@100,1.0
173604,nDCG@10,0.0
173604,R@100,1.0
173613,nDCG@10,0.0
173613,R@100,1.0
173614,nDCG@10,0.6309297535714575
173614,R@100,1.0
173619,nDCG@10,0.0
173619,R@100,1.0
173655,nDCG@10,0.6309297535714575
173655,R@100,1.0
173657,nDCG@10,1.0
173657,R@100,1.0
173663,nDCG@10,1.0
173663,R@100,1.0
173665,nDCG@10,1.0
173665,R@100,1.0
173666,nDCG@10,0.6131471927654584
173666,R@100,1.0
173670,nDCG@10,1.0
173670,R@100,1.0
173675,nDCG@10,1.0
173675,R@100,1.0
17374,nDCG@10,1.0
17374,R@100,1.0
17376,nDCG@10,0.5706417189553201
17376,R@100,1.0
173919,nDCG@10,0.3333333333333333
173919,R@100,1.0
173921,nDCG@10,0.0
173921,R@100,1.0
173922,nDCG@10,0.0
173922,R@100,0.0
173923,nDCG@10,0.0
173923,R@100,1.0
173924,nDCG@10,0.0
173924,R@100,0.0
173925,nDCG@10,1.0
173925,R@100,1.0
173928,nDCG@10,0.0
173928,R@100,0.0
173929,nDCG@10,0.0
173929,R@100,0.0
173930,nDCG@10,0.6309297535714575
173930,R@100,1.0
173931,nDCG@10,0.0
173931,R@100,0.0
173933,nDCG@10,0.0
173933,R@100,0.0
17399,nDCG@10,0.6309297535714575
17399,R@100,1.0
17410,nDCG@10,1.0
17410,R@100,1.0
174508,nDCG@10,1.0
174508,R@100,1.0
174509,nDCG@10,1.0
174509,R@100,1.0
174510,nDCG@10,1.0
174510,R@100,1.0
174513,nDCG@10,0.38685280723454163
174513,R@100,1.0
174514,nDCG@10,0.6309297535714575
174514,R@100,1.0
174515,nDCG@10,0.6309297535714575
174515,R@100,1.0
174518,nDCG@10,0.6309297535714575
174518,R@100,1.0
174520,nDCG@10,1.0
174520,R@100,1.0
174523,nDCG@10,0.43067655807339306
174523,R@100,1.0
174524,nDCG@10,0.5
174524,R@100,1.0
174526,nDCG@10,1.0
174526,R@100,1.0
174611,nDCG@10,0.0
174611,R@100,1.0
174615,nDCG@10,0.0
174615,R@100,1.0
174616,nDCG@10,0.0
174616,R@100,1.0
174618,nDCG@10,0.0
174618,R@100,1.0
174624,nDCG@10,0.0
174624,R@100,0.0
174628,nDCG@10,0.0
174628,R@100,0.0
174630,nDCG@10,0.0
174630,R@100,1.0
1748,nDCG@10,1.0
1748,R@100,1.0
174871,nDCG@10,1.0
174871,R@100,1.0
174872,nDCG@10,1.0
174872,R@100,1.0
174875,nDCG@10,1.0
174875,R@100,1.0
174878,nDCG@10,0.6131471927654584
174878,R@100,0.5
174881,nDCG@10,1.0
174881,R@100,1.0
174882,nDCG@10,1.0
174882,R@100,1.0
174883,nDCG@10,1.0
174883,R@100,1.0
174891,nDCG@10,1.0
174891,R@100,1.0
174893,nDCG@10,1.0
174893,R@100,1.0
174900,nDCG@10,1.0
174900,R@100,1.0
174974,nDCG@10,0.6309297535714575
174974,R@100,1.0
174978,nDCG@10,1.0
174978,R@100,1.0
174981,nDCG@10,1.0
174981,R@100,1.0
174986,nDCG@10,1.0
174986,R@100,1.0
174987,nDCG@10,1.0
174987,R@100,1.0
174990,nDCG@10,1.0
174990,R@100,1.0
174991,nDCG@10,1.0
174991,R@100,1.0
175434,nDCG@10,1.0
175434,R@100,1.0
175435,nDCG@10,0.5640920940185894
175435,R@100,1.0
175436,nDCG@10,0.6309297535714575
175436,R@100,1.0
175438,nDCG@10,1.0
175438,R@100,1.0
175441,nDCG@10,0.38685280723454163
175441,R@100,1.0
175443,nDCG@10,0.8772153153380493
175443,R@100,1.0
175444,nDCG@10,1.0
175444,R@100,1.0
175448,nDCG@10,0.3065735963827292
175448,R@100,1.0
175458,nDCG@10,0.5
175458,R@100,1.0
175459,nDCG@10,0.38685280723454163
175459,R@100,1.0
175460,nDCG@10,0.5437713091520254
175460,R@100,1.0
17554,nDCG@10,0.6309297535714575
17554,R@100,1.0
17555,nDCG@10,0.6309297535714575
17555,R@100,1.0
17583,nDCG@10,0.0
17583,R@100,0.0
175862,nDCG@10,0.9197207891481876
175862,R@100,1.0
175863,nDCG@10,0.3903800499921017
175863,R@100,0.75
175864,nDCG@10,1.0
175864,R@100,1.0
175865,nDCG@10,0.6257049680303419
175865,R@100,0.6666666666666666
175867,nDCG@10,0.6309297535714575
175867,R@100,1.0
175868,nDCG@10,1.0
175868,R@100,1.0
175873,nDCG@10,0.6131471927654584
175873,R@100,1.0
175874,nDCG@10,0.3065735963827292
175874,R@100,1.0
175876,nDCG@10,1.0
175876,R@100,1.0
175877,nDCG@10,1.0
175877,R@100,1.0
175879,nDCG@10,1.0
175879,R@100,1.0
175880,nDCG@10,1.0
175880,R@100,1.0
17593,nDCG@10,0.43067655807339306
17593,R@100,1.0
17600,nDCG@10,0.5
17600,R@100,1.0
17616,nDCG@10,0.0
17616,R@100,1.0
17628,nDCG@10,0.6131471927654584
17628,R@100,0.5
176628,nDCG@10,1.0
176628,R@100,1.0
176636,nDCG@10,0.6309297535714575
176636,R@100,1.0
1772,nDCG@10,0.5855700749881525
1772,R@100,0.75
17731,nDCG@10,0.5
17731,R@100,1.0
17732,nDCG@10,1.0
17732,R@100,1.0
177468,nDCG@10,0.6309297535714575
177468,R@100,1.0
177478,nDCG@10,0.6309297535714575
177478,R@100,1.0
177479,nDCG@10,1.0
177479,R@100,1.0
177481,nDCG@10,1.0
177481,R@100,1.0
177487,nDCG@10,0.9197207891481876
177487,R@100,1.0
177488,nDCG@10,0.8175295903539445
177488,R@100,1.0
177489,nDCG@10,0.6309297535714575
177489,R@100,1.0
177491,nDCG@10,0.6309297535714575
177491,R@100,1.0
177494,nDCG@10,1.0
177494,R@100,1.0
177524,nDCG@10,1.0
177524,R@100,1.0
177525,nDCG@10,1.0
177525,R@100,1.0
177529,nDCG@10,1.0
177529,R@100,1.0
177532,nDCG@10,0.43067655807339306
177532,R@100,1.0
177533,nDCG@10,0.38685280723454163
177533,R@100,1.0
177543,nDCG@10,1.0
177543,R@100,1.0
17783,nDCG@10,1.0
17783,R@100,1.0
177835,nDCG@10,0.0
177835,R@100,1.0
177836,nDCG@10,0.5
177836,R@100,1.0
177837,nDCG@10,0.2890648263178879
177837,R@100,1.0
177838,nDCG@10,0.43067655807339306
177838,R@100,1.0
177842,nDCG@10,0.5
177842,R@100,1.0
177845,nDCG@10,1.0
177845,R@100,1.0
177847,nDCG@10,1.0
177847,R@100,1.0
177850,nDCG@10,0.43067655807339306
177850,R@100,1.0
177853,nDCG@10,0.38685280723454163
177853,R@100,1.0
177855,nDCG@10,0.5
177855,R@100,1.0
177856,nDCG@10,1.0
177856,R@100,1.0
177858,nDCG@10,0.6309297535714575
177858,R@100,1.0
177864,nDCG@10,0.31546487678572877
177864,R@100,1.0
177865,nDCG@10,0.6309297535714575
177865,R@100,1.0
177867,nDCG@10,1.0
177867,R@100,1.0
177957,nDCG@10,1.0
177957,R@100,1.0
177958,nDCG@10,1.0
177958,R@100,1.0
177963,nDCG@10,1.0
177963,R@100,1.0
177964,nDCG@10,0.6309297535714575
177964,R@100,1.0
177970,nDCG@10,0.6309297535714575
177970,R@100,1.0
177973,nDCG@10,1.0
177973,R@100,1.0
177974,nDCG@10,1.0
177974,R@100,1.0
177978,nDCG@10,0.6309297535714575
177978,R@100,1.0
178210,nDCG@10,0.38685280723454163
178210,R@100,1.0
178213,nDCG@10,1.0
178213,R@100,1.0
178214,nDCG@10,1.0
178214,R@100,1.0
178216,nDCG@10,1.0
178216,R@100,1.0
178219,nDCG@10,1.0
178219,R@100,1.0
178223,nDCG@10,1.0
178223,R@100,1.0
178225,nDCG@10,1.0
178225,R@100,1.0
178227,nDCG@10,1.0
178227,R@100,1.0
178229,nDCG@10,1.0
178229,R@100,1.0
178230,nDCG@10,0.3562071871080222
178230,R@100,1.0
178233,nDCG@10,0.0
178233,R@100,1.0
178237,nDCG@10,0.38685280723454163
178237,R@100,1.0
178240,nDCG@10,0.0
178240,R@100,1.0
178241,nDCG@10,0.0
178241,R@100,1.0
178250,nDCG@10,0.0
178250,R@100,1.0
178254,nDCG@10,0.0
178254,R@100,1.0
178255,nDCG@10,0.0
178255,R@100,1.0
17840,nDCG@10,1.0
17840,R@100,1.0
17841,nDCG@10,1.0
17841,R@100,1.0
17855,nDCG@10,0.0
17855,R@100,0.0
178855,nDCG@10,0.6131471927654584
178855,R@100,1.0
178856,nDCG@10,0.6131471927654584
178856,R@100,1.0
178858,nDCG@10,1.0
178858,R@100,1.0
178859,nDCG@10,1.0
178859,R@100,1.0
178874,nDCG@10,1.0
178874,R@100,1.0
178880,nDCG@10,1.0
178880,R@100,1.0
178892,nDCG@10,1.0
178892,R@100,1.0
178893,nDCG@10,0.6309297535714575
178893,R@100,1.0
178896,nDCG@10,1.0
178896,R@100,1.0
178898,nDCG@10,1.0
178898,R@100,1.0
178899,nDCG@10,1.0
178899,R@100,1.0
178900,nDCG@10,1.0
178900,R@100,1.0
178902,nDCG@10,0.31546487678572877
178902,R@100,1.0
178904,nDCG@10,1.0
178904,R@100,1.0
178906,nDCG@10,1.0
178906,R@100,1.0
178908,nDCG@10,1.0
178908,R@100,1.0
178909,nDCG@10,0.6131471927654584
178909,R@100,0.5
178911,nDCG@10,0.6131471927654584
178911,R@100,0.5
178912,nDCG@10,1.0
178912,R@100,1.0
17907,nDCG@10,1.0
17907,R@100,1.0
179087,nDCG@10,0.0
179087,R@100,1.0
179088,nDCG@10,0.0
179088,R@100,1.0
179089,nDCG@10,0.0
179089,R@100,1.0
179091,nDCG@10,0.0
179091,R@100,1.0
179100,nDCG@10,0.0
179100,R@100,1.0
179103,nDCG@10,0.0
179103,R@100,1.0
179105,nDCG@10,0.0
179105,R@100,0.0
179109,nDCG@10,0.0
179109,R@100,1.0
179112,nDCG@10,0.0
179112,R@100,1.0
17914,nDCG@10,1.0
17914,R@100,1.0
17933,nDCG@10,1.0
17933,R@100,1.0
179815,nDCG@10,0.7529716549381369
179815,R@100,1.0
179816,nDCG@10,1.0
179816,R@100,1.0
179817,nDCG@10,1.0
179817,R@100,1.0
179819,nDCG@10,1.0
179819,R@100,1.0
179821,nDCG@10,0.5
179821,R@100,1.0
179825,nDCG@10,1.0
179825,R@100,1.0
179827,nDCG@10,0.5
179827,R@100,1.0
179831,nDCG@10,1.0
179831,R@100,1.0
179832,nDCG@10,1.0
179832,R@100,1.0
179834,nDCG@10,0.5
179834,R@100,1.0
179835,nDCG@10,0.5
179835,R@100,1.0
179836,nDCG@10,1.0
179836,R@100,1.0
179841,nDCG@10,1.0
179841,R@100,1.0
1799,nDCG@10,1.0
1799,R@100,1.0
17993,nDCG@10,0.7653606369886217
17993,R@100,0.6666666666666666
17994,nDCG@10,1.0
17994,R@100,1.0
18004,nDCG@10,0.0
18004,R@100,0.0
18030,nDCG@10,0.31546487678572877
18030,R@100,1.0
18031,nDCG@10,0.38685280723454163
18031,R@100,1.0
18032,nDCG@10,0.0
18032,R@100,0.0
18051,nDCG@10,1.0
18051,R@100,1.0
18066,nDCG@10,0.6309297535714575
18066,R@100,1.0
180689,nDCG@10,1.0
180689,R@100,1.0
180691,nDCG@10,0.5
180691,R@100,1.0
180695,nDCG@10,0.6309297535714575
180695,R@100,1.0
180697,nDCG@10,0.5
180697,R@100,1.0
180699,nDCG@10,0.6309297535714575
180699,R@100,1.0
180702,nDCG@10,0.6309297535714575
180702,R@100,1.0
180706,nDCG@10,0.43067655807339306
180706,R@100,1.0
180707,nDCG@10,0.6309297535714575
180707,R@100,1.0
180709,nDCG@10,0.43067655807339306
180709,R@100,1.0
180710,nDCG@10,0.43067655807339306
180710,R@100,1.0
180711,nDCG@10,0.5
180711,R@100,1.0
180714,nDCG@10,0.43067655807339306
180714,R@100,1.0
18079,nDCG@10,0.6131471927654584
18079,R@100,0.5
181250,nDCG@10,1.0
181250,R@100,1.0
181255,nDCG@10,1.0
181255,R@100,1.0
181262,nDCG@10,1.0
181262,R@100,1.0
181264,nDCG@10,1.0
181264,R@100,1.0
181265,nDCG@10,1.0
181265,R@100,1.0
181266,nDCG@10,1.0
181266,R@100,1.0
181267,nDCG@10,0.6309297535714575
181267,R@100,1.0
181269,nDCG@10,1.0
181269,R@100,1.0
181270,nDCG@10,0.6309297535714575
181270,R@100,1.0
181271,nDCG@10,1.0
181271,R@100,1.0
181273,nDCG@10,1.0
181273,R@100,1.0
181274,nDCG@10,0.5912352048230277
181274,R@100,1.0
18159,nDCG@10,1.0
18159,R@100,1.0
18197,nDCG@10,0.5
18197,R@100,1.0
182032,nDCG@10,0.6309297535714575
182032,R@100,1.0
182033,nDCG@10,0.0
182033,R@100,1.0
182034,nDCG@10,0.0
182034,R@100,1.0
182035,nDCG@10,0.0
182035,R@100,1.0
182036,nDCG@10,0.0
182036,R@100,1.0
182039,nDCG@10,0.0
182039,R@100,0.0
182040,nDCG@10,0.0
182040,R@100,0.0
182041,nDCG@10,0.3065735963827292
182041,R@100,0.5
182042,nDCG@10,0.0
182042,R@100,0.0
182043,nDCG@10,0.0
182043,R@100,0.0
182044,nDCG@10,0.6309297535714575
182044,R@100,1.0
182051,nDCG@10,0.0
182051,R@100,0.0
18222,nDCG@10,1.0
18222,R@100,1.0
182675,nDCG@10,1.0
182675,R@100,1.0
182676,nDCG@10,1.0
182676,R@100,1.0
182679,nDCG@10,1.0
182679,R@100,1.0
182680,nDCG@10,1.0
182680,R@100,1.0
182685,nDCG@10,1.0
182685,R@100,1.0
182686,nDCG@10,1.0
182686,R@100,1.0
182687,nDCG@10,1.0
182687,R@100,1.0
182689,nDCG@10,1.0
182689,R@100,1.0
182700,nDCG@10,1.0
182700,R@100,1.0
182701,nDCG@10,1.0
182701,R@100,1.0
182705,nDCG@10,1.0
182705,R@100,1.0
182902,nDCG@10,0.6131471927654584
182902,R@100,0.5
182904,nDCG@10,0.6131471927654584
182904,R@100,0.5
182906,nDCG@10,1.0
182906,R@100,1.0
182907,nDCG@10,1.0
182907,R@100,1.0
182908,nDCG@10,1.0
182908,R@100,1.0
182909,nDCG@10,1.0
182909,R@100,1.0
182911,nDCG@10,0.6131471927654584
182911,R@100,0.5
182913,nDCG@10,1.0
182913,R@100,1.0
182914,nDCG@10,1.0
182914,R@100,1.0
182915,nDCG@10,1.0
182915,R@100,1.0
182917,nDCG@10,0.6131471927654584
182917,R@100,0.5
182918,nDCG@10,0.6131471927654584
182918,R@100,0.5
182919,nDCG@10,0.6131471927654584
182919,R@100,0.5
182920,nDCG@10,1.0
182920,R@100,1.0
182923,nDCG@10,1.0
182923,R@100,1.0
182926,nDCG@10,1.0
182926,R@100,1.0
182928,nDCG@10,0.6131471927654584
182928,R@100,0.5
182930,nDCG@10,1.0
182930,R@100,1.0
182931,nDCG@10,0.6131471927654584
182931,R@100,0.5
182933,nDCG@10,1.0
182933,R@100,1.0
182934,nDCG@10,0.6131471927654584
182934,R@100,0.5
182936,nDCG@10,0.6131471927654584
182936,R@100,0.5
18294,nDCG@10,0.0
18294,R@100,1.0
18295,nDCG@10,0.0
18295,R@100,1.0
18333,nDCG@10,1.0
18333,R@100,1.0
183404,nDCG@10,1.0
183404,R@100,1.0
183405,nDCG@10,1.0
183405,R@100,1.0
183411,nDCG@10,1.0
183411,R@100,1.0
183415,nDCG@10,1.0
183415,R@100,1.0
183416,nDCG@10,1.0
183416,R@100,1.0
183417,nDCG@10,1.0
183417,R@100,1.0
183418,nDCG@10,1.0
183418,R@100,1.0
183419,nDCG@10,1.0
183419,R@100,1.0
183420,nDCG@10,1.0
183420,R@100,1.0
183423,nDCG@10,1.0
183423,R@100,1.0
183447,nDCG@10,1.0
183447,R@100,1.0
183448,nDCG@10,1.0
183448,R@100,1.0
183450,nDCG@10,0.3333333333333333
183450,R@100,1.0
183452,nDCG@10,0.6131471927654584
183452,R@100,0.5
183453,nDCG@10,1.0
183453,R@100,1.0
183456,nDCG@10,0.2640681225725909
183456,R@100,1.0
183458,nDCG@10,0.5
183458,R@100,1.0
183459,nDCG@10,0.43067655807339306
183459,R@100,1.0
18346,nDCG@10,0.5
18346,R@100,1.0
183460,nDCG@10,0.6309297535714575
183460,R@100,1.0
183461,nDCG@10,0.5
183461,R@100,1.0
183462,nDCG@10,0.38685280723454163
183462,R@100,1.0
183463,nDCG@10,0.6240505200038379
183463,R@100,1.0
183464,nDCG@10,0.31546487678572877
183464,R@100,1.0
183468,nDCG@10,0.6309297535714575
183468,R@100,1.0
183469,nDCG@10,1.0
183469,R@100,1.0
183470,nDCG@10,0.38685280723454163
183470,R@100,1.0
183473,nDCG@10,0.0
183473,R@100,1.0
183476,nDCG@10,1.0
183476,R@100,1.0
183478,nDCG@10,1.0
183478,R@100,1.0
183481,nDCG@10,1.0
183481,R@100,1.0
183482,nDCG@10,1.0
183482,R@100,1.0
183487,nDCG@10,1.0
183487,R@100,1.0
183489,nDCG@10,1.0
183489,R@100,1.0
183491,nDCG@10,1.0
183491,R@100,1.0
183492,nDCG@10,1.0
183492,R@100,1.0
183496,nDCG@10,0.6309297535714575
183496,R@100,1.0
183498,nDCG@10,1.0
183498,R@100,1.0
183502,nDCG@10,1.0
183502,R@100,1.0
183506,nDCG@10,1.0
183506,R@100,1.0
183507,nDCG@10,0.6309297535714575
183507,R@100,1.0
183915,nDCG@10,1.0
183915,R@100,1.0
183917,nDCG@10,1.0
183917,R@100,1.0
183918,nDCG@10,1.0
183918,R@100,1.0
183925,nDCG@10,1.0
183925,R@100,1.0
183926,nDCG@10,0.6131471927654584
183926,R@100,0.5
183929,nDCG@10,1.0
183929,R@100,1.0
183932,nDCG@10,1.0
183932,R@100,1.0
183934,nDCG@10,1.0
183934,R@100,1.0
183935,nDCG@10,1.0
183935,R@100,1.0
183937,nDCG@10,1.0
183937,R@100,1.0
183938,nDCG@10,1.0
183938,R@100,1.0
18397,nDCG@10,0.0
18397,R@100,1.0
184285,nDCG@10,1.0
184285,R@100,1.0
184287,nDCG@10,1.0
184287,R@100,1.0
184290,nDCG@10,0.5
184290,R@100,1.0
184291,nDCG@10,1.0
184291,R@100,1.0
184292,nDCG@10,1.0
184292,R@100,1.0
184293,nDCG@10,1.0
184293,R@100,1.0
184294,nDCG@10,0.6309297535714575
184294,R@100,1.0
184295,nDCG@10,0.6309297535714575
184295,R@100,1.0
184296,nDCG@10,1.0
184296,R@100,1.0
184303,nDCG@10,1.0
184303,R@100,1.0
184304,nDCG@10,1.0
184304,R@100,1.0
184307,nDCG@10,1.0
184307,R@100,1.0
184308,nDCG@10,1.0
184308,R@100,1.0
184310,nDCG@10,0.6309297535714575
184310,R@100,1.0
18443,nDCG@10,0.38685280723454163
18443,R@100,1.0
18477,nDCG@10,1.0
18477,R@100,1.0
18481,nDCG@10,1.0
18481,R@100,1.0
18496,nDCG@10,1.0
18496,R@100,1.0
18497,nDCG@10,0.6309297535714575
18497,R@100,1.0
18507,nDCG@10,0.5
18507,R@100,1.0
185167,nDCG@10,0.6309297535714575
185167,R@100,1.0
185168,nDCG@10,0.23719771276929622
185168,R@100,1.0
185169,nDCG@10,1.0
185169,R@100,1.0
185172,nDCG@10,1.0
185172,R@100,1.0
185173,nDCG@10,0.3065735963827292
185173,R@100,1.0
185174,nDCG@10,0.38685280723454163
185174,R@100,0.5
185177,nDCG@10,1.0
185177,R@100,1.0
185178,nDCG@10,1.0
185178,R@100,1.0
185180,nDCG@10,1.0
185180,R@100,1.0
185182,nDCG@10,0.6309297535714575
185182,R@100,1.0
185184,nDCG@10,0.6309297535714575
185184,R@100,1.0
185188,nDCG@10,0.3065735963827292
185188,R@100,1.0
185192,nDCG@10,0.3333333333333333
185192,R@100,1.0
18542,nDCG@10,1.0
18542,R@100,1.0
185758,nDCG@10,0.6131471927654584
185758,R@100,0.5
185766,nDCG@10,1.0
185766,R@100,1.0
185772,nDCG@10,1.0
185772,R@100,1.0
185776,nDCG@10,1.0
185776,R@100,1.0
185777,nDCG@10,1.0
185777,R@100,1.0
185783,nDCG@10,1.0
185783,R@100,1.0
185784,nDCG@10,0.6309297535714575
185784,R@100,1.0
185786,nDCG@10,1.0
185786,R@100,1.0
185991,nDCG@10,1.0
185991,R@100,1.0
185999,nDCG@10,1.0
185999,R@100,1.0
186003,nDCG@10,0.3903800499921017
186003,R@100,0.75
186004,nDCG@10,0.6131471927654584
186004,R@100,0.5
186005,nDCG@10,1.0
186005,R@100,1.0
186008,nDCG@10,0.46927872602275644
186008,R@100,0.6666666666666666
187375,nDCG@10,1.0
187375,R@100,1.0
187378,nDCG@10,0.3065735963827292
187378,R@100,0.5
187379,nDCG@10,1.0
187379,R@100,1.0
187382,nDCG@10,0.5
187382,R@100,1.0
187386,nDCG@10,1.0
187386,R@100,1.0
187388,nDCG@10,0.8772153153380493
187388,R@100,1.0
187390,nDCG@10,1.0
187390,R@100,1.0
187395,nDCG@10,1.0
187395,R@100,1.0
187537,nDCG@10,1.0
187537,R@100,1.0
187541,nDCG@10,0.6309297535714575
187541,R@100,1.0
187546,nDCG@10,1.0
187546,R@100,1.0
187552,nDCG@10,1.0
187552,R@100,1.0
187555,nDCG@10,1.0
187555,R@100,1.0
187556,nDCG@10,1.0
187556,R@100,1.0
187557,nDCG@10,1.0
187557,R@100,1.0
187560,nDCG@10,0.0
187560,R@100,1.0
187564,nDCG@10,1.0
187564,R@100,1.0
187565,nDCG@10,1.0
187565,R@100,1.0
187566,nDCG@10,0.5
187566,R@100,1.0
187567,nDCG@10,1.0
187567,R@100,1.0
187571,nDCG@10,0.6309297535714575
187571,R@100,1.0
187572,nDCG@10,0.5
187572,R@100,1.0
187574,nDCG@10,0.11284514134893527
187574,R@100,0.75
187577,nDCG@10,0.43067655807339306
187577,R@100,1.0
187579,nDCG@10,0.6131471927654584
187579,R@100,1.0
187580,nDCG@10,0.7864724919925569
187580,R@100,1.0
18768,nDCG@10,1.0
18768,R@100,1.0
18794,nDCG@10,0.6309297535714575
18794,R@100,1.0
188129,nDCG@10,1.0
188129,R@100,1.0
188131,nDCG@10,1.0
188131,R@100,1.0
188135,nDCG@10,1.0
188135,R@100,1.0
188136,nDCG@10,1.0
188136,R@100,1.0
188140,nDCG@10,0.6309297535714575
188140,R@100,1.0
188141,nDCG@10,1.0
188141,R@100,1.0
188142,nDCG@10,1.0
188142,R@100,1.0
188145,nDCG@10,1.0
188145,R@100,1.0
188147,nDCG@10,0.6309297535714575
188147,R@100,1.0
188148,nDCG@10,0.6309297535714575
188148,R@100,1.0
188564,nDCG@10,1.0
188564,R@100,1.0
188565,nDCG@10,0.3562071871080222
188565,R@100,1.0
188568,nDCG@10,1.0
188568,R@100,1.0
188569,nDCG@10,1.0
188569,R@100,1.0
188570,nDCG@10,1.0
188570,R@100,1.0
188571,nDCG@10,1.0
188571,R@100,1.0
188572,nDCG@10,1.0
188572,R@100,1.0
188576,nDCG@10,1.0
188576,R@100,1.0
188577,nDCG@10,0.3333333333333333
188577,R@100,1.0
188579,nDCG@10,1.0
188579,R@100,1.0
188581,nDCG@10,0.5
188581,R@100,1.0
188582,nDCG@10,1.0
188582,R@100,1.0
188624,nDCG@10,1.0
188624,R@100,1.0
188630,nDCG@10,1.0
188630,R@100,1.0
188635,nDCG@10,0.6131471927654584
188635,R@100,0.5
188636,nDCG@10,1.0
188636,R@100,1.0
188639,nDCG@10,1.0
188639,R@100,1.0
188640,nDCG@10,1.0
188640,R@100,1.0
188641,nDCG@10,1.0
188641,R@100,1.0
188645,nDCG@10,1.0
188645,R@100,1.0
188646,nDCG@10,1.0
188646,R@100,1.0
188647,nDCG@10,1.0
188647,R@100,1.0
188652,nDCG@10,1.0
188652,R@100,1.0
188877,nDCG@10,1.0
188877,R@100,1.0
188885,nDCG@10,1.0
188885,R@100,1.0
188887,nDCG@10,1.0
188887,R@100,1.0
188888,nDCG@10,1.0
188888,R@100,1.0
188889,nDCG@10,1.0
188889,R@100,1.0
188967,nDCG@10,0.6309297535714575
188967,R@100,1.0
188969,nDCG@10,0.43067655807339306
188969,R@100,1.0
188971,nDCG@10,0.38685280723454163
188971,R@100,1.0
188976,nDCG@10,0.38685280723454163
188976,R@100,1.0
188977,nDCG@10,0.5
188977,R@100,1.0
188979,nDCG@10,0.3562071871080222
188979,R@100,1.0
188984,nDCG@10,0.5
188984,R@100,1.0
188987,nDCG@10,1.0
188987,R@100,1.0
188994,nDCG@10,0.31546487678572877
188994,R@100,1.0
189710,nDCG@10,1.0
189710,R@100,1.0
189711,nDCG@10,1.0
189711,R@100,1.0
189714,nDCG@10,1.0
189714,R@100,1.0
189715,nDCG@10,1.0
189715,R@100,1.0
189716,nDCG@10,1.0
189716,R@100,1.0
189717,nDCG@10,1.0
189717,R@100,1.0
189866,nDCG@10,1.0
189866,R@100,1.0
189867,nDCG@10,1.0
189867,R@100,1.0
189868,nDCG@10,1.0
189868,R@100,1.0
189871,nDCG@10,1.0
189871,R@100,1.0
189873,nDCG@10,1.0
189873,R@100,1.0
189874,nDCG@10,1.0
189874,R@100,1.0
189876,nDCG@10,0.6131471927654584
189876,R@100,1.0
189878,nDCG@10,1.0
189878,R@100,1.0
189883,nDCG@10,1.0
189883,R@100,1.0
189885,nDCG@10,1.0
189885,R@100,1.0
189888,nDCG@10,0.6131471927654584
189888,R@100,0.5
190072,nDCG@10,0.5012658353418871
190072,R@100,1.0
190074,nDCG@10,1.0
190074,R@100,1.0
190077,nDCG@10,0.0
190077,R@100,0.3333333333333333
190081,nDCG@10,1.0
190081,R@100,1.0
190085,nDCG@10,1.0
190085,R@100,1.0
190089,nDCG@10,0.38685280723454163
190089,R@100,1.0
190090,nDCG@10,0.8772153153380493
190090,R@100,1.0
19052,nDCG@10,1.0
19052,R@100,1.0
190664,nDCG@10,0.0
190664,R@100,1.0
190669,nDCG@10,1.0
190669,R@100,1.0
19068,nDCG@10,1.0
19068,R@100,1.0
19074,nDCG@10,1.0
19074,R@100,1.0
19087,nDCG@10,1.0
19087,R@100,1.0
19117,nDCG@10,1.0
19117,R@100,1.0
1916,nDCG@10,0.3333333333333333
1916,R@100,1.0
19160,nDCG@10,0.6886342695939197
19160,R@100,1.0
19161,nDCG@10,0.6309297535714575
19161,R@100,1.0
191641,nDCG@10,0.6309297535714575
191641,R@100,1.0
191642,nDCG@10,0.5
191642,R@100,1.0
191645,nDCG@10,0.6309297535714575
191645,R@100,1.0
191647,nDCG@10,1.0
191647,R@100,1.0
191648,nDCG@10,1.0
191648,R@100,1.0
191653,nDCG@10,1.0
191653,R@100,1.0
191654,nDCG@10,0.3333333333333333
191654,R@100,1.0
191656,nDCG@10,0.3333333333333333
191656,R@100,1.0
191659,nDCG@10,1.0
191659,R@100,1.0
191660,nDCG@10,0.46927872602275644
191660,R@100,0.6666666666666666
191662,nDCG@10,1.0
191662,R@100,1.0
191664,nDCG@10,0.6309297535714575
191664,R@100,1.0
1917,nDCG@10,0.8503449055347546
1917,R@100,1.0
19184,nDCG@10,1.0
19184,R@100,1.0
191875,nDCG@10,0.6309297535714575
191875,R@100,1.0
191876,nDCG@10,0.0
191876,R@100,1.0
191877,nDCG@10,1.0
191877,R@100,1.0
191881,nDCG@10,1.0
191881,R@100,1.0
191884,nDCG@10,0.6309297535714575
191884,R@100,1.0
191886,nDCG@10,0.3562071871080222
191886,R@100,1.0
191888,nDCG@10,1.0
191888,R@100,1.0
191889,nDCG@10,0.38685280723454163
191889,R@100,1.0
191890,nDCG@10,0.0
191890,R@100,1.0
191891,nDCG@10,0.0
191891,R@100,1.0
191892,nDCG@10,1.0
191892,R@100,1.0
19193,nDCG@10,1.0
19193,R@100,1.0
19194,nDCG@10,0.6309297535714575
19194,R@100,1.0
19197,nDCG@10,1.0
19197,R@100,1.0
192016,nDCG@10,0.6131471927654584
192016,R@100,1.0
192017,nDCG@10,0.43067655807339306
192017,R@100,1.0
192020,nDCG@10,0.43067655807339306
192020,R@100,1.0
192021,nDCG@10,1.0
192021,R@100,1.0
192024,nDCG@10,0.5
192024,R@100,1.0
192029,nDCG@10,0.5
192029,R@100,1.0
192030,nDCG@10,0.2890648263178879
192030,R@100,1.0
192031,nDCG@10,1.0
192031,R@100,1.0
192034,nDCG@10,0.0
192034,R@100,1.0
192035,nDCG@10,0.0
192035,R@100,1.0
192037,nDCG@10,0.0
192037,R@100,1.0
19204,nDCG@10,1.0
19204,R@100,1.0
192040,nDCG@10,1.0
192040,R@100,1.0
192043,nDCG@10,1.0
192043,R@100,1.0
192044,nDCG@10,0.5
192044,R@100,1.0
192045,nDCG@10,0.0
192045,R@100,1.0
192050,nDCG@10,1.0
192050,R@100,1.0
192053,nDCG@10,0.6309297535714575
192053,R@100,1.0
192174,nDCG@10,0.0
192174,R@100,1.0
192190,nDCG@10,0.3010299956639812
192190,R@100,1.0
192193,nDCG@10,0.0
192193,R@100,1.0
192196,nDCG@10,0.38685280723454163
192196,R@100,1.0
192197,nDCG@10,0.43067655807339306
192197,R@100,1.0
192198,nDCG@10,0.0
192198,R@100,1.0
192199,nDCG@10,0.3010299956639812
192199,R@100,1.0
192203,nDCG@10,0.17723928678404774
192203,R@100,0.5
192204,nDCG@10,0.5
192204,R@100,1.0
192205,nDCG@10,0.0
192205,R@100,1.0
192212,nDCG@10,0.3333333333333333
192212,R@100,1.0
19236,nDCG@10,0.43067655807339306
19236,R@100,1.0
192582,nDCG@10,1.0
192582,R@100,1.0
192583,nDCG@10,1.0
192583,R@100,1.0
192584,nDCG@10,0.8315546295836225
192584,R@100,1.0
192585,nDCG@10,1.0
192585,R@100,1.0
192587,nDCG@10,1.0
192587,R@100,1.0
192591,nDCG@10,1.0
192591,R@100,1.0
192592,nDCG@10,1.0
192592,R@100,1.0
192594,nDCG@10,1.0
192594,R@100,1.0
192595,nDCG@10,0.43067655807339306
192595,R@100,1.0
192597,nDCG@10,0.38685280723454163
192597,R@100,1.0
192748,nDCG@10,0.6309297535714575
192748,R@100,1.0
192750,nDCG@10,1.0
192750,R@100,1.0
192751,nDCG@10,0.5
192751,R@100,1.0
192752,nDCG@10,0.6309297535714575
192752,R@100,1.0
192754,nDCG@10,0.6309297535714575
192754,R@100,1.0
192759,nDCG@10,0.6309297535714575
192759,R@100,1.0
192760,nDCG@10,1.0
192760,R@100,1.0
192761,nDCG@10,1.0
192761,R@100,1.0
192769,nDCG@10,1.0
192769,R@100,1.0
192774,nDCG@10,1.0
192774,R@100,1.0
192775,nDCG@10,0.6309297535714575
192775,R@100,1.0
192776,nDCG@10,1.0
192776,R@100,1.0
192778,nDCG@10,1.0
192778,R@100,1.0
192788,nDCG@10,0.0
192788,R@100,0.0
192789,nDCG@10,0.0
192789,R@100,0.0
192790,nDCG@10,0.6309297535714575
192790,R@100,1.0
192792,nDCG@10,0.0
192792,R@100,0.0
192793,nDCG@10,0.0
192793,R@100,0.0
192795,nDCG@10,0.0
192795,R@100,0.0
19302,nDCG@10,0.7585866543655181
19302,R@100,1.0
1931,nDCG@10,1.0
1931,R@100,1.0
19326,nDCG@10,1.0
19326,R@100,1.0
19327,nDCG@10,0.6309297535714575
19327,R@100,1.0
1933,nDCG@10,0.38685280723454163
1933,R@100,1.0
1934,nDCG@10,0.3562071871080222
1934,R@100,1.0
193524,nDCG@10,1.0
193524,R@100,1.0
193525,nDCG@10,1.0
193525,R@100,1.0
193531,nDCG@10,1.0
193531,R@100,1.0
193532,nDCG@10,1.0
193532,R@100,1.0
193539,nDCG@10,0.0
193539,R@100,0.0
193540,nDCG@10,1.0
193540,R@100,1.0
193546,nDCG@10,0.0
193546,R@100,0.0
193547,nDCG@10,1.0
193547,R@100,1.0
193549,nDCG@10,0.0
193549,R@100,0.0
193550,nDCG@10,1.0
193550,R@100,1.0
193554,nDCG@10,1.0
193554,R@100,1.0
193558,nDCG@10,1.0
193558,R@100,1.0
193831,nDCG@10,1.0
193831,R@100,1.0
193834,nDCG@10,1.0
193834,R@100,1.0
193835,nDCG@10,1.0
193835,R@100,1.0
193836,nDCG@10,1.0
193836,R@100,1.0
193837,nDCG@10,1.0
193837,R@100,1.0
193844,nDCG@10,1.0
193844,R@100,1.0
193848,nDCG@10,1.0
193848,R@100,1.0
19412,nDCG@10,0.38685280723454163
19412,R@100,1.0
19413,nDCG@10,0.38685280723454163
19413,R@100,1.0
194170,nDCG@10,0.6309297535714575
194170,R@100,1.0
194172,nDCG@10,0.7039180890341347
194172,R@100,1.0
194174,nDCG@10,0.38685280723454163
194174,R@100,1.0
194175,nDCG@10,0.3010299956639812
194175,R@100,1.0
194176,nDCG@10,0.6309297535714575
194176,R@100,1.0
194178,nDCG@10,0.3010299956639812
194178,R@100,1.0
19418,nDCG@10,0.3065735963827292
19418,R@100,0.5
194182,nDCG@10,0.0
194182,R@100,1.0
194183,nDCG@10,0.3333333333333333
194183,R@100,1.0
194184,nDCG@10,1.0
194184,R@100,1.0
194187,nDCG@10,0.8503449055347546
194187,R@100,1.0
194189,nDCG@10,0.43067655807339306
194189,R@100,1.0
194190,nDCG@10,1.0
194190,R@100,1.0
194192,nDCG@10,0.38685280723454163
194192,R@100,1.0
194214,nDCG@10,1.0
194214,R@100,1.0
194219,nDCG@10,1.0
194219,R@100,1.0
194221,nDCG@10,1.0
194221,R@100,1.0
194222,nDCG@10,0.0
194222,R@100,1.0
194226,nDCG@10,1.0
194226,R@100,1.0
194228,nDCG@10,1.0
194228,R@100,1.0
194231,nDCG@10,0.38685280723454163
194231,R@100,0.5
194237,nDCG@10,1.0
194237,R@100,1.0
194238,nDCG@10,1.0
194238,R@100,1.0
194241,nDCG@10,1.0
194241,R@100,1.0
194242,nDCG@10,1.0
194242,R@100,1.0
194243,nDCG@10,0.6309297535714575
194243,R@100,1.0
194245,nDCG@10,0.6309297535714575
194245,R@100,1.0
194247,nDCG@10,0.6309297535714575
194247,R@100,1.0
194249,nDCG@10,0.6309297535714575
194249,R@100,1.0
194251,nDCG@10,0.6309297535714575
194251,R@100,1.0
194252,nDCG@10,1.0
194252,R@100,1.0
194254,nDCG@10,1.0
194254,R@100,1.0
194259,nDCG@10,0.6309297535714575
194259,R@100,1.0
194260,nDCG@10,0.6309297535714575
194260,R@100,1.0
194261,nDCG@10,1.0
194261,R@100,1.0
194262,nDCG@10,1.0
194262,R@100,1.0
194432,nDCG@10,1.0
194432,R@100,1.0
194439,nDCG@10,1.0
194439,R@100,1.0
194442,nDCG@10,0.6309297535714575
194442,R@100,1.0
194446,nDCG@10,1.0
194446,R@100,1.0
194447,nDCG@10,1.0
194447,R@100,1.0
194450,nDCG@10,0.6131471927654584
194450,R@100,0.5
194451,nDCG@10,1.0
194451,R@100,1.0
194564,nDCG@10,1.0
194564,R@100,1.0
194565,nDCG@10,0.6309297535714575
194565,R@100,1.0
194567,nDCG@10,1.0
194567,R@100,1.0
194572,nDCG@10,0.6309297535714575
194572,R@100,1.0
194574,nDCG@10,1.0
194574,R@100,1.0
194580,nDCG@10,0.6309297535714575
194580,R@100,1.0
194583,nDCG@10,1.0
194583,R@100,1.0
1947,nDCG@10,0.38685280723454163
1947,R@100,1.0
194740,nDCG@10,0.3010299956639812
194740,R@100,1.0
194742,nDCG@10,0.5
194742,R@100,1.0
194744,nDCG@10,0.2890648263178879
194744,R@100,1.0
194745,nDCG@10,0.31546487678572877
194745,R@100,1.0
194746,nDCG@10,0.0
194746,R@100,1.0
194747,nDCG@10,0.0
194747,R@100,1.0
194748,nDCG@10,0.6309297535714575
194748,R@100,1.0
194753,nDCG@10,1.0
194753,R@100,1.0
194754,nDCG@10,1.0
194754,R@100,1.0
194758,nDCG@10,1.0
194758,R@100,1.0
19484,nDCG@10,0.6309297535714575
19484,R@100,1.0
194882,nDCG@10,0.6131471927654584
194882,R@100,0.5
194892,nDCG@10,1.0
194892,R@100,1.0
194893,nDCG@10,0.6309297535714575
194893,R@100,1.0
19496,nDCG@10,0.6131471927654584
19496,R@100,0.5
195122,nDCG@10,1.0
195122,R@100,1.0
195124,nDCG@10,1.0
195124,R@100,1.0
195127,nDCG@10,0.6131471927654584
195127,R@100,0.5
195129,nDCG@10,0.6131471927654584
195129,R@100,0.5
195134,nDCG@10,1.0
195134,R@100,1.0
195135,nDCG@10,1.0
195135,R@100,1.0
195139,nDCG@10,0.6131471927654584
195139,R@100,0.5
195144,nDCG@10,1.0
195144,R@100,1.0
195147,nDCG@10,1.0
195147,R@100,1.0
195149,nDCG@10,1.0
195149,R@100,1.0
195199,nDCG@10,1.0
195199,R@100,1.0
195201,nDCG@10,1.0
195201,R@100,1.0
195202,nDCG@10,0.5
195202,R@100,1.0
195203,nDCG@10,0.31546487678572877
195203,R@100,1.0
195208,nDCG@10,0.5249810332008933
195208,R@100,1.0
195219,nDCG@10,0.6309297535714575
195219,R@100,1.0
195229,nDCG@10,0.6131471927654584
195229,R@100,1.0
195230,nDCG@10,0.5
195230,R@100,1.0
195236,nDCG@10,1.0
195236,R@100,1.0
195238,nDCG@10,0.38685280723454163
195238,R@100,1.0
195243,nDCG@10,0.2890648263178879
195243,R@100,1.0
195244,nDCG@10,1.0
195244,R@100,1.0
195245,nDCG@10,0.6309297535714575
195245,R@100,1.0
195480,nDCG@10,1.0
195480,R@100,1.0
195481,nDCG@10,1.0
195481,R@100,1.0
195483,nDCG@10,0.6309297535714575
195483,R@100,1.0
195484,nDCG@10,0.3562071871080222
195484,R@100,1.0
195491,nDCG@10,0.6309297535714575
195491,R@100,1.0
195492,nDCG@10,0.38685280723454163
195492,R@100,0.5
195493,nDCG@10,0.38685280723454163
195493,R@100,0.5
195497,nDCG@10,0.6309297535714575
195497,R@100,1.0
195502,nDCG@10,0.38685280723454163
195502,R@100,0.5
195503,nDCG@10,0.6309297535714575
195503,R@100,1.0
19576,nDCG@10,0.2890648263178879
19576,R@100,1.0
19592,nDCG@10,1.0
19592,R@100,1.0
195923,nDCG@10,1.0
195923,R@100,1.0
195924,nDCG@10,1.0
195924,R@100,1.0
195925,nDCG@10,1.0
195925,R@100,1.0
195928,nDCG@10,1.0
195928,R@100,1.0
195931,nDCG@10,1.0
195931,R@100,1.0
195933,nDCG@10,1.0
195933,R@100,1.0
195940,nDCG@10,0.6309297535714575
195940,R@100,1.0
195943,nDCG@10,1.0
195943,R@100,1.0
196154,nDCG@10,0.6309297535714575
196154,R@100,1.0
196158,nDCG@10,0.5
196158,R@100,1.0
196159,nDCG@10,0.6309297535714575
196159,R@100,1.0
196162,nDCG@10,0.6309297535714575
196162,R@100,1.0
196163,nDCG@10,1.0
196163,R@100,1.0
196170,nDCG@10,1.0
196170,R@100,1.0
19687,nDCG@10,1.0
19687,R@100,1.0
19711,nDCG@10,1.0
19711,R@100,1.0
19752,nDCG@10,0.0
19752,R@100,1.0
19756,nDCG@10,0.21840743681816419
19756,R@100,1.0
197631,nDCG@10,0.6309297535714575
197631,R@100,1.0
197632,nDCG@10,0.6309297535714575
197632,R@100,1.0
197633,nDCG@10,1.0
197633,R@100,1.0
197635,nDCG@10,1.0
197635,R@100,1.0
197636,nDCG@10,1.0
197636,R@100,1.0
197637,nDCG@10,0.6309297535714575
197637,R@100,1.0
197641,nDCG@10,1.0
197641,R@100,1.0
197643,nDCG@10,0.6309297535714575
197643,R@100,1.0
197645,nDCG@10,0.5706417189553201
197645,R@100,1.0
19765,nDCG@10,0.43067655807339306
19765,R@100,1.0
197655,nDCG@10,0.6309297535714575
197655,R@100,1.0
197656,nDCG@10,1.0
197656,R@100,1.0
19766,nDCG@10,0.0
19766,R@100,0.0
197661,nDCG@10,0.3010299956639812
197661,R@100,1.0
198065,nDCG@10,0.6309297535714575
198065,R@100,1.0
198066,nDCG@10,1.0
198066,R@100,1.0
198067,nDCG@10,0.5
198067,R@100,1.0
198068,nDCG@10,0.0
198068,R@100,1.0
198070,nDCG@10,0.0
198070,R@100,0.0
198072,nDCG@10,0.6309297535714575
198072,R@100,1.0
198082,nDCG@10,0.6309297535714575
198082,R@100,1.0
198084,nDCG@10,0.6309297535714575
198084,R@100,1.0
198085,nDCG@10,0.0
198085,R@100,1.0
198087,nDCG@10,0.0
198087,R@100,1.0
198088,nDCG@10,0.0
198088,R@100,0.0
198090,nDCG@10,0.6309297535714575
198090,R@100,1.0
198419,nDCG@10,0.0
198419,R@100,1.0
198420,nDCG@10,0.5
198420,R@100,1.0
198421,nDCG@10,0.6309297535714575
198421,R@100,1.0
198422,nDCG@10,0.3010299956639812
198422,R@100,1.0
198425,nDCG@10,0.5
198425,R@100,1.0
198426,nDCG@10,1.0
198426,R@100,1.0
198427,nDCG@10,0.5
198427,R@100,1.0
198431,nDCG@10,1.0
198431,R@100,1.0
198432,nDCG@10,0.5
198432,R@100,1.0
198434,nDCG@10,0.2890648263178879
198434,R@100,1.0
198435,nDCG@10,0.43067655807339306
198435,R@100,1.0
198438,nDCG@10,0.5
198438,R@100,1.0
19853,nDCG@10,1.0
19853,R@100,1.0
198532,nDCG@10,1.0
198532,R@100,1.0
198534,nDCG@10,1.0
198534,R@100,1.0
198537,nDCG@10,1.0
198537,R@100,1.0
198538,nDCG@10,1.0
198538,R@100,1.0
198541,nDCG@10,1.0
198541,R@100,1.0
198544,nDCG@10,1.0
198544,R@100,1.0
198545,nDCG@10,1.0
198545,R@100,1.0
198552,nDCG@10,0.6309297535714575
198552,R@100,1.0
198554,nDCG@10,1.0
198554,R@100,1.0
198558,nDCG@10,1.0
198558,R@100,1.0
198559,nDCG@10,1.0
198559,R@100,1.0
198565,nDCG@10,0.7194140355510171
198565,R@100,1.0
19865,nDCG@10,0.4776237035032179
19865,R@100,1.0
19866,nDCG@10,0.0
19866,R@100,1.0
198888,nDCG@10,1.0
198888,R@100,1.0
198893,nDCG@10,0.8175295903539445
198893,R@100,1.0
198895,nDCG@10,1.0
198895,R@100,1.0
198896,nDCG@10,1.0
198896,R@100,1.0
198899,nDCG@10,1.0
198899,R@100,1.0
1989,nDCG@10,1.0
1989,R@100,1.0
198900,nDCG@10,1.0
198900,R@100,1.0
198901,nDCG@10,1.0
198901,R@100,1.0
19902,nDCG@10,1.0
19902,R@100,1.0
199260,nDCG@10,0.43067655807339306
199260,R@100,1.0
199263,nDCG@10,1.0
199263,R@100,1.0
199264,nDCG@10,0.6309297535714575
199264,R@100,1.0
199265,nDCG@10,0.43067655807339306
199265,R@100,1.0
199275,nDCG@10,1.0
199275,R@100,1.0
199276,nDCG@10,0.31546487678572877
199276,R@100,1.0
19951,nDCG@10,0.43067655807339306
19951,R@100,1.0
199662,nDCG@10,1.0
199662,R@100,1.0
199668,nDCG@10,1.0
199668,R@100,1.0
199669,nDCG@10,1.0
199669,R@100,1.0
199670,nDCG@10,1.0
199670,R@100,1.0
199674,nDCG@10,1.0
199674,R@100,1.0
199676,nDCG@10,1.0
199676,R@100,1.0
199681,nDCG@10,1.0
199681,R@100,1.0
199682,nDCG@10,1.0
199682,R@100,1.0
199805,nDCG@10,1.0
199805,R@100,1.0
199807,nDCG@10,1.0
199807,R@100,1.0
199809,nDCG@10,1.0
199809,R@100,1.0
199812,nDCG@10,1.0
199812,R@100,1.0
199814,nDCG@10,1.0
199814,R@100,1.0
199815,nDCG@10,0.6131471927654584
199815,R@100,1.0
199817,nDCG@10,1.0
199817,R@100,1.0
199818,nDCG@10,1.0
199818,R@100,1.0
199819,nDCG@10,1.0
199819,R@100,1.0
200032,nDCG@10,0.5
200032,R@100,1.0
200033,nDCG@10,1.0
200033,R@100,1.0
200034,nDCG@10,1.0
200034,R@100,1.0
200035,nDCG@10,1.0
200035,R@100,1.0
200039,nDCG@10,1.0
200039,R@100,1.0
200041,nDCG@10,0.6309297535714575
200041,R@100,1.0
200042,nDCG@10,0.6131471927654584
200042,R@100,0.5
200044,nDCG@10,1.0
200044,R@100,1.0
200045,nDCG@10,1.0
200045,R@100,1.0
200050,nDCG@10,0.6309297535714575
200050,R@100,1.0
200051,nDCG@10,1.0
200051,R@100,1.0
20026,nDCG@10,0.9197207891481876
20026,R@100,1.0
201438,nDCG@10,0.6309297535714575
201438,R@100,1.0
201439,nDCG@10,0.6309297535714575
201439,R@100,1.0
201441,nDCG@10,0.6309297535714575
201441,R@100,1.0
201446,nDCG@10,0.6309297535714575
201446,R@100,1.0
201454,nDCG@10,0.6309297535714575
201454,R@100,1.0
201457,nDCG@10,0.0
201457,R@100,1.0
201459,nDCG@10,1.0
201459,R@100,1.0
201460,nDCG@10,0.2890648263178879
201460,R@100,1.0
201573,nDCG@10,1.0
201573,R@100,1.0
201574,nDCG@10,0.5
201574,R@100,1.0
201575,nDCG@10,0.5
201575,R@100,1.0
201576,nDCG@10,0.6309297535714575
201576,R@100,1.0
201583,nDCG@10,0.5
201583,R@100,1.0
201587,nDCG@10,0.5
201587,R@100,1.0
201592,nDCG@10,0.6309297535714575
201592,R@100,1.0
201596,nDCG@10,1.0
201596,R@100,1.0
201598,nDCG@10,1.0
201598,R@100,1.0
201600,nDCG@10,0.43067655807339306
201600,R@100,1.0
201602,nDCG@10,0.43067655807339306
201602,R@100,1.0
201603,nDCG@10,1.0
201603,R@100,1.0
201606,nDCG@10,1.0
201606,R@100,1.0
20161,nDCG@10,0.5
20161,R@100,1.0
20191,nDCG@10,1.0
20191,R@100,1.0
20202,nDCG@10,0.6131471927654584
20202,R@100,1.0
202297,nDCG@10,0.6309297535714575
202297,R@100,1.0
202298,nDCG@10,1.0
202298,R@100,1.0
202301,nDCG@10,1.0
202301,R@100,1.0
202302,nDCG@10,1.0
202302,R@100,1.0
202303,nDCG@10,1.0
202303,R@100,1.0
202308,nDCG@10,1.0
202308,R@100,1.0
202313,nDCG@10,1.0
202313,R@100,1.0
202314,nDCG@10,0.6309297535714575
202314,R@100,1.0
202316,nDCG@10,1.0
202316,R@100,1.0
202317,nDCG@10,1.0
202317,R@100,1.0
202320,nDCG@10,1.0
202320,R@100,1.0
20261,nDCG@10,0.18457569677956817
20261,R@100,1.0
202729,nDCG@10,0.0
202729,R@100,0.0
202730,nDCG@10,1.0
202730,R@100,1.0
202733,nDCG@10,0.5
202733,R@100,1.0
202736,nDCG@10,0.5
202736,R@100,1.0
202737,nDCG@10,0.3562071871080222
202737,R@100,1.0
202738,nDCG@10,0.6309297535714575
202738,R@100,1.0
202743,nDCG@10,1.0
202743,R@100,1.0
202747,nDCG@10,0.5
202747,R@100,1.0
202751,nDCG@10,0.5
202751,R@100,1.0
202752,nDCG@10,0.3333333333333333
202752,R@100,1.0
20288,nDCG@10,0.6509209298071326
20288,R@100,1.0
203034,nDCG@10,1.0
203034,R@100,1.0
203038,nDCG@10,1.0
203038,R@100,1.0
203042,nDCG@10,1.0
203042,R@100,1.0
203044,nDCG@10,0.2640681225725909
203044,R@100,0.5
203053,nDCG@10,0.2890648263178879
203053,R@100,1.0
203054,nDCG@10,0.31546487678572877
203054,R@100,1.0
203058,nDCG@10,1.0
203058,R@100,1.0
203067,nDCG@10,1.0
203067,R@100,1.0
2042,nDCG@10,0.0
2042,R@100,1.0
20424,nDCG@10,1.0
20424,R@100,1.0
20429,nDCG@10,1.0
20429,R@100,1.0
2043,nDCG@10,0.0
2043,R@100,1.0
204300,nDCG@10,0.2640681225725909
204300,R@100,0.5
204301,nDCG@10,1.0
204301,R@100,1.0
204302,nDCG@10,1.0
204302,R@100,1.0
204305,nDCG@10,0.21840743681816419
204305,R@100,0.5
204306,nDCG@10,0.43067655807339306
204306,R@100,1.0
204307,nDCG@10,0.6131471927654584
204307,R@100,1.0
204309,nDCG@10,1.0
204309,R@100,1.0
204310,nDCG@10,0.3562071871080222
204310,R@100,1.0
204312,nDCG@10,0.23719771276929622
204312,R@100,0.5
204316,nDCG@10,1.0
204316,R@100,1.0
204321,nDCG@10,0.3562071871080222
204321,R@100,1.0
204325,nDCG@10,0.2890648263178879
204325,R@100,1.0
204326,nDCG@10,0.6309297535714575
204326,R@100,1.0
20440,nDCG@10,0.0
20440,R@100,0.0
204545,nDCG@10,0.43067655807339306
204545,R@100,1.0
204548,nDCG@10,0.0
204548,R@100,0.0
204549,nDCG@10,1.0
204549,R@100,1.0
204551,nDCG@10,1.0
204551,R@100,1.0
204555,nDCG@10,0.43067655807339306
204555,R@100,1.0
204556,nDCG@10,0.6309297535714575
204556,R@100,1.0
204557,nDCG@10,0.2890648263178879
204557,R@100,1.0
204560,nDCG@10,1.0
204560,R@100,1.0
204563,nDCG@10,0.6309297535714575
204563,R@100,1.0
204566,nDCG@10,0.3065735963827292
204566,R@100,0.5
204568,nDCG@10,0.5
204568,R@100,1.0
20457,nDCG@10,1.0
20457,R@100,1.0
204571,nDCG@10,1.0
204571,R@100,1.0
204572,nDCG@10,1.0
204572,R@100,1.0
204575,nDCG@10,0.6934264036172708
204575,R@100,1.0
204577,nDCG@10,0.43067655807339306
204577,R@100,1.0
20458,nDCG@10,0.23463936301137822
20458,R@100,0.3333333333333333
20492,nDCG@10,1.0
20492,R@100,1.0
20493,nDCG@10,1.0
20493,R@100,1.0
20497,nDCG@10,0.3333333333333333
20497,R@100,1.0
204980,nDCG@10,0.6309297535714575
204980,R@100,1.0
204981,nDCG@10,0.3562071871080222
204981,R@100,1.0
204985,nDCG@10,0.43067655807339306
204985,R@100,1.0
204997,nDCG@10,0.6309297535714575
204997,R@100,1.0
204998,nDCG@10,0.0
204998,R@100,1.0
205004,nDCG@10,0.0
205004,R@100,1.0
205063,nDCG@10,1.0
205063,R@100,1.0
205065,nDCG@10,0.6309297535714575
205065,R@100,1.0
205070,nDCG@10,0.6309297535714575
205070,R@100,1.0
205073,nDCG@10,0.6309297535714575
205073,R@100,1.0
205074,nDCG@10,1.0
205074,R@100,1.0
205075,nDCG@10,0.43067655807339306
205075,R@100,1.0
205076,nDCG@10,0.38685280723454163
205076,R@100,0.5
205079,nDCG@10,0.6309297535714575
205079,R@100,1.0
205081,nDCG@10,0.6309297535714575
205081,R@100,1.0
205083,nDCG@10,0.6309297535714575
205083,R@100,1.0
205086,nDCG@10,0.6309297535714575
205086,R@100,1.0
205088,nDCG@10,0.6309297535714575
205088,R@100,1.0
205089,nDCG@10,1.0
205089,R@100,1.0
205090,nDCG@10,1.0
205090,R@100,1.0
205092,nDCG@10,0.5
205092,R@100,1.0
205093,nDCG@10,0.6309297535714575
205093,R@100,1.0
205094,nDCG@10,1.0
205094,R@100,1.0
205095,nDCG@10,0.5
205095,R@100,1.0
205097,nDCG@10,0.6131471927654584
205097,R@100,0.5
205099,nDCG@10,0.18154179253735267
205099,R@100,0.3333333333333333
205100,nDCG@10,1.0
205100,R@100,1.0
205102,nDCG@10,0.5
205102,R@100,1.0
205106,nDCG@10,0.3562071871080222
205106,R@100,1.0
205107,nDCG@10,0.6309297535714575
205107,R@100,1.0
205108,nDCG@10,0.6309297535714575
205108,R@100,1.0
205114,nDCG@10,0.6309297535714575
205114,R@100,1.0
205120,nDCG@10,0.6309297535714575
205120,R@100,1.0
205121,nDCG@10,1.0
205121,R@100,1.0
205122,nDCG@10,1.0
205122,R@100,1.0
205123,nDCG@10,0.6309297535714575
205123,R@100,1.0
205124,nDCG@10,1.0
205124,R@100,1.0
205125,nDCG@10,1.0
205125,R@100,1.0
205126,nDCG@10,0.2640681225725909
205126,R@100,0.5
205129,nDCG@10,1.0
205129,R@100,1.0
205133,nDCG@10,0.6309297535714575
205133,R@100,1.0
205134,nDCG@10,0.6309297535714575
205134,R@100,1.0
205278,nDCG@10,0.43067655807339306
205278,R@100,1.0
205280,nDCG@10,0.43067655807339306
205280,R@100,1.0
205283,nDCG@10,0.0
205283,R@100,1.0
205286,nDCG@10,0.0
205286,R@100,1.0
205288,nDCG@10,0.6309297535714575
205288,R@100,1.0
20561,nDCG@10,0.6052602440527057
20561,R@100,1.0
20563,nDCG@10,1.0
20563,R@100,1.0
20569,nDCG@10,0.0
20569,R@100,1.0
20572,nDCG@10,0.3333333333333333
20572,R@100,1.0
206018,nDCG@10,0.0
206018,R@100,0.0
206021,nDCG@10,0.0
206021,R@100,0.0
206022,nDCG@10,0.3333333333333333
206022,R@100,1.0
206023,nDCG@10,0.0
206023,R@100,0.0
206024,nDCG@10,0.3333333333333333
206024,R@100,1.0
206026,nDCG@10,0.0
206026,R@100,0.0
20603,nDCG@10,0.0
20603,R@100,1.0
206030,nDCG@10,0.0
206030,R@100,0.0
206031,nDCG@10,0.0
206031,R@100,0.0
206034,nDCG@10,0.0
206034,R@100,1.0
206035,nDCG@10,0.0
206035,R@100,1.0
206038,nDCG@10,0.3333333333333333
206038,R@100,1.0
206039,nDCG@10,0.0
206039,R@100,0.0
206040,nDCG@10,0.0
206040,R@100,1.0
206041,nDCG@10,0.0
206041,R@100,0.0
20640,nDCG@10,0.6309297535714575
20640,R@100,1.0
20641,nDCG@10,0.5
20641,R@100,1.0
206434,nDCG@10,0.0
206434,R@100,1.0
206436,nDCG@10,0.21840743681816419
206436,R@100,0.5
206437,nDCG@10,0.3562071871080222
206437,R@100,1.0
206441,nDCG@10,0.0
206441,R@100,1.0
206447,nDCG@10,0.0
206447,R@100,0.0
206449,nDCG@10,0.0
206449,R@100,1.0
206453,nDCG@10,0.18457569677956817
206453,R@100,0.5
206454,nDCG@10,0.0
206454,R@100,0.0
206457,nDCG@10,0.0
206457,R@100,1.0
206458,nDCG@10,0.0
206458,R@100,1.0
206459,nDCG@10,0.43067655807339306
206459,R@100,1.0
206465,nDCG@10,0.0
206465,R@100,1.0
20672,nDCG@10,0.0
20672,R@100,0.0
206984,nDCG@10,1.0
206984,R@100,1.0
206985,nDCG@10,1.0
206985,R@100,1.0
206988,nDCG@10,0.38685280723454163
206988,R@100,0.5
206991,nDCG@10,1.0
206991,R@100,1.0
206992,nDCG@10,0.6131471927654584
206992,R@100,0.5
206993,nDCG@10,0.38685280723454163
206993,R@100,0.5
206994,nDCG@10,1.0
206994,R@100,1.0
206997,nDCG@10,1.0
206997,R@100,1.0
206998,nDCG@10,0.38685280723454163
206998,R@100,0.5
207000,nDCG@10,1.0
207000,R@100,1.0
207001,nDCG@10,0.2960819109658652
207001,R@100,0.3333333333333333
207003,nDCG@10,0.38685280723454163
207003,R@100,1.0
207006,nDCG@10,1.0
207006,R@100,1.0
207007,nDCG@10,0.38685280723454163
207007,R@100,0.5
207008,nDCG@10,1.0
207008,R@100,1.0
207009,nDCG@10,1.0
207009,R@100,1.0
207010,nDCG@10,0.6131471927654584
207010,R@100,0.5
20703,nDCG@10,0.46927872602275644
20703,R@100,0.6666666666666666
20720,nDCG@10,1.0
20720,R@100,1.0
207317,nDCG@10,0.6131471927654584
207317,R@100,1.0
207320,nDCG@10,1.0
207320,R@100,1.0
207326,nDCG@10,1.0
207326,R@100,1.0
207328,nDCG@10,1.0
207328,R@100,1.0
207332,nDCG@10,1.0
207332,R@100,1.0
207334,nDCG@10,1.0
207334,R@100,1.0
207338,nDCG@10,1.0
207338,R@100,1.0
207341,nDCG@10,1.0
207341,R@100,1.0
207669,nDCG@10,1.0
207669,R@100,1.0
207676,nDCG@10,0.43067655807339306
207676,R@100,1.0
207678,nDCG@10,0.6309297535714575
207678,R@100,1.0
207693,nDCG@10,0.38685280723454163
207693,R@100,1.0
20782,nDCG@10,1.0
20782,R@100,1.0
20783,nDCG@10,0.6309297535714575
20783,R@100,1.0
20807,nDCG@10,0.6309297535714575
20807,R@100,1.0
208896,nDCG@10,0.18154179253735267
208896,R@100,0.3333333333333333
208898,nDCG@10,0.2890648263178879
208898,R@100,1.0
208900,nDCG@10,0.0
208900,R@100,1.0
208901,nDCG@10,0.0
208901,R@100,1.0
208903,nDCG@10,0.0
208903,R@100,1.0
208906,nDCG@10,0.0
208906,R@100,0.0
208908,nDCG@10,0.2640681225725909
208908,R@100,0.5
208910,nDCG@10,0.3562071871080222
208910,R@100,1.0
208911,nDCG@10,1.0
208911,R@100,1.0
208912,nDCG@10,0.0
208912,R@100,1.0
208916,nDCG@10,1.0
208916,R@100,1.0
208917,nDCG@10,0.0
208917,R@100,0.0
208918,nDCG@10,0.38685280723454163
208918,R@100,1.0
208919,nDCG@10,0.3333333333333333
208919,R@100,1.0
208924,nDCG@10,0.0
208924,R@100,0.0
208927,nDCG@10,0.0
208927,R@100,0.0
209098,nDCG@10,1.0
209098,R@100,1.0
209099,nDCG@10,1.0
209099,R@100,1.0
209101,nDCG@10,0.6309297535714575
209101,R@100,1.0
209102,nDCG@10,0.0
209102,R@100,1.0
209103,nDCG@10,1.0
209103,R@100,1.0
209107,nDCG@10,0.5
209107,R@100,1.0
209109,nDCG@10,1.0
209109,R@100,1.0
209114,nDCG@10,0.0
209114,R@100,1.0
209117,nDCG@10,0.6309297535714575
209117,R@100,1.0
209119,nDCG@10,0.0
209119,R@100,1.0
209122,nDCG@10,0.5
209122,R@100,1.0
209123,nDCG@10,1.0
209123,R@100,1.0
209341,nDCG@10,0.3333333333333333
209341,R@100,1.0
209342,nDCG@10,0.0
209342,R@100,0.5
209346,nDCG@10,1.0
209346,R@100,1.0
209350,nDCG@10,0.0
209350,R@100,1.0
209352,nDCG@10,0.3333333333333333
209352,R@100,1.0
209354,nDCG@10,1.0
209354,R@100,1.0
209355,nDCG@10,1.0
209355,R@100,1.0
209356,nDCG@10,0.6309297535714575
209356,R@100,1.0
209358,nDCG@10,0.0
209358,R@100,1.0
209360,nDCG@10,1.0
209360,R@100,1.0
20954,nDCG@10,1.0
20954,R@100,1.0
210206,nDCG@10,1.0
210206,R@100,1.0
210212,nDCG@10,1.0
210212,R@100,1.0
2106,nDCG@10,0.38685280723454163
2106,R@100,1.0
21072,nDCG@10,0.0
21072,R@100,1.0
211007,nDCG@10,0.38685280723454163
211007,R@100,1.0
211009,nDCG@10,0.3333333333333333
211009,R@100,1.0
211010,nDCG@10,0.0
211010,R@100,1.0
211011,nDCG@10,0.3333333333333333
211011,R@100,1.0
211013,nDCG@10,1.0
211013,R@100,1.0
211015,nDCG@10,0.3333333333333333
211015,R@100,1.0
211016,nDCG@10,0.0
211016,R@100,1.0
211017,nDCG@10,0.0
211017,R@100,1.0
211019,nDCG@10,0.6309297535714575
211019,R@100,1.0
211021,nDCG@10,0.3333333333333333
211021,R@100,1.0
211022,nDCG@10,0.43067655807339306
211022,R@100,1.0
211025,nDCG@10,0.38685280723454163
211025,R@100,1.0
211026,nDCG@10,0.38685280723454163
211026,R@100,1.0
211027,nDCG@10,0.0
211027,R@100,1.0
21110,nDCG@10,1.0
21110,R@100,1.0
21138,nDCG@10,1.0
21138,R@100,1.0
211848,nDCG@10,1.0
211848,R@100,1.0
211851,nDCG@10,1.0
211851,R@100,1.0
211857,nDCG@10,1.0
211857,R@100,1.0
211859,nDCG@10,1.0
211859,R@100,1.0
211863,nDCG@10,0.6131471927654584
211863,R@100,0.5
211866,nDCG@10,1.0
211866,R@100,1.0
211872,nDCG@10,1.0
211872,R@100,1.0
21189,nDCG@10,0.6309297535714575
21189,R@100,1.0
21190,nDCG@10,0.0
21190,R@100,1.0
212029,nDCG@10,1.0
212029,R@100,1.0
212030,nDCG@10,1.0
212030,R@100,1.0
212035,nDCG@10,1.0
212035,R@100,1.0
212038,nDCG@10,1.0
212038,R@100,1.0
212039,nDCG@10,0.3562071871080222
212039,R@100,1.0
212052,nDCG@10,1.0
212052,R@100,1.0
212055,nDCG@10,1.0
212055,R@100,1.0
21211,nDCG@10,0.0
21211,R@100,1.0
212206,nDCG@10,1.0
212206,R@100,1.0
212209,nDCG@10,1.0
212209,R@100,1.0
212211,nDCG@10,1.0
212211,R@100,1.0
212212,nDCG@10,1.0
212212,R@100,1.0
212214,nDCG@10,1.0
212214,R@100,1.0
212216,nDCG@10,1.0
212216,R@100,1.0
212217,nDCG@10,0.6309297535714575
212217,R@100,1.0
212218,nDCG@10,1.0
212218,R@100,1.0
212221,nDCG@10,1.0
212221,R@100,1.0
212225,nDCG@10,1.0
212225,R@100,1.0
212226,nDCG@10,1.0
212226,R@100,1.0
212228,nDCG@10,1.0
212228,R@100,1.0
212237,nDCG@10,1.0
212237,R@100,1.0
212241,nDCG@10,1.0
212241,R@100,1.0
212243,nDCG@10,1.0
212243,R@100,1.0
212244,nDCG@10,0.6131471927654584
212244,R@100,0.5
21228,nDCG@10,1.0
21228,R@100,1.0
21253,nDCG@10,0.3562071871080222
21253,R@100,1.0
21270,nDCG@10,0.43067655807339306
21270,R@100,1.0
21274,nDCG@10,1.0
21274,R@100,1.0
21281,nDCG@10,0.6309297535714575
21281,R@100,1.0
213428,nDCG@10,0.6309297535714575
213428,R@100,1.0
213435,nDCG@10,0.0
213435,R@100,0.0
213436,nDCG@10,1.0
213436,R@100,1.0
213437,nDCG@10,1.0
213437,R@100,1.0
213439,nDCG@10,0.0
213439,R@100,0.0
213442,nDCG@10,0.0
213442,R@100,0.0
213444,nDCG@10,0.0
213444,R@100,0.0
213449,nDCG@10,0.0
213449,R@100,0.0
213451,nDCG@10,0.0
213451,R@100,0.0
213453,nDCG@10,0.0
213453,R@100,0.0
21376,nDCG@10,1.0
21376,R@100,1.0
21404,nDCG@10,0.5
21404,R@100,1.0
21405,nDCG@10,0.5
21405,R@100,1.0
2147,nDCG@10,0.5
2147,R@100,1.0
214780,nDCG@10,1.0
214780,R@100,1.0
214784,nDCG@10,1.0
214784,R@100,1.0
214785,nDCG@10,1.0
214785,R@100,1.0
214787,nDCG@10,1.0
214787,R@100,1.0
214789,nDCG@10,1.0
214789,R@100,1.0
214790,nDCG@10,1.0
214790,R@100,1.0
214799,nDCG@10,1.0
214799,R@100,1.0
21483,nDCG@10,1.0
21483,R@100,1.0
21493,nDCG@10,0.43067655807339306
21493,R@100,1.0
21494,nDCG@10,0.0
21494,R@100,0.0
21495,nDCG@10,1.0
21495,R@100,1.0
214973,nDCG@10,1.0
214973,R@100,1.0
214974,nDCG@10,1.0
214974,R@100,1.0
214975,nDCG@10,1.0
214975,R@100,1.0
214976,nDCG@10,1.0
214976,R@100,1.0
214977,nDCG@10,1.0
214977,R@100,1.0
214982,nDCG@10,1.0
214982,R@100,1.0
214985,nDCG@10,1.0
214985,R@100,1.0
214986,nDCG@10,1.0
214986,R@100,1.0
214988,nDCG@10,1.0
214988,R@100,1.0
214989,nDCG@10,0.6131471927654584
214989,R@100,0.5
2150,nDCG@10,0.0
2150,R@100,1.0
2151,nDCG@10,0.0
2151,R@100,0.0
215267,nDCG@10,0.43067655807339306
215267,R@100,1.0
215272,nDCG@10,0.43067655807339306
215272,R@100,1.0
215274,nDCG@10,0.0
215274,R@100,1.0
215276,nDCG@10,0.0
215276,R@100,0.5
215277,nDCG@10,0.0
215277,R@100,1.0
215279,nDCG@10,0.0
215279,R@100,1.0
215283,nDCG@10,0.38685280723454163
215283,R@100,1.0
215285,nDCG@10,0.5
215285,R@100,1.0
21564,nDCG@10,1.0
21564,R@100,1.0
21566,nDCG@10,0.6131471927654584
21566,R@100,1.0
215851,nDCG@10,0.6309297535714575
215851,R@100,1.0
215853,nDCG@10,1.0
215853,R@100,1.0
215859,nDCG@10,1.0
215859,R@100,1.0
215860,nDCG@10,1.0
215860,R@100,1.0
215861,nDCG@10,0.6309297535714575
215861,R@100,1.0
215862,nDCG@10,1.0
215862,R@100,1.0
215865,nDCG@10,0.6309297535714575
215865,R@100,1.0
215867,nDCG@10,1.0
215867,R@100,1.0
215872,nDCG@10,1.0
215872,R@100,1.0
215873,nDCG@10,0.6309297535714575
215873,R@100,1.0
215874,nDCG@10,1.0
215874,R@100,1.0
215875,nDCG@10,1.0
215875,R@100,1.0
215878,nDCG@10,1.0
215878,R@100,1.0
216179,nDCG@10,0.5
216179,R@100,1.0
216186,nDCG@10,1.0
216186,R@100,1.0
216188,nDCG@10,0.5
216188,R@100,1.0
216192,nDCG@10,1.0
216192,R@100,1.0
216193,nDCG@10,1.0
216193,R@100,1.0
216196,nDCG@10,1.0
216196,R@100,1.0
216197,nDCG@10,1.0
216197,R@100,1.0
21644,nDCG@10,0.6309297535714575
21644,R@100,1.0
216771,nDCG@10,0.43067655807339306
216771,R@100,1.0
216774,nDCG@10,1.0
216774,R@100,1.0
216777,nDCG@10,0.0
216777,R@100,0.5
216779,nDCG@10,0.0
216779,R@100,1.0
216780,nDCG@10,0.43067655807339306
216780,R@100,1.0
216781,nDCG@10,0.43067655807339306
216781,R@100,1.0
216783,nDCG@10,1.0
216783,R@100,1.0
216784,nDCG@10,0.38685280723454163
216784,R@100,1.0
216790,nDCG@10,0.0
216790,R@100,0.0
216791,nDCG@10,0.0
216791,R@100,1.0
216793,nDCG@10,0.6309297535714575
216793,R@100,1.0
216795,nDCG@10,1.0
216795,R@100,1.0
216798,nDCG@10,0.0
216798,R@100,1.0
216799,nDCG@10,1.0
216799,R@100,1.0
217014,nDCG@10,1.0
217014,R@100,1.0
217018,nDCG@10,1.0
217018,R@100,1.0
217023,nDCG@10,1.0
217023,R@100,1.0
217024,nDCG@10,1.0
217024,R@100,1.0
217025,nDCG@10,1.0
217025,R@100,1.0
217027,nDCG@10,1.0
217027,R@100,1.0
217091,nDCG@10,1.0
217091,R@100,1.0
217093,nDCG@10,1.0
217093,R@100,1.0
217094,nDCG@10,1.0
217094,R@100,1.0
217102,nDCG@10,1.0
217102,R@100,1.0
217107,nDCG@10,1.0
217107,R@100,1.0
217111,nDCG@10,1.0
217111,R@100,1.0
217115,nDCG@10,1.0
217115,R@100,1.0
21716,nDCG@10,1.0
21716,R@100,1.0
217166,nDCG@10,1.0
217166,R@100,1.0
217167,nDCG@10,1.0
217167,R@100,1.0
217168,nDCG@10,1.0
217168,R@100,1.0
217170,nDCG@10,1.0
217170,R@100,1.0
217172,nDCG@10,0.5
217172,R@100,1.0
217177,nDCG@10,1.0
217177,R@100,1.0
217179,nDCG@10,1.0
217179,R@100,1.0
217181,nDCG@10,1.0
217181,R@100,1.0
217182,nDCG@10,1.0
217182,R@100,1.0
21719,nDCG@10,1.0
21719,R@100,1.0
21720,nDCG@10,1.0
21720,R@100,1.0
21728,nDCG@10,0.0
21728,R@100,1.0
217379,nDCG@10,1.0
217379,R@100,1.0
217380,nDCG@10,1.0
217380,R@100,1.0
217381,nDCG@10,1.0
217381,R@100,1.0
217390,nDCG@10,1.0
217390,R@100,1.0
217391,nDCG@10,1.0
217391,R@100,1.0
21784,nDCG@10,0.0
21784,R@100,0.0
21785,nDCG@10,0.0
21785,R@100,0.0
218090,nDCG@10,0.31546487678572877
218090,R@100,1.0
218092,nDCG@10,0.0
218092,R@100,1.0
218094,nDCG@10,0.0
218094,R@100,0.5
218096,nDCG@10,0.31546487678572877
218096,R@100,1.0
218097,nDCG@10,0.3010299956639812
218097,R@100,1.0
218099,nDCG@10,0.0
218099,R@100,0.0
218101,nDCG@10,0.3065735963827292
218101,R@100,0.5
218102,nDCG@10,0.0
218102,R@100,0.5
218104,nDCG@10,0.0
218104,R@100,0.5
218105,nDCG@10,0.0
218105,R@100,1.0
218107,nDCG@10,0.0
218107,R@100,1.0
218109,nDCG@10,0.38685280723454163
218109,R@100,0.5
218110,nDCG@10,0.0
218110,R@100,1.0
218111,nDCG@10,0.3333333333333333
218111,R@100,1.0
218112,nDCG@10,0.21840743681816419
218112,R@100,0.5
218113,nDCG@10,0.0
218113,R@100,1.0
218114,nDCG@10,0.38685280723454163
218114,R@100,1.0
218115,nDCG@10,0.0
218115,R@100,1.0
21854,nDCG@10,0.6309297535714575
21854,R@100,1.0
21858,nDCG@10,0.3562071871080222
21858,R@100,1.0
219161,nDCG@10,1.0
219161,R@100,1.0
219164,nDCG@10,1.0
219164,R@100,1.0
219165,nDCG@10,1.0
219165,R@100,1.0
219171,nDCG@10,1.0
219171,R@100,1.0
219173,nDCG@10,0.38685280723454163
219173,R@100,1.0
219188,nDCG@10,1.0
219188,R@100,1.0
219189,nDCG@10,0.38685280723454163
219189,R@100,1.0
219190,nDCG@10,1.0
219190,R@100,1.0
219200,nDCG@10,1.0
219200,R@100,1.0
219202,nDCG@10,0.43067655807339306
219202,R@100,1.0
219205,nDCG@10,0.6309297535714575
219205,R@100,1.0
21933,nDCG@10,1.0
21933,R@100,1.0
21958,nDCG@10,1.0
21958,R@100,1.0
21959,nDCG@10,1.0
21959,R@100,1.0
219674,nDCG@10,0.31546487678572877
219674,R@100,1.0
219675,nDCG@10,0.0
219675,R@100,1.0
219676,nDCG@10,0.8772153153380493
219676,R@100,1.0
219684,nDCG@10,0.6309297535714575
219684,R@100,1.0
219686,nDCG@10,0.6309297535714575
219686,R@100,1.0
219688,nDCG@10,0.2890648263178879
219688,R@100,1.0
219691,nDCG@10,0.0
219691,R@100,1.0
219693,nDCG@10,0.5
219693,R@100,1.0
2197,nDCG@10,1.0
2197,R@100,1.0
219704,nDCG@10,0.3562071871080222
219704,R@100,1.0
219708,nDCG@10,0.38685280723454163
219708,R@100,0.5
21986,nDCG@10,0.6309297535714575
21986,R@100,1.0
21990,nDCG@10,0.6309297535714575
21990,R@100,1.0
220234,nDCG@10,1.0
220234,R@100,1.0
220235,nDCG@10,1.0
220235,R@100,1.0
220237,nDCG@10,1.0
220237,R@100,1.0
220238,nDCG@10,1.0
220238,R@100,1.0
220239,nDCG@10,0.0
220239,R@100,1.0
220243,nDCG@10,1.0
220243,R@100,1.0
220248,nDCG@10,1.0
220248,R@100,1.0
220251,nDCG@10,1.0
220251,R@100,1.0
220439,nDCG@10,0.3010299956639812
220439,R@100,1.0
220442,nDCG@10,0.0
220442,R@100,0.0
220446,nDCG@10,0.3010299956639812
220446,R@100,1.0
220447,nDCG@10,0.18457569677956817
220447,R@100,0.5
220449,nDCG@10,0.5802792108518124
220449,R@100,1.0
220452,nDCG@10,0.38685280723454163
220452,R@100,1.0
220461,nDCG@10,0.5
220461,R@100,1.0
220464,nDCG@10,0.0
220464,R@100,1.0
220466,nDCG@10,0.0
220466,R@100,1.0
220949,nDCG@10,1.0
220949,R@100,1.0
220952,nDCG@10,1.0
220952,R@100,1.0
220958,nDCG@10,1.0
220958,R@100,1.0
220963,nDCG@10,0.0
220963,R@100,0.0
220969,nDCG@10,0.31546487678572877
220969,R@100,1.0
220974,nDCG@10,1.0
220974,R@100,1.0
220975,nDCG@10,1.0
220975,R@100,1.0
220977,nDCG@10,1.0
220977,R@100,1.0
220980,nDCG@10,1.0
220980,R@100,1.0
220989,nDCG@10,1.0
220989,R@100,1.0
22103,nDCG@10,1.0
22103,R@100,1.0
221120,nDCG@10,0.2890648263178879
221120,R@100,1.0
221121,nDCG@10,0.0
221121,R@100,1.0
221124,nDCG@10,1.0
221124,R@100,1.0
221126,nDCG@10,0.2890648263178879
221126,R@100,1.0
221127,nDCG@10,0.0
221127,R@100,1.0
221129,nDCG@10,0.0
221129,R@100,1.0
221131,nDCG@10,0.43067655807339306
221131,R@100,1.0
221132,nDCG@10,0.3333333333333333
221132,R@100,1.0
221135,nDCG@10,0.6309297535714575
221135,R@100,1.0
221137,nDCG@10,0.0
221137,R@100,1.0
221146,nDCG@10,0.43067655807339306
221146,R@100,1.0
221148,nDCG@10,0.0
221148,R@100,1.0
221152,nDCG@10,0.0
221152,R@100,1.0
22116,nDCG@10,0.8772153153380493
22116,R@100,1.0
221237,nDCG@10,1.0
221237,R@100,1.0
221240,nDCG@10,0.21840743681816419
221240,R@100,1.0
221241,nDCG@10,0.0
221241,R@100,1.0
221244,nDCG@10,0.0
221244,R@100,1.0
221245,nDCG@10,0.6309297535714575
221245,R@100,1.0
221249,nDCG@10,1.0
221249,R@100,1.0
221250,nDCG@10,0.0
221250,R@100,1.0
221251,nDCG@10,1.0
221251,R@100,1.0
221252,nDCG@10,0.0
221252,R@100,1.0
221256,nDCG@10,0.0
221256,R@100,1.0
221257,nDCG@10,1.0
221257,R@100,1.0
22201,nDCG@10,0.6131471927654584
22201,R@100,0.5
222161,nDCG@10,1.0
222161,R@100,1.0
222162,nDCG@10,0.6309297535714575
222162,R@100,1.0
222169,nDCG@10,0.3562071871080222
222169,R@100,1.0
222170,nDCG@10,1.0
222170,R@100,1.0
222171,nDCG@10,0.6309297535714575
222171,R@100,1.0
222172,nDCG@10,0.6309297535714575
222172,R@100,1.0
222173,nDCG@10,1.0
222173,R@100,1.0
222174,nDCG@10,0.6309297535714575
222174,R@100,1.0
2223,nDCG@10,0.38685280723454163
2223,R@100,1.0
222643,nDCG@10,1.0
222643,R@100,1.0
222645,nDCG@10,1.0
222645,R@100,1.0
222647,nDCG@10,1.0
222647,R@100,1.0
222650,nDCG@10,0.6309297535714575
222650,R@100,1.0
222651,nDCG@10,1.0
222651,R@100,1.0
222652,nDCG@10,0.0
222652,R@100,1.0
222654,nDCG@10,0.0
222654,R@100,0.0
22266,nDCG@10,1.0
22266,R@100,1.0
222660,nDCG@10,0.0
222660,R@100,0.0
222661,nDCG@10,0.5
222661,R@100,1.0
222662,nDCG@10,1.0
222662,R@100,1.0
222715,nDCG@10,1.0
222715,R@100,1.0
222717,nDCG@10,1.0
222717,R@100,1.0
222719,nDCG@10,0.6309297535714575
222719,R@100,1.0
222721,nDCG@10,1.0
222721,R@100,1.0
222724,nDCG@10,1.0
222724,R@100,1.0
222725,nDCG@10,1.0
222725,R@100,1.0
222728,nDCG@10,1.0
222728,R@100,1.0
222730,nDCG@10,0.6309297535714575
222730,R@100,1.0
222732,nDCG@10,1.0
222732,R@100,1.0
222735,nDCG@10,0.38685280723454163
222735,R@100,0.5
222737,nDCG@10,1.0
222737,R@100,1.0
222738,nDCG@10,1.0
222738,R@100,1.0
222741,nDCG@10,0.6309297535714575
222741,R@100,1.0
222745,nDCG@10,0.6309297535714575
222745,R@100,1.0
222746,nDCG@10,0.43067655807339306
222746,R@100,1.0
222748,nDCG@10,1.0
222748,R@100,1.0
222754,nDCG@10,0.43067655807339306
222754,R@100,1.0
222755,nDCG@10,0.5
222755,R@100,1.0
222757,nDCG@10,0.38685280723454163
222757,R@100,1.0
222759,nDCG@10,1.0
222759,R@100,1.0
222760,nDCG@10,1.0
222760,R@100,1.0
222761,nDCG@10,0.3333333333333333
222761,R@100,1.0
222763,nDCG@10,0.43067655807339306
222763,R@100,1.0
222764,nDCG@10,0.3562071871080222
222764,R@100,1.0
222765,nDCG@10,0.5
222765,R@100,1.0
222767,nDCG@10,0.5
222767,R@100,1.0
222768,nDCG@10,0.6934264036172708
222768,R@100,1.0
222770,nDCG@10,0.6309297535714575
222770,R@100,1.0
222772,nDCG@10,0.6309297535714575
222772,R@100,1.0
222775,nDCG@10,0.31546487678572877
222775,R@100,1.0
222875,nDCG@10,1.0
222875,R@100,1.0
222881,nDCG@10,1.0
222881,R@100,1.0
222887,nDCG@10,0.5
222887,R@100,1.0
222888,nDCG@10,0.38685280723454163
222888,R@100,0.5
222895,nDCG@10,0.6131471927654584
222895,R@100,0.5
222896,nDCG@10,1.0
222896,R@100,1.0
222899,nDCG@10,0.6309297535714575
222899,R@100,1.0
223201,nDCG@10,0.6309297535714575
223201,R@100,1.0
223202,nDCG@10,0.38685280723454163
223202,R@100,1.0
223203,nDCG@10,1.0
223203,R@100,1.0
223204,nDCG@10,1.0
223204,R@100,1.0
223205,nDCG@10,0.6309297535714575
223205,R@100,1.0
223208,nDCG@10,0.5
223208,R@100,1.0
223210,nDCG@10,0.6309297535714575
223210,R@100,1.0
223212,nDCG@10,0.5
223212,R@100,1.0
223214,nDCG@10,0.6309297535714575
223214,R@100,1.0
223219,nDCG@10,0.5
223219,R@100,1.0
223220,nDCG@10,0.5
223220,R@100,1.0
223271,nDCG@10,1.0
223271,R@100,1.0
223272,nDCG@10,1.0
223272,R@100,1.0
223273,nDCG@10,1.0
223273,R@100,1.0
223274,nDCG@10,0.6309297535714575
223274,R@100,1.0
223278,nDCG@10,1.0
223278,R@100,1.0
223279,nDCG@10,1.0
223279,R@100,1.0
223288,nDCG@10,1.0
223288,R@100,1.0
223291,nDCG@10,0.6309297535714575
223291,R@100,1.0
223294,nDCG@10,0.6131471927654584
223294,R@100,1.0
223295,nDCG@10,1.0
223295,R@100,1.0
223487,nDCG@10,1.0
223487,R@100,1.0
223488,nDCG@10,1.0
223488,R@100,1.0
223489,nDCG@10,1.0
223489,R@100,1.0
223491,nDCG@10,1.0
223491,R@100,1.0
223493,nDCG@10,0.0
223493,R@100,1.0
223495,nDCG@10,0.3562071871080222
223495,R@100,1.0
223499,nDCG@10,1.0
223499,R@100,1.0
22355,nDCG@10,0.0
22355,R@100,0.5
223678,nDCG@10,1.0
223678,R@100,1.0
223682,nDCG@10,1.0
223682,R@100,1.0
223692,nDCG@10,1.0
223692,R@100,1.0
223693,nDCG@10,1.0
223693,R@100,1.0
22370,nDCG@10,0.6309297535714575
22370,R@100,1.0
223707,nDCG@10,1.0
223707,R@100,1.0
22371,nDCG@10,0.6309297535714575
22371,R@100,1.0
22409,nDCG@10,1.0
22409,R@100,1.0
224114,nDCG@10,1.0
224114,R@100,1.0
224115,nDCG@10,1.0
224115,R@100,1.0
224122,nDCG@10,0.6309297535714575
224122,R@100,1.0
224125,nDCG@10,0.5
224125,R@100,1.0
224127,nDCG@10,1.0
224127,R@100,1.0
224131,nDCG@10,1.0
224131,R@100,1.0
224133,nDCG@10,0.5
224133,R@100,1.0
224134,nDCG@10,0.5
224134,R@100,1.0
224136,nDCG@10,0.6309297535714575
224136,R@100,1.0
224137,nDCG@10,0.43067655807339306
224137,R@100,1.0
224139,nDCG@10,0.3065735963827292
224139,R@100,0.5
224140,nDCG@10,0.5
224140,R@100,1.0
224141,nDCG@10,1.0
224141,R@100,1.0
224145,nDCG@10,0.5
224145,R@100,1.0
224184,nDCG@10,0.9325210919548239
224184,R@100,1.0
224186,nDCG@10,0.6131471927654584
224186,R@100,1.0
224187,nDCG@10,0.9197207891481876
224187,R@100,1.0
22419,nDCG@10,0.43067655807339306
22419,R@100,1.0
224191,nDCG@10,1.0
224191,R@100,1.0
224192,nDCG@10,0.6240505200038379
224192,R@100,1.0
224193,nDCG@10,1.0
224193,R@100,1.0
224195,nDCG@10,1.0
224195,R@100,1.0
224197,nDCG@10,1.0
224197,R@100,1.0
224200,nDCG@10,0.6309297535714575
224200,R@100,1.0
224201,nDCG@10,1.0
224201,R@100,1.0
224202,nDCG@10,0.6309297535714575
224202,R@100,1.0
22441,nDCG@10,1.0
22441,R@100,1.0
224552,nDCG@10,1.0
224552,R@100,1.0
224553,nDCG@10,1.0
224553,R@100,1.0
224557,nDCG@10,1.0
224557,R@100,1.0
224558,nDCG@10,1.0
224558,R@100,1.0
224562,nDCG@10,1.0
224562,R@100,1.0
224566,nDCG@10,0.6309297535714575
224566,R@100,1.0
224567,nDCG@10,1.0
224567,R@100,1.0
224568,nDCG@10,0.6309297535714575
224568,R@100,1.0
224569,nDCG@10,0.0
224569,R@100,1.0
224572,nDCG@10,0.3562071871080222
224572,R@100,1.0
224573,nDCG@10,1.0
224573,R@100,1.0
22495,nDCG@10,0.38685280723454163
22495,R@100,1.0
225255,nDCG@10,0.5
225255,R@100,1.0
225258,nDCG@10,0.5
225258,R@100,1.0
225262,nDCG@10,0.6309297535714575
225262,R@100,1.0
225265,nDCG@10,0.43067655807339306
225265,R@100,1.0
225266,nDCG@10,0.43067655807339306
225266,R@100,1.0
225267,nDCG@10,0.5
225267,R@100,1.0
225269,nDCG@10,0.2640681225725909
225269,R@100,0.5
225273,nDCG@10,1.0
225273,R@100,1.0
225277,nDCG@10,0.38685280723454163
225277,R@100,1.0
225278,nDCG@10,0.2640681225725909
225278,R@100,0.5
225281,nDCG@10,0.43067655807339306
225281,R@100,1.0
225722,nDCG@10,0.31546487678572877
225722,R@100,1.0
225723,nDCG@10,0.0
225723,R@100,1.0
225726,nDCG@10,1.0
225726,R@100,1.0
225739,nDCG@10,1.0
225739,R@100,1.0
225744,nDCG@10,0.31546487678572877
225744,R@100,1.0
225747,nDCG@10,1.0
225747,R@100,1.0
225748,nDCG@10,1.0
225748,R@100,1.0
225749,nDCG@10,1.0
225749,R@100,1.0
225790,nDCG@10,1.0
225790,R@100,1.0
225791,nDCG@10,1.0
225791,R@100,1.0
225792,nDCG@10,0.8175295903539445
225792,R@100,1.0
225794,nDCG@10,0.0
225794,R@100,0.0
225797,nDCG@10,0.6309297535714575
225797,R@100,1.0
225800,nDCG@10,1.0
225800,R@100,1.0
225802,nDCG@10,0.43067655807339306
225802,R@100,1.0
225803,nDCG@10,0.38685280723454163
225803,R@100,1.0
225804,nDCG@10,0.0
225804,R@100,0.0
225810,nDCG@10,0.0
225810,R@100,1.0
225811,nDCG@10,0.0
225811,R@100,0.0
225814,nDCG@10,0.0
225814,R@100,1.0
225817,nDCG@10,0.0
225817,R@100,1.0
225819,nDCG@10,0.0
225819,R@100,1.0
225820,nDCG@10,0.6309297535714575
225820,R@100,1.0
225823,nDCG@10,0.0
225823,R@100,0.0
225826,nDCG@10,0.43067655807339306
225826,R@100,1.0
225863,nDCG@10,1.0
225863,R@100,1.0
225865,nDCG@10,0.0
225865,R@100,1.0
225868,nDCG@10,0.0
225868,R@100,1.0
225871,nDCG@10,0.0
225871,R@100,0.0
225872,nDCG@10,0.0
225872,R@100,1.0
225873,nDCG@10,0.0
225873,R@100,1.0
225874,nDCG@10,0.0
225874,R@100,1.0
22609,nDCG@10,1.0
22609,R@100,1.0
22615,nDCG@10,1.0
22615,R@100,1.0
22619,nDCG@10,0.6309297535714575
22619,R@100,1.0
22620,nDCG@10,0.6309297535714575
22620,R@100,1.0
22623,nDCG@10,1.0
22623,R@100,1.0
22638,nDCG@10,0.6309297535714575
22638,R@100,1.0
22639,nDCG@10,0.0
22639,R@100,0.0
226440,nDCG@10,1.0
226440,R@100,1.0
226441,nDCG@10,1.0
226441,R@100,1.0
226444,nDCG@10,1.0
226444,R@100,1.0
226445,nDCG@10,1.0
226445,R@100,1.0
226451,nDCG@10,1.0
226451,R@100,1.0
226454,nDCG@10,1.0
226454,R@100,1.0
226457,nDCG@10,1.0
226457,R@100,1.0
226458,nDCG@10,1.0
226458,R@100,1.0
226840,nDCG@10,0.38685280723454163
226840,R@100,1.0
226843,nDCG@10,1.0
226843,R@100,1.0
226845,nDCG@10,1.0
226845,R@100,1.0
226848,nDCG@10,1.0
226848,R@100,1.0
226849,nDCG@10,0.3562071871080222
226849,R@100,1.0
226850,nDCG@10,1.0
226850,R@100,1.0
226851,nDCG@10,0.5
226851,R@100,1.0
226853,nDCG@10,0.38685280723454163
226853,R@100,1.0
226855,nDCG@10,1.0
226855,R@100,1.0
226856,nDCG@10,0.43067655807339306
226856,R@100,1.0
226857,nDCG@10,0.6309297535714575
226857,R@100,1.0
227088,nDCG@10,1.0
227088,R@100,1.0
227090,nDCG@10,1.0
227090,R@100,1.0
227092,nDCG@10,1.0
227092,R@100,1.0
227093,nDCG@10,1.0
227093,R@100,1.0
227095,nDCG@10,1.0
227095,R@100,1.0
227096,nDCG@10,1.0
227096,R@100,1.0
227097,nDCG@10,1.0
227097,R@100,1.0
227098,nDCG@10,1.0
227098,R@100,1.0
227101,nDCG@10,1.0
227101,R@100,1.0
227103,nDCG@10,1.0
227103,R@100,1.0
227109,nDCG@10,0.3333333333333333
227109,R@100,1.0
227112,nDCG@10,1.0
227112,R@100,1.0
227116,nDCG@10,1.0
227116,R@100,1.0
22724,nDCG@10,0.3010299956639812
22724,R@100,1.0
22725,nDCG@10,1.0
22725,R@100,1.0
22726,nDCG@10,1.0
22726,R@100,1.0
22729,nDCG@10,1.0
22729,R@100,1.0
22744,nDCG@10,0.6309297535714575
22744,R@100,1.0
227771,nDCG@10,1.0
227771,R@100,1.0
227773,nDCG@10,1.0
227773,R@100,1.0
227775,nDCG@10,0.0
227775,R@100,0.0
227779,nDCG@10,0.5
227779,R@100,1.0
227788,nDCG@10,0.0
227788,R@100,0.0
227789,nDCG@10,0.0
227789,R@100,0.0
227791,nDCG@10,0.5
227791,R@100,1.0
22782,nDCG@10,1.0
22782,R@100,1.0
22804,nDCG@10,1.0
22804,R@100,1.0
22805,nDCG@10,1.0
22805,R@100,1.0
228061,nDCG@10,1.0
228061,R@100,1.0
228062,nDCG@10,1.0
228062,R@100,1.0
228063,nDCG@10,1.0
228063,R@100,1.0
228066,nDCG@10,1.0
228066,R@100,1.0
228070,nDCG@10,1.0
228070,R@100,1.0
228071,nDCG@10,1.0
228071,R@100,1.0
228073,nDCG@10,1.0
228073,R@100,1.0
228074,nDCG@10,1.0
228074,R@100,1.0
228080,nDCG@10,1.0
228080,R@100,1.0
228086,nDCG@10,1.0
228086,R@100,1.0
228088,nDCG@10,1.0
228088,R@100,1.0
228568,nDCG@10,1.0
228568,R@100,1.0
228571,nDCG@10,0.0
228571,R@100,1.0
228572,nDCG@10,0.0
228572,R@100,1.0
228576,nDCG@10,0.38685280723454163
228576,R@100,0.5
228586,nDCG@10,0.0
228586,R@100,1.0
22861,nDCG@10,0.31546487678572877
22861,R@100,1.0
228689,nDCG@10,0.0
228689,R@100,1.0
228690,nDCG@10,0.0
228690,R@100,1.0
228693,nDCG@10,0.3010299956639812
228693,R@100,1.0
228694,nDCG@10,0.0
228694,R@100,1.0
2295,nDCG@10,1.0
2295,R@100,1.0
23012,nDCG@10,0.5
23012,R@100,1.0
23080,nDCG@10,1.0
23080,R@100,1.0
23137,nDCG@10,1.0
23137,R@100,1.0
23153,nDCG@10,0.0
23153,R@100,0.0
23172,nDCG@10,0.0
23172,R@100,0.2857142857142857
23173,nDCG@10,0.0
23173,R@100,1.0
23210,nDCG@10,0.0
23210,R@100,0.5
23211,nDCG@10,1.0
23211,R@100,1.0
23212,nDCG@10,1.0
23212,R@100,1.0
23230,nDCG@10,1.0
23230,R@100,1.0
23251,nDCG@10,0.5
23251,R@100,1.0
23261,nDCG@10,0.0
23261,R@100,1.0
23330,nDCG@10,0.0
23330,R@100,0.5
23446,nDCG@10,1.0
23446,R@100,1.0
23459,nDCG@10,1.0
23459,R@100,1.0
23496,nDCG@10,1.0
23496,R@100,1.0
23497,nDCG@10,1.0
23497,R@100,1.0
23516,nDCG@10,0.0
23516,R@100,1.0
23540,nDCG@10,0.43067655807339306
23540,R@100,1.0
23570,nDCG@10,0.5
23570,R@100,1.0
2358,nDCG@10,1.0
2358,R@100,1.0
23588,nDCG@10,1.0
23588,R@100,1.0
2359,nDCG@10,0.0
2359,R@100,0.0
23590,nDCG@10,0.0
23590,R@100,1.0
23607,nDCG@10,1.0
23607,R@100,1.0
23679,nDCG@10,1.0
23679,R@100,1.0
23729,nDCG@10,1.0
23729,R@100,1.0
2374,nDCG@10,1.0
2374,R@100,1.0
23753,nDCG@10,1.0
23753,R@100,1.0
23766,nDCG@10,0.0
23766,R@100,1.0
23794,nDCG@10,0.31546487678572877
23794,R@100,1.0
23797,nDCG@10,0.6309297535714575
23797,R@100,1.0
23804,nDCG@10,1.0
23804,R@100,1.0
23861,nDCG@10,1.0
23861,R@100,1.0
2389,nDCG@10,0.0
2389,R@100,0.0
23925,nDCG@10,0.16812753627111746
23925,R@100,0.25
23934,nDCG@10,0.16716045496620227
23934,R@100,0.6666666666666666
23939,nDCG@10,1.0
23939,R@100,1.0
23943,nDCG@10,0.6309297535714575
23943,R@100,1.0
23949,nDCG@10,0.3010299956639812
23949,R@100,1.0
24021,nDCG@10,0.6934264036172708
24021,R@100,1.0
24025,nDCG@10,1.0
24025,R@100,1.0
24074,nDCG@10,0.6131471927654584
24074,R@100,0.5
24094,nDCG@10,1.0
24094,R@100,1.0
24095,nDCG@10,0.9469024295259745
24095,R@100,1.0
24099,nDCG@10,0.21840743681816419
24099,R@100,0.5
24110,nDCG@10,0.3333333333333333
24110,R@100,1.0
24117,nDCG@10,1.0
24117,R@100,1.0
24118,nDCG@10,1.0
24118,R@100,1.0
24204,nDCG@10,0.0
24204,R@100,1.0
24205,nDCG@10,0.0
24205,R@100,0.0
24217,nDCG@10,1.0
24217,R@100,1.0
24273,nDCG@10,1.0
24273,R@100,1.0
24311,nDCG@10,0.5
24311,R@100,1.0
24312,nDCG@10,0.5
24312,R@100,1.0
24345,nDCG@10,0.6131471927654584
24345,R@100,1.0
24372,nDCG@10,0.23463936301137822
24372,R@100,0.3333333333333333
24454,nDCG@10,1.0
24454,R@100,1.0
24479,nDCG@10,0.3562071871080222
24479,R@100,1.0
24495,nDCG@10,1.0
24495,R@100,1.0
24543,nDCG@10,1.0
24543,R@100,1.0
24595,nDCG@10,0.0
24595,R@100,1.0
24646,nDCG@10,1.0
24646,R@100,1.0
24675,nDCG@10,0.20210734650054757
24675,R@100,1.0
24741,nDCG@10,1.0
24741,R@100,1.0
24742,nDCG@10,0.6309297535714575
24742,R@100,1.0
24779,nDCG@10,1.0
24779,R@100,1.0
24782,nDCG@10,1.0
24782,R@100,1.0
24795,nDCG@10,1.0
24795,R@100,1.0
24885,nDCG@10,0.43067655807339306
24885,R@100,1.0
24910,nDCG@10,0.0
24910,R@100,1.0
24975,nDCG@10,0.38685280723454163
24975,R@100,1.0
24994,nDCG@10,0.6309297535714575
24994,R@100,1.0
25004,nDCG@10,0.6309297535714575
25004,R@100,1.0
25005,nDCG@10,1.0
25005,R@100,1.0
25008,nDCG@10,0.2640681225725909
25008,R@100,0.5
25025,nDCG@10,0.0
25025,R@100,1.0
25115,nDCG@10,0.5
25115,R@100,1.0
25131,nDCG@10,0.6309297535714575
25131,R@100,1.0
25147,nDCG@10,0.6131471927654584
25147,R@100,0.5
25199,nDCG@10,1.0
25199,R@100,1.0
25238,nDCG@10,0.6309297535714575
25238,R@100,1.0
25289,nDCG@10,0.5
25289,R@100,1.0
25290,nDCG@10,0.5
25290,R@100,1.0
2530,nDCG@10,1.0
2530,R@100,1.0
2531,nDCG@10,1.0
2531,R@100,1.0
25358,nDCG@10,0.3065735963827292
25358,R@100,0.5
25359,nDCG@10,0.5
25359,R@100,1.0
25368,nDCG@10,0.0
25368,R@100,1.0
25395,nDCG@10,0.31546487678572877
25395,R@100,1.0
25396,nDCG@10,0.0
25396,R@100,0.0
25409,nDCG@10,0.6309297535714575
25409,R@100,1.0
25410,nDCG@10,0.0
25410,R@100,1.0
25470,nDCG@10,1.0
25470,R@100,1.0
25490,nDCG@10,0.6309297535714575
25490,R@100,1.0
25504,nDCG@10,0.0
25504,R@100,0.0
25505,nDCG@10,0.0
25505,R@100,0.0
25520,nDCG@10,1.0
25520,R@100,1.0
25521,nDCG@10,0.6131471927654584
25521,R@100,1.0
25533,nDCG@10,0.0
25533,R@100,1.0
25564,nDCG@10,1.0
25564,R@100,1.0
25642,nDCG@10,1.0
25642,R@100,1.0
25717,nDCG@10,0.0
25717,R@100,1.0
25722,nDCG@10,1.0
25722,R@100,1.0
25739,nDCG@10,1.0
25739,R@100,1.0
25740,nDCG@10,1.0
25740,R@100,1.0
25748,nDCG@10,1.0
25748,R@100,1.0
2575,nDCG@10,1.0
2575,R@100,1.0
25799,nDCG@10,0.38685280723454163
25799,R@100,1.0
25828,nDCG@10,1.0
25828,R@100,1.0
25829,nDCG@10,1.0
25829,R@100,1.0
25837,nDCG@10,0.0
25837,R@100,1.0
25842,nDCG@10,1.0
25842,R@100,1.0
25906,nDCG@10,0.6309297535714575
25906,R@100,1.0
25921,nDCG@10,0.0
25921,R@100,1.0
25933,nDCG@10,0.0
25933,R@100,0.0
25995,nDCG@10,0.7977228895450266
25995,R@100,1.0
26180,nDCG@10,1.0
26180,R@100,1.0
26217,nDCG@10,0.43067655807339306
26217,R@100,1.0
26251,nDCG@10,1.0
26251,R@100,1.0
26271,nDCG@10,0.0
26271,R@100,1.0
26281,nDCG@10,1.0
26281,R@100,1.0
26294,nDCG@10,0.5
26294,R@100,1.0
26322,nDCG@10,1.0
26322,R@100,1.0
26340,nDCG@10,0.6309297535714575
26340,R@100,1.0
26341,nDCG@10,0.5
26341,R@100,1.0
26381,nDCG@10,1.0
26381,R@100,1.0
26382,nDCG@10,1.0
26382,R@100,1.0
26389,nDCG@10,0.0
26389,R@100,1.0
26404,nDCG@10,1.0
26404,R@100,1.0
26450,nDCG@10,0.43067655807339306
26450,R@100,1.0
26525,nDCG@10,1.0
26525,R@100,1.0
26548,nDCG@10,1.0
26548,R@100,1.0
26549,nDCG@10,1.0
26549,R@100,1.0
26550,nDCG@10,1.0
26550,R@100,1.0
26556,nDCG@10,1.0
26556,R@100,1.0
26611,nDCG@10,0.38685280723454163
26611,R@100,0.5
26623,nDCG@10,1.0
26623,R@100,1.0
26624,nDCG@10,1.0
26624,R@100,1.0
26687,nDCG@10,1.0
26687,R@100,1.0
26717,nDCG@10,0.0
26717,R@100,1.0
26792,nDCG@10,0.38685280723454163
26792,R@100,1.0
26793,nDCG@10,0.23719771276929622
26793,R@100,0.5
26819,nDCG@10,0.5
26819,R@100,1.0
26820,nDCG@10,1.0
26820,R@100,1.0
26836,nDCG@10,1.0
26836,R@100,1.0
26842,nDCG@10,1.0
26842,R@100,1.0
26852,nDCG@10,1.0
26852,R@100,1.0
26878,nDCG@10,1.0
26878,R@100,1.0
26886,nDCG@10,0.43067655807339306
26886,R@100,1.0
26887,nDCG@10,0.43067655807339306
26887,R@100,1.0
26919,nDCG@10,1.0
26919,R@100,1.0
26947,nDCG@10,1.0
26947,R@100,1.0
26948,nDCG@10,1.0
26948,R@100,1.0
26964,nDCG@10,1.0
26964,R@100,1.0
27073,nDCG@10,1.0
27073,R@100,1.0
27120,nDCG@10,0.5
27120,R@100,1.0
27148,nDCG@10,1.0
27148,R@100,1.0
27269,nDCG@10,1.0
27269,R@100,1.0
27294,nDCG@10,1.0
27294,R@100,1.0
27357,nDCG@10,1.0
27357,R@100,1.0
27386,nDCG@10,1.0
27386,R@100,1.0
27403,nDCG@10,0.5
27403,R@100,1.0
27416,nDCG@10,1.0
27416,R@100,1.0
27417,nDCG@10,1.0
27417,R@100,1.0
27439,nDCG@10,0.43067655807339306
27439,R@100,1.0
27461,nDCG@10,0.0
27461,R@100,1.0
27561,nDCG@10,0.6131471927654584
27561,R@100,0.5
27583,nDCG@10,1.0
27583,R@100,1.0
27595,nDCG@10,1.0
27595,R@100,1.0
27657,nDCG@10,0.5
27657,R@100,1.0
27701,nDCG@10,0.0
27701,R@100,1.0
27702,nDCG@10,0.0
27702,R@100,1.0
27715,nDCG@10,0.0
27715,R@100,0.0
27775,nDCG@10,0.38685280723454163
27775,R@100,1.0
27778,nDCG@10,1.0
27778,R@100,1.0
27806,nDCG@10,0.6131471927654584
27806,R@100,0.5
27807,nDCG@10,1.0
27807,R@100,1.0
27809,nDCG@10,0.6309297535714575
27809,R@100,1.0
2797,nDCG@10,1.0
2797,R@100,1.0
27973,nDCG@10,0.5
27973,R@100,1.0
2798,nDCG@10,0.0
2798,R@100,1.0
27980,nDCG@10,0.6309297535714575
27980,R@100,1.0
28048,nDCG@10,0.6052602440527057
28048,R@100,1.0
28063,nDCG@10,0.5
28063,R@100,1.0
28092,nDCG@10,0.0
28092,R@100,0.0
28179,nDCG@10,0.3562071871080222
28179,R@100,1.0
28201,nDCG@10,0.6131471927654584
28201,R@100,0.5
28246,nDCG@10,1.0
28246,R@100,1.0
28270,nDCG@10,1.0
28270,R@100,1.0
28278,nDCG@10,0.0
28278,R@100,1.0
28329,nDCG@10,1.0
28329,R@100,1.0
28337,nDCG@10,0.0
28337,R@100,0.0
28338,nDCG@10,0.6131471927654584
28338,R@100,0.5
28369,nDCG@10,1.0
28369,R@100,1.0
28447,nDCG@10,1.0
28447,R@100,1.0
28495,nDCG@10,0.6309297535714575
28495,R@100,1.0
28496,nDCG@10,0.6309297535714575
28496,R@100,1.0
28525,nDCG@10,1.0
28525,R@100,1.0
28544,nDCG@10,0.6309297535714575
28544,R@100,1.0
28545,nDCG@10,0.5
28545,R@100,1.0
28560,nDCG@10,1.0
28560,R@100,1.0
28593,nDCG@10,1.0
28593,R@100,1.0
28706,nDCG@10,1.0
28706,R@100,1.0
28754,nDCG@10,1.0
28754,R@100,1.0
28788,nDCG@10,1.0
28788,R@100,1.0
28832,nDCG@10,1.0
28832,R@100,1.0
28833,nDCG@10,1.0
28833,R@100,1.0
28867,nDCG@10,0.0
28867,R@100,0.0
28892,nDCG@10,0.3333333333333333
28892,R@100,1.0
28914,nDCG@10,0.0
28914,R@100,1.0
28918,nDCG@10,0.3010299956639812
28918,R@100,1.0
28930,nDCG@10,1.0
28930,R@100,1.0
2904,nDCG@10,0.6309297535714575
2904,R@100,1.0
29064,nDCG@10,0.43067655807339306
29064,R@100,1.0
29089,nDCG@10,0.6309297535714575
29089,R@100,1.0
29104,nDCG@10,1.0
29104,R@100,1.0
29112,nDCG@10,0.5
29112,R@100,1.0
29113,nDCG@10,0.5
29113,R@100,1.0
29142,nDCG@10,0.6131471927654584
29142,R@100,1.0
29143,nDCG@10,0.0
29143,R@100,0.0
29205,nDCG@10,1.0
29205,R@100,1.0
29228,nDCG@10,1.0
29228,R@100,1.0
29229,nDCG@10,1.0
29229,R@100,1.0
29256,nDCG@10,1.0
29256,R@100,1.0
29257,nDCG@10,1.0
29257,R@100,1.0
29289,nDCG@10,0.18154179253735267
29289,R@100,0.3333333333333333
29290,nDCG@10,0.0
29290,R@100,1.0
29306,nDCG@10,0.0
29306,R@100,0.0
29324,nDCG@10,1.0
29324,R@100,1.0
29361,nDCG@10,1.0
29361,R@100,1.0
29364,nDCG@10,0.43067655807339306
29364,R@100,1.0
29365,nDCG@10,0.19342640361727081
29365,R@100,0.5
2937,nDCG@10,0.8772153153380493
2937,R@100,1.0
2938,nDCG@10,1.0
2938,R@100,1.0
29530,nDCG@10,0.5
29530,R@100,1.0
29534,nDCG@10,0.0
29534,R@100,0.375
29543,nDCG@10,0.6131471927654584
29543,R@100,1.0
29544,nDCG@10,1.0
29544,R@100,1.0
29550,nDCG@10,1.0
29550,R@100,1.0
29551,nDCG@10,0.46927872602275644
29551,R@100,1.0
29556,nDCG@10,0.3065735963827292
29556,R@100,0.5
29581,nDCG@10,1.0
29581,R@100,1.0
29594,nDCG@10,1.0
29594,R@100,1.0
2961,nDCG@10,1.0
2961,R@100,1.0
29675,nDCG@10,0.0
29675,R@100,0.0
29704,nDCG@10,0.6309297535714575
29704,R@100,1.0
29705,nDCG@10,0.38685280723454163
29705,R@100,1.0
29720,nDCG@10,1.0
29720,R@100,1.0
29750,nDCG@10,0.5012658353418871
29750,R@100,1.0
29786,nDCG@10,0.123151194370365
29786,R@100,0.75
2983,nDCG@10,1.0
2983,R@100,1.0
2984,nDCG@10,1.0
2984,R@100,1.0
29848,nDCG@10,1.0
29848,R@100,1.0
29849,nDCG@10,0.6131471927654584
29849,R@100,0.5
29863,nDCG@10,1.0
29863,R@100,1.0
30014,nDCG@10,0.3562071871080222
30014,R@100,1.0
30062,nDCG@10,0.6131471927654584
30062,R@100,0.5
3008,nDCG@10,0.6052602440527057
3008,R@100,1.0
30122,nDCG@10,0.0
30122,R@100,0.25
3013,nDCG@10,1.0
3013,R@100,1.0
30133,nDCG@10,1.0
30133,R@100,1.0
30134,nDCG@10,0.5
30134,R@100,1.0
30178,nDCG@10,1.0
30178,R@100,1.0
30233,nDCG@10,0.5
30233,R@100,1.0
30234,nDCG@10,1.0
30234,R@100,1.0
30309,nDCG@10,0.3010299956639812
30309,R@100,1.0
304,nDCG@10,0.5
304,R@100,1.0
305,nDCG@10,1.0
305,R@100,1.0
30609,nDCG@10,1.0
30609,R@100,1.0
3063,nDCG@10,1.0
3063,R@100,1.0
30638,nDCG@10,0.0
30638,R@100,1.0
30640,nDCG@10,0.6309297535714575
30640,R@100,1.0
30645,nDCG@10,0.3065735963827292
30645,R@100,1.0
30715,nDCG@10,0.3333333333333333
30715,R@100,1.0
30790,nDCG@10,0.0
30790,R@100,0.6666666666666666
30807,nDCG@10,0.5
30807,R@100,1.0
3086,nDCG@10,0.6309297535714575
3086,R@100,1.0
3087,nDCG@10,0.6309297535714575
3087,R@100,1.0
30961,nDCG@10,1.0
30961,R@100,1.0
30962,nDCG@10,1.0
30962,R@100,1.0
30965,nDCG@10,0.38685280723454163
30965,R@100,1.0
30968,nDCG@10,1.0
30968,R@100,1.0
30984,nDCG@10,0.6309297535714575
30984,R@100,1.0
31020,nDCG@10,1.0
31020,R@100,1.0
31105,nDCG@10,1.0
31105,R@100,1.0
31114,nDCG@10,0.0
31114,R@100,0.0
31131,nDCG@10,0.3562071871080222
31131,R@100,1.0
31138,nDCG@10,1.0
31138,R@100,1.0
31163,nDCG@10,0.5
31163,R@100,1.0
31192,nDCG@10,0.5
31192,R@100,1.0
31232,nDCG@10,0.6131471927654584
31232,R@100,1.0
31367,nDCG@10,0.43067655807339306
31367,R@100,1.0
31422,nDCG@10,0.24630238874073
31422,R@100,0.5
31447,nDCG@10,1.0
31447,R@100,1.0
31470,nDCG@10,1.0
31470,R@100,1.0
315,nDCG@10,0.0
315,R@100,1.0
31581,nDCG@10,1.0
31581,R@100,1.0
3159,nDCG@10,1.0
3159,R@100,1.0
316,nDCG@10,0.0
316,R@100,0.0
3160,nDCG@10,1.0
3160,R@100,1.0
31675,nDCG@10,1.0
31675,R@100,1.0
31676,nDCG@10,1.0
31676,R@100,1.0
31684,nDCG@10,0.0
31684,R@100,1.0
31723,nDCG@10,0.6309297535714575
31723,R@100,1.0
31728,nDCG@10,0.2890648263178879
31728,R@100,1.0
31743,nDCG@10,1.0
31743,R@100,1.0
31774,nDCG@10,0.0
31774,R@100,0.0
31775,nDCG@10,0.0
31775,R@100,0.0
31813,nDCG@10,1.0
31813,R@100,1.0
31852,nDCG@10,0.6309297535714575
31852,R@100,1.0
31857,nDCG@10,0.38685280723454163
31857,R@100,1.0
31868,nDCG@10,0.6309297535714575
31868,R@100,1.0
31903,nDCG@10,0.3010299956639812
31903,R@100,1.0
31904,nDCG@10,0.2890648263178879
31904,R@100,1.0
31958,nDCG@10,0.5
31958,R@100,1.0
31960,nDCG@10,0.0
31960,R@100,1.0
31997,nDCG@10,0.0
31997,R@100,1.0
3201,nDCG@10,1.0
3201,R@100,1.0
3202,nDCG@10,1.0
3202,R@100,1.0
32079,nDCG@10,0.0
32079,R@100,1.0
32080,nDCG@10,0.0
32080,R@100,1.0
32091,nDCG@10,0.43067655807339306
32091,R@100,1.0
32092,nDCG@10,0.0
32092,R@100,1.0
3210,nDCG@10,1.0
3210,R@100,1.0
32145,nDCG@10,0.5
32145,R@100,1.0
32146,nDCG@10,0.5
32146,R@100,1.0
3215,nDCG@10,1.0
3215,R@100,1.0
32153,nDCG@10,1.0
32153,R@100,1.0
32233,nDCG@10,1.0
32233,R@100,1.0
32338,nDCG@10,0.3562071871080222
32338,R@100,1.0
32429,nDCG@10,0.0
32429,R@100,1.0
32487,nDCG@10,1.0
32487,R@100,1.0
32490,nDCG@10,0.3065735963827292
32490,R@100,1.0
32520,nDCG@10,0.370291336443826
32520,R@100,1.0
32534,nDCG@10,0.0
32534,R@100,0.0
32535,nDCG@10,0.0
32535,R@100,0.0
32595,nDCG@10,0.3562071871080222
32595,R@100,1.0
32596,nDCG@10,0.5
32596,R@100,1.0
32609,nDCG@10,0.6309297535714575
32609,R@100,1.0
3264,nDCG@10,0.6309297535714575
3264,R@100,1.0
32652,nDCG@10,1.0
32652,R@100,1.0
327,nDCG@10,1.0
327,R@100,1.0
32711,nDCG@10,1.0
32711,R@100,1.0
32712,nDCG@10,0.8065735963827293
32712,R@100,1.0
32730,nDCG@10,0.7039180890341347
32730,R@100,1.0
32734,nDCG@10,1.0
32734,R@100,1.0
32781,nDCG@10,0.5
32781,R@100,1.0
32918,nDCG@10,1.0
32918,R@100,1.0
32939,nDCG@10,1.0
32939,R@100,1.0
32959,nDCG@10,0.6309297535714575
32959,R@100,1.0
32987,nDCG@10,1.0
32987,R@100,1.0
33009,nDCG@10,0.27487633291429087
33009,R@100,0.14285714285714285
33055,nDCG@10,0.6309297535714575
33055,R@100,1.0
33130,nDCG@10,1.0
33130,R@100,1.0
33166,nDCG@10,0.4034698846650846
33166,R@100,0.6666666666666666
33196,nDCG@10,1.0
33196,R@100,1.0
33197,nDCG@10,1.0
33197,R@100,1.0
33214,nDCG@10,1.0
33214,R@100,1.0
33222,nDCG@10,1.0
33222,R@100,1.0
33235,nDCG@10,1.0
33235,R@100,1.0
33275,nDCG@10,1.0
33275,R@100,1.0
33290,nDCG@10,1.0
33290,R@100,1.0
33313,nDCG@10,0.0
33313,R@100,1.0
33314,nDCG@10,0.0
33314,R@100,1.0
33334,nDCG@10,0.2890648263178879
33334,R@100,1.0
33339,nDCG@10,0.2890648263178879
33339,R@100,1.0
33377,nDCG@10,1.0
33377,R@100,1.0
33447,nDCG@10,0.0
33447,R@100,1.0
33465,nDCG@10,0.5
33465,R@100,1.0
3348,nDCG@10,1.0
3348,R@100,1.0
3349,nDCG@10,0.6309297535714575
3349,R@100,1.0
33491,nDCG@10,0.38685280723454163
33491,R@100,0.5
33498,nDCG@10,0.0
33498,R@100,0.0
33531,nDCG@10,1.0
33531,R@100,1.0
33573,nDCG@10,1.0
33573,R@100,1.0
33574,nDCG@10,0.5
33574,R@100,1.0
33604,nDCG@10,0.0
33604,R@100,0.0
33605,nDCG@10,0.0
33605,R@100,0.0
33670,nDCG@10,0.6309297535714575
33670,R@100,1.0
33671,nDCG@10,0.6309297535714575
33671,R@100,1.0
3370,nDCG@10,1.0
3370,R@100,1.0
3371,nDCG@10,1.0
3371,R@100,1.0
33739,nDCG@10,0.6309297535714575
33739,R@100,1.0
33740,nDCG@10,0.6131471927654584
33740,R@100,1.0
33796,nDCG@10,0.6309297535714575
33796,R@100,1.0
33844,nDCG@10,1.0
33844,R@100,1.0
33982,nDCG@10,1.0
33982,R@100,1.0
33986,nDCG@10,1.0
33986,R@100,1.0
34029,nDCG@10,1.0
34029,R@100,1.0
34064,nDCG@10,0.0
34064,R@100,0.5
34073,nDCG@10,1.0
34073,R@100,1.0
34105,nDCG@10,0.0
34105,R@100,1.0
34111,nDCG@10,0.23719771276929622
34111,R@100,1.0
3413,nDCG@10,1.0
3413,R@100,1.0
34155,nDCG@10,1.0
34155,R@100,1.0
34156,nDCG@10,0.38685280723454163
34156,R@100,0.5
34162,nDCG@10,1.0
34162,R@100,1.0
34195,nDCG@10,1.0
34195,R@100,1.0
34213,nDCG@10,1.0
34213,R@100,1.0
34244,nDCG@10,1.0
34244,R@100,1.0
34249,nDCG@10,0.5
34249,R@100,1.0
34309,nDCG@10,0.38685280723454163
34309,R@100,1.0
34323,nDCG@10,0.6131471927654584
34323,R@100,1.0
34353,nDCG@10,0.0
34353,R@100,0.5
34357,nDCG@10,1.0
34357,R@100,1.0
34385,nDCG@10,0.43067655807339306
34385,R@100,1.0
34396,nDCG@10,0.43067655807339306
34396,R@100,1.0
34454,nDCG@10,0.0
34454,R@100,1.0
3448,nDCG@10,0.46927872602275644
3448,R@100,0.6666666666666666
34506,nDCG@10,1.0
34506,R@100,1.0
34507,nDCG@10,0.20210734650054757
34507,R@100,0.6666666666666666
34521,nDCG@10,1.0
34521,R@100,1.0
34577,nDCG@10,0.3562071871080222
34577,R@100,1.0
34583,nDCG@10,0.0
34583,R@100,0.0
34619,nDCG@10,0.2640681225725909
34619,R@100,1.0
34658,nDCG@10,0.2640681225725909
34658,R@100,0.5
34684,nDCG@10,1.0
34684,R@100,1.0
34695,nDCG@10,1.0
34695,R@100,1.0
34747,nDCG@10,1.0
34747,R@100,1.0
3475,nDCG@10,1.0
3475,R@100,1.0
34755,nDCG@10,0.0
34755,R@100,1.0
34764,nDCG@10,0.43067655807339306
34764,R@100,1.0
34769,nDCG@10,0.6131471927654584
34769,R@100,1.0
34791,nDCG@10,0.6309297535714575
34791,R@100,1.0
34823,nDCG@10,0.6309297535714575
34823,R@100,1.0
34829,nDCG@10,1.0
34829,R@100,1.0
3483,nDCG@10,0.5
3483,R@100,1.0
34830,nDCG@10,1.0
34830,R@100,1.0
34881,nDCG@10,1.0
34881,R@100,1.0
34924,nDCG@10,0.0
34924,R@100,1.0
34936,nDCG@10,0.46927872602275644
34936,R@100,0.3333333333333333
35009,nDCG@10,0.0
35009,R@100,0.5
35030,nDCG@10,1.0
35030,R@100,1.0
35031,nDCG@10,1.0
35031,R@100,1.0
35055,nDCG@10,1.0
35055,R@100,1.0
35219,nDCG@10,0.6309297535714575
35219,R@100,1.0
35271,nDCG@10,1.0
35271,R@100,1.0
35290,nDCG@10,1.0
35290,R@100,1.0
35291,nDCG@10,1.0
35291,R@100,1.0
35309,nDCG@10,0.0
35309,R@100,0.0
354,nDCG@10,1.0
354,R@100,1.0
35405,nDCG@10,0.5
35405,R@100,1.0
35406,nDCG@10,0.5
35406,R@100,1.0
35416,nDCG@10,1.0
35416,R@100,1.0
35475,nDCG@10,0.0
35475,R@100,1.0
35494,nDCG@10,0.31546487678572877
35494,R@100,1.0
35523,nDCG@10,0.0
35523,R@100,1.0
35574,nDCG@10,1.0
35574,R@100,1.0
35596,nDCG@10,1.0
35596,R@100,1.0
3562,nDCG@10,0.5
3562,R@100,1.0
35681,nDCG@10,1.0
35681,R@100,1.0
35702,nDCG@10,1.0
35702,R@100,1.0
35703,nDCG@10,0.6131471927654584
35703,R@100,0.5
35720,nDCG@10,1.0
35720,R@100,1.0
35752,nDCG@10,0.38685280723454163
35752,R@100,1.0
35754,nDCG@10,0.5
35754,R@100,1.0
35804,nDCG@10,0.3562071871080222
35804,R@100,1.0
35822,nDCG@10,1.0
35822,R@100,1.0
35833,nDCG@10,1.0
35833,R@100,1.0
3585,nDCG@10,1.0
3585,R@100,1.0
35855,nDCG@10,0.0
35855,R@100,1.0
35858,nDCG@10,1.0
35858,R@100,1.0
35859,nDCG@10,0.5
35859,R@100,1.0
3588,nDCG@10,1.0
3588,R@100,1.0
35881,nDCG@10,1.0
35881,R@100,1.0
35882,nDCG@10,1.0
35882,R@100,1.0
35899,nDCG@10,0.6309297535714575
35899,R@100,1.0
35968,nDCG@10,0.3333333333333333
35968,R@100,1.0
3597,nDCG@10,1.0
3597,R@100,1.0
3598,nDCG@10,0.43067655807339306
3598,R@100,1.0
36038,nDCG@10,1.0
36038,R@100,1.0
36063,nDCG@10,1.0
36063,R@100,1.0
36094,nDCG@10,0.23463936301137822
36094,R@100,0.6666666666666666
36141,nDCG@10,1.0
36141,R@100,1.0
36171,nDCG@10,1.0
36171,R@100,1.0
36251,nDCG@10,0.43067655807339306
36251,R@100,1.0
36272,nDCG@10,1.0
36272,R@100,1.0
36298,nDCG@10,0.0
36298,R@100,1.0
36350,nDCG@10,0.0
36350,R@100,1.0
3637,nDCG@10,1.0
3637,R@100,1.0
3638,nDCG@10,1.0
3638,R@100,1.0
36399,nDCG@10,0.38685280723454163
36399,R@100,1.0
36448,nDCG@10,0.0
36448,R@100,1.0
3656,nDCG@10,0.0979129253499678
3656,R@100,0.2857142857142857
3661,nDCG@10,0.4911492931622974
3661,R@100,1.0
3667,nDCG@10,1.0
3667,R@100,1.0
3668,nDCG@10,1.0
3668,R@100,1.0
36775,nDCG@10,0.0
36775,R@100,0.0
36815,nDCG@10,0.7328286204777911
36815,R@100,1.0
36843,nDCG@10,1.0
36843,R@100,1.0
36844,nDCG@10,1.0
36844,R@100,1.0
36860,nDCG@10,0.0
36860,R@100,0.0
36932,nDCG@10,0.6934264036172708
36932,R@100,1.0
36952,nDCG@10,0.21398626473452756
36952,R@100,0.2
36953,nDCG@10,1.0
36953,R@100,1.0
37052,nDCG@10,0.43067655807339306
37052,R@100,1.0
37067,nDCG@10,0.38685280723454163
37067,R@100,1.0
37099,nDCG@10,1.0
37099,R@100,1.0
37100,nDCG@10,1.0
37100,R@100,1.0
37136,nDCG@10,0.3333333333333333
37136,R@100,1.0
37137,nDCG@10,0.0
37137,R@100,1.0
37153,nDCG@10,1.0
37153,R@100,1.0
37253,nDCG@10,0.20438239758848611
37253,R@100,0.5
3728,nDCG@10,1.0
3728,R@100,1.0
37325,nDCG@10,1.0
37325,R@100,1.0
37326,nDCG@10,0.6309297535714575
37326,R@100,1.0
37401,nDCG@10,1.0
37401,R@100,1.0
37432,nDCG@10,0.43067655807339306
37432,R@100,1.0
37467,nDCG@10,0.0
37467,R@100,0.0
3761,nDCG@10,1.0
3761,R@100,1.0
37625,nDCG@10,1.0
37625,R@100,1.0
37626,nDCG@10,1.0
37626,R@100,1.0
37664,nDCG@10,0.43067655807339306
37664,R@100,1.0
37675,nDCG@10,1.0
37675,R@100,1.0
37710,nDCG@10,0.11284514134893527
37710,R@100,0.5
37718,nDCG@10,1.0
37718,R@100,1.0
37727,nDCG@10,1.0
37727,R@100,1.0
37739,nDCG@10,1.0
37739,R@100,1.0
37801,nDCG@10,0.38685280723454163
37801,R@100,1.0
37802,nDCG@10,0.5
37802,R@100,1.0
3783,nDCG@10,1.0
3783,R@100,1.0
37872,nDCG@10,0.0
37872,R@100,1.0
37878,nDCG@10,1.0
37878,R@100,1.0
37923,nDCG@10,1.0
37923,R@100,1.0
37924,nDCG@10,1.0
37924,R@100,1.0
37929,nDCG@10,0.43067655807339306
37929,R@100,1.0
3794,nDCG@10,0.0
3794,R@100,1.0
3795,nDCG@10,0.0
3795,R@100,1.0
37997,nDCG@10,0.0
37997,R@100,1.0
38046,nDCG@10,0.6309297535714575
38046,R@100,1.0
38049,nDCG@10,1.0
38049,R@100,1.0
38082,nDCG@10,1.0
38082,R@100,1.0
3809,nDCG@10,1.0
3809,R@100,1.0
38117,nDCG@10,0.6309297535714575
38117,R@100,1.0
38141,nDCG@10,0.31546487678572877
38141,R@100,1.0
38183,nDCG@10,0.0
38183,R@100,0.0
38210,nDCG@10,0.6309297535714575
38210,R@100,1.0
38267,nDCG@10,0.6309297535714575
38267,R@100,1.0
38275,nDCG@10,0.5
38275,R@100,1.0
38338,nDCG@10,1.0
38338,R@100,1.0
38384,nDCG@10,0.38685280723454163
38384,R@100,1.0
38399,nDCG@10,1.0
38399,R@100,1.0
3843,nDCG@10,0.6309297535714575
3843,R@100,1.0
38447,nDCG@10,0.0
38447,R@100,1.0
38486,nDCG@10,1.0
38486,R@100,1.0
38501,nDCG@10,0.0
38501,R@100,0.0
38585,nDCG@10,0.5
38585,R@100,1.0
38599,nDCG@10,0.0
38599,R@100,0.0
38654,nDCG@10,1.0
38654,R@100,1.0
38671,nDCG@10,0.3065735963827292
38671,R@100,0.5
38678,nDCG@10,0.31546487678572877
38678,R@100,1.0
38695,nDCG@10,1.0
38695,R@100,1.0
38696,nDCG@10,1.0
38696,R@100,1.0
38745,nDCG@10,0.0
38745,R@100,0.0
38750,nDCG@10,1.0
38750,R@100,1.0
38898,nDCG@10,1.0
38898,R@100,1.0
38904,nDCG@10,0.0
38904,R@100,1.0
38922,nDCG@10,1.0
38922,R@100,1.0
38923,nDCG@10,1.0
38923,R@100,1.0
38925,nDCG@10,0.6131471927654584
38925,R@100,1.0
38931,nDCG@10,0.0
38931,R@100,1.0
38939,nDCG@10,1.0
38939,R@100,1.0
38940,nDCG@10,0.6309297535714575
38940,R@100,1.0
38947,nDCG@10,0.46927872602275644
38947,R@100,0.3333333333333333
38950,nDCG@10,1.0
38950,R@100,1.0
39121,nDCG@10,1.0
39121,R@100,1.0
39137,nDCG@10,0.0
39137,R@100,0.5
39150,nDCG@10,0.6309297535714575
39150,R@100,1.0
39173,nDCG@10,0.5
39173,R@100,1.0
39174,nDCG@10,0.38685280723454163
39174,R@100,1.0
39175,nDCG@10,0.6309297535714575
39175,R@100,1.0
39188,nDCG@10,1.0
39188,R@100,1.0
39224,nDCG@10,1.0
39224,R@100,1.0
39399,nDCG@10,1.0
39399,R@100,1.0
39400,nDCG@10,0.6309297535714575
39400,R@100,1.0
39414,nDCG@10,1.0
39414,R@100,1.0
39448,nDCG@10,0.0
39448,R@100,0.5
39452,nDCG@10,1.0
39452,R@100,1.0
39454,nDCG@10,1.0
39454,R@100,1.0
39455,nDCG@10,1.0
39455,R@100,1.0
39480,nDCG@10,1.0
39480,R@100,1.0
39536,nDCG@10,0.6309297535714575
39536,R@100,1.0
39539,nDCG@10,0.5
39539,R@100,1.0
39612,nDCG@10,1.0
39612,R@100,1.0
39615,nDCG@10,0.0
39615,R@100,0.5
39616,nDCG@10,0.0
39616,R@100,1.0
39634,nDCG@10,1.0
39634,R@100,1.0
39664,nDCG@10,0.5
39664,R@100,1.0
3967,nDCG@10,1.0
3967,R@100,1.0
39670,nDCG@10,0.0
39670,R@100,1.0
39716,nDCG@10,1.0
39716,R@100,1.0
39793,nDCG@10,0.6309297535714575
39793,R@100,1.0
39801,nDCG@10,0.0
39801,R@100,0.0
39811,nDCG@10,0.0
39811,R@100,1.0
39832,nDCG@10,1.0
39832,R@100,1.0
39833,nDCG@10,0.3562071871080222
39833,R@100,1.0
39873,nDCG@10,1.0
39873,R@100,1.0
39958,nDCG@10,1.0
39958,R@100,1.0
39977,nDCG@10,1.0
39977,R@100,1.0
39983,nDCG@10,1.0
39983,R@100,1.0
40052,nDCG@10,1.0
40052,R@100,1.0
40086,nDCG@10,0.7903864795495061
40086,R@100,1.0
40181,nDCG@10,1.0
40181,R@100,1.0
40195,nDCG@10,1.0
40195,R@100,1.0
40221,nDCG@10,0.43067655807339306
40221,R@100,1.0
40296,nDCG@10,1.0
40296,R@100,1.0
40305,nDCG@10,0.0
40305,R@100,0.0
40417,nDCG@10,1.0
40417,R@100,1.0
40442,nDCG@10,1.0
40442,R@100,1.0
40443,nDCG@10,0.6309297535714575
40443,R@100,1.0
40444,nDCG@10,1.0
40444,R@100,1.0
40450,nDCG@10,1.0
40450,R@100,1.0
40469,nDCG@10,0.6309297535714575
40469,R@100,1.0
40475,nDCG@10,0.0
40475,R@100,1.0
40511,nDCG@10,1.0
40511,R@100,1.0
40527,nDCG@10,0.0
40527,R@100,1.0
40528,nDCG@10,0.10209739512291163
40528,R@100,1.0
4058,nDCG@10,0.6309297535714575
4058,R@100,1.0
40621,nDCG@10,1.0
40621,R@100,1.0
40641,nDCG@10,1.0
40641,R@100,1.0
40642,nDCG@10,0.5
40642,R@100,1.0
40643,nDCG@10,0.0
40643,R@100,1.0
40666,nDCG@10,0.38685280723454163
40666,R@100,1.0
40748,nDCG@10,1.0
40748,R@100,1.0
40785,nDCG@10,1.0
40785,R@100,1.0
40859,nDCG@10,1.0
40859,R@100,1.0
4090,nDCG@10,1.0
4090,R@100,1.0
4091,nDCG@10,0.6309297535714575
4091,R@100,1.0
40944,nDCG@10,0.6131471927654584
40944,R@100,1.0
40992,nDCG@10,1.0
40992,R@100,1.0
4100,nDCG@10,1.0
4100,R@100,1.0
41049,nDCG@10,1.0
41049,R@100,1.0
41090,nDCG@10,1.0
41090,R@100,1.0
41091,nDCG@10,1.0
41091,R@100,1.0
41097,nDCG@10,0.6309297535714575
41097,R@100,1.0
41120,nDCG@10,1.0
41120,R@100,1.0
41198,nDCG@10,0.6309297535714575
41198,R@100,1.0
41199,nDCG@10,0.0
41199,R@100,1.0
41290,nDCG@10,0.31546487678572877
41290,R@100,1.0
41316,nDCG@10,1.0
41316,R@100,1.0
4132,nDCG@10,1.0
4132,R@100,1.0
41330,nDCG@10,1.0
41330,R@100,1.0
41337,nDCG@10,0.46927872602275644
41337,R@100,0.6666666666666666
4134,nDCG@10,1.0
4134,R@100,1.0
41441,nDCG@10,1.0
41441,R@100,1.0
41480,nDCG@10,0.43067655807339306
41480,R@100,1.0
41518,nDCG@10,0.0
41518,R@100,1.0
41571,nDCG@10,1.0
41571,R@100,1.0
41606,nDCG@10,1.0
41606,R@100,1.0
41656,nDCG@10,1.0
41656,R@100,1.0
41728,nDCG@10,1.0
41728,R@100,1.0
41764,nDCG@10,0.2890648263178879
41764,R@100,1.0
41811,nDCG@10,0.6309297535714575
41811,R@100,1.0
41820,nDCG@10,0.31546487678572877
41820,R@100,1.0
41821,nDCG@10,0.123151194370365
41821,R@100,1.0
41840,nDCG@10,1.0
41840,R@100,1.0
41848,nDCG@10,1.0
41848,R@100,1.0
419,nDCG@10,0.6309297535714575
419,R@100,1.0
41980,nDCG@10,0.8772153153380493
41980,R@100,1.0
420,nDCG@10,1.0
420,R@100,1.0
42024,nDCG@10,1.0
42024,R@100,1.0
42026,nDCG@10,1.0
42026,R@100,1.0
42027,nDCG@10,0.38685280723454163
42027,R@100,0.5
42041,nDCG@10,0.0
42041,R@100,1.0
42052,nDCG@10,0.3562071871080222
42052,R@100,1.0
42117,nDCG@10,1.0
42117,R@100,1.0
42184,nDCG@10,0.3333333333333333
42184,R@100,1.0
42209,nDCG@10,1.0
42209,R@100,1.0
42215,nDCG@10,1.0
42215,R@100,1.0
42223,nDCG@10,1.0
42223,R@100,1.0
42226,nDCG@10,1.0
42226,R@100,1.0
42258,nDCG@10,1.0
42258,R@100,1.0
42274,nDCG@10,0.21398626473452756
42274,R@100,1.0
42300,nDCG@10,0.0
42300,R@100,1.0
42343,nDCG@10,1.0
42343,R@100,1.0
42350,nDCG@10,1.0
42350,R@100,1.0
42385,nDCG@10,0.6309297535714575
42385,R@100,1.0
42397,nDCG@10,1.0
42397,R@100,1.0
42406,nDCG@10,1.0
42406,R@100,1.0
42493,nDCG@10,1.0
42493,R@100,1.0
4251,nDCG@10,1.0
4251,R@100,1.0
42583,nDCG@10,0.0
42583,R@100,1.0
426,nDCG@10,0.38685280723454163
426,R@100,1.0
42611,nDCG@10,1.0
42611,R@100,1.0
42612,nDCG@10,0.3333333333333333
42612,R@100,1.0
42619,nDCG@10,1.0
42619,R@100,1.0
42620,nDCG@10,1.0
42620,R@100,1.0
42628,nDCG@10,0.43067655807339306
42628,R@100,1.0
42643,nDCG@10,1.0
42643,R@100,1.0
42652,nDCG@10,0.5
42652,R@100,1.0
42669,nDCG@10,1.0
42669,R@100,1.0
4267,nDCG@10,0.38685280723454163
4267,R@100,1.0
4280,nDCG@10,0.3333333333333333
4280,R@100,1.0
42817,nDCG@10,1.0
42817,R@100,1.0
42922,nDCG@10,0.0
42922,R@100,1.0
42924,nDCG@10,1.0
42924,R@100,1.0
42954,nDCG@10,0.3333333333333333
42954,R@100,1.0
42963,nDCG@10,0.6309297535714575
42963,R@100,1.0
42964,nDCG@10,0.0
42964,R@100,1.0
42982,nDCG@10,0.6309297535714575
42982,R@100,1.0
42998,nDCG@10,1.0
42998,R@100,1.0
43008,nDCG@10,0.3065735963827292
43008,R@100,1.0
43009,nDCG@10,0.0
43009,R@100,0.0
43011,nDCG@10,0.3562071871080222
43011,R@100,1.0
43078,nDCG@10,0.6131471927654584
43078,R@100,0.5
43141,nDCG@10,1.0
43141,R@100,1.0
4315,nDCG@10,1.0
4315,R@100,1.0
43170,nDCG@10,1.0
43170,R@100,1.0
43171,nDCG@10,1.0
43171,R@100,1.0
43317,nDCG@10,1.0
43317,R@100,1.0
43326,nDCG@10,0.46927872602275644
43326,R@100,1.0
43437,nDCG@10,0.3562071871080222
43437,R@100,1.0
43460,nDCG@10,0.1482972305701491
43460,R@100,0.2222222222222222
43468,nDCG@10,1.0
43468,R@100,1.0
43475,nDCG@10,0.6131471927654584
43475,R@100,0.5
43510,nDCG@10,1.0
43510,R@100,1.0
43515,nDCG@10,1.0
43515,R@100,1.0
43516,nDCG@10,1.0
43516,R@100,1.0
43535,nDCG@10,1.0
43535,R@100,1.0
43554,nDCG@10,0.20438239758848611
43554,R@100,0.5
43641,nDCG@10,0.8772153153380493
43641,R@100,1.0
43646,nDCG@10,0.6309297535714575
43646,R@100,1.0
43667,nDCG@10,1.0
43667,R@100,1.0
43696,nDCG@10,1.0
43696,R@100,1.0
43697,nDCG@10,0.6309297535714575
43697,R@100,1.0
43698,nDCG@10,1.0
43698,R@100,1.0
43806,nDCG@10,0.0
43806,R@100,1.0
43842,nDCG@10,0.43067655807339306
43842,R@100,1.0
43862,nDCG@10,1.0
43862,R@100,1.0
43900,nDCG@10,0.3333333333333333
43900,R@100,1.0
43920,nDCG@10,1.0
43920,R@100,1.0
43981,nDCG@10,0.0
43981,R@100,1.0
44061,nDCG@10,0.6309297535714575
44061,R@100,1.0
44214,nDCG@10,0.3562071871080222
44214,R@100,1.0
4423,nDCG@10,0.5
4423,R@100,1.0
44239,nDCG@10,1.0
44239,R@100,1.0
44240,nDCG@10,1.0
44240,R@100,1.0
44291,nDCG@10,0.0
44291,R@100,0.0
4433,nDCG@10,0.3562071871080222
4433,R@100,1.0
44361,nDCG@10,0.6309297535714575
44361,R@100,1.0
44380,nDCG@10,0.6309297535714575
44380,R@100,1.0
44381,nDCG@10,0.31546487678572877
44381,R@100,1.0
44397,nDCG@10,0.0
44397,R@100,0.0
4445,nDCG@10,1.0
4445,R@100,1.0
44497,nDCG@10,1.0
44497,R@100,1.0
4458,nDCG@10,0.0
4458,R@100,0.0
446,nDCG@10,0.0
446,R@100,1.0
44605,nDCG@10,1.0
44605,R@100,1.0
44617,nDCG@10,0.0
44617,R@100,1.0
44703,nDCG@10,1.0
44703,R@100,1.0
44721,nDCG@10,0.5
44721,R@100,1.0
44722,nDCG@10,0.5
44722,R@100,1.0
44787,nDCG@10,1.0
44787,R@100,1.0
44801,nDCG@10,1.0
44801,R@100,1.0
44809,nDCG@10,1.0
44809,R@100,1.0
44837,nDCG@10,0.5
44837,R@100,1.0
44856,nDCG@10,0.5
44856,R@100,1.0
44864,nDCG@10,0.6131471927654584
44864,R@100,0.5
44899,nDCG@10,0.5802792108518124
44899,R@100,1.0
4499,nDCG@10,1.0
4499,R@100,1.0
4500,nDCG@10,1.0
4500,R@100,1.0
45014,nDCG@10,0.43067655807339306
45014,R@100,1.0
45018,nDCG@10,0.0
45018,R@100,1.0
4506,nDCG@10,1.0
4506,R@100,1.0
45085,nDCG@10,1.0
45085,R@100,1.0
45124,nDCG@10,0.6309297535714575
45124,R@100,1.0
45143,nDCG@10,1.0
45143,R@100,1.0
45180,nDCG@10,1.0
45180,R@100,1.0
45192,nDCG@10,0.6131471927654584
45192,R@100,0.5
45220,nDCG@10,0.0
45220,R@100,0.0
45302,nDCG@10,1.0
45302,R@100,1.0
45310,nDCG@10,0.0
45310,R@100,1.0
45345,nDCG@10,0.6309297535714575
45345,R@100,1.0
45349,nDCG@10,1.0
45349,R@100,1.0
45384,nDCG@10,0.0
45384,R@100,0.0
45394,nDCG@10,0.0
45394,R@100,1.0
45447,nDCG@10,0.5
45447,R@100,1.0
45465,nDCG@10,1.0
45465,R@100,1.0
45515,nDCG@10,0.5
45515,R@100,1.0
45522,nDCG@10,0.6131471927654584
45522,R@100,1.0
45566,nDCG@10,1.0
45566,R@100,1.0
45574,nDCG@10,0.0
45574,R@100,1.0
45581,nDCG@10,0.6309297535714575
45581,R@100,1.0
45603,nDCG@10,0.43067655807339306
45603,R@100,1.0
45604,nDCG@10,0.2890648263178879
45604,R@100,1.0
45637,nDCG@10,1.0
45637,R@100,1.0
45638,nDCG@10,0.6309297535714575
45638,R@100,1.0
45685,nDCG@10,0.0
45685,R@100,1.0
45725,nDCG@10,1.0
45725,R@100,1.0
45759,nDCG@10,0.6131471927654584
45759,R@100,0.5
45805,nDCG@10,1.0
45805,R@100,1.0
45806,nDCG@10,1.0
45806,R@100,1.0
45812,nDCG@10,1.0
45812,R@100,1.0
45829,nDCG@10,1.0
45829,R@100,1.0
45879,nDCG@10,1.0
45879,R@100,1.0
4592,nDCG@10,0.0
4592,R@100,1.0
4595,nDCG@10,1.0
4595,R@100,1.0
46023,nDCG@10,1.0
46023,R@100,1.0
46034,nDCG@10,0.0
46034,R@100,0.0
46090,nDCG@10,0.0
46090,R@100,1.0
46127,nDCG@10,1.0
46127,R@100,1.0
46177,nDCG@10,0.5
46177,R@100,1.0
46200,nDCG@10,0.6509209298071326
46200,R@100,1.0
46218,nDCG@10,1.0
46218,R@100,1.0
46262,nDCG@10,0.5
46262,R@100,1.0
46267,nDCG@10,1.0
46267,R@100,1.0
46268,nDCG@10,1.0
46268,R@100,1.0
46276,nDCG@10,0.0
46276,R@100,0.0
46289,nDCG@10,0.6309297535714575
46289,R@100,1.0
46308,nDCG@10,1.0
46308,R@100,1.0
46309,nDCG@10,0.43067655807339306
46309,R@100,1.0
46310,nDCG@10,0.3010299956639812
46310,R@100,1.0
46322,nDCG@10,0.0
46322,R@100,1.0
4635,nDCG@10,1.0
4635,R@100,1.0
46381,nDCG@10,1.0
46381,R@100,1.0
46511,nDCG@10,1.0
46511,R@100,1.0
46577,nDCG@10,1.0
46577,R@100,1.0
4658,nDCG@10,1.0
4658,R@100,1.0
46582,nDCG@10,1.0
46582,R@100,1.0
46583,nDCG@10,1.0
46583,R@100,1.0
46612,nDCG@10,1.0
46612,R@100,1.0
46641,nDCG@10,1.0
46641,R@100,1.0
46712,nDCG@10,1.0
46712,R@100,1.0
4675,nDCG@10,1.0
4675,R@100,1.0
46754,nDCG@10,0.38685280723454163
46754,R@100,0.5
46759,nDCG@10,0.5
46759,R@100,1.0
46792,nDCG@10,1.0
46792,R@100,1.0
46810,nDCG@10,0.0
46810,R@100,0.0
46859,nDCG@10,1.0
46859,R@100,1.0
46911,nDCG@10,1.0
46911,R@100,1.0
46934,nDCG@10,0.6309297535714575
46934,R@100,1.0
46937,nDCG@10,0.0
46937,R@100,1.0
46959,nDCG@10,1.0
46959,R@100,1.0
46964,nDCG@10,0.0
46964,R@100,0.0
4716,nDCG@10,0.6309297535714575
4716,R@100,1.0
4717,nDCG@10,1.0
4717,R@100,1.0
47196,nDCG@10,0.2890648263178879
47196,R@100,1.0
47209,nDCG@10,0.6309297535714575
47209,R@100,1.0
47222,nDCG@10,0.6309297535714575
47222,R@100,1.0
47223,nDCG@10,0.6309297535714575
47223,R@100,1.0
47228,nDCG@10,1.0
47228,R@100,1.0
47250,nDCG@10,1.0
47250,R@100,1.0
4726,nDCG@10,1.0
4726,R@100,1.0
47267,nDCG@10,0.6309297535714575
47267,R@100,1.0
47288,nDCG@10,1.0
47288,R@100,1.0
47296,nDCG@10,1.0
47296,R@100,1.0
47308,nDCG@10,0.3333333333333333
47308,R@100,1.0
47321,nDCG@10,0.3065735963827292
47321,R@100,1.0
4737,nDCG@10,0.6309297535714575
4737,R@100,1.0
4738,nDCG@10,0.6309297535714575
4738,R@100,1.0
4742,nDCG@10,0.3333333333333333
4742,R@100,1.0
47457,nDCG@10,0.3562071871080222
47457,R@100,1.0
47524,nDCG@10,1.0
47524,R@100,1.0
47525,nDCG@10,1.0
47525,R@100,1.0
47577,nDCG@10,1.0
47577,R@100,1.0
47598,nDCG@10,1.0
47598,R@100,1.0
47605,nDCG@10,1.0
47605,R@100,1.0
47607,nDCG@10,0.3065735963827292
47607,R@100,0.5
47656,nDCG@10,1.0
47656,R@100,1.0
47684,nDCG@10,0.6309297535714575
47684,R@100,1.0
477,nDCG@10,0.5
477,R@100,1.0
47711,nDCG@10,1.0
47711,R@100,1.0
47723,nDCG@10,1.0
47723,R@100,1.0
47736,nDCG@10,1.0
47736,R@100,1.0
47765,nDCG@10,1.0
47765,R@100,1.0
47768,nDCG@10,1.0
47768,R@100,1.0
4778,nDCG@10,0.6309297535714575
4778,R@100,1.0
47785,nDCG@10,0.6309297535714575
47785,R@100,1.0
47786,nDCG@10,0.6309297535714575
47786,R@100,1.0
47791,nDCG@10,1.0
47791,R@100,1.0
47792,nDCG@10,1.0
47792,R@100,1.0
478,nDCG@10,0.3562071871080222
478,R@100,1.0
47812,nDCG@10,0.0
47812,R@100,1.0
47839,nDCG@10,0.0
47839,R@100,1.0
47847,nDCG@10,1.0
47847,R@100,1.0
47848,nDCG@10,1.0
47848,R@100,1.0
47849,nDCG@10,1.0
47849,R@100,1.0
47885,nDCG@10,1.0
47885,R@100,1.0
48028,nDCG@10,1.0
48028,R@100,1.0
48032,nDCG@10,0.6131471927654584
48032,R@100,0.5
48047,nDCG@10,1.0
48047,R@100,1.0
48048,nDCG@10,0.0
48048,R@100,1.0
4806,nDCG@10,1.0
4806,R@100,1.0
4807,nDCG@10,0.6309297535714575
4807,R@100,1.0
48083,nDCG@10,0.38685280723454163
48083,R@100,1.0
48142,nDCG@10,0.40179981797758046
48142,R@100,1.0
48147,nDCG@10,0.6309297535714575
48147,R@100,1.0
48148,nDCG@10,0.6309297535714575
48148,R@100,1.0
48183,nDCG@10,1.0
48183,R@100,1.0
48209,nDCG@10,0.0
48209,R@100,1.0
48210,nDCG@10,0.0
48210,R@100,0.0
48217,nDCG@10,0.6131471927654584
48217,R@100,0.5
48227,nDCG@10,0.6131471927654584
48227,R@100,0.5
4824,nDCG@10,0.5
4824,R@100,1.0
48242,nDCG@10,1.0
48242,R@100,1.0
48318,nDCG@10,0.0
48318,R@100,1.0
48328,nDCG@10,0.0
48328,R@100,0.0
48385,nDCG@10,0.19519002499605084
48385,R@100,0.25
48404,nDCG@10,0.6309297535714575
48404,R@100,1.0
48411,nDCG@10,0.5
48411,R@100,1.0
48416,nDCG@10,1.0
48416,R@100,1.0
48466,nDCG@10,0.0
48466,R@100,1.0
48489,nDCG@10,1.0
48489,R@100,1.0
48514,nDCG@10,0.0
48514,R@100,1.0
48541,nDCG@10,1.0
48541,R@100,1.0
48576,nDCG@10,0.3333333333333333
48576,R@100,1.0
48602,nDCG@10,0.6309297535714575
48602,R@100,1.0
48607,nDCG@10,0.0
48607,R@100,0.0
48608,nDCG@10,0.0
48608,R@100,0.5
48658,nDCG@10,0.38685280723454163
48658,R@100,0.5
48684,nDCG@10,1.0
48684,R@100,1.0
48707,nDCG@10,0.2640681225725909
48707,R@100,1.0
48735,nDCG@10,0.0
48735,R@100,1.0
48737,nDCG@10,1.0
48737,R@100,1.0
48754,nDCG@10,1.0
48754,R@100,1.0
48755,nDCG@10,1.0
48755,R@100,1.0
48810,nDCG@10,0.8772153153380493
48810,R@100,1.0
48815,nDCG@10,0.6309297535714575
48815,R@100,1.0
48866,nDCG@10,1.0
48866,R@100,1.0
48886,nDCG@10,0.6309297535714575
48886,R@100,1.0
48891,nDCG@10,0.30260241349881345
48891,R@100,0.16666666666666666
48903,nDCG@10,0.0
48903,R@100,1.0
48936,nDCG@10,1.0
48936,R@100,1.0
48961,nDCG@10,1.0
48961,R@100,1.0
48962,nDCG@10,0.0
48962,R@100,1.0
49113,nDCG@10,0.6309297535714575
49113,R@100,1.0
49117,nDCG@10,1.0
49117,R@100,1.0
49168,nDCG@10,1.0
49168,R@100,1.0
49169,nDCG@10,1.0
49169,R@100,1.0
49218,nDCG@10,1.0
49218,R@100,1.0
49258,nDCG@10,0.6309297535714575
49258,R@100,1.0
49306,nDCG@10,0.24630238874073
49306,R@100,1.0
49398,nDCG@10,1.0
49398,R@100,1.0
49399,nDCG@10,1.0
49399,R@100,1.0
49405,nDCG@10,1.0
49405,R@100,1.0
49413,nDCG@10,0.0
49413,R@100,1.0
49451,nDCG@10,0.5
49451,R@100,1.0
49458,nDCG@10,0.0
49458,R@100,1.0
49498,nDCG@10,1.0
49498,R@100,1.0
49512,nDCG@10,0.38685280723454163
49512,R@100,1.0
49542,nDCG@10,0.5
49542,R@100,1.0
49593,nDCG@10,0.0
49593,R@100,0.5
49735,nDCG@10,0.38685280723454163
49735,R@100,1.0
49752,nDCG@10,1.0
49752,R@100,1.0
49775,nDCG@10,0.6309297535714575
49775,R@100,1.0
49836,nDCG@10,0.5
49836,R@100,1.0
4986,nDCG@10,1.0
4986,R@100,1.0
49869,nDCG@10,1.0
49869,R@100,1.0
4987,nDCG@10,1.0
4987,R@100,1.0
49908,nDCG@10,0.43067655807339306
49908,R@100,1.0
49926,nDCG@10,0.5
49926,R@100,1.0
49950,nDCG@10,0.38685280723454163
49950,R@100,1.0
50020,nDCG@10,0.6309297535714575
50020,R@100,1.0
50048,nDCG@10,0.43067655807339306
50048,R@100,1.0
50074,nDCG@10,1.0
50074,R@100,1.0
50075,nDCG@10,1.0
50075,R@100,1.0
50076,nDCG@10,0.5
50076,R@100,1.0
50143,nDCG@10,0.43067655807339306
50143,R@100,1.0
50197,nDCG@10,0.2640681225725909
50197,R@100,1.0
50198,nDCG@10,0.0
50198,R@100,0.5
50210,nDCG@10,1.0
50210,R@100,1.0
50213,nDCG@10,0.6309297535714575
50213,R@100,1.0
50223,nDCG@10,1.0
50223,R@100,1.0
5031,nDCG@10,1.0
5031,R@100,1.0
50313,nDCG@10,1.0
50313,R@100,1.0
5037,nDCG@10,1.0
5037,R@100,1.0
50382,nDCG@10,0.6309297535714575
50382,R@100,1.0
50413,nDCG@10,1.0
50413,R@100,1.0
50428,nDCG@10,0.0
50428,R@100,0.3333333333333333
50486,nDCG@10,1.0
50486,R@100,1.0
50502,nDCG@10,0.5
50502,R@100,1.0
50517,nDCG@10,1.0
50517,R@100,1.0
50529,nDCG@10,1.0
50529,R@100,1.0
5053,nDCG@10,0.0
5053,R@100,1.0
50607,nDCG@10,0.6309297535714575
50607,R@100,1.0
50650,nDCG@10,0.9197207891481876
50650,R@100,1.0
50681,nDCG@10,1.0
50681,R@100,1.0
50703,nDCG@10,0.3903800499921017
50703,R@100,0.75
50743,nDCG@10,1.0
50743,R@100,1.0
50789,nDCG@10,1.0
50789,R@100,1.0
50799,nDCG@10,0.0
50799,R@100,1.0
5080,nDCG@10,0.6309297535714575
5080,R@100,1.0
50887,nDCG@10,1.0
50887,R@100,1.0
50888,nDCG@10,1.0
50888,R@100,1.0
5092,nDCG@10,1.0
5092,R@100,1.0
5093,nDCG@10,1.0
5093,R@100,1.0
50939,nDCG@10,1.0
50939,R@100,1.0
50948,nDCG@10,0.5
50948,R@100,1.0
51066,nDCG@10,1.0
51066,R@100,1.0
5111,nDCG@10,0.6131471927654584
5111,R@100,0.5
51154,nDCG@10,1.0
51154,R@100,1.0
51163,nDCG@10,1.0
51163,R@100,1.0
51188,nDCG@10,1.0
51188,R@100,1.0
51238,nDCG@10,0.6131471927654584
51238,R@100,0.5
51239,nDCG@10,1.0
51239,R@100,1.0
51260,nDCG@10,1.0
51260,R@100,1.0
51262,nDCG@10,1.0
51262,R@100,1.0
51284,nDCG@10,0.6131471927654584
51284,R@100,1.0
51314,nDCG@10,0.0
51314,R@100,1.0
51351,nDCG@10,0.6309297535714575
51351,R@100,1.0
51354,nDCG@10,1.0
51354,R@100,1.0
51355,nDCG@10,1.0
51355,R@100,1.0
51379,nDCG@10,0.43067655807339306
51379,R@100,1.0
51391,nDCG@10,0.43067655807339306
51391,R@100,1.0
51400,nDCG@10,0.6309297535714575
51400,R@100,1.0
51424,nDCG@10,0.43067655807339306
51424,R@100,1.0
51425,nDCG@10,0.43067655807339306
51425,R@100,1.0
51435,nDCG@10,0.0
51435,R@100,1.0
51441,nDCG@10,0.6309297535714575
51441,R@100,1.0
51472,nDCG@10,0.6131471927654584
51472,R@100,0.5
51548,nDCG@10,0.6309297535714575
51548,R@100,1.0
51584,nDCG@10,0.8065735963827293
51584,R@100,1.0
51654,nDCG@10,1.0
51654,R@100,1.0
5168,nDCG@10,1.0
5168,R@100,1.0
51683,nDCG@10,0.3065735963827292
51683,R@100,0.5
5169,nDCG@10,0.6131471927654584
5169,R@100,1.0
51756,nDCG@10,0.5
51756,R@100,1.0
51757,nDCG@10,0.5
51757,R@100,1.0
51777,nDCG@10,1.0
51777,R@100,1.0
5187,nDCG@10,1.0
5187,R@100,1.0
51885,nDCG@10,1.0
51885,R@100,1.0
51886,nDCG@10,0.31546487678572877
51886,R@100,1.0
51930,nDCG@10,1.0
51930,R@100,1.0
51962,nDCG@10,0.3010299956639812
51962,R@100,1.0
52039,nDCG@10,1.0
52039,R@100,1.0
52040,nDCG@10,1.0
52040,R@100,1.0
52068,nDCG@10,0.0
52068,R@100,1.0
52103,nDCG@10,0.6309297535714575
52103,R@100,1.0
52112,nDCG@10,1.0
52112,R@100,1.0
52121,nDCG@10,1.0
52121,R@100,1.0
52139,nDCG@10,1.0
52139,R@100,1.0
52183,nDCG@10,1.0
52183,R@100,1.0
52243,nDCG@10,0.6309297535714575
52243,R@100,1.0
52287,nDCG@10,0.3562071871080222
52287,R@100,1.0
5241,nDCG@10,1.0
5241,R@100,1.0
52456,nDCG@10,0.5
52456,R@100,1.0
52470,nDCG@10,1.0
52470,R@100,1.0
52472,nDCG@10,1.0
52472,R@100,1.0
52509,nDCG@10,0.8772153153380493
52509,R@100,1.0
52536,nDCG@10,1.0
52536,R@100,1.0
52556,nDCG@10,0.43067655807339306
52556,R@100,1.0
52620,nDCG@10,1.0
52620,R@100,1.0
52644,nDCG@10,0.0
52644,R@100,1.0
52685,nDCG@10,1.0
52685,R@100,1.0
52712,nDCG@10,1.0
52712,R@100,1.0
52747,nDCG@10,1.0
52747,R@100,1.0
52788,nDCG@10,1.0
52788,R@100,1.0
52799,nDCG@10,1.0
52799,R@100,1.0
528,nDCG@10,1.0
528,R@100,1.0
52825,nDCG@10,1.0
52825,R@100,1.0
52864,nDCG@10,1.0
52864,R@100,1.0
52889,nDCG@10,0.31546487678572877
52889,R@100,1.0
529,nDCG@10,1.0
529,R@100,1.0
52924,nDCG@10,1.0
52924,R@100,1.0
52926,nDCG@10,0.0
52926,R@100,1.0
53016,nDCG@10,1.0
53016,R@100,1.0
53025,nDCG@10,1.0
53025,R@100,1.0
53076,nDCG@10,0.15642624200758548
53076,R@100,1.0
531,nDCG@10,1.0
531,R@100,1.0
5313,nDCG@10,0.0
5313,R@100,1.0
5314,nDCG@10,0.0
5314,R@100,0.0
53147,nDCG@10,0.31546487678572877
53147,R@100,1.0
53188,nDCG@10,1.0
53188,R@100,1.0
53192,nDCG@10,1.0
53192,R@100,1.0
53197,nDCG@10,1.0
53197,R@100,1.0
532,nDCG@10,0.0
532,R@100,1.0
53204,nDCG@10,1.0
53204,R@100,1.0
53214,nDCG@10,0.3333333333333333
53214,R@100,1.0
5324,nDCG@10,1.0
5324,R@100,1.0
53266,nDCG@10,1.0
53266,R@100,1.0
53317,nDCG@10,0.6131471927654584
53317,R@100,1.0
53319,nDCG@10,0.0
53319,R@100,1.0
53329,nDCG@10,1.0
53329,R@100,1.0
53367,nDCG@10,1.0
53367,R@100,1.0
53389,nDCG@10,0.0
53389,R@100,0.0
53470,nDCG@10,0.4632423659320675
53470,R@100,1.0
53472,nDCG@10,1.0
53472,R@100,1.0
53475,nDCG@10,0.0
53475,R@100,1.0
53478,nDCG@10,0.0
53478,R@100,1.0
53525,nDCG@10,0.6309297535714575
53525,R@100,1.0
53526,nDCG@10,0.6309297535714575
53526,R@100,1.0
53668,nDCG@10,0.0
53668,R@100,0.6
53669,nDCG@10,0.0
53669,R@100,1.0
53733,nDCG@10,0.6309297535714575
53733,R@100,1.0
53751,nDCG@10,0.0
53751,R@100,1.0
53771,nDCG@10,1.0
53771,R@100,1.0
53794,nDCG@10,0.0
53794,R@100,1.0
53795,nDCG@10,0.0
53795,R@100,0.0
53825,nDCG@10,0.0
53825,R@100,1.0
53832,nDCG@10,1.0
53832,R@100,1.0
53852,nDCG@10,0.43067655807339306
53852,R@100,1.0
53871,nDCG@10,1.0
53871,R@100,1.0
53903,nDCG@10,0.0
53903,R@100,1.0
53910,nDCG@10,0.5
53910,R@100,1.0
53957,nDCG@10,0.6309297535714575
53957,R@100,1.0
53967,nDCG@10,0.3065735963827292
53967,R@100,0.5
53968,nDCG@10,0.0
53968,R@100,1.0
53982,nDCG@10,1.0
53982,R@100,1.0
53998,nDCG@10,0.38685280723454163
53998,R@100,1.0
54029,nDCG@10,0.0
54029,R@100,0.6666666666666666
54105,nDCG@10,1.0
54105,R@100,1.0
54111,nDCG@10,0.6309297535714575
54111,R@100,1.0
54135,nDCG@10,0.0
54135,R@100,0.0
54136,nDCG@10,0.0
54136,R@100,0.0
54151,nDCG@10,0.0
54151,R@100,1.0
5418,nDCG@10,0.0
5418,R@100,1.0
54191,nDCG@10,0.38685280723454163
54191,R@100,1.0
54257,nDCG@10,0.6309297535714575
54257,R@100,1.0
54269,nDCG@10,0.5
54269,R@100,1.0
54289,nDCG@10,0.6131471927654584
54289,R@100,0.5
54298,nDCG@10,0.6131471927654584
54298,R@100,0.5
54325,nDCG@10,1.0
54325,R@100,1.0
54326,nDCG@10,0.38685280723454163
54326,R@100,1.0
54348,nDCG@10,0.0
54348,R@100,1.0
54382,nDCG@10,1.0
54382,R@100,1.0
54383,nDCG@10,1.0
54383,R@100,1.0
54384,nDCG@10,1.0
54384,R@100,1.0
54410,nDCG@10,0.6309297535714575
54410,R@100,1.0
54411,nDCG@10,0.43067655807339306
54411,R@100,1.0
54533,nDCG@10,1.0
54533,R@100,1.0
54606,nDCG@10,0.6131471927654584
54606,R@100,0.5
54616,nDCG@10,0.6309297535714575
54616,R@100,1.0
54624,nDCG@10,0.43067655807339306
54624,R@100,1.0
54700,nDCG@10,1.0
54700,R@100,1.0
54701,nDCG@10,1.0
54701,R@100,1.0
54759,nDCG@10,1.0
54759,R@100,1.0
54760,nDCG@10,0.0
54760,R@100,1.0
54761,nDCG@10,0.0
54761,R@100,1.0
54771,nDCG@10,0.38685280723454163
54771,R@100,1.0
54789,nDCG@10,0.0
54789,R@100,0.0
5483,nDCG@10,0.0
5483,R@100,0.0
54907,nDCG@10,0.3562071871080222
54907,R@100,1.0
54915,nDCG@10,1.0
54915,R@100,1.0
54949,nDCG@10,0.5
54949,R@100,1.0
54951,nDCG@10,1.0
54951,R@100,1.0
55025,nDCG@10,0.38685280723454163
55025,R@100,0.5
55028,nDCG@10,0.6309297535714575
55028,R@100,1.0
55041,nDCG@10,0.0
55041,R@100,0.0
55066,nDCG@10,0.31546487678572877
55066,R@100,1.0
55101,nDCG@10,1.0
55101,R@100,1.0
55152,nDCG@10,1.0
55152,R@100,1.0
55208,nDCG@10,1.0
55208,R@100,1.0
55233,nDCG@10,1.0
55233,R@100,1.0
55239,nDCG@10,1.0
55239,R@100,1.0
55259,nDCG@10,0.0
55259,R@100,1.0
55267,nDCG@10,0.0
55267,R@100,0.0
55282,nDCG@10,0.3562071871080222
55282,R@100,1.0
55425,nDCG@10,1.0
55425,R@100,1.0
55426,nDCG@10,0.0
55426,R@100,0.5
5545,nDCG@10,0.46927872602275644
5545,R@100,0.6666666666666666
55468,nDCG@10,1.0
55468,R@100,1.0
55470,nDCG@10,0.6309297535714575
55470,R@100,1.0
55538,nDCG@10,0.0
55538,R@100,1.0
55541,nDCG@10,1.0
55541,R@100,1.0
55546,nDCG@10,0.3333333333333333
55546,R@100,1.0
5555,nDCG@10,0.31546487678572877
5555,R@100,1.0
5560,nDCG@10,0.6309297535714575
5560,R@100,1.0
55633,nDCG@10,1.0
55633,R@100,1.0
55645,nDCG@10,1.0
55645,R@100,1.0
55710,nDCG@10,1.0
55710,R@100,1.0
55713,nDCG@10,0.6309297535714575
55713,R@100,1.0
55732,nDCG@10,1.0
55732,R@100,1.0
55733,nDCG@10,0.6309297535714575
55733,R@100,1.0
55759,nDCG@10,1.0
55759,R@100,1.0
55826,nDCG@10,0.5
55826,R@100,1.0
55835,nDCG@10,0.0
55835,R@100,0.0
55860,nDCG@10,0.5
55860,R@100,1.0
55888,nDCG@10,1.0
55888,R@100,1.0
55924,nDCG@10,0.5
55924,R@100,1.0
55930,nDCG@10,1.0
55930,R@100,1.0
55931,nDCG@10,1.0
55931,R@100,1.0
55956,nDCG@10,0.6309297535714575
55956,R@100,1.0
55978,nDCG@10,0.43067655807339306
55978,R@100,1.0
5598,nDCG@10,1.0
5598,R@100,1.0
5599,nDCG@10,0.6309297535714575
5599,R@100,1.0
56038,nDCG@10,1.0
56038,R@100,1.0
56051,nDCG@10,0.0
56051,R@100,1.0
56088,nDCG@10,1.0
56088,R@100,1.0
56123,nDCG@10,0.6309297535714575
56123,R@100,1.0
56162,nDCG@10,1.0
56162,R@100,1.0
56186,nDCG@10,0.6309297535714575
56186,R@100,1.0
56261,nDCG@10,0.2960819109658652
56261,R@100,0.3333333333333333
56262,nDCG@10,0.6309297535714575
56262,R@100,1.0
56284,nDCG@10,0.8503449055347546
56284,R@100,1.0
56322,nDCG@10,1.0
56322,R@100,1.0
56342,nDCG@10,0.7977228895450266
56342,R@100,1.0
56381,nDCG@10,0.6309297535714575
56381,R@100,1.0
56450,nDCG@10,0.5
56450,R@100,1.0
56475,nDCG@10,0.6131471927654584
56475,R@100,0.5
5653,nDCG@10,0.3333333333333333
5653,R@100,1.0
56532,nDCG@10,1.0
56532,R@100,1.0
56559,nDCG@10,1.0
56559,R@100,1.0
56574,nDCG@10,1.0
56574,R@100,1.0
56584,nDCG@10,1.0
56584,R@100,1.0
5666,nDCG@10,1.0
5666,R@100,1.0
56735,nDCG@10,1.0
56735,R@100,1.0
56959,nDCG@10,1.0
56959,R@100,1.0
56960,nDCG@10,1.0
56960,R@100,1.0
57008,nDCG@10,1.0
57008,R@100,1.0
57027,nDCG@10,0.38685280723454163
57027,R@100,1.0
57049,nDCG@10,0.6309297535714575
57049,R@100,1.0
57058,nDCG@10,1.0
57058,R@100,1.0
57080,nDCG@10,0.3562071871080222
57080,R@100,1.0
57141,nDCG@10,0.31546487678572877
57141,R@100,1.0
57150,nDCG@10,1.0
57150,R@100,1.0
57236,nDCG@10,1.0
57236,R@100,1.0
57245,nDCG@10,0.0
57245,R@100,1.0
57282,nDCG@10,0.3010299956639812
57282,R@100,1.0
573,nDCG@10,1.0
573,R@100,1.0
57364,nDCG@10,1.0
57364,R@100,1.0
57374,nDCG@10,1.0
57374,R@100,1.0
57375,nDCG@10,0.0
57375,R@100,0.0
57383,nDCG@10,1.0
57383,R@100,1.0
57388,nDCG@10,1.0
57388,R@100,1.0
57421,nDCG@10,0.3333333333333333
57421,R@100,1.0
57433,nDCG@10,0.6309297535714575
57433,R@100,1.0
5744,nDCG@10,0.6131471927654584
5744,R@100,0.5
5745,nDCG@10,0.6309297535714575
5745,R@100,1.0
5747,nDCG@10,1.0
5747,R@100,1.0
57479,nDCG@10,0.0
57479,R@100,1.0
57507,nDCG@10,1.0
57507,R@100,1.0
57557,nDCG@10,1.0
57557,R@100,1.0
57577,nDCG@10,1.0
57577,R@100,1.0
57585,nDCG@10,0.6309297535714575
57585,R@100,1.0
57622,nDCG@10,0.3333333333333333
57622,R@100,1.0
57635,nDCG@10,0.0
57635,R@100,0.0
57638,nDCG@10,1.0
57638,R@100,1.0
57670,nDCG@10,1.0
57670,R@100,1.0
57718,nDCG@10,1.0
57718,R@100,1.0
57782,nDCG@10,1.0
57782,R@100,1.0
5781,nDCG@10,0.0
5781,R@100,1.0
57842,nDCG@10,0.0
57842,R@100,1.0
57850,nDCG@10,1.0
57850,R@100,1.0
57860,nDCG@10,0.0
57860,R@100,0.0
57941,nDCG@10,0.0
57941,R@100,1.0
58076,nDCG@10,0.0
58076,R@100,0.0
58124,nDCG@10,0.6309297535714575
58124,R@100,1.0
58140,nDCG@10,0.38685280723454163
58140,R@100,1.0
58155,nDCG@10,0.6975637657739948
58155,R@100,0.75
58175,nDCG@10,0.3333333333333333
58175,R@100,1.0
58182,nDCG@10,0.6309297535714575
58182,R@100,1.0
58206,nDCG@10,1.0
58206,R@100,1.0
58230,nDCG@10,0.0
58230,R@100,1.0
58234,nDCG@10,0.43067655807339306
58234,R@100,1.0
5826,nDCG@10,0.6309297535714575
5826,R@100,1.0
58302,nDCG@10,1.0
58302,R@100,1.0
58317,nDCG@10,0.0
58317,R@100,1.0
58322,nDCG@10,0.0
58322,R@100,1.0
58355,nDCG@10,0.0
58355,R@100,0.5
58396,nDCG@10,1.0
58396,R@100,1.0
58423,nDCG@10,1.0
58423,R@100,1.0
58449,nDCG@10,1.0
58449,R@100,1.0
58482,nDCG@10,0.3010299956639812
58482,R@100,1.0
58550,nDCG@10,0.3333333333333333
58550,R@100,1.0
58572,nDCG@10,1.0
58572,R@100,1.0
58585,nDCG@10,0.38685280723454163
58585,R@100,1.0
58618,nDCG@10,0.0
58618,R@100,1.0
58661,nDCG@10,0.43067655807339306
58661,R@100,1.0
58662,nDCG@10,1.0
58662,R@100,1.0
58708,nDCG@10,1.0
58708,R@100,1.0
58711,nDCG@10,0.0
58711,R@100,0.5
58712,nDCG@10,0.0
58712,R@100,0.5
58918,nDCG@10,1.0
58918,R@100,1.0
58924,nDCG@10,0.43067655807339306
58924,R@100,1.0
58952,nDCG@10,0.6131471927654584
58952,R@100,1.0
58967,nDCG@10,0.0
58967,R@100,1.0
58968,nDCG@10,0.0
58968,R@100,1.0
5900,nDCG@10,0.0
5900,R@100,0.0
59001,nDCG@10,0.5
59001,R@100,1.0
59025,nDCG@10,0.0
59025,R@100,0.0
59149,nDCG@10,1.0
59149,R@100,1.0
59158,nDCG@10,0.0
59158,R@100,0.0
59208,nDCG@10,0.6309297535714575
59208,R@100,1.0
59214,nDCG@10,0.38685280723454163
59214,R@100,1.0
59221,nDCG@10,0.0
59221,R@100,0.0
59266,nDCG@10,1.0
59266,R@100,1.0
59358,nDCG@10,1.0
59358,R@100,1.0
59384,nDCG@10,1.0
59384,R@100,1.0
59410,nDCG@10,0.31546487678572877
59410,R@100,1.0
59489,nDCG@10,1.0
59489,R@100,1.0
5950,nDCG@10,1.0
5950,R@100,1.0
5951,nDCG@10,1.0
5951,R@100,1.0
59521,nDCG@10,0.3333333333333333
59521,R@100,1.0
59532,nDCG@10,0.0
59532,R@100,1.0
59573,nDCG@10,0.0
59573,R@100,0.0
59602,nDCG@10,0.0
59602,R@100,0.0
59603,nDCG@10,1.0
59603,R@100,1.0
59641,nDCG@10,0.31546487678572877
59641,R@100,1.0
59674,nDCG@10,1.0
59674,R@100,1.0
59686,nDCG@10,0.6309297535714575
59686,R@100,1.0
59695,nDCG@10,1.0
59695,R@100,1.0
59783,nDCG@10,0.3562071871080222
59783,R@100,1.0
59890,nDCG@10,1.0
59890,R@100,1.0
59903,nDCG@10,0.0
59903,R@100,0.0
59967,nDCG@10,1.0
59967,R@100,1.0
59979,nDCG@10,0.23719771276929622
59979,R@100,0.5
59982,nDCG@10,1.0
59982,R@100,1.0
59984,nDCG@10,1.0
59984,R@100,1.0
6,nDCG@10,0.31546487678572877
6,R@100,1.0
60002,nDCG@10,1.0
60002,R@100,1.0
60038,nDCG@10,1.0
60038,R@100,1.0
60039,nDCG@10,1.0
60039,R@100,1.0
60079,nDCG@10,0.6309297535714575
60079,R@100,1.0
60081,nDCG@10,1.0
60081,R@100,1.0
60144,nDCG@10,0.6309297535714575
60144,R@100,1.0
60145,nDCG@10,0.0
60145,R@100,1.0
60162,nDCG@10,0.6309297535714575
60162,R@100,1.0
60232,nDCG@10,1.0
60232,R@100,1.0
60241,nDCG@10,1.0
60241,R@100,1.0
6032,nDCG@10,0.6309297535714575
6032,R@100,1.0
60342,nDCG@10,0.5
60342,R@100,1.0
60344,nDCG@10,0.0
60344,R@100,0.5
60425,nDCG@10,0.38685280723454163
60425,R@100,1.0
60431,nDCG@10,1.0
60431,R@100,1.0
60442,nDCG@10,1.0
60442,R@100,1.0
60535,nDCG@10,0.0
60535,R@100,0.0
60541,nDCG@10,0.6309297535714575
60541,R@100,1.0
60566,nDCG@10,1.0
60566,R@100,1.0
60577,nDCG@10,0.5
60577,R@100,1.0
607,nDCG@10,0.5
607,R@100,1.0
60701,nDCG@10,0.0
60701,R@100,1.0
60702,nDCG@10,1.0
60702,R@100,1.0
60756,nDCG@10,0.0
60756,R@100,0.5
60763,nDCG@10,1.0
60763,R@100,1.0
60775,nDCG@10,0.6309297535714575
60775,R@100,1.0
60854,nDCG@10,0.6309297535714575
60854,R@100,1.0
60978,nDCG@10,1.0
60978,R@100,1.0
60979,nDCG@10,1.0
60979,R@100,1.0
60995,nDCG@10,1.0
60995,R@100,1.0
61002,nDCG@10,1.0
61002,R@100,1.0
61025,nDCG@10,0.0
61025,R@100,0.0
61089,nDCG@10,1.0
61089,R@100,1.0
61136,nDCG@10,1.0
61136,R@100,1.0
61148,nDCG@10,0.0
61148,R@100,1.0
61171,nDCG@10,0.0
61171,R@100,1.0
61172,nDCG@10,0.0
61172,R@100,0.0
61221,nDCG@10,0.31546487678572877
61221,R@100,1.0
61233,nDCG@10,0.6309297535714575
61233,R@100,1.0
61302,nDCG@10,0.0
61302,R@100,1.0
61366,nDCG@10,0.0
61366,R@100,1.0
61401,nDCG@10,0.8772153153380493
61401,R@100,1.0
61552,nDCG@10,1.0
61552,R@100,1.0
61563,nDCG@10,1.0
61563,R@100,1.0
61585,nDCG@10,1.0
61585,R@100,1.0
61695,nDCG@10,0.6309297535714575
61695,R@100,1.0
61709,nDCG@10,0.6309297535714575
61709,R@100,1.0
61720,nDCG@10,0.38685280723454163
61720,R@100,1.0
61771,nDCG@10,0.6131471927654584
61771,R@100,0.5
61772,nDCG@10,0.0
61772,R@100,1.0
61776,nDCG@10,1.0
61776,R@100,1.0
61781,nDCG@10,0.5
61781,R@100,1.0
61803,nDCG@10,0.38685280723454163
61803,R@100,1.0
61817,nDCG@10,0.38685280723454163
61817,R@100,0.5
61837,nDCG@10,0.0
61837,R@100,0.5
61838,nDCG@10,0.21840743681816419
61838,R@100,0.5
619,nDCG@10,1.0
619,R@100,1.0
61922,nDCG@10,1.0
61922,R@100,1.0
61977,nDCG@10,1.0
61977,R@100,1.0
62053,nDCG@10,0.9197207891481876
62053,R@100,1.0
6210,nDCG@10,1.0
6210,R@100,1.0
62117,nDCG@10,1.0
62117,R@100,1.0
62119,nDCG@10,1.0
62119,R@100,1.0
62126,nDCG@10,0.6309297535714575
62126,R@100,1.0
62149,nDCG@10,0.6309297535714575
62149,R@100,1.0
6216,nDCG@10,1.0
6216,R@100,1.0
62247,nDCG@10,0.6309297535714575
62247,R@100,1.0
62284,nDCG@10,0.2890648263178879
62284,R@100,1.0
62301,nDCG@10,0.5
62301,R@100,1.0
62309,nDCG@10,1.0
62309,R@100,1.0
62318,nDCG@10,0.6309297535714575
62318,R@100,1.0
62368,nDCG@10,0.43067655807339306
62368,R@100,1.0
62457,nDCG@10,1.0
62457,R@100,1.0
62491,nDCG@10,1.0
62491,R@100,1.0
62513,nDCG@10,1.0
62513,R@100,1.0
62587,nDCG@10,0.3065735963827292
62587,R@100,0.5
62614,nDCG@10,1.0
62614,R@100,1.0
62637,nDCG@10,0.3562071871080222
62637,R@100,1.0
62680,nDCG@10,0.0
62680,R@100,0.5
62751,nDCG@10,0.31546487678572877
62751,R@100,1.0
62779,nDCG@10,1.0
62779,R@100,1.0
62816,nDCG@10,1.0
62816,R@100,1.0
62826,nDCG@10,1.0
62826,R@100,1.0
62828,nDCG@10,1.0
62828,R@100,1.0
62831,nDCG@10,1.0
62831,R@100,1.0
62834,nDCG@10,1.0
62834,R@100,1.0
62835,nDCG@10,1.0
62835,R@100,1.0
62924,nDCG@10,0.0
62924,R@100,0.0
63044,nDCG@10,0.6309297535714575
63044,R@100,1.0
63093,nDCG@10,0.0
63093,R@100,0.2222222222222222
63107,nDCG@10,0.38685280723454163
63107,R@100,1.0
6317,nDCG@10,1.0
6317,R@100,1.0
63185,nDCG@10,0.6309297535714575
63185,R@100,1.0
63240,nDCG@10,0.0
63240,R@100,0.0
63301,nDCG@10,0.5
63301,R@100,1.0
63308,nDCG@10,1.0
63308,R@100,1.0
63313,nDCG@10,0.0
63313,R@100,0.0
63315,nDCG@10,0.6309297535714575
63315,R@100,1.0
63316,nDCG@10,0.0
63316,R@100,1.0
6334,nDCG@10,1.0
6334,R@100,1.0
63357,nDCG@10,0.0
63357,R@100,1.0
63436,nDCG@10,1.0
63436,R@100,1.0
63603,nDCG@10,0.0
63603,R@100,0.0
63660,nDCG@10,1.0
63660,R@100,1.0
63693,nDCG@10,0.6309297535714575
63693,R@100,1.0
63699,nDCG@10,1.0
63699,R@100,1.0
637,nDCG@10,0.6309297535714575
637,R@100,1.0
63731,nDCG@10,0.0
63731,R@100,0.0
63806,nDCG@10,0.0
63806,R@100,0.0
6387,nDCG@10,1.0
6387,R@100,1.0
6389,nDCG@10,0.43067655807339306
6389,R@100,1.0
63896,nDCG@10,1.0
63896,R@100,1.0
6390,nDCG@10,0.3333333333333333
6390,R@100,1.0
63907,nDCG@10,1.0
63907,R@100,1.0
63949,nDCG@10,1.0
63949,R@100,1.0
63950,nDCG@10,1.0
63950,R@100,1.0
640,nDCG@10,1.0
640,R@100,1.0
64024,nDCG@10,0.3562071871080222
64024,R@100,1.0
64067,nDCG@10,0.0
64067,R@100,0.0
64091,nDCG@10,0.5012658353418871
64091,R@100,1.0
64114,nDCG@10,1.0
64114,R@100,1.0
64131,nDCG@10,0.3589542101716347
64131,R@100,1.0
64142,nDCG@10,0.5
64142,R@100,1.0
64155,nDCG@10,1.0
64155,R@100,1.0
64318,nDCG@10,0.6309297535714575
64318,R@100,1.0
6434,nDCG@10,0.312706129752478
6434,R@100,1.0
64364,nDCG@10,1.0
64364,R@100,1.0
64448,nDCG@10,0.3010299956639812
64448,R@100,1.0
64449,nDCG@10,0.3562071871080222
64449,R@100,1.0
64476,nDCG@10,1.0
64476,R@100,1.0
64486,nDCG@10,0.3333333333333333
64486,R@100,1.0
64590,nDCG@10,0.43067655807339306
64590,R@100,1.0
6462,nDCG@10,0.30260241349881345
6462,R@100,0.16666666666666666
64660,nDCG@10,0.3562071871080222
64660,R@100,1.0
64666,nDCG@10,0.6309297535714575
64666,R@100,1.0
64699,nDCG@10,0.38685280723454163
64699,R@100,1.0
64746,nDCG@10,1.0
64746,R@100,1.0
64765,nDCG@10,0.23719771276929622
64765,R@100,0.5
64769,nDCG@10,0.0
64769,R@100,1.0
64770,nDCG@10,0.0
64770,R@100,0.0
64786,nDCG@10,0.5
64786,R@100,1.0
64822,nDCG@10,0.0
64822,R@100,0.0
64838,nDCG@10,1.0
64838,R@100,1.0
6487,nDCG@10,1.0
6487,R@100,1.0
64874,nDCG@10,0.0
64874,R@100,1.0
64898,nDCG@10,1.0
64898,R@100,1.0
64910,nDCG@10,0.6309297535714575
64910,R@100,1.0
64943,nDCG@10,1.0
64943,R@100,1.0
64956,nDCG@10,1.0
64956,R@100,1.0
6496,nDCG@10,1.0
6496,R@100,1.0
64966,nDCG@10,1.0
64966,R@100,1.0
6497,nDCG@10,1.0
6497,R@100,1.0
65007,nDCG@10,0.0
65007,R@100,1.0
65031,nDCG@10,0.5
65031,R@100,1.0
6507,nDCG@10,0.6309297535714575
6507,R@100,1.0
65158,nDCG@10,1.0
65158,R@100,1.0
65223,nDCG@10,1.0
65223,R@100,1.0
65234,nDCG@10,0.6309297535714575
65234,R@100,1.0
65306,nDCG@10,0.0
65306,R@100,1.0
65331,nDCG@10,1.0
65331,R@100,1.0
65564,nDCG@10,0.6309297535714575
65564,R@100,1.0
65590,nDCG@10,1.0
65590,R@100,1.0
65597,nDCG@10,0.0
65597,R@100,1.0
65598,nDCG@10,0.0
65598,R@100,1.0
65634,nDCG@10,1.0
65634,R@100,1.0
65702,nDCG@10,0.0
65702,R@100,1.0
65720,nDCG@10,0.6309297535714575
65720,R@100,1.0
65728,nDCG@10,1.0
65728,R@100,1.0
65827,nDCG@10,1.0
65827,R@100,1.0
65830,nDCG@10,0.41966500663677697
65830,R@100,0.5
65864,nDCG@10,1.0
65864,R@100,1.0
65902,nDCG@10,0.31546487678572877
65902,R@100,1.0
65949,nDCG@10,1.0
65949,R@100,1.0
65957,nDCG@10,1.0
65957,R@100,1.0
65959,nDCG@10,0.6309297535714575
65959,R@100,1.0
66004,nDCG@10,1.0
66004,R@100,1.0
66044,nDCG@10,1.0
66044,R@100,1.0
66046,nDCG@10,1.0
66046,R@100,1.0
66059,nDCG@10,1.0
66059,R@100,1.0
66210,nDCG@10,0.6309297535714575
66210,R@100,1.0
66211,nDCG@10,0.6309297535714575
66211,R@100,1.0
66224,nDCG@10,0.3333333333333333
66224,R@100,1.0
66240,nDCG@10,0.6309297535714575
66240,R@100,1.0
66330,nDCG@10,0.6309297535714575
66330,R@100,1.0
66393,nDCG@10,0.5
66393,R@100,1.0
66406,nDCG@10,0.5
66406,R@100,1.0
66440,nDCG@10,0.0
66440,R@100,0.0
66473,nDCG@10,1.0
66473,R@100,1.0
6650,nDCG@10,1.0
6650,R@100,1.0
66524,nDCG@10,1.0
66524,R@100,1.0
66539,nDCG@10,0.6309297535714575
66539,R@100,1.0
66540,nDCG@10,0.6309297535714575
66540,R@100,1.0
66557,nDCG@10,1.0
66557,R@100,1.0
66579,nDCG@10,1.0
66579,R@100,1.0
66580,nDCG@10,1.0
66580,R@100,1.0
66585,nDCG@10,1.0
66585,R@100,1.0
66597,nDCG@10,1.0
66597,R@100,1.0
66610,nDCG@10,0.6309297535714575
66610,R@100,1.0
6668,nDCG@10,0.3562071871080222
6668,R@100,1.0
66683,nDCG@10,1.0
66683,R@100,1.0
66692,nDCG@10,0.0
66692,R@100,0.0
66841,nDCG@10,1.0
66841,R@100,1.0
66843,nDCG@10,1.0
66843,R@100,1.0
66845,nDCG@10,1.0
66845,R@100,1.0
66903,nDCG@10,0.0
66903,R@100,0.0
66980,nDCG@10,0.6309297535714575
66980,R@100,1.0
67003,nDCG@10,1.0
67003,R@100,1.0
67047,nDCG@10,1.0
67047,R@100,1.0
67135,nDCG@10,1.0
67135,R@100,1.0
67244,nDCG@10,1.0
67244,R@100,1.0
67274,nDCG@10,1.0
67274,R@100,1.0
67277,nDCG@10,1.0
67277,R@100,1.0
67285,nDCG@10,0.0
67285,R@100,1.0
67319,nDCG@10,0.0
67319,R@100,1.0
67340,nDCG@10,1.0
67340,R@100,1.0
67404,nDCG@10,0.0
67404,R@100,0.0
67417,nDCG@10,0.6131471927654584
67417,R@100,0.5
67464,nDCG@10,0.5
67464,R@100,1.0
67481,nDCG@10,1.0
67481,R@100,1.0
67534,nDCG@10,0.6309297535714575
67534,R@100,1.0
67544,nDCG@10,1.0
67544,R@100,1.0
67568,nDCG@10,0.5
67568,R@100,1.0
67572,nDCG@10,0.5
67572,R@100,1.0
67630,nDCG@10,0.5
67630,R@100,1.0
67707,nDCG@10,0.3562071871080222
67707,R@100,1.0
67721,nDCG@10,0.6309297535714575
67721,R@100,1.0
67746,nDCG@10,0.43067655807339306
67746,R@100,1.0
67766,nDCG@10,1.0
67766,R@100,1.0
67818,nDCG@10,1.0
67818,R@100,1.0
67917,nDCG@10,0.38685280723454163
67917,R@100,1.0
68000,nDCG@10,1.0
68000,R@100,1.0
68027,nDCG@10,0.0
68027,R@100,0.0
68160,nDCG@10,0.6309297535714575
68160,R@100,1.0
68265,nDCG@10,1.0
68265,R@100,1.0
68280,nDCG@10,1.0
68280,R@100,1.0
68282,nDCG@10,0.0
68282,R@100,1.0
68283,nDCG@10,0.38685280723454163
68283,R@100,1.0
68320,nDCG@10,0.0
68320,R@100,0.0
68327,nDCG@10,1.0
68327,R@100,1.0
6833,nDCG@10,1.0
6833,R@100,1.0
6834,nDCG@10,0.31546487678572877
6834,R@100,1.0
68394,nDCG@10,1.0
68394,R@100,1.0
68413,nDCG@10,1.0
68413,R@100,1.0
68468,nDCG@10,1.0
68468,R@100,1.0
68472,nDCG@10,0.0
68472,R@100,0.0
68488,nDCG@10,1.0
68488,R@100,1.0
68507,nDCG@10,1.0
68507,R@100,1.0
68539,nDCG@10,0.38685280723454163
68539,R@100,1.0
68546,nDCG@10,1.0
68546,R@100,1.0
68623,nDCG@10,0.21726071285222986
68623,R@100,0.8
68632,nDCG@10,0.0
68632,R@100,1.0
68676,nDCG@10,1.0
68676,R@100,1.0
68677,nDCG@10,1.0
68677,R@100,1.0
68742,nDCG@10,0.0
68742,R@100,1.0
68784,nDCG@10,0.16812753627111746
68784,R@100,0.5
68844,nDCG@10,0.0
68844,R@100,0.0
68893,nDCG@10,0.43067655807339306
68893,R@100,1.0
68908,nDCG@10,1.0
68908,R@100,1.0
68921,nDCG@10,1.0
68921,R@100,1.0
68929,nDCG@10,1.0
68929,R@100,1.0
68930,nDCG@10,1.0
68930,R@100,1.0
68973,nDCG@10,1.0
68973,R@100,1.0
68983,nDCG@10,0.6309297535714575
68983,R@100,1.0
69030,nDCG@10,1.0
69030,R@100,1.0
69035,nDCG@10,0.0
69035,R@100,1.0
69108,nDCG@10,0.6309297535714575
69108,R@100,1.0
69136,nDCG@10,0.2640681225725909
69136,R@100,1.0
69139,nDCG@10,0.5
69139,R@100,1.0
69178,nDCG@10,1.0
69178,R@100,1.0
69185,nDCG@10,0.6309297535714575
69185,R@100,1.0
6925,nDCG@10,1.0
6925,R@100,1.0
69267,nDCG@10,0.6309297535714575
69267,R@100,1.0
69354,nDCG@10,0.0
69354,R@100,1.0
6942,nDCG@10,1.0
6942,R@100,1.0
69422,nDCG@10,0.6309297535714575
69422,R@100,1.0
69436,nDCG@10,1.0
69436,R@100,1.0
69536,nDCG@10,1.0
69536,R@100,1.0
6959,nDCG@10,0.0
6959,R@100,1.0
69625,nDCG@10,0.0
69625,R@100,1.0
69626,nDCG@10,0.0
69626,R@100,1.0
69640,nDCG@10,0.0
69640,R@100,1.0
69652,nDCG@10,0.0
69652,R@100,0.6666666666666666
69655,nDCG@10,1.0
69655,R@100,1.0
69722,nDCG@10,1.0
69722,R@100,1.0
69783,nDCG@10,0.3562071871080222
69783,R@100,1.0
69790,nDCG@10,1.0
69790,R@100,1.0
69798,nDCG@10,0.38685280723454163
69798,R@100,0.5
69843,nDCG@10,0.13905617951077562
69843,R@100,0.25
69871,nDCG@10,0.6309297535714575
69871,R@100,1.0
69878,nDCG@10,0.6052602440527057
69878,R@100,1.0
69883,nDCG@10,0.3333333333333333
69883,R@100,1.0
69892,nDCG@10,0.0
69892,R@100,0.0
69920,nDCG@10,1.0
69920,R@100,1.0
69921,nDCG@10,1.0
69921,R@100,1.0
69972,nDCG@10,1.0
69972,R@100,1.0
69981,nDCG@10,0.5
69981,R@100,1.0
69999,nDCG@10,0.31546487678572877
69999,R@100,1.0
7000,nDCG@10,1.0
7000,R@100,1.0
70005,nDCG@10,0.3333333333333333
70005,R@100,1.0
70022,nDCG@10,0.43067655807339306
70022,R@100,1.0
70041,nDCG@10,0.6309297535714575
70041,R@100,1.0
70074,nDCG@10,1.0
70074,R@100,1.0
70115,nDCG@10,0.0
70115,R@100,1.0
70159,nDCG@10,0.0
70159,R@100,1.0
70164,nDCG@10,0.3333333333333333
70164,R@100,1.0
70178,nDCG@10,0.5706417189553201
70178,R@100,1.0
70239,nDCG@10,0.0
70239,R@100,0.0
7025,nDCG@10,1.0
7025,R@100,1.0
7026,nDCG@10,1.0
7026,R@100,1.0
7031,nDCG@10,0.6309297535714575
7031,R@100,1.0
70310,nDCG@10,0.3010299956639812
70310,R@100,1.0
70311,nDCG@10,0.0
70311,R@100,1.0
7032,nDCG@10,0.6309297535714575
7032,R@100,1.0
70359,nDCG@10,0.0
70359,R@100,1.0
70393,nDCG@10,0.2640681225725909
70393,R@100,1.0
7041,nDCG@10,1.0
7041,R@100,1.0
70421,nDCG@10,1.0
70421,R@100,1.0
70490,nDCG@10,1.0
70490,R@100,1.0
70536,nDCG@10,0.6309297535714575
70536,R@100,1.0
70545,nDCG@10,1.0
70545,R@100,1.0
70574,nDCG@10,0.6309297535714575
70574,R@100,1.0
70604,nDCG@10,0.6309297535714575
70604,R@100,1.0
70644,nDCG@10,0.38685280723454163
70644,R@100,1.0
70645,nDCG@10,0.3562071871080222
70645,R@100,1.0
70702,nDCG@10,0.0
70702,R@100,0.0
70815,nDCG@10,1.0
70815,R@100,1.0
70840,nDCG@10,0.3333333333333333
70840,R@100,1.0
70932,nDCG@10,0.0
70932,R@100,0.0
70935,nDCG@10,0.0
70935,R@100,1.0
70965,nDCG@10,1.0
70965,R@100,1.0
70980,nDCG@10,0.6713860725233041
70980,R@100,1.0
70984,nDCG@10,1.0
70984,R@100,1.0
7105,nDCG@10,0.38685280723454163
7105,R@100,1.0
71058,nDCG@10,0.0
71058,R@100,1.0
71072,nDCG@10,1.0
71072,R@100,1.0
71091,nDCG@10,0.0
71091,R@100,1.0
71092,nDCG@10,0.6934264036172708
71092,R@100,1.0
71099,nDCG@10,1.0
71099,R@100,1.0
71100,nDCG@10,0.0
71100,R@100,1.0
71111,nDCG@10,0.0
71111,R@100,0.0
71120,nDCG@10,0.5
71120,R@100,1.0
71138,nDCG@10,0.43067655807339306
71138,R@100,1.0
71153,nDCG@10,0.3333333333333333
71153,R@100,1.0
71180,nDCG@10,0.0
71180,R@100,1.0
71187,nDCG@10,0.6309297535714575
71187,R@100,1.0
71230,nDCG@10,0.0
71230,R@100,1.0
71232,nDCG@10,1.0
71232,R@100,1.0
71269,nDCG@10,0.3333333333333333
71269,R@100,1.0
71281,nDCG@10,1.0
71281,R@100,1.0
71352,nDCG@10,1.0
71352,R@100,1.0
71368,nDCG@10,1.0
71368,R@100,1.0
7137,nDCG@10,1.0
7137,R@100,1.0
7138,nDCG@10,0.6309297535714575
7138,R@100,1.0
71441,nDCG@10,1.0
71441,R@100,1.0
71444,nDCG@10,0.6131471927654584
71444,R@100,0.5
71458,nDCG@10,1.0
71458,R@100,1.0
71516,nDCG@10,0.17723928678404774
71516,R@100,0.5
71570,nDCG@10,1.0
71570,R@100,1.0
71639,nDCG@10,0.6309297535714575
71639,R@100,1.0
71642,nDCG@10,1.0
71642,R@100,1.0
71672,nDCG@10,1.0
71672,R@100,1.0
71700,nDCG@10,1.0
71700,R@100,1.0
71722,nDCG@10,0.3010299956639812
71722,R@100,1.0
71809,nDCG@10,0.38685280723454163
71809,R@100,1.0
71815,nDCG@10,1.0
71815,R@100,1.0
7183,nDCG@10,1.0
7183,R@100,1.0
71848,nDCG@10,1.0
71848,R@100,1.0
71911,nDCG@10,0.6309297535714575
71911,R@100,1.0
71947,nDCG@10,0.43067655807339306
71947,R@100,1.0
72009,nDCG@10,0.6309297535714575
72009,R@100,1.0
72090,nDCG@10,1.0
72090,R@100,1.0
72132,nDCG@10,0.38685280723454163
72132,R@100,1.0
72143,nDCG@10,0.43067655807339306
72143,R@100,1.0
72177,nDCG@10,1.0
72177,R@100,1.0
72182,nDCG@10,0.6309297535714575
72182,R@100,1.0
72194,nDCG@10,0.0
72194,R@100,0.0
72218,nDCG@10,0.5
72218,R@100,1.0
72250,nDCG@10,0.43067655807339306
72250,R@100,1.0
72267,nDCG@10,0.6309297535714575
72267,R@100,1.0
72271,nDCG@10,0.5
72271,R@100,1.0
72279,nDCG@10,1.0
72279,R@100,1.0
72341,nDCG@10,0.5
72341,R@100,1.0
72346,nDCG@10,0.0
72346,R@100,0.0
72366,nDCG@10,1.0
72366,R@100,1.0
72403,nDCG@10,1.0
72403,R@100,1.0
72498,nDCG@10,1.0
72498,R@100,1.0
72508,nDCG@10,0.6309297535714575
72508,R@100,1.0
72518,nDCG@10,0.0
72518,R@100,1.0
72519,nDCG@10,0.38685280723454163
72519,R@100,1.0
7257,nDCG@10,1.0
7257,R@100,1.0
72585,nDCG@10,0.3562071871080222
72585,R@100,1.0
72586,nDCG@10,0.3562071871080222
72586,R@100,1.0
72593,nDCG@10,1.0
72593,R@100,1.0
726,nDCG@10,0.6309297535714575
726,R@100,1.0
72640,nDCG@10,0.38685280723454163
72640,R@100,1.0
72646,nDCG@10,0.0
72646,R@100,1.0
7265,nDCG@10,0.0
7265,R@100,1.0
72700,nDCG@10,0.0
72700,R@100,1.0
72722,nDCG@10,1.0
72722,R@100,1.0
72727,nDCG@10,1.0
72727,R@100,1.0
72738,nDCG@10,0.0
72738,R@100,1.0
72751,nDCG@10,0.5
72751,R@100,1.0
72756,nDCG@10,1.0
72756,R@100,1.0
7277,nDCG@10,1.0
7277,R@100,1.0
7278,nDCG@10,1.0
7278,R@100,1.0
72813,nDCG@10,0.3562071871080222
72813,R@100,1.0
7287,nDCG@10,1.0
7287,R@100,1.0
72871,nDCG@10,1.0
72871,R@100,1.0
72918,nDCG@10,1.0
72918,R@100,1.0
72923,nDCG@10,1.0
72923,R@100,1.0
72926,nDCG@10,1.0
72926,R@100,1.0
72937,nDCG@10,0.6713860725233041
72937,R@100,0.6666666666666666
72962,nDCG@10,1.0
72962,R@100,1.0
7297,nDCG@10,1.0
7297,R@100,1.0
72987,nDCG@10,0.6309297535714575
72987,R@100,1.0
73017,nDCG@10,1.0
73017,R@100,1.0
73102,nDCG@10,0.43067655807339306
73102,R@100,1.0
73121,nDCG@10,1.0
73121,R@100,1.0
73126,nDCG@10,0.0
73126,R@100,0.0
73158,nDCG@10,1.0
73158,R@100,1.0
73166,nDCG@10,0.0
73166,R@100,1.0
73212,nDCG@10,0.6309297535714575
73212,R@100,1.0
73222,nDCG@10,0.6309297535714575
73222,R@100,1.0
73261,nDCG@10,1.0
73261,R@100,1.0
73269,nDCG@10,0.38685280723454163
73269,R@100,1.0
73281,nDCG@10,0.6309297535714575
73281,R@100,1.0
7330,nDCG@10,1.0
7330,R@100,1.0
73305,nDCG@10,0.38685280723454163
73305,R@100,1.0
73313,nDCG@10,0.43067655807339306
73313,R@100,1.0
7335,nDCG@10,0.43067655807339306
7335,R@100,1.0
73351,nDCG@10,0.0
73351,R@100,1.0
73372,nDCG@10,0.6309297535714575
73372,R@100,1.0
73397,nDCG@10,1.0
73397,R@100,1.0
73439,nDCG@10,0.6309297535714575
73439,R@100,1.0
73491,nDCG@10,0.3333333333333333
73491,R@100,1.0
73560,nDCG@10,1.0
73560,R@100,1.0
73564,nDCG@10,0.6309297535714575
73564,R@100,1.0
73630,nDCG@10,1.0
73630,R@100,1.0
73689,nDCG@10,0.6309297535714575
73689,R@100,1.0
73724,nDCG@10,0.3010299956639812
73724,R@100,1.0
73752,nDCG@10,1.0
73752,R@100,1.0
73756,nDCG@10,1.0
73756,R@100,1.0
73788,nDCG@10,0.6131471927654584
73788,R@100,0.5
73811,nDCG@10,0.38685280723454163
73811,R@100,0.5
73861,nDCG@10,0.5
73861,R@100,1.0
73879,nDCG@10,0.38685280723454163
73879,R@100,1.0
73880,nDCG@10,0.38685280723454163
73880,R@100,1.0
73909,nDCG@10,0.0
73909,R@100,1.0
73956,nDCG@10,0.0
73956,R@100,0.5
73971,nDCG@10,0.43067655807339306
73971,R@100,1.0
73974,nDCG@10,1.0
73974,R@100,1.0
7401,nDCG@10,1.0
7401,R@100,1.0
74035,nDCG@10,0.5
74035,R@100,1.0
74074,nDCG@10,1.0
74074,R@100,1.0
74135,nDCG@10,1.0
74135,R@100,1.0
74140,nDCG@10,1.0
74140,R@100,1.0
74163,nDCG@10,1.0
74163,R@100,1.0
74188,nDCG@10,0.3562071871080222
74188,R@100,1.0
74224,nDCG@10,1.0
74224,R@100,1.0
74271,nDCG@10,0.5
74271,R@100,1.0
74274,nDCG@10,0.0
74274,R@100,0.5
7429,nDCG@10,1.0
7429,R@100,1.0
7430,nDCG@10,1.0
7430,R@100,1.0
74311,nDCG@10,1.0
74311,R@100,1.0
74325,nDCG@10,1.0
74325,R@100,1.0
7436,nDCG@10,1.0
7436,R@100,1.0
74427,nDCG@10,1.0
74427,R@100,1.0
74430,nDCG@10,0.0
74430,R@100,0.0
74435,nDCG@10,0.6309297535714575
74435,R@100,1.0
74436,nDCG@10,0.3333333333333333
74436,R@100,1.0
74440,nDCG@10,1.0
74440,R@100,1.0
74475,nDCG@10,0.0
74475,R@100,0.0
74479,nDCG@10,1.0
74479,R@100,1.0
74488,nDCG@10,1.0
74488,R@100,1.0
74507,nDCG@10,0.6131471927654584
74507,R@100,0.5
7452,nDCG@10,0.43067655807339306
7452,R@100,1.0
74533,nDCG@10,0.0
74533,R@100,0.0
74544,nDCG@10,1.0
74544,R@100,1.0
74555,nDCG@10,1.0
74555,R@100,1.0
74581,nDCG@10,0.0
74581,R@100,0.0
74583,nDCG@10,1.0
74583,R@100,1.0
74588,nDCG@10,0.0
74588,R@100,0.0
74621,nDCG@10,0.0
74621,R@100,0.5
74645,nDCG@10,0.5
74645,R@100,1.0
74648,nDCG@10,1.0
74648,R@100,1.0
74649,nDCG@10,1.0
74649,R@100,1.0
74732,nDCG@10,0.0
74732,R@100,1.0
74753,nDCG@10,0.19342640361727081
74753,R@100,1.0
74760,nDCG@10,0.3562071871080222
74760,R@100,1.0
74789,nDCG@10,1.0
74789,R@100,1.0
74790,nDCG@10,0.2960819109658652
74790,R@100,0.3333333333333333
74806,nDCG@10,0.0
74806,R@100,1.0
74951,nDCG@10,1.0
74951,R@100,1.0
74961,nDCG@10,1.0
74961,R@100,1.0
75013,nDCG@10,1.0
75013,R@100,1.0
75016,nDCG@10,0.6131471927654584
75016,R@100,0.5
75025,nDCG@10,0.0
75025,R@100,0.0
75033,nDCG@10,0.31546487678572877
75033,R@100,1.0
75056,nDCG@10,0.6309297535714575
75056,R@100,1.0
75210,nDCG@10,0.6309297535714575
75210,R@100,1.0
75217,nDCG@10,0.3010299956639812
75217,R@100,1.0
75232,nDCG@10,1.0
75232,R@100,1.0
75276,nDCG@10,0.6309297535714575
75276,R@100,1.0
75277,nDCG@10,1.0
75277,R@100,1.0
75288,nDCG@10,0.5
75288,R@100,1.0
75307,nDCG@10,0.43067655807339306
75307,R@100,1.0
75311,nDCG@10,1.0
75311,R@100,1.0
75393,nDCG@10,0.43067655807339306
75393,R@100,1.0
75401,nDCG@10,1.0
75401,R@100,1.0
75449,nDCG@10,1.0
75449,R@100,1.0
7546,nDCG@10,0.6131471927654584
7546,R@100,0.5
75486,nDCG@10,1.0
75486,R@100,1.0
75520,nDCG@10,1.0
75520,R@100,1.0
75550,nDCG@10,0.0
75550,R@100,1.0
75584,nDCG@10,1.0
75584,R@100,1.0
75594,nDCG@10,0.6309297535714575
75594,R@100,1.0
75621,nDCG@10,0.0
75621,R@100,0.0
75702,nDCG@10,1.0
75702,R@100,1.0
75759,nDCG@10,1.0
75759,R@100,1.0
75778,nDCG@10,0.43067655807339306
75778,R@100,1.0
7580,nDCG@10,0.38685280723454163
7580,R@100,1.0
75836,nDCG@10,1.0
75836,R@100,1.0
75838,nDCG@10,0.6309297535714575
75838,R@100,1.0
75850,nDCG@10,1.0
75850,R@100,1.0
75897,nDCG@10,0.30260241349881345
75897,R@100,0.3333333333333333
75909,nDCG@10,1.0
75909,R@100,1.0
75922,nDCG@10,0.5
75922,R@100,1.0
75942,nDCG@10,0.5
75942,R@100,1.0
75978,nDCG@10,0.0
75978,R@100,1.0
75999,nDCG@10,0.38685280723454163
75999,R@100,1.0
76010,nDCG@10,0.0
76010,R@100,1.0
76050,nDCG@10,0.46927872602275644
76050,R@100,0.3333333333333333
76076,nDCG@10,0.0
76076,R@100,1.0
76086,nDCG@10,1.0
76086,R@100,1.0
76096,nDCG@10,1.0
76096,R@100,1.0
76117,nDCG@10,0.6131471927654584
76117,R@100,0.5
76118,nDCG@10,0.5
76118,R@100,1.0
76126,nDCG@10,1.0
76126,R@100,1.0
76129,nDCG@10,0.0
76129,R@100,1.0
76181,nDCG@10,0.0
76181,R@100,1.0
76213,nDCG@10,0.3562071871080222
76213,R@100,1.0
7624,nDCG@10,0.0
7624,R@100,1.0
7625,nDCG@10,0.0
7625,R@100,0.0
76285,nDCG@10,1.0
76285,R@100,1.0
76307,nDCG@10,1.0
76307,R@100,1.0
76317,nDCG@10,1.0
76317,R@100,1.0
76324,nDCG@10,0.0
76324,R@100,1.0
76348,nDCG@10,1.0
76348,R@100,1.0
76354,nDCG@10,0.5
76354,R@100,1.0
76433,nDCG@10,0.0
76433,R@100,0.0
76436,nDCG@10,0.6309297535714575
76436,R@100,1.0
76455,nDCG@10,0.6309297535714575
76455,R@100,1.0
76467,nDCG@10,1.0
76467,R@100,1.0
76522,nDCG@10,0.0
76522,R@100,1.0
76526,nDCG@10,1.0
76526,R@100,1.0
76535,nDCG@10,0.0
76535,R@100,0.0
76549,nDCG@10,0.3010299956639812
76549,R@100,1.0
76562,nDCG@10,1.0
76562,R@100,1.0
76585,nDCG@10,1.0
76585,R@100,1.0
76615,nDCG@10,0.0
76615,R@100,1.0
76627,nDCG@10,0.6309297535714575
76627,R@100,1.0
76649,nDCG@10,0.38685280723454163
76649,R@100,1.0
76692,nDCG@10,1.0
76692,R@100,1.0
76710,nDCG@10,0.0
76710,R@100,1.0
76711,nDCG@10,1.0
76711,R@100,1.0
76759,nDCG@10,1.0
76759,R@100,1.0
76774,nDCG@10,0.0
76774,R@100,1.0
76775,nDCG@10,0.0
76775,R@100,0.0
76776,nDCG@10,0.0
76776,R@100,0.0
76783,nDCG@10,0.5
76783,R@100,1.0
76838,nDCG@10,0.9197207891481876
76838,R@100,1.0
76867,nDCG@10,0.23719771276929622
76867,R@100,1.0
76869,nDCG@10,1.0
76869,R@100,1.0
76901,nDCG@10,0.21840743681816419
76901,R@100,0.5
76904,nDCG@10,0.0
76904,R@100,1.0
77007,nDCG@10,0.6309297535714575
77007,R@100,1.0
77011,nDCG@10,0.0
77011,R@100,0.0
77012,nDCG@10,0.9197207891481876
77012,R@100,1.0
7702,nDCG@10,0.0
7702,R@100,0.5
77043,nDCG@10,1.0
77043,R@100,1.0
77046,nDCG@10,0.6309297535714575
77046,R@100,1.0
77077,nDCG@10,0.5
77077,R@100,1.0
77113,nDCG@10,0.6131471927654584
77113,R@100,0.5
77126,nDCG@10,0.6309297535714575
77126,R@100,1.0
7727,nDCG@10,0.6309297535714575
7727,R@100,1.0
77277,nDCG@10,1.0
77277,R@100,1.0
7728,nDCG@10,0.2960819109658652
7728,R@100,0.6666666666666666
77359,nDCG@10,1.0
77359,R@100,1.0
77398,nDCG@10,1.0
77398,R@100,1.0
77435,nDCG@10,0.38685280723454163
77435,R@100,1.0
7744,nDCG@10,1.0
7744,R@100,1.0
77449,nDCG@10,0.0
77449,R@100,0.0
77499,nDCG@10,0.2890648263178879
77499,R@100,1.0
77520,nDCG@10,0.6309297535714575
77520,R@100,1.0
77549,nDCG@10,0.5
77549,R@100,1.0
77550,nDCG@10,1.0
77550,R@100,1.0
7757,nDCG@10,1.0
7757,R@100,1.0
77573,nDCG@10,0.6309297535714575
77573,R@100,1.0
77576,nDCG@10,1.0
77576,R@100,1.0
7758,nDCG@10,0.0
7758,R@100,1.0
7761,nDCG@10,1.0
7761,R@100,1.0
77616,nDCG@10,0.6309297535714575
77616,R@100,1.0
7762,nDCG@10,1.0
7762,R@100,1.0
77686,nDCG@10,1.0
77686,R@100,1.0
77710,nDCG@10,0.31546487678572877
77710,R@100,1.0
77730,nDCG@10,0.6934264036172708
77730,R@100,1.0
77763,nDCG@10,0.5
77763,R@100,1.0
7782,nDCG@10,0.6309297535714575
7782,R@100,1.0
77911,nDCG@10,0.0
77911,R@100,0.5
7794,nDCG@10,0.0
7794,R@100,0.6666666666666666
7795,nDCG@10,0.19519002499605084
7795,R@100,0.5
77982,nDCG@10,1.0
77982,R@100,1.0
77993,nDCG@10,0.2890648263178879
77993,R@100,1.0
78055,nDCG@10,1.0
78055,R@100,1.0
78080,nDCG@10,1.0
78080,R@100,1.0
78087,nDCG@10,1.0
78087,R@100,1.0
7810,nDCG@10,0.6309297535714575
7810,R@100,1.0
7811,nDCG@10,0.6309297535714575
7811,R@100,1.0
78174,nDCG@10,0.5
78174,R@100,1.0
78175,nDCG@10,0.0
78175,R@100,1.0
78179,nDCG@10,0.6131471927654584
78179,R@100,0.5
78232,nDCG@10,0.46927872602275644
78232,R@100,0.3333333333333333
78252,nDCG@10,1.0
78252,R@100,1.0
78264,nDCG@10,0.0
78264,R@100,0.5
78289,nDCG@10,0.4144299250118475
78289,R@100,0.75
78297,nDCG@10,0.43067655807339306
78297,R@100,1.0
78311,nDCG@10,0.0
78311,R@100,0.5
78312,nDCG@10,0.0
78312,R@100,1.0
78344,nDCG@10,1.0
78344,R@100,1.0
78345,nDCG@10,1.0
78345,R@100,1.0
78349,nDCG@10,0.43067655807339306
78349,R@100,1.0
78410,nDCG@10,0.0
78410,R@100,1.0
78448,nDCG@10,0.0
78448,R@100,1.0
78498,nDCG@10,1.0
78498,R@100,1.0
78516,nDCG@10,1.0
78516,R@100,1.0
78526,nDCG@10,0.6309297535714575
78526,R@100,1.0
78534,nDCG@10,0.0
78534,R@100,1.0
78652,nDCG@10,0.21398626473452756
78652,R@100,0.6
78660,nDCG@10,0.6309297535714575
78660,R@100,1.0
78691,nDCG@10,0.0
78691,R@100,1.0
78755,nDCG@10,0.3562071871080222
78755,R@100,1.0
78777,nDCG@10,1.0
78777,R@100,1.0
78778,nDCG@10,0.0
78778,R@100,1.0
78794,nDCG@10,0.6309297535714575
78794,R@100,1.0
78795,nDCG@10,0.6309297535714575
78795,R@100,1.0
78831,nDCG@10,0.0
78831,R@100,0.0
7884,nDCG@10,0.6309297535714575
7884,R@100,1.0
78843,nDCG@10,0.0
78843,R@100,1.0
78855,nDCG@10,1.0
78855,R@100,1.0
78883,nDCG@10,1.0
78883,R@100,1.0
78889,nDCG@10,0.6131471927654584
78889,R@100,1.0
78914,nDCG@10,0.17723928678404774
78914,R@100,0.5
78925,nDCG@10,0.0
78925,R@100,1.0
78942,nDCG@10,1.0
78942,R@100,1.0
78957,nDCG@10,1.0
78957,R@100,1.0
78973,nDCG@10,0.6309297535714575
78973,R@100,1.0
78982,nDCG@10,0.3333333333333333
78982,R@100,1.0
78985,nDCG@10,0.3543334123470583
78985,R@100,0.42857142857142855
79034,nDCG@10,0.0
79034,R@100,1.0
79079,nDCG@10,1.0
79079,R@100,1.0
79123,nDCG@10,0.0
79123,R@100,0.0
79146,nDCG@10,1.0
79146,R@100,1.0
79172,nDCG@10,0.6131471927654584
79172,R@100,1.0
7922,nDCG@10,1.0
7922,R@100,1.0
7923,nDCG@10,1.0
7923,R@100,1.0
79247,nDCG@10,1.0
79247,R@100,1.0
79264,nDCG@10,0.0
79264,R@100,0.0
79307,nDCG@10,0.6309297535714575
79307,R@100,1.0
79340,nDCG@10,1.0
79340,R@100,1.0
79347,nDCG@10,1.0
79347,R@100,1.0
79354,nDCG@10,0.0
79354,R@100,1.0
79366,nDCG@10,0.0
79366,R@100,0.26666666666666666
79378,nDCG@10,1.0
79378,R@100,1.0
79392,nDCG@10,0.6309297535714575
79392,R@100,1.0
79419,nDCG@10,0.5
79419,R@100,1.0
79429,nDCG@10,0.30260241349881345
79429,R@100,0.3333333333333333
79460,nDCG@10,1.0
79460,R@100,1.0
79461,nDCG@10,0.43067655807339306
79461,R@100,1.0
79505,nDCG@10,1.0
79505,R@100,1.0
79575,nDCG@10,1.0
79575,R@100,1.0
79610,nDCG@10,1.0
79610,R@100,1.0
79613,nDCG@10,0.0
79613,R@100,1.0
7963,nDCG@10,0.23463936301137822
7963,R@100,0.6666666666666666
79635,nDCG@10,0.0
79635,R@100,1.0
79644,nDCG@10,1.0
79644,R@100,1.0
79711,nDCG@10,0.17723928678404774
79711,R@100,1.0
79731,nDCG@10,0.6309297535714575
79731,R@100,1.0
79800,nDCG@10,1.0
79800,R@100,1.0
7982,nDCG@10,0.43067655807339306
7982,R@100,1.0
79881,nDCG@10,0.6309297535714575
79881,R@100,1.0
79885,nDCG@10,1.0
79885,R@100,1.0
79899,nDCG@10,1.0
79899,R@100,1.0
79923,nDCG@10,0.6309297535714575
79923,R@100,1.0
79956,nDCG@10,0.43067655807339306
79956,R@100,1.0
79984,nDCG@10,0.0
79984,R@100,1.0
80013,nDCG@10,1.0
80013,R@100,1.0
80074,nDCG@10,0.6309297535714575
80074,R@100,1.0
80112,nDCG@10,1.0
80112,R@100,1.0
80148,nDCG@10,0.0
80148,R@100,1.0
80185,nDCG@10,1.0
80185,R@100,1.0
80186,nDCG@10,1.0
80186,R@100,1.0
80212,nDCG@10,1.0
80212,R@100,1.0
80227,nDCG@10,0.17723928678404774
80227,R@100,0.5
80258,nDCG@10,0.0
80258,R@100,0.0
80273,nDCG@10,1.0
80273,R@100,1.0
80289,nDCG@10,0.3562071871080222
80289,R@100,1.0
80301,nDCG@10,1.0
80301,R@100,1.0
80333,nDCG@10,0.5
80333,R@100,1.0
80335,nDCG@10,1.0
80335,R@100,1.0
80356,nDCG@10,0.6309297535714575
80356,R@100,1.0
80361,nDCG@10,0.31546487678572877
80361,R@100,1.0
8037,nDCG@10,0.43067655807339306
8037,R@100,1.0
80429,nDCG@10,0.38685280723454163
80429,R@100,0.5
80487,nDCG@10,1.0
80487,R@100,1.0
80516,nDCG@10,0.0
80516,R@100,1.0
80532,nDCG@10,0.5
80532,R@100,1.0
80551,nDCG@10,0.5
80551,R@100,1.0
80573,nDCG@10,1.0
80573,R@100,1.0
80590,nDCG@10,0.0
80590,R@100,0.0
80621,nDCG@10,1.0
80621,R@100,1.0
80625,nDCG@10,0.3235866969737877
80625,R@100,1.0
8065,nDCG@10,1.0
8065,R@100,1.0
80650,nDCG@10,1.0
80650,R@100,1.0
80676,nDCG@10,1.0
80676,R@100,1.0
80764,nDCG@10,0.38685280723454163
80764,R@100,1.0
80800,nDCG@10,0.5
80800,R@100,1.0
80949,nDCG@10,1.0
80949,R@100,1.0
80969,nDCG@10,0.43067655807339306
80969,R@100,1.0
80984,nDCG@10,0.8772153153380493
80984,R@100,1.0
81002,nDCG@10,1.0
81002,R@100,1.0
81029,nDCG@10,0.6131471927654584
81029,R@100,1.0
81045,nDCG@10,0.6309297535714575
81045,R@100,1.0
81058,nDCG@10,0.0
81058,R@100,0.5
81069,nDCG@10,0.43067655807339306
81069,R@100,1.0
81084,nDCG@10,0.6309297535714575
81084,R@100,1.0
81119,nDCG@10,1.0
81119,R@100,1.0
81121,nDCG@10,0.43067655807339306
81121,R@100,1.0
81155,nDCG@10,0.6309297535714575
81155,R@100,1.0
81191,nDCG@10,0.0
81191,R@100,1.0
81301,nDCG@10,0.38685280723454163
81301,R@100,1.0
81304,nDCG@10,1.0
81304,R@100,1.0
81305,nDCG@10,1.0
81305,R@100,1.0
81357,nDCG@10,1.0
81357,R@100,1.0
81361,nDCG@10,1.0
81361,R@100,1.0
81366,nDCG@10,0.6309297535714575
81366,R@100,1.0
81385,nDCG@10,1.0
81385,R@100,1.0
81391,nDCG@10,1.0
81391,R@100,1.0
81405,nDCG@10,1.0
81405,R@100,1.0
8143,nDCG@10,1.0
8143,R@100,1.0
81439,nDCG@10,0.6309297535714575
81439,R@100,1.0
81450,nDCG@10,1.0
81450,R@100,1.0
81460,nDCG@10,0.5
81460,R@100,1.0
81467,nDCG@10,1.0
81467,R@100,1.0
8148,nDCG@10,1.0
8148,R@100,1.0
81480,nDCG@10,0.6309297535714575
81480,R@100,1.0
8149,nDCG@10,1.0
8149,R@100,1.0
81492,nDCG@10,1.0
81492,R@100,1.0
81496,nDCG@10,1.0
81496,R@100,1.0
81540,nDCG@10,1.0
81540,R@100,1.0
81609,nDCG@10,0.0
81609,R@100,0.0
81613,nDCG@10,0.5
81613,R@100,1.0
81646,nDCG@10,1.0
81646,R@100,1.0
8167,nDCG@10,1.0
8167,R@100,1.0
81710,nDCG@10,0.3333333333333333
81710,R@100,1.0
81727,nDCG@10,1.0
81727,R@100,1.0
81756,nDCG@10,1.0
81756,R@100,1.0
81761,nDCG@10,1.0
81761,R@100,1.0
81772,nDCG@10,1.0
81772,R@100,1.0
81775,nDCG@10,0.23463936301137822
81775,R@100,0.6666666666666666
81806,nDCG@10,1.0
81806,R@100,1.0
81809,nDCG@10,0.6309297535714575
81809,R@100,1.0
81849,nDCG@10,1.0
81849,R@100,1.0
8190,nDCG@10,1.0
8190,R@100,1.0
81912,nDCG@10,1.0
81912,R@100,1.0
81950,nDCG@10,1.0
81950,R@100,1.0
81957,nDCG@10,0.0
81957,R@100,1.0
82106,nDCG@10,0.0
82106,R@100,0.0
8219,nDCG@10,1.0
8219,R@100,1.0
82208,nDCG@10,0.5
82208,R@100,1.0
82367,nDCG@10,1.0
82367,R@100,1.0
82396,nDCG@10,1.0
82396,R@100,1.0
82450,nDCG@10,0.0
82450,R@100,0.0
82492,nDCG@10,1.0
82492,R@100,1.0
82559,nDCG@10,1.0
82559,R@100,1.0
82580,nDCG@10,0.0
82580,R@100,1.0
82587,nDCG@10,0.6309297535714575
82587,R@100,1.0
82594,nDCG@10,0.38685280723454163
82594,R@100,0.5
82602,nDCG@10,0.6309297535714575
82602,R@100,1.0
82624,nDCG@10,0.38685280723454163
82624,R@100,1.0
82674,nDCG@10,0.0
82674,R@100,0.0
82751,nDCG@10,1.0
82751,R@100,1.0
8290,nDCG@10,1.0
8290,R@100,1.0
8297,nDCG@10,0.6309297535714575
8297,R@100,1.0
8298,nDCG@10,0.6309297535714575
8298,R@100,1.0
83,nDCG@10,1.0
83,R@100,1.0
8304,nDCG@10,1.0
8304,R@100,1.0
83043,nDCG@10,1.0
83043,R@100,1.0
83048,nDCG@10,0.431733884398313
83048,R@100,1.0
83090,nDCG@10,0.5
83090,R@100,1.0
8316,nDCG@10,0.0
8316,R@100,1.0
83241,nDCG@10,0.0
83241,R@100,0.0
83351,nDCG@10,1.0
83351,R@100,1.0
83425,nDCG@10,1.0
83425,R@100,1.0
83431,nDCG@10,0.3562071871080222
83431,R@100,1.0
83452,nDCG@10,0.6131471927654584
83452,R@100,0.5
83454,nDCG@10,0.0
83454,R@100,1.0
83469,nDCG@10,1.0
83469,R@100,1.0
83505,nDCG@10,0.0
83505,R@100,1.0
83509,nDCG@10,0.6309297535714575
83509,R@100,1.0
83527,nDCG@10,1.0
83527,R@100,1.0
83530,nDCG@10,1.0
83530,R@100,1.0
83541,nDCG@10,0.6309297535714575
83541,R@100,1.0
83545,nDCG@10,0.6309297535714575
83545,R@100,1.0
83577,nDCG@10,0.0
83577,R@100,0.5
83598,nDCG@10,1.0
83598,R@100,1.0
83654,nDCG@10,0.0
83654,R@100,1.0
83664,nDCG@10,1.0
83664,R@100,1.0
83669,nDCG@10,0.6309297535714575
83669,R@100,1.0
83795,nDCG@10,1.0
83795,R@100,1.0
83803,nDCG@10,1.0
83803,R@100,1.0
83954,nDCG@10,0.0
83954,R@100,1.0
83955,nDCG@10,0.0
83955,R@100,0.0
83984,nDCG@10,0.0
83984,R@100,1.0
83989,nDCG@10,0.3903800499921017
83989,R@100,0.5
8403,nDCG@10,1.0
8403,R@100,1.0
8404,nDCG@10,0.8503449055347546
8404,R@100,1.0
84043,nDCG@10,0.2640681225725909
84043,R@100,0.5
84052,nDCG@10,0.0
84052,R@100,1.0
84063,nDCG@10,1.0
84063,R@100,1.0
84123,nDCG@10,0.0
84123,R@100,0.0
84132,nDCG@10,1.0
84132,R@100,1.0
84154,nDCG@10,0.6309297535714575
84154,R@100,1.0
84260,nDCG@10,1.0
84260,R@100,1.0
84274,nDCG@10,1.0
84274,R@100,1.0
84278,nDCG@10,1.0
84278,R@100,1.0
84328,nDCG@10,1.0
84328,R@100,1.0
84329,nDCG@10,0.49684601414843915
84329,R@100,0.5
84431,nDCG@10,1.0
84431,R@100,1.0
84643,nDCG@10,0.6309297535714575
84643,R@100,1.0
84673,nDCG@10,0.5
84673,R@100,1.0
84675,nDCG@10,1.0
84675,R@100,1.0
84709,nDCG@10,0.0
84709,R@100,1.0
84710,nDCG@10,0.0
84710,R@100,1.0
84737,nDCG@10,0.0
84737,R@100,1.0
84775,nDCG@10,0.38685280723454163
84775,R@100,1.0
84807,nDCG@10,0.0
84807,R@100,1.0
84828,nDCG@10,0.0
84828,R@100,0.0
8483,nDCG@10,0.0
8483,R@100,1.0
84856,nDCG@10,1.0
84856,R@100,1.0
84895,nDCG@10,1.0
84895,R@100,1.0
849,nDCG@10,1.0
849,R@100,1.0
84907,nDCG@10,0.5
84907,R@100,1.0
84959,nDCG@10,1.0
84959,R@100,1.0
84967,nDCG@10,0.5
84967,R@100,1.0
84970,nDCG@10,0.6309297535714575
84970,R@100,1.0
850,nDCG@10,0.5
850,R@100,1.0
85011,nDCG@10,0.0
85011,R@100,1.0
85015,nDCG@10,0.6309297535714575
85015,R@100,1.0
85028,nDCG@10,0.5
85028,R@100,1.0
85062,nDCG@10,0.3562071871080222
85062,R@100,1.0
85066,nDCG@10,1.0
85066,R@100,1.0
85093,nDCG@10,0.6309297535714575
85093,R@100,1.0
85138,nDCG@10,0.0
85138,R@100,1.0
85175,nDCG@10,1.0
85175,R@100,1.0
85177,nDCG@10,0.18154179253735267
85177,R@100,0.3333333333333333
85193,nDCG@10,1.0
85193,R@100,1.0
85301,nDCG@10,1.0
85301,R@100,1.0
85338,nDCG@10,0.0
85338,R@100,1.0
8538,nDCG@10,0.0
8538,R@100,0.6666666666666666
85422,nDCG@10,1.0
85422,R@100,1.0
85454,nDCG@10,0.6131471927654584
85454,R@100,0.5
8546,nDCG@10,0.0
8546,R@100,0.0
85467,nDCG@10,0.6309297535714575
85467,R@100,1.0
85470,nDCG@10,0.6309297535714575
85470,R@100,1.0
85571,nDCG@10,1.0
85571,R@100,1.0
85600,nDCG@10,1.0
85600,R@100,1.0
85619,nDCG@10,1.0
85619,R@100,1.0
85653,nDCG@10,0.0
85653,R@100,1.0
85702,nDCG@10,1.0
85702,R@100,1.0
8574,nDCG@10,0.6309297535714575
8574,R@100,1.0
8576,nDCG@10,1.0
8576,R@100,1.0
85764,nDCG@10,0.20438239758848611
85764,R@100,1.0
8577,nDCG@10,1.0
8577,R@100,1.0
85780,nDCG@10,0.3562071871080222
85780,R@100,1.0
85800,nDCG@10,1.0
85800,R@100,1.0
8581,nDCG@10,0.5
8581,R@100,1.0
85825,nDCG@10,0.38685280723454163
85825,R@100,1.0
85881,nDCG@10,1.0
85881,R@100,1.0
85923,nDCG@10,0.5
85923,R@100,1.0
85924,nDCG@10,0.5
85924,R@100,1.0
86013,nDCG@10,0.5
86013,R@100,1.0
86024,nDCG@10,1.0
86024,R@100,1.0
86029,nDCG@10,0.5
86029,R@100,1.0
86095,nDCG@10,0.0
86095,R@100,0.1
86109,nDCG@10,0.2640681225725909
86109,R@100,0.5
86131,nDCG@10,1.0
86131,R@100,1.0
86222,nDCG@10,1.0
86222,R@100,1.0
86279,nDCG@10,0.0
86279,R@100,1.0
86289,nDCG@10,0.23719771276929622
86289,R@100,0.5
86361,nDCG@10,0.6309297535714575
86361,R@100,1.0
86387,nDCG@10,1.0
86387,R@100,1.0
86394,nDCG@10,0.7977228895450266
86394,R@100,1.0
86439,nDCG@10,0.38685280723454163
86439,R@100,1.0
86472,nDCG@10,0.3333333333333333
86472,R@100,1.0
86474,nDCG@10,1.0
86474,R@100,1.0
86495,nDCG@10,0.6309297535714575
86495,R@100,1.0
86539,nDCG@10,0.0
86539,R@100,1.0
86559,nDCG@10,1.0
86559,R@100,1.0
86630,nDCG@10,0.38685280723454163
86630,R@100,0.5
86698,nDCG@10,0.6309297535714575
86698,R@100,1.0
86738,nDCG@10,1.0
86738,R@100,1.0
86749,nDCG@10,1.0
86749,R@100,1.0
86752,nDCG@10,1.0
86752,R@100,1.0
86783,nDCG@10,1.0
86783,R@100,1.0
86800,nDCG@10,1.0
86800,R@100,1.0
86890,nDCG@10,0.6309297535714575
86890,R@100,1.0
86897,nDCG@10,1.0
86897,R@100,1.0
86913,nDCG@10,0.5
86913,R@100,1.0
87017,nDCG@10,1.0
87017,R@100,1.0
87019,nDCG@10,0.0
87019,R@100,1.0
87072,nDCG@10,0.0
87072,R@100,1.0
87073,nDCG@10,0.0
87073,R@100,1.0
87161,nDCG@10,0.6131471927654584
87161,R@100,1.0
87187,nDCG@10,0.5
87187,R@100,1.0
87229,nDCG@10,0.19342640361727081
87229,R@100,1.0
8725,nDCG@10,1.0
8725,R@100,1.0
87251,nDCG@10,1.0
87251,R@100,1.0
87293,nDCG@10,0.0
87293,R@100,1.0
87320,nDCG@10,1.0
87320,R@100,1.0
87326,nDCG@10,0.0
87326,R@100,1.0
87383,nDCG@10,1.0
87383,R@100,1.0
8740,nDCG@10,0.6309297535714575
8740,R@100,1.0
87414,nDCG@10,0.0
87414,R@100,1.0
87456,nDCG@10,1.0
87456,R@100,1.0
87517,nDCG@10,1.0
87517,R@100,1.0
87563,nDCG@10,0.6309297535714575
87563,R@100,1.0
87570,nDCG@10,0.43067655807339306
87570,R@100,1.0
87581,nDCG@10,0.0
87581,R@100,1.0
87694,nDCG@10,1.0
87694,R@100,1.0
87783,nDCG@10,0.0
87783,R@100,1.0
87808,nDCG@10,1.0
87808,R@100,1.0
87809,nDCG@10,0.6309297535714575
87809,R@100,1.0
87828,nDCG@10,0.0
87828,R@100,1.0
87838,nDCG@10,0.0
87838,R@100,1.0
87903,nDCG@10,1.0
87903,R@100,1.0
87918,nDCG@10,1.0
87918,R@100,1.0
87942,nDCG@10,0.4483039899025303
87942,R@100,0.5714285714285714
87993,nDCG@10,0.5
87993,R@100,1.0
88008,nDCG@10,1.0
88008,R@100,1.0
88023,nDCG@10,0.3333333333333333
88023,R@100,1.0
88041,nDCG@10,1.0
88041,R@100,1.0
88046,nDCG@10,0.43067655807339306
88046,R@100,1.0
88082,nDCG@10,1.0
88082,R@100,1.0
88112,nDCG@10,0.0
88112,R@100,1.0
88152,nDCG@10,0.2890648263178879
88152,R@100,1.0
88164,nDCG@10,1.0
88164,R@100,1.0
88172,nDCG@10,0.5
88172,R@100,1.0
88211,nDCG@10,0.6131471927654584
88211,R@100,0.5
8823,nDCG@10,1.0
8823,R@100,1.0
88337,nDCG@10,0.6309297535714575
88337,R@100,1.0
8834,nDCG@10,0.0
8834,R@100,1.0
88345,nDCG@10,0.2640681225725909
88345,R@100,1.0
88346,nDCG@10,1.0
88346,R@100,1.0
88352,nDCG@10,1.0
88352,R@100,1.0
88361,nDCG@10,0.0
88361,R@100,0.0
88377,nDCG@10,0.6309297535714575
88377,R@100,1.0
88385,nDCG@10,1.0
88385,R@100,1.0
88401,nDCG@10,0.31546487678572877
88401,R@100,1.0
88425,nDCG@10,0.0
88425,R@100,0.0
88459,nDCG@10,1.0
88459,R@100,1.0
88480,nDCG@10,1.0
88480,R@100,1.0
88589,nDCG@10,0.0
88589,R@100,1.0
88619,nDCG@10,0.5
88619,R@100,1.0
8863,nDCG@10,0.43067655807339306
8863,R@100,1.0
8864,nDCG@10,0.43067655807339306
8864,R@100,1.0
88641,nDCG@10,0.0
88641,R@100,0.0
8867,nDCG@10,1.0
8867,R@100,1.0
8870,nDCG@10,1.0
8870,R@100,1.0
88763,nDCG@10,0.0
88763,R@100,0.0
88764,nDCG@10,0.6309297535714575
88764,R@100,1.0
88781,nDCG@10,1.0
88781,R@100,1.0
88816,nDCG@10,0.0
88816,R@100,1.0
88865,nDCG@10,1.0
88865,R@100,1.0
8888,nDCG@10,1.0
8888,R@100,1.0
88894,nDCG@10,0.6131471927654584
88894,R@100,0.5
88910,nDCG@10,0.43067655807339306
88910,R@100,1.0
88914,nDCG@10,0.6131471927654584
88914,R@100,1.0
88977,nDCG@10,0.0
88977,R@100,0.0
89014,nDCG@10,1.0
89014,R@100,1.0
89049,nDCG@10,0.5
89049,R@100,1.0
8905,nDCG@10,0.46927872602275644
8905,R@100,0.3333333333333333
89150,nDCG@10,0.43067655807339306
89150,R@100,1.0
89156,nDCG@10,1.0
89156,R@100,1.0
89163,nDCG@10,0.6131471927654584
89163,R@100,0.5
89174,nDCG@10,1.0
89174,R@100,1.0
89304,nDCG@10,0.6309297535714575
89304,R@100,1.0
89322,nDCG@10,0.6309297535714575
89322,R@100,1.0
89364,nDCG@10,0.46927872602275644
89364,R@100,0.3333333333333333
89450,nDCG@10,0.0
89450,R@100,0.0
89455,nDCG@10,0.38685280723454163
89455,R@100,0.5
89483,nDCG@10,0.0
89483,R@100,1.0
89521,nDCG@10,0.5
89521,R@100,1.0
89573,nDCG@10,0.6309297535714575
89573,R@100,1.0
89583,nDCG@10,0.0
89583,R@100,1.0
89608,nDCG@10,0.7903864795495061
89608,R@100,1.0
89615,nDCG@10,0.0
89615,R@100,1.0
89633,nDCG@10,1.0
89633,R@100,1.0
89661,nDCG@10,0.0
89661,R@100,0.0
89681,nDCG@10,0.3010299956639812
89681,R@100,1.0
89682,nDCG@10,0.0
89682,R@100,1.0
89691,nDCG@10,0.43067655807339306
89691,R@100,1.0
89707,nDCG@10,0.0
89707,R@100,0.0
8971,nDCG@10,1.0
8971,R@100,1.0
89730,nDCG@10,1.0
89730,R@100,1.0
89734,nDCG@10,0.0
89734,R@100,1.0
89739,nDCG@10,1.0
89739,R@100,1.0
89796,nDCG@10,0.9197207891481876
89796,R@100,1.0
89804,nDCG@10,1.0
89804,R@100,1.0
89835,nDCG@10,0.6309297535714575
89835,R@100,1.0
89876,nDCG@10,1.0
89876,R@100,1.0
89908,nDCG@10,1.0
89908,R@100,1.0
89932,nDCG@10,0.5
89932,R@100,1.0
89936,nDCG@10,1.0
89936,R@100,1.0
89937,nDCG@10,1.0
89937,R@100,1.0
90085,nDCG@10,1.0
90085,R@100,1.0
90098,nDCG@10,0.5
90098,R@100,1.0
90141,nDCG@10,0.38685280723454163
90141,R@100,0.5
90174,nDCG@10,0.6309297535714575
90174,R@100,1.0
90220,nDCG@10,0.6309297535714575
90220,R@100,1.0
9023,nDCG@10,0.6309297535714575
9023,R@100,1.0
90230,nDCG@10,0.4776237035032179
90230,R@100,1.0
90236,nDCG@10,1.0
90236,R@100,1.0
90279,nDCG@10,0.20210734650054757
90279,R@100,0.6666666666666666
90291,nDCG@10,0.6309297535714575
90291,R@100,1.0
90355,nDCG@10,0.6309297535714575
90355,R@100,1.0
90356,nDCG@10,0.5
90356,R@100,1.0
90392,nDCG@10,1.0
90392,R@100,1.0
9040,nDCG@10,0.5
9040,R@100,1.0
9041,nDCG@10,0.5
9041,R@100,1.0
90427,nDCG@10,0.6131471927654584
90427,R@100,0.5
90447,nDCG@10,0.21840743681816419
90447,R@100,1.0
90476,nDCG@10,0.6131471927654584
90476,R@100,0.5
90480,nDCG@10,1.0
90480,R@100,1.0
90509,nDCG@10,1.0
90509,R@100,1.0
90615,nDCG@10,1.0
90615,R@100,1.0
90688,nDCG@10,1.0
90688,R@100,1.0
90717,nDCG@10,0.6309297535714575
90717,R@100,1.0
90733,nDCG@10,1.0
90733,R@100,1.0
90777,nDCG@10,0.0
90777,R@100,1.0
90865,nDCG@10,0.31546487678572877
90865,R@100,1.0
90894,nDCG@10,1.0
90894,R@100,1.0
90906,nDCG@10,0.6309297535714575
90906,R@100,1.0
90911,nDCG@10,0.0
90911,R@100,0.0
90957,nDCG@10,1.0
90957,R@100,1.0
90980,nDCG@10,1.0
90980,R@100,1.0
90981,nDCG@10,0.4632423659320675
90981,R@100,0.6666666666666666
9099,nDCG@10,0.6309297535714575
9099,R@100,1.0
90991,nDCG@10,0.3010299956639812
90991,R@100,1.0
910,nDCG@10,0.0
910,R@100,0.0
9100,nDCG@10,1.0
9100,R@100,1.0
91002,nDCG@10,0.0
91002,R@100,0.0
9101,nDCG@10,1.0
9101,R@100,1.0
91090,nDCG@10,0.0
91090,R@100,0.0
91111,nDCG@10,0.2960819109658652
91111,R@100,0.3333333333333333
91139,nDCG@10,0.3333333333333333
91139,R@100,1.0
9119,nDCG@10,1.0
9119,R@100,1.0
91200,nDCG@10,0.43067655807339306
91200,R@100,1.0
91204,nDCG@10,0.5
91204,R@100,1.0
91254,nDCG@10,0.0
91254,R@100,0.0
91317,nDCG@10,0.6131471927654584
91317,R@100,1.0
91340,nDCG@10,0.6309297535714575
91340,R@100,1.0
91371,nDCG@10,0.31546487678572877
91371,R@100,1.0
91387,nDCG@10,1.0
91387,R@100,1.0
91492,nDCG@10,1.0
91492,R@100,1.0
915,nDCG@10,1.0
915,R@100,1.0
91508,nDCG@10,1.0
91508,R@100,1.0
9152,nDCG@10,0.38685280723454163
9152,R@100,1.0
916,nDCG@10,1.0
916,R@100,1.0
91703,nDCG@10,1.0
91703,R@100,1.0
91721,nDCG@10,0.0
91721,R@100,1.0
91751,nDCG@10,1.0
91751,R@100,1.0
91752,nDCG@10,0.6309297535714575
91752,R@100,1.0
91798,nDCG@10,1.0
91798,R@100,1.0
9181,nDCG@10,0.38685280723454163
9181,R@100,1.0
9182,nDCG@10,0.3010299956639812
9182,R@100,1.0
91843,nDCG@10,0.4034698846650846
91843,R@100,0.8333333333333334
91849,nDCG@10,0.20438239758848611
91849,R@100,0.5
91868,nDCG@10,1.0
91868,R@100,1.0
91881,nDCG@10,1.0
91881,R@100,1.0
91889,nDCG@10,1.0
91889,R@100,1.0
91898,nDCG@10,0.0
91898,R@100,1.0
91963,nDCG@10,1.0
91963,R@100,1.0
91973,nDCG@10,1.0
91973,R@100,1.0
91976,nDCG@10,0.38685280723454163
91976,R@100,1.0
92010,nDCG@10,1.0
92010,R@100,1.0
92127,nDCG@10,1.0
92127,R@100,1.0
92128,nDCG@10,0.6309297535714575
92128,R@100,1.0
92161,nDCG@10,1.0
92161,R@100,1.0
92181,nDCG@10,0.23719771276929622
92181,R@100,1.0
92229,nDCG@10,0.46927872602275644
92229,R@100,1.0
92243,nDCG@10,0.43067655807339306
92243,R@100,1.0
92352,nDCG@10,0.0
92352,R@100,1.0
92374,nDCG@10,1.0
92374,R@100,1.0
92383,nDCG@10,0.8772153153380493
92383,R@100,1.0
92415,nDCG@10,1.0
92415,R@100,1.0
92419,nDCG@10,1.0
92419,R@100,1.0
92429,nDCG@10,0.5
92429,R@100,1.0
92447,nDCG@10,0.6309297535714575
92447,R@100,1.0
92471,nDCG@10,0.3333333333333333
92471,R@100,1.0
92472,nDCG@10,1.0
92472,R@100,1.0
92489,nDCG@10,0.6309297535714575
92489,R@100,1.0
92498,nDCG@10,1.0
92498,R@100,1.0
92507,nDCG@10,1.0
92507,R@100,1.0
92580,nDCG@10,0.6309297535714575
92580,R@100,1.0
92586,nDCG@10,1.0
92586,R@100,1.0
92587,nDCG@10,1.0
92587,R@100,1.0
92625,nDCG@10,1.0
92625,R@100,1.0
92638,nDCG@10,1.0
92638,R@100,1.0
92644,nDCG@10,1.0
92644,R@100,1.0
9267,nDCG@10,0.0
9267,R@100,0.0
92675,nDCG@10,0.3903800499921017
92675,R@100,0.25
92791,nDCG@10,1.0
92791,R@100,1.0
92796,nDCG@10,0.21840743681816419
92796,R@100,0.5
92807,nDCG@10,1.0
92807,R@100,1.0
9282,nDCG@10,0.21840743681816419
9282,R@100,0.5
92824,nDCG@10,0.6309297535714575
92824,R@100,1.0
92833,nDCG@10,0.31546487678572877
92833,R@100,1.0
92851,nDCG@10,0.5
92851,R@100,1.0
92891,nDCG@10,1.0
92891,R@100,1.0
92905,nDCG@10,0.0
92905,R@100,0.0
92922,nDCG@10,1.0
92922,R@100,1.0
92939,nDCG@10,0.0
92939,R@100,0.5
92988,nDCG@10,0.0
92988,R@100,0.0
93051,nDCG@10,1.0
93051,R@100,1.0
93059,nDCG@10,1.0
93059,R@100,1.0
93062,nDCG@10,0.5
93062,R@100,1.0
93087,nDCG@10,0.6309297535714575
93087,R@100,1.0
93099,nDCG@10,0.6131471927654584
93099,R@100,1.0
93137,nDCG@10,0.43067655807339306
93137,R@100,1.0
93147,nDCG@10,1.0
93147,R@100,1.0
93173,nDCG@10,0.0
93173,R@100,1.0
93184,nDCG@10,1.0
93184,R@100,1.0
93300,nDCG@10,0.6309297535714575
93300,R@100,1.0
93307,nDCG@10,0.0
93307,R@100,0.0
93320,nDCG@10,0.6131471927654584
93320,R@100,0.5
93331,nDCG@10,0.0
93331,R@100,1.0
93383,nDCG@10,0.31546487678572877
93383,R@100,1.0
93405,nDCG@10,0.6309297535714575
93405,R@100,1.0
93416,nDCG@10,1.0
93416,R@100,1.0
93426,nDCG@10,0.0
93426,R@100,1.0
93455,nDCG@10,0.0
93455,R@100,0.0
93465,nDCG@10,0.0
93465,R@100,1.0
93473,nDCG@10,0.43067655807339306
93473,R@100,1.0
9348,nDCG@10,1.0
9348,R@100,1.0
93493,nDCG@10,0.6309297535714575
93493,R@100,1.0
93550,nDCG@10,0.0
93550,R@100,0.0
93594,nDCG@10,1.0
93594,R@100,1.0
93600,nDCG@10,0.0
93600,R@100,1.0
93645,nDCG@10,1.0
93645,R@100,1.0
93646,nDCG@10,1.0
93646,R@100,1.0
93660,nDCG@10,0.0
93660,R@100,0.0
93725,nDCG@10,0.0
93725,R@100,1.0
93726,nDCG@10,1.0
93726,R@100,1.0
93739,nDCG@10,1.0
93739,R@100,1.0
93740,nDCG@10,0.0
93740,R@100,1.0
93782,nDCG@10,0.3562071871080222
93782,R@100,1.0
93802,nDCG@10,1.0
93802,R@100,1.0
93857,nDCG@10,0.0
93857,R@100,0.0
93864,nDCG@10,1.0
93864,R@100,1.0
93878,nDCG@10,1.0
93878,R@100,1.0
93894,nDCG@10,1.0
93894,R@100,1.0
93901,nDCG@10,1.0
93901,R@100,1.0
93952,nDCG@10,0.11706259313796354
93952,R@100,0.16666666666666666
93974,nDCG@10,1.0
93974,R@100,1.0
93998,nDCG@10,1.0
93998,R@100,1.0
94017,nDCG@10,1.0
94017,R@100,1.0
94019,nDCG@10,0.6309297535714575
94019,R@100,1.0
94055,nDCG@10,0.8772153153380493
94055,R@100,1.0
94059,nDCG@10,0.5
94059,R@100,1.0
94116,nDCG@10,0.2640681225725909
94116,R@100,0.5
94159,nDCG@10,1.0
94159,R@100,1.0
94168,nDCG@10,1.0
94168,R@100,1.0
94234,nDCG@10,0.43067655807339306
94234,R@100,1.0
94247,nDCG@10,0.3562071871080222
94247,R@100,1.0
94252,nDCG@10,0.0
94252,R@100,1.0
94262,nDCG@10,0.6309297535714575
94262,R@100,1.0
94288,nDCG@10,1.0
94288,R@100,1.0
94321,nDCG@10,0.5
94321,R@100,1.0
94344,nDCG@10,1.0
94344,R@100,1.0
94382,nDCG@10,0.0
94382,R@100,1.0
94383,nDCG@10,0.0
94383,R@100,0.0
94451,nDCG@10,0.0
94451,R@100,0.5
94546,nDCG@10,0.38685280723454163
94546,R@100,1.0
94565,nDCG@10,1.0
94565,R@100,1.0
94660,nDCG@10,1.0
94660,R@100,1.0
94685,nDCG@10,1.0
94685,R@100,1.0
94686,nDCG@10,1.0
94686,R@100,1.0
94690,nDCG@10,0.0
94690,R@100,1.0
94733,nDCG@10,0.2640681225725909
94733,R@100,0.5
94760,nDCG@10,1.0
94760,R@100,1.0
94779,nDCG@10,1.0
94779,R@100,1.0
94793,nDCG@10,0.0
94793,R@100,1.0
94812,nDCG@10,1.0
94812,R@100,1.0
94861,nDCG@10,0.6309297535714575
94861,R@100,1.0
94931,nDCG@10,0.0
94931,R@100,0.0
95018,nDCG@10,1.0
95018,R@100,1.0
95032,nDCG@10,1.0
95032,R@100,1.0
95039,nDCG@10,0.0
95039,R@100,0.0
95094,nDCG@10,1.0
95094,R@100,1.0
95109,nDCG@10,0.0
95109,R@100,1.0
9515,nDCG@10,1.0
9515,R@100,1.0
95159,nDCG@10,0.6309297535714575
95159,R@100,1.0
95212,nDCG@10,1.0
95212,R@100,1.0
95222,nDCG@10,0.0
95222,R@100,0.5
95236,nDCG@10,0.0
95236,R@100,1.0
95259,nDCG@10,1.0
95259,R@100,1.0
95271,nDCG@10,1.0
95271,R@100,1.0
9532,nDCG@10,0.5
9532,R@100,1.0
9533,nDCG@10,0.5
9533,R@100,1.0
95358,nDCG@10,1.0
95358,R@100,1.0
95417,nDCG@10,0.6309297535714575
95417,R@100,1.0
95429,nDCG@10,0.3391602052736161
95429,R@100,0.2
95431,nDCG@10,1.0
95431,R@100,1.0
95456,nDCG@10,1.0
95456,R@100,1.0
95518,nDCG@10,0.0
95518,R@100,1.0
95542,nDCG@10,1.0
95542,R@100,1.0
95547,nDCG@10,1.0
95547,R@100,1.0
95601,nDCG@10,0.43067655807339306
95601,R@100,1.0
95738,nDCG@10,0.6131471927654584
95738,R@100,0.5
95739,nDCG@10,0.0
95739,R@100,1.0
95754,nDCG@10,0.6309297535714575
95754,R@100,1.0
95842,nDCG@10,0.0
95842,R@100,1.0
9600,nDCG@10,0.6309297535714575
9600,R@100,1.0
96065,nDCG@10,0.0
96065,R@100,0.0
96115,nDCG@10,0.0
96115,R@100,1.0
96121,nDCG@10,0.3065735963827292
96121,R@100,0.5
96128,nDCG@10,0.5
96128,R@100,1.0
96211,nDCG@10,1.0
96211,R@100,1.0
96262,nDCG@10,1.0
96262,R@100,1.0
96271,nDCG@10,1.0
96271,R@100,1.0
963,nDCG@10,1.0
963,R@100,1.0
96303,nDCG@10,0.3562071871080222
96303,R@100,1.0
96333,nDCG@10,1.0
96333,R@100,1.0
96344,nDCG@10,1.0
96344,R@100,1.0
96377,nDCG@10,1.0
96377,R@100,1.0
96401,nDCG@10,1.0
96401,R@100,1.0
9642,nDCG@10,0.6131471927654584
9642,R@100,0.5
9643,nDCG@10,1.0
9643,R@100,1.0
96470,nDCG@10,0.2960819109658652
96470,R@100,0.3333333333333333
96551,nDCG@10,0.43067655807339306
96551,R@100,1.0
96576,nDCG@10,1.0
96576,R@100,1.0
96578,nDCG@10,0.6309297535714575
96578,R@100,1.0
96584,nDCG@10,0.6309297535714575
96584,R@100,1.0
96622,nDCG@10,1.0
96622,R@100,1.0
96644,nDCG@10,0.0
96644,R@100,1.0
96688,nDCG@10,0.0
96688,R@100,0.3333333333333333
96723,nDCG@10,0.6131471927654584
96723,R@100,0.5
96740,nDCG@10,0.0
96740,R@100,0.0
96765,nDCG@10,1.0
96765,R@100,1.0
9680,nDCG@10,0.6309297535714575
9680,R@100,1.0
96817,nDCG@10,1.0
96817,R@100,1.0
96840,nDCG@10,0.43067655807339306
96840,R@100,1.0
96841,nDCG@10,0.43067655807339306
96841,R@100,1.0
96850,nDCG@10,1.0
96850,R@100,1.0
96878,nDCG@10,0.2890648263178879
96878,R@100,1.0
96910,nDCG@10,1.0
96910,R@100,1.0
96948,nDCG@10,0.0
96948,R@100,1.0
96963,nDCG@10,0.6309297535714575
96963,R@100,1.0
97025,nDCG@10,0.38685280723454163
97025,R@100,1.0
97028,nDCG@10,0.38685280723454163
97028,R@100,1.0
97036,nDCG@10,1.0
97036,R@100,1.0
97045,nDCG@10,0.0
97045,R@100,1.0
97077,nDCG@10,0.6309297535714575
97077,R@100,1.0
97181,nDCG@10,0.43067655807339306
97181,R@100,1.0
97183,nDCG@10,0.5
97183,R@100,1.0
97204,nDCG@10,1.0
97204,R@100,1.0
97307,nDCG@10,0.38685280723454163
97307,R@100,1.0
97348,nDCG@10,1.0
97348,R@100,1.0
97419,nDCG@10,1.0
97419,R@100,1.0
97474,nDCG@10,1.0
97474,R@100,1.0
975,nDCG@10,1.0
975,R@100,1.0
97522,nDCG@10,0.0
97522,R@100,0.5
97534,nDCG@10,1.0
97534,R@100,1.0
97549,nDCG@10,1.0
97549,R@100,1.0
97554,nDCG@10,0.6052602440527057
97554,R@100,1.0
97576,nDCG@10,1.0
97576,R@100,1.0
976,nDCG@10,1.0
976,R@100,1.0
97606,nDCG@10,1.0
97606,R@100,1.0
97623,nDCG@10,0.6309297535714575
97623,R@100,1.0
97649,nDCG@10,0.5
97649,R@100,1.0
97655,nDCG@10,0.6309297535714575
97655,R@100,1.0
9767,nDCG@10,0.0
9767,R@100,1.0
97693,nDCG@10,1.0
97693,R@100,1.0
97752,nDCG@10,0.5
97752,R@100,1.0
97807,nDCG@10,1.0
97807,R@100,1.0
97930,nDCG@10,0.5
97930,R@100,1.0
97937,nDCG@10,0.43067655807339306
97937,R@100,1.0
97957,nDCG@10,0.5
97957,R@100,1.0
98042,nDCG@10,1.0
98042,R@100,1.0
98087,nDCG@10,0.0
98087,R@100,1.0
98107,nDCG@10,1.0
98107,R@100,1.0
98108,nDCG@10,1.0
98108,R@100,1.0
9817,nDCG@10,1.0
9817,R@100,1.0
9824,nDCG@10,0.09546043308946733
9824,R@100,0.16666666666666666
9825,nDCG@10,0.08671382849411972
9825,R@100,0.2857142857142857
98274,nDCG@10,0.0
98274,R@100,0.0
98315,nDCG@10,0.0
98315,R@100,0.0
98380,nDCG@10,0.0
98380,R@100,1.0
9842,nDCG@10,1.0
9842,R@100,1.0
98448,nDCG@10,0.38685280723454163
98448,R@100,1.0
98453,nDCG@10,1.0
98453,R@100,1.0
98578,nDCG@10,1.0
98578,R@100,1.0
9859,nDCG@10,0.6309297535714575
9859,R@100,1.0
9860,nDCG@10,0.6309297535714575
9860,R@100,1.0
98606,nDCG@10,1.0
98606,R@100,1.0
98622,nDCG@10,0.43067655807339306
98622,R@100,1.0
98655,nDCG@10,1.0
98655,R@100,1.0
98672,nDCG@10,1.0
98672,R@100,1.0
9868,nDCG@10,0.6309297535714575
9868,R@100,1.0
98711,nDCG@10,0.6309297535714575
98711,R@100,1.0
98759,nDCG@10,0.0
98759,R@100,1.0
98797,nDCG@10,1.0
98797,R@100,1.0
98866,nDCG@10,0.6309297535714575
98866,R@100,1.0
98879,nDCG@10,0.0
98879,R@100,1.0
98890,nDCG@10,1.0
98890,R@100,1.0
98911,nDCG@10,1.0
98911,R@100,1.0
98916,nDCG@10,0.3562071871080222
98916,R@100,1.0
98970,nDCG@10,1.0
98970,R@100,1.0
99039,nDCG@10,0.48247555939075504
99039,R@100,1.0
99099,nDCG@10,0.43067655807339306
99099,R@100,1.0
99102,nDCG@10,1.0
99102,R@100,1.0
99105,nDCG@10,0.0
99105,R@100,1.0
99118,nDCG@10,0.2890648263178879
99118,R@100,1.0
99135,nDCG@10,1.0
99135,R@100,1.0
99146,nDCG@10,0.0
99146,R@100,0.0
9915,nDCG@10,1.0
9915,R@100,1.0
99170,nDCG@10,1.0
99170,R@100,1.0
99200,nDCG@10,0.5
99200,R@100,1.0
99213,nDCG@10,0.3562071871080222
99213,R@100,1.0
99251,nDCG@10,1.0
99251,R@100,1.0
99302,nDCG@10,1.0
99302,R@100,1.0
99370,nDCG@10,0.38685280723454163
99370,R@100,1.0
99386,nDCG@10,0.38685280723454163
99386,R@100,1.0
99395,nDCG@10,0.3562071871080222
99395,R@100,1.0
99428,nDCG@10,0.3010299956639812
99428,R@100,1.0
99435,nDCG@10,0.0
99435,R@100,1.0
99461,nDCG@10,0.6309297535714575
99461,R@100,1.0
99511,nDCG@10,0.0
99511,R@100,0.0
99551,nDCG@10,0.13565197343244778
99551,R@100,0.3333333333333333
99635,nDCG@10,0.3010299956639812
99635,R@100,1.0
99696,nDCG@10,0.6131471927654584
99696,R@100,0.5
99736,nDCG@10,0.0
99736,R@100,1.0
99740,nDCG@10,0.6309297535714575
99740,R@100,1.0
99775,nDCG@10,0.0
99775,R@100,0.0
99852,nDCG@10,0.6309297535714575
99852,R@100,1.0
99911,nDCG@10,0.0
99911,R@100,0.0
99942,nDCG@10,1.0
99942,R@100,1.0
99971,nDCG@10,0.0
99971,R@100,0.0
