qid,measure,value
test-culture-ahrtsdlgra-con01a,nDCG@10,1.0
test-culture-ahrtsdlgra-con01a,R@100,1.0
test-culture-ahrtsdlgra-con02a,nDCG@10,0.0
test-culture-ahrtsdlgra-con02a,R@100,1.0
test-culture-ahrtsdlgra-con03a,nDCG@10,0.3010299956639812
test-culture-ahrtsdlgra-con03a,R@100,1.0
test-culture-ahrtsdlgra-pro01a,nDCG@10,0.5
test-culture-ahrtsdlgra-pro01a,R@100,1.0
test-culture-ahrtsdlgra-pro02a,nDCG@10,0.6309297535714575
test-culture-ahrtsdlgra-pro02a,R@100,1.0
test-culture-ahrtsdlgra-pro03a,nDCG@10,0.5
test-culture-ahrtsdlgra-pro03a,R@100,1.0
test-culture-ascidfakhba-con01a,nDCG@10,0.0
test-culture-ascidfakhba-con01a,R@100,1.0
test-culture-ascidfakhba-con02a,nDCG@10,0.3562071871080222
test-culture-ascidfakhba-con02a,R@100,1.0
test-culture-ascidfakhba-con03a,nDCG@10,0.0
test-culture-ascidfakhba-con03a,R@100,1.0
test-culture-ascidfakhba-con04a,nDCG@10,0.0
test-culture-ascidfakhba-con04a,R@100,1.0
test-culture-ascidfakhba-pro01a,nDCG@10,0.3333333333333333
test-culture-ascidfakhba-pro01a,R@100,1.0
test-culture-ascidfakhba-pro02a,nDCG@10,0.43067655807339306
test-culture-ascidfakhba-pro02a,R@100,1.0
test-culture-ascidfakhba-pro03a,nDCG@10,0.6309297535714575
test-culture-ascidfakhba-pro03a,R@100,1.0
test-culture-ascidfakhba-pro04a,nDCG@10,0.3562071871080222
test-culture-ascidfakhba-pro04a,R@100,1.0
test-culture-cgeeghwmeo-con01a,nDCG@10,1.0
test-culture-cgeeghwmeo-con01a,R@100,1.0
test-culture-cgeeghwmeo-con02a,nDCG@10,0.43067655807339306
test-culture-cgeeghwmeo-con02a,R@100,1.0
test-culture-cgeeghwmeo-con03a,nDCG@10,0.43067655807339306
test-culture-cgeeghwmeo-con03a,R@100,1.0
test-culture-cgeeghwmeo-con04a,nDCG@10,0.0
test-culture-cgeeghwmeo-con04a,R@100,1.0
test-culture-cgeeghwmeo-pro01a,nDCG@10,1.0
test-culture-cgeeghwmeo-pro01a,R@100,1.0
test-culture-cgeeghwmeo-pro02a,nDCG@10,0.0
test-culture-cgeeghwmeo-pro02a,R@100,1.0
test-culture-cgeeghwmeo-pro03a,nDCG@10,0.0
test-culture-cgeeghwmeo-pro03a,R@100,0.0
test-culture-cgeeghwmeo-pro04a,nDCG@10,0.43067655807339306
test-culture-cgeeghwmeo-pro04a,R@100,1.0
test-culture-mmciahbans-con01a,nDCG@10,0.0
test-culture-mmciahbans-con01a,R@100,1.0
test-culture-mmciahbans-con02a,nDCG@10,1.0
test-culture-mmciahbans-con02a,R@100,1.0
test-culture-mmciahbans-con03a,nDCG@10,0.0
test-culture-mmciahbans-con03a,R@100,1.0
test-culture-mmciahbans-con04a,nDCG@10,0.0
test-culture-mmciahbans-con04a,R@100,1.0
test-culture-mmciahbans-pro01a,nDCG@10,1.0
test-culture-mmciahbans-pro01a,R@100,1.0
test-culture-mmciahbans-pro02a,nDCG@10,0.6309297535714575
test-culture-mmciahbans-pro02a,R@100,1.0
test-culture-mmciahbans-pro03a,nDCG@10,1.0
test-culture-mmciahbans-pro03a,R@100,1.0
test-culture-mmctghwbsa-con01a,nDCG@10,1.0
test-culture-mmctghwbsa-con01a,R@100,1.0
test-culture-mmctghwbsa-con02a,nDCG@10,0.43067655807339306
test-culture-mmctghwbsa-con02a,R@100,1.0
test-culture-mmctghwbsa-con03a,nDCG@10,1.0
test-culture-mmctghwbsa-con03a,R@100,1.0
test-culture-mmctghwbsa-con04a,nDCG@10,1.0
test-culture-mmctghwbsa-con04a,R@100,1.0
test-culture-mmctghwbsa-pro01a,nDCG@10,1.0
test-culture-mmctghwbsa-pro01a,R@100,1.0
test-culture-mmctghwbsa-pro02a,nDCG@10,0.0
test-culture-mmctghwbsa-pro02a,R@100,1.0
test-culture-mmctghwbsa-pro03a,nDCG@10,0.38685280723454163
test-culture-mmctghwbsa-pro03a,R@100,1.0
test-culture-mmctghwbsa-pro04a,nDCG@10,0.5
test-culture-mmctghwbsa-pro04a,R@100,1.0
test-culture-mmctyshwbcp-con01a,nDCG@10,0.6309297535714575
test-culture-mmctyshwbcp-con01a,R@100,1.0
test-culture-mmctyshwbcp-con02a,nDCG@10,1.0
test-culture-mmctyshwbcp-con02a,R@100,1.0
test-culture-mmctyshwbcp-con03a,nDCG@10,0.0
test-culture-mmctyshwbcp-con03a,R@100,1.0
test-culture-mmctyshwbcp-pro01a,nDCG@10,0.31546487678572877
test-culture-mmctyshwbcp-pro01a,R@100,1.0
test-culture-mmctyshwbcp-pro02a,nDCG@10,1.0
test-culture-mmctyshwbcp-pro02a,R@100,1.0
test-culture-mmctyshwbcp-pro03a,nDCG@10,1.0
test-culture-mmctyshwbcp-pro03a,R@100,1.0
test-culture-mmctyshwbcp-pro04a,nDCG@10,1.0
test-culture-mmctyshwbcp-pro04a,R@100,1.0
test-culture-mmctyshwbcp-pro05a,nDCG@10,1.0
test-culture-mmctyshwbcp-pro05a,R@100,1.0
test-culture-mmctyshwbcp-pro06a,nDCG@10,1.0
test-culture-mmctyshwbcp-pro06a,R@100,1.0
test-culture-mthbah-con01a,nDCG@10,0.3010299956639812
test-culture-mthbah-con01a,R@100,1.0
test-culture-mthbah-con02a,nDCG@10,0.0
test-culture-mthbah-con02a,R@100,1.0
test-culture-mthbah-con03a,nDCG@10,0.6309297535714575
test-culture-mthbah-con03a,R@100,1.0
test-culture-mthbah-con04a,nDCG@10,1.0
test-culture-mthbah-con04a,R@100,1.0
test-culture-mthbah-pro01a,nDCG@10,0.6309297535714575
test-culture-mthbah-pro01a,R@100,1.0
test-culture-mthbah-pro02a,nDCG@10,1.0
test-culture-mthbah-pro02a,R@100,1.0
test-culture-mthbah-pro03a,nDCG@10,1.0
test-culture-mthbah-pro03a,R@100,1.0
test-culture-mthbah-pro04a,nDCG@10,0.5
test-culture-mthbah-pro04a,R@100,1.0
test-culture-mthbah-pro05a,nDCG@10,1.0
test-culture-mthbah-pro05a,R@100,1.0
test-culture-thbcsbptwhht-con01a,nDCG@10,1.0
test-culture-thbcsbptwhht-con01a,R@100,1.0
test-culture-thbcsbptwhht-con02a,nDCG@10,0.6309297535714575
test-culture-thbcsbptwhht-con02a,R@100,1.0
test-culture-thbcsbptwhht-con03a,nDCG@10,1.0
test-culture-thbcsbptwhht-con03a,R@100,1.0
test-culture-thbcsbptwhht-pro01a,nDCG@10,0.6309297535714575
test-culture-thbcsbptwhht-pro01a,R@100,1.0
test-culture-thbcsbptwhht-pro02a,nDCG@10,1.0
test-culture-thbcsbptwhht-pro02a,R@100,1.0
test-culture-thbcsbptwhht-pro03a,nDCG@10,0.43067655807339306
test-culture-thbcsbptwhht-pro03a,R@100,1.0
test-culture-thbcsbptwhht-pro04a,nDCG@10,0.0
test-culture-thbcsbptwhht-pro04a,R@100,1.0
test-culture-tlhrilsfhwr-con01a,nDCG@10,0.5
test-culture-tlhrilsfhwr-con01a,R@100,1.0
test-culture-tlhrilsfhwr-con02a,nDCG@10,0.3333333333333333
test-culture-tlhrilsfhwr-con02a,R@100,1.0
test-culture-tlhrilsfhwr-con03a,nDCG@10,0.0
test-culture-tlhrilsfhwr-con03a,R@100,1.0
test-culture-tlhrilsfhwr-pro01a,nDCG@10,0.3010299956639812
test-culture-tlhrilsfhwr-pro01a,R@100,1.0
test-culture-tlhrilsfhwr-pro02a,nDCG@10,0.0
test-culture-tlhrilsfhwr-pro02a,R@100,1.0
test-culture-tlhrilsfhwr-pro03a,nDCG@10,0.6309297535714575
test-culture-tlhrilsfhwr-pro03a,R@100,1.0
test-culture-tlhrilsfhwr-pro04a,nDCG@10,0.0
test-culture-tlhrilsfhwr-pro04a,R@100,1.0
test-digital-freedoms-aihbiahr-con01a,nDCG@10,0.6309297535714575
test-digital-freedoms-aihbiahr-con01a,R@100,1.0
test-digital-freedoms-aihbiahr-con02a,nDCG@10,0.0
test-digital-freedoms-aihbiahr-con02a,R@100,1.0
test-digital-freedoms-aihbiahr-con03a,nDCG@10,0.43067655807339306
test-digital-freedoms-aihbiahr-con03a,R@100,1.0
test-digital-freedoms-aihbiahr-con04a,nDCG@10,0.0
test-digital-freedoms-aihbiahr-con04a,R@100,1.0
test-digital-freedoms-aihbiahr-pro01a,nDCG@10,0.3562071871080222
test-digital-freedoms-aihbiahr-pro01a,R@100,1.0
test-digital-freedoms-aihbiahr-pro02a,nDCG@10,0.3562071871080222
test-digital-freedoms-aihbiahr-pro02a,R@100,1.0
test-digital-freedoms-aihbiahr-pro03a,nDCG@10,0.6309297535714575
test-digital-freedoms-aihbiahr-pro03a,R@100,1.0
test-digital-freedoms-aihwbasmn-con01a,nDCG@10,0.0
test-digital-freedoms-aihwbasmn-con01a,R@100,1.0
test-digital-freedoms-aihwbasmn-con02a,nDCG@10,1.0
test-digital-freedoms-aihwbasmn-con02a,R@100,1.0
test-digital-freedoms-aihwbasmn-con03a,nDCG@10,1.0
test-digital-freedoms-aihwbasmn-con03a,R@100,1.0
test-digital-freedoms-aihwbasmn-con04a,nDCG@10,1.0
test-digital-freedoms-aihwbasmn-con04a,R@100,1.0
test-digital-freedoms-aihwbasmn-con05a,nDCG@10,0.38685280723454163
test-digital-freedoms-aihwbasmn-con05a,R@100,1.0
test-digital-freedoms-aihwbasmn-pro01a,nDCG@10,1.0
test-digital-freedoms-aihwbasmn-pro01a,R@100,1.0
test-digital-freedoms-aihwbasmn-pro02a,nDCG@10,0.43067655807339306
test-digital-freedoms-aihwbasmn-pro02a,R@100,1.0
test-digital-freedoms-aihwbasmn-pro03a,nDCG@10,1.0
test-digital-freedoms-aihwbasmn-pro03a,R@100,1.0
test-digital-freedoms-aihwbasmn-pro04a,nDCG@10,0.0
test-digital-freedoms-aihwbasmn-pro04a,R@100,1.0
test-digital-freedoms-dfiphbgs-con01a,nDCG@10,0.6309297535714575
test-digital-freedoms-dfiphbgs-con01a,R@100,1.0
test-digital-freedoms-dfiphbgs-con02a,nDCG@10,1.0
test-digital-freedoms-dfiphbgs-con02a,R@100,1.0
test-digital-freedoms-dfiphbgs-con03a,nDCG@10,0.5
test-digital-freedoms-dfiphbgs-con03a,R@100,1.0
test-digital-freedoms-dfiphbgs-pro01a,nDCG@10,0.0
test-digital-freedoms-dfiphbgs-pro01a,R@100,1.0
test-digital-freedoms-dfiphbgs-pro02a,nDCG@10,1.0
test-digital-freedoms-dfiphbgs-pro02a,R@100,1.0
test-digital-freedoms-dfiphbgs-pro03a,nDCG@10,1.0
test-digital-freedoms-dfiphbgs-pro03a,R@100,1.0
test-digital-freedoms-efsappgdfp-con01a,nDCG@10,0.0
test-digital-freedoms-efsappgdfp-con01a,R@100,0.0
test-digital-freedoms-efsappgdfp-con02a,nDCG@10,0.0
test-digital-freedoms-efsappgdfp-con02a,R@100,0.0
test-digital-freedoms-efsappgdfp-con03a,nDCG@10,0.3562071871080222
test-digital-freedoms-efsappgdfp-con03a,R@100,1.0
test-digital-freedoms-efsappgdfp-con04a,nDCG@10,0.0
test-digital-freedoms-efsappgdfp-con04a,R@100,1.0
test-digital-freedoms-efsappgdfp-con05a,nDCG@10,0.0
test-digital-freedoms-efsappgdfp-con05a,R@100,1.0
test-digital-freedoms-efsappgdfp-pro01a,nDCG@10,0.3333333333333333
test-digital-freedoms-efsappgdfp-pro01a,R@100,1.0
test-digital-freedoms-efsappgdfp-pro02a,nDCG@10,0.0
test-digital-freedoms-efsappgdfp-pro02a,R@100,1.0
test-digital-freedoms-efsappgdfp-pro03a,nDCG@10,0.0
test-digital-freedoms-efsappgdfp-pro03a,R@100,1.0
test-digital-freedoms-efsappgdfp-pro04a,nDCG@10,0.0
test-digital-freedoms-efsappgdfp-pro04a,R@100,1.0
test-digital-freedoms-eifdfaihs-con01a,nDCG@10,0.0
test-digital-freedoms-eifdfaihs-con01a,R@100,0.0
test-digital-freedoms-eifdfaihs-con02a,nDCG@10,0.0
test-digital-freedoms-eifdfaihs-con02a,R@100,0.0
test-digital-freedoms-eifdfaihs-con03a,nDCG@10,0.0
test-digital-freedoms-eifdfaihs-con03a,R@100,1.0
test-digital-freedoms-eifdfaihs-pro01a,nDCG@10,0.0
test-digital-freedoms-eifdfaihs-pro01a,R@100,1.0
test-digital-freedoms-eifdfaihs-pro02a,nDCG@10,0.0
test-digital-freedoms-eifdfaihs-pro02a,R@100,0.0
test-digital-freedoms-eifdfaihs-pro03a,nDCG@10,0.0
test-digital-freedoms-eifdfaihs-pro03a,R@100,0.0
test-digital-freedoms-eifpgdff-con01a,nDCG@10,0.6309297535714575
test-digital-freedoms-eifpgdff-con01a,R@100,1.0
test-digital-freedoms-eifpgdff-con02a,nDCG@10,0.0
test-digital-freedoms-eifpgdff-con02a,R@100,1.0
test-digital-freedoms-eifpgdff-con03a,nDCG@10,1.0
test-digital-freedoms-eifpgdff-con03a,R@100,1.0
test-digital-freedoms-eifpgdff-pro01a,nDCG@10,0.0
test-digital-freedoms-eifpgdff-pro01a,R@100,1.0
test-digital-freedoms-eifpgdff-pro02a,nDCG@10,0.0
test-digital-freedoms-eifpgdff-pro02a,R@100,1.0
test-digital-freedoms-eifpgdff-pro03a,nDCG@10,1.0
test-digital-freedoms-eifpgdff-pro03a,R@100,1.0
test-digital-freedoms-phwnaccpdt-con01a,nDCG@10,0.31546487678572877
test-digital-freedoms-phwnaccpdt-con01a,R@100,1.0
test-digital-freedoms-phwnaccpdt-con02a,nDCG@10,0.0
test-digital-freedoms-phwnaccpdt-con02a,R@100,1.0
test-digital-freedoms-phwnaccpdt-con03a,nDCG@10,0.0
test-digital-freedoms-phwnaccpdt-con03a,R@100,1.0
test-digital-freedoms-phwnaccpdt-pro01a,nDCG@10,0.3010299956639812
test-digital-freedoms-phwnaccpdt-pro01a,R@100,1.0
test-digital-freedoms-phwnaccpdt-pro02a,nDCG@10,0.0
test-digital-freedoms-phwnaccpdt-pro02a,R@100,1.0
test-digital-freedoms-phwnaccpdt-pro03a,nDCG@10,0.0
test-digital-freedoms-phwnaccpdt-pro03a,R@100,1.0
test-digital-freedoms-piidfaihbg-con01a,nDCG@10,0.6309297535714575
test-digital-freedoms-piidfaihbg-con01a,R@100,1.0
test-digital-freedoms-piidfaihbg-con02a,nDCG@10,1.0
test-digital-freedoms-piidfaihbg-con02a,R@100,1.0
test-digital-freedoms-piidfaihbg-con03a,nDCG@10,0.0
test-digital-freedoms-piidfaihbg-con03a,R@100,1.0
test-digital-freedoms-piidfaihbg-pro01a,nDCG@10,0.6309297535714575
test-digital-freedoms-piidfaihbg-pro01a,R@100,1.0
test-digital-freedoms-piidfaihbg-pro02a,nDCG@10,0.38685280723454163
test-digital-freedoms-piidfaihbg-pro02a,R@100,1.0
test-digital-freedoms-piidfaihbg-pro03a,nDCG@10,0.3010299956639812
test-digital-freedoms-piidfaihbg-pro03a,R@100,1.0
test-digital-freedoms-piidfiphwu-con01a,nDCG@10,1.0
test-digital-freedoms-piidfiphwu-con01a,R@100,1.0
test-digital-freedoms-piidfiphwu-con02a,nDCG@10,1.0
test-digital-freedoms-piidfiphwu-con02a,R@100,1.0
test-digital-freedoms-piidfiphwu-con03a,nDCG@10,1.0
test-digital-freedoms-piidfiphwu-con03a,R@100,1.0
test-digital-freedoms-piidfiphwu-pro01a,nDCG@10,0.5
test-digital-freedoms-piidfiphwu-pro01a,R@100,1.0
test-digital-freedoms-piidfiphwu-pro02a,nDCG@10,0.31546487678572877
test-digital-freedoms-piidfiphwu-pro02a,R@100,1.0
test-digital-freedoms-piidfiphwu-pro03a,nDCG@10,0.43067655807339306
test-digital-freedoms-piidfiphwu-pro03a,R@100,1.0
test-economy-beghwbh-con01a,nDCG@10,1.0
test-economy-beghwbh-con01a,R@100,1.0
test-economy-beghwbh-con02a,nDCG@10,1.0
test-economy-beghwbh-con02a,R@100,1.0
test-economy-beghwbh-con03a,nDCG@10,1.0
test-economy-beghwbh-con03a,R@100,1.0
test-economy-beghwbh-con04a,nDCG@10,1.0
test-economy-beghwbh-con04a,R@100,1.0
test-economy-beghwbh-pro01a,nDCG@10,0.0
test-economy-beghwbh-pro01a,R@100,1.0
test-economy-beghwbh-pro02a,nDCG@10,0.6309297535714575
test-economy-beghwbh-pro02a,R@100,1.0
test-economy-beghwbh-pro03a,nDCG@10,0.3010299956639812
test-economy-beghwbh-pro03a,R@100,1.0
test-economy-bepahbtsnrt-con01a,nDCG@10,0.38685280723454163
test-economy-bepahbtsnrt-con01a,R@100,1.0
test-economy-bepahbtsnrt-con02a,nDCG@10,1.0
test-economy-bepahbtsnrt-con02a,R@100,1.0
test-economy-bepahbtsnrt-con03a,nDCG@10,1.0
test-economy-bepahbtsnrt-con03a,R@100,1.0
test-economy-bepahbtsnrt-pro01a,nDCG@10,1.0
test-economy-bepahbtsnrt-pro01a,R@100,1.0
test-economy-bepahbtsnrt-pro02a,nDCG@10,0.0
test-economy-bepahbtsnrt-pro02a,R@100,1.0
test-economy-bepahbtsnrt-pro03a,nDCG@10,0.6309297535714575
test-economy-bepahbtsnrt-pro03a,R@100,1.0
test-economy-bepahbtsnrt-pro04a,nDCG@10,1.0
test-economy-bepahbtsnrt-pro04a,R@100,1.0
test-economy-bepiehbesa-con01a,nDCG@10,0.43067655807339306
test-economy-bepiehbesa-con01a,R@100,1.0
test-economy-bepiehbesa-con02a,nDCG@10,1.0
test-economy-bepiehbesa-con02a,R@100,1.0
test-economy-bepiehbesa-con03a,nDCG@10,0.43067655807339306
test-economy-bepiehbesa-con03a,R@100,1.0
test-economy-bepiehbesa-pro01a,nDCG@10,0.43067655807339306
test-economy-bepiehbesa-pro01a,R@100,1.0
test-economy-bepiehbesa-pro02a,nDCG@10,1.0
test-economy-bepiehbesa-pro02a,R@100,1.0
test-economy-bepiehbesa-pro03a,nDCG@10,0.6309297535714575
test-economy-bepiehbesa-pro03a,R@100,1.0
test-economy-bepiehbesa-pro04a,nDCG@10,0.38685280723454163
test-economy-bepiehbesa-pro04a,R@100,1.0
test-economy-bepighbdb-con01a,nDCG@10,0.5
test-economy-bepighbdb-con01a,R@100,1.0
test-economy-bepighbdb-con02a,nDCG@10,0.43067655807339306
test-economy-bepighbdb-con02a,R@100,1.0
test-economy-bepighbdb-con03a,nDCG@10,0.6309297535714575
test-economy-bepighbdb-con03a,R@100,1.0
test-economy-bepighbdb-con04a,nDCG@10,0.38685280723454163
test-economy-bepighbdb-con04a,R@100,1.0
test-economy-bepighbdb-pro01a,nDCG@10,1.0
test-economy-bepighbdb-pro01a,R@100,1.0
test-economy-bepighbdb-pro02a,nDCG@10,1.0
test-economy-bepighbdb-pro02a,R@100,1.0
test-economy-bepighbdb-pro03a,nDCG@10,1.0
test-economy-bepighbdb-pro03a,R@100,1.0
test-economy-beplcpdffe-con01a,nDCG@10,0.5
test-economy-beplcpdffe-con01a,R@100,1.0
test-economy-beplcpdffe-con02a,nDCG@10,0.6309297535714575
test-economy-beplcpdffe-con02a,R@100,1.0
test-economy-beplcpdffe-con03a,nDCG@10,0.5
test-economy-beplcpdffe-con03a,R@100,1.0
test-economy-beplcpdffe-con04a,nDCG@10,0.6309297535714575
test-economy-beplcpdffe-con04a,R@100,1.0
test-economy-beplcpdffe-con05a,nDCG@10,1.0
test-economy-beplcpdffe-con05a,R@100,1.0
test-economy-beplcpdffe-pro01a,nDCG@10,0.3562071871080222
test-economy-beplcpdffe-pro01a,R@100,1.0
test-economy-beplcpdffe-pro02a,nDCG@10,0.3562071871080222
test-economy-beplcpdffe-pro02a,R@100,1.0
test-economy-beplcpdffe-pro03a,nDCG@10,0.6309297535714575
test-economy-beplcpdffe-pro03a,R@100,1.0
test-economy-beplcpdffe-pro04a,nDCG@10,0.3333333333333333
test-economy-beplcpdffe-pro04a,R@100,1.0
test-economy-bhahwbsps-con01a,nDCG@10,0.31546487678572877
test-economy-bhahwbsps-con01a,R@100,1.0
test-economy-bhahwbsps-con02a,nDCG@10,0.0
test-economy-bhahwbsps-con02a,R@100,1.0
test-economy-bhahwbsps-con03a,nDCG@10,1.0
test-economy-bhahwbsps-con03a,R@100,1.0
test-economy-bhahwbsps-pro01a,nDCG@10,0.6309297535714575
test-economy-bhahwbsps-pro01a,R@100,1.0
test-economy-bhahwbsps-pro02a,nDCG@10,0.3010299956639812
test-economy-bhahwbsps-pro02a,R@100,1.0
test-economy-bhahwbsps-pro03a,nDCG@10,0.43067655807339306
test-economy-bhahwbsps-pro03a,R@100,1.0
test-economy-bhahwbsps-pro04a,nDCG@10,1.0
test-economy-bhahwbsps-pro04a,R@100,1.0
test-economy-egecegphw-con01a,nDCG@10,1.0
test-economy-egecegphw-con01a,R@100,1.0
test-economy-egecegphw-con02a,nDCG@10,1.0
test-economy-egecegphw-con02a,R@100,1.0
test-economy-egecegphw-con03a,nDCG@10,0.43067655807339306
test-economy-egecegphw-con03a,R@100,1.0
test-economy-egecegphw-pro01a,nDCG@10,1.0
test-economy-egecegphw-pro01a,R@100,1.0
test-economy-egecegphw-pro02a,nDCG@10,0.6309297535714575
test-economy-egecegphw-pro02a,R@100,1.0
test-economy-egecegphw-pro03a,nDCG@10,0.38685280723454163
test-economy-egecegphw-pro03a,R@100,1.0
test-economy-egiahbwaka-con01a,nDCG@10,0.3562071871080222
test-economy-egiahbwaka-con01a,R@100,1.0
test-economy-egiahbwaka-con02a,nDCG@10,0.0
test-economy-egiahbwaka-con02a,R@100,1.0
test-economy-egiahbwaka-con03a,nDCG@10,1.0
test-economy-egiahbwaka-con03a,R@100,1.0
test-economy-egiahbwaka-pro01a,nDCG@10,1.0
test-economy-egiahbwaka-pro01a,R@100,1.0
test-economy-egiahbwaka-pro02a,nDCG@10,1.0
test-economy-egiahbwaka-pro02a,R@100,1.0
test-economy-egiahbwaka-pro03a,nDCG@10,0.6309297535714575
test-economy-egiahbwaka-pro03a,R@100,1.0
test-economy-egppphbcb-con01a,nDCG@10,0.0
test-economy-egppphbcb-con01a,R@100,1.0
test-economy-egppphbcb-con02a,nDCG@10,0.0
test-economy-egppphbcb-con02a,R@100,1.0
test-economy-egppphbcb-con03a,nDCG@10,0.2890648263178879
test-economy-egppphbcb-con03a,R@100,1.0
test-economy-egppphbcb-pro01a,nDCG@10,1.0
test-economy-egppphbcb-pro01a,R@100,1.0
test-economy-egppphbcb-pro02a,nDCG@10,0.3562071871080222
test-economy-egppphbcb-pro02a,R@100,1.0
test-economy-egppphbcb-pro03a,nDCG@10,1.0
test-economy-egppphbcb-pro03a,R@100,1.0
test-economy-egppphbcb-pro04a,nDCG@10,0.6309297535714575
test-economy-egppphbcb-pro04a,R@100,1.0
test-economy-epegiahsc-con01a,nDCG@10,0.0
test-economy-epegiahsc-con01a,R@100,0.0
test-economy-epegiahsc-con02a,nDCG@10,0.0
test-economy-epegiahsc-con02a,R@100,1.0
test-economy-epegiahsc-con03a,nDCG@10,0.0
test-economy-epegiahsc-con03a,R@100,1.0
test-economy-epegiahsc-con04a,nDCG@10,0.0
test-economy-epegiahsc-con04a,R@100,1.0
test-economy-epegiahsc-pro01a,nDCG@10,0.0
test-economy-epegiahsc-pro01a,R@100,1.0
test-economy-epegiahsc-pro02a,nDCG@10,0.0
test-economy-epegiahsc-pro02a,R@100,1.0
test-economy-epegiahsc-pro03a,nDCG@10,1.0
test-economy-epegiahsc-pro03a,R@100,1.0
test-economy-epehwmrbals-con01a,nDCG@10,0.5
test-economy-epehwmrbals-con01a,R@100,1.0
test-economy-epehwmrbals-con02a,nDCG@10,0.0
test-economy-epehwmrbals-con02a,R@100,0.0
test-economy-epehwmrbals-con03a,nDCG@10,0.0
test-economy-epehwmrbals-con03a,R@100,0.0
test-economy-epehwmrbals-con04a,nDCG@10,1.0
test-economy-epehwmrbals-con04a,R@100,1.0
test-economy-epehwmrbals-pro01a,nDCG@10,0.0
test-economy-epehwmrbals-pro01a,R@100,1.0
test-economy-epehwmrbals-pro02a,nDCG@10,0.5
test-economy-epehwmrbals-pro02a,R@100,1.0
test-economy-epehwmrbals-pro03a,nDCG@10,0.5
test-economy-epehwmrbals-pro03a,R@100,1.0
test-economy-epehwmrbals-pro04a,nDCG@10,0.0
test-economy-epehwmrbals-pro04a,R@100,1.0
test-economy-epehwmrbals-pro05a,nDCG@10,0.6309297535714575
test-economy-epehwmrbals-pro05a,R@100,1.0
test-economy-epiasghbf-con01a,nDCG@10,0.6309297535714575
test-economy-epiasghbf-con01a,R@100,1.0
test-economy-epiasghbf-con02a,nDCG@10,0.3010299956639812
test-economy-epiasghbf-con02a,R@100,1.0
test-economy-epiasghbf-con03a,nDCG@10,0.5
test-economy-epiasghbf-con03a,R@100,1.0
test-economy-epiasghbf-con04a,nDCG@10,0.0
test-economy-epiasghbf-con04a,R@100,1.0
test-economy-epiasghbf-pro01a,nDCG@10,0.43067655807339306
test-economy-epiasghbf-pro01a,R@100,1.0
test-economy-epiasghbf-pro02a,nDCG@10,0.6309297535714575
test-economy-epiasghbf-pro02a,R@100,1.0
test-economy-epiasghbf-pro03a,nDCG@10,0.2890648263178879
test-economy-epiasghbf-pro03a,R@100,1.0
test-economy-epsihbdns-con01a,nDCG@10,0.0
test-economy-epsihbdns-con01a,R@100,1.0
test-economy-epsihbdns-con02a,nDCG@10,0.31546487678572877
test-economy-epsihbdns-con02a,R@100,1.0
test-economy-epsihbdns-con03a,nDCG@10,0.0
test-economy-epsihbdns-con03a,R@100,1.0
test-economy-epsihbdns-con04a,nDCG@10,0.0
test-economy-epsihbdns-con04a,R@100,1.0
test-economy-epsihbdns-pro01a,nDCG@10,0.0
test-economy-epsihbdns-pro01a,R@100,1.0
test-economy-epsihbdns-pro02a,nDCG@10,0.0
test-economy-epsihbdns-pro02a,R@100,1.0
test-economy-epsihbdns-pro03a,nDCG@10,0.3010299956639812
test-economy-epsihbdns-pro03a,R@100,1.0
test-economy-epsihbdns-pro04a,nDCG@10,0.0
test-economy-epsihbdns-pro04a,R@100,0.0
test-economy-eptpghdtre-con01a,nDCG@10,0.5
test-economy-eptpghdtre-con01a,R@100,1.0
test-economy-eptpghdtre-con02a,nDCG@10,0.6309297535714575
test-economy-eptpghdtre-con02a,R@100,1.0
test-economy-eptpghdtre-con03a,nDCG@10,0.3333333333333333
test-economy-eptpghdtre-con03a,R@100,1.0
test-economy-eptpghdtre-pro01a,nDCG@10,0.0
test-economy-eptpghdtre-pro01a,R@100,1.0
test-economy-eptpghdtre-pro02a,nDCG@10,0.0
test-economy-eptpghdtre-pro02a,R@100,1.0
test-economy-eptpghdtre-pro03a,nDCG@10,0.0
test-economy-eptpghdtre-pro03a,R@100,1.0
test-economy-eptpghdtre-pro04a,nDCG@10,0.6309297535714575
test-economy-eptpghdtre-pro04a,R@100,1.0
test-economy-fiahwpamu-con01a,nDCG@10,1.0
test-economy-fiahwpamu-con01a,R@100,1.0
test-economy-fiahwpamu-con02a,nDCG@10,1.0
test-economy-fiahwpamu-con02a,R@100,1.0
test-economy-fiahwpamu-con03a,nDCG@10,0.3333333333333333
test-economy-fiahwpamu-con03a,R@100,1.0
test-economy-fiahwpamu-pro01a,nDCG@10,0.6309297535714575
test-economy-fiahwpamu-pro01a,R@100,1.0
test-economy-fiahwpamu-pro02a,nDCG@10,1.0
test-economy-fiahwpamu-pro02a,R@100,1.0
test-economy-fiahwpamu-pro03a,nDCG@10,0.38685280723454163
test-economy-fiahwpamu-pro03a,R@100,1.0
test-economy-fiahwpamu-pro04a,nDCG@10,1.0
test-economy-fiahwpamu-pro04a,R@100,1.0
test-economy-fiahwpamu-pro05a,nDCG@10,1.0
test-economy-fiahwpamu-pro05a,R@100,1.0
test-economy-thhghwhwift-con01a,nDCG@10,0.5
test-economy-thhghwhwift-con01a,R@100,1.0
test-economy-thhghwhwift-con02a,nDCG@10,0.38685280723454163
test-economy-thhghwhwift-con02a,R@100,1.0
test-economy-thhghwhwift-con03a,nDCG@10,0.0
test-economy-thhghwhwift-con03a,R@100,1.0
test-economy-thhghwhwift-pro01a,nDCG@10,0.38685280723454163
test-economy-thhghwhwift-pro01a,R@100,1.0
test-economy-thhghwhwift-pro02a,nDCG@10,0.38685280723454163
test-economy-thhghwhwift-pro02a,R@100,1.0
test-economy-thhghwhwift-pro03a,nDCG@10,0.3333333333333333
test-economy-thhghwhwift-pro03a,R@100,1.0
test-economy-thsptr-con01a,nDCG@10,1.0
test-economy-thsptr-con01a,R@100,1.0
test-economy-thsptr-con02a,nDCG@10,0.0
test-economy-thsptr-con02a,R@100,1.0
test-economy-thsptr-con03a,nDCG@10,1.0
test-economy-thsptr-con03a,R@100,1.0
test-economy-thsptr-con04a,nDCG@10,0.38685280723454163
test-economy-thsptr-con04a,R@100,1.0
test-economy-thsptr-con05a,nDCG@10,0.0
test-economy-thsptr-con05a,R@100,1.0
test-economy-thsptr-pro01a,nDCG@10,0.5
test-economy-thsptr-pro01a,R@100,1.0
test-economy-thsptr-pro02a,nDCG@10,0.38685280723454163
test-economy-thsptr-pro02a,R@100,1.0
test-economy-thsptr-pro03a,nDCG@10,0.6309297535714575
test-economy-thsptr-pro03a,R@100,1.0
test-economy-thsptr-pro04a,nDCG@10,1.0
test-economy-thsptr-pro04a,R@100,1.0
test-economy-thsptr-pro05a,nDCG@10,0.43067655807339306
test-economy-thsptr-pro05a,R@100,1.0
test-education-egscphsrdt-con01a,nDCG@10,1.0
test-education-egscphsrdt-con01a,R@100,1.0
test-education-egscphsrdt-con02a,nDCG@10,0.5
test-education-egscphsrdt-con02a,R@100,1.0
test-education-egscphsrdt-con03a,nDCG@10,0.6309297535714575
test-education-egscphsrdt-con03a,R@100,1.0
test-education-egscphsrdt-pro01a,nDCG@10,1.0
test-education-egscphsrdt-pro01a,R@100,1.0
test-education-egscphsrdt-pro02a,nDCG@10,0.3333333333333333
test-education-egscphsrdt-pro02a,R@100,1.0
test-education-egscphsrdt-pro03a,nDCG@10,1.0
test-education-egscphsrdt-pro03a,R@100,1.0
test-education-egtuscpih-con01a,nDCG@10,1.0
test-education-egtuscpih-con01a,R@100,1.0
test-education-egtuscpih-con02a,nDCG@10,1.0
test-education-egtuscpih-con02a,R@100,1.0
test-education-egtuscpih-con03a,nDCG@10,1.0
test-education-egtuscpih-con03a,R@100,1.0
test-education-egtuscpih-con04a,nDCG@10,0.43067655807339306
test-education-egtuscpih-con04a,R@100,1.0
test-education-egtuscpih-con05a,nDCG@10,1.0
test-education-egtuscpih-con05a,R@100,1.0
test-education-egtuscpih-pro01a,nDCG@10,1.0
test-education-egtuscpih-pro01a,R@100,1.0
test-education-egtuscpih-pro02a,nDCG@10,0.5
test-education-egtuscpih-pro02a,R@100,1.0
test-education-egtuscpih-pro03a,nDCG@10,0.6309297535714575
test-education-egtuscpih-pro03a,R@100,1.0
test-education-egtuscpih-pro04a,nDCG@10,1.0
test-education-egtuscpih-pro04a,R@100,1.0
test-education-egtuscpih-pro05a,nDCG@10,1.0
test-education-egtuscpih-pro05a,R@100,1.0
test-education-pshhghwpba0-con01a,nDCG@10,1.0
test-education-pshhghwpba0-con01a,R@100,1.0
test-education-pshhghwpba0-con02a,nDCG@10,0.5
test-education-pshhghwpba0-con02a,R@100,1.0
test-education-pshhghwpba0-con03a,nDCG@10,0.2890648263178879
test-education-pshhghwpba0-con03a,R@100,1.0
test-education-pshhghwpba0-con04a,nDCG@10,1.0
test-education-pshhghwpba0-con04a,R@100,1.0
test-education-pshhghwpba0-pro01a,nDCG@10,0.3562071871080222
test-education-pshhghwpba0-pro01a,R@100,1.0
test-education-pshhghwpba0-pro02a,nDCG@10,0.43067655807339306
test-education-pshhghwpba0-pro02a,R@100,1.0
test-education-pshhghwpba0-pro03a,nDCG@10,0.3010299956639812
test-education-pshhghwpba0-pro03a,R@100,1.0
test-education-pshhghwpba0-pro04a,nDCG@10,0.6309297535714575
test-education-pshhghwpba0-pro04a,R@100,1.0
test-education-pstrgsehwt-con01a,nDCG@10,1.0
test-education-pstrgsehwt-con01a,R@100,1.0
test-education-pstrgsehwt-con02a,nDCG@10,0.5
test-education-pstrgsehwt-con02a,R@100,1.0
test-education-pstrgsehwt-con03a,nDCG@10,0.6309297535714575
test-education-pstrgsehwt-con03a,R@100,1.0
test-education-pstrgsehwt-con04a,nDCG@10,0.3562071871080222
test-education-pstrgsehwt-con04a,R@100,1.0
test-education-pstrgsehwt-pro01a,nDCG@10,0.38685280723454163
test-education-pstrgsehwt-pro01a,R@100,1.0
test-education-pstrgsehwt-pro02a,nDCG@10,0.5
test-education-pstrgsehwt-pro02a,R@100,1.0
test-education-pstrgsehwt-pro03a,nDCG@10,0.6309297535714575
test-education-pstrgsehwt-pro03a,R@100,1.0
test-education-pstrgsehwt-pro04a,nDCG@10,0.3562071871080222
test-education-pstrgsehwt-pro04a,R@100,1.0
test-education-pstrgsehwt-pro05a,nDCG@10,0.38685280723454163
test-education-pstrgsehwt-pro05a,R@100,1.0
test-education-pteuhwfphe-con01a,nDCG@10,0.3562071871080222
test-education-pteuhwfphe-con01a,R@100,1.0
test-education-pteuhwfphe-con02a,nDCG@10,1.0
test-education-pteuhwfphe-con02a,R@100,1.0
test-education-pteuhwfphe-con03a,nDCG@10,1.0
test-education-pteuhwfphe-con03a,R@100,1.0
test-education-pteuhwfphe-con04a,nDCG@10,1.0
test-education-pteuhwfphe-con04a,R@100,1.0
test-education-pteuhwfphe-pro01a,nDCG@10,0.6309297535714575
test-education-pteuhwfphe-pro01a,R@100,1.0
test-education-pteuhwfphe-pro02a,nDCG@10,0.38685280723454163
test-education-pteuhwfphe-pro02a,R@100,1.0
test-education-pteuhwfphe-pro03a,nDCG@10,0.38685280723454163
test-education-pteuhwfphe-pro03a,R@100,1.0
test-education-tuhwastua-con01a,nDCG@10,0.5
test-education-tuhwastua-con01a,R@100,1.0
test-education-tuhwastua-con02a,nDCG@10,0.5
test-education-tuhwastua-con02a,R@100,1.0
test-education-tuhwastua-pro01a,nDCG@10,0.31546487678572877
test-education-tuhwastua-pro01a,R@100,1.0
test-education-tuhwastua-pro02a,nDCG@10,1.0
test-education-tuhwastua-pro02a,R@100,1.0
test-education-tuhwastua-pro03a,nDCG@10,0.43067655807339306
test-education-tuhwastua-pro03a,R@100,1.0
test-education-tuhwastua-pro04a,nDCG@10,0.31546487678572877
test-education-tuhwastua-pro04a,R@100,1.0
test-education-tuhwastua-pro05a,nDCG@10,0.5
test-education-tuhwastua-pro05a,R@100,1.0
test-education-udfakusma-con01a,nDCG@10,0.5
test-education-udfakusma-con01a,R@100,1.0
test-education-udfakusma-con02a,nDCG@10,0.0
test-education-udfakusma-con02a,R@100,1.0
test-education-udfakusma-con03a,nDCG@10,1.0
test-education-udfakusma-con03a,R@100,1.0
test-education-udfakusma-con04a,nDCG@10,0.6309297535714575
test-education-udfakusma-con04a,R@100,1.0
test-education-udfakusma-pro01a,nDCG@10,0.0
test-education-udfakusma-pro01a,R@100,1.0
test-education-udfakusma-pro02a,nDCG@10,0.0
test-education-udfakusma-pro02a,R@100,1.0
test-education-udfakusma-pro03a,nDCG@10,1.0
test-education-udfakusma-pro03a,R@100,1.0
test-education-udfakusma-pro04a,nDCG@10,0.5
test-education-udfakusma-pro04a,R@100,1.0
test-education-ufsdfkhbwu-con01a,nDCG@10,0.0
test-education-ufsdfkhbwu-con01a,R@100,1.0
test-education-ufsdfkhbwu-con02a,nDCG@10,0.0
test-education-ufsdfkhbwu-con02a,R@100,0.0
test-education-ufsdfkhbwu-con03a,nDCG@10,0.0
test-education-ufsdfkhbwu-con03a,R@100,0.0
test-education-ufsdfkhbwu-pro01a,nDCG@10,0.0
test-education-ufsdfkhbwu-pro01a,R@100,1.0
test-education-ufsdfkhbwu-pro02a,nDCG@10,0.3333333333333333
test-education-ufsdfkhbwu-pro02a,R@100,1.0
test-education-ufsdfkhbwu-pro03a,nDCG@10,0.2890648263178879
test-education-ufsdfkhbwu-pro03a,R@100,1.0
test-education-ughbuesbf-con01a,nDCG@10,1.0
test-education-ughbuesbf-con01a,R@100,1.0
test-education-ughbuesbf-con02a,nDCG@10,0.0
test-education-ughbuesbf-con02a,R@100,1.0
test-education-ughbuesbf-con03a,nDCG@10,0.0
test-education-ughbuesbf-con03a,R@100,1.0
test-education-ughbuesbf-con04a,nDCG@10,0.31546487678572877
test-education-ughbuesbf-con04a,R@100,1.0
test-education-ughbuesbf-con05a,nDCG@10,0.0
test-education-ughbuesbf-con05a,R@100,1.0
test-education-ughbuesbf-pro01a,nDCG@10,1.0
test-education-ughbuesbf-pro01a,R@100,1.0
test-education-ughbuesbf-pro02a,nDCG@10,0.38685280723454163
test-education-ughbuesbf-pro02a,R@100,1.0
test-education-ughbuesbf-pro03a,nDCG@10,0.0
test-education-ughbuesbf-pro03a,R@100,1.0
test-education-ughbuesbf-pro04a,nDCG@10,1.0
test-education-ughbuesbf-pro04a,R@100,1.0
test-education-usuprmhbu-con01a,nDCG@10,0.6309297535714575
test-education-usuprmhbu-con01a,R@100,1.0
test-education-usuprmhbu-con02a,nDCG@10,0.6309297535714575
test-education-usuprmhbu-con02a,R@100,1.0
test-education-usuprmhbu-con03a,nDCG@10,0.43067655807339306
test-education-usuprmhbu-con03a,R@100,1.0
test-education-usuprmhbu-pro01a,nDCG@10,0.5
test-education-usuprmhbu-pro01a,R@100,1.0
test-education-usuprmhbu-pro02a,nDCG@10,0.43067655807339306
test-education-usuprmhbu-pro02a,R@100,1.0
test-education-usuprmhbu-pro03a,nDCG@10,0.5
test-education-usuprmhbu-pro03a,R@100,1.0
test-education-xeegshwfeu-con01a,nDCG@10,1.0
test-education-xeegshwfeu-con01a,R@100,1.0
test-education-xeegshwfeu-con02a,nDCG@10,0.31546487678572877
test-education-xeegshwfeu-con02a,R@100,1.0
test-education-xeegshwfeu-con03a,nDCG@10,0.0
test-education-xeegshwfeu-con03a,R@100,1.0
test-education-xeegshwfeu-pro01a,nDCG@10,0.5
test-education-xeegshwfeu-pro01a,R@100,1.0
test-education-xeegshwfeu-pro02a,nDCG@10,0.5
test-education-xeegshwfeu-pro02a,R@100,1.0
test-education-xeegshwfeu-pro03a,nDCG@10,0.0
test-education-xeegshwfeu-pro03a,R@100,0.0
test-environment-aeghhgwpe-con01a,nDCG@10,0.2890648263178879
test-environment-aeghhgwpe-con01a,R@100,1.0
test-environment-aeghhgwpe-con02a,nDCG@10,1.0
test-environment-aeghhgwpe-con02a,R@100,1.0
test-environment-aeghhgwpe-con03a,nDCG@10,0.0
test-environment-aeghhgwpe-con03a,R@100,1.0
test-environment-aeghhgwpe-pro01a,nDCG@10,0.0
test-environment-aeghhgwpe-pro01a,R@100,1.0
test-environment-aeghhgwpe-pro02a,nDCG@10,1.0
test-environment-aeghhgwpe-pro02a,R@100,1.0
test-environment-aeghhgwpe-pro03a,nDCG@10,1.0
test-environment-aeghhgwpe-pro03a,R@100,1.0
test-environment-aeghhgwpe-pro04a,nDCG@10,1.0
test-environment-aeghhgwpe-pro04a,R@100,1.0
test-environment-aiahwagit-con01a,nDCG@10,0.0
test-environment-aiahwagit-con01a,R@100,1.0
test-environment-aiahwagit-con02a,nDCG@10,0.6309297535714575
test-environment-aiahwagit-con02a,R@100,1.0
test-environment-aiahwagit-con03a,nDCG@10,0.6309297535714575
test-environment-aiahwagit-con03a,R@100,1.0
test-environment-aiahwagit-con04a,nDCG@10,0.0
test-environment-aiahwagit-con04a,R@100,1.0
test-environment-aiahwagit-pro01a,nDCG@10,0.0
test-environment-aiahwagit-pro01a,R@100,1.0
test-environment-aiahwagit-pro02a,nDCG@10,1.0
test-environment-aiahwagit-pro02a,R@100,1.0
test-environment-aiahwagit-pro03a,nDCG@10,1.0
test-environment-aiahwagit-pro03a,R@100,1.0
test-environment-aiahwagit-pro04a,nDCG@10,1.0
test-environment-aiahwagit-pro04a,R@100,1.0
test-environment-aiahwagit-pro05a,nDCG@10,1.0
test-environment-aiahwagit-pro05a,R@100,1.0
test-environment-assgbatj-con01a,nDCG@10,0.0
test-environment-assgbatj-con01a,R@100,1.0
test-environment-assgbatj-con02a,nDCG@10,0.0
test-environment-assgbatj-con02a,R@100,1.0
test-environment-assgbatj-con03a,nDCG@10,0.3333333333333333
test-environment-assgbatj-con03a,R@100,1.0
test-environment-assgbatj-con04a,nDCG@10,0.38685280723454163
test-environment-assgbatj-con04a,R@100,1.0
test-environment-assgbatj-con05a,nDCG@10,0.3333333333333333
test-environment-assgbatj-con05a,R@100,1.0
test-environment-assgbatj-pro01a,nDCG@10,0.0
test-environment-assgbatj-pro01a,R@100,1.0
test-environment-assgbatj-pro02a,nDCG@10,0.0
test-environment-assgbatj-pro02a,R@100,1.0
test-environment-assgbatj-pro03a,nDCG@10,0.0
test-environment-assgbatj-pro03a,R@100,1.0
test-environment-assgbatj-pro04a,nDCG@10,0.0
test-environment-assgbatj-pro04a,R@100,1.0
test-environment-assgbatj-pro05a,nDCG@10,0.0
test-environment-assgbatj-pro05a,R@100,1.0
test-environment-chbwtlgcc-con01a,nDCG@10,0.0
test-environment-chbwtlgcc-con01a,R@100,1.0
test-environment-chbwtlgcc-con02a,nDCG@10,0.3562071871080222
test-environment-chbwtlgcc-con02a,R@100,1.0
test-environment-chbwtlgcc-con03a,nDCG@10,0.43067655807339306
test-environment-chbwtlgcc-con03a,R@100,1.0
test-environment-chbwtlgcc-pro01a,nDCG@10,0.0
test-environment-chbwtlgcc-pro01a,R@100,0.0
test-environment-chbwtlgcc-pro02a,nDCG@10,1.0
test-environment-chbwtlgcc-pro02a,R@100,1.0
test-environment-chbwtlgcc-pro03a,nDCG@10,0.0
test-environment-chbwtlgcc-pro03a,R@100,1.0
test-environment-chbwtlgcc-pro04a,nDCG@10,0.0
test-environment-chbwtlgcc-pro04a,R@100,1.0
test-environment-ehwsnwu-con01a,nDCG@10,0.3333333333333333
test-environment-ehwsnwu-con01a,R@100,1.0
test-environment-ehwsnwu-con02a,nDCG@10,0.0
test-environment-ehwsnwu-con02a,R@100,1.0
test-environment-ehwsnwu-con03a,nDCG@10,0.5
test-environment-ehwsnwu-con03a,R@100,1.0
test-environment-ehwsnwu-pro01a,nDCG@10,0.43067655807339306
test-environment-ehwsnwu-pro01a,R@100,1.0
test-environment-ehwsnwu-pro02a,nDCG@10,0.0
test-environment-ehwsnwu-pro02a,R@100,1.0
test-environment-opecewiahw-con01a,nDCG@10,0.31546487678572877
test-environment-opecewiahw-con01a,R@100,1.0
test-environment-opecewiahw-con02a,nDCG@10,0.3010299956639812
test-environment-opecewiahw-con02a,R@100,1.0
test-environment-opecewiahw-con03a,nDCG@10,0.0
test-environment-opecewiahw-con03a,R@100,1.0
test-environment-opecewiahw-con04a,nDCG@10,0.0
test-environment-opecewiahw-con04a,R@100,1.0
test-environment-opecewiahw-pro01a,nDCG@10,0.0
test-environment-opecewiahw-pro01a,R@100,1.0
test-environment-opecewiahw-pro02a,nDCG@10,0.43067655807339306
test-environment-opecewiahw-pro02a,R@100,1.0
test-environment-opecewiahw-pro03a,nDCG@10,0.5
test-environment-opecewiahw-pro03a,R@100,1.0
test-environment-opecewiahw-pro04a,nDCG@10,0.0
test-environment-opecewiahw-pro04a,R@100,1.0
test-free-speech-debate-fchbjaj-con01a,nDCG@10,0.0
test-free-speech-debate-fchbjaj-con01a,R@100,0.0
test-free-speech-debate-fchbjaj-con02a,nDCG@10,0.5
test-free-speech-debate-fchbjaj-con02a,R@100,1.0
test-free-speech-debate-fchbjaj-con03a,nDCG@10,0.38685280723454163
test-free-speech-debate-fchbjaj-con03a,R@100,1.0
test-free-speech-debate-fchbjaj-pro01a,nDCG@10,0.5
test-free-speech-debate-fchbjaj-pro01a,R@100,1.0
test-free-speech-debate-fchbjaj-pro02a,nDCG@10,0.0
test-free-speech-debate-fchbjaj-pro02a,R@100,1.0
test-free-speech-debate-fchbjaj-pro03a,nDCG@10,0.0
test-free-speech-debate-fchbjaj-pro03a,R@100,1.0
test-free-speech-debate-fsaphgiap-con01a,nDCG@10,0.6309297535714575
test-free-speech-debate-fsaphgiap-con01a,R@100,1.0
test-free-speech-debate-fsaphgiap-con02a,nDCG@10,1.0
test-free-speech-debate-fsaphgiap-con02a,R@100,1.0
test-free-speech-debate-fsaphgiap-con03a,nDCG@10,0.0
test-free-speech-debate-fsaphgiap-con03a,R@100,1.0
test-free-speech-debate-fsaphgiap-con04a,nDCG@10,1.0
test-free-speech-debate-fsaphgiap-con04a,R@100,1.0
test-free-speech-debate-fsaphgiap-pro01a,nDCG@10,0.0
test-free-speech-debate-fsaphgiap-pro01a,R@100,1.0
test-free-speech-debate-fsaphgiap-pro02a,nDCG@10,0.6309297535714575
test-free-speech-debate-fsaphgiap-pro02a,R@100,1.0
test-free-speech-debate-fsaphgiap-pro03a,nDCG@10,0.0
test-free-speech-debate-fsaphgiap-pro03a,R@100,1.0
test-free-speech-debate-fsaphgiap-pro04a,nDCG@10,0.0
test-free-speech-debate-fsaphgiap-pro04a,R@100,1.0
test-free-speech-debate-ldhwbmclg-con01a,nDCG@10,0.0
test-free-speech-debate-ldhwbmclg-con01a,R@100,1.0
test-free-speech-debate-ldhwbmclg-con02a,nDCG@10,1.0
test-free-speech-debate-ldhwbmclg-con02a,R@100,1.0
test-free-speech-debate-ldhwbmclg-con03a,nDCG@10,1.0
test-free-speech-debate-ldhwbmclg-con03a,R@100,1.0
test-free-speech-debate-ldhwbmclg-pro01a,nDCG@10,0.3010299956639812
test-free-speech-debate-ldhwbmclg-pro01a,R@100,1.0
test-free-speech-debate-ldhwbmclg-pro02a,nDCG@10,0.6309297535714575
test-free-speech-debate-ldhwbmclg-pro02a,R@100,1.0
test-free-speech-debate-ldhwbmclg-pro03a,nDCG@10,0.6309297535714575
test-free-speech-debate-ldhwbmclg-pro03a,R@100,1.0
test-free-speech-debate-ldhwprhs-con01a,nDCG@10,0.0
test-free-speech-debate-ldhwprhs-con01a,R@100,1.0
test-free-speech-debate-ldhwprhs-con02a,nDCG@10,0.0
test-free-speech-debate-ldhwprhs-con02a,R@100,1.0
test-free-speech-debate-ldhwprhs-con03a,nDCG@10,0.0
test-free-speech-debate-ldhwprhs-con03a,R@100,1.0
test-free-speech-debate-ldhwprhs-pro01a,nDCG@10,1.0
test-free-speech-debate-ldhwprhs-pro01a,R@100,1.0
test-free-speech-debate-ldhwprhs-pro02a,nDCG@10,0.0
test-free-speech-debate-ldhwprhs-pro02a,R@100,1.0
test-free-speech-debate-ldhwprhs-pro03a,nDCG@10,0.2890648263178879
test-free-speech-debate-ldhwprhs-pro03a,R@100,1.0
test-free-speech-debate-magghbcrg-con01a,nDCG@10,0.0
test-free-speech-debate-magghbcrg-con01a,R@100,1.0
test-free-speech-debate-magghbcrg-con02a,nDCG@10,0.0
test-free-speech-debate-magghbcrg-con02a,R@100,1.0
test-free-speech-debate-magghbcrg-con03a,nDCG@10,0.5
test-free-speech-debate-magghbcrg-con03a,R@100,1.0
test-free-speech-debate-magghbcrg-pro01a,nDCG@10,0.0
test-free-speech-debate-magghbcrg-pro01a,R@100,1.0
test-free-speech-debate-magghbcrg-pro02a,nDCG@10,1.0
test-free-speech-debate-magghbcrg-pro02a,R@100,1.0
test-free-speech-debate-magghbcrg-pro03a,nDCG@10,0.3010299956639812
test-free-speech-debate-magghbcrg-pro03a,R@100,1.0
test-free-speech-debate-nshbbsbfb-con01a,nDCG@10,0.0
test-free-speech-debate-nshbbsbfb-con01a,R@100,1.0
test-free-speech-debate-nshbbsbfb-con02a,nDCG@10,0.0
test-free-speech-debate-nshbbsbfb-con02a,R@100,1.0
test-free-speech-debate-nshbbsbfb-con03a,nDCG@10,0.31546487678572877
test-free-speech-debate-nshbbsbfb-con03a,R@100,1.0
test-free-speech-debate-nshbbsbfb-pro01a,nDCG@10,1.0
test-free-speech-debate-nshbbsbfb-pro01a,R@100,1.0
test-free-speech-debate-nshbbsbfb-pro02a,nDCG@10,0.38685280723454163
test-free-speech-debate-nshbbsbfb-pro02a,R@100,1.0
test-free-speech-debate-nshbbsbfb-pro03a,nDCG@10,1.0
test-free-speech-debate-nshbbsbfb-pro03a,R@100,1.0
test-free-speech-debate-nshbbsbfb-pro04a,nDCG@10,0.0
test-free-speech-debate-nshbbsbfb-pro04a,R@100,0.0
test-free-speech-debate-nshbcsbawc-con01a,nDCG@10,0.38685280723454163
test-free-speech-debate-nshbcsbawc-con01a,R@100,1.0
test-free-speech-debate-nshbcsbawc-con02a,nDCG@10,0.6309297535714575
test-free-speech-debate-nshbcsbawc-con02a,R@100,1.0
test-free-speech-debate-nshbcsbawc-con03a,nDCG@10,0.0
test-free-speech-debate-nshbcsbawc-con03a,R@100,1.0
test-free-speech-debate-nshbcsbawc-pro01a,nDCG@10,0.0
test-free-speech-debate-nshbcsbawc-pro01a,R@100,1.0
test-free-speech-debate-nshbcsbawc-pro02a,nDCG@10,0.0
test-free-speech-debate-nshbcsbawc-pro02a,R@100,1.0
test-free-speech-debate-nshbcsbawc-pro03a,nDCG@10,0.0
test-free-speech-debate-nshbcsbawc-pro03a,R@100,1.0
test-free-speech-debate-nshbcsbawc-pro04a,nDCG@10,0.0
test-free-speech-debate-nshbcsbawc-pro04a,R@100,1.0
test-free-speech-debate-radhbsshr-con01a,nDCG@10,0.2890648263178879
test-free-speech-debate-radhbsshr-con01a,R@100,1.0
test-free-speech-debate-radhbsshr-con02a,nDCG@10,0.38685280723454163
test-free-speech-debate-radhbsshr-con02a,R@100,1.0
test-free-speech-debate-radhbsshr-con03a,nDCG@10,0.38685280723454163
test-free-speech-debate-radhbsshr-con03a,R@100,1.0
test-free-speech-debate-radhbsshr-con04a,nDCG@10,0.43067655807339306
test-free-speech-debate-radhbsshr-con04a,R@100,1.0
test-free-speech-debate-radhbsshr-pro01a,nDCG@10,0.43067655807339306
test-free-speech-debate-radhbsshr-pro01a,R@100,1.0
test-free-speech-debate-radhbsshr-pro02a,nDCG@10,1.0
test-free-speech-debate-radhbsshr-pro02a,R@100,1.0
test-free-speech-debate-radhbsshr-pro03a,nDCG@10,1.0
test-free-speech-debate-radhbsshr-pro03a,R@100,1.0
test-free-speech-debate-yfsdfkhbwu-con01a,nDCG@10,0.0
test-free-speech-debate-yfsdfkhbwu-con01a,R@100,1.0
test-free-speech-debate-yfsdfkhbwu-con02a,nDCG@10,0.0
test-free-speech-debate-yfsdfkhbwu-con02a,R@100,0.0
test-free-speech-debate-yfsdfkhbwu-con03a,nDCG@10,0.0
test-free-speech-debate-yfsdfkhbwu-con03a,R@100,0.0
test-free-speech-debate-yfsdfkhbwu-pro01a,nDCG@10,0.0
test-free-speech-debate-yfsdfkhbwu-pro01a,R@100,1.0
test-free-speech-debate-yfsdfkhbwu-pro02a,nDCG@10,0.6309297535714575
test-free-speech-debate-yfsdfkhbwu-pro02a,R@100,1.0
test-free-speech-debate-yfsdfkhbwu-pro03a,nDCG@10,0.5
test-free-speech-debate-yfsdfkhbwu-pro03a,R@100,1.0
test-health-ahiahbgbsp-con01a,nDCG@10,0.6309297535714575
test-health-ahiahbgbsp-con01a,R@100,1.0
test-health-ahiahbgbsp-con02a,nDCG@10,0.38685280723454163
test-health-ahiahbgbsp-con02a,R@100,1.0
test-health-ahiahbgbsp-con03a,nDCG@10,0.38685280723454163
test-health-ahiahbgbsp-con03a,R@100,1.0
test-health-ahiahbgbsp-con04a,nDCG@10,0.5
test-health-ahiahbgbsp-con04a,R@100,1.0
test-health-ahiahbgbsp-pro01a,nDCG@10,1.0
test-health-ahiahbgbsp-pro01a,R@100,1.0
test-health-ahiahbgbsp-pro02a,nDCG@10,0.0
test-health-ahiahbgbsp-pro02a,R@100,1.0
test-health-ahiahbgbsp-pro03a,nDCG@10,0.38685280723454163
test-health-ahiahbgbsp-pro03a,R@100,1.0
test-health-ahiahbgbsp-pro04a,nDCG@10,0.43067655807339306
test-health-ahiahbgbsp-pro04a,R@100,1.0
test-health-ahiahbgbsp-pro05a,nDCG@10,0.0
test-health-ahiahbgbsp-pro05a,R@100,1.0
test-health-dhghhbampt-con01a,nDCG@10,0.0
test-health-dhghhbampt-con01a,R@100,0.0
test-health-dhghhbampt-con02a,nDCG@10,0.6309297535714575
test-health-dhghhbampt-con02a,R@100,1.0
test-health-dhghhbampt-con03a,nDCG@10,0.6309297535714575
test-health-dhghhbampt-con03a,R@100,1.0
test-health-dhghhbampt-pro01a,nDCG@10,0.3562071871080222
test-health-dhghhbampt-pro01a,R@100,1.0
test-health-dhghhbampt-pro02a,nDCG@10,0.6309297535714575
test-health-dhghhbampt-pro02a,R@100,1.0
test-health-dhghhbampt-pro03a,nDCG@10,0.38685280723454163
test-health-dhghhbampt-pro03a,R@100,1.0
test-health-dhghwapgd-con01a,nDCG@10,0.0
test-health-dhghwapgd-con01a,R@100,1.0
test-health-dhghwapgd-con02a,nDCG@10,0.38685280723454163
test-health-dhghwapgd-con02a,R@100,1.0
test-health-dhghwapgd-con03a,nDCG@10,0.31546487678572877
test-health-dhghwapgd-con03a,R@100,1.0
test-health-dhghwapgd-con04a,nDCG@10,0.0
test-health-dhghwapgd-con04a,R@100,1.0
test-health-dhghwapgd-pro01a,nDCG@10,0.2890648263178879
test-health-dhghwapgd-pro01a,R@100,1.0
test-health-dhghwapgd-pro02a,nDCG@10,0.38685280723454163
test-health-dhghwapgd-pro02a,R@100,1.0
test-health-dhghwapgd-pro03a,nDCG@10,0.31546487678572877
test-health-dhghwapgd-pro03a,R@100,1.0
test-health-dhghwapgd-pro04a,nDCG@10,0.0
test-health-dhghwapgd-pro04a,R@100,1.0
test-health-dhghwapgd-pro05a,nDCG@10,0.0
test-health-dhghwapgd-pro05a,R@100,1.0
test-health-dhgsshbesbc-con01a,nDCG@10,0.38685280723454163
test-health-dhgsshbesbc-con01a,R@100,1.0
test-health-dhgsshbesbc-con02a,nDCG@10,0.3333333333333333
test-health-dhgsshbesbc-con02a,R@100,1.0
test-health-dhgsshbesbc-con03a,nDCG@10,0.0
test-health-dhgsshbesbc-con03a,R@100,1.0
test-health-dhgsshbesbc-pro01a,nDCG@10,1.0
test-health-dhgsshbesbc-pro01a,R@100,1.0
test-health-dhgsshbesbc-pro02a,nDCG@10,0.0
test-health-dhgsshbesbc-pro02a,R@100,1.0
test-health-dhgsshbesbc-pro03a,nDCG@10,1.0
test-health-dhgsshbesbc-pro03a,R@100,1.0
test-health-dhgsshbesbc-pro04a,nDCG@10,1.0
test-health-dhgsshbesbc-pro04a,R@100,1.0
test-health-dhiacihwph-con01a,nDCG@10,0.6309297535714575
test-health-dhiacihwph-con01a,R@100,1.0
test-health-dhiacihwph-con02a,nDCG@10,1.0
test-health-dhiacihwph-con02a,R@100,1.0
test-health-dhiacihwph-con03a,nDCG@10,0.5
test-health-dhiacihwph-con03a,R@100,1.0
test-health-dhiacihwph-pro01a,nDCG@10,0.43067655807339306
test-health-dhiacihwph-pro01a,R@100,1.0
test-health-dhiacihwph-pro02a,nDCG@10,1.0
test-health-dhiacihwph-pro02a,R@100,1.0
test-health-dhiacihwph-pro03a,nDCG@10,1.0
test-health-dhiacihwph-pro03a,R@100,1.0
test-health-dhiacihwph-pro04a,nDCG@10,1.0
test-health-dhiacihwph-pro04a,R@100,1.0
test-health-dhpelhbass-con01a,nDCG@10,0.5
test-health-dhpelhbass-con01a,R@100,1.0
test-health-dhpelhbass-con02a,nDCG@10,0.0
test-health-dhpelhbass-con02a,R@100,1.0
test-health-dhpelhbass-con03a,nDCG@10,0.38685280723454163
test-health-dhpelhbass-con03a,R@100,1.0
test-health-dhpelhbass-con04a,nDCG@10,0.0
test-health-dhpelhbass-con04a,R@100,1.0
test-health-dhpelhbass-pro01a,nDCG@10,0.0
test-health-dhpelhbass-pro01a,R@100,1.0
test-health-dhpelhbass-pro02a,nDCG@10,0.0
test-health-dhpelhbass-pro02a,R@100,1.0
test-health-dhpelhbass-pro03a,nDCG@10,0.0
test-health-dhpelhbass-pro03a,R@100,1.0
test-health-hdond-con01a,nDCG@10,0.0
test-health-hdond-con01a,R@100,1.0
test-health-hdond-con02a,nDCG@10,0.0
test-health-hdond-con02a,R@100,1.0
test-health-hdond-con03a,nDCG@10,0.6309297535714575
test-health-hdond-con03a,R@100,1.0
test-health-hdond-con04a,nDCG@10,1.0
test-health-hdond-con04a,R@100,1.0
test-health-hdond-pro01a,nDCG@10,0.6309297535714575
test-health-hdond-pro01a,R@100,1.0
test-health-hdond-pro02a,nDCG@10,0.0
test-health-hdond-pro02a,R@100,1.0
test-health-hdond-pro03a,nDCG@10,1.0
test-health-hdond-pro03a,R@100,1.0
test-health-hdond-pro04a,nDCG@10,1.0
test-health-hdond-pro04a,R@100,1.0
test-health-hgwhwbjfs-con01a,nDCG@10,0.0
test-health-hgwhwbjfs-con01a,R@100,1.0
test-health-hgwhwbjfs-con02a,nDCG@10,0.5
test-health-hgwhwbjfs-con02a,R@100,1.0
test-health-hgwhwbjfs-con03a,nDCG@10,1.0
test-health-hgwhwbjfs-con03a,R@100,1.0
test-health-hgwhwbjfs-con04a,nDCG@10,0.5
test-health-hgwhwbjfs-con04a,R@100,1.0
test-health-hgwhwbjfs-pro01a,nDCG@10,0.6309297535714575
test-health-hgwhwbjfs-pro01a,R@100,1.0
test-health-hgwhwbjfs-pro02a,nDCG@10,0.5
test-health-hgwhwbjfs-pro02a,R@100,1.0
test-health-hgwhwbjfs-pro03a,nDCG@10,0.3010299956639812
test-health-hgwhwbjfs-pro03a,R@100,1.0
test-health-hpehwadvoee-con01a,nDCG@10,0.0
test-health-hpehwadvoee-con01a,R@100,1.0
test-health-hpehwadvoee-con02a,nDCG@10,1.0
test-health-hpehwadvoee-con02a,R@100,1.0
test-health-hpehwadvoee-con03a,nDCG@10,0.0
test-health-hpehwadvoee-con03a,R@100,1.0
test-health-hpehwadvoee-con04a,nDCG@10,0.0
test-health-hpehwadvoee-con04a,R@100,1.0
test-health-hpehwadvoee-con05a,nDCG@10,0.6309297535714575
test-health-hpehwadvoee-con05a,R@100,1.0
test-health-hpehwadvoee-pro01a,nDCG@10,0.6309297535714575
test-health-hpehwadvoee-pro01a,R@100,1.0
test-health-hpehwadvoee-pro02a,nDCG@10,0.2890648263178879
test-health-hpehwadvoee-pro02a,R@100,1.0
test-health-hpehwadvoee-pro03a,nDCG@10,0.0
test-health-hpehwadvoee-pro03a,R@100,1.0
test-health-hpehwadvoee-pro04a,nDCG@10,1.0
test-health-hpehwadvoee-pro04a,R@100,1.0
test-health-hpehwadvoee-pro05a,nDCG@10,1.0
test-health-hpehwadvoee-pro05a,R@100,1.0
test-health-ppelfhwbpba-con01a,nDCG@10,0.0
test-health-ppelfhwbpba-con01a,R@100,1.0
test-health-ppelfhwbpba-con02a,nDCG@10,0.6309297535714575
test-health-ppelfhwbpba-con02a,R@100,1.0
test-health-ppelfhwbpba-con03a,nDCG@10,0.6309297535714575
test-health-ppelfhwbpba-con03a,R@100,1.0
test-health-ppelfhwbpba-pro01a,nDCG@10,0.31546487678572877
test-health-ppelfhwbpba-pro01a,R@100,1.0
test-health-ppelfhwbpba-pro02a,nDCG@10,0.6309297535714575
test-health-ppelfhwbpba-pro02a,R@100,1.0
test-health-ppelfhwbpba-pro03a,nDCG@10,1.0
test-health-ppelfhwbpba-pro03a,R@100,1.0
test-health-ppelfhwbpba-pro04a,nDCG@10,1.0
test-health-ppelfhwbpba-pro04a,R@100,1.0
test-international-aahwstdrtfm-con01a,nDCG@10,0.3562071871080222
test-international-aahwstdrtfm-con01a,R@100,1.0
test-international-aahwstdrtfm-con02a,nDCG@10,1.0
test-international-aahwstdrtfm-con02a,R@100,1.0
test-international-aahwstdrtfm-con03a,nDCG@10,0.2890648263178879
test-international-aahwstdrtfm-con03a,R@100,1.0
test-international-aahwstdrtfm-pro01a,nDCG@10,1.0
test-international-aahwstdrtfm-pro01a,R@100,1.0
test-international-aahwstdrtfm-pro02a,nDCG@10,0.0
test-international-aahwstdrtfm-pro02a,R@100,1.0
test-international-aahwstdrtfm-pro03a,nDCG@10,0.31546487678572877
test-international-aahwstdrtfm-pro03a,R@100,1.0
test-international-aahwstdrtfm-pro04a,nDCG@10,1.0
test-international-aahwstdrtfm-pro04a,R@100,1.0
test-international-aegmeppghw-con01a,nDCG@10,0.5
test-international-aegmeppghw-con01a,R@100,1.0
test-international-aegmeppghw-con02a,nDCG@10,1.0
test-international-aegmeppghw-con02a,R@100,1.0
test-international-aegmeppghw-con03a,nDCG@10,1.0
test-international-aegmeppghw-con03a,R@100,1.0
test-international-aegmeppghw-con04a,nDCG@10,0.3333333333333333
test-international-aegmeppghw-con04a,R@100,1.0
test-international-aegmeppghw-con05a,nDCG@10,1.0
test-international-aegmeppghw-con05a,R@100,1.0
test-international-aegmeppghw-pro01a,nDCG@10,0.6309297535714575
test-international-aegmeppghw-pro01a,R@100,1.0
test-international-aegmeppghw-pro02a,nDCG@10,0.0
test-international-aegmeppghw-pro02a,R@100,1.0
test-international-aegmeppghw-pro03a,nDCG@10,0.3562071871080222
test-international-aegmeppghw-pro03a,R@100,1.0
test-international-aegmeppghw-pro04a,nDCG@10,0.31546487678572877
test-international-aegmeppghw-pro04a,R@100,1.0
test-international-aghbfcpspr-con01a,nDCG@10,0.43067655807339306
test-international-aghbfcpspr-con01a,R@100,1.0
test-international-aghbfcpspr-con02a,nDCG@10,0.6309297535714575
test-international-aghbfcpspr-con02a,R@100,1.0
test-international-aghbfcpspr-con03a,nDCG@10,0.43067655807339306
test-international-aghbfcpspr-con03a,R@100,1.0
test-international-aghbfcpspr-con04a,nDCG@10,0.6309297535714575
test-international-aghbfcpspr-con04a,R@100,1.0
test-international-aghbfcpspr-pro01a,nDCG@10,1.0
test-international-aghbfcpspr-pro01a,R@100,1.0
test-international-aghbfcpspr-pro02a,nDCG@10,0.2890648263178879
test-international-aghbfcpspr-pro02a,R@100,1.0
test-international-aghbfcpspr-pro03a,nDCG@10,1.0
test-international-aghbfcpspr-pro03a,R@100,1.0
test-international-aghbfcpspr-pro04a,nDCG@10,0.2890648263178879
test-international-aghbfcpspr-pro04a,R@100,1.0
test-international-aghbfcpspr-pro05a,nDCG@10,0.43067655807339306
test-international-aghbfcpspr-pro05a,R@100,1.0
test-international-aghwrem-con01a,nDCG@10,0.3562071871080222
test-international-aghwrem-con01a,R@100,1.0
test-international-aghwrem-con02a,nDCG@10,1.0
test-international-aghwrem-con02a,R@100,1.0
test-international-aghwrem-con03a,nDCG@10,0.43067655807339306
test-international-aghwrem-con03a,R@100,1.0
test-international-aghwrem-con04a,nDCG@10,1.0
test-international-aghwrem-con04a,R@100,1.0
test-international-aghwrem-pro01a,nDCG@10,0.3333333333333333
test-international-aghwrem-pro01a,R@100,1.0
test-international-aghwrem-pro02a,nDCG@10,0.43067655807339306
test-international-aghwrem-pro02a,R@100,1.0
test-international-aghwrem-pro03a,nDCG@10,0.31546487678572877
test-international-aghwrem-pro03a,R@100,1.0
test-international-aghwrem-pro04a,nDCG@10,1.0
test-international-aghwrem-pro04a,R@100,1.0
test-international-aghwrem-pro05a,nDCG@10,0.43067655807339306
test-international-aghwrem-pro05a,R@100,1.0
test-international-aglhrilhb-con01a,nDCG@10,0.0
test-international-aglhrilhb-con01a,R@100,0.0
test-international-aglhrilhb-con02a,nDCG@10,0.0
test-international-aglhrilhb-con02a,R@100,1.0
test-international-aglhrilhb-con03a,nDCG@10,0.0
test-international-aglhrilhb-con03a,R@100,1.0
test-international-aglhrilhb-pro01a,nDCG@10,0.0
test-international-aglhrilhb-pro01a,R@100,1.0
test-international-aglhrilhb-pro02a,nDCG@10,0.3010299956639812
test-international-aglhrilhb-pro02a,R@100,1.0
test-international-aglhrilhb-pro03a,nDCG@10,0.0
test-international-aglhrilhb-pro03a,R@100,1.0
test-international-aglhrilhb-pro04a,nDCG@10,0.0
test-international-aglhrilhb-pro04a,R@100,1.0
test-international-amehbuaisji-con01a,nDCG@10,0.3010299956639812
test-international-amehbuaisji-con01a,R@100,1.0
test-international-amehbuaisji-con02a,nDCG@10,0.0
test-international-amehbuaisji-con02a,R@100,0.0
test-international-amehbuaisji-con03a,nDCG@10,0.0
test-international-amehbuaisji-con03a,R@100,1.0
test-international-amehbuaisji-con04a,nDCG@10,0.38685280723454163
test-international-amehbuaisji-con04a,R@100,1.0
test-international-amehbuaisji-pro01a,nDCG@10,0.0
test-international-amehbuaisji-pro01a,R@100,0.0
test-international-amehbuaisji-pro02a,nDCG@10,0.43067655807339306
test-international-amehbuaisji-pro02a,R@100,1.0
test-international-amehbuaisji-pro03a,nDCG@10,0.0
test-international-amehbuaisji-pro03a,R@100,1.0
test-international-appghblsba-con01a,nDCG@10,0.0
test-international-appghblsba-con01a,R@100,1.0
test-international-appghblsba-con02a,nDCG@10,0.38685280723454163
test-international-appghblsba-con02a,R@100,1.0
test-international-appghblsba-con03a,nDCG@10,0.5
test-international-appghblsba-con03a,R@100,1.0
test-international-appghblsba-pro01a,nDCG@10,1.0
test-international-appghblsba-pro01a,R@100,1.0
test-international-appghblsba-pro02a,nDCG@10,1.0
test-international-appghblsba-pro02a,R@100,1.0
test-international-appghblsba-pro03a,nDCG@10,0.0
test-international-appghblsba-pro03a,R@100,1.0
test-international-appghblsba-pro04a,nDCG@10,0.5
test-international-appghblsba-pro04a,R@100,1.0
test-international-apwhbaucmip-con01a,nDCG@10,0.3333333333333333
test-international-apwhbaucmip-con01a,R@100,1.0
test-international-apwhbaucmip-con02a,nDCG@10,1.0
test-international-apwhbaucmip-con02a,R@100,1.0
test-international-apwhbaucmip-con03a,nDCG@10,0.0
test-international-apwhbaucmip-con03a,R@100,1.0
test-international-apwhbaucmip-con04a,nDCG@10,0.0
test-international-apwhbaucmip-con04a,R@100,1.0
test-international-apwhbaucmip-pro01a,nDCG@10,0.3333333333333333
test-international-apwhbaucmip-pro01a,R@100,1.0
test-international-apwhbaucmip-pro02a,nDCG@10,0.0
test-international-apwhbaucmip-pro02a,R@100,1.0
test-international-apwhbaucmip-pro03a,nDCG@10,0.0
test-international-apwhbaucmip-pro03a,R@100,1.0
test-international-apwhbaucmip-pro04a,nDCG@10,0.6309297535714575
test-international-apwhbaucmip-pro04a,R@100,1.0
test-international-atiahblit-con01a,nDCG@10,0.3333333333333333
test-international-atiahblit-con01a,R@100,1.0
test-international-atiahblit-con02a,nDCG@10,1.0
test-international-atiahblit-con02a,R@100,1.0
test-international-atiahblit-con03a,nDCG@10,0.3562071871080222
test-international-atiahblit-con03a,R@100,1.0
test-international-atiahblit-con04a,nDCG@10,0.6309297535714575
test-international-atiahblit-con04a,R@100,1.0
test-international-atiahblit-pro01a,nDCG@10,1.0
test-international-atiahblit-pro01a,R@100,1.0
test-international-atiahblit-pro02a,nDCG@10,0.6309297535714575
test-international-atiahblit-pro02a,R@100,1.0
test-international-atiahblit-pro03a,nDCG@10,1.0
test-international-atiahblit-pro03a,R@100,1.0
test-international-atiahblit-pro04a,nDCG@10,1.0
test-international-atiahblit-pro04a,R@100,1.0
test-international-bldimehbn-con01a,nDCG@10,0.31546487678572877
test-international-bldimehbn-con01a,R@100,1.0
test-international-bldimehbn-con02a,nDCG@10,0.0
test-international-bldimehbn-con02a,R@100,0.0
test-international-bldimehbn-con03a,nDCG@10,0.0
test-international-bldimehbn-con03a,R@100,1.0
test-international-bldimehbn-pro01a,nDCG@10,0.6309297535714575
test-international-bldimehbn-pro01a,R@100,1.0
test-international-bldimehbn-pro02a,nDCG@10,1.0
test-international-bldimehbn-pro02a,R@100,1.0
test-international-bldimehbn-pro03a,nDCG@10,0.6309297535714575
test-international-bldimehbn-pro03a,R@100,1.0
test-international-bmaggiahbl-con01a,nDCG@10,0.6309297535714575
test-international-bmaggiahbl-con01a,R@100,1.0
test-international-bmaggiahbl-con02a,nDCG@10,0.6309297535714575
test-international-bmaggiahbl-con02a,R@100,1.0
test-international-bmaggiahbl-con03a,nDCG@10,0.3333333333333333
test-international-bmaggiahbl-con03a,R@100,1.0
test-international-bmaggiahbl-pro01a,nDCG@10,0.6309297535714575
test-international-bmaggiahbl-pro01a,R@100,1.0
test-international-bmaggiahbl-pro02a,nDCG@10,1.0
test-international-bmaggiahbl-pro02a,R@100,1.0
test-international-bmaggiahbl-pro03a,nDCG@10,0.5
test-international-bmaggiahbl-pro03a,R@100,1.0
test-international-eghrhbeusli-con01a,nDCG@10,1.0
test-international-eghrhbeusli-con01a,R@100,1.0
test-international-eghrhbeusli-con02a,nDCG@10,0.6309297535714575
test-international-eghrhbeusli-con02a,R@100,1.0
test-international-eghrhbeusli-con03a,nDCG@10,0.3333333333333333
test-international-eghrhbeusli-con03a,R@100,1.0
test-international-eghrhbeusli-con04a,nDCG@10,0.6309297535714575
test-international-eghrhbeusli-con04a,R@100,1.0
test-international-eghrhbeusli-con05a,nDCG@10,0.0
test-international-eghrhbeusli-con05a,R@100,1.0
test-international-eghrhbeusli-pro01a,nDCG@10,1.0
test-international-eghrhbeusli-pro01a,R@100,1.0
test-international-eghrhbeusli-pro02a,nDCG@10,0.43067655807339306
test-international-eghrhbeusli-pro02a,R@100,1.0
test-international-eghrhbeusli-pro03a,nDCG@10,0.6309297535714575
test-international-eghrhbeusli-pro03a,R@100,1.0
test-international-eghrhbeusli-pro04a,nDCG@10,0.5
test-international-eghrhbeusli-pro04a,R@100,1.0
test-international-eghrhbeusli-pro05a,nDCG@10,0.3333333333333333
test-international-eghrhbeusli-pro05a,R@100,1.0
test-international-ehbfe-con01a,nDCG@10,0.0
test-international-ehbfe-con01a,R@100,1.0
test-international-ehbfe-con02a,nDCG@10,0.0
test-international-ehbfe-con02a,R@100,1.0
test-international-ehbfe-con03a,nDCG@10,0.0
test-international-ehbfe-con03a,R@100,1.0
test-international-ehbfe-con04a,nDCG@10,0.6309297535714575
test-international-ehbfe-con04a,R@100,1.0
test-international-ehbfe-pro01a,nDCG@10,0.0
test-international-ehbfe-pro01a,R@100,0.0
test-international-ehbfe-pro02a,nDCG@10,0.38685280723454163
test-international-ehbfe-pro02a,R@100,1.0
test-international-ehbfe-pro03a,nDCG@10,0.0
test-international-ehbfe-pro03a,R@100,1.0
test-international-ehbfe-pro04a,nDCG@10,0.0
test-international-ehbfe-pro04a,R@100,1.0
test-international-ehbfe-pro05a,nDCG@10,1.0
test-international-ehbfe-pro05a,R@100,1.0
test-international-eiahwpamu-con01a,nDCG@10,0.3562071871080222
test-international-eiahwpamu-con01a,R@100,1.0
test-international-eiahwpamu-con02a,nDCG@10,0.5
test-international-eiahwpamu-con02a,R@100,1.0
test-international-eiahwpamu-con03a,nDCG@10,0.0
test-international-eiahwpamu-con03a,R@100,1.0
test-international-eiahwpamu-pro01a,nDCG@10,0.6309297535714575
test-international-eiahwpamu-pro01a,R@100,1.0
test-international-eiahwpamu-pro02a,nDCG@10,0.5
test-international-eiahwpamu-pro02a,R@100,1.0
test-international-eiahwpamu-pro03a,nDCG@10,0.3010299956639812
test-international-eiahwpamu-pro03a,R@100,1.0
test-international-eiahwpamu-pro04a,nDCG@10,0.5
test-international-eiahwpamu-pro04a,R@100,1.0
test-international-eiahwpamu-pro05a,nDCG@10,0.5
test-international-eiahwpamu-pro05a,R@100,1.0
test-international-emephsate-con01a,nDCG@10,0.38685280723454163
test-international-emephsate-con01a,R@100,1.0
test-international-emephsate-con02a,nDCG@10,1.0
test-international-emephsate-con02a,R@100,1.0
test-international-emephsate-con03a,nDCG@10,1.0
test-international-emephsate-con03a,R@100,1.0
test-international-emephsate-pro01a,nDCG@10,0.3333333333333333
test-international-emephsate-pro01a,R@100,1.0
test-international-emephsate-pro02a,nDCG@10,0.0
test-international-emephsate-pro02a,R@100,1.0
test-international-emephsate-pro03a,nDCG@10,0.0
test-international-emephsate-pro03a,R@100,0.0
test-international-epdlhfcefp-con01a,nDCG@10,0.0
test-international-epdlhfcefp-con01a,R@100,1.0
test-international-epdlhfcefp-con02a,nDCG@10,0.0
test-international-epdlhfcefp-con02a,R@100,1.0
test-international-epdlhfcefp-con03a,nDCG@10,0.0
test-international-epdlhfcefp-con03a,R@100,1.0
test-international-epdlhfcefp-pro01a,nDCG@10,0.3562071871080222
test-international-epdlhfcefp-pro01a,R@100,1.0
test-international-epdlhfcefp-pro02a,nDCG@10,0.3333333333333333
test-international-epdlhfcefp-pro02a,R@100,1.0
test-international-epdlhfcefp-pro03a,nDCG@10,0.5
test-international-epdlhfcefp-pro03a,R@100,1.0
test-international-epdlhfcefp-pro04a,nDCG@10,0.38685280723454163
test-international-epdlhfcefp-pro04a,R@100,1.0
test-international-epglghbni-con01a,nDCG@10,0.0
test-international-epglghbni-con01a,R@100,1.0
test-international-epglghbni-con02a,nDCG@10,0.0
test-international-epglghbni-con02a,R@100,1.0
test-international-epglghbni-con03a,nDCG@10,0.38685280723454163
test-international-epglghbni-con03a,R@100,1.0
test-international-epglghbni-pro01a,nDCG@10,0.0
test-international-epglghbni-pro01a,R@100,0.0
test-international-epglghbni-pro02a,nDCG@10,0.43067655807339306
test-international-epglghbni-pro02a,R@100,1.0
test-international-epglghbni-pro03a,nDCG@10,1.0
test-international-epglghbni-pro03a,R@100,1.0
test-international-epglghbni-pro04a,nDCG@10,1.0
test-international-epglghbni-pro04a,R@100,1.0
test-international-epglghbni-pro05a,nDCG@10,0.3562071871080222
test-international-epglghbni-pro05a,R@100,1.0
test-international-epvhwhranet-con01a,nDCG@10,0.3333333333333333
test-international-epvhwhranet-con01a,R@100,1.0
test-international-epvhwhranet-con02a,nDCG@10,1.0
test-international-epvhwhranet-con02a,R@100,1.0
test-international-epvhwhranet-con03a,nDCG@10,0.0
test-international-epvhwhranet-con03a,R@100,1.0
test-international-epvhwhranet-con04a,nDCG@10,1.0
test-international-epvhwhranet-con04a,R@100,1.0
test-international-epvhwhranet-pro01a,nDCG@10,1.0
test-international-epvhwhranet-pro01a,R@100,1.0
test-international-epvhwhranet-pro02a,nDCG@10,0.5
test-international-epvhwhranet-pro02a,R@100,1.0
test-international-epvhwhranet-pro03a,nDCG@10,1.0
test-international-epvhwhranet-pro03a,R@100,1.0
test-international-ghbunhf-con01a,nDCG@10,1.0
test-international-ghbunhf-con01a,R@100,1.0
test-international-ghbunhf-con02a,nDCG@10,0.6309297535714575
test-international-ghbunhf-con02a,R@100,1.0
test-international-ghbunhf-con03a,nDCG@10,1.0
test-international-ghbunhf-con03a,R@100,1.0
test-international-ghbunhf-con04a,nDCG@10,0.0
test-international-ghbunhf-con04a,R@100,1.0
test-international-ghbunhf-con05a,nDCG@10,1.0
test-international-ghbunhf-con05a,R@100,1.0
test-international-ghbunhf-pro01a,nDCG@10,0.3562071871080222
test-international-ghbunhf-pro01a,R@100,1.0
test-international-ghbunhf-pro02a,nDCG@10,0.43067655807339306
test-international-ghbunhf-pro02a,R@100,1.0
test-international-ghbunhf-pro03a,nDCG@10,1.0
test-international-ghbunhf-pro03a,R@100,1.0
test-international-ghbunhf-pro04a,nDCG@10,0.6309297535714575
test-international-ghbunhf-pro04a,R@100,1.0
test-international-ghbunhf-pro05a,nDCG@10,0.0
test-international-ghbunhf-pro05a,R@100,0.0
test-international-ghwcitca-con01a,nDCG@10,0.31546487678572877
test-international-ghwcitca-con01a,R@100,1.0
test-international-ghwcitca-con02a,nDCG@10,0.0
test-international-ghwcitca-con02a,R@100,1.0
test-international-ghwcitca-con03a,nDCG@10,0.38685280723454163
test-international-ghwcitca-con03a,R@100,1.0
test-international-ghwcitca-pro01a,nDCG@10,1.0
test-international-ghwcitca-pro01a,R@100,1.0
test-international-ghwcitca-pro02a,nDCG@10,0.31546487678572877
test-international-ghwcitca-pro02a,R@100,1.0
test-international-ghwcitca-pro03a,nDCG@10,0.2890648263178879
test-international-ghwcitca-pro03a,R@100,1.0
test-international-ghwcitca-pro04a,nDCG@10,0.6309297535714575
test-international-ghwcitca-pro04a,R@100,1.0
test-international-glilpdwhsn-con01a,nDCG@10,0.31546487678572877
test-international-glilpdwhsn-con01a,R@100,1.0
test-international-glilpdwhsn-con02a,nDCG@10,1.0
test-international-glilpdwhsn-con02a,R@100,1.0
test-international-glilpdwhsn-con03a,nDCG@10,0.0
test-international-glilpdwhsn-con03a,R@100,1.0
test-international-glilpdwhsn-con04a,nDCG@10,1.0
test-international-glilpdwhsn-con04a,R@100,1.0
test-international-glilpdwhsn-pro01a,nDCG@10,0.31546487678572877
test-international-glilpdwhsn-pro01a,R@100,1.0
test-international-glilpdwhsn-pro02a,nDCG@10,0.0
test-international-glilpdwhsn-pro02a,R@100,1.0
test-international-glilpdwhsn-pro03a,nDCG@10,1.0
test-international-glilpdwhsn-pro03a,R@100,1.0
test-international-gmehbisrip1b-con01a,nDCG@10,0.0
test-international-gmehbisrip1b-con01a,R@100,1.0
test-international-gmehbisrip1b-con02a,nDCG@10,1.0
test-international-gmehbisrip1b-con02a,R@100,1.0
test-international-gmehbisrip1b-con03a,nDCG@10,0.0
test-international-gmehbisrip1b-con03a,R@100,1.0
test-international-gmehbisrip1b-pro01a,nDCG@10,0.43067655807339306
test-international-gmehbisrip1b-pro01a,R@100,1.0
test-international-gmehbisrip1b-pro02a,nDCG@10,1.0
test-international-gmehbisrip1b-pro02a,R@100,1.0
test-international-gmehbisrip1b-pro03a,nDCG@10,0.3333333333333333
test-international-gmehbisrip1b-pro03a,R@100,1.0
test-international-gmehwasr-con01a,nDCG@10,0.0
test-international-gmehwasr-con01a,R@100,1.0
test-international-gmehwasr-con02a,nDCG@10,0.2890648263178879
test-international-gmehwasr-con02a,R@100,1.0
test-international-gmehwasr-con03a,nDCG@10,0.31546487678572877
test-international-gmehwasr-con03a,R@100,1.0
test-international-gmehwasr-con04a,nDCG@10,0.3562071871080222
test-international-gmehwasr-con04a,R@100,1.0
test-international-gmehwasr-con05a,nDCG@10,0.0
test-international-gmehwasr-con05a,R@100,1.0
test-international-gmehwasr-pro01a,nDCG@10,0.0
test-international-gmehwasr-pro01a,R@100,0.0
test-international-gmehwasr-pro02a,nDCG@10,0.38685280723454163
test-international-gmehwasr-pro02a,R@100,1.0
test-international-gmehwasr-pro03a,nDCG@10,0.6309297535714575
test-international-gmehwasr-pro03a,R@100,1.0
test-international-gmehwasr-pro04a,nDCG@10,0.0
test-international-gmehwasr-pro04a,R@100,1.0
test-international-gmehwasr-pro05a,nDCG@10,0.0
test-international-gmehwasr-pro05a,R@100,1.0
test-international-gpdwhwcusa-con01a,nDCG@10,1.0
test-international-gpdwhwcusa-con01a,R@100,1.0
test-international-gpdwhwcusa-con02a,nDCG@10,0.6309297535714575
test-international-gpdwhwcusa-con02a,R@100,1.0
test-international-gpdwhwcusa-con03a,nDCG@10,1.0
test-international-gpdwhwcusa-con03a,R@100,1.0
test-international-gpdwhwcusa-con04a,nDCG@10,0.5
test-international-gpdwhwcusa-con04a,R@100,1.0
test-international-gpdwhwcusa-con05a,nDCG@10,1.0
test-international-gpdwhwcusa-con05a,R@100,1.0
test-international-gpdwhwcusa-pro01a,nDCG@10,1.0
test-international-gpdwhwcusa-pro01a,R@100,1.0
test-international-gpdwhwcusa-pro02a,nDCG@10,1.0
test-international-gpdwhwcusa-pro02a,R@100,1.0
test-international-gpdwhwcusa-pro03a,nDCG@10,1.0
test-international-gpdwhwcusa-pro03a,R@100,1.0
test-international-gpsmhbsosb-con01a,nDCG@10,0.6309297535714575
test-international-gpsmhbsosb-con01a,R@100,1.0
test-international-gpsmhbsosb-con02a,nDCG@10,0.5
test-international-gpsmhbsosb-con02a,R@100,1.0
test-international-gpsmhbsosb-con03a,nDCG@10,0.3333333333333333
test-international-gpsmhbsosb-con03a,R@100,1.0
test-international-gpsmhbsosb-pro01a,nDCG@10,1.0
test-international-gpsmhbsosb-pro01a,R@100,1.0
test-international-gpsmhbsosb-pro02a,nDCG@10,0.5
test-international-gpsmhbsosb-pro02a,R@100,1.0
test-international-gpsmhbsosb-pro03a,nDCG@10,1.0
test-international-gpsmhbsosb-pro03a,R@100,1.0
test-international-gsciidffe-con01a,nDCG@10,0.0
test-international-gsciidffe-con01a,R@100,1.0
test-international-gsciidffe-con02a,nDCG@10,0.3010299956639812
test-international-gsciidffe-con02a,R@100,1.0
test-international-gsciidffe-con03a,nDCG@10,0.0
test-international-gsciidffe-con03a,R@100,0.0
test-international-gsciidffe-con04a,nDCG@10,0.6309297535714575
test-international-gsciidffe-con04a,R@100,1.0
test-international-gsciidffe-pro01a,nDCG@10,0.0
test-international-gsciidffe-pro01a,R@100,1.0
test-international-gsciidffe-pro02a,nDCG@10,0.0
test-international-gsciidffe-pro02a,R@100,0.0
test-international-gsciidffe-pro03a,nDCG@10,0.0
test-international-gsciidffe-pro03a,R@100,1.0
test-international-gsciidffe-pro04a,nDCG@10,0.0
test-international-gsciidffe-pro04a,R@100,1.0
test-international-iiahwagit-con01a,nDCG@10,0.0
test-international-iiahwagit-con01a,R@100,1.0
test-international-iiahwagit-con02a,nDCG@10,0.6309297535714575
test-international-iiahwagit-con02a,R@100,1.0
test-international-iiahwagit-con03a,nDCG@10,0.6309297535714575
test-international-iiahwagit-con03a,R@100,1.0
test-international-iiahwagit-con04a,nDCG@10,0.2890648263178879
test-international-iiahwagit-con04a,R@100,1.0
test-international-iiahwagit-pro01a,nDCG@10,0.0
test-international-iiahwagit-pro01a,R@100,1.0
test-international-iiahwagit-pro02a,nDCG@10,0.5
test-international-iiahwagit-pro02a,R@100,1.0
test-international-iiahwagit-pro03a,nDCG@10,0.5
test-international-iiahwagit-pro03a,R@100,1.0
test-international-iiahwagit-pro04a,nDCG@10,0.5
test-international-iiahwagit-pro04a,R@100,1.0
test-international-iiahwagit-pro05a,nDCG@10,0.43067655807339306
test-international-iiahwagit-pro05a,R@100,1.0
test-international-iighbopcc-con01a,nDCG@10,0.0
test-international-iighbopcc-con01a,R@100,1.0
test-international-iighbopcc-con02a,nDCG@10,0.5
test-international-iighbopcc-con02a,R@100,1.0
test-international-iighbopcc-con03a,nDCG@10,1.0
test-international-iighbopcc-con03a,R@100,1.0
test-international-iighbopcc-pro01a,nDCG@10,0.38685280723454163
test-international-iighbopcc-pro01a,R@100,1.0
test-international-iighbopcc-pro02a,nDCG@10,0.43067655807339306
test-international-iighbopcc-pro02a,R@100,1.0
test-international-iighbopcc-pro03a,nDCG@10,1.0
test-international-iighbopcc-pro03a,R@100,1.0
test-international-ipecfiepg-con01a,nDCG@10,0.38685280723454163
test-international-ipecfiepg-con01a,R@100,1.0
test-international-ipecfiepg-con02a,nDCG@10,0.0
test-international-ipecfiepg-con02a,R@100,1.0
test-international-ipecfiepg-con03a,nDCG@10,0.31546487678572877
test-international-ipecfiepg-con03a,R@100,1.0
test-international-ipecfiepg-con04a,nDCG@10,0.0
test-international-ipecfiepg-con04a,R@100,1.0
test-international-ipecfiepg-pro01a,nDCG@10,1.0
test-international-ipecfiepg-pro01a,R@100,1.0
test-international-ipecfiepg-pro02a,nDCG@10,0.6309297535714575
test-international-ipecfiepg-pro02a,R@100,1.0
test-international-ipecfiepg-pro03a,nDCG@10,0.3010299956639812
test-international-ipecfiepg-pro03a,R@100,1.0
test-international-iwiaghbss-con01a,nDCG@10,0.0
test-international-iwiaghbss-con01a,R@100,1.0
test-international-iwiaghbss-con02a,nDCG@10,0.0
test-international-iwiaghbss-con02a,R@100,1.0
test-international-iwiaghbss-con03a,nDCG@10,0.0
test-international-iwiaghbss-con03a,R@100,1.0
test-international-iwiaghbss-pro01a,nDCG@10,0.0
test-international-iwiaghbss-pro01a,R@100,1.0
test-international-iwiaghbss-pro02a,nDCG@10,0.6309297535714575
test-international-iwiaghbss-pro02a,R@100,1.0
test-international-iwiaghbss-pro03a,nDCG@10,1.0
test-international-iwiaghbss-pro03a,R@100,1.0
test-international-iwiaghbss-pro04a,nDCG@10,0.0
test-international-iwiaghbss-pro04a,R@100,0.0
test-international-miasimyhw-con01a,nDCG@10,0.2890648263178879
test-international-miasimyhw-con01a,R@100,1.0
test-international-miasimyhw-con02a,nDCG@10,0.0
test-international-miasimyhw-con02a,R@100,1.0
test-international-miasimyhw-con03a,nDCG@10,0.0
test-international-miasimyhw-con03a,R@100,1.0
test-international-miasimyhw-pro01a,nDCG@10,1.0
test-international-miasimyhw-pro01a,R@100,1.0
test-international-miasimyhw-pro02a,nDCG@10,0.6309297535714575
test-international-miasimyhw-pro02a,R@100,1.0
test-international-miasimyhw-pro03a,nDCG@10,0.3333333333333333
test-international-miasimyhw-pro03a,R@100,1.0
test-international-miasimyhw-pro04a,nDCG@10,0.5
test-international-miasimyhw-pro04a,R@100,1.0
test-international-miasimyhw-pro05a,nDCG@10,0.6309297535714575
test-international-miasimyhw-pro05a,R@100,1.0
test-international-segiahbarr-con01a,nDCG@10,1.0
test-international-segiahbarr-con01a,R@100,1.0
test-international-segiahbarr-con02a,nDCG@10,0.0
test-international-segiahbarr-con02a,R@100,0.0
test-international-segiahbarr-con03a,nDCG@10,0.6309297535714575
test-international-segiahbarr-con03a,R@100,1.0
test-international-segiahbarr-con04a,nDCG@10,0.0
test-international-segiahbarr-con04a,R@100,1.0
test-international-segiahbarr-pro01a,nDCG@10,0.43067655807339306
test-international-segiahbarr-pro01a,R@100,1.0
test-international-segiahbarr-pro02a,nDCG@10,1.0
test-international-segiahbarr-pro02a,R@100,1.0
test-international-segiahbarr-pro03a,nDCG@10,0.38685280723454163
test-international-segiahbarr-pro03a,R@100,1.0
test-international-segiahbarr-pro04a,nDCG@10,0.5
test-international-segiahbarr-pro04a,R@100,1.0
test-international-sepiahbaaw-con01a,nDCG@10,0.5
test-international-sepiahbaaw-con01a,R@100,1.0
test-international-sepiahbaaw-con02a,nDCG@10,0.43067655807339306
test-international-sepiahbaaw-con02a,R@100,1.0
test-international-sepiahbaaw-con03a,nDCG@10,1.0
test-international-sepiahbaaw-con03a,R@100,1.0
test-international-sepiahbaaw-pro01a,nDCG@10,0.0
test-international-sepiahbaaw-pro01a,R@100,1.0
test-international-sepiahbaaw-pro02a,nDCG@10,1.0
test-international-sepiahbaaw-pro02a,R@100,1.0
test-international-sepiahbaaw-pro03a,nDCG@10,1.0
test-international-sepiahbaaw-pro03a,R@100,1.0
test-international-sepiahbaaw-pro04a,nDCG@10,0.0
test-international-sepiahbaaw-pro04a,R@100,1.0
test-international-siacphbnt-con01a,nDCG@10,0.0
test-international-siacphbnt-con01a,R@100,1.0
test-international-siacphbnt-con02a,nDCG@10,1.0
test-international-siacphbnt-con02a,R@100,1.0
test-international-siacphbnt-con03a,nDCG@10,0.43067655807339306
test-international-siacphbnt-con03a,R@100,1.0
test-international-siacphbnt-con04a,nDCG@10,0.43067655807339306
test-international-siacphbnt-con04a,R@100,1.0
test-international-siacphbnt-pro01a,nDCG@10,0.6309297535714575
test-international-siacphbnt-pro01a,R@100,1.0
test-international-siacphbnt-pro02a,nDCG@10,0.3562071871080222
test-international-siacphbnt-pro02a,R@100,1.0
test-international-siacphbnt-pro03a,nDCG@10,0.5
test-international-siacphbnt-pro03a,R@100,1.0
test-international-siacphbnt-pro04a,nDCG@10,0.0
test-international-siacphbnt-pro04a,R@100,1.0
test-international-siacphbnt-pro05a,nDCG@10,0.38685280723454163
test-international-siacphbnt-pro05a,R@100,1.0
test-international-ssiarcmhb-con01a,nDCG@10,1.0
test-international-ssiarcmhb-con01a,R@100,1.0
test-international-ssiarcmhb-con02a,nDCG@10,0.0
test-international-ssiarcmhb-con02a,R@100,1.0
test-international-ssiarcmhb-con03a,nDCG@10,0.5
test-international-ssiarcmhb-con03a,R@100,1.0
test-international-ssiarcmhb-con04a,nDCG@10,0.43067655807339306
test-international-ssiarcmhb-con04a,R@100,1.0
test-international-ssiarcmhb-con05a,nDCG@10,0.0
test-international-ssiarcmhb-con05a,R@100,1.0
test-international-ssiarcmhb-pro01a,nDCG@10,0.6309297535714575
test-international-ssiarcmhb-pro01a,R@100,1.0
test-international-ssiarcmhb-pro02a,nDCG@10,1.0
test-international-ssiarcmhb-pro02a,R@100,1.0
test-international-ssiarcmhb-pro03a,nDCG@10,0.6309297535714575
test-international-ssiarcmhb-pro03a,R@100,1.0
test-international-ssiarcmhb-pro04a,nDCG@10,1.0
test-international-ssiarcmhb-pro04a,R@100,1.0
test-international-ssiarcmhb-pro05a,nDCG@10,0.5
test-international-ssiarcmhb-pro05a,R@100,1.0
test-law-cpilhbishioe-con01a,nDCG@10,0.38685280723454163
test-law-cpilhbishioe-con01a,R@100,1.0
test-law-cpilhbishioe-con02a,nDCG@10,0.38685280723454163
test-law-cpilhbishioe-con02a,R@100,1.0
test-law-cpilhbishioe-con03a,nDCG@10,0.0
test-law-cpilhbishioe-con03a,R@100,1.0
test-law-cpilhbishioe-con04a,nDCG@10,1.0
test-law-cpilhbishioe-con04a,R@100,1.0
test-law-cpilhbishioe-pro01a,nDCG@10,0.5
test-law-cpilhbishioe-pro01a,R@100,1.0
test-law-cpilhbishioe-pro02a,nDCG@10,0.38685280723454163
test-law-cpilhbishioe-pro02a,R@100,1.0
test-law-cpilhbishioe-pro03a,nDCG@10,0.5
test-law-cpilhbishioe-pro03a,R@100,1.0
test-law-cpilhbishioe-pro04a,nDCG@10,1.0
test-law-cpilhbishioe-pro04a,R@100,1.0
test-law-cplglghwbhwd-con01a,nDCG@10,1.0
test-law-cplglghwbhwd-con01a,R@100,1.0
test-law-cplglghwbhwd-con02a,nDCG@10,1.0
test-law-cplglghwbhwd-con02a,R@100,1.0
test-law-cplglghwbhwd-con03a,nDCG@10,1.0
test-law-cplglghwbhwd-con03a,R@100,1.0
test-law-cplglghwbhwd-pro01a,nDCG@10,1.0
test-law-cplglghwbhwd-pro01a,R@100,1.0
test-law-cplglghwbhwd-pro02a,nDCG@10,0.6309297535714575
test-law-cplglghwbhwd-pro02a,R@100,1.0
test-law-cplglghwbhwd-pro03a,nDCG@10,0.6309297535714575
test-law-cplglghwbhwd-pro03a,R@100,1.0
test-law-cplgpshwdp-con01a,nDCG@10,0.0
test-law-cplgpshwdp-con01a,R@100,1.0
test-law-cplgpshwdp-con02a,nDCG@10,0.43067655807339306
test-law-cplgpshwdp-con02a,R@100,1.0
test-law-cplgpshwdp-con03a,nDCG@10,0.0
test-law-cplgpshwdp-con03a,R@100,0.0
test-law-cplgpshwdp-con04a,nDCG@10,0.0
test-law-cplgpshwdp-con04a,R@100,1.0
test-law-cplgpshwdp-pro01a,nDCG@10,0.3562071871080222
test-law-cplgpshwdp-pro01a,R@100,1.0
test-law-cplgpshwdp-pro02a,nDCG@10,0.6309297535714575
test-law-cplgpshwdp-pro02a,R@100,1.0
test-law-cplgpshwdp-pro03a,nDCG@10,1.0
test-law-cplgpshwdp-pro03a,R@100,1.0
test-law-cplgpshwdp-pro04a,nDCG@10,0.0
test-law-cplgpshwdp-pro04a,R@100,1.0
test-law-cplgpshwdp-pro05a,nDCG@10,0.2890648263178879
test-law-cplgpshwdp-pro05a,R@100,1.0
test-law-cppshbcjsfm-con01a,nDCG@10,0.38685280723454163
test-law-cppshbcjsfm-con01a,R@100,1.0
test-law-cppshbcjsfm-con02a,nDCG@10,0.5
test-law-cppshbcjsfm-con02a,R@100,1.0
test-law-cppshbcjsfm-con03a,nDCG@10,0.3333333333333333
test-law-cppshbcjsfm-con03a,R@100,1.0
test-law-cppshbcjsfm-con04a,nDCG@10,0.2890648263178879
test-law-cppshbcjsfm-con04a,R@100,1.0
test-law-cppshbcjsfm-pro01a,nDCG@10,0.3562071871080222
test-law-cppshbcjsfm-pro01a,R@100,1.0
test-law-cppshbcjsfm-pro02a,nDCG@10,0.0
test-law-cppshbcjsfm-pro02a,R@100,0.0
test-law-hrilpgwhwr-con01a,nDCG@10,1.0
test-law-hrilpgwhwr-con01a,R@100,1.0
test-law-hrilpgwhwr-con02a,nDCG@10,0.31546487678572877
test-law-hrilpgwhwr-con02a,R@100,1.0
test-law-hrilpgwhwr-con03a,nDCG@10,0.0
test-law-hrilpgwhwr-con03a,R@100,1.0
test-law-hrilpgwhwr-con04a,nDCG@10,1.0
test-law-hrilpgwhwr-con04a,R@100,1.0
test-law-hrilpgwhwr-con05a,nDCG@10,0.0
test-law-hrilpgwhwr-con05a,R@100,1.0
test-law-hrilpgwhwr-pro01a,nDCG@10,0.0
test-law-hrilpgwhwr-pro01a,R@100,1.0
test-law-hrilpgwhwr-pro02a,nDCG@10,0.43067655807339306
test-law-hrilpgwhwr-pro02a,R@100,1.0
test-law-hrilpgwhwr-pro03a,nDCG@10,0.0
test-law-hrilpgwhwr-pro03a,R@100,0.0
test-law-hrpepthwuto-con01a,nDCG@10,0.0
test-law-hrpepthwuto-con01a,R@100,1.0
test-law-hrpepthwuto-con02a,nDCG@10,0.0
test-law-hrpepthwuto-con02a,R@100,1.0
test-law-hrpepthwuto-con03a,nDCG@10,0.0
test-law-hrpepthwuto-con03a,R@100,1.0
test-law-hrpepthwuto-pro01a,nDCG@10,0.0
test-law-hrpepthwuto-pro01a,R@100,1.0
test-law-hrpepthwuto-pro02a,nDCG@10,0.43067655807339306
test-law-hrpepthwuto-pro02a,R@100,1.0
test-law-hrpepthwuto-pro03a,nDCG@10,0.0
test-law-hrpepthwuto-pro03a,R@100,1.0
test-law-ilppppghb-con01a,nDCG@10,0.0
test-law-ilppppghb-con01a,R@100,1.0
test-law-ilppppghb-con02a,nDCG@10,0.0
test-law-ilppppghb-con02a,R@100,1.0
test-law-ilppppghb-con03a,nDCG@10,0.0
test-law-ilppppghb-con03a,R@100,1.0
test-law-ilppppghb-pro01a,nDCG@10,1.0
test-law-ilppppghb-pro01a,R@100,1.0
test-law-ilppppghb-pro02a,nDCG@10,0.0
test-law-ilppppghb-pro02a,R@100,1.0
test-law-ilppppghb-pro03a,nDCG@10,0.31546487678572877
test-law-ilppppghb-pro03a,R@100,1.0
test-law-ilppppghb-pro04a,nDCG@10,0.6309297535714575
test-law-ilppppghb-pro04a,R@100,1.0
test-law-lghbacpsba-con01a,nDCG@10,1.0
test-law-lghbacpsba-con01a,R@100,1.0
test-law-lghbacpsba-con02a,nDCG@10,1.0
test-law-lghbacpsba-con02a,R@100,1.0
test-law-lghbacpsba-con03a,nDCG@10,0.38685280723454163
test-law-lghbacpsba-con03a,R@100,1.0
test-law-lghbacpsba-pro01a,nDCG@10,0.38685280723454163
test-law-lghbacpsba-pro01a,R@100,1.0
test-law-lghbacpsba-pro02a,nDCG@10,1.0
test-law-lghbacpsba-pro02a,R@100,1.0
test-law-lghbacpsba-pro03a,nDCG@10,1.0
test-law-lghbacpsba-pro03a,R@100,1.0
test-law-lghbacpsba-pro04a,nDCG@10,0.0
test-law-lghbacpsba-pro04a,R@100,1.0
test-law-lghbacpsba-pro05a,nDCG@10,1.0
test-law-lghbacpsba-pro05a,R@100,1.0
test-law-lghwpcctcc-con01a,nDCG@10,1.0
test-law-lghwpcctcc-con01a,R@100,1.0
test-law-lghwpcctcc-con02a,nDCG@10,0.0
test-law-lghwpcctcc-con02a,R@100,1.0
test-law-lghwpcctcc-con03a,nDCG@10,0.6309297535714575
test-law-lghwpcctcc-con03a,R@100,1.0
test-law-lghwpcctcc-con04a,nDCG@10,1.0
test-law-lghwpcctcc-con04a,R@100,1.0
test-law-lghwpcctcc-pro01a,nDCG@10,0.0
test-law-lghwpcctcc-pro01a,R@100,1.0
test-law-lghwpcctcc-pro02a,nDCG@10,1.0
test-law-lghwpcctcc-pro02a,R@100,1.0
test-law-lghwpcctcc-pro03a,nDCG@10,1.0
test-law-lghwpcctcc-pro03a,R@100,1.0
test-law-lgplhbssbco-con01a,nDCG@10,0.0
test-law-lgplhbssbco-con01a,R@100,1.0
test-law-lgplhbssbco-con02a,nDCG@10,0.43067655807339306
test-law-lgplhbssbco-con02a,R@100,1.0
test-law-lgplhbssbco-con03a,nDCG@10,0.0
test-law-lgplhbssbco-con03a,R@100,1.0
test-law-lgplhbssbco-pro01a,nDCG@10,0.2890648263178879
test-law-lgplhbssbco-pro01a,R@100,1.0
test-law-lgplhbssbco-pro02a,nDCG@10,0.5
test-law-lgplhbssbco-pro02a,R@100,1.0
test-law-lgplhbssbco-pro03a,nDCG@10,0.0
test-law-lgplhbssbco-pro03a,R@100,1.0
test-law-lgplhbssbco-pro04a,nDCG@10,1.0
test-law-lgplhbssbco-pro04a,R@100,1.0
test-law-phwmfri-con01a,nDCG@10,0.6309297535714575
test-law-phwmfri-con01a,R@100,1.0
test-law-phwmfri-con02a,nDCG@10,0.6309297535714575
test-law-phwmfri-con02a,R@100,1.0
test-law-phwmfri-con03a,nDCG@10,0.0
test-law-phwmfri-con03a,R@100,1.0
test-law-phwmfri-pro01a,nDCG@10,1.0
test-law-phwmfri-pro01a,R@100,1.0
test-law-phwmfri-pro02a,nDCG@10,0.2890648263178879
test-law-phwmfri-pro02a,R@100,1.0
test-law-phwmfri-pro03a,nDCG@10,0.3333333333333333
test-law-phwmfri-pro03a,R@100,1.0
test-law-ralhrilglv-con01a,nDCG@10,0.0
test-law-ralhrilglv-con01a,R@100,0.0
test-law-ralhrilglv-con02a,nDCG@10,0.0
test-law-ralhrilglv-con02a,R@100,1.0
test-law-ralhrilglv-con03a,nDCG@10,1.0
test-law-ralhrilglv-con03a,R@100,1.0
test-law-ralhrilglv-con04a,nDCG@10,1.0
test-law-ralhrilglv-con04a,R@100,1.0
test-law-ralhrilglv-pro01a,nDCG@10,0.38685280723454163
test-law-ralhrilglv-pro01a,R@100,1.0
test-law-ralhrilglv-pro02a,nDCG@10,0.0
test-law-ralhrilglv-pro02a,R@100,1.0
test-law-ralhrilglv-pro03a,nDCG@10,1.0
test-law-ralhrilglv-pro03a,R@100,1.0
test-law-rmelhrilhbiw-con01a,nDCG@10,0.6309297535714575
test-law-rmelhrilhbiw-con01a,R@100,1.0
test-law-rmelhrilhbiw-con02a,nDCG@10,1.0
test-law-rmelhrilhbiw-con02a,R@100,1.0
test-law-rmelhrilhbiw-con03a,nDCG@10,0.0
test-law-rmelhrilhbiw-con03a,R@100,0.0
test-law-rmelhrilhbiw-con04a,nDCG@10,1.0
test-law-rmelhrilhbiw-con04a,R@100,1.0
test-law-rmelhrilhbiw-pro01a,nDCG@10,0.3010299956639812
test-law-rmelhrilhbiw-pro01a,R@100,1.0
test-law-rmelhrilhbiw-pro02a,nDCG@10,0.5
test-law-rmelhrilhbiw-pro02a,R@100,1.0
test-law-rmelhrilhbiw-pro03a,nDCG@10,0.0
test-law-rmelhrilhbiw-pro03a,R@100,1.0
test-law-rmelhrilhbiw-pro04a,nDCG@10,0.0
test-law-rmelhrilhbiw-pro04a,R@100,1.0
test-law-sdfclhrppph-con01a,nDCG@10,1.0
test-law-sdfclhrppph-con01a,R@100,1.0
test-law-sdfclhrppph-con02a,nDCG@10,0.5
test-law-sdfclhrppph-con02a,R@100,1.0
test-law-sdfclhrppph-pro01a,nDCG@10,0.0
test-law-sdfclhrppph-pro01a,R@100,1.0
test-law-sdfclhrppph-pro02a,nDCG@10,0.0
test-law-sdfclhrppph-pro02a,R@100,1.0
test-law-sdfclhrppph-pro03a,nDCG@10,0.5
test-law-sdfclhrppph-pro03a,R@100,1.0
test-law-sdfclhrppph-pro04a,nDCG@10,0.43067655807339306
test-law-sdfclhrppph-pro04a,R@100,1.0
test-law-sdiflhrdffe-con01a,nDCG@10,0.0
test-law-sdiflhrdffe-con01a,R@100,1.0
test-law-sdiflhrdffe-con02a,nDCG@10,0.6309297535714575
test-law-sdiflhrdffe-con02a,R@100,1.0
test-law-sdiflhrdffe-con03a,nDCG@10,0.6309297535714575
test-law-sdiflhrdffe-con03a,R@100,1.0
test-law-sdiflhrdffe-con04a,nDCG@10,0.0
test-law-sdiflhrdffe-con04a,R@100,1.0
test-law-sdiflhrdffe-pro01a,nDCG@10,0.0
test-law-sdiflhrdffe-pro01a,R@100,1.0
test-law-sdiflhrdffe-pro02a,nDCG@10,0.3333333333333333
test-law-sdiflhrdffe-pro02a,R@100,1.0
test-law-sdiflhrdffe-pro03a,nDCG@10,0.0
test-law-sdiflhrdffe-pro03a,R@100,1.0
test-law-tahglcphsld-con01a,nDCG@10,0.5
test-law-tahglcphsld-con01a,R@100,1.0
test-law-tahglcphsld-con02a,nDCG@10,0.43067655807339306
test-law-tahglcphsld-con02a,R@100,1.0
test-law-tahglcphsld-con03a,nDCG@10,0.38685280723454163
test-law-tahglcphsld-con03a,R@100,1.0
test-law-tahglcphsld-pro01a,nDCG@10,0.0
test-law-tahglcphsld-pro01a,R@100,1.0
test-law-tahglcphsld-pro02a,nDCG@10,0.6309297535714575
test-law-tahglcphsld-pro02a,R@100,1.0
test-law-tahglcphsld-pro03a,nDCG@10,0.5
test-law-tahglcphsld-pro03a,R@100,1.0
test-law-tahglcphsld-pro04a,nDCG@10,0.0
test-law-tahglcphsld-pro04a,R@100,1.0
test-law-tahglcphsld-pro05a,nDCG@10,0.5
test-law-tahglcphsld-pro05a,R@100,1.0
test-law-tahglcphsld-pro06a,nDCG@10,0.3562071871080222
test-law-tahglcphsld-pro06a,R@100,1.0
test-law-tahglcphsld-pro07a,nDCG@10,1.0
test-law-tahglcphsld-pro07a,R@100,1.0
test-law-thgglcplgphw-con01a,nDCG@10,0.5
test-law-thgglcplgphw-con01a,R@100,1.0
test-law-thgglcplgphw-con02a,nDCG@10,0.0
test-law-thgglcplgphw-con02a,R@100,0.0
test-law-thgglcplgphw-con03a,nDCG@10,0.0
test-law-thgglcplgphw-con03a,R@100,1.0
test-law-thgglcplgphw-pro01a,nDCG@10,0.3562071871080222
test-law-thgglcplgphw-pro01a,R@100,1.0
test-law-thgglcplgphw-pro02a,nDCG@10,0.6309297535714575
test-law-thgglcplgphw-pro02a,R@100,1.0
test-law-thgglcplgphw-pro03a,nDCG@10,0.3562071871080222
test-law-thgglcplgphw-pro03a,R@100,1.0
test-law-tlcplghwfne-con01a,nDCG@10,0.43067655807339306
test-law-tlcplghwfne-con01a,R@100,1.0
test-law-tlcplghwfne-con02a,nDCG@10,0.31546487678572877
test-law-tlcplghwfne-con02a,R@100,1.0
test-law-tlcplghwfne-con03a,nDCG@10,0.5
test-law-tlcplghwfne-con03a,R@100,1.0
test-law-tlcplghwfne-pro01a,nDCG@10,0.6309297535714575
test-law-tlcplghwfne-pro01a,R@100,1.0
test-law-tlcplghwfne-pro02a,nDCG@10,0.3562071871080222
test-law-tlcplghwfne-pro02a,R@100,1.0
test-law-tlcplghwfne-pro03a,nDCG@10,0.5
test-law-tlcplghwfne-pro03a,R@100,1.0
test-law-umtlilhotac-con01a,nDCG@10,0.38685280723454163
test-law-umtlilhotac-con01a,R@100,1.0
test-law-umtlilhotac-con02a,nDCG@10,0.31546487678572877
test-law-umtlilhotac-con02a,R@100,1.0
test-law-umtlilhotac-con03a,nDCG@10,1.0
test-law-umtlilhotac-con03a,R@100,1.0
test-law-umtlilhotac-pro01a,nDCG@10,0.6309297535714575
test-law-umtlilhotac-pro01a,R@100,1.0
test-law-umtlilhotac-pro02a,nDCG@10,0.38685280723454163
test-law-umtlilhotac-pro02a,R@100,1.0
test-law-umtlilhotac-pro03a,nDCG@10,1.0
test-law-umtlilhotac-pro03a,R@100,1.0
test-philosophy-apessghwba-con01a,nDCG@10,0.0
test-philosophy-apessghwba-con01a,R@100,1.0
test-philosophy-apessghwba-con02a,nDCG@10,0.0
test-philosophy-apessghwba-con02a,R@100,1.0
test-philosophy-apessghwba-con03a,nDCG@10,0.0
test-philosophy-apessghwba-con03a,R@100,1.0
test-philosophy-apessghwba-con04a,nDCG@10,1.0
test-philosophy-apessghwba-con04a,R@100,1.0
test-philosophy-apessghwba-con05a,nDCG@10,0.3010299956639812
test-philosophy-apessghwba-con05a,R@100,1.0
test-philosophy-apessghwba-pro01a,nDCG@10,0.0
test-philosophy-apessghwba-pro01a,R@100,1.0
test-philosophy-apessghwba-pro02a,nDCG@10,0.43067655807339306
test-philosophy-apessghwba-pro02a,R@100,1.0
test-philosophy-apessghwba-pro03a,nDCG@10,0.3333333333333333
test-philosophy-apessghwba-pro03a,R@100,1.0
test-philosophy-apessghwba-pro04a,nDCG@10,1.0
test-philosophy-apessghwba-pro04a,R@100,1.0
test-philosophy-apessghwba-pro05a,nDCG@10,0.38685280723454163
test-philosophy-apessghwba-pro05a,R@100,1.0
test-philosophy-elhbrd-con01a,nDCG@10,0.0
test-philosophy-elhbrd-con01a,R@100,0.0
test-philosophy-elhbrd-con02a,nDCG@10,0.0
test-philosophy-elhbrd-con02a,R@100,1.0
test-philosophy-elhbrd-con03a,nDCG@10,0.0
test-philosophy-elhbrd-con03a,R@100,1.0
test-philosophy-elhbrd-con04a,nDCG@10,0.0
test-philosophy-elhbrd-con04a,R@100,1.0
test-philosophy-elhbrd-pro01a,nDCG@10,1.0
test-philosophy-elhbrd-pro01a,R@100,1.0
test-philosophy-elhbrd-pro02a,nDCG@10,0.0
test-philosophy-elhbrd-pro02a,R@100,1.0
test-philosophy-elhbrd-pro03a,nDCG@10,0.0
test-philosophy-elhbrd-pro03a,R@100,1.0
test-philosophy-elkosmj-con01a,nDCG@10,0.5
test-philosophy-elkosmj-con01a,R@100,1.0
test-philosophy-elkosmj-con02a,nDCG@10,0.38685280723454163
test-philosophy-elkosmj-con02a,R@100,1.0
test-philosophy-elkosmj-con03a,nDCG@10,0.5
test-philosophy-elkosmj-con03a,R@100,1.0
test-philosophy-elkosmj-con04a,nDCG@10,0.0
test-philosophy-elkosmj-con04a,R@100,0.0
test-philosophy-elkosmj-con05a,nDCG@10,0.6309297535714575
test-philosophy-elkosmj-con05a,R@100,1.0
test-philosophy-elkosmj-con06a,nDCG@10,0.31546487678572877
test-philosophy-elkosmj-con06a,R@100,1.0
test-philosophy-elkosmj-pro01a,nDCG@10,0.6309297535714575
test-philosophy-elkosmj-pro01a,R@100,1.0
test-philosophy-elkosmj-pro02a,nDCG@10,0.5
test-philosophy-elkosmj-pro02a,R@100,1.0
test-philosophy-elkosmj-pro03a,nDCG@10,0.5
test-philosophy-elkosmj-pro03a,R@100,1.0
test-philosophy-eppphwlrtjs-con01a,nDCG@10,0.0
test-philosophy-eppphwlrtjs-con01a,R@100,1.0
test-philosophy-eppphwlrtjs-con02a,nDCG@10,0.5
test-philosophy-eppphwlrtjs-con02a,R@100,1.0
test-philosophy-eppphwlrtjs-con03a,nDCG@10,0.38685280723454163
test-philosophy-eppphwlrtjs-con03a,R@100,1.0
test-philosophy-eppphwlrtjs-con04a,nDCG@10,1.0
test-philosophy-eppphwlrtjs-con04a,R@100,1.0
test-philosophy-eppphwlrtjs-pro01a,nDCG@10,0.5
test-philosophy-eppphwlrtjs-pro01a,R@100,1.0
test-philosophy-eppphwlrtjs-pro02a,nDCG@10,0.5
test-philosophy-eppphwlrtjs-pro02a,R@100,1.0
test-philosophy-eppphwlrtjs-pro03a,nDCG@10,0.0
test-philosophy-eppphwlrtjs-pro03a,R@100,1.0
test-philosophy-eppphwlrtjs-pro04a,nDCG@10,0.5
test-philosophy-eppphwlrtjs-pro04a,R@100,1.0
test-philosophy-eppphwlrtjs-pro05a,nDCG@10,0.3333333333333333
test-philosophy-eppphwlrtjs-pro05a,R@100,1.0
test-philosophy-ippelhbcp-con01a,nDCG@10,0.43067655807339306
test-philosophy-ippelhbcp-con01a,R@100,1.0
test-philosophy-ippelhbcp-con02a,nDCG@10,1.0
test-philosophy-ippelhbcp-con02a,R@100,1.0
test-philosophy-ippelhbcp-con03a,nDCG@10,0.0
test-philosophy-ippelhbcp-con03a,R@100,0.0
test-philosophy-ippelhbcp-con04a,nDCG@10,0.3562071871080222
test-philosophy-ippelhbcp-con04a,R@100,1.0
test-philosophy-ippelhbcp-pro01a,nDCG@10,0.0
test-philosophy-ippelhbcp-pro01a,R@100,0.0
test-philosophy-ippelhbcp-pro02a,nDCG@10,0.31546487678572877
test-philosophy-ippelhbcp-pro02a,R@100,1.0
test-philosophy-ippelhbcp-pro03a,nDCG@10,0.0
test-philosophy-ippelhbcp-pro03a,R@100,0.0
test-philosophy-npegiepp-con01a,nDCG@10,0.5
test-philosophy-npegiepp-con01a,R@100,1.0
test-philosophy-npegiepp-con02a,nDCG@10,0.0
test-philosophy-npegiepp-con02a,R@100,1.0
test-philosophy-npegiepp-con03a,nDCG@10,1.0
test-philosophy-npegiepp-con03a,R@100,1.0
test-philosophy-npegiepp-con04a,nDCG@10,1.0
test-philosophy-npegiepp-con04a,R@100,1.0
test-philosophy-npegiepp-pro01a,nDCG@10,0.38685280723454163
test-philosophy-npegiepp-pro01a,R@100,1.0
test-philosophy-npegiepp-pro02a,nDCG@10,1.0
test-philosophy-npegiepp-pro02a,R@100,1.0
test-philosophy-npegiepp-pro03a,nDCG@10,0.0
test-philosophy-npegiepp-pro03a,R@100,1.0
test-philosophy-npegiepp-pro04a,nDCG@10,0.3562071871080222
test-philosophy-npegiepp-pro04a,R@100,1.0
test-philosophy-npegiepp-pro05a,nDCG@10,1.0
test-philosophy-npegiepp-pro05a,R@100,1.0
test-philosophy-npppmhwup-con01a,nDCG@10,0.0
test-philosophy-npppmhwup-con01a,R@100,1.0
test-philosophy-npppmhwup-con02a,nDCG@10,1.0
test-philosophy-npppmhwup-con02a,R@100,1.0
test-philosophy-npppmhwup-con03a,nDCG@10,0.0
test-philosophy-npppmhwup-con03a,R@100,0.0
test-philosophy-npppmhwup-pro01a,nDCG@10,0.3562071871080222
test-philosophy-npppmhwup-pro01a,R@100,1.0
test-philosophy-npppmhwup-pro02a,nDCG@10,0.6309297535714575
test-philosophy-npppmhwup-pro02a,R@100,1.0
test-philosophy-npppmhwup-pro03a,nDCG@10,1.0
test-philosophy-npppmhwup-pro03a,R@100,1.0
test-philosophy-npppmhwup-pro04a,nDCG@10,1.0
test-philosophy-npppmhwup-pro04a,R@100,1.0
test-philosophy-pphbclsbs-con01a,nDCG@10,0.0
test-philosophy-pphbclsbs-con01a,R@100,0.0
test-philosophy-pphbclsbs-con02a,nDCG@10,0.0
test-philosophy-pphbclsbs-con02a,R@100,1.0
test-philosophy-pphbclsbs-con03a,nDCG@10,0.38685280723454163
test-philosophy-pphbclsbs-con03a,R@100,1.0
test-philosophy-pphbclsbs-con04a,nDCG@10,1.0
test-philosophy-pphbclsbs-con04a,R@100,1.0
test-philosophy-pphbclsbs-con05a,nDCG@10,0.0
test-philosophy-pphbclsbs-con05a,R@100,0.0
test-philosophy-pphbclsbs-pro01a,nDCG@10,0.0
test-philosophy-pphbclsbs-pro01a,R@100,0.0
test-philosophy-pphbclsbs-pro02a,nDCG@10,0.43067655807339306
test-philosophy-pphbclsbs-pro02a,R@100,1.0
test-philosophy-pphbclsbs-pro03a,nDCG@10,0.0
test-philosophy-pphbclsbs-pro03a,R@100,1.0
test-philosophy-pphbclsbs-pro04a,nDCG@10,0.0
test-philosophy-pphbclsbs-pro04a,R@100,1.0
test-philosophy-pphbclsbs-pro05a,nDCG@10,0.0
test-philosophy-pphbclsbs-pro05a,R@100,1.0
test-philosophy-pppgshbsd-con01a,nDCG@10,0.0
test-philosophy-pppgshbsd-con01a,R@100,1.0
test-philosophy-pppgshbsd-con02a,nDCG@10,0.0
test-philosophy-pppgshbsd-con02a,R@100,1.0
test-philosophy-pppgshbsd-con03a,nDCG@10,0.0
test-philosophy-pppgshbsd-con03a,R@100,0.0
test-philosophy-pppgshbsd-con04a,nDCG@10,0.0
test-philosophy-pppgshbsd-con04a,R@100,1.0
test-philosophy-pppgshbsd-con05a,nDCG@10,0.0
test-philosophy-pppgshbsd-con05a,R@100,1.0
test-philosophy-pppgshbsd-pro01a,nDCG@10,0.0
test-philosophy-pppgshbsd-pro01a,R@100,0.0
test-philosophy-pppgshbsd-pro02a,nDCG@10,0.3562071871080222
test-philosophy-pppgshbsd-pro02a,R@100,1.0
test-philosophy-pppgshbsd-pro03a,nDCG@10,0.6309297535714575
test-philosophy-pppgshbsd-pro03a,R@100,1.0
test-philosophy-pppthbtcb-con01a,nDCG@10,0.0
test-philosophy-pppthbtcb-con01a,R@100,0.0
test-philosophy-pppthbtcb-con02a,nDCG@10,0.0
test-philosophy-pppthbtcb-con02a,R@100,0.0
test-philosophy-pppthbtcb-con03a,nDCG@10,0.0
test-philosophy-pppthbtcb-con03a,R@100,1.0
test-philosophy-pppthbtcb-con04a,nDCG@10,0.0
test-philosophy-pppthbtcb-con04a,R@100,0.0
test-philosophy-pppthbtcb-pro01a,nDCG@10,0.0
test-philosophy-pppthbtcb-pro01a,R@100,1.0
test-philosophy-pppthbtcb-pro02a,nDCG@10,0.6309297535714575
test-philosophy-pppthbtcb-pro02a,R@100,1.0
test-philosophy-pppthbtcb-pro03a,nDCG@10,0.0
test-philosophy-pppthbtcb-pro03a,R@100,1.0
test-philosophy-pppthbtcb-pro04a,nDCG@10,1.0
test-philosophy-pppthbtcb-pro04a,R@100,1.0
test-philosophy-pppthbtcb-pro05a,nDCG@10,0.0
test-philosophy-pppthbtcb-pro05a,R@100,1.0
test-politics-cdfsaphgiap-con01a,nDCG@10,0.38685280723454163
test-politics-cdfsaphgiap-con01a,R@100,1.0
test-politics-cdfsaphgiap-con02a,nDCG@10,0.5
test-politics-cdfsaphgiap-con02a,R@100,1.0
test-politics-cdfsaphgiap-con03a,nDCG@10,0.0
test-politics-cdfsaphgiap-con03a,R@100,1.0
test-politics-cdfsaphgiap-con04a,nDCG@10,0.5
test-politics-cdfsaphgiap-con04a,R@100,1.0
test-politics-cdfsaphgiap-pro01a,nDCG@10,0.0
test-politics-cdfsaphgiap-pro01a,R@100,1.0
test-politics-cdfsaphgiap-pro02a,nDCG@10,0.43067655807339306
test-politics-cdfsaphgiap-pro02a,R@100,1.0
test-politics-cdfsaphgiap-pro03a,nDCG@10,0.0
test-politics-cdfsaphgiap-pro03a,R@100,1.0
test-politics-cdfsaphgiap-pro04a,nDCG@10,0.0
test-politics-cdfsaphgiap-pro04a,R@100,1.0
test-politics-cdmaggpdgdf-con01a,nDCG@10,0.5
test-politics-cdmaggpdgdf-con01a,R@100,1.0
test-politics-cdmaggpdgdf-con02a,nDCG@10,0.3010299956639812
test-politics-cdmaggpdgdf-con02a,R@100,1.0
test-politics-cdmaggpdgdf-con03a,nDCG@10,1.0
test-politics-cdmaggpdgdf-con03a,R@100,1.0
test-politics-cdmaggpdgdf-con04a,nDCG@10,0.6309297535714575
test-politics-cdmaggpdgdf-con04a,R@100,1.0
test-politics-cdmaggpdgdf-con05a,nDCG@10,1.0
test-politics-cdmaggpdgdf-con05a,R@100,1.0
test-politics-cdmaggpdgdf-pro01a,nDCG@10,1.0
test-politics-cdmaggpdgdf-pro01a,R@100,1.0
test-politics-cdmaggpdgdf-pro02a,nDCG@10,0.0
test-politics-cdmaggpdgdf-pro02a,R@100,1.0
test-politics-cdmaggpdgdf-pro03a,nDCG@10,0.6309297535714575
test-politics-cdmaggpdgdf-pro03a,R@100,1.0
test-politics-cdmaggpdgdf-pro04a,nDCG@10,1.0
test-politics-cdmaggpdgdf-pro04a,R@100,1.0
test-politics-cdmaggpdgdf-pro05a,nDCG@10,1.0
test-politics-cdmaggpdgdf-pro05a,R@100,1.0
test-politics-cpecfiepg-con01a,nDCG@10,0.31546487678572877
test-politics-cpecfiepg-con01a,R@100,1.0
test-politics-cpecfiepg-con02a,nDCG@10,0.0
test-politics-cpecfiepg-con02a,R@100,1.0
test-politics-cpecfiepg-con03a,nDCG@10,0.3562071871080222
test-politics-cpecfiepg-con03a,R@100,1.0
test-politics-cpecfiepg-con04a,nDCG@10,0.0
test-politics-cpecfiepg-con04a,R@100,1.0
test-politics-cpecfiepg-pro01a,nDCG@10,0.5
test-politics-cpecfiepg-pro01a,R@100,1.0
test-politics-cpecfiepg-pro02a,nDCG@10,0.6309297535714575
test-politics-cpecfiepg-pro02a,R@100,1.0
test-politics-cpecfiepg-pro03a,nDCG@10,0.0
test-politics-cpecfiepg-pro03a,R@100,1.0
test-politics-cpegiepgh-con01a,nDCG@10,1.0
test-politics-cpegiepgh-con01a,R@100,1.0
test-politics-cpegiepgh-con02a,nDCG@10,1.0
test-politics-cpegiepgh-con02a,R@100,1.0
test-politics-cpegiepgh-con03a,nDCG@10,1.0
test-politics-cpegiepgh-con03a,R@100,1.0
test-politics-cpegiepgh-pro01a,nDCG@10,0.43067655807339306
test-politics-cpegiepgh-pro01a,R@100,1.0
test-politics-cpegiepgh-pro02a,nDCG@10,0.6309297535714575
test-politics-cpegiepgh-pro02a,R@100,1.0
test-politics-cpegiepgh-pro03a,nDCG@10,1.0
test-politics-cpegiepgh-pro03a,R@100,1.0
test-politics-cpegiepgh-pro04a,nDCG@10,1.0
test-politics-cpegiepgh-pro04a,R@100,1.0
test-politics-dhbanhrnw-con01a,nDCG@10,0.0
test-politics-dhbanhrnw-con01a,R@100,0.0
test-politics-dhbanhrnw-con02a,nDCG@10,0.0
test-politics-dhbanhrnw-con02a,R@100,1.0
test-politics-dhbanhrnw-con03a,nDCG@10,0.38685280723454163
test-politics-dhbanhrnw-con03a,R@100,1.0
test-politics-dhbanhrnw-con04a,nDCG@10,0.3333333333333333
test-politics-dhbanhrnw-con04a,R@100,1.0
test-politics-dhbanhrnw-con05a,nDCG@10,1.0
test-politics-dhbanhrnw-con05a,R@100,1.0
test-politics-dhbanhrnw-pro01a,nDCG@10,0.3010299956639812
test-politics-dhbanhrnw-pro01a,R@100,1.0
test-politics-dhbanhrnw-pro02a,nDCG@10,0.0
test-politics-dhbanhrnw-pro02a,R@100,1.0
test-politics-dhbanhrnw-pro03a,nDCG@10,0.0
test-politics-dhbanhrnw-pro03a,R@100,1.0
test-politics-dhbanhrnw-pro04a,nDCG@10,0.3562071871080222
test-politics-dhbanhrnw-pro04a,R@100,1.0
test-politics-dhbanhrnw-pro05a,nDCG@10,0.3333333333333333
test-politics-dhbanhrnw-pro05a,R@100,1.0
test-politics-dhwem-con01a,nDCG@10,1.0
test-politics-dhwem-con01a,R@100,1.0
test-politics-dhwem-con02a,nDCG@10,1.0
test-politics-dhwem-con02a,R@100,1.0
test-politics-dhwem-con03a,nDCG@10,0.3333333333333333
test-politics-dhwem-con03a,R@100,1.0
test-politics-dhwem-con04a,nDCG@10,0.2890648263178879
test-politics-dhwem-con04a,R@100,1.0
test-politics-dhwem-pro01a,nDCG@10,0.0
test-politics-dhwem-pro01a,R@100,1.0
test-politics-dhwem-pro02a,nDCG@10,0.0
test-politics-dhwem-pro02a,R@100,1.0
test-politics-dhwem-pro03a,nDCG@10,0.3562071871080222
test-politics-dhwem-pro03a,R@100,1.0
test-politics-dhwem-pro04a,nDCG@10,0.5
test-politics-dhwem-pro04a,R@100,1.0
test-politics-dhwem-pro05a,nDCG@10,0.0
test-politics-dhwem-pro05a,R@100,1.0
test-politics-dhwem-pro06a,nDCG@10,0.0
test-politics-dhwem-pro06a,R@100,0.0
test-politics-eppghwgpi-con01a,nDCG@10,0.0
test-politics-eppghwgpi-con01a,R@100,1.0
test-politics-eppghwgpi-con02a,nDCG@10,0.0
test-politics-eppghwgpi-con02a,R@100,1.0
test-politics-eppghwgpi-con03a,nDCG@10,0.3562071871080222
test-politics-eppghwgpi-con03a,R@100,1.0
test-politics-eppghwgpi-con04a,nDCG@10,0.6309297535714575
test-politics-eppghwgpi-con04a,R@100,1.0
test-politics-eppghwgpi-con05a,nDCG@10,0.0
test-politics-eppghwgpi-con05a,R@100,1.0
test-politics-eppghwgpi-pro01a,nDCG@10,0.6309297535714575
test-politics-eppghwgpi-pro01a,R@100,1.0
test-politics-eppghwgpi-pro02a,nDCG@10,0.6309297535714575
test-politics-eppghwgpi-pro02a,R@100,1.0
test-politics-eppghwgpi-pro03a,nDCG@10,0.3333333333333333
test-politics-eppghwgpi-pro03a,R@100,1.0
test-politics-eppghwgpi-pro04a,nDCG@10,0.0
test-politics-eppghwgpi-pro04a,R@100,1.0
test-politics-eppghwgpi-pro05a,nDCG@10,1.0
test-politics-eppghwgpi-pro05a,R@100,1.0
test-politics-eppghwlrba-con01a,nDCG@10,1.0
test-politics-eppghwlrba-con01a,R@100,1.0
test-politics-eppghwlrba-con02a,nDCG@10,1.0
test-politics-eppghwlrba-con02a,R@100,1.0
test-politics-eppghwlrba-con03a,nDCG@10,0.3333333333333333
test-politics-eppghwlrba-con03a,R@100,1.0
test-politics-eppghwlrba-con04a,nDCG@10,0.0
test-politics-eppghwlrba-con04a,R@100,1.0
test-politics-eppghwlrba-pro01a,nDCG@10,0.0
test-politics-eppghwlrba-pro01a,R@100,1.0
test-politics-eppghwlrba-pro02a,nDCG@10,0.6309297535714575
test-politics-eppghwlrba-pro02a,R@100,1.0
test-politics-eppghwlrba-pro03a,nDCG@10,0.5
test-politics-eppghwlrba-pro03a,R@100,1.0
test-politics-eppghwlrba-pro04a,nDCG@10,1.0
test-politics-eppghwlrba-pro04a,R@100,1.0
test-politics-epvhbfsmsaop-con01a,nDCG@10,0.5
test-politics-epvhbfsmsaop-con01a,R@100,1.0
test-politics-epvhbfsmsaop-con02a,nDCG@10,0.5
test-politics-epvhbfsmsaop-con02a,R@100,1.0
test-politics-epvhbfsmsaop-con03a,nDCG@10,1.0
test-politics-epvhbfsmsaop-con03a,R@100,1.0
test-politics-epvhbfsmsaop-pro01a,nDCG@10,0.5
test-politics-epvhbfsmsaop-pro01a,R@100,1.0
test-politics-epvhbfsmsaop-pro02a,nDCG@10,0.3333333333333333
test-politics-epvhbfsmsaop-pro02a,R@100,1.0
test-politics-epvhbfsmsaop-pro03a,nDCG@10,0.43067655807339306
test-politics-epvhbfsmsaop-pro03a,R@100,1.0
test-politics-ghbgussbsbt-con01a,nDCG@10,0.6309297535714575
test-politics-ghbgussbsbt-con01a,R@100,1.0
test-politics-ghbgussbsbt-con02a,nDCG@10,0.0
test-politics-ghbgussbsbt-con02a,R@100,1.0
test-politics-ghbgussbsbt-con03a,nDCG@10,0.6309297535714575
test-politics-ghbgussbsbt-con03a,R@100,1.0
test-politics-ghbgussbsbt-con04a,nDCG@10,1.0
test-politics-ghbgussbsbt-con04a,R@100,1.0
test-politics-ghbgussbsbt-pro01a,nDCG@10,0.5
test-politics-ghbgussbsbt-pro01a,R@100,1.0
test-politics-ghbgussbsbt-pro02a,nDCG@10,0.5
test-politics-ghbgussbsbt-pro02a,R@100,1.0
test-politics-ghbgussbsbt-pro03a,nDCG@10,1.0
test-politics-ghbgussbsbt-pro03a,R@100,1.0
test-politics-ghbgussbsbt-pro04a,nDCG@10,0.38685280723454163
test-politics-ghbgussbsbt-pro04a,R@100,1.0
test-politics-glghssi-con01a,nDCG@10,0.6309297535714575
test-politics-glghssi-con01a,R@100,1.0
test-politics-glghssi-con02a,nDCG@10,0.6309297535714575
test-politics-glghssi-con02a,R@100,1.0
test-politics-glghssi-con03a,nDCG@10,1.0
test-politics-glghssi-con03a,R@100,1.0
test-politics-glghssi-pro01a,nDCG@10,0.5
test-politics-glghssi-pro01a,R@100,1.0
test-politics-glghssi-pro02a,nDCG@10,0.38685280723454163
test-politics-glghssi-pro02a,R@100,1.0
test-politics-glghssi-pro03a,nDCG@10,1.0
test-politics-glghssi-pro03a,R@100,1.0
test-politics-glgvhbqssc-con01a,nDCG@10,1.0
test-politics-glgvhbqssc-con01a,R@100,1.0
test-politics-glgvhbqssc-con02a,nDCG@10,0.0
test-politics-glgvhbqssc-con02a,R@100,1.0
test-politics-glgvhbqssc-pro01a,nDCG@10,1.0
test-politics-glgvhbqssc-pro01a,R@100,1.0
test-politics-glgvhbqssc-pro02a,nDCG@10,0.38685280723454163
test-politics-glgvhbqssc-pro02a,R@100,1.0
test-politics-glgvhbqssc-pro03a,nDCG@10,1.0
test-politics-glgvhbqssc-pro03a,R@100,1.0
test-politics-grcrgshwbr-con01a,nDCG@10,0.31546487678572877
test-politics-grcrgshwbr-con01a,R@100,1.0
test-politics-grcrgshwbr-con02a,nDCG@10,0.3562071871080222
test-politics-grcrgshwbr-con02a,R@100,1.0
test-politics-grcrgshwbr-con03a,nDCG@10,0.43067655807339306
test-politics-grcrgshwbr-con03a,R@100,1.0
test-politics-grcrgshwbr-con04a,nDCG@10,0.0
test-politics-grcrgshwbr-con04a,R@100,0.0
test-politics-grcrgshwbr-pro01a,nDCG@10,0.5
test-politics-grcrgshwbr-pro01a,R@100,1.0
test-politics-grcrgshwbr-pro02a,nDCG@10,0.0
test-politics-grcrgshwbr-pro02a,R@100,1.0
test-politics-grcrgshwbr-pro03a,nDCG@10,0.0
test-politics-grcrgshwbr-pro03a,R@100,1.0
test-politics-grcrgshwbr-pro04a,nDCG@10,0.0
test-politics-grcrgshwbr-pro04a,R@100,1.0
test-politics-grcrgshwbr-pro05a,nDCG@10,0.5
test-politics-grcrgshwbr-pro05a,R@100,1.0
test-politics-gvhbhlsbr-con01a,nDCG@10,0.31546487678572877
test-politics-gvhbhlsbr-con01a,R@100,1.0
test-politics-gvhbhlsbr-con02a,nDCG@10,0.6309297535714575
test-politics-gvhbhlsbr-con02a,R@100,1.0
test-politics-gvhbhlsbr-con03a,nDCG@10,0.0
test-politics-gvhbhlsbr-con03a,R@100,1.0
test-politics-gvhbhlsbr-con04a,nDCG@10,1.0
test-politics-gvhbhlsbr-con04a,R@100,1.0
test-politics-gvhbhlsbr-pro01a,nDCG@10,0.5
test-politics-gvhbhlsbr-pro01a,R@100,1.0
test-politics-gvhbhlsbr-pro02a,nDCG@10,0.38685280723454163
test-politics-gvhbhlsbr-pro02a,R@100,1.0
test-politics-gvhbhlsbr-pro03a,nDCG@10,0.6309297535714575
test-politics-gvhbhlsbr-pro03a,R@100,1.0
test-politics-gvhbhlsbr-pro04a,nDCG@10,0.5
test-politics-gvhbhlsbr-pro04a,R@100,1.0
test-politics-gvhwhnerse-con01a,nDCG@10,1.0
test-politics-gvhwhnerse-con01a,R@100,1.0
test-politics-gvhwhnerse-con02a,nDCG@10,0.0
test-politics-gvhwhnerse-con02a,R@100,1.0
test-politics-gvhwhnerse-con03a,nDCG@10,1.0
test-politics-gvhwhnerse-con03a,R@100,1.0
test-politics-gvhwhnerse-con04a,nDCG@10,0.0
test-politics-gvhwhnerse-con04a,R@100,0.0
test-politics-gvhwhnerse-pro01a,nDCG@10,1.0
test-politics-gvhwhnerse-pro01a,R@100,1.0
test-politics-gvhwhnerse-pro02a,nDCG@10,1.0
test-politics-gvhwhnerse-pro02a,R@100,1.0
test-politics-gvhwhnerse-pro03a,nDCG@10,1.0
test-politics-gvhwhnerse-pro03a,R@100,1.0
test-politics-gvhwhnerse-pro04a,nDCG@10,0.43067655807339306
test-politics-gvhwhnerse-pro04a,R@100,1.0
test-politics-lghwdecm-con01a,nDCG@10,0.3562071871080222
test-politics-lghwdecm-con01a,R@100,1.0
test-politics-lghwdecm-con02a,nDCG@10,0.6309297535714575
test-politics-lghwdecm-con02a,R@100,1.0
test-politics-lghwdecm-con03a,nDCG@10,1.0
test-politics-lghwdecm-con03a,R@100,1.0
test-politics-lghwdecm-con04a,nDCG@10,0.5
test-politics-lghwdecm-con04a,R@100,1.0
test-politics-lghwdecm-pro01a,nDCG@10,0.38685280723454163
test-politics-lghwdecm-pro01a,R@100,1.0
test-politics-lghwdecm-pro02a,nDCG@10,0.6309297535714575
test-politics-lghwdecm-pro02a,R@100,1.0
test-politics-lghwdecm-pro03a,nDCG@10,0.38685280723454163
test-politics-lghwdecm-pro03a,R@100,1.0
test-politics-lghwdecm-pro04a,nDCG@10,0.3333333333333333
test-politics-lghwdecm-pro04a,R@100,1.0
test-politics-mtpghwaacb-con01a,nDCG@10,0.3333333333333333
test-politics-mtpghwaacb-con01a,R@100,1.0
test-politics-mtpghwaacb-con02a,nDCG@10,0.5
test-politics-mtpghwaacb-con02a,R@100,1.0
test-politics-mtpghwaacb-con03a,nDCG@10,0.3010299956639812
test-politics-mtpghwaacb-con03a,R@100,1.0
test-politics-mtpghwaacb-pro01a,nDCG@10,0.0
test-politics-mtpghwaacb-pro01a,R@100,1.0
test-politics-mtpghwaacb-pro02a,nDCG@10,0.3010299956639812
test-politics-mtpghwaacb-pro02a,R@100,1.0
test-politics-mtpghwaacb-pro03a,nDCG@10,0.31546487678572877
test-politics-mtpghwaacb-pro03a,R@100,1.0
test-politics-nlpdwhbusbuc-con01a,nDCG@10,0.6309297535714575
test-politics-nlpdwhbusbuc-con01a,R@100,1.0
test-politics-nlpdwhbusbuc-con02a,nDCG@10,1.0
test-politics-nlpdwhbusbuc-con02a,R@100,1.0
test-politics-nlpdwhbusbuc-con03a,nDCG@10,0.6309297535714575
test-politics-nlpdwhbusbuc-con03a,R@100,1.0
test-politics-nlpdwhbusbuc-pro01a,nDCG@10,0.43067655807339306
test-politics-nlpdwhbusbuc-pro01a,R@100,1.0
test-politics-nlpdwhbusbuc-pro02a,nDCG@10,1.0
test-politics-nlpdwhbusbuc-pro02a,R@100,1.0
test-politics-nlpdwhbusbuc-pro03a,nDCG@10,0.6309297535714575
test-politics-nlpdwhbusbuc-pro03a,R@100,1.0
test-politics-oapdhwinkp-con01a,nDCG@10,1.0
test-politics-oapdhwinkp-con01a,R@100,1.0
test-politics-oapdhwinkp-con02a,nDCG@10,0.31546487678572877
test-politics-oapdhwinkp-con02a,R@100,1.0
test-politics-oapdhwinkp-con03a,nDCG@10,0.0
test-politics-oapdhwinkp-con03a,R@100,1.0
test-politics-oapdhwinkp-pro01a,nDCG@10,0.0
test-politics-oapdhwinkp-pro01a,R@100,1.0
test-politics-oapdhwinkp-pro02a,nDCG@10,0.38685280723454163
test-politics-oapdhwinkp-pro02a,R@100,1.0
test-politics-oapdhwinkp-pro03a,nDCG@10,0.0
test-politics-oapdhwinkp-pro03a,R@100,1.0
test-politics-oapghwliva-con01a,nDCG@10,0.38685280723454163
test-politics-oapghwliva-con01a,R@100,1.0
test-politics-oapghwliva-con02a,nDCG@10,1.0
test-politics-oapghwliva-con02a,R@100,1.0
test-politics-oapghwliva-con03a,nDCG@10,0.5
test-politics-oapghwliva-con03a,R@100,1.0
test-politics-oapghwliva-pro01a,nDCG@10,0.0
test-politics-oapghwliva-pro01a,R@100,1.0
test-politics-oepdlhfcefp-con01a,nDCG@10,0.0
test-politics-oepdlhfcefp-con01a,R@100,1.0
test-politics-oepdlhfcefp-con02a,nDCG@10,0.0
test-politics-oepdlhfcefp-con02a,R@100,1.0
test-politics-oepdlhfcefp-con03a,nDCG@10,0.0
test-politics-oepdlhfcefp-con03a,R@100,0.0
test-politics-oepdlhfcefp-pro01a,nDCG@10,0.0
test-politics-oepdlhfcefp-pro01a,R@100,1.0
test-politics-oepdlhfcefp-pro02a,nDCG@10,0.3010299956639812
test-politics-oepdlhfcefp-pro02a,R@100,1.0
test-politics-oepdlhfcefp-pro03a,nDCG@10,0.38685280723454163
test-politics-oepdlhfcefp-pro03a,R@100,1.0
test-politics-oepdlhfcefp-pro04a,nDCG@10,0.38685280723454163
test-politics-oepdlhfcefp-pro04a,R@100,1.0
test-politics-oepghbrnsl-con01a,nDCG@10,0.0
test-politics-oepghbrnsl-con01a,R@100,0.0
test-politics-oepghbrnsl-con02a,nDCG@10,0.6309297535714575
test-politics-oepghbrnsl-con02a,R@100,1.0
test-politics-oepghbrnsl-con03a,nDCG@10,0.0
test-politics-oepghbrnsl-con03a,R@100,1.0
test-politics-oepghbrnsl-con04a,nDCG@10,1.0
test-politics-oepghbrnsl-con04a,R@100,1.0
test-politics-oepghbrnsl-pro01a,nDCG@10,1.0
test-politics-oepghbrnsl-pro01a,R@100,1.0
test-politics-oepghbrnsl-pro02a,nDCG@10,0.43067655807339306
test-politics-oepghbrnsl-pro02a,R@100,1.0
test-politics-oepghbrnsl-pro03a,nDCG@10,1.0
test-politics-oepghbrnsl-pro03a,R@100,1.0
test-politics-oepghbrnsl-pro04a,nDCG@10,1.0
test-politics-oepghbrnsl-pro04a,R@100,1.0
test-politics-oeplhbuwhmi-con01a,nDCG@10,0.0
test-politics-oeplhbuwhmi-con01a,R@100,1.0
test-politics-oeplhbuwhmi-con02a,nDCG@10,0.31546487678572877
test-politics-oeplhbuwhmi-con02a,R@100,1.0
test-politics-oeplhbuwhmi-con03a,nDCG@10,1.0
test-politics-oeplhbuwhmi-con03a,R@100,1.0
test-politics-oeplhbuwhmi-con04a,nDCG@10,0.0
test-politics-oeplhbuwhmi-con04a,R@100,1.0
test-politics-oeplhbuwhmi-pro01a,nDCG@10,1.0
test-politics-oeplhbuwhmi-pro01a,R@100,1.0
test-politics-oeplhbuwhmi-pro02a,nDCG@10,0.5
test-politics-oeplhbuwhmi-pro02a,R@100,1.0
test-politics-oeplhbuwhmi-pro03a,nDCG@10,0.0
test-politics-oeplhbuwhmi-pro03a,R@100,1.0
test-politics-oeplhbuwhmi-pro04a,nDCG@10,0.0
test-politics-oeplhbuwhmi-pro04a,R@100,1.0
test-politics-oglilpdwhsn-con01a,nDCG@10,0.0
test-politics-oglilpdwhsn-con01a,R@100,1.0
test-politics-oglilpdwhsn-con02a,nDCG@10,0.5
test-politics-oglilpdwhsn-con02a,R@100,1.0
test-politics-oglilpdwhsn-con03a,nDCG@10,0.0
test-politics-oglilpdwhsn-con03a,R@100,1.0
test-politics-oglilpdwhsn-con04a,nDCG@10,0.5
test-politics-oglilpdwhsn-con04a,R@100,1.0
test-politics-oglilpdwhsn-pro01a,nDCG@10,0.0
test-politics-oglilpdwhsn-pro01a,R@100,1.0
test-politics-oglilpdwhsn-pro02a,nDCG@10,0.0
test-politics-oglilpdwhsn-pro02a,R@100,1.0
test-politics-oglilpdwhsn-pro03a,nDCG@10,0.5
test-politics-oglilpdwhsn-pro03a,R@100,1.0
test-politics-pgsimhwoia-con01a,nDCG@10,1.0
test-politics-pgsimhwoia-con01a,R@100,1.0
test-politics-pgsimhwoia-con02a,nDCG@10,0.6309297535714575
test-politics-pgsimhwoia-con02a,R@100,1.0
test-politics-pgsimhwoia-con03a,nDCG@10,0.0
test-politics-pgsimhwoia-con03a,R@100,1.0
test-politics-pgsimhwoia-pro01a,nDCG@10,0.5
test-politics-pgsimhwoia-pro01a,R@100,1.0
test-politics-pgsimhwoia-pro02a,nDCG@10,0.5
test-politics-pgsimhwoia-pro02a,R@100,1.0
test-politics-pgsimhwoia-pro03a,nDCG@10,0.3562071871080222
test-politics-pgsimhwoia-pro03a,R@100,1.0
test-politics-ypppdghwid-con01a,nDCG@10,0.3010299956639812
test-politics-ypppdghwid-con01a,R@100,1.0
test-politics-ypppdghwid-con02a,nDCG@10,1.0
test-politics-ypppdghwid-con02a,R@100,1.0
test-politics-ypppdghwid-con03a,nDCG@10,0.0
test-politics-ypppdghwid-con03a,R@100,1.0
test-politics-ypppdghwid-con04a,nDCG@10,0.0
test-politics-ypppdghwid-con04a,R@100,1.0
test-politics-ypppdghwid-con05a,nDCG@10,0.0
test-politics-ypppdghwid-con05a,R@100,1.0
test-politics-ypppdghwid-pro01a,nDCG@10,1.0
test-politics-ypppdghwid-pro01a,R@100,1.0
test-politics-ypppdghwid-pro02a,nDCG@10,1.0
test-politics-ypppdghwid-pro02a,R@100,1.0
test-politics-ypppdghwid-pro03a,nDCG@10,1.0
test-politics-ypppdghwid-pro03a,R@100,1.0
test-politics-ypppdghwid-pro04a,nDCG@10,1.0
test-politics-ypppdghwid-pro04a,R@100,1.0
test-politics-ypppgvhwmv-con01a,nDCG@10,1.0
test-politics-ypppgvhwmv-con01a,R@100,1.0
test-politics-ypppgvhwmv-con02a,nDCG@10,0.5
test-politics-ypppgvhwmv-con02a,R@100,1.0
test-politics-ypppgvhwmv-con03a,nDCG@10,0.0
test-politics-ypppgvhwmv-con03a,R@100,1.0
test-politics-ypppgvhwmv-pro01a,nDCG@10,0.5
test-politics-ypppgvhwmv-pro01a,R@100,1.0
test-politics-ypppgvhwmv-pro02a,nDCG@10,1.0
test-politics-ypppgvhwmv-pro02a,R@100,1.0
test-politics-ypppgvhwmv-pro03a,nDCG@10,1.0
test-politics-ypppgvhwmv-pro03a,R@100,1.0
test-politics-ypppgvhwmv-pro04a,nDCG@10,1.0
test-politics-ypppgvhwmv-pro04a,R@100,1.0
test-politics-ypppgvhwmv-pro05a,nDCG@10,1.0
test-politics-ypppgvhwmv-pro05a,R@100,1.0
test-religion-cmrsgfhbr-con01a,nDCG@10,1.0
test-religion-cmrsgfhbr-con01a,R@100,1.0
test-religion-cmrsgfhbr-con02a,nDCG@10,0.0
test-religion-cmrsgfhbr-con02a,R@100,1.0
test-religion-cmrsgfhbr-con03a,nDCG@10,0.0
test-religion-cmrsgfhbr-con03a,R@100,1.0
test-religion-cmrsgfhbr-pro01a,nDCG@10,0.0
test-religion-cmrsgfhbr-pro01a,R@100,1.0
test-religion-cmrsgfhbr-pro02a,nDCG@10,0.38685280723454163
test-religion-cmrsgfhbr-pro02a,R@100,1.0
test-religion-cmrsgfhbr-pro03a,nDCG@10,1.0
test-religion-cmrsgfhbr-pro03a,R@100,1.0
test-religion-frghbbgi-con01a,nDCG@10,0.43067655807339306
test-religion-frghbbgi-con01a,R@100,1.0
test-religion-frghbbgi-con02a,nDCG@10,0.3562071871080222
test-religion-frghbbgi-con02a,R@100,1.0
test-religion-frghbbgi-con03a,nDCG@10,0.5
test-religion-frghbbgi-con03a,R@100,1.0
test-religion-frghbbgi-pro01a,nDCG@10,1.0
test-religion-frghbbgi-pro01a,R@100,1.0
test-religion-frghbbgi-pro02a,nDCG@10,0.43067655807339306
test-religion-frghbbgi-pro02a,R@100,1.0
test-religion-frghbbgi-pro03a,nDCG@10,0.3333333333333333
test-religion-frghbbgi-pro03a,R@100,1.0
test-religion-frghbbgi-pro04a,nDCG@10,0.0
test-religion-frghbbgi-pro04a,R@100,1.0
test-religion-frghbbgi-pro05a,nDCG@10,0.6309297535714575
test-religion-frghbbgi-pro05a,R@100,1.0
test-religion-grcrgshwbr-con01a,nDCG@10,0.31546487678572877
test-religion-grcrgshwbr-con01a,R@100,1.0
test-religion-grcrgshwbr-con02a,nDCG@10,0.3562071871080222
test-religion-grcrgshwbr-con02a,R@100,1.0
test-religion-grcrgshwbr-con03a,nDCG@10,0.43067655807339306
test-religion-grcrgshwbr-con03a,R@100,1.0
test-religion-grcrgshwbr-con04a,nDCG@10,0.0
test-religion-grcrgshwbr-con04a,R@100,0.0
test-religion-grcrgshwbr-pro01a,nDCG@10,0.5
test-religion-grcrgshwbr-pro01a,R@100,1.0
test-religion-grcrgshwbr-pro02a,nDCG@10,0.0
test-religion-grcrgshwbr-pro02a,R@100,1.0
test-religion-grcrgshwbr-pro03a,nDCG@10,0.0
test-religion-grcrgshwbr-pro03a,R@100,1.0
test-religion-grcrgshwbr-pro04a,nDCG@10,0.0
test-religion-grcrgshwbr-pro04a,R@100,1.0
test-religion-grcrgshwbr-pro05a,nDCG@10,0.5
test-religion-grcrgshwbr-pro05a,R@100,1.0
test-religion-msgfhwbamec-con01a,nDCG@10,0.31546487678572877
test-religion-msgfhwbamec-con01a,R@100,1.0
test-religion-msgfhwbamec-con02a,nDCG@10,0.43067655807339306
test-religion-msgfhwbamec-con02a,R@100,1.0
test-religion-msgfhwbamec-con03a,nDCG@10,1.0
test-religion-msgfhwbamec-con03a,R@100,1.0
test-religion-msgfhwbamec-pro01a,nDCG@10,0.0
test-religion-msgfhwbamec-pro01a,R@100,0.0
test-religion-msgfhwbamec-pro02a,nDCG@10,0.6309297535714575
test-religion-msgfhwbamec-pro02a,R@100,1.0
test-religion-msgfhwbamec-pro03a,nDCG@10,1.0
test-religion-msgfhwbamec-pro03a,R@100,1.0
test-religion-wcprrgrhbmi-con01a,nDCG@10,1.0
test-religion-wcprrgrhbmi-con01a,R@100,1.0
test-religion-wcprrgrhbmi-con02a,nDCG@10,0.3333333333333333
test-religion-wcprrgrhbmi-con02a,R@100,1.0
test-religion-wcprrgrhbmi-con03a,nDCG@10,0.0
test-religion-wcprrgrhbmi-con03a,R@100,0.0
test-religion-wcprrgrhbmi-pro01a,nDCG@10,0.0
test-religion-wcprrgrhbmi-pro01a,R@100,1.0
test-religion-wcprrgrhbmi-pro02a,nDCG@10,0.3562071871080222
test-religion-wcprrgrhbmi-pro02a,R@100,1.0
test-religion-wcprrgrhbmi-pro03a,nDCG@10,0.43067655807339306
test-religion-wcprrgrhbmi-pro03a,R@100,1.0
test-religion-yercfrggms-con01a,nDCG@10,1.0
test-religion-yercfrggms-con01a,R@100,1.0
test-religion-yercfrggms-con02a,nDCG@10,0.5
test-religion-yercfrggms-con02a,R@100,1.0
test-religion-yercfrggms-con03a,nDCG@10,1.0
test-religion-yercfrggms-con03a,R@100,1.0
test-religion-yercfrggms-pro01a,nDCG@10,0.0
test-religion-yercfrggms-pro01a,R@100,1.0
test-religion-yercfrggms-pro02a,nDCG@10,0.5
test-religion-yercfrggms-pro02a,R@100,1.0
test-religion-yercfrggms-pro03a,nDCG@10,0.6309297535714575
test-religion-yercfrggms-pro03a,R@100,1.0
test-religion-yercfrggms-pro04a,nDCG@10,0.6309297535714575
test-religion-yercfrggms-pro04a,R@100,1.0
test-religion-yercfrggms-pro05a,nDCG@10,0.5
test-religion-yercfrggms-pro05a,R@100,1.0
test-religion-yercfrggms-pro06a,nDCG@10,0.6309297535714575
test-religion-yercfrggms-pro06a,R@100,1.0
test-religion-yercfrggms-pro07a,nDCG@10,0.6309297535714575
test-religion-yercfrggms-pro07a,R@100,1.0
test-science-ascidfakhba-con01a,nDCG@10,0.0
test-science-ascidfakhba-con01a,R@100,1.0
test-science-ascidfakhba-con02a,nDCG@10,0.3562071871080222
test-science-ascidfakhba-con02a,R@100,1.0
test-science-ascidfakhba-con03a,nDCG@10,0.0
test-science-ascidfakhba-con03a,R@100,1.0
test-science-ascidfakhba-con04a,nDCG@10,0.0
test-science-ascidfakhba-con04a,R@100,1.0
test-science-ascidfakhba-pro01a,nDCG@10,0.3333333333333333
test-science-ascidfakhba-pro01a,R@100,1.0
test-science-ascidfakhba-pro02a,nDCG@10,0.43067655807339306
test-science-ascidfakhba-pro02a,R@100,1.0
test-science-ascidfakhba-pro03a,nDCG@10,0.6309297535714575
test-science-ascidfakhba-pro03a,R@100,1.0
test-science-ascidfakhba-pro04a,nDCG@10,0.3562071871080222
test-science-ascidfakhba-pro04a,R@100,1.0
test-science-ciidfaihwc-con01a,nDCG@10,0.0
test-science-ciidfaihwc-con01a,R@100,1.0
test-science-ciidfaihwc-con02a,nDCG@10,0.0
test-science-ciidfaihwc-con02a,R@100,1.0
test-science-ciidfaihwc-con03a,nDCG@10,0.0
test-science-ciidfaihwc-con03a,R@100,1.0
test-science-ciidfaihwc-pro01a,nDCG@10,0.0
test-science-ciidfaihwc-pro01a,R@100,1.0
test-science-ciidfaihwc-pro02a,nDCG@10,0.0
test-science-ciidfaihwc-pro02a,R@100,1.0
test-science-ciidfaihwc-pro03a,nDCG@10,0.38685280723454163
test-science-ciidfaihwc-pro03a,R@100,1.0
test-science-ciidfaihwc-pro04a,nDCG@10,0.0
test-science-ciidfaihwc-pro04a,R@100,0.0
test-science-cpisydfphwj-con01a,nDCG@10,0.5
test-science-cpisydfphwj-con01a,R@100,1.0
test-science-cpisydfphwj-con02a,nDCG@10,0.6309297535714575
test-science-cpisydfphwj-con02a,R@100,1.0
test-science-cpisydfphwj-con03a,nDCG@10,0.5
test-science-cpisydfphwj-con03a,R@100,1.0
test-science-cpisydfphwj-pro01a,nDCG@10,1.0
test-science-cpisydfphwj-pro01a,R@100,1.0
test-science-cpisydfphwj-pro02a,nDCG@10,0.6309297535714575
test-science-cpisydfphwj-pro02a,R@100,1.0
test-science-cpisydfphwj-pro03a,nDCG@10,0.5
test-science-cpisydfphwj-pro03a,R@100,1.0
test-science-dssghsdmd-con01a,nDCG@10,0.43067655807339306
test-science-dssghsdmd-con01a,R@100,1.0
test-science-dssghsdmd-con02a,nDCG@10,0.6309297535714575
test-science-dssghsdmd-con02a,R@100,1.0
test-science-dssghsdmd-con03a,nDCG@10,0.31546487678572877
test-science-dssghsdmd-con03a,R@100,1.0
test-science-dssghsdmd-pro01a,nDCG@10,0.2890648263178879
test-science-dssghsdmd-pro01a,R@100,1.0
test-science-dssghsdmd-pro02a,nDCG@10,0.5
test-science-dssghsdmd-pro02a,R@100,1.0
test-science-dssghsdmd-pro03a,nDCG@10,0.43067655807339306
test-science-dssghsdmd-pro03a,R@100,1.0
test-science-dssghsdmd-pro04a,nDCG@10,0.0
test-science-dssghsdmd-pro04a,R@100,1.0
test-science-eassgbatj-con01a,nDCG@10,0.0
test-science-eassgbatj-con01a,R@100,1.0
test-science-eassgbatj-con02a,nDCG@10,0.0
test-science-eassgbatj-con02a,R@100,1.0
test-science-eassgbatj-con03a,nDCG@10,0.0
test-science-eassgbatj-con03a,R@100,1.0
test-science-eassgbatj-con04a,nDCG@10,0.38685280723454163
test-science-eassgbatj-con04a,R@100,1.0
test-science-eassgbatj-con05a,nDCG@10,0.2890648263178879
test-science-eassgbatj-con05a,R@100,1.0
test-science-eassgbatj-pro01a,nDCG@10,0.0
test-science-eassgbatj-pro01a,R@100,1.0
test-science-eassgbatj-pro02a,nDCG@10,0.0
test-science-eassgbatj-pro02a,R@100,1.0
test-science-eassgbatj-pro03a,nDCG@10,0.0
test-science-eassgbatj-pro03a,R@100,1.0
test-science-eassgbatj-pro04a,nDCG@10,0.2890648263178879
test-science-eassgbatj-pro04a,R@100,1.0
test-science-eassgbatj-pro05a,nDCG@10,0.0
test-science-eassgbatj-pro05a,R@100,1.0
test-science-nsihwbtiss-con01a,nDCG@10,0.43067655807339306
test-science-nsihwbtiss-con01a,R@100,1.0
test-science-nsihwbtiss-con02a,nDCG@10,0.0
test-science-nsihwbtiss-con02a,R@100,1.0
test-science-nsihwbtiss-con03a,nDCG@10,1.0
test-science-nsihwbtiss-con03a,R@100,1.0
test-science-nsihwbtiss-con04a,nDCG@10,1.0
test-science-nsihwbtiss-con04a,R@100,1.0
test-science-nsihwbtiss-pro01a,nDCG@10,0.3562071871080222
test-science-nsihwbtiss-pro01a,R@100,1.0
test-science-nsihwbtiss-pro02a,nDCG@10,1.0
test-science-nsihwbtiss-pro02a,R@100,1.0
test-science-nsihwbtiss-pro03a,nDCG@10,0.6309297535714575
test-science-nsihwbtiss-pro03a,R@100,1.0
test-science-nsihwbtiss-pro04a,nDCG@10,0.5
test-science-nsihwbtiss-pro04a,R@100,1.0
test-science-sghwbdgmo-con01a,nDCG@10,1.0
test-science-sghwbdgmo-con01a,R@100,1.0
test-science-sghwbdgmo-con02a,nDCG@10,0.5
test-science-sghwbdgmo-con02a,R@100,1.0
test-science-sghwbdgmo-con03a,nDCG@10,0.0
test-science-sghwbdgmo-con03a,R@100,0.0
test-science-sghwbdgmo-pro01a,nDCG@10,1.0
test-science-sghwbdgmo-pro01a,R@100,1.0
test-science-sghwbdgmo-pro02a,nDCG@10,0.5
test-science-sghwbdgmo-pro02a,R@100,1.0
test-science-sghwbdgmo-pro03a,nDCG@10,0.6309297535714575
test-science-sghwbdgmo-pro03a,R@100,1.0
test-science-wsihwclscaaw-con01a,nDCG@10,0.43067655807339306
test-science-wsihwclscaaw-con01a,R@100,1.0
test-science-wsihwclscaaw-con02a,nDCG@10,1.0
test-science-wsihwclscaaw-con02a,R@100,1.0
test-science-wsihwclscaaw-con03a,nDCG@10,0.6309297535714575
test-science-wsihwclscaaw-con03a,R@100,1.0
test-science-wsihwclscaaw-pro01a,nDCG@10,1.0
test-science-wsihwclscaaw-pro01a,R@100,1.0
test-science-wsihwclscaaw-pro02a,nDCG@10,1.0
test-science-wsihwclscaaw-pro02a,R@100,1.0
test-science-wsihwclscaaw-pro03a,nDCG@10,1.0
test-science-wsihwclscaaw-pro03a,R@100,1.0
test-society-asfhwapg-con01a,nDCG@10,0.31546487678572877
test-society-asfhwapg-con01a,R@100,1.0
test-society-asfhwapg-con02a,nDCG@10,0.6309297535714575
test-society-asfhwapg-con02a,R@100,1.0
test-society-asfhwapg-con03a,nDCG@10,0.6309297535714575
test-society-asfhwapg-con03a,R@100,1.0
test-society-asfhwapg-con04a,nDCG@10,0.0
test-society-asfhwapg-con04a,R@100,0.0
test-society-asfhwapg-pro01a,nDCG@10,0.38685280723454163
test-society-asfhwapg-pro01a,R@100,1.0
test-society-asfhwapg-pro02a,nDCG@10,1.0
test-society-asfhwapg-pro02a,R@100,1.0
test-society-cpisydfphwj-con01a,nDCG@10,0.5
test-society-cpisydfphwj-con01a,R@100,1.0
test-society-cpisydfphwj-con02a,nDCG@10,0.6309297535714575
test-society-cpisydfphwj-con02a,R@100,1.0
test-society-cpisydfphwj-con03a,nDCG@10,0.5
test-society-cpisydfphwj-con03a,R@100,1.0
test-society-cpisydfphwj-pro01a,nDCG@10,0.6309297535714575
test-society-cpisydfphwj-pro01a,R@100,1.0
test-society-cpisydfphwj-pro02a,nDCG@10,0.6309297535714575
test-society-cpisydfphwj-pro02a,R@100,1.0
test-society-cpisydfphwj-pro03a,nDCG@10,0.5
test-society-cpisydfphwj-pro03a,R@100,1.0
test-society-epiasghbf-con01a,nDCG@10,0.6309297535714575
test-society-epiasghbf-con01a,R@100,1.0
test-society-epiasghbf-con02a,nDCG@10,0.3010299956639812
test-society-epiasghbf-con02a,R@100,1.0
test-society-epiasghbf-con03a,nDCG@10,0.5
test-society-epiasghbf-con03a,R@100,1.0
test-society-epiasghbf-con04a,nDCG@10,0.0
test-society-epiasghbf-con04a,R@100,1.0
test-society-epiasghbf-pro01a,nDCG@10,0.43067655807339306
test-society-epiasghbf-pro01a,R@100,1.0
test-society-epiasghbf-pro02a,nDCG@10,0.6309297535714575
test-society-epiasghbf-pro02a,R@100,1.0
test-society-epiasghbf-pro03a,nDCG@10,0.2890648263178879
test-society-epiasghbf-pro03a,R@100,1.0
test-society-epsihbdns-con01a,nDCG@10,0.0
test-society-epsihbdns-con01a,R@100,1.0
test-society-epsihbdns-con02a,nDCG@10,0.31546487678572877
test-society-epsihbdns-con02a,R@100,1.0
test-society-epsihbdns-con03a,nDCG@10,0.0
test-society-epsihbdns-con03a,R@100,1.0
test-society-epsihbdns-con04a,nDCG@10,0.0
test-society-epsihbdns-con04a,R@100,1.0
test-society-epsihbdns-pro01a,nDCG@10,0.0
test-society-epsihbdns-pro01a,R@100,1.0
test-society-epsihbdns-pro02a,nDCG@10,0.0
test-society-epsihbdns-pro02a,R@100,1.0
test-society-epsihbdns-pro03a,nDCG@10,0.3010299956639812
test-society-epsihbdns-pro03a,R@100,1.0
test-society-epsihbdns-pro04a,nDCG@10,0.0
test-society-epsihbdns-pro04a,R@100,0.0
test-society-ghbgqeaaems-con01a,nDCG@10,1.0
test-society-ghbgqeaaems-con01a,R@100,1.0
test-society-ghbgqeaaems-con02a,nDCG@10,0.3333333333333333
test-society-ghbgqeaaems-con02a,R@100,1.0
test-society-ghbgqeaaems-con03a,nDCG@10,1.0
test-society-ghbgqeaaems-con03a,R@100,1.0
test-society-ghbgqeaaems-pro01a,nDCG@10,1.0
test-society-ghbgqeaaems-pro01a,R@100,1.0
test-society-ghbgqeaaems-pro02a,nDCG@10,0.38685280723454163
test-society-ghbgqeaaems-pro02a,R@100,1.0
test-society-ghbgqeaaems-pro03a,nDCG@10,0.0
test-society-ghbgqeaaems-pro03a,R@100,1.0
test-society-ghbgqeaaems-pro04a,nDCG@10,1.0
test-society-ghbgqeaaems-pro04a,R@100,1.0
test-society-mmcpsgfhbf-con01a,nDCG@10,0.3562071871080222
test-society-mmcpsgfhbf-con01a,R@100,1.0
test-society-mmcpsgfhbf-con02a,nDCG@10,1.0
test-society-mmcpsgfhbf-con02a,R@100,1.0
test-society-mmcpsgfhbf-con03a,nDCG@10,0.5
test-society-mmcpsgfhbf-con03a,R@100,1.0
test-society-mmcpsgfhbf-con04a,nDCG@10,0.0
test-society-mmcpsgfhbf-con04a,R@100,1.0
test-society-mmcpsgfhbf-pro01a,nDCG@10,0.0
test-society-mmcpsgfhbf-pro01a,R@100,1.0
test-society-mmcpsgfhbf-pro02a,nDCG@10,0.3333333333333333
test-society-mmcpsgfhbf-pro02a,R@100,1.0
test-society-mmcpsgfhbf-pro03a,nDCG@10,0.0
test-society-mmcpsgfhbf-pro03a,R@100,1.0
test-society-mmcpsgfhbf-pro04a,nDCG@10,0.3333333333333333
test-society-mmcpsgfhbf-pro04a,R@100,1.0
test-society-simhbrasnba-con01a,nDCG@10,1.0
test-society-simhbrasnba-con01a,R@100,1.0
test-society-simhbrasnba-con02a,nDCG@10,0.0
test-society-simhbrasnba-con02a,R@100,1.0
test-society-simhbrasnba-con03a,nDCG@10,0.0
test-society-simhbrasnba-con03a,R@100,0.0
test-society-simhbrasnba-pro01a,nDCG@10,1.0
test-society-simhbrasnba-pro01a,R@100,1.0
test-society-simhbrasnba-pro02a,nDCG@10,0.0
test-society-simhbrasnba-pro02a,R@100,0.0
test-society-simhbrasnba-pro03a,nDCG@10,0.0
test-society-simhbrasnba-pro03a,R@100,1.0
test-society-tlhrilsfhwr-con01a,nDCG@10,0.5
test-society-tlhrilsfhwr-con01a,R@100,1.0
test-society-tlhrilsfhwr-con02a,nDCG@10,0.3333333333333333
test-society-tlhrilsfhwr-con02a,R@100,1.0
test-society-tlhrilsfhwr-con03a,nDCG@10,0.0
test-society-tlhrilsfhwr-con03a,R@100,1.0
test-society-tlhrilsfhwr-pro01a,nDCG@10,0.3010299956639812
test-society-tlhrilsfhwr-pro01a,R@100,1.0
test-society-tlhrilsfhwr-pro02a,nDCG@10,0.0
test-society-tlhrilsfhwr-pro02a,R@100,1.0
test-society-tlhrilsfhwr-pro03a,nDCG@10,0.6309297535714575
test-society-tlhrilsfhwr-pro03a,R@100,1.0
test-society-tlhrilsfhwr-pro04a,nDCG@10,0.0
test-society-tlhrilsfhwr-pro04a,R@100,1.0
test-society-tsmihwurpp-con01a,nDCG@10,0.6309297535714575
test-society-tsmihwurpp-con01a,R@100,1.0
test-society-tsmihwurpp-con02a,nDCG@10,0.0
test-society-tsmihwurpp-con02a,R@100,1.0
test-society-tsmihwurpp-con03a,nDCG@10,0.5
test-society-tsmihwurpp-con03a,R@100,1.0
test-society-tsmihwurpp-pro01a,nDCG@10,0.43067655807339306
test-society-tsmihwurpp-pro01a,R@100,1.0
test-society-tsmihwurpp-pro02a,nDCG@10,0.2890648263178879
test-society-tsmihwurpp-pro02a,R@100,1.0
test-society-tsmihwurpp-pro03a,nDCG@10,0.0
test-society-tsmihwurpp-pro03a,R@100,1.0
test-sport-aastshsrqsar-con01a,nDCG@10,0.5
test-sport-aastshsrqsar-con01a,R@100,1.0
test-sport-aastshsrqsar-con02a,nDCG@10,1.0
test-sport-aastshsrqsar-con02a,R@100,1.0
test-sport-aastshsrqsar-con03a,nDCG@10,0.5
test-sport-aastshsrqsar-con03a,R@100,1.0
test-sport-aastshsrqsar-con04a,nDCG@10,0.2890648263178879
test-sport-aastshsrqsar-con04a,R@100,1.0
test-sport-aastshsrqsar-pro01a,nDCG@10,0.3333333333333333
test-sport-aastshsrqsar-pro01a,R@100,1.0
test-sport-aastshsrqsar-pro02a,nDCG@10,1.0
test-sport-aastshsrqsar-pro02a,R@100,1.0
test-sport-aastshsrqsar-pro03a,nDCG@10,1.0
test-sport-aastshsrqsar-pro03a,R@100,1.0
test-sport-otshwbe2uuyt-con01a,nDCG@10,0.31546487678572877
test-sport-otshwbe2uuyt-con01a,R@100,1.0
test-sport-otshwbe2uuyt-con02a,nDCG@10,0.5
test-sport-otshwbe2uuyt-con02a,R@100,1.0
test-sport-otshwbe2uuyt-con03a,nDCG@10,0.5
test-sport-otshwbe2uuyt-con03a,R@100,1.0
test-sport-otshwbe2uuyt-con04a,nDCG@10,0.6309297535714575
test-sport-otshwbe2uuyt-con04a,R@100,1.0
test-sport-otshwbe2uuyt-con05a,nDCG@10,0.31546487678572877
test-sport-otshwbe2uuyt-con05a,R@100,1.0
test-sport-otshwbe2uuyt-pro01a,nDCG@10,0.0
test-sport-otshwbe2uuyt-pro01a,R@100,0.0
test-sport-otshwbe2uuyt-pro02a,nDCG@10,1.0
test-sport-otshwbe2uuyt-pro02a,R@100,1.0
test-sport-otshwbe2uuyt-pro03a,nDCG@10,1.0
test-sport-otshwbe2uuyt-pro03a,R@100,1.0
test-sport-tshbmlbscac-con01a,nDCG@10,1.0
test-sport-tshbmlbscac-con01a,R@100,1.0
test-sport-tshbmlbscac-con02a,nDCG@10,1.0
test-sport-tshbmlbscac-con02a,R@100,1.0
test-sport-tshbmlbscac-con03a,nDCG@10,0.5
test-sport-tshbmlbscac-con03a,R@100,1.0
test-sport-tshbmlbscac-con04a,nDCG@10,1.0
test-sport-tshbmlbscac-con04a,R@100,1.0
test-sport-tshbmlbscac-pro01a,nDCG@10,0.6309297535714575
test-sport-tshbmlbscac-pro01a,R@100,1.0
test-sport-tshbmlbscac-pro02a,nDCG@10,1.0
test-sport-tshbmlbscac-pro02a,R@100,1.0
test-sport-tshbmlbscac-pro03a,nDCG@10,0.5
test-sport-tshbmlbscac-pro03a,R@100,1.0
test-sport-tshbmlbscac-pro04a,nDCG@10,0.43067655807339306
test-sport-tshbmlbscac-pro04a,R@100,1.0
test-sport-ybfgsohbhog-con01a,nDCG@10,0.2890648263178879
test-sport-ybfgsohbhog-con01a,R@100,1.0
test-sport-ybfgsohbhog-con02a,nDCG@10,1.0
test-sport-ybfgsohbhog-con02a,R@100,1.0
test-sport-ybfgsohbhog-con03a,nDCG@10,0.0
test-sport-ybfgsohbhog-con03a,R@100,1.0
test-sport-ybfgsohbhog-pro01a,nDCG@10,1.0
test-sport-ybfgsohbhog-pro01a,R@100,1.0
test-sport-ybfgsohbhog-pro02a,nDCG@10,1.0
test-sport-ybfgsohbhog-pro02a,R@100,1.0
test-sport-ybfgsohbhog-pro03a,nDCG@10,0.0
test-sport-ybfgsohbhog-pro03a,R@100,1.0
test-sport-ybfgsohbhog-pro04a,nDCG@10,0.3333333333333333
test-sport-ybfgsohbhog-pro04a,R@100,1.0
