qid,measure,value
q61910,nDCG@10,1.0
q61910,R@100,1.0
q61911,nDCG@10,1.0
q61911,R@100,1.0
q61912,nDCG@10,1.0
q61912,R@100,1.0
q61913,nDCG@10,1.0
q61913,R@100,1.0
q61914,nDCG@10,1.0
q61914,R@100,1.0
q61915,nDCG@10,0.0
q61915,R@100,1.0
q61916,nDCG@10,1.0
q61916,R@100,1.0
q61917,nDCG@10,0.0
q61917,R@100,0.0
q61918,nDCG@10,0.0
q61918,R@100,0.0
q61919,nDCG@10,0.0
q61919,R@100,1.0
q61920,nDCG@10,0.6309297535714575
q61920,R@100,1.0
q61921,nDCG@10,1.0
q61921,R@100,1.0
q61922,nDCG@10,0.0
q61922,R@100,1.0
q61923,nDCG@10,0.3010299956639812
q61923,R@100,1.0
q61924,nDCG@10,0.0
q61924,R@100,0.0
q61925,nDCG@10,1.0
q61925,R@100,1.0
q61926,nDCG@10,1.0
q61926,R@100,1.0
q61927,nDCG@10,0.0
q61927,R@100,1.0
q61928,nDCG@10,1.0
q61928,R@100,1.0
q61929,nDCG@10,0.43067655807339306
q61929,R@100,1.0
q61930,nDCG@10,0.6309297535714575
q61930,R@100,1.0
q61931,nDCG@10,0.0
q61931,R@100,0.0
q61932,nDCG@10,1.0
q61932,R@100,1.0
q61933,nDCG@10,1.0
q61933,R@100,1.0
q61934,nDCG@10,0.0
q61934,R@100,0.0
q61935,nDCG@10,0.0
q61935,R@100,0.0
q61936,nDCG@10,0.0
q61936,R@100,1.0
q61937,nDCG@10,0.0
q61937,R@100,0.0
q61938,nDCG@10,0.0
q61938,R@100,0.0
q61939,nDCG@10,0.43067655807339306
q61939,R@100,1.0
q61940,nDCG@10,0.0
q61940,R@100,0.0
q61941,nDCG@10,0.0
q61941,R@100,0.0
q61942,nDCG@10,0.31546487678572877
q61942,R@100,1.0
q61943,nDCG@10,0.0
q61943,R@100,1.0
q61944,nDCG@10,0.0
q61944,R@100,0.0
q61945,nDCG@10,0.0
q61945,R@100,0.0
q61946,nDCG@10,0.0
q61946,R@100,0.0
q61947,nDCG@10,0.0
q61947,R@100,0.0
q61948,nDCG@10,0.0
q61948,R@100,0.0
q61949,nDCG@10,0.0
q61949,R@100,0.0
q61950,nDCG@10,0.0
q61950,R@100,1.0
q61951,nDCG@10,0.0
q61951,R@100,0.0
q61952,nDCG@10,0.0
q61952,R@100,0.0
q61953,nDCG@10,0.0
q61953,R@100,0.0
q61954,nDCG@10,0.0
q61954,R@100,0.0
q61955,nDCG@10,0.0
q61955,R@100,0.0
q61956,nDCG@10,0.0
q61956,R@100,0.0
q61957,nDCG@10,0.0
q61957,R@100,0.0
q61958,nDCG@10,0.0
q61958,R@100,0.0
q61959,nDCG@10,0.0
q61959,R@100,0.0
q61960,nDCG@10,0.0
q61960,R@100,0.0
q61961,nDCG@10,0.0
q61961,R@100,0.0
q61962,nDCG@10,0.0
q61962,R@100,0.0
q61963,nDCG@10,0.0
q61963,R@100,0.0
q61964,nDCG@10,0.0
q61964,R@100,0.0
q61965,nDCG@10,0.0
q61965,R@100,0.0
q61966,nDCG@10,0.0
q61966,R@100,0.0
q61967,nDCG@10,0.0
q61967,R@100,0.0
q61968,nDCG@10,0.0
q61968,R@100,0.0
q61969,nDCG@10,1.0
q61969,R@100,1.0
q61970,nDCG@10,0.0
q61970,R@100,1.0
q61971,nDCG@10,0.0
q61971,R@100,0.0
q61972,nDCG@10,0.0
q61972,R@100,0.0
q61973,nDCG@10,0.0
q61973,R@100,0.0
q61974,nDCG@10,0.0
q61974,R@100,1.0
q61975,nDCG@10,0.0
q61975,R@100,1.0
q61976,nDCG@10,0.0
q61976,R@100,0.0
q61977,nDCG@10,0.0
q61977,R@100,0.0
q61978,nDCG@10,0.0
q61978,R@100,0.0
q61979,nDCG@10,0.0
q61979,R@100,0.0
q61980,nDCG@10,0.0
q61980,R@100,0.0
q61981,nDCG@10,0.0
q61981,R@100,0.0
q61982,nDCG@10,0.0
q61982,R@100,0.0
q61983,nDCG@10,0.0
q61983,R@100,0.0
q61984,nDCG@10,0.0
q61984,R@100,0.0
q61985,nDCG@10,0.0
q61985,R@100,0.0
q61986,nDCG@10,0.0
q61986,R@100,0.0
q61987,nDCG@10,0.0
q61987,R@100,0.0
q61988,nDCG@10,0.0
q61988,R@100,0.0
q61989,nDCG@10,0.0
q61989,R@100,0.0
q61990,nDCG@10,0.0
q61990,R@100,0.0
q61991,nDCG@10,0.0
q61991,R@100,0.0
q61992,nDCG@10,1.0
q61992,R@100,1.0
q61993,nDCG@10,0.3333333333333333
q61993,R@100,1.0
q61994,nDCG@10,0.0
q61994,R@100,1.0
q61995,nDCG@10,1.0
q61995,R@100,1.0
q61996,nDCG@10,0.0
q61996,R@100,0.0
q61997,nDCG@10,0.0
q61997,R@100,0.0
q61998,nDCG@10,1.0
q61998,R@100,1.0
q61999,nDCG@10,0.0
q61999,R@100,0.0
q62000,nDCG@10,0.0
q62000,R@100,0.0
q62001,nDCG@10,0.0
q62001,R@100,0.0
q62002,nDCG@10,0.0
q62002,R@100,0.0
q62003,nDCG@10,0.6309297535714575
q62003,R@100,1.0
q62004,nDCG@10,0.0
q62004,R@100,1.0
q62005,nDCG@10,0.0
q62005,R@100,0.0
q62006,nDCG@10,0.0
q62006,R@100,0.0
q62007,nDCG@10,0.6309297535714575
q62007,R@100,1.0
q62008,nDCG@10,0.0
q62008,R@100,0.0
q62009,nDCG@10,0.38685280723454163
q62009,R@100,1.0
q62010,nDCG@10,0.0
q62010,R@100,0.0
q62011,nDCG@10,1.0
q62011,R@100,1.0
q62012,nDCG@10,0.0
q62012,R@100,1.0
q62013,nDCG@10,1.0
q62013,R@100,1.0
q62014,nDCG@10,0.0
q62014,R@100,0.0
q62015,nDCG@10,1.0
q62015,R@100,1.0
q62016,nDCG@10,0.0
q62016,R@100,0.0
q62017,nDCG@10,0.0
q62017,R@100,0.0
q62018,nDCG@10,1.0
q62018,R@100,1.0
q62019,nDCG@10,0.0
q62019,R@100,1.0
q62020,nDCG@10,0.43067655807339306
q62020,R@100,1.0
q62021,nDCG@10,0.0
q62021,R@100,0.0
q62022,nDCG@10,0.0
q62022,R@100,0.0
q62023,nDCG@10,0.0
q62023,R@100,0.0
q62024,nDCG@10,0.0
q62024,R@100,0.0
q62025,nDCG@10,1.0
q62025,R@100,1.0
q62026,nDCG@10,0.0
q62026,R@100,1.0
q62027,nDCG@10,0.0
q62027,R@100,0.0
q62028,nDCG@10,0.0
q62028,R@100,1.0
q62029,nDCG@10,0.2890648263178879
q62029,R@100,1.0
q62030,nDCG@10,0.0
q62030,R@100,0.0
q62031,nDCG@10,0.5
q62031,R@100,1.0
q62032,nDCG@10,0.0
q62032,R@100,0.0
q62033,nDCG@10,0.0
q62033,R@100,0.0
q62034,nDCG@10,0.0
q62034,R@100,0.0
q62035,nDCG@10,0.0
q62035,R@100,0.0
q62036,nDCG@10,0.0
q62036,R@100,1.0
q62037,nDCG@10,0.43067655807339306
q62037,R@100,1.0
q62038,nDCG@10,0.3010299956639812
q62038,R@100,1.0
q62039,nDCG@10,0.0
q62039,R@100,0.0
q62040,nDCG@10,0.0
q62040,R@100,1.0
q62041,nDCG@10,0.0
q62041,R@100,1.0
q62042,nDCG@10,0.0
q62042,R@100,0.0
q62043,nDCG@10,0.6309297535714575
q62043,R@100,1.0
q62044,nDCG@10,0.43067655807339306
q62044,R@100,1.0
q62045,nDCG@10,0.0
q62045,R@100,0.0
q62046,nDCG@10,1.0
q62046,R@100,1.0
q62047,nDCG@10,0.0
q62047,R@100,0.0
q62048,nDCG@10,0.0
q62048,R@100,0.0
q62049,nDCG@10,0.0
q62049,R@100,0.0
q62050,nDCG@10,1.0
q62050,R@100,1.0
q62051,nDCG@10,0.0
q62051,R@100,0.0
q62052,nDCG@10,0.0
q62052,R@100,0.0
q62053,nDCG@10,0.3562071871080222
q62053,R@100,1.0
q62054,nDCG@10,0.0
q62054,R@100,0.0
q62055,nDCG@10,0.0
q62055,R@100,0.0
q62056,nDCG@10,1.0
q62056,R@100,1.0
q62057,nDCG@10,0.0
q62057,R@100,1.0
q62058,nDCG@10,0.0
q62058,R@100,1.0
q62059,nDCG@10,1.0
q62059,R@100,1.0
q62060,nDCG@10,0.0
q62060,R@100,0.0
q62061,nDCG@10,0.3333333333333333
q62061,R@100,1.0
q62062,nDCG@10,0.0
q62062,R@100,0.0
q62063,nDCG@10,0.0
q62063,R@100,0.0
q62064,nDCG@10,1.0
q62064,R@100,1.0
q62065,nDCG@10,1.0
q62065,R@100,1.0
q62066,nDCG@10,0.0
q62066,R@100,0.0
q62067,nDCG@10,1.0
q62067,R@100,1.0
q62068,nDCG@10,0.0
q62068,R@100,0.0
q62069,nDCG@10,0.0
q62069,R@100,0.0
q62070,nDCG@10,0.0
q62070,R@100,0.0
q62071,nDCG@10,0.0
q62071,R@100,1.0
q62072,nDCG@10,0.0
q62072,R@100,0.0
q62073,nDCG@10,0.0
q62073,R@100,0.0
q62074,nDCG@10,0.2890648263178879
q62074,R@100,1.0
q62075,nDCG@10,0.5
q62075,R@100,1.0
q62076,nDCG@10,0.0
q62076,R@100,0.0
q62077,nDCG@10,0.0
q62077,R@100,0.0
q62078,nDCG@10,0.0
q62078,R@100,0.0
q62079,nDCG@10,0.0
q62079,R@100,0.0
q62080,nDCG@10,0.0
q62080,R@100,1.0
q62081,nDCG@10,0.0
q62081,R@100,1.0
q62082,nDCG@10,0.0
q62082,R@100,0.0
q62083,nDCG@10,0.0
q62083,R@100,0.0
q62084,nDCG@10,0.0
q62084,R@100,1.0
q62085,nDCG@10,0.0
q62085,R@100,1.0
q62086,nDCG@10,1.0
q62086,R@100,1.0
q62087,nDCG@10,0.0
q62087,R@100,1.0
q62088,nDCG@10,0.0
q62088,R@100,1.0
q62089,nDCG@10,0.0
q62089,R@100,1.0
q62090,nDCG@10,0.0
q62090,R@100,1.0
q62091,nDCG@10,0.0
q62091,R@100,0.0
q62092,nDCG@10,0.0
q62092,R@100,0.0
q62093,nDCG@10,1.0
q62093,R@100,1.0
q62094,nDCG@10,1.0
q62094,R@100,1.0
q62095,nDCG@10,0.0
q62095,R@100,0.0
q62096,nDCG@10,1.0
q62096,R@100,1.0
q62097,nDCG@10,1.0
q62097,R@100,1.0
q62098,nDCG@10,0.6309297535714575
q62098,R@100,1.0
q62099,nDCG@10,1.0
q62099,R@100,1.0
q62100,nDCG@10,0.0
q62100,R@100,1.0
q62101,nDCG@10,1.0
q62101,R@100,1.0
q62102,nDCG@10,0.0
q62102,R@100,0.0
q62103,nDCG@10,0.0
q62103,R@100,0.0
q62104,nDCG@10,0.2890648263178879
q62104,R@100,1.0
q62105,nDCG@10,0.0
q62105,R@100,0.0
q62106,nDCG@10,0.0
q62106,R@100,0.0
q62107,nDCG@10,0.0
q62107,R@100,0.0
q62108,nDCG@10,0.0
q62108,R@100,0.0
q62109,nDCG@10,0.3333333333333333
q62109,R@100,1.0
q62110,nDCG@10,1.0
q62110,R@100,1.0
q62111,nDCG@10,0.6309297535714575
q62111,R@100,1.0
q62112,nDCG@10,0.0
q62112,R@100,0.0
q62113,nDCG@10,0.0
q62113,R@100,0.0
q62114,nDCG@10,0.3333333333333333
q62114,R@100,1.0
q62115,nDCG@10,0.0
q62115,R@100,1.0
q62116,nDCG@10,0.0
q62116,R@100,0.0
q62117,nDCG@10,0.0
q62117,R@100,0.0
q62118,nDCG@10,0.0
q62118,R@100,0.0
q62119,nDCG@10,1.0
q62119,R@100,1.0
q62120,nDCG@10,0.0
q62120,R@100,0.0
q62121,nDCG@10,0.0
q62121,R@100,0.0
q62122,nDCG@10,0.0
q62122,R@100,0.0
q62123,nDCG@10,0.0
q62123,R@100,1.0
q62124,nDCG@10,0.0
q62124,R@100,0.0
q62125,nDCG@10,0.0
q62125,R@100,1.0
q62126,nDCG@10,0.0
q62126,R@100,1.0
q62127,nDCG@10,0.5
q62127,R@100,1.0
q62128,nDCG@10,1.0
q62128,R@100,1.0
q62129,nDCG@10,0.0
q62129,R@100,1.0
q62130,nDCG@10,0.0
q62130,R@100,0.0
q62131,nDCG@10,0.0
q62131,R@100,0.0
q62132,nDCG@10,0.0
q62132,R@100,0.0
q62133,nDCG@10,0.0
q62133,R@100,1.0
q62134,nDCG@10,0.0
q62134,R@100,1.0
q62135,nDCG@10,0.0
q62135,R@100,0.0
q62136,nDCG@10,0.0
q62136,R@100,0.0
q62137,nDCG@10,1.0
q62137,R@100,1.0
q62138,nDCG@10,0.0
q62138,R@100,0.0
q62139,nDCG@10,0.0
q62139,R@100,0.0
q62140,nDCG@10,0.0
q62140,R@100,0.0
q62141,nDCG@10,0.0
q62141,R@100,0.0
q62142,nDCG@10,0.0
q62142,R@100,0.0
q62143,nDCG@10,0.0
q62143,R@100,0.0
q62144,nDCG@10,0.0
q62144,R@100,0.0
q62145,nDCG@10,0.0
q62145,R@100,1.0
q62146,nDCG@10,1.0
q62146,R@100,1.0
q62147,nDCG@10,1.0
q62147,R@100,1.0
q62148,nDCG@10,1.0
q62148,R@100,1.0
q62149,nDCG@10,0.3010299956639812
q62149,R@100,1.0
q62150,nDCG@10,0.43067655807339306
q62150,R@100,1.0
q62151,nDCG@10,0.2890648263178879
q62151,R@100,1.0
q62152,nDCG@10,1.0
q62152,R@100,1.0
q62153,nDCG@10,0.0
q62153,R@100,0.0
q62154,nDCG@10,0.0
q62154,R@100,0.0
q62155,nDCG@10,0.0
q62155,R@100,0.0
q62156,nDCG@10,0.0
q62156,R@100,0.0
q62157,nDCG@10,0.3010299956639812
q62157,R@100,1.0
q62158,nDCG@10,0.0
q62158,R@100,0.0
q62159,nDCG@10,0.0
q62159,R@100,1.0
q62160,nDCG@10,0.3562071871080222
q62160,R@100,1.0
q62161,nDCG@10,0.0
q62161,R@100,1.0
q62162,nDCG@10,0.0
q62162,R@100,0.0
q62163,nDCG@10,0.0
q62163,R@100,0.0
q62164,nDCG@10,0.0
q62164,R@100,0.0
q62165,nDCG@10,0.0
q62165,R@100,1.0
q62166,nDCG@10,0.38685280723454163
q62166,R@100,1.0
q62167,nDCG@10,0.0
q62167,R@100,1.0
q62168,nDCG@10,0.0
q62168,R@100,0.0
q62169,nDCG@10,1.0
q62169,R@100,1.0
q62170,nDCG@10,0.0
q62170,R@100,1.0
q62171,nDCG@10,1.0
q62171,R@100,1.0
q62172,nDCG@10,0.0
q62172,R@100,0.0
q62173,nDCG@10,0.38685280723454163
q62173,R@100,1.0
q62174,nDCG@10,0.43067655807339306
q62174,R@100,1.0
q62175,nDCG@10,0.0
q62175,R@100,0.0
q62176,nDCG@10,0.0
q62176,R@100,1.0
q62177,nDCG@10,0.0
q62177,R@100,0.0
q62178,nDCG@10,1.0
q62178,R@100,1.0
q62179,nDCG@10,0.0
q62179,R@100,0.0
q62180,nDCG@10,0.6309297535714575
q62180,R@100,1.0
q62181,nDCG@10,0.0
q62181,R@100,0.0
q62182,nDCG@10,1.0
q62182,R@100,1.0
q62183,nDCG@10,1.0
q62183,R@100,1.0
q62184,nDCG@10,0.0
q62184,R@100,0.0
q62185,nDCG@10,1.0
q62185,R@100,1.0
q62186,nDCG@10,0.0
q62186,R@100,1.0
q62187,nDCG@10,0.0
q62187,R@100,0.0
q62188,nDCG@10,0.0
q62188,R@100,1.0
q62189,nDCG@10,1.0
q62189,R@100,1.0
q62190,nDCG@10,0.0
q62190,R@100,0.0
q62191,nDCG@10,0.3562071871080222
q62191,R@100,1.0
q62192,nDCG@10,0.6309297535714575
q62192,R@100,1.0
q62193,nDCG@10,1.0
q62193,R@100,1.0
q62194,nDCG@10,0.0
q62194,R@100,1.0
q62195,nDCG@10,1.0
q62195,R@100,1.0
q62196,nDCG@10,0.0
q62196,R@100,0.0
q62197,nDCG@10,1.0
q62197,R@100,1.0
q62198,nDCG@10,0.0
q62198,R@100,0.0
q62199,nDCG@10,0.38685280723454163
q62199,R@100,1.0
q62200,nDCG@10,1.0
q62200,R@100,1.0
q62201,nDCG@10,1.0
q62201,R@100,1.0
q62202,nDCG@10,0.0
q62202,R@100,1.0
q62203,nDCG@10,0.0
q62203,R@100,1.0
q62204,nDCG@10,0.0
q62204,R@100,1.0
q62205,nDCG@10,1.0
q62205,R@100,1.0
q62206,nDCG@10,0.5
q62206,R@100,1.0
q62207,nDCG@10,1.0
q62207,R@100,1.0
q62208,nDCG@10,0.6309297535714575
q62208,R@100,1.0
q62209,nDCG@10,0.38685280723454163
q62209,R@100,1.0
q62210,nDCG@10,0.0
q62210,R@100,1.0
q62211,nDCG@10,0.0
q62211,R@100,1.0
q62212,nDCG@10,0.0
q62212,R@100,1.0
q62213,nDCG@10,1.0
q62213,R@100,1.0
q62214,nDCG@10,1.0
q62214,R@100,1.0
q62215,nDCG@10,0.0
q62215,R@100,1.0
q62216,nDCG@10,0.2890648263178879
q62216,R@100,1.0
q62217,nDCG@10,0.0
q62217,R@100,1.0
q62218,nDCG@10,0.0
q62218,R@100,1.0
q62219,nDCG@10,0.0
q62219,R@100,0.0
q62220,nDCG@10,1.0
q62220,R@100,1.0
q62221,nDCG@10,0.0
q62221,R@100,0.0
q62222,nDCG@10,0.0
q62222,R@100,1.0
q62223,nDCG@10,0.0
q62223,R@100,0.0
q62224,nDCG@10,0.0
q62224,R@100,0.0
q62225,nDCG@10,0.0
q62225,R@100,0.0
q62226,nDCG@10,0.0
q62226,R@100,0.0
q62227,nDCG@10,0.0
q62227,R@100,0.0
q62228,nDCG@10,1.0
q62228,R@100,1.0
q62229,nDCG@10,0.0
q62229,R@100,0.0
q62230,nDCG@10,1.0
q62230,R@100,1.0
q62231,nDCG@10,1.0
q62231,R@100,1.0
q62232,nDCG@10,1.0
q62232,R@100,1.0
q62233,nDCG@10,1.0
q62233,R@100,1.0
q62234,nDCG@10,1.0
q62234,R@100,1.0
q62235,nDCG@10,1.0
q62235,R@100,1.0
q62236,nDCG@10,1.0
q62236,R@100,1.0
q62237,nDCG@10,0.0
q62237,R@100,1.0
q62238,nDCG@10,0.0
q62238,R@100,0.0
q62239,nDCG@10,0.0
q62239,R@100,0.0
q62240,nDCG@10,0.0
q62240,R@100,0.0
q62241,nDCG@10,0.0
q62241,R@100,0.0
q62242,nDCG@10,1.0
q62242,R@100,1.0
q62243,nDCG@10,0.0
q62243,R@100,0.0
q62244,nDCG@10,0.6309297535714575
q62244,R@100,1.0
q62245,nDCG@10,0.0
q62245,R@100,1.0
q62246,nDCG@10,0.0
q62246,R@100,1.0
q62247,nDCG@10,0.0
q62247,R@100,0.0
q62248,nDCG@10,0.0
q62248,R@100,0.0
q62249,nDCG@10,1.0
q62249,R@100,1.0
q62250,nDCG@10,0.0
q62250,R@100,0.0
q62251,nDCG@10,1.0
q62251,R@100,1.0
q62252,nDCG@10,0.43067655807339306
q62252,R@100,1.0
q62253,nDCG@10,0.0
q62253,R@100,0.0
q62254,nDCG@10,0.0
q62254,R@100,0.0
q62255,nDCG@10,0.0
q62255,R@100,0.0
q62256,nDCG@10,0.0
q62256,R@100,0.0
q62257,nDCG@10,1.0
q62257,R@100,1.0
q62258,nDCG@10,1.0
q62258,R@100,1.0
q62259,nDCG@10,1.0
q62259,R@100,1.0
q62260,nDCG@10,0.0
q62260,R@100,0.0
q62261,nDCG@10,0.0
q62261,R@100,0.0
q62262,nDCG@10,0.0
q62262,R@100,0.0
q62263,nDCG@10,0.0
q62263,R@100,0.0
q62264,nDCG@10,0.0
q62264,R@100,0.0
q62265,nDCG@10,0.0
q62265,R@100,0.0
q62266,nDCG@10,0.0
q62266,R@100,0.0
q62267,nDCG@10,0.0
q62267,R@100,0.0
q62268,nDCG@10,1.0
q62268,R@100,1.0
q62269,nDCG@10,0.0
q62269,R@100,1.0
q62270,nDCG@10,0.31546487678572877
q62270,R@100,1.0
q62271,nDCG@10,1.0
q62271,R@100,1.0
q62272,nDCG@10,1.0
q62272,R@100,1.0
q62273,nDCG@10,0.6309297535714575
q62273,R@100,1.0
q62274,nDCG@10,1.0
q62274,R@100,1.0
q62275,nDCG@10,1.0
q62275,R@100,1.0
q62276,nDCG@10,1.0
q62276,R@100,1.0
q62277,nDCG@10,1.0
q62277,R@100,1.0
q62278,nDCG@10,0.6309297535714575
q62278,R@100,1.0
q62279,nDCG@10,1.0
q62279,R@100,1.0
q62280,nDCG@10,0.0
q62280,R@100,1.0
q62281,nDCG@10,0.5
q62281,R@100,1.0
q62282,nDCG@10,0.38685280723454163
q62282,R@100,1.0
q62283,nDCG@10,1.0
q62283,R@100,1.0
q62284,nDCG@10,1.0
q62284,R@100,1.0
q62285,nDCG@10,0.0
q62285,R@100,0.0
q62286,nDCG@10,0.0
q62286,R@100,0.0
q62287,nDCG@10,0.43067655807339306
q62287,R@100,1.0
q62288,nDCG@10,1.0
q62288,R@100,1.0
q62289,nDCG@10,0.6309297535714575
q62289,R@100,1.0
q62290,nDCG@10,0.0
q62290,R@100,0.0
q62291,nDCG@10,0.0
q62291,R@100,0.0
q62292,nDCG@10,0.0
q62292,R@100,0.0
q62293,nDCG@10,0.0
q62293,R@100,1.0
q62294,nDCG@10,1.0
q62294,R@100,1.0
q62295,nDCG@10,0.0
q62295,R@100,0.0
q62296,nDCG@10,0.0
q62296,R@100,0.0
q62297,nDCG@10,0.5
q62297,R@100,1.0
q62298,nDCG@10,0.0
q62298,R@100,0.0
q62299,nDCG@10,0.0
q62299,R@100,0.0
q62300,nDCG@10,0.0
q62300,R@100,0.0
q62301,nDCG@10,0.0
q62301,R@100,0.0
q62302,nDCG@10,0.0
q62302,R@100,0.0
q62303,nDCG@10,0.0
q62303,R@100,0.0
q62304,nDCG@10,0.0
q62304,R@100,0.0
q62305,nDCG@10,0.0
q62305,R@100,1.0
q62306,nDCG@10,0.0
q62306,R@100,0.0
q62307,nDCG@10,0.0
q62307,R@100,0.0
q62308,nDCG@10,0.0
q62308,R@100,0.0
q62309,nDCG@10,0.0
q62309,R@100,0.0
q62310,nDCG@10,0.0
q62310,R@100,0.0
q62311,nDCG@10,0.0
q62311,R@100,0.0
q62312,nDCG@10,0.0
q62312,R@100,1.0
q62313,nDCG@10,0.0
q62313,R@100,0.0
q62314,nDCG@10,0.0
q62314,R@100,0.0
q62315,nDCG@10,0.0
q62315,R@100,1.0
q62316,nDCG@10,0.0
q62316,R@100,0.0
q62317,nDCG@10,0.0
q62317,R@100,0.0
q62318,nDCG@10,0.0
q62318,R@100,0.0
q62319,nDCG@10,0.0
q62319,R@100,1.0
q62320,nDCG@10,0.0
q62320,R@100,0.0
q62321,nDCG@10,0.0
q62321,R@100,0.0
q62322,nDCG@10,0.0
q62322,R@100,0.0
q62323,nDCG@10,0.3333333333333333
q62323,R@100,1.0
q62324,nDCG@10,0.0
q62324,R@100,1.0
q62325,nDCG@10,0.0
q62325,R@100,0.0
q62326,nDCG@10,0.0
q62326,R@100,0.0
q62327,nDCG@10,1.0
q62327,R@100,1.0
q62328,nDCG@10,0.0
q62328,R@100,0.0
q62329,nDCG@10,0.0
q62329,R@100,1.0
q62330,nDCG@10,1.0
q62330,R@100,1.0
q62331,nDCG@10,0.0
q62331,R@100,1.0
q62332,nDCG@10,0.2890648263178879
q62332,R@100,1.0
q62333,nDCG@10,0.2890648263178879
q62333,R@100,1.0
q62334,nDCG@10,0.0
q62334,R@100,1.0
q62335,nDCG@10,0.0
q62335,R@100,0.0
q62336,nDCG@10,0.0
q62336,R@100,1.0
q62337,nDCG@10,0.0
q62337,R@100,0.0
q62338,nDCG@10,0.0
q62338,R@100,0.0
q62339,nDCG@10,0.0
q62339,R@100,0.0
q62340,nDCG@10,0.0
q62340,R@100,1.0
q62341,nDCG@10,0.0
q62341,R@100,0.0
q62342,nDCG@10,0.0
q62342,R@100,0.0
q62343,nDCG@10,0.0
q62343,R@100,0.0
q62344,nDCG@10,0.43067655807339306
q62344,R@100,1.0
q62345,nDCG@10,0.0
q62345,R@100,1.0
q62346,nDCG@10,0.2890648263178879
q62346,R@100,1.0
q62347,nDCG@10,0.0
q62347,R@100,0.0
q62348,nDCG@10,0.0
q62348,R@100,1.0
q62349,nDCG@10,0.38685280723454163
q62349,R@100,1.0
q62350,nDCG@10,1.0
q62350,R@100,1.0
q62351,nDCG@10,0.0
q62351,R@100,0.0
q62352,nDCG@10,1.0
q62352,R@100,1.0
q62353,nDCG@10,1.0
q62353,R@100,1.0
q62354,nDCG@10,0.0
q62354,R@100,0.0
q62355,nDCG@10,1.0
q62355,R@100,1.0
q62356,nDCG@10,0.0
q62356,R@100,0.0
q62357,nDCG@10,0.0
q62357,R@100,0.0
q62358,nDCG@10,0.0
q62358,R@100,0.0
q62359,nDCG@10,0.0
q62359,R@100,1.0
q62360,nDCG@10,0.5
q62360,R@100,1.0
q62361,nDCG@10,0.0
q62361,R@100,0.0
q62362,nDCG@10,1.0
q62362,R@100,1.0
q62363,nDCG@10,0.6309297535714575
q62363,R@100,1.0
q62364,nDCG@10,0.0
q62364,R@100,0.0
q62365,nDCG@10,0.0
q62365,R@100,0.0
q62366,nDCG@10,0.0
q62366,R@100,0.0
q62367,nDCG@10,0.0
q62367,R@100,0.0
q62368,nDCG@10,0.0
q62368,R@100,0.0
q62369,nDCG@10,0.0
q62369,R@100,0.0
q62370,nDCG@10,0.2890648263178879
q62370,R@100,1.0
q62371,nDCG@10,0.0
q62371,R@100,0.0
q62372,nDCG@10,0.2890648263178879
q62372,R@100,1.0
q62373,nDCG@10,0.0
q62373,R@100,0.0
q62374,nDCG@10,0.6309297535714575
q62374,R@100,1.0
q62375,nDCG@10,0.0
q62375,R@100,0.0
q62376,nDCG@10,0.0
q62376,R@100,0.0
q62377,nDCG@10,1.0
q62377,R@100,1.0
q62378,nDCG@10,0.0
q62378,R@100,0.0
q62379,nDCG@10,0.0
q62379,R@100,1.0
q62380,nDCG@10,0.0
q62380,R@100,1.0
q62381,nDCG@10,0.0
q62381,R@100,0.0
q62382,nDCG@10,0.0
q62382,R@100,0.0
q62383,nDCG@10,0.0
q62383,R@100,0.0
q62384,nDCG@10,0.0
q62384,R@100,0.0
q62385,nDCG@10,1.0
q62385,R@100,1.0
q62386,nDCG@10,0.0
q62386,R@100,1.0
q62387,nDCG@10,0.0
q62387,R@100,0.0
q62388,nDCG@10,0.0
q62388,R@100,0.0
q62389,nDCG@10,0.5
q62389,R@100,1.0
q62390,nDCG@10,0.3333333333333333
q62390,R@100,1.0
q62391,nDCG@10,0.0
q62391,R@100,1.0
q62392,nDCG@10,0.5
q62392,R@100,1.0
q62393,nDCG@10,0.6309297535714575
q62393,R@100,1.0
q62394,nDCG@10,1.0
q62394,R@100,1.0
q62395,nDCG@10,0.0
q62395,R@100,0.0
q62396,nDCG@10,0.0
q62396,R@100,1.0
q62397,nDCG@10,1.0
q62397,R@100,1.0
q62398,nDCG@10,0.0
q62398,R@100,0.0
q62399,nDCG@10,0.0
q62399,R@100,0.0
q62400,nDCG@10,0.0
q62400,R@100,0.0
q62401,nDCG@10,0.0
q62401,R@100,0.0
q62402,nDCG@10,0.3010299956639812
q62402,R@100,1.0
q62403,nDCG@10,0.0
q62403,R@100,0.0
q62404,nDCG@10,0.0
q62404,R@100,0.0
q62405,nDCG@10,1.0
q62405,R@100,1.0
q62406,nDCG@10,0.0
q62406,R@100,1.0
q62407,nDCG@10,0.0
q62407,R@100,0.0
q62408,nDCG@10,0.0
q62408,R@100,1.0
q62409,nDCG@10,0.0
q62409,R@100,1.0
q62410,nDCG@10,1.0
q62410,R@100,1.0
q62411,nDCG@10,1.0
q62411,R@100,1.0
q62412,nDCG@10,0.0
q62412,R@100,0.0
q62413,nDCG@10,0.0
q62413,R@100,1.0
q62414,nDCG@10,0.3562071871080222
q62414,R@100,1.0
q62415,nDCG@10,0.0
q62415,R@100,0.0
q62416,nDCG@10,0.0
q62416,R@100,1.0
q62417,nDCG@10,0.0
q62417,R@100,0.0
q62418,nDCG@10,0.0
q62418,R@100,0.0
q62419,nDCG@10,0.0
q62419,R@100,0.0
q62420,nDCG@10,0.5
q62420,R@100,1.0
q62421,nDCG@10,1.0
q62421,R@100,1.0
q62422,nDCG@10,1.0
q62422,R@100,1.0
q62423,nDCG@10,0.0
q62423,R@100,1.0
q62424,nDCG@10,0.0
q62424,R@100,0.0
q62425,nDCG@10,0.0
q62425,R@100,0.0
q62426,nDCG@10,1.0
q62426,R@100,1.0
q62427,nDCG@10,1.0
q62427,R@100,1.0
q62428,nDCG@10,0.0
q62428,R@100,0.0
q62429,nDCG@10,0.0
q62429,R@100,0.0
q62430,nDCG@10,0.0
q62430,R@100,0.0
q62431,nDCG@10,0.0
q62431,R@100,0.0
q62432,nDCG@10,0.0
q62432,R@100,0.0
q62433,nDCG@10,0.0
q62433,R@100,0.0
q62434,nDCG@10,0.5
q62434,R@100,1.0
q62435,nDCG@10,1.0
q62435,R@100,1.0
q62436,nDCG@10,0.0
q62436,R@100,0.0
q62437,nDCG@10,0.0
q62437,R@100,0.0
q62438,nDCG@10,0.0
q62438,R@100,0.0
q62439,nDCG@10,0.0
q62439,R@100,0.0
q62440,nDCG@10,0.3333333333333333
q62440,R@100,1.0
q62441,nDCG@10,0.3010299956639812
q62441,R@100,1.0
q62442,nDCG@10,0.0
q62442,R@100,1.0
q62443,nDCG@10,1.0
q62443,R@100,1.0
q62444,nDCG@10,0.0
q62444,R@100,0.0
q62445,nDCG@10,0.0
q62445,R@100,0.0
q62446,nDCG@10,0.0
q62446,R@100,1.0
q62447,nDCG@10,0.5
q62447,R@100,1.0
q62448,nDCG@10,1.0
q62448,R@100,1.0
q62449,nDCG@10,1.0
q62449,R@100,1.0
q62450,nDCG@10,0.0
q62450,R@100,1.0
q62451,nDCG@10,1.0
q62451,R@100,1.0
q62452,nDCG@10,0.0
q62452,R@100,0.0
q62453,nDCG@10,1.0
q62453,R@100,1.0
q62454,nDCG@10,0.0
q62454,R@100,0.0
q62455,nDCG@10,1.0
q62455,R@100,1.0
q62456,nDCG@10,1.0
q62456,R@100,1.0
q62457,nDCG@10,1.0
q62457,R@100,1.0
q62458,nDCG@10,1.0
q62458,R@100,1.0
q62459,nDCG@10,1.0
q62459,R@100,1.0
q62460,nDCG@10,1.0
q62460,R@100,1.0
q62461,nDCG@10,0.43067655807339306
q62461,R@100,1.0
q62462,nDCG@10,0.0
q62462,R@100,1.0
q62463,nDCG@10,0.6309297535714575
q62463,R@100,1.0
q62464,nDCG@10,0.0
q62464,R@100,0.0
q62465,nDCG@10,1.0
q62465,R@100,1.0
q62466,nDCG@10,1.0
q62466,R@100,1.0
q62467,nDCG@10,0.0
q62467,R@100,0.0
q62468,nDCG@10,0.0
q62468,R@100,0.0
q62469,nDCG@10,0.0
q62469,R@100,0.0
q62470,nDCG@10,1.0
q62470,R@100,1.0
q62471,nDCG@10,1.0
q62471,R@100,1.0
q62472,nDCG@10,0.0
q62472,R@100,0.0
q62473,nDCG@10,0.0
q62473,R@100,1.0
q62474,nDCG@10,0.0
q62474,R@100,1.0
q62475,nDCG@10,0.38685280723454163
q62475,R@100,1.0
q62476,nDCG@10,0.5
q62476,R@100,1.0
q62477,nDCG@10,1.0
q62477,R@100,1.0
q62478,nDCG@10,1.0
q62478,R@100,1.0
q62479,nDCG@10,0.0
q62479,R@100,0.0
q62480,nDCG@10,0.0
q62480,R@100,0.0
q62481,nDCG@10,0.0
q62481,R@100,0.0
q62482,nDCG@10,0.0
q62482,R@100,0.0
q62483,nDCG@10,0.0
q62483,R@100,1.0
q62484,nDCG@10,1.0
q62484,R@100,1.0
q62485,nDCG@10,0.0
q62485,R@100,0.0
q62486,nDCG@10,1.0
q62486,R@100,1.0
q62487,nDCG@10,0.0
q62487,R@100,1.0
q62488,nDCG@10,0.0
q62488,R@100,0.0
q62489,nDCG@10,0.0
q62489,R@100,1.0
q62490,nDCG@10,1.0
q62490,R@100,1.0
q62491,nDCG@10,0.5
q62491,R@100,1.0
q62492,nDCG@10,1.0
q62492,R@100,1.0
q62493,nDCG@10,1.0
q62493,R@100,1.0
q62494,nDCG@10,1.0
q62494,R@100,1.0
q62495,nDCG@10,1.0
q62495,R@100,1.0
q62496,nDCG@10,1.0
q62496,R@100,1.0
q62497,nDCG@10,1.0
q62497,R@100,1.0
q62498,nDCG@10,1.0
q62498,R@100,1.0
q62499,nDCG@10,1.0
q62499,R@100,1.0
q62500,nDCG@10,0.3562071871080222
q62500,R@100,1.0
q62501,nDCG@10,1.0
q62501,R@100,1.0
q62502,nDCG@10,1.0
q62502,R@100,1.0
q62503,nDCG@10,0.0
q62503,R@100,1.0
q62504,nDCG@10,0.0
q62504,R@100,0.0
q62505,nDCG@10,1.0
q62505,R@100,1.0
q62506,nDCG@10,0.0
q62506,R@100,0.0
q62507,nDCG@10,0.0
q62507,R@100,0.0
q62508,nDCG@10,0.0
q62508,R@100,0.0
q62509,nDCG@10,0.0
q62509,R@100,0.0
q62510,nDCG@10,0.0
q62510,R@100,0.0
q62511,nDCG@10,0.0
q62511,R@100,0.0
q62512,nDCG@10,0.0
q62512,R@100,0.0
q62513,nDCG@10,0.0
q62513,R@100,0.0
q62514,nDCG@10,0.0
q62514,R@100,0.0
q62515,nDCG@10,1.0
q62515,R@100,1.0
q62516,nDCG@10,0.38685280723454163
q62516,R@100,1.0
q62517,nDCG@10,0.3010299956639812
q62517,R@100,1.0
q62518,nDCG@10,0.0
q62518,R@100,0.0
q62519,nDCG@10,0.0
q62519,R@100,0.0
q62520,nDCG@10,0.0
q62520,R@100,1.0
q62521,nDCG@10,1.0
q62521,R@100,1.0
q62522,nDCG@10,0.38685280723454163
q62522,R@100,1.0
q62523,nDCG@10,0.43067655807339306
q62523,R@100,1.0
q62524,nDCG@10,0.0
q62524,R@100,0.0
q62525,nDCG@10,0.31546487678572877
q62525,R@100,1.0
q62526,nDCG@10,0.0
q62526,R@100,1.0
q62527,nDCG@10,1.0
q62527,R@100,1.0
q62528,nDCG@10,0.0
q62528,R@100,0.0
q62529,nDCG@10,1.0
q62529,R@100,1.0
q62530,nDCG@10,0.0
q62530,R@100,1.0
q62531,nDCG@10,0.0
q62531,R@100,0.0
q62532,nDCG@10,0.6309297535714575
q62532,R@100,1.0
q62533,nDCG@10,0.0
q62533,R@100,0.0
q62534,nDCG@10,0.0
q62534,R@100,0.0
q62535,nDCG@10,1.0
q62535,R@100,1.0
q62536,nDCG@10,0.0
q62536,R@100,0.0
q62537,nDCG@10,0.0
q62537,R@100,1.0
q62538,nDCG@10,1.0
q62538,R@100,1.0
q62539,nDCG@10,0.0
q62539,R@100,0.0
q62540,nDCG@10,0.0
q62540,R@100,0.0
q62541,nDCG@10,0.6309297535714575
q62541,R@100,1.0
q62542,nDCG@10,1.0
q62542,R@100,1.0
q62543,nDCG@10,0.2890648263178879
q62543,R@100,1.0
q62544,nDCG@10,0.38685280723454163
q62544,R@100,1.0
q62545,nDCG@10,1.0
q62545,R@100,1.0
q62546,nDCG@10,0.0
q62546,R@100,0.0
q62547,nDCG@10,1.0
q62547,R@100,1.0
q62548,nDCG@10,0.0
q62548,R@100,0.0
q62549,nDCG@10,1.0
q62549,R@100,1.0
q62550,nDCG@10,0.0
q62550,R@100,0.0
q62551,nDCG@10,1.0
q62551,R@100,1.0
q62552,nDCG@10,1.0
q62552,R@100,1.0
q62553,nDCG@10,1.0
q62553,R@100,1.0
q62554,nDCG@10,1.0
q62554,R@100,1.0
q62555,nDCG@10,0.0
q62555,R@100,1.0
q62556,nDCG@10,1.0
q62556,R@100,1.0
q62557,nDCG@10,1.0
q62557,R@100,1.0
q62558,nDCG@10,0.3010299956639812
q62558,R@100,1.0
q62559,nDCG@10,0.0
q62559,R@100,0.0
q62560,nDCG@10,1.0
q62560,R@100,1.0
q62561,nDCG@10,1.0
q62561,R@100,1.0
q62562,nDCG@10,0.0
q62562,R@100,1.0
q62563,nDCG@10,1.0
q62563,R@100,1.0
q62564,nDCG@10,0.0
q62564,R@100,0.0
q62565,nDCG@10,1.0
q62565,R@100,1.0
q62566,nDCG@10,0.0
q62566,R@100,0.0
q62567,nDCG@10,0.6309297535714575
q62567,R@100,1.0
q62568,nDCG@10,1.0
q62568,R@100,1.0
q62569,nDCG@10,0.0
q62569,R@100,1.0
q62570,nDCG@10,1.0
q62570,R@100,1.0
q62571,nDCG@10,0.0
q62571,R@100,0.0
q62572,nDCG@10,0.0
q62572,R@100,0.0
q62573,nDCG@10,0.5
q62573,R@100,1.0
q62574,nDCG@10,1.0
q62574,R@100,1.0
q62575,nDCG@10,0.5
q62575,R@100,1.0
q62576,nDCG@10,0.43067655807339306
q62576,R@100,1.0
q62577,nDCG@10,0.0
q62577,R@100,0.0
q62578,nDCG@10,1.0
q62578,R@100,1.0
q62579,nDCG@10,0.3562071871080222
q62579,R@100,1.0
q62580,nDCG@10,0.43067655807339306
q62580,R@100,1.0
q62581,nDCG@10,0.6309297535714575
q62581,R@100,1.0
q62582,nDCG@10,0.5
q62582,R@100,1.0
q62583,nDCG@10,1.0
q62583,R@100,1.0
q62584,nDCG@10,1.0
q62584,R@100,1.0
q62585,nDCG@10,0.0
q62585,R@100,0.0
q62586,nDCG@10,0.0
q62586,R@100,1.0
q62587,nDCG@10,0.0
q62587,R@100,1.0
q62588,nDCG@10,0.0
q62588,R@100,0.0
q62589,nDCG@10,0.6309297535714575
q62589,R@100,1.0
q62590,nDCG@10,1.0
q62590,R@100,1.0
q62591,nDCG@10,1.0
q62591,R@100,1.0
q62592,nDCG@10,1.0
q62592,R@100,1.0
q62593,nDCG@10,0.6309297535714575
q62593,R@100,1.0
q62594,nDCG@10,1.0
q62594,R@100,1.0
q62595,nDCG@10,1.0
q62595,R@100,1.0
q62596,nDCG@10,1.0
q62596,R@100,1.0
q62597,nDCG@10,0.38685280723454163
q62597,R@100,1.0
q62598,nDCG@10,1.0
q62598,R@100,1.0
q62599,nDCG@10,0.6309297535714575
q62599,R@100,1.0
q62600,nDCG@10,0.0
q62600,R@100,0.0
q62601,nDCG@10,0.0
q62601,R@100,0.0
q62602,nDCG@10,1.0
q62602,R@100,1.0
q62603,nDCG@10,0.0
q62603,R@100,0.0
q62604,nDCG@10,0.0
q62604,R@100,0.0
q62605,nDCG@10,0.0
q62605,R@100,0.0
q62606,nDCG@10,0.0
q62606,R@100,0.0
q62607,nDCG@10,0.0
q62607,R@100,1.0
q62608,nDCG@10,0.0
q62608,R@100,0.0
q62609,nDCG@10,0.0
q62609,R@100,0.0
q62610,nDCG@10,0.0
q62610,R@100,0.0
q62611,nDCG@10,1.0
q62611,R@100,1.0
q62612,nDCG@10,0.0
q62612,R@100,0.0
q62613,nDCG@10,0.0
q62613,R@100,0.0
q62614,nDCG@10,0.0
q62614,R@100,0.0
q62615,nDCG@10,1.0
q62615,R@100,1.0
q62616,nDCG@10,0.0
q62616,R@100,1.0
q62617,nDCG@10,0.6309297535714575
q62617,R@100,1.0
q62618,nDCG@10,0.0
q62618,R@100,0.0
q62619,nDCG@10,0.0
q62619,R@100,0.0
q62620,nDCG@10,0.0
q62620,R@100,0.0
q62621,nDCG@10,0.0
q62621,R@100,0.0
q62622,nDCG@10,0.0
q62622,R@100,0.0
q62623,nDCG@10,0.0
q62623,R@100,1.0
q62624,nDCG@10,0.0
q62624,R@100,0.0
q62625,nDCG@10,0.0
q62625,R@100,0.0
q62626,nDCG@10,0.5
q62626,R@100,1.0
q62627,nDCG@10,0.0
q62627,R@100,0.0
q62628,nDCG@10,0.0
q62628,R@100,1.0
q62629,nDCG@10,0.0
q62629,R@100,0.0
q62630,nDCG@10,0.0
q62630,R@100,0.0
q62631,nDCG@10,0.0
q62631,R@100,0.0
q62632,nDCG@10,0.0
q62632,R@100,0.0
q62633,nDCG@10,0.0
q62633,R@100,0.0
q62634,nDCG@10,0.0
q62634,R@100,0.0
q62635,nDCG@10,0.0
q62635,R@100,0.0
q62636,nDCG@10,0.0
q62636,R@100,0.0
q62637,nDCG@10,0.0
q62637,R@100,0.0
q62638,nDCG@10,0.0
q62638,R@100,0.0
q62639,nDCG@10,1.0
q62639,R@100,1.0
q62640,nDCG@10,0.0
q62640,R@100,1.0
q62641,nDCG@10,0.0
q62641,R@100,1.0
q62642,nDCG@10,0.0
q62642,R@100,1.0
q62643,nDCG@10,0.6309297535714575
q62643,R@100,1.0
q62644,nDCG@10,0.0
q62644,R@100,0.0
q62645,nDCG@10,0.0
q62645,R@100,1.0
q62646,nDCG@10,0.0
q62646,R@100,0.0
q62647,nDCG@10,0.6309297535714575
q62647,R@100,1.0
q62648,nDCG@10,1.0
q62648,R@100,1.0
q62649,nDCG@10,1.0
q62649,R@100,1.0
q62650,nDCG@10,1.0
q62650,R@100,1.0
q62651,nDCG@10,0.0
q62651,R@100,0.0
q62652,nDCG@10,0.0
q62652,R@100,1.0
q62653,nDCG@10,0.0
q62653,R@100,0.0
q62654,nDCG@10,0.6309297535714575
q62654,R@100,1.0
q62655,nDCG@10,1.0
q62655,R@100,1.0
q62656,nDCG@10,1.0
q62656,R@100,1.0
q62657,nDCG@10,1.0
q62657,R@100,1.0
q62658,nDCG@10,1.0
q62658,R@100,1.0
q62659,nDCG@10,0.31546487678572877
q62659,R@100,1.0
q62660,nDCG@10,0.0
q62660,R@100,0.0
q62661,nDCG@10,0.6309297535714575
q62661,R@100,1.0
q62662,nDCG@10,0.0
q62662,R@100,1.0
q62663,nDCG@10,0.0
q62663,R@100,0.0
q62664,nDCG@10,0.0
q62664,R@100,0.0
q62665,nDCG@10,0.0
q62665,R@100,0.0
q62666,nDCG@10,0.0
q62666,R@100,0.0
q62667,nDCG@10,0.0
q62667,R@100,1.0
q62668,nDCG@10,0.0
q62668,R@100,0.0
q62669,nDCG@10,0.0
q62669,R@100,0.0
q62670,nDCG@10,0.0
q62670,R@100,0.0
q62671,nDCG@10,1.0
q62671,R@100,1.0
q62672,nDCG@10,1.0
q62672,R@100,1.0
q62673,nDCG@10,0.43067655807339306
q62673,R@100,1.0
q62674,nDCG@10,1.0
q62674,R@100,1.0
q62675,nDCG@10,1.0
q62675,R@100,1.0
q62676,nDCG@10,0.0
q62676,R@100,0.0
q62677,nDCG@10,0.0
q62677,R@100,0.0
q62678,nDCG@10,0.43067655807339306
q62678,R@100,1.0
q62679,nDCG@10,0.6309297535714575
q62679,R@100,1.0
q62680,nDCG@10,1.0
q62680,R@100,1.0
q62681,nDCG@10,0.3010299956639812
q62681,R@100,1.0
q62682,nDCG@10,1.0
q62682,R@100,1.0
q62683,nDCG@10,0.6309297535714575
q62683,R@100,1.0
q62684,nDCG@10,0.0
q62684,R@100,0.0
q62685,nDCG@10,0.0
q62685,R@100,0.0
q62686,nDCG@10,1.0
q62686,R@100,1.0
q62687,nDCG@10,0.0
q62687,R@100,0.0
q62688,nDCG@10,1.0
q62688,R@100,1.0
q62689,nDCG@10,1.0
q62689,R@100,1.0
q62690,nDCG@10,1.0
q62690,R@100,1.0
q62691,nDCG@10,1.0
q62691,R@100,1.0
q62692,nDCG@10,0.3010299956639812
q62692,R@100,1.0
q62693,nDCG@10,0.0
q62693,R@100,0.0
q62694,nDCG@10,0.0
q62694,R@100,0.0
q62695,nDCG@10,0.5
q62695,R@100,1.0
q62696,nDCG@10,0.0
q62696,R@100,0.0
q62697,nDCG@10,1.0
q62697,R@100,1.0
q62698,nDCG@10,0.0
q62698,R@100,0.0
q62699,nDCG@10,0.3333333333333333
q62699,R@100,1.0
q62700,nDCG@10,0.0
q62700,R@100,0.0
q62701,nDCG@10,0.0
q62701,R@100,0.0
q62702,nDCG@10,0.0
q62702,R@100,0.0
q62703,nDCG@10,1.0
q62703,R@100,1.0
q62704,nDCG@10,1.0
q62704,R@100,1.0
q62705,nDCG@10,0.2890648263178879
q62705,R@100,1.0
q62706,nDCG@10,1.0
q62706,R@100,1.0
q62707,nDCG@10,0.0
q62707,R@100,1.0
q62708,nDCG@10,0.0
q62708,R@100,1.0
q62709,nDCG@10,0.38685280723454163
q62709,R@100,1.0
q62710,nDCG@10,0.0
q62710,R@100,1.0
q62711,nDCG@10,0.0
q62711,R@100,0.0
q62712,nDCG@10,0.0
q62712,R@100,0.0
q62713,nDCG@10,1.0
q62713,R@100,1.0
q62714,nDCG@10,0.0
q62714,R@100,1.0
q62715,nDCG@10,0.0
q62715,R@100,1.0
q62716,nDCG@10,1.0
q62716,R@100,1.0
q62717,nDCG@10,0.6309297535714575
q62717,R@100,1.0
q62718,nDCG@10,1.0
q62718,R@100,1.0
q62719,nDCG@10,1.0
q62719,R@100,1.0
q62720,nDCG@10,0.0
q62720,R@100,0.0
q62721,nDCG@10,0.0
q62721,R@100,1.0
q62722,nDCG@10,0.0
q62722,R@100,0.0
q62723,nDCG@10,0.0
q62723,R@100,0.0
q62724,nDCG@10,0.0
q62724,R@100,0.0
q62725,nDCG@10,0.0
q62725,R@100,0.0
q62726,nDCG@10,0.5
q62726,R@100,1.0
q62727,nDCG@10,0.0
q62727,R@100,1.0
q62728,nDCG@10,0.0
q62728,R@100,0.0
q62729,nDCG@10,1.0
q62729,R@100,1.0
q62730,nDCG@10,1.0
q62730,R@100,1.0
q62731,nDCG@10,0.0
q62731,R@100,1.0
q62732,nDCG@10,0.0
q62732,R@100,1.0
q62733,nDCG@10,1.0
q62733,R@100,1.0
q62734,nDCG@10,0.0
q62734,R@100,0.0
q62735,nDCG@10,1.0
q62735,R@100,1.0
q62736,nDCG@10,1.0
q62736,R@100,1.0
q62737,nDCG@10,1.0
q62737,R@100,1.0
q62738,nDCG@10,1.0
q62738,R@100,1.0
q62739,nDCG@10,1.0
q62739,R@100,1.0
q62740,nDCG@10,0.6309297535714575
q62740,R@100,1.0
q62741,nDCG@10,0.0
q62741,R@100,0.0
q62742,nDCG@10,1.0
q62742,R@100,1.0
q62743,nDCG@10,0.3562071871080222
q62743,R@100,1.0
q62744,nDCG@10,1.0
q62744,R@100,1.0
q62745,nDCG@10,0.6309297535714575
q62745,R@100,1.0
q62746,nDCG@10,1.0
q62746,R@100,1.0
q62747,nDCG@10,1.0
q62747,R@100,1.0
q62748,nDCG@10,1.0
q62748,R@100,1.0
q62749,nDCG@10,0.0
q62749,R@100,0.0
q62750,nDCG@10,0.0
q62750,R@100,0.0
q62751,nDCG@10,0.0
q62751,R@100,0.0
q62752,nDCG@10,0.0
q62752,R@100,1.0
q62753,nDCG@10,0.0
q62753,R@100,0.0
q62754,nDCG@10,0.43067655807339306
q62754,R@100,1.0
q62755,nDCG@10,0.0
q62755,R@100,0.0
q62756,nDCG@10,0.0
q62756,R@100,0.0
q62757,nDCG@10,0.31546487678572877
q62757,R@100,1.0
q62758,nDCG@10,0.0
q62758,R@100,0.0
q62759,nDCG@10,0.0
q62759,R@100,1.0
q62760,nDCG@10,0.0
q62760,R@100,0.0
q62761,nDCG@10,0.0
q62761,R@100,1.0
q62762,nDCG@10,0.0
q62762,R@100,1.0
q62763,nDCG@10,0.0
q62763,R@100,0.0
q62764,nDCG@10,1.0
q62764,R@100,1.0
q62765,nDCG@10,0.0
q62765,R@100,0.0
q62766,nDCG@10,0.0
q62766,R@100,0.0
q62767,nDCG@10,0.0
q62767,R@100,0.0
q62768,nDCG@10,0.0
q62768,R@100,0.0
q62769,nDCG@10,1.0
q62769,R@100,1.0
q62770,nDCG@10,0.0
q62770,R@100,1.0
q62771,nDCG@10,0.31546487678572877
q62771,R@100,1.0
q62772,nDCG@10,0.0
q62772,R@100,0.0
q62773,nDCG@10,0.0
q62773,R@100,0.0
q62774,nDCG@10,0.0
q62774,R@100,0.0
q62775,nDCG@10,0.0
q62775,R@100,0.0
q62776,nDCG@10,0.0
q62776,R@100,0.0
q62777,nDCG@10,0.0
q62777,R@100,0.0
q62778,nDCG@10,1.0
q62778,R@100,1.0
q62779,nDCG@10,0.5
q62779,R@100,1.0
q62780,nDCG@10,0.0
q62780,R@100,0.0
q62781,nDCG@10,1.0
q62781,R@100,1.0
q62782,nDCG@10,0.0
q62782,R@100,1.0
q62783,nDCG@10,0.0
q62783,R@100,0.0
q62784,nDCG@10,0.0
q62784,R@100,0.0
q62785,nDCG@10,0.0
q62785,R@100,0.0
q62786,nDCG@10,0.0
q62786,R@100,0.0
q62787,nDCG@10,0.6309297535714575
q62787,R@100,1.0
q62788,nDCG@10,0.0
q62788,R@100,0.0
q62789,nDCG@10,0.0
q62789,R@100,1.0
q62790,nDCG@10,0.0
q62790,R@100,0.0
q62791,nDCG@10,0.0
q62791,R@100,0.0
q62792,nDCG@10,0.0
q62792,R@100,0.0
q62793,nDCG@10,0.0
q62793,R@100,0.0
q62794,nDCG@10,1.0
q62794,R@100,1.0
q62795,nDCG@10,1.0
q62795,R@100,1.0
q62796,nDCG@10,0.0
q62796,R@100,0.0
q62797,nDCG@10,0.0
q62797,R@100,0.0
q62798,nDCG@10,0.38685280723454163
q62798,R@100,1.0
q62799,nDCG@10,0.0
q62799,R@100,0.0
q62800,nDCG@10,0.0
q62800,R@100,1.0
q62801,nDCG@10,0.0
q62801,R@100,0.0
q62802,nDCG@10,0.0
q62802,R@100,1.0
q62803,nDCG@10,0.0
q62803,R@100,0.0
q62804,nDCG@10,0.5
q62804,R@100,1.0
q62805,nDCG@10,0.0
q62805,R@100,0.0
q62806,nDCG@10,0.31546487678572877
q62806,R@100,1.0
q62807,nDCG@10,0.0
q62807,R@100,1.0
q62808,nDCG@10,0.3333333333333333
q62808,R@100,1.0
q62809,nDCG@10,0.0
q62809,R@100,0.0
q62810,nDCG@10,0.0
q62810,R@100,1.0
q62811,nDCG@10,0.0
q62811,R@100,1.0
q62812,nDCG@10,0.0
q62812,R@100,1.0
q62813,nDCG@10,0.0
q62813,R@100,0.0
q62814,nDCG@10,0.0
q62814,R@100,1.0
q62815,nDCG@10,0.0
q62815,R@100,0.0
q62816,nDCG@10,0.0
q62816,R@100,1.0
q62817,nDCG@10,0.0
q62817,R@100,0.0
q62818,nDCG@10,0.0
q62818,R@100,0.0
q62819,nDCG@10,0.0
q62819,R@100,1.0
q62820,nDCG@10,0.0
q62820,R@100,0.0
q62821,nDCG@10,0.0
q62821,R@100,0.0
q62822,nDCG@10,1.0
q62822,R@100,1.0
q62823,nDCG@10,1.0
q62823,R@100,1.0
q62824,nDCG@10,0.0
q62824,R@100,1.0
q62825,nDCG@10,1.0
q62825,R@100,1.0
q62826,nDCG@10,0.0
q62826,R@100,0.0
q62827,nDCG@10,0.0
q62827,R@100,0.0
q62828,nDCG@10,0.0
q62828,R@100,0.0
q62829,nDCG@10,0.0
q62829,R@100,0.0
q62830,nDCG@10,0.0
q62830,R@100,0.0
q62831,nDCG@10,0.0
q62831,R@100,0.0
q62832,nDCG@10,0.0
q62832,R@100,0.0
q62833,nDCG@10,0.5
q62833,R@100,1.0
q62834,nDCG@10,0.6309297535714575
q62834,R@100,1.0
q62835,nDCG@10,0.0
q62835,R@100,0.0
q62836,nDCG@10,0.0
q62836,R@100,1.0
q62837,nDCG@10,0.0
q62837,R@100,0.0
q62838,nDCG@10,1.0
q62838,R@100,1.0
q62839,nDCG@10,1.0
q62839,R@100,1.0
q62840,nDCG@10,0.0
q62840,R@100,1.0
q62841,nDCG@10,0.6309297535714575
q62841,R@100,1.0
q62842,nDCG@10,0.0
q62842,R@100,1.0
q62843,nDCG@10,0.0
q62843,R@100,0.0
q62844,nDCG@10,0.38685280723454163
q62844,R@100,1.0
q62845,nDCG@10,0.5
q62845,R@100,1.0
q62846,nDCG@10,0.0
q62846,R@100,0.0
q62847,nDCG@10,0.0
q62847,R@100,0.0
q62848,nDCG@10,1.0
q62848,R@100,1.0
q62849,nDCG@10,1.0
q62849,R@100,1.0
q62850,nDCG@10,1.0
q62850,R@100,1.0
q62851,nDCG@10,1.0
q62851,R@100,1.0
q62852,nDCG@10,0.0
q62852,R@100,0.0
q62853,nDCG@10,0.5
q62853,R@100,1.0
q62854,nDCG@10,0.0
q62854,R@100,0.0
q62855,nDCG@10,0.0
q62855,R@100,0.0
q62856,nDCG@10,0.0
q62856,R@100,0.0
q62857,nDCG@10,0.3562071871080222
q62857,R@100,1.0
q62858,nDCG@10,0.0
q62858,R@100,0.0
q62859,nDCG@10,1.0
q62859,R@100,1.0
q62860,nDCG@10,0.6309297535714575
q62860,R@100,1.0
q62861,nDCG@10,1.0
q62861,R@100,1.0
q62862,nDCG@10,0.0
q62862,R@100,0.0
q62863,nDCG@10,0.0
q62863,R@100,0.0
q62864,nDCG@10,0.31546487678572877
q62864,R@100,1.0
q62865,nDCG@10,1.0
q62865,R@100,1.0
q62866,nDCG@10,0.6309297535714575
q62866,R@100,1.0
q62867,nDCG@10,1.0
q62867,R@100,1.0
q62868,nDCG@10,0.43067655807339306
q62868,R@100,1.0
q62869,nDCG@10,1.0
q62869,R@100,1.0
q62870,nDCG@10,0.0
q62870,R@100,0.0
q62871,nDCG@10,0.0
q62871,R@100,1.0
q62872,nDCG@10,0.43067655807339306
q62872,R@100,1.0
q62873,nDCG@10,0.6309297535714575
q62873,R@100,1.0
q62874,nDCG@10,0.0
q62874,R@100,0.0
q62875,nDCG@10,0.0
q62875,R@100,0.0
q62876,nDCG@10,0.0
q62876,R@100,0.0
q62877,nDCG@10,1.0
q62877,R@100,1.0
q62878,nDCG@10,0.0
q62878,R@100,0.0
q62879,nDCG@10,0.0
q62879,R@100,0.0
q62880,nDCG@10,0.0
q62880,R@100,0.0
q62881,nDCG@10,0.0
q62881,R@100,0.0
q62882,nDCG@10,0.0
q62882,R@100,0.0
q62883,nDCG@10,0.0
q62883,R@100,0.0
q62884,nDCG@10,0.0
q62884,R@100,0.0
q62885,nDCG@10,0.0
q62885,R@100,0.0
q62886,nDCG@10,1.0
q62886,R@100,1.0
q62887,nDCG@10,0.0
q62887,R@100,0.0
q62888,nDCG@10,0.0
q62888,R@100,0.0
q62889,nDCG@10,0.0
q62889,R@100,0.0
q62890,nDCG@10,0.0
q62890,R@100,0.0
q62891,nDCG@10,0.0
q62891,R@100,0.0
q62892,nDCG@10,0.0
q62892,R@100,0.0
q62893,nDCG@10,0.6309297535714575
q62893,R@100,1.0
q62894,nDCG@10,0.0
q62894,R@100,0.0
q62895,nDCG@10,1.0
q62895,R@100,1.0
q62896,nDCG@10,0.0
q62896,R@100,1.0
q62897,nDCG@10,1.0
q62897,R@100,1.0
q62898,nDCG@10,0.0
q62898,R@100,1.0
q62899,nDCG@10,0.0
q62899,R@100,0.0
q62900,nDCG@10,1.0
q62900,R@100,1.0
q62901,nDCG@10,1.0
q62901,R@100,1.0
q62902,nDCG@10,0.0
q62902,R@100,0.0
q62903,nDCG@10,1.0
q62903,R@100,1.0
q62904,nDCG@10,1.0
q62904,R@100,1.0
q62905,nDCG@10,0.0
q62905,R@100,0.0
q62906,nDCG@10,0.0
q62906,R@100,0.0
q62907,nDCG@10,0.0
q62907,R@100,0.0
q62908,nDCG@10,0.0
q62908,R@100,0.0
q62909,nDCG@10,0.0
q62909,R@100,0.0
q62910,nDCG@10,0.38685280723454163
q62910,R@100,1.0
q62911,nDCG@10,0.0
q62911,R@100,0.0
q62912,nDCG@10,0.0
q62912,R@100,0.0
q62913,nDCG@10,0.0
q62913,R@100,0.0
q62914,nDCG@10,0.0
q62914,R@100,0.0
q62915,nDCG@10,0.0
q62915,R@100,0.0
q62916,nDCG@10,1.0
q62916,R@100,1.0
q62917,nDCG@10,0.0
q62917,R@100,0.0
q62918,nDCG@10,0.0
q62918,R@100,0.0
q62919,nDCG@10,1.0
q62919,R@100,1.0
q62920,nDCG@10,0.0
q62920,R@100,0.0
q62921,nDCG@10,0.0
q62921,R@100,0.0
q62922,nDCG@10,0.0
q62922,R@100,0.0
q62923,nDCG@10,0.5
q62923,R@100,1.0
q62924,nDCG@10,0.0
q62924,R@100,0.0
q62925,nDCG@10,1.0
q62925,R@100,1.0
q62926,nDCG@10,0.0
q62926,R@100,0.0
q62927,nDCG@10,1.0
q62927,R@100,1.0
q62928,nDCG@10,0.6309297535714575
q62928,R@100,1.0
q62929,nDCG@10,0.5
q62929,R@100,1.0
q62930,nDCG@10,0.6309297535714575
q62930,R@100,1.0
q62931,nDCG@10,1.0
q62931,R@100,1.0
q62932,nDCG@10,0.6309297535714575
q62932,R@100,1.0
q62933,nDCG@10,1.0
q62933,R@100,1.0
q62934,nDCG@10,1.0
q62934,R@100,1.0
q62935,nDCG@10,1.0
q62935,R@100,1.0
q62936,nDCG@10,0.0
q62936,R@100,0.0
q62937,nDCG@10,0.0
q62937,R@100,0.0
q62938,nDCG@10,0.0
q62938,R@100,1.0
q62939,nDCG@10,1.0
q62939,R@100,1.0
q62940,nDCG@10,1.0
q62940,R@100,1.0
q62941,nDCG@10,1.0
q62941,R@100,1.0
q62942,nDCG@10,0.0
q62942,R@100,0.0
q62943,nDCG@10,1.0
q62943,R@100,1.0
q62944,nDCG@10,0.0
q62944,R@100,0.0
q62945,nDCG@10,1.0
q62945,R@100,1.0
q62946,nDCG@10,0.0
q62946,R@100,0.0
q62947,nDCG@10,0.0
q62947,R@100,0.0
q62948,nDCG@10,0.0
q62948,R@100,1.0
q62949,nDCG@10,0.0
q62949,R@100,1.0
q62950,nDCG@10,0.0
q62950,R@100,1.0
q62951,nDCG@10,0.0
q62951,R@100,0.0
q62952,nDCG@10,0.0
q62952,R@100,0.0
q62953,nDCG@10,0.0
q62953,R@100,1.0
q62954,nDCG@10,1.0
q62954,R@100,1.0
q62955,nDCG@10,0.31546487678572877
q62955,R@100,1.0
q62956,nDCG@10,1.0
q62956,R@100,1.0
q62957,nDCG@10,0.2890648263178879
q62957,R@100,1.0
q62958,nDCG@10,0.0
q62958,R@100,0.0
q62959,nDCG@10,0.0
q62959,R@100,0.0
q62960,nDCG@10,0.0
q62960,R@100,0.0
q62961,nDCG@10,1.0
q62961,R@100,1.0
q62962,nDCG@10,1.0
q62962,R@100,1.0
q62963,nDCG@10,0.0
q62963,R@100,0.0
q62964,nDCG@10,0.0
q62964,R@100,1.0
q62965,nDCG@10,1.0
q62965,R@100,1.0
q62966,nDCG@10,0.0
q62966,R@100,0.0
q62967,nDCG@10,0.2890648263178879
q62967,R@100,1.0
q62968,nDCG@10,0.6309297535714575
q62968,R@100,1.0
q62969,nDCG@10,0.0
q62969,R@100,1.0
q62970,nDCG@10,0.0
q62970,R@100,0.0
q62971,nDCG@10,0.0
q62971,R@100,0.0
q62972,nDCG@10,1.0
q62972,R@100,1.0
q62973,nDCG@10,0.0
q62973,R@100,0.0
q62974,nDCG@10,1.0
q62974,R@100,1.0
q62975,nDCG@10,1.0
q62975,R@100,1.0
q62976,nDCG@10,0.0
q62976,R@100,0.0
q62977,nDCG@10,0.0
q62977,R@100,0.0
q62978,nDCG@10,1.0
q62978,R@100,1.0
q62979,nDCG@10,1.0
q62979,R@100,1.0
q62980,nDCG@10,1.0
q62980,R@100,1.0
q62981,nDCG@10,1.0
q62981,R@100,1.0
q62982,nDCG@10,1.0
q62982,R@100,1.0
q62983,nDCG@10,0.31546487678572877
q62983,R@100,1.0
q62984,nDCG@10,1.0
q62984,R@100,1.0
q62985,nDCG@10,1.0
q62985,R@100,1.0
q62986,nDCG@10,0.0
q62986,R@100,1.0
q62987,nDCG@10,0.0
q62987,R@100,0.0
q62988,nDCG@10,1.0
q62988,R@100,1.0
q62989,nDCG@10,1.0
q62989,R@100,1.0
q62990,nDCG@10,1.0
q62990,R@100,1.0
q62991,nDCG@10,0.6309297535714575
q62991,R@100,1.0
q62992,nDCG@10,0.0
q62992,R@100,0.0
q62993,nDCG@10,0.6309297535714575
q62993,R@100,1.0
q62994,nDCG@10,0.0
q62994,R@100,1.0
q62995,nDCG@10,0.0
q62995,R@100,1.0
q62996,nDCG@10,1.0
q62996,R@100,1.0
q62997,nDCG@10,1.0
q62997,R@100,1.0
q62998,nDCG@10,1.0
q62998,R@100,1.0
q62999,nDCG@10,0.0
q62999,R@100,0.0
q63000,nDCG@10,0.5
q63000,R@100,1.0
q63001,nDCG@10,0.31546487678572877
q63001,R@100,1.0
q63002,nDCG@10,1.0
q63002,R@100,1.0
q63003,nDCG@10,1.0
q63003,R@100,1.0
q63004,nDCG@10,1.0
q63004,R@100,1.0
q63005,nDCG@10,1.0
q63005,R@100,1.0
q63006,nDCG@10,0.0
q63006,R@100,1.0
q63007,nDCG@10,0.0
q63007,R@100,1.0
q63008,nDCG@10,0.0
q63008,R@100,0.0
q63009,nDCG@10,1.0
q63009,R@100,1.0
q63010,nDCG@10,0.6309297535714575
q63010,R@100,1.0
q63011,nDCG@10,1.0
q63011,R@100,1.0
q63012,nDCG@10,0.0
q63012,R@100,1.0
q63013,nDCG@10,0.3562071871080222
q63013,R@100,1.0
q63014,nDCG@10,0.0
q63014,R@100,1.0
q63015,nDCG@10,0.0
q63015,R@100,1.0
q63016,nDCG@10,0.0
q63016,R@100,0.0
q63017,nDCG@10,0.6309297535714575
q63017,R@100,1.0
q63018,nDCG@10,1.0
q63018,R@100,1.0
q63019,nDCG@10,0.0
q63019,R@100,1.0
q63020,nDCG@10,0.31546487678572877
q63020,R@100,1.0
q63021,nDCG@10,0.3562071871080222
q63021,R@100,1.0
q63022,nDCG@10,0.0
q63022,R@100,1.0
q63023,nDCG@10,0.0
q63023,R@100,1.0
q63024,nDCG@10,0.0
q63024,R@100,1.0
q63025,nDCG@10,0.0
q63025,R@100,1.0
q63026,nDCG@10,1.0
q63026,R@100,1.0
q63027,nDCG@10,0.43067655807339306
q63027,R@100,1.0
q63028,nDCG@10,0.0
q63028,R@100,1.0
q63029,nDCG@10,0.0
q63029,R@100,0.0
q63030,nDCG@10,1.0
q63030,R@100,1.0
q63031,nDCG@10,1.0
q63031,R@100,1.0
q63032,nDCG@10,0.0
q63032,R@100,0.0
q63033,nDCG@10,0.0
q63033,R@100,0.0
q63034,nDCG@10,0.0
q63034,R@100,1.0
q63035,nDCG@10,0.0
q63035,R@100,0.0
q63036,nDCG@10,1.0
q63036,R@100,1.0
q63037,nDCG@10,0.0
q63037,R@100,1.0
q63038,nDCG@10,0.0
q63038,R@100,0.0
q63039,nDCG@10,0.0
q63039,R@100,1.0
q63040,nDCG@10,0.0
q63040,R@100,1.0
q63041,nDCG@10,0.0
q63041,R@100,1.0
q63042,nDCG@10,0.0
q63042,R@100,0.0
q63043,nDCG@10,0.0
q63043,R@100,0.0
q63044,nDCG@10,0.38685280723454163
q63044,R@100,1.0
q63045,nDCG@10,1.0
q63045,R@100,1.0
q63046,nDCG@10,0.0
q63046,R@100,0.0
q63047,nDCG@10,1.0
q63047,R@100,1.0
q63048,nDCG@10,1.0
q63048,R@100,1.0
q63049,nDCG@10,0.0
q63049,R@100,0.0
q63050,nDCG@10,0.3010299956639812
q63050,R@100,1.0
q63051,nDCG@10,0.0
q63051,R@100,0.0
q63052,nDCG@10,1.0
q63052,R@100,1.0
q63053,nDCG@10,0.43067655807339306
q63053,R@100,1.0
q63054,nDCG@10,0.0
q63054,R@100,1.0
q63055,nDCG@10,0.0
q63055,R@100,0.0
q63056,nDCG@10,0.0
q63056,R@100,0.0
q63057,nDCG@10,0.0
q63057,R@100,0.0
q63058,nDCG@10,1.0
q63058,R@100,1.0
q63059,nDCG@10,1.0
q63059,R@100,1.0
q63060,nDCG@10,0.0
q63060,R@100,1.0
q63061,nDCG@10,0.6309297535714575
q63061,R@100,1.0
q63062,nDCG@10,0.0
q63062,R@100,1.0
q63063,nDCG@10,0.6309297535714575
q63063,R@100,1.0
q63064,nDCG@10,0.0
q63064,R@100,0.0
q63065,nDCG@10,0.0
q63065,R@100,0.0
q63066,nDCG@10,0.0
q63066,R@100,0.0
q63067,nDCG@10,0.0
q63067,R@100,1.0
q63068,nDCG@10,1.0
q63068,R@100,1.0
q63069,nDCG@10,0.0
q63069,R@100,0.0
q63070,nDCG@10,0.0
q63070,R@100,0.0
q63071,nDCG@10,1.0
q63071,R@100,1.0
q63072,nDCG@10,1.0
q63072,R@100,1.0
q63073,nDCG@10,1.0
q63073,R@100,1.0
q63074,nDCG@10,0.0
q63074,R@100,0.0
q63075,nDCG@10,0.0
q63075,R@100,0.0
q63076,nDCG@10,0.0
q63076,R@100,0.0
q63077,nDCG@10,1.0
q63077,R@100,1.0
q63078,nDCG@10,0.38685280723454163
q63078,R@100,1.0
q63079,nDCG@10,1.0
q63079,R@100,1.0
q63080,nDCG@10,0.5
q63080,R@100,1.0
q63081,nDCG@10,0.0
q63081,R@100,0.0
q63082,nDCG@10,0.0
q63082,R@100,0.0
q63083,nDCG@10,0.3333333333333333
q63083,R@100,1.0
q63084,nDCG@10,0.2890648263178879
q63084,R@100,1.0
q63085,nDCG@10,0.38685280723454163
q63085,R@100,1.0
q63086,nDCG@10,0.0
q63086,R@100,1.0
q63087,nDCG@10,1.0
q63087,R@100,1.0
q63088,nDCG@10,1.0
q63088,R@100,1.0
q63089,nDCG@10,1.0
q63089,R@100,1.0
q63090,nDCG@10,1.0
q63090,R@100,1.0
q63091,nDCG@10,0.6309297535714575
q63091,R@100,1.0
q63092,nDCG@10,0.0
q63092,R@100,0.0
q63093,nDCG@10,0.3562071871080222
q63093,R@100,1.0
q63094,nDCG@10,0.0
q63094,R@100,1.0
q63095,nDCG@10,0.0
q63095,R@100,0.0
q63096,nDCG@10,0.0
q63096,R@100,0.0
q63097,nDCG@10,0.0
q63097,R@100,0.0
q63098,nDCG@10,0.0
q63098,R@100,0.0
q63099,nDCG@10,0.0
q63099,R@100,0.0
q63100,nDCG@10,1.0
q63100,R@100,1.0
q63101,nDCG@10,0.43067655807339306
q63101,R@100,1.0
q63102,nDCG@10,0.5
q63102,R@100,1.0
q63103,nDCG@10,0.6309297535714575
q63103,R@100,1.0
q63104,nDCG@10,0.43067655807339306
q63104,R@100,1.0
q63105,nDCG@10,0.0
q63105,R@100,0.0
q63106,nDCG@10,0.5
q63106,R@100,1.0
q63107,nDCG@10,0.6309297535714575
q63107,R@100,1.0
q63108,nDCG@10,0.43067655807339306
q63108,R@100,1.0
q63109,nDCG@10,0.0
q63109,R@100,1.0
q63110,nDCG@10,0.0
q63110,R@100,0.0
q63111,nDCG@10,0.6309297535714575
q63111,R@100,1.0
q63112,nDCG@10,1.0
q63112,R@100,1.0
q63113,nDCG@10,1.0
q63113,R@100,1.0
q63114,nDCG@10,0.6309297535714575
q63114,R@100,1.0
q63115,nDCG@10,1.0
q63115,R@100,1.0
q63116,nDCG@10,1.0
q63116,R@100,1.0
q63117,nDCG@10,0.6309297535714575
q63117,R@100,1.0
q63118,nDCG@10,0.0
q63118,R@100,0.0
q63119,nDCG@10,0.3562071871080222
q63119,R@100,1.0
q63120,nDCG@10,0.31546487678572877
q63120,R@100,1.0
q63121,nDCG@10,0.5
q63121,R@100,1.0
q63122,nDCG@10,0.0
q63122,R@100,1.0
q63123,nDCG@10,0.43067655807339306
q63123,R@100,1.0
q63124,nDCG@10,1.0
q63124,R@100,1.0
q63125,nDCG@10,0.0
q63125,R@100,1.0
q63126,nDCG@10,0.5
q63126,R@100,1.0
q63127,nDCG@10,1.0
q63127,R@100,1.0
q63128,nDCG@10,0.0
q63128,R@100,1.0
q63129,nDCG@10,0.0
q63129,R@100,1.0
q63130,nDCG@10,1.0
q63130,R@100,1.0
q63131,nDCG@10,0.0
q63131,R@100,0.0
q63132,nDCG@10,0.3333333333333333
q63132,R@100,1.0
q63133,nDCG@10,0.0
q63133,R@100,1.0
q63134,nDCG@10,0.6309297535714575
q63134,R@100,1.0
q63135,nDCG@10,0.6309297535714575
q63135,R@100,1.0
q63136,nDCG@10,1.0
q63136,R@100,1.0
q63137,nDCG@10,0.5
q63137,R@100,1.0
q63138,nDCG@10,0.43067655807339306
q63138,R@100,1.0
q63139,nDCG@10,0.0
q63139,R@100,0.0
q63140,nDCG@10,0.0
q63140,R@100,0.0
q63141,nDCG@10,1.0
q63141,R@100,1.0
q63142,nDCG@10,0.0
q63142,R@100,1.0
q63143,nDCG@10,0.0
q63143,R@100,0.0
q63144,nDCG@10,0.0
q63144,R@100,0.0
q63145,nDCG@10,0.3333333333333333
q63145,R@100,1.0
q63146,nDCG@10,0.0
q63146,R@100,0.0
q63147,nDCG@10,0.38685280723454163
q63147,R@100,1.0
q63148,nDCG@10,0.0
q63148,R@100,0.0
q63149,nDCG@10,0.5
q63149,R@100,1.0
q63150,nDCG@10,1.0
q63150,R@100,1.0
q63151,nDCG@10,1.0
q63151,R@100,1.0
q63152,nDCG@10,1.0
q63152,R@100,1.0
q63153,nDCG@10,0.0
q63153,R@100,0.0
q63154,nDCG@10,0.0
q63154,R@100,0.0
q63155,nDCG@10,0.0
q63155,R@100,0.0
q63156,nDCG@10,1.0
q63156,R@100,1.0
q63157,nDCG@10,0.0
q63157,R@100,0.0
q63158,nDCG@10,0.0
q63158,R@100,1.0
q63159,nDCG@10,1.0
q63159,R@100,1.0
q63160,nDCG@10,1.0
q63160,R@100,1.0
q63161,nDCG@10,0.0
q63161,R@100,0.0
q63162,nDCG@10,0.6309297535714575
q63162,R@100,1.0
q63163,nDCG@10,1.0
q63163,R@100,1.0
q63164,nDCG@10,0.0
q63164,R@100,0.0
q63165,nDCG@10,0.0
q63165,R@100,0.0
q63166,nDCG@10,1.0
q63166,R@100,1.0
q63167,nDCG@10,1.0
q63167,R@100,1.0
q63168,nDCG@10,0.6309297535714575
q63168,R@100,1.0
q63169,nDCG@10,0.3333333333333333
q63169,R@100,1.0
q63170,nDCG@10,1.0
q63170,R@100,1.0
q63171,nDCG@10,0.38685280723454163
q63171,R@100,1.0
q63172,nDCG@10,1.0
q63172,R@100,1.0
q63173,nDCG@10,0.6309297535714575
q63173,R@100,1.0
q63174,nDCG@10,0.38685280723454163
q63174,R@100,1.0
q63175,nDCG@10,0.3562071871080222
q63175,R@100,1.0
q63176,nDCG@10,0.6309297535714575
q63176,R@100,1.0
q63177,nDCG@10,0.6309297535714575
q63177,R@100,1.0
q63178,nDCG@10,0.6309297535714575
q63178,R@100,1.0
q63179,nDCG@10,1.0
q63179,R@100,1.0
q63180,nDCG@10,1.0
q63180,R@100,1.0
q63181,nDCG@10,0.43067655807339306
q63181,R@100,1.0
q63182,nDCG@10,0.3010299956639812
q63182,R@100,1.0
q63183,nDCG@10,0.0
q63183,R@100,0.0
q63184,nDCG@10,0.0
q63184,R@100,0.0
q63185,nDCG@10,0.0
q63185,R@100,0.0
q63186,nDCG@10,0.0
q63186,R@100,0.0
q63187,nDCG@10,0.0
q63187,R@100,0.0
q63188,nDCG@10,0.0
q63188,R@100,0.0
q63189,nDCG@10,0.6309297535714575
q63189,R@100,1.0
q63190,nDCG@10,0.6309297535714575
q63190,R@100,1.0
q63191,nDCG@10,0.0
q63191,R@100,0.0
q63192,nDCG@10,1.0
q63192,R@100,1.0
q63193,nDCG@10,1.0
q63193,R@100,1.0
q63194,nDCG@10,1.0
q63194,R@100,1.0
q63195,nDCG@10,1.0
q63195,R@100,1.0
q63196,nDCG@10,0.0
q63196,R@100,0.0
q63197,nDCG@10,1.0
q63197,R@100,1.0
q63198,nDCG@10,1.0
q63198,R@100,1.0
q63199,nDCG@10,0.0
q63199,R@100,1.0
q63200,nDCG@10,1.0
q63200,R@100,1.0
q63201,nDCG@10,0.0
q63201,R@100,1.0
q63202,nDCG@10,0.0
q63202,R@100,0.0
q63203,nDCG@10,0.0
q63203,R@100,0.0
q63204,nDCG@10,0.0
q63204,R@100,0.0
q63205,nDCG@10,0.6309297535714575
q63205,R@100,1.0
q63206,nDCG@10,0.0
q63206,R@100,0.0
q63207,nDCG@10,0.0
q63207,R@100,0.0
q63208,nDCG@10,0.0
q63208,R@100,0.0
q63209,nDCG@10,0.3562071871080222
q63209,R@100,1.0
q63210,nDCG@10,0.0
q63210,R@100,0.0
q63211,nDCG@10,0.5
q63211,R@100,1.0
q63212,nDCG@10,1.0
q63212,R@100,1.0
q63213,nDCG@10,1.0
q63213,R@100,1.0
q63214,nDCG@10,1.0
q63214,R@100,1.0
q63215,nDCG@10,0.0
q63215,R@100,0.0
q63216,nDCG@10,0.0
q63216,R@100,0.0
q63217,nDCG@10,0.0
q63217,R@100,0.0
q63218,nDCG@10,0.3562071871080222
q63218,R@100,1.0
q63219,nDCG@10,1.0
q63219,R@100,1.0
q63220,nDCG@10,0.0
q63220,R@100,0.0
q63221,nDCG@10,1.0
q63221,R@100,1.0
q63222,nDCG@10,1.0
q63222,R@100,1.0
q63223,nDCG@10,0.5
q63223,R@100,1.0
q63224,nDCG@10,0.0
q63224,R@100,0.0
q63225,nDCG@10,1.0
q63225,R@100,1.0
q63226,nDCG@10,1.0
q63226,R@100,1.0
q63227,nDCG@10,0.43067655807339306
q63227,R@100,1.0
q63228,nDCG@10,0.0
q63228,R@100,1.0
q63229,nDCG@10,0.0
q63229,R@100,0.0
q63230,nDCG@10,0.0
q63230,R@100,0.0
q63231,nDCG@10,0.0
q63231,R@100,0.0
q63232,nDCG@10,1.0
q63232,R@100,1.0
q63233,nDCG@10,0.0
q63233,R@100,0.0
q63234,nDCG@10,0.5
q63234,R@100,1.0
q63235,nDCG@10,0.6309297535714575
q63235,R@100,1.0
q63236,nDCG@10,0.0
q63236,R@100,1.0
q63237,nDCG@10,0.3333333333333333
q63237,R@100,1.0
q63238,nDCG@10,0.0
q63238,R@100,1.0
q63239,nDCG@10,0.6309297535714575
q63239,R@100,1.0
q63240,nDCG@10,0.6309297535714575
q63240,R@100,1.0
q63241,nDCG@10,0.0
q63241,R@100,1.0
q63242,nDCG@10,1.0
q63242,R@100,1.0
q63243,nDCG@10,0.0
q63243,R@100,0.0
q63244,nDCG@10,1.0
q63244,R@100,1.0
q63245,nDCG@10,0.2890648263178879
q63245,R@100,1.0
q63246,nDCG@10,0.0
q63246,R@100,0.0
q63247,nDCG@10,0.0
q63247,R@100,0.0
q63248,nDCG@10,0.0
q63248,R@100,1.0
q63249,nDCG@10,0.0
q63249,R@100,0.0
q63250,nDCG@10,1.0
q63250,R@100,1.0
q63251,nDCG@10,0.0
q63251,R@100,0.0
q63252,nDCG@10,0.0
q63252,R@100,0.0
q63253,nDCG@10,0.0
q63253,R@100,0.0
q63254,nDCG@10,1.0
q63254,R@100,1.0
q63255,nDCG@10,0.0
q63255,R@100,0.0
q63256,nDCG@10,0.0
q63256,R@100,0.0
q63257,nDCG@10,0.0
q63257,R@100,0.0
q63258,nDCG@10,1.0
q63258,R@100,1.0
q63259,nDCG@10,1.0
q63259,R@100,1.0
q63260,nDCG@10,0.0
q63260,R@100,0.0
q63261,nDCG@10,1.0
q63261,R@100,1.0
q63262,nDCG@10,0.0
q63262,R@100,0.0
q63263,nDCG@10,0.0
q63263,R@100,0.0
q63264,nDCG@10,0.0
q63264,R@100,1.0
q63265,nDCG@10,0.0
q63265,R@100,0.0
q63266,nDCG@10,0.0
q63266,R@100,0.0
q63267,nDCG@10,0.0
q63267,R@100,1.0
q63268,nDCG@10,0.0
q63268,R@100,1.0
q63269,nDCG@10,0.0
q63269,R@100,1.0
q63270,nDCG@10,0.0
q63270,R@100,0.0
q63271,nDCG@10,1.0
q63271,R@100,1.0
q63272,nDCG@10,0.0
q63272,R@100,0.0
q63273,nDCG@10,0.6309297535714575
q63273,R@100,1.0
q63274,nDCG@10,0.2890648263178879
q63274,R@100,1.0
q63275,nDCG@10,1.0
q63275,R@100,1.0
q63276,nDCG@10,0.0
q63276,R@100,1.0
q63277,nDCG@10,0.6309297535714575
q63277,R@100,1.0
q63278,nDCG@10,1.0
q63278,R@100,1.0
q63279,nDCG@10,1.0
q63279,R@100,1.0
q63280,nDCG@10,1.0
q63280,R@100,1.0
q63281,nDCG@10,1.0
q63281,R@100,1.0
q63282,nDCG@10,1.0
q63282,R@100,1.0
q63283,nDCG@10,0.0
q63283,R@100,1.0
q63284,nDCG@10,0.0
q63284,R@100,0.0
q63285,nDCG@10,0.0
q63285,R@100,0.0
q63286,nDCG@10,0.0
q63286,R@100,0.0
q63287,nDCG@10,0.0
q63287,R@100,0.0
q63288,nDCG@10,1.0
q63288,R@100,1.0
q63289,nDCG@10,1.0
q63289,R@100,1.0
q63290,nDCG@10,1.0
q63290,R@100,1.0
q63291,nDCG@10,1.0
q63291,R@100,1.0
q63292,nDCG@10,1.0
q63292,R@100,1.0
q63293,nDCG@10,0.5
q63293,R@100,1.0
q63294,nDCG@10,0.3010299956639812
q63294,R@100,1.0
q63295,nDCG@10,0.3333333333333333
q63295,R@100,1.0
q63296,nDCG@10,1.0
q63296,R@100,1.0
q63297,nDCG@10,0.0
q63297,R@100,0.0
q63298,nDCG@10,0.0
q63298,R@100,0.0
q63299,nDCG@10,0.0
q63299,R@100,1.0
q63300,nDCG@10,1.0
q63300,R@100,1.0
q63301,nDCG@10,0.0
q63301,R@100,0.0
q63302,nDCG@10,0.5
q63302,R@100,1.0
q63303,nDCG@10,1.0
q63303,R@100,1.0
q63304,nDCG@10,1.0
q63304,R@100,1.0
q63305,nDCG@10,0.6309297535714575
q63305,R@100,1.0
q63306,nDCG@10,1.0
q63306,R@100,1.0
q63307,nDCG@10,1.0
q63307,R@100,1.0
q63308,nDCG@10,0.0
q63308,R@100,1.0
q63309,nDCG@10,1.0
q63309,R@100,1.0
q63310,nDCG@10,0.3562071871080222
q63310,R@100,1.0
q63311,nDCG@10,0.6309297535714575
q63311,R@100,1.0
q63312,nDCG@10,0.0
q63312,R@100,0.0
q63313,nDCG@10,0.0
q63313,R@100,0.0
q63314,nDCG@10,1.0
q63314,R@100,1.0
q63315,nDCG@10,1.0
q63315,R@100,1.0
q63316,nDCG@10,0.6309297535714575
q63316,R@100,1.0
q63317,nDCG@10,0.6309297535714575
q63317,R@100,1.0
q63318,nDCG@10,1.0
q63318,R@100,1.0
q63319,nDCG@10,0.0
q63319,R@100,0.0
q63320,nDCG@10,0.0
q63320,R@100,0.0
q63321,nDCG@10,0.0
q63321,R@100,1.0
q63322,nDCG@10,0.0
q63322,R@100,0.0
q63323,nDCG@10,1.0
q63323,R@100,1.0
q63324,nDCG@10,0.0
q63324,R@100,0.0
q63325,nDCG@10,0.0
q63325,R@100,0.0
q63326,nDCG@10,0.0
q63326,R@100,1.0
q63327,nDCG@10,0.0
q63327,R@100,0.0
q63328,nDCG@10,0.0
q63328,R@100,0.0
q63329,nDCG@10,0.0
q63329,R@100,0.0
q63330,nDCG@10,0.0
q63330,R@100,0.0
q63331,nDCG@10,0.0
q63331,R@100,0.0
q63332,nDCG@10,0.0
q63332,R@100,1.0
q63333,nDCG@10,0.0
q63333,R@100,0.0
q63334,nDCG@10,0.0
q63334,R@100,0.0
q63335,nDCG@10,1.0
q63335,R@100,1.0
q63336,nDCG@10,0.0
q63336,R@100,0.0
q63337,nDCG@10,0.0
q63337,R@100,0.0
q63338,nDCG@10,0.0
q63338,R@100,0.0
q63339,nDCG@10,0.0
q63339,R@100,0.0
q63340,nDCG@10,0.0
q63340,R@100,0.0
q63341,nDCG@10,0.0
q63341,R@100,0.0
q63342,nDCG@10,0.0
q63342,R@100,0.0
q63343,nDCG@10,1.0
q63343,R@100,1.0
q63344,nDCG@10,0.6309297535714575
q63344,R@100,1.0
q63345,nDCG@10,0.0
q63345,R@100,0.0
q63346,nDCG@10,0.0
q63346,R@100,1.0
q63347,nDCG@10,0.0
q63347,R@100,0.0
q63348,nDCG@10,0.2890648263178879
q63348,R@100,1.0
q63349,nDCG@10,0.0
q63349,R@100,0.0
q63350,nDCG@10,0.0
q63350,R@100,0.0
q63351,nDCG@10,0.0
q63351,R@100,0.0
q63352,nDCG@10,0.0
q63352,R@100,0.0
q63353,nDCG@10,0.0
q63353,R@100,0.0
q63354,nDCG@10,0.31546487678572877
q63354,R@100,1.0
q63355,nDCG@10,0.6309297535714575
q63355,R@100,1.0
q63356,nDCG@10,0.0
q63356,R@100,1.0
q63357,nDCG@10,0.0
q63357,R@100,1.0
q63358,nDCG@10,0.0
q63358,R@100,0.0
q63359,nDCG@10,0.0
q63359,R@100,0.0
q63360,nDCG@10,0.0
q63360,R@100,0.0
q63361,nDCG@10,0.0
q63361,R@100,0.0
q63362,nDCG@10,0.0
q63362,R@100,1.0
q63363,nDCG@10,1.0
q63363,R@100,1.0
q63364,nDCG@10,1.0
q63364,R@100,1.0
q63365,nDCG@10,1.0
q63365,R@100,1.0
q63366,nDCG@10,0.6309297535714575
q63366,R@100,1.0
q63367,nDCG@10,0.5
q63367,R@100,1.0
q63368,nDCG@10,0.5
q63368,R@100,1.0
q63369,nDCG@10,0.0
q63369,R@100,1.0
q63370,nDCG@10,0.0
q63370,R@100,0.0
q63371,nDCG@10,1.0
q63371,R@100,1.0
q63372,nDCG@10,0.0
q63372,R@100,0.0
q63373,nDCG@10,0.0
q63373,R@100,0.0
q63374,nDCG@10,0.0
q63374,R@100,0.0
q63375,nDCG@10,0.0
q63375,R@100,0.0
q63376,nDCG@10,0.0
q63376,R@100,1.0
q63377,nDCG@10,1.0
q63377,R@100,1.0
q63378,nDCG@10,0.0
q63378,R@100,0.0
q63379,nDCG@10,0.0
q63379,R@100,0.0
q63380,nDCG@10,0.0
q63380,R@100,0.0
q63381,nDCG@10,0.31546487678572877
q63381,R@100,1.0
q63382,nDCG@10,0.0
q63382,R@100,0.0
q63383,nDCG@10,0.0
q63383,R@100,1.0
q63384,nDCG@10,0.0
q63384,R@100,1.0
q63385,nDCG@10,0.0
q63385,R@100,0.0
q63386,nDCG@10,0.0
q63386,R@100,0.0
q63387,nDCG@10,0.0
q63387,R@100,0.0
q63388,nDCG@10,0.0
q63388,R@100,0.0
q63389,nDCG@10,0.0
q63389,R@100,0.0
q63390,nDCG@10,0.0
q63390,R@100,0.0
q63391,nDCG@10,1.0
q63391,R@100,1.0
q63392,nDCG@10,0.5
q63392,R@100,1.0
q63393,nDCG@10,0.3333333333333333
q63393,R@100,1.0
q63394,nDCG@10,0.0
q63394,R@100,0.0
q63395,nDCG@10,0.0
q63395,R@100,0.0
q63396,nDCG@10,1.0
q63396,R@100,1.0
q63397,nDCG@10,0.5
q63397,R@100,1.0
q63398,nDCG@10,1.0
q63398,R@100,1.0
q63399,nDCG@10,0.0
q63399,R@100,0.0
q63400,nDCG@10,0.6309297535714575
q63400,R@100,1.0
q63401,nDCG@10,1.0
q63401,R@100,1.0
q63402,nDCG@10,0.0
q63402,R@100,0.0
q63403,nDCG@10,1.0
q63403,R@100,1.0
q63404,nDCG@10,1.0
q63404,R@100,1.0
q63405,nDCG@10,1.0
q63405,R@100,1.0
q63406,nDCG@10,1.0
q63406,R@100,1.0
q63407,nDCG@10,1.0
q63407,R@100,1.0
q63408,nDCG@10,1.0
q63408,R@100,1.0
q63409,nDCG@10,1.0
q63409,R@100,1.0
q63410,nDCG@10,0.3333333333333333
q63410,R@100,1.0
q63411,nDCG@10,0.5
q63411,R@100,1.0
q63412,nDCG@10,1.0
q63412,R@100,1.0
q63413,nDCG@10,0.3562071871080222
q63413,R@100,1.0
q63414,nDCG@10,0.0
q63414,R@100,0.0
q63415,nDCG@10,0.0
q63415,R@100,0.0
q63416,nDCG@10,0.0
q63416,R@100,0.0
q63417,nDCG@10,0.0
q63417,R@100,0.0
q63418,nDCG@10,1.0
q63418,R@100,1.0
q63419,nDCG@10,0.2890648263178879
q63419,R@100,1.0
q63420,nDCG@10,0.0
q63420,R@100,1.0
q63421,nDCG@10,0.0
q63421,R@100,1.0
q63422,nDCG@10,0.0
q63422,R@100,0.0
q63423,nDCG@10,0.0
q63423,R@100,0.0
q63424,nDCG@10,0.6309297535714575
q63424,R@100,1.0
q63425,nDCG@10,0.0
q63425,R@100,0.0
q63426,nDCG@10,0.0
q63426,R@100,0.0
q63427,nDCG@10,0.0
q63427,R@100,0.0
q63428,nDCG@10,0.0
q63428,R@100,0.0
q63429,nDCG@10,0.0
q63429,R@100,0.0
q63430,nDCG@10,0.0
q63430,R@100,1.0
q63431,nDCG@10,1.0
q63431,R@100,1.0
q63432,nDCG@10,0.0
q63432,R@100,0.0
q63433,nDCG@10,1.0
q63433,R@100,1.0
q63434,nDCG@10,1.0
q63434,R@100,1.0
q63435,nDCG@10,1.0
q63435,R@100,1.0
q63436,nDCG@10,1.0
q63436,R@100,1.0
q63437,nDCG@10,0.0
q63437,R@100,1.0
q63438,nDCG@10,1.0
q63438,R@100,1.0
q63439,nDCG@10,0.0
q63439,R@100,1.0
q63440,nDCG@10,0.0
q63440,R@100,1.0
q63441,nDCG@10,0.0
q63441,R@100,1.0
q63442,nDCG@10,0.6309297535714575
q63442,R@100,1.0
q63443,nDCG@10,1.0
q63443,R@100,1.0
q63444,nDCG@10,0.3562071871080222
q63444,R@100,1.0
q63445,nDCG@10,0.0
q63445,R@100,1.0
q63446,nDCG@10,1.0
q63446,R@100,1.0
q63447,nDCG@10,0.0
q63447,R@100,0.0
q63448,nDCG@10,0.0
q63448,R@100,0.0
q63449,nDCG@10,1.0
q63449,R@100,1.0
q63450,nDCG@10,1.0
q63450,R@100,1.0
q63451,nDCG@10,0.0
q63451,R@100,0.0
q63452,nDCG@10,0.0
q63452,R@100,0.0
q63453,nDCG@10,0.43067655807339306
q63453,R@100,1.0
q63454,nDCG@10,1.0
q63454,R@100,1.0
q63455,nDCG@10,1.0
q63455,R@100,1.0
q63456,nDCG@10,0.5
q63456,R@100,1.0
q63457,nDCG@10,0.0
q63457,R@100,0.0
q63458,nDCG@10,1.0
q63458,R@100,1.0
q63459,nDCG@10,1.0
q63459,R@100,1.0
q63460,nDCG@10,0.0
q63460,R@100,0.0
q63461,nDCG@10,0.3010299956639812
q63461,R@100,1.0
q63462,nDCG@10,1.0
q63462,R@100,1.0
q63463,nDCG@10,1.0
q63463,R@100,1.0
q63464,nDCG@10,0.0
q63464,R@100,0.0
q63465,nDCG@10,0.0
q63465,R@100,1.0
q63466,nDCG@10,0.38685280723454163
q63466,R@100,1.0
q63467,nDCG@10,0.0
q63467,R@100,0.0
q63468,nDCG@10,1.0
q63468,R@100,1.0
q63469,nDCG@10,0.6309297535714575
q63469,R@100,1.0
q63470,nDCG@10,0.0
q63470,R@100,1.0
q63471,nDCG@10,0.3562071871080222
q63471,R@100,1.0
q63472,nDCG@10,1.0
q63472,R@100,1.0
q63473,nDCG@10,1.0
q63473,R@100,1.0
q63474,nDCG@10,1.0
q63474,R@100,1.0
q63475,nDCG@10,0.43067655807339306
q63475,R@100,1.0
q63476,nDCG@10,1.0
q63476,R@100,1.0
q63477,nDCG@10,0.0
q63477,R@100,1.0
q63478,nDCG@10,0.0
q63478,R@100,0.0
q63479,nDCG@10,0.0
q63479,R@100,1.0
q63480,nDCG@10,1.0
q63480,R@100,1.0
q63481,nDCG@10,0.0
q63481,R@100,1.0
q63482,nDCG@10,0.3562071871080222
q63482,R@100,1.0
q63483,nDCG@10,1.0
q63483,R@100,1.0
q63484,nDCG@10,1.0
q63484,R@100,1.0
q63485,nDCG@10,0.38685280723454163
q63485,R@100,1.0
q63486,nDCG@10,1.0
q63486,R@100,1.0
q63487,nDCG@10,0.0
q63487,R@100,0.0
q63488,nDCG@10,0.6309297535714575
q63488,R@100,1.0
q63489,nDCG@10,1.0
q63489,R@100,1.0
q63490,nDCG@10,0.0
q63490,R@100,0.0
q63491,nDCG@10,0.0
q63491,R@100,1.0
q63492,nDCG@10,1.0
q63492,R@100,1.0
q63493,nDCG@10,1.0
q63493,R@100,1.0
q63494,nDCG@10,1.0
q63494,R@100,1.0
q63495,nDCG@10,0.0
q63495,R@100,0.0
q63496,nDCG@10,0.0
q63496,R@100,0.0
q63497,nDCG@10,0.0
q63497,R@100,1.0
q63498,nDCG@10,0.0
q63498,R@100,0.0
q63499,nDCG@10,0.0
q63499,R@100,0.0
q63500,nDCG@10,0.0
q63500,R@100,0.0
q63501,nDCG@10,0.0
q63501,R@100,0.0
q63502,nDCG@10,0.5
q63502,R@100,1.0
q63503,nDCG@10,0.0
q63503,R@100,0.0
q63504,nDCG@10,0.0
q63504,R@100,1.0
q63505,nDCG@10,1.0
q63505,R@100,1.0
q63506,nDCG@10,0.0
q63506,R@100,1.0
q63507,nDCG@10,0.0
q63507,R@100,1.0
q63508,nDCG@10,1.0
q63508,R@100,1.0
q63509,nDCG@10,0.0
q63509,R@100,1.0
q63510,nDCG@10,1.0
q63510,R@100,1.0
q63511,nDCG@10,1.0
q63511,R@100,1.0
q63512,nDCG@10,1.0
q63512,R@100,1.0
q63513,nDCG@10,1.0
q63513,R@100,1.0
q63514,nDCG@10,1.0
q63514,R@100,1.0
q63515,nDCG@10,0.0
q63515,R@100,0.0
q63516,nDCG@10,0.0
q63516,R@100,0.0
q63517,nDCG@10,0.0
q63517,R@100,0.0
q63518,nDCG@10,1.0
q63518,R@100,1.0
q63519,nDCG@10,1.0
q63519,R@100,1.0
q63520,nDCG@10,0.6309297535714575
q63520,R@100,1.0
q63521,nDCG@10,1.0
q63521,R@100,1.0
q63522,nDCG@10,0.0
q63522,R@100,1.0
q63523,nDCG@10,0.0
q63523,R@100,1.0
q63524,nDCG@10,0.0
q63524,R@100,1.0
q63525,nDCG@10,0.0
q63525,R@100,0.0
q63526,nDCG@10,0.0
q63526,R@100,1.0
q63527,nDCG@10,1.0
q63527,R@100,1.0
q63528,nDCG@10,0.6309297535714575
q63528,R@100,1.0
q63529,nDCG@10,1.0
q63529,R@100,1.0
q63530,nDCG@10,0.0
q63530,R@100,0.0
q63531,nDCG@10,0.0
q63531,R@100,0.0
q63532,nDCG@10,1.0
q63532,R@100,1.0
q63533,nDCG@10,1.0
q63533,R@100,1.0
q63534,nDCG@10,0.0
q63534,R@100,0.0
q63535,nDCG@10,0.0
q63535,R@100,0.0
q63536,nDCG@10,1.0
q63536,R@100,1.0
q63537,nDCG@10,0.0
q63537,R@100,0.0
q63538,nDCG@10,0.0
q63538,R@100,0.0
q63539,nDCG@10,0.0
q63539,R@100,0.0
q63540,nDCG@10,0.0
q63540,R@100,0.0
q63541,nDCG@10,0.0
q63541,R@100,1.0
q63542,nDCG@10,0.3333333333333333
q63542,R@100,1.0
q63543,nDCG@10,0.0
q63543,R@100,1.0
q63544,nDCG@10,0.0
q63544,R@100,0.0
q63545,nDCG@10,0.0
q63545,R@100,0.0
q63546,nDCG@10,0.0
q63546,R@100,0.0
q63547,nDCG@10,0.2890648263178879
q63547,R@100,1.0
q63548,nDCG@10,0.0
q63548,R@100,0.0
q63549,nDCG@10,0.0
q63549,R@100,0.0
q63550,nDCG@10,0.0
q63550,R@100,0.0
q63551,nDCG@10,0.0
q63551,R@100,1.0
q63552,nDCG@10,0.0
q63552,R@100,1.0
q63553,nDCG@10,0.0
q63553,R@100,0.0
q63554,nDCG@10,0.0
q63554,R@100,1.0
q63555,nDCG@10,0.0
q63555,R@100,1.0
q63556,nDCG@10,0.0
q63556,R@100,1.0
q63557,nDCG@10,1.0
q63557,R@100,1.0
q63558,nDCG@10,0.0
q63558,R@100,1.0
q63559,nDCG@10,1.0
q63559,R@100,1.0
q63560,nDCG@10,0.5
q63560,R@100,1.0
q63561,nDCG@10,1.0
q63561,R@100,1.0
q63562,nDCG@10,1.0
q63562,R@100,1.0
q63563,nDCG@10,1.0
q63563,R@100,1.0
q63564,nDCG@10,1.0
q63564,R@100,1.0
q63565,nDCG@10,1.0
q63565,R@100,1.0
q63566,nDCG@10,0.43067655807339306
q63566,R@100,1.0
q63567,nDCG@10,0.5
q63567,R@100,1.0
q63568,nDCG@10,1.0
q63568,R@100,1.0
q63569,nDCG@10,1.0
q63569,R@100,1.0
q63570,nDCG@10,0.43067655807339306
q63570,R@100,1.0
q63571,nDCG@10,1.0
q63571,R@100,1.0
q63572,nDCG@10,1.0
q63572,R@100,1.0
q63573,nDCG@10,1.0
q63573,R@100,1.0
q63574,nDCG@10,1.0
q63574,R@100,1.0
q63575,nDCG@10,1.0
q63575,R@100,1.0
q63576,nDCG@10,1.0
q63576,R@100,1.0
q63577,nDCG@10,0.3010299956639812
q63577,R@100,1.0
q63578,nDCG@10,1.0
q63578,R@100,1.0
q63579,nDCG@10,1.0
q63579,R@100,1.0
q63580,nDCG@10,0.43067655807339306
q63580,R@100,1.0
q63581,nDCG@10,0.6309297535714575
q63581,R@100,1.0
q63582,nDCG@10,0.6309297535714575
q63582,R@100,1.0
q63583,nDCG@10,0.6309297535714575
q63583,R@100,1.0
q63584,nDCG@10,1.0
q63584,R@100,1.0
q63585,nDCG@10,0.6309297535714575
q63585,R@100,1.0
q63586,nDCG@10,1.0
q63586,R@100,1.0
q63587,nDCG@10,0.2890648263178879
q63587,R@100,1.0
q63588,nDCG@10,0.3010299956639812
q63588,R@100,1.0
q63589,nDCG@10,0.5
q63589,R@100,1.0
q63590,nDCG@10,1.0
q63590,R@100,1.0
q63591,nDCG@10,0.3010299956639812
q63591,R@100,1.0
q63592,nDCG@10,0.6309297535714575
q63592,R@100,1.0
q63593,nDCG@10,1.0
q63593,R@100,1.0
q63594,nDCG@10,0.43067655807339306
q63594,R@100,1.0
q63595,nDCG@10,0.0
q63595,R@100,0.0
q63596,nDCG@10,0.0
q63596,R@100,0.0
q63597,nDCG@10,0.0
q63597,R@100,0.0
q63598,nDCG@10,0.0
q63598,R@100,1.0
q63599,nDCG@10,1.0
q63599,R@100,1.0
q63600,nDCG@10,0.0
q63600,R@100,0.0
q63601,nDCG@10,1.0
q63601,R@100,1.0
q63602,nDCG@10,1.0
q63602,R@100,1.0
q63603,nDCG@10,1.0
q63603,R@100,1.0
q63604,nDCG@10,1.0
q63604,R@100,1.0
q63605,nDCG@10,0.6309297535714575
q63605,R@100,1.0
q63606,nDCG@10,1.0
q63606,R@100,1.0
q63607,nDCG@10,1.0
q63607,R@100,1.0
q63608,nDCG@10,1.0
q63608,R@100,1.0
q63609,nDCG@10,1.0
q63609,R@100,1.0
q63610,nDCG@10,1.0
q63610,R@100,1.0
q63611,nDCG@10,1.0
q63611,R@100,1.0
q63612,nDCG@10,1.0
q63612,R@100,1.0
q63613,nDCG@10,0.0
q63613,R@100,0.0
q63614,nDCG@10,0.38685280723454163
q63614,R@100,1.0
q63615,nDCG@10,1.0
q63615,R@100,1.0
q63616,nDCG@10,1.0
q63616,R@100,1.0
q63617,nDCG@10,0.5
q63617,R@100,1.0
q63618,nDCG@10,0.0
q63618,R@100,1.0
q63619,nDCG@10,1.0
q63619,R@100,1.0
q63620,nDCG@10,0.0
q63620,R@100,0.0
q63621,nDCG@10,0.5
q63621,R@100,1.0
q63622,nDCG@10,0.0
q63622,R@100,0.0
q63623,nDCG@10,0.0
q63623,R@100,0.0
q63624,nDCG@10,0.5
q63624,R@100,1.0
q63625,nDCG@10,0.0
q63625,R@100,0.0
q63626,nDCG@10,0.3333333333333333
q63626,R@100,1.0
q63627,nDCG@10,1.0
q63627,R@100,1.0
q63628,nDCG@10,0.3562071871080222
q63628,R@100,1.0
q63629,nDCG@10,1.0
q63629,R@100,1.0
q63630,nDCG@10,0.0
q63630,R@100,0.0
q63631,nDCG@10,0.0
q63631,R@100,0.0
q63632,nDCG@10,1.0
q63632,R@100,1.0
q63633,nDCG@10,0.0
q63633,R@100,0.0
q63634,nDCG@10,0.0
q63634,R@100,0.0
q63635,nDCG@10,0.0
q63635,R@100,0.0
q63636,nDCG@10,0.0
q63636,R@100,0.0
q63637,nDCG@10,0.6309297535714575
q63637,R@100,1.0
q63638,nDCG@10,1.0
q63638,R@100,1.0
q63639,nDCG@10,0.6309297535714575
q63639,R@100,1.0
q63640,nDCG@10,1.0
q63640,R@100,1.0
q63641,nDCG@10,0.0
q63641,R@100,0.0
q63642,nDCG@10,0.0
q63642,R@100,0.0
q63643,nDCG@10,0.0
q63643,R@100,0.0
q63644,nDCG@10,0.0
q63644,R@100,0.0
q63645,nDCG@10,0.0
q63645,R@100,1.0
q63646,nDCG@10,0.0
q63646,R@100,0.0
q63647,nDCG@10,0.0
q63647,R@100,0.0
q63648,nDCG@10,0.0
q63648,R@100,0.0
q63649,nDCG@10,1.0
q63649,R@100,1.0
q63650,nDCG@10,1.0
q63650,R@100,1.0
q63651,nDCG@10,0.43067655807339306
q63651,R@100,1.0
q63652,nDCG@10,0.0
q63652,R@100,0.0
q63653,nDCG@10,1.0
q63653,R@100,1.0
q63654,nDCG@10,1.0
q63654,R@100,1.0
q63655,nDCG@10,1.0
q63655,R@100,1.0
q63656,nDCG@10,1.0
q63656,R@100,1.0
q63657,nDCG@10,1.0
q63657,R@100,1.0
q63658,nDCG@10,0.0
q63658,R@100,0.0
q63659,nDCG@10,1.0
q63659,R@100,1.0
q63660,nDCG@10,0.0
q63660,R@100,1.0
q63661,nDCG@10,1.0
q63661,R@100,1.0
q63662,nDCG@10,0.0
q63662,R@100,0.0
q63663,nDCG@10,0.0
q63663,R@100,0.0
q63664,nDCG@10,0.0
q63664,R@100,0.0
q63665,nDCG@10,1.0
q63665,R@100,1.0
q63666,nDCG@10,0.0
q63666,R@100,1.0
q63667,nDCG@10,1.0
q63667,R@100,1.0
q63668,nDCG@10,0.31546487678572877
q63668,R@100,1.0
q63669,nDCG@10,0.6309297535714575
q63669,R@100,1.0
q63670,nDCG@10,1.0
q63670,R@100,1.0
q63671,nDCG@10,1.0
q63671,R@100,1.0
q63672,nDCG@10,0.6309297535714575
q63672,R@100,1.0
q63673,nDCG@10,1.0
q63673,R@100,1.0
q63674,nDCG@10,1.0
q63674,R@100,1.0
q63675,nDCG@10,0.6309297535714575
q63675,R@100,1.0
q63676,nDCG@10,0.5
q63676,R@100,1.0
q63677,nDCG@10,0.0
q63677,R@100,1.0
q63678,nDCG@10,0.0
q63678,R@100,0.0
q63679,nDCG@10,0.38685280723454163
q63679,R@100,1.0
q63680,nDCG@10,0.43067655807339306
q63680,R@100,1.0
q63681,nDCG@10,1.0
q63681,R@100,1.0
q63682,nDCG@10,1.0
q63682,R@100,1.0
q63683,nDCG@10,0.0
q63683,R@100,1.0
q63684,nDCG@10,0.0
q63684,R@100,0.0
q63685,nDCG@10,1.0
q63685,R@100,1.0
q63686,nDCG@10,1.0
q63686,R@100,1.0
q63687,nDCG@10,1.0
q63687,R@100,1.0
q63688,nDCG@10,0.0
q63688,R@100,0.0
q63689,nDCG@10,1.0
q63689,R@100,1.0
q63690,nDCG@10,0.6309297535714575
q63690,R@100,1.0
q63691,nDCG@10,1.0
q63691,R@100,1.0
q63692,nDCG@10,1.0
q63692,R@100,1.0
q63693,nDCG@10,1.0
q63693,R@100,1.0
q63694,nDCG@10,0.6309297535714575
q63694,R@100,1.0
q63695,nDCG@10,1.0
q63695,R@100,1.0
q63696,nDCG@10,0.0
q63696,R@100,0.0
q63697,nDCG@10,0.0
q63697,R@100,0.0
q63698,nDCG@10,0.0
q63698,R@100,1.0
q63699,nDCG@10,0.0
q63699,R@100,0.0
q63700,nDCG@10,0.0
q63700,R@100,1.0
q63701,nDCG@10,0.0
q63701,R@100,0.0
q63702,nDCG@10,0.0
q63702,R@100,1.0
q63703,nDCG@10,0.0
q63703,R@100,0.0
q63704,nDCG@10,0.0
q63704,R@100,0.0
q63705,nDCG@10,0.0
q63705,R@100,0.0
q63706,nDCG@10,0.0
q63706,R@100,0.0
q63707,nDCG@10,0.0
q63707,R@100,0.0
q63708,nDCG@10,0.0
q63708,R@100,0.0
q63709,nDCG@10,0.0
q63709,R@100,0.0
q63710,nDCG@10,1.0
q63710,R@100,1.0
q63711,nDCG@10,0.0
q63711,R@100,0.0
q63712,nDCG@10,0.0
q63712,R@100,1.0
q63713,nDCG@10,0.0
q63713,R@100,1.0
q63714,nDCG@10,1.0
q63714,R@100,1.0
q63715,nDCG@10,0.0
q63715,R@100,0.0
q63716,nDCG@10,0.0
q63716,R@100,0.0
q63717,nDCG@10,0.0
q63717,R@100,0.0
q63718,nDCG@10,0.0
q63718,R@100,0.0
q63719,nDCG@10,1.0
q63719,R@100,1.0
q63720,nDCG@10,0.43067655807339306
q63720,R@100,1.0
q63721,nDCG@10,0.0
q63721,R@100,0.0
q63722,nDCG@10,1.0
q63722,R@100,1.0
q63723,nDCG@10,0.0
q63723,R@100,1.0
q63724,nDCG@10,0.0
q63724,R@100,0.0
q63725,nDCG@10,0.0
q63725,R@100,0.0
q63726,nDCG@10,0.0
q63726,R@100,0.0
q63727,nDCG@10,0.0
q63727,R@100,0.0
q63728,nDCG@10,0.5
q63728,R@100,1.0
q63729,nDCG@10,0.0
q63729,R@100,0.0
q63730,nDCG@10,0.0
q63730,R@100,0.0
q63731,nDCG@10,0.0
q63731,R@100,0.0
q63732,nDCG@10,0.0
q63732,R@100,0.0
q63733,nDCG@10,0.0
q63733,R@100,0.0
q63734,nDCG@10,1.0
q63734,R@100,1.0
q63735,nDCG@10,0.0
q63735,R@100,0.0
q63736,nDCG@10,0.6309297535714575
q63736,R@100,1.0
q63737,nDCG@10,1.0
q63737,R@100,1.0
q63738,nDCG@10,0.0
q63738,R@100,1.0
q63739,nDCG@10,0.43067655807339306
q63739,R@100,1.0
q63740,nDCG@10,1.0
q63740,R@100,1.0
q63741,nDCG@10,1.0
q63741,R@100,1.0
q63742,nDCG@10,1.0
q63742,R@100,1.0
q63743,nDCG@10,0.31546487678572877
q63743,R@100,1.0
q63744,nDCG@10,0.3333333333333333
q63744,R@100,1.0
q63745,nDCG@10,0.0
q63745,R@100,0.0
q63746,nDCG@10,0.0
q63746,R@100,0.0
q63747,nDCG@10,0.0
q63747,R@100,0.0
q63748,nDCG@10,0.0
q63748,R@100,0.0
q63749,nDCG@10,0.0
q63749,R@100,0.0
q63750,nDCG@10,0.5
q63750,R@100,1.0
q63751,nDCG@10,1.0
q63751,R@100,1.0
q63752,nDCG@10,1.0
q63752,R@100,1.0
q63753,nDCG@10,0.0
q63753,R@100,1.0
q63754,nDCG@10,1.0
q63754,R@100,1.0
q63755,nDCG@10,0.6309297535714575
q63755,R@100,1.0
q63756,nDCG@10,0.6309297535714575
q63756,R@100,1.0
q63757,nDCG@10,1.0
q63757,R@100,1.0
q63758,nDCG@10,1.0
q63758,R@100,1.0
q63759,nDCG@10,0.6309297535714575
q63759,R@100,1.0
q63760,nDCG@10,0.0
q63760,R@100,0.0
q63761,nDCG@10,0.0
q63761,R@100,0.0
q63762,nDCG@10,0.0
q63762,R@100,0.0
q63763,nDCG@10,1.0
q63763,R@100,1.0
q63764,nDCG@10,0.0
q63764,R@100,0.0
q63765,nDCG@10,0.6309297535714575
q63765,R@100,1.0
q63766,nDCG@10,1.0
q63766,R@100,1.0
q63767,nDCG@10,1.0
q63767,R@100,1.0
q63768,nDCG@10,0.5
q63768,R@100,1.0
q63769,nDCG@10,0.0
q63769,R@100,0.0
q63770,nDCG@10,0.0
q63770,R@100,0.0
q63771,nDCG@10,0.0
q63771,R@100,0.0
q63772,nDCG@10,0.0
q63772,R@100,0.0
q63773,nDCG@10,0.0
q63773,R@100,0.0
q63774,nDCG@10,0.0
q63774,R@100,1.0
q63775,nDCG@10,0.0
q63775,R@100,0.0
q63776,nDCG@10,0.0
q63776,R@100,0.0
q63777,nDCG@10,0.0
q63777,R@100,0.0
q63778,nDCG@10,0.0
q63778,R@100,0.0
q63779,nDCG@10,0.0
q63779,R@100,0.0
q63780,nDCG@10,0.0
q63780,R@100,0.0
q63781,nDCG@10,0.3562071871080222
q63781,R@100,1.0
q63782,nDCG@10,0.0
q63782,R@100,0.0
q63783,nDCG@10,0.0
q63783,R@100,0.0
q63784,nDCG@10,0.3333333333333333
q63784,R@100,1.0
q63785,nDCG@10,0.0
q63785,R@100,0.0
q63786,nDCG@10,1.0
q63786,R@100,1.0
q63787,nDCG@10,0.0
q63787,R@100,0.0
q63788,nDCG@10,0.0
q63788,R@100,0.0
q63789,nDCG@10,0.0
q63789,R@100,0.0
q63790,nDCG@10,0.0
q63790,R@100,0.0
q63791,nDCG@10,0.6309297535714575
q63791,R@100,1.0
q63792,nDCG@10,0.0
q63792,R@100,0.0
q63793,nDCG@10,0.0
q63793,R@100,0.0
q63794,nDCG@10,0.0
q63794,R@100,0.0
q63795,nDCG@10,0.0
q63795,R@100,1.0
q63796,nDCG@10,0.0
q63796,R@100,0.0
q63797,nDCG@10,1.0
q63797,R@100,1.0
q63798,nDCG@10,0.0
q63798,R@100,0.0
q63799,nDCG@10,0.0
q63799,R@100,0.0
q63800,nDCG@10,0.5
q63800,R@100,1.0
q63801,nDCG@10,0.31546487678572877
q63801,R@100,1.0
q63802,nDCG@10,0.0
q63802,R@100,0.0
q63803,nDCG@10,0.0
q63803,R@100,0.0
q63804,nDCG@10,0.0
q63804,R@100,0.0
q63805,nDCG@10,0.0
q63805,R@100,1.0
q63806,nDCG@10,1.0
q63806,R@100,1.0
q63807,nDCG@10,0.3010299956639812
q63807,R@100,1.0
q63808,nDCG@10,0.0
q63808,R@100,0.0
q63809,nDCG@10,0.0
q63809,R@100,0.0
q63810,nDCG@10,0.0
q63810,R@100,0.0
q63811,nDCG@10,0.0
q63811,R@100,0.0
q63812,nDCG@10,0.0
q63812,R@100,0.0
q63813,nDCG@10,0.3333333333333333
q63813,R@100,1.0
q63814,nDCG@10,0.6309297535714575
q63814,R@100,1.0
q63815,nDCG@10,0.0
q63815,R@100,0.0
q63816,nDCG@10,0.0
q63816,R@100,0.0
q63817,nDCG@10,0.6309297535714575
q63817,R@100,1.0
q63818,nDCG@10,1.0
q63818,R@100,1.0
q63819,nDCG@10,0.3010299956639812
q63819,R@100,1.0
q63820,nDCG@10,0.2890648263178879
q63820,R@100,1.0
q63821,nDCG@10,0.3562071871080222
q63821,R@100,1.0
q63822,nDCG@10,1.0
q63822,R@100,1.0
q63823,nDCG@10,0.6309297535714575
q63823,R@100,1.0
q63824,nDCG@10,0.43067655807339306
q63824,R@100,1.0
q63825,nDCG@10,0.6309297535714575
q63825,R@100,1.0
q63826,nDCG@10,0.38685280723454163
q63826,R@100,1.0
q63827,nDCG@10,1.0
q63827,R@100,1.0
q63828,nDCG@10,1.0
q63828,R@100,1.0
q63829,nDCG@10,1.0
q63829,R@100,1.0
q63830,nDCG@10,1.0
q63830,R@100,1.0
q63831,nDCG@10,1.0
q63831,R@100,1.0
q63832,nDCG@10,0.5
q63832,R@100,1.0
q63833,nDCG@10,0.5
q63833,R@100,1.0
q63834,nDCG@10,0.6309297535714575
q63834,R@100,1.0
q63835,nDCG@10,1.0
q63835,R@100,1.0
q63836,nDCG@10,1.0
q63836,R@100,1.0
q63837,nDCG@10,1.0
q63837,R@100,1.0
q63838,nDCG@10,0.6309297535714575
q63838,R@100,1.0
q63839,nDCG@10,0.0
q63839,R@100,0.0
q63840,nDCG@10,0.0
q63840,R@100,0.0
q63841,nDCG@10,0.3562071871080222
q63841,R@100,1.0
q63842,nDCG@10,0.0
q63842,R@100,1.0
q63843,nDCG@10,1.0
q63843,R@100,1.0
q63844,nDCG@10,0.0
q63844,R@100,0.0
q63845,nDCG@10,1.0
q63845,R@100,1.0
q63846,nDCG@10,0.2890648263178879
q63846,R@100,1.0
q63847,nDCG@10,1.0
q63847,R@100,1.0
q63848,nDCG@10,0.0
q63848,R@100,0.0
q63849,nDCG@10,0.0
q63849,R@100,0.0
q63850,nDCG@10,1.0
q63850,R@100,1.0
q63851,nDCG@10,1.0
q63851,R@100,1.0
q63852,nDCG@10,1.0
q63852,R@100,1.0
q63853,nDCG@10,0.0
q63853,R@100,1.0
q63854,nDCG@10,1.0
q63854,R@100,1.0
q63855,nDCG@10,1.0
q63855,R@100,1.0
q63856,nDCG@10,1.0
q63856,R@100,1.0
q63857,nDCG@10,0.5
q63857,R@100,1.0
q63858,nDCG@10,1.0
q63858,R@100,1.0
q63859,nDCG@10,1.0
q63859,R@100,1.0
q63860,nDCG@10,0.6309297535714575
q63860,R@100,1.0
q63861,nDCG@10,0.0
q63861,R@100,1.0
q63862,nDCG@10,0.0
q63862,R@100,0.0
q63863,nDCG@10,0.6309297535714575
q63863,R@100,1.0
q63864,nDCG@10,1.0
q63864,R@100,1.0
q63865,nDCG@10,0.0
q63865,R@100,0.0
q63866,nDCG@10,0.6309297535714575
q63866,R@100,1.0
q63867,nDCG@10,0.0
q63867,R@100,1.0
q63868,nDCG@10,1.0
q63868,R@100,1.0
q63869,nDCG@10,0.2890648263178879
q63869,R@100,1.0
q63870,nDCG@10,1.0
q63870,R@100,1.0
q63871,nDCG@10,1.0
q63871,R@100,1.0
q63872,nDCG@10,0.0
q63872,R@100,0.0
q63873,nDCG@10,1.0
q63873,R@100,1.0
q63874,nDCG@10,1.0
q63874,R@100,1.0
q63875,nDCG@10,1.0
q63875,R@100,1.0
q63876,nDCG@10,0.0
q63876,R@100,1.0
q63877,nDCG@10,0.0
q63877,R@100,0.0
q63878,nDCG@10,0.2890648263178879
q63878,R@100,1.0
q63879,nDCG@10,0.3333333333333333
q63879,R@100,1.0
q63880,nDCG@10,1.0
q63880,R@100,1.0
q63881,nDCG@10,0.0
q63881,R@100,0.0
q63882,nDCG@10,1.0
q63882,R@100,1.0
q63883,nDCG@10,1.0
q63883,R@100,1.0
q63884,nDCG@10,1.0
q63884,R@100,1.0
q63885,nDCG@10,0.5
q63885,R@100,1.0
q63886,nDCG@10,1.0
q63886,R@100,1.0
q63887,nDCG@10,0.0
q63887,R@100,0.0
q63888,nDCG@10,0.0
q63888,R@100,1.0
q63889,nDCG@10,0.6309297535714575
q63889,R@100,1.0
q63890,nDCG@10,0.0
q63890,R@100,0.0
q63891,nDCG@10,0.0
q63891,R@100,0.0
q63892,nDCG@10,0.0
q63892,R@100,0.0
q63893,nDCG@10,0.0
q63893,R@100,0.0
q63894,nDCG@10,0.0
q63894,R@100,0.0
q63895,nDCG@10,0.0
q63895,R@100,0.0
q63896,nDCG@10,0.5
q63896,R@100,1.0
q63897,nDCG@10,1.0
q63897,R@100,1.0
q63898,nDCG@10,0.0
q63898,R@100,0.0
q63899,nDCG@10,0.0
q63899,R@100,1.0
q63900,nDCG@10,0.0
q63900,R@100,0.0
q63901,nDCG@10,1.0
q63901,R@100,1.0
q63902,nDCG@10,0.0
q63902,R@100,0.0
q63903,nDCG@10,0.0
q63903,R@100,0.0
q63904,nDCG@10,0.0
q63904,R@100,0.0
q63905,nDCG@10,0.0
q63905,R@100,0.0
q63906,nDCG@10,0.0
q63906,R@100,0.0
q63907,nDCG@10,0.0
q63907,R@100,0.0
q63908,nDCG@10,0.0
q63908,R@100,0.0
q63909,nDCG@10,0.0
q63909,R@100,0.0
q63910,nDCG@10,0.3010299956639812
q63910,R@100,1.0
q63911,nDCG@10,0.0
q63911,R@100,0.0
q63912,nDCG@10,0.0
q63912,R@100,1.0
q63913,nDCG@10,0.0
q63913,R@100,0.0
q63914,nDCG@10,0.6309297535714575
q63914,R@100,1.0
q63915,nDCG@10,1.0
q63915,R@100,1.0
q63916,nDCG@10,0.38685280723454163
q63916,R@100,1.0
q63917,nDCG@10,0.0
q63917,R@100,1.0
q63918,nDCG@10,0.0
q63918,R@100,0.0
q63919,nDCG@10,0.0
q63919,R@100,0.0
q63920,nDCG@10,0.0
q63920,R@100,1.0
q63921,nDCG@10,0.0
q63921,R@100,0.0
q63922,nDCG@10,0.0
q63922,R@100,0.0
q63923,nDCG@10,0.0
q63923,R@100,0.0
q63924,nDCG@10,0.0
q63924,R@100,0.0
q63925,nDCG@10,0.0
q63925,R@100,0.0
q63926,nDCG@10,0.0
q63926,R@100,0.0
q63927,nDCG@10,1.0
q63927,R@100,1.0
q63928,nDCG@10,0.0
q63928,R@100,0.0
q63929,nDCG@10,0.0
q63929,R@100,0.0
q63930,nDCG@10,0.0
q63930,R@100,0.0
q63931,nDCG@10,1.0
q63931,R@100,1.0
q63932,nDCG@10,0.0
q63932,R@100,0.0
q63933,nDCG@10,0.0
q63933,R@100,0.0
q63934,nDCG@10,0.0
q63934,R@100,0.0
q63935,nDCG@10,0.0
q63935,R@100,0.0
q63936,nDCG@10,0.0
q63936,R@100,0.0
q63937,nDCG@10,0.0
q63937,R@100,0.0
q63938,nDCG@10,0.38685280723454163
q63938,R@100,1.0
q63939,nDCG@10,0.0
q63939,R@100,0.0
q63940,nDCG@10,0.0
q63940,R@100,0.0
q63941,nDCG@10,0.0
q63941,R@100,0.0
q63942,nDCG@10,0.0
q63942,R@100,1.0
q63943,nDCG@10,0.0
q63943,R@100,0.0
q63944,nDCG@10,0.0
q63944,R@100,0.0
q63945,nDCG@10,0.0
q63945,R@100,1.0
q63946,nDCG@10,0.0
q63946,R@100,0.0
q63947,nDCG@10,0.43067655807339306
q63947,R@100,1.0
q63948,nDCG@10,0.0
q63948,R@100,0.0
q63949,nDCG@10,0.0
q63949,R@100,0.0
q63950,nDCG@10,0.0
q63950,R@100,0.0
q63951,nDCG@10,0.0
q63951,R@100,0.0
q63952,nDCG@10,0.0
q63952,R@100,0.0
q63953,nDCG@10,0.0
q63953,R@100,1.0
q63954,nDCG@10,0.0
q63954,R@100,0.0
q63955,nDCG@10,0.0
q63955,R@100,0.0
q63956,nDCG@10,0.0
q63956,R@100,0.0
q63957,nDCG@10,0.0
q63957,R@100,0.0
q63958,nDCG@10,0.0
q63958,R@100,0.0
q63959,nDCG@10,0.0
q63959,R@100,1.0
q63960,nDCG@10,0.0
q63960,R@100,0.0
q63961,nDCG@10,0.0
q63961,R@100,0.0
q63962,nDCG@10,0.0
q63962,R@100,0.0
q63963,nDCG@10,0.0
q63963,R@100,0.0
q63964,nDCG@10,0.0
q63964,R@100,1.0
q63965,nDCG@10,1.0
q63965,R@100,1.0
q63966,nDCG@10,0.0
q63966,R@100,0.0
q63967,nDCG@10,0.0
q63967,R@100,0.0
q63968,nDCG@10,1.0
q63968,R@100,1.0
q63969,nDCG@10,1.0
q63969,R@100,1.0
q63970,nDCG@10,0.0
q63970,R@100,0.0
q63971,nDCG@10,0.0
q63971,R@100,0.0
q63972,nDCG@10,1.0
q63972,R@100,1.0
q63973,nDCG@10,0.0
q63973,R@100,0.0
q63974,nDCG@10,0.0
q63974,R@100,0.0
q63975,nDCG@10,0.0
q63975,R@100,0.0
q63976,nDCG@10,0.0
q63976,R@100,0.0
q63977,nDCG@10,0.0
q63977,R@100,0.0
q63978,nDCG@10,0.5
q63978,R@100,1.0
q63979,nDCG@10,1.0
q63979,R@100,1.0
q63980,nDCG@10,0.0
q63980,R@100,1.0
q63981,nDCG@10,0.0
q63981,R@100,0.0
q63982,nDCG@10,0.0
q63982,R@100,1.0
q63983,nDCG@10,0.0
q63983,R@100,0.0
q63984,nDCG@10,0.43067655807339306
q63984,R@100,1.0
q63985,nDCG@10,1.0
q63985,R@100,1.0
q63986,nDCG@10,0.0
q63986,R@100,0.0
q63987,nDCG@10,0.5
q63987,R@100,1.0
q63988,nDCG@10,0.5
q63988,R@100,1.0
q63989,nDCG@10,0.0
q63989,R@100,0.0
q63990,nDCG@10,0.0
q63990,R@100,0.0
q63991,nDCG@10,1.0
q63991,R@100,1.0
q63992,nDCG@10,0.0
q63992,R@100,0.0
q63993,nDCG@10,0.0
q63993,R@100,1.0
q63994,nDCG@10,0.0
q63994,R@100,1.0
q63995,nDCG@10,1.0
q63995,R@100,1.0
q63996,nDCG@10,0.3562071871080222
q63996,R@100,1.0
q63997,nDCG@10,1.0
q63997,R@100,1.0
q63998,nDCG@10,1.0
q63998,R@100,1.0
q63999,nDCG@10,0.0
q63999,R@100,0.0
q64000,nDCG@10,0.0
q64000,R@100,0.0
q64001,nDCG@10,1.0
q64001,R@100,1.0
q64002,nDCG@10,1.0
q64002,R@100,1.0
q64003,nDCG@10,0.0
q64003,R@100,0.0
q64004,nDCG@10,0.0
q64004,R@100,0.0
q64005,nDCG@10,1.0
q64005,R@100,1.0
q64006,nDCG@10,1.0
q64006,R@100,1.0
q64007,nDCG@10,0.0
q64007,R@100,1.0
q64008,nDCG@10,0.0
q64008,R@100,1.0
q64009,nDCG@10,0.6309297535714575
q64009,R@100,1.0
q64010,nDCG@10,0.6309297535714575
q64010,R@100,1.0
q64011,nDCG@10,0.43067655807339306
q64011,R@100,1.0
q64012,nDCG@10,0.0
q64012,R@100,0.0
q64013,nDCG@10,0.0
q64013,R@100,0.0
q64014,nDCG@10,1.0
q64014,R@100,1.0
q64015,nDCG@10,1.0
q64015,R@100,1.0
q64016,nDCG@10,0.0
q64016,R@100,0.0
q64017,nDCG@10,0.0
q64017,R@100,0.0
q64018,nDCG@10,0.0
q64018,R@100,1.0
q64019,nDCG@10,1.0
q64019,R@100,1.0
q64020,nDCG@10,0.38685280723454163
q64020,R@100,1.0
q64021,nDCG@10,1.0
q64021,R@100,1.0
q64022,nDCG@10,0.6309297535714575
q64022,R@100,1.0
q64023,nDCG@10,0.0
q64023,R@100,0.0
q64024,nDCG@10,0.0
q64024,R@100,0.0
q64025,nDCG@10,0.0
q64025,R@100,0.0
q64026,nDCG@10,0.0
q64026,R@100,0.0
q64027,nDCG@10,0.0
q64027,R@100,0.0
q64028,nDCG@10,1.0
q64028,R@100,1.0
q64029,nDCG@10,0.2890648263178879
q64029,R@100,1.0
q64030,nDCG@10,1.0
q64030,R@100,1.0
q64031,nDCG@10,1.0
q64031,R@100,1.0
q64032,nDCG@10,1.0
q64032,R@100,1.0
q64033,nDCG@10,1.0
q64033,R@100,1.0
q64034,nDCG@10,0.6309297535714575
q64034,R@100,1.0
q64035,nDCG@10,0.5
q64035,R@100,1.0
q64036,nDCG@10,0.6309297535714575
q64036,R@100,1.0
q64037,nDCG@10,1.0
q64037,R@100,1.0
q64038,nDCG@10,0.6309297535714575
q64038,R@100,1.0
q64039,nDCG@10,1.0
q64039,R@100,1.0
q64040,nDCG@10,1.0
q64040,R@100,1.0
q64041,nDCG@10,1.0
q64041,R@100,1.0
q64042,nDCG@10,1.0
q64042,R@100,1.0
q64043,nDCG@10,1.0
q64043,R@100,1.0
q64044,nDCG@10,1.0
q64044,R@100,1.0
q64045,nDCG@10,1.0
q64045,R@100,1.0
q64046,nDCG@10,0.6309297535714575
q64046,R@100,1.0
q64047,nDCG@10,1.0
q64047,R@100,1.0
q64048,nDCG@10,1.0
q64048,R@100,1.0
q64049,nDCG@10,1.0
q64049,R@100,1.0
q64050,nDCG@10,0.5
q64050,R@100,1.0
q64051,nDCG@10,1.0
q64051,R@100,1.0
q64052,nDCG@10,1.0
q64052,R@100,1.0
q64053,nDCG@10,1.0
q64053,R@100,1.0
q64054,nDCG@10,1.0
q64054,R@100,1.0
q64055,nDCG@10,0.43067655807339306
q64055,R@100,1.0
q64056,nDCG@10,1.0
q64056,R@100,1.0
q64057,nDCG@10,1.0
q64057,R@100,1.0
q64058,nDCG@10,1.0
q64058,R@100,1.0
q64059,nDCG@10,0.0
q64059,R@100,1.0
q64060,nDCG@10,1.0
q64060,R@100,1.0
q64061,nDCG@10,1.0
q64061,R@100,1.0
q64062,nDCG@10,1.0
q64062,R@100,1.0
q64063,nDCG@10,0.0
q64063,R@100,0.0
q64064,nDCG@10,0.0
q64064,R@100,0.0
q64065,nDCG@10,0.3333333333333333
q64065,R@100,1.0
q64066,nDCG@10,0.6309297535714575
q64066,R@100,1.0
q64067,nDCG@10,0.0
q64067,R@100,0.0
q64068,nDCG@10,0.0
q64068,R@100,0.0
q64069,nDCG@10,0.0
q64069,R@100,0.0
q64070,nDCG@10,0.0
q64070,R@100,1.0
q64071,nDCG@10,0.6309297535714575
q64071,R@100,1.0
q64072,nDCG@10,0.0
q64072,R@100,0.0
q64073,nDCG@10,0.0
q64073,R@100,0.0
q64074,nDCG@10,0.0
q64074,R@100,1.0
q64075,nDCG@10,0.43067655807339306
q64075,R@100,1.0
q64076,nDCG@10,0.0
q64076,R@100,0.0
q64077,nDCG@10,0.0
q64077,R@100,1.0
q64078,nDCG@10,0.0
q64078,R@100,0.0
q64079,nDCG@10,0.0
q64079,R@100,0.0
q64080,nDCG@10,0.0
q64080,R@100,0.0
q64081,nDCG@10,0.0
q64081,R@100,0.0
q64082,nDCG@10,0.6309297535714575
q64082,R@100,1.0
q64083,nDCG@10,1.0
q64083,R@100,1.0
q64084,nDCG@10,0.0
q64084,R@100,0.0
q64085,nDCG@10,0.0
q64085,R@100,1.0
q64086,nDCG@10,0.0
q64086,R@100,0.0
q64087,nDCG@10,0.6309297535714575
q64087,R@100,1.0
q64088,nDCG@10,0.0
q64088,R@100,1.0
q64089,nDCG@10,0.0
q64089,R@100,0.0
q64090,nDCG@10,0.0
q64090,R@100,0.0
q64091,nDCG@10,0.3010299956639812
q64091,R@100,1.0
q64092,nDCG@10,0.0
q64092,R@100,1.0
q64093,nDCG@10,0.2890648263178879
q64093,R@100,1.0
q64094,nDCG@10,1.0
q64094,R@100,1.0
q64095,nDCG@10,0.0
q64095,R@100,0.0
q64096,nDCG@10,0.0
q64096,R@100,0.0
q64097,nDCG@10,0.0
q64097,R@100,0.0
q64098,nDCG@10,0.0
q64098,R@100,0.0
q64099,nDCG@10,0.0
q64099,R@100,0.0
q64100,nDCG@10,0.0
q64100,R@100,0.0
q64101,nDCG@10,0.0
q64101,R@100,0.0
q64102,nDCG@10,0.0
q64102,R@100,0.0
q64103,nDCG@10,0.0
q64103,R@100,0.0
q64104,nDCG@10,0.0
q64104,R@100,0.0
q64105,nDCG@10,0.0
q64105,R@100,1.0
q64106,nDCG@10,0.0
q64106,R@100,0.0
q64107,nDCG@10,0.0
q64107,R@100,1.0
q64108,nDCG@10,0.0
q64108,R@100,0.0
q64109,nDCG@10,0.0
q64109,R@100,0.0
q64110,nDCG@10,0.0
q64110,R@100,0.0
q64111,nDCG@10,0.0
q64111,R@100,0.0
q64112,nDCG@10,0.43067655807339306
q64112,R@100,1.0
q64113,nDCG@10,0.0
q64113,R@100,0.0
q64114,nDCG@10,0.0
q64114,R@100,0.0
q64115,nDCG@10,0.0
q64115,R@100,0.0
q64116,nDCG@10,0.0
q64116,R@100,0.0
q64117,nDCG@10,0.0
q64117,R@100,1.0
q64118,nDCG@10,0.0
q64118,R@100,0.0
q64119,nDCG@10,0.0
q64119,R@100,0.0
q64120,nDCG@10,0.0
q64120,R@100,1.0
q64121,nDCG@10,0.0
q64121,R@100,0.0
q64122,nDCG@10,0.0
q64122,R@100,0.0
q64123,nDCG@10,0.0
q64123,R@100,1.0
q64124,nDCG@10,0.0
q64124,R@100,1.0
q64125,nDCG@10,1.0
q64125,R@100,1.0
q64126,nDCG@10,0.0
q64126,R@100,0.0
q64127,nDCG@10,1.0
q64127,R@100,1.0
q64128,nDCG@10,0.0
q64128,R@100,0.0
q64129,nDCG@10,0.0
q64129,R@100,0.0
q64130,nDCG@10,0.0
q64130,R@100,0.0
q64131,nDCG@10,0.0
q64131,R@100,0.0
q64132,nDCG@10,0.0
q64132,R@100,0.0
q64133,nDCG@10,0.0
q64133,R@100,0.0
q64134,nDCG@10,0.0
q64134,R@100,0.0
q64135,nDCG@10,0.0
q64135,R@100,0.0
q64136,nDCG@10,0.0
q64136,R@100,1.0
q64137,nDCG@10,1.0
q64137,R@100,1.0
q64138,nDCG@10,0.0
q64138,R@100,0.0
q64139,nDCG@10,0.0
q64139,R@100,1.0
q64140,nDCG@10,0.0
q64140,R@100,0.0
q64141,nDCG@10,1.0
q64141,R@100,1.0
q64142,nDCG@10,0.2890648263178879
q64142,R@100,1.0
q64143,nDCG@10,0.0
q64143,R@100,0.0
q64144,nDCG@10,0.43067655807339306
q64144,R@100,1.0
q64145,nDCG@10,0.0
q64145,R@100,0.0
q64146,nDCG@10,1.0
q64146,R@100,1.0
q64147,nDCG@10,0.3333333333333333
q64147,R@100,1.0
q64148,nDCG@10,0.0
q64148,R@100,1.0
q64149,nDCG@10,0.0
q64149,R@100,0.0
q64150,nDCG@10,0.43067655807339306
q64150,R@100,1.0
q64151,nDCG@10,0.0
q64151,R@100,1.0
q64152,nDCG@10,0.0
q64152,R@100,0.0
q64153,nDCG@10,0.0
q64153,R@100,0.0
q64154,nDCG@10,0.0
q64154,R@100,1.0
q64155,nDCG@10,1.0
q64155,R@100,1.0
q64156,nDCG@10,0.0
q64156,R@100,0.0
q64157,nDCG@10,1.0
q64157,R@100,1.0
q64158,nDCG@10,1.0
q64158,R@100,1.0
q64159,nDCG@10,0.3562071871080222
q64159,R@100,1.0
q64160,nDCG@10,0.0
q64160,R@100,0.0
q64161,nDCG@10,0.6309297535714575
q64161,R@100,1.0
q64162,nDCG@10,0.0
q64162,R@100,0.0
q64163,nDCG@10,1.0
q64163,R@100,1.0
q64164,nDCG@10,0.0
q64164,R@100,1.0
q64165,nDCG@10,0.0
q64165,R@100,0.0
q64166,nDCG@10,0.0
q64166,R@100,0.0
q64167,nDCG@10,0.0
q64167,R@100,0.0
q64168,nDCG@10,0.0
q64168,R@100,0.0
q64169,nDCG@10,1.0
q64169,R@100,1.0
q64170,nDCG@10,0.0
q64170,R@100,0.0
q64171,nDCG@10,0.43067655807339306
q64171,R@100,1.0
q64172,nDCG@10,0.0
q64172,R@100,1.0
q64173,nDCG@10,0.0
q64173,R@100,0.0
q64174,nDCG@10,0.6309297535714575
q64174,R@100,1.0
q64175,nDCG@10,0.6309297535714575
q64175,R@100,1.0
q64176,nDCG@10,0.0
q64176,R@100,1.0
q64177,nDCG@10,0.0
q64177,R@100,0.0
q64178,nDCG@10,1.0
q64178,R@100,1.0
q64179,nDCG@10,1.0
q64179,R@100,1.0
q64180,nDCG@10,0.0
q64180,R@100,1.0
q64181,nDCG@10,1.0
q64181,R@100,1.0
q64182,nDCG@10,1.0
q64182,R@100,1.0
q64183,nDCG@10,0.0
q64183,R@100,0.0
q64184,nDCG@10,0.0
q64184,R@100,1.0
q64185,nDCG@10,0.0
q64185,R@100,0.0
q64186,nDCG@10,0.0
q64186,R@100,0.0
q64187,nDCG@10,0.0
q64187,R@100,1.0
q64188,nDCG@10,0.0
q64188,R@100,0.0
q64189,nDCG@10,0.0
q64189,R@100,1.0
q64190,nDCG@10,0.0
q64190,R@100,1.0
q64191,nDCG@10,1.0
q64191,R@100,1.0
q64192,nDCG@10,0.6309297535714575
q64192,R@100,1.0
q64193,nDCG@10,0.0
q64193,R@100,0.0
q64194,nDCG@10,1.0
q64194,R@100,1.0
q64195,nDCG@10,0.0
q64195,R@100,1.0
q64196,nDCG@10,1.0
q64196,R@100,1.0
q64197,nDCG@10,0.0
q64197,R@100,0.0
q64198,nDCG@10,0.0
q64198,R@100,0.0
q64199,nDCG@10,0.0
q64199,R@100,0.0
q64200,nDCG@10,0.0
q64200,R@100,0.0
q64201,nDCG@10,0.0
q64201,R@100,0.0
q64202,nDCG@10,0.0
q64202,R@100,0.0
q64203,nDCG@10,0.0
q64203,R@100,0.0
q64204,nDCG@10,0.0
q64204,R@100,0.0
q64205,nDCG@10,1.0
q64205,R@100,1.0
q64206,nDCG@10,0.0
q64206,R@100,0.0
q64207,nDCG@10,1.0
q64207,R@100,1.0
q64208,nDCG@10,0.0
q64208,R@100,0.0
q64209,nDCG@10,0.0
q64209,R@100,0.0
q64210,nDCG@10,0.0
q64210,R@100,0.0
q64211,nDCG@10,0.0
q64211,R@100,0.0
q64212,nDCG@10,0.0
q64212,R@100,0.0
q64213,nDCG@10,0.0
q64213,R@100,0.0
q64214,nDCG@10,0.0
q64214,R@100,1.0
q64215,nDCG@10,0.0
q64215,R@100,0.0
q64216,nDCG@10,0.0
q64216,R@100,0.0
q64217,nDCG@10,0.0
q64217,R@100,0.0
q64218,nDCG@10,0.0
q64218,R@100,0.0
q64219,nDCG@10,0.0
q64219,R@100,0.0
q64220,nDCG@10,0.0
q64220,R@100,0.0
q64221,nDCG@10,0.6309297535714575
q64221,R@100,1.0
q64222,nDCG@10,0.3333333333333333
q64222,R@100,1.0
q64223,nDCG@10,0.3562071871080222
q64223,R@100,1.0
q64224,nDCG@10,0.0
q64224,R@100,0.0
q64225,nDCG@10,0.0
q64225,R@100,0.0
q64226,nDCG@10,0.0
q64226,R@100,0.0
q64227,nDCG@10,0.0
q64227,R@100,0.0
q64228,nDCG@10,0.0
q64228,R@100,0.0
q64229,nDCG@10,0.0
q64229,R@100,0.0
q64230,nDCG@10,0.0
q64230,R@100,0.0
q64231,nDCG@10,0.0
q64231,R@100,1.0
q64232,nDCG@10,0.6309297535714575
q64232,R@100,1.0
q64233,nDCG@10,0.0
q64233,R@100,0.0
q64234,nDCG@10,0.0
q64234,R@100,0.0
q64235,nDCG@10,0.0
q64235,R@100,0.0
q64236,nDCG@10,0.0
q64236,R@100,0.0
q64237,nDCG@10,0.0
q64237,R@100,0.0
q64238,nDCG@10,1.0
q64238,R@100,1.0
q64239,nDCG@10,1.0
q64239,R@100,1.0
q64240,nDCG@10,1.0
q64240,R@100,1.0
q64241,nDCG@10,1.0
q64241,R@100,1.0
q64242,nDCG@10,0.3010299956639812
q64242,R@100,1.0
q64243,nDCG@10,0.0
q64243,R@100,0.0
q64244,nDCG@10,0.0
q64244,R@100,0.0
q64245,nDCG@10,1.0
q64245,R@100,1.0
q64246,nDCG@10,0.0
q64246,R@100,1.0
q64247,nDCG@10,1.0
q64247,R@100,1.0
q64248,nDCG@10,1.0
q64248,R@100,1.0
q64249,nDCG@10,1.0
q64249,R@100,1.0
q64250,nDCG@10,0.0
q64250,R@100,1.0
q64251,nDCG@10,1.0
q64251,R@100,1.0
q64252,nDCG@10,1.0
q64252,R@100,1.0
q64253,nDCG@10,0.6309297535714575
q64253,R@100,1.0
q64254,nDCG@10,0.0
q64254,R@100,0.0
q64255,nDCG@10,1.0
q64255,R@100,1.0
q64256,nDCG@10,0.0
q64256,R@100,1.0
q64257,nDCG@10,0.0
q64257,R@100,1.0
q64258,nDCG@10,0.6309297535714575
q64258,R@100,1.0
q64259,nDCG@10,0.3562071871080222
q64259,R@100,1.0
q64260,nDCG@10,0.0
q64260,R@100,0.0
q64261,nDCG@10,1.0
q64261,R@100,1.0
q64262,nDCG@10,0.0
q64262,R@100,0.0
q64263,nDCG@10,0.5
q64263,R@100,1.0
q64264,nDCG@10,1.0
q64264,R@100,1.0
q64265,nDCG@10,0.0
q64265,R@100,0.0
q64266,nDCG@10,1.0
q64266,R@100,1.0
q64267,nDCG@10,0.0
q64267,R@100,1.0
q64268,nDCG@10,0.0
q64268,R@100,0.0
q64269,nDCG@10,1.0
q64269,R@100,1.0
q64270,nDCG@10,0.0
q64270,R@100,0.0
q64271,nDCG@10,0.3333333333333333
q64271,R@100,1.0
q64272,nDCG@10,0.0
q64272,R@100,1.0
q64273,nDCG@10,0.0
q64273,R@100,1.0
q64274,nDCG@10,0.0
q64274,R@100,1.0
q64275,nDCG@10,1.0
q64275,R@100,1.0
q64276,nDCG@10,0.0
q64276,R@100,0.0
q64277,nDCG@10,0.0
q64277,R@100,1.0
q64278,nDCG@10,1.0
q64278,R@100,1.0
q64279,nDCG@10,1.0
q64279,R@100,1.0
q64280,nDCG@10,1.0
q64280,R@100,1.0
q64281,nDCG@10,0.0
q64281,R@100,0.0
q64282,nDCG@10,0.0
q64282,R@100,0.0
q64283,nDCG@10,1.0
q64283,R@100,1.0
q64284,nDCG@10,0.0
q64284,R@100,1.0
q64285,nDCG@10,0.0
q64285,R@100,0.0
q64286,nDCG@10,0.0
q64286,R@100,0.0
q64287,nDCG@10,0.0
q64287,R@100,0.0
q64288,nDCG@10,0.43067655807339306
q64288,R@100,1.0
q64289,nDCG@10,0.0
q64289,R@100,0.0
q64290,nDCG@10,0.0
q64290,R@100,0.0
q64291,nDCG@10,0.0
q64291,R@100,0.0
q64292,nDCG@10,0.0
q64292,R@100,0.0
q64293,nDCG@10,0.0
q64293,R@100,0.0
q64294,nDCG@10,0.0
q64294,R@100,0.0
q64295,nDCG@10,1.0
q64295,R@100,1.0
q64296,nDCG@10,0.0
q64296,R@100,0.0
q64297,nDCG@10,0.0
q64297,R@100,0.0
q64298,nDCG@10,0.0
q64298,R@100,0.0
q64299,nDCG@10,0.43067655807339306
q64299,R@100,1.0
q64300,nDCG@10,1.0
q64300,R@100,1.0
q64301,nDCG@10,1.0
q64301,R@100,1.0
q64302,nDCG@10,0.6309297535714575
q64302,R@100,1.0
q64303,nDCG@10,0.5
q64303,R@100,1.0
q64304,nDCG@10,1.0
q64304,R@100,1.0
q64305,nDCG@10,0.0
q64305,R@100,0.0
q64306,nDCG@10,0.38685280723454163
q64306,R@100,1.0
q64307,nDCG@10,0.0
q64307,R@100,0.0
q64308,nDCG@10,1.0
q64308,R@100,1.0
q64309,nDCG@10,1.0
q64309,R@100,1.0
q64310,nDCG@10,1.0
q64310,R@100,1.0
q64311,nDCG@10,1.0
q64311,R@100,1.0
q64312,nDCG@10,0.5
q64312,R@100,1.0
q64313,nDCG@10,0.0
q64313,R@100,1.0
q64314,nDCG@10,0.0
q64314,R@100,0.0
q64315,nDCG@10,0.0
q64315,R@100,0.0
q64316,nDCG@10,1.0
q64316,R@100,1.0
q64317,nDCG@10,1.0
q64317,R@100,1.0
q64318,nDCG@10,0.0
q64318,R@100,0.0
q64319,nDCG@10,0.0
q64319,R@100,0.0
q64320,nDCG@10,0.0
q64320,R@100,1.0
q64321,nDCG@10,0.0
q64321,R@100,0.0
q64322,nDCG@10,0.0
q64322,R@100,1.0
q64323,nDCG@10,1.0
q64323,R@100,1.0
q64324,nDCG@10,0.6309297535714575
q64324,R@100,1.0
q64325,nDCG@10,1.0
q64325,R@100,1.0
q64326,nDCG@10,0.0
q64326,R@100,0.0
q64327,nDCG@10,0.0
q64327,R@100,0.0
q64328,nDCG@10,0.0
q64328,R@100,0.0
q64329,nDCG@10,0.3333333333333333
q64329,R@100,1.0
q64330,nDCG@10,0.0
q64330,R@100,0.0
q64331,nDCG@10,0.0
q64331,R@100,1.0
q64332,nDCG@10,0.3562071871080222
q64332,R@100,1.0
q64333,nDCG@10,0.0
q64333,R@100,1.0
q64334,nDCG@10,0.0
q64334,R@100,0.0
q64335,nDCG@10,0.6309297535714575
q64335,R@100,1.0
q64336,nDCG@10,0.6309297535714575
q64336,R@100,1.0
q64337,nDCG@10,0.0
q64337,R@100,0.0
q64338,nDCG@10,0.0
q64338,R@100,0.0
q64339,nDCG@10,1.0
q64339,R@100,1.0
q64340,nDCG@10,1.0
q64340,R@100,1.0
q64341,nDCG@10,1.0
q64341,R@100,1.0
q64342,nDCG@10,0.6309297535714575
q64342,R@100,1.0
q64343,nDCG@10,0.5
q64343,R@100,1.0
q64344,nDCG@10,0.0
q64344,R@100,0.0
q64345,nDCG@10,0.43067655807339306
q64345,R@100,1.0
q64346,nDCG@10,0.0
q64346,R@100,1.0
q64347,nDCG@10,1.0
q64347,R@100,1.0
q64348,nDCG@10,0.0
q64348,R@100,0.0
q64349,nDCG@10,0.6309297535714575
q64349,R@100,1.0
q64350,nDCG@10,0.0
q64350,R@100,0.0
q64351,nDCG@10,0.0
q64351,R@100,1.0
q64352,nDCG@10,0.0
q64352,R@100,1.0
q64353,nDCG@10,0.0
q64353,R@100,1.0
q64354,nDCG@10,0.0
q64354,R@100,1.0
q64355,nDCG@10,1.0
q64355,R@100,1.0
q64356,nDCG@10,0.0
q64356,R@100,0.0
q64357,nDCG@10,0.0
q64357,R@100,0.0
q64358,nDCG@10,0.0
q64358,R@100,0.0
q64359,nDCG@10,1.0
q64359,R@100,1.0
q64360,nDCG@10,0.0
q64360,R@100,1.0
q64361,nDCG@10,1.0
q64361,R@100,1.0
q64362,nDCG@10,0.3562071871080222
q64362,R@100,1.0
q64363,nDCG@10,0.0
q64363,R@100,1.0
q64364,nDCG@10,1.0
q64364,R@100,1.0
q64365,nDCG@10,0.0
q64365,R@100,0.0
q64366,nDCG@10,0.0
q64366,R@100,1.0
q64367,nDCG@10,0.0
q64367,R@100,1.0
q64368,nDCG@10,0.0
q64368,R@100,0.0
q64369,nDCG@10,0.0
q64369,R@100,0.0
q64370,nDCG@10,0.6309297535714575
q64370,R@100,1.0
q64371,nDCG@10,0.0
q64371,R@100,0.0
q64372,nDCG@10,0.0
q64372,R@100,1.0
q64373,nDCG@10,0.0
q64373,R@100,1.0
q64374,nDCG@10,0.0
q64374,R@100,0.0
q64375,nDCG@10,0.0
q64375,R@100,0.0
q64376,nDCG@10,0.0
q64376,R@100,1.0
q64377,nDCG@10,0.0
q64377,R@100,1.0
q64378,nDCG@10,1.0
q64378,R@100,1.0
q64379,nDCG@10,0.6309297535714575
q64379,R@100,1.0
q64380,nDCG@10,0.0
q64380,R@100,0.0
q64381,nDCG@10,0.0
q64381,R@100,1.0
q64382,nDCG@10,0.0
q64382,R@100,0.0
q64383,nDCG@10,0.0
q64383,R@100,0.0
q64384,nDCG@10,0.0
q64384,R@100,0.0
q64385,nDCG@10,0.0
q64385,R@100,0.0
q64386,nDCG@10,0.6309297535714575
q64386,R@100,1.0
q64387,nDCG@10,0.0
q64387,R@100,0.0
q64388,nDCG@10,0.0
q64388,R@100,1.0
q64389,nDCG@10,0.0
q64389,R@100,1.0
q64390,nDCG@10,1.0
q64390,R@100,1.0
q64391,nDCG@10,1.0
q64391,R@100,1.0
q64392,nDCG@10,1.0
q64392,R@100,1.0
q64393,nDCG@10,0.0
q64393,R@100,0.0
q64394,nDCG@10,0.0
q64394,R@100,0.0
q64395,nDCG@10,1.0
q64395,R@100,1.0
q64396,nDCG@10,1.0
q64396,R@100,1.0
q64397,nDCG@10,1.0
q64397,R@100,1.0
q64398,nDCG@10,0.0
q64398,R@100,0.0
q64399,nDCG@10,0.0
q64399,R@100,0.0
q64400,nDCG@10,1.0
q64400,R@100,1.0
q64401,nDCG@10,0.0
q64401,R@100,1.0
q64402,nDCG@10,1.0
q64402,R@100,1.0
q64403,nDCG@10,1.0
q64403,R@100,1.0
q64404,nDCG@10,1.0
q64404,R@100,1.0
q64405,nDCG@10,0.6309297535714575
q64405,R@100,1.0
q64406,nDCG@10,0.0
q64406,R@100,0.0
q64407,nDCG@10,0.0
q64407,R@100,0.0
q64408,nDCG@10,0.0
q64408,R@100,1.0
q64409,nDCG@10,0.0
q64409,R@100,0.0
q64410,nDCG@10,0.0
q64410,R@100,0.0
q64411,nDCG@10,0.0
q64411,R@100,0.0
q64412,nDCG@10,0.0
q64412,R@100,0.0
q64413,nDCG@10,0.0
q64413,R@100,1.0
q64414,nDCG@10,1.0
q64414,R@100,1.0
q64415,nDCG@10,0.5
q64415,R@100,1.0
q64416,nDCG@10,0.0
q64416,R@100,0.0
q64417,nDCG@10,0.0
q64417,R@100,0.0
q64418,nDCG@10,0.0
q64418,R@100,0.0
q64419,nDCG@10,1.0
q64419,R@100,1.0
q64420,nDCG@10,0.0
q64420,R@100,0.0
q64421,nDCG@10,0.0
q64421,R@100,0.0
q64422,nDCG@10,1.0
q64422,R@100,1.0
q64423,nDCG@10,1.0
q64423,R@100,1.0
q64424,nDCG@10,0.0
q64424,R@100,0.0
q64425,nDCG@10,0.0
q64425,R@100,0.0
q64426,nDCG@10,0.0
q64426,R@100,0.0
q64427,nDCG@10,0.0
q64427,R@100,0.0
q64428,nDCG@10,0.0
q64428,R@100,1.0
q64429,nDCG@10,0.0
q64429,R@100,0.0
q64430,nDCG@10,0.0
q64430,R@100,1.0
q64431,nDCG@10,0.0
q64431,R@100,0.0
q64432,nDCG@10,1.0
q64432,R@100,1.0
q64433,nDCG@10,0.0
q64433,R@100,0.0
q64434,nDCG@10,0.0
q64434,R@100,0.0
q64435,nDCG@10,1.0
q64435,R@100,1.0
q64436,nDCG@10,0.0
q64436,R@100,0.0
q64437,nDCG@10,0.2890648263178879
q64437,R@100,1.0
q64438,nDCG@10,1.0
q64438,R@100,1.0
q64439,nDCG@10,0.0
q64439,R@100,0.0
q64440,nDCG@10,1.0
q64440,R@100,1.0
q64441,nDCG@10,1.0
q64441,R@100,1.0
q64442,nDCG@10,1.0
q64442,R@100,1.0
q64443,nDCG@10,0.0
q64443,R@100,0.0
q64444,nDCG@10,0.0
q64444,R@100,0.0
q64445,nDCG@10,0.0
q64445,R@100,0.0
q64446,nDCG@10,0.6309297535714575
q64446,R@100,1.0
q64447,nDCG@10,1.0
q64447,R@100,1.0
q64448,nDCG@10,0.6309297535714575
q64448,R@100,1.0
q64449,nDCG@10,0.0
q64449,R@100,0.0
q64450,nDCG@10,1.0
q64450,R@100,1.0
q64451,nDCG@10,0.6309297535714575
q64451,R@100,1.0
q64452,nDCG@10,1.0
q64452,R@100,1.0
q64453,nDCG@10,0.0
q64453,R@100,0.0
q64454,nDCG@10,0.0
q64454,R@100,0.0
q64455,nDCG@10,0.0
q64455,R@100,0.0
q64456,nDCG@10,0.0
q64456,R@100,0.0
q64457,nDCG@10,0.0
q64457,R@100,0.0
q64458,nDCG@10,0.0
q64458,R@100,1.0
q64459,nDCG@10,0.0
q64459,R@100,0.0
q64460,nDCG@10,0.0
q64460,R@100,0.0
q64461,nDCG@10,0.0
q64461,R@100,0.0
q64462,nDCG@10,1.0
q64462,R@100,1.0
q64463,nDCG@10,0.0
q64463,R@100,0.0
q64464,nDCG@10,0.0
q64464,R@100,0.0
q64465,nDCG@10,0.0
q64465,R@100,0.0
q64466,nDCG@10,0.0
q64466,R@100,0.0
q64467,nDCG@10,0.0
q64467,R@100,0.0
q64468,nDCG@10,0.0
q64468,R@100,0.0
q64469,nDCG@10,1.0
q64469,R@100,1.0
q64470,nDCG@10,0.0
q64470,R@100,1.0
q64471,nDCG@10,0.0
q64471,R@100,0.0
q64472,nDCG@10,0.0
q64472,R@100,0.0
q64473,nDCG@10,0.0
q64473,R@100,0.0
q64474,nDCG@10,0.0
q64474,R@100,1.0
q64475,nDCG@10,0.0
q64475,R@100,0.0
q64476,nDCG@10,1.0
q64476,R@100,1.0
q64477,nDCG@10,0.0
q64477,R@100,1.0
q64478,nDCG@10,0.0
q64478,R@100,0.0
q64479,nDCG@10,0.0
q64479,R@100,0.0
q64480,nDCG@10,1.0
q64480,R@100,1.0
q64481,nDCG@10,1.0
q64481,R@100,1.0
q64482,nDCG@10,1.0
q64482,R@100,1.0
q64483,nDCG@10,0.43067655807339306
q64483,R@100,1.0
q64484,nDCG@10,0.0
q64484,R@100,1.0
q64485,nDCG@10,0.0
q64485,R@100,1.0
q64486,nDCG@10,0.0
q64486,R@100,1.0
q64487,nDCG@10,0.6309297535714575
q64487,R@100,1.0
q64488,nDCG@10,0.0
q64488,R@100,0.0
q64489,nDCG@10,0.0
q64489,R@100,0.0
q64490,nDCG@10,0.0
q64490,R@100,0.0
q64491,nDCG@10,1.0
q64491,R@100,1.0
q64492,nDCG@10,0.0
q64492,R@100,0.0
q64493,nDCG@10,0.0
q64493,R@100,1.0
q64494,nDCG@10,0.0
q64494,R@100,0.0
q64495,nDCG@10,0.0
q64495,R@100,0.0
q64496,nDCG@10,0.0
q64496,R@100,0.0
q64497,nDCG@10,0.0
q64497,R@100,0.0
q64498,nDCG@10,0.0
q64498,R@100,0.0
q64499,nDCG@10,0.0
q64499,R@100,0.0
q64500,nDCG@10,0.0
q64500,R@100,1.0
q64501,nDCG@10,0.0
q64501,R@100,0.0
q64502,nDCG@10,0.0
q64502,R@100,0.0
q64503,nDCG@10,0.0
q64503,R@100,0.0
q64504,nDCG@10,0.3562071871080222
q64504,R@100,1.0
q64505,nDCG@10,1.0
q64505,R@100,1.0
q64506,nDCG@10,1.0
q64506,R@100,1.0
q64507,nDCG@10,1.0
q64507,R@100,1.0
q64508,nDCG@10,1.0
q64508,R@100,1.0
q64509,nDCG@10,0.0
q64509,R@100,0.0
q64510,nDCG@10,0.0
q64510,R@100,0.0
q64511,nDCG@10,1.0
q64511,R@100,1.0
q64512,nDCG@10,1.0
q64512,R@100,1.0
q64513,nDCG@10,1.0
q64513,R@100,1.0
q64514,nDCG@10,0.0
q64514,R@100,0.0
q64515,nDCG@10,0.0
q64515,R@100,0.0
q64516,nDCG@10,0.0
q64516,R@100,0.0
q64517,nDCG@10,1.0
q64517,R@100,1.0
q64518,nDCG@10,1.0
q64518,R@100,1.0
q64519,nDCG@10,0.0
q64519,R@100,0.0
q64520,nDCG@10,0.0
q64520,R@100,0.0
q64521,nDCG@10,0.0
q64521,R@100,0.0
q64522,nDCG@10,0.0
q64522,R@100,0.0
q64523,nDCG@10,0.0
q64523,R@100,0.0
q64524,nDCG@10,0.0
q64524,R@100,0.0
q64525,nDCG@10,0.0
q64525,R@100,0.0
q64526,nDCG@10,0.0
q64526,R@100,0.0
q64527,nDCG@10,0.0
q64527,R@100,0.0
q64528,nDCG@10,0.0
q64528,R@100,0.0
q64529,nDCG@10,0.0
q64529,R@100,0.0
q64530,nDCG@10,1.0
q64530,R@100,1.0
q64531,nDCG@10,0.0
q64531,R@100,0.0
q64532,nDCG@10,1.0
q64532,R@100,1.0
q64533,nDCG@10,0.43067655807339306
q64533,R@100,1.0
q64534,nDCG@10,1.0
q64534,R@100,1.0
q64535,nDCG@10,0.0
q64535,R@100,1.0
q64536,nDCG@10,1.0
q64536,R@100,1.0
q64537,nDCG@10,0.0
q64537,R@100,1.0
q64538,nDCG@10,0.0
q64538,R@100,0.0
q64539,nDCG@10,0.0
q64539,R@100,0.0
q64540,nDCG@10,0.0
q64540,R@100,0.0
q64541,nDCG@10,0.0
q64541,R@100,1.0
q64542,nDCG@10,1.0
q64542,R@100,1.0
q64543,nDCG@10,1.0
q64543,R@100,1.0
q64544,nDCG@10,0.0
q64544,R@100,0.0
q64545,nDCG@10,1.0
q64545,R@100,1.0
q64546,nDCG@10,1.0
q64546,R@100,1.0
q64547,nDCG@10,1.0
q64547,R@100,1.0
q64548,nDCG@10,1.0
q64548,R@100,1.0
q64549,nDCG@10,1.0
q64549,R@100,1.0
q64550,nDCG@10,0.0
q64550,R@100,1.0
q64551,nDCG@10,0.0
q64551,R@100,1.0
q64552,nDCG@10,0.6309297535714575
q64552,R@100,1.0
q64553,nDCG@10,0.0
q64553,R@100,0.0
q64554,nDCG@10,0.6309297535714575
q64554,R@100,1.0
q64555,nDCG@10,0.0
q64555,R@100,0.0
q64556,nDCG@10,0.0
q64556,R@100,1.0
q64557,nDCG@10,0.38685280723454163
q64557,R@100,1.0
q64558,nDCG@10,0.0
q64558,R@100,0.0
q64559,nDCG@10,1.0
q64559,R@100,1.0
q64560,nDCG@10,1.0
q64560,R@100,1.0
q64561,nDCG@10,1.0
q64561,R@100,1.0
q64562,nDCG@10,0.0
q64562,R@100,1.0
q64563,nDCG@10,0.0
q64563,R@100,1.0
q64564,nDCG@10,0.0
q64564,R@100,1.0
q64565,nDCG@10,0.3010299956639812
q64565,R@100,1.0
q64566,nDCG@10,0.0
q64566,R@100,1.0
q64567,nDCG@10,0.6309297535714575
q64567,R@100,1.0
q64568,nDCG@10,1.0
q64568,R@100,1.0
q64569,nDCG@10,1.0
q64569,R@100,1.0
q64570,nDCG@10,1.0
q64570,R@100,1.0
q64571,nDCG@10,1.0
q64571,R@100,1.0
q64572,nDCG@10,1.0
q64572,R@100,1.0
q64573,nDCG@10,1.0
q64573,R@100,1.0
q64574,nDCG@10,0.0
q64574,R@100,0.0
q64575,nDCG@10,0.0
q64575,R@100,0.0
q64576,nDCG@10,0.43067655807339306
q64576,R@100,1.0
q64577,nDCG@10,0.0
q64577,R@100,0.0
q64578,nDCG@10,0.3333333333333333
q64578,R@100,1.0
q64579,nDCG@10,0.0
q64579,R@100,0.0
q64580,nDCG@10,0.0
q64580,R@100,0.0
q64581,nDCG@10,0.0
q64581,R@100,0.0
q64582,nDCG@10,0.0
q64582,R@100,0.0
q64583,nDCG@10,0.0
q64583,R@100,0.0
q64584,nDCG@10,0.0
q64584,R@100,0.0
q64585,nDCG@10,0.0
q64585,R@100,0.0
q64586,nDCG@10,1.0
q64586,R@100,1.0
q64587,nDCG@10,1.0
q64587,R@100,1.0
q64588,nDCG@10,0.0
q64588,R@100,0.0
q64589,nDCG@10,0.38685280723454163
q64589,R@100,1.0
q64590,nDCG@10,0.0
q64590,R@100,1.0
q64591,nDCG@10,0.0
q64591,R@100,1.0
q64592,nDCG@10,1.0
q64592,R@100,1.0
q64593,nDCG@10,0.6309297535714575
q64593,R@100,1.0
q64594,nDCG@10,0.0
q64594,R@100,0.0
q64595,nDCG@10,0.0
q64595,R@100,0.0
q64596,nDCG@10,0.0
q64596,R@100,0.0
q64597,nDCG@10,0.0
q64597,R@100,1.0
q64598,nDCG@10,0.0
q64598,R@100,0.0
q64599,nDCG@10,0.0
q64599,R@100,0.0
q64600,nDCG@10,0.3562071871080222
q64600,R@100,1.0
q64601,nDCG@10,0.0
q64601,R@100,0.0
q64602,nDCG@10,0.0
q64602,R@100,0.0
q64603,nDCG@10,1.0
q64603,R@100,1.0
q64604,nDCG@10,1.0
q64604,R@100,1.0
q64605,nDCG@10,0.43067655807339306
q64605,R@100,1.0
q64606,nDCG@10,0.3333333333333333
q64606,R@100,1.0
q64607,nDCG@10,0.0
q64607,R@100,1.0
q64608,nDCG@10,0.31546487678572877
q64608,R@100,1.0
q64609,nDCG@10,0.6309297535714575
q64609,R@100,1.0
q64610,nDCG@10,0.38685280723454163
q64610,R@100,1.0
q64611,nDCG@10,0.0
q64611,R@100,1.0
q64612,nDCG@10,0.0
q64612,R@100,1.0
q64613,nDCG@10,1.0
q64613,R@100,1.0
q64614,nDCG@10,0.0
q64614,R@100,0.0
q64615,nDCG@10,0.0
q64615,R@100,0.0
q64616,nDCG@10,0.38685280723454163
q64616,R@100,1.0
q64617,nDCG@10,0.0
q64617,R@100,0.0
q64618,nDCG@10,0.43067655807339306
q64618,R@100,1.0
q64619,nDCG@10,0.0
q64619,R@100,1.0
q64620,nDCG@10,0.38685280723454163
q64620,R@100,1.0
q64621,nDCG@10,0.5
q64621,R@100,1.0
q64622,nDCG@10,0.0
q64622,R@100,0.0
q64623,nDCG@10,0.0
q64623,R@100,0.0
q64624,nDCG@10,1.0
q64624,R@100,1.0
q64625,nDCG@10,0.0
q64625,R@100,0.0
q64626,nDCG@10,1.0
q64626,R@100,1.0
q64627,nDCG@10,0.0
q64627,R@100,0.0
q64628,nDCG@10,0.0
q64628,R@100,1.0
q64629,nDCG@10,1.0
q64629,R@100,1.0
q64630,nDCG@10,0.0
q64630,R@100,0.0
q64631,nDCG@10,0.0
q64631,R@100,0.0
q64632,nDCG@10,0.0
q64632,R@100,1.0
q64633,nDCG@10,1.0
q64633,R@100,1.0
q64634,nDCG@10,0.0
q64634,R@100,0.0
q64635,nDCG@10,0.0
q64635,R@100,1.0
q64636,nDCG@10,0.0
q64636,R@100,1.0
q64637,nDCG@10,1.0
q64637,R@100,1.0
q64638,nDCG@10,0.0
q64638,R@100,1.0
q64639,nDCG@10,0.0
q64639,R@100,0.0
q64640,nDCG@10,0.0
q64640,R@100,0.0
q64641,nDCG@10,0.0
q64641,R@100,0.0
q64642,nDCG@10,0.0
q64642,R@100,0.0
q64643,nDCG@10,0.0
q64643,R@100,1.0
q64644,nDCG@10,0.0
q64644,R@100,1.0
q64645,nDCG@10,0.6309297535714575
q64645,R@100,1.0
q64646,nDCG@10,0.0
q64646,R@100,0.0
q64647,nDCG@10,0.0
q64647,R@100,0.0
q64648,nDCG@10,1.0
q64648,R@100,1.0
q64649,nDCG@10,0.0
q64649,R@100,0.0
q64650,nDCG@10,0.0
q64650,R@100,0.0
q64651,nDCG@10,0.38685280723454163
q64651,R@100,1.0
q64652,nDCG@10,0.0
q64652,R@100,0.0
q64653,nDCG@10,1.0
q64653,R@100,1.0
q64654,nDCG@10,0.6309297535714575
q64654,R@100,1.0
q64655,nDCG@10,0.6309297535714575
q64655,R@100,1.0
q64656,nDCG@10,0.0
q64656,R@100,1.0
q64657,nDCG@10,0.0
q64657,R@100,0.0
q64658,nDCG@10,0.0
q64658,R@100,0.0
q64659,nDCG@10,0.2890648263178879
q64659,R@100,1.0
q64660,nDCG@10,0.5
q64660,R@100,1.0
q64661,nDCG@10,0.0
q64661,R@100,0.0
q64662,nDCG@10,1.0
q64662,R@100,1.0
q64663,nDCG@10,1.0
q64663,R@100,1.0
q64664,nDCG@10,0.5
q64664,R@100,1.0
q64665,nDCG@10,0.0
q64665,R@100,0.0
q64666,nDCG@10,1.0
q64666,R@100,1.0
q64667,nDCG@10,0.0
q64667,R@100,1.0
q64668,nDCG@10,0.6309297535714575
q64668,R@100,1.0
q64669,nDCG@10,1.0
q64669,R@100,1.0
q64670,nDCG@10,0.0
q64670,R@100,0.0
q64671,nDCG@10,0.0
q64671,R@100,1.0
q64672,nDCG@10,0.0
q64672,R@100,0.0
q64673,nDCG@10,0.0
q64673,R@100,1.0
q64674,nDCG@10,0.0
q64674,R@100,1.0
q64675,nDCG@10,1.0
q64675,R@100,1.0
q64676,nDCG@10,0.43067655807339306
q64676,R@100,1.0
q64677,nDCG@10,1.0
q64677,R@100,1.0
q64678,nDCG@10,0.0
q64678,R@100,0.0
q64679,nDCG@10,0.0
q64679,R@100,0.0
q64680,nDCG@10,0.0
q64680,R@100,1.0
q64681,nDCG@10,0.0
q64681,R@100,0.0
q64682,nDCG@10,0.0
q64682,R@100,0.0
q64683,nDCG@10,1.0
q64683,R@100,1.0
q64684,nDCG@10,0.0
q64684,R@100,0.0
q64685,nDCG@10,1.0
q64685,R@100,1.0
q64686,nDCG@10,1.0
q64686,R@100,1.0
q64687,nDCG@10,1.0
q64687,R@100,1.0
q64688,nDCG@10,0.6309297535714575
q64688,R@100,1.0
q64689,nDCG@10,1.0
q64689,R@100,1.0
q64690,nDCG@10,0.0
q64690,R@100,0.0
q64691,nDCG@10,0.0
q64691,R@100,1.0
q64692,nDCG@10,0.0
q64692,R@100,1.0
q64693,nDCG@10,0.0
q64693,R@100,1.0
q64694,nDCG@10,1.0
q64694,R@100,1.0
q64695,nDCG@10,0.0
q64695,R@100,1.0
q64696,nDCG@10,1.0
q64696,R@100,1.0
q64697,nDCG@10,0.0
q64697,R@100,0.0
q64698,nDCG@10,0.0
q64698,R@100,1.0
q64699,nDCG@10,0.0
q64699,R@100,1.0
q64700,nDCG@10,0.0
q64700,R@100,0.0
q64701,nDCG@10,0.38685280723454163
q64701,R@100,1.0
q64702,nDCG@10,0.38685280723454163
q64702,R@100,1.0
q64703,nDCG@10,0.0
q64703,R@100,0.0
q64704,nDCG@10,0.0
q64704,R@100,0.0
q64705,nDCG@10,0.0
q64705,R@100,0.0
q64706,nDCG@10,0.0
q64706,R@100,0.0
q64707,nDCG@10,0.0
q64707,R@100,0.0
q64708,nDCG@10,0.0
q64708,R@100,0.0
q64709,nDCG@10,1.0
q64709,R@100,1.0
q64710,nDCG@10,0.3562071871080222
q64710,R@100,1.0
q64711,nDCG@10,0.0
q64711,R@100,0.0
q64712,nDCG@10,1.0
q64712,R@100,1.0
q64713,nDCG@10,0.0
q64713,R@100,0.0
q64714,nDCG@10,0.0
q64714,R@100,0.0
q64715,nDCG@10,0.0
q64715,R@100,0.0
q64716,nDCG@10,1.0
q64716,R@100,1.0
q64717,nDCG@10,1.0
q64717,R@100,1.0
q64718,nDCG@10,0.0
q64718,R@100,0.0
q64719,nDCG@10,0.0
q64719,R@100,0.0
q64720,nDCG@10,0.0
q64720,R@100,0.0
q64721,nDCG@10,0.3010299956639812
q64721,R@100,1.0
q64722,nDCG@10,0.0
q64722,R@100,0.0
q64723,nDCG@10,0.0
q64723,R@100,0.0
q64724,nDCG@10,0.0
q64724,R@100,0.0
q64725,nDCG@10,0.0
q64725,R@100,0.0
q64726,nDCG@10,0.0
q64726,R@100,0.0
q64727,nDCG@10,0.0
q64727,R@100,0.0
q64728,nDCG@10,0.0
q64728,R@100,0.0
q64729,nDCG@10,0.0
q64729,R@100,0.0
q64730,nDCG@10,0.0
q64730,R@100,0.0
q64731,nDCG@10,0.43067655807339306
q64731,R@100,1.0
q64732,nDCG@10,0.0
q64732,R@100,0.0
q64733,nDCG@10,0.0
q64733,R@100,0.0
q64734,nDCG@10,0.43067655807339306
q64734,R@100,1.0
q64735,nDCG@10,0.0
q64735,R@100,0.0
q64736,nDCG@10,1.0
q64736,R@100,1.0
q64737,nDCG@10,0.0
q64737,R@100,1.0
q64738,nDCG@10,0.31546487678572877
q64738,R@100,1.0
q64739,nDCG@10,0.0
q64739,R@100,0.0
q64740,nDCG@10,0.0
q64740,R@100,0.0
q64741,nDCG@10,0.31546487678572877
q64741,R@100,1.0
q64742,nDCG@10,0.0
q64742,R@100,0.0
q64743,nDCG@10,0.0
q64743,R@100,0.0
q64744,nDCG@10,0.0
q64744,R@100,0.0
q64745,nDCG@10,0.5
q64745,R@100,1.0
q64746,nDCG@10,1.0
q64746,R@100,1.0
q64747,nDCG@10,0.0
q64747,R@100,1.0
q64748,nDCG@10,0.0
q64748,R@100,0.0
q64749,nDCG@10,0.6309297535714575
q64749,R@100,1.0
q64750,nDCG@10,0.0
q64750,R@100,0.0
q64751,nDCG@10,0.0
q64751,R@100,0.0
q64752,nDCG@10,0.0
q64752,R@100,0.0
q64753,nDCG@10,0.0
q64753,R@100,1.0
q64754,nDCG@10,0.43067655807339306
q64754,R@100,1.0
q64755,nDCG@10,0.0
q64755,R@100,1.0
q64756,nDCG@10,0.5
q64756,R@100,1.0
q64757,nDCG@10,0.0
q64757,R@100,0.0
q64758,nDCG@10,0.0
q64758,R@100,0.0
q64759,nDCG@10,0.0
q64759,R@100,0.0
q64760,nDCG@10,1.0
q64760,R@100,1.0
q64761,nDCG@10,0.43067655807339306
q64761,R@100,1.0
q64762,nDCG@10,0.38685280723454163
q64762,R@100,1.0
q64763,nDCG@10,0.0
q64763,R@100,0.0
q64764,nDCG@10,0.0
q64764,R@100,0.0
q64765,nDCG@10,0.0
q64765,R@100,0.0
q64766,nDCG@10,1.0
q64766,R@100,1.0
q64767,nDCG@10,0.0
q64767,R@100,0.0
q64768,nDCG@10,0.0
q64768,R@100,0.0
q64769,nDCG@10,0.43067655807339306
q64769,R@100,1.0
q64770,nDCG@10,0.0
q64770,R@100,0.0
q64771,nDCG@10,0.0
q64771,R@100,1.0
q64772,nDCG@10,0.0
q64772,R@100,0.0
q64773,nDCG@10,1.0
q64773,R@100,1.0
q64774,nDCG@10,1.0
q64774,R@100,1.0
q64775,nDCG@10,1.0
q64775,R@100,1.0
q64776,nDCG@10,1.0
q64776,R@100,1.0
q64777,nDCG@10,1.0
q64777,R@100,1.0
q64778,nDCG@10,0.6309297535714575
q64778,R@100,1.0
q64779,nDCG@10,0.0
q64779,R@100,1.0
q64780,nDCG@10,0.0
q64780,R@100,0.0
q64781,nDCG@10,0.0
q64781,R@100,1.0
q64782,nDCG@10,1.0
q64782,R@100,1.0
q64783,nDCG@10,0.0
q64783,R@100,0.0
q64784,nDCG@10,0.6309297535714575
q64784,R@100,1.0
q64785,nDCG@10,0.6309297535714575
q64785,R@100,1.0
q64786,nDCG@10,0.0
q64786,R@100,0.0
q64787,nDCG@10,0.0
q64787,R@100,0.0
q64788,nDCG@10,0.5
q64788,R@100,1.0
q64789,nDCG@10,0.0
q64789,R@100,0.0
q64790,nDCG@10,0.0
q64790,R@100,0.0
q64791,nDCG@10,0.0
q64791,R@100,0.0
q64792,nDCG@10,0.0
q64792,R@100,0.0
q64793,nDCG@10,0.0
q64793,R@100,0.0
q64794,nDCG@10,1.0
q64794,R@100,1.0
q64795,nDCG@10,0.0
q64795,R@100,0.0
q64796,nDCG@10,0.0
q64796,R@100,1.0
q64797,nDCG@10,0.3562071871080222
q64797,R@100,1.0
q64798,nDCG@10,0.0
q64798,R@100,0.0
q64799,nDCG@10,0.0
q64799,R@100,0.0
q64800,nDCG@10,0.0
q64800,R@100,0.0
q64801,nDCG@10,0.0
q64801,R@100,0.0
q64802,nDCG@10,0.0
q64802,R@100,0.0
q64803,nDCG@10,0.0
q64803,R@100,1.0
q64804,nDCG@10,1.0
q64804,R@100,1.0
q64805,nDCG@10,0.0
q64805,R@100,0.0
q64806,nDCG@10,1.0
q64806,R@100,1.0
q64807,nDCG@10,1.0
q64807,R@100,1.0
q64808,nDCG@10,0.38685280723454163
q64808,R@100,1.0
q64809,nDCG@10,0.0
q64809,R@100,0.0
q64810,nDCG@10,0.3010299956639812
q64810,R@100,1.0
q64811,nDCG@10,0.0
q64811,R@100,1.0
q64812,nDCG@10,0.0
q64812,R@100,0.0
q64813,nDCG@10,0.0
q64813,R@100,0.0
q64814,nDCG@10,1.0
q64814,R@100,1.0
q64815,nDCG@10,0.6309297535714575
q64815,R@100,1.0
q64816,nDCG@10,0.0
q64816,R@100,0.0
q64817,nDCG@10,0.0
q64817,R@100,0.0
q64818,nDCG@10,0.0
q64818,R@100,0.0
q64819,nDCG@10,0.0
q64819,R@100,0.0
q64820,nDCG@10,0.0
q64820,R@100,1.0
q64821,nDCG@10,0.0
q64821,R@100,0.0
q64822,nDCG@10,0.0
q64822,R@100,1.0
q64823,nDCG@10,1.0
q64823,R@100,1.0
q64824,nDCG@10,1.0
q64824,R@100,1.0
q64825,nDCG@10,1.0
q64825,R@100,1.0
q64826,nDCG@10,0.0
q64826,R@100,1.0
q64827,nDCG@10,1.0
q64827,R@100,1.0
q64828,nDCG@10,1.0
q64828,R@100,1.0
q64829,nDCG@10,0.43067655807339306
q64829,R@100,1.0
q64830,nDCG@10,1.0
q64830,R@100,1.0
q64831,nDCG@10,0.0
q64831,R@100,0.0
q64832,nDCG@10,0.0
q64832,R@100,0.0
q64833,nDCG@10,0.0
q64833,R@100,0.0
q64834,nDCG@10,0.0
q64834,R@100,0.0
q64835,nDCG@10,0.0
q64835,R@100,0.0
q64836,nDCG@10,0.0
q64836,R@100,0.0
q64837,nDCG@10,0.0
q64837,R@100,0.0
q64838,nDCG@10,1.0
q64838,R@100,1.0
q64839,nDCG@10,0.0
q64839,R@100,1.0
q64840,nDCG@10,1.0
q64840,R@100,1.0
q64841,nDCG@10,0.38685280723454163
q64841,R@100,1.0
q64842,nDCG@10,0.2890648263178879
q64842,R@100,1.0
q64843,nDCG@10,0.0
q64843,R@100,1.0
q64844,nDCG@10,0.0
q64844,R@100,0.0
q64845,nDCG@10,0.0
q64845,R@100,0.0
q64846,nDCG@10,0.6309297535714575
q64846,R@100,1.0
q64847,nDCG@10,1.0
q64847,R@100,1.0
q64848,nDCG@10,0.0
q64848,R@100,1.0
q64849,nDCG@10,0.0
q64849,R@100,0.0
q64850,nDCG@10,0.0
q64850,R@100,1.0
q64851,nDCG@10,0.5
q64851,R@100,1.0
q64852,nDCG@10,1.0
q64852,R@100,1.0
q64853,nDCG@10,0.0
q64853,R@100,0.0
q64854,nDCG@10,0.0
q64854,R@100,0.0
q64855,nDCG@10,0.0
q64855,R@100,0.0
q64856,nDCG@10,1.0
q64856,R@100,1.0
q64857,nDCG@10,0.0
q64857,R@100,0.0
q64858,nDCG@10,0.0
q64858,R@100,0.0
q64859,nDCG@10,0.0
q64859,R@100,1.0
q64860,nDCG@10,0.0
q64860,R@100,0.0
q64861,nDCG@10,0.0
q64861,R@100,0.0
q64862,nDCG@10,0.0
q64862,R@100,0.0
q64863,nDCG@10,0.0
q64863,R@100,0.0
q64864,nDCG@10,0.38685280723454163
q64864,R@100,1.0
q64865,nDCG@10,0.0
q64865,R@100,0.0
q64866,nDCG@10,0.0
q64866,R@100,1.0
q64867,nDCG@10,1.0
q64867,R@100,1.0
q64868,nDCG@10,0.2890648263178879
q64868,R@100,1.0
q64869,nDCG@10,0.0
q64869,R@100,0.0
q64870,nDCG@10,0.0
q64870,R@100,0.0
q64871,nDCG@10,0.0
q64871,R@100,0.0
q64872,nDCG@10,0.3333333333333333
q64872,R@100,1.0
q64873,nDCG@10,0.0
q64873,R@100,0.0
q64874,nDCG@10,0.0
q64874,R@100,0.0
q64875,nDCG@10,0.0
q64875,R@100,0.0
q64876,nDCG@10,0.0
q64876,R@100,0.0
q64877,nDCG@10,0.0
q64877,R@100,0.0
q64878,nDCG@10,0.0
q64878,R@100,0.0
q64879,nDCG@10,1.0
q64879,R@100,1.0
q64880,nDCG@10,0.0
q64880,R@100,1.0
q64881,nDCG@10,0.0
q64881,R@100,1.0
q64882,nDCG@10,0.0
q64882,R@100,1.0
q64883,nDCG@10,0.0
q64883,R@100,1.0
q64884,nDCG@10,1.0
q64884,R@100,1.0
q64885,nDCG@10,0.3333333333333333
q64885,R@100,1.0
q64886,nDCG@10,0.3010299956639812
q64886,R@100,1.0
q64887,nDCG@10,0.0
q64887,R@100,1.0
q64888,nDCG@10,1.0
q64888,R@100,1.0
q64889,nDCG@10,0.0
q64889,R@100,0.0
q64890,nDCG@10,0.0
q64890,R@100,1.0
q64891,nDCG@10,0.0
q64891,R@100,1.0
q64892,nDCG@10,0.0
q64892,R@100,0.0
q64893,nDCG@10,1.0
q64893,R@100,1.0
q64894,nDCG@10,0.0
q64894,R@100,0.0
q64895,nDCG@10,1.0
q64895,R@100,1.0
q64896,nDCG@10,0.0
q64896,R@100,0.0
q64897,nDCG@10,0.0
q64897,R@100,0.0
q64898,nDCG@10,1.0
q64898,R@100,1.0
q64899,nDCG@10,0.6309297535714575
q64899,R@100,1.0
q64900,nDCG@10,0.5
q64900,R@100,1.0
q64901,nDCG@10,0.6309297535714575
q64901,R@100,1.0
q64902,nDCG@10,1.0
q64902,R@100,1.0
q64903,nDCG@10,0.0
q64903,R@100,0.0
q64904,nDCG@10,0.0
q64904,R@100,0.0
q64905,nDCG@10,0.0
q64905,R@100,1.0
q64906,nDCG@10,0.0
q64906,R@100,0.0
q64907,nDCG@10,1.0
q64907,R@100,1.0
q64908,nDCG@10,1.0
q64908,R@100,1.0
q64909,nDCG@10,1.0
q64909,R@100,1.0
q64910,nDCG@10,1.0
q64910,R@100,1.0
q64911,nDCG@10,0.0
q64911,R@100,0.0
q64912,nDCG@10,1.0
q64912,R@100,1.0
q64913,nDCG@10,1.0
q64913,R@100,1.0
q64914,nDCG@10,1.0
q64914,R@100,1.0
q64915,nDCG@10,0.0
q64915,R@100,1.0
q64916,nDCG@10,0.0
q64916,R@100,0.0
q64917,nDCG@10,0.0
q64917,R@100,1.0
q64918,nDCG@10,0.0
q64918,R@100,0.0
q64919,nDCG@10,0.0
q64919,R@100,1.0
q64920,nDCG@10,0.0
q64920,R@100,1.0
q64921,nDCG@10,0.0
q64921,R@100,0.0
q64922,nDCG@10,0.0
q64922,R@100,0.0
q64923,nDCG@10,0.0
q64923,R@100,0.0
q64924,nDCG@10,0.0
q64924,R@100,0.0
q64925,nDCG@10,0.0
q64925,R@100,1.0
q64926,nDCG@10,0.0
q64926,R@100,0.0
q64927,nDCG@10,0.6309297535714575
q64927,R@100,1.0
q64928,nDCG@10,0.0
q64928,R@100,1.0
q64929,nDCG@10,1.0
q64929,R@100,1.0
q64930,nDCG@10,1.0
q64930,R@100,1.0
q64931,nDCG@10,1.0
q64931,R@100,1.0
q64932,nDCG@10,1.0
q64932,R@100,1.0
q64933,nDCG@10,1.0
q64933,R@100,1.0
q64934,nDCG@10,0.0
q64934,R@100,0.0
q64935,nDCG@10,0.0
q64935,R@100,0.0
q64936,nDCG@10,0.38685280723454163
q64936,R@100,1.0
q64937,nDCG@10,0.0
q64937,R@100,1.0
q64938,nDCG@10,0.0
q64938,R@100,1.0
q64939,nDCG@10,1.0
q64939,R@100,1.0
q64940,nDCG@10,0.5
q64940,R@100,1.0
q64941,nDCG@10,0.3333333333333333
q64941,R@100,1.0
q64942,nDCG@10,0.0
q64942,R@100,0.0
q64943,nDCG@10,1.0
q64943,R@100,1.0
q64944,nDCG@10,0.6309297535714575
q64944,R@100,1.0
q64945,nDCG@10,1.0
q64945,R@100,1.0
q64946,nDCG@10,0.0
q64946,R@100,0.0
q64947,nDCG@10,0.0
q64947,R@100,0.0
q64948,nDCG@10,1.0
q64948,R@100,1.0
q64949,nDCG@10,0.0
q64949,R@100,0.0
q64950,nDCG@10,1.0
q64950,R@100,1.0
q64951,nDCG@10,0.6309297535714575
q64951,R@100,1.0
q64952,nDCG@10,0.0
q64952,R@100,0.0
q64953,nDCG@10,0.5
q64953,R@100,1.0
q64954,nDCG@10,1.0
q64954,R@100,1.0
q64955,nDCG@10,0.5
q64955,R@100,1.0
q64956,nDCG@10,0.0
q64956,R@100,1.0
q64957,nDCG@10,1.0
q64957,R@100,1.0
q64958,nDCG@10,1.0
q64958,R@100,1.0
q64959,nDCG@10,0.0
q64959,R@100,0.0
q64960,nDCG@10,0.0
q64960,R@100,0.0
q64961,nDCG@10,0.0
q64961,R@100,0.0
q64962,nDCG@10,0.0
q64962,R@100,0.0
q64963,nDCG@10,0.0
q64963,R@100,1.0
q64964,nDCG@10,0.0
q64964,R@100,0.0
q64965,nDCG@10,0.0
q64965,R@100,1.0
q64966,nDCG@10,0.38685280723454163
q64966,R@100,1.0
q64967,nDCG@10,0.0
q64967,R@100,1.0
q64968,nDCG@10,0.5
q64968,R@100,1.0
q64969,nDCG@10,0.0
q64969,R@100,0.0
q64970,nDCG@10,0.0
q64970,R@100,0.0
q64971,nDCG@10,0.0
q64971,R@100,0.0
q64972,nDCG@10,0.0
q64972,R@100,0.0
q64973,nDCG@10,0.0
q64973,R@100,0.0
q64974,nDCG@10,0.3010299956639812
q64974,R@100,1.0
q64975,nDCG@10,0.0
q64975,R@100,0.0
q64976,nDCG@10,0.0
q64976,R@100,1.0
q64977,nDCG@10,0.0
q64977,R@100,0.0
q64978,nDCG@10,0.31546487678572877
q64978,R@100,1.0
q64979,nDCG@10,0.3333333333333333
q64979,R@100,1.0
q64980,nDCG@10,0.0
q64980,R@100,0.0
q64981,nDCG@10,1.0
q64981,R@100,1.0
q64982,nDCG@10,1.0
q64982,R@100,1.0
q64983,nDCG@10,0.0
q64983,R@100,0.0
q64984,nDCG@10,0.0
q64984,R@100,1.0
q64985,nDCG@10,0.6309297535714575
q64985,R@100,1.0
q64986,nDCG@10,1.0
q64986,R@100,1.0
q64987,nDCG@10,0.0
q64987,R@100,1.0
q64988,nDCG@10,0.6309297535714575
q64988,R@100,1.0
q64989,nDCG@10,1.0
q64989,R@100,1.0
q64990,nDCG@10,1.0
q64990,R@100,1.0
q64991,nDCG@10,0.0
q64991,R@100,1.0
q64992,nDCG@10,0.0
q64992,R@100,0.0
q64993,nDCG@10,0.38685280723454163
q64993,R@100,1.0
q64994,nDCG@10,0.0
q64994,R@100,0.0
q64995,nDCG@10,0.43067655807339306
q64995,R@100,1.0
q64996,nDCG@10,0.0
q64996,R@100,0.0
q64997,nDCG@10,0.0
q64997,R@100,0.0
q64998,nDCG@10,1.0
q64998,R@100,1.0
q64999,nDCG@10,0.38685280723454163
q64999,R@100,1.0
q65000,nDCG@10,1.0
q65000,R@100,1.0
q65001,nDCG@10,0.38685280723454163
q65001,R@100,1.0
q65002,nDCG@10,0.0
q65002,R@100,1.0
q65003,nDCG@10,0.0
q65003,R@100,1.0
q65004,nDCG@10,0.0
q65004,R@100,0.0
q65005,nDCG@10,0.0
q65005,R@100,0.0
q65006,nDCG@10,0.0
q65006,R@100,0.0
q65007,nDCG@10,1.0
q65007,R@100,1.0
q65008,nDCG@10,1.0
q65008,R@100,1.0
q65009,nDCG@10,0.0
q65009,R@100,0.0
q65010,nDCG@10,1.0
q65010,R@100,1.0
q65011,nDCG@10,1.0
q65011,R@100,1.0
q65012,nDCG@10,0.0
q65012,R@100,0.0
q65013,nDCG@10,0.0
q65013,R@100,1.0
q65014,nDCG@10,1.0
q65014,R@100,1.0
q65015,nDCG@10,0.6309297535714575
q65015,R@100,1.0
q65016,nDCG@10,0.43067655807339306
q65016,R@100,1.0
q65017,nDCG@10,0.0
q65017,R@100,0.0
q65018,nDCG@10,0.3010299956639812
q65018,R@100,1.0
q65019,nDCG@10,0.0
q65019,R@100,1.0
q65020,nDCG@10,0.0
q65020,R@100,1.0
q65021,nDCG@10,0.6309297535714575
q65021,R@100,1.0
q65022,nDCG@10,0.0
q65022,R@100,1.0
q65023,nDCG@10,1.0
q65023,R@100,1.0
q65024,nDCG@10,1.0
q65024,R@100,1.0
q65025,nDCG@10,0.5
q65025,R@100,1.0
q65026,nDCG@10,0.2890648263178879
q65026,R@100,1.0
q65027,nDCG@10,0.0
q65027,R@100,1.0
q65028,nDCG@10,0.0
q65028,R@100,0.0
q65029,nDCG@10,0.0
q65029,R@100,1.0
q65030,nDCG@10,0.38685280723454163
q65030,R@100,1.0
q65031,nDCG@10,0.6309297535714575
q65031,R@100,1.0
q65032,nDCG@10,1.0
q65032,R@100,1.0
q65033,nDCG@10,1.0
q65033,R@100,1.0
q65034,nDCG@10,0.43067655807339306
q65034,R@100,1.0
q65035,nDCG@10,0.3010299956639812
q65035,R@100,1.0
q65036,nDCG@10,1.0
q65036,R@100,1.0
q65037,nDCG@10,1.0
q65037,R@100,1.0
q65038,nDCG@10,1.0
q65038,R@100,1.0
q65039,nDCG@10,1.0
q65039,R@100,1.0
q65040,nDCG@10,1.0
q65040,R@100,1.0
q65041,nDCG@10,1.0
q65041,R@100,1.0
q65042,nDCG@10,0.0
q65042,R@100,0.0
q65043,nDCG@10,0.0
q65043,R@100,0.0
q65044,nDCG@10,0.0
q65044,R@100,0.0
q65045,nDCG@10,1.0
q65045,R@100,1.0
q65046,nDCG@10,0.0
q65046,R@100,0.0
q65047,nDCG@10,0.0
q65047,R@100,0.0
q65048,nDCG@10,0.0
q65048,R@100,1.0
q65049,nDCG@10,0.0
q65049,R@100,1.0
q65050,nDCG@10,1.0
q65050,R@100,1.0
q65051,nDCG@10,0.6309297535714575
q65051,R@100,1.0
q65052,nDCG@10,1.0
q65052,R@100,1.0
q65053,nDCG@10,0.0
q65053,R@100,0.0
q65054,nDCG@10,0.0
q65054,R@100,0.0
q65055,nDCG@10,0.0
q65055,R@100,0.0
q65056,nDCG@10,0.0
q65056,R@100,0.0
q65057,nDCG@10,1.0
q65057,R@100,1.0
q65058,nDCG@10,0.0
q65058,R@100,0.0
q65059,nDCG@10,0.0
q65059,R@100,0.0
q65060,nDCG@10,0.0
q65060,R@100,0.0
q65061,nDCG@10,0.6309297535714575
q65061,R@100,1.0
q65062,nDCG@10,0.0
q65062,R@100,0.0
q65063,nDCG@10,0.0
q65063,R@100,0.0
q65064,nDCG@10,1.0
q65064,R@100,1.0
q65065,nDCG@10,0.0
q65065,R@100,0.0
q65066,nDCG@10,1.0
q65066,R@100,1.0
q65067,nDCG@10,1.0
q65067,R@100,1.0
q65068,nDCG@10,1.0
q65068,R@100,1.0
q65069,nDCG@10,0.0
q65069,R@100,0.0
q65070,nDCG@10,0.0
q65070,R@100,0.0
q65071,nDCG@10,0.0
q65071,R@100,1.0
q65072,nDCG@10,1.0
q65072,R@100,1.0
q65073,nDCG@10,0.0
q65073,R@100,1.0
q65074,nDCG@10,0.0
q65074,R@100,0.0
q65075,nDCG@10,0.0
q65075,R@100,0.0
q65076,nDCG@10,0.3010299956639812
q65076,R@100,1.0
q65077,nDCG@10,0.0
q65077,R@100,0.0
q65078,nDCG@10,0.0
q65078,R@100,0.0
q65079,nDCG@10,0.0
q65079,R@100,0.0
q65080,nDCG@10,0.0
q65080,R@100,0.0
q65081,nDCG@10,0.0
q65081,R@100,0.0
q65082,nDCG@10,0.0
q65082,R@100,1.0
q65083,nDCG@10,1.0
q65083,R@100,1.0
q65084,nDCG@10,0.3333333333333333
q65084,R@100,1.0
q65085,nDCG@10,0.0
q65085,R@100,0.0
q65086,nDCG@10,1.0
q65086,R@100,1.0
q65087,nDCG@10,0.0
q65087,R@100,1.0
q65088,nDCG@10,0.0
q65088,R@100,1.0
q65089,nDCG@10,1.0
q65089,R@100,1.0
q65090,nDCG@10,1.0
q65090,R@100,1.0
q65091,nDCG@10,1.0
q65091,R@100,1.0
q65092,nDCG@10,1.0
q65092,R@100,1.0
q65093,nDCG@10,0.0
q65093,R@100,0.0
q65094,nDCG@10,0.6309297535714575
q65094,R@100,1.0
q65095,nDCG@10,1.0
q65095,R@100,1.0
q65096,nDCG@10,0.0
q65096,R@100,1.0
q65097,nDCG@10,0.0
q65097,R@100,0.0
q65098,nDCG@10,0.0
q65098,R@100,0.0
q65099,nDCG@10,0.0
q65099,R@100,0.0
q65100,nDCG@10,0.0
q65100,R@100,0.0
q65101,nDCG@10,0.0
q65101,R@100,0.0
q65102,nDCG@10,1.0
q65102,R@100,1.0
q65103,nDCG@10,0.0
q65103,R@100,1.0
q65104,nDCG@10,0.0
q65104,R@100,0.0
q65105,nDCG@10,1.0
q65105,R@100,1.0
q65106,nDCG@10,0.6309297535714575
q65106,R@100,1.0
q65107,nDCG@10,0.0
q65107,R@100,1.0
q65108,nDCG@10,0.0
q65108,R@100,0.0
q65109,nDCG@10,0.0
q65109,R@100,0.0
q65110,nDCG@10,0.0
q65110,R@100,0.0
q65111,nDCG@10,0.0
q65111,R@100,0.0
q65112,nDCG@10,0.0
q65112,R@100,0.0
q65113,nDCG@10,0.0
q65113,R@100,0.0
q65114,nDCG@10,1.0
q65114,R@100,1.0
q65115,nDCG@10,1.0
q65115,R@100,1.0
q65116,nDCG@10,0.0
q65116,R@100,0.0
q65117,nDCG@10,0.0
q65117,R@100,1.0
q65118,nDCG@10,1.0
q65118,R@100,1.0
q65119,nDCG@10,0.0
q65119,R@100,0.0
q65120,nDCG@10,0.0
q65120,R@100,0.0
q65121,nDCG@10,0.31546487678572877
q65121,R@100,1.0
q65122,nDCG@10,0.43067655807339306
q65122,R@100,1.0
q65123,nDCG@10,0.0
q65123,R@100,0.0
q65124,nDCG@10,0.0
q65124,R@100,0.0
q65125,nDCG@10,0.0
q65125,R@100,0.0
q65126,nDCG@10,0.0
q65126,R@100,0.0
q65127,nDCG@10,0.0
q65127,R@100,0.0
q65128,nDCG@10,1.0
q65128,R@100,1.0
q65129,nDCG@10,0.38685280723454163
q65129,R@100,1.0
q65130,nDCG@10,1.0
q65130,R@100,1.0
q65131,nDCG@10,0.0
q65131,R@100,0.0
q65132,nDCG@10,0.0
q65132,R@100,0.0
q65133,nDCG@10,0.0
q65133,R@100,0.0
q65134,nDCG@10,0.0
q65134,R@100,0.0
q65135,nDCG@10,0.0
q65135,R@100,0.0
q65136,nDCG@10,0.0
q65136,R@100,1.0
q65137,nDCG@10,0.0
q65137,R@100,0.0
q65138,nDCG@10,0.0
q65138,R@100,0.0
q65139,nDCG@10,0.0
q65139,R@100,0.0
q65140,nDCG@10,0.0
q65140,R@100,0.0
q65141,nDCG@10,0.0
q65141,R@100,0.0
q65142,nDCG@10,0.0
q65142,R@100,0.0
q65143,nDCG@10,0.6309297535714575
q65143,R@100,1.0
q65144,nDCG@10,1.0
q65144,R@100,1.0
q65145,nDCG@10,0.0
q65145,R@100,0.0
q65146,nDCG@10,0.6309297535714575
q65146,R@100,1.0
q65147,nDCG@10,1.0
q65147,R@100,1.0
q65148,nDCG@10,1.0
q65148,R@100,1.0
q65149,nDCG@10,0.0
q65149,R@100,0.0
q65150,nDCG@10,1.0
q65150,R@100,1.0
q65151,nDCG@10,1.0
q65151,R@100,1.0
q65152,nDCG@10,1.0
q65152,R@100,1.0
q65153,nDCG@10,0.0
q65153,R@100,0.0
q65154,nDCG@10,0.0
q65154,R@100,0.0
q65155,nDCG@10,0.0
q65155,R@100,0.0
q65156,nDCG@10,1.0
q65156,R@100,1.0
q65157,nDCG@10,0.0
q65157,R@100,0.0
q65158,nDCG@10,0.0
q65158,R@100,1.0
q65159,nDCG@10,0.0
q65159,R@100,0.0
q65160,nDCG@10,0.0
q65160,R@100,0.0
q65161,nDCG@10,0.6309297535714575
q65161,R@100,1.0
q65162,nDCG@10,1.0
q65162,R@100,1.0
q65163,nDCG@10,1.0
q65163,R@100,1.0
q65164,nDCG@10,0.3562071871080222
q65164,R@100,1.0
q65165,nDCG@10,1.0
q65165,R@100,1.0
q65166,nDCG@10,0.0
q65166,R@100,0.0
q65167,nDCG@10,0.0
q65167,R@100,1.0
q65168,nDCG@10,0.0
q65168,R@100,1.0
q65169,nDCG@10,1.0
q65169,R@100,1.0
q65170,nDCG@10,0.0
q65170,R@100,0.0
q65171,nDCG@10,0.0
q65171,R@100,1.0
q65172,nDCG@10,0.0
q65172,R@100,1.0
q65173,nDCG@10,0.0
q65173,R@100,1.0
q65174,nDCG@10,0.0
q65174,R@100,1.0
q65175,nDCG@10,1.0
q65175,R@100,1.0
q65176,nDCG@10,0.0
q65176,R@100,1.0
q65177,nDCG@10,0.0
q65177,R@100,0.0
q65178,nDCG@10,0.0
q65178,R@100,0.0
q65179,nDCG@10,1.0
q65179,R@100,1.0
q65180,nDCG@10,1.0
q65180,R@100,1.0
q65181,nDCG@10,0.0
q65181,R@100,0.0
q65182,nDCG@10,0.0
q65182,R@100,0.0
q65183,nDCG@10,0.0
q65183,R@100,0.0
q65184,nDCG@10,0.0
q65184,R@100,0.0
q65185,nDCG@10,0.0
q65185,R@100,0.0
q65186,nDCG@10,0.0
q65186,R@100,0.0
q65187,nDCG@10,1.0
q65187,R@100,1.0
q65188,nDCG@10,1.0
q65188,R@100,1.0
q65189,nDCG@10,1.0
q65189,R@100,1.0
q65190,nDCG@10,0.0
q65190,R@100,0.0
q65191,nDCG@10,0.0
q65191,R@100,0.0
q65192,nDCG@10,0.5
q65192,R@100,1.0
q65193,nDCG@10,0.0
q65193,R@100,0.0
q65194,nDCG@10,0.0
q65194,R@100,0.0
q65195,nDCG@10,0.0
q65195,R@100,0.0
q65196,nDCG@10,0.0
q65196,R@100,0.0
q65197,nDCG@10,0.0
q65197,R@100,0.0
q65198,nDCG@10,0.0
q65198,R@100,1.0
q65199,nDCG@10,0.3562071871080222
q65199,R@100,1.0
q65200,nDCG@10,0.6309297535714575
q65200,R@100,1.0
