qid,measure,value
0,nDCG@10,0.17723928678404774
0,R@100,0.5
10000,nDCG@10,0.0
10000,R@100,0.0
10003,nDCG@10,0.0
10003,R@100,0.3333333333333333
10011,nDCG@10,0.7935180200065872
10011,R@100,1.0
10027,nDCG@10,0.43067655807339306
10027,R@100,1.0
10031,nDCG@10,0.13905617951077562
10031,R@100,0.5
10034,nDCG@10,0.0
10034,R@100,1.0
10038,nDCG@10,0.43067655807339306
10038,R@100,1.0
10039,nDCG@10,1.0
10039,R@100,1.0
10040,nDCG@10,0.23463936301137822
10040,R@100,0.3333333333333333
10042,nDCG@10,0.6131471927654584
10042,R@100,0.5
10057,nDCG@10,1.0
10057,R@100,1.0
10061,nDCG@10,1.0
10061,R@100,1.0
1007,nDCG@10,0.15642624200758548
1007,R@100,1.0
10070,nDCG@10,0.3333333333333333
10070,R@100,1.0
10074,nDCG@10,0.0
10074,R@100,1.0
10075,nDCG@10,1.0
10075,R@100,1.0
10079,nDCG@10,1.0
10079,R@100,1.0
10081,nDCG@10,0.0
10081,R@100,0.0
10087,nDCG@10,0.0
10087,R@100,1.0
10088,nDCG@10,0.0
10088,R@100,0.5
10090,nDCG@10,0.8854598815714874
10090,R@100,1.0
10103,nDCG@10,0.0
10103,R@100,1.0
10104,nDCG@10,1.0
10104,R@100,1.0
10114,nDCG@10,0.4911492931622974
10114,R@100,1.0
10116,nDCG@10,0.5307212739772434
10116,R@100,1.0
10121,nDCG@10,0.0
10121,R@100,1.0
10142,nDCG@10,0.5
10142,R@100,1.0
10145,nDCG@10,0.0
10145,R@100,1.0
10148,nDCG@10,0.0
10148,R@100,0.0
10150,nDCG@10,0.0
10150,R@100,1.0
10155,nDCG@10,0.6309297535714575
10155,R@100,1.0
10162,nDCG@10,0.9010126104210695
10162,R@100,1.0
10165,nDCG@10,0.0
10165,R@100,1.0
10169,nDCG@10,0.0
10169,R@100,1.0
10171,nDCG@10,0.46927872602275644
10171,R@100,1.0
10172,nDCG@10,0.0
10172,R@100,0.0
10174,nDCG@10,0.0
10174,R@100,1.0
10175,nDCG@10,0.6131471927654584
10175,R@100,1.0
10185,nDCG@10,1.0
10185,R@100,1.0
10194,nDCG@10,0.3903800499921017
10194,R@100,0.25
10198,nDCG@10,0.4367467095119258
10198,R@100,0.6666666666666666
10203,nDCG@10,0.0
10203,R@100,0.0
10205,nDCG@10,0.0
10205,R@100,1.0
10209,nDCG@10,0.0
10209,R@100,1.0
10212,nDCG@10,0.0
10212,R@100,0.0
10217,nDCG@10,1.0
10217,R@100,1.0
1023,nDCG@10,0.0
1023,R@100,1.0
10230,nDCG@10,0.5
10230,R@100,1.0
10237,nDCG@10,0.20438239758848611
10237,R@100,0.5
10242,nDCG@10,0.6131471927654584
10242,R@100,0.5
10247,nDCG@10,0.4869696878675221
10247,R@100,1.0
10250,nDCG@10,0.38685280723454163
10250,R@100,1.0
10251,nDCG@10,0.0
10251,R@100,0.0
10253,nDCG@10,1.0
10253,R@100,1.0
10254,nDCG@10,0.14606834984270645
10254,R@100,0.2
10257,nDCG@10,0.6309297535714575
10257,R@100,1.0
10259,nDCG@10,1.0
10259,R@100,1.0
10271,nDCG@10,0.6309297535714575
10271,R@100,1.0
10272,nDCG@10,0.8175295903539445
10272,R@100,1.0
10276,nDCG@10,0.6713860725233041
10276,R@100,1.0
10286,nDCG@10,0.0
10286,R@100,0.0
10287,nDCG@10,0.0
10287,R@100,1.0
10291,nDCG@10,0.40179981797758046
10291,R@100,1.0
10294,nDCG@10,0.38685280723454163
10294,R@100,1.0
10297,nDCG@10,1.0
10297,R@100,1.0
1030,nDCG@10,0.5078961547485289
1030,R@100,1.0
10301,nDCG@10,0.5531464700081437
10301,R@100,1.0
10306,nDCG@10,1.0
10306,R@100,1.0
1031,nDCG@10,0.0
1031,R@100,1.0
10314,nDCG@10,1.0
10314,R@100,1.0
10320,nDCG@10,0.0
10320,R@100,1.0
10330,nDCG@10,0.0
10330,R@100,0.0
10331,nDCG@10,0.8503449055347546
10331,R@100,1.0
10332,nDCG@10,1.0
10332,R@100,1.0
10333,nDCG@10,0.0
10333,R@100,1.0
10334,nDCG@10,1.0
10334,R@100,1.0
10335,nDCG@10,0.5491219345512314
10335,R@100,1.0
10340,nDCG@10,0.8395700624665824
10340,R@100,1.0
10342,nDCG@10,0.0
10342,R@100,0.0
1035,nDCG@10,1.0
1035,R@100,1.0
10361,nDCG@10,1.0
10361,R@100,1.0
10366,nDCG@10,0.8072467605676945
10366,R@100,1.0
10368,nDCG@10,1.0
10368,R@100,1.0
10378,nDCG@10,0.0
10378,R@100,0.0
10380,nDCG@10,0.17723928678404774
10380,R@100,1.0
10382,nDCG@10,1.0
10382,R@100,1.0
10385,nDCG@10,0.38685280723454163
10385,R@100,0.5
10398,nDCG@10,0.0
10398,R@100,1.0
104,nDCG@10,0.0
104,R@100,0.0
10401,nDCG@10,1.0
10401,R@100,1.0
10403,nDCG@10,0.0
10403,R@100,0.0
10415,nDCG@10,0.0
10415,R@100,1.0
10416,nDCG@10,0.4911492931622974
10416,R@100,1.0
10418,nDCG@10,1.0
10418,R@100,1.0
10427,nDCG@10,0.0
10427,R@100,1.0
10438,nDCG@10,0.0
10438,R@100,0.0
1044,nDCG@10,0.7903864795495061
1044,R@100,1.0
10444,nDCG@10,0.20210734650054757
10444,R@100,0.3333333333333333
10449,nDCG@10,0.33424620450682646
10449,R@100,1.0
10451,nDCG@10,0.0
10451,R@100,0.3333333333333333
10456,nDCG@10,0.8854598815714874
10456,R@100,1.0
10459,nDCG@10,0.0
10459,R@100,0.0
10476,nDCG@10,0.38685280723454163
10476,R@100,1.0
1048,nDCG@10,0.0
1048,R@100,0.0
10486,nDCG@10,0.0
10486,R@100,1.0
1049,nDCG@10,0.0
1049,R@100,0.0
10490,nDCG@10,0.8175295903539445
10490,R@100,1.0
10506,nDCG@10,0.41966500663677697
10506,R@100,0.6666666666666666
1051,nDCG@10,0.3562071871080222
1051,R@100,1.0
10514,nDCG@10,0.0
10514,R@100,0.3333333333333333
10515,nDCG@10,1.0
10515,R@100,1.0
10516,nDCG@10,1.0
10516,R@100,1.0
10526,nDCG@10,0.0
10526,R@100,1.0
10527,nDCG@10,0.6309297535714575
10527,R@100,1.0
10529,nDCG@10,0.123151194370365
10529,R@100,0.5
10543,nDCG@10,1.0
10543,R@100,1.0
10552,nDCG@10,0.8315546295836225
10552,R@100,1.0
10553,nDCG@10,0.9619991470595832
10553,R@100,1.0
10563,nDCG@10,0.6509209298071326
10563,R@100,1.0
10573,nDCG@10,0.13565197343244778
10573,R@100,0.6666666666666666
10574,nDCG@10,1.0
10574,R@100,1.0
10576,nDCG@10,0.9197207891481876
10576,R@100,1.0
10582,nDCG@10,0.6608397947263839
10582,R@100,1.0
10590,nDCG@10,0.4935232796777481
10590,R@100,1.0
10595,nDCG@10,0.6131471927654584
10595,R@100,0.5
10596,nDCG@10,1.0
10596,R@100,1.0
1060,nDCG@10,0.38685280723454163
1060,R@100,1.0
10601,nDCG@10,0.1480409554829326
10601,R@100,1.0
10606,nDCG@10,0.6509209298071326
10606,R@100,1.0
10609,nDCG@10,0.43067655807339306
10609,R@100,1.0
10616,nDCG@10,0.6131471927654584
10616,R@100,1.0
10618,nDCG@10,0.0
10618,R@100,1.0
1062,nDCG@10,0.3065735963827292
1062,R@100,0.5
10624,nDCG@10,0.6131471927654584
10624,R@100,1.0
1064,nDCG@10,0.448643819352159
1064,R@100,1.0
10641,nDCG@10,0.17723928678404774
10641,R@100,1.0
10651,nDCG@10,0.8175295903539445
10651,R@100,1.0
10653,nDCG@10,0.6131471927654584
10653,R@100,0.5
10664,nDCG@10,0.1208113026994942
10664,R@100,0.6
10665,nDCG@10,1.0
10665,R@100,1.0
10681,nDCG@10,1.0
10681,R@100,1.0
10683,nDCG@10,0.5
10683,R@100,1.0
10685,nDCG@10,1.0
10685,R@100,1.0
10692,nDCG@10,0.0
10692,R@100,0.0
10698,nDCG@10,0.0
10698,R@100,0.0
107,nDCG@10,0.18154179253735267
107,R@100,0.3333333333333333
1070,nDCG@10,0.0
1070,R@100,1.0
10710,nDCG@10,0.7653606369886217
10710,R@100,1.0
10717,nDCG@10,0.3335733535243489
10717,R@100,1.0
10722,nDCG@10,1.0
10722,R@100,1.0
10728,nDCG@10,0.23719771276929622
10728,R@100,1.0
10732,nDCG@10,1.0
10732,R@100,1.0
10738,nDCG@10,0.11284514134893527
10738,R@100,0.75
10739,nDCG@10,1.0
10739,R@100,1.0
10743,nDCG@10,0.0
10743,R@100,0.3333333333333333
10746,nDCG@10,0.6131471927654584
10746,R@100,1.0
1075,nDCG@10,0.0
1075,R@100,0.0
10754,nDCG@10,0.3903800499921017
10754,R@100,0.75
10760,nDCG@10,0.7039180890341347
10760,R@100,1.0
10761,nDCG@10,1.0
10761,R@100,1.0
10764,nDCG@10,1.0
10764,R@100,1.0
10766,nDCG@10,0.0
10766,R@100,0.5
10768,nDCG@10,0.4632423659320675
10768,R@100,1.0
10772,nDCG@10,1.0
10772,R@100,1.0
10774,nDCG@10,0.0
10774,R@100,1.0
1078,nDCG@10,0.0
1078,R@100,1.0
10785,nDCG@10,0.6131471927654584
10785,R@100,0.5
10786,nDCG@10,0.0
10786,R@100,0.25
10791,nDCG@10,0.11751610475642714
10791,R@100,0.25
108,nDCG@10,0.0
108,R@100,0.0
10806,nDCG@10,1.0
10806,R@100,1.0
10811,nDCG@10,1.0
10811,R@100,1.0
10823,nDCG@10,0.5
10823,R@100,1.0
10825,nDCG@10,0.0
10825,R@100,0.5
10846,nDCG@10,1.0
10846,R@100,1.0
10849,nDCG@10,0.7039180890341347
10849,R@100,0.6666666666666666
10862,nDCG@10,0.45560514958746035
10862,R@100,1.0
10868,nDCG@10,0.3010299956639812
10868,R@100,1.0
10870,nDCG@10,0.0
10870,R@100,0.3333333333333333
10878,nDCG@10,0.0
10878,R@100,0.0
10892,nDCG@10,0.23719771276929622
10892,R@100,0.5
10897,nDCG@10,0.21840743681816419
10897,R@100,1.0
10899,nDCG@10,0.0
10899,R@100,0.0
1090,nDCG@10,0.3065735963827292
1090,R@100,0.5
10912,nDCG@10,0.0
10912,R@100,1.0
10913,nDCG@10,1.0
10913,R@100,1.0
10922,nDCG@10,1.0
10922,R@100,1.0
10927,nDCG@10,0.3706656904013186
10927,R@100,1.0
10930,nDCG@10,0.7606395682357036
10930,R@100,1.0
10936,nDCG@10,0.0
10936,R@100,1.0
10945,nDCG@10,0.0
10945,R@100,0.0
10947,nDCG@10,0.8772153153380493
10947,R@100,1.0
1096,nDCG@10,0.11751610475642714
1096,R@100,0.75
10966,nDCG@10,0.38685280723454163
10966,R@100,1.0
10977,nDCG@10,0.0
10977,R@100,1.0
10979,nDCG@10,0.3391602052736161
10979,R@100,1.0
110,nDCG@10,0.0
110,R@100,1.0
11004,nDCG@10,0.38685280723454163
11004,R@100,1.0
11008,nDCG@10,0.0
11008,R@100,0.5
11013,nDCG@10,1.0
11013,R@100,1.0
1102,nDCG@10,0.23599633571930026
1102,R@100,1.0
11025,nDCG@10,0.0
11025,R@100,1.0
11028,nDCG@10,1.0
11028,R@100,1.0
11032,nDCG@10,0.9325210919548239
11032,R@100,1.0
11033,nDCG@10,0.0
11033,R@100,0.5
11036,nDCG@10,0.0
11036,R@100,1.0
11041,nDCG@10,0.0
11041,R@100,1.0
11044,nDCG@10,0.7030861797445797
11044,R@100,1.0
11055,nDCG@10,0.0
11055,R@100,0.0
1106,nDCG@10,0.3010299956639812
1106,R@100,1.0
11069,nDCG@10,0.0
11069,R@100,0.0
11075,nDCG@10,1.0
11075,R@100,1.0
11081,nDCG@10,0.6797310500037655
11081,R@100,1.0
11082,nDCG@10,0.0
11082,R@100,1.0
11084,nDCG@10,0.0
11084,R@100,1.0
11093,nDCG@10,0.3764290720714305
11093,R@100,1.0
11095,nDCG@10,0.0
11095,R@100,1.0
11108,nDCG@10,0.34519134224686937
11108,R@100,0.8
11115,nDCG@10,1.0
11115,R@100,1.0
11116,nDCG@10,1.0
11116,R@100,1.0
11117,nDCG@10,0.5147714448836774
11117,R@100,1.0
11119,nDCG@10,0.6207412960974641
11119,R@100,1.0
11121,nDCG@10,0.3065735963827292
11121,R@100,1.0
11129,nDCG@10,0.0
11129,R@100,0.6666666666666666
1113,nDCG@10,0.3010299956639812
1113,R@100,1.0
11140,nDCG@10,0.6309297535714575
11140,R@100,1.0
11146,nDCG@10,0.644824486427155
11146,R@100,0.8333333333333334
11151,nDCG@10,0.123151194370365
11151,R@100,0.75
11154,nDCG@10,0.0
11154,R@100,1.0
11161,nDCG@10,0.41443699955334395
11161,R@100,1.0
11164,nDCG@10,1.0
11164,R@100,1.0
11166,nDCG@10,1.0
11166,R@100,1.0
11171,nDCG@10,0.19342640361727081
11171,R@100,0.5
11179,nDCG@10,0.09546043308946733
11179,R@100,1.0
11183,nDCG@10,0.6984152163370878
11183,R@100,1.0
11188,nDCG@10,1.0
11188,R@100,1.0
11193,nDCG@10,0.0
11193,R@100,1.0
11198,nDCG@10,0.0
11198,R@100,0.0
112,nDCG@10,0.0
112,R@100,0.0
11200,nDCG@10,0.36926780146674987
11200,R@100,1.0
11204,nDCG@10,0.0
11204,R@100,0.5
11208,nDCG@10,0.0
11208,R@100,0.3333333333333333
11210,nDCG@10,0.0
11210,R@100,0.0
11213,nDCG@10,1.0
11213,R@100,1.0
11220,nDCG@10,0.0
11220,R@100,1.0
11226,nDCG@10,0.0
11226,R@100,0.0
11229,nDCG@10,0.9060254355346823
11229,R@100,1.0
11230,nDCG@10,0.0
11230,R@100,0.0
11235,nDCG@10,1.0
11235,R@100,1.0
11237,nDCG@10,0.0
11237,R@100,1.0
11239,nDCG@10,0.36926780146674987
11239,R@100,1.0
1124,nDCG@10,0.0
1124,R@100,0.5
11246,nDCG@10,0.0
11246,R@100,0.0
11247,nDCG@10,0.45221360703148816
11247,R@100,0.8
11251,nDCG@10,0.644824486427155
11251,R@100,0.6666666666666666
11257,nDCG@10,0.38685280723454163
11257,R@100,1.0
11266,nDCG@10,0.6509209298071326
11266,R@100,1.0
11273,nDCG@10,0.23719771276929622
11273,R@100,1.0
11277,nDCG@10,0.6131471927654584
11277,R@100,0.5
1128,nDCG@10,1.0
1128,R@100,1.0
11282,nDCG@10,0.38685280723454163
11282,R@100,1.0
11289,nDCG@10,0.0
11289,R@100,0.0
11290,nDCG@10,0.0
11290,R@100,0.0
1130,nDCG@10,0.0
1130,R@100,0.0
11305,nDCG@10,0.3010299956639812
11305,R@100,1.0
11306,nDCG@10,0.0
11306,R@100,0.0
11318,nDCG@10,0.0
11318,R@100,0.0
11319,nDCG@10,0.15101961822780524
11319,R@100,0.75
1133,nDCG@10,1.0
1133,R@100,1.0
11335,nDCG@10,0.43067655807339306
11335,R@100,1.0
11353,nDCG@10,0.0
11353,R@100,1.0
11358,nDCG@10,1.0
11358,R@100,1.0
1136,nDCG@10,0.0
1136,R@100,0.0
11360,nDCG@10,0.0
11360,R@100,1.0
11363,nDCG@10,0.8772153153380493
11363,R@100,1.0
11368,nDCG@10,0.5294362295028773
11368,R@100,1.0
11369,nDCG@10,0.9060254355346823
11369,R@100,1.0
11371,nDCG@10,0.2890648263178879
11371,R@100,1.0
1138,nDCG@10,1.0
1138,R@100,1.0
1140,nDCG@10,0.0
1140,R@100,0.3333333333333333
11401,nDCG@10,1.0
11401,R@100,1.0
11410,nDCG@10,1.0
11410,R@100,1.0
11411,nDCG@10,0.0
11411,R@100,0.0
11414,nDCG@10,0.0
11414,R@100,0.0
11415,nDCG@10,0.46927872602275644
11415,R@100,1.0
11417,nDCG@10,0.0
11417,R@100,1.0
11418,nDCG@10,0.0
11418,R@100,0.0
1143,nDCG@10,1.0
1143,R@100,1.0
1144,nDCG@10,0.0
1144,R@100,1.0
11443,nDCG@10,0.31546487678572877
11443,R@100,1.0
11456,nDCG@10,0.2890648263178879
11456,R@100,1.0
11457,nDCG@10,0.3903800499921017
11457,R@100,0.25
11469,nDCG@10,0.0
11469,R@100,0.0
11473,nDCG@10,0.0
11473,R@100,1.0
11476,nDCG@10,0.23463936301137822
11476,R@100,1.0
11479,nDCG@10,0.0
11479,R@100,0.8
1148,nDCG@10,0.8773497378596238
1148,R@100,1.0
11488,nDCG@10,0.18154179253735267
11488,R@100,1.0
11489,nDCG@10,0.1480409554829326
11489,R@100,1.0
11503,nDCG@10,0.0
11503,R@100,1.0
11507,nDCG@10,0.0874717141014082
11507,R@100,0.3333333333333333
1151,nDCG@10,0.43067655807339306
1151,R@100,1.0
11514,nDCG@10,0.0
11514,R@100,0.5
11515,nDCG@10,0.0
11515,R@100,0.0
11521,nDCG@10,1.0
11521,R@100,1.0
11522,nDCG@10,0.8772153153380493
11522,R@100,1.0
11524,nDCG@10,0.0
11524,R@100,0.5
1153,nDCG@10,0.2890648263178879
1153,R@100,1.0
11542,nDCG@10,0.41618115554873086
11542,R@100,1.0
11546,nDCG@10,0.13565197343244778
11546,R@100,0.6666666666666666
11547,nDCG@10,0.5585075862632192
11547,R@100,0.75
11549,nDCG@10,1.0
11549,R@100,1.0
11557,nDCG@10,0.0
11557,R@100,1.0
11559,nDCG@10,1.0
11559,R@100,1.0
11561,nDCG@10,0.0
11561,R@100,0.8
11563,nDCG@10,0.38685280723454163
11563,R@100,1.0
11566,nDCG@10,0.6131471927654584
11566,R@100,1.0
11570,nDCG@10,0.7095272044910244
11570,R@100,1.0
11579,nDCG@10,0.3065735963827292
11579,R@100,0.5
11580,nDCG@10,1.0
11580,R@100,1.0
11583,nDCG@10,0.0
11583,R@100,0.0
11597,nDCG@10,0.23719771276929622
11597,R@100,1.0
11598,nDCG@10,1.0
11598,R@100,1.0
11609,nDCG@10,0.5012658353418871
11609,R@100,1.0
11610,nDCG@10,0.13905617951077562
11610,R@100,0.5
11611,nDCG@10,0.0
11611,R@100,1.0
11613,nDCG@10,0.2640681225725909
11613,R@100,1.0
11624,nDCG@10,1.0
11624,R@100,1.0
11625,nDCG@10,0.5143371794949736
11625,R@100,1.0
1163,nDCG@10,0.6816587806335841
1163,R@100,0.75
11642,nDCG@10,0.0
11642,R@100,0.0
11643,nDCG@10,0.0
11643,R@100,0.5
11655,nDCG@10,1.0
11655,R@100,1.0
11660,nDCG@10,0.0
11660,R@100,0.2
11663,nDCG@10,0.6509209298071326
11663,R@100,1.0
11664,nDCG@10,1.0
11664,R@100,1.0
11666,nDCG@10,0.21840743681816419
11666,R@100,0.5
11668,nDCG@10,1.0
11668,R@100,1.0
11669,nDCG@10,0.6309297535714575
11669,R@100,1.0
11670,nDCG@10,0.6309297535714575
11670,R@100,1.0
11672,nDCG@10,0.1480409554829326
11672,R@100,1.0
11680,nDCG@10,0.6309297535714575
11680,R@100,1.0
11683,nDCG@10,0.19342640361727081
11683,R@100,1.0
11698,nDCG@10,0.8508957228074242
11698,R@100,1.0
11703,nDCG@10,0.6309297535714575
11703,R@100,1.0
11709,nDCG@10,0.2640681225725909
11709,R@100,1.0
1172,nDCG@10,0.0
1172,R@100,0.5
11736,nDCG@10,0.0
11736,R@100,1.0
11739,nDCG@10,0.0
11739,R@100,0.0
11745,nDCG@10,1.0
11745,R@100,1.0
11748,nDCG@10,1.0
11748,R@100,1.0
11753,nDCG@10,1.0
11753,R@100,1.0
11755,nDCG@10,0.0
11755,R@100,1.0
11766,nDCG@10,0.3152014104491349
11766,R@100,1.0
11769,nDCG@10,0.6131471927654584
11769,R@100,1.0
11770,nDCG@10,0.38685280723454163
11770,R@100,0.5
11787,nDCG@10,0.0
11787,R@100,0.0
11789,nDCG@10,0.0
11789,R@100,0.0
11791,nDCG@10,0.0
11791,R@100,0.5
118,nDCG@10,0.0
118,R@100,0.0
11807,nDCG@10,0.6131471927654584
11807,R@100,1.0
11810,nDCG@10,1.0
11810,R@100,1.0
11821,nDCG@10,0.0
11821,R@100,0.0
11828,nDCG@10,0.43067655807339306
11828,R@100,1.0
11831,nDCG@10,0.5714285040141098
11831,R@100,1.0
11836,nDCG@10,1.0
11836,R@100,1.0
1185,nDCG@10,1.0
1185,R@100,1.0
11851,nDCG@10,0.0
11851,R@100,0.5
11852,nDCG@10,1.0
11852,R@100,1.0
11857,nDCG@10,0.6105456988825855
11857,R@100,1.0
11860,nDCG@10,0.5531464700081437
11860,R@100,0.8
11871,nDCG@10,1.0
11871,R@100,1.0
11873,nDCG@10,0.0
11873,R@100,0.0
11874,nDCG@10,1.0
11874,R@100,1.0
11876,nDCG@10,0.11284514134893527
11876,R@100,1.0
11882,nDCG@10,0.0
11882,R@100,1.0
11902,nDCG@10,1.0
11902,R@100,1.0
11905,nDCG@10,0.3562071871080222
11905,R@100,1.0
11909,nDCG@10,0.38364913903790027
11909,R@100,1.0
11911,nDCG@10,0.430624116386567
11911,R@100,1.0
11916,nDCG@10,0.7678620595110026
11916,R@100,1.0
11918,nDCG@10,1.0
11918,R@100,1.0
11920,nDCG@10,0.3391602052736161
11920,R@100,0.6
11922,nDCG@10,0.0
11922,R@100,0.5
11931,nDCG@10,0.6309297535714575
11931,R@100,1.0
11935,nDCG@10,0.5706417189553201
11935,R@100,1.0
1194,nDCG@10,0.6934264036172708
1194,R@100,1.0
11942,nDCG@10,0.0
11942,R@100,1.0
11957,nDCG@10,0.838847952689218
11957,R@100,1.0
11964,nDCG@10,0.9550236580992476
11964,R@100,1.0
1197,nDCG@10,0.0
1197,R@100,0.125
11975,nDCG@10,0.2960819109658652
11975,R@100,1.0
1198,nDCG@10,1.0
1198,R@100,1.0
11984,nDCG@10,0.7653606369886217
11984,R@100,1.0
11992,nDCG@10,1.0
11992,R@100,1.0
11993,nDCG@10,0.38685280723454163
11993,R@100,1.0
11997,nDCG@10,0.9438661545147249
11997,R@100,1.0
12009,nDCG@10,0.31546487678572877
12009,R@100,1.0
12011,nDCG@10,0.21840743681816419
12011,R@100,1.0
12012,nDCG@10,0.0
12012,R@100,1.0
12014,nDCG@10,0.384266559722312
12014,R@100,1.0
12017,nDCG@10,0.0
12017,R@100,0.0
12022,nDCG@10,0.0
12022,R@100,1.0
12034,nDCG@10,0.3333333333333333
12034,R@100,1.0
12037,nDCG@10,0.16812753627111746
12037,R@100,1.0
12041,nDCG@10,0.6309297535714575
12041,R@100,1.0
12051,nDCG@10,0.46927872602275644
12051,R@100,0.6666666666666666
12057,nDCG@10,0.0
12057,R@100,0.0
12063,nDCG@10,0.7977228895450266
12063,R@100,1.0
12066,nDCG@10,0.23719771276929622
12066,R@100,1.0
1207,nDCG@10,0.0
1207,R@100,1.0
12082,nDCG@10,0.33424620450682646
12082,R@100,1.0
12094,nDCG@10,0.0
12094,R@100,1.0
12104,nDCG@10,0.3295827480202853
12104,R@100,1.0
12116,nDCG@10,0.24630238874073
12116,R@100,0.25
12129,nDCG@10,0.0
12129,R@100,0.8
12138,nDCG@10,1.0
12138,R@100,1.0
12139,nDCG@10,0.8503449055347546
12139,R@100,1.0
12151,nDCG@10,1.0
12151,R@100,1.0
12157,nDCG@10,0.6131471927654584
12157,R@100,1.0
12160,nDCG@10,0.4822987244600303
12160,R@100,1.0
12162,nDCG@10,0.0
12162,R@100,0.0
12165,nDCG@10,0.19092086617893467
12165,R@100,0.6666666666666666
12166,nDCG@10,1.0
12166,R@100,1.0
12169,nDCG@10,0.6257049680303419
12169,R@100,1.0
12172,nDCG@10,0.0
12172,R@100,0.0
12174,nDCG@10,0.8756458727267334
12174,R@100,1.0
12184,nDCG@10,0.0
12184,R@100,0.3333333333333333
12196,nDCG@10,0.46927872602275644
12196,R@100,0.3333333333333333
12203,nDCG@10,0.45560514958746035
12203,R@100,1.0
12204,nDCG@10,0.8395700624665824
12204,R@100,1.0
12205,nDCG@10,1.0
12205,R@100,1.0
12209,nDCG@10,0.0
12209,R@100,1.0
12213,nDCG@10,0.20210734650054757
12213,R@100,0.3333333333333333
12220,nDCG@10,0.0
12220,R@100,1.0
12221,nDCG@10,0.19519002499605084
12221,R@100,0.75
12224,nDCG@10,0.0
12224,R@100,1.0
12225,nDCG@10,0.46927872602275644
12225,R@100,0.3333333333333333
12226,nDCG@10,0.0
12226,R@100,1.0
12234,nDCG@10,0.6131471927654584
12234,R@100,0.5
12246,nDCG@10,1.0
12246,R@100,1.0
12249,nDCG@10,0.3333333333333333
12249,R@100,1.0
1225,nDCG@10,0.23719771276929622
1225,R@100,1.0
12259,nDCG@10,0.5417283498857706
12259,R@100,0.8333333333333334
12260,nDCG@10,0.8065735963827293
12260,R@100,1.0
12266,nDCG@10,0.6131471927654584
12266,R@100,1.0
1227,nDCG@10,0.9469024295259745
1227,R@100,1.0
12279,nDCG@10,0.6131471927654584
12279,R@100,1.0
12282,nDCG@10,0.8175295903539445
12282,R@100,1.0
12285,nDCG@10,0.0
12285,R@100,1.0
12293,nDCG@10,1.0
12293,R@100,1.0
12295,nDCG@10,0.23463936301137822
12295,R@100,1.0
12296,nDCG@10,1.0
12296,R@100,1.0
12298,nDCG@10,0.0
12298,R@100,1.0
12314,nDCG@10,0.0
12314,R@100,0.0
12320,nDCG@10,1.0
12320,R@100,1.0
12329,nDCG@10,0.46927872602275644
12329,R@100,0.6666666666666666
12333,nDCG@10,0.7860137352654724
12333,R@100,1.0
12335,nDCG@10,0.7500319600404105
12335,R@100,0.8333333333333334
12340,nDCG@10,0.27487633291429087
12340,R@100,0.7142857142857143
12347,nDCG@10,1.0
12347,R@100,1.0
12349,nDCG@10,0.5
12349,R@100,1.0
1235,nDCG@10,0.0
1235,R@100,1.0
12351,nDCG@10,0.31546487678572877
12351,R@100,1.0
12356,nDCG@10,0.43067655807339306
12356,R@100,1.0
12359,nDCG@10,0.5
12359,R@100,1.0
12366,nDCG@10,0.21840743681816419
12366,R@100,1.0
12369,nDCG@10,0.0
12369,R@100,1.0
1237,nDCG@10,0.13120507751234178
1237,R@100,0.2
12373,nDCG@10,1.0
12373,R@100,1.0
12379,nDCG@10,0.6309297535714575
12379,R@100,1.0
1238,nDCG@10,0.6309297535714575
1238,R@100,1.0
12384,nDCG@10,1.0
12384,R@100,1.0
1239,nDCG@10,1.0
1239,R@100,1.0
12392,nDCG@10,0.0
12392,R@100,0.5
12394,nDCG@10,0.8223723458399597
12394,R@100,1.0
12399,nDCG@10,0.0
12399,R@100,0.5
1240,nDCG@10,0.8048099750039491
1240,R@100,1.0
12415,nDCG@10,0.5855700749881525
12415,R@100,1.0
1244,nDCG@10,0.6105456988825855
1244,R@100,1.0
12440,nDCG@10,0.2529427027676571
12440,R@100,1.0
1245,nDCG@10,0.6131471927654584
1245,R@100,1.0
12454,nDCG@10,0.0
12454,R@100,0.0
12455,nDCG@10,0.7751482523375255
12455,R@100,1.0
12459,nDCG@10,0.2960819109658652
12459,R@100,1.0
1247,nDCG@10,0.38685280723454163
1247,R@100,1.0
12472,nDCG@10,0.0
12472,R@100,1.0
12480,nDCG@10,0.0
12480,R@100,0.5
12481,nDCG@10,1.0
12481,R@100,1.0
12482,nDCG@10,0.40179981797758046
12482,R@100,0.6666666666666666
12488,nDCG@10,0.31546487678572877
12488,R@100,1.0
125,nDCG@10,0.5
125,R@100,1.0
12500,nDCG@10,0.6131471927654584
12500,R@100,0.5
12509,nDCG@10,1.0
12509,R@100,1.0
1251,nDCG@10,0.8276904491046954
1251,R@100,1.0
12510,nDCG@10,0.19342640361727081
12510,R@100,1.0
12519,nDCG@10,0.6131471927654584
12519,R@100,1.0
1252,nDCG@10,0.2640681225725909
1252,R@100,1.0
12524,nDCG@10,0.9565912771023182
12524,R@100,1.0
12526,nDCG@10,1.0
12526,R@100,1.0
1253,nDCG@10,0.5585075862632192
1253,R@100,1.0
12530,nDCG@10,0.0
12530,R@100,0.0
12535,nDCG@10,1.0
12535,R@100,1.0
12536,nDCG@10,0.0
12536,R@100,0.0
12540,nDCG@10,0.0
12540,R@100,1.0
12545,nDCG@10,1.0
12545,R@100,1.0
12553,nDCG@10,1.0
12553,R@100,1.0
12556,nDCG@10,0.43067655807339306
12556,R@100,1.0
12560,nDCG@10,1.0
12560,R@100,1.0
12563,nDCG@10,1.0
12563,R@100,1.0
12571,nDCG@10,1.0
12571,R@100,1.0
12572,nDCG@10,0.5
12572,R@100,1.0
12574,nDCG@10,0.0
12574,R@100,0.2
1258,nDCG@10,0.8200261225503443
1258,R@100,1.0
12597,nDCG@10,0.38685280723454163
12597,R@100,1.0
126,nDCG@10,0.5
126,R@100,1.0
12605,nDCG@10,0.0
12605,R@100,1.0
12607,nDCG@10,0.14465249243306436
12607,R@100,0.8
12615,nDCG@10,0.2640681225725909
12615,R@100,1.0
12625,nDCG@10,0.6309297535714575
12625,R@100,1.0
12643,nDCG@10,0.0
12643,R@100,1.0
12646,nDCG@10,1.0
12646,R@100,1.0
12649,nDCG@10,0.0
12649,R@100,0.0
12651,nDCG@10,0.6131471927654584
12651,R@100,0.5
12655,nDCG@10,0.9197207891481876
12655,R@100,1.0
12657,nDCG@10,0.0
12657,R@100,1.0
12660,nDCG@10,0.38685280723454163
12660,R@100,1.0
12665,nDCG@10,0.5
12665,R@100,1.0
12669,nDCG@10,0.0
12669,R@100,0.0
12670,nDCG@10,0.0
12670,R@100,0.0
12671,nDCG@10,0.6508205185601091
12671,R@100,0.6666666666666666
12672,nDCG@10,0.0
12672,R@100,0.0
12680,nDCG@10,0.6816587806335841
12680,R@100,1.0
12692,nDCG@10,1.0
12692,R@100,1.0
1270,nDCG@10,1.0
1270,R@100,1.0
12705,nDCG@10,0.32703966649239957
12705,R@100,1.0
12709,nDCG@10,0.4103915680233244
12709,R@100,0.5
12712,nDCG@10,0.5307212739772434
12712,R@100,1.0
12714,nDCG@10,1.0
12714,R@100,1.0
12720,nDCG@10,0.6131471927654584
12720,R@100,0.5
12721,nDCG@10,0.21840743681816419
12721,R@100,0.5
12723,nDCG@10,0.3903800499921017
12723,R@100,0.5
12727,nDCG@10,0.6131471927654584
12727,R@100,0.5
12729,nDCG@10,0.7039180890341347
12729,R@100,1.0
12730,nDCG@10,0.0
12730,R@100,1.0
12739,nDCG@10,0.0
12739,R@100,1.0
12754,nDCG@10,0.6509209298071326
12754,R@100,1.0
12755,nDCG@10,0.0
12755,R@100,1.0
12758,nDCG@10,0.31546487678572877
12758,R@100,1.0
12764,nDCG@10,0.9121559825872436
12764,R@100,1.0
12782,nDCG@10,0.16812753627111746
12782,R@100,0.5
12784,nDCG@10,0.0
12784,R@100,0.0
12787,nDCG@10,1.0
12787,R@100,1.0
12790,nDCG@10,0.5706417189553201
12790,R@100,1.0
12793,nDCG@10,0.46927872602275644
12793,R@100,0.3333333333333333
12804,nDCG@10,0.5
12804,R@100,1.0
1281,nDCG@10,0.0
1281,R@100,1.0
1282,nDCG@10,0.2960819109658652
1282,R@100,0.6666666666666666
12821,nDCG@10,0.09803928583135704
12821,R@100,0.8
12829,nDCG@10,0.0
12829,R@100,1.0
12836,nDCG@10,0.0
12836,R@100,0.0
1284,nDCG@10,0.38685280723454163
1284,R@100,0.5
12841,nDCG@10,0.0
12841,R@100,1.0
12842,nDCG@10,0.6131471927654584
12842,R@100,1.0
12849,nDCG@10,1.0
12849,R@100,1.0
12866,nDCG@10,0.3152014104491349
12866,R@100,1.0
12875,nDCG@10,0.7977228895450266
12875,R@100,1.0
1288,nDCG@10,0.0
1288,R@100,1.0
12880,nDCG@10,0.6309297535714575
12880,R@100,1.0
12889,nDCG@10,1.0
12889,R@100,1.0
12898,nDCG@10,0.0
12898,R@100,0.0
12902,nDCG@10,0.6548086577531307
12902,R@100,0.6
12910,nDCG@10,0.735916889650613
12910,R@100,1.0
12918,nDCG@10,0.0
12918,R@100,0.0
12920,nDCG@10,0.0
12920,R@100,1.0
12921,nDCG@10,0.0
12921,R@100,0.0
1293,nDCG@10,0.0
1293,R@100,1.0
12939,nDCG@10,0.11284514134893527
12939,R@100,0.75
12944,nDCG@10,0.18457569677956817
12944,R@100,1.0
12947,nDCG@10,0.9197207891481876
12947,R@100,1.0
12949,nDCG@10,1.0
12949,R@100,1.0
1296,nDCG@10,0.30281242839865
1296,R@100,1.0
12963,nDCG@10,0.0
12963,R@100,1.0
12967,nDCG@10,0.16716045496620227
12967,R@100,0.6666666666666666
12971,nDCG@10,0.38685280723454163
12971,R@100,0.5
1298,nDCG@10,0.6364391809889587
1298,R@100,1.0
12982,nDCG@10,1.0
12982,R@100,1.0
12983,nDCG@10,0.0
12983,R@100,0.0
12987,nDCG@10,0.3973220069685352
12987,R@100,1.0
13005,nDCG@10,1.0
13005,R@100,1.0
13011,nDCG@10,1.0
13011,R@100,1.0
13013,nDCG@10,0.0
13013,R@100,0.0
13018,nDCG@10,0.9217868789962071
13018,R@100,1.0
13031,nDCG@10,1.0
13031,R@100,1.0
13034,nDCG@10,0.0
13034,R@100,1.0
13039,nDCG@10,0.0
13039,R@100,0.5
13043,nDCG@10,0.0
13043,R@100,0.5
13046,nDCG@10,0.38685280723454163
13046,R@100,1.0
13047,nDCG@10,0.3010299956639812
13047,R@100,1.0
13049,nDCG@10,0.38685280723454163
13049,R@100,1.0
13052,nDCG@10,0.0
13052,R@100,0.0
13056,nDCG@10,0.0
13056,R@100,0.0
13059,nDCG@10,0.5706417189553201
13059,R@100,1.0
13062,nDCG@10,0.40298313359773236
13062,R@100,1.0
13066,nDCG@10,0.6713860725233041
13066,R@100,0.6666666666666666
13067,nDCG@10,0.46704774694449785
13067,R@100,1.0
13069,nDCG@10,0.49818925746641285
13069,R@100,1.0
1308,nDCG@10,0.0
1308,R@100,0.0
13092,nDCG@10,1.0
13092,R@100,1.0
13097,nDCG@10,1.0
13097,R@100,1.0
13099,nDCG@10,0.7039180890341347
13099,R@100,1.0
1310,nDCG@10,0.5
1310,R@100,1.0
13102,nDCG@10,0.5413996682199069
13102,R@100,1.0
13108,nDCG@10,0.23463936301137822
13108,R@100,1.0
13112,nDCG@10,0.0
13112,R@100,1.0
13113,nDCG@10,0.6504460199135362
13113,R@100,1.0
13115,nDCG@10,0.4157703243582452
13115,R@100,1.0
13118,nDCG@10,0.9197207891481876
13118,R@100,1.0
13131,nDCG@10,0.9197207891481876
13131,R@100,1.0
13134,nDCG@10,0.6934264036172708
13134,R@100,1.0
13142,nDCG@10,0.5
13142,R@100,1.0
13168,nDCG@10,0.0
13168,R@100,0.0
13175,nDCG@10,0.0
13175,R@100,0.0
13178,nDCG@10,0.6309297535714575
13178,R@100,1.0
13179,nDCG@10,0.34519134224686937
13179,R@100,0.6
13183,nDCG@10,0.0
13183,R@100,1.0
13185,nDCG@10,0.21840743681816419
13185,R@100,1.0
13186,nDCG@10,0.6131471927654584
13186,R@100,1.0
1320,nDCG@10,0.36926780146674987
1320,R@100,1.0
13200,nDCG@10,0.13905617951077562
13200,R@100,0.5
13201,nDCG@10,1.0
13201,R@100,1.0
13213,nDCG@10,1.0
13213,R@100,1.0
13215,nDCG@10,0.5
13215,R@100,1.0
13219,nDCG@10,0.0
13219,R@100,1.0
13223,nDCG@10,1.0
13223,R@100,1.0
13224,nDCG@10,0.8048099750039491
13224,R@100,1.0
13232,nDCG@10,0.6366824387328317
13232,R@100,1.0
13235,nDCG@10,1.0
13235,R@100,1.0
13237,nDCG@10,0.8772153153380493
13237,R@100,1.0
13255,nDCG@10,0.617319681505689
13255,R@100,1.0
13259,nDCG@10,1.0
13259,R@100,1.0
1327,nDCG@10,0.8179809735263114
1327,R@100,1.0
13276,nDCG@10,1.0
13276,R@100,1.0
13280,nDCG@10,0.3562071871080222
13280,R@100,1.0
13283,nDCG@10,0.6309297535714575
13283,R@100,1.0
13285,nDCG@10,0.43067655807339306
13285,R@100,1.0
13286,nDCG@10,0.38364913903790027
13286,R@100,0.6666666666666666
13293,nDCG@10,1.0
13293,R@100,1.0
13306,nDCG@10,1.0
13306,R@100,1.0
13311,nDCG@10,1.0
13311,R@100,1.0
13327,nDCG@10,1.0
13327,R@100,1.0
13329,nDCG@10,1.0
13329,R@100,1.0
1333,nDCG@10,1.0
1333,R@100,1.0
13331,nDCG@10,0.15642624200758548
13331,R@100,1.0
13335,nDCG@10,0.0
13335,R@100,1.0
1334,nDCG@10,1.0
1334,R@100,1.0
13340,nDCG@10,1.0
13340,R@100,1.0
13342,nDCG@10,0.46927872602275644
13342,R@100,0.6666666666666666
13354,nDCG@10,1.0
13354,R@100,1.0
13360,nDCG@10,0.2890648263178879
13360,R@100,1.0
13380,nDCG@10,0.17723928678404774
13380,R@100,0.5
13383,nDCG@10,1.0
13383,R@100,1.0
13396,nDCG@10,0.6257049680303419
13396,R@100,1.0
134,nDCG@10,0.0
134,R@100,0.0
13404,nDCG@10,0.2640681225725909
13404,R@100,1.0
13413,nDCG@10,0.0
13413,R@100,1.0
1342,nDCG@10,0.0
1342,R@100,0.0
13423,nDCG@10,0.0
13423,R@100,0.0
13427,nDCG@10,0.38685280723454163
13427,R@100,1.0
13428,nDCG@10,1.0
13428,R@100,1.0
13433,nDCG@10,0.0
13433,R@100,0.0
13436,nDCG@10,0.0
13436,R@100,0.0
13438,nDCG@10,0.0
13438,R@100,0.3333333333333333
13441,nDCG@10,0.0
13441,R@100,1.0
13444,nDCG@10,0.0
13444,R@100,0.0
13449,nDCG@10,0.29007579773858083
13449,R@100,0.75
13463,nDCG@10,0.0
13463,R@100,1.0
13465,nDCG@10,1.0
13465,R@100,1.0
13480,nDCG@10,0.0
13480,R@100,0.0
13482,nDCG@10,1.0
13482,R@100,1.0
13496,nDCG@10,0.23719771276929622
13496,R@100,1.0
13498,nDCG@10,0.0
13498,R@100,1.0
13500,nDCG@10,1.0
13500,R@100,1.0
13504,nDCG@10,1.0
13504,R@100,1.0
13505,nDCG@10,1.0
13505,R@100,1.0
13512,nDCG@10,0.7653606369886217
13512,R@100,1.0
13514,nDCG@10,0.0
13514,R@100,0.0
13526,nDCG@10,0.0
13526,R@100,1.0
13527,nDCG@10,0.0
13527,R@100,1.0
13534,nDCG@10,0.18154179253735267
13534,R@100,0.6666666666666666
1354,nDCG@10,1.0
1354,R@100,1.0
13557,nDCG@10,0.3562071871080222
13557,R@100,1.0
13567,nDCG@10,1.0
13567,R@100,1.0
13569,nDCG@10,0.23719771276929622
13569,R@100,1.0
1357,nDCG@10,0.6039071644781281
1357,R@100,1.0
13573,nDCG@10,0.21840743681816419
13573,R@100,0.5
13579,nDCG@10,1.0
13579,R@100,1.0
13583,nDCG@10,0.6131471927654584
13583,R@100,1.0
13596,nDCG@10,0.6131471927654584
13596,R@100,1.0
1360,nDCG@10,0.0
1360,R@100,0.0
13600,nDCG@10,0.0
13600,R@100,0.5
13606,nDCG@10,1.0
13606,R@100,1.0
13614,nDCG@10,0.31546487678572877
13614,R@100,1.0
13617,nDCG@10,1.0
13617,R@100,1.0
13630,nDCG@10,0.3562071871080222
13630,R@100,1.0
13631,nDCG@10,1.0
13631,R@100,1.0
13638,nDCG@10,0.0
13638,R@100,0.5
13639,nDCG@10,0.20438239758848611
13639,R@100,1.0
13660,nDCG@10,0.0
13660,R@100,1.0
13666,nDCG@10,0.23463936301137822
13666,R@100,1.0
13670,nDCG@10,0.0
13670,R@100,1.0
13686,nDCG@10,0.0
13686,R@100,1.0
1369,nDCG@10,0.0
1369,R@100,0.0
13691,nDCG@10,0.3333333333333333
13691,R@100,1.0
13694,nDCG@10,0.0
13694,R@100,1.0
13695,nDCG@10,0.3065735963827292
13695,R@100,0.5
13698,nDCG@10,0.0
13698,R@100,0.5
13707,nDCG@10,0.6096199500078984
13707,R@100,1.0
13710,nDCG@10,0.5
13710,R@100,1.0
13711,nDCG@10,0.0
13711,R@100,0.0
13717,nDCG@10,0.13565197343244778
13717,R@100,0.6666666666666666
13721,nDCG@10,0.6131471927654584
13721,R@100,0.5
13731,nDCG@10,0.6052602440527057
13731,R@100,1.0
13733,nDCG@10,1.0
13733,R@100,1.0
13734,nDCG@10,0.7903864795495061
13734,R@100,1.0
13745,nDCG@10,0.0
13745,R@100,0.0
13759,nDCG@10,1.0
13759,R@100,1.0
13760,nDCG@10,1.0
13760,R@100,1.0
1377,nDCG@10,0.6131471927654584
1377,R@100,1.0
13778,nDCG@10,1.0
13778,R@100,1.0
13779,nDCG@10,0.0
13779,R@100,0.0
13782,nDCG@10,0.0
13782,R@100,0.0
13789,nDCG@10,0.7977228895450266
13789,R@100,1.0
13796,nDCG@10,0.23463936301137822
13796,R@100,0.3333333333333333
13797,nDCG@10,0.0
13797,R@100,0.25
1380,nDCG@10,0.3010299956639812
1380,R@100,1.0
13803,nDCG@10,1.0
13803,R@100,1.0
13811,nDCG@10,0.23463936301137822
13811,R@100,0.6666666666666666
13813,nDCG@10,0.0
13813,R@100,0.0
1382,nDCG@10,0.0
1382,R@100,0.0
13820,nDCG@10,0.2920782154400332
13820,R@100,0.6666666666666666
13830,nDCG@10,0.23719771276929622
13830,R@100,0.5
13834,nDCG@10,0.0
13834,R@100,0.3333333333333333
13838,nDCG@10,0.6257049680303419
13838,R@100,1.0
13840,nDCG@10,0.8772153153380493
13840,R@100,1.0
13845,nDCG@10,0.5
13845,R@100,1.0
13852,nDCG@10,0.6131471927654584
13852,R@100,0.5
13864,nDCG@10,1.0
13864,R@100,1.0
13866,nDCG@10,0.0
13866,R@100,0.0
1387,nDCG@10,0.0
1387,R@100,0.0
13873,nDCG@10,0.5
13873,R@100,1.0
13881,nDCG@10,0.6309297535714575
13881,R@100,1.0
13883,nDCG@10,0.0
13883,R@100,0.0
13885,nDCG@10,0.20438239758848611
13885,R@100,1.0
13887,nDCG@10,0.0
13887,R@100,1.0
1389,nDCG@10,0.38685280723454163
1389,R@100,1.0
13910,nDCG@10,0.0
13910,R@100,1.0
13913,nDCG@10,0.32531670832675136
13913,R@100,1.0
13918,nDCG@10,0.0
13918,R@100,0.0
13920,nDCG@10,1.0
13920,R@100,1.0
13925,nDCG@10,0.0
13925,R@100,1.0
13930,nDCG@10,0.6131471927654584
13930,R@100,1.0
13937,nDCG@10,0.0
13937,R@100,1.0
1394,nDCG@10,0.0
1394,R@100,1.0
13947,nDCG@10,0.18154179253735267
13947,R@100,1.0
1395,nDCG@10,1.0
1395,R@100,1.0
13964,nDCG@10,0.8315546295836225
13964,R@100,1.0
13966,nDCG@10,0.0
13966,R@100,0.0
1397,nDCG@10,0.38685280723454163
1397,R@100,1.0
13973,nDCG@10,0.0
13973,R@100,1.0
14007,nDCG@10,0.0
14007,R@100,0.0
14015,nDCG@10,1.0
14015,R@100,1.0
14019,nDCG@10,0.17723928678404774
14019,R@100,1.0
1402,nDCG@10,0.43067655807339306
1402,R@100,1.0
14020,nDCG@10,1.0
14020,R@100,1.0
14021,nDCG@10,0.3333333333333333
14021,R@100,1.0
14028,nDCG@10,0.6309297535714575
14028,R@100,1.0
14030,nDCG@10,0.0
14030,R@100,1.0
14038,nDCG@10,1.0
14038,R@100,1.0
14039,nDCG@10,0.0
14039,R@100,0.0
1404,nDCG@10,1.0
1404,R@100,1.0
14041,nDCG@10,0.22906361076190904
14041,R@100,1.0
14042,nDCG@10,1.0
14042,R@100,1.0
14050,nDCG@10,0.0
14050,R@100,0.0
14052,nDCG@10,0.0
14052,R@100,0.0
14054,nDCG@10,0.0
14054,R@100,0.0
14056,nDCG@10,0.0
14056,R@100,0.5
1406,nDCG@10,0.8357799744028239
1406,R@100,1.0
14061,nDCG@10,0.0
14061,R@100,1.0
14062,nDCG@10,0.9197207891481876
14062,R@100,1.0
14078,nDCG@10,0.46927872602275644
14078,R@100,0.6666666666666666
14086,nDCG@10,0.0
14086,R@100,1.0
1409,nDCG@10,0.23463936301137822
1409,R@100,0.6666666666666666
14094,nDCG@10,0.8503449055347546
14094,R@100,1.0
14095,nDCG@10,1.0
14095,R@100,1.0
14102,nDCG@10,0.0
14102,R@100,0.0
14105,nDCG@10,0.0
14105,R@100,0.0
1411,nDCG@10,0.23719771276929622
1411,R@100,1.0
14116,nDCG@10,1.0
14116,R@100,1.0
1412,nDCG@10,1.0
1412,R@100,1.0
14120,nDCG@10,0.43067655807339306
14120,R@100,1.0
14121,nDCG@10,0.7308823860808565
14121,R@100,1.0
14128,nDCG@10,0.6131471927654584
14128,R@100,1.0
14141,nDCG@10,0.6366824387328317
14141,R@100,1.0
14145,nDCG@10,1.0
14145,R@100,1.0
1415,nDCG@10,0.8772153153380493
1415,R@100,1.0
14154,nDCG@10,0.0
14154,R@100,1.0
14155,nDCG@10,1.0
14155,R@100,1.0
14158,nDCG@10,0.8529278650606567
14158,R@100,1.0
1416,nDCG@10,0.6309297535714575
1416,R@100,1.0
14162,nDCG@10,0.8477774488692931
14162,R@100,1.0
14170,nDCG@10,0.43067655807339306
14170,R@100,1.0
14171,nDCG@10,0.0
14171,R@100,1.0
14176,nDCG@10,1.0
14176,R@100,1.0
14178,nDCG@10,1.0
14178,R@100,1.0
14185,nDCG@10,1.0
14185,R@100,1.0
14188,nDCG@10,1.0
14188,R@100,1.0
14207,nDCG@10,0.5135312443624667
14207,R@100,0.75
1421,nDCG@10,0.3080351663449861
1421,R@100,0.75
1422,nDCG@10,0.15642624200758548
1422,R@100,1.0
14222,nDCG@10,0.2640681225725909
14222,R@100,1.0
14225,nDCG@10,0.0
14225,R@100,1.0
14228,nDCG@10,0.38685280723454163
14228,R@100,0.5
14238,nDCG@10,0.5
14238,R@100,1.0
14240,nDCG@10,0.16812753627111746
14240,R@100,1.0
14250,nDCG@10,0.0
14250,R@100,1.0
14256,nDCG@10,0.5249161118977292
14256,R@100,1.0
14263,nDCG@10,0.0
14263,R@100,0.0
1427,nDCG@10,0.0
1427,R@100,0.0
14273,nDCG@10,0.6131471927654584
14273,R@100,0.5
14275,nDCG@10,1.0
14275,R@100,1.0
14279,nDCG@10,1.0
14279,R@100,1.0
14281,nDCG@10,0.0
14281,R@100,0.0
14283,nDCG@10,0.10699313236726378
14283,R@100,0.4
14297,nDCG@10,0.0
14297,R@100,1.0
143,nDCG@10,1.0
143,R@100,1.0
14310,nDCG@10,0.0
14310,R@100,0.0
14322,nDCG@10,1.0
14322,R@100,1.0
1433,nDCG@10,1.0
1433,R@100,1.0
14334,nDCG@10,0.5012658353418871
14334,R@100,1.0
14338,nDCG@10,0.19342640361727081
14338,R@100,0.5
14344,nDCG@10,1.0
14344,R@100,1.0
14363,nDCG@10,1.0
14363,R@100,1.0
14380,nDCG@10,0.19519002499605084
14380,R@100,1.0
14381,nDCG@10,0.9438661545147249
14381,R@100,1.0
14383,nDCG@10,0.0
14383,R@100,0.0
14387,nDCG@10,0.5
14387,R@100,1.0
1439,nDCG@10,0.38685280723454163
1439,R@100,1.0
14394,nDCG@10,1.0
14394,R@100,1.0
14395,nDCG@10,0.38685280723454163
14395,R@100,1.0
14396,nDCG@10,0.0
14396,R@100,0.5
14401,nDCG@10,0.43067655807339306
14401,R@100,1.0
14404,nDCG@10,1.0
14404,R@100,1.0
14408,nDCG@10,0.36382423297683764
14408,R@100,1.0
14423,nDCG@10,0.0
14423,R@100,0.0
14428,nDCG@10,0.3501483019834802
14428,R@100,0.6666666666666666
14429,nDCG@10,0.0
14429,R@100,0.0
14444,nDCG@10,0.0
14444,R@100,0.0
14446,nDCG@10,0.0
14446,R@100,1.0
1445,nDCG@10,0.2640681225725909
1445,R@100,1.0
14463,nDCG@10,0.123151194370365
14463,R@100,0.5
14464,nDCG@10,0.8318724637288826
14464,R@100,1.0
14468,nDCG@10,0.0
14468,R@100,1.0
14469,nDCG@10,0.0
14469,R@100,0.0
14471,nDCG@10,1.0
14471,R@100,1.0
14472,nDCG@10,0.21840743681816419
14472,R@100,0.5
14482,nDCG@10,0.6309297535714575
14482,R@100,1.0
14483,nDCG@10,1.0
14483,R@100,1.0
14495,nDCG@10,1.0
14495,R@100,1.0
14497,nDCG@10,0.3010299956639812
14497,R@100,1.0
1450,nDCG@10,0.0
1450,R@100,0.3333333333333333
14504,nDCG@10,0.0
14504,R@100,0.0
14505,nDCG@10,0.0
14505,R@100,1.0
14514,nDCG@10,0.46927872602275644
14514,R@100,1.0
14515,nDCG@10,0.25190132085971084
14515,R@100,1.0
14517,nDCG@10,0.5249810332008933
14517,R@100,1.0
14518,nDCG@10,0.6131471927654584
14518,R@100,1.0
1452,nDCG@10,0.0
1452,R@100,1.0
14527,nDCG@10,0.6309297535714575
14527,R@100,1.0
14536,nDCG@10,0.5
14536,R@100,1.0
14538,nDCG@10,0.0
14538,R@100,0.3333333333333333
14539,nDCG@10,0.6309297535714575
14539,R@100,1.0
14548,nDCG@10,0.6131471927654584
14548,R@100,1.0
14553,nDCG@10,0.0
14553,R@100,0.875
14564,nDCG@10,0.1480409554829326
14564,R@100,1.0
14568,nDCG@10,0.6366824387328317
14568,R@100,0.75
14581,nDCG@10,1.0
14581,R@100,1.0
14585,nDCG@10,0.38685280723454163
14585,R@100,1.0
1459,nDCG@10,0.21840743681816419
1459,R@100,0.5
14592,nDCG@10,0.6309297535714575
14592,R@100,1.0
14599,nDCG@10,0.0
14599,R@100,0.0
14604,nDCG@10,0.6052602440527057
14604,R@100,1.0
1461,nDCG@10,0.0
1461,R@100,0.0
14611,nDCG@10,0.6886342695939197
14611,R@100,1.0
14619,nDCG@10,0.38685280723454163
14619,R@100,1.0
1463,nDCG@10,0.0
1463,R@100,0.5
14631,nDCG@10,0.6309297535714575
14631,R@100,1.0
14642,nDCG@10,0.43067655807339306
14642,R@100,1.0
14650,nDCG@10,1.0
14650,R@100,1.0
14651,nDCG@10,0.44229834886928765
14651,R@100,1.0
14659,nDCG@10,0.0
14659,R@100,0.0
1466,nDCG@10,0.6374883738653385
1466,R@100,1.0
14662,nDCG@10,1.0
14662,R@100,1.0
14686,nDCG@10,0.5
14686,R@100,1.0
14687,nDCG@10,1.0
14687,R@100,1.0
14691,nDCG@10,0.0
14691,R@100,0.6666666666666666
14697,nDCG@10,0.6364391809889587
14697,R@100,0.6666666666666666
147,nDCG@10,0.20210734650054757
147,R@100,0.6666666666666666
14704,nDCG@10,1.0
14704,R@100,1.0
14716,nDCG@10,0.0
14716,R@100,1.0
14719,nDCG@10,0.0
14719,R@100,0.0
14721,nDCG@10,0.23719771276929622
14721,R@100,1.0
14722,nDCG@10,0.5
14722,R@100,1.0
14723,nDCG@10,0.11284514134893527
14723,R@100,1.0
14730,nDCG@10,0.7653606369886217
14730,R@100,0.6666666666666666
14731,nDCG@10,1.0
14731,R@100,1.0
14736,nDCG@10,0.0
14736,R@100,0.5
14747,nDCG@10,0.3562071871080222
14747,R@100,1.0
14756,nDCG@10,0.6131471927654584
14756,R@100,0.5
14767,nDCG@10,0.20210734650054757
14767,R@100,1.0
14781,nDCG@10,0.0
14781,R@100,1.0
14787,nDCG@10,1.0
14787,R@100,1.0
14789,nDCG@10,0.0
14789,R@100,1.0
14802,nDCG@10,0.0
14802,R@100,0.0
14804,nDCG@10,0.16958010263680806
14804,R@100,0.2
14816,nDCG@10,0.6653497124326151
14816,R@100,1.0
14817,nDCG@10,0.43067655807339306
14817,R@100,1.0
14822,nDCG@10,0.9217868789962071
14822,R@100,1.0
14832,nDCG@10,0.3562071871080222
14832,R@100,1.0
14845,nDCG@10,0.7977228895450266
14845,R@100,1.0
1485,nDCG@10,1.0
1485,R@100,1.0
14850,nDCG@10,0.38685280723454163
14850,R@100,1.0
14851,nDCG@10,1.0
14851,R@100,1.0
14856,nDCG@10,0.18154179253735267
14856,R@100,0.3333333333333333
14859,nDCG@10,0.5375811193822125
14859,R@100,1.0
14861,nDCG@10,0.6309297535714575
14861,R@100,1.0
14869,nDCG@10,0.0
14869,R@100,0.0
1487,nDCG@10,0.0
1487,R@100,0.0
1488,nDCG@10,0.0
1488,R@100,0.0
14885,nDCG@10,1.0
14885,R@100,1.0
1490,nDCG@10,0.8318724637288826
1490,R@100,1.0
14900,nDCG@10,0.0
14900,R@100,1.0
14905,nDCG@10,1.0
14905,R@100,1.0
14926,nDCG@10,0.0
14926,R@100,0.0
14938,nDCG@10,0.0
14938,R@100,1.0
14939,nDCG@10,0.5307212739772434
14939,R@100,1.0
14943,nDCG@10,0.45749452618986164
14943,R@100,1.0
14949,nDCG@10,0.0
14949,R@100,0.3333333333333333
14951,nDCG@10,0.3065735963827292
14951,R@100,1.0
14963,nDCG@10,0.0
14963,R@100,0.0
14965,nDCG@10,0.0
14965,R@100,0.4
14966,nDCG@10,0.24630238874073
14966,R@100,0.75
14967,nDCG@10,0.0
14967,R@100,0.0
14968,nDCG@10,1.0
14968,R@100,1.0
14989,nDCG@10,0.4468535299918563
14989,R@100,1.0
14991,nDCG@10,1.0
14991,R@100,1.0
14993,nDCG@10,0.5855700749881525
14993,R@100,0.5
14999,nDCG@10,0.38685280723454163
14999,R@100,1.0
150,nDCG@10,0.0
150,R@100,0.0
15004,nDCG@10,0.0
15004,R@100,0.0
15011,nDCG@10,1.0
15011,R@100,1.0
15012,nDCG@10,0.35914753008966527
15012,R@100,0.75
15015,nDCG@10,0.9783978399515039
15015,R@100,1.0
1502,nDCG@10,0.9197207891481876
1502,R@100,1.0
15022,nDCG@10,0.0
15022,R@100,0.0
15023,nDCG@10,0.5
15023,R@100,1.0
15024,nDCG@10,0.0
15024,R@100,0.5
15027,nDCG@10,0.3065735963827292
15027,R@100,0.5
15041,nDCG@10,0.0
15041,R@100,1.0
15044,nDCG@10,0.6309297535714575
15044,R@100,1.0
15048,nDCG@10,0.6131471927654584
15048,R@100,1.0
15050,nDCG@10,0.4632423659320675
15050,R@100,1.0
15054,nDCG@10,0.7868709706203587
15054,R@100,1.0
1506,nDCG@10,0.3391602052736161
1506,R@100,0.6
15061,nDCG@10,0.5847876649948583
15061,R@100,1.0
15073,nDCG@10,0.4371994911049732
15073,R@100,1.0
15074,nDCG@10,1.0
15074,R@100,1.0
15077,nDCG@10,0.0
15077,R@100,1.0
15099,nDCG@10,0.31546487678572877
15099,R@100,1.0
151,nDCG@10,0.45749452618986164
151,R@100,1.0
1510,nDCG@10,0.18154179253735267
1510,R@100,0.6666666666666666
15104,nDCG@10,0.0
15104,R@100,1.0
15107,nDCG@10,0.2890648263178879
15107,R@100,1.0
15109,nDCG@10,0.0
15109,R@100,1.0
15110,nDCG@10,1.0
15110,R@100,1.0
15111,nDCG@10,0.3562071871080222
15111,R@100,1.0
15113,nDCG@10,1.0
15113,R@100,1.0
15114,nDCG@10,0.6131471927654584
15114,R@100,1.0
15115,nDCG@10,0.4227898344066503
15115,R@100,1.0
15121,nDCG@10,0.8752903992561912
15121,R@100,1.0
15145,nDCG@10,0.0
15145,R@100,1.0
15147,nDCG@10,0.0
15147,R@100,1.0
1515,nDCG@10,0.6309297535714575
1515,R@100,1.0
15153,nDCG@10,0.6309297535714575
15153,R@100,1.0
15165,nDCG@10,0.31546487678572877
15165,R@100,1.0
15172,nDCG@10,0.6257049680303419
15172,R@100,1.0
1520,nDCG@10,0.6131471927654584
1520,R@100,0.5
15203,nDCG@10,0.0
15203,R@100,1.0
15210,nDCG@10,0.38685280723454163
15210,R@100,1.0
15215,nDCG@10,0.0
15215,R@100,1.0
15217,nDCG@10,0.38685280723454163
15217,R@100,0.5
15221,nDCG@10,0.46927872602275644
15221,R@100,0.6666666666666666
15222,nDCG@10,0.3065735963827292
15222,R@100,1.0
15232,nDCG@10,0.0
15232,R@100,0.5
15238,nDCG@10,0.0
15238,R@100,0.0
15242,nDCG@10,0.0
15242,R@100,0.0
15245,nDCG@10,0.4428328130831785
15245,R@100,1.0
1526,nDCG@10,0.0
1526,R@100,0.5
15261,nDCG@10,0.8315546295836225
15261,R@100,1.0
15266,nDCG@10,0.0
15266,R@100,0.0
15274,nDCG@10,0.0
15274,R@100,0.0
15275,nDCG@10,1.0
15275,R@100,1.0
15283,nDCG@10,0.0
15283,R@100,1.0
15288,nDCG@10,0.9197207891481876
15288,R@100,1.0
15295,nDCG@10,0.0
15295,R@100,1.0
15300,nDCG@10,0.18457569677956817
15300,R@100,0.5
15304,nDCG@10,0.23463936301137822
15304,R@100,0.3333333333333333
15314,nDCG@10,0.4935232796777481
15314,R@100,1.0
15318,nDCG@10,0.0
15318,R@100,1.0
15323,nDCG@10,0.23719771276929622
15323,R@100,1.0
15325,nDCG@10,0.0
15325,R@100,0.3333333333333333
15330,nDCG@10,0.43067655807339306
15330,R@100,1.0
1534,nDCG@10,0.0
1534,R@100,1.0
15340,nDCG@10,1.0
15340,R@100,1.0
15345,nDCG@10,0.3065735963827292
15345,R@100,1.0
15346,nDCG@10,0.0
15346,R@100,1.0
1535,nDCG@10,1.0
1535,R@100,1.0
15351,nDCG@10,0.5912352048230277
15351,R@100,1.0
15352,nDCG@10,1.0
15352,R@100,1.0
15365,nDCG@10,0.8503449055347546
15365,R@100,1.0
15369,nDCG@10,0.5
15369,R@100,1.0
15371,nDCG@10,0.6131471927654584
15371,R@100,0.5
15379,nDCG@10,1.0
15379,R@100,1.0
15386,nDCG@10,0.0
15386,R@100,0.0
15387,nDCG@10,1.0
15387,R@100,1.0
15391,nDCG@10,0.0
15391,R@100,1.0
15400,nDCG@10,0.43067655807339306
15400,R@100,1.0
15402,nDCG@10,0.6131471927654584
15402,R@100,1.0
15411,nDCG@10,0.6309297535714575
15411,R@100,1.0
15415,nDCG@10,0.0
15415,R@100,1.0
15418,nDCG@10,1.0
15418,R@100,1.0
15428,nDCG@10,0.6546154994739983
15428,R@100,1.0
1543,nDCG@10,0.8772153153380493
1543,R@100,1.0
15430,nDCG@10,0.0
15430,R@100,0.0
15436,nDCG@10,0.10086747116627115
15436,R@100,1.0
1544,nDCG@10,0.6309297535714575
1544,R@100,1.0
15446,nDCG@10,0.31546487678572877
15446,R@100,1.0
15448,nDCG@10,0.0
15448,R@100,0.0
15455,nDCG@10,1.0
15455,R@100,1.0
1546,nDCG@10,0.0
1546,R@100,0.0
15465,nDCG@10,0.0
15465,R@100,1.0
15466,nDCG@10,0.42177340954886444
15466,R@100,1.0
15469,nDCG@10,0.5
15469,R@100,1.0
15471,nDCG@10,1.0
15471,R@100,1.0
15472,nDCG@10,0.38685280723454163
15472,R@100,1.0
15473,nDCG@10,0.5714285040141098
15473,R@100,1.0
15482,nDCG@10,0.3333333333333333
15482,R@100,1.0
15488,nDCG@10,0.0
15488,R@100,0.0
1549,nDCG@10,0.0
1549,R@100,0.0
15493,nDCG@10,0.21840743681816419
15493,R@100,1.0
15509,nDCG@10,0.20210734650054757
15509,R@100,1.0
15510,nDCG@10,1.0
15510,R@100,1.0
15511,nDCG@10,0.9134015924715543
15511,R@100,1.0
1567,nDCG@10,0.0
1567,R@100,0.75
1569,nDCG@10,0.3065735963827292
1569,R@100,1.0
1579,nDCG@10,0.0
1579,R@100,1.0
1584,nDCG@10,0.6719882468370725
1584,R@100,1.0
1586,nDCG@10,1.0
1586,R@100,1.0
1590,nDCG@10,0.0
1590,R@100,0.0
1591,nDCG@10,0.43067655807339306
1591,R@100,1.0
1594,nDCG@10,0.0
1594,R@100,1.0
1595,nDCG@10,0.9217868789962071
1595,R@100,1.0
160,nDCG@10,0.7653606369886217
160,R@100,1.0
1600,nDCG@10,1.0
1600,R@100,1.0
1603,nDCG@10,0.0
1603,R@100,0.0
1604,nDCG@10,0.7484853057448934
1604,R@100,1.0
1616,nDCG@10,0.801479410942855
1616,R@100,1.0
1618,nDCG@10,0.8318724637288826
1618,R@100,1.0
162,nDCG@10,0.0
162,R@100,0.3333333333333333
1623,nDCG@10,1.0
1623,R@100,1.0
1626,nDCG@10,0.5307212739772434
1626,R@100,1.0
1627,nDCG@10,0.0
1627,R@100,0.0
163,nDCG@10,0.3333333333333333
163,R@100,1.0
1635,nDCG@10,0.10209739512291163
1635,R@100,1.0
164,nDCG@10,1.0
164,R@100,1.0
1645,nDCG@10,0.0
1645,R@100,0.0
1647,nDCG@10,0.6309297535714575
1647,R@100,1.0
1648,nDCG@10,0.46927872602275644
1648,R@100,1.0
1658,nDCG@10,0.0
1658,R@100,1.0
1661,nDCG@10,1.0
1661,R@100,1.0
1666,nDCG@10,0.2532778777010656
1666,R@100,1.0
1676,nDCG@10,0.0
1676,R@100,1.0
1678,nDCG@10,0.0
1678,R@100,0.0
1681,nDCG@10,0.3065735963827292
1681,R@100,0.5
1686,nDCG@10,0.0
1686,R@100,1.0
1702,nDCG@10,0.0
1702,R@100,1.0
1703,nDCG@10,0.8503449055347546
1703,R@100,1.0
1710,nDCG@10,0.46927872602275644
1710,R@100,0.6666666666666666
1721,nDCG@10,1.0
1721,R@100,1.0
1725,nDCG@10,0.0
1725,R@100,0.0
1736,nDCG@10,0.6309297535714575
1736,R@100,1.0
1741,nDCG@10,0.0
1741,R@100,1.0
1745,nDCG@10,0.6131471927654584
1745,R@100,1.0
1750,nDCG@10,0.5
1750,R@100,1.0
1761,nDCG@10,0.0
1761,R@100,1.0
1763,nDCG@10,0.7977228895450266
1763,R@100,1.0
1769,nDCG@10,0.6713860725233041
1769,R@100,0.6666666666666666
1775,nDCG@10,0.5254347961879998
1775,R@100,0.8888888888888888
1778,nDCG@10,0.6052602440527057
1778,R@100,1.0
1793,nDCG@10,0.0
1793,R@100,0.0
1796,nDCG@10,1.0
1796,R@100,1.0
1797,nDCG@10,1.0
1797,R@100,1.0
1798,nDCG@10,0.3903800499921017
1798,R@100,1.0
1800,nDCG@10,0.0
1800,R@100,0.0
1808,nDCG@10,0.0
1808,R@100,1.0
1810,nDCG@10,0.9469024295259745
1810,R@100,1.0
1811,nDCG@10,1.0
1811,R@100,1.0
1812,nDCG@10,0.15642624200758548
1812,R@100,0.6666666666666666
1815,nDCG@10,1.0
1815,R@100,1.0
1816,nDCG@10,1.0
1816,R@100,1.0
1827,nDCG@10,0.7903864795495061
1827,R@100,1.0
183,nDCG@10,0.0
183,R@100,1.0
1835,nDCG@10,0.31546487678572877
1835,R@100,1.0
1839,nDCG@10,1.0
1839,R@100,1.0
184,nDCG@10,0.8175295903539445
184,R@100,1.0
1844,nDCG@10,0.20210734650054757
1844,R@100,0.6666666666666666
1847,nDCG@10,0.6131471927654584
1847,R@100,1.0
1861,nDCG@10,0.0
1861,R@100,1.0
1866,nDCG@10,0.0
1866,R@100,0.2
1869,nDCG@10,1.0
1869,R@100,1.0
187,nDCG@10,0.0
187,R@100,0.0
1870,nDCG@10,0.0
1870,R@100,0.75
1872,nDCG@10,0.2960819109658652
1872,R@100,0.3333333333333333
1874,nDCG@10,0.0
1874,R@100,1.0
1875,nDCG@10,0.430624116386567
1875,R@100,1.0
1876,nDCG@10,0.8451850618939637
1876,R@100,1.0
188,nDCG@10,1.0
188,R@100,1.0
1888,nDCG@10,0.38685280723454163
1888,R@100,1.0
1890,nDCG@10,0.0
1890,R@100,1.0
1891,nDCG@10,0.6131471927654584
1891,R@100,1.0
1895,nDCG@10,0.6131471927654584
1895,R@100,1.0
1899,nDCG@10,0.0
1899,R@100,0.3333333333333333
1900,nDCG@10,0.0
1900,R@100,0.0
1905,nDCG@10,0.0
1905,R@100,0.0
1912,nDCG@10,0.16716045496620227
1912,R@100,1.0
1913,nDCG@10,0.46927872602275644
1913,R@100,0.3333333333333333
193,nDCG@10,0.7227265726449519
193,R@100,0.8
1931,nDCG@10,1.0
1931,R@100,1.0
1933,nDCG@10,0.0
1933,R@100,1.0
1939,nDCG@10,0.3562071871080222
1939,R@100,1.0
1940,nDCG@10,0.0
1940,R@100,0.6666666666666666
1946,nDCG@10,0.1480409554829326
1946,R@100,0.6666666666666666
1949,nDCG@10,0.0
1949,R@100,1.0
1955,nDCG@10,1.0
1955,R@100,1.0
1959,nDCG@10,0.0
1959,R@100,0.0
196,nDCG@10,0.38685280723454163
196,R@100,1.0
1963,nDCG@10,0.43067655807339306
1963,R@100,1.0
1966,nDCG@10,0.13565197343244778
1966,R@100,0.6666666666666666
1967,nDCG@10,1.0
1967,R@100,1.0
197,nDCG@10,1.0
197,R@100,1.0
1971,nDCG@10,0.0
1971,R@100,1.0
1984,nDCG@10,0.6309297535714575
1984,R@100,1.0
1990,nDCG@10,0.448643819352159
1990,R@100,1.0
1995,nDCG@10,0.6309297535714575
1995,R@100,1.0
1998,nDCG@10,0.6309297535714575
1998,R@100,1.0
1999,nDCG@10,0.0
1999,R@100,0.0
2004,nDCG@10,0.6309297535714575
2004,R@100,1.0
2007,nDCG@10,0.6131471927654584
2007,R@100,0.5
2017,nDCG@10,0.0
2017,R@100,1.0
2024,nDCG@10,0.6131471927654584
2024,R@100,1.0
204,nDCG@10,0.6131471927654584
204,R@100,0.5
2045,nDCG@10,0.0
2045,R@100,0.0
2048,nDCG@10,0.0
2048,R@100,0.0
2049,nDCG@10,1.0
2049,R@100,1.0
2053,nDCG@10,1.0
2053,R@100,1.0
2062,nDCG@10,0.13905617951077562
2062,R@100,0.75
2066,nDCG@10,0.16716045496620227
2066,R@100,1.0
207,nDCG@10,0.0
207,R@100,0.5
2076,nDCG@10,1.0
2076,R@100,1.0
2078,nDCG@10,0.14126697285982898
2078,R@100,1.0
2086,nDCG@10,0.0
2086,R@100,0.0
2087,nDCG@10,0.46927872602275644
2087,R@100,1.0
2090,nDCG@10,0.0
2090,R@100,1.0
2096,nDCG@10,0.0
2096,R@100,1.0
2097,nDCG@10,0.6131471927654584
2097,R@100,1.0
210,nDCG@10,0.23463936301137822
210,R@100,0.3333333333333333
2102,nDCG@10,0.0
2102,R@100,0.0
2103,nDCG@10,0.0
2103,R@100,1.0
211,nDCG@10,1.0
211,R@100,1.0
2112,nDCG@10,0.10778915452451093
2112,R@100,1.0
2113,nDCG@10,0.0
2113,R@100,1.0
2114,nDCG@10,0.0
2114,R@100,0.0
2115,nDCG@10,0.0
2115,R@100,0.0
2117,nDCG@10,1.0
2117,R@100,1.0
2120,nDCG@10,0.9060254355346823
2120,R@100,1.0
2123,nDCG@10,1.0
2123,R@100,1.0
2129,nDCG@10,0.0
2129,R@100,0.0
2132,nDCG@10,1.0
2132,R@100,1.0
2133,nDCG@10,1.0
2133,R@100,1.0
2140,nDCG@10,0.8529278650606567
2140,R@100,1.0
2141,nDCG@10,0.0
2141,R@100,1.0
2143,nDCG@10,0.0
2143,R@100,0.0
2147,nDCG@10,0.0
2147,R@100,0.5
2156,nDCG@10,0.0
2156,R@100,1.0
2164,nDCG@10,0.6131471927654584
2164,R@100,1.0
2166,nDCG@10,0.0
2166,R@100,0.0
2186,nDCG@10,0.5
2186,R@100,1.0
2192,nDCG@10,0.18154179253735267
2192,R@100,1.0
2197,nDCG@10,0.4776237035032179
2197,R@100,1.0
2200,nDCG@10,0.31546487678572877
2200,R@100,1.0
2203,nDCG@10,0.6309297535714575
2203,R@100,1.0
222,nDCG@10,0.0
222,R@100,0.0
2224,nDCG@10,0.6309297535714575
2224,R@100,1.0
2225,nDCG@10,0.0
2225,R@100,0.0
2234,nDCG@10,1.0
2234,R@100,1.0
2239,nDCG@10,0.6309297535714575
2239,R@100,1.0
2241,nDCG@10,0.7977228895450266
2241,R@100,1.0
2252,nDCG@10,0.43734888382569426
2252,R@100,1.0
2255,nDCG@10,1.0
2255,R@100,1.0
2261,nDCG@10,0.7903864795495061
2261,R@100,1.0
2266,nDCG@10,0.0
2266,R@100,0.0
2270,nDCG@10,1.0
2270,R@100,1.0
2271,nDCG@10,0.6052602440527057
2271,R@100,1.0
2272,nDCG@10,0.6508205185601091
2272,R@100,1.0
228,nDCG@10,0.0
228,R@100,1.0
2283,nDCG@10,0.0
2283,R@100,0.5
2287,nDCG@10,0.0
2287,R@100,0.0
2290,nDCG@10,0.0
2290,R@100,0.0
2291,nDCG@10,0.13012668333070054
2291,R@100,1.0
2292,nDCG@10,0.0
2292,R@100,0.0
2294,nDCG@10,0.21398626473452756
2294,R@100,1.0
2299,nDCG@10,0.6309297535714575
2299,R@100,1.0
2301,nDCG@10,0.0
2301,R@100,1.0
2312,nDCG@10,1.0
2312,R@100,1.0
2314,nDCG@10,0.0
2314,R@100,0.3333333333333333
2330,nDCG@10,0.18154179253735267
2330,R@100,0.3333333333333333
2340,nDCG@10,0.6309297535714575
2340,R@100,1.0
2343,nDCG@10,0.0
2343,R@100,1.0
2345,nDCG@10,0.3333333333333333
2345,R@100,1.0
2353,nDCG@10,0.0
2353,R@100,0.0
2355,nDCG@10,0.5012658353418871
2355,R@100,1.0
2356,nDCG@10,0.0
2356,R@100,0.0
2367,nDCG@10,1.0
2367,R@100,1.0
2370,nDCG@10,0.0
2370,R@100,1.0
2375,nDCG@10,0.19519002499605084
2375,R@100,1.0
2377,nDCG@10,0.21840743681816419
2377,R@100,0.5
238,nDCG@10,0.0
238,R@100,0.5
2384,nDCG@10,0.46927872602275644
2384,R@100,0.3333333333333333
2393,nDCG@10,0.3333333333333333
2393,R@100,1.0
2394,nDCG@10,0.0
2394,R@100,0.0
2396,nDCG@10,1.0
2396,R@100,1.0
2397,nDCG@10,0.0
2397,R@100,0.0
2398,nDCG@10,0.31546487678572877
2398,R@100,1.0
2400,nDCG@10,0.6713860725233041
2400,R@100,0.6666666666666666
2406,nDCG@10,0.2640681225725909
2406,R@100,1.0
2416,nDCG@10,0.38685280723454163
2416,R@100,1.0
2420,nDCG@10,1.0
2420,R@100,1.0
2423,nDCG@10,0.0
2423,R@100,0.0
2429,nDCG@10,1.0
2429,R@100,1.0
243,nDCG@10,0.43067655807339306
243,R@100,1.0
2430,nDCG@10,0.14606834984270645
2430,R@100,0.4
2432,nDCG@10,0.0
2432,R@100,1.0
2438,nDCG@10,1.0
2438,R@100,1.0
244,nDCG@10,0.0
244,R@100,1.0
2445,nDCG@10,0.8539316501572937
2445,R@100,1.0
2449,nDCG@10,0.0
2449,R@100,0.0
2450,nDCG@10,0.0
2450,R@100,0.0
2454,nDCG@10,1.0
2454,R@100,1.0
2461,nDCG@10,0.6309297535714575
2461,R@100,1.0
2464,nDCG@10,0.0
2464,R@100,0.0
2474,nDCG@10,0.21875138291954288
2474,R@100,0.3333333333333333
2481,nDCG@10,1.0
2481,R@100,1.0
2488,nDCG@10,0.8503449055347546
2488,R@100,1.0
2499,nDCG@10,0.0
2499,R@100,0.5
2502,nDCG@10,0.0
2502,R@100,0.0
2505,nDCG@10,0.0
2505,R@100,1.0
2516,nDCG@10,0.0
2516,R@100,0.0
2533,nDCG@10,0.7720911544214064
2533,R@100,1.0
2539,nDCG@10,1.0
2539,R@100,1.0
256,nDCG@10,0.3903800499921017
256,R@100,0.5
2570,nDCG@10,0.0
2570,R@100,0.0
2579,nDCG@10,0.0
2579,R@100,0.0
2580,nDCG@10,0.6309297535714575
2580,R@100,1.0
2584,nDCG@10,0.0
2584,R@100,0.5
2595,nDCG@10,1.0
2595,R@100,1.0
2596,nDCG@10,0.20210734650054757
2596,R@100,1.0
2598,nDCG@10,0.0
2598,R@100,0.5
2602,nDCG@10,1.0
2602,R@100,1.0
2611,nDCG@10,0.6309297535714575
2611,R@100,1.0
2619,nDCG@10,0.31546487678572877
2619,R@100,1.0
262,nDCG@10,1.0
262,R@100,1.0
2625,nDCG@10,0.0
2625,R@100,1.0
2627,nDCG@10,0.0
2627,R@100,0.0
2628,nDCG@10,0.0
2628,R@100,1.0
2631,nDCG@10,0.0
2631,R@100,1.0
2632,nDCG@10,0.8503449055347546
2632,R@100,1.0
2635,nDCG@10,1.0
2635,R@100,1.0
2636,nDCG@10,0.46927872602275644
2636,R@100,0.3333333333333333
2641,nDCG@10,1.0
2641,R@100,1.0
2653,nDCG@10,0.0
2653,R@100,1.0
2657,nDCG@10,0.0
2657,R@100,0.8571428571428571
2685,nDCG@10,0.19342640361727081
2685,R@100,1.0
2694,nDCG@10,0.0
2694,R@100,1.0
2696,nDCG@10,0.41183384043543503
2696,R@100,1.0
2701,nDCG@10,1.0
2701,R@100,1.0
2702,nDCG@10,1.0
2702,R@100,1.0
2704,nDCG@10,0.6052602440527057
2704,R@100,1.0
2712,nDCG@10,0.43067655807339306
2712,R@100,1.0
2721,nDCG@10,0.0
2721,R@100,1.0
2722,nDCG@10,0.0
2722,R@100,0.5
2723,nDCG@10,0.0
2723,R@100,0.0
2724,nDCG@10,0.6131471927654584
2724,R@100,0.5
2728,nDCG@10,0.18154179253735267
2728,R@100,0.6666666666666666
2734,nDCG@10,0.3562071871080222
2734,R@100,1.0
2739,nDCG@10,0.3986875657977409
2739,R@100,1.0
2745,nDCG@10,0.0
2745,R@100,0.0
2750,nDCG@10,0.23719771276929622
2750,R@100,0.5
2753,nDCG@10,0.6131471927654584
2753,R@100,1.0
2758,nDCG@10,1.0
2758,R@100,1.0
2759,nDCG@10,0.19342640361727081
2759,R@100,1.0
276,nDCG@10,0.0
276,R@100,0.0
2768,nDCG@10,0.6309297535714575
2768,R@100,1.0
2777,nDCG@10,0.6309297535714575
2777,R@100,1.0
2780,nDCG@10,0.6366824387328317
2780,R@100,1.0
2788,nDCG@10,0.8772153153380493
2788,R@100,1.0
2789,nDCG@10,0.7653606369886217
2789,R@100,1.0
2798,nDCG@10,1.0
2798,R@100,1.0
2803,nDCG@10,0.9197207891481876
2803,R@100,1.0
2811,nDCG@10,1.0
2811,R@100,1.0
2816,nDCG@10,0.49665958390838216
2816,R@100,0.8571428571428571
2824,nDCG@10,0.0
2824,R@100,1.0
2826,nDCG@10,0.3333333333333333
2826,R@100,1.0
2832,nDCG@10,1.0
2832,R@100,1.0
284,nDCG@10,0.20210734650054757
284,R@100,0.6666666666666666
2848,nDCG@10,0.18154179253735267
2848,R@100,1.0
2857,nDCG@10,0.0
2857,R@100,1.0
2858,nDCG@10,0.0
2858,R@100,0.3333333333333333
2860,nDCG@10,1.0
2860,R@100,1.0
2867,nDCG@10,0.0
2867,R@100,0.0
2869,nDCG@10,1.0
2869,R@100,1.0
2875,nDCG@10,0.0
2875,R@100,0.0
2879,nDCG@10,1.0
2879,R@100,1.0
2893,nDCG@10,1.0
2893,R@100,1.0
2896,nDCG@10,0.6309297535714575
2896,R@100,1.0
29,nDCG@10,0.0
29,R@100,0.0
290,nDCG@10,0.0
290,R@100,1.0
2900,nDCG@10,0.6240505200038379
2900,R@100,1.0
2901,nDCG@10,0.5
2901,R@100,1.0
2903,nDCG@10,0.43067655807339306
2903,R@100,1.0
2904,nDCG@10,1.0
2904,R@100,1.0
2911,nDCG@10,1.0
2911,R@100,1.0
2915,nDCG@10,0.0
2915,R@100,1.0
2931,nDCG@10,0.0
2931,R@100,1.0
2936,nDCG@10,0.8318724637288826
2936,R@100,1.0
2942,nDCG@10,0.43067655807339306
2942,R@100,1.0
2948,nDCG@10,0.6131471927654584
2948,R@100,1.0
2955,nDCG@10,0.38685280723454163
2955,R@100,1.0
2960,nDCG@10,0.20210734650054757
2960,R@100,1.0
2961,nDCG@10,0.0
2961,R@100,0.0
2964,nDCG@10,1.0
2964,R@100,1.0
2968,nDCG@10,0.6366824387328317
2968,R@100,1.0
2977,nDCG@10,0.0
2977,R@100,0.5
2988,nDCG@10,1.0
2988,R@100,1.0
299,nDCG@10,0.0
299,R@100,0.6666666666666666
2991,nDCG@10,0.3065735963827292
2991,R@100,1.0
2999,nDCG@10,0.6309297535714575
2999,R@100,1.0
3003,nDCG@10,0.0
3003,R@100,0.0
3013,nDCG@10,0.0
3013,R@100,0.0
3014,nDCG@10,0.6608397947263839
3014,R@100,1.0
3015,nDCG@10,0.4911492931622974
3015,R@100,1.0
3019,nDCG@10,0.46927872602275644
3019,R@100,0.6666666666666666
302,nDCG@10,0.8175295903539445
302,R@100,1.0
3020,nDCG@10,0.6508205185601091
3020,R@100,0.6666666666666666
3021,nDCG@10,0.0
3021,R@100,1.0
3022,nDCG@10,0.0
3022,R@100,0.0
3026,nDCG@10,0.5690452801389739
3026,R@100,1.0
3033,nDCG@10,0.0
3033,R@100,0.0
3034,nDCG@10,1.0
3034,R@100,1.0
3039,nDCG@10,0.6309297535714575
3039,R@100,1.0
3040,nDCG@10,0.46845052016107697
3040,R@100,1.0
3044,nDCG@10,1.0
3044,R@100,1.0
3047,nDCG@10,0.0
3047,R@100,0.0
3051,nDCG@10,0.3333333333333333
3051,R@100,1.0
3053,nDCG@10,0.0
3053,R@100,1.0
3057,nDCG@10,0.5
3057,R@100,1.0
306,nDCG@10,1.0
306,R@100,1.0
3060,nDCG@10,0.0
3060,R@100,0.0
3061,nDCG@10,0.448643819352159
3061,R@100,1.0
3073,nDCG@10,0.0
3073,R@100,1.0
308,nDCG@10,0.6309297535714575
308,R@100,1.0
3081,nDCG@10,0.0
3081,R@100,1.0
3090,nDCG@10,0.0
3090,R@100,0.3333333333333333
3092,nDCG@10,0.6589157729763341
3092,R@100,1.0
3093,nDCG@10,1.0
3093,R@100,1.0
3097,nDCG@10,0.8048099750039491
3097,R@100,1.0
3098,nDCG@10,1.0
3098,R@100,1.0
31,nDCG@10,0.0
31,R@100,0.0
3111,nDCG@10,0.0
3111,R@100,0.5
3114,nDCG@10,0.0
3114,R@100,0.0
3115,nDCG@10,0.0
3115,R@100,0.0
3125,nDCG@10,1.0
3125,R@100,1.0
3126,nDCG@10,0.5
3126,R@100,1.0
3128,nDCG@10,0.43067655807339306
3128,R@100,1.0
3131,nDCG@10,0.43067655807339306
3131,R@100,1.0
3133,nDCG@10,0.6131471927654584
3133,R@100,1.0
3140,nDCG@10,1.0
3140,R@100,1.0
3149,nDCG@10,0.23719771276929622
3149,R@100,0.5
315,nDCG@10,0.8048099750039491
315,R@100,1.0
3151,nDCG@10,0.0
3151,R@100,1.0
3153,nDCG@10,0.0
3153,R@100,0.0
3158,nDCG@10,0.25190132085971084
3158,R@100,1.0
3164,nDCG@10,0.0
3164,R@100,0.0
3165,nDCG@10,0.5390031312763821
3165,R@100,0.75
3172,nDCG@10,0.3562071871080222
3172,R@100,1.0
3173,nDCG@10,0.0
3173,R@100,0.0
3188,nDCG@10,1.0
3188,R@100,1.0
3194,nDCG@10,0.0
3194,R@100,0.0
32,nDCG@10,0.0
32,R@100,1.0
3203,nDCG@10,0.23719771276929622
3203,R@100,0.5
3207,nDCG@10,0.0
3207,R@100,0.0
3210,nDCG@10,0.8772153153380493
3210,R@100,1.0
3211,nDCG@10,0.38685280723454163
3211,R@100,1.0
3212,nDCG@10,0.6309297535714575
3212,R@100,1.0
3218,nDCG@10,0.3391602052736161
3218,R@100,0.4
3231,nDCG@10,0.0
3231,R@100,0.0
3234,nDCG@10,0.0
3234,R@100,0.0
324,nDCG@10,0.5585075862632192
324,R@100,1.0
3265,nDCG@10,0.5294362295028773
3265,R@100,0.75
327,nDCG@10,0.0
327,R@100,0.5
3273,nDCG@10,1.0
3273,R@100,1.0
3274,nDCG@10,0.0
3274,R@100,0.0
3284,nDCG@10,0.0
3284,R@100,0.0
3285,nDCG@10,0.0
3285,R@100,0.2
3302,nDCG@10,1.0
3302,R@100,1.0
3306,nDCG@10,0.4138385819070219
3306,R@100,1.0
3308,nDCG@10,1.0
3308,R@100,1.0
3311,nDCG@10,1.0
3311,R@100,1.0
3319,nDCG@10,1.0
3319,R@100,1.0
3337,nDCG@10,0.38685280723454163
3337,R@100,1.0
3338,nDCG@10,0.6131471927654584
3338,R@100,0.5
3341,nDCG@10,0.0
3341,R@100,0.5
3342,nDCG@10,0.0
3342,R@100,0.25
3352,nDCG@10,0.43067655807339306
3352,R@100,1.0
3355,nDCG@10,0.5
3355,R@100,1.0
3357,nDCG@10,0.37037466276461056
3357,R@100,0.875
3358,nDCG@10,0.6934264036172708
3358,R@100,1.0
3362,nDCG@10,0.3562071871080222
3362,R@100,1.0
3364,nDCG@10,1.0
3364,R@100,1.0
3371,nDCG@10,1.0
3371,R@100,1.0
3379,nDCG@10,1.0
3379,R@100,1.0
3391,nDCG@10,1.0
3391,R@100,1.0
3393,nDCG@10,0.0
3393,R@100,0.0
3399,nDCG@10,0.0
3399,R@100,1.0
34,nDCG@10,0.19342640361727081
34,R@100,1.0
3401,nDCG@10,0.6364391809889587
3401,R@100,1.0
3427,nDCG@10,0.0
3427,R@100,1.0
3443,nDCG@10,0.0
3443,R@100,0.0
3444,nDCG@10,1.0
3444,R@100,1.0
3453,nDCG@10,1.0
3453,R@100,1.0
3456,nDCG@10,0.0
3456,R@100,0.0
3459,nDCG@10,0.0
3459,R@100,0.0
3461,nDCG@10,0.6131471927654584
3461,R@100,0.5
3472,nDCG@10,0.6934264036172708
3472,R@100,1.0
3474,nDCG@10,0.0
3474,R@100,0.0
3479,nDCG@10,0.0
3479,R@100,0.0
3481,nDCG@10,0.0
3481,R@100,1.0
3483,nDCG@10,0.0
3483,R@100,1.0
3489,nDCG@10,0.0
3489,R@100,0.0
3492,nDCG@10,0.6309297535714575
3492,R@100,1.0
35,nDCG@10,1.0
35,R@100,1.0
3501,nDCG@10,0.0
3501,R@100,1.0
3506,nDCG@10,0.0
3506,R@100,0.0
3509,nDCG@10,0.43067655807339306
3509,R@100,1.0
3515,nDCG@10,0.0
3515,R@100,0.0
3522,nDCG@10,0.0
3522,R@100,0.0
3526,nDCG@10,0.3562071871080222
3526,R@100,1.0
3530,nDCG@10,0.6131471927654584
3530,R@100,1.0
3532,nDCG@10,0.20210734650054757
3532,R@100,0.3333333333333333
3537,nDCG@10,0.0
3537,R@100,0.3333333333333333
354,nDCG@10,0.0
354,R@100,1.0
3543,nDCG@10,0.0
3543,R@100,0.5
3546,nDCG@10,0.31546487678572877
3546,R@100,1.0
355,nDCG@10,0.2640681225725909
355,R@100,0.5
3551,nDCG@10,0.0
3551,R@100,0.6666666666666666
3557,nDCG@10,0.4401191709229659
3557,R@100,1.0
356,nDCG@10,0.0
356,R@100,0.0
3568,nDCG@10,0.8503449055347546
3568,R@100,1.0
3570,nDCG@10,1.0
3570,R@100,1.0
3571,nDCG@10,1.0
3571,R@100,1.0
3574,nDCG@10,0.38685280723454163
3574,R@100,1.0
3578,nDCG@10,0.9197207891481876
3578,R@100,1.0
3582,nDCG@10,1.0
3582,R@100,1.0
3591,nDCG@10,0.0
3591,R@100,1.0
3593,nDCG@10,0.3010299956639812
3593,R@100,1.0
3594,nDCG@10,0.5706417189553201
3594,R@100,1.0
3595,nDCG@10,0.3562071871080222
3595,R@100,1.0
3596,nDCG@10,0.6131471927654584
3596,R@100,0.5
3599,nDCG@10,0.46927872602275644
3599,R@100,0.6666666666666666
3600,nDCG@10,0.7903864795495061
3600,R@100,1.0
3605,nDCG@10,0.0
3605,R@100,0.6666666666666666
3609,nDCG@10,0.0
3609,R@100,0.0
3618,nDCG@10,1.0
3618,R@100,1.0
3628,nDCG@10,0.6309297535714575
3628,R@100,1.0
363,nDCG@10,0.0
363,R@100,0.3333333333333333
3637,nDCG@10,1.0
3637,R@100,1.0
3638,nDCG@10,1.0
3638,R@100,1.0
3639,nDCG@10,0.23719771276929622
3639,R@100,1.0
364,nDCG@10,1.0
364,R@100,1.0
3640,nDCG@10,0.0
3640,R@100,0.0
3645,nDCG@10,0.0
3645,R@100,0.0
3646,nDCG@10,1.0
3646,R@100,1.0
3655,nDCG@10,0.8315546295836225
3655,R@100,1.0
3656,nDCG@10,0.8065735963827293
3656,R@100,1.0
3657,nDCG@10,1.0
3657,R@100,1.0
3663,nDCG@10,1.0
3663,R@100,1.0
3675,nDCG@10,0.6105456988825855
3675,R@100,1.0
3677,nDCG@10,0.17342765698823945
3677,R@100,0.7142857142857143
368,nDCG@10,0.0
368,R@100,0.6666666666666666
3689,nDCG@10,0.6509209298071326
3689,R@100,1.0
3691,nDCG@10,0.0
3691,R@100,0.0
370,nDCG@10,0.0
370,R@100,0.0
3700,nDCG@10,1.0
3700,R@100,1.0
3702,nDCG@10,0.0
3702,R@100,0.0
371,nDCG@10,0.33485807314974236
371,R@100,1.0
3710,nDCG@10,0.0
3710,R@100,1.0
3712,nDCG@10,0.0
3712,R@100,1.0
3715,nDCG@10,0.0
3715,R@100,1.0
3717,nDCG@10,1.0
3717,R@100,1.0
3721,nDCG@10,0.0
3721,R@100,0.0
3725,nDCG@10,0.16812753627111746
3725,R@100,0.5
3730,nDCG@10,0.0
3730,R@100,1.0
3738,nDCG@10,0.6131471927654584
3738,R@100,1.0
3743,nDCG@10,0.812653045383133
3743,R@100,1.0
3744,nDCG@10,0.38685280723454163
3744,R@100,1.0
3750,nDCG@10,0.38685280723454163
3750,R@100,1.0
3751,nDCG@10,0.6309297535714575
3751,R@100,1.0
3755,nDCG@10,0.5249810332008933
3755,R@100,1.0
3758,nDCG@10,0.0
3758,R@100,0.0
3765,nDCG@10,0.0
3765,R@100,0.75
3769,nDCG@10,0.6309297535714575
3769,R@100,1.0
377,nDCG@10,1.0
377,R@100,1.0
3770,nDCG@10,0.47254583883871204
3770,R@100,0.6666666666666666
3772,nDCG@10,0.0
3772,R@100,0.0
3774,nDCG@10,1.0
3774,R@100,1.0
3777,nDCG@10,0.3562071871080222
3777,R@100,1.0
378,nDCG@10,1.0
378,R@100,1.0
3793,nDCG@10,0.38685280723454163
3793,R@100,0.5
3795,nDCG@10,0.0
3795,R@100,1.0
3796,nDCG@10,0.8503449055347546
3796,R@100,1.0
3800,nDCG@10,0.0
3800,R@100,0.0
3807,nDCG@10,0.0
3807,R@100,0.0
3824,nDCG@10,0.0
3824,R@100,0.5
3833,nDCG@10,0.123151194370365
3833,R@100,1.0
3834,nDCG@10,0.2890648263178879
3834,R@100,1.0
3839,nDCG@10,0.49818925746641285
3839,R@100,1.0
3843,nDCG@10,0.17723928678404774
3843,R@100,1.0
3848,nDCG@10,0.36926780146674987
3848,R@100,1.0
3849,nDCG@10,0.0
3849,R@100,1.0
385,nDCG@10,0.0
385,R@100,0.0
3851,nDCG@10,0.3333333333333333
3851,R@100,1.0
3854,nDCG@10,1.0
3854,R@100,1.0
3857,nDCG@10,0.75369761125927
3857,R@100,0.75
3862,nDCG@10,0.7682972668889274
3862,R@100,1.0
3865,nDCG@10,0.5051284895111403
3865,R@100,1.0
3875,nDCG@10,0.0
3875,R@100,0.0
3877,nDCG@10,1.0
3877,R@100,1.0
3883,nDCG@10,0.0
3883,R@100,1.0
3888,nDCG@10,0.5
3888,R@100,1.0
3892,nDCG@10,0.0
3892,R@100,1.0
3894,nDCG@10,0.46927872602275644
3894,R@100,1.0
3901,nDCG@10,0.3065735963827292
3901,R@100,1.0
3910,nDCG@10,0.2890648263178879
3910,R@100,1.0
3917,nDCG@10,0.0
3917,R@100,0.0
3925,nDCG@10,0.0
3925,R@100,1.0
3934,nDCG@10,0.6131471927654584
3934,R@100,0.5
3938,nDCG@10,0.7977228895450266
3938,R@100,1.0
3941,nDCG@10,1.0
3941,R@100,1.0
3942,nDCG@10,0.5706417189553201
3942,R@100,1.0
3950,nDCG@10,0.0
3950,R@100,1.0
3953,nDCG@10,0.6131471927654584
3953,R@100,0.5
3958,nDCG@10,0.617319681505689
3958,R@100,1.0
3977,nDCG@10,0.49818925746641285
3977,R@100,1.0
3982,nDCG@10,0.3065735963827292
3982,R@100,0.5
3986,nDCG@10,0.0
3986,R@100,1.0
3993,nDCG@10,0.6309297535714575
3993,R@100,1.0
3997,nDCG@10,1.0
3997,R@100,1.0
3999,nDCG@10,0.38685280723454163
3999,R@100,1.0
4006,nDCG@10,0.8503449055347546
4006,R@100,1.0
4010,nDCG@10,0.36926780146674987
4010,R@100,1.0
4019,nDCG@10,0.6309297535714575
4019,R@100,1.0
4024,nDCG@10,0.19342640361727081
4024,R@100,0.5
4026,nDCG@10,0.0
4026,R@100,0.75
4031,nDCG@10,0.123151194370365
4031,R@100,0.5
4039,nDCG@10,1.0
4039,R@100,1.0
4048,nDCG@10,0.6131471927654584
4048,R@100,1.0
405,nDCG@10,1.0
405,R@100,1.0
4050,nDCG@10,0.3108658234453849
4050,R@100,1.0
4051,nDCG@10,1.0
4051,R@100,1.0
4056,nDCG@10,0.6934264036172708
4056,R@100,1.0
4057,nDCG@10,1.0
4057,R@100,1.0
4059,nDCG@10,0.7039180890341347
4059,R@100,0.6666666666666666
4064,nDCG@10,1.0
4064,R@100,1.0
4072,nDCG@10,0.5
4072,R@100,1.0
4074,nDCG@10,1.0
4074,R@100,1.0
4078,nDCG@10,0.7190932595736889
4078,R@100,1.0
4085,nDCG@10,1.0
4085,R@100,1.0
4088,nDCG@10,0.2960819109658652
4088,R@100,1.0
4102,nDCG@10,0.0
4102,R@100,0.0
4106,nDCG@10,0.0
4106,R@100,1.0
4111,nDCG@10,0.2716774977597197
4111,R@100,0.8
4113,nDCG@10,1.0
4113,R@100,1.0
4114,nDCG@10,0.0
4114,R@100,0.0
4119,nDCG@10,0.0
4119,R@100,1.0
4122,nDCG@10,0.38685280723454163
4122,R@100,1.0
4130,nDCG@10,0.6131471927654584
4130,R@100,1.0
4131,nDCG@10,0.5912352048230277
4131,R@100,1.0
4137,nDCG@10,0.4776237035032179
4137,R@100,1.0
4147,nDCG@10,0.6309297535714575
4147,R@100,1.0
4151,nDCG@10,0.0
4151,R@100,0.0
4157,nDCG@10,1.0
4157,R@100,1.0
416,nDCG@10,0.0
416,R@100,0.0
4166,nDCG@10,0.0
4166,R@100,1.0
4167,nDCG@10,0.0
4167,R@100,1.0
4169,nDCG@10,0.0
4169,R@100,0.0
4170,nDCG@10,0.43067655807339306
4170,R@100,1.0
4173,nDCG@10,0.7653606369886217
4173,R@100,1.0
4174,nDCG@10,0.17723928678404774
4174,R@100,0.5
4175,nDCG@10,0.8065735963827293
4175,R@100,1.0
4183,nDCG@10,1.0
4183,R@100,1.0
419,nDCG@10,0.38685280723454163
419,R@100,1.0
4199,nDCG@10,1.0
4199,R@100,1.0
42,nDCG@10,0.5
42,R@100,1.0
4203,nDCG@10,0.6713860725233041
4203,R@100,1.0
4219,nDCG@10,0.6934264036172708
4219,R@100,1.0
4223,nDCG@10,0.5
4223,R@100,1.0
4224,nDCG@10,1.0
4224,R@100,1.0
423,nDCG@10,0.7653606369886217
423,R@100,1.0
4230,nDCG@10,0.0
4230,R@100,0.25
4237,nDCG@10,1.0
4237,R@100,1.0
4245,nDCG@10,0.5
4245,R@100,1.0
4258,nDCG@10,0.45560514958746035
4258,R@100,1.0
4266,nDCG@10,1.0
4266,R@100,1.0
4271,nDCG@10,1.0
4271,R@100,1.0
4276,nDCG@10,1.0
4276,R@100,1.0
4280,nDCG@10,1.0
4280,R@100,1.0
4290,nDCG@10,0.3333333333333333
4290,R@100,1.0
4294,nDCG@10,0.5855700749881525
4294,R@100,0.75
4295,nDCG@10,0.34870224750355494
4295,R@100,0.6666666666666666
4297,nDCG@10,0.6131471927654584
4297,R@100,1.0
4303,nDCG@10,0.7365896932159578
4303,R@100,1.0
4309,nDCG@10,0.9197207891481876
4309,R@100,1.0
431,nDCG@10,0.4901683140299009
431,R@100,1.0
4312,nDCG@10,0.41253177989255346
4312,R@100,0.375
4315,nDCG@10,1.0
4315,R@100,1.0
4318,nDCG@10,0.16917200913059094
4318,R@100,0.7777777777777778
4322,nDCG@10,0.21840743681816419
4322,R@100,1.0
4328,nDCG@10,0.0
4328,R@100,1.0
4331,nDCG@10,0.4367467095119258
4331,R@100,0.6666666666666666
4336,nDCG@10,0.0
4336,R@100,0.0
4338,nDCG@10,0.0
4338,R@100,1.0
434,nDCG@10,0.0
434,R@100,1.0
4342,nDCG@10,0.0
4342,R@100,1.0
4345,nDCG@10,0.8318724637288826
4345,R@100,1.0
4348,nDCG@10,0.8318724637288826
4348,R@100,1.0
435,nDCG@10,0.38364913903790027
435,R@100,1.0
4354,nDCG@10,1.0
4354,R@100,1.0
4357,nDCG@10,0.49818925746641285
4357,R@100,1.0
4361,nDCG@10,1.0
4361,R@100,1.0
4367,nDCG@10,0.2960819109658652
4367,R@100,1.0
437,nDCG@10,0.6309297535714575
437,R@100,1.0
4374,nDCG@10,0.0
4374,R@100,0.5
4377,nDCG@10,0.0
4377,R@100,0.0
4380,nDCG@10,0.19342640361727081
4380,R@100,1.0
4388,nDCG@10,0.0
4388,R@100,0.3333333333333333
4389,nDCG@10,0.1480409554829326
4389,R@100,0.6666666666666666
4391,nDCG@10,0.3562071871080222
4391,R@100,1.0
4397,nDCG@10,0.6309297535714575
4397,R@100,1.0
440,nDCG@10,0.6309297535714575
440,R@100,1.0
4400,nDCG@10,0.7928654229965442
4400,R@100,1.0
4401,nDCG@10,0.38685280723454163
4401,R@100,1.0
4404,nDCG@10,1.0
4404,R@100,1.0
4414,nDCG@10,0.14126697285982898
4414,R@100,1.0
4418,nDCG@10,0.0
4418,R@100,1.0
4432,nDCG@10,0.0
4432,R@100,0.5
4434,nDCG@10,1.0
4434,R@100,1.0
4435,nDCG@10,0.0
4435,R@100,1.0
4439,nDCG@10,1.0
4439,R@100,1.0
4448,nDCG@10,0.0
4448,R@100,0.0
446,nDCG@10,0.26761938846816513
446,R@100,1.0
4468,nDCG@10,0.0
4468,R@100,0.0
4473,nDCG@10,0.46927872602275644
4473,R@100,0.6666666666666666
4476,nDCG@10,0.5
4476,R@100,1.0
4483,nDCG@10,0.0
4483,R@100,1.0
4484,nDCG@10,0.5
4484,R@100,1.0
4485,nDCG@10,0.13565197343244778
4485,R@100,1.0
4489,nDCG@10,0.43067655807339306
4489,R@100,1.0
449,nDCG@10,0.0
449,R@100,1.0
4514,nDCG@10,0.31546487678572877
4514,R@100,1.0
4515,nDCG@10,0.3853585682515056
4515,R@100,0.5
4521,nDCG@10,0.6843515475204855
4521,R@100,0.6
4523,nDCG@10,0.0
4523,R@100,1.0
4525,nDCG@10,0.0
4525,R@100,0.3333333333333333
4538,nDCG@10,0.6240505200038379
4538,R@100,1.0
455,nDCG@10,0.0
455,R@100,0.5
4557,nDCG@10,1.0
4557,R@100,1.0
4567,nDCG@10,0.38685280723454163
4567,R@100,1.0
4572,nDCG@10,0.0
4572,R@100,1.0
4576,nDCG@10,0.14126697285982898
4576,R@100,1.0
4577,nDCG@10,0.0
4577,R@100,1.0
4583,nDCG@10,0.5205067333228022
4583,R@100,0.75
4585,nDCG@10,0.0
4585,R@100,1.0
4587,nDCG@10,0.1480409554829326
4587,R@100,0.6666666666666666
459,nDCG@10,1.0
459,R@100,1.0
4590,nDCG@10,0.0
4590,R@100,0.6666666666666666
4596,nDCG@10,1.0
4596,R@100,1.0
4597,nDCG@10,0.0
4597,R@100,0.0
4609,nDCG@10,0.0
4609,R@100,0.0
4614,nDCG@10,0.0
4614,R@100,1.0
4615,nDCG@10,0.0
4615,R@100,0.0
4616,nDCG@10,1.0
4616,R@100,1.0
462,nDCG@10,0.5706417189553201
462,R@100,1.0
4620,nDCG@10,0.0
4620,R@100,0.0
4621,nDCG@10,0.24630238874073
4621,R@100,0.5
4627,nDCG@10,0.4428328130831785
4627,R@100,1.0
4630,nDCG@10,0.0
4630,R@100,1.0
4639,nDCG@10,0.0
4639,R@100,1.0
4644,nDCG@10,1.0
4644,R@100,1.0
4647,nDCG@10,0.0
4647,R@100,1.0
4648,nDCG@10,0.0
4648,R@100,0.5
4649,nDCG@10,0.18457569677956817
4649,R@100,0.5
4651,nDCG@10,0.0
4651,R@100,0.0
4656,nDCG@10,0.20438239758848611
4656,R@100,1.0
4659,nDCG@10,0.0
4659,R@100,0.0
466,nDCG@10,0.0
466,R@100,0.4
4673,nDCG@10,0.0
4673,R@100,0.0
4674,nDCG@10,0.8065735963827293
4674,R@100,1.0
4677,nDCG@10,0.6131471927654584
4677,R@100,1.0
4679,nDCG@10,0.3333333333333333
4679,R@100,1.0
4683,nDCG@10,1.0
4683,R@100,1.0
4692,nDCG@10,0.0
4692,R@100,1.0
4697,nDCG@10,1.0
4697,R@100,1.0
4698,nDCG@10,0.38685280723454163
4698,R@100,1.0
4699,nDCG@10,0.6309297535714575
4699,R@100,1.0
47,nDCG@10,0.0
47,R@100,0.0
4706,nDCG@10,1.0
4706,R@100,1.0
4707,nDCG@10,0.0
4707,R@100,1.0
471,nDCG@10,0.0
471,R@100,0.0
4719,nDCG@10,1.0
4719,R@100,1.0
4721,nDCG@10,1.0
4721,R@100,1.0
4724,nDCG@10,0.2960819109658652
4724,R@100,0.6666666666666666
4731,nDCG@10,0.3333333333333333
4731,R@100,1.0
4737,nDCG@10,0.3562071871080222
4737,R@100,1.0
4742,nDCG@10,0.19342640361727081
4742,R@100,1.0
4743,nDCG@10,0.0
4743,R@100,0.0
4747,nDCG@10,1.0
4747,R@100,1.0
4748,nDCG@10,0.0
4748,R@100,1.0
4751,nDCG@10,1.0
4751,R@100,1.0
4756,nDCG@10,0.38685280723454163
4756,R@100,1.0
4759,nDCG@10,0.6934264036172708
4759,R@100,1.0
4765,nDCG@10,0.0
4765,R@100,1.0
4770,nDCG@10,0.07979453856244817
4770,R@100,0.375
4772,nDCG@10,1.0
4772,R@100,1.0
4773,nDCG@10,0.15642624200758548
4773,R@100,1.0
4777,nDCG@10,0.9197207891481876
4777,R@100,1.0
478,nDCG@10,0.0
478,R@100,0.0
4783,nDCG@10,0.0
4783,R@100,1.0
4785,nDCG@10,0.0
4785,R@100,0.5
4792,nDCG@10,0.0
4792,R@100,1.0
4796,nDCG@10,1.0
4796,R@100,1.0
4808,nDCG@10,1.0
4808,R@100,1.0
4811,nDCG@10,1.0
4811,R@100,1.0
4819,nDCG@10,0.5012658353418871
4819,R@100,1.0
4830,nDCG@10,1.0
4830,R@100,1.0
4831,nDCG@10,1.0
4831,R@100,1.0
4840,nDCG@10,0.3562071871080222
4840,R@100,1.0
485,nDCG@10,0.0
485,R@100,0.0
4853,nDCG@10,0.0
4853,R@100,0.0
4855,nDCG@10,0.0
4855,R@100,1.0
4867,nDCG@10,0.38685280723454163
4867,R@100,1.0
4876,nDCG@10,0.0
4876,R@100,1.0
4880,nDCG@10,0.0
4880,R@100,0.0
4885,nDCG@10,0.0
4885,R@100,1.0
4887,nDCG@10,0.19519002499605084
4887,R@100,0.25
4890,nDCG@10,0.7042299872433241
4890,R@100,1.0
4891,nDCG@10,0.2918104499436024
4891,R@100,0.7142857142857143
4902,nDCG@10,0.0
4902,R@100,0.0
4903,nDCG@10,0.0
4903,R@100,0.4
4908,nDCG@10,0.7653606369886217
4908,R@100,1.0
4917,nDCG@10,0.21840743681816419
4917,R@100,1.0
492,nDCG@10,0.23719771276929622
492,R@100,1.0
4922,nDCG@10,0.8065735963827293
4922,R@100,1.0
4926,nDCG@10,0.0
4926,R@100,0.0
4930,nDCG@10,0.0
4930,R@100,0.0
4935,nDCG@10,1.0
4935,R@100,1.0
4937,nDCG@10,0.0
4937,R@100,0.0
4939,nDCG@10,0.6309297535714575
4939,R@100,1.0
4947,nDCG@10,0.43067655807339306
4947,R@100,1.0
4948,nDCG@10,0.0
4948,R@100,1.0
4950,nDCG@10,0.3333333333333333
4950,R@100,1.0
4951,nDCG@10,1.0
4951,R@100,1.0
4953,nDCG@10,1.0
4953,R@100,1.0
4958,nDCG@10,0.6131471927654584
4958,R@100,1.0
4961,nDCG@10,0.0
4961,R@100,1.0
497,nDCG@10,0.2960819109658652
497,R@100,1.0
4971,nDCG@10,0.0
4971,R@100,0.0
4973,nDCG@10,0.3065735963827292
4973,R@100,1.0
4980,nDCG@10,0.0
4980,R@100,0.0
4983,nDCG@10,1.0
4983,R@100,1.0
4992,nDCG@10,0.0
4992,R@100,0.0
4995,nDCG@10,0.40298313359773236
4995,R@100,1.0
4996,nDCG@10,0.0
4996,R@100,0.6666666666666666
5001,nDCG@10,1.0
5001,R@100,1.0
5006,nDCG@10,0.0
5006,R@100,0.0
5007,nDCG@10,0.8503449055347546
5007,R@100,1.0
5015,nDCG@10,0.18457569677956817
5015,R@100,1.0
5018,nDCG@10,0.0
5018,R@100,1.0
5029,nDCG@10,1.0
5029,R@100,1.0
5035,nDCG@10,0.41618115554873086
5035,R@100,1.0
5039,nDCG@10,0.20438239758848611
5039,R@100,0.5
5046,nDCG@10,1.0
5046,R@100,1.0
5047,nDCG@10,0.23463936301137822
5047,R@100,0.6666666666666666
5048,nDCG@10,0.0
5048,R@100,0.5
5051,nDCG@10,0.1480409554829326
5051,R@100,0.3333333333333333
5054,nDCG@10,0.8175295903539445
5054,R@100,1.0
5055,nDCG@10,0.31546487678572877
5055,R@100,1.0
5057,nDCG@10,0.0
5057,R@100,1.0
5064,nDCG@10,0.4373103991125936
5064,R@100,1.0
5069,nDCG@10,0.8503449055347546
5069,R@100,1.0
5070,nDCG@10,0.43067655807339306
5070,R@100,1.0
5072,nDCG@10,0.7884936445584501
5072,R@100,1.0
5076,nDCG@10,0.6131471927654584
5076,R@100,1.0
5077,nDCG@10,0.0
5077,R@100,0.0
5082,nDCG@10,0.17723928678404774
5082,R@100,0.5
5084,nDCG@10,0.0
5084,R@100,0.3333333333333333
5088,nDCG@10,0.18154179253735267
5088,R@100,0.6666666666666666
5094,nDCG@10,0.8503449055347546
5094,R@100,1.0
5095,nDCG@10,0.0
5095,R@100,0.0
5097,nDCG@10,0.6309297535714575
5097,R@100,1.0
5098,nDCG@10,1.0
5098,R@100,1.0
5104,nDCG@10,0.3065735963827292
5104,R@100,1.0
5106,nDCG@10,1.0
5106,R@100,1.0
5107,nDCG@10,1.0
5107,R@100,1.0
5108,nDCG@10,0.6309297535714575
5108,R@100,1.0
5113,nDCG@10,0.3562071871080222
5113,R@100,1.0
5115,nDCG@10,1.0
5115,R@100,1.0
5120,nDCG@10,0.6309297535714575
5120,R@100,1.0
5122,nDCG@10,0.6131471927654584
5122,R@100,1.0
5129,nDCG@10,0.15642624200758548
5129,R@100,1.0
5130,nDCG@10,0.6131471927654584
5130,R@100,1.0
5132,nDCG@10,0.3065735963827292
5132,R@100,0.5
5149,nDCG@10,0.6309297535714575
5149,R@100,1.0
5151,nDCG@10,0.0
5151,R@100,0.0
5157,nDCG@10,0.6131471927654584
5157,R@100,1.0
5163,nDCG@10,0.5
5163,R@100,1.0
5164,nDCG@10,0.5
5164,R@100,1.0
5167,nDCG@10,1.0
5167,R@100,1.0
5174,nDCG@10,0.6934264036172708
5174,R@100,1.0
5177,nDCG@10,0.0
5177,R@100,0.0
5186,nDCG@10,0.3065735963827292
5186,R@100,0.5
5188,nDCG@10,1.0
5188,R@100,1.0
519,nDCG@10,0.7653606369886217
519,R@100,1.0
5190,nDCG@10,0.45560514958746035
5190,R@100,1.0
5192,nDCG@10,0.19342640361727081
5192,R@100,1.0
520,nDCG@10,0.0
520,R@100,1.0
5202,nDCG@10,1.0
5202,R@100,1.0
521,nDCG@10,0.6713860725233041
521,R@100,0.6666666666666666
5213,nDCG@10,0.0
5213,R@100,0.0
5215,nDCG@10,0.0
5215,R@100,0.0
5219,nDCG@10,0.43067655807339306
5219,R@100,1.0
522,nDCG@10,0.0
522,R@100,0.5
5224,nDCG@10,1.0
5224,R@100,1.0
5232,nDCG@10,0.3562071871080222
5232,R@100,1.0
5235,nDCG@10,0.5643416496071848
5235,R@100,1.0
5241,nDCG@10,0.7039180890341347
5241,R@100,1.0
5245,nDCG@10,1.0
5245,R@100,1.0
5251,nDCG@10,1.0
5251,R@100,1.0
5256,nDCG@10,0.5
5256,R@100,1.0
5257,nDCG@10,1.0
5257,R@100,1.0
5266,nDCG@10,1.0
5266,R@100,1.0
5269,nDCG@10,0.43067655807339306
5269,R@100,1.0
5277,nDCG@10,0.31546487678572877
5277,R@100,1.0
5278,nDCG@10,1.0
5278,R@100,1.0
5284,nDCG@10,0.41183384043543503
5284,R@100,1.0
5287,nDCG@10,0.3562071871080222
5287,R@100,1.0
5295,nDCG@10,0.7095272044910244
5295,R@100,1.0
5297,nDCG@10,0.3562071871080222
5297,R@100,1.0
5300,nDCG@10,0.0
5300,R@100,0.0
5302,nDCG@10,0.0
5302,R@100,1.0
5314,nDCG@10,1.0
5314,R@100,1.0
5315,nDCG@10,1.0
5315,R@100,1.0
5316,nDCG@10,0.43067655807339306
5316,R@100,1.0
5319,nDCG@10,0.6131471927654584
5319,R@100,1.0
5322,nDCG@10,1.0
5322,R@100,1.0
5323,nDCG@10,1.0
5323,R@100,1.0
5325,nDCG@10,1.0
5325,R@100,1.0
5327,nDCG@10,0.0
5327,R@100,1.0
5340,nDCG@10,0.20438239758848611
5340,R@100,0.5
5341,nDCG@10,0.20210734650054757
5341,R@100,1.0
5343,nDCG@10,0.6934264036172708
5343,R@100,1.0
5347,nDCG@10,0.20438239758848611
5347,R@100,1.0
5352,nDCG@10,0.0
5352,R@100,0.3333333333333333
5356,nDCG@10,0.6131471927654584
5356,R@100,0.5
5358,nDCG@10,1.0
5358,R@100,1.0
5369,nDCG@10,1.0
5369,R@100,1.0
5381,nDCG@10,0.9197207891481876
5381,R@100,1.0
5384,nDCG@10,0.2960819109658652
5384,R@100,1.0
5386,nDCG@10,1.0
5386,R@100,1.0
5388,nDCG@10,0.0
5388,R@100,1.0
5393,nDCG@10,1.0
5393,R@100,1.0
5395,nDCG@10,1.0
5395,R@100,1.0
5406,nDCG@10,0.0
5406,R@100,0.0
5418,nDCG@10,0.0
5418,R@100,0.0
5424,nDCG@10,0.6309297535714575
5424,R@100,1.0
5430,nDCG@10,1.0
5430,R@100,1.0
5432,nDCG@10,0.19519002499605084
5432,R@100,1.0
5443,nDCG@10,0.0
5443,R@100,1.0
5448,nDCG@10,1.0
5448,R@100,1.0
5453,nDCG@10,0.46927872602275644
5453,R@100,0.3333333333333333
5457,nDCG@10,0.0
5457,R@100,1.0
5458,nDCG@10,0.18457569677956817
5458,R@100,1.0
5460,nDCG@10,0.0
5460,R@100,1.0
5463,nDCG@10,1.0
5463,R@100,1.0
5476,nDCG@10,0.0
5476,R@100,0.0
5482,nDCG@10,0.5
5482,R@100,1.0
5490,nDCG@10,0.19519002499605084
5490,R@100,0.75
5494,nDCG@10,0.0
5494,R@100,1.0
5504,nDCG@10,1.0
5504,R@100,1.0
551,nDCG@10,1.0
551,R@100,1.0
5518,nDCG@10,0.5
5518,R@100,1.0
5522,nDCG@10,0.16812753627111746
5522,R@100,0.25
5523,nDCG@10,0.5
5523,R@100,1.0
5534,nDCG@10,0.9197207891481876
5534,R@100,1.0
5536,nDCG@10,1.0
5536,R@100,1.0
5541,nDCG@10,0.4367467095119258
5541,R@100,1.0
5544,nDCG@10,0.42177340954886444
5544,R@100,1.0
5549,nDCG@10,0.0
5549,R@100,1.0
555,nDCG@10,1.0
555,R@100,1.0
5554,nDCG@10,0.23719771276929622
5554,R@100,1.0
5560,nDCG@10,0.2640681225725909
5560,R@100,1.0
5571,nDCG@10,0.0
5571,R@100,0.0
5574,nDCG@10,1.0
5574,R@100,1.0
5576,nDCG@10,0.6309297535714575
5576,R@100,1.0
5587,nDCG@10,1.0
5587,R@100,1.0
5606,nDCG@10,0.5294362295028773
5606,R@100,1.0
5608,nDCG@10,0.0
5608,R@100,0.0
5609,nDCG@10,0.3010299956639812
5609,R@100,1.0
561,nDCG@10,0.0
561,R@100,0.5
5616,nDCG@10,0.0
5616,R@100,0.0
5618,nDCG@10,0.0
5618,R@100,1.0
5619,nDCG@10,0.38685280723454163
5619,R@100,1.0
5631,nDCG@10,1.0
5631,R@100,1.0
5634,nDCG@10,1.0
5634,R@100,1.0
5637,nDCG@10,0.43067655807339306
5637,R@100,1.0
5638,nDCG@10,0.0
5638,R@100,1.0
564,nDCG@10,0.8065735963827293
564,R@100,1.0
5641,nDCG@10,1.0
5641,R@100,1.0
5648,nDCG@10,0.6309297535714575
5648,R@100,1.0
5659,nDCG@10,1.0
5659,R@100,1.0
5671,nDCG@10,0.6131471927654584
5671,R@100,0.5
5680,nDCG@10,1.0
5680,R@100,1.0
5681,nDCG@10,1.0
5681,R@100,1.0
5687,nDCG@10,0.6309297535714575
5687,R@100,1.0
57,nDCG@10,0.2960819109658652
57,R@100,1.0
570,nDCG@10,0.6131471927654584
570,R@100,1.0
5700,nDCG@10,0.0
5700,R@100,0.5
5705,nDCG@10,0.36331756126716835
5705,R@100,0.75
5706,nDCG@10,0.0
5706,R@100,1.0
5715,nDCG@10,0.7653606369886217
5715,R@100,1.0
572,nDCG@10,0.38685280723454163
572,R@100,0.5
5722,nDCG@10,0.0
5722,R@100,1.0
5727,nDCG@10,1.0
5727,R@100,1.0
5753,nDCG@10,0.6309297535714575
5753,R@100,1.0
5759,nDCG@10,1.0
5759,R@100,1.0
5765,nDCG@10,0.0
5765,R@100,1.0
5772,nDCG@10,0.0
5772,R@100,0.0
5774,nDCG@10,0.38685280723454163
5774,R@100,0.5
5776,nDCG@10,1.0
5776,R@100,1.0
578,nDCG@10,0.0
578,R@100,0.0
5787,nDCG@10,0.23719771276929622
5787,R@100,1.0
5796,nDCG@10,0.5
5796,R@100,1.0
5797,nDCG@10,0.511558309303655
5797,R@100,1.0
5801,nDCG@10,0.0
5801,R@100,0.5
5802,nDCG@10,0.3065735963827292
5802,R@100,0.5
5806,nDCG@10,0.0
5806,R@100,0.0
581,nDCG@10,0.0
581,R@100,0.3333333333333333
5816,nDCG@10,0.6131471927654584
5816,R@100,1.0
5825,nDCG@10,0.4599715079731103
5825,R@100,0.4
5834,nDCG@10,0.5
5834,R@100,1.0
5835,nDCG@10,0.0
5835,R@100,1.0
5838,nDCG@10,0.0
5838,R@100,0.0
5840,nDCG@10,1.0
5840,R@100,1.0
5842,nDCG@10,0.6309297535714575
5842,R@100,1.0
5848,nDCG@10,0.0
5848,R@100,0.0
5850,nDCG@10,1.0
5850,R@100,1.0
5856,nDCG@10,0.0
5856,R@100,0.0
5861,nDCG@10,0.31546487678572877
5861,R@100,1.0
5878,nDCG@10,0.0
5878,R@100,0.0
5879,nDCG@10,1.0
5879,R@100,1.0
5888,nDCG@10,0.38685280723454163
5888,R@100,1.0
5894,nDCG@10,0.6309297535714575
5894,R@100,1.0
5897,nDCG@10,0.6309297535714575
5897,R@100,1.0
5899,nDCG@10,0.0
5899,R@100,0.0
5900,nDCG@10,0.0
5900,R@100,0.0
5902,nDCG@10,0.23719771276929622
5902,R@100,1.0
5906,nDCG@10,0.6131471927654584
5906,R@100,0.5
5920,nDCG@10,0.3333333333333333
5920,R@100,1.0
5928,nDCG@10,0.2890648263178879
5928,R@100,1.0
5930,nDCG@10,0.4860089900278707
5930,R@100,1.0
5941,nDCG@10,0.6309297535714575
5941,R@100,1.0
5944,nDCG@10,0.0
5944,R@100,0.0
595,nDCG@10,0.16958010263680806
595,R@100,0.2
5954,nDCG@10,1.0
5954,R@100,1.0
5955,nDCG@10,0.6131471927654584
5955,R@100,1.0
5961,nDCG@10,0.6309297535714575
5961,R@100,1.0
5965,nDCG@10,0.0
5965,R@100,1.0
5967,nDCG@10,0.0
5967,R@100,1.0
597,nDCG@10,0.0
597,R@100,0.0
5974,nDCG@10,1.0
5974,R@100,1.0
5977,nDCG@10,1.0
5977,R@100,1.0
5978,nDCG@10,1.0
5978,R@100,1.0
5989,nDCG@10,0.0
5989,R@100,0.0
5993,nDCG@10,0.0
5993,R@100,1.0
60,nDCG@10,0.6309297535714575
60,R@100,1.0
6002,nDCG@10,1.0
6002,R@100,1.0
6005,nDCG@10,0.2890648263178879
6005,R@100,1.0
6013,nDCG@10,0.0
6013,R@100,0.0
6022,nDCG@10,0.0
6022,R@100,0.0
6030,nDCG@10,0.0
6030,R@100,0.0
6036,nDCG@10,0.0
6036,R@100,1.0
6041,nDCG@10,0.0
6041,R@100,1.0
6042,nDCG@10,0.21840743681816419
6042,R@100,1.0
6046,nDCG@10,0.0
6046,R@100,1.0
6048,nDCG@10,0.38685280723454163
6048,R@100,1.0
605,nDCG@10,1.0
605,R@100,1.0
6055,nDCG@10,0.3562071871080222
6055,R@100,1.0
6057,nDCG@10,0.0
6057,R@100,1.0
606,nDCG@10,0.0
606,R@100,0.0
6068,nDCG@10,0.44229834886928765
6068,R@100,0.75
6069,nDCG@10,1.0
6069,R@100,1.0
6070,nDCG@10,0.9469024295259745
6070,R@100,1.0
6074,nDCG@10,0.0
6074,R@100,0.0
6076,nDCG@10,0.21840743681816419
6076,R@100,1.0
6080,nDCG@10,0.20438239758848611
6080,R@100,0.5
6084,nDCG@10,0.0
6084,R@100,0.0
6096,nDCG@10,0.5437713091520254
6096,R@100,1.0
6101,nDCG@10,0.2640681225725909
6101,R@100,1.0
6105,nDCG@10,0.0
6105,R@100,1.0
6106,nDCG@10,1.0
6106,R@100,1.0
6108,nDCG@10,0.0
6108,R@100,1.0
611,nDCG@10,0.3010299956639812
611,R@100,1.0
6115,nDCG@10,0.38685280723454163
6115,R@100,1.0
6116,nDCG@10,0.0
6116,R@100,0.25
6119,nDCG@10,0.0
6119,R@100,1.0
6128,nDCG@10,0.0
6128,R@100,1.0
6130,nDCG@10,0.46927872602275644
6130,R@100,0.6666666666666666
6139,nDCG@10,0.3065735963827292
6139,R@100,1.0
6146,nDCG@10,0.8194270280062366
6146,R@100,1.0
6147,nDCG@10,0.0
6147,R@100,0.0
6156,nDCG@10,0.0
6156,R@100,0.6666666666666666
6167,nDCG@10,0.0
6167,R@100,0.0
618,nDCG@10,0.0
618,R@100,0.3333333333333333
6180,nDCG@10,0.0
6180,R@100,0.0
6183,nDCG@10,0.0
6183,R@100,1.0
6185,nDCG@10,1.0
6185,R@100,1.0
6186,nDCG@10,0.6096199500078984
6186,R@100,1.0
6187,nDCG@10,0.3333333333333333
6187,R@100,1.0
6199,nDCG@10,1.0
6199,R@100,1.0
6206,nDCG@10,0.0
6206,R@100,1.0
6207,nDCG@10,0.38685280723454163
6207,R@100,1.0
6213,nDCG@10,0.5135312443624667
6213,R@100,0.75
6215,nDCG@10,0.9197207891481876
6215,R@100,1.0
6217,nDCG@10,0.2188505885308512
6217,R@100,0.6
6225,nDCG@10,0.0
6225,R@100,0.0
6230,nDCG@10,0.0
6230,R@100,1.0
6232,nDCG@10,0.0
6232,R@100,1.0
6234,nDCG@10,0.5
6234,R@100,1.0
6239,nDCG@10,0.23719771276929622
6239,R@100,0.5
6241,nDCG@10,0.38685280723454163
6241,R@100,1.0
6242,nDCG@10,1.0
6242,R@100,1.0
6250,nDCG@10,0.0
6250,R@100,0.0
6254,nDCG@10,0.8772153153380493
6254,R@100,1.0
6256,nDCG@10,1.0
6256,R@100,1.0
6259,nDCG@10,0.44149241373678083
6259,R@100,0.5
6260,nDCG@10,0.30260241349881345
6260,R@100,0.6666666666666666
6266,nDCG@10,0.5
6266,R@100,1.0
6268,nDCG@10,0.0
6268,R@100,1.0
6270,nDCG@10,0.6309297535714575
6270,R@100,1.0
6278,nDCG@10,0.6131471927654584
6278,R@100,0.5
6286,nDCG@10,0.6131471927654584
6286,R@100,1.0
629,nDCG@10,0.5585075862632192
629,R@100,0.5
6290,nDCG@10,0.9438661545147249
6290,R@100,1.0
6292,nDCG@10,0.0
6292,R@100,1.0
6293,nDCG@10,1.0
6293,R@100,1.0
6299,nDCG@10,0.6739577727076379
6299,R@100,1.0
6303,nDCG@10,1.0
6303,R@100,1.0
6304,nDCG@10,0.0
6304,R@100,0.3333333333333333
632,nDCG@10,0.6508205185601091
632,R@100,1.0
6324,nDCG@10,0.4441228664487979
6324,R@100,1.0
6331,nDCG@10,0.20210734650054757
6331,R@100,1.0
6332,nDCG@10,0.0
6332,R@100,1.0
6333,nDCG@10,1.0
6333,R@100,1.0
6337,nDCG@10,0.9197207891481876
6337,R@100,1.0
634,nDCG@10,0.0
634,R@100,0.6666666666666666
6343,nDCG@10,1.0
6343,R@100,1.0
6345,nDCG@10,0.0
6345,R@100,0.0
6347,nDCG@10,0.7100281367210132
6347,R@100,1.0
6348,nDCG@10,1.0
6348,R@100,1.0
6349,nDCG@10,0.7903864795495061
6349,R@100,1.0
6357,nDCG@10,0.0
6357,R@100,1.0
636,nDCG@10,0.3391602052736161
636,R@100,0.4
6361,nDCG@10,0.4144299250118475
6361,R@100,0.5
6363,nDCG@10,0.38685280723454163
6363,R@100,1.0
6364,nDCG@10,0.6309297535714575
6364,R@100,1.0
6365,nDCG@10,0.0
6365,R@100,1.0
6367,nDCG@10,0.0
6367,R@100,0.0
6375,nDCG@10,0.6663732474096913
6375,R@100,1.0
6377,nDCG@10,0.3010299956639812
6377,R@100,1.0
6378,nDCG@10,0.6309297535714575
6378,R@100,1.0
6382,nDCG@10,0.3333333333333333
6382,R@100,1.0
639,nDCG@10,0.3333333333333333
639,R@100,1.0
6390,nDCG@10,0.46927872602275644
6390,R@100,0.3333333333333333
6395,nDCG@10,0.46927872602275644
6395,R@100,0.6666666666666666
6403,nDCG@10,0.0
6403,R@100,0.0
6407,nDCG@10,0.0
6407,R@100,0.0
6421,nDCG@10,0.2960819109658652
6421,R@100,0.6666666666666666
6422,nDCG@10,1.0
6422,R@100,1.0
6431,nDCG@10,1.0
6431,R@100,1.0
6434,nDCG@10,0.43067655807339306
6434,R@100,1.0
6435,nDCG@10,0.0
6435,R@100,0.0
6437,nDCG@10,0.8175295903539445
6437,R@100,1.0
6440,nDCG@10,0.0
6440,R@100,0.0
6442,nDCG@10,0.8772153153380493
6442,R@100,1.0
6458,nDCG@10,0.0
6458,R@100,0.0
6464,nDCG@10,0.46927872602275644
6464,R@100,0.3333333333333333
6473,nDCG@10,0.0
6473,R@100,0.0
6475,nDCG@10,1.0
6475,R@100,1.0
6481,nDCG@10,0.0
6481,R@100,0.0
649,nDCG@10,0.40179981797758046
649,R@100,0.6666666666666666
6502,nDCG@10,0.0
6502,R@100,1.0
6509,nDCG@10,0.11284514134893527
6509,R@100,0.75
6512,nDCG@10,0.0
6512,R@100,0.0
6517,nDCG@10,1.0
6517,R@100,1.0
6527,nDCG@10,0.38685280723454163
6527,R@100,1.0
6532,nDCG@10,1.0
6532,R@100,1.0
6536,nDCG@10,0.0
6536,R@100,0.0
6538,nDCG@10,0.9217868789962071
6538,R@100,1.0
6544,nDCG@10,1.0
6544,R@100,1.0
6556,nDCG@10,0.0
6556,R@100,1.0
6557,nDCG@10,0.9197207891481876
6557,R@100,1.0
6558,nDCG@10,1.0
6558,R@100,1.0
6560,nDCG@10,0.0
6560,R@100,0.0
657,nDCG@10,1.0
657,R@100,1.0
6582,nDCG@10,0.0
6582,R@100,1.0
6587,nDCG@10,0.7039180890341347
6587,R@100,1.0
6588,nDCG@10,1.0
6588,R@100,1.0
6590,nDCG@10,0.7928654229965442
6590,R@100,1.0
6592,nDCG@10,0.0
6592,R@100,0.0
6594,nDCG@10,0.0
6594,R@100,0.3333333333333333
660,nDCG@10,0.3391602052736161
660,R@100,0.8
6613,nDCG@10,0.0
6613,R@100,0.5
6624,nDCG@10,0.7598336331031966
6624,R@100,0.75
6639,nDCG@10,1.0
6639,R@100,1.0
6642,nDCG@10,1.0
6642,R@100,1.0
6676,nDCG@10,0.2640681225725909
6676,R@100,1.0
6677,nDCG@10,0.20438239758848611
6677,R@100,1.0
6680,nDCG@10,1.0
6680,R@100,1.0
6681,nDCG@10,0.0
6681,R@100,0.0
6682,nDCG@10,0.0
6682,R@100,1.0
6699,nDCG@10,0.0
6699,R@100,0.0
67,nDCG@10,1.0
67,R@100,1.0
6701,nDCG@10,0.6131471927654584
6701,R@100,1.0
6703,nDCG@10,0.0
6703,R@100,0.0
6706,nDCG@10,0.6309297535714575
6706,R@100,1.0
6708,nDCG@10,0.6131471927654584
6708,R@100,1.0
6709,nDCG@10,0.0
6709,R@100,0.5
6710,nDCG@10,0.10699313236726378
6710,R@100,1.0
6729,nDCG@10,0.0
6729,R@100,0.0
6733,nDCG@10,0.0
6733,R@100,0.0
6751,nDCG@10,1.0
6751,R@100,1.0
6753,nDCG@10,0.0
6753,R@100,0.0
6771,nDCG@10,0.9197207891481876
6771,R@100,1.0
6778,nDCG@10,0.3333333333333333
6778,R@100,1.0
6782,nDCG@10,1.0
6782,R@100,1.0
6792,nDCG@10,0.46927872602275644
6792,R@100,0.3333333333333333
6794,nDCG@10,0.8065735963827293
6794,R@100,1.0
6798,nDCG@10,0.6309297535714575
6798,R@100,1.0
6800,nDCG@10,0.0
6800,R@100,1.0
6808,nDCG@10,0.30281242839865
6808,R@100,1.0
6825,nDCG@10,0.0
6825,R@100,1.0
6826,nDCG@10,0.19342640361727081
6826,R@100,0.5
6832,nDCG@10,1.0
6832,R@100,1.0
6838,nDCG@10,0.7529716549381369
6838,R@100,1.0
6840,nDCG@10,0.6309297535714575
6840,R@100,1.0
6844,nDCG@10,1.0
6844,R@100,1.0
6848,nDCG@10,1.0
6848,R@100,1.0
6852,nDCG@10,0.0
6852,R@100,1.0
6856,nDCG@10,0.0
6856,R@100,0.0
6862,nDCG@10,0.0
6862,R@100,1.0
6866,nDCG@10,0.4648536698336167
6866,R@100,1.0
6867,nDCG@10,0.5437713091520254
6867,R@100,1.0
6874,nDCG@10,0.6174310718287018
6874,R@100,1.0
6878,nDCG@10,0.8315546295836225
6878,R@100,1.0
6880,nDCG@10,0.43067655807339306
6880,R@100,1.0
6887,nDCG@10,0.43067655807339306
6887,R@100,1.0
6889,nDCG@10,0.6309297535714575
6889,R@100,1.0
689,nDCG@10,0.6309297535714575
689,R@100,1.0
6891,nDCG@10,0.0
6891,R@100,0.3333333333333333
6899,nDCG@10,0.38685280723454163
6899,R@100,0.5
6905,nDCG@10,0.6309297535714575
6905,R@100,1.0
6918,nDCG@10,0.0
6918,R@100,1.0
6925,nDCG@10,0.43067655807339306
6925,R@100,1.0
6927,nDCG@10,0.0
6927,R@100,0.0
6937,nDCG@10,0.7653606369886217
6937,R@100,1.0
6956,nDCG@10,0.3333333333333333
6956,R@100,1.0
696,nDCG@10,0.0
696,R@100,1.0
697,nDCG@10,0.0
697,R@100,1.0
6974,nDCG@10,1.0
6974,R@100,1.0
6981,nDCG@10,0.0
6981,R@100,0.0
6983,nDCG@10,0.38685280723454163
6983,R@100,1.0
6984,nDCG@10,0.0
6984,R@100,0.0
6989,nDCG@10,1.0
6989,R@100,1.0
6990,nDCG@10,1.0
6990,R@100,1.0
6994,nDCG@10,0.0
6994,R@100,0.0
6995,nDCG@10,0.7977228895450266
6995,R@100,1.0
7001,nDCG@10,0.0
7001,R@100,0.0
7007,nDCG@10,0.43067655807339306
7007,R@100,1.0
701,nDCG@10,0.6309297535714575
701,R@100,1.0
7012,nDCG@10,1.0
7012,R@100,1.0
7029,nDCG@10,0.20210734650054757
7029,R@100,1.0
7030,nDCG@10,0.6309297535714575
7030,R@100,1.0
7031,nDCG@10,0.0
7031,R@100,0.0
7034,nDCG@10,0.6131471927654584
7034,R@100,0.5
7040,nDCG@10,0.6309297535714575
7040,R@100,1.0
7044,nDCG@10,1.0
7044,R@100,1.0
7045,nDCG@10,0.6309297535714575
7045,R@100,1.0
7049,nDCG@10,0.46927872602275644
7049,R@100,0.3333333333333333
7058,nDCG@10,0.17723928678404774
7058,R@100,1.0
7060,nDCG@10,1.0
7060,R@100,1.0
7070,nDCG@10,0.0
7070,R@100,0.0
7071,nDCG@10,0.6309297535714575
7071,R@100,1.0
7073,nDCG@10,0.38685280723454163
7073,R@100,1.0
7078,nDCG@10,0.0
7078,R@100,1.0
7096,nDCG@10,0.0
7096,R@100,1.0
7097,nDCG@10,0.6309297535714575
7097,R@100,1.0
7113,nDCG@10,0.5912352048230277
7113,R@100,1.0
7120,nDCG@10,0.6131471927654584
7120,R@100,1.0
7123,nDCG@10,0.0
7123,R@100,1.0
7129,nDCG@10,0.4412576003965278
7129,R@100,0.4
7132,nDCG@10,0.6309297535714575
7132,R@100,1.0
7133,nDCG@10,1.0
7133,R@100,1.0
7137,nDCG@10,1.0
7137,R@100,1.0
7138,nDCG@10,0.6309297535714575
7138,R@100,1.0
7146,nDCG@10,1.0
7146,R@100,1.0
716,nDCG@10,0.38685280723454163
716,R@100,1.0
7162,nDCG@10,0.38685280723454163
7162,R@100,1.0
7164,nDCG@10,0.0
7164,R@100,0.0
7166,nDCG@10,1.0
7166,R@100,1.0
7167,nDCG@10,0.0
7167,R@100,1.0
7172,nDCG@10,0.0
7172,R@100,1.0
7176,nDCG@10,1.0
7176,R@100,1.0
718,nDCG@10,0.0
718,R@100,1.0
719,nDCG@10,0.6309297535714575
719,R@100,1.0
7193,nDCG@10,0.2640681225725909
7193,R@100,1.0
7194,nDCG@10,0.0
7194,R@100,1.0
7196,nDCG@10,0.38685280723454163
7196,R@100,0.5
7201,nDCG@10,0.38685280723454163
7201,R@100,0.5
7204,nDCG@10,0.15642624200758548
7204,R@100,1.0
7211,nDCG@10,1.0
7211,R@100,1.0
7220,nDCG@10,0.430624116386567
7220,R@100,1.0
7223,nDCG@10,0.0
7223,R@100,0.0
7229,nDCG@10,0.0
7229,R@100,0.0
723,nDCG@10,0.0
723,R@100,0.0
7231,nDCG@10,1.0
7231,R@100,1.0
7232,nDCG@10,0.5531464700081437
7232,R@100,1.0
724,nDCG@10,0.38685280723454163
724,R@100,1.0
7242,nDCG@10,0.3903800499921017
7242,R@100,1.0
7245,nDCG@10,0.0
7245,R@100,0.0
7249,nDCG@10,0.9197207891481876
7249,R@100,1.0
7251,nDCG@10,1.0
7251,R@100,1.0
7253,nDCG@10,0.45560514958746035
7253,R@100,1.0
7254,nDCG@10,0.0
7254,R@100,0.0
7255,nDCG@10,0.21840743681816419
7255,R@100,0.5
7257,nDCG@10,1.0
7257,R@100,1.0
7273,nDCG@10,0.0
7273,R@100,0.0
7274,nDCG@10,0.0
7274,R@100,0.0
7281,nDCG@10,1.0
7281,R@100,1.0
7282,nDCG@10,1.0
7282,R@100,1.0
7295,nDCG@10,0.5
7295,R@100,1.0
73,nDCG@10,0.0
73,R@100,0.6666666666666666
7300,nDCG@10,0.0
7300,R@100,0.0
7309,nDCG@10,0.0
7309,R@100,1.0
7317,nDCG@10,1.0
7317,R@100,1.0
7320,nDCG@10,0.0
7320,R@100,0.5
7325,nDCG@10,1.0
7325,R@100,1.0
7326,nDCG@10,0.46927872602275644
7326,R@100,0.6666666666666666
733,nDCG@10,0.23463936301137822
733,R@100,1.0
7334,nDCG@10,0.38685280723454163
7334,R@100,1.0
7340,nDCG@10,0.0
7340,R@100,1.0
7346,nDCG@10,0.6713860725233041
7346,R@100,1.0
7352,nDCG@10,0.38685280723454163
7352,R@100,1.0
7357,nDCG@10,0.38685280723454163
7357,R@100,0.5
7358,nDCG@10,0.0
7358,R@100,0.0
7363,nDCG@10,0.6309297535714575
7363,R@100,1.0
7365,nDCG@10,0.9267582364714126
7365,R@100,1.0
7366,nDCG@10,1.0
7366,R@100,1.0
7367,nDCG@10,0.17723928678404774
7367,R@100,1.0
7371,nDCG@10,0.0
7371,R@100,0.0
7372,nDCG@10,0.0
7372,R@100,0.5
7374,nDCG@10,0.0
7374,R@100,1.0
7376,nDCG@10,0.0
7376,R@100,0.0
7377,nDCG@10,0.0
7377,R@100,0.0
7380,nDCG@10,0.0
7380,R@100,1.0
7386,nDCG@10,0.5
7386,R@100,1.0
7394,nDCG@10,0.9709286432396583
7394,R@100,1.0
7396,nDCG@10,0.6309297535714575
7396,R@100,1.0
740,nDCG@10,0.0
740,R@100,1.0
7407,nDCG@10,1.0
7407,R@100,1.0
7412,nDCG@10,0.6992148198508501
7412,R@100,0.6
7413,nDCG@10,0.0
7413,R@100,1.0
7414,nDCG@10,0.0
7414,R@100,1.0
7418,nDCG@10,1.0
7418,R@100,1.0
7425,nDCG@10,0.0
7425,R@100,0.0
7429,nDCG@10,0.3333333333333333
7429,R@100,1.0
7431,nDCG@10,0.38685280723454163
7431,R@100,1.0
7454,nDCG@10,0.5460963797517797
7454,R@100,0.8333333333333334
746,nDCG@10,0.0
746,R@100,1.0
7460,nDCG@10,0.0
7460,R@100,0.0
7463,nDCG@10,0.38685280723454163
7463,R@100,1.0
7468,nDCG@10,1.0
7468,R@100,1.0
747,nDCG@10,1.0
747,R@100,1.0
7473,nDCG@10,0.0
7473,R@100,0.6666666666666666
7487,nDCG@10,0.0
7487,R@100,1.0
7489,nDCG@10,0.0
7489,R@100,1.0
7499,nDCG@10,0.46927872602275644
7499,R@100,1.0
750,nDCG@10,0.38685280723454163
750,R@100,1.0
7503,nDCG@10,0.0
7503,R@100,0.0
7515,nDCG@10,1.0
7515,R@100,1.0
752,nDCG@10,0.6131471927654584
752,R@100,0.5
7532,nDCG@10,1.0
7532,R@100,1.0
7538,nDCG@10,0.43067655807339306
7538,R@100,1.0
7553,nDCG@10,0.0
7553,R@100,0.5
7560,nDCG@10,0.17723928678404774
7560,R@100,1.0
7564,nDCG@10,0.6131471927654584
7564,R@100,1.0
7566,nDCG@10,0.23463936301137822
7566,R@100,0.6666666666666666
7568,nDCG@10,0.23719771276929622
7568,R@100,0.5
7579,nDCG@10,0.6309297535714575
7579,R@100,1.0
759,nDCG@10,1.0
759,R@100,1.0
7590,nDCG@10,1.0
7590,R@100,1.0
7594,nDCG@10,1.0
7594,R@100,1.0
7597,nDCG@10,0.43067655807339306
7597,R@100,1.0
7599,nDCG@10,0.0
7599,R@100,0.0
7603,nDCG@10,0.23719771276929622
7603,R@100,0.5
7605,nDCG@10,0.0
7605,R@100,1.0
761,nDCG@10,1.0
761,R@100,1.0
7613,nDCG@10,0.43067655807339306
7613,R@100,1.0
7615,nDCG@10,0.0
7615,R@100,0.5
7616,nDCG@10,0.0
7616,R@100,1.0
7618,nDCG@10,0.3903800499921017
7618,R@100,0.75
762,nDCG@10,0.0
762,R@100,0.5
7623,nDCG@10,0.0
7623,R@100,0.0
7625,nDCG@10,1.0
7625,R@100,1.0
763,nDCG@10,0.0
763,R@100,1.0
7633,nDCG@10,0.0
7633,R@100,0.0
7634,nDCG@10,0.0
7634,R@100,0.0
7638,nDCG@10,0.6309297535714575
7638,R@100,1.0
765,nDCG@10,1.0
765,R@100,1.0
7654,nDCG@10,0.6309297535714575
7654,R@100,1.0
7655,nDCG@10,0.3333333333333333
7655,R@100,1.0
7666,nDCG@10,0.3065735963827292
7666,R@100,0.5
7667,nDCG@10,0.0
7667,R@100,0.0
7671,nDCG@10,0.0
7671,R@100,0.0
7673,nDCG@10,0.0
7673,R@100,1.0
7679,nDCG@10,0.0
7679,R@100,0.0
7684,nDCG@10,0.0
7684,R@100,1.0
7688,nDCG@10,0.0
7688,R@100,1.0
7698,nDCG@10,0.0
7698,R@100,0.0
77,nDCG@10,0.0
77,R@100,1.0
770,nDCG@10,0.6131471927654584
770,R@100,0.5
7701,nDCG@10,0.3562071871080222
7701,R@100,1.0
7708,nDCG@10,0.6309297535714575
7708,R@100,1.0
771,nDCG@10,0.6131471927654584
771,R@100,1.0
7713,nDCG@10,1.0
7713,R@100,1.0
7718,nDCG@10,1.0
7718,R@100,1.0
772,nDCG@10,0.8503449055347546
772,R@100,1.0
7723,nDCG@10,1.0
7723,R@100,1.0
7724,nDCG@10,0.0
7724,R@100,0.25
7733,nDCG@10,0.6309297535714575
7733,R@100,1.0
7737,nDCG@10,0.20438239758848611
7737,R@100,1.0
774,nDCG@10,0.0
774,R@100,0.5
7742,nDCG@10,0.23719771276929622
7742,R@100,1.0
7749,nDCG@10,0.23719771276929622
7749,R@100,1.0
7754,nDCG@10,0.0
7754,R@100,0.0
7765,nDCG@10,0.6309297535714575
7765,R@100,1.0
7769,nDCG@10,1.0
7769,R@100,1.0
7781,nDCG@10,0.0
7781,R@100,0.0
7792,nDCG@10,0.0
7792,R@100,0.5
7801,nDCG@10,0.9197207891481876
7801,R@100,1.0
7805,nDCG@10,0.6309297535714575
7805,R@100,1.0
7806,nDCG@10,0.6978817289434457
7806,R@100,1.0
7807,nDCG@10,0.38685280723454163
7807,R@100,1.0
7809,nDCG@10,0.43067655807339306
7809,R@100,1.0
7812,nDCG@10,0.370291336443826
7812,R@100,1.0
7819,nDCG@10,0.6131471927654584
7819,R@100,1.0
7821,nDCG@10,1.0
7821,R@100,1.0
7823,nDCG@10,1.0
7823,R@100,1.0
7837,nDCG@10,0.31546487678572877
7837,R@100,1.0
7842,nDCG@10,0.6309297535714575
7842,R@100,1.0
7843,nDCG@10,1.0
7843,R@100,1.0
785,nDCG@10,0.0
785,R@100,0.0
7863,nDCG@10,1.0
7863,R@100,1.0
7864,nDCG@10,0.38685280723454163
7864,R@100,1.0
7865,nDCG@10,1.0
7865,R@100,1.0
7870,nDCG@10,0.20438239758848611
7870,R@100,0.5
7889,nDCG@10,0.17723928678404774
7889,R@100,1.0
7890,nDCG@10,0.0
7890,R@100,1.0
7891,nDCG@10,1.0
7891,R@100,1.0
7898,nDCG@10,1.0
7898,R@100,1.0
7903,nDCG@10,0.0
7903,R@100,0.5
7912,nDCG@10,0.0
7912,R@100,0.0
7913,nDCG@10,0.43067655807339306
7913,R@100,1.0
7915,nDCG@10,0.0
7915,R@100,1.0
7916,nDCG@10,1.0
7916,R@100,1.0
7918,nDCG@10,1.0
7918,R@100,1.0
7919,nDCG@10,0.3562071871080222
7919,R@100,1.0
792,nDCG@10,1.0
792,R@100,1.0
7931,nDCG@10,1.0
7931,R@100,1.0
7935,nDCG@10,0.8315546295836225
7935,R@100,1.0
7938,nDCG@10,0.3562071871080222
7938,R@100,1.0
7939,nDCG@10,0.0
7939,R@100,0.5
7943,nDCG@10,1.0
7943,R@100,1.0
7944,nDCG@10,0.6309297535714575
7944,R@100,1.0
7950,nDCG@10,0.6309297535714575
7950,R@100,1.0
7953,nDCG@10,1.0
7953,R@100,1.0
7957,nDCG@10,0.0
7957,R@100,0.0
7974,nDCG@10,0.5
7974,R@100,1.0
7978,nDCG@10,0.46927872602275644
7978,R@100,1.0
7980,nDCG@10,0.5
7980,R@100,1.0
7981,nDCG@10,0.9060254355346823
7981,R@100,1.0
7982,nDCG@10,0.43067655807339306
7982,R@100,1.0
7986,nDCG@10,1.0
7986,R@100,1.0
7995,nDCG@10,0.43067655807339306
7995,R@100,1.0
7996,nDCG@10,1.0
7996,R@100,1.0
8000,nDCG@10,0.0
8000,R@100,0.0
8016,nDCG@10,0.2640681225725909
8016,R@100,1.0
802,nDCG@10,0.3065735963827292
802,R@100,0.5
8022,nDCG@10,0.0
8022,R@100,0.5
8031,nDCG@10,0.0
8031,R@100,1.0
8036,nDCG@10,0.0
8036,R@100,0.0
8041,nDCG@10,0.2640681225725909
8041,R@100,1.0
8056,nDCG@10,0.2890648263178879
8056,R@100,1.0
8057,nDCG@10,0.38685280723454163
8057,R@100,1.0
8058,nDCG@10,0.8503449055347546
8058,R@100,1.0
8059,nDCG@10,0.5409945177788987
8059,R@100,1.0
8065,nDCG@10,1.0
8065,R@100,1.0
8066,nDCG@10,1.0
8066,R@100,1.0
8073,nDCG@10,0.6508205185601091
8073,R@100,1.0
8077,nDCG@10,0.0
8077,R@100,1.0
8082,nDCG@10,0.5802792108518124
8082,R@100,1.0
8083,nDCG@10,0.0
8083,R@100,0.0
8085,nDCG@10,0.0
8085,R@100,1.0
8089,nDCG@10,0.38685280723454163
8089,R@100,1.0
8099,nDCG@10,0.5912352048230277
8099,R@100,1.0
8106,nDCG@10,0.0
8106,R@100,1.0
812,nDCG@10,0.6934264036172708
812,R@100,1.0
8124,nDCG@10,0.0
8124,R@100,0.3333333333333333
8125,nDCG@10,0.43067655807339306
8125,R@100,1.0
8127,nDCG@10,0.5
8127,R@100,1.0
813,nDCG@10,0.5
813,R@100,1.0
8132,nDCG@10,0.20210734650054757
8132,R@100,1.0
8134,nDCG@10,1.0
8134,R@100,1.0
8137,nDCG@10,0.3065735963827292
8137,R@100,1.0
8138,nDCG@10,0.0
8138,R@100,1.0
8148,nDCG@10,1.0
8148,R@100,1.0
8149,nDCG@10,1.0
8149,R@100,1.0
8153,nDCG@10,1.0
8153,R@100,1.0
8163,nDCG@10,1.0
8163,R@100,1.0
8165,nDCG@10,0.0
8165,R@100,0.0
8182,nDCG@10,0.46927872602275644
8182,R@100,0.6666666666666666
8187,nDCG@10,0.0
8187,R@100,1.0
8201,nDCG@10,0.6309297535714575
8201,R@100,1.0
8210,nDCG@10,1.0
8210,R@100,1.0
8212,nDCG@10,0.18457569677956817
8212,R@100,0.5
8216,nDCG@10,0.38685280723454163
8216,R@100,0.5
8221,nDCG@10,0.0
8221,R@100,0.0
8226,nDCG@10,0.0
8226,R@100,0.5
8228,nDCG@10,0.0
8228,R@100,1.0
823,nDCG@10,0.6131471927654584
823,R@100,1.0
8232,nDCG@10,1.0
8232,R@100,1.0
8237,nDCG@10,1.0
8237,R@100,1.0
8240,nDCG@10,0.0
8240,R@100,0.125
8241,nDCG@10,1.0
8241,R@100,1.0
8247,nDCG@10,0.10209739512291163
8247,R@100,0.6
8250,nDCG@10,0.0
8250,R@100,1.0
8252,nDCG@10,0.0
8252,R@100,0.25
8253,nDCG@10,0.0
8253,R@100,0.5
8255,nDCG@10,0.3065735963827292
8255,R@100,0.5
8257,nDCG@10,0.0
8257,R@100,1.0
8258,nDCG@10,0.0
8258,R@100,1.0
8264,nDCG@10,0.0
8264,R@100,0.6
8265,nDCG@10,0.6309297535714575
8265,R@100,1.0
8276,nDCG@10,0.0
8276,R@100,1.0
8280,nDCG@10,1.0
8280,R@100,1.0
8281,nDCG@10,0.0
8281,R@100,1.0
8287,nDCG@10,0.0
8287,R@100,0.0
8292,nDCG@10,0.07945707943276742
8292,R@100,1.0
8293,nDCG@10,0.0
8293,R@100,1.0
8295,nDCG@10,0.0
8295,R@100,0.5
8306,nDCG@10,0.5
8306,R@100,1.0
831,nDCG@10,0.17723928678404774
831,R@100,0.5
8312,nDCG@10,1.0
8312,R@100,1.0
8314,nDCG@10,0.0
8314,R@100,0.0
8316,nDCG@10,1.0
8316,R@100,1.0
8317,nDCG@10,0.5
8317,R@100,1.0
8318,nDCG@10,0.23719771276929622
8318,R@100,1.0
8319,nDCG@10,0.16812753627111746
8319,R@100,0.75
832,nDCG@10,0.18154179253735267
832,R@100,0.6666666666666666
8321,nDCG@10,0.7668091220635322
8321,R@100,1.0
8322,nDCG@10,0.3010299956639812
8322,R@100,1.0
8326,nDCG@10,1.0
8326,R@100,1.0
8333,nDCG@10,0.8315546295836225
8333,R@100,1.0
8336,nDCG@10,0.2960819109658652
8336,R@100,1.0
8338,nDCG@10,0.38685280723454163
8338,R@100,1.0
8340,nDCG@10,1.0
8340,R@100,1.0
8345,nDCG@10,0.559008518493208
8345,R@100,0.75
8350,nDCG@10,1.0
8350,R@100,1.0
8355,nDCG@10,0.6131471927654584
8355,R@100,0.5
8356,nDCG@10,0.39564672360221187
8356,R@100,1.0
8379,nDCG@10,0.0
8379,R@100,0.0
8383,nDCG@10,0.0
8383,R@100,1.0
8384,nDCG@10,0.0
8384,R@100,1.0
8385,nDCG@10,0.0
8385,R@100,1.0
8386,nDCG@10,0.6131471927654584
8386,R@100,0.5
8389,nDCG@10,0.5842273861585908
8389,R@100,0.6666666666666666
8390,nDCG@10,0.46927872602275644
8390,R@100,0.3333333333333333
8396,nDCG@10,0.5
8396,R@100,1.0
8397,nDCG@10,0.0
8397,R@100,1.0
84,nDCG@10,0.43067655807339306
84,R@100,1.0
840,nDCG@10,1.0
840,R@100,1.0
8401,nDCG@10,0.38685280723454163
8401,R@100,1.0
8414,nDCG@10,0.18154179253735267
8414,R@100,0.3333333333333333
8415,nDCG@10,0.6309297535714575
8415,R@100,1.0
8417,nDCG@10,0.8315546295836225
8417,R@100,1.0
8418,nDCG@10,0.0
8418,R@100,1.0
842,nDCG@10,0.38685280723454163
842,R@100,0.5
8421,nDCG@10,1.0
8421,R@100,1.0
8428,nDCG@10,0.2640681225725909
8428,R@100,0.5
8432,nDCG@10,0.0
8432,R@100,0.0
8440,nDCG@10,0.0
8440,R@100,0.0
8443,nDCG@10,0.0
8443,R@100,0.0
8464,nDCG@10,0.5
8464,R@100,1.0
8469,nDCG@10,1.0
8469,R@100,1.0
847,nDCG@10,0.19342640361727081
847,R@100,1.0
8473,nDCG@10,0.2640681225725909
8473,R@100,1.0
8487,nDCG@10,0.0
8487,R@100,0.0
849,nDCG@10,0.6508205185601091
849,R@100,1.0
8490,nDCG@10,0.0
8490,R@100,0.0
8491,nDCG@10,0.0
8491,R@100,1.0
8493,nDCG@10,0.6509209298071326
8493,R@100,1.0
8495,nDCG@10,0.5
8495,R@100,1.0
850,nDCG@10,0.0
850,R@100,0.0
8503,nDCG@10,1.0
8503,R@100,1.0
8508,nDCG@10,0.0
8508,R@100,1.0
8512,nDCG@10,0.7030861797445797
8512,R@100,0.75
8520,nDCG@10,0.0
8520,R@100,1.0
8521,nDCG@10,0.39780880120575696
8521,R@100,1.0
8522,nDCG@10,0.0
8522,R@100,0.0
8523,nDCG@10,1.0
8523,R@100,1.0
8526,nDCG@10,0.6131471927654584
8526,R@100,1.0
8527,nDCG@10,0.5
8527,R@100,1.0
8528,nDCG@10,0.5706417189553201
8528,R@100,1.0
853,nDCG@10,0.19342640361727081
853,R@100,0.5
8531,nDCG@10,0.0
8531,R@100,1.0
8540,nDCG@10,0.8315546295836225
8540,R@100,1.0
8544,nDCG@10,0.0
8544,R@100,0.0
8552,nDCG@10,0.0
8552,R@100,0.0
8559,nDCG@10,0.9674679834891693
8559,R@100,1.0
8564,nDCG@10,0.2640681225725909
8564,R@100,1.0
8571,nDCG@10,0.6131471927654584
8571,R@100,1.0
8573,nDCG@10,0.5
8573,R@100,1.0
8574,nDCG@10,0.3333333333333333
8574,R@100,1.0
8578,nDCG@10,0.2640681225725909
8578,R@100,1.0
8579,nDCG@10,1.0
8579,R@100,1.0
8586,nDCG@10,1.0
8586,R@100,1.0
8588,nDCG@10,0.6309297535714575
8588,R@100,1.0
8590,nDCG@10,0.3954551734183064
8590,R@100,0.5
8593,nDCG@10,0.0
8593,R@100,1.0
8597,nDCG@10,0.0
8597,R@100,1.0
8599,nDCG@10,0.18154179253735267
8599,R@100,0.6666666666666666
860,nDCG@10,0.0
860,R@100,0.5
8605,nDCG@10,0.0
8605,R@100,0.0
8606,nDCG@10,0.38685280723454163
8606,R@100,1.0
8610,nDCG@10,1.0
8610,R@100,1.0
8613,nDCG@10,0.1480409554829326
8613,R@100,0.3333333333333333
8622,nDCG@10,0.17723928678404774
8622,R@100,1.0
8625,nDCG@10,0.38685280723454163
8625,R@100,1.0
8628,nDCG@10,0.5
8628,R@100,1.0
864,nDCG@10,0.0
864,R@100,0.6666666666666666
8642,nDCG@10,0.0
8642,R@100,1.0
8651,nDCG@10,0.0
8651,R@100,0.3333333333333333
8652,nDCG@10,0.0
8652,R@100,0.0
8659,nDCG@10,0.0
8659,R@100,0.0
866,nDCG@10,1.0
866,R@100,1.0
8660,nDCG@10,0.38685280723454163
8660,R@100,1.0
8661,nDCG@10,1.0
8661,R@100,1.0
8664,nDCG@10,0.8262373741149447
8664,R@100,1.0
8669,nDCG@10,0.5
8669,R@100,1.0
867,nDCG@10,1.0
867,R@100,1.0
8673,nDCG@10,0.5
8673,R@100,1.0
8679,nDCG@10,0.0
8679,R@100,0.0
8680,nDCG@10,0.0
8680,R@100,0.0
8682,nDCG@10,0.7842445813931346
8682,R@100,1.0
8684,nDCG@10,0.0
8684,R@100,0.0
870,nDCG@10,0.0
870,R@100,0.0
8705,nDCG@10,0.3065735963827292
8705,R@100,1.0
8709,nDCG@10,0.38685280723454163
8709,R@100,1.0
8711,nDCG@10,0.43067655807339306
8711,R@100,1.0
8717,nDCG@10,0.0
8717,R@100,0.6666666666666666
8720,nDCG@10,0.8772153153380493
8720,R@100,1.0
8721,nDCG@10,1.0
8721,R@100,1.0
8730,nDCG@10,0.3065735963827292
8730,R@100,0.5
8731,nDCG@10,1.0
8731,R@100,1.0
8739,nDCG@10,0.43067655807339306
8739,R@100,1.0
8746,nDCG@10,0.3333333333333333
8746,R@100,1.0
875,nDCG@10,0.3333333333333333
875,R@100,1.0
8753,nDCG@10,0.5012658353418871
8753,R@100,1.0
8757,nDCG@10,0.29007579773858083
8757,R@100,1.0
8761,nDCG@10,0.6309297535714575
8761,R@100,1.0
8766,nDCG@10,0.6309297535714575
8766,R@100,1.0
8779,nDCG@10,1.0
8779,R@100,1.0
878,nDCG@10,1.0
878,R@100,1.0
8781,nDCG@10,1.0
8781,R@100,1.0
8797,nDCG@10,0.5
8797,R@100,1.0
8799,nDCG@10,0.9197207891481876
8799,R@100,1.0
88,nDCG@10,0.0
88,R@100,0.0
8802,nDCG@10,0.559008518493208
8802,R@100,1.0
8806,nDCG@10,0.0
8806,R@100,0.0
8809,nDCG@10,0.0
8809,R@100,1.0
8820,nDCG@10,0.0
8820,R@100,0.5
8825,nDCG@10,0.0
8825,R@100,1.0
8830,nDCG@10,0.38685280723454163
8830,R@100,1.0
8833,nDCG@10,0.0
8833,R@100,0.0
8835,nDCG@10,1.0
8835,R@100,1.0
8836,nDCG@10,0.6309297535714575
8836,R@100,1.0
8840,nDCG@10,0.3065735963827292
8840,R@100,1.0
8843,nDCG@10,0.0
8843,R@100,1.0
8849,nDCG@10,0.0
8849,R@100,1.0
8856,nDCG@10,1.0
8856,R@100,1.0
8857,nDCG@10,0.18154179253735267
8857,R@100,1.0
8864,nDCG@10,1.0
8864,R@100,1.0
8870,nDCG@10,0.6309297535714575
8870,R@100,1.0
8873,nDCG@10,0.6309297535714575
8873,R@100,1.0
8888,nDCG@10,1.0
8888,R@100,1.0
889,nDCG@10,0.6131471927654584
889,R@100,1.0
8895,nDCG@10,0.0
8895,R@100,1.0
8896,nDCG@10,0.0
8896,R@100,0.0
890,nDCG@10,0.3010299956639812
890,R@100,1.0
8903,nDCG@10,0.0
8903,R@100,0.0
8904,nDCG@10,0.48522855511632257
8904,R@100,0.6
8913,nDCG@10,0.0
8913,R@100,1.0
8918,nDCG@10,0.6309297535714575
8918,R@100,1.0
8922,nDCG@10,0.0
8922,R@100,0.0
8923,nDCG@10,0.43067655807339306
8923,R@100,1.0
8924,nDCG@10,0.4227898344066503
8924,R@100,1.0
8929,nDCG@10,0.31834121936641585
8929,R@100,0.75
8937,nDCG@10,0.0
8937,R@100,0.0
8942,nDCG@10,0.0
8942,R@100,0.0
8943,nDCG@10,0.0
8943,R@100,0.0
8947,nDCG@10,0.8315546295836225
8947,R@100,1.0
8950,nDCG@10,0.0
8950,R@100,1.0
8954,nDCG@10,0.0
8954,R@100,0.0
8957,nDCG@10,0.21840743681816419
8957,R@100,1.0
8960,nDCG@10,0.36121914672349015
8960,R@100,1.0
8963,nDCG@10,1.0
8963,R@100,1.0
8968,nDCG@10,0.2893079283427616
8968,R@100,1.0
897,nDCG@10,0.0
897,R@100,0.5
8971,nDCG@10,0.0
8971,R@100,1.0
8984,nDCG@10,0.7977228895450266
8984,R@100,1.0
8986,nDCG@10,1.0
8986,R@100,1.0
8997,nDCG@10,0.8315546295836225
8997,R@100,1.0
8999,nDCG@10,1.0
8999,R@100,1.0
9002,nDCG@10,1.0
9002,R@100,1.0
9004,nDCG@10,1.0
9004,R@100,1.0
9009,nDCG@10,0.6131471927654584
9009,R@100,0.5
9011,nDCG@10,0.21840743681816419
9011,R@100,0.5
9013,nDCG@10,0.0
9013,R@100,1.0
9021,nDCG@10,0.41618115554873086
9021,R@100,1.0
9022,nDCG@10,0.3333333333333333
9022,R@100,1.0
9027,nDCG@10,0.6131471927654584
9027,R@100,1.0
9033,nDCG@10,0.38685280723454163
9033,R@100,1.0
9035,nDCG@10,0.6131471927654584
9035,R@100,1.0
9036,nDCG@10,0.34337431936037655
9036,R@100,0.6666666666666666
904,nDCG@10,0.0
904,R@100,1.0
9055,nDCG@10,0.9197207891481876
9055,R@100,1.0
9056,nDCG@10,0.7039180890341347
9056,R@100,0.6666666666666666
9063,nDCG@10,0.9197207891481876
9063,R@100,1.0
9068,nDCG@10,0.0
9068,R@100,0.0
9070,nDCG@10,0.0
9070,R@100,1.0
9073,nDCG@10,0.0
9073,R@100,1.0
9080,nDCG@10,1.0
9080,R@100,1.0
9081,nDCG@10,0.0
9081,R@100,1.0
9092,nDCG@10,1.0
9092,R@100,1.0
9096,nDCG@10,0.38685280723454163
9096,R@100,1.0
9098,nDCG@10,0.0
9098,R@100,1.0
9109,nDCG@10,1.0
9109,R@100,1.0
911,nDCG@10,0.6309297535714575
911,R@100,1.0
9113,nDCG@10,0.0
9113,R@100,0.3333333333333333
9116,nDCG@10,0.0
9116,R@100,1.0
912,nDCG@10,0.8772153153380493
912,R@100,1.0
9120,nDCG@10,0.0
9120,R@100,0.0
9121,nDCG@10,0.8315546295836225
9121,R@100,1.0
9124,nDCG@10,0.6131471927654584
9124,R@100,1.0
9129,nDCG@10,0.0
9129,R@100,0.5
9130,nDCG@10,0.6309297535714575
9130,R@100,1.0
9133,nDCG@10,0.5
9133,R@100,1.0
9136,nDCG@10,0.0
9136,R@100,1.0
9138,nDCG@10,1.0
9138,R@100,1.0
9142,nDCG@10,1.0
9142,R@100,1.0
9145,nDCG@10,0.0
9145,R@100,1.0
9154,nDCG@10,0.6309297535714575
9154,R@100,1.0
9155,nDCG@10,0.3010299956639812
9155,R@100,1.0
9156,nDCG@10,0.19342640361727081
9156,R@100,0.5
9160,nDCG@10,1.0
9160,R@100,1.0
9161,nDCG@10,0.9197207891481876
9161,R@100,1.0
9171,nDCG@10,0.21840743681816419
9171,R@100,1.0
9186,nDCG@10,1.0
9186,R@100,1.0
9194,nDCG@10,0.0
9194,R@100,0.5
9198,nDCG@10,0.0
9198,R@100,0.5
9206,nDCG@10,0.8838242945899706
9206,R@100,1.0
9210,nDCG@10,1.0
9210,R@100,1.0
9218,nDCG@10,0.39106560501896365
9218,R@100,1.0
9233,nDCG@10,0.6309297535714575
9233,R@100,1.0
9237,nDCG@10,0.0
9237,R@100,0.0
9240,nDCG@10,0.0
9240,R@100,1.0
926,nDCG@10,1.0
926,R@100,1.0
9272,nDCG@10,0.5
9272,R@100,1.0
928,nDCG@10,0.0
928,R@100,0.0
9287,nDCG@10,0.6309297535714575
9287,R@100,1.0
9289,nDCG@10,0.0
9289,R@100,0.75
929,nDCG@10,1.0
929,R@100,1.0
9290,nDCG@10,1.0
9290,R@100,1.0
9292,nDCG@10,0.6309297535714575
9292,R@100,1.0
9295,nDCG@10,1.0
9295,R@100,1.0
9296,nDCG@10,1.0
9296,R@100,1.0
9298,nDCG@10,0.0
9298,R@100,0.0
9300,nDCG@10,0.0
9300,R@100,1.0
9302,nDCG@10,0.3065735963827292
9302,R@100,1.0
9303,nDCG@10,0.5256940434743352
9303,R@100,1.0
9308,nDCG@10,0.0
9308,R@100,1.0
9320,nDCG@10,0.0
9320,R@100,1.0
9326,nDCG@10,0.0
9326,R@100,0.16666666666666666
9334,nDCG@10,1.0
9334,R@100,1.0
9338,nDCG@10,0.38685280723454163
9338,R@100,1.0
9340,nDCG@10,0.41618115554873086
9340,R@100,1.0
9349,nDCG@10,0.6131471927654584
9349,R@100,1.0
935,nDCG@10,1.0
935,R@100,1.0
9354,nDCG@10,0.2960819109658652
9354,R@100,1.0
9367,nDCG@10,0.6131471927654584
9367,R@100,0.5
9370,nDCG@10,1.0
9370,R@100,1.0
9380,nDCG@10,0.0
9380,R@100,0.0
9385,nDCG@10,0.0
9385,R@100,0.0
9388,nDCG@10,0.0
9388,R@100,0.0
9393,nDCG@10,0.0
9393,R@100,1.0
9395,nDCG@10,0.0
9395,R@100,0.5
940,nDCG@10,0.0
940,R@100,1.0
9406,nDCG@10,0.0
9406,R@100,1.0
9407,nDCG@10,0.0
9407,R@100,1.0
9412,nDCG@10,0.3065735963827292
9412,R@100,1.0
9415,nDCG@10,0.5
9415,R@100,1.0
9418,nDCG@10,1.0
9418,R@100,1.0
9424,nDCG@10,0.0
9424,R@100,0.0
9427,nDCG@10,0.38685280723454163
9427,R@100,1.0
943,nDCG@10,0.6309297535714575
943,R@100,1.0
9432,nDCG@10,0.0
9432,R@100,0.0
9443,nDCG@10,0.617319681505689
9443,R@100,1.0
9451,nDCG@10,0.5
9451,R@100,1.0
9455,nDCG@10,0.9197207891481876
9455,R@100,1.0
9457,nDCG@10,0.0
9457,R@100,0.0
9458,nDCG@10,0.7977228895450266
9458,R@100,1.0
9462,nDCG@10,1.0
9462,R@100,1.0
9472,nDCG@10,1.0
9472,R@100,1.0
9476,nDCG@10,0.6309297535714575
9476,R@100,1.0
9483,nDCG@10,0.0
9483,R@100,1.0
9491,nDCG@10,0.0
9491,R@100,0.2
9492,nDCG@10,0.0
9492,R@100,0.5
9496,nDCG@10,0.5
9496,R@100,1.0
9497,nDCG@10,0.46927872602275644
9497,R@100,1.0
9498,nDCG@10,0.0
9498,R@100,0.0
9505,nDCG@10,0.38685280723454163
9505,R@100,1.0
9506,nDCG@10,1.0
9506,R@100,1.0
9510,nDCG@10,0.0
9510,R@100,1.0
9513,nDCG@10,1.0
9513,R@100,1.0
9517,nDCG@10,0.6309297535714575
9517,R@100,1.0
9528,nDCG@10,1.0
9528,R@100,1.0
953,nDCG@10,0.18457569677956817
953,R@100,0.5
9533,nDCG@10,0.0
9533,R@100,1.0
9540,nDCG@10,0.6309297535714575
9540,R@100,1.0
9543,nDCG@10,0.0
9543,R@100,1.0
9549,nDCG@10,0.38685280723454163
9549,R@100,1.0
9551,nDCG@10,0.0
9551,R@100,1.0
9554,nDCG@10,0.7977228895450266
9554,R@100,1.0
9556,nDCG@10,0.6131471927654584
9556,R@100,1.0
9564,nDCG@10,0.0
9564,R@100,0.0
9565,nDCG@10,0.24630238874073
9565,R@100,1.0
9570,nDCG@10,0.3065735963827292
9570,R@100,1.0
9574,nDCG@10,0.0
9574,R@100,0.3333333333333333
958,nDCG@10,0.0
958,R@100,0.0
9596,nDCG@10,0.5498407734605131
9596,R@100,1.0
9597,nDCG@10,0.3706656904013186
9597,R@100,1.0
9599,nDCG@10,0.5204732013389002
9599,R@100,1.0
960,nDCG@10,0.14126697285982898
960,R@100,1.0
9603,nDCG@10,0.3008855942920819
9603,R@100,1.0
9606,nDCG@10,0.19092086617893467
9606,R@100,0.3333333333333333
9611,nDCG@10,0.0
9611,R@100,1.0
9616,nDCG@10,0.0
9616,R@100,0.0
9617,nDCG@10,0.3010299956639812
9617,R@100,1.0
9623,nDCG@10,0.0
9623,R@100,1.0
9624,nDCG@10,1.0
9624,R@100,1.0
9625,nDCG@10,1.0
9625,R@100,1.0
9634,nDCG@10,0.0
9634,R@100,1.0
9639,nDCG@10,1.0
9639,R@100,1.0
9648,nDCG@10,0.48247555939075504
9648,R@100,1.0
9650,nDCG@10,1.0
9650,R@100,1.0
9655,nDCG@10,0.0
9655,R@100,1.0
9656,nDCG@10,0.6131471927654584
9656,R@100,1.0
9660,nDCG@10,1.0
9660,R@100,1.0
9661,nDCG@10,0.2640681225725909
9661,R@100,0.5
9662,nDCG@10,1.0
9662,R@100,1.0
9663,nDCG@10,0.0
9663,R@100,1.0
9669,nDCG@10,0.43067655807339306
9669,R@100,1.0
9672,nDCG@10,0.38685280723454163
9672,R@100,1.0
9686,nDCG@10,1.0
9686,R@100,1.0
9694,nDCG@10,1.0
9694,R@100,1.0
9695,nDCG@10,1.0
9695,R@100,1.0
97,nDCG@10,1.0
97,R@100,1.0
970,nDCG@10,1.0
970,R@100,1.0
9705,nDCG@10,0.0
9705,R@100,0.0
971,nDCG@10,1.0
971,R@100,1.0
9711,nDCG@10,0.46927872602275644
9711,R@100,1.0
9714,nDCG@10,0.38685280723454163
9714,R@100,1.0
9729,nDCG@10,0.6131471927654584
9729,R@100,1.0
973,nDCG@10,0.0
973,R@100,0.0
9732,nDCG@10,0.38685280723454163
9732,R@100,1.0
9735,nDCG@10,1.0
9735,R@100,1.0
9740,nDCG@10,0.0
9740,R@100,0.0
9745,nDCG@10,0.0
9745,R@100,1.0
9752,nDCG@10,0.0
9752,R@100,1.0
976,nDCG@10,0.38685280723454163
976,R@100,1.0
9769,nDCG@10,0.2640681225725909
9769,R@100,1.0
9772,nDCG@10,0.0
9772,R@100,0.0
9781,nDCG@10,0.0
9781,R@100,1.0
9789,nDCG@10,1.0
9789,R@100,1.0
979,nDCG@10,0.0
979,R@100,1.0
9796,nDCG@10,0.0
9796,R@100,1.0
9797,nDCG@10,0.0
9797,R@100,1.0
9798,nDCG@10,0.123151194370365
9798,R@100,0.75
98,nDCG@10,0.0
98,R@100,0.0
9802,nDCG@10,1.0
9802,R@100,1.0
981,nDCG@10,1.0
981,R@100,1.0
9818,nDCG@10,1.0
9818,R@100,1.0
9829,nDCG@10,0.8315546295836225
9829,R@100,1.0
9843,nDCG@10,0.0
9843,R@100,0.5
9852,nDCG@10,0.0
9852,R@100,0.75
9853,nDCG@10,0.0
9853,R@100,1.0
9857,nDCG@10,0.0
9857,R@100,0.5
9866,nDCG@10,1.0
9866,R@100,1.0
987,nDCG@10,0.0
987,R@100,1.0
9870,nDCG@10,0.2890648263178879
9870,R@100,1.0
9874,nDCG@10,0.31546487678572877
9874,R@100,1.0
9879,nDCG@10,1.0
9879,R@100,1.0
9885,nDCG@10,0.9197207891481876
9885,R@100,1.0
9890,nDCG@10,0.8122682216087223
9890,R@100,0.8
9891,nDCG@10,0.6131471927654584
9891,R@100,0.5
9892,nDCG@10,0.0
9892,R@100,1.0
9899,nDCG@10,0.6131471927654584
9899,R@100,0.5
9901,nDCG@10,1.0
9901,R@100,1.0
9903,nDCG@10,0.0
9903,R@100,1.0
9905,nDCG@10,0.0
9905,R@100,0.5
9906,nDCG@10,1.0
9906,R@100,1.0
9919,nDCG@10,0.0
9919,R@100,0.0
9926,nDCG@10,0.8065735963827293
9926,R@100,1.0
9932,nDCG@10,0.3065735963827292
9932,R@100,0.5
9945,nDCG@10,1.0
9945,R@100,1.0
9950,nDCG@10,0.0
9950,R@100,0.5
9952,nDCG@10,0.0
9952,R@100,1.0
9960,nDCG@10,0.0
9960,R@100,1.0
9965,nDCG@10,0.0
9965,R@100,0.0
9966,nDCG@10,0.0
9966,R@100,0.0
9970,nDCG@10,0.23719771276929622
9970,R@100,1.0
9972,nDCG@10,0.0
9972,R@100,0.0
9977,nDCG@10,0.0
9977,R@100,0.0
9978,nDCG@10,0.0
9978,R@100,0.75
9979,nDCG@10,0.0
9979,R@100,0.5
9982,nDCG@10,0.8772153153380493
9982,R@100,1.0
9987,nDCG@10,1.0
9987,R@100,1.0
9997,nDCG@10,0.6131471927654584
9997,R@100,0.5
