qid,measure,value
100001,nDCG@10,1.0
100001,R@100,1.0
100057,nDCG@10,1.0
100057,R@100,1.0
100149,nDCG@10,0.0
100149,R@100,1.0
100160,nDCG@10,0.7529716549381369
100160,R@100,1.0
100163,nDCG@10,0.43067655807339306
100163,R@100,1.0
10018,nDCG@10,1.0
10018,R@100,1.0
100206,nDCG@10,1.0
100206,R@100,1.0
100218,nDCG@10,1.0
100218,R@100,1.0
100267,nDCG@10,0.0
100267,R@100,1.0
100293,nDCG@10,1.0
100293,R@100,1.0
100298,nDCG@10,1.0
100298,R@100,1.0
100397,nDCG@10,0.0
100397,R@100,1.0
100418,nDCG@10,0.8315546295836225
100418,R@100,1.0
100540,nDCG@10,1.0
100540,R@100,1.0
100572,nDCG@10,0.6780494608112012
100572,R@100,1.0
100732,nDCG@10,0.20210734650054757
100732,R@100,0.3333333333333333
100774,nDCG@10,0.9197207891481876
100774,R@100,1.0
100876,nDCG@10,1.0
100876,R@100,1.0
100914,nDCG@10,1.0
100914,R@100,1.0
101186,nDCG@10,1.0
101186,R@100,1.0
101198,nDCG@10,1.0
101198,R@100,1.0
101242,nDCG@10,1.0
101242,R@100,1.0
101274,nDCG@10,0.6309297535714575
101274,R@100,1.0
101322,nDCG@10,0.18457569677956817
101322,R@100,1.0
101327,nDCG@10,0.2890648263178879
101327,R@100,1.0
101411,nDCG@10,0.8175295903539445
101411,R@100,1.0
101455,nDCG@10,0.6131471927654584
101455,R@100,1.0
10148,nDCG@10,0.3391602052736161
10148,R@100,0.8
101544,nDCG@10,1.0
101544,R@100,1.0
101556,nDCG@10,0.8772153153380493
101556,R@100,1.0
101583,nDCG@10,0.0
101583,R@100,0.2857142857142857
101642,nDCG@10,0.6131471927654584
101642,R@100,1.0
101857,nDCG@10,0.43734888382569426
101857,R@100,1.0
101897,nDCG@10,1.0
101897,R@100,1.0
101992,nDCG@10,0.6309297535714575
101992,R@100,1.0
102036,nDCG@10,0.8529278650606567
102036,R@100,1.0
102052,nDCG@10,1.0
102052,R@100,1.0
102078,nDCG@10,0.6131471927654584
102078,R@100,1.0
102105,nDCG@10,1.0
102105,R@100,1.0
102236,nDCG@10,1.0
102236,R@100,1.0
102296,nDCG@10,0.0
102296,R@100,0.0
102394,nDCG@10,0.86034433104172
102394,R@100,1.0
102469,nDCG@10,0.3333333333333333
102469,R@100,1.0
102489,nDCG@10,1.0
102489,R@100,1.0
102519,nDCG@10,1.0
102519,R@100,1.0
102588,nDCG@10,0.6719882468370725
102588,R@100,1.0
102735,nDCG@10,0.8503449055347546
102735,R@100,1.0
102812,nDCG@10,0.0
102812,R@100,0.0
102838,nDCG@10,0.9197207891481876
102838,R@100,1.0
102850,nDCG@10,0.43067655807339306
102850,R@100,1.0
102998,nDCG@10,0.3010299956639812
102998,R@100,1.0
103061,nDCG@10,1.0
103061,R@100,1.0
103175,nDCG@10,1.0
103175,R@100,1.0
103198,nDCG@10,1.0
103198,R@100,1.0
103280,nDCG@10,1.0
103280,R@100,1.0
103290,nDCG@10,1.0
103290,R@100,1.0
10332,nDCG@10,1.0
10332,R@100,1.0
103352,nDCG@10,1.0
103352,R@100,1.0
103392,nDCG@10,0.0
103392,R@100,1.0
103433,nDCG@10,0.6309297535714575
103433,R@100,1.0
103495,nDCG@10,1.0
103495,R@100,1.0
103567,nDCG@10,1.0
103567,R@100,1.0
103595,nDCG@10,0.5
103595,R@100,1.0
103602,nDCG@10,0.6096199500078984
103602,R@100,1.0
10373,nDCG@10,1.0
10373,R@100,1.0
103756,nDCG@10,0.5
103756,R@100,1.0
103786,nDCG@10,0.0
103786,R@100,1.0
10387,nDCG@10,0.0
10387,R@100,1.0
103874,nDCG@10,1.0
103874,R@100,1.0
103876,nDCG@10,1.0
103876,R@100,1.0
103911,nDCG@10,1.0
103911,R@100,1.0
103969,nDCG@10,1.0
103969,R@100,1.0
103981,nDCG@10,1.0
103981,R@100,1.0
104038,nDCG@10,0.3010299956639812
104038,R@100,1.0
104108,nDCG@10,1.0
104108,R@100,1.0
104136,nDCG@10,0.7707802224715162
104136,R@100,1.0
104156,nDCG@10,0.6309297535714575
104156,R@100,1.0
104168,nDCG@10,1.0
104168,R@100,1.0
104210,nDCG@10,1.0
104210,R@100,1.0
104213,nDCG@10,0.5754994188159135
104213,R@100,0.5555555555555556
104260,nDCG@10,0.6366824387328317
104260,R@100,0.75
104279,nDCG@10,1.0
104279,R@100,1.0
104281,nDCG@10,1.0
104281,R@100,1.0
104328,nDCG@10,1.0
104328,R@100,1.0
104329,nDCG@10,0.0
104329,R@100,1.0
104382,nDCG@10,1.0
104382,R@100,1.0
104612,nDCG@10,1.0
104612,R@100,1.0
104648,nDCG@10,0.0
104648,R@100,1.0
104658,nDCG@10,1.0
104658,R@100,1.0
104726,nDCG@10,0.6309297535714575
104726,R@100,1.0
104771,nDCG@10,0.8315546295836225
104771,R@100,1.0
104791,nDCG@10,1.0
104791,R@100,1.0
104832,nDCG@10,1.0
104832,R@100,1.0
104873,nDCG@10,0.6309297535714575
104873,R@100,1.0
104914,nDCG@10,1.0
104914,R@100,1.0
104933,nDCG@10,1.0
104933,R@100,1.0
104991,nDCG@10,0.0
104991,R@100,1.0
105133,nDCG@10,0.6131471927654584
105133,R@100,1.0
105157,nDCG@10,0.6309297535714575
105157,R@100,1.0
105160,nDCG@10,1.0
105160,R@100,1.0
105181,nDCG@10,1.0
105181,R@100,1.0
105299,nDCG@10,0.6182885020492784
105299,R@100,1.0
105626,nDCG@10,0.38685280723454163
105626,R@100,1.0
105702,nDCG@10,0.3638184934971571
105702,R@100,1.0
10573,nDCG@10,1.0
10573,R@100,1.0
105739,nDCG@10,1.0
105739,R@100,1.0
105763,nDCG@10,1.0
105763,R@100,1.0
105803,nDCG@10,1.0
105803,R@100,1.0
105837,nDCG@10,1.0
105837,R@100,1.0
106022,nDCG@10,0.4415801103577823
106022,R@100,1.0
10604,nDCG@10,1.0
10604,R@100,1.0
106100,nDCG@10,0.6131471927654584
106100,R@100,0.5
106106,nDCG@10,0.5
106106,R@100,1.0
106107,nDCG@10,1.0
106107,R@100,1.0
106155,nDCG@10,0.43067655807339306
106155,R@100,1.0
106413,nDCG@10,0.38685280723454163
106413,R@100,1.0
106525,nDCG@10,0.6131471927654584
106525,R@100,1.0
106537,nDCG@10,0.6309297535714575
106537,R@100,1.0
106538,nDCG@10,0.7977228895450266
106538,R@100,1.0
106575,nDCG@10,0.0
106575,R@100,1.0
106672,nDCG@10,0.5706417189553201
106672,R@100,1.0
10674,nDCG@10,0.46005536386126883
10674,R@100,0.875
106770,nDCG@10,1.0
106770,R@100,1.0
106789,nDCG@10,1.0
106789,R@100,1.0
106798,nDCG@10,1.0
106798,R@100,1.0
106941,nDCG@10,0.5
106941,R@100,1.0
106962,nDCG@10,1.0
106962,R@100,1.0
107094,nDCG@10,0.24966402870278917
107094,R@100,0.6923076923076923
107109,nDCG@10,0.0
107109,R@100,0.0
10711,nDCG@10,0.43067655807339306
10711,R@100,1.0
107163,nDCG@10,0.5
107163,R@100,1.0
107175,nDCG@10,0.5547710914144913
107175,R@100,0.5
10737,nDCG@10,0.0
10737,R@100,1.0
107498,nDCG@10,1.0
107498,R@100,1.0
107569,nDCG@10,1.0
107569,R@100,1.0
10768,nDCG@10,1.0
10768,R@100,1.0
107760,nDCG@10,1.0
107760,R@100,1.0
107784,nDCG@10,0.2890648263178879
107784,R@100,1.0
107860,nDCG@10,0.19342640361727081
107860,R@100,1.0
10792,nDCG@10,0.8772153153380493
10792,R@100,1.0
1080,nDCG@10,0.5
1080,R@100,1.0
108059,nDCG@10,0.48247555939075504
108059,R@100,1.0
108068,nDCG@10,0.0
108068,R@100,1.0
108069,nDCG@10,1.0
108069,R@100,1.0
108089,nDCG@10,1.0
108089,R@100,1.0
108091,nDCG@10,0.3333333333333333
108091,R@100,1.0
108184,nDCG@10,0.3010299956639812
108184,R@100,1.0
108241,nDCG@10,0.6509209298071326
108241,R@100,1.0
108357,nDCG@10,1.0
108357,R@100,1.0
108358,nDCG@10,1.0
108358,R@100,1.0
108437,nDCG@10,1.0
108437,R@100,1.0
108572,nDCG@10,0.23719771276929622
108572,R@100,1.0
108586,nDCG@10,0.8772153153380493
108586,R@100,1.0
108602,nDCG@10,0.6766372988929881
108602,R@100,1.0
108628,nDCG@10,0.26836379988737025
108628,R@100,1.0
108680,nDCG@10,1.0
108680,R@100,1.0
108718,nDCG@10,1.0
108718,R@100,1.0
108723,nDCG@10,1.0
108723,R@100,1.0
108774,nDCG@10,0.6309297535714575
108774,R@100,1.0
108806,nDCG@10,1.0
108806,R@100,1.0
108814,nDCG@10,1.0
108814,R@100,1.0
108844,nDCG@10,1.0
108844,R@100,1.0
108884,nDCG@10,0.9197207891481876
108884,R@100,1.0
108895,nDCG@10,0.6509209298071326
108895,R@100,1.0
108935,nDCG@10,0.38685280723454163
108935,R@100,1.0
109007,nDCG@10,0.3562071871080222
109007,R@100,1.0
109019,nDCG@10,1.0
109019,R@100,1.0
109039,nDCG@10,0.23719771276929622
109039,R@100,0.5
109057,nDCG@10,0.6240505200038379
109057,R@100,1.0
109099,nDCG@10,0.11751610475642714
109099,R@100,0.5
109146,nDCG@10,1.0
109146,R@100,1.0
109178,nDCG@10,1.0
109178,R@100,1.0
109197,nDCG@10,1.0
109197,R@100,1.0
109254,nDCG@10,1.0
109254,R@100,1.0
10927,nDCG@10,0.0
10927,R@100,0.0
1093,nDCG@10,0.40885093048316934
1093,R@100,1.0
109308,nDCG@10,0.24630238874073
109308,R@100,1.0
109334,nDCG@10,0.43067655807339306
109334,R@100,1.0
109375,nDCG@10,1.0
109375,R@100,1.0
109383,nDCG@10,1.0
109383,R@100,1.0
10939,nDCG@10,1.0
10939,R@100,1.0
109424,nDCG@10,1.0
109424,R@100,1.0
109508,nDCG@10,0.6131471927654584
109508,R@100,1.0
109546,nDCG@10,0.6309297535714575
109546,R@100,1.0
109552,nDCG@10,1.0
109552,R@100,1.0
109564,nDCG@10,1.0
109564,R@100,1.0
109585,nDCG@10,0.39780880120575696
109585,R@100,1.0
109592,nDCG@10,0.43067655807339306
109592,R@100,1.0
109672,nDCG@10,1.0
109672,R@100,1.0
109800,nDCG@10,1.0
109800,R@100,1.0
109803,nDCG@10,0.0
109803,R@100,1.0
109840,nDCG@10,1.0
109840,R@100,1.0
109846,nDCG@10,1.0
109846,R@100,1.0
10991,nDCG@10,1.0
10991,R@100,1.0
109941,nDCG@10,0.0
109941,R@100,0.0
110018,nDCG@10,0.6934264036172708
110018,R@100,1.0
11002,nDCG@10,0.0
11002,R@100,1.0
110064,nDCG@10,0.3562071871080222
110064,R@100,1.0
110150,nDCG@10,0.843537875344446
110150,R@100,1.0
110153,nDCG@10,0.0
110153,R@100,0.0
110200,nDCG@10,1.0
110200,R@100,1.0
110212,nDCG@10,1.0
110212,R@100,1.0
110243,nDCG@10,0.0
110243,R@100,0.0
110248,nDCG@10,0.46927872602275644
110248,R@100,1.0
110299,nDCG@10,1.0
110299,R@100,1.0
110348,nDCG@10,0.8598410759517514
110348,R@100,1.0
110349,nDCG@10,0.3010299956639812
110349,R@100,1.0
110415,nDCG@10,0.0
110415,R@100,1.0
110447,nDCG@10,1.0
110447,R@100,1.0
110468,nDCG@10,0.0
110468,R@100,1.0
110497,nDCG@10,1.0
110497,R@100,1.0
110548,nDCG@10,0.5
110548,R@100,1.0
110551,nDCG@10,1.0
110551,R@100,1.0
110576,nDCG@10,0.38685280723454163
110576,R@100,1.0
1106,nDCG@10,0.6309297535714575
1106,R@100,1.0
110608,nDCG@10,0.0
110608,R@100,1.0
110731,nDCG@10,0.0
110731,R@100,1.0
11074,nDCG@10,1.0
11074,R@100,1.0
110768,nDCG@10,1.0
110768,R@100,1.0
110872,nDCG@10,1.0
110872,R@100,1.0
110928,nDCG@10,1.0
110928,R@100,1.0
11093,nDCG@10,1.0
11093,R@100,1.0
110945,nDCG@10,1.0
110945,R@100,1.0
110963,nDCG@10,1.0
110963,R@100,1.0
110990,nDCG@10,0.6309297535714575
110990,R@100,1.0
111035,nDCG@10,1.0
111035,R@100,1.0
111061,nDCG@10,0.38685280723454163
111061,R@100,1.0
111065,nDCG@10,0.6309297535714575
111065,R@100,1.0
11110,nDCG@10,1.0
11110,R@100,1.0
111108,nDCG@10,1.0
111108,R@100,1.0
111159,nDCG@10,0.39564672360221187
111159,R@100,1.0
111246,nDCG@10,0.0
111246,R@100,1.0
111350,nDCG@10,0.0
111350,R@100,1.0
111403,nDCG@10,1.0
111403,R@100,1.0
111407,nDCG@10,0.6131471927654584
111407,R@100,1.0
111432,nDCG@10,0.6713860725233041
111432,R@100,1.0
111437,nDCG@10,1.0
111437,R@100,1.0
111478,nDCG@10,0.46927872602275644
111478,R@100,1.0
111529,nDCG@10,1.0
111529,R@100,1.0
111537,nDCG@10,0.8063273823662358
111537,R@100,1.0
111599,nDCG@10,0.0
111599,R@100,0.0
111678,nDCG@10,1.0
111678,R@100,1.0
11171,nDCG@10,1.0
11171,R@100,1.0
111769,nDCG@10,1.0
111769,R@100,1.0
111866,nDCG@10,1.0
111866,R@100,1.0
111965,nDCG@10,1.0
111965,R@100,1.0
112001,nDCG@10,1.0
112001,R@100,1.0
112004,nDCG@10,1.0
112004,R@100,1.0
112006,nDCG@10,1.0
112006,R@100,1.0
112017,nDCG@10,0.0
112017,R@100,0.0
112024,nDCG@10,1.0
112024,R@100,1.0
112065,nDCG@10,1.0
112065,R@100,1.0
112070,nDCG@10,0.0
112070,R@100,0.5
112073,nDCG@10,1.0
112073,R@100,1.0
112125,nDCG@10,0.5
112125,R@100,1.0
112135,nDCG@10,0.5
112135,R@100,1.0
112148,nDCG@10,0.0
112148,R@100,1.0
112152,nDCG@10,0.3333333333333333
112152,R@100,1.0
112163,nDCG@10,1.0
112163,R@100,1.0
112165,nDCG@10,1.0
112165,R@100,1.0
112200,nDCG@10,0.6713860725233041
112200,R@100,0.6666666666666666
112284,nDCG@10,0.43067655807339306
112284,R@100,1.0
11231,nDCG@10,1.0
11231,R@100,1.0
112323,nDCG@10,0.3010299956639812
112323,R@100,1.0
112326,nDCG@10,1.0
112326,R@100,1.0
11236,nDCG@10,1.0
11236,R@100,1.0
112403,nDCG@10,0.0
112403,R@100,1.0
112484,nDCG@10,0.6309297535714575
112484,R@100,1.0
112488,nDCG@10,0.5706417189553201
112488,R@100,1.0
112583,nDCG@10,1.0
112583,R@100,1.0
112633,nDCG@10,1.0
112633,R@100,1.0
112666,nDCG@10,0.4592846660663049
112666,R@100,0.6666666666666666
11269,nDCG@10,0.841492960259019
11269,R@100,1.0
112762,nDCG@10,0.0
112762,R@100,1.0
112776,nDCG@10,0.5
112776,R@100,1.0
112859,nDCG@10,0.9363792118010483
112859,R@100,1.0
112918,nDCG@10,0.0
112918,R@100,0.5
112949,nDCG@10,1.0
112949,R@100,1.0
112978,nDCG@10,1.0
112978,R@100,1.0
113101,nDCG@10,1.0
113101,R@100,1.0
113150,nDCG@10,1.0
113150,R@100,1.0
113188,nDCG@10,0.0
113188,R@100,0.0
113221,nDCG@10,1.0
113221,R@100,1.0
113378,nDCG@10,0.6052602440527057
113378,R@100,1.0
113630,nDCG@10,0.6934264036172708
113630,R@100,1.0
113788,nDCG@10,1.0
113788,R@100,1.0
113803,nDCG@10,0.6309297535714575
113803,R@100,1.0
113849,nDCG@10,1.0
113849,R@100,1.0
113873,nDCG@10,0.9674679834891693
113873,R@100,1.0
114052,nDCG@10,1.0
114052,R@100,1.0
114080,nDCG@10,0.9060254355346823
114080,R@100,1.0
114134,nDCG@10,1.0
114134,R@100,1.0
114163,nDCG@10,0.46927872602275644
114163,R@100,1.0
114190,nDCG@10,0.8772153153380493
114190,R@100,1.0
114287,nDCG@10,1.0
114287,R@100,1.0
114334,nDCG@10,1.0
114334,R@100,1.0
114409,nDCG@10,1.0
114409,R@100,1.0
114430,nDCG@10,1.0
114430,R@100,1.0
1145,nDCG@10,1.0
1145,R@100,1.0
114541,nDCG@10,0.5706417189553201
114541,R@100,1.0
114602,nDCG@10,0.43067655807339306
114602,R@100,1.0
114622,nDCG@10,0.7541985434892589
114622,R@100,1.0
114656,nDCG@10,0.0
114656,R@100,0.25
114675,nDCG@10,0.6309297535714575
114675,R@100,1.0
114768,nDCG@10,0.5
114768,R@100,1.0
114777,nDCG@10,1.0
114777,R@100,1.0
114834,nDCG@10,1.0
114834,R@100,1.0
114889,nDCG@10,1.0
114889,R@100,1.0
1149,nDCG@10,0.6309297535714575
1149,R@100,1.0
114942,nDCG@10,0.741670249010153
114942,R@100,0.9
114951,nDCG@10,0.43067655807339306
114951,R@100,1.0
115142,nDCG@10,0.8772153153380493
115142,R@100,1.0
115171,nDCG@10,1.0
115171,R@100,1.0
115181,nDCG@10,1.0
115181,R@100,1.0
11522,nDCG@10,0.3562071871080222
11522,R@100,1.0
115291,nDCG@10,1.0
115291,R@100,1.0
115346,nDCG@10,1.0
115346,R@100,1.0
115347,nDCG@10,0.0
115347,R@100,0.0
115423,nDCG@10,1.0
115423,R@100,1.0
115470,nDCG@10,1.0
115470,R@100,1.0
115504,nDCG@10,0.6309297535714575
115504,R@100,1.0
115512,nDCG@10,0.6447841584694202
115512,R@100,1.0
115530,nDCG@10,0.6240505200038379
115530,R@100,1.0
115537,nDCG@10,1.0
115537,R@100,1.0
115583,nDCG@10,0.6309297535714575
115583,R@100,1.0
115609,nDCG@10,1.0
115609,R@100,1.0
115618,nDCG@10,1.0
115618,R@100,1.0
115619,nDCG@10,0.0
115619,R@100,1.0
115626,nDCG@10,1.0
115626,R@100,1.0
115644,nDCG@10,1.0
115644,R@100,1.0
115725,nDCG@10,0.31546487678572877
115725,R@100,1.0
115768,nDCG@10,1.0
115768,R@100,1.0
115817,nDCG@10,1.0
115817,R@100,1.0
115819,nDCG@10,0.6309297535714575
115819,R@100,1.0
115823,nDCG@10,0.0
115823,R@100,0.0
115874,nDCG@10,0.0
115874,R@100,1.0
115926,nDCG@10,1.0
115926,R@100,1.0
115995,nDCG@10,1.0
115995,R@100,1.0
116239,nDCG@10,0.0
116239,R@100,1.0
116412,nDCG@10,0.6131471927654584
116412,R@100,0.5
116420,nDCG@10,0.6309297535714575
116420,R@100,1.0
116435,nDCG@10,0.0
116435,R@100,1.0
116466,nDCG@10,0.6309297535714575
116466,R@100,1.0
116469,nDCG@10,1.0
116469,R@100,1.0
116591,nDCG@10,1.0
116591,R@100,1.0
116596,nDCG@10,1.0
116596,R@100,1.0
116621,nDCG@10,0.9325210919548239
116621,R@100,1.0
116635,nDCG@10,0.9197207891481876
116635,R@100,1.0
11667,nDCG@10,0.0
11667,R@100,0.0
116692,nDCG@10,0.3932591258696538
116692,R@100,1.0
116829,nDCG@10,0.6309297535714575
116829,R@100,1.0
116868,nDCG@10,1.0
116868,R@100,1.0
116931,nDCG@10,0.5
116931,R@100,1.0
116984,nDCG@10,0.3010299956639812
116984,R@100,1.0
117004,nDCG@10,1.0
117004,R@100,1.0
117051,nDCG@10,1.0
117051,R@100,1.0
117097,nDCG@10,0.38685280723454163
117097,R@100,1.0
117105,nDCG@10,0.0
117105,R@100,1.0
117160,nDCG@10,1.0
117160,R@100,1.0
117188,nDCG@10,0.43067655807339306
117188,R@100,1.0
117279,nDCG@10,0.6105456988825855
117279,R@100,0.6666666666666666
117293,nDCG@10,1.0
117293,R@100,1.0
117326,nDCG@10,0.8854598815714874
117326,R@100,1.0
117419,nDCG@10,1.0
117419,R@100,1.0
117431,nDCG@10,1.0
117431,R@100,1.0
117473,nDCG@10,0.6306637463657283
117473,R@100,0.9285714285714286
117480,nDCG@10,1.0
117480,R@100,1.0
117493,nDCG@10,0.31546487678572877
117493,R@100,1.0
117591,nDCG@10,1.0
117591,R@100,1.0
117699,nDCG@10,0.6309297535714575
117699,R@100,1.0
117721,nDCG@10,0.6309297535714575
117721,R@100,1.0
117730,nDCG@10,0.38685280723454163
117730,R@100,1.0
117749,nDCG@10,0.5
117749,R@100,1.0
117786,nDCG@10,1.0
117786,R@100,1.0
117797,nDCG@10,1.0
117797,R@100,1.0
117827,nDCG@10,1.0
117827,R@100,1.0
117830,nDCG@10,1.0
117830,R@100,1.0
117836,nDCG@10,0.6934264036172708
117836,R@100,1.0
117953,nDCG@10,1.0
117953,R@100,1.0
118027,nDCG@10,0.8503449055347546
118027,R@100,1.0
118130,nDCG@10,0.8772153153380493
118130,R@100,1.0
118134,nDCG@10,0.9060254355346823
118134,R@100,1.0
118187,nDCG@10,1.0
118187,R@100,1.0
118195,nDCG@10,0.6309297535714575
118195,R@100,1.0
118255,nDCG@10,1.0
118255,R@100,1.0
118334,nDCG@10,0.9197207891481876
118334,R@100,1.0
118364,nDCG@10,0.5
118364,R@100,1.0
118409,nDCG@10,1.0
118409,R@100,1.0
118461,nDCG@10,0.6309297535714575
118461,R@100,1.0
118475,nDCG@10,1.0
118475,R@100,1.0
11848,nDCG@10,0.38685280723454163
11848,R@100,1.0
118577,nDCG@10,1.0
118577,R@100,1.0
118690,nDCG@10,1.0
118690,R@100,1.0
118747,nDCG@10,1.0
118747,R@100,1.0
118753,nDCG@10,1.0
118753,R@100,1.0
118762,nDCG@10,1.0
118762,R@100,1.0
118879,nDCG@10,1.0
118879,R@100,1.0
118892,nDCG@10,0.644824486427155
118892,R@100,0.8333333333333334
11907,nDCG@10,0.23719771276929622
11907,R@100,0.5
119072,nDCG@10,1.0
119072,R@100,1.0
119091,nDCG@10,0.0
119091,R@100,0.2857142857142857
119151,nDCG@10,0.6309297535714575
119151,R@100,1.0
119193,nDCG@10,0.430624116386567
119193,R@100,1.0
119221,nDCG@10,0.9674679834891693
119221,R@100,1.0
119233,nDCG@10,0.3333333333333333
119233,R@100,1.0
119272,nDCG@10,1.0
119272,R@100,1.0
119290,nDCG@10,0.3010299956639812
119290,R@100,1.0
119343,nDCG@10,0.0
119343,R@100,0.0
119619,nDCG@10,0.3065735963827292
119619,R@100,1.0
119747,nDCG@10,0.0
119747,R@100,1.0
119754,nDCG@10,1.0
119754,R@100,1.0
119788,nDCG@10,1.0
119788,R@100,1.0
119795,nDCG@10,0.7528479435844877
119795,R@100,1.0
119804,nDCG@10,1.0
119804,R@100,1.0
119911,nDCG@10,1.0
119911,R@100,1.0
119923,nDCG@10,1.0
119923,R@100,1.0
11993,nDCG@10,0.9469024295259745
11993,R@100,1.0
120008,nDCG@10,1.0
120008,R@100,1.0
120258,nDCG@10,0.0
120258,R@100,0.0
120270,nDCG@10,0.0
120270,R@100,1.0
120300,nDCG@10,0.0
120300,R@100,1.0
120332,nDCG@10,1.0
120332,R@100,1.0
120388,nDCG@10,0.2960819109658652
120388,R@100,1.0
120466,nDCG@10,0.6920165406831017
120466,R@100,1.0
12057,nDCG@10,1.0
12057,R@100,1.0
120597,nDCG@10,0.38685280723454163
120597,R@100,1.0
120625,nDCG@10,1.0
120625,R@100,1.0
120695,nDCG@10,1.0
120695,R@100,1.0
120779,nDCG@10,0.5307212739772434
120779,R@100,1.0
120822,nDCG@10,0.6309297535714575
120822,R@100,1.0
120881,nDCG@10,1.0
120881,R@100,1.0
120888,nDCG@10,1.0
120888,R@100,1.0
120947,nDCG@10,0.3333333333333333
120947,R@100,1.0
121102,nDCG@10,1.0
121102,R@100,1.0
121117,nDCG@10,1.0
121117,R@100,1.0
121166,nDCG@10,0.0
121166,R@100,1.0
121169,nDCG@10,1.0
121169,R@100,1.0
121314,nDCG@10,1.0
121314,R@100,1.0
121336,nDCG@10,0.5
121336,R@100,1.0
121455,nDCG@10,1.0
121455,R@100,1.0
121481,nDCG@10,1.0
121481,R@100,1.0
12151,nDCG@10,1.0
12151,R@100,1.0
121544,nDCG@10,0.43067655807339306
121544,R@100,1.0
121546,nDCG@10,0.0
121546,R@100,1.0
121641,nDCG@10,0.43067655807339306
121641,R@100,1.0
121803,nDCG@10,0.0
121803,R@100,0.0
12186,nDCG@10,0.3562071871080222
12186,R@100,1.0
121873,nDCG@10,1.0
121873,R@100,1.0
121969,nDCG@10,1.0
121969,R@100,1.0
121988,nDCG@10,0.0
121988,R@100,1.0
121995,nDCG@10,1.0
121995,R@100,1.0
122001,nDCG@10,0.38685280723454163
122001,R@100,1.0
122022,nDCG@10,0.20438239758848611
122022,R@100,1.0
122121,nDCG@10,1.0
122121,R@100,1.0
122123,nDCG@10,0.19092086617893467
122123,R@100,0.6666666666666666
122130,nDCG@10,1.0
122130,R@100,1.0
122166,nDCG@10,0.3010299956639812
122166,R@100,1.0
122200,nDCG@10,1.0
122200,R@100,1.0
122233,nDCG@10,0.0
122233,R@100,0.0
122236,nDCG@10,0.8899603164338973
122236,R@100,1.0
122274,nDCG@10,0.11305340175787204
122274,R@100,1.0
122338,nDCG@10,1.0
122338,R@100,1.0
122405,nDCG@10,1.0
122405,R@100,1.0
122445,nDCG@10,1.0
122445,R@100,1.0
122455,nDCG@10,0.0
122455,R@100,1.0
122540,nDCG@10,1.0
122540,R@100,1.0
122557,nDCG@10,1.0
122557,R@100,1.0
122597,nDCG@10,1.0
122597,R@100,1.0
122677,nDCG@10,1.0
122677,R@100,1.0
122699,nDCG@10,1.0
122699,R@100,1.0
122754,nDCG@10,0.7653606369886217
122754,R@100,0.6666666666666666
122755,nDCG@10,1.0
122755,R@100,1.0
122787,nDCG@10,1.0
122787,R@100,1.0
122816,nDCG@10,0.5
122816,R@100,1.0
122840,nDCG@10,0.20438239758848611
122840,R@100,1.0
12285,nDCG@10,0.2960819109658652
12285,R@100,1.0
122884,nDCG@10,0.9060254355346823
122884,R@100,1.0
12297,nDCG@10,1.0
12297,R@100,1.0
12301,nDCG@10,1.0
12301,R@100,1.0
123090,nDCG@10,1.0
123090,R@100,1.0
123185,nDCG@10,1.0
123185,R@100,1.0
12321,nDCG@10,1.0
12321,R@100,1.0
123351,nDCG@10,0.5706417189553201
123351,R@100,1.0
123355,nDCG@10,0.49818925746641285
123355,R@100,1.0
1234,nDCG@10,0.38685280723454163
1234,R@100,1.0
123410,nDCG@10,1.0
123410,R@100,1.0
123664,nDCG@10,0.0
123664,R@100,1.0
12371,nDCG@10,0.8854598815714874
12371,R@100,1.0
123760,nDCG@10,0.0
123760,R@100,1.0
123787,nDCG@10,0.43067655807339306
123787,R@100,1.0
123792,nDCG@10,1.0
123792,R@100,1.0
1238,nDCG@10,0.3010299956639812
1238,R@100,1.0
123912,nDCG@10,0.6052602440527057
123912,R@100,1.0
123940,nDCG@10,1.0
123940,R@100,1.0
123947,nDCG@10,1.0
123947,R@100,1.0
123951,nDCG@10,1.0
123951,R@100,1.0
124018,nDCG@10,0.5323325778787926
124018,R@100,1.0
124088,nDCG@10,1.0
124088,R@100,1.0
124112,nDCG@10,1.0
124112,R@100,1.0
124167,nDCG@10,0.9469024295259745
124167,R@100,1.0
124184,nDCG@10,1.0
124184,R@100,1.0
124273,nDCG@10,1.0
124273,R@100,1.0
124277,nDCG@10,0.31546487678572877
124277,R@100,1.0
124293,nDCG@10,0.5249810332008933
124293,R@100,1.0
124297,nDCG@10,0.38685280723454163
124297,R@100,0.5
124317,nDCG@10,1.0
124317,R@100,1.0
124389,nDCG@10,1.0
124389,R@100,1.0
124416,nDCG@10,0.8503449055347546
124416,R@100,1.0
124429,nDCG@10,0.6309297535714575
124429,R@100,1.0
124450,nDCG@10,0.6240505200038379
124450,R@100,1.0
124617,nDCG@10,1.0
124617,R@100,1.0
12466,nDCG@10,1.0
12466,R@100,1.0
124666,nDCG@10,1.0
124666,R@100,1.0
124681,nDCG@10,0.8772153153380493
124681,R@100,1.0
124687,nDCG@10,1.0
124687,R@100,1.0
124697,nDCG@10,1.0
124697,R@100,1.0
124790,nDCG@10,1.0
124790,R@100,1.0
124850,nDCG@10,1.0
124850,R@100,1.0
124865,nDCG@10,0.3333333333333333
124865,R@100,1.0
12488,nDCG@10,0.6309297535714575
12488,R@100,1.0
124880,nDCG@10,1.0
124880,R@100,1.0
124883,nDCG@10,0.06943122193677727
124883,R@100,0.7692307692307693
124931,nDCG@10,0.6309297535714575
124931,R@100,1.0
124963,nDCG@10,1.0
124963,R@100,1.0
1251,nDCG@10,1.0
1251,R@100,1.0
125140,nDCG@10,1.0
125140,R@100,1.0
125181,nDCG@10,1.0
125181,R@100,1.0
125211,nDCG@10,0.6131471927654584
125211,R@100,1.0
125259,nDCG@10,1.0
125259,R@100,1.0
125313,nDCG@10,1.0
125313,R@100,1.0
125381,nDCG@10,0.6509209298071326
125381,R@100,1.0
125389,nDCG@10,1.0
125389,R@100,1.0
125430,nDCG@10,0.6309297535714575
125430,R@100,1.0
125467,nDCG@10,0.6309297535714575
125467,R@100,1.0
125549,nDCG@10,0.6309297535714575
125549,R@100,1.0
125602,nDCG@10,0.6309297535714575
125602,R@100,1.0
125620,nDCG@10,1.0
125620,R@100,1.0
125630,nDCG@10,0.0
125630,R@100,1.0
125648,nDCG@10,0.0
125648,R@100,0.25
125697,nDCG@10,1.0
125697,R@100,1.0
125776,nDCG@10,1.0
125776,R@100,1.0
125908,nDCG@10,1.0
125908,R@100,1.0
125972,nDCG@10,1.0
125972,R@100,1.0
126030,nDCG@10,0.6309297535714575
126030,R@100,1.0
126111,nDCG@10,1.0
126111,R@100,1.0
12613,nDCG@10,1.0
12613,R@100,1.0
126141,nDCG@10,1.0
126141,R@100,1.0
126180,nDCG@10,0.19342640361727081
126180,R@100,1.0
12620,nDCG@10,0.0
12620,R@100,0.5
126366,nDCG@10,0.0
126366,R@100,1.0
126418,nDCG@10,0.0
126418,R@100,1.0
126496,nDCG@10,0.0
126496,R@100,0.5
126498,nDCG@10,0.3333333333333333
126498,R@100,1.0
126560,nDCG@10,0.17723928678404774
126560,R@100,1.0
126565,nDCG@10,0.0
126565,R@100,1.0
126569,nDCG@10,0.0
126569,R@100,0.0
126622,nDCG@10,1.0
126622,R@100,1.0
126640,nDCG@10,0.7328286204777911
126640,R@100,1.0
126650,nDCG@10,0.9197207891481876
126650,R@100,1.0
126702,nDCG@10,1.0
126702,R@100,1.0
126706,nDCG@10,0.31546487678572877
126706,R@100,1.0
126722,nDCG@10,0.0
126722,R@100,0.0
126769,nDCG@10,0.0
126769,R@100,1.0
126789,nDCG@10,0.3562071871080222
126789,R@100,1.0
126860,nDCG@10,1.0
126860,R@100,1.0
126979,nDCG@10,0.31546487678572877
126979,R@100,1.0
126996,nDCG@10,0.5
126996,R@100,1.0
126999,nDCG@10,0.14126697285982898
126999,R@100,1.0
127003,nDCG@10,1.0
127003,R@100,1.0
127012,nDCG@10,0.43067655807339306
127012,R@100,1.0
127027,nDCG@10,0.0
127027,R@100,0.25
127038,nDCG@10,1.0
127038,R@100,1.0
127085,nDCG@10,0.0
127085,R@100,0.0
127175,nDCG@10,0.6309297535714575
127175,R@100,1.0
127276,nDCG@10,1.0
127276,R@100,1.0
12734,nDCG@10,0.0761433407173835
12734,R@100,0.5
127354,nDCG@10,0.0
127354,R@100,1.0
127392,nDCG@10,0.0
127392,R@100,0.0
127496,nDCG@10,0.3562071871080222
127496,R@100,1.0
127530,nDCG@10,1.0
127530,R@100,1.0
127569,nDCG@10,1.0
127569,R@100,1.0
127649,nDCG@10,1.0
127649,R@100,1.0
127670,nDCG@10,0.0
127670,R@100,1.0
127701,nDCG@10,1.0
127701,R@100,1.0
127710,nDCG@10,1.0
127710,R@100,1.0
127728,nDCG@10,0.3333333333333333
127728,R@100,1.0
127730,nDCG@10,1.0
127730,R@100,1.0
127745,nDCG@10,1.0
127745,R@100,1.0
12775,nDCG@10,0.5945851109542193
12775,R@100,0.875
127826,nDCG@10,0.0
127826,R@100,1.0
127868,nDCG@10,0.0
127868,R@100,1.0
127880,nDCG@10,0.5
127880,R@100,1.0
127978,nDCG@10,0.5
127978,R@100,1.0
127995,nDCG@10,0.6131471927654584
127995,R@100,1.0
128005,nDCG@10,0.8854598815714874
128005,R@100,1.0
128130,nDCG@10,0.0
128130,R@100,1.0
12814,nDCG@10,0.6309297535714575
12814,R@100,1.0
128190,nDCG@10,0.0
128190,R@100,0.5
128234,nDCG@10,1.0
128234,R@100,1.0
12825,nDCG@10,0.6309297535714575
12825,R@100,1.0
128266,nDCG@10,1.0
128266,R@100,1.0
128355,nDCG@10,0.5
128355,R@100,1.0
128365,nDCG@10,0.0
128365,R@100,0.0
128381,nDCG@10,0.38685280723454163
128381,R@100,1.0
128384,nDCG@10,1.0
128384,R@100,1.0
128399,nDCG@10,1.0
128399,R@100,1.0
128440,nDCG@10,1.0
128440,R@100,1.0
128549,nDCG@10,1.0
128549,R@100,1.0
128636,nDCG@10,0.0
128636,R@100,1.0
12865,nDCG@10,1.0
12865,R@100,1.0
128655,nDCG@10,1.0
128655,R@100,1.0
128672,nDCG@10,0.9060254355346823
128672,R@100,1.0
128683,nDCG@10,0.0
128683,R@100,1.0
128741,nDCG@10,0.31546487678572877
128741,R@100,1.0
128933,nDCG@10,0.0
128933,R@100,1.0
128936,nDCG@10,1.0
128936,R@100,1.0
128941,nDCG@10,0.3010299956639812
128941,R@100,1.0
129033,nDCG@10,0.0
129033,R@100,1.0
12911,nDCG@10,1.0
12911,R@100,1.0
129132,nDCG@10,0.0
129132,R@100,1.0
129165,nDCG@10,1.0
129165,R@100,1.0
129231,nDCG@10,0.3079834593168982
129231,R@100,1.0
12926,nDCG@10,1.0
12926,R@100,1.0
129276,nDCG@10,0.0
129276,R@100,0.0
129299,nDCG@10,1.0
129299,R@100,1.0
129309,nDCG@10,0.6131471927654584
129309,R@100,1.0
129357,nDCG@10,1.0
129357,R@100,1.0
12937,nDCG@10,0.0
12937,R@100,0.0
129398,nDCG@10,1.0
129398,R@100,1.0
129416,nDCG@10,1.0
129416,R@100,1.0
129446,nDCG@10,1.0
129446,R@100,1.0
129507,nDCG@10,1.0
129507,R@100,1.0
129533,nDCG@10,1.0
129533,R@100,1.0
129570,nDCG@10,1.0
129570,R@100,1.0
129616,nDCG@10,1.0
129616,R@100,1.0
12975,nDCG@10,1.0
12975,R@100,1.0
12989,nDCG@10,0.6309297535714575
12989,R@100,1.0
129915,nDCG@10,1.0
129915,R@100,1.0
12994,nDCG@10,0.0
12994,R@100,1.0
130048,nDCG@10,0.0
130048,R@100,1.0
130053,nDCG@10,0.2890648263178879
130053,R@100,1.0
13008,nDCG@10,0.0
13008,R@100,1.0
130103,nDCG@10,0.5706417189553201
130103,R@100,1.0
130112,nDCG@10,0.0
130112,R@100,1.0
130118,nDCG@10,0.8318724637288826
130118,R@100,0.75
130224,nDCG@10,1.0
130224,R@100,1.0
13023,nDCG@10,0.46927872602275644
13023,R@100,1.0
1303,nDCG@10,1.0
1303,R@100,1.0
130332,nDCG@10,0.3010299956639812
130332,R@100,1.0
130478,nDCG@10,0.3010299956639812
130478,R@100,1.0
1305,nDCG@10,0.30281242839865
1305,R@100,1.0
130522,nDCG@10,1.0
130522,R@100,1.0
130523,nDCG@10,0.38685280723454163
130523,R@100,0.5
130560,nDCG@10,0.0
130560,R@100,0.0
130562,nDCG@10,1.0
130562,R@100,1.0
130564,nDCG@10,0.6309297535714575
130564,R@100,1.0
130569,nDCG@10,1.0
130569,R@100,1.0
130586,nDCG@10,0.20815499636142162
130586,R@100,0.5
13060,nDCG@10,1.0
13060,R@100,1.0
130605,nDCG@10,1.0
130605,R@100,1.0
130660,nDCG@10,0.5
130660,R@100,1.0
130762,nDCG@10,0.6182885020492784
130762,R@100,1.0
130763,nDCG@10,0.5205067333228022
130763,R@100,1.0
130824,nDCG@10,0.6131471927654584
130824,R@100,1.0
130837,nDCG@10,1.0
130837,R@100,1.0
13090,nDCG@10,1.0
13090,R@100,1.0
130943,nDCG@10,1.0
130943,R@100,1.0
131006,nDCG@10,1.0
131006,R@100,1.0
131036,nDCG@10,0.6309297535714575
131036,R@100,1.0
131046,nDCG@10,1.0
131046,R@100,1.0
131145,nDCG@10,1.0
131145,R@100,1.0
131272,nDCG@10,0.0
131272,R@100,1.0
131286,nDCG@10,1.0
131286,R@100,1.0
131307,nDCG@10,1.0
131307,R@100,1.0
131338,nDCG@10,0.6309297535714575
131338,R@100,1.0
131527,nDCG@10,0.6309297535714575
131527,R@100,1.0
13153,nDCG@10,0.5
13153,R@100,1.0
131541,nDCG@10,1.0
131541,R@100,1.0
131558,nDCG@10,1.0
131558,R@100,1.0
131591,nDCG@10,0.7328286204777911
131591,R@100,1.0
131624,nDCG@10,0.5
131624,R@100,1.0
13179,nDCG@10,0.7977228895450266
13179,R@100,1.0
131934,nDCG@10,1.0
131934,R@100,1.0
131944,nDCG@10,0.38685280723454163
131944,R@100,1.0
132133,nDCG@10,0.8175295903539445
132133,R@100,1.0
132141,nDCG@10,1.0
132141,R@100,1.0
132149,nDCG@10,1.0
132149,R@100,1.0
132192,nDCG@10,0.3333333333333333
132192,R@100,1.0
132202,nDCG@10,1.0
132202,R@100,1.0
13223,nDCG@10,0.3391602052736161
13223,R@100,0.4
132249,nDCG@10,0.7653606369886217
132249,R@100,0.6666666666666666
132405,nDCG@10,0.0
132405,R@100,1.0
132521,nDCG@10,0.0
132521,R@100,1.0
132570,nDCG@10,1.0
132570,R@100,1.0
132610,nDCG@10,1.0
132610,R@100,1.0
132616,nDCG@10,0.9060254355346823
132616,R@100,1.0
132635,nDCG@10,0.0
132635,R@100,1.0
132640,nDCG@10,1.0
132640,R@100,1.0
132697,nDCG@10,0.6309297535714575
132697,R@100,1.0
132730,nDCG@10,1.0
132730,R@100,1.0
132739,nDCG@10,1.0
132739,R@100,1.0
132758,nDCG@10,1.0
132758,R@100,1.0
132787,nDCG@10,1.0
132787,R@100,1.0
132806,nDCG@10,0.6309297535714575
132806,R@100,1.0
132836,nDCG@10,1.0
132836,R@100,1.0
132871,nDCG@10,1.0
132871,R@100,1.0
132900,nDCG@10,0.5
132900,R@100,1.0
13297,nDCG@10,1.0
13297,R@100,1.0
13300,nDCG@10,1.0
13300,R@100,1.0
133013,nDCG@10,0.38685280723454163
133013,R@100,1.0
133022,nDCG@10,0.3010299956639812
133022,R@100,1.0
133043,nDCG@10,1.0
133043,R@100,1.0
1331,nDCG@10,0.3562071871080222
1331,R@100,1.0
133127,nDCG@10,0.8485833840018
133127,R@100,1.0
133143,nDCG@10,1.0
133143,R@100,1.0
133199,nDCG@10,0.6309297535714575
133199,R@100,1.0
133218,nDCG@10,0.0
133218,R@100,0.0
13327,nDCG@10,0.0
13327,R@100,1.0
133294,nDCG@10,0.8687949224876582
133294,R@100,1.0
133300,nDCG@10,0.2640681225725909
133300,R@100,1.0
133435,nDCG@10,1.0
133435,R@100,1.0
133444,nDCG@10,0.6309297535714575
133444,R@100,1.0
133446,nDCG@10,0.6309297535714575
133446,R@100,1.0
133463,nDCG@10,1.0
133463,R@100,1.0
133526,nDCG@10,0.5012658353418871
133526,R@100,1.0
133699,nDCG@10,1.0
133699,R@100,1.0
133772,nDCG@10,1.0
133772,R@100,1.0
133804,nDCG@10,1.0
133804,R@100,1.0
133814,nDCG@10,1.0
133814,R@100,1.0
133824,nDCG@10,1.0
133824,R@100,1.0
13384,nDCG@10,1.0
13384,R@100,1.0
133855,nDCG@10,1.0
133855,R@100,1.0
133878,nDCG@10,1.0
133878,R@100,1.0
133881,nDCG@10,0.8772153153380493
133881,R@100,1.0
133935,nDCG@10,1.0
133935,R@100,1.0
133992,nDCG@10,1.0
133992,R@100,1.0
134062,nDCG@10,0.5
134062,R@100,1.0
134106,nDCG@10,1.0
134106,R@100,1.0
134139,nDCG@10,1.0
134139,R@100,1.0
134421,nDCG@10,0.0
134421,R@100,1.0
13445,nDCG@10,0.6131471927654584
13445,R@100,1.0
134512,nDCG@10,0.3596910069063418
134512,R@100,0.8947368421052632
134553,nDCG@10,1.0
134553,R@100,1.0
134599,nDCG@10,0.0
134599,R@100,1.0
134626,nDCG@10,0.8065735963827293
134626,R@100,1.0
134668,nDCG@10,1.0
134668,R@100,1.0
134696,nDCG@10,0.17723928678404774
134696,R@100,1.0
134897,nDCG@10,1.0
134897,R@100,1.0
135045,nDCG@10,0.0
135045,R@100,0.0
135088,nDCG@10,1.0
135088,R@100,1.0
135094,nDCG@10,0.0
135094,R@100,1.0
13513,nDCG@10,0.6821597128635729
13513,R@100,1.0
135201,nDCG@10,0.430624116386567
135201,R@100,1.0
135204,nDCG@10,1.0
135204,R@100,1.0
135231,nDCG@10,1.0
135231,R@100,1.0
135275,nDCG@10,0.43067655807339306
135275,R@100,1.0
135277,nDCG@10,1.0
135277,R@100,1.0
135310,nDCG@10,0.0
135310,R@100,0.0
135349,nDCG@10,1.0
135349,R@100,1.0
135385,nDCG@10,1.0
135385,R@100,1.0
135438,nDCG@10,1.0
135438,R@100,1.0
135446,nDCG@10,1.0
135446,R@100,1.0
135525,nDCG@10,0.0
135525,R@100,0.0
135674,nDCG@10,0.0
135674,R@100,1.0
135732,nDCG@10,1.0
135732,R@100,1.0
135741,nDCG@10,1.0
135741,R@100,1.0
135748,nDCG@10,1.0
135748,R@100,1.0
135807,nDCG@10,0.0
135807,R@100,1.0
135816,nDCG@10,0.7937341100537233
135816,R@100,1.0
135840,nDCG@10,0.31546487678572877
135840,R@100,1.0
135860,nDCG@10,0.0
135860,R@100,1.0
135901,nDCG@10,0.0
135901,R@100,0.0
135930,nDCG@10,0.0
135930,R@100,1.0
135988,nDCG@10,0.46927872602275644
135988,R@100,0.6666666666666666
13605,nDCG@10,1.0
13605,R@100,1.0
136151,nDCG@10,1.0
136151,R@100,1.0
136212,nDCG@10,1.0
136212,R@100,1.0
136232,nDCG@10,1.0
136232,R@100,1.0
136240,nDCG@10,1.0
136240,R@100,1.0
136252,nDCG@10,1.0
136252,R@100,1.0
136327,nDCG@10,0.6131471927654584
136327,R@100,1.0
136340,nDCG@10,0.9060254355346823
136340,R@100,1.0
136408,nDCG@10,1.0
136408,R@100,1.0
13641,nDCG@10,1.0
13641,R@100,1.0
136506,nDCG@10,0.11706259313796354
136506,R@100,0.16666666666666666
13653,nDCG@10,0.5
13653,R@100,1.0
136572,nDCG@10,0.0
136572,R@100,1.0
136577,nDCG@10,1.0
136577,R@100,1.0
136767,nDCG@10,0.43067655807339306
136767,R@100,1.0
136808,nDCG@10,0.0
136808,R@100,1.0
136834,nDCG@10,0.3562071871080222
136834,R@100,1.0
136866,nDCG@10,1.0
136866,R@100,1.0
136872,nDCG@10,0.0
136872,R@100,0.5
136874,nDCG@10,0.0
136874,R@100,1.0
136876,nDCG@10,0.2489083270225946
136876,R@100,0.7272727272727273
136928,nDCG@10,0.6309297535714575
136928,R@100,1.0
137008,nDCG@10,1.0
137008,R@100,1.0
137033,nDCG@10,1.0
137033,R@100,1.0
137098,nDCG@10,0.0
137098,R@100,1.0
137130,nDCG@10,0.8029580725803853
137130,R@100,1.0
137233,nDCG@10,0.0
137233,R@100,1.0
137245,nDCG@10,1.0
137245,R@100,1.0
137309,nDCG@10,0.0
137309,R@100,1.0
137342,nDCG@10,1.0
137342,R@100,1.0
137388,nDCG@10,1.0
137388,R@100,1.0
137489,nDCG@10,1.0
137489,R@100,1.0
137526,nDCG@10,0.6309297535714575
137526,R@100,1.0
137659,nDCG@10,0.6309297535714575
137659,R@100,1.0
137667,nDCG@10,1.0
137667,R@100,1.0
137713,nDCG@10,1.0
137713,R@100,1.0
137727,nDCG@10,0.23719771276929622
137727,R@100,1.0
137748,nDCG@10,1.0
137748,R@100,1.0
137807,nDCG@10,0.0
137807,R@100,1.0
137809,nDCG@10,0.6309297535714575
137809,R@100,1.0
137817,nDCG@10,1.0
137817,R@100,1.0
137847,nDCG@10,1.0
137847,R@100,1.0
137890,nDCG@10,1.0
137890,R@100,1.0
137902,nDCG@10,0.0
137902,R@100,1.0
13800,nDCG@10,0.0
13800,R@100,1.0
138119,nDCG@10,1.0
138119,R@100,1.0
138122,nDCG@10,0.5
138122,R@100,1.0
138145,nDCG@10,0.6309297535714575
138145,R@100,1.0
138270,nDCG@10,1.0
138270,R@100,1.0
138368,nDCG@10,1.0
138368,R@100,1.0
138388,nDCG@10,1.0
138388,R@100,1.0
138475,nDCG@10,1.0
138475,R@100,1.0
138478,nDCG@10,0.3333333333333333
138478,R@100,1.0
138504,nDCG@10,0.6934264036172708
138504,R@100,1.0
138555,nDCG@10,1.0
138555,R@100,1.0
138610,nDCG@10,1.0
138610,R@100,1.0
138656,nDCG@10,0.43067655807339306
138656,R@100,1.0
138686,nDCG@10,0.0
138686,R@100,0.0
138732,nDCG@10,0.8772153153380493
138732,R@100,1.0
138752,nDCG@10,1.0
138752,R@100,1.0
138808,nDCG@10,0.0
138808,R@100,1.0
138949,nDCG@10,0.0
138949,R@100,0.5
139010,nDCG@10,1.0
139010,R@100,1.0
139016,nDCG@10,0.6131471927654584
139016,R@100,1.0
139042,nDCG@10,1.0
139042,R@100,1.0
139136,nDCG@10,1.0
139136,R@100,1.0
13918,nDCG@10,1.0
13918,R@100,1.0
139250,nDCG@10,0.5
139250,R@100,1.0
139252,nDCG@10,0.0
139252,R@100,0.0
13926,nDCG@10,0.4508533838815827
13926,R@100,1.0
139276,nDCG@10,1.0
139276,R@100,1.0
139327,nDCG@10,0.41618115554873086
139327,R@100,0.6666666666666666
139336,nDCG@10,0.6992148198508501
139336,R@100,0.6
139379,nDCG@10,0.0
139379,R@100,1.0
13942,nDCG@10,1.0
13942,R@100,1.0
139438,nDCG@10,1.0
139438,R@100,1.0
13946,nDCG@10,1.0
13946,R@100,1.0
139482,nDCG@10,1.0
139482,R@100,1.0
13949,nDCG@10,1.0
13949,R@100,1.0
139490,nDCG@10,1.0
139490,R@100,1.0
139574,nDCG@10,0.31546487678572877
139574,R@100,1.0
139649,nDCG@10,0.9674679834891693
139649,R@100,1.0
139663,nDCG@10,1.0
139663,R@100,1.0
139729,nDCG@10,1.0
139729,R@100,1.0
139748,nDCG@10,0.5
139748,R@100,1.0
139813,nDCG@10,1.0
139813,R@100,1.0
13984,nDCG@10,1.0
13984,R@100,1.0
139855,nDCG@10,1.0
139855,R@100,1.0
139885,nDCG@10,0.17437146561008365
139885,R@100,0.8571428571428571
140008,nDCG@10,1.0
140008,R@100,1.0
140036,nDCG@10,1.0
140036,R@100,1.0
14005,nDCG@10,0.27487633291429087
14005,R@100,0.42857142857142855
140056,nDCG@10,1.0
140056,R@100,1.0
140140,nDCG@10,0.0
140140,R@100,1.0
140147,nDCG@10,0.18457569677956817
140147,R@100,1.0
140186,nDCG@10,1.0
140186,R@100,1.0
140198,nDCG@10,1.0
140198,R@100,1.0
140203,nDCG@10,1.0
140203,R@100,1.0
140212,nDCG@10,0.0
140212,R@100,0.0
140299,nDCG@10,1.0
140299,R@100,1.0
140319,nDCG@10,0.4373103991125936
140319,R@100,1.0
140324,nDCG@10,1.0
140324,R@100,1.0
14035,nDCG@10,1.0
14035,R@100,1.0
140358,nDCG@10,1.0
140358,R@100,1.0
140379,nDCG@10,1.0
140379,R@100,1.0
140434,nDCG@10,1.0
140434,R@100,1.0
140449,nDCG@10,1.0
140449,R@100,1.0
14073,nDCG@10,1.0
14073,R@100,1.0
14081,nDCG@10,0.3562071871080222
14081,R@100,1.0
140832,nDCG@10,1.0
140832,R@100,1.0
140841,nDCG@10,0.5
140841,R@100,1.0
14092,nDCG@10,0.5
14092,R@100,1.0
14095,nDCG@10,0.38685280723454163
14095,R@100,1.0
140990,nDCG@10,1.0
140990,R@100,1.0
140999,nDCG@10,0.13565197343244778
140999,R@100,0.6666666666666666
141022,nDCG@10,0.4555352795695787
141022,R@100,1.0
141036,nDCG@10,0.3333333333333333
141036,R@100,1.0
14104,nDCG@10,1.0
14104,R@100,1.0
141069,nDCG@10,0.20438239758848611
141069,R@100,1.0
141119,nDCG@10,1.0
141119,R@100,1.0
141241,nDCG@10,0.5
141241,R@100,1.0
141399,nDCG@10,0.6309297535714575
141399,R@100,1.0
141424,nDCG@10,0.0
141424,R@100,0.25
141435,nDCG@10,1.0
141435,R@100,1.0
141436,nDCG@10,0.43067655807339306
141436,R@100,1.0
141458,nDCG@10,1.0
141458,R@100,1.0
141607,nDCG@10,1.0
141607,R@100,1.0
141702,nDCG@10,1.0
141702,R@100,1.0
141762,nDCG@10,1.0
141762,R@100,1.0
141793,nDCG@10,1.0
141793,R@100,1.0
141884,nDCG@10,0.0
141884,R@100,1.0
142159,nDCG@10,1.0
142159,R@100,1.0
142196,nDCG@10,1.0
142196,R@100,1.0
142255,nDCG@10,0.6309297535714575
142255,R@100,1.0
142275,nDCG@10,0.0
142275,R@100,1.0
142326,nDCG@10,1.0
142326,R@100,1.0
142381,nDCG@10,1.0
142381,R@100,1.0
142391,nDCG@10,1.0
142391,R@100,1.0
142404,nDCG@10,0.0
142404,R@100,1.0
142418,nDCG@10,1.0
142418,R@100,1.0
142423,nDCG@10,0.0
142423,R@100,1.0
142433,nDCG@10,1.0
142433,R@100,1.0
142500,nDCG@10,1.0
142500,R@100,1.0
142507,nDCG@10,1.0
142507,R@100,1.0
142569,nDCG@10,1.0
142569,R@100,1.0
142580,nDCG@10,1.0
142580,R@100,1.0
142601,nDCG@10,1.0
142601,R@100,1.0
142622,nDCG@10,0.0
142622,R@100,1.0
142707,nDCG@10,1.0
142707,R@100,1.0
142812,nDCG@10,0.8175295903539445
142812,R@100,1.0
14282,nDCG@10,0.6309297535714575
14282,R@100,1.0
142859,nDCG@10,0.0
142859,R@100,1.0
142889,nDCG@10,1.0
142889,R@100,1.0
142891,nDCG@10,0.6131471927654584
142891,R@100,1.0
142893,nDCG@10,0.0
142893,R@100,1.0
14294,nDCG@10,0.38685280723454163
14294,R@100,1.0
142987,nDCG@10,1.0
142987,R@100,1.0
142995,nDCG@10,1.0
142995,R@100,1.0
143014,nDCG@10,0.0
143014,R@100,1.0
143034,nDCG@10,0.6309297535714575
143034,R@100,1.0
143105,nDCG@10,1.0
143105,R@100,1.0
143135,nDCG@10,0.0
143135,R@100,0.0
143208,nDCG@10,0.0
143208,R@100,1.0
14335,nDCG@10,1.0
14335,R@100,1.0
143373,nDCG@10,0.6309297535714575
143373,R@100,1.0
143386,nDCG@10,1.0
143386,R@100,1.0
143413,nDCG@10,0.38685280723454163
143413,R@100,1.0
143424,nDCG@10,1.0
143424,R@100,1.0
143425,nDCG@10,0.6934264036172708
143425,R@100,1.0
143458,nDCG@10,1.0
143458,R@100,1.0
143517,nDCG@10,0.6309297535714575
143517,R@100,1.0
143546,nDCG@10,1.0
143546,R@100,1.0
143575,nDCG@10,0.7757386182436072
143575,R@100,1.0
14360,nDCG@10,0.35256832412172806
14360,R@100,0.3333333333333333
143619,nDCG@10,0.6309297535714575
143619,R@100,1.0
143654,nDCG@10,0.5
143654,R@100,1.0
143663,nDCG@10,0.48247555939075504
143663,R@100,1.0
14369,nDCG@10,0.6131471927654584
14369,R@100,0.5
143713,nDCG@10,0.6131471927654584
143713,R@100,1.0
143745,nDCG@10,0.8687949224876582
143745,R@100,1.0
143823,nDCG@10,0.5
143823,R@100,1.0
143847,nDCG@10,0.0
143847,R@100,1.0
143968,nDCG@10,0.49818925746641285
143968,R@100,1.0
14397,nDCG@10,0.5714285040141098
14397,R@100,1.0
143978,nDCG@10,0.6816587806335841
143978,R@100,1.0
14401,nDCG@10,0.6159929108925154
14401,R@100,1.0
144018,nDCG@10,0.3562071871080222
144018,R@100,1.0
144022,nDCG@10,1.0
144022,R@100,1.0
144041,nDCG@10,0.0
144041,R@100,0.0
144052,nDCG@10,0.9325172924861036
144052,R@100,1.0
144055,nDCG@10,0.0
144055,R@100,1.0
144085,nDCG@10,0.0
144085,R@100,0.3333333333333333
144156,nDCG@10,1.0
144156,R@100,1.0
14420,nDCG@10,0.5714285040141098
14420,R@100,1.0
144213,nDCG@10,1.0
144213,R@100,1.0
144226,nDCG@10,0.8048099750039491
144226,R@100,1.0
144252,nDCG@10,1.0
144252,R@100,1.0
144317,nDCG@10,1.0
144317,R@100,1.0
144388,nDCG@10,1.0
144388,R@100,1.0
144418,nDCG@10,0.6309297535714575
144418,R@100,1.0
144420,nDCG@10,0.21840743681816419
144420,R@100,0.5
144432,nDCG@10,0.9047172294870751
144432,R@100,1.0
144433,nDCG@10,0.6309297535714575
144433,R@100,1.0
144459,nDCG@10,0.6309297535714575
144459,R@100,1.0
144473,nDCG@10,0.46927872602275644
144473,R@100,0.6666666666666666
14448,nDCG@10,1.0
14448,R@100,1.0
144507,nDCG@10,1.0
144507,R@100,1.0
14466,nDCG@10,1.0
14466,R@100,1.0
14468,nDCG@10,0.4415801103577823
14468,R@100,1.0
144722,nDCG@10,1.0
144722,R@100,1.0
144915,nDCG@10,1.0
144915,R@100,1.0
145059,nDCG@10,1.0
145059,R@100,1.0
145083,nDCG@10,1.0
145083,R@100,1.0
145133,nDCG@10,1.0
145133,R@100,1.0
14514,nDCG@10,1.0
14514,R@100,1.0
145158,nDCG@10,0.0
145158,R@100,1.0
145180,nDCG@10,1.0
145180,R@100,1.0
145196,nDCG@10,0.0
145196,R@100,0.0
145202,nDCG@10,0.6131471927654584
145202,R@100,1.0
145203,nDCG@10,1.0
145203,R@100,1.0
145235,nDCG@10,0.0
145235,R@100,1.0
145257,nDCG@10,0.0
145257,R@100,0.0
145367,nDCG@10,1.0
145367,R@100,1.0
145400,nDCG@10,0.2890648263178879
145400,R@100,1.0
14544,nDCG@10,1.0
14544,R@100,1.0
145453,nDCG@10,0.6309297535714575
145453,R@100,1.0
145509,nDCG@10,0.0
145509,R@100,1.0
145529,nDCG@10,0.0
145529,R@100,0.0
145566,nDCG@10,1.0
145566,R@100,1.0
145582,nDCG@10,0.38685280723454163
145582,R@100,1.0
145620,nDCG@10,0.6309297535714575
145620,R@100,1.0
14564,nDCG@10,1.0
14564,R@100,1.0
145739,nDCG@10,0.2890648263178879
145739,R@100,1.0
145824,nDCG@10,0.3562071871080222
145824,R@100,1.0
145856,nDCG@10,1.0
145856,R@100,1.0
145878,nDCG@10,0.5012658353418871
145878,R@100,1.0
145993,nDCG@10,0.5274541611612878
145993,R@100,1.0
146038,nDCG@10,0.43067655807339306
146038,R@100,1.0
1461,nDCG@10,0.0
1461,R@100,1.0
146116,nDCG@10,0.7411902110103873
146116,R@100,0.5454545454545454
146158,nDCG@10,1.0
146158,R@100,1.0
146187,nDCG@10,1.0
146187,R@100,1.0
146210,nDCG@10,0.0
146210,R@100,1.0
146342,nDCG@10,1.0
146342,R@100,1.0
1464,nDCG@10,0.43067655807339306
1464,R@100,1.0
146421,nDCG@10,1.0
146421,R@100,1.0
14648,nDCG@10,0.6309297535714575
14648,R@100,1.0
146562,nDCG@10,0.7653606369886217
146562,R@100,1.0
146592,nDCG@10,0.0
146592,R@100,0.5
146595,nDCG@10,0.0
146595,R@100,0.8333333333333334
146613,nDCG@10,1.0
146613,R@100,1.0
146726,nDCG@10,1.0
146726,R@100,1.0
146735,nDCG@10,0.8318724637288826
146735,R@100,0.75
146781,nDCG@10,0.3010299956639812
146781,R@100,1.0
146790,nDCG@10,0.5780136823717549
146790,R@100,1.0
146827,nDCG@10,0.6309297535714575
146827,R@100,1.0
146853,nDCG@10,0.0
146853,R@100,1.0
146863,nDCG@10,0.6309297535714575
146863,R@100,1.0
146881,nDCG@10,0.43067655807339306
146881,R@100,1.0
146898,nDCG@10,0.38685280723454163
146898,R@100,1.0
146907,nDCG@10,0.6309297535714575
146907,R@100,1.0
146926,nDCG@10,1.0
146926,R@100,1.0
14694,nDCG@10,0.38685280723454163
14694,R@100,1.0
146989,nDCG@10,1.0
146989,R@100,1.0
147098,nDCG@10,0.3010299956639812
147098,R@100,1.0
147132,nDCG@10,0.39780880120575696
147132,R@100,1.0
147134,nDCG@10,1.0
147134,R@100,1.0
147188,nDCG@10,0.3010299956639812
147188,R@100,1.0
147319,nDCG@10,1.0
147319,R@100,1.0
147405,nDCG@10,1.0
147405,R@100,1.0
147418,nDCG@10,1.0
147418,R@100,1.0
147524,nDCG@10,1.0
147524,R@100,1.0
14755,nDCG@10,0.0
14755,R@100,0.5
147552,nDCG@10,0.6309297535714575
147552,R@100,1.0
147560,nDCG@10,0.0
147560,R@100,1.0
14758,nDCG@10,0.38685280723454163
14758,R@100,1.0
147589,nDCG@10,1.0
147589,R@100,1.0
147632,nDCG@10,0.0
147632,R@100,0.0
147641,nDCG@10,0.38685280723454163
147641,R@100,1.0
14776,nDCG@10,1.0
14776,R@100,1.0
147770,nDCG@10,1.0
147770,R@100,1.0
147886,nDCG@10,1.0
147886,R@100,1.0
147907,nDCG@10,1.0
147907,R@100,1.0
14791,nDCG@10,0.9083745556952364
14791,R@100,1.0
147916,nDCG@10,1.0
147916,R@100,1.0
147932,nDCG@10,0.9060254355346823
147932,R@100,1.0
148064,nDCG@10,0.46927872602275644
148064,R@100,1.0
148088,nDCG@10,0.6309297535714575
148088,R@100,1.0
148161,nDCG@10,0.0
148161,R@100,0.0
148176,nDCG@10,0.5
148176,R@100,1.0
148194,nDCG@10,1.0
148194,R@100,1.0
14821,nDCG@10,0.5
14821,R@100,1.0
148280,nDCG@10,0.6934264036172708
148280,R@100,1.0
148308,nDCG@10,1.0
148308,R@100,1.0
148378,nDCG@10,0.3010299956639812
148378,R@100,1.0
148444,nDCG@10,0.6131471927654584
148444,R@100,1.0
148519,nDCG@10,0.8315546295836225
148519,R@100,1.0
148609,nDCG@10,1.0
148609,R@100,1.0
148666,nDCG@10,0.3562071871080222
148666,R@100,1.0
148719,nDCG@10,0.0
148719,R@100,1.0
148721,nDCG@10,1.0
148721,R@100,1.0
148735,nDCG@10,0.9512312000626861
148735,R@100,1.0
148808,nDCG@10,0.0
148808,R@100,1.0
148819,nDCG@10,0.6309297535714575
148819,R@100,1.0
148858,nDCG@10,1.0
148858,R@100,1.0
148889,nDCG@10,1.0
148889,R@100,1.0
148989,nDCG@10,0.5912352048230277
148989,R@100,1.0
14900,nDCG@10,0.4592085927139339
14900,R@100,0.875
149050,nDCG@10,0.3333333333333333
149050,R@100,1.0
149126,nDCG@10,0.43067655807339306
149126,R@100,1.0
14915,nDCG@10,0.0
14915,R@100,1.0
149154,nDCG@10,0.23463936301137822
149154,R@100,0.3333333333333333
149184,nDCG@10,0.46927872602275644
149184,R@100,1.0
149189,nDCG@10,1.0
149189,R@100,1.0
149205,nDCG@10,1.0
149205,R@100,1.0
149231,nDCG@10,0.24738635904833417
149231,R@100,0.6666666666666666
149300,nDCG@10,0.0
149300,R@100,0.0
149337,nDCG@10,0.3010299956639812
149337,R@100,1.0
149352,nDCG@10,1.0
149352,R@100,1.0
149414,nDCG@10,0.0
149414,R@100,1.0
149431,nDCG@10,1.0
149431,R@100,1.0
149438,nDCG@10,1.0
149438,R@100,1.0
149449,nDCG@10,0.6309297535714575
149449,R@100,1.0
149511,nDCG@10,1.0
149511,R@100,1.0
149564,nDCG@10,1.0
149564,R@100,1.0
14959,nDCG@10,0.0
14959,R@100,1.0
149610,nDCG@10,0.43067655807339306
149610,R@100,1.0
149691,nDCG@10,1.0
149691,R@100,1.0
149711,nDCG@10,0.5
149711,R@100,1.0
149761,nDCG@10,0.6309297535714575
149761,R@100,1.0
149838,nDCG@10,1.0
149838,R@100,1.0
149950,nDCG@10,0.18457569677956817
149950,R@100,1.0
150019,nDCG@10,0.6309297535714575
150019,R@100,1.0
150125,nDCG@10,0.6309297535714575
150125,R@100,1.0
150264,nDCG@10,0.6131471927654584
150264,R@100,1.0
150283,nDCG@10,0.6309297535714575
150283,R@100,1.0
150304,nDCG@10,1.0
150304,R@100,1.0
150325,nDCG@10,0.6309297535714575
150325,R@100,1.0
150350,nDCG@10,1.0
150350,R@100,1.0
150365,nDCG@10,0.6309297535714575
150365,R@100,1.0
15038,nDCG@10,1.0
15038,R@100,1.0
1504,nDCG@10,0.1736666713479918
1504,R@100,0.7222222222222222
150414,nDCG@10,0.0
150414,R@100,1.0
150425,nDCG@10,1.0
150425,R@100,1.0
150429,nDCG@10,1.0
150429,R@100,1.0
150444,nDCG@10,0.09546043308946733
150444,R@100,0.16666666666666666
150464,nDCG@10,0.6131471927654584
150464,R@100,0.5
150494,nDCG@10,0.9674679834891693
150494,R@100,1.0
150596,nDCG@10,0.38685280723454163
150596,R@100,1.0
150615,nDCG@10,1.0
150615,R@100,1.0
150636,nDCG@10,0.6131471927654584
150636,R@100,1.0
150658,nDCG@10,0.6309297535714575
150658,R@100,1.0
15067,nDCG@10,1.0
15067,R@100,1.0
150682,nDCG@10,0.6131471927654584
150682,R@100,1.0
150693,nDCG@10,1.0
150693,R@100,1.0
150790,nDCG@10,1.0
150790,R@100,1.0
150881,nDCG@10,1.0
150881,R@100,1.0
150897,nDCG@10,0.31546487678572877
150897,R@100,1.0
150954,nDCG@10,0.23719771276929622
150954,R@100,1.0
150971,nDCG@10,1.0
150971,R@100,1.0
150990,nDCG@10,1.0
150990,R@100,1.0
151019,nDCG@10,1.0
151019,R@100,1.0
151049,nDCG@10,0.0
151049,R@100,0.0
151102,nDCG@10,0.0
151102,R@100,0.0
151231,nDCG@10,1.0
151231,R@100,1.0
151241,nDCG@10,1.0
151241,R@100,1.0
151320,nDCG@10,1.0
151320,R@100,1.0
151322,nDCG@10,1.0
151322,R@100,1.0
151344,nDCG@10,1.0
151344,R@100,1.0
151459,nDCG@10,0.38685280723454163
151459,R@100,1.0
151476,nDCG@10,1.0
151476,R@100,1.0
151584,nDCG@10,1.0
151584,R@100,1.0
151594,nDCG@10,1.0
151594,R@100,1.0
151598,nDCG@10,0.8315546295836225
151598,R@100,1.0
151707,nDCG@10,0.5
151707,R@100,1.0
151736,nDCG@10,0.6309297535714575
151736,R@100,1.0
151813,nDCG@10,1.0
151813,R@100,1.0
151889,nDCG@10,0.8315546295836225
151889,R@100,1.0
151956,nDCG@10,1.0
151956,R@100,1.0
152014,nDCG@10,1.0
152014,R@100,1.0
152019,nDCG@10,1.0
152019,R@100,1.0
152031,nDCG@10,1.0
152031,R@100,1.0
15206,nDCG@10,1.0
15206,R@100,1.0
152063,nDCG@10,0.6309297535714575
152063,R@100,1.0
152068,nDCG@10,0.9068250379649666
152068,R@100,1.0
152107,nDCG@10,1.0
152107,R@100,1.0
152156,nDCG@10,0.9558295932317544
152156,R@100,1.0
152194,nDCG@10,1.0
152194,R@100,1.0
152284,nDCG@10,0.6172839611614819
152284,R@100,0.75
152297,nDCG@10,0.9197207891481876
152297,R@100,1.0
152384,nDCG@10,0.0
152384,R@100,0.3333333333333333
152388,nDCG@10,0.43067655807339306
152388,R@100,1.0
152416,nDCG@10,1.0
152416,R@100,1.0
152450,nDCG@10,0.5249810332008933
152450,R@100,1.0
152467,nDCG@10,1.0
152467,R@100,1.0
152509,nDCG@10,1.0
152509,R@100,1.0
152586,nDCG@10,0.0
152586,R@100,1.0
15265,nDCG@10,0.11838279295536291
15265,R@100,0.42857142857142855
152656,nDCG@10,0.5
152656,R@100,1.0
152658,nDCG@10,1.0
152658,R@100,1.0
152693,nDCG@10,1.0
152693,R@100,1.0
15277,nDCG@10,0.0
15277,R@100,0.0
152772,nDCG@10,0.38685280723454163
152772,R@100,1.0
152774,nDCG@10,0.3010299956639812
152774,R@100,1.0
15278,nDCG@10,0.2805858936934504
15278,R@100,0.8571428571428571
152796,nDCG@10,1.0
152796,R@100,1.0
152799,nDCG@10,1.0
152799,R@100,1.0
152863,nDCG@10,1.0
152863,R@100,1.0
152900,nDCG@10,1.0
152900,R@100,1.0
152987,nDCG@10,0.38685280723454163
152987,R@100,1.0
152991,nDCG@10,0.6309297535714575
152991,R@100,1.0
153083,nDCG@10,1.0
153083,R@100,1.0
153098,nDCG@10,0.0
153098,R@100,0.625
15319,nDCG@10,0.0
15319,R@100,0.0
153223,nDCG@10,0.430624116386567
153223,R@100,1.0
153245,nDCG@10,1.0
153245,R@100,1.0
153281,nDCG@10,0.46845052016107697
153281,R@100,1.0
15333,nDCG@10,0.0
15333,R@100,0.0
153399,nDCG@10,1.0
153399,R@100,1.0
153479,nDCG@10,1.0
153479,R@100,1.0
153523,nDCG@10,1.0
153523,R@100,1.0
153566,nDCG@10,1.0
153566,R@100,1.0
153577,nDCG@10,1.0
153577,R@100,1.0
153586,nDCG@10,0.31546487678572877
153586,R@100,1.0
153608,nDCG@10,0.5
153608,R@100,1.0
153640,nDCG@10,1.0
153640,R@100,1.0
153670,nDCG@10,0.6309297535714575
153670,R@100,1.0
153729,nDCG@10,0.0
153729,R@100,0.0
153735,nDCG@10,0.0
153735,R@100,1.0
153802,nDCG@10,1.0
153802,R@100,1.0
153805,nDCG@10,1.0
153805,R@100,1.0
153891,nDCG@10,1.0
153891,R@100,1.0
153898,nDCG@10,1.0
153898,R@100,1.0
154007,nDCG@10,0.0
154007,R@100,1.0
154051,nDCG@10,0.9197207891481876
154051,R@100,1.0
154069,nDCG@10,0.5
154069,R@100,1.0
154125,nDCG@10,1.0
154125,R@100,1.0
154191,nDCG@10,0.6309297535714575
154191,R@100,1.0
154246,nDCG@10,0.7365896932159578
154246,R@100,1.0
154300,nDCG@10,1.0
154300,R@100,1.0
154314,nDCG@10,0.0
154314,R@100,1.0
154323,nDCG@10,1.0
154323,R@100,1.0
154384,nDCG@10,0.0
154384,R@100,0.3333333333333333
15440,nDCG@10,1.0
15440,R@100,1.0
154444,nDCG@10,1.0
154444,R@100,1.0
15445,nDCG@10,0.6309297535714575
15445,R@100,1.0
15470,nDCG@10,0.0
15470,R@100,1.0
154719,nDCG@10,0.0
154719,R@100,1.0
154774,nDCG@10,0.13565197343244778
154774,R@100,0.6666666666666666
154994,nDCG@10,0.5
154994,R@100,1.0
15502,nDCG@10,0.9619991470595832
15502,R@100,1.0
15503,nDCG@10,1.0
15503,R@100,1.0
155034,nDCG@10,1.0
155034,R@100,1.0
155190,nDCG@10,1.0
155190,R@100,1.0
155206,nDCG@10,1.0
155206,R@100,1.0
155225,nDCG@10,0.9060254355346823
155225,R@100,1.0
155270,nDCG@10,0.3333333333333333
155270,R@100,1.0
155284,nDCG@10,1.0
155284,R@100,1.0
155384,nDCG@10,1.0
155384,R@100,1.0
155509,nDCG@10,0.6934264036172708
155509,R@100,1.0
155542,nDCG@10,0.2960819109658652
155542,R@100,1.0
155595,nDCG@10,1.0
155595,R@100,1.0
155638,nDCG@10,0.38685280723454163
155638,R@100,1.0
155680,nDCG@10,1.0
155680,R@100,1.0
15569,nDCG@10,0.6508205185601091
15569,R@100,1.0
155802,nDCG@10,1.0
155802,R@100,1.0
155811,nDCG@10,0.0
155811,R@100,0.0
155860,nDCG@10,0.6131471927654584
155860,R@100,1.0
155873,nDCG@10,0.0
155873,R@100,1.0
155893,nDCG@10,1.0
155893,R@100,1.0
155963,nDCG@10,1.0
155963,R@100,1.0
156025,nDCG@10,0.5
156025,R@100,1.0
156036,nDCG@10,1.0
156036,R@100,1.0
156048,nDCG@10,1.0
156048,R@100,1.0
156107,nDCG@10,1.0
156107,R@100,1.0
156114,nDCG@10,0.5701022001683288
156114,R@100,1.0
156136,nDCG@10,1.0
156136,R@100,1.0
156220,nDCG@10,0.0
156220,R@100,1.0
156233,nDCG@10,0.3010299956639812
156233,R@100,1.0
156258,nDCG@10,0.30260241349881345
156258,R@100,0.16666666666666666
15626,nDCG@10,1.0
15626,R@100,1.0
156261,nDCG@10,0.0
156261,R@100,0.0
156334,nDCG@10,1.0
156334,R@100,1.0
156383,nDCG@10,0.8687949224876582
156383,R@100,0.8
156409,nDCG@10,1.0
156409,R@100,1.0
156450,nDCG@10,1.0
156450,R@100,1.0
156468,nDCG@10,0.46018908998464364
156468,R@100,0.8333333333333334
156473,nDCG@10,1.0
156473,R@100,1.0
156480,nDCG@10,1.0
156480,R@100,1.0
15649,nDCG@10,0.8549453387073992
15649,R@100,1.0
156522,nDCG@10,0.2529427027676571
156522,R@100,0.125
156552,nDCG@10,1.0
156552,R@100,1.0
156559,nDCG@10,0.5
156559,R@100,1.0
156591,nDCG@10,1.0
156591,R@100,1.0
1566,nDCG@10,0.3065735963827292
1566,R@100,1.0
156665,nDCG@10,0.7328286204777911
156665,R@100,1.0
15674,nDCG@10,1.0
15674,R@100,1.0
156762,nDCG@10,0.8396538878217249
156762,R@100,1.0
156795,nDCG@10,0.38685280723454163
156795,R@100,1.0
156833,nDCG@10,0.9197207891481876
156833,R@100,1.0
156861,nDCG@10,0.8503449055347546
156861,R@100,1.0
1569,nDCG@10,1.0
1569,R@100,1.0
156922,nDCG@10,1.0
156922,R@100,1.0
156944,nDCG@10,1.0
156944,R@100,1.0
156954,nDCG@10,0.15101961822780524
156954,R@100,0.25
157005,nDCG@10,0.0
157005,R@100,0.0
157064,nDCG@10,0.43067655807339306
157064,R@100,1.0
157144,nDCG@10,1.0
157144,R@100,1.0
157180,nDCG@10,1.0
157180,R@100,1.0
157187,nDCG@10,1.0
157187,R@100,1.0
157193,nDCG@10,0.9197207891481876
157193,R@100,1.0
157223,nDCG@10,1.0
157223,R@100,1.0
157289,nDCG@10,1.0
157289,R@100,1.0
157378,nDCG@10,1.0
157378,R@100,1.0
157499,nDCG@10,0.5
157499,R@100,1.0
157601,nDCG@10,1.0
157601,R@100,1.0
157624,nDCG@10,0.0
157624,R@100,1.0
157695,nDCG@10,0.9469024295259745
157695,R@100,1.0
157723,nDCG@10,1.0
157723,R@100,1.0
157744,nDCG@10,1.0
157744,R@100,1.0
157785,nDCG@10,0.0
157785,R@100,0.0
15794,nDCG@10,1.0
15794,R@100,1.0
157940,nDCG@10,1.0
157940,R@100,1.0
158154,nDCG@10,0.43067655807339306
158154,R@100,1.0
158160,nDCG@10,0.7095272044910244
158160,R@100,1.0
158193,nDCG@10,1.0
158193,R@100,1.0
158239,nDCG@10,0.0
158239,R@100,0.0
15828,nDCG@10,0.0
15828,R@100,0.0
158413,nDCG@10,0.6309297535714575
158413,R@100,1.0
158442,nDCG@10,0.3065735963827292
158442,R@100,0.5
158508,nDCG@10,0.3333333333333333
158508,R@100,1.0
15852,nDCG@10,0.0
15852,R@100,1.0
158543,nDCG@10,0.5109559939712153
158543,R@100,1.0
15867,nDCG@10,0.7039180890341347
15867,R@100,0.6666666666666666
158720,nDCG@10,0.5
158720,R@100,1.0
158788,nDCG@10,0.6309297535714575
158788,R@100,1.0
158790,nDCG@10,1.0
158790,R@100,1.0
158805,nDCG@10,1.0
158805,R@100,1.0
158839,nDCG@10,0.6934264036172708
158839,R@100,1.0
158936,nDCG@10,1.0
158936,R@100,1.0
158946,nDCG@10,0.9197207891481876
158946,R@100,1.0
158950,nDCG@10,0.0
158950,R@100,1.0
158953,nDCG@10,0.11284514134893527
158953,R@100,0.75
159050,nDCG@10,1.0
159050,R@100,1.0
159070,nDCG@10,1.0
159070,R@100,1.0
159123,nDCG@10,0.0979129253499678
159123,R@100,0.7142857142857143
15919,nDCG@10,1.0
15919,R@100,1.0
159199,nDCG@10,1.0
159199,R@100,1.0
159247,nDCG@10,0.6131471927654584
159247,R@100,1.0
159280,nDCG@10,1.0
159280,R@100,1.0
159291,nDCG@10,1.0
159291,R@100,1.0
159345,nDCG@10,1.0
159345,R@100,1.0
159401,nDCG@10,0.6131471927654584
159401,R@100,0.5
159420,nDCG@10,0.6843515475204855
159420,R@100,1.0
159550,nDCG@10,1.0
159550,R@100,1.0
159570,nDCG@10,0.44149241373678083
159570,R@100,1.0
159675,nDCG@10,0.0
159675,R@100,1.0
159707,nDCG@10,1.0
159707,R@100,1.0
159744,nDCG@10,1.0
159744,R@100,1.0
159761,nDCG@10,0.43067655807339306
159761,R@100,1.0
159808,nDCG@10,1.0
159808,R@100,1.0
159875,nDCG@10,0.38685280723454163
159875,R@100,1.0
159977,nDCG@10,0.0
159977,R@100,0.0
160033,nDCG@10,1.0
160033,R@100,1.0
160043,nDCG@10,1.0
160043,R@100,1.0
160096,nDCG@10,0.2890648263178879
160096,R@100,1.0
160142,nDCG@10,0.31546487678572877
160142,R@100,1.0
160165,nDCG@10,1.0
160165,R@100,1.0
160224,nDCG@10,1.0
160224,R@100,1.0
160265,nDCG@10,1.0
160265,R@100,1.0
16028,nDCG@10,0.7859162856301584
16028,R@100,0.9285714285714286
160318,nDCG@10,0.5
160318,R@100,1.0
160322,nDCG@10,1.0
160322,R@100,1.0
160347,nDCG@10,0.7860137352654724
160347,R@100,1.0
160353,nDCG@10,0.6309297535714575
160353,R@100,1.0
160400,nDCG@10,0.43067655807339306
160400,R@100,1.0
160406,nDCG@10,1.0
160406,R@100,1.0
16046,nDCG@10,1.0
16046,R@100,1.0
160461,nDCG@10,1.0
160461,R@100,1.0
160489,nDCG@10,0.2890648263178879
160489,R@100,1.0
16057,nDCG@10,0.0
16057,R@100,1.0
160573,nDCG@10,1.0
160573,R@100,1.0
160676,nDCG@10,0.43067655807339306
160676,R@100,1.0
1608,nDCG@10,0.0
1608,R@100,1.0
160953,nDCG@10,0.6309297535714575
160953,R@100,1.0
161119,nDCG@10,1.0
161119,R@100,1.0
161199,nDCG@10,0.0
161199,R@100,0.0
161213,nDCG@10,1.0
161213,R@100,1.0
161215,nDCG@10,0.0
161215,R@100,0.0
161267,nDCG@10,0.5
161267,R@100,1.0
161301,nDCG@10,0.3010299956639812
161301,R@100,1.0
161313,nDCG@10,1.0
161313,R@100,1.0
161364,nDCG@10,0.0
161364,R@100,0.6666666666666666
161390,nDCG@10,0.0
161390,R@100,1.0
161586,nDCG@10,0.0
161586,R@100,1.0
161671,nDCG@10,0.0
161671,R@100,1.0
161696,nDCG@10,0.9197207891481876
161696,R@100,1.0
16175,nDCG@10,1.0
16175,R@100,1.0
161765,nDCG@10,0.6131471927654584
161765,R@100,0.5
161839,nDCG@10,0.5
161839,R@100,1.0
161916,nDCG@10,0.6131471927654584
161916,R@100,1.0
161920,nDCG@10,1.0
161920,R@100,1.0
161923,nDCG@10,0.6309297535714575
161923,R@100,1.0
161927,nDCG@10,1.0
161927,R@100,1.0
161932,nDCG@10,1.0
161932,R@100,1.0
161960,nDCG@10,1.0
161960,R@100,1.0
161970,nDCG@10,0.6309297535714575
161970,R@100,1.0
162023,nDCG@10,0.3562071871080222
162023,R@100,1.0
16211,nDCG@10,0.0
16211,R@100,0.0
16212,nDCG@10,0.43067655807339306
16212,R@100,1.0
162124,nDCG@10,1.0
162124,R@100,1.0
162242,nDCG@10,0.43067655807339306
162242,R@100,1.0
162278,nDCG@10,1.0
162278,R@100,1.0
162311,nDCG@10,0.0
162311,R@100,1.0
162343,nDCG@10,0.43067655807339306
162343,R@100,1.0
162411,nDCG@10,1.0
162411,R@100,1.0
162496,nDCG@10,1.0
162496,R@100,1.0
162519,nDCG@10,0.3562071871080222
162519,R@100,1.0
162540,nDCG@10,1.0
162540,R@100,1.0
162558,nDCG@10,0.31546487678572877
162558,R@100,1.0
162560,nDCG@10,1.0
162560,R@100,1.0
162664,nDCG@10,0.3562071871080222
162664,R@100,1.0
162803,nDCG@10,1.0
162803,R@100,1.0
162827,nDCG@10,0.13565197343244778
162827,R@100,1.0
162830,nDCG@10,1.0
162830,R@100,1.0
162850,nDCG@10,1.0
162850,R@100,1.0
1630,nDCG@10,1.0
1630,R@100,1.0
163073,nDCG@10,0.0
163073,R@100,1.0
163085,nDCG@10,0.6240505200038379
163085,R@100,1.0
163093,nDCG@10,0.4415801103577823
163093,R@100,1.0
163218,nDCG@10,0.7039180890341347
163218,R@100,1.0
163256,nDCG@10,0.4367467095119258
163256,R@100,1.0
163273,nDCG@10,1.0
163273,R@100,1.0
163347,nDCG@10,1.0
163347,R@100,1.0
163372,nDCG@10,0.43067655807339306
163372,R@100,1.0
163504,nDCG@10,1.0
163504,R@100,1.0
163507,nDCG@10,1.0
163507,R@100,1.0
163636,nDCG@10,1.0
163636,R@100,1.0
163664,nDCG@10,1.0
163664,R@100,1.0
163682,nDCG@10,1.0
163682,R@100,1.0
163715,nDCG@10,0.0
163715,R@100,1.0
163728,nDCG@10,1.0
163728,R@100,1.0
163736,nDCG@10,1.0
163736,R@100,1.0
16383,nDCG@10,0.0
16383,R@100,1.0
163842,nDCG@10,0.0
163842,R@100,1.0
163947,nDCG@10,0.0
163947,R@100,0.0
164229,nDCG@10,1.0
164229,R@100,1.0
164277,nDCG@10,0.3562071871080222
164277,R@100,1.0
164297,nDCG@10,0.2890648263178879
164297,R@100,1.0
164307,nDCG@10,1.0
164307,R@100,1.0
164465,nDCG@10,1.0
164465,R@100,1.0
16455,nDCG@10,0.9197207891481876
16455,R@100,1.0
164621,nDCG@10,1.0
164621,R@100,1.0
164704,nDCG@10,0.0
164704,R@100,1.0
164732,nDCG@10,0.38685280723454163
164732,R@100,1.0
164756,nDCG@10,1.0
164756,R@100,1.0
164789,nDCG@10,0.43067655807339306
164789,R@100,1.0
164813,nDCG@10,1.0
164813,R@100,1.0
164814,nDCG@10,0.0
164814,R@100,0.5
164902,nDCG@10,1.0
164902,R@100,1.0
165013,nDCG@10,0.6934264036172708
165013,R@100,1.0
165048,nDCG@10,1.0
165048,R@100,1.0
165179,nDCG@10,0.0
165179,R@100,1.0
165268,nDCG@10,1.0
165268,R@100,1.0
165279,nDCG@10,0.38685280723454163
165279,R@100,1.0
16530,nDCG@10,0.0
16530,R@100,1.0
165375,nDCG@10,1.0
165375,R@100,1.0
165380,nDCG@10,0.0
165380,R@100,1.0
165406,nDCG@10,1.0
165406,R@100,1.0
16542,nDCG@10,0.3065735963827292
16542,R@100,1.0
165528,nDCG@10,0.0
165528,R@100,1.0
165547,nDCG@10,1.0
165547,R@100,1.0
165553,nDCG@10,0.0
165553,R@100,1.0
165616,nDCG@10,1.0
165616,R@100,1.0
165643,nDCG@10,0.23463936301137822
165643,R@100,1.0
165650,nDCG@10,1.0
165650,R@100,1.0
165662,nDCG@10,1.0
165662,R@100,1.0
16569,nDCG@10,1.0
16569,R@100,1.0
165699,nDCG@10,0.0
165699,R@100,1.0
165759,nDCG@10,1.0
165759,R@100,1.0
165769,nDCG@10,0.8315546295836225
165769,R@100,1.0
165798,nDCG@10,1.0
165798,R@100,1.0
1658,nDCG@10,0.5
1658,R@100,1.0
165829,nDCG@10,1.0
165829,R@100,1.0
165893,nDCG@10,1.0
165893,R@100,1.0
16590,nDCG@10,1.0
16590,R@100,1.0
165949,nDCG@10,0.5
165949,R@100,1.0
16597,nDCG@10,1.0
16597,R@100,1.0
166110,nDCG@10,0.5390031312763821
166110,R@100,0.375
166216,nDCG@10,0.31546487678572877
166216,R@100,1.0
166253,nDCG@10,1.0
166253,R@100,1.0
16629,nDCG@10,1.0
16629,R@100,1.0
166303,nDCG@10,1.0
166303,R@100,1.0
1665,nDCG@10,1.0
1665,R@100,1.0
166530,nDCG@10,1.0
166530,R@100,1.0
166550,nDCG@10,1.0
166550,R@100,1.0
166570,nDCG@10,1.0
166570,R@100,1.0
166600,nDCG@10,0.9197207891481876
166600,R@100,1.0
166606,nDCG@10,1.0
166606,R@100,1.0
166706,nDCG@10,1.0
166706,R@100,1.0
166713,nDCG@10,1.0
166713,R@100,1.0
166781,nDCG@10,1.0
166781,R@100,1.0
166791,nDCG@10,1.0
166791,R@100,1.0
166881,nDCG@10,1.0
166881,R@100,1.0
166954,nDCG@10,1.0
166954,R@100,1.0
166974,nDCG@10,1.0
166974,R@100,1.0
167029,nDCG@10,1.0
167029,R@100,1.0
16709,nDCG@10,0.38685280723454163
16709,R@100,1.0
167137,nDCG@10,0.5912352048230277
167137,R@100,1.0
16719,nDCG@10,1.0
16719,R@100,1.0
167223,nDCG@10,1.0
167223,R@100,1.0
167314,nDCG@10,0.5706417189553201
167314,R@100,1.0
167582,nDCG@10,0.0
167582,R@100,1.0
167643,nDCG@10,1.0
167643,R@100,1.0
167707,nDCG@10,0.6309297535714575
167707,R@100,1.0
167720,nDCG@10,0.23719771276929622
167720,R@100,0.5
167760,nDCG@10,0.7039180890341347
167760,R@100,1.0
167832,nDCG@10,1.0
167832,R@100,1.0
167837,nDCG@10,1.0
167837,R@100,1.0
167918,nDCG@10,1.0
167918,R@100,1.0
167969,nDCG@10,0.0
167969,R@100,0.0
168105,nDCG@10,1.0
168105,R@100,1.0
168167,nDCG@10,0.0
168167,R@100,1.0
168216,nDCG@10,1.0
168216,R@100,1.0
168353,nDCG@10,0.10893649261775588
168353,R@100,0.625
168400,nDCG@10,1.0
168400,R@100,1.0
168426,nDCG@10,0.9197207891481876
168426,R@100,1.0
168430,nDCG@10,0.9197207891481876
168430,R@100,1.0
168493,nDCG@10,1.0
168493,R@100,1.0
168503,nDCG@10,1.0
168503,R@100,1.0
168526,nDCG@10,1.0
168526,R@100,1.0
168535,nDCG@10,0.5706417189553201
168535,R@100,1.0
168547,nDCG@10,0.6309297535714575
168547,R@100,1.0
168553,nDCG@10,0.7653606369886217
168553,R@100,1.0
168573,nDCG@10,1.0
168573,R@100,1.0
168630,nDCG@10,0.5249810332008933
168630,R@100,1.0
168633,nDCG@10,0.6309297535714575
168633,R@100,1.0
168761,nDCG@10,0.0
168761,R@100,1.0
168766,nDCG@10,0.6309297535714575
168766,R@100,1.0
168783,nDCG@10,1.0
168783,R@100,1.0
168842,nDCG@10,0.0
168842,R@100,0.0
168846,nDCG@10,0.43067655807339306
168846,R@100,1.0
168852,nDCG@10,1.0
168852,R@100,1.0
168856,nDCG@10,0.0
168856,R@100,0.0
168957,nDCG@10,1.0
168957,R@100,1.0
169089,nDCG@10,1.0
169089,R@100,1.0
16911,nDCG@10,0.6240505200038379
16911,R@100,1.0
169162,nDCG@10,0.6309297535714575
169162,R@100,1.0
169360,nDCG@10,1.0
169360,R@100,1.0
169413,nDCG@10,0.9197207891481876
169413,R@100,1.0
169488,nDCG@10,0.9197207891481876
169488,R@100,1.0
169497,nDCG@10,1.0
169497,R@100,1.0
169566,nDCG@10,1.0
169566,R@100,1.0
169632,nDCG@10,0.0
169632,R@100,1.0
169675,nDCG@10,0.6309297535714575
169675,R@100,1.0
169713,nDCG@10,1.0
169713,R@100,1.0
169767,nDCG@10,0.2890648263178879
169767,R@100,1.0
169783,nDCG@10,1.0
169783,R@100,1.0
169809,nDCG@10,1.0
169809,R@100,1.0
169910,nDCG@10,1.0
169910,R@100,1.0
170064,nDCG@10,0.6131471927654584
170064,R@100,1.0
170108,nDCG@10,0.9197207891481876
170108,R@100,1.0
170149,nDCG@10,1.0
170149,R@100,1.0
170180,nDCG@10,0.0
170180,R@100,1.0
170212,nDCG@10,0.31546487678572877
170212,R@100,1.0
170245,nDCG@10,0.0
170245,R@100,1.0
170285,nDCG@10,1.0
170285,R@100,1.0
170372,nDCG@10,0.6364391809889587
170372,R@100,1.0
170395,nDCG@10,0.3333333333333333
170395,R@100,1.0
170417,nDCG@10,1.0
170417,R@100,1.0
170454,nDCG@10,0.6309297535714575
170454,R@100,1.0
170489,nDCG@10,1.0
170489,R@100,1.0
170679,nDCG@10,0.0
170679,R@100,0.0
170680,nDCG@10,1.0
170680,R@100,1.0
170684,nDCG@10,0.6309297535714575
170684,R@100,1.0
170685,nDCG@10,0.7653606369886217
170685,R@100,0.6666666666666666
170739,nDCG@10,0.6309297535714575
170739,R@100,1.0
170748,nDCG@10,0.6309297535714575
170748,R@100,1.0
170826,nDCG@10,1.0
170826,R@100,1.0
170889,nDCG@10,0.6309297535714575
170889,R@100,1.0
171011,nDCG@10,0.8927537907700456
171011,R@100,1.0
171027,nDCG@10,1.0
171027,R@100,1.0
171060,nDCG@10,0.38685280723454163
171060,R@100,1.0
171070,nDCG@10,1.0
171070,R@100,1.0
171079,nDCG@10,1.0
171079,R@100,1.0
171173,nDCG@10,1.0
171173,R@100,1.0
1712,nDCG@10,1.0
1712,R@100,1.0
171206,nDCG@10,0.6309297535714575
171206,R@100,1.0
171327,nDCG@10,1.0
171327,R@100,1.0
171368,nDCG@10,0.0
171368,R@100,1.0
171396,nDCG@10,1.0
171396,R@100,1.0
171401,nDCG@10,0.19342640361727081
171401,R@100,1.0
171416,nDCG@10,0.6131471927654584
171416,R@100,1.0
171491,nDCG@10,1.0
171491,R@100,1.0
171527,nDCG@10,0.38685280723454163
171527,R@100,1.0
171537,nDCG@10,1.0
171537,R@100,1.0
171571,nDCG@10,1.0
171571,R@100,1.0
171600,nDCG@10,1.0
171600,R@100,1.0
171747,nDCG@10,0.6309297535714575
171747,R@100,1.0
17182,nDCG@10,1.0
17182,R@100,1.0
171822,nDCG@10,0.0
171822,R@100,1.0
171860,nDCG@10,1.0
171860,R@100,1.0
171924,nDCG@10,1.0
171924,R@100,1.0
171955,nDCG@10,0.0
171955,R@100,1.0
171999,nDCG@10,0.19342640361727081
171999,R@100,1.0
172067,nDCG@10,1.0
172067,R@100,1.0
172121,nDCG@10,0.43067655807339306
172121,R@100,1.0
172128,nDCG@10,1.0
172128,R@100,1.0
172140,nDCG@10,0.0
172140,R@100,1.0
172151,nDCG@10,1.0
172151,R@100,1.0
172211,nDCG@10,0.5706417189553201
172211,R@100,1.0
172357,nDCG@10,0.6309297535714575
172357,R@100,1.0
172418,nDCG@10,1.0
172418,R@100,1.0
172432,nDCG@10,1.0
172432,R@100,1.0
172468,nDCG@10,1.0
172468,R@100,1.0
172512,nDCG@10,1.0
172512,R@100,1.0
172564,nDCG@10,1.0
172564,R@100,1.0
172585,nDCG@10,1.0
172585,R@100,1.0
17262,nDCG@10,1.0
17262,R@100,1.0
172672,nDCG@10,0.43810818083050457
172672,R@100,0.8571428571428571
172804,nDCG@10,1.0
172804,R@100,1.0
17285,nDCG@10,0.6309297535714575
17285,R@100,1.0
172931,nDCG@10,1.0
172931,R@100,1.0
172935,nDCG@10,1.0
172935,R@100,1.0
17300,nDCG@10,0.6309297535714575
17300,R@100,1.0
173023,nDCG@10,0.9197207891481876
173023,R@100,1.0
173160,nDCG@10,0.0874717141014082
173160,R@100,0.5
173233,nDCG@10,1.0
173233,R@100,1.0
173259,nDCG@10,1.0
173259,R@100,1.0
173302,nDCG@10,1.0
173302,R@100,1.0
173309,nDCG@10,1.0
173309,R@100,1.0
173331,nDCG@10,1.0
173331,R@100,1.0
173406,nDCG@10,0.6309297535714575
173406,R@100,1.0
173545,nDCG@10,0.38685280723454163
173545,R@100,0.5
17357,nDCG@10,1.0
17357,R@100,1.0
173591,nDCG@10,0.5143371794949736
173591,R@100,1.0
173601,nDCG@10,1.0
173601,R@100,1.0
173625,nDCG@10,1.0
173625,R@100,1.0
173667,nDCG@10,0.3916178549858146
173667,R@100,0.6666666666666666
173668,nDCG@10,0.6713860725233041
173668,R@100,1.0
173751,nDCG@10,1.0
173751,R@100,1.0
173753,nDCG@10,0.38685280723454163
173753,R@100,1.0
173941,nDCG@10,1.0
173941,R@100,1.0
173945,nDCG@10,1.0
173945,R@100,1.0
174005,nDCG@10,1.0
174005,R@100,1.0
174096,nDCG@10,0.5706417189553201
174096,R@100,1.0
17413,nDCG@10,0.6934264036172708
17413,R@100,1.0
174171,nDCG@10,1.0
174171,R@100,1.0
174176,nDCG@10,0.0
174176,R@100,1.0
174219,nDCG@10,1.0
174219,R@100,1.0
174221,nDCG@10,1.0
174221,R@100,1.0
174271,nDCG@10,1.0
174271,R@100,1.0
174339,nDCG@10,0.6309297535714575
174339,R@100,1.0
1744,nDCG@10,0.3333333333333333
1744,R@100,1.0
174471,nDCG@10,1.0
174471,R@100,1.0
174569,nDCG@10,0.6309297535714575
174569,R@100,1.0
174578,nDCG@10,0.38685280723454163
174578,R@100,1.0
174586,nDCG@10,0.3562071871080222
174586,R@100,1.0
174606,nDCG@10,1.0
174606,R@100,1.0
174683,nDCG@10,0.2890648263178879
174683,R@100,1.0
174715,nDCG@10,1.0
174715,R@100,1.0
174752,nDCG@10,0.6257049680303419
174752,R@100,1.0
174816,nDCG@10,1.0
174816,R@100,1.0
174878,nDCG@10,0.6309297535714575
174878,R@100,1.0
17489,nDCG@10,0.20438239758848611
17489,R@100,1.0
174957,nDCG@10,1.0
174957,R@100,1.0
175010,nDCG@10,0.5
175010,R@100,1.0
175029,nDCG@10,1.0
175029,R@100,1.0
17522,nDCG@10,0.8772153153380493
17522,R@100,1.0
175275,nDCG@10,0.21515079688078367
175275,R@100,0.8
175393,nDCG@10,1.0
175393,R@100,1.0
17543,nDCG@10,0.8503449055347546
17543,R@100,1.0
175450,nDCG@10,0.16812753627111746
175450,R@100,1.0
175480,nDCG@10,0.44149241373678083
175480,R@100,0.5
175499,nDCG@10,0.0
175499,R@100,1.0
175553,nDCG@10,1.0
175553,R@100,1.0
175596,nDCG@10,0.9197207891481876
175596,R@100,1.0
175610,nDCG@10,0.5706417189553201
175610,R@100,1.0
175615,nDCG@10,0.6309297535714575
175615,R@100,1.0
175913,nDCG@10,0.0
175913,R@100,1.0
175981,nDCG@10,1.0
175981,R@100,1.0
175982,nDCG@10,0.8482378089219645
175982,R@100,1.0
176073,nDCG@10,0.787702056960637
176073,R@100,0.75
17608,nDCG@10,1.0
17608,R@100,1.0
176123,nDCG@10,1.0
176123,R@100,1.0
176165,nDCG@10,0.5
176165,R@100,1.0
176278,nDCG@10,0.0
176278,R@100,1.0
176332,nDCG@10,1.0
176332,R@100,1.0
176348,nDCG@10,1.0
176348,R@100,1.0
176361,nDCG@10,1.0
176361,R@100,1.0
176433,nDCG@10,1.0
176433,R@100,1.0
176443,nDCG@10,1.0
176443,R@100,1.0
176445,nDCG@10,1.0
176445,R@100,1.0
176499,nDCG@10,0.6131471927654584
176499,R@100,1.0
176587,nDCG@10,1.0
176587,R@100,1.0
176590,nDCG@10,1.0
176590,R@100,1.0
176630,nDCG@10,1.0
176630,R@100,1.0
176655,nDCG@10,1.0
176655,R@100,1.0
17670,nDCG@10,0.8315546295836225
17670,R@100,1.0
176751,nDCG@10,0.6309297535714575
176751,R@100,1.0
176847,nDCG@10,0.0
176847,R@100,1.0
176878,nDCG@10,1.0
176878,R@100,1.0
17688,nDCG@10,0.6713860725233041
17688,R@100,1.0
176881,nDCG@10,1.0
176881,R@100,1.0
177054,nDCG@10,1.0
177054,R@100,1.0
177131,nDCG@10,0.0
177131,R@100,1.0
177217,nDCG@10,0.6787622294601761
177217,R@100,1.0
177266,nDCG@10,1.0
177266,R@100,1.0
177347,nDCG@10,1.0
177347,R@100,1.0
177376,nDCG@10,0.7389081303948785
177376,R@100,1.0
177479,nDCG@10,1.0
177479,R@100,1.0
177527,nDCG@10,1.0
177527,R@100,1.0
177533,nDCG@10,0.6131471927654584
177533,R@100,1.0
177555,nDCG@10,1.0
177555,R@100,1.0
177580,nDCG@10,1.0
177580,R@100,1.0
177653,nDCG@10,1.0
177653,R@100,1.0
177669,nDCG@10,0.6309297535714575
177669,R@100,1.0
177745,nDCG@10,0.0
177745,R@100,0.6666666666666666
177748,nDCG@10,0.5
177748,R@100,1.0
177749,nDCG@10,1.0
177749,R@100,1.0
177806,nDCG@10,0.5706417189553201
177806,R@100,1.0
177811,nDCG@10,0.7903864795495061
177811,R@100,1.0
178009,nDCG@10,1.0
178009,R@100,1.0
178016,nDCG@10,1.0
178016,R@100,1.0
17809,nDCG@10,0.6309297535714575
17809,R@100,1.0
17811,nDCG@10,0.9052116356304493
17811,R@100,0.52
178158,nDCG@10,0.0
178158,R@100,0.0
17817,nDCG@10,1.0
17817,R@100,1.0
178245,nDCG@10,1.0
178245,R@100,1.0
178317,nDCG@10,1.0
178317,R@100,1.0
17832,nDCG@10,1.0
17832,R@100,1.0
178344,nDCG@10,0.0
178344,R@100,1.0
178350,nDCG@10,1.0
178350,R@100,1.0
178404,nDCG@10,1.0
178404,R@100,1.0
178429,nDCG@10,1.0
178429,R@100,1.0
178443,nDCG@10,0.0
178443,R@100,1.0
178446,nDCG@10,1.0
178446,R@100,1.0
178479,nDCG@10,1.0
178479,R@100,1.0
178490,nDCG@10,0.6131471927654584
178490,R@100,1.0
178531,nDCG@10,0.31546487678572877
178531,R@100,1.0
178550,nDCG@10,1.0
178550,R@100,1.0
178562,nDCG@10,1.0
178562,R@100,1.0
178606,nDCG@10,0.3903800499921017
178606,R@100,1.0
178705,nDCG@10,1.0
178705,R@100,1.0
178744,nDCG@10,1.0
178744,R@100,1.0
178753,nDCG@10,0.7653606369886217
178753,R@100,0.6666666666666666
178783,nDCG@10,1.0
178783,R@100,1.0
17883,nDCG@10,1.0
17883,R@100,1.0
178846,nDCG@10,1.0
178846,R@100,1.0
178885,nDCG@10,0.0
178885,R@100,0.5
17890,nDCG@10,0.6105456988825855
17890,R@100,0.6666666666666666
178968,nDCG@10,1.0
178968,R@100,1.0
178974,nDCG@10,0.3010299956639812
178974,R@100,1.0
17902,nDCG@10,0.7988614740430418
17902,R@100,1.0
179054,nDCG@10,0.0
179054,R@100,1.0
179083,nDCG@10,0.6309297535714575
179083,R@100,1.0
179088,nDCG@10,1.0
179088,R@100,1.0
179142,nDCG@10,0.0
179142,R@100,0.5
179146,nDCG@10,1.0
179146,R@100,1.0
179149,nDCG@10,1.0
179149,R@100,1.0
179174,nDCG@10,1.0
179174,R@100,1.0
17920,nDCG@10,0.0
17920,R@100,1.0
179206,nDCG@10,0.0
179206,R@100,1.0
179340,nDCG@10,0.0
179340,R@100,1.0
179382,nDCG@10,0.6309297535714575
179382,R@100,1.0
179390,nDCG@10,0.43067655807339306
179390,R@100,1.0
179436,nDCG@10,0.6309297535714575
179436,R@100,1.0
179500,nDCG@10,0.6309297535714575
179500,R@100,1.0
179525,nDCG@10,0.6131471927654584
179525,R@100,1.0
179548,nDCG@10,1.0
179548,R@100,1.0
179610,nDCG@10,0.6309297535714575
179610,R@100,1.0
179646,nDCG@10,1.0
179646,R@100,1.0
179789,nDCG@10,0.43067655807339306
179789,R@100,1.0
17983,nDCG@10,1.0
17983,R@100,1.0
179831,nDCG@10,1.0
179831,R@100,1.0
179928,nDCG@10,0.0
179928,R@100,1.0
179929,nDCG@10,0.8503449055347546
179929,R@100,1.0
179938,nDCG@10,0.3973220069685352
179938,R@100,0.5
179971,nDCG@10,1.0
179971,R@100,1.0
179999,nDCG@10,1.0
179999,R@100,1.0
180048,nDCG@10,1.0
180048,R@100,1.0
180120,nDCG@10,1.0
180120,R@100,1.0
180284,nDCG@10,0.0
180284,R@100,1.0
180320,nDCG@10,0.0
180320,R@100,1.0
180343,nDCG@10,1.0
180343,R@100,1.0
180395,nDCG@10,0.9197207891481876
180395,R@100,1.0
180586,nDCG@10,0.23719771276929622
180586,R@100,1.0
180749,nDCG@10,0.6309297535714575
180749,R@100,1.0
180788,nDCG@10,0.3152014104491349
180788,R@100,0.6666666666666666
180985,nDCG@10,1.0
180985,R@100,1.0
180996,nDCG@10,1.0
180996,R@100,1.0
181028,nDCG@10,1.0
181028,R@100,1.0
181035,nDCG@10,1.0
181035,R@100,1.0
181109,nDCG@10,1.0
181109,R@100,1.0
181117,nDCG@10,0.6309297535714575
181117,R@100,1.0
181123,nDCG@10,0.43067655807339306
181123,R@100,1.0
181136,nDCG@10,1.0
181136,R@100,1.0
181163,nDCG@10,1.0
181163,R@100,1.0
181186,nDCG@10,1.0
181186,R@100,1.0
181213,nDCG@10,0.0
181213,R@100,1.0
181249,nDCG@10,1.0
181249,R@100,1.0
18125,nDCG@10,0.7653606369886217
18125,R@100,1.0
181349,nDCG@10,0.5
181349,R@100,1.0
18142,nDCG@10,1.0
18142,R@100,1.0
181437,nDCG@10,1.0
181437,R@100,1.0
181439,nDCG@10,0.5912352048230277
181439,R@100,1.0
181481,nDCG@10,1.0
181481,R@100,1.0
181483,nDCG@10,0.0
181483,R@100,1.0
181520,nDCG@10,0.0
181520,R@100,0.0
181660,nDCG@10,1.0
181660,R@100,1.0
181692,nDCG@10,1.0
181692,R@100,1.0
181693,nDCG@10,1.0
181693,R@100,1.0
181709,nDCG@10,1.0
181709,R@100,1.0
181718,nDCG@10,1.0
181718,R@100,1.0
181730,nDCG@10,1.0
181730,R@100,1.0
181741,nDCG@10,0.6934264036172708
181741,R@100,1.0
18176,nDCG@10,0.0
18176,R@100,0.0
181785,nDCG@10,0.6333518746717375
181785,R@100,1.0
181794,nDCG@10,0.2640681225725909
181794,R@100,1.0
181815,nDCG@10,0.6509209298071326
181815,R@100,1.0
181872,nDCG@10,0.5012658353418871
181872,R@100,1.0
181896,nDCG@10,1.0
181896,R@100,1.0
181923,nDCG@10,0.3010299956639812
181923,R@100,1.0
181930,nDCG@10,0.38685280723454163
181930,R@100,1.0
181936,nDCG@10,1.0
181936,R@100,1.0
181977,nDCG@10,1.0
181977,R@100,1.0
182020,nDCG@10,0.39780880120575696
182020,R@100,1.0
182028,nDCG@10,0.3333333333333333
182028,R@100,1.0
182114,nDCG@10,0.0
182114,R@100,1.0
182133,nDCG@10,1.0
182133,R@100,1.0
18219,nDCG@10,1.0
18219,R@100,1.0
182295,nDCG@10,0.8395700624665824
182295,R@100,1.0
182313,nDCG@10,0.0
182313,R@100,0.0
182334,nDCG@10,0.46927872602275644
182334,R@100,1.0
182364,nDCG@10,0.6240505200038379
182364,R@100,1.0
182421,nDCG@10,0.23504554941448536
182421,R@100,0.8888888888888888
182522,nDCG@10,1.0
182522,R@100,1.0
182588,nDCG@10,1.0
182588,R@100,1.0
1826,nDCG@10,1.0
1826,R@100,1.0
182640,nDCG@10,0.0
182640,R@100,1.0
182756,nDCG@10,0.8315546295836225
182756,R@100,1.0
182808,nDCG@10,0.6309297535714575
182808,R@100,1.0
182811,nDCG@10,1.0
182811,R@100,1.0
182813,nDCG@10,1.0
182813,R@100,1.0
182847,nDCG@10,1.0
182847,R@100,1.0
182864,nDCG@10,1.0
182864,R@100,1.0
182951,nDCG@10,0.6309297535714575
182951,R@100,1.0
183036,nDCG@10,0.38685280723454163
183036,R@100,1.0
183045,nDCG@10,0.0
183045,R@100,1.0
183086,nDCG@10,0.8050310013659311
183086,R@100,0.8888888888888888
18318,nDCG@10,0.9930783166417602
18318,R@100,1.0
183234,nDCG@10,0.2890648263178879
183234,R@100,1.0
183273,nDCG@10,1.0
183273,R@100,1.0
183302,nDCG@10,0.8772153153380493
183302,R@100,1.0
183383,nDCG@10,0.1480409554829326
183383,R@100,0.6666666666666666
183421,nDCG@10,1.0
183421,R@100,1.0
183424,nDCG@10,1.0
183424,R@100,1.0
183444,nDCG@10,0.6309297535714575
183444,R@100,1.0
183484,nDCG@10,1.0
183484,R@100,1.0
183510,nDCG@10,0.5
183510,R@100,1.0
183530,nDCG@10,1.0
183530,R@100,1.0
183593,nDCG@10,0.48381288316677695
183593,R@100,1.0
183621,nDCG@10,0.0
183621,R@100,1.0
183639,nDCG@10,0.0
183639,R@100,1.0
18365,nDCG@10,0.5843172210243459
18365,R@100,1.0
183762,nDCG@10,0.9325210919548239
183762,R@100,1.0
183774,nDCG@10,0.38685280723454163
183774,R@100,1.0
183788,nDCG@10,1.0
183788,R@100,1.0
183806,nDCG@10,1.0
183806,R@100,1.0
183810,nDCG@10,0.0
183810,R@100,1.0
183897,nDCG@10,1.0
183897,R@100,1.0
183906,nDCG@10,1.0
183906,R@100,1.0
183920,nDCG@10,0.9066276098484507
183920,R@100,1.0
184028,nDCG@10,0.6309297535714575
184028,R@100,1.0
184064,nDCG@10,1.0
184064,R@100,1.0
18408,nDCG@10,0.0
18408,R@100,0.0
184115,nDCG@10,0.38685280723454163
184115,R@100,1.0
184140,nDCG@10,0.5
184140,R@100,1.0
184179,nDCG@10,1.0
184179,R@100,1.0
18427,nDCG@10,0.6309297535714575
18427,R@100,1.0
184278,nDCG@10,1.0
184278,R@100,1.0
184283,nDCG@10,1.0
184283,R@100,1.0
184303,nDCG@10,1.0
184303,R@100,1.0
184324,nDCG@10,0.43067655807339306
184324,R@100,1.0
184384,nDCG@10,0.0
184384,R@100,1.0
184422,nDCG@10,0.5
184422,R@100,1.0
184498,nDCG@10,0.6309297535714575
184498,R@100,1.0
184512,nDCG@10,1.0
184512,R@100,1.0
184515,nDCG@10,0.0
184515,R@100,1.0
184563,nDCG@10,1.0
184563,R@100,1.0
18463,nDCG@10,0.7041249493150387
18463,R@100,1.0
184681,nDCG@10,1.0
184681,R@100,1.0
184685,nDCG@10,1.0
184685,R@100,1.0
184704,nDCG@10,0.41183384043543503
184704,R@100,1.0
184757,nDCG@10,1.0
184757,R@100,1.0
184793,nDCG@10,0.4790262927928244
184793,R@100,1.0
184848,nDCG@10,1.0
184848,R@100,1.0
184927,nDCG@10,0.0
184927,R@100,0.0
18494,nDCG@10,1.0
18494,R@100,1.0
184961,nDCG@10,1.0
184961,R@100,1.0
184982,nDCG@10,0.0
184982,R@100,1.0
185088,nDCG@10,0.8503449055347546
185088,R@100,1.0
185108,nDCG@10,1.0
185108,R@100,1.0
185184,nDCG@10,0.20438239758848611
185184,R@100,1.0
185237,nDCG@10,0.7653606369886217
185237,R@100,1.0
185252,nDCG@10,0.0
185252,R@100,1.0
185278,nDCG@10,0.38685280723454163
185278,R@100,1.0
185402,nDCG@10,1.0
185402,R@100,1.0
185450,nDCG@10,0.5
185450,R@100,1.0
185452,nDCG@10,1.0
185452,R@100,1.0
185497,nDCG@10,0.5
185497,R@100,1.0
18556,nDCG@10,1.0
18556,R@100,1.0
185645,nDCG@10,0.8048099750039491
185645,R@100,1.0
185916,nDCG@10,1.0
185916,R@100,1.0
18595,nDCG@10,0.0
18595,R@100,0.0
186034,nDCG@10,1.0
186034,R@100,1.0
186109,nDCG@10,0.3333333333333333
186109,R@100,1.0
186128,nDCG@10,1.0
186128,R@100,1.0
186226,nDCG@10,0.6309297535714575
186226,R@100,1.0
186300,nDCG@10,1.0
186300,R@100,1.0
186325,nDCG@10,0.43067655807339306
186325,R@100,1.0
186344,nDCG@10,1.0
186344,R@100,1.0
186352,nDCG@10,1.0
186352,R@100,1.0
186527,nDCG@10,0.6309297535714575
186527,R@100,1.0
186732,nDCG@10,1.0
186732,R@100,1.0
186784,nDCG@10,1.0
186784,R@100,1.0
186860,nDCG@10,0.38685280723454163
186860,R@100,1.0
187,nDCG@10,0.5857421563596757
187,R@100,0.7142857142857143
187021,nDCG@10,1.0
187021,R@100,1.0
187039,nDCG@10,0.38685280723454163
187039,R@100,1.0
187108,nDCG@10,0.0
187108,R@100,0.0
187111,nDCG@10,1.0
187111,R@100,1.0
187304,nDCG@10,1.0
187304,R@100,1.0
187333,nDCG@10,0.7668091220635322
187333,R@100,1.0
187341,nDCG@10,0.5
187341,R@100,1.0
187346,nDCG@10,1.0
187346,R@100,1.0
18740,nDCG@10,0.3333333333333333
18740,R@100,1.0
187454,nDCG@10,1.0
187454,R@100,1.0
187575,nDCG@10,0.31546487678572877
187575,R@100,1.0
187611,nDCG@10,1.0
187611,R@100,1.0
187766,nDCG@10,1.0
187766,R@100,1.0
187788,nDCG@10,0.0
187788,R@100,0.0
187792,nDCG@10,1.0
187792,R@100,1.0
187804,nDCG@10,0.0
187804,R@100,0.0
187894,nDCG@10,0.0
187894,R@100,0.0
187907,nDCG@10,1.0
187907,R@100,1.0
187922,nDCG@10,1.0
187922,R@100,1.0
187941,nDCG@10,1.0
187941,R@100,1.0
187970,nDCG@10,1.0
187970,R@100,1.0
188055,nDCG@10,0.43067655807339306
188055,R@100,1.0
188267,nDCG@10,0.6309297535714575
188267,R@100,1.0
18835,nDCG@10,1.0
18835,R@100,1.0
18855,nDCG@10,0.6131471927654584
18855,R@100,0.5
18856,nDCG@10,1.0
18856,R@100,1.0
188585,nDCG@10,0.3235866969737877
188585,R@100,1.0
188662,nDCG@10,0.6309297535714575
188662,R@100,1.0
188676,nDCG@10,0.9828920819566879
188676,R@100,1.0
188697,nDCG@10,0.75369761125927
188697,R@100,1.0
188717,nDCG@10,1.0
188717,R@100,1.0
188775,nDCG@10,0.2890648263178879
188775,R@100,1.0
1888,nDCG@10,1.0
1888,R@100,1.0
188841,nDCG@10,1.0
188841,R@100,1.0
188903,nDCG@10,1.0
188903,R@100,1.0
188913,nDCG@10,1.0
188913,R@100,1.0
188919,nDCG@10,0.8503449055347546
188919,R@100,1.0
188945,nDCG@10,1.0
188945,R@100,1.0
188951,nDCG@10,0.6309297535714575
188951,R@100,1.0
189069,nDCG@10,1.0
189069,R@100,1.0
189111,nDCG@10,1.0
189111,R@100,1.0
189234,nDCG@10,1.0
189234,R@100,1.0
189236,nDCG@10,1.0
189236,R@100,1.0
189248,nDCG@10,0.0
189248,R@100,0.6666666666666666
189265,nDCG@10,0.5
189265,R@100,1.0
189434,nDCG@10,0.0
189434,R@100,1.0
189488,nDCG@10,1.0
189488,R@100,1.0
1895,nDCG@10,0.2890648263178879
1895,R@100,1.0
189503,nDCG@10,0.38685280723454163
189503,R@100,1.0
189600,nDCG@10,0.21840743681816419
189600,R@100,1.0
189684,nDCG@10,0.31546487678572877
189684,R@100,1.0
189691,nDCG@10,1.0
189691,R@100,1.0
189697,nDCG@10,0.3562071871080222
189697,R@100,1.0
189723,nDCG@10,1.0
189723,R@100,1.0
189749,nDCG@10,0.0
189749,R@100,0.0
189752,nDCG@10,0.0
189752,R@100,1.0
189802,nDCG@10,0.43067655807339306
189802,R@100,1.0
189808,nDCG@10,0.9197207891481876
189808,R@100,1.0
189916,nDCG@10,1.0
189916,R@100,1.0
189921,nDCG@10,1.0
189921,R@100,1.0
190003,nDCG@10,0.1487639058405727
190003,R@100,0.6
190032,nDCG@10,1.0
190032,R@100,1.0
190099,nDCG@10,0.6309297535714575
190099,R@100,1.0
190121,nDCG@10,1.0
190121,R@100,1.0
190131,nDCG@10,0.0
190131,R@100,1.0
19021,nDCG@10,1.0
19021,R@100,1.0
190405,nDCG@10,1.0
190405,R@100,1.0
190414,nDCG@10,0.6309297535714575
190414,R@100,1.0
190462,nDCG@10,0.4776237035032179
190462,R@100,0.6666666666666666
190557,nDCG@10,0.23719771276929622
190557,R@100,0.5
190564,nDCG@10,0.6309297535714575
190564,R@100,1.0
190688,nDCG@10,0.0
190688,R@100,1.0
190742,nDCG@10,1.0
190742,R@100,1.0
190758,nDCG@10,1.0
190758,R@100,1.0
190771,nDCG@10,0.0
190771,R@100,1.0
190780,nDCG@10,1.0
190780,R@100,1.0
190846,nDCG@10,1.0
190846,R@100,1.0
191083,nDCG@10,0.5
191083,R@100,1.0
191105,nDCG@10,0.46927872602275644
191105,R@100,0.3333333333333333
191176,nDCG@10,1.0
191176,R@100,1.0
191194,nDCG@10,0.23463936301137822
191194,R@100,0.6666666666666666
191245,nDCG@10,0.6131471927654584
191245,R@100,1.0
191248,nDCG@10,0.3562071871080222
191248,R@100,1.0
191267,nDCG@10,0.6309297535714575
191267,R@100,1.0
191297,nDCG@10,0.46927872602275644
191297,R@100,0.6666666666666666
19139,nDCG@10,0.5326208815196265
19139,R@100,1.0
191457,nDCG@10,0.0
191457,R@100,1.0
191471,nDCG@10,0.41183384043543503
191471,R@100,1.0
191534,nDCG@10,0.24630238874073
191534,R@100,0.75
191559,nDCG@10,0.38685280723454163
191559,R@100,1.0
191574,nDCG@10,1.0
191574,R@100,1.0
191657,nDCG@10,0.6309297535714575
191657,R@100,1.0
191677,nDCG@10,0.5
191677,R@100,1.0
191695,nDCG@10,1.0
191695,R@100,1.0
191831,nDCG@10,1.0
191831,R@100,1.0
191841,nDCG@10,1.0
191841,R@100,1.0
191954,nDCG@10,0.3010299956639812
191954,R@100,1.0
191973,nDCG@10,1.0
191973,R@100,1.0
191987,nDCG@10,0.5
191987,R@100,1.0
192022,nDCG@10,0.43067655807339306
192022,R@100,1.0
192106,nDCG@10,1.0
192106,R@100,1.0
192192,nDCG@10,0.5
192192,R@100,1.0
192231,nDCG@10,0.5
192231,R@100,1.0
192401,nDCG@10,1.0
192401,R@100,1.0
192427,nDCG@10,1.0
192427,R@100,1.0
192466,nDCG@10,0.0
192466,R@100,1.0
192502,nDCG@10,0.0
192502,R@100,1.0
192537,nDCG@10,1.0
192537,R@100,1.0
192542,nDCG@10,1.0
192542,R@100,1.0
192567,nDCG@10,1.0
192567,R@100,1.0
192572,nDCG@10,1.0
192572,R@100,1.0
192574,nDCG@10,0.0
192574,R@100,1.0
192596,nDCG@10,1.0
192596,R@100,1.0
192639,nDCG@10,0.6309297535714575
192639,R@100,1.0
192685,nDCG@10,0.5
192685,R@100,1.0
192692,nDCG@10,1.0
192692,R@100,1.0
192752,nDCG@10,1.0
192752,R@100,1.0
192753,nDCG@10,0.43067655807339306
192753,R@100,1.0
19276,nDCG@10,1.0
19276,R@100,1.0
192788,nDCG@10,0.5706417189553201
192788,R@100,1.0
192848,nDCG@10,0.5012658353418871
192848,R@100,1.0
192888,nDCG@10,0.11751610475642714
192888,R@100,0.75
192903,nDCG@10,0.0
192903,R@100,1.0
19296,nDCG@10,1.0
19296,R@100,1.0
192995,nDCG@10,0.23719771276929622
192995,R@100,1.0
1930,nDCG@10,0.0
1930,R@100,1.0
193038,nDCG@10,1.0
193038,R@100,1.0
193136,nDCG@10,0.5
193136,R@100,1.0
193231,nDCG@10,0.5
193231,R@100,1.0
19324,nDCG@10,1.0
19324,R@100,1.0
193259,nDCG@10,0.0
193259,R@100,1.0
193263,nDCG@10,0.6309297535714575
193263,R@100,1.0
193288,nDCG@10,0.7227265726449519
193288,R@100,1.0
193402,nDCG@10,0.9197207891481876
193402,R@100,1.0
193408,nDCG@10,0.0
193408,R@100,1.0
193417,nDCG@10,0.48247555939075504
193417,R@100,1.0
193420,nDCG@10,1.0
193420,R@100,1.0
193444,nDCG@10,1.0
193444,R@100,1.0
193450,nDCG@10,0.123151194370365
193450,R@100,1.0
19349,nDCG@10,0.3562071871080222
19349,R@100,1.0
193524,nDCG@10,0.6309297535714575
193524,R@100,1.0
19364,nDCG@10,1.0
19364,R@100,1.0
193657,nDCG@10,1.0
193657,R@100,1.0
193683,nDCG@10,0.0
193683,R@100,0.0
19377,nDCG@10,1.0
19377,R@100,1.0
193780,nDCG@10,1.0
193780,R@100,1.0
193818,nDCG@10,1.0
193818,R@100,1.0
193948,nDCG@10,1.0
193948,R@100,1.0
193959,nDCG@10,1.0
193959,R@100,1.0
193979,nDCG@10,1.0
193979,R@100,1.0
193995,nDCG@10,0.8772153153380493
193995,R@100,1.0
194019,nDCG@10,0.39780880120575696
194019,R@100,1.0
194022,nDCG@10,1.0
194022,R@100,1.0
194158,nDCG@10,1.0
194158,R@100,1.0
194215,nDCG@10,0.3562071871080222
194215,R@100,1.0
194310,nDCG@10,0.49661976912920763
194310,R@100,1.0
194449,nDCG@10,0.6240505200038379
194449,R@100,1.0
194450,nDCG@10,0.43067655807339306
194450,R@100,1.0
19462,nDCG@10,1.0
19462,R@100,1.0
194636,nDCG@10,0.38685280723454163
194636,R@100,1.0
194687,nDCG@10,0.48247555939075504
194687,R@100,1.0
194747,nDCG@10,1.0
194747,R@100,1.0
194800,nDCG@10,0.38685280723454163
194800,R@100,1.0
194866,nDCG@10,1.0
194866,R@100,1.0
194899,nDCG@10,0.6131471927654584
194899,R@100,1.0
194921,nDCG@10,0.0
194921,R@100,0.6
194941,nDCG@10,0.5
194941,R@100,1.0
19498,nDCG@10,1.0
19498,R@100,1.0
195087,nDCG@10,0.0
195087,R@100,0.0
195142,nDCG@10,1.0
195142,R@100,1.0
195148,nDCG@10,0.21398626473452756
195148,R@100,0.6
195229,nDCG@10,1.0
195229,R@100,1.0
195244,nDCG@10,1.0
195244,R@100,1.0
195303,nDCG@10,1.0
195303,R@100,1.0
195328,nDCG@10,1.0
195328,R@100,1.0
195380,nDCG@10,1.0
195380,R@100,1.0
195387,nDCG@10,0.0
195387,R@100,1.0
195450,nDCG@10,1.0
195450,R@100,1.0
195469,nDCG@10,0.617319681505689
195469,R@100,1.0
195484,nDCG@10,1.0
195484,R@100,1.0
195487,nDCG@10,0.6309297535714575
195487,R@100,1.0
195513,nDCG@10,1.0
195513,R@100,1.0
195533,nDCG@10,0.3010299956639812
195533,R@100,1.0
195675,nDCG@10,1.0
195675,R@100,1.0
195728,nDCG@10,1.0
195728,R@100,1.0
195803,nDCG@10,1.0
195803,R@100,1.0
195811,nDCG@10,1.0
195811,R@100,1.0
195834,nDCG@10,0.9325210919548239
195834,R@100,1.0
195848,nDCG@10,1.0
195848,R@100,1.0
195881,nDCG@10,1.0
195881,R@100,1.0
195889,nDCG@10,0.6131471927654584
195889,R@100,0.5
195895,nDCG@10,0.0
195895,R@100,1.0
195943,nDCG@10,1.0
195943,R@100,1.0
19597,nDCG@10,0.43067655807339306
19597,R@100,1.0
196020,nDCG@10,1.0
196020,R@100,1.0
196178,nDCG@10,0.38685280723454163
196178,R@100,1.0
196194,nDCG@10,1.0
196194,R@100,1.0
196235,nDCG@10,0.7653606369886217
196235,R@100,1.0
196384,nDCG@10,1.0
196384,R@100,1.0
196388,nDCG@10,1.0
196388,R@100,1.0
196414,nDCG@10,1.0
196414,R@100,1.0
196462,nDCG@10,0.6509209298071326
196462,R@100,1.0
196524,nDCG@10,1.0
196524,R@100,1.0
196596,nDCG@10,0.0
196596,R@100,0.5
196621,nDCG@10,1.0
196621,R@100,1.0
196663,nDCG@10,0.5706417189553201
196663,R@100,1.0
196680,nDCG@10,0.8772153153380493
196680,R@100,1.0
196688,nDCG@10,0.6309297535714575
196688,R@100,1.0
196699,nDCG@10,0.35853358850813305
196699,R@100,1.0
196706,nDCG@10,1.0
196706,R@100,1.0
196749,nDCG@10,1.0
196749,R@100,1.0
196785,nDCG@10,0.42177340954886444
196785,R@100,1.0
196813,nDCG@10,1.0
196813,R@100,1.0
196876,nDCG@10,0.0
196876,R@100,1.0
196882,nDCG@10,0.23719771276929622
196882,R@100,0.5
196975,nDCG@10,0.5
196975,R@100,1.0
196979,nDCG@10,1.0
196979,R@100,1.0
196983,nDCG@10,0.0
196983,R@100,1.0
197160,nDCG@10,1.0
197160,R@100,1.0
197237,nDCG@10,1.0
197237,R@100,1.0
197302,nDCG@10,1.0
197302,R@100,1.0
197325,nDCG@10,0.2640681225725909
197325,R@100,1.0
197328,nDCG@10,1.0
197328,R@100,1.0
197443,nDCG@10,0.3333333333333333
197443,R@100,1.0
197574,nDCG@10,0.0
197574,R@100,0.0
19762,nDCG@10,1.0
19762,R@100,1.0
197630,nDCG@10,0.5706417189553201
197630,R@100,1.0
197636,nDCG@10,0.0
197636,R@100,0.0
197703,nDCG@10,1.0
197703,R@100,1.0
197812,nDCG@10,0.8772153153380493
197812,R@100,1.0
197823,nDCG@10,0.5
197823,R@100,1.0
197829,nDCG@10,1.0
197829,R@100,1.0
197871,nDCG@10,0.6309297535714575
197871,R@100,1.0
197910,nDCG@10,1.0
197910,R@100,1.0
197974,nDCG@10,1.0
197974,R@100,1.0
198031,nDCG@10,1.0
198031,R@100,1.0
198075,nDCG@10,1.0
198075,R@100,1.0
198103,nDCG@10,1.0
198103,R@100,1.0
198111,nDCG@10,0.0
198111,R@100,0.0
198192,nDCG@10,1.0
198192,R@100,1.0
198203,nDCG@10,1.0
198203,R@100,1.0
19823,nDCG@10,0.0
19823,R@100,1.0
198343,nDCG@10,0.45560514958746035
198343,R@100,1.0
198369,nDCG@10,0.8207658584763088
198369,R@100,1.0
198414,nDCG@10,0.7122630665145961
198414,R@100,1.0
19859,nDCG@10,1.0
19859,R@100,1.0
198592,nDCG@10,0.3333333333333333
198592,R@100,1.0
19860,nDCG@10,0.6309297535714575
19860,R@100,1.0
198775,nDCG@10,0.4123370353127634
198775,R@100,0.6666666666666666
19878,nDCG@10,0.5109559939712153
19878,R@100,1.0
198807,nDCG@10,0.0
198807,R@100,0.0
198906,nDCG@10,0.5847876649948583
198906,R@100,1.0
198929,nDCG@10,1.0
198929,R@100,1.0
198931,nDCG@10,0.0
198931,R@100,1.0
198949,nDCG@10,1.0
198949,R@100,1.0
198959,nDCG@10,1.0
198959,R@100,1.0
199019,nDCG@10,1.0
199019,R@100,1.0
19918,nDCG@10,0.0
19918,R@100,1.0
199232,nDCG@10,0.6309297535714575
199232,R@100,1.0
199288,nDCG@10,1.0
199288,R@100,1.0
1993,nDCG@10,0.43067655807339306
1993,R@100,1.0
199349,nDCG@10,0.38685280723454163
199349,R@100,1.0
199440,nDCG@10,1.0
199440,R@100,1.0
199445,nDCG@10,0.6309297535714575
199445,R@100,1.0
199484,nDCG@10,1.0
199484,R@100,1.0
199501,nDCG@10,0.18457569677956817
199501,R@100,0.5
199521,nDCG@10,1.0
199521,R@100,1.0
199596,nDCG@10,0.6309297535714575
199596,R@100,1.0
199636,nDCG@10,0.0
199636,R@100,0.5
199650,nDCG@10,1.0
199650,R@100,1.0
199656,nDCG@10,1.0
199656,R@100,1.0
199665,nDCG@10,1.0
199665,R@100,1.0
199811,nDCG@10,1.0
199811,R@100,1.0
199958,nDCG@10,0.5
199958,R@100,1.0
199980,nDCG@10,1.0
199980,R@100,1.0
200012,nDCG@10,1.0
200012,R@100,1.0
20006,nDCG@10,1.0
20006,R@100,1.0
200063,nDCG@10,1.0
200063,R@100,1.0
200195,nDCG@10,1.0
200195,R@100,1.0
200210,nDCG@10,0.2890648263178879
200210,R@100,1.0
200212,nDCG@10,0.0
200212,R@100,0.0
200245,nDCG@10,1.0
200245,R@100,1.0
200351,nDCG@10,0.0
200351,R@100,0.3333333333333333
200366,nDCG@10,1.0
200366,R@100,1.0
200435,nDCG@10,0.3973220069685352
200435,R@100,1.0
200509,nDCG@10,1.0
200509,R@100,1.0
200552,nDCG@10,0.6309297535714575
200552,R@100,1.0
20056,nDCG@10,0.6787622294601761
20056,R@100,1.0
200619,nDCG@10,1.0
200619,R@100,1.0
200631,nDCG@10,1.0
200631,R@100,1.0
200670,nDCG@10,1.0
200670,R@100,1.0
200808,nDCG@10,0.41183384043543503
200808,R@100,1.0
200845,nDCG@10,0.8772153153380493
200845,R@100,1.0
200899,nDCG@10,0.5706417189553201
200899,R@100,1.0
200939,nDCG@10,1.0
200939,R@100,1.0
201006,nDCG@10,0.46927872602275644
201006,R@100,0.3333333333333333
201007,nDCG@10,1.0
201007,R@100,1.0
201100,nDCG@10,0.0
201100,R@100,1.0
201139,nDCG@10,1.0
201139,R@100,1.0
201184,nDCG@10,1.0
201184,R@100,1.0
201245,nDCG@10,1.0
201245,R@100,1.0
201286,nDCG@10,0.8065735963827293
201286,R@100,1.0
201291,nDCG@10,1.0
201291,R@100,1.0
201305,nDCG@10,0.0
201305,R@100,0.0
201400,nDCG@10,1.0
201400,R@100,1.0
201409,nDCG@10,0.6309297535714575
201409,R@100,1.0
201468,nDCG@10,0.0
201468,R@100,1.0
201527,nDCG@10,0.8357799744028239
201527,R@100,1.0
20156,nDCG@10,0.6309297535714575
20156,R@100,1.0
201562,nDCG@10,1.0
201562,R@100,1.0
201573,nDCG@10,1.0
201573,R@100,1.0
201682,nDCG@10,0.6131471927654584
201682,R@100,0.5
201834,nDCG@10,1.0
201834,R@100,1.0
201885,nDCG@10,0.3391602052736161
201885,R@100,0.8
201913,nDCG@10,0.3936948167222715
201913,R@100,0.8333333333333334
20192,nDCG@10,1.0
20192,R@100,1.0
201982,nDCG@10,1.0
201982,R@100,1.0
202072,nDCG@10,0.6131471927654584
202072,R@100,1.0
2021,nDCG@10,0.0
2021,R@100,1.0
202123,nDCG@10,1.0
202123,R@100,1.0
20216,nDCG@10,0.0
20216,R@100,0.5
202171,nDCG@10,0.6309297535714575
202171,R@100,1.0
202196,nDCG@10,1.0
202196,R@100,1.0
202248,nDCG@10,0.38685280723454163
202248,R@100,1.0
202272,nDCG@10,0.38685280723454163
202272,R@100,1.0
202318,nDCG@10,0.38685280723454163
202318,R@100,1.0
202337,nDCG@10,1.0
202337,R@100,1.0
202363,nDCG@10,0.3501483019834802
202363,R@100,0.6666666666666666
202429,nDCG@10,0.07945707943276742
202429,R@100,0.42857142857142855
202442,nDCG@10,0.546216915252498
202442,R@100,0.7142857142857143
202474,nDCG@10,1.0
202474,R@100,1.0
202613,nDCG@10,0.6309297535714575
202613,R@100,1.0
202703,nDCG@10,0.6131471927654584
202703,R@100,1.0
202712,nDCG@10,1.0
202712,R@100,1.0
202741,nDCG@10,0.45749452618986164
202741,R@100,1.0
202839,nDCG@10,1.0
202839,R@100,1.0
202854,nDCG@10,0.0
202854,R@100,0.6666666666666666
202896,nDCG@10,1.0
202896,R@100,1.0
202944,nDCG@10,0.6052602440527057
202944,R@100,1.0
202945,nDCG@10,1.0
202945,R@100,1.0
203058,nDCG@10,1.0
203058,R@100,1.0
203080,nDCG@10,0.5
203080,R@100,1.0
203130,nDCG@10,1.0
203130,R@100,1.0
203134,nDCG@10,0.0
203134,R@100,1.0
203157,nDCG@10,0.2890648263178879
203157,R@100,1.0
203215,nDCG@10,1.0
203215,R@100,1.0
203224,nDCG@10,0.8318724637288826
203224,R@100,1.0
203243,nDCG@10,1.0
203243,R@100,1.0
203274,nDCG@10,1.0
203274,R@100,1.0
203291,nDCG@10,0.43067655807339306
203291,R@100,1.0
203303,nDCG@10,1.0
203303,R@100,1.0
203352,nDCG@10,1.0
203352,R@100,1.0
203379,nDCG@10,1.0
203379,R@100,1.0
203381,nDCG@10,0.6309297535714575
203381,R@100,1.0
203409,nDCG@10,0.43067655807339306
203409,R@100,1.0
203447,nDCG@10,0.3333333333333333
203447,R@100,1.0
203463,nDCG@10,1.0
203463,R@100,1.0
203493,nDCG@10,0.5400753810454857
203493,R@100,1.0
203526,nDCG@10,1.0
203526,R@100,1.0
203569,nDCG@10,0.6131471927654584
203569,R@100,1.0
203594,nDCG@10,0.38685280723454163
203594,R@100,1.0
203621,nDCG@10,0.3562071871080222
203621,R@100,1.0
20372,nDCG@10,0.9305687780632227
20372,R@100,1.0
203913,nDCG@10,0.6309297535714575
203913,R@100,1.0
203932,nDCG@10,1.0
203932,R@100,1.0
203996,nDCG@10,1.0
203996,R@100,1.0
204063,nDCG@10,0.0
204063,R@100,1.0
204099,nDCG@10,1.0
204099,R@100,1.0
204105,nDCG@10,0.7226387152952866
204105,R@100,1.0
204142,nDCG@10,1.0
204142,R@100,1.0
204164,nDCG@10,0.0
204164,R@100,0.0
204215,nDCG@10,0.6309297535714575
204215,R@100,1.0
204231,nDCG@10,0.0
204231,R@100,1.0
204270,nDCG@10,0.0
204270,R@100,0.3333333333333333
204342,nDCG@10,1.0
204342,R@100,1.0
204350,nDCG@10,0.0
204350,R@100,1.0
204412,nDCG@10,1.0
204412,R@100,1.0
204443,nDCG@10,1.0
204443,R@100,1.0
204467,nDCG@10,1.0
204467,R@100,1.0
204511,nDCG@10,0.2797643380184693
204511,R@100,0.7142857142857143
204559,nDCG@10,0.6309297535714575
204559,R@100,1.0
20456,nDCG@10,0.6052602440527057
20456,R@100,1.0
204596,nDCG@10,0.3903800499921017
204596,R@100,0.75
204600,nDCG@10,0.6309297535714575
204600,R@100,1.0
204680,nDCG@10,1.0
204680,R@100,1.0
204740,nDCG@10,1.0
204740,R@100,1.0
204829,nDCG@10,1.0
204829,R@100,1.0
20483,nDCG@10,0.7122630665145961
20483,R@100,1.0
204850,nDCG@10,0.5
204850,R@100,1.0
204862,nDCG@10,0.6131471927654584
204862,R@100,1.0
204873,nDCG@10,0.483639123806428
204873,R@100,1.0
204908,nDCG@10,1.0
204908,R@100,1.0
204922,nDCG@10,0.6309297535714575
204922,R@100,1.0
204944,nDCG@10,1.0
204944,R@100,1.0
204978,nDCG@10,0.6131471927654584
204978,R@100,1.0
204985,nDCG@10,0.5
204985,R@100,1.0
205004,nDCG@10,0.31546487678572877
205004,R@100,1.0
20508,nDCG@10,1.0
20508,R@100,1.0
205111,nDCG@10,0.0
205111,R@100,1.0
205177,nDCG@10,1.0
205177,R@100,1.0
205210,nDCG@10,1.0
205210,R@100,1.0
205266,nDCG@10,0.0
205266,R@100,1.0
205312,nDCG@10,1.0
205312,R@100,1.0
205341,nDCG@10,1.0
205341,R@100,1.0
205345,nDCG@10,0.9828920819566879
205345,R@100,1.0
205358,nDCG@10,0.4351098955930419
205358,R@100,0.95
20537,nDCG@10,0.3187939258847263
20537,R@100,0.6666666666666666
205385,nDCG@10,0.0
205385,R@100,0.0
205469,nDCG@10,1.0
205469,R@100,1.0
20551,nDCG@10,1.0
20551,R@100,1.0
205534,nDCG@10,1.0
205534,R@100,1.0
205578,nDCG@10,0.0
205578,R@100,1.0
205581,nDCG@10,1.0
205581,R@100,1.0
205623,nDCG@10,0.43067655807339306
205623,R@100,1.0
205666,nDCG@10,1.0
205666,R@100,1.0
205668,nDCG@10,1.0
205668,R@100,1.0
205685,nDCG@10,1.0
205685,R@100,1.0
20575,nDCG@10,1.0
20575,R@100,1.0
205836,nDCG@10,1.0
205836,R@100,1.0
205860,nDCG@10,1.0
205860,R@100,1.0
205900,nDCG@10,1.0
205900,R@100,1.0
205910,nDCG@10,1.0
205910,R@100,1.0
205936,nDCG@10,1.0
205936,R@100,1.0
205968,nDCG@10,0.6309297535714575
205968,R@100,1.0
206064,nDCG@10,0.0
206064,R@100,1.0
20609,nDCG@10,1.0
20609,R@100,1.0
206122,nDCG@10,1.0
206122,R@100,1.0
206126,nDCG@10,0.31546487678572877
206126,R@100,1.0
206282,nDCG@10,1.0
206282,R@100,1.0
206296,nDCG@10,0.31546487678572877
206296,R@100,1.0
206309,nDCG@10,0.5
206309,R@100,1.0
20631,nDCG@10,1.0
20631,R@100,1.0
206397,nDCG@10,1.0
206397,R@100,1.0
206458,nDCG@10,0.0
206458,R@100,1.0
20654,nDCG@10,1.0
20654,R@100,1.0
20661,nDCG@10,0.7328286204777911
20661,R@100,1.0
206665,nDCG@10,0.0
206665,R@100,0.0
206713,nDCG@10,1.0
206713,R@100,1.0
206727,nDCG@10,1.0
206727,R@100,1.0
206745,nDCG@10,0.3562071871080222
206745,R@100,1.0
206775,nDCG@10,1.0
206775,R@100,1.0
206785,nDCG@10,0.5012658353418871
206785,R@100,1.0
206826,nDCG@10,1.0
206826,R@100,1.0
206835,nDCG@10,1.0
206835,R@100,1.0
206839,nDCG@10,1.0
206839,R@100,1.0
206852,nDCG@10,0.43067655807339306
206852,R@100,1.0
206889,nDCG@10,0.6309297535714575
206889,R@100,1.0
206904,nDCG@10,1.0
206904,R@100,1.0
206920,nDCG@10,0.5249810332008933
206920,R@100,1.0
20693,nDCG@10,0.43067655807339306
20693,R@100,1.0
206968,nDCG@10,1.0
206968,R@100,1.0
206991,nDCG@10,1.0
206991,R@100,1.0
206995,nDCG@10,1.0
206995,R@100,1.0
207003,nDCG@10,1.0
207003,R@100,1.0
207021,nDCG@10,0.5249810332008933
207021,R@100,1.0
207063,nDCG@10,0.3333333333333333
207063,R@100,1.0
207146,nDCG@10,0.9438661545147249
207146,R@100,1.0
207206,nDCG@10,0.2856436410275446
207206,R@100,1.0
207220,nDCG@10,0.43067655807339306
207220,R@100,1.0
207229,nDCG@10,0.21398626473452756
207229,R@100,0.4
207248,nDCG@10,0.0
207248,R@100,0.16666666666666666
207272,nDCG@10,0.0
207272,R@100,1.0
207317,nDCG@10,0.40298313359773236
207317,R@100,1.0
207342,nDCG@10,0.6052602440527057
207342,R@100,1.0
207464,nDCG@10,1.0
207464,R@100,1.0
207511,nDCG@10,0.0
207511,R@100,1.0
207523,nDCG@10,1.0
207523,R@100,1.0
207531,nDCG@10,1.0
207531,R@100,1.0
207550,nDCG@10,0.3379680345449381
207550,R@100,1.0
207598,nDCG@10,1.0
207598,R@100,1.0
20762,nDCG@10,0.9469024295259745
20762,R@100,1.0
207621,nDCG@10,1.0
207621,R@100,1.0
207627,nDCG@10,1.0
207627,R@100,1.0
207678,nDCG@10,1.0
207678,R@100,1.0
207813,nDCG@10,0.5
207813,R@100,1.0
207851,nDCG@10,0.6052602440527057
207851,R@100,1.0
207884,nDCG@10,1.0
207884,R@100,1.0
207904,nDCG@10,0.5012658353418871
207904,R@100,1.0
208067,nDCG@10,1.0
208067,R@100,1.0
208312,nDCG@10,0.0
208312,R@100,1.0
208340,nDCG@10,1.0
208340,R@100,1.0
20843,nDCG@10,0.9197207891481876
20843,R@100,1.0
208463,nDCG@10,1.0
208463,R@100,1.0
208526,nDCG@10,1.0
208526,R@100,1.0
208555,nDCG@10,0.38685280723454163
208555,R@100,1.0
208573,nDCG@10,1.0
208573,R@100,1.0
208599,nDCG@10,1.0
208599,R@100,1.0
208673,nDCG@10,1.0
208673,R@100,1.0
208684,nDCG@10,0.38685280723454163
208684,R@100,1.0
208789,nDCG@10,0.0
208789,R@100,1.0
20879,nDCG@10,1.0
20879,R@100,1.0
208885,nDCG@10,1.0
208885,R@100,1.0
20894,nDCG@10,1.0
20894,R@100,1.0
209021,nDCG@10,1.0
209021,R@100,1.0
209040,nDCG@10,0.43734888382569426
209040,R@100,1.0
209077,nDCG@10,1.0
209077,R@100,1.0
209133,nDCG@10,0.43067655807339306
209133,R@100,1.0
209161,nDCG@10,1.0
209161,R@100,1.0
209319,nDCG@10,1.0
209319,R@100,1.0
209340,nDCG@10,0.0
209340,R@100,1.0
209423,nDCG@10,1.0
209423,R@100,1.0
209485,nDCG@10,1.0
209485,R@100,1.0
209563,nDCG@10,0.6131471927654584
209563,R@100,1.0
209573,nDCG@10,1.0
209573,R@100,1.0
2096,nDCG@10,0.3562071871080222
2096,R@100,1.0
209619,nDCG@10,0.6309297535714575
209619,R@100,1.0
209634,nDCG@10,1.0
209634,R@100,1.0
209722,nDCG@10,1.0
209722,R@100,1.0
209789,nDCG@10,0.0
209789,R@100,0.0
209858,nDCG@10,0.18457569677956817
209858,R@100,1.0
209866,nDCG@10,0.0
209866,R@100,1.0
209881,nDCG@10,1.0
209881,R@100,1.0
210029,nDCG@10,0.6309297535714575
210029,R@100,1.0
210046,nDCG@10,1.0
210046,R@100,1.0
210053,nDCG@10,1.0
210053,R@100,1.0
210089,nDCG@10,0.430624116386567
210089,R@100,1.0
210099,nDCG@10,1.0
210099,R@100,1.0
2101,nDCG@10,1.0
2101,R@100,1.0
210108,nDCG@10,1.0
210108,R@100,1.0
210205,nDCG@10,1.0
210205,R@100,1.0
210210,nDCG@10,1.0
210210,R@100,1.0
210340,nDCG@10,0.0
210340,R@100,0.0
210511,nDCG@10,1.0
210511,R@100,1.0
210526,nDCG@10,0.3562071871080222
210526,R@100,1.0
21054,nDCG@10,1.0
21054,R@100,1.0
210578,nDCG@10,1.0
210578,R@100,1.0
210602,nDCG@10,1.0
210602,R@100,1.0
210614,nDCG@10,1.0
210614,R@100,1.0
210702,nDCG@10,1.0
210702,R@100,1.0
210797,nDCG@10,0.6309297535714575
210797,R@100,1.0
21087,nDCG@10,0.6309297535714575
21087,R@100,1.0
210936,nDCG@10,1.0
210936,R@100,1.0
21100,nDCG@10,1.0
21100,R@100,1.0
211057,nDCG@10,0.6131471927654584
211057,R@100,1.0
211068,nDCG@10,1.0
211068,R@100,1.0
211136,nDCG@10,1.0
211136,R@100,1.0
211137,nDCG@10,0.23719771276929622
211137,R@100,1.0
211276,nDCG@10,0.0
211276,R@100,0.0
211317,nDCG@10,1.0
211317,R@100,1.0
211446,nDCG@10,1.0
211446,R@100,1.0
211521,nDCG@10,0.0
211521,R@100,1.0
211536,nDCG@10,1.0
211536,R@100,1.0
211542,nDCG@10,1.0
211542,R@100,1.0
211624,nDCG@10,0.0
211624,R@100,1.0
211659,nDCG@10,1.0
211659,R@100,1.0
211662,nDCG@10,1.0
211662,R@100,1.0
211705,nDCG@10,1.0
211705,R@100,1.0
211709,nDCG@10,1.0
211709,R@100,1.0
211768,nDCG@10,1.0
211768,R@100,1.0
211799,nDCG@10,1.0
211799,R@100,1.0
211842,nDCG@10,1.0
211842,R@100,1.0
211861,nDCG@10,1.0
211861,R@100,1.0
211961,nDCG@10,1.0
211961,R@100,1.0
211975,nDCG@10,1.0
211975,R@100,1.0
212103,nDCG@10,1.0
212103,R@100,1.0
212261,nDCG@10,0.0
212261,R@100,0.0
212285,nDCG@10,0.6309297535714575
212285,R@100,1.0
212306,nDCG@10,0.31546487678572877
212306,R@100,1.0
212392,nDCG@10,1.0
212392,R@100,1.0
212477,nDCG@10,1.0
212477,R@100,1.0
212523,nDCG@10,1.0
212523,R@100,1.0
212561,nDCG@10,1.0
212561,R@100,1.0
212577,nDCG@10,0.38685280723454163
212577,R@100,1.0
212609,nDCG@10,1.0
212609,R@100,1.0
212610,nDCG@10,1.0
212610,R@100,1.0
212619,nDCG@10,0.43067655807339306
212619,R@100,1.0
212687,nDCG@10,1.0
212687,R@100,1.0
212708,nDCG@10,0.3333333333333333
212708,R@100,1.0
212710,nDCG@10,0.6309297535714575
212710,R@100,1.0
212726,nDCG@10,0.0
212726,R@100,1.0
212735,nDCG@10,0.0
212735,R@100,0.1111111111111111
212753,nDCG@10,0.9197207891481876
212753,R@100,1.0
212758,nDCG@10,1.0
212758,R@100,1.0
212880,nDCG@10,0.0
212880,R@100,0.2857142857142857
212925,nDCG@10,1.0
212925,R@100,1.0
212979,nDCG@10,0.6713860725233041
212979,R@100,0.6666666666666666
213006,nDCG@10,0.6309297535714575
213006,R@100,1.0
213040,nDCG@10,0.6934264036172708
213040,R@100,1.0
213113,nDCG@10,1.0
213113,R@100,1.0
213176,nDCG@10,0.46927872602275644
213176,R@100,1.0
213268,nDCG@10,1.0
213268,R@100,1.0
213292,nDCG@10,1.0
213292,R@100,1.0
213311,nDCG@10,0.5249810332008933
213311,R@100,1.0
213337,nDCG@10,1.0
213337,R@100,1.0
213410,nDCG@10,0.5
213410,R@100,1.0
213438,nDCG@10,0.6309297535714575
213438,R@100,1.0
213534,nDCG@10,1.0
213534,R@100,1.0
213550,nDCG@10,1.0
213550,R@100,1.0
213673,nDCG@10,1.0
213673,R@100,1.0
213723,nDCG@10,0.5
213723,R@100,1.0
213730,nDCG@10,0.2890648263178879
213730,R@100,1.0
213756,nDCG@10,1.0
213756,R@100,1.0
213767,nDCG@10,1.0
213767,R@100,1.0
213787,nDCG@10,0.38685280723454163
213787,R@100,1.0
213789,nDCG@10,1.0
213789,R@100,1.0
213882,nDCG@10,1.0
213882,R@100,1.0
213926,nDCG@10,0.0
213926,R@100,0.0
213927,nDCG@10,0.0
213927,R@100,0.0
213934,nDCG@10,1.0
213934,R@100,1.0
214067,nDCG@10,0.3010299956639812
214067,R@100,1.0
21407,nDCG@10,0.6309297535714575
21407,R@100,1.0
214081,nDCG@10,1.0
214081,R@100,1.0
214107,nDCG@10,0.43067655807339306
214107,R@100,1.0
214187,nDCG@10,0.0
214187,R@100,0.0
214202,nDCG@10,1.0
214202,R@100,1.0
214217,nDCG@10,0.9674679834891693
214217,R@100,1.0
214219,nDCG@10,0.5375449618872555
214219,R@100,1.0
214255,nDCG@10,1.0
214255,R@100,1.0
214376,nDCG@10,0.6005491084563833
214376,R@100,1.0
214447,nDCG@10,0.6309297535714575
214447,R@100,1.0
214463,nDCG@10,1.0
214463,R@100,1.0
214499,nDCG@10,0.6309297535714575
214499,R@100,1.0
214533,nDCG@10,1.0
214533,R@100,1.0
214614,nDCG@10,0.9197207891481876
214614,R@100,1.0
214647,nDCG@10,1.0
214647,R@100,1.0
214719,nDCG@10,1.0
214719,R@100,1.0
214735,nDCG@10,1.0
214735,R@100,1.0
214849,nDCG@10,1.0
214849,R@100,1.0
214864,nDCG@10,0.5
214864,R@100,1.0
214870,nDCG@10,0.6131471927654584
214870,R@100,0.5
214889,nDCG@10,1.0
214889,R@100,1.0
214962,nDCG@10,1.0
214962,R@100,1.0
214968,nDCG@10,0.5012658353418871
214968,R@100,1.0
215005,nDCG@10,1.0
215005,R@100,1.0
215144,nDCG@10,1.0
215144,R@100,1.0
215259,nDCG@10,0.38685280723454163
215259,R@100,1.0
215306,nDCG@10,0.3333333333333333
215306,R@100,1.0
215332,nDCG@10,1.0
215332,R@100,1.0
215395,nDCG@10,1.0
215395,R@100,1.0
215465,nDCG@10,1.0
215465,R@100,1.0
215506,nDCG@10,0.6934264036172708
215506,R@100,1.0
215539,nDCG@10,1.0
215539,R@100,1.0
215627,nDCG@10,0.36331756126716835
215627,R@100,1.0
215681,nDCG@10,0.0
215681,R@100,0.0
215771,nDCG@10,1.0
215771,R@100,1.0
215805,nDCG@10,0.41966500663677697
215805,R@100,1.0
215832,nDCG@10,1.0
215832,R@100,1.0
215874,nDCG@10,1.0
215874,R@100,1.0
215966,nDCG@10,0.40298313359773236
215966,R@100,1.0
21605,nDCG@10,0.6309297535714575
21605,R@100,1.0
216110,nDCG@10,0.6934264036172708
216110,R@100,1.0
216125,nDCG@10,1.0
216125,R@100,1.0
216174,nDCG@10,1.0
216174,R@100,1.0
216183,nDCG@10,1.0
216183,R@100,1.0
216287,nDCG@10,0.5706417189553201
216287,R@100,1.0
216313,nDCG@10,1.0
216313,R@100,1.0
216484,nDCG@10,0.6309297535714575
216484,R@100,1.0
216489,nDCG@10,1.0
216489,R@100,1.0
21670,nDCG@10,0.38685280723454163
21670,R@100,1.0
216769,nDCG@10,0.6934264036172708
216769,R@100,1.0
21684,nDCG@10,1.0
21684,R@100,1.0
216893,nDCG@10,1.0
216893,R@100,1.0
216922,nDCG@10,1.0
216922,R@100,1.0
216960,nDCG@10,1.0
216960,R@100,1.0
217062,nDCG@10,0.0
217062,R@100,0.75
217074,nDCG@10,1.0
217074,R@100,1.0
21708,nDCG@10,1.0
21708,R@100,1.0
217135,nDCG@10,1.0
217135,R@100,1.0
217147,nDCG@10,1.0
217147,R@100,1.0
217156,nDCG@10,0.3562071871080222
217156,R@100,1.0
217239,nDCG@10,1.0
217239,R@100,1.0
217347,nDCG@10,0.6309297535714575
217347,R@100,1.0
217373,nDCG@10,0.2890648263178879
217373,R@100,1.0
217458,nDCG@10,0.0
217458,R@100,1.0
21748,nDCG@10,1.0
21748,R@100,1.0
217484,nDCG@10,1.0
217484,R@100,1.0
217521,nDCG@10,0.0
217521,R@100,0.0
217540,nDCG@10,0.0
217540,R@100,1.0
217571,nDCG@10,1.0
217571,R@100,1.0
217657,nDCG@10,1.0
217657,R@100,1.0
217667,nDCG@10,1.0
217667,R@100,1.0
217771,nDCG@10,1.0
217771,R@100,1.0
217893,nDCG@10,0.43067655807339306
217893,R@100,1.0
217974,nDCG@10,1.0
217974,R@100,1.0
218055,nDCG@10,1.0
218055,R@100,1.0
218057,nDCG@10,0.38685280723454163
218057,R@100,1.0
21808,nDCG@10,0.43067655807339306
21808,R@100,1.0
218142,nDCG@10,1.0
218142,R@100,1.0
218164,nDCG@10,1.0
218164,R@100,1.0
218189,nDCG@10,0.6309297535714575
218189,R@100,1.0
218230,nDCG@10,0.0
218230,R@100,1.0
218244,nDCG@10,1.0
218244,R@100,1.0
21826,nDCG@10,1.0
21826,R@100,1.0
218269,nDCG@10,1.0
218269,R@100,1.0
218271,nDCG@10,0.0
218271,R@100,1.0
218332,nDCG@10,0.4703652827859579
218332,R@100,0.8
218412,nDCG@10,1.0
218412,R@100,1.0
218419,nDCG@10,0.43067655807339306
218419,R@100,1.0
218424,nDCG@10,0.8772153153380493
218424,R@100,1.0
218479,nDCG@10,1.0
218479,R@100,1.0
218515,nDCG@10,1.0
218515,R@100,1.0
218687,nDCG@10,0.5
218687,R@100,1.0
218691,nDCG@10,0.43067655807339306
218691,R@100,1.0
218703,nDCG@10,1.0
218703,R@100,1.0
218714,nDCG@10,1.0
218714,R@100,1.0
218719,nDCG@10,1.0
218719,R@100,1.0
218731,nDCG@10,0.3562071871080222
218731,R@100,1.0
218794,nDCG@10,0.0
218794,R@100,0.4
218920,nDCG@10,0.0
218920,R@100,0.0
218921,nDCG@10,1.0
218921,R@100,1.0
219113,nDCG@10,1.0
219113,R@100,1.0
219159,nDCG@10,0.9197207891481876
219159,R@100,1.0
219205,nDCG@10,0.06794340091829075
219205,R@100,0.7777777777777778
219277,nDCG@10,0.8772153153380493
219277,R@100,1.0
219341,nDCG@10,1.0
219341,R@100,1.0
219353,nDCG@10,0.9197207891481876
219353,R@100,1.0
219380,nDCG@10,0.6309297535714575
219380,R@100,1.0
21944,nDCG@10,1.0
21944,R@100,1.0
219471,nDCG@10,0.38685280723454163
219471,R@100,1.0
219503,nDCG@10,0.38685280723454163
219503,R@100,1.0
219560,nDCG@10,0.6131471927654584
219560,R@100,1.0
219565,nDCG@10,1.0
219565,R@100,1.0
219596,nDCG@10,0.6934264036172708
219596,R@100,1.0
219634,nDCG@10,1.0
219634,R@100,1.0
219655,nDCG@10,1.0
219655,R@100,1.0
219726,nDCG@10,1.0
219726,R@100,1.0
219730,nDCG@10,0.6309297535714575
219730,R@100,1.0
219805,nDCG@10,0.9197207891481876
219805,R@100,1.0
219815,nDCG@10,0.0
219815,R@100,0.0
219818,nDCG@10,0.0
219818,R@100,1.0
219861,nDCG@10,0.5482507327637915
219861,R@100,0.6
219929,nDCG@10,1.0
219929,R@100,1.0
219965,nDCG@10,0.13743816645714543
219965,R@100,0.2857142857142857
220038,nDCG@10,1.0
220038,R@100,1.0
220260,nDCG@10,1.0
220260,R@100,1.0
220301,nDCG@10,0.0
220301,R@100,1.0
220303,nDCG@10,1.0
220303,R@100,1.0
220315,nDCG@10,0.6309297535714575
220315,R@100,1.0
22048,nDCG@10,1.0
22048,R@100,1.0
220523,nDCG@10,0.6309297535714575
220523,R@100,1.0
220566,nDCG@10,1.0
220566,R@100,1.0
220588,nDCG@10,0.6131471927654584
220588,R@100,1.0
220644,nDCG@10,0.6309297535714575
220644,R@100,1.0
220854,nDCG@10,1.0
220854,R@100,1.0
220902,nDCG@10,1.0
220902,R@100,1.0
221122,nDCG@10,0.6934264036172708
221122,R@100,1.0
221225,nDCG@10,0.38685280723454163
221225,R@100,0.5
221230,nDCG@10,1.0
221230,R@100,1.0
221332,nDCG@10,1.0
221332,R@100,1.0
221403,nDCG@10,1.0
221403,R@100,1.0
221559,nDCG@10,0.5
221559,R@100,1.0
221686,nDCG@10,1.0
221686,R@100,1.0
221700,nDCG@10,1.0
221700,R@100,1.0
221714,nDCG@10,0.3065735963827292
221714,R@100,0.5
221737,nDCG@10,1.0
221737,R@100,1.0
221744,nDCG@10,1.0
221744,R@100,1.0
22177,nDCG@10,1.0
22177,R@100,1.0
221775,nDCG@10,0.43067655807339306
221775,R@100,1.0
22178,nDCG@10,1.0
22178,R@100,1.0
221886,nDCG@10,0.6309297535714575
221886,R@100,1.0
221931,nDCG@10,1.0
221931,R@100,1.0
221935,nDCG@10,1.0
221935,R@100,1.0
222005,nDCG@10,1.0
222005,R@100,1.0
222092,nDCG@10,0.0
222092,R@100,1.0
222168,nDCG@10,0.09092803061897883
222168,R@100,0.1111111111111111
222172,nDCG@10,1.0
222172,R@100,1.0
222410,nDCG@10,0.0
222410,R@100,1.0
222413,nDCG@10,0.0
222413,R@100,0.5
22247,nDCG@10,0.5
22247,R@100,1.0
222476,nDCG@10,1.0
222476,R@100,1.0
222515,nDCG@10,0.0
222515,R@100,1.0
222556,nDCG@10,1.0
222556,R@100,1.0
22260,nDCG@10,0.13012668333070054
22260,R@100,0.5
222640,nDCG@10,0.5543110021543998
222640,R@100,1.0
222767,nDCG@10,0.6309297535714575
222767,R@100,1.0
222804,nDCG@10,0.43067655807339306
222804,R@100,1.0
222838,nDCG@10,0.8175295903539445
222838,R@100,1.0
222887,nDCG@10,0.43067655807339306
222887,R@100,1.0
222944,nDCG@10,1.0
222944,R@100,1.0
223002,nDCG@10,0.6309297535714575
223002,R@100,1.0
223038,nDCG@10,0.6309297535714575
223038,R@100,1.0
223114,nDCG@10,1.0
223114,R@100,1.0
223123,nDCG@10,1.0
223123,R@100,1.0
223145,nDCG@10,1.0
223145,R@100,1.0
22320,nDCG@10,1.0
22320,R@100,1.0
223374,nDCG@10,1.0
223374,R@100,1.0
22340,nDCG@10,0.18154179253735267
22340,R@100,0.3333333333333333
223501,nDCG@10,1.0
223501,R@100,1.0
223564,nDCG@10,0.6309297535714575
223564,R@100,1.0
223666,nDCG@10,1.0
223666,R@100,1.0
223836,nDCG@10,1.0
223836,R@100,1.0
22386,nDCG@10,0.6720873970026143
22386,R@100,1.0
223875,nDCG@10,0.7640814291585591
223875,R@100,0.8571428571428571
223887,nDCG@10,1.0
223887,R@100,1.0
223934,nDCG@10,0.4911492931622974
223934,R@100,1.0
223943,nDCG@10,1.0
223943,R@100,1.0
224091,nDCG@10,0.38685280723454163
224091,R@100,1.0
224120,nDCG@10,0.8503449055347546
224120,R@100,1.0
224177,nDCG@10,1.0
224177,R@100,1.0
224227,nDCG@10,0.17723928678404774
224227,R@100,0.5
224310,nDCG@10,1.0
224310,R@100,1.0
224336,nDCG@10,0.5
224336,R@100,1.0
224339,nDCG@10,1.0
224339,R@100,1.0
224346,nDCG@10,1.0
224346,R@100,1.0
224430,nDCG@10,1.0
224430,R@100,1.0
224563,nDCG@10,1.0
224563,R@100,1.0
224593,nDCG@10,1.0
224593,R@100,1.0
224888,nDCG@10,0.6309297535714575
224888,R@100,1.0
224945,nDCG@10,1.0
224945,R@100,1.0
224973,nDCG@10,1.0
224973,R@100,1.0
225005,nDCG@10,0.6309297535714575
225005,R@100,1.0
225023,nDCG@10,0.40179981797758046
225023,R@100,0.6666666666666666
225060,nDCG@10,0.38685280723454163
225060,R@100,1.0
225063,nDCG@10,1.0
225063,R@100,1.0
225162,nDCG@10,1.0
225162,R@100,1.0
225209,nDCG@10,0.31546487678572877
225209,R@100,1.0
225241,nDCG@10,1.0
225241,R@100,1.0
22530,nDCG@10,0.0
22530,R@100,0.0
225305,nDCG@10,1.0
225305,R@100,1.0
225378,nDCG@10,1.0
225378,R@100,1.0
225387,nDCG@10,1.0
225387,R@100,1.0
225516,nDCG@10,0.8315546295836225
225516,R@100,1.0
225570,nDCG@10,0.38685280723454163
225570,R@100,1.0
225587,nDCG@10,1.0
225587,R@100,1.0
225598,nDCG@10,1.0
225598,R@100,1.0
225639,nDCG@10,1.0
225639,R@100,1.0
225702,nDCG@10,0.31546487678572877
225702,R@100,1.0
225725,nDCG@10,1.0
225725,R@100,1.0
22573,nDCG@10,1.0
22573,R@100,1.0
225735,nDCG@10,1.0
225735,R@100,1.0
225741,nDCG@10,0.43067655807339306
225741,R@100,1.0
225792,nDCG@10,0.23719771276929622
225792,R@100,1.0
225795,nDCG@10,1.0
225795,R@100,1.0
225806,nDCG@10,1.0
225806,R@100,1.0
225811,nDCG@10,0.7859363362324141
225811,R@100,1.0
225817,nDCG@10,0.6309297535714575
225817,R@100,1.0
22586,nDCG@10,1.0
22586,R@100,1.0
225871,nDCG@10,0.6309297535714575
225871,R@100,1.0
225879,nDCG@10,0.6309297535714575
225879,R@100,1.0
225894,nDCG@10,0.23463936301137822
225894,R@100,1.0
225898,nDCG@10,0.9469024295259745
225898,R@100,1.0
225911,nDCG@10,1.0
225911,R@100,1.0
22601,nDCG@10,0.7122630665145961
22601,R@100,1.0
226036,nDCG@10,1.0
226036,R@100,1.0
226137,nDCG@10,1.0
226137,R@100,1.0
226233,nDCG@10,0.8772153153380493
226233,R@100,1.0
226316,nDCG@10,1.0
226316,R@100,1.0
226365,nDCG@10,0.5012658353418871
226365,R@100,1.0
226537,nDCG@10,0.15101961822780524
226537,R@100,0.75
226554,nDCG@10,1.0
226554,R@100,1.0
226555,nDCG@10,0.5
226555,R@100,1.0
226589,nDCG@10,0.3010299956639812
226589,R@100,1.0
2267,nDCG@10,1.0
2267,R@100,1.0
226724,nDCG@10,0.0
226724,R@100,0.0
226730,nDCG@10,0.43067655807339306
226730,R@100,1.0
226804,nDCG@10,1.0
226804,R@100,1.0
22693,nDCG@10,0.3010299956639812
22693,R@100,1.0
226950,nDCG@10,0.6309297535714575
226950,R@100,1.0
227072,nDCG@10,0.5
227072,R@100,1.0
227080,nDCG@10,0.3333333333333333
227080,R@100,1.0
227113,nDCG@10,1.0
227113,R@100,1.0
227130,nDCG@10,0.0
227130,R@100,1.0
227254,nDCG@10,1.0
227254,R@100,1.0
227262,nDCG@10,0.21398626473452756
227262,R@100,0.8
227266,nDCG@10,1.0
227266,R@100,1.0
227299,nDCG@10,1.0
227299,R@100,1.0
227306,nDCG@10,1.0
227306,R@100,1.0
227317,nDCG@10,1.0
227317,R@100,1.0
227386,nDCG@10,1.0
227386,R@100,1.0
227410,nDCG@10,0.8318724637288826
227410,R@100,0.75
227415,nDCG@10,0.6309297535714575
227415,R@100,1.0
227450,nDCG@10,1.0
227450,R@100,1.0
227519,nDCG@10,1.0
227519,R@100,1.0
227576,nDCG@10,1.0
227576,R@100,1.0
2276,nDCG@10,0.19342640361727081
2276,R@100,1.0
227602,nDCG@10,1.0
227602,R@100,1.0
22761,nDCG@10,1.0
22761,R@100,1.0
22783,nDCG@10,0.6309297535714575
22783,R@100,1.0
227986,nDCG@10,1.0
227986,R@100,1.0
228021,nDCG@10,0.6309297535714575
228021,R@100,1.0
22806,nDCG@10,1.0
22806,R@100,1.0
22815,nDCG@10,1.0
22815,R@100,1.0
228345,nDCG@10,0.0
228345,R@100,1.0
228379,nDCG@10,1.0
228379,R@100,1.0
228387,nDCG@10,1.0
228387,R@100,1.0
228452,nDCG@10,0.867043684838194
228452,R@100,1.0
228458,nDCG@10,0.6309297535714575
228458,R@100,1.0
228488,nDCG@10,0.0
228488,R@100,0.0
228498,nDCG@10,1.0
228498,R@100,1.0
22851,nDCG@10,1.0
22851,R@100,1.0
228564,nDCG@10,0.16812753627111746
228564,R@100,1.0
228572,nDCG@10,1.0
228572,R@100,1.0
228616,nDCG@10,1.0
228616,R@100,1.0
228639,nDCG@10,0.6309297535714575
228639,R@100,1.0
228725,nDCG@10,0.0
228725,R@100,1.0
228845,nDCG@10,0.6509209298071326
228845,R@100,1.0
228852,nDCG@10,1.0
228852,R@100,1.0
228861,nDCG@10,1.0
228861,R@100,1.0
228905,nDCG@10,0.0
228905,R@100,1.0
228924,nDCG@10,1.0
228924,R@100,1.0
228927,nDCG@10,0.5012658353418871
228927,R@100,1.0
228947,nDCG@10,1.0
228947,R@100,1.0
229013,nDCG@10,1.0
229013,R@100,1.0
229038,nDCG@10,1.0
229038,R@100,1.0
229067,nDCG@10,0.0
229067,R@100,0.0
229073,nDCG@10,0.6934264036172708
229073,R@100,1.0
229209,nDCG@10,0.6309297535714575
229209,R@100,1.0
22924,nDCG@10,1.0
22924,R@100,1.0
229262,nDCG@10,1.0
229262,R@100,1.0
229265,nDCG@10,0.38685280723454163
229265,R@100,1.0
229278,nDCG@10,1.0
229278,R@100,1.0
229281,nDCG@10,1.0
229281,R@100,1.0
229321,nDCG@10,0.9197207891481876
229321,R@100,1.0
229336,nDCG@10,0.0
229336,R@100,0.0
229383,nDCG@10,1.0
229383,R@100,1.0
229444,nDCG@10,0.43067655807339306
229444,R@100,1.0
229462,nDCG@10,0.2890648263178879
229462,R@100,1.0
229473,nDCG@10,0.9438661545147249
229473,R@100,1.0
229589,nDCG@10,1.0
229589,R@100,1.0
229642,nDCG@10,0.0
229642,R@100,1.0
229684,nDCG@10,0.46927872602275644
229684,R@100,0.6666666666666666
229751,nDCG@10,0.0
229751,R@100,1.0
229774,nDCG@10,0.0
229774,R@100,1.0
229792,nDCG@10,1.0
229792,R@100,1.0
229800,nDCG@10,1.0
229800,R@100,1.0
22983,nDCG@10,1.0
22983,R@100,1.0
229830,nDCG@10,1.0
229830,R@100,1.0
229932,nDCG@10,1.0
229932,R@100,1.0
22994,nDCG@10,1.0
22994,R@100,1.0
229942,nDCG@10,1.0
229942,R@100,1.0
229951,nDCG@10,1.0
229951,R@100,1.0
229975,nDCG@10,1.0
229975,R@100,1.0
23000,nDCG@10,1.0
23000,R@100,1.0
230012,nDCG@10,1.0
230012,R@100,1.0
230029,nDCG@10,1.0
230029,R@100,1.0
230044,nDCG@10,0.55744812840856
230044,R@100,1.0
230089,nDCG@10,0.6309297535714575
230089,R@100,1.0
23014,nDCG@10,0.7720617383222417
23014,R@100,0.8823529411764706
230190,nDCG@10,0.8315546295836225
230190,R@100,1.0
230195,nDCG@10,1.0
230195,R@100,1.0
230331,nDCG@10,1.0
230331,R@100,1.0
230407,nDCG@10,1.0
230407,R@100,1.0
230457,nDCG@10,1.0
230457,R@100,1.0
230494,nDCG@10,1.0
230494,R@100,1.0
230560,nDCG@10,1.0
230560,R@100,1.0
230569,nDCG@10,1.0
230569,R@100,1.0
230575,nDCG@10,1.0
230575,R@100,1.0
230706,nDCG@10,1.0
230706,R@100,1.0
230739,nDCG@10,1.0
230739,R@100,1.0
230777,nDCG@10,1.0
230777,R@100,1.0
230855,nDCG@10,1.0
230855,R@100,1.0
2309,nDCG@10,1.0
2309,R@100,1.0
230943,nDCG@10,1.0
230943,R@100,1.0
230955,nDCG@10,0.6509209298071326
230955,R@100,1.0
230962,nDCG@10,1.0
230962,R@100,1.0
23100,nDCG@10,0.48381288316677695
23100,R@100,1.0
23101,nDCG@10,0.0
23101,R@100,0.6666666666666666
231034,nDCG@10,0.8175295903539445
231034,R@100,1.0
231102,nDCG@10,0.5
231102,R@100,1.0
231151,nDCG@10,0.3562071871080222
231151,R@100,1.0
231249,nDCG@10,1.0
231249,R@100,1.0
231278,nDCG@10,1.0
231278,R@100,1.0
231322,nDCG@10,0.6131471927654584
231322,R@100,1.0
231733,nDCG@10,1.0
231733,R@100,1.0
231801,nDCG@10,0.0
231801,R@100,1.0
231843,nDCG@10,0.7114533439819829
231843,R@100,0.8333333333333334
231848,nDCG@10,1.0
231848,R@100,1.0
232051,nDCG@10,1.0
232051,R@100,1.0
232084,nDCG@10,1.0
232084,R@100,1.0
232110,nDCG@10,1.0
232110,R@100,1.0
232166,nDCG@10,0.6309297535714575
232166,R@100,1.0
23224,nDCG@10,1.0
23224,R@100,1.0
232249,nDCG@10,0.0
232249,R@100,1.0
232317,nDCG@10,1.0
232317,R@100,1.0
232353,nDCG@10,0.0
232353,R@100,1.0
232393,nDCG@10,0.15642624200758548
232393,R@100,1.0
232501,nDCG@10,1.0
232501,R@100,1.0
232525,nDCG@10,1.0
232525,R@100,1.0
23253,nDCG@10,0.8927537907700456
23253,R@100,1.0
232643,nDCG@10,0.36331756126716835
232643,R@100,1.0
23269,nDCG@10,0.0
23269,R@100,0.75
233004,nDCG@10,1.0
233004,R@100,1.0
233040,nDCG@10,1.0
233040,R@100,1.0
233075,nDCG@10,0.8065735963827293
233075,R@100,1.0
233077,nDCG@10,1.0
233077,R@100,1.0
233086,nDCG@10,0.0
233086,R@100,0.0
233257,nDCG@10,0.5
233257,R@100,1.0
233261,nDCG@10,1.0
233261,R@100,1.0
233273,nDCG@10,0.43067655807339306
233273,R@100,1.0
233332,nDCG@10,1.0
233332,R@100,1.0
233390,nDCG@10,0.6309297535714575
233390,R@100,1.0
233443,nDCG@10,1.0
233443,R@100,1.0
233584,nDCG@10,1.0
233584,R@100,1.0
233745,nDCG@10,0.0
233745,R@100,0.0
233752,nDCG@10,1.0
233752,R@100,1.0
233841,nDCG@10,0.0
233841,R@100,1.0
233895,nDCG@10,1.0
233895,R@100,1.0
233910,nDCG@10,0.0
233910,R@100,1.0
23399,nDCG@10,1.0
23399,R@100,1.0
234255,nDCG@10,1.0
234255,R@100,1.0
234257,nDCG@10,0.644824486427155
234257,R@100,0.8333333333333334
234291,nDCG@10,0.0
234291,R@100,1.0
234342,nDCG@10,1.0
234342,R@100,1.0
234372,nDCG@10,0.10699313236726378
234372,R@100,0.8
234565,nDCG@10,0.6309297535714575
234565,R@100,1.0
234566,nDCG@10,0.49055949973859936
234566,R@100,1.0
234619,nDCG@10,1.0
234619,R@100,1.0
23469,nDCG@10,0.6309297535714575
23469,R@100,1.0
234861,nDCG@10,0.7227265726449519
234861,R@100,0.6
234945,nDCG@10,0.8772153153380493
234945,R@100,1.0
234996,nDCG@10,0.0
234996,R@100,0.0
23502,nDCG@10,1.0
23502,R@100,1.0
235087,nDCG@10,1.0
235087,R@100,1.0
235092,nDCG@10,0.43067655807339306
235092,R@100,1.0
235097,nDCG@10,1.0
235097,R@100,1.0
235113,nDCG@10,0.0
235113,R@100,1.0
235153,nDCG@10,1.0
235153,R@100,1.0
235205,nDCG@10,0.6131471927654584
235205,R@100,0.5
235287,nDCG@10,0.6309297535714575
235287,R@100,1.0
235394,nDCG@10,0.6309297535714575
235394,R@100,1.0
235416,nDCG@10,1.0
235416,R@100,1.0
235429,nDCG@10,1.0
235429,R@100,1.0
235505,nDCG@10,0.6309297535714575
235505,R@100,1.0
235678,nDCG@10,1.0
235678,R@100,1.0
235683,nDCG@10,1.0
235683,R@100,1.0
235804,nDCG@10,0.0
235804,R@100,1.0
235809,nDCG@10,0.31546487678572877
235809,R@100,1.0
235823,nDCG@10,1.0
235823,R@100,1.0
235831,nDCG@10,0.3562071871080222
235831,R@100,1.0
235834,nDCG@10,0.0
235834,R@100,1.0
235848,nDCG@10,1.0
235848,R@100,1.0
23585,nDCG@10,0.0
23585,R@100,1.0
235944,nDCG@10,0.43067655807339306
235944,R@100,1.0
236039,nDCG@10,1.0
236039,R@100,1.0
236047,nDCG@10,0.123151194370365
236047,R@100,1.0
236071,nDCG@10,1.0
236071,R@100,1.0
23612,nDCG@10,0.6131471927654584
23612,R@100,1.0
236139,nDCG@10,1.0
236139,R@100,1.0
236206,nDCG@10,0.0
236206,R@100,1.0
236225,nDCG@10,1.0
236225,R@100,1.0
236235,nDCG@10,0.5437713091520254
236235,R@100,1.0
236278,nDCG@10,1.0
236278,R@100,1.0
236314,nDCG@10,1.0
236314,R@100,1.0
23633,nDCG@10,1.0
23633,R@100,1.0
236350,nDCG@10,1.0
236350,R@100,1.0
236439,nDCG@10,1.0
236439,R@100,1.0
236489,nDCG@10,0.6309297535714575
236489,R@100,1.0
236528,nDCG@10,0.5
236528,R@100,1.0
236616,nDCG@10,1.0
236616,R@100,1.0
236760,nDCG@10,1.0
236760,R@100,1.0
236766,nDCG@10,1.0
236766,R@100,1.0
236800,nDCG@10,1.0
236800,R@100,1.0
236807,nDCG@10,0.3333333333333333
236807,R@100,1.0
23681,nDCG@10,1.0
23681,R@100,1.0
236886,nDCG@10,1.0
236886,R@100,1.0
236946,nDCG@10,0.6762427781892519
236946,R@100,1.0
237073,nDCG@10,0.38685280723454163
237073,R@100,1.0
237075,nDCG@10,1.0
237075,R@100,1.0
237127,nDCG@10,1.0
237127,R@100,1.0
237169,nDCG@10,0.6131471927654584
237169,R@100,1.0
237267,nDCG@10,1.0
237267,R@100,1.0
23731,nDCG@10,0.6364391809889587
23731,R@100,1.0
23734,nDCG@10,0.5
23734,R@100,1.0
237385,nDCG@10,0.0
237385,R@100,0.0
237574,nDCG@10,1.0
237574,R@100,1.0
237631,nDCG@10,0.0
237631,R@100,0.16666666666666666
237643,nDCG@10,1.0
237643,R@100,1.0
237650,nDCG@10,0.20438239758848611
237650,R@100,1.0
237728,nDCG@10,0.6309297535714575
237728,R@100,1.0
237745,nDCG@10,1.0
237745,R@100,1.0
237751,nDCG@10,1.0
237751,R@100,1.0
237766,nDCG@10,1.0
237766,R@100,1.0
237778,nDCG@10,1.0
237778,R@100,1.0
237798,nDCG@10,0.38685280723454163
237798,R@100,1.0
23780,nDCG@10,1.0
23780,R@100,1.0
237805,nDCG@10,1.0
237805,R@100,1.0
237824,nDCG@10,1.0
237824,R@100,1.0
237887,nDCG@10,1.0
237887,R@100,1.0
23799,nDCG@10,0.38685280723454163
23799,R@100,1.0
238073,nDCG@10,1.0
238073,R@100,1.0
23810,nDCG@10,0.5
23810,R@100,1.0
238133,nDCG@10,1.0
238133,R@100,1.0
238136,nDCG@10,1.0
238136,R@100,1.0
238156,nDCG@10,1.0
238156,R@100,1.0
238260,nDCG@10,0.0
238260,R@100,1.0
238394,nDCG@10,0.38685280723454163
238394,R@100,1.0
238449,nDCG@10,1.0
238449,R@100,1.0
238471,nDCG@10,1.0
238471,R@100,1.0
238510,nDCG@10,1.0
238510,R@100,1.0
238559,nDCG@10,1.0
238559,R@100,1.0
238625,nDCG@10,0.0
238625,R@100,0.0
238636,nDCG@10,0.6309297535714575
238636,R@100,1.0
238642,nDCG@10,0.5
238642,R@100,1.0
238846,nDCG@10,1.0
238846,R@100,1.0
238913,nDCG@10,0.8179809735263114
238913,R@100,1.0
238961,nDCG@10,0.3562071871080222
238961,R@100,1.0
239246,nDCG@10,1.0
239246,R@100,1.0
239254,nDCG@10,1.0
239254,R@100,1.0
239258,nDCG@10,1.0
239258,R@100,1.0
23933,nDCG@10,1.0
23933,R@100,1.0
239336,nDCG@10,0.6309297535714575
239336,R@100,1.0
239341,nDCG@10,1.0
239341,R@100,1.0
239349,nDCG@10,1.0
239349,R@100,1.0
239387,nDCG@10,1.0
239387,R@100,1.0
23939,nDCG@10,0.0
23939,R@100,0.0
23952,nDCG@10,0.8772153153380493
23952,R@100,1.0
239626,nDCG@10,1.0
239626,R@100,1.0
239632,nDCG@10,1.0
239632,R@100,1.0
239735,nDCG@10,0.0
239735,R@100,0.0
239740,nDCG@10,1.0
239740,R@100,1.0
239783,nDCG@10,0.43067655807339306
239783,R@100,1.0
239934,nDCG@10,0.9558295932317544
239934,R@100,1.0
239990,nDCG@10,1.0
239990,R@100,1.0
240009,nDCG@10,0.0
240009,R@100,1.0
240126,nDCG@10,0.5912352048230277
240126,R@100,1.0
240128,nDCG@10,0.0
240128,R@100,1.0
240246,nDCG@10,1.0
240246,R@100,1.0
240252,nDCG@10,0.762416491594312
240252,R@100,0.9411764705882353
240300,nDCG@10,0.43067655807339306
240300,R@100,1.0
240364,nDCG@10,0.0
240364,R@100,0.0
240421,nDCG@10,0.43067655807339306
240421,R@100,1.0
24050,nDCG@10,1.0
24050,R@100,1.0
240567,nDCG@10,0.0
240567,R@100,0.0
240591,nDCG@10,0.0
240591,R@100,0.0
240669,nDCG@10,0.0
240669,R@100,0.0
240868,nDCG@10,1.0
240868,R@100,1.0
240928,nDCG@10,0.6131471927654584
240928,R@100,1.0
240945,nDCG@10,0.6309297535714575
240945,R@100,1.0
24099,nDCG@10,0.19092086617893467
24099,R@100,1.0
2410,nDCG@10,1.0
2410,R@100,1.0
241004,nDCG@10,0.3562071871080222
241004,R@100,1.0
241014,nDCG@10,0.0
241014,R@100,0.6666666666666666
241017,nDCG@10,1.0
241017,R@100,1.0
241032,nDCG@10,1.0
241032,R@100,1.0
241055,nDCG@10,0.6309297535714575
241055,R@100,1.0
241115,nDCG@10,0.0
241115,R@100,0.2
241125,nDCG@10,1.0
241125,R@100,1.0
241137,nDCG@10,1.0
241137,R@100,1.0
241146,nDCG@10,0.0
241146,R@100,0.0
241152,nDCG@10,0.6309297535714575
241152,R@100,1.0
241154,nDCG@10,0.38685280723454163
241154,R@100,1.0
241202,nDCG@10,1.0
241202,R@100,1.0
241269,nDCG@10,1.0
241269,R@100,1.0
241350,nDCG@10,0.43067655807339306
241350,R@100,1.0
241377,nDCG@10,1.0
241377,R@100,1.0
241485,nDCG@10,0.31546487678572877
241485,R@100,1.0
24150,nDCG@10,0.5
24150,R@100,1.0
241540,nDCG@10,0.43067655807339306
241540,R@100,1.0
241652,nDCG@10,1.0
241652,R@100,1.0
241661,nDCG@10,0.6052602440527057
241661,R@100,1.0
241671,nDCG@10,0.6509209298071326
241671,R@100,1.0
241689,nDCG@10,1.0
241689,R@100,1.0
241734,nDCG@10,0.0
241734,R@100,1.0
241746,nDCG@10,1.0
241746,R@100,1.0
241772,nDCG@10,1.0
241772,R@100,1.0
241775,nDCG@10,1.0
241775,R@100,1.0
241837,nDCG@10,0.0
241837,R@100,1.0
241843,nDCG@10,1.0
241843,R@100,1.0
241889,nDCG@10,1.0
241889,R@100,1.0
241955,nDCG@10,0.6309297535714575
241955,R@100,1.0
242060,nDCG@10,1.0
242060,R@100,1.0
242091,nDCG@10,1.0
242091,R@100,1.0
242232,nDCG@10,0.3010299956639812
242232,R@100,1.0
242360,nDCG@10,1.0
242360,R@100,1.0
242379,nDCG@10,0.0
242379,R@100,0.0
242503,nDCG@10,1.0
242503,R@100,1.0
242520,nDCG@10,1.0
242520,R@100,1.0
242578,nDCG@10,1.0
242578,R@100,1.0
242613,nDCG@10,1.0
242613,R@100,1.0
24269,nDCG@10,1.0
24269,R@100,1.0
24281,nDCG@10,0.0
24281,R@100,1.0
242834,nDCG@10,0.5
242834,R@100,1.0
242843,nDCG@10,1.0
242843,R@100,1.0
242874,nDCG@10,1.0
242874,R@100,1.0
242989,nDCG@10,1.0
242989,R@100,1.0
243027,nDCG@10,1.0
243027,R@100,1.0
243077,nDCG@10,0.0
243077,R@100,1.0
243100,nDCG@10,0.5
243100,R@100,1.0
243137,nDCG@10,0.9197207891481876
243137,R@100,1.0
243206,nDCG@10,0.5
243206,R@100,1.0
243330,nDCG@10,0.0
243330,R@100,0.5
243426,nDCG@10,0.9197207891481876
243426,R@100,1.0
243427,nDCG@10,1.0
243427,R@100,1.0
243600,nDCG@10,1.0
243600,R@100,1.0
243602,nDCG@10,0.9197207891481876
243602,R@100,1.0
243679,nDCG@10,1.0
243679,R@100,1.0
243702,nDCG@10,0.3333333333333333
243702,R@100,1.0
243719,nDCG@10,0.8772153153380493
243719,R@100,1.0
243752,nDCG@10,0.8065735963827293
243752,R@100,1.0
243799,nDCG@10,1.0
243799,R@100,1.0
243815,nDCG@10,1.0
243815,R@100,1.0
243823,nDCG@10,1.0
243823,R@100,1.0
243868,nDCG@10,0.3562071871080222
243868,R@100,1.0
244028,nDCG@10,1.0
244028,R@100,1.0
24404,nDCG@10,0.6309297535714575
24404,R@100,1.0
244100,nDCG@10,0.0
244100,R@100,0.5
244144,nDCG@10,0.0
244144,R@100,1.0
244159,nDCG@10,1.0
244159,R@100,1.0
244200,nDCG@10,0.0
244200,R@100,1.0
244212,nDCG@10,1.0
244212,R@100,1.0
244288,nDCG@10,0.6309297535714575
244288,R@100,1.0
24432,nDCG@10,1.0
24432,R@100,1.0
244388,nDCG@10,0.8175295903539445
244388,R@100,1.0
244403,nDCG@10,1.0
244403,R@100,1.0
244503,nDCG@10,1.0
244503,R@100,1.0
244521,nDCG@10,0.6309297535714575
244521,R@100,1.0
244541,nDCG@10,0.18457569677956817
244541,R@100,1.0
244542,nDCG@10,1.0
244542,R@100,1.0
244564,nDCG@10,1.0
244564,R@100,1.0
244676,nDCG@10,1.0
244676,R@100,1.0
244689,nDCG@10,1.0
244689,R@100,1.0
244703,nDCG@10,1.0
244703,R@100,1.0
244791,nDCG@10,1.0
244791,R@100,1.0
244812,nDCG@10,0.6131471927654584
244812,R@100,1.0
244826,nDCG@10,1.0
244826,R@100,1.0
244920,nDCG@10,0.0
244920,R@100,1.0
244962,nDCG@10,0.31546487678572877
244962,R@100,1.0
244965,nDCG@10,0.43067655807339306
244965,R@100,1.0
244968,nDCG@10,1.0
244968,R@100,1.0
244972,nDCG@10,0.0
244972,R@100,1.0
244997,nDCG@10,0.46927872602275644
244997,R@100,1.0
245004,nDCG@10,1.0
245004,R@100,1.0
245031,nDCG@10,1.0
245031,R@100,1.0
245059,nDCG@10,0.6509209298071326
245059,R@100,1.0
245079,nDCG@10,1.0
245079,R@100,1.0
245110,nDCG@10,0.0
245110,R@100,0.6666666666666666
245175,nDCG@10,0.5
245175,R@100,1.0
245197,nDCG@10,1.0
245197,R@100,1.0
24536,nDCG@10,0.23463936301137822
24536,R@100,1.0
245362,nDCG@10,0.6934264036172708
245362,R@100,1.0
245388,nDCG@10,1.0
245388,R@100,1.0
245393,nDCG@10,0.0
245393,R@100,0.0
245402,nDCG@10,0.0
245402,R@100,1.0
245404,nDCG@10,1.0
245404,R@100,1.0
245410,nDCG@10,1.0
245410,R@100,1.0
245414,nDCG@10,0.22009176629808017
245414,R@100,0.13793103448275862
245417,nDCG@10,0.0
245417,R@100,1.0
245455,nDCG@10,0.3010299956639812
245455,R@100,1.0
245479,nDCG@10,0.0
245479,R@100,1.0
24556,nDCG@10,1.0
24556,R@100,1.0
245604,nDCG@10,0.0
245604,R@100,0.0
245612,nDCG@10,1.0
245612,R@100,1.0
245619,nDCG@10,1.0
245619,R@100,1.0
245738,nDCG@10,0.0
245738,R@100,1.0
245776,nDCG@10,1.0
245776,R@100,1.0
245785,nDCG@10,0.6309297535714575
245785,R@100,1.0
245816,nDCG@10,1.0
245816,R@100,1.0
245834,nDCG@10,1.0
245834,R@100,1.0
245856,nDCG@10,0.0
245856,R@100,1.0
24586,nDCG@10,1.0
24586,R@100,1.0
245961,nDCG@10,1.0
245961,R@100,1.0
245969,nDCG@10,0.45749452618986164
245969,R@100,1.0
245980,nDCG@10,0.8278123145308894
245980,R@100,1.0
245994,nDCG@10,0.5
245994,R@100,1.0
246005,nDCG@10,1.0
246005,R@100,1.0
246084,nDCG@10,1.0
246084,R@100,1.0
246115,nDCG@10,0.0
246115,R@100,1.0
24612,nDCG@10,1.0
24612,R@100,1.0
246143,nDCG@10,0.0
246143,R@100,1.0
24620,nDCG@10,0.0
24620,R@100,1.0
246285,nDCG@10,1.0
246285,R@100,1.0
24638,nDCG@10,0.43067655807339306
24638,R@100,1.0
246424,nDCG@10,0.45560514958746035
246424,R@100,1.0
246467,nDCG@10,1.0
246467,R@100,1.0
246505,nDCG@10,0.0
246505,R@100,1.0
246559,nDCG@10,1.0
246559,R@100,1.0
246597,nDCG@10,0.6934264036172708
246597,R@100,1.0
246602,nDCG@10,1.0
246602,R@100,1.0
246696,nDCG@10,1.0
246696,R@100,1.0
246743,nDCG@10,0.0
246743,R@100,1.0
246747,nDCG@10,1.0
246747,R@100,1.0
246767,nDCG@10,0.9060254355346823
246767,R@100,1.0
246819,nDCG@10,1.0
246819,R@100,1.0
24683,nDCG@10,0.0
24683,R@100,1.0
246879,nDCG@10,0.0
246879,R@100,1.0
24694,nDCG@10,0.0
24694,R@100,0.0
247012,nDCG@10,0.2640681225725909
247012,R@100,1.0
247015,nDCG@10,1.0
247015,R@100,1.0
247026,nDCG@10,1.0
247026,R@100,1.0
247033,nDCG@10,1.0
247033,R@100,1.0
247087,nDCG@10,0.3010299956639812
247087,R@100,1.0
247178,nDCG@10,0.8191418410150438
247178,R@100,0.8888888888888888
247235,nDCG@10,1.0
247235,R@100,1.0
247248,nDCG@10,1.0
247248,R@100,1.0
247355,nDCG@10,0.0
247355,R@100,0.0
247365,nDCG@10,0.6309297535714575
247365,R@100,1.0
24737,nDCG@10,1.0
24737,R@100,1.0
247409,nDCG@10,0.0
247409,R@100,1.0
247469,nDCG@10,0.46001266110046096
247469,R@100,0.8181818181818182
24751,nDCG@10,0.2640681225725909
24751,R@100,1.0
247680,nDCG@10,1.0
247680,R@100,1.0
247701,nDCG@10,1.0
247701,R@100,1.0
247729,nDCG@10,1.0
247729,R@100,1.0
247761,nDCG@10,1.0
247761,R@100,1.0
24781,nDCG@10,0.38685280723454163
24781,R@100,1.0
247874,nDCG@10,1.0
247874,R@100,1.0
247918,nDCG@10,0.5
247918,R@100,1.0
247961,nDCG@10,1.0
247961,R@100,1.0
248049,nDCG@10,0.11838279295536291
248049,R@100,0.14285714285714285
248100,nDCG@10,0.6309297535714575
248100,R@100,1.0
248106,nDCG@10,1.0
248106,R@100,1.0
248117,nDCG@10,0.6509209298071326
248117,R@100,1.0
248153,nDCG@10,0.5
248153,R@100,1.0
248290,nDCG@10,0.6309297535714575
248290,R@100,1.0
248301,nDCG@10,0.8772153153380493
248301,R@100,1.0
248384,nDCG@10,1.0
248384,R@100,1.0
248437,nDCG@10,1.0
248437,R@100,1.0
248609,nDCG@10,0.43067655807339306
248609,R@100,1.0
248699,nDCG@10,0.3010299956639812
248699,R@100,1.0
248727,nDCG@10,1.0
248727,R@100,1.0
248877,nDCG@10,0.4415801103577823
248877,R@100,1.0
248937,nDCG@10,0.5
248937,R@100,1.0
249039,nDCG@10,1.0
249039,R@100,1.0
249046,nDCG@10,1.0
249046,R@100,1.0
249059,nDCG@10,0.0
249059,R@100,0.5
249080,nDCG@10,1.0
249080,R@100,1.0
249088,nDCG@10,0.21840743681816419
249088,R@100,0.5
249094,nDCG@10,1.0
249094,R@100,1.0
249144,nDCG@10,0.31546487678572877
249144,R@100,1.0
249148,nDCG@10,1.0
249148,R@100,1.0
24917,nDCG@10,1.0
24917,R@100,1.0
249184,nDCG@10,1.0
249184,R@100,1.0
249331,nDCG@10,1.0
249331,R@100,1.0
249430,nDCG@10,1.0
249430,R@100,1.0
249460,nDCG@10,0.36926780146674987
249460,R@100,0.6666666666666666
249478,nDCG@10,1.0
249478,R@100,1.0
249538,nDCG@10,0.3010299956639812
249538,R@100,1.0
24954,nDCG@10,1.0
24954,R@100,1.0
249547,nDCG@10,0.0
249547,R@100,1.0
249586,nDCG@10,1.0
249586,R@100,1.0
249684,nDCG@10,0.31546487678572877
249684,R@100,1.0
249744,nDCG@10,1.0
249744,R@100,1.0
24985,nDCG@10,0.38685280723454163
24985,R@100,1.0
249898,nDCG@10,1.0
249898,R@100,1.0
249911,nDCG@10,1.0
249911,R@100,1.0
249947,nDCG@10,0.8503449055347546
249947,R@100,1.0
250080,nDCG@10,1.0
250080,R@100,1.0
250143,nDCG@10,1.0
250143,R@100,1.0
250272,nDCG@10,0.43707943365237834
250272,R@100,1.0
250322,nDCG@10,0.0
250322,R@100,0.0
250374,nDCG@10,0.6309297535714575
250374,R@100,1.0
250381,nDCG@10,1.0
250381,R@100,1.0
250395,nDCG@10,1.0
250395,R@100,1.0
250418,nDCG@10,0.8048099750039491
250418,R@100,1.0
250522,nDCG@10,1.0
250522,R@100,1.0
250545,nDCG@10,0.4367467095119258
250545,R@100,1.0
25059,nDCG@10,1.0
25059,R@100,1.0
250595,nDCG@10,1.0
250595,R@100,1.0
250611,nDCG@10,0.6309297535714575
250611,R@100,1.0
250630,nDCG@10,0.43067655807339306
250630,R@100,1.0
250779,nDCG@10,0.3562071871080222
250779,R@100,1.0
250827,nDCG@10,1.0
250827,R@100,1.0
250878,nDCG@10,1.0
250878,R@100,1.0
250885,nDCG@10,0.2890648263178879
250885,R@100,1.0
250999,nDCG@10,1.0
250999,R@100,1.0
251040,nDCG@10,0.0
251040,R@100,1.0
251080,nDCG@10,0.15130120674940672
251080,R@100,0.8333333333333334
251148,nDCG@10,0.0
251148,R@100,0.0
251197,nDCG@10,1.0
251197,R@100,1.0
251227,nDCG@10,1.0
251227,R@100,1.0
251239,nDCG@10,0.38685280723454163
251239,R@100,0.5
25125,nDCG@10,1.0
25125,R@100,1.0
251278,nDCG@10,0.6309297535714575
251278,R@100,1.0
251282,nDCG@10,0.6309297535714575
251282,R@100,1.0
251344,nDCG@10,0.46927872602275644
251344,R@100,1.0
25145,nDCG@10,0.715663226334951
25145,R@100,1.0
251508,nDCG@10,1.0
251508,R@100,1.0
251630,nDCG@10,1.0
251630,R@100,1.0
251648,nDCG@10,0.5
251648,R@100,1.0
251678,nDCG@10,1.0
251678,R@100,1.0
25170,nDCG@10,1.0
25170,R@100,1.0
251706,nDCG@10,1.0
251706,R@100,1.0
25178,nDCG@10,0.0
25178,R@100,1.0
251806,nDCG@10,1.0
251806,R@100,1.0
251833,nDCG@10,1.0
251833,R@100,1.0
251886,nDCG@10,0.9469024295259745
251886,R@100,1.0
252021,nDCG@10,1.0
252021,R@100,1.0
252071,nDCG@10,0.6131471927654584
252071,R@100,1.0
252211,nDCG@10,0.3562071871080222
252211,R@100,1.0
252267,nDCG@10,1.0
252267,R@100,1.0
252292,nDCG@10,0.38685280723454163
252292,R@100,1.0
252323,nDCG@10,1.0
252323,R@100,1.0
252360,nDCG@10,1.0
252360,R@100,1.0
252422,nDCG@10,1.0
252422,R@100,1.0
252429,nDCG@10,0.0
252429,R@100,0.6666666666666666
252573,nDCG@10,1.0
252573,R@100,1.0
25263,nDCG@10,0.6309297535714575
25263,R@100,1.0
252630,nDCG@10,0.5
252630,R@100,1.0
252653,nDCG@10,1.0
252653,R@100,1.0
252655,nDCG@10,1.0
252655,R@100,1.0
252810,nDCG@10,0.11752277470724268
252810,R@100,0.3333333333333333
252925,nDCG@10,1.0
252925,R@100,1.0
252989,nDCG@10,0.8772153153380493
252989,R@100,1.0
252993,nDCG@10,0.0
252993,R@100,0.0
253050,nDCG@10,0.0
253050,R@100,1.0
253053,nDCG@10,1.0
253053,R@100,1.0
253095,nDCG@10,1.0
253095,R@100,1.0
253138,nDCG@10,1.0
253138,R@100,1.0
253211,nDCG@10,0.0
253211,R@100,1.0
253237,nDCG@10,0.0
253237,R@100,1.0
25328,nDCG@10,1.0
25328,R@100,1.0
253315,nDCG@10,1.0
253315,R@100,1.0
253367,nDCG@10,1.0
253367,R@100,1.0
253398,nDCG@10,0.0
253398,R@100,1.0
253430,nDCG@10,0.6309297535714575
253430,R@100,1.0
253434,nDCG@10,1.0
253434,R@100,1.0
253444,nDCG@10,1.0
253444,R@100,1.0
25350,nDCG@10,0.0
25350,R@100,1.0
253520,nDCG@10,0.6309297535714575
253520,R@100,1.0
253572,nDCG@10,1.0
253572,R@100,1.0
253702,nDCG@10,0.6309297535714575
253702,R@100,1.0
253746,nDCG@10,1.0
253746,R@100,1.0
253752,nDCG@10,1.0
253752,R@100,1.0
253882,nDCG@10,0.6309297535714575
253882,R@100,1.0
25399,nDCG@10,0.19519002499605084
25399,R@100,1.0
253999,nDCG@10,0.5012658353418871
253999,R@100,1.0
254060,nDCG@10,0.5109559939712153
254060,R@100,1.0
254085,nDCG@10,1.0
254085,R@100,1.0
254112,nDCG@10,1.0
254112,R@100,1.0
25415,nDCG@10,0.0
25415,R@100,0.0
254177,nDCG@10,1.0
254177,R@100,1.0
254198,nDCG@10,0.0
254198,R@100,0.0
254241,nDCG@10,0.6309297535714575
254241,R@100,1.0
25426,nDCG@10,1.0
25426,R@100,1.0
254271,nDCG@10,0.6309297535714575
254271,R@100,1.0
25429,nDCG@10,0.6309297535714575
25429,R@100,1.0
25430,nDCG@10,1.0
25430,R@100,1.0
254371,nDCG@10,0.5
254371,R@100,1.0
254375,nDCG@10,0.9197207891481876
254375,R@100,1.0
254385,nDCG@10,0.5437713091520254
254385,R@100,1.0
254529,nDCG@10,0.0
254529,R@100,1.0
254582,nDCG@10,0.20210734650054757
254582,R@100,1.0
254825,nDCG@10,1.0
254825,R@100,1.0
255100,nDCG@10,1.0
255100,R@100,1.0
255145,nDCG@10,0.6934264036172708
255145,R@100,1.0
255260,nDCG@10,0.6509209298071326
255260,R@100,1.0
255380,nDCG@10,0.0
255380,R@100,0.0
255502,nDCG@10,1.0
255502,R@100,1.0
255507,nDCG@10,0.0
255507,R@100,1.0
255547,nDCG@10,0.6309297535714575
255547,R@100,1.0
255614,nDCG@10,1.0
255614,R@100,1.0
255718,nDCG@10,1.0
255718,R@100,1.0
255773,nDCG@10,1.0
255773,R@100,1.0
255928,nDCG@10,1.0
255928,R@100,1.0
256022,nDCG@10,0.6309297535714575
256022,R@100,1.0
25605,nDCG@10,0.0
25605,R@100,1.0
256097,nDCG@10,1.0
256097,R@100,1.0
256186,nDCG@10,0.0
256186,R@100,1.0
256189,nDCG@10,0.0
256189,R@100,0.3333333333333333
2563,nDCG@10,1.0
2563,R@100,1.0
256335,nDCG@10,1.0
256335,R@100,1.0
256417,nDCG@10,1.0
256417,R@100,1.0
256443,nDCG@10,0.0
256443,R@100,1.0
256548,nDCG@10,1.0
256548,R@100,1.0
256648,nDCG@10,0.0
256648,R@100,1.0
256659,nDCG@10,1.0
256659,R@100,1.0
256677,nDCG@10,1.0
256677,R@100,1.0
256692,nDCG@10,0.0
256692,R@100,1.0
256709,nDCG@10,0.0
256709,R@100,1.0
256713,nDCG@10,1.0
256713,R@100,1.0
256813,nDCG@10,0.0
256813,R@100,1.0
256826,nDCG@10,0.0
256826,R@100,1.0
256839,nDCG@10,1.0
256839,R@100,1.0
256900,nDCG@10,0.0
256900,R@100,1.0
256987,nDCG@10,0.38685280723454163
256987,R@100,1.0
257051,nDCG@10,1.0
257051,R@100,1.0
257058,nDCG@10,0.0
257058,R@100,1.0
257124,nDCG@10,1.0
257124,R@100,1.0
257132,nDCG@10,0.5
257132,R@100,1.0
257172,nDCG@10,1.0
257172,R@100,1.0
257217,nDCG@10,1.0
257217,R@100,1.0
257308,nDCG@10,1.0
257308,R@100,1.0
25731,nDCG@10,1.0
25731,R@100,1.0
257320,nDCG@10,0.3562071871080222
257320,R@100,1.0
257444,nDCG@10,0.6309297535714575
257444,R@100,1.0
257484,nDCG@10,1.0
257484,R@100,1.0
257583,nDCG@10,1.0
257583,R@100,1.0
257601,nDCG@10,0.6309297535714575
257601,R@100,1.0
257676,nDCG@10,1.0
257676,R@100,1.0
257686,nDCG@10,0.6934264036172708
257686,R@100,1.0
25772,nDCG@10,0.5531464700081437
25772,R@100,1.0
257730,nDCG@10,1.0
257730,R@100,1.0
25782,nDCG@10,0.0
25782,R@100,1.0
257837,nDCG@10,0.6309297535714575
257837,R@100,1.0
257855,nDCG@10,1.0
257855,R@100,1.0
257917,nDCG@10,0.0
257917,R@100,0.5
257940,nDCG@10,0.6309297535714575
257940,R@100,1.0
257998,nDCG@10,1.0
257998,R@100,1.0
258008,nDCG@10,1.0
258008,R@100,1.0
25803,nDCG@10,1.0
25803,R@100,1.0
258034,nDCG@10,0.6240505200038379
258034,R@100,1.0
25808,nDCG@10,0.6131471927654584
25808,R@100,1.0
258091,nDCG@10,0.15642624200758548
258091,R@100,1.0
258112,nDCG@10,0.46927872602275644
258112,R@100,0.3333333333333333
258157,nDCG@10,0.8179809735263114
258157,R@100,1.0
258200,nDCG@10,1.0
258200,R@100,1.0
258203,nDCG@10,1.0
258203,R@100,1.0
258244,nDCG@10,1.0
258244,R@100,1.0
258321,nDCG@10,1.0
258321,R@100,1.0
258425,nDCG@10,0.0
258425,R@100,1.0
258467,nDCG@10,1.0
258467,R@100,1.0
258594,nDCG@10,1.0
258594,R@100,1.0
258623,nDCG@10,0.3044671974905181
258623,R@100,1.0
258654,nDCG@10,0.31546487678572877
258654,R@100,1.0
258754,nDCG@10,1.0
258754,R@100,1.0
258778,nDCG@10,0.38685280723454163
258778,R@100,1.0
258779,nDCG@10,0.3010299956639812
258779,R@100,1.0
258922,nDCG@10,0.6131471927654584
258922,R@100,1.0
258935,nDCG@10,1.0
258935,R@100,1.0
25899,nDCG@10,0.0
25899,R@100,0.5
259095,nDCG@10,1.0
259095,R@100,1.0
259115,nDCG@10,0.0
259115,R@100,0.0
259142,nDCG@10,1.0
259142,R@100,1.0
259149,nDCG@10,0.5
259149,R@100,1.0
259248,nDCG@10,1.0
259248,R@100,1.0
259375,nDCG@10,0.8065735963827293
259375,R@100,1.0
259401,nDCG@10,1.0
259401,R@100,1.0
25951,nDCG@10,0.6309297535714575
25951,R@100,1.0
259548,nDCG@10,0.38685280723454163
259548,R@100,0.5
259563,nDCG@10,0.0
259563,R@100,1.0
259623,nDCG@10,0.43067655807339306
259623,R@100,1.0
259637,nDCG@10,0.38685280723454163
259637,R@100,1.0
259707,nDCG@10,1.0
259707,R@100,1.0
259810,nDCG@10,0.43067655807339306
259810,R@100,1.0
259840,nDCG@10,0.43067655807339306
259840,R@100,1.0
259850,nDCG@10,1.0
259850,R@100,1.0
259913,nDCG@10,0.0
259913,R@100,0.0
259915,nDCG@10,1.0
259915,R@100,1.0
259964,nDCG@10,0.5
259964,R@100,1.0
259974,nDCG@10,1.0
259974,R@100,1.0
259981,nDCG@10,0.6309297535714575
259981,R@100,1.0
260099,nDCG@10,1.0
260099,R@100,1.0
26013,nDCG@10,1.0
26013,R@100,1.0
260146,nDCG@10,0.5437713091520254
260146,R@100,1.0
260182,nDCG@10,0.6309297535714575
260182,R@100,1.0
260195,nDCG@10,0.38685280723454163
260195,R@100,1.0
260199,nDCG@10,0.0
260199,R@100,1.0
260241,nDCG@10,1.0
260241,R@100,1.0
260261,nDCG@10,0.0
260261,R@100,1.0
26032,nDCG@10,1.0
26032,R@100,1.0
260386,nDCG@10,1.0
260386,R@100,1.0
260510,nDCG@10,0.3065735963827292
260510,R@100,1.0
260511,nDCG@10,0.0
260511,R@100,1.0
260573,nDCG@10,1.0
260573,R@100,1.0
260589,nDCG@10,0.3562071871080222
260589,R@100,1.0
260622,nDCG@10,1.0
260622,R@100,1.0
260626,nDCG@10,0.43067655807339306
260626,R@100,1.0
26067,nDCG@10,0.5
26067,R@100,1.0
260697,nDCG@10,1.0
260697,R@100,1.0
260766,nDCG@10,0.0
260766,R@100,1.0
260802,nDCG@10,0.3884317188373228
260802,R@100,1.0
260841,nDCG@10,1.0
260841,R@100,1.0
260931,nDCG@10,0.6309297535714575
260931,R@100,1.0
260961,nDCG@10,1.0
260961,R@100,1.0
260965,nDCG@10,0.0
260965,R@100,1.0
261070,nDCG@10,1.0
261070,R@100,1.0
26115,nDCG@10,1.0
26115,R@100,1.0
261179,nDCG@10,0.6131471927654584
261179,R@100,1.0
261222,nDCG@10,1.0
261222,R@100,1.0
261227,nDCG@10,1.0
261227,R@100,1.0
261247,nDCG@10,0.43067655807339306
261247,R@100,1.0
261302,nDCG@10,1.0
261302,R@100,1.0
261334,nDCG@10,1.0
261334,R@100,1.0
261389,nDCG@10,0.6309297535714575
261389,R@100,1.0
261434,nDCG@10,0.5
261434,R@100,1.0
261464,nDCG@10,0.4761627026161036
261464,R@100,1.0
261465,nDCG@10,1.0
261465,R@100,1.0
261472,nDCG@10,1.0
261472,R@100,1.0
261528,nDCG@10,0.6309297535714575
261528,R@100,1.0
261533,nDCG@10,0.38685280723454163
261533,R@100,1.0
26158,nDCG@10,1.0
26158,R@100,1.0
261680,nDCG@10,0.8065735963827293
261680,R@100,1.0
261687,nDCG@10,0.43067655807339306
261687,R@100,1.0
261712,nDCG@10,1.0
261712,R@100,1.0
261737,nDCG@10,1.0
261737,R@100,1.0
261756,nDCG@10,0.43067655807339306
261756,R@100,1.0
261761,nDCG@10,1.0
261761,R@100,1.0
261762,nDCG@10,1.0
261762,R@100,1.0
261813,nDCG@10,0.0
261813,R@100,1.0
261840,nDCG@10,0.6131471927654584
261840,R@100,1.0
261859,nDCG@10,0.0
261859,R@100,1.0
26187,nDCG@10,0.8263333286520083
26187,R@100,1.0
261921,nDCG@10,1.0
261921,R@100,1.0
261933,nDCG@10,1.0
261933,R@100,1.0
26197,nDCG@10,0.41656694644234793
26197,R@100,1.0
261997,nDCG@10,1.0
261997,R@100,1.0
262116,nDCG@10,1.0
262116,R@100,1.0
262426,nDCG@10,0.38685280723454163
262426,R@100,1.0
262439,nDCG@10,1.0
262439,R@100,1.0
262443,nDCG@10,1.0
262443,R@100,1.0
262527,nDCG@10,0.6309297535714575
262527,R@100,1.0
262828,nDCG@10,1.0
262828,R@100,1.0
262848,nDCG@10,1.0
262848,R@100,1.0
262866,nDCG@10,0.5
262866,R@100,1.0
262916,nDCG@10,0.5
262916,R@100,1.0
262944,nDCG@10,1.0
262944,R@100,1.0
263086,nDCG@10,1.0
263086,R@100,1.0
263115,nDCG@10,1.0
263115,R@100,1.0
26315,nDCG@10,1.0
26315,R@100,1.0
263158,nDCG@10,1.0
263158,R@100,1.0
263164,nDCG@10,1.0
263164,R@100,1.0
263211,nDCG@10,0.3562071871080222
263211,R@100,1.0
263222,nDCG@10,0.8899603164338973
263222,R@100,1.0
263254,nDCG@10,0.3562071871080222
263254,R@100,1.0
263269,nDCG@10,1.0
263269,R@100,1.0
263333,nDCG@10,0.5012658353418871
263333,R@100,1.0
263406,nDCG@10,0.46927872602275644
263406,R@100,0.3333333333333333
263432,nDCG@10,0.3333333333333333
263432,R@100,1.0
263435,nDCG@10,0.0
263435,R@100,1.0
263439,nDCG@10,1.0
263439,R@100,1.0
26344,nDCG@10,1.0
26344,R@100,1.0
263469,nDCG@10,1.0
263469,R@100,1.0
263665,nDCG@10,1.0
263665,R@100,1.0
263789,nDCG@10,1.0
263789,R@100,1.0
263847,nDCG@10,1.0
263847,R@100,1.0
264020,nDCG@10,1.0
264020,R@100,1.0
264132,nDCG@10,1.0
264132,R@100,1.0
264141,nDCG@10,1.0
264141,R@100,1.0
264224,nDCG@10,1.0
264224,R@100,1.0
264257,nDCG@10,0.0
264257,R@100,0.5
264280,nDCG@10,0.38364913903790027
264280,R@100,1.0
264337,nDCG@10,0.0
264337,R@100,1.0
264352,nDCG@10,1.0
264352,R@100,1.0
2644,nDCG@10,0.22009176629808017
2644,R@100,0.75
264421,nDCG@10,0.3065735963827292
264421,R@100,1.0
264506,nDCG@10,0.0
264506,R@100,1.0
264548,nDCG@10,0.43067655807339306
264548,R@100,1.0
264605,nDCG@10,1.0
264605,R@100,1.0
264659,nDCG@10,0.7328286204777911
264659,R@100,1.0
264667,nDCG@10,1.0
264667,R@100,1.0
264670,nDCG@10,1.0
264670,R@100,1.0
264755,nDCG@10,1.0
264755,R@100,1.0
264813,nDCG@10,1.0
264813,R@100,1.0
264830,nDCG@10,0.0
264830,R@100,0.0
265006,nDCG@10,0.6309297535714575
265006,R@100,1.0
265104,nDCG@10,1.0
265104,R@100,1.0
265138,nDCG@10,1.0
265138,R@100,1.0
265214,nDCG@10,0.9060254355346823
265214,R@100,1.0
26524,nDCG@10,0.6309297535714575
26524,R@100,1.0
265333,nDCG@10,1.0
265333,R@100,1.0
265345,nDCG@10,0.3562071871080222
265345,R@100,1.0
265352,nDCG@10,0.3562071871080222
265352,R@100,1.0
265356,nDCG@10,0.0
265356,R@100,1.0
265370,nDCG@10,0.5
265370,R@100,1.0
265387,nDCG@10,0.0
265387,R@100,1.0
265438,nDCG@10,0.0
265438,R@100,1.0
265444,nDCG@10,1.0
265444,R@100,1.0
265453,nDCG@10,1.0
265453,R@100,1.0
265468,nDCG@10,1.0
265468,R@100,1.0
26551,nDCG@10,0.6309297535714575
26551,R@100,1.0
265518,nDCG@10,1.0
265518,R@100,1.0
265576,nDCG@10,1.0
265576,R@100,1.0
26560,nDCG@10,0.9838048780283076
26560,R@100,1.0
265788,nDCG@10,1.0
265788,R@100,1.0
265934,nDCG@10,0.34519134224686937
265934,R@100,1.0
265939,nDCG@10,1.0
265939,R@100,1.0
265960,nDCG@10,1.0
265960,R@100,1.0
266096,nDCG@10,0.6131471927654584
266096,R@100,1.0
266109,nDCG@10,1.0
266109,R@100,1.0
266184,nDCG@10,1.0
266184,R@100,1.0
266193,nDCG@10,1.0
266193,R@100,1.0
266231,nDCG@10,0.0
266231,R@100,1.0
266270,nDCG@10,1.0
266270,R@100,1.0
266277,nDCG@10,0.0
266277,R@100,1.0
266342,nDCG@10,1.0
266342,R@100,1.0
266385,nDCG@10,0.0
266385,R@100,1.0
266438,nDCG@10,1.0
266438,R@100,1.0
26645,nDCG@10,1.0
26645,R@100,1.0
266553,nDCG@10,1.0
266553,R@100,1.0
266560,nDCG@10,1.0
266560,R@100,1.0
266641,nDCG@10,0.3562071871080222
266641,R@100,1.0
266648,nDCG@10,1.0
266648,R@100,1.0
266714,nDCG@10,1.0
266714,R@100,1.0
266813,nDCG@10,1.0
266813,R@100,1.0
26682,nDCG@10,1.0
26682,R@100,1.0
266826,nDCG@10,1.0
266826,R@100,1.0
266884,nDCG@10,1.0
266884,R@100,1.0
266927,nDCG@10,0.0
266927,R@100,1.0
267039,nDCG@10,1.0
267039,R@100,1.0
267056,nDCG@10,1.0
267056,R@100,1.0
267095,nDCG@10,0.43067655807339306
267095,R@100,1.0
267117,nDCG@10,1.0
267117,R@100,1.0
267120,nDCG@10,1.0
267120,R@100,1.0
267148,nDCG@10,1.0
267148,R@100,1.0
26717,nDCG@10,1.0
26717,R@100,1.0
267305,nDCG@10,0.2489083270225946
267305,R@100,0.8
2674,nDCG@10,0.0
2674,R@100,1.0
267433,nDCG@10,0.7183750273402227
267433,R@100,1.0
267469,nDCG@10,1.0
267469,R@100,1.0
267524,nDCG@10,0.0
267524,R@100,1.0
267547,nDCG@10,0.8772153153380493
267547,R@100,1.0
267635,nDCG@10,1.0
267635,R@100,1.0
26767,nDCG@10,0.252016380211836
26767,R@100,1.0
267787,nDCG@10,0.9674679834891693
267787,R@100,1.0
267842,nDCG@10,1.0
267842,R@100,1.0
26801,nDCG@10,0.0
26801,R@100,1.0
26803,nDCG@10,0.7277341624565861
26803,R@100,1.0
268072,nDCG@10,1.0
268072,R@100,1.0
26815,nDCG@10,1.0
26815,R@100,1.0
26817,nDCG@10,0.6309297535714575
26817,R@100,1.0
268397,nDCG@10,0.6131471927654584
268397,R@100,1.0
268450,nDCG@10,1.0
268450,R@100,1.0
268463,nDCG@10,0.0
268463,R@100,0.0
268474,nDCG@10,1.0
268474,R@100,1.0
268498,nDCG@10,1.0
268498,R@100,1.0
268513,nDCG@10,0.0
268513,R@100,1.0
268633,nDCG@10,1.0
268633,R@100,1.0
268735,nDCG@10,0.6309297535714575
268735,R@100,1.0
268787,nDCG@10,0.6309297535714575
268787,R@100,1.0
268985,nDCG@10,1.0
268985,R@100,1.0
269009,nDCG@10,0.0
269009,R@100,0.5
269057,nDCG@10,1.0
269057,R@100,1.0
269060,nDCG@10,1.0
269060,R@100,1.0
269160,nDCG@10,1.0
269160,R@100,1.0
26925,nDCG@10,0.6842225607439711
26925,R@100,1.0
269285,nDCG@10,1.0
269285,R@100,1.0
26942,nDCG@10,0.558226059985166
26942,R@100,1.0
269431,nDCG@10,1.0
269431,R@100,1.0
269441,nDCG@10,0.0
269441,R@100,1.0
269474,nDCG@10,1.0
269474,R@100,1.0
269501,nDCG@10,1.0
269501,R@100,1.0
269563,nDCG@10,0.5
269563,R@100,1.0
269611,nDCG@10,0.0
269611,R@100,1.0
269641,nDCG@10,1.0
269641,R@100,1.0
26981,nDCG@10,0.38685280723454163
26981,R@100,1.0
269849,nDCG@10,0.6309297535714575
269849,R@100,1.0
269858,nDCG@10,1.0
269858,R@100,1.0
269903,nDCG@10,0.0
269903,R@100,0.75
269958,nDCG@10,1.0
269958,R@100,1.0
270039,nDCG@10,1.0
270039,R@100,1.0
270063,nDCG@10,0.38685280723454163
270063,R@100,1.0
270088,nDCG@10,0.6309297535714575
270088,R@100,1.0
270133,nDCG@10,1.0
270133,R@100,1.0
270145,nDCG@10,1.0
270145,R@100,1.0
270158,nDCG@10,0.5
270158,R@100,1.0
270271,nDCG@10,1.0
270271,R@100,1.0
270334,nDCG@10,0.4144299250118475
270334,R@100,1.0
270381,nDCG@10,0.3065735963827292
270381,R@100,1.0
270430,nDCG@10,1.0
270430,R@100,1.0
270518,nDCG@10,0.5
270518,R@100,1.0
270562,nDCG@10,0.3333333333333333
270562,R@100,1.0
270635,nDCG@10,1.0
270635,R@100,1.0
270692,nDCG@10,0.6309297535714575
270692,R@100,1.0
270848,nDCG@10,1.0
270848,R@100,1.0
270862,nDCG@10,1.0
270862,R@100,1.0
270941,nDCG@10,0.0
270941,R@100,1.0
271028,nDCG@10,0.43067655807339306
271028,R@100,1.0
271172,nDCG@10,1.0
271172,R@100,1.0
271236,nDCG@10,0.0
271236,R@100,1.0
271297,nDCG@10,1.0
271297,R@100,1.0
271345,nDCG@10,1.0
271345,R@100,1.0
271414,nDCG@10,0.0
271414,R@100,1.0
271421,nDCG@10,1.0
271421,R@100,1.0
27144,nDCG@10,1.0
27144,R@100,1.0
271454,nDCG@10,1.0
271454,R@100,1.0
271468,nDCG@10,0.7903864795495061
271468,R@100,1.0
271493,nDCG@10,1.0
271493,R@100,1.0
271503,nDCG@10,1.0
271503,R@100,1.0
27153,nDCG@10,1.0
27153,R@100,1.0
271613,nDCG@10,0.0
271613,R@100,1.0
271645,nDCG@10,1.0
271645,R@100,1.0
271690,nDCG@10,1.0
271690,R@100,1.0
271723,nDCG@10,1.0
271723,R@100,1.0
271728,nDCG@10,0.31546487678572877
271728,R@100,1.0
271738,nDCG@10,1.0
271738,R@100,1.0
271761,nDCG@10,1.0
271761,R@100,1.0
271822,nDCG@10,1.0
271822,R@100,1.0
271828,nDCG@10,1.0
271828,R@100,1.0
271830,nDCG@10,0.43067655807339306
271830,R@100,1.0
271875,nDCG@10,0.0
271875,R@100,1.0
271932,nDCG@10,1.0
271932,R@100,1.0
271985,nDCG@10,1.0
271985,R@100,1.0
272020,nDCG@10,0.0
272020,R@100,1.0
272023,nDCG@10,0.38685280723454163
272023,R@100,1.0
272117,nDCG@10,1.0
272117,R@100,1.0
27223,nDCG@10,1.0
27223,R@100,1.0
272251,nDCG@10,0.6309297535714575
272251,R@100,1.0
27228,nDCG@10,1.0
27228,R@100,1.0
272325,nDCG@10,1.0
272325,R@100,1.0
27239,nDCG@10,1.0
27239,R@100,1.0
272446,nDCG@10,1.0
272446,R@100,1.0
272452,nDCG@10,1.0
272452,R@100,1.0
27251,nDCG@10,0.6309297535714575
27251,R@100,1.0
272536,nDCG@10,1.0
272536,R@100,1.0
27254,nDCG@10,0.5706417189553201
27254,R@100,1.0
272621,nDCG@10,1.0
272621,R@100,1.0
272645,nDCG@10,1.0
272645,R@100,1.0
272704,nDCG@10,1.0
272704,R@100,1.0
27273,nDCG@10,1.0
27273,R@100,1.0
272757,nDCG@10,1.0
272757,R@100,1.0
272773,nDCG@10,0.8503449055347546
272773,R@100,1.0
272848,nDCG@10,1.0
272848,R@100,1.0
272859,nDCG@10,1.0
272859,R@100,1.0
272894,nDCG@10,0.36181498356361597
272894,R@100,1.0
272957,nDCG@10,1.0
272957,R@100,1.0
27298,nDCG@10,0.8315546295836225
27298,R@100,1.0
273,nDCG@10,1.0
273,R@100,1.0
273010,nDCG@10,0.6309297535714575
273010,R@100,1.0
273099,nDCG@10,0.6309297535714575
273099,R@100,1.0
273102,nDCG@10,0.6131471927654584
273102,R@100,1.0
273226,nDCG@10,1.0
273226,R@100,1.0
273243,nDCG@10,0.6309297535714575
273243,R@100,1.0
273345,nDCG@10,1.0
273345,R@100,1.0
273459,nDCG@10,0.5307212739772434
273459,R@100,1.0
273489,nDCG@10,0.0
273489,R@100,1.0
273562,nDCG@10,1.0
273562,R@100,1.0
273583,nDCG@10,1.0
273583,R@100,1.0
273604,nDCG@10,0.31546487678572877
273604,R@100,1.0
273621,nDCG@10,0.7087212693585175
273621,R@100,1.0
273641,nDCG@10,1.0
273641,R@100,1.0
273692,nDCG@10,1.0
273692,R@100,1.0
273703,nDCG@10,1.0
273703,R@100,1.0
273712,nDCG@10,0.18154179253735267
273712,R@100,1.0
273740,nDCG@10,1.0
273740,R@100,1.0
273751,nDCG@10,0.6309297535714575
273751,R@100,1.0
273840,nDCG@10,1.0
273840,R@100,1.0
273866,nDCG@10,1.0
273866,R@100,1.0
273901,nDCG@10,1.0
273901,R@100,1.0
27402,nDCG@10,0.0
27402,R@100,1.0
274035,nDCG@10,1.0
274035,R@100,1.0
274136,nDCG@10,0.0
274136,R@100,1.0
27414,nDCG@10,1.0
27414,R@100,1.0
274186,nDCG@10,0.38685280723454163
274186,R@100,1.0
274207,nDCG@10,1.0
274207,R@100,1.0
274215,nDCG@10,1.0
274215,R@100,1.0
274288,nDCG@10,0.5912352048230277
274288,R@100,1.0
274300,nDCG@10,1.0
274300,R@100,1.0
274332,nDCG@10,0.8529278650606567
274332,R@100,1.0
274384,nDCG@10,0.9325210919548239
274384,R@100,1.0
274410,nDCG@10,0.6309297535714575
274410,R@100,1.0
274430,nDCG@10,1.0
274430,R@100,1.0
274511,nDCG@10,1.0
274511,R@100,1.0
274654,nDCG@10,1.0
274654,R@100,1.0
274708,nDCG@10,0.6309297535714575
274708,R@100,1.0
274740,nDCG@10,1.0
274740,R@100,1.0
274825,nDCG@10,1.0
274825,R@100,1.0
274904,nDCG@10,1.0
274904,R@100,1.0
27492,nDCG@10,1.0
27492,R@100,1.0
274982,nDCG@10,1.0
274982,R@100,1.0
274995,nDCG@10,0.0
274995,R@100,1.0
275039,nDCG@10,1.0
275039,R@100,1.0
275088,nDCG@10,1.0
275088,R@100,1.0
275098,nDCG@10,0.19342640361727081
275098,R@100,1.0
275132,nDCG@10,1.0
275132,R@100,1.0
275255,nDCG@10,1.0
275255,R@100,1.0
275267,nDCG@10,0.6309297535714575
275267,R@100,1.0
275287,nDCG@10,1.0
275287,R@100,1.0
275289,nDCG@10,0.2807081466403135
275289,R@100,1.0
275335,nDCG@10,1.0
275335,R@100,1.0
275365,nDCG@10,0.6309297535714575
275365,R@100,1.0
27546,nDCG@10,1.0
27546,R@100,1.0
275461,nDCG@10,1.0
275461,R@100,1.0
275476,nDCG@10,0.6309297535714575
275476,R@100,1.0
275540,nDCG@10,1.0
275540,R@100,1.0
275679,nDCG@10,1.0
275679,R@100,1.0
27569,nDCG@10,0.0
27569,R@100,0.0
275713,nDCG@10,1.0
275713,R@100,1.0
275795,nDCG@10,0.0
275795,R@100,0.0
275810,nDCG@10,0.31546487678572877
275810,R@100,1.0
275813,nDCG@10,0.9674679834891693
275813,R@100,1.0
275875,nDCG@10,1.0
275875,R@100,1.0
275986,nDCG@10,1.0
275986,R@100,1.0
275987,nDCG@10,1.0
275987,R@100,1.0
276059,nDCG@10,1.0
276059,R@100,1.0
276079,nDCG@10,0.38685280723454163
276079,R@100,1.0
276082,nDCG@10,1.0
276082,R@100,1.0
276100,nDCG@10,1.0
276100,R@100,1.0
276120,nDCG@10,1.0
276120,R@100,1.0
276229,nDCG@10,0.9674679834891693
276229,R@100,1.0
27627,nDCG@10,1.0
27627,R@100,1.0
276307,nDCG@10,0.7653606369886217
276307,R@100,1.0
276314,nDCG@10,0.3333333333333333
276314,R@100,1.0
276317,nDCG@10,1.0
276317,R@100,1.0
276328,nDCG@10,0.6309297535714575
276328,R@100,1.0
276381,nDCG@10,0.0
276381,R@100,0.0
276393,nDCG@10,0.38685280723454163
276393,R@100,1.0
276440,nDCG@10,0.5
276440,R@100,1.0
276477,nDCG@10,1.0
276477,R@100,1.0
276550,nDCG@10,0.46035860613699886
276550,R@100,0.5555555555555556
276564,nDCG@10,1.0
276564,R@100,1.0
276586,nDCG@10,0.0
276586,R@100,1.0
276633,nDCG@10,0.5
276633,R@100,1.0
276680,nDCG@10,1.0
276680,R@100,1.0
276734,nDCG@10,0.0
276734,R@100,1.0
276812,nDCG@10,1.0
276812,R@100,1.0
276826,nDCG@10,1.0
276826,R@100,1.0
276861,nDCG@10,0.9197207891481876
276861,R@100,1.0
276944,nDCG@10,1.0
276944,R@100,1.0
277025,nDCG@10,0.43067655807339306
277025,R@100,1.0
277130,nDCG@10,0.6309297535714575
277130,R@100,1.0
277155,nDCG@10,0.6131471927654584
277155,R@100,1.0
277232,nDCG@10,1.0
277232,R@100,1.0
277381,nDCG@10,0.6309297535714575
277381,R@100,1.0
277456,nDCG@10,1.0
277456,R@100,1.0
277490,nDCG@10,1.0
277490,R@100,1.0
277568,nDCG@10,0.8772153153380493
277568,R@100,1.0
277655,nDCG@10,1.0
277655,R@100,1.0
2777,nDCG@10,1.0
2777,R@100,1.0
277710,nDCG@10,1.0
277710,R@100,1.0
277724,nDCG@10,0.3333333333333333
277724,R@100,1.0
277760,nDCG@10,1.0
277760,R@100,1.0
277813,nDCG@10,1.0
277813,R@100,1.0
277900,nDCG@10,1.0
277900,R@100,1.0
277904,nDCG@10,0.35914753008966527
277904,R@100,1.0
277937,nDCG@10,0.9325210919548239
277937,R@100,1.0
278128,nDCG@10,1.0
278128,R@100,1.0
278158,nDCG@10,0.3562071871080222
278158,R@100,1.0
278212,nDCG@10,1.0
278212,R@100,1.0
27822,nDCG@10,1.0
27822,R@100,1.0
278318,nDCG@10,0.6309297535714575
278318,R@100,1.0
278379,nDCG@10,0.31546487678572877
278379,R@100,1.0
278395,nDCG@10,0.0
278395,R@100,1.0
278426,nDCG@10,1.0
278426,R@100,1.0
278449,nDCG@10,1.0
278449,R@100,1.0
278536,nDCG@10,0.8175295903539445
278536,R@100,1.0
278641,nDCG@10,0.6131471927654584
278641,R@100,1.0
278685,nDCG@10,0.0
278685,R@100,1.0
278692,nDCG@10,1.0
278692,R@100,1.0
27871,nDCG@10,1.0
27871,R@100,1.0
278888,nDCG@10,0.0
278888,R@100,1.0
2789,nDCG@10,1.0
2789,R@100,1.0
278932,nDCG@10,0.0
278932,R@100,0.3333333333333333
278962,nDCG@10,1.0
278962,R@100,1.0
278979,nDCG@10,0.6525874238732422
278979,R@100,1.0
279139,nDCG@10,1.0
279139,R@100,1.0
279361,nDCG@10,1.0
279361,R@100,1.0
279467,nDCG@10,0.0
279467,R@100,1.0
279474,nDCG@10,1.0
279474,R@100,1.0
279510,nDCG@10,0.0
279510,R@100,1.0
279558,nDCG@10,1.0
279558,R@100,1.0
279573,nDCG@10,1.0
279573,R@100,1.0
279579,nDCG@10,1.0
279579,R@100,1.0
27963,nDCG@10,1.0
27963,R@100,1.0
279795,nDCG@10,0.6309297535714575
279795,R@100,1.0
279855,nDCG@10,0.8772153153380493
279855,R@100,1.0
279857,nDCG@10,0.0
279857,R@100,1.0
279885,nDCG@10,1.0
279885,R@100,1.0
279890,nDCG@10,0.3750525152300759
279890,R@100,1.0
279928,nDCG@10,0.6131471927654584
279928,R@100,1.0
28006,nDCG@10,0.48522855511632257
28006,R@100,0.4
280213,nDCG@10,0.5
280213,R@100,1.0
280287,nDCG@10,1.0
280287,R@100,1.0
280288,nDCG@10,1.0
280288,R@100,1.0
280399,nDCG@10,1.0
280399,R@100,1.0
280423,nDCG@10,1.0
280423,R@100,1.0
280521,nDCG@10,1.0
280521,R@100,1.0
28055,nDCG@10,0.6309297535714575
28055,R@100,1.0
280574,nDCG@10,1.0
280574,R@100,1.0
280761,nDCG@10,0.43067655807339306
280761,R@100,1.0
280871,nDCG@10,1.0
280871,R@100,1.0
28088,nDCG@10,0.9103075074400794
28088,R@100,1.0
280897,nDCG@10,1.0
280897,R@100,1.0
280899,nDCG@10,1.0
280899,R@100,1.0
280939,nDCG@10,0.6934264036172708
280939,R@100,1.0
280972,nDCG@10,0.9267582364714126
280972,R@100,1.0
281075,nDCG@10,0.0
281075,R@100,0.0
281078,nDCG@10,1.0
281078,R@100,1.0
281212,nDCG@10,1.0
281212,R@100,1.0
281248,nDCG@10,0.5012658353418871
281248,R@100,1.0
281280,nDCG@10,1.0
281280,R@100,1.0
281420,nDCG@10,1.0
281420,R@100,1.0
281442,nDCG@10,0.2890648263178879
281442,R@100,1.0
281469,nDCG@10,0.6934264036172708
281469,R@100,1.0
281568,nDCG@10,0.6309297535714575
281568,R@100,1.0
281630,nDCG@10,1.0
281630,R@100,1.0
281650,nDCG@10,0.43067655807339306
281650,R@100,1.0
281733,nDCG@10,0.9325210919548239
281733,R@100,1.0
281775,nDCG@10,1.0
281775,R@100,1.0
281791,nDCG@10,0.6309297535714575
281791,R@100,1.0
28190,nDCG@10,0.6309297535714575
28190,R@100,1.0
281917,nDCG@10,0.0
281917,R@100,1.0
281918,nDCG@10,0.0
281918,R@100,0.5
28196,nDCG@10,0.0
28196,R@100,1.0
282007,nDCG@10,0.6309297535714575
282007,R@100,1.0
28208,nDCG@10,1.0
28208,R@100,1.0
282130,nDCG@10,1.0
282130,R@100,1.0
282136,nDCG@10,1.0
282136,R@100,1.0
282157,nDCG@10,1.0
282157,R@100,1.0
282272,nDCG@10,1.0
282272,R@100,1.0
282326,nDCG@10,1.0
282326,R@100,1.0
282401,nDCG@10,1.0
282401,R@100,1.0
282427,nDCG@10,1.0
282427,R@100,1.0
282492,nDCG@10,0.6934264036172708
282492,R@100,1.0
282525,nDCG@10,1.0
282525,R@100,1.0
282644,nDCG@10,0.31546487678572877
282644,R@100,1.0
282689,nDCG@10,0.6934264036172708
282689,R@100,1.0
282844,nDCG@10,1.0
282844,R@100,1.0
282910,nDCG@10,0.6309297535714575
282910,R@100,1.0
282920,nDCG@10,1.0
282920,R@100,1.0
282930,nDCG@10,1.0
282930,R@100,1.0
282994,nDCG@10,0.9197207891481876
282994,R@100,1.0
283063,nDCG@10,1.0
283063,R@100,1.0
283112,nDCG@10,1.0
283112,R@100,1.0
283157,nDCG@10,0.0
283157,R@100,0.5
283188,nDCG@10,0.3333333333333333
283188,R@100,1.0
283205,nDCG@10,0.24630238874073
283205,R@100,1.0
283225,nDCG@10,0.6131471927654584
283225,R@100,1.0
283436,nDCG@10,0.0
283436,R@100,1.0
28349,nDCG@10,1.0
28349,R@100,1.0
283504,nDCG@10,1.0
283504,R@100,1.0
283508,nDCG@10,0.6309297535714575
283508,R@100,1.0
283576,nDCG@10,1.0
283576,R@100,1.0
283577,nDCG@10,1.0
283577,R@100,1.0
283654,nDCG@10,1.0
283654,R@100,1.0
283700,nDCG@10,1.0
283700,R@100,1.0
283726,nDCG@10,0.5
283726,R@100,1.0
283734,nDCG@10,1.0
283734,R@100,1.0
28379,nDCG@10,0.5299012577800873
28379,R@100,0.8333333333333334
283803,nDCG@10,1.0
283803,R@100,1.0
283848,nDCG@10,0.7227265726449519
283848,R@100,0.6
283900,nDCG@10,0.5
283900,R@100,1.0
283985,nDCG@10,1.0
283985,R@100,1.0
284115,nDCG@10,1.0
284115,R@100,1.0
284170,nDCG@10,1.0
284170,R@100,1.0
28422,nDCG@10,0.0
28422,R@100,1.0
284251,nDCG@10,0.0
284251,R@100,1.0
284310,nDCG@10,1.0
284310,R@100,1.0
284403,nDCG@10,1.0
284403,R@100,1.0
284447,nDCG@10,0.0
284447,R@100,1.0
284473,nDCG@10,1.0
284473,R@100,1.0
284481,nDCG@10,0.6309297535714575
284481,R@100,1.0
284689,nDCG@10,1.0
284689,R@100,1.0
284738,nDCG@10,1.0
284738,R@100,1.0
284812,nDCG@10,1.0
284812,R@100,1.0
284840,nDCG@10,1.0
284840,R@100,1.0
284869,nDCG@10,0.43067655807339306
284869,R@100,1.0
284965,nDCG@10,1.0
284965,R@100,1.0
284977,nDCG@10,0.6309297535714575
284977,R@100,1.0
285062,nDCG@10,0.6309297535714575
285062,R@100,1.0
285188,nDCG@10,0.0
285188,R@100,1.0
285216,nDCG@10,1.0
285216,R@100,1.0
285250,nDCG@10,1.0
285250,R@100,1.0
285256,nDCG@10,1.0
285256,R@100,1.0
285288,nDCG@10,0.18457569677956817
285288,R@100,1.0
285371,nDCG@10,1.0
285371,R@100,1.0
285467,nDCG@10,1.0
285467,R@100,1.0
285530,nDCG@10,0.8772153153380493
285530,R@100,1.0
285646,nDCG@10,1.0
285646,R@100,1.0
285666,nDCG@10,1.0
285666,R@100,1.0
285741,nDCG@10,0.0
285741,R@100,1.0
285748,nDCG@10,1.0
285748,R@100,1.0
285782,nDCG@10,0.5
285782,R@100,1.0
285800,nDCG@10,1.0
285800,R@100,1.0
285814,nDCG@10,1.0
285814,R@100,1.0
285936,nDCG@10,1.0
285936,R@100,1.0
285949,nDCG@10,1.0
285949,R@100,1.0
285981,nDCG@10,1.0
285981,R@100,1.0
285987,nDCG@10,0.0
285987,R@100,0.0
286045,nDCG@10,1.0
286045,R@100,1.0
286089,nDCG@10,1.0
286089,R@100,1.0
286105,nDCG@10,1.0
286105,R@100,1.0
286171,nDCG@10,1.0
286171,R@100,1.0
286228,nDCG@10,1.0
286228,R@100,1.0
286298,nDCG@10,1.0
286298,R@100,1.0
286409,nDCG@10,1.0
286409,R@100,1.0
286425,nDCG@10,0.38685280723454163
286425,R@100,1.0
286492,nDCG@10,0.43067655807339306
286492,R@100,1.0
286493,nDCG@10,0.5
286493,R@100,1.0
28654,nDCG@10,0.43067655807339306
28654,R@100,1.0
286597,nDCG@10,0.38685280723454163
286597,R@100,1.0
286602,nDCG@10,0.13012668333070054
286602,R@100,0.5
286636,nDCG@10,0.0
286636,R@100,1.0
286673,nDCG@10,0.0
286673,R@100,1.0
286677,nDCG@10,0.5
286677,R@100,1.0
28669,nDCG@10,0.6309297535714575
28669,R@100,1.0
28676,nDCG@10,1.0
28676,R@100,1.0
286781,nDCG@10,0.0
286781,R@100,1.0
287050,nDCG@10,0.6309297535714575
287050,R@100,1.0
287058,nDCG@10,1.0
287058,R@100,1.0
287098,nDCG@10,0.0
287098,R@100,0.0
287188,nDCG@10,1.0
287188,R@100,1.0
287243,nDCG@10,1.0
287243,R@100,1.0
287245,nDCG@10,0.3295827480202853
287245,R@100,1.0
287272,nDCG@10,0.6309297535714575
287272,R@100,1.0
287356,nDCG@10,0.0
287356,R@100,1.0
287359,nDCG@10,1.0
287359,R@100,1.0
287369,nDCG@10,1.0
287369,R@100,1.0
287401,nDCG@10,0.6934264036172708
287401,R@100,1.0
287422,nDCG@10,0.6309297535714575
287422,R@100,1.0
287465,nDCG@10,0.0
287465,R@100,1.0
287475,nDCG@10,1.0
287475,R@100,1.0
287492,nDCG@10,0.6309297535714575
287492,R@100,1.0
287516,nDCG@10,1.0
287516,R@100,1.0
287558,nDCG@10,0.6309297535714575
287558,R@100,1.0
287599,nDCG@10,1.0
287599,R@100,1.0
287701,nDCG@10,1.0
287701,R@100,1.0
287717,nDCG@10,0.5
287717,R@100,1.0
287764,nDCG@10,1.0
287764,R@100,1.0
28778,nDCG@10,0.38685280723454163
28778,R@100,1.0
287791,nDCG@10,0.0
287791,R@100,1.0
287904,nDCG@10,1.0
287904,R@100,1.0
287905,nDCG@10,0.6309297535714575
287905,R@100,1.0
28796,nDCG@10,0.0
28796,R@100,0.0
288036,nDCG@10,1.0
288036,R@100,1.0
288119,nDCG@10,0.0
288119,R@100,1.0
288139,nDCG@10,0.7653606369886217
288139,R@100,1.0
288176,nDCG@10,1.0
288176,R@100,1.0
288177,nDCG@10,1.0
288177,R@100,1.0
288198,nDCG@10,1.0
288198,R@100,1.0
288210,nDCG@10,1.0
288210,R@100,1.0
288251,nDCG@10,1.0
288251,R@100,1.0
288271,nDCG@10,1.0
288271,R@100,1.0
288316,nDCG@10,0.0
288316,R@100,1.0
288381,nDCG@10,1.0
288381,R@100,1.0
28850,nDCG@10,0.0
28850,R@100,1.0
288599,nDCG@10,1.0
288599,R@100,1.0
288607,nDCG@10,1.0
288607,R@100,1.0
288670,nDCG@10,0.38685280723454163
288670,R@100,1.0
288691,nDCG@10,0.3010299956639812
288691,R@100,1.0
288723,nDCG@10,1.0
288723,R@100,1.0
28879,nDCG@10,1.0
28879,R@100,1.0
288836,nDCG@10,1.0
288836,R@100,1.0
288838,nDCG@10,0.5
288838,R@100,1.0
288843,nDCG@10,1.0
288843,R@100,1.0
288913,nDCG@10,1.0
288913,R@100,1.0
288954,nDCG@10,1.0
288954,R@100,1.0
288974,nDCG@10,1.0
288974,R@100,1.0
289009,nDCG@10,1.0
289009,R@100,1.0
289046,nDCG@10,1.0
289046,R@100,1.0
289069,nDCG@10,0.2890648263178879
289069,R@100,1.0
289118,nDCG@10,0.6509209298071326
289118,R@100,1.0
289134,nDCG@10,1.0
289134,R@100,1.0
289168,nDCG@10,1.0
289168,R@100,1.0
289205,nDCG@10,1.0
289205,R@100,1.0
289207,nDCG@10,0.0
289207,R@100,1.0
289215,nDCG@10,0.6309297535714575
289215,R@100,1.0
289284,nDCG@10,0.0
289284,R@100,1.0
289297,nDCG@10,0.24630238874073
289297,R@100,1.0
289302,nDCG@10,1.0
289302,R@100,1.0
289334,nDCG@10,1.0
289334,R@100,1.0
289411,nDCG@10,0.0
289411,R@100,1.0
289415,nDCG@10,1.0
289415,R@100,1.0
289440,nDCG@10,0.3562071871080222
289440,R@100,1.0
289481,nDCG@10,1.0
289481,R@100,1.0
289516,nDCG@10,0.6309297535714575
289516,R@100,1.0
289531,nDCG@10,0.0
289531,R@100,1.0
289543,nDCG@10,0.6309297535714575
289543,R@100,1.0
289598,nDCG@10,0.9197207891481876
289598,R@100,1.0
289616,nDCG@10,0.0
289616,R@100,1.0
289643,nDCG@10,1.0
289643,R@100,1.0
289666,nDCG@10,0.2856436410275446
289666,R@100,0.75
289818,nDCG@10,1.0
289818,R@100,1.0
289845,nDCG@10,0.0
289845,R@100,1.0
28994,nDCG@10,1.0
28994,R@100,1.0
289967,nDCG@10,0.5249810332008933
289967,R@100,1.0
29000,nDCG@10,0.8194270280062366
29000,R@100,1.0
290088,nDCG@10,1.0
290088,R@100,1.0
290162,nDCG@10,1.0
290162,R@100,1.0
290209,nDCG@10,1.0
290209,R@100,1.0
290214,nDCG@10,0.5
290214,R@100,1.0
290330,nDCG@10,0.5
290330,R@100,1.0
290336,nDCG@10,1.0
290336,R@100,1.0
290363,nDCG@10,0.5
290363,R@100,1.0
290432,nDCG@10,1.0
290432,R@100,1.0
29048,nDCG@10,1.0
29048,R@100,1.0
290480,nDCG@10,0.9197207891481876
290480,R@100,1.0
290542,nDCG@10,1.0
290542,R@100,1.0
290574,nDCG@10,0.6309297535714575
290574,R@100,1.0
290586,nDCG@10,1.0
290586,R@100,1.0
290590,nDCG@10,0.3562071871080222
290590,R@100,1.0
290600,nDCG@10,0.0
290600,R@100,1.0
290696,nDCG@10,0.38685280723454163
290696,R@100,1.0
290701,nDCG@10,0.0
290701,R@100,1.0
29074,nDCG@10,1.0
29074,R@100,1.0
290758,nDCG@10,1.0
290758,R@100,1.0
290810,nDCG@10,0.6309297535714575
290810,R@100,1.0
290851,nDCG@10,0.43067655807339306
290851,R@100,1.0
290887,nDCG@10,1.0
290887,R@100,1.0
290963,nDCG@10,1.0
290963,R@100,1.0
291004,nDCG@10,1.0
291004,R@100,1.0
29102,nDCG@10,0.6309297535714575
29102,R@100,1.0
291041,nDCG@10,0.6509209298071326
291041,R@100,1.0
29109,nDCG@10,0.38685280723454163
29109,R@100,0.5
291118,nDCG@10,1.0
291118,R@100,1.0
291176,nDCG@10,1.0
291176,R@100,1.0
291189,nDCG@10,1.0
291189,R@100,1.0
291203,nDCG@10,1.0
291203,R@100,1.0
291271,nDCG@10,1.0
291271,R@100,1.0
291296,nDCG@10,0.0
291296,R@100,0.0
291350,nDCG@10,0.0
291350,R@100,1.0
291357,nDCG@10,1.0
291357,R@100,1.0
291414,nDCG@10,1.0
291414,R@100,1.0
291436,nDCG@10,0.5
291436,R@100,1.0
291468,nDCG@10,0.6309297535714575
291468,R@100,1.0
291512,nDCG@10,0.3333333333333333
291512,R@100,1.0
291527,nDCG@10,1.0
291527,R@100,1.0
291581,nDCG@10,0.4227898344066503
291581,R@100,1.0
291626,nDCG@10,1.0
291626,R@100,1.0
291648,nDCG@10,0.2890648263178879
291648,R@100,1.0
291704,nDCG@10,1.0
291704,R@100,1.0
29177,nDCG@10,0.2973694836145356
29177,R@100,0.9166666666666666
291809,nDCG@10,1.0
291809,R@100,1.0
291814,nDCG@10,1.0
291814,R@100,1.0
291831,nDCG@10,1.0
291831,R@100,1.0
291871,nDCG@10,0.6713527276121545
291871,R@100,1.0
29191,nDCG@10,1.0
29191,R@100,1.0
291967,nDCG@10,1.0
291967,R@100,1.0
291971,nDCG@10,1.0
291971,R@100,1.0
292016,nDCG@10,0.6309297535714575
292016,R@100,1.0
292048,nDCG@10,0.38685280723454163
292048,R@100,1.0
29208,nDCG@10,0.21840743681816419
29208,R@100,1.0
29211,nDCG@10,0.6240505200038379
29211,R@100,1.0
292124,nDCG@10,0.0
292124,R@100,1.0
292231,nDCG@10,0.42177340954886444
292231,R@100,1.0
292286,nDCG@10,1.0
292286,R@100,1.0
29229,nDCG@10,0.45749452618986164
29229,R@100,1.0
292328,nDCG@10,1.0
292328,R@100,1.0
292356,nDCG@10,0.8772153153380493
292356,R@100,1.0
292364,nDCG@10,0.0
292364,R@100,1.0
292485,nDCG@10,0.6131471927654584
292485,R@100,1.0
292491,nDCG@10,1.0
292491,R@100,1.0
292536,nDCG@10,1.0
292536,R@100,1.0
292652,nDCG@10,0.0
292652,R@100,0.0
292660,nDCG@10,1.0
292660,R@100,1.0
292665,nDCG@10,1.0
292665,R@100,1.0
292694,nDCG@10,0.46927872602275644
292694,R@100,1.0
292713,nDCG@10,0.6309297535714575
292713,R@100,1.0
292720,nDCG@10,0.0
292720,R@100,1.0
29279,nDCG@10,0.0
29279,R@100,1.0
292854,nDCG@10,1.0
292854,R@100,1.0
29289,nDCG@10,0.6309297535714575
29289,R@100,1.0
292893,nDCG@10,0.5
292893,R@100,1.0
292900,nDCG@10,0.0
292900,R@100,0.0
292924,nDCG@10,0.0
292924,R@100,1.0
292935,nDCG@10,0.0
292935,R@100,1.0
293137,nDCG@10,1.0
293137,R@100,1.0
293182,nDCG@10,1.0
293182,R@100,1.0
29323,nDCG@10,1.0
29323,R@100,1.0
293236,nDCG@10,0.8503449055347546
293236,R@100,1.0
293249,nDCG@10,1.0
293249,R@100,1.0
293283,nDCG@10,1.0
293283,R@100,1.0
29336,nDCG@10,0.0
29336,R@100,1.0
293400,nDCG@10,1.0
293400,R@100,1.0
293498,nDCG@10,1.0
293498,R@100,1.0
293639,nDCG@10,0.38685280723454163
293639,R@100,1.0
293656,nDCG@10,1.0
293656,R@100,1.0
293725,nDCG@10,0.6317321123369537
293725,R@100,1.0
293763,nDCG@10,1.0
293763,R@100,1.0
293812,nDCG@10,1.0
293812,R@100,1.0
293841,nDCG@10,1.0
293841,R@100,1.0
293856,nDCG@10,1.0
293856,R@100,1.0
293903,nDCG@10,1.0
293903,R@100,1.0
293965,nDCG@10,0.38685280723454163
293965,R@100,1.0
293968,nDCG@10,1.0
293968,R@100,1.0
293994,nDCG@10,0.6309297535714575
293994,R@100,1.0
29400,nDCG@10,1.0
29400,R@100,1.0
294009,nDCG@10,1.0
294009,R@100,1.0
294043,nDCG@10,0.0
294043,R@100,0.4
294053,nDCG@10,1.0
294053,R@100,1.0
294090,nDCG@10,0.5
294090,R@100,1.0
294104,nDCG@10,0.9060254355346823
294104,R@100,1.0
294149,nDCG@10,1.0
294149,R@100,1.0
294160,nDCG@10,0.0
294160,R@100,1.0
294268,nDCG@10,1.0
294268,R@100,1.0
294297,nDCG@10,0.5
294297,R@100,1.0
294329,nDCG@10,1.0
294329,R@100,1.0
294360,nDCG@10,1.0
294360,R@100,1.0
294361,nDCG@10,1.0
294361,R@100,1.0
294368,nDCG@10,0.0
294368,R@100,1.0
29449,nDCG@10,1.0
29449,R@100,1.0
294615,nDCG@10,0.5
294615,R@100,1.0
29462,nDCG@10,0.6309297535714575
29462,R@100,1.0
294731,nDCG@10,0.0
294731,R@100,1.0
29474,nDCG@10,1.0
29474,R@100,1.0
294741,nDCG@10,1.0
294741,R@100,1.0
294862,nDCG@10,0.0
294862,R@100,1.0
294981,nDCG@10,0.9674679834891693
294981,R@100,1.0
295053,nDCG@10,1.0
295053,R@100,1.0
295181,nDCG@10,1.0
295181,R@100,1.0
295187,nDCG@10,0.38685280723454163
295187,R@100,1.0
295255,nDCG@10,0.3562071871080222
295255,R@100,1.0
295295,nDCG@10,1.0
295295,R@100,1.0
295300,nDCG@10,0.0
295300,R@100,1.0
295402,nDCG@10,0.0
295402,R@100,1.0
295411,nDCG@10,0.3333333333333333
295411,R@100,1.0
295421,nDCG@10,1.0
295421,R@100,1.0
295553,nDCG@10,1.0
295553,R@100,1.0
295680,nDCG@10,1.0
295680,R@100,1.0
295684,nDCG@10,1.0
295684,R@100,1.0
295735,nDCG@10,1.0
295735,R@100,1.0
295755,nDCG@10,0.6309297535714575
295755,R@100,1.0
295799,nDCG@10,0.5
295799,R@100,1.0
29586,nDCG@10,1.0
29586,R@100,1.0
295873,nDCG@10,1.0
295873,R@100,1.0
295891,nDCG@10,1.0
295891,R@100,1.0
295905,nDCG@10,1.0
295905,R@100,1.0
295952,nDCG@10,1.0
295952,R@100,1.0
295965,nDCG@10,1.0
295965,R@100,1.0
296028,nDCG@10,1.0
296028,R@100,1.0
296086,nDCG@10,0.7903864795495061
296086,R@100,1.0
296098,nDCG@10,0.0
296098,R@100,1.0
296108,nDCG@10,0.0
296108,R@100,1.0
296126,nDCG@10,0.5
296126,R@100,1.0
296144,nDCG@10,1.0
296144,R@100,1.0
296150,nDCG@10,1.0
296150,R@100,1.0
296156,nDCG@10,0.7328286204777911
296156,R@100,1.0
296182,nDCG@10,1.0
296182,R@100,1.0
29623,nDCG@10,1.0
29623,R@100,1.0
296292,nDCG@10,1.0
296292,R@100,1.0
296410,nDCG@10,0.0
296410,R@100,1.0
296431,nDCG@10,1.0
296431,R@100,1.0
296470,nDCG@10,0.6052602440527057
296470,R@100,1.0
296590,nDCG@10,1.0
296590,R@100,1.0
296638,nDCG@10,0.5706417189553201
296638,R@100,1.0
296664,nDCG@10,1.0
296664,R@100,1.0
296727,nDCG@10,1.0
296727,R@100,1.0
296732,nDCG@10,1.0
296732,R@100,1.0
296754,nDCG@10,0.0
296754,R@100,0.6
296781,nDCG@10,0.6309297535714575
296781,R@100,1.0
296885,nDCG@10,0.0
296885,R@100,1.0
296894,nDCG@10,1.0
296894,R@100,1.0
297006,nDCG@10,0.6309297535714575
297006,R@100,1.0
297076,nDCG@10,0.6309297535714575
297076,R@100,1.0
297136,nDCG@10,1.0
297136,R@100,1.0
297145,nDCG@10,0.6309297535714575
297145,R@100,1.0
29721,nDCG@10,1.0
29721,R@100,1.0
297253,nDCG@10,0.8687949224876582
297253,R@100,1.0
29736,nDCG@10,1.0
29736,R@100,1.0
29741,nDCG@10,1.0
29741,R@100,1.0
297418,nDCG@10,1.0
297418,R@100,1.0
297420,nDCG@10,0.6309297535714575
297420,R@100,1.0
297444,nDCG@10,1.0
297444,R@100,1.0
297538,nDCG@10,0.6131471927654584
297538,R@100,1.0
297568,nDCG@10,1.0
297568,R@100,1.0
297584,nDCG@10,1.0
297584,R@100,1.0
297610,nDCG@10,1.0
297610,R@100,1.0
297640,nDCG@10,1.0
297640,R@100,1.0
297769,nDCG@10,1.0
297769,R@100,1.0
297779,nDCG@10,1.0
297779,R@100,1.0
297788,nDCG@10,1.0
297788,R@100,1.0
297802,nDCG@10,1.0
297802,R@100,1.0
297828,nDCG@10,0.9217868789962071
297828,R@100,1.0
297857,nDCG@10,0.0
297857,R@100,1.0
297956,nDCG@10,1.0
297956,R@100,1.0
298012,nDCG@10,1.0
298012,R@100,1.0
298024,nDCG@10,0.0
298024,R@100,0.0
298055,nDCG@10,0.0
298055,R@100,0.0
298200,nDCG@10,0.0
298200,R@100,1.0
298252,nDCG@10,1.0
298252,R@100,1.0
298278,nDCG@10,0.38685280723454163
298278,R@100,1.0
298424,nDCG@10,1.0
298424,R@100,1.0
298429,nDCG@10,1.0
298429,R@100,1.0
298434,nDCG@10,0.6309297535714575
298434,R@100,1.0
298459,nDCG@10,0.0
298459,R@100,0.0
29850,nDCG@10,0.2890648263178879
29850,R@100,1.0
298579,nDCG@10,1.0
298579,R@100,1.0
298591,nDCG@10,1.0
298591,R@100,1.0
298627,nDCG@10,0.8175295903539445
298627,R@100,1.0
298741,nDCG@10,0.6309297535714575
298741,R@100,1.0
298746,nDCG@10,0.4415801103577823
298746,R@100,1.0
298768,nDCG@10,0.6309297535714575
298768,R@100,1.0
29885,nDCG@10,0.5
29885,R@100,1.0
299029,nDCG@10,1.0
299029,R@100,1.0
299144,nDCG@10,0.6309297535714575
299144,R@100,1.0
299161,nDCG@10,1.0
299161,R@100,1.0
29919,nDCG@10,1.0
29919,R@100,1.0
299242,nDCG@10,1.0
299242,R@100,1.0
299265,nDCG@10,1.0
299265,R@100,1.0
299292,nDCG@10,0.5249810332008933
299292,R@100,1.0
299327,nDCG@10,1.0
299327,R@100,1.0
29956,nDCG@10,1.0
29956,R@100,1.0
299598,nDCG@10,1.0
299598,R@100,1.0
299656,nDCG@10,1.0
299656,R@100,1.0
299675,nDCG@10,1.0
299675,R@100,1.0
299697,nDCG@10,1.0
299697,R@100,1.0
299744,nDCG@10,0.4852658227346317
299744,R@100,1.0
299768,nDCG@10,1.0
299768,R@100,1.0
29987,nDCG@10,0.0
29987,R@100,1.0
299881,nDCG@10,0.5
299881,R@100,1.0
299920,nDCG@10,1.0
299920,R@100,1.0
299925,nDCG@10,1.0
299925,R@100,1.0
299973,nDCG@10,0.7737459235132744
299973,R@100,1.0
299985,nDCG@10,1.0
299985,R@100,1.0
300013,nDCG@10,1.0
300013,R@100,1.0
300086,nDCG@10,0.45560514958746035
300086,R@100,1.0
300126,nDCG@10,1.0
300126,R@100,1.0
300159,nDCG@10,0.0
300159,R@100,1.0
300193,nDCG@10,0.8503449055347546
300193,R@100,1.0
300227,nDCG@10,0.9197207891481876
300227,R@100,1.0
30026,nDCG@10,0.7315449642824575
30026,R@100,0.5
300339,nDCG@10,1.0
300339,R@100,1.0
300452,nDCG@10,1.0
300452,R@100,1.0
300493,nDCG@10,1.0
300493,R@100,1.0
300524,nDCG@10,1.0
300524,R@100,1.0
30069,nDCG@10,1.0
30069,R@100,1.0
300751,nDCG@10,1.0
300751,R@100,1.0
300772,nDCG@10,1.0
300772,R@100,1.0
300845,nDCG@10,1.0
300845,R@100,1.0
300850,nDCG@10,0.0
300850,R@100,1.0
300894,nDCG@10,1.0
300894,R@100,1.0
301199,nDCG@10,1.0
301199,R@100,1.0
301216,nDCG@10,1.0
301216,R@100,1.0
301241,nDCG@10,0.13565197343244778
301241,R@100,0.6666666666666666
301268,nDCG@10,1.0
301268,R@100,1.0
301293,nDCG@10,0.3010299956639812
301293,R@100,1.0
301336,nDCG@10,0.5
301336,R@100,1.0
301423,nDCG@10,1.0
301423,R@100,1.0
301578,nDCG@10,1.0
301578,R@100,1.0
301579,nDCG@10,1.0
301579,R@100,1.0
3016,nDCG@10,0.38685280723454163
3016,R@100,1.0
301624,nDCG@10,1.0
301624,R@100,1.0
301642,nDCG@10,0.45560514958746035
301642,R@100,1.0
301654,nDCG@10,1.0
301654,R@100,1.0
301666,nDCG@10,1.0
301666,R@100,1.0
30172,nDCG@10,0.42903378661381625
30172,R@100,0.5
301824,nDCG@10,0.14606834984270645
301824,R@100,1.0
30187,nDCG@10,0.5912352048230277
30187,R@100,1.0
301910,nDCG@10,0.0
301910,R@100,0.0
302011,nDCG@10,0.0
302011,R@100,1.0
302041,nDCG@10,0.5
302041,R@100,1.0
302118,nDCG@10,1.0
302118,R@100,1.0
302129,nDCG@10,0.0
302129,R@100,0.0
302254,nDCG@10,0.6509209298071326
302254,R@100,1.0
302273,nDCG@10,0.5706417189553201
302273,R@100,1.0
302295,nDCG@10,1.0
302295,R@100,1.0
302298,nDCG@10,0.6309297535714575
302298,R@100,1.0
302365,nDCG@10,1.0
302365,R@100,1.0
30238,nDCG@10,0.6509209298071326
30238,R@100,1.0
30257,nDCG@10,1.0
30257,R@100,1.0
302689,nDCG@10,1.0
302689,R@100,1.0
302727,nDCG@10,1.0
302727,R@100,1.0
302765,nDCG@10,0.6309297535714575
302765,R@100,1.0
30283,nDCG@10,0.3010299956639812
30283,R@100,1.0
302839,nDCG@10,1.0
302839,R@100,1.0
302845,nDCG@10,1.0
302845,R@100,1.0
302866,nDCG@10,0.0
302866,R@100,1.0
302891,nDCG@10,1.0
302891,R@100,1.0
302925,nDCG@10,0.0
302925,R@100,0.0
302926,nDCG@10,1.0
302926,R@100,1.0
302966,nDCG@10,0.6309297535714575
302966,R@100,1.0
302972,nDCG@10,1.0
302972,R@100,1.0
302978,nDCG@10,0.5
302978,R@100,1.0
303030,nDCG@10,0.7903864795495061
303030,R@100,1.0
303034,nDCG@10,1.0
303034,R@100,1.0
303037,nDCG@10,1.0
303037,R@100,1.0
30309,nDCG@10,1.0
30309,R@100,1.0
303131,nDCG@10,1.0
303131,R@100,1.0
303140,nDCG@10,1.0
303140,R@100,1.0
303188,nDCG@10,1.0
303188,R@100,1.0
303204,nDCG@10,0.0
303204,R@100,0.0
303225,nDCG@10,0.0
303225,R@100,1.0
303289,nDCG@10,0.6309297535714575
303289,R@100,1.0
303307,nDCG@10,1.0
303307,R@100,1.0
303312,nDCG@10,0.41412294568879626
303312,R@100,1.0
303347,nDCG@10,1.0
303347,R@100,1.0
303354,nDCG@10,1.0
303354,R@100,1.0
303412,nDCG@10,1.0
303412,R@100,1.0
303433,nDCG@10,1.0
303433,R@100,1.0
303527,nDCG@10,0.9197207891481876
303527,R@100,1.0
30361,nDCG@10,0.6309297535714575
30361,R@100,1.0
30375,nDCG@10,1.0
30375,R@100,1.0
303838,nDCG@10,1.0
303838,R@100,1.0
303855,nDCG@10,0.6934264036172708
303855,R@100,1.0
30386,nDCG@10,0.6309297535714575
30386,R@100,1.0
303881,nDCG@10,1.0
303881,R@100,1.0
303948,nDCG@10,1.0
303948,R@100,1.0
30402,nDCG@10,1.0
30402,R@100,1.0
304042,nDCG@10,0.6309297535714575
304042,R@100,1.0
304071,nDCG@10,0.7653606369886217
304071,R@100,1.0
304083,nDCG@10,1.0
304083,R@100,1.0
304111,nDCG@10,0.0
304111,R@100,0.0
304132,nDCG@10,0.1480409554829326
304132,R@100,1.0
304148,nDCG@10,1.0
304148,R@100,1.0
304172,nDCG@10,0.5
304172,R@100,1.0
304234,nDCG@10,1.0
304234,R@100,1.0
304403,nDCG@10,1.0
304403,R@100,1.0
304508,nDCG@10,1.0
304508,R@100,1.0
304649,nDCG@10,1.0
304649,R@100,1.0
304683,nDCG@10,1.0
304683,R@100,1.0
304703,nDCG@10,1.0
304703,R@100,1.0
304789,nDCG@10,1.0
304789,R@100,1.0
304800,nDCG@10,0.43067655807339306
304800,R@100,1.0
304807,nDCG@10,0.3333333333333333
304807,R@100,1.0
304834,nDCG@10,0.5
304834,R@100,1.0
304845,nDCG@10,0.0
304845,R@100,1.0
304854,nDCG@10,0.43067655807339306
304854,R@100,1.0
304882,nDCG@10,1.0
304882,R@100,1.0
304894,nDCG@10,0.5
304894,R@100,1.0
304953,nDCG@10,0.6309297535714575
304953,R@100,1.0
305020,nDCG@10,1.0
305020,R@100,1.0
30509,nDCG@10,0.0
30509,R@100,1.0
305103,nDCG@10,0.46927872602275644
305103,R@100,0.6666666666666666
305117,nDCG@10,1.0
305117,R@100,1.0
305140,nDCG@10,0.3065735963827292
305140,R@100,1.0
305160,nDCG@10,0.3010299956639812
305160,R@100,1.0
305184,nDCG@10,1.0
305184,R@100,1.0
305187,nDCG@10,1.0
305187,R@100,1.0
305282,nDCG@10,0.43067655807339306
305282,R@100,1.0
305365,nDCG@10,1.0
305365,R@100,1.0
305461,nDCG@10,1.0
305461,R@100,1.0
305480,nDCG@10,0.5
305480,R@100,1.0
305488,nDCG@10,1.0
305488,R@100,1.0
305515,nDCG@10,1.0
305515,R@100,1.0
305554,nDCG@10,1.0
305554,R@100,1.0
305612,nDCG@10,1.0
305612,R@100,1.0
305637,nDCG@10,0.7903864795495061
305637,R@100,1.0
305660,nDCG@10,1.0
305660,R@100,1.0
305695,nDCG@10,1.0
305695,R@100,1.0
305766,nDCG@10,1.0
305766,R@100,1.0
30584,nDCG@10,0.6309297535714575
30584,R@100,1.0
305841,nDCG@10,1.0
305841,R@100,1.0
305896,nDCG@10,0.3065735963827292
305896,R@100,0.5
305911,nDCG@10,1.0
305911,R@100,1.0
305947,nDCG@10,1.0
305947,R@100,1.0
305950,nDCG@10,1.0
305950,R@100,1.0
305958,nDCG@10,0.43067655807339306
305958,R@100,1.0
30597,nDCG@10,0.0
30597,R@100,0.5
305988,nDCG@10,0.5
305988,R@100,1.0
306008,nDCG@10,0.6309297535714575
306008,R@100,1.0
306043,nDCG@10,0.7227265726449519
306043,R@100,0.8
306094,nDCG@10,1.0
306094,R@100,1.0
30613,nDCG@10,0.0
30613,R@100,0.5
306132,nDCG@10,1.0
306132,R@100,1.0
306146,nDCG@10,1.0
306146,R@100,1.0
306219,nDCG@10,1.0
306219,R@100,1.0
306231,nDCG@10,0.6309297535714575
306231,R@100,1.0
306254,nDCG@10,1.0
306254,R@100,1.0
30627,nDCG@10,0.31546487678572877
30627,R@100,1.0
306303,nDCG@10,1.0
306303,R@100,1.0
306342,nDCG@10,1.0
306342,R@100,1.0
306359,nDCG@10,0.2890648263178879
306359,R@100,1.0
306361,nDCG@10,1.0
306361,R@100,1.0
306365,nDCG@10,1.0
306365,R@100,1.0
306368,nDCG@10,0.5
306368,R@100,1.0
306393,nDCG@10,1.0
306393,R@100,1.0
306437,nDCG@10,0.6309297535714575
306437,R@100,1.0
306476,nDCG@10,0.0
306476,R@100,1.0
306533,nDCG@10,0.6257049680303419
306533,R@100,1.0
306602,nDCG@10,0.6508205185601091
306602,R@100,1.0
30661,nDCG@10,1.0
30661,R@100,1.0
306647,nDCG@10,0.0
306647,R@100,1.0
306767,nDCG@10,0.0
306767,R@100,1.0
306795,nDCG@10,1.0
306795,R@100,1.0
306806,nDCG@10,0.5
306806,R@100,1.0
306896,nDCG@10,0.6309297535714575
306896,R@100,1.0
306899,nDCG@10,1.0
306899,R@100,1.0
306923,nDCG@10,1.0
306923,R@100,1.0
306963,nDCG@10,1.0
306963,R@100,1.0
306995,nDCG@10,1.0
306995,R@100,1.0
3070,nDCG@10,1.0
3070,R@100,1.0
30700,nDCG@10,1.0
30700,R@100,1.0
307009,nDCG@10,1.0
307009,R@100,1.0
307111,nDCG@10,1.0
307111,R@100,1.0
307124,nDCG@10,0.5
307124,R@100,1.0
307148,nDCG@10,0.2890648263178879
307148,R@100,1.0
307232,nDCG@10,1.0
307232,R@100,1.0
307286,nDCG@10,0.9197207891481876
307286,R@100,1.0
307318,nDCG@10,1.0
307318,R@100,1.0
307319,nDCG@10,0.6309297535714575
307319,R@100,1.0
307389,nDCG@10,0.2890648263178879
307389,R@100,1.0
307579,nDCG@10,0.0
307579,R@100,0.0
307624,nDCG@10,1.0
307624,R@100,1.0
307648,nDCG@10,1.0
307648,R@100,1.0
307697,nDCG@10,1.0
307697,R@100,1.0
307735,nDCG@10,0.0
307735,R@100,1.0
307776,nDCG@10,0.6309297535714575
307776,R@100,1.0
307786,nDCG@10,0.34870224750355494
307786,R@100,1.0
307800,nDCG@10,1.0
307800,R@100,1.0
307987,nDCG@10,1.0
307987,R@100,1.0
308001,nDCG@10,1.0
308001,R@100,1.0
308085,nDCG@10,0.0
308085,R@100,1.0
308103,nDCG@10,1.0
308103,R@100,1.0
308122,nDCG@10,0.0
308122,R@100,1.0
308127,nDCG@10,1.0
308127,R@100,1.0
308141,nDCG@10,0.6309297535714575
308141,R@100,1.0
308196,nDCG@10,1.0
308196,R@100,1.0
308260,nDCG@10,1.0
308260,R@100,1.0
308286,nDCG@10,1.0
308286,R@100,1.0
308317,nDCG@10,0.6309297535714575
308317,R@100,1.0
30833,nDCG@10,0.0
30833,R@100,0.16666666666666666
308438,nDCG@10,0.0
308438,R@100,0.0
308492,nDCG@10,0.0
308492,R@100,1.0
3085,nDCG@10,0.4381618496756866
3085,R@100,0.75
308551,nDCG@10,0.9565912771023182
308551,R@100,1.0
308567,nDCG@10,1.0
308567,R@100,1.0
30859,nDCG@10,0.6051399156371955
30859,R@100,0.5
308591,nDCG@10,0.0
308591,R@100,0.5
30861,nDCG@10,0.5706417189553201
30861,R@100,1.0
30864,nDCG@10,0.0
30864,R@100,1.0
308663,nDCG@10,1.0
308663,R@100,1.0
308700,nDCG@10,1.0
308700,R@100,1.0
308894,nDCG@10,1.0
308894,R@100,1.0
308911,nDCG@10,1.0
308911,R@100,1.0
30893,nDCG@10,0.0
30893,R@100,0.0
308970,nDCG@10,0.31546487678572877
308970,R@100,1.0
309010,nDCG@10,1.0
309010,R@100,1.0
309075,nDCG@10,1.0
309075,R@100,1.0
309119,nDCG@10,0.5
309119,R@100,1.0
309126,nDCG@10,0.5
309126,R@100,1.0
309254,nDCG@10,1.0
309254,R@100,1.0
309273,nDCG@10,0.43067655807339306
309273,R@100,1.0
309283,nDCG@10,1.0
309283,R@100,1.0
309396,nDCG@10,0.6309297535714575
309396,R@100,1.0
309421,nDCG@10,1.0
309421,R@100,1.0
309426,nDCG@10,0.0
309426,R@100,1.0
309445,nDCG@10,1.0
309445,R@100,1.0
309528,nDCG@10,1.0
309528,R@100,1.0
309613,nDCG@10,0.0
309613,R@100,1.0
309689,nDCG@10,0.0
309689,R@100,0.6666666666666666
309720,nDCG@10,0.38685280723454163
309720,R@100,1.0
309767,nDCG@10,1.0
309767,R@100,1.0
309791,nDCG@10,0.6309297535714575
309791,R@100,1.0
309817,nDCG@10,1.0
309817,R@100,1.0
309818,nDCG@10,1.0
309818,R@100,1.0
309865,nDCG@10,0.46927872602275644
309865,R@100,1.0
309954,nDCG@10,0.6309297535714575
309954,R@100,1.0
309959,nDCG@10,0.5
309959,R@100,1.0
309978,nDCG@10,1.0
309978,R@100,1.0
310009,nDCG@10,1.0
310009,R@100,1.0
310065,nDCG@10,1.0
310065,R@100,1.0
310101,nDCG@10,1.0
310101,R@100,1.0
310159,nDCG@10,0.6309297535714575
310159,R@100,1.0
310167,nDCG@10,1.0
310167,R@100,1.0
310212,nDCG@10,0.0
310212,R@100,1.0
310220,nDCG@10,0.6309297535714575
310220,R@100,1.0
310231,nDCG@10,1.0
310231,R@100,1.0
310239,nDCG@10,0.7039180890341347
310239,R@100,1.0
310246,nDCG@10,1.0
310246,R@100,1.0
310304,nDCG@10,0.0
310304,R@100,0.0
310321,nDCG@10,1.0
310321,R@100,1.0
310340,nDCG@10,1.0
310340,R@100,1.0
310481,nDCG@10,0.5
310481,R@100,1.0
310545,nDCG@10,1.0
310545,R@100,1.0
310646,nDCG@10,0.43067655807339306
310646,R@100,1.0
310745,nDCG@10,0.0
310745,R@100,0.0
310747,nDCG@10,0.0
310747,R@100,0.0
310832,nDCG@10,0.6131471927654584
310832,R@100,0.5
310850,nDCG@10,1.0
310850,R@100,1.0
310951,nDCG@10,1.0
310951,R@100,1.0
31102,nDCG@10,0.0
31102,R@100,1.0
311031,nDCG@10,0.6309297535714575
311031,R@100,1.0
311097,nDCG@10,0.31546487678572877
311097,R@100,1.0
311107,nDCG@10,1.0
311107,R@100,1.0
311186,nDCG@10,1.0
311186,R@100,1.0
311207,nDCG@10,1.0
311207,R@100,1.0
311237,nDCG@10,1.0
311237,R@100,1.0
31133,nDCG@10,1.0
31133,R@100,1.0
311410,nDCG@10,0.38685280723454163
311410,R@100,1.0
311444,nDCG@10,1.0
311444,R@100,1.0
311447,nDCG@10,1.0
311447,R@100,1.0
311562,nDCG@10,0.3562071871080222
311562,R@100,1.0
311605,nDCG@10,0.5
311605,R@100,1.0
311897,nDCG@10,1.0
311897,R@100,1.0
31197,nDCG@10,0.0
31197,R@100,1.0
311993,nDCG@10,0.5
311993,R@100,1.0
31202,nDCG@10,1.0
31202,R@100,1.0
312026,nDCG@10,1.0
312026,R@100,1.0
312068,nDCG@10,1.0
312068,R@100,1.0
312085,nDCG@10,1.0
312085,R@100,1.0
312088,nDCG@10,0.0
312088,R@100,1.0
312114,nDCG@10,1.0
312114,R@100,1.0
31215,nDCG@10,0.8829374068620365
31215,R@100,1.0
312158,nDCG@10,0.0
312158,R@100,0.0
312267,nDCG@10,1.0
312267,R@100,1.0
31240,nDCG@10,1.0
31240,R@100,1.0
312400,nDCG@10,0.0
312400,R@100,1.0
312467,nDCG@10,0.9197207891481876
312467,R@100,1.0
312472,nDCG@10,0.5
312472,R@100,1.0
312479,nDCG@10,0.0
312479,R@100,1.0
312493,nDCG@10,1.0
312493,R@100,1.0
312512,nDCG@10,1.0
312512,R@100,1.0
312568,nDCG@10,1.0
312568,R@100,1.0
31262,nDCG@10,0.18154179253735267
31262,R@100,1.0
312685,nDCG@10,0.5640920940185894
312685,R@100,1.0
312688,nDCG@10,1.0
312688,R@100,1.0
312707,nDCG@10,0.0
312707,R@100,0.5
312838,nDCG@10,1.0
312838,R@100,1.0
312932,nDCG@10,0.3562071871080222
312932,R@100,1.0
312937,nDCG@10,1.0
312937,R@100,1.0
312955,nDCG@10,1.0
312955,R@100,1.0
312961,nDCG@10,1.0
312961,R@100,1.0
312969,nDCG@10,0.0
312969,R@100,0.0
312970,nDCG@10,0.6309297535714575
312970,R@100,1.0
313,nDCG@10,0.559008518493208
313,R@100,1.0
313043,nDCG@10,0.9197207891481876
313043,R@100,1.0
313170,nDCG@10,1.0
313170,R@100,1.0
313178,nDCG@10,0.3065735963827292
313178,R@100,1.0
31321,nDCG@10,0.31546487678572877
31321,R@100,1.0
313324,nDCG@10,1.0
313324,R@100,1.0
31337,nDCG@10,1.0
31337,R@100,1.0
313391,nDCG@10,1.0
313391,R@100,1.0
313424,nDCG@10,0.5
313424,R@100,1.0
31343,nDCG@10,0.43067655807339306
31343,R@100,1.0
313503,nDCG@10,0.5
313503,R@100,1.0
313567,nDCG@10,1.0
313567,R@100,1.0
313631,nDCG@10,1.0
313631,R@100,1.0
313732,nDCG@10,1.0
313732,R@100,1.0
31374,nDCG@10,0.0
31374,R@100,0.0
313747,nDCG@10,1.0
313747,R@100,1.0
313763,nDCG@10,0.0
313763,R@100,1.0
313819,nDCG@10,0.6934264036172708
313819,R@100,1.0
314146,nDCG@10,1.0
314146,R@100,1.0
314162,nDCG@10,1.0
314162,R@100,1.0
314177,nDCG@10,0.23719771276929622
314177,R@100,0.5
314204,nDCG@10,0.5
314204,R@100,1.0
314270,nDCG@10,0.6309297535714575
314270,R@100,1.0
314294,nDCG@10,1.0
314294,R@100,1.0
314395,nDCG@10,1.0
314395,R@100,1.0
314419,nDCG@10,0.6131471927654584
314419,R@100,1.0
314424,nDCG@10,0.7328286204777911
314424,R@100,1.0
314509,nDCG@10,0.0
314509,R@100,1.0
314539,nDCG@10,1.0
314539,R@100,1.0
31467,nDCG@10,1.0
31467,R@100,1.0
314673,nDCG@10,1.0
314673,R@100,1.0
314718,nDCG@10,1.0
314718,R@100,1.0
314760,nDCG@10,1.0
314760,R@100,1.0
314804,nDCG@10,0.3562071871080222
314804,R@100,1.0
314818,nDCG@10,1.0
314818,R@100,1.0
314840,nDCG@10,0.5
314840,R@100,1.0
314896,nDCG@10,1.0
314896,R@100,1.0
314939,nDCG@10,0.41183384043543503
314939,R@100,1.0
31494,nDCG@10,0.4800032020044255
31494,R@100,1.0
31496,nDCG@10,1.0
31496,R@100,1.0
315055,nDCG@10,1.0
315055,R@100,1.0
315346,nDCG@10,0.6309297535714575
315346,R@100,1.0
315470,nDCG@10,1.0
315470,R@100,1.0
315482,nDCG@10,1.0
315482,R@100,1.0
315496,nDCG@10,0.31546487678572877
315496,R@100,1.0
315499,nDCG@10,1.0
315499,R@100,1.0
315510,nDCG@10,0.23463936301137822
315510,R@100,0.6666666666666666
315520,nDCG@10,0.6309297535714575
315520,R@100,1.0
315549,nDCG@10,1.0
315549,R@100,1.0
315604,nDCG@10,0.11284514134893527
315604,R@100,1.0
315656,nDCG@10,1.0
315656,R@100,1.0
315707,nDCG@10,1.0
315707,R@100,1.0
315712,nDCG@10,0.0
315712,R@100,1.0
315716,nDCG@10,1.0
315716,R@100,1.0
315769,nDCG@10,1.0
315769,R@100,1.0
315773,nDCG@10,1.0
315773,R@100,1.0
315789,nDCG@10,0.8772153153380493
315789,R@100,1.0
315815,nDCG@10,1.0
315815,R@100,1.0
315895,nDCG@10,1.0
315895,R@100,1.0
316087,nDCG@10,0.0
316087,R@100,1.0
31611,nDCG@10,1.0
31611,R@100,1.0
316114,nDCG@10,1.0
316114,R@100,1.0
316168,nDCG@10,1.0
316168,R@100,1.0
316187,nDCG@10,1.0
316187,R@100,1.0
316280,nDCG@10,1.0
316280,R@100,1.0
316289,nDCG@10,0.6309297535714575
316289,R@100,1.0
316300,nDCG@10,1.0
316300,R@100,1.0
316315,nDCG@10,0.5
316315,R@100,1.0
316369,nDCG@10,0.0
316369,R@100,1.0
316394,nDCG@10,1.0
316394,R@100,1.0
316417,nDCG@10,0.3065735963827292
316417,R@100,1.0
316470,nDCG@10,1.0
316470,R@100,1.0
31657,nDCG@10,0.31546487678572877
31657,R@100,1.0
316573,nDCG@10,1.0
316573,R@100,1.0
31665,nDCG@10,1.0
31665,R@100,1.0
316679,nDCG@10,1.0
316679,R@100,1.0
316713,nDCG@10,0.0
316713,R@100,1.0
316751,nDCG@10,1.0
316751,R@100,1.0
316867,nDCG@10,1.0
316867,R@100,1.0
316873,nDCG@10,1.0
316873,R@100,1.0
316934,nDCG@10,0.5307212739772434
316934,R@100,1.0
316982,nDCG@10,0.7653606369886217
316982,R@100,1.0
317014,nDCG@10,1.0
317014,R@100,1.0
317173,nDCG@10,1.0
317173,R@100,1.0
317321,nDCG@10,0.7903864795495061
317321,R@100,1.0
317347,nDCG@10,1.0
317347,R@100,1.0
317382,nDCG@10,0.0
317382,R@100,1.0
317402,nDCG@10,1.0
317402,R@100,1.0
317459,nDCG@10,1.0
317459,R@100,1.0
317473,nDCG@10,1.0
317473,R@100,1.0
317480,nDCG@10,1.0
317480,R@100,1.0
317495,nDCG@10,0.6309297535714575
317495,R@100,1.0
31758,nDCG@10,0.9197207891481876
31758,R@100,1.0
317615,nDCG@10,1.0
317615,R@100,1.0
317704,nDCG@10,0.6509209298071326
317704,R@100,1.0
317752,nDCG@10,1.0
317752,R@100,1.0
31784,nDCG@10,1.0
31784,R@100,1.0
317874,nDCG@10,0.0
317874,R@100,0.0
317923,nDCG@10,1.0
317923,R@100,1.0
317980,nDCG@10,0.0
317980,R@100,1.0
317990,nDCG@10,0.43067655807339306
317990,R@100,1.0
318022,nDCG@10,0.2890648263178879
318022,R@100,1.0
318047,nDCG@10,0.6934264036172708
318047,R@100,1.0
318066,nDCG@10,1.0
318066,R@100,1.0
31829,nDCG@10,1.0
31829,R@100,1.0
318311,nDCG@10,1.0
318311,R@100,1.0
318346,nDCG@10,0.38685280723454163
318346,R@100,1.0
31839,nDCG@10,1.0
31839,R@100,1.0
318399,nDCG@10,0.3562071871080222
318399,R@100,1.0
318425,nDCG@10,0.8503449055347546
318425,R@100,1.0
318547,nDCG@10,0.38685280723454163
318547,R@100,1.0
318601,nDCG@10,1.0
318601,R@100,1.0
318675,nDCG@10,1.0
318675,R@100,1.0
318684,nDCG@10,1.0
318684,R@100,1.0
318703,nDCG@10,0.31546487678572877
318703,R@100,1.0
318755,nDCG@10,1.0
318755,R@100,1.0
31878,nDCG@10,1.0
31878,R@100,1.0
318799,nDCG@10,1.0
318799,R@100,1.0
318820,nDCG@10,0.5
318820,R@100,1.0
31883,nDCG@10,1.0
31883,R@100,1.0
318875,nDCG@10,1.0
318875,R@100,1.0
318943,nDCG@10,1.0
318943,R@100,1.0
31909,nDCG@10,0.9783978399515039
31909,R@100,1.0
31915,nDCG@10,1.0
31915,R@100,1.0
319175,nDCG@10,1.0
319175,R@100,1.0
319332,nDCG@10,1.0
319332,R@100,1.0
319359,nDCG@10,0.0
319359,R@100,0.0
319370,nDCG@10,0.3764290720714305
319370,R@100,1.0
319395,nDCG@10,1.0
319395,R@100,1.0
319426,nDCG@10,0.9197207891481876
319426,R@100,1.0
319490,nDCG@10,1.0
319490,R@100,1.0
319530,nDCG@10,1.0
319530,R@100,1.0
319558,nDCG@10,1.0
319558,R@100,1.0
319599,nDCG@10,0.0
319599,R@100,1.0
319622,nDCG@10,0.5
319622,R@100,1.0
319680,nDCG@10,0.0
319680,R@100,1.0
319703,nDCG@10,1.0
319703,R@100,1.0
319741,nDCG@10,0.5
319741,R@100,1.0
319838,nDCG@10,1.0
319838,R@100,1.0
319841,nDCG@10,0.5
319841,R@100,1.0
31989,nDCG@10,1.0
31989,R@100,1.0
319931,nDCG@10,0.38685280723454163
319931,R@100,1.0
320002,nDCG@10,1.0
320002,R@100,1.0
320060,nDCG@10,1.0
320060,R@100,1.0
320082,nDCG@10,1.0
320082,R@100,1.0
320103,nDCG@10,1.0
320103,R@100,1.0
320170,nDCG@10,0.6309297535714575
320170,R@100,1.0
320179,nDCG@10,1.0
320179,R@100,1.0
32018,nDCG@10,0.0
32018,R@100,1.0
320267,nDCG@10,0.0
320267,R@100,0.0
320311,nDCG@10,1.0
320311,R@100,1.0
320526,nDCG@10,1.0
320526,R@100,1.0
320578,nDCG@10,1.0
320578,R@100,1.0
32060,nDCG@10,1.0
32060,R@100,1.0
320624,nDCG@10,1.0
320624,R@100,1.0
320629,nDCG@10,1.0
320629,R@100,1.0
320652,nDCG@10,1.0
320652,R@100,1.0
320656,nDCG@10,0.3562071871080222
320656,R@100,1.0
320717,nDCG@10,1.0
320717,R@100,1.0
320773,nDCG@10,0.5
320773,R@100,1.0
32082,nDCG@10,1.0
32082,R@100,1.0
320824,nDCG@10,1.0
320824,R@100,1.0
320828,nDCG@10,1.0
320828,R@100,1.0
320842,nDCG@10,1.0
320842,R@100,1.0
320920,nDCG@10,0.19342640361727081
320920,R@100,0.5
32100,nDCG@10,1.0
32100,R@100,1.0
321025,nDCG@10,1.0
321025,R@100,1.0
321094,nDCG@10,1.0
321094,R@100,1.0
321111,nDCG@10,1.0
321111,R@100,1.0
32113,nDCG@10,0.7860137352654724
32113,R@100,1.0
321139,nDCG@10,0.6309297535714575
321139,R@100,1.0
32115,nDCG@10,0.0
32115,R@100,1.0
321155,nDCG@10,0.38685280723454163
321155,R@100,1.0
321191,nDCG@10,1.0
321191,R@100,1.0
321254,nDCG@10,1.0
321254,R@100,1.0
321280,nDCG@10,0.0
321280,R@100,1.0
321322,nDCG@10,1.0
321322,R@100,1.0
321364,nDCG@10,1.0
321364,R@100,1.0
321380,nDCG@10,1.0
321380,R@100,1.0
32142,nDCG@10,0.6131471927654584
32142,R@100,1.0
321469,nDCG@10,1.0
321469,R@100,1.0
321473,nDCG@10,1.0
321473,R@100,1.0
321601,nDCG@10,1.0
321601,R@100,1.0
321628,nDCG@10,0.6309297535714575
321628,R@100,1.0
32165,nDCG@10,0.28323251649726616
32165,R@100,0.7058823529411765
321777,nDCG@10,1.0
321777,R@100,1.0
321795,nDCG@10,0.8772153153380493
321795,R@100,1.0
321890,nDCG@10,0.3333333333333333
321890,R@100,1.0
321965,nDCG@10,1.0
321965,R@100,1.0
321989,nDCG@10,1.0
321989,R@100,1.0
321999,nDCG@10,0.17723928678404774
321999,R@100,1.0
322100,nDCG@10,0.6309297535714575
322100,R@100,1.0
322137,nDCG@10,1.0
322137,R@100,1.0
322162,nDCG@10,0.6309297535714575
322162,R@100,1.0
322304,nDCG@10,0.3010299956639812
322304,R@100,1.0
322336,nDCG@10,1.0
322336,R@100,1.0
322355,nDCG@10,0.5
322355,R@100,1.0
322409,nDCG@10,1.0
322409,R@100,1.0
322489,nDCG@10,1.0
322489,R@100,1.0
322500,nDCG@10,1.0
322500,R@100,1.0
322572,nDCG@10,1.0
322572,R@100,1.0
322591,nDCG@10,0.13565197343244778
322591,R@100,1.0
322629,nDCG@10,1.0
322629,R@100,1.0
322669,nDCG@10,1.0
322669,R@100,1.0
322671,nDCG@10,1.0
322671,R@100,1.0
322718,nDCG@10,1.0
322718,R@100,1.0
322752,nDCG@10,1.0
322752,R@100,1.0
322809,nDCG@10,0.0
322809,R@100,1.0
322854,nDCG@10,0.5802792108518124
322854,R@100,1.0
323009,nDCG@10,1.0
323009,R@100,1.0
323022,nDCG@10,1.0
323022,R@100,1.0
323164,nDCG@10,1.0
323164,R@100,1.0
323204,nDCG@10,1.0
323204,R@100,1.0
323222,nDCG@10,0.43067655807339306
323222,R@100,1.0
32323,nDCG@10,0.6309297535714575
32323,R@100,1.0
323230,nDCG@10,0.0
323230,R@100,1.0
323257,nDCG@10,1.0
323257,R@100,1.0
323362,nDCG@10,0.5
323362,R@100,1.0
323394,nDCG@10,0.0
323394,R@100,1.0
3234,nDCG@10,1.0
3234,R@100,1.0
32349,nDCG@10,0.9083745556952364
32349,R@100,1.0
323537,nDCG@10,1.0
323537,R@100,1.0
323559,nDCG@10,1.0
323559,R@100,1.0
323572,nDCG@10,1.0
323572,R@100,1.0
323605,nDCG@10,0.5
323605,R@100,1.0
323607,nDCG@10,1.0
323607,R@100,1.0
32377,nDCG@10,1.0
32377,R@100,1.0
32378,nDCG@10,1.0
32378,R@100,1.0
32383,nDCG@10,0.6309297535714575
32383,R@100,1.0
323910,nDCG@10,1.0
323910,R@100,1.0
323948,nDCG@10,0.38685280723454163
323948,R@100,1.0
323951,nDCG@10,1.0
323951,R@100,1.0
324024,nDCG@10,1.0
324024,R@100,1.0
324046,nDCG@10,1.0
324046,R@100,1.0
324103,nDCG@10,1.0
324103,R@100,1.0
324176,nDCG@10,0.0
324176,R@100,1.0
324243,nDCG@10,1.0
324243,R@100,1.0
32426,nDCG@10,0.6309297535714575
32426,R@100,1.0
324446,nDCG@10,1.0
324446,R@100,1.0
32448,nDCG@10,0.3333333333333333
32448,R@100,1.0
324487,nDCG@10,0.0
324487,R@100,0.0
324488,nDCG@10,1.0
324488,R@100,1.0
324603,nDCG@10,1.0
324603,R@100,1.0
324637,nDCG@10,0.5
324637,R@100,1.0
324643,nDCG@10,0.9197207891481876
324643,R@100,1.0
324715,nDCG@10,1.0
324715,R@100,1.0
324762,nDCG@10,0.0
324762,R@100,1.0
324895,nDCG@10,1.0
324895,R@100,1.0
324950,nDCG@10,1.0
324950,R@100,1.0
324965,nDCG@10,0.6309297535714575
324965,R@100,1.0
325013,nDCG@10,1.0
325013,R@100,1.0
325017,nDCG@10,1.0
325017,R@100,1.0
325020,nDCG@10,1.0
325020,R@100,1.0
325066,nDCG@10,1.0
325066,R@100,1.0
325095,nDCG@10,1.0
325095,R@100,1.0
325100,nDCG@10,1.0
325100,R@100,1.0
32515,nDCG@10,1.0
32515,R@100,1.0
325195,nDCG@10,0.0
325195,R@100,1.0
325348,nDCG@10,0.0
325348,R@100,1.0
325359,nDCG@10,0.6309297535714575
325359,R@100,1.0
325485,nDCG@10,1.0
325485,R@100,1.0
325510,nDCG@10,1.0
325510,R@100,1.0
325536,nDCG@10,1.0
325536,R@100,1.0
325537,nDCG@10,0.0
325537,R@100,0.5
325573,nDCG@10,0.6309297535714575
325573,R@100,1.0
325628,nDCG@10,0.6309297535714575
325628,R@100,1.0
32570,nDCG@10,0.6309297535714575
32570,R@100,1.0
325707,nDCG@10,0.0
325707,R@100,1.0
325721,nDCG@10,1.0
325721,R@100,1.0
325752,nDCG@10,0.3562071871080222
325752,R@100,1.0
325806,nDCG@10,1.0
325806,R@100,1.0
325910,nDCG@10,1.0
325910,R@100,1.0
325952,nDCG@10,0.0
325952,R@100,0.0
326049,nDCG@10,0.38685280723454163
326049,R@100,1.0
326135,nDCG@10,0.0
326135,R@100,1.0
326156,nDCG@10,0.0
326156,R@100,0.0
326164,nDCG@10,1.0
326164,R@100,1.0
326166,nDCG@10,0.3562071871080222
326166,R@100,1.0
326180,nDCG@10,0.0
326180,R@100,0.5
326214,nDCG@10,1.0
326214,R@100,1.0
326274,nDCG@10,0.5
326274,R@100,1.0
326314,nDCG@10,0.23719771276929622
326314,R@100,1.0
326419,nDCG@10,0.0
326419,R@100,0.0
326437,nDCG@10,0.0
326437,R@100,1.0
326504,nDCG@10,1.0
326504,R@100,1.0
326557,nDCG@10,1.0
326557,R@100,1.0
326607,nDCG@10,0.0
326607,R@100,1.0
326728,nDCG@10,0.6309297535714575
326728,R@100,1.0
326749,nDCG@10,1.0
326749,R@100,1.0
326759,nDCG@10,0.6309297535714575
326759,R@100,1.0
326768,nDCG@10,1.0
326768,R@100,1.0
32682,nDCG@10,1.0
32682,R@100,1.0
326891,nDCG@10,0.43067655807339306
326891,R@100,1.0
326909,nDCG@10,0.9197207891481876
326909,R@100,1.0
326943,nDCG@10,0.0
326943,R@100,1.0
326990,nDCG@10,1.0
326990,R@100,1.0
327039,nDCG@10,1.0
327039,R@100,1.0
327112,nDCG@10,1.0
327112,R@100,1.0
327152,nDCG@10,0.0
327152,R@100,1.0
327226,nDCG@10,1.0
327226,R@100,1.0
327279,nDCG@10,1.0
327279,R@100,1.0
327341,nDCG@10,1.0
327341,R@100,1.0
327400,nDCG@10,1.0
327400,R@100,1.0
32744,nDCG@10,1.0
32744,R@100,1.0
327481,nDCG@10,1.0
327481,R@100,1.0
327509,nDCG@10,1.0
327509,R@100,1.0
327601,nDCG@10,0.9197207891481876
327601,R@100,1.0
327616,nDCG@10,0.38685280723454163
327616,R@100,1.0
327664,nDCG@10,1.0
327664,R@100,1.0
327715,nDCG@10,1.0
327715,R@100,1.0
327730,nDCG@10,0.6240505200038379
327730,R@100,1.0
327768,nDCG@10,1.0
327768,R@100,1.0
327805,nDCG@10,0.0
327805,R@100,0.0
327820,nDCG@10,0.38685280723454163
327820,R@100,1.0
32786,nDCG@10,1.0
32786,R@100,1.0
327915,nDCG@10,1.0
327915,R@100,1.0
327969,nDCG@10,1.0
327969,R@100,1.0
327970,nDCG@10,0.5
327970,R@100,1.0
327981,nDCG@10,0.0
327981,R@100,0.0
328047,nDCG@10,0.0
328047,R@100,1.0
32807,nDCG@10,1.0
32807,R@100,1.0
328324,nDCG@10,0.6309297535714575
328324,R@100,1.0
328328,nDCG@10,1.0
328328,R@100,1.0
328360,nDCG@10,0.8175295903539445
328360,R@100,1.0
328373,nDCG@10,1.0
328373,R@100,1.0
328458,nDCG@10,1.0
328458,R@100,1.0
328545,nDCG@10,1.0
328545,R@100,1.0
328548,nDCG@10,0.0
328548,R@100,1.0
328563,nDCG@10,1.0
328563,R@100,1.0
328564,nDCG@10,1.0
328564,R@100,1.0
328654,nDCG@10,1.0
328654,R@100,1.0
328721,nDCG@10,0.6257049680303419
328721,R@100,0.6666666666666666
328725,nDCG@10,1.0
328725,R@100,1.0
328812,nDCG@10,0.2640681225725909
328812,R@100,1.0
328827,nDCG@10,1.0
328827,R@100,1.0
328841,nDCG@10,1.0
328841,R@100,1.0
328869,nDCG@10,1.0
328869,R@100,1.0
328939,nDCG@10,1.0
328939,R@100,1.0
328998,nDCG@10,0.43067655807339306
328998,R@100,1.0
329020,nDCG@10,1.0
329020,R@100,1.0
329090,nDCG@10,1.0
329090,R@100,1.0
329107,nDCG@10,1.0
329107,R@100,1.0
329170,nDCG@10,1.0
329170,R@100,1.0
329446,nDCG@10,0.5
329446,R@100,1.0
329542,nDCG@10,0.0
329542,R@100,1.0
329567,nDCG@10,0.3010299956639812
329567,R@100,1.0
329608,nDCG@10,0.5
329608,R@100,1.0
329699,nDCG@10,0.23463936301137822
329699,R@100,1.0
329702,nDCG@10,1.0
329702,R@100,1.0
329743,nDCG@10,1.0
329743,R@100,1.0
329746,nDCG@10,1.0
329746,R@100,1.0
329858,nDCG@10,1.0
329858,R@100,1.0
329862,nDCG@10,0.38685280723454163
329862,R@100,1.0
329873,nDCG@10,0.4227898344066503
329873,R@100,1.0
32992,nDCG@10,0.0
32992,R@100,1.0
329948,nDCG@10,1.0
329948,R@100,1.0
330110,nDCG@10,0.0
330110,R@100,1.0
330125,nDCG@10,0.6309297535714575
330125,R@100,1.0
330352,nDCG@10,0.0
330352,R@100,1.0
330356,nDCG@10,0.6309297535714575
330356,R@100,1.0
33042,nDCG@10,0.9197207891481876
33042,R@100,1.0
330467,nDCG@10,0.36181498356361597
330467,R@100,1.0
330517,nDCG@10,0.0
330517,R@100,1.0
330533,nDCG@10,0.6934264036172708
330533,R@100,1.0
330580,nDCG@10,0.3562071871080222
330580,R@100,1.0
330664,nDCG@10,0.3562071871080222
330664,R@100,1.0
330682,nDCG@10,0.43067655807339306
330682,R@100,1.0
330690,nDCG@10,1.0
330690,R@100,1.0
330741,nDCG@10,1.0
330741,R@100,1.0
330771,nDCG@10,0.0
330771,R@100,1.0
330825,nDCG@10,1.0
330825,R@100,1.0
330838,nDCG@10,1.0
330838,R@100,1.0
330854,nDCG@10,0.0
330854,R@100,1.0
33096,nDCG@10,1.0
33096,R@100,1.0
330965,nDCG@10,1.0
330965,R@100,1.0
331015,nDCG@10,0.6309297535714575
331015,R@100,1.0
331051,nDCG@10,1.0
331051,R@100,1.0
331065,nDCG@10,0.38685280723454163
331065,R@100,1.0
331067,nDCG@10,0.6131471927654584
331067,R@100,0.5
331078,nDCG@10,1.0
331078,R@100,1.0
331098,nDCG@10,0.0
331098,R@100,1.0
331133,nDCG@10,0.3010299956639812
331133,R@100,1.0
331148,nDCG@10,0.0
331148,R@100,1.0
331183,nDCG@10,0.0
331183,R@100,1.0
331241,nDCG@10,1.0
331241,R@100,1.0
331246,nDCG@10,1.0
331246,R@100,1.0
331297,nDCG@10,1.0
331297,R@100,1.0
331321,nDCG@10,1.0
331321,R@100,1.0
331416,nDCG@10,1.0
331416,R@100,1.0
331481,nDCG@10,0.38685280723454163
331481,R@100,1.0
331506,nDCG@10,1.0
331506,R@100,1.0
331597,nDCG@10,1.0
331597,R@100,1.0
331665,nDCG@10,1.0
331665,R@100,1.0
331733,nDCG@10,1.0
331733,R@100,1.0
331737,nDCG@10,1.0
331737,R@100,1.0
331749,nDCG@10,0.45749452618986164
331749,R@100,1.0
331775,nDCG@10,1.0
331775,R@100,1.0
331911,nDCG@10,0.31546487678572877
331911,R@100,1.0
332125,nDCG@10,1.0
332125,R@100,1.0
332206,nDCG@10,0.0
332206,R@100,1.0
33225,nDCG@10,0.2890648263178879
33225,R@100,1.0
332352,nDCG@10,0.5
332352,R@100,1.0
332369,nDCG@10,1.0
332369,R@100,1.0
332378,nDCG@10,0.0
332378,R@100,0.0
332419,nDCG@10,0.4367467095119258
332419,R@100,1.0
332484,nDCG@10,1.0
332484,R@100,1.0
332517,nDCG@10,0.6309297535714575
332517,R@100,1.0
332534,nDCG@10,0.9197207891481876
332534,R@100,1.0
332595,nDCG@10,1.0
332595,R@100,1.0
332629,nDCG@10,0.0
332629,R@100,1.0
332676,nDCG@10,1.0
332676,R@100,1.0
33273,nDCG@10,0.0
33273,R@100,1.0
332762,nDCG@10,0.0
332762,R@100,0.5
332773,nDCG@10,0.3562071871080222
332773,R@100,1.0
332778,nDCG@10,1.0
332778,R@100,1.0
332834,nDCG@10,1.0
332834,R@100,1.0
332844,nDCG@10,0.0
332844,R@100,1.0
332937,nDCG@10,0.9197207891481876
332937,R@100,1.0
33299,nDCG@10,0.43067655807339306
33299,R@100,1.0
333053,nDCG@10,0.6309297535714575
333053,R@100,1.0
333060,nDCG@10,1.0
333060,R@100,1.0
333096,nDCG@10,0.0
333096,R@100,0.0
33317,nDCG@10,0.7752805260144073
33317,R@100,1.0
333183,nDCG@10,1.0
333183,R@100,1.0
333200,nDCG@10,1.0
333200,R@100,1.0
333279,nDCG@10,0.6105456988825855
333279,R@100,1.0
333346,nDCG@10,0.0
333346,R@100,0.0
333351,nDCG@10,1.0
333351,R@100,1.0
333377,nDCG@10,0.38685280723454163
333377,R@100,1.0
333431,nDCG@10,0.5
333431,R@100,1.0
333468,nDCG@10,1.0
333468,R@100,1.0
333513,nDCG@10,1.0
333513,R@100,1.0
333599,nDCG@10,1.0
333599,R@100,1.0
333631,nDCG@10,0.5437713091520254
333631,R@100,1.0
333693,nDCG@10,1.0
333693,R@100,1.0
333781,nDCG@10,1.0
333781,R@100,1.0
333845,nDCG@10,0.38685280723454163
333845,R@100,1.0
334049,nDCG@10,1.0
334049,R@100,1.0
334073,nDCG@10,1.0
334073,R@100,1.0
334177,nDCG@10,1.0
334177,R@100,1.0
334180,nDCG@10,0.0
334180,R@100,1.0
334221,nDCG@10,1.0
334221,R@100,1.0
33439,nDCG@10,0.5437713091520254
33439,R@100,1.0
334446,nDCG@10,1.0
334446,R@100,1.0
334465,nDCG@10,1.0
334465,R@100,1.0
334626,nDCG@10,1.0
334626,R@100,1.0
334813,nDCG@10,0.6309297535714575
334813,R@100,1.0
334816,nDCG@10,1.0
334816,R@100,1.0
334864,nDCG@10,1.0
334864,R@100,1.0
33488,nDCG@10,0.5
33488,R@100,1.0
335031,nDCG@10,1.0
335031,R@100,1.0
335049,nDCG@10,1.0
335049,R@100,1.0
335109,nDCG@10,0.3333333333333333
335109,R@100,1.0
335218,nDCG@10,0.0
335218,R@100,0.0
33526,nDCG@10,0.6309297535714575
33526,R@100,1.0
335359,nDCG@10,1.0
335359,R@100,1.0
335423,nDCG@10,0.6309297535714575
335423,R@100,1.0
335448,nDCG@10,1.0
335448,R@100,1.0
33545,nDCG@10,0.6309297535714575
33545,R@100,1.0
335533,nDCG@10,1.0
335533,R@100,1.0
335552,nDCG@10,0.9197207891481876
335552,R@100,1.0
335560,nDCG@10,0.0
335560,R@100,0.0
335628,nDCG@10,0.0
335628,R@100,1.0
335703,nDCG@10,1.0
335703,R@100,1.0
335710,nDCG@10,0.0
335710,R@100,1.0
335781,nDCG@10,1.0
335781,R@100,1.0
335801,nDCG@10,1.0
335801,R@100,1.0
335808,nDCG@10,0.0
335808,R@100,0.0
335814,nDCG@10,1.0
335814,R@100,1.0
335836,nDCG@10,1.0
335836,R@100,1.0
33585,nDCG@10,0.5627057907248065
33585,R@100,0.8333333333333334
335897,nDCG@10,1.0
335897,R@100,1.0
336019,nDCG@10,1.0
336019,R@100,1.0
33602,nDCG@10,0.0
33602,R@100,0.5
336025,nDCG@10,0.0
336025,R@100,1.0
336033,nDCG@10,1.0
336033,R@100,1.0
336053,nDCG@10,1.0
336053,R@100,1.0
336085,nDCG@10,1.0
336085,R@100,1.0
336243,nDCG@10,1.0
336243,R@100,1.0
336263,nDCG@10,0.0
336263,R@100,1.0
3363,nDCG@10,1.0
3363,R@100,1.0
336561,nDCG@10,0.20438239758848611
336561,R@100,0.5
33657,nDCG@10,1.0
33657,R@100,1.0
336607,nDCG@10,1.0
336607,R@100,1.0
336644,nDCG@10,1.0
336644,R@100,1.0
336659,nDCG@10,1.0
336659,R@100,1.0
336718,nDCG@10,0.3065735963827292
336718,R@100,0.5
336756,nDCG@10,1.0
336756,R@100,1.0
336766,nDCG@10,1.0
336766,R@100,1.0
336857,nDCG@10,1.0
336857,R@100,1.0
33686,nDCG@10,0.2303612461053624
33686,R@100,1.0
33702,nDCG@10,1.0
33702,R@100,1.0
337100,nDCG@10,0.6131471927654584
337100,R@100,1.0
337198,nDCG@10,0.7365896932159578
337198,R@100,1.0
33720,nDCG@10,0.47254583883871204
33720,R@100,0.8333333333333334
337204,nDCG@10,0.43067655807339306
337204,R@100,1.0
337232,nDCG@10,0.0
337232,R@100,1.0
337257,nDCG@10,1.0
337257,R@100,1.0
33734,nDCG@10,0.3903800499921017
33734,R@100,0.75
337358,nDCG@10,1.0
337358,R@100,1.0
337368,nDCG@10,0.31546487678572877
337368,R@100,1.0
337426,nDCG@10,1.0
337426,R@100,1.0
337517,nDCG@10,1.0
337517,R@100,1.0
337525,nDCG@10,1.0
337525,R@100,1.0
337546,nDCG@10,0.0
337546,R@100,1.0
337603,nDCG@10,0.0
337603,R@100,1.0
337635,nDCG@10,0.3903800499921017
337635,R@100,1.0
337676,nDCG@10,1.0
337676,R@100,1.0
337721,nDCG@10,0.0
337721,R@100,1.0
337767,nDCG@10,1.0
337767,R@100,1.0
337814,nDCG@10,1.0
337814,R@100,1.0
337878,nDCG@10,1.0
337878,R@100,1.0
337881,nDCG@10,1.0
337881,R@100,1.0
337958,nDCG@10,1.0
337958,R@100,1.0
337977,nDCG@10,0.6934264036172708
337977,R@100,1.0
338063,nDCG@10,1.0
338063,R@100,1.0
338125,nDCG@10,1.0
338125,R@100,1.0
338154,nDCG@10,1.0
338154,R@100,1.0
338281,nDCG@10,1.0
338281,R@100,1.0
338373,nDCG@10,0.6131471927654584
338373,R@100,1.0
338375,nDCG@10,0.0
338375,R@100,1.0
338376,nDCG@10,0.43067655807339306
338376,R@100,1.0
338407,nDCG@10,1.0
338407,R@100,1.0
338529,nDCG@10,0.8503449055347546
338529,R@100,1.0
338622,nDCG@10,0.0
338622,R@100,0.0
338637,nDCG@10,1.0
338637,R@100,1.0
338650,nDCG@10,0.0
338650,R@100,1.0
33872,nDCG@10,1.0
33872,R@100,1.0
338741,nDCG@10,1.0
338741,R@100,1.0
338743,nDCG@10,0.30281242839865
338743,R@100,1.0
338750,nDCG@10,1.0
338750,R@100,1.0
33876,nDCG@10,1.0
33876,R@100,1.0
338820,nDCG@10,0.2890648263178879
338820,R@100,1.0
338833,nDCG@10,1.0
338833,R@100,1.0
338846,nDCG@10,1.0
338846,R@100,1.0
338853,nDCG@10,1.0
338853,R@100,1.0
33888,nDCG@10,1.0
33888,R@100,1.0
338897,nDCG@10,1.0
338897,R@100,1.0
338920,nDCG@10,0.3562071871080222
338920,R@100,1.0
338931,nDCG@10,1.0
338931,R@100,1.0
338957,nDCG@10,0.6309297535714575
338957,R@100,1.0
338976,nDCG@10,0.0
338976,R@100,1.0
338983,nDCG@10,0.6309297535714575
338983,R@100,1.0
3390,nDCG@10,0.0
3390,R@100,1.0
339117,nDCG@10,1.0
339117,R@100,1.0
339134,nDCG@10,1.0
339134,R@100,1.0
339214,nDCG@10,0.6309297535714575
339214,R@100,1.0
339323,nDCG@10,0.3562071871080222
339323,R@100,1.0
33947,nDCG@10,1.0
33947,R@100,1.0
339501,nDCG@10,1.0
339501,R@100,1.0
339569,nDCG@10,0.0
339569,R@100,0.6666666666666666
33959,nDCG@10,1.0
33959,R@100,1.0
339627,nDCG@10,0.8315546295836225
339627,R@100,1.0
339694,nDCG@10,0.6934264036172708
339694,R@100,1.0
339714,nDCG@10,0.3333333333333333
339714,R@100,1.0
339750,nDCG@10,1.0
339750,R@100,1.0
339759,nDCG@10,0.6309297535714575
339759,R@100,1.0
339779,nDCG@10,1.0
339779,R@100,1.0
339870,nDCG@10,1.0
339870,R@100,1.0
340007,nDCG@10,0.33775931993299535
340007,R@100,1.0
340039,nDCG@10,0.6309297535714575
340039,R@100,1.0
340042,nDCG@10,1.0
340042,R@100,1.0
340068,nDCG@10,0.0
340068,R@100,0.0
340081,nDCG@10,0.6309297535714575
340081,R@100,1.0
340151,nDCG@10,1.0
340151,R@100,1.0
340300,nDCG@10,1.0
340300,R@100,1.0
34040,nDCG@10,0.5437713091520254
34040,R@100,1.0
340515,nDCG@10,1.0
340515,R@100,1.0
340549,nDCG@10,1.0
340549,R@100,1.0
340561,nDCG@10,0.5706417189553201
340561,R@100,1.0
340575,nDCG@10,0.0
340575,R@100,0.6
340717,nDCG@10,1.0
340717,R@100,1.0
340721,nDCG@10,1.0
340721,R@100,1.0
340839,nDCG@10,1.0
340839,R@100,1.0
340846,nDCG@10,1.0
340846,R@100,1.0
340893,nDCG@10,0.6309297535714575
340893,R@100,1.0
340907,nDCG@10,0.6131471927654584
340907,R@100,1.0
341002,nDCG@10,0.9060254355346823
341002,R@100,1.0
341066,nDCG@10,1.0
341066,R@100,1.0
341076,nDCG@10,1.0
341076,R@100,1.0
341084,nDCG@10,1.0
341084,R@100,1.0
341166,nDCG@10,0.6309297535714575
341166,R@100,1.0
341271,nDCG@10,0.0
341271,R@100,0.0
341303,nDCG@10,0.38685280723454163
341303,R@100,1.0
341453,nDCG@10,0.0
341453,R@100,1.0
341522,nDCG@10,0.7731930041332795
341522,R@100,1.0
341525,nDCG@10,0.43067655807339306
341525,R@100,1.0
341566,nDCG@10,1.0
341566,R@100,1.0
34159,nDCG@10,0.6309297535714575
34159,R@100,1.0
341603,nDCG@10,0.0
341603,R@100,1.0
341627,nDCG@10,0.43067655807339306
341627,R@100,1.0
341656,nDCG@10,1.0
341656,R@100,1.0
341827,nDCG@10,1.0
341827,R@100,1.0
341832,nDCG@10,0.0
341832,R@100,0.0
341957,nDCG@10,1.0
341957,R@100,1.0
34198,nDCG@10,1.0
34198,R@100,1.0
342007,nDCG@10,0.6309297535714575
342007,R@100,1.0
342219,nDCG@10,1.0
342219,R@100,1.0
342249,nDCG@10,1.0
342249,R@100,1.0
342259,nDCG@10,0.6309297535714575
342259,R@100,1.0
342315,nDCG@10,1.0
342315,R@100,1.0
342334,nDCG@10,0.6309297535714575
342334,R@100,1.0
342370,nDCG@10,0.6309297535714575
342370,R@100,1.0
342444,nDCG@10,1.0
342444,R@100,1.0
342754,nDCG@10,0.0
342754,R@100,1.0
342898,nDCG@10,0.3562071871080222
342898,R@100,1.0
342951,nDCG@10,0.6309297535714575
342951,R@100,1.0
342990,nDCG@10,1.0
342990,R@100,1.0
343036,nDCG@10,0.43067655807339306
343036,R@100,1.0
343039,nDCG@10,0.0
343039,R@100,1.0
34304,nDCG@10,0.0
34304,R@100,1.0
343044,nDCG@10,1.0
343044,R@100,1.0
343061,nDCG@10,1.0
343061,R@100,1.0
343081,nDCG@10,1.0
343081,R@100,1.0
343097,nDCG@10,0.23463936301137822
343097,R@100,1.0
343120,nDCG@10,1.0
343120,R@100,1.0
343292,nDCG@10,1.0
343292,R@100,1.0
343543,nDCG@10,1.0
343543,R@100,1.0
343546,nDCG@10,1.0
343546,R@100,1.0
343619,nDCG@10,1.0
343619,R@100,1.0
343688,nDCG@10,1.0
343688,R@100,1.0
343787,nDCG@10,1.0
343787,R@100,1.0
343831,nDCG@10,1.0
343831,R@100,1.0
343858,nDCG@10,1.0
343858,R@100,1.0
343892,nDCG@10,0.46927872602275644
343892,R@100,0.6666666666666666
343939,nDCG@10,1.0
343939,R@100,1.0
343982,nDCG@10,0.5
343982,R@100,1.0
344004,nDCG@10,1.0
344004,R@100,1.0
344052,nDCG@10,0.5931729515195112
344052,R@100,1.0
344073,nDCG@10,1.0
344073,R@100,1.0
344133,nDCG@10,0.38685280723454163
344133,R@100,1.0
344222,nDCG@10,1.0
344222,R@100,1.0
344270,nDCG@10,1.0
344270,R@100,1.0
344304,nDCG@10,1.0
344304,R@100,1.0
344398,nDCG@10,1.0
344398,R@100,1.0
344472,nDCG@10,1.0
344472,R@100,1.0
34449,nDCG@10,0.0
34449,R@100,0.0
344504,nDCG@10,1.0
344504,R@100,1.0
344574,nDCG@10,1.0
344574,R@100,1.0
344600,nDCG@10,1.0
344600,R@100,1.0
344722,nDCG@10,0.5531464700081437
344722,R@100,0.8
344845,nDCG@10,1.0
344845,R@100,1.0
344933,nDCG@10,0.6309297535714575
344933,R@100,1.0
344995,nDCG@10,1.0
344995,R@100,1.0
345085,nDCG@10,1.0
345085,R@100,1.0
345136,nDCG@10,0.0
345136,R@100,0.5
345141,nDCG@10,0.6131471927654584
345141,R@100,1.0
345158,nDCG@10,1.0
345158,R@100,1.0
345163,nDCG@10,1.0
345163,R@100,1.0
345167,nDCG@10,1.0
345167,R@100,1.0
345302,nDCG@10,1.0
345302,R@100,1.0
345465,nDCG@10,0.4911492931622974
345465,R@100,1.0
345503,nDCG@10,0.0
345503,R@100,1.0
345556,nDCG@10,0.6309297535714575
345556,R@100,1.0
345558,nDCG@10,0.43067655807339306
345558,R@100,1.0
345567,nDCG@10,1.0
345567,R@100,1.0
345614,nDCG@10,0.6309297535714575
345614,R@100,1.0
345640,nDCG@10,1.0
345640,R@100,1.0
345643,nDCG@10,0.3562071871080222
345643,R@100,1.0
345712,nDCG@10,1.0
345712,R@100,1.0
34572,nDCG@10,1.0
34572,R@100,1.0
345749,nDCG@10,1.0
345749,R@100,1.0
345767,nDCG@10,1.0
345767,R@100,1.0
345770,nDCG@10,0.6309297535714575
345770,R@100,1.0
345774,nDCG@10,1.0
345774,R@100,1.0
345812,nDCG@10,1.0
345812,R@100,1.0
345825,nDCG@10,0.5
345825,R@100,1.0
345826,nDCG@10,1.0
345826,R@100,1.0
345854,nDCG@10,0.7977228895450266
345854,R@100,1.0
345932,nDCG@10,0.38685280723454163
345932,R@100,1.0
346031,nDCG@10,1.0
346031,R@100,1.0
346050,nDCG@10,1.0
346050,R@100,1.0
346058,nDCG@10,0.0
346058,R@100,1.0
346126,nDCG@10,0.0
346126,R@100,1.0
346144,nDCG@10,0.2890648263178879
346144,R@100,1.0
346149,nDCG@10,1.0
346149,R@100,1.0
346187,nDCG@10,1.0
346187,R@100,1.0
346221,nDCG@10,0.3562071871080222
346221,R@100,1.0
346402,nDCG@10,1.0
346402,R@100,1.0
346413,nDCG@10,1.0
346413,R@100,1.0
346462,nDCG@10,0.0
346462,R@100,0.0
346464,nDCG@10,1.0
346464,R@100,1.0
346471,nDCG@10,1.0
346471,R@100,1.0
34650,nDCG@10,0.0
34650,R@100,1.0
346530,nDCG@10,0.6309297535714575
346530,R@100,1.0
346662,nDCG@10,1.0
346662,R@100,1.0
346667,nDCG@10,0.5
346667,R@100,1.0
346725,nDCG@10,1.0
346725,R@100,1.0
346805,nDCG@10,0.0
346805,R@100,1.0
346907,nDCG@10,1.0
346907,R@100,1.0
346943,nDCG@10,0.5012658353418871
346943,R@100,1.0
346957,nDCG@10,1.0
346957,R@100,1.0
346970,nDCG@10,1.0
346970,R@100,1.0
346988,nDCG@10,1.0
346988,R@100,1.0
34701,nDCG@10,1.0
34701,R@100,1.0
347051,nDCG@10,1.0
347051,R@100,1.0
347098,nDCG@10,0.6309297535714575
347098,R@100,1.0
34713,nDCG@10,0.5833416105149332
34713,R@100,1.0
347146,nDCG@10,1.0
347146,R@100,1.0
347150,nDCG@10,1.0
347150,R@100,1.0
347214,nDCG@10,1.0
347214,R@100,1.0
347232,nDCG@10,0.5
347232,R@100,1.0
347275,nDCG@10,1.0
347275,R@100,1.0
347324,nDCG@10,1.0
347324,R@100,1.0
347393,nDCG@10,0.6309297535714575
347393,R@100,1.0
347395,nDCG@10,1.0
347395,R@100,1.0
3474,nDCG@10,0.37941405415148566
3474,R@100,0.75
347451,nDCG@10,0.3562071871080222
347451,R@100,1.0
347505,nDCG@10,0.38685280723454163
347505,R@100,1.0
34752,nDCG@10,1.0
34752,R@100,1.0
347544,nDCG@10,1.0
347544,R@100,1.0
347735,nDCG@10,0.31546487678572877
347735,R@100,1.0
347963,nDCG@10,1.0
347963,R@100,1.0
348048,nDCG@10,0.6309297535714575
348048,R@100,1.0
348053,nDCG@10,0.3333333333333333
348053,R@100,1.0
348204,nDCG@10,1.0
348204,R@100,1.0
348269,nDCG@10,1.0
348269,R@100,1.0
348286,nDCG@10,1.0
348286,R@100,1.0
34830,nDCG@10,0.6309297535714575
34830,R@100,1.0
348312,nDCG@10,0.6309297535714575
348312,R@100,1.0
348373,nDCG@10,0.0
348373,R@100,1.0
34838,nDCG@10,1.0
34838,R@100,1.0
348429,nDCG@10,0.0
348429,R@100,1.0
348443,nDCG@10,0.38685280723454163
348443,R@100,1.0
348594,nDCG@10,1.0
348594,R@100,1.0
34863,nDCG@10,0.5891814679034919
34863,R@100,1.0
348711,nDCG@10,1.0
348711,R@100,1.0
348754,nDCG@10,1.0
348754,R@100,1.0
348793,nDCG@10,0.0
348793,R@100,0.0
348825,nDCG@10,0.3562071871080222
348825,R@100,1.0
348845,nDCG@10,1.0
348845,R@100,1.0
348947,nDCG@10,1.0
348947,R@100,1.0
348959,nDCG@10,1.0
348959,R@100,1.0
349005,nDCG@10,0.0
349005,R@100,0.0
349092,nDCG@10,0.0
349092,R@100,0.0
349149,nDCG@10,1.0
349149,R@100,1.0
349261,nDCG@10,1.0
349261,R@100,1.0
349351,nDCG@10,0.6309297535714575
349351,R@100,1.0
349370,nDCG@10,0.0
349370,R@100,0.0
349394,nDCG@10,1.0
349394,R@100,1.0
349440,nDCG@10,1.0
349440,R@100,1.0
349446,nDCG@10,0.0
349446,R@100,1.0
349511,nDCG@10,0.0
349511,R@100,1.0
349629,nDCG@10,0.0
349629,R@100,1.0
349707,nDCG@10,0.5847876649948583
349707,R@100,1.0
349715,nDCG@10,0.0
349715,R@100,0.0
349736,nDCG@10,1.0
349736,R@100,1.0
349804,nDCG@10,0.44130740935663865
349804,R@100,1.0
349848,nDCG@10,1.0
349848,R@100,1.0
349888,nDCG@10,0.6309297535714575
349888,R@100,1.0
349983,nDCG@10,0.0
349983,R@100,1.0
349993,nDCG@10,0.0
349993,R@100,1.0
350001,nDCG@10,1.0
350001,R@100,1.0
350072,nDCG@10,1.0
350072,R@100,1.0
350076,nDCG@10,0.0
350076,R@100,0.0
350085,nDCG@10,1.0
350085,R@100,1.0
35011,nDCG@10,1.0
35011,R@100,1.0
350159,nDCG@10,0.0
350159,R@100,1.0
350353,nDCG@10,1.0
350353,R@100,1.0
350613,nDCG@10,0.9558295932317544
350613,R@100,1.0
350617,nDCG@10,1.0
350617,R@100,1.0
350699,nDCG@10,1.0
350699,R@100,1.0
350717,nDCG@10,0.7977228895450266
350717,R@100,1.0
350752,nDCG@10,1.0
350752,R@100,1.0
350766,nDCG@10,1.0
350766,R@100,1.0
350896,nDCG@10,0.7039180890341347
350896,R@100,1.0
350979,nDCG@10,0.0
350979,R@100,0.0
35106,nDCG@10,0.43067655807339306
35106,R@100,1.0
351118,nDCG@10,0.0
351118,R@100,1.0
351188,nDCG@10,1.0
351188,R@100,1.0
351249,nDCG@10,0.9197207891481876
351249,R@100,1.0
35127,nDCG@10,1.0
35127,R@100,1.0
351297,nDCG@10,0.0
351297,R@100,0.5
351360,nDCG@10,0.0
351360,R@100,1.0
351481,nDCG@10,1.0
351481,R@100,1.0
351619,nDCG@10,1.0
351619,R@100,1.0
351648,nDCG@10,1.0
351648,R@100,1.0
351692,nDCG@10,1.0
351692,R@100,1.0
351769,nDCG@10,1.0
351769,R@100,1.0
351775,nDCG@10,1.0
351775,R@100,1.0
351816,nDCG@10,1.0
351816,R@100,1.0
351957,nDCG@10,0.0
351957,R@100,1.0
351998,nDCG@10,0.6309297535714575
351998,R@100,1.0
35211,nDCG@10,1.0
35211,R@100,1.0
352120,nDCG@10,0.6131471927654584
352120,R@100,0.5
352222,nDCG@10,1.0
352222,R@100,1.0
352235,nDCG@10,1.0
352235,R@100,1.0
352272,nDCG@10,1.0
352272,R@100,1.0
352327,nDCG@10,0.0
352327,R@100,0.0
352454,nDCG@10,1.0
352454,R@100,1.0
352474,nDCG@10,1.0
352474,R@100,1.0
352552,nDCG@10,0.43067655807339306
352552,R@100,1.0
352605,nDCG@10,0.3010299956639812
352605,R@100,1.0
352621,nDCG@10,0.5
352621,R@100,1.0
352693,nDCG@10,0.2890648263178879
352693,R@100,1.0
352812,nDCG@10,0.0
352812,R@100,1.0
352830,nDCG@10,1.0
352830,R@100,1.0
35284,nDCG@10,1.0
35284,R@100,1.0
352847,nDCG@10,1.0
352847,R@100,1.0
352949,nDCG@10,1.0
352949,R@100,1.0
353023,nDCG@10,1.0
353023,R@100,1.0
353032,nDCG@10,0.0
353032,R@100,0.0
353084,nDCG@10,0.8175295903539445
353084,R@100,1.0
35315,nDCG@10,0.3235866969737877
35315,R@100,1.0
353304,nDCG@10,1.0
353304,R@100,1.0
353457,nDCG@10,1.0
353457,R@100,1.0
35351,nDCG@10,0.6309297535714575
35351,R@100,1.0
353627,nDCG@10,1.0
353627,R@100,1.0
353656,nDCG@10,1.0
353656,R@100,1.0
353761,nDCG@10,0.43067655807339306
353761,R@100,1.0
35379,nDCG@10,0.48247555939075504
35379,R@100,1.0
353795,nDCG@10,1.0
353795,R@100,1.0
353834,nDCG@10,1.0
353834,R@100,1.0
353851,nDCG@10,0.0
353851,R@100,0.0
353903,nDCG@10,0.0
353903,R@100,1.0
353915,nDCG@10,0.0
353915,R@100,1.0
353959,nDCG@10,0.5
353959,R@100,1.0
3540,nDCG@10,0.664550862590272
3540,R@100,1.0
354002,nDCG@10,0.0
354002,R@100,1.0
354129,nDCG@10,0.7653606369886217
354129,R@100,1.0
354199,nDCG@10,1.0
354199,R@100,1.0
354254,nDCG@10,0.8529278650606567
354254,R@100,1.0
354271,nDCG@10,0.31546487678572877
354271,R@100,1.0
354289,nDCG@10,0.6309297535714575
354289,R@100,1.0
354302,nDCG@10,0.48381288316677695
354302,R@100,1.0
354303,nDCG@10,1.0
354303,R@100,1.0
354348,nDCG@10,1.0
354348,R@100,1.0
35440,nDCG@10,0.0
35440,R@100,0.6
354412,nDCG@10,1.0
354412,R@100,1.0
354416,nDCG@10,0.0
354416,R@100,0.75
354454,nDCG@10,0.7967610662472993
354454,R@100,0.6428571428571429
354568,nDCG@10,1.0
354568,R@100,1.0
35461,nDCG@10,1.0
35461,R@100,1.0
354658,nDCG@10,0.6309297535714575
354658,R@100,1.0
354684,nDCG@10,1.0
354684,R@100,1.0
354726,nDCG@10,1.0
354726,R@100,1.0
354779,nDCG@10,1.0
354779,R@100,1.0
35478,nDCG@10,0.6131471927654584
35478,R@100,1.0
354782,nDCG@10,1.0
354782,R@100,1.0
354863,nDCG@10,1.0
354863,R@100,1.0
35487,nDCG@10,0.6978817289434457
35487,R@100,1.0
354881,nDCG@10,1.0
354881,R@100,1.0
354897,nDCG@10,0.0
354897,R@100,1.0
354909,nDCG@10,0.3333333333333333
354909,R@100,1.0
354945,nDCG@10,1.0
354945,R@100,1.0
354981,nDCG@10,1.0
354981,R@100,1.0
354998,nDCG@10,1.0
354998,R@100,1.0
355165,nDCG@10,0.0
355165,R@100,1.0
355187,nDCG@10,0.38685280723454163
355187,R@100,1.0
35521,nDCG@10,0.5
35521,R@100,1.0
355238,nDCG@10,0.0
355238,R@100,1.0
355284,nDCG@10,1.0
355284,R@100,1.0
355290,nDCG@10,1.0
355290,R@100,1.0
35531,nDCG@10,0.31546487678572877
35531,R@100,1.0
355455,nDCG@10,1.0
355455,R@100,1.0
35550,nDCG@10,0.8175295903539445
35550,R@100,1.0
355526,nDCG@10,1.0
355526,R@100,1.0
355586,nDCG@10,0.6309297535714575
355586,R@100,1.0
355725,nDCG@10,0.5
355725,R@100,1.0
35573,nDCG@10,0.8315546295836225
35573,R@100,1.0
355760,nDCG@10,1.0
355760,R@100,1.0
355833,nDCG@10,1.0
355833,R@100,1.0
355868,nDCG@10,0.9325210919548239
355868,R@100,1.0
355871,nDCG@10,0.6366824387328317
355871,R@100,1.0
355912,nDCG@10,0.6309297535714575
355912,R@100,1.0
356020,nDCG@10,0.0
356020,R@100,1.0
356213,nDCG@10,0.619668607939653
356213,R@100,1.0
356300,nDCG@10,1.0
356300,R@100,1.0
356315,nDCG@10,0.49818925746641285
356315,R@100,1.0
356320,nDCG@10,1.0
356320,R@100,1.0
35645,nDCG@10,0.43067655807339306
35645,R@100,1.0
3565,nDCG@10,0.31546487678572877
3565,R@100,1.0
356859,nDCG@10,0.0
356859,R@100,1.0
356944,nDCG@10,1.0
356944,R@100,1.0
356954,nDCG@10,0.0
356954,R@100,0.0
356967,nDCG@10,1.0
356967,R@100,1.0
357070,nDCG@10,1.0
357070,R@100,1.0
357236,nDCG@10,1.0
357236,R@100,1.0
3573,nDCG@10,0.0
3573,R@100,1.0
35731,nDCG@10,0.9674679834891693
35731,R@100,1.0
357315,nDCG@10,1.0
357315,R@100,1.0
357394,nDCG@10,0.38685280723454163
357394,R@100,1.0
357412,nDCG@10,1.0
357412,R@100,1.0
357458,nDCG@10,1.0
357458,R@100,1.0
357473,nDCG@10,1.0
357473,R@100,1.0
357507,nDCG@10,1.0
357507,R@100,1.0
357525,nDCG@10,0.0
357525,R@100,0.0
357544,nDCG@10,1.0
357544,R@100,1.0
35756,nDCG@10,0.9197207891481876
35756,R@100,1.0
35757,nDCG@10,0.0
35757,R@100,1.0
357584,nDCG@10,0.9197207891481876
357584,R@100,1.0
357620,nDCG@10,1.0
357620,R@100,1.0
35765,nDCG@10,1.0
35765,R@100,1.0
35772,nDCG@10,1.0
35772,R@100,1.0
357723,nDCG@10,1.0
357723,R@100,1.0
357768,nDCG@10,1.0
357768,R@100,1.0
357779,nDCG@10,0.0
357779,R@100,0.0
357901,nDCG@10,1.0
357901,R@100,1.0
35797,nDCG@10,0.8772153153380493
35797,R@100,1.0
357970,nDCG@10,1.0
357970,R@100,1.0
358191,nDCG@10,1.0
358191,R@100,1.0
358251,nDCG@10,1.0
358251,R@100,1.0
358259,nDCG@10,0.6309297535714575
358259,R@100,1.0
358332,nDCG@10,0.9469024295259745
358332,R@100,1.0
358387,nDCG@10,1.0
358387,R@100,1.0
358424,nDCG@10,1.0
358424,R@100,1.0
358517,nDCG@10,1.0
358517,R@100,1.0
358539,nDCG@10,1.0
358539,R@100,1.0
358553,nDCG@10,1.0
358553,R@100,1.0
358569,nDCG@10,0.6309297535714575
358569,R@100,1.0
358631,nDCG@10,0.6309297535714575
358631,R@100,1.0
358691,nDCG@10,1.0
358691,R@100,1.0
358714,nDCG@10,1.0
358714,R@100,1.0
358752,nDCG@10,1.0
358752,R@100,1.0
358793,nDCG@10,0.43067655807339306
358793,R@100,1.0
358848,nDCG@10,0.43067655807339306
358848,R@100,1.0
35888,nDCG@10,1.0
35888,R@100,1.0
358894,nDCG@10,0.6309297535714575
358894,R@100,1.0
358929,nDCG@10,1.0
358929,R@100,1.0
359,nDCG@10,1.0
359,R@100,1.0
359100,nDCG@10,1.0
359100,R@100,1.0
359167,nDCG@10,0.6131471927654584
359167,R@100,1.0
35919,nDCG@10,0.46927872602275644
35919,R@100,0.6666666666666666
359195,nDCG@10,1.0
359195,R@100,1.0
359304,nDCG@10,0.0
359304,R@100,0.0
359352,nDCG@10,0.5706417189553201
359352,R@100,1.0
359388,nDCG@10,0.37800210039683896
359388,R@100,1.0
359416,nDCG@10,1.0
359416,R@100,1.0
359481,nDCG@10,1.0
359481,R@100,1.0
359546,nDCG@10,0.0
359546,R@100,0.0
359550,nDCG@10,1.0
359550,R@100,1.0
359598,nDCG@10,0.6309297535714575
359598,R@100,1.0
359618,nDCG@10,0.6309297535714575
359618,R@100,1.0
359649,nDCG@10,1.0
359649,R@100,1.0
359676,nDCG@10,1.0
359676,R@100,1.0
359697,nDCG@10,1.0
359697,R@100,1.0
359749,nDCG@10,0.07979453856244817
359749,R@100,0.625
359910,nDCG@10,0.31546487678572877
359910,R@100,1.0
360004,nDCG@10,0.43067655807339306
360004,R@100,1.0
360028,nDCG@10,0.6309297535714575
360028,R@100,1.0
36004,nDCG@10,1.0
36004,R@100,1.0
360044,nDCG@10,1.0
360044,R@100,1.0
360086,nDCG@10,1.0
360086,R@100,1.0
360108,nDCG@10,1.0
360108,R@100,1.0
360115,nDCG@10,1.0
360115,R@100,1.0
360157,nDCG@10,1.0
360157,R@100,1.0
360203,nDCG@10,1.0
360203,R@100,1.0
360246,nDCG@10,1.0
360246,R@100,1.0
360282,nDCG@10,1.0
360282,R@100,1.0
360285,nDCG@10,1.0
360285,R@100,1.0
360359,nDCG@10,0.0
360359,R@100,0.0
360360,nDCG@10,0.5
360360,R@100,1.0
360448,nDCG@10,1.0
360448,R@100,1.0
360475,nDCG@10,0.6309297535714575
360475,R@100,1.0
360509,nDCG@10,0.6309297535714575
360509,R@100,1.0
360551,nDCG@10,0.0
360551,R@100,1.0
360589,nDCG@10,0.31546487678572877
360589,R@100,1.0
360610,nDCG@10,0.0
360610,R@100,1.0
360828,nDCG@10,1.0
360828,R@100,1.0
360867,nDCG@10,0.43067655807339306
360867,R@100,1.0
361001,nDCG@10,0.6309297535714575
361001,R@100,1.0
361004,nDCG@10,0.5
361004,R@100,1.0
361008,nDCG@10,1.0
361008,R@100,1.0
361102,nDCG@10,0.0
361102,R@100,1.0
361128,nDCG@10,1.0
361128,R@100,1.0
361152,nDCG@10,1.0
361152,R@100,1.0
361234,nDCG@10,0.5
361234,R@100,1.0
361238,nDCG@10,1.0
361238,R@100,1.0
361258,nDCG@10,0.5
361258,R@100,1.0
361355,nDCG@10,1.0
361355,R@100,1.0
361365,nDCG@10,1.0
361365,R@100,1.0
361380,nDCG@10,0.0
361380,R@100,1.0
361508,nDCG@10,1.0
361508,R@100,1.0
361645,nDCG@10,1.0
361645,R@100,1.0
361729,nDCG@10,0.6309297535714575
361729,R@100,1.0
361790,nDCG@10,0.0
361790,R@100,1.0
361829,nDCG@10,1.0
361829,R@100,1.0
361868,nDCG@10,1.0
361868,R@100,1.0
361878,nDCG@10,1.0
361878,R@100,1.0
361976,nDCG@10,0.6131471927654584
361976,R@100,1.0
361992,nDCG@10,0.0
361992,R@100,1.0
362009,nDCG@10,0.38685280723454163
362009,R@100,1.0
362095,nDCG@10,0.0
362095,R@100,0.5
362097,nDCG@10,1.0
362097,R@100,1.0
362126,nDCG@10,1.0
362126,R@100,1.0
362183,nDCG@10,1.0
362183,R@100,1.0
362184,nDCG@10,1.0
362184,R@100,1.0
362212,nDCG@10,1.0
362212,R@100,1.0
362231,nDCG@10,1.0
362231,R@100,1.0
362241,nDCG@10,1.0
362241,R@100,1.0
362261,nDCG@10,0.0
362261,R@100,0.0
362366,nDCG@10,1.0
362366,R@100,1.0
362398,nDCG@10,0.0
362398,R@100,0.6666666666666666
36244,nDCG@10,0.7125523635307982
36244,R@100,0.7692307692307693
362482,nDCG@10,0.3333333333333333
362482,R@100,1.0
36249,nDCG@10,1.0
36249,R@100,1.0
362503,nDCG@10,1.0
362503,R@100,1.0
362542,nDCG@10,1.0
362542,R@100,1.0
362545,nDCG@10,0.0
362545,R@100,1.0
362547,nDCG@10,0.0
362547,R@100,1.0
362750,nDCG@10,0.5
362750,R@100,1.0
362775,nDCG@10,1.0
362775,R@100,1.0
362879,nDCG@10,0.0
362879,R@100,1.0
362917,nDCG@10,0.43067655807339306
362917,R@100,1.0
362950,nDCG@10,0.4227898344066503
362950,R@100,1.0
363036,nDCG@10,0.0
363036,R@100,0.0
363075,nDCG@10,1.0
363075,R@100,1.0
363097,nDCG@10,1.0
363097,R@100,1.0
363109,nDCG@10,0.3333333333333333
363109,R@100,1.0
363201,nDCG@10,0.0
363201,R@100,1.0
363411,nDCG@10,0.0
363411,R@100,0.6666666666666666
363428,nDCG@10,0.0
363428,R@100,0.0
363459,nDCG@10,1.0
363459,R@100,1.0
363462,nDCG@10,1.0
363462,R@100,1.0
363476,nDCG@10,1.0
363476,R@100,1.0
363483,nDCG@10,0.43067655807339306
363483,R@100,1.0
363548,nDCG@10,1.0
363548,R@100,1.0
363604,nDCG@10,0.6309297535714575
363604,R@100,1.0
363640,nDCG@10,0.6309297535714575
363640,R@100,1.0
363649,nDCG@10,0.20438239758848611
363649,R@100,1.0
363658,nDCG@10,1.0
363658,R@100,1.0
363709,nDCG@10,1.0
363709,R@100,1.0
363748,nDCG@10,0.0
363748,R@100,0.0
363752,nDCG@10,1.0
363752,R@100,1.0
363778,nDCG@10,1.0
363778,R@100,1.0
363826,nDCG@10,1.0
363826,R@100,1.0
36384,nDCG@10,0.0
36384,R@100,1.0
363938,nDCG@10,1.0
363938,R@100,1.0
363961,nDCG@10,0.5
363961,R@100,1.0
364017,nDCG@10,1.0
364017,R@100,1.0
364169,nDCG@10,1.0
364169,R@100,1.0
364188,nDCG@10,0.0
364188,R@100,1.0
364199,nDCG@10,0.6131471927654584
364199,R@100,1.0
36437,nDCG@10,0.7106752765782569
36437,R@100,1.0
364398,nDCG@10,0.3562071871080222
364398,R@100,1.0
364418,nDCG@10,1.0
364418,R@100,1.0
364425,nDCG@10,0.0
364425,R@100,0.0
36445,nDCG@10,1.0
36445,R@100,1.0
364569,nDCG@10,1.0
364569,R@100,1.0
364572,nDCG@10,0.5
364572,R@100,1.0
364642,nDCG@10,1.0
364642,R@100,1.0
364686,nDCG@10,1.0
364686,R@100,1.0
364766,nDCG@10,1.0
364766,R@100,1.0
364894,nDCG@10,1.0
364894,R@100,1.0
364972,nDCG@10,0.6934264036172708
364972,R@100,1.0
365016,nDCG@10,1.0
365016,R@100,1.0
365084,nDCG@10,1.0
365084,R@100,1.0
365090,nDCG@10,0.2890648263178879
365090,R@100,1.0
365240,nDCG@10,1.0
365240,R@100,1.0
365363,nDCG@10,1.0
365363,R@100,1.0
365389,nDCG@10,1.0
365389,R@100,1.0
3654,nDCG@10,1.0
3654,R@100,1.0
365408,nDCG@10,1.0
365408,R@100,1.0
365457,nDCG@10,0.6309297535714575
365457,R@100,1.0
365605,nDCG@10,1.0
365605,R@100,1.0
365688,nDCG@10,1.0
365688,R@100,1.0
365730,nDCG@10,0.5706417189553201
365730,R@100,1.0
365876,nDCG@10,0.6309297535714575
365876,R@100,1.0
365881,nDCG@10,1.0
365881,R@100,1.0
365908,nDCG@10,0.6309297535714575
365908,R@100,1.0
365925,nDCG@10,0.3333333333333333
365925,R@100,1.0
366021,nDCG@10,1.0
366021,R@100,1.0
366086,nDCG@10,0.0
366086,R@100,1.0
366112,nDCG@10,0.5723986829443736
366112,R@100,1.0
366128,nDCG@10,1.0
366128,R@100,1.0
366225,nDCG@10,1.0
366225,R@100,1.0
366227,nDCG@10,1.0
366227,R@100,1.0
366262,nDCG@10,0.0
366262,R@100,1.0
366396,nDCG@10,1.0
366396,R@100,1.0
366507,nDCG@10,0.6309297535714575
366507,R@100,1.0
366617,nDCG@10,1.0
366617,R@100,1.0
366673,nDCG@10,1.0
366673,R@100,1.0
366680,nDCG@10,0.0
366680,R@100,1.0
36675,nDCG@10,1.0
36675,R@100,1.0
366753,nDCG@10,0.3562071871080222
366753,R@100,1.0
366773,nDCG@10,1.0
366773,R@100,1.0
366899,nDCG@10,1.0
366899,R@100,1.0
367078,nDCG@10,1.0
367078,R@100,1.0
36712,nDCG@10,1.0
36712,R@100,1.0
367120,nDCG@10,1.0
367120,R@100,1.0
367271,nDCG@10,0.3333333333333333
367271,R@100,1.0
367420,nDCG@10,0.7653606369886217
367420,R@100,1.0
367436,nDCG@10,0.31546487678572877
367436,R@100,1.0
367549,nDCG@10,1.0
367549,R@100,1.0
367554,nDCG@10,1.0
367554,R@100,1.0
367599,nDCG@10,1.0
367599,R@100,1.0
367695,nDCG@10,1.0
367695,R@100,1.0
367776,nDCG@10,1.0
367776,R@100,1.0
367784,nDCG@10,1.0
367784,R@100,1.0
367786,nDCG@10,1.0
367786,R@100,1.0
367803,nDCG@10,1.0
367803,R@100,1.0
367876,nDCG@10,1.0
367876,R@100,1.0
368049,nDCG@10,0.44149241373678083
368049,R@100,1.0
36809,nDCG@10,0.0
36809,R@100,1.0
368092,nDCG@10,0.43067655807339306
368092,R@100,1.0
36815,nDCG@10,1.0
36815,R@100,1.0
368190,nDCG@10,0.0
368190,R@100,0.5
368295,nDCG@10,1.0
368295,R@100,1.0
368296,nDCG@10,1.0
368296,R@100,1.0
368328,nDCG@10,1.0
368328,R@100,1.0
368347,nDCG@10,0.19342640361727081
368347,R@100,1.0
368533,nDCG@10,1.0
368533,R@100,1.0
368605,nDCG@10,1.0
368605,R@100,1.0
368625,nDCG@10,0.0
368625,R@100,1.0
368631,nDCG@10,1.0
368631,R@100,1.0
368692,nDCG@10,0.6309297535714575
368692,R@100,1.0
36870,nDCG@10,0.8886733622104969
36870,R@100,1.0
368700,nDCG@10,0.0
368700,R@100,1.0
368736,nDCG@10,0.0
368736,R@100,1.0
368765,nDCG@10,1.0
368765,R@100,1.0
368771,nDCG@10,1.0
368771,R@100,1.0
368817,nDCG@10,1.0
368817,R@100,1.0
368896,nDCG@10,1.0
368896,R@100,1.0
368926,nDCG@10,1.0
368926,R@100,1.0
36907,nDCG@10,0.6509209298071326
36907,R@100,1.0
369121,nDCG@10,0.31546487678572877
369121,R@100,1.0
369142,nDCG@10,0.0
369142,R@100,1.0
369329,nDCG@10,1.0
369329,R@100,1.0
369334,nDCG@10,1.0
369334,R@100,1.0
369337,nDCG@10,1.0
369337,R@100,1.0
369345,nDCG@10,0.6309297535714575
369345,R@100,1.0
369375,nDCG@10,0.5
369375,R@100,1.0
369378,nDCG@10,1.0
369378,R@100,1.0
369458,nDCG@10,1.0
369458,R@100,1.0
369510,nDCG@10,1.0
369510,R@100,1.0
369537,nDCG@10,0.38685280723454163
369537,R@100,1.0
36955,nDCG@10,1.0
36955,R@100,1.0
369602,nDCG@10,0.0
369602,R@100,1.0
369655,nDCG@10,1.0
369655,R@100,1.0
36970,nDCG@10,1.0
36970,R@100,1.0
369720,nDCG@10,0.5
369720,R@100,1.0
369725,nDCG@10,0.0
369725,R@100,0.0
369785,nDCG@10,1.0
369785,R@100,1.0
369818,nDCG@10,1.0
369818,R@100,1.0
369863,nDCG@10,1.0
369863,R@100,1.0
369868,nDCG@10,1.0
369868,R@100,1.0
369945,nDCG@10,1.0
369945,R@100,1.0
369988,nDCG@10,1.0
369988,R@100,1.0
370018,nDCG@10,0.6309297535714575
370018,R@100,1.0
370083,nDCG@10,1.0
370083,R@100,1.0
370085,nDCG@10,1.0
370085,R@100,1.0
370103,nDCG@10,1.0
370103,R@100,1.0
370137,nDCG@10,0.0
370137,R@100,1.0
370153,nDCG@10,0.5
370153,R@100,1.0
370156,nDCG@10,0.38685280723454163
370156,R@100,1.0
370170,nDCG@10,1.0
370170,R@100,1.0
370194,nDCG@10,1.0
370194,R@100,1.0
370256,nDCG@10,1.0
370256,R@100,1.0
370330,nDCG@10,0.23719771276929622
370330,R@100,0.5
370417,nDCG@10,1.0
370417,R@100,1.0
370448,nDCG@10,1.0
370448,R@100,1.0
370549,nDCG@10,1.0
370549,R@100,1.0
370644,nDCG@10,0.6309297535714575
370644,R@100,1.0
370656,nDCG@10,1.0
370656,R@100,1.0
370725,nDCG@10,0.0
370725,R@100,1.0
370738,nDCG@10,1.0
370738,R@100,1.0
370822,nDCG@10,1.0
370822,R@100,1.0
370959,nDCG@10,0.7977228895450266
370959,R@100,1.0
371022,nDCG@10,1.0
371022,R@100,1.0
371039,nDCG@10,1.0
371039,R@100,1.0
371127,nDCG@10,1.0
371127,R@100,1.0
371162,nDCG@10,0.6309297535714575
371162,R@100,1.0
371203,nDCG@10,0.0
371203,R@100,0.0
371280,nDCG@10,0.43067655807339306
371280,R@100,1.0
371369,nDCG@10,1.0
371369,R@100,1.0
37145,nDCG@10,0.46927872602275644
37145,R@100,1.0
371503,nDCG@10,1.0
371503,R@100,1.0
371522,nDCG@10,0.0
371522,R@100,1.0
371575,nDCG@10,0.0
371575,R@100,1.0
371614,nDCG@10,1.0
371614,R@100,1.0
371638,nDCG@10,1.0
371638,R@100,1.0
371641,nDCG@10,1.0
371641,R@100,1.0
371647,nDCG@10,1.0
371647,R@100,1.0
37171,nDCG@10,0.0
37171,R@100,1.0
371813,nDCG@10,0.6049306994552042
371813,R@100,0.6666666666666666
371841,nDCG@10,1.0
371841,R@100,1.0
371895,nDCG@10,0.7757386182436072
371895,R@100,1.0
371964,nDCG@10,1.0
371964,R@100,1.0
371990,nDCG@10,0.9197207891481876
371990,R@100,1.0
372038,nDCG@10,0.6509209298071326
372038,R@100,1.0
372092,nDCG@10,0.0
372092,R@100,1.0
372117,nDCG@10,0.0
372117,R@100,1.0
372177,nDCG@10,1.0
372177,R@100,1.0
372186,nDCG@10,1.0
372186,R@100,1.0
372198,nDCG@10,1.0
372198,R@100,1.0
372209,nDCG@10,0.6131471927654584
372209,R@100,1.0
372210,nDCG@10,1.0
372210,R@100,1.0
372337,nDCG@10,1.0
372337,R@100,1.0
372358,nDCG@10,1.0
372358,R@100,1.0
372370,nDCG@10,0.0
372370,R@100,1.0
372376,nDCG@10,1.0
372376,R@100,1.0
372544,nDCG@10,0.3562071871080222
372544,R@100,1.0
372576,nDCG@10,1.0
372576,R@100,1.0
372579,nDCG@10,1.0
372579,R@100,1.0
372688,nDCG@10,1.0
372688,R@100,1.0
37270,nDCG@10,1.0
37270,R@100,1.0
372747,nDCG@10,1.0
372747,R@100,1.0
372754,nDCG@10,0.5
372754,R@100,1.0
372772,nDCG@10,1.0
372772,R@100,1.0
372779,nDCG@10,0.0
372779,R@100,0.0
372843,nDCG@10,0.5
372843,R@100,1.0
372845,nDCG@10,0.6309297535714575
372845,R@100,1.0
372875,nDCG@10,1.0
372875,R@100,1.0
372915,nDCG@10,1.0
372915,R@100,1.0
372943,nDCG@10,0.43067655807339306
372943,R@100,1.0
37298,nDCG@10,0.5706417189553201
37298,R@100,1.0
372986,nDCG@10,0.9197207891481876
372986,R@100,1.0
373045,nDCG@10,0.0
373045,R@100,1.0
373186,nDCG@10,0.0
373186,R@100,1.0
373256,nDCG@10,0.7653606369886217
373256,R@100,1.0
373262,nDCG@10,1.0
373262,R@100,1.0
373331,nDCG@10,0.6309297535714575
373331,R@100,1.0
373427,nDCG@10,1.0
373427,R@100,1.0
373434,nDCG@10,1.0
373434,R@100,1.0
373535,nDCG@10,0.5
373535,R@100,1.0
373568,nDCG@10,1.0
373568,R@100,1.0
373618,nDCG@10,1.0
373618,R@100,1.0
373622,nDCG@10,1.0
373622,R@100,1.0
373628,nDCG@10,1.0
373628,R@100,1.0
373681,nDCG@10,1.0
373681,R@100,1.0
37370,nDCG@10,0.0
37370,R@100,1.0
37377,nDCG@10,1.0
37377,R@100,1.0
373777,nDCG@10,0.0
373777,R@100,0.0
373816,nDCG@10,1.0
373816,R@100,1.0
373819,nDCG@10,1.0
373819,R@100,1.0
373839,nDCG@10,0.6309297535714575
373839,R@100,1.0
373858,nDCG@10,0.6309297535714575
373858,R@100,1.0
373872,nDCG@10,1.0
373872,R@100,1.0
373874,nDCG@10,1.0
373874,R@100,1.0
373887,nDCG@10,1.0
373887,R@100,1.0
374049,nDCG@10,1.0
374049,R@100,1.0
374071,nDCG@10,1.0
374071,R@100,1.0
374080,nDCG@10,1.0
374080,R@100,1.0
37415,nDCG@10,0.6309297535714575
37415,R@100,1.0
374256,nDCG@10,0.0
374256,R@100,1.0
374283,nDCG@10,1.0
374283,R@100,1.0
374306,nDCG@10,1.0
374306,R@100,1.0
374367,nDCG@10,1.0
374367,R@100,1.0
374443,nDCG@10,0.3333333333333333
374443,R@100,1.0
37449,nDCG@10,1.0
37449,R@100,1.0
37463,nDCG@10,1.0
37463,R@100,1.0
374687,nDCG@10,1.0
374687,R@100,1.0
374700,nDCG@10,0.6309297535714575
374700,R@100,1.0
374761,nDCG@10,0.39780880120575696
374761,R@100,1.0
374767,nDCG@10,0.2890648263178879
374767,R@100,1.0
37479,nDCG@10,0.9197207891481876
37479,R@100,1.0
374814,nDCG@10,1.0
374814,R@100,1.0
374952,nDCG@10,1.0
374952,R@100,1.0
374961,nDCG@10,0.0
374961,R@100,0.0
375017,nDCG@10,0.3333333333333333
375017,R@100,1.0
37504,nDCG@10,0.09109240322345806
37504,R@100,0.8333333333333334
375050,nDCG@10,1.0
375050,R@100,1.0
375091,nDCG@10,1.0
375091,R@100,1.0
37516,nDCG@10,1.0
37516,R@100,1.0
375162,nDCG@10,0.5
375162,R@100,1.0
375235,nDCG@10,1.0
375235,R@100,1.0
375244,nDCG@10,1.0
375244,R@100,1.0
375290,nDCG@10,1.0
375290,R@100,1.0
375291,nDCG@10,1.0
375291,R@100,1.0
375304,nDCG@10,0.0
375304,R@100,0.0
375396,nDCG@10,1.0
375396,R@100,1.0
375470,nDCG@10,1.0
375470,R@100,1.0
375510,nDCG@10,0.5
375510,R@100,1.0
375514,nDCG@10,1.0
375514,R@100,1.0
375517,nDCG@10,1.0
375517,R@100,1.0
375585,nDCG@10,1.0
375585,R@100,1.0
375705,nDCG@10,0.4899692203633839
375705,R@100,1.0
375725,nDCG@10,1.0
375725,R@100,1.0
375732,nDCG@10,0.6309297535714575
375732,R@100,1.0
375772,nDCG@10,1.0
375772,R@100,1.0
375822,nDCG@10,0.9197207891481876
375822,R@100,1.0
375824,nDCG@10,1.0
375824,R@100,1.0
37584,nDCG@10,1.0
37584,R@100,1.0
375861,nDCG@10,0.0
375861,R@100,0.0
376046,nDCG@10,1.0
376046,R@100,1.0
376057,nDCG@10,0.6309297535714575
376057,R@100,1.0
376071,nDCG@10,1.0
376071,R@100,1.0
376081,nDCG@10,1.0
376081,R@100,1.0
376108,nDCG@10,0.3333333333333333
376108,R@100,1.0
37615,nDCG@10,1.0
37615,R@100,1.0
376183,nDCG@10,0.6309297535714575
376183,R@100,1.0
376217,nDCG@10,0.6309297535714575
376217,R@100,1.0
376234,nDCG@10,0.3065735963827292
376234,R@100,1.0
376272,nDCG@10,1.0
376272,R@100,1.0
376343,nDCG@10,0.7598336331031966
376343,R@100,1.0
376357,nDCG@10,0.9197207891481876
376357,R@100,1.0
3764,nDCG@10,1.0
3764,R@100,1.0
376407,nDCG@10,1.0
376407,R@100,1.0
37641,nDCG@10,1.0
37641,R@100,1.0
376469,nDCG@10,1.0
376469,R@100,1.0
37649,nDCG@10,0.6309297535714575
37649,R@100,1.0
37657,nDCG@10,1.0
37657,R@100,1.0
3766,nDCG@10,0.0
3766,R@100,1.0
376626,nDCG@10,1.0
376626,R@100,1.0
376647,nDCG@10,1.0
376647,R@100,1.0
376678,nDCG@10,1.0
376678,R@100,1.0
376713,nDCG@10,0.5
376713,R@100,1.0
376719,nDCG@10,1.0
376719,R@100,1.0
376748,nDCG@10,1.0
376748,R@100,1.0
37682,nDCG@10,0.933745776545611
37682,R@100,0.9090909090909091
376833,nDCG@10,1.0
376833,R@100,1.0
376891,nDCG@10,0.0
376891,R@100,0.0
37695,nDCG@10,0.7236474811245707
37695,R@100,0.8333333333333334
376997,nDCG@10,0.9197207891481876
376997,R@100,1.0
3770,nDCG@10,1.0
3770,R@100,1.0
377207,nDCG@10,1.0
377207,R@100,1.0
377289,nDCG@10,1.0
377289,R@100,1.0
377329,nDCG@10,0.43067655807339306
377329,R@100,1.0
37735,nDCG@10,0.5
37735,R@100,1.0
377359,nDCG@10,0.6309297535714575
377359,R@100,1.0
377385,nDCG@10,1.0
377385,R@100,1.0
37739,nDCG@10,1.0
37739,R@100,1.0
377408,nDCG@10,0.0
377408,R@100,1.0
377438,nDCG@10,0.6309297535714575
377438,R@100,1.0
377463,nDCG@10,1.0
377463,R@100,1.0
377501,nDCG@10,1.0
377501,R@100,1.0
377605,nDCG@10,0.3010299956639812
377605,R@100,1.0
377711,nDCG@10,0.6131471927654584
377711,R@100,1.0
377726,nDCG@10,1.0
377726,R@100,1.0
377849,nDCG@10,0.38685280723454163
377849,R@100,1.0
377861,nDCG@10,0.4227898344066503
377861,R@100,1.0
377881,nDCG@10,0.0
377881,R@100,0.0
377917,nDCG@10,0.4103915680233244
377917,R@100,0.8333333333333334
37792,nDCG@10,1.0
37792,R@100,1.0
378072,nDCG@10,1.0
378072,R@100,1.0
378085,nDCG@10,1.0
378085,R@100,1.0
378102,nDCG@10,1.0
378102,R@100,1.0
378173,nDCG@10,0.5012658353418871
378173,R@100,1.0
378180,nDCG@10,0.21398626473452756
378180,R@100,0.8
378184,nDCG@10,1.0
378184,R@100,1.0
378221,nDCG@10,1.0
378221,R@100,1.0
37823,nDCG@10,0.0
37823,R@100,1.0
378238,nDCG@10,1.0
378238,R@100,1.0
378246,nDCG@10,0.6309297535714575
378246,R@100,1.0
378264,nDCG@10,1.0
378264,R@100,1.0
378325,nDCG@10,1.0
378325,R@100,1.0
378332,nDCG@10,1.0
378332,R@100,1.0
378382,nDCG@10,0.3010299956639812
378382,R@100,1.0
378397,nDCG@10,1.0
378397,R@100,1.0
378399,nDCG@10,1.0
378399,R@100,1.0
378462,nDCG@10,1.0
378462,R@100,1.0
378484,nDCG@10,1.0
378484,R@100,1.0
378485,nDCG@10,0.0
378485,R@100,0.0
37849,nDCG@10,0.8175295903539445
37849,R@100,1.0
378492,nDCG@10,0.43067655807339306
378492,R@100,1.0
37852,nDCG@10,0.4144299250118475
37852,R@100,1.0
378530,nDCG@10,1.0
378530,R@100,1.0
378571,nDCG@10,1.0
378571,R@100,1.0
378583,nDCG@10,1.0
378583,R@100,1.0
378589,nDCG@10,1.0
378589,R@100,1.0
378591,nDCG@10,0.6309297535714575
378591,R@100,1.0
378596,nDCG@10,1.0
378596,R@100,1.0
37860,nDCG@10,1.0
37860,R@100,1.0
378611,nDCG@10,1.0
378611,R@100,1.0
378686,nDCG@10,1.0
378686,R@100,1.0
378722,nDCG@10,1.0
378722,R@100,1.0
37873,nDCG@10,0.0
37873,R@100,1.0
378730,nDCG@10,1.0
378730,R@100,1.0
378750,nDCG@10,0.3010299956639812
378750,R@100,1.0
37878,nDCG@10,1.0
37878,R@100,1.0
378821,nDCG@10,1.0
378821,R@100,1.0
378830,nDCG@10,0.38685280723454163
378830,R@100,1.0
378869,nDCG@10,1.0
378869,R@100,1.0
3789,nDCG@10,1.0
3789,R@100,1.0
378927,nDCG@10,0.6934264036172708
378927,R@100,1.0
378956,nDCG@10,1.0
378956,R@100,1.0
379169,nDCG@10,1.0
379169,R@100,1.0
379182,nDCG@10,1.0
379182,R@100,1.0
379217,nDCG@10,0.5
379217,R@100,1.0
37923,nDCG@10,0.0
37923,R@100,1.0
379294,nDCG@10,1.0
379294,R@100,1.0
379385,nDCG@10,1.0
379385,R@100,1.0
379445,nDCG@10,0.5
379445,R@100,1.0
379510,nDCG@10,0.0
379510,R@100,1.0
37952,nDCG@10,0.6309297535714575
37952,R@100,1.0
379531,nDCG@10,1.0
379531,R@100,1.0
379553,nDCG@10,1.0
379553,R@100,1.0
379828,nDCG@10,0.6131471927654584
379828,R@100,1.0
379898,nDCG@10,1.0
379898,R@100,1.0
379956,nDCG@10,1.0
379956,R@100,1.0
379962,nDCG@10,0.0
379962,R@100,1.0
380019,nDCG@10,0.38685280723454163
380019,R@100,1.0
380034,nDCG@10,0.0
380034,R@100,0.5
380084,nDCG@10,1.0
380084,R@100,1.0
38018,nDCG@10,1.0
38018,R@100,1.0
380278,nDCG@10,0.38685280723454163
380278,R@100,1.0
380293,nDCG@10,0.9197207891481876
380293,R@100,1.0
3803,nDCG@10,1.0
3803,R@100,1.0
380332,nDCG@10,0.6131471927654584
380332,R@100,1.0
380355,nDCG@10,0.6309297535714575
380355,R@100,1.0
38036,nDCG@10,1.0
38036,R@100,1.0
38041,nDCG@10,0.0
38041,R@100,1.0
380432,nDCG@10,1.0
380432,R@100,1.0
380511,nDCG@10,1.0
380511,R@100,1.0
38062,nDCG@10,0.3038377318600772
38062,R@100,0.6666666666666666
380664,nDCG@10,0.0
380664,R@100,1.0
380721,nDCG@10,1.0
380721,R@100,1.0
380801,nDCG@10,1.0
380801,R@100,1.0
380815,nDCG@10,1.0
380815,R@100,1.0
381032,nDCG@10,1.0
381032,R@100,1.0
381076,nDCG@10,0.6309297535714575
381076,R@100,1.0
381121,nDCG@10,1.0
381121,R@100,1.0
381135,nDCG@10,0.0
381135,R@100,1.0
381301,nDCG@10,0.3333333333333333
381301,R@100,1.0
381324,nDCG@10,1.0
381324,R@100,1.0
381447,nDCG@10,1.0
381447,R@100,1.0
381462,nDCG@10,0.6508205185601091
381462,R@100,1.0
381541,nDCG@10,1.0
381541,R@100,1.0
381605,nDCG@10,1.0
381605,R@100,1.0
381673,nDCG@10,1.0
381673,R@100,1.0
38169,nDCG@10,1.0
38169,R@100,1.0
381759,nDCG@10,1.0
381759,R@100,1.0
3818,nDCG@10,0.0
3818,R@100,1.0
381809,nDCG@10,1.0
381809,R@100,1.0
381852,nDCG@10,1.0
381852,R@100,1.0
381962,nDCG@10,0.0
381962,R@100,1.0
382167,nDCG@10,1.0
382167,R@100,1.0
382256,nDCG@10,0.0
382256,R@100,0.0
382264,nDCG@10,0.6131471927654584
382264,R@100,1.0
382406,nDCG@10,1.0
382406,R@100,1.0
382500,nDCG@10,1.0
382500,R@100,1.0
382567,nDCG@10,1.0
382567,R@100,1.0
382588,nDCG@10,1.0
382588,R@100,1.0
38260,nDCG@10,0.2529427027676571
38260,R@100,0.75
38264,nDCG@10,0.7903864795495061
38264,R@100,1.0
382713,nDCG@10,1.0
382713,R@100,1.0
382835,nDCG@10,0.0
382835,R@100,1.0
382902,nDCG@10,0.0
382902,R@100,0.0
383047,nDCG@10,1.0
383047,R@100,1.0
383169,nDCG@10,1.0
383169,R@100,1.0
383218,nDCG@10,1.0
383218,R@100,1.0
383252,nDCG@10,1.0
383252,R@100,1.0
383298,nDCG@10,1.0
383298,R@100,1.0
383390,nDCG@10,1.0
383390,R@100,1.0
383443,nDCG@10,1.0
383443,R@100,1.0
383485,nDCG@10,1.0
383485,R@100,1.0
383511,nDCG@10,0.23719771276929622
383511,R@100,0.5
383571,nDCG@10,0.9705437052559006
383571,R@100,1.0
383621,nDCG@10,0.3010299956639812
383621,R@100,1.0
383669,nDCG@10,1.0
383669,R@100,1.0
383675,nDCG@10,1.0
383675,R@100,1.0
383683,nDCG@10,1.0
383683,R@100,1.0
383766,nDCG@10,1.0
383766,R@100,1.0
383822,nDCG@10,1.0
383822,R@100,1.0
38387,nDCG@10,0.0
38387,R@100,1.0
383875,nDCG@10,1.0
383875,R@100,1.0
38388,nDCG@10,1.0
38388,R@100,1.0
383972,nDCG@10,1.0
383972,R@100,1.0
384013,nDCG@10,0.6309297535714575
384013,R@100,1.0
384058,nDCG@10,1.0
384058,R@100,1.0
384126,nDCG@10,0.5
384126,R@100,1.0
384191,nDCG@10,1.0
384191,R@100,1.0
384241,nDCG@10,0.2890648263178879
384241,R@100,1.0
38428,nDCG@10,1.0
38428,R@100,1.0
384364,nDCG@10,1.0
384364,R@100,1.0
384372,nDCG@10,0.3333333333333333
384372,R@100,1.0
384417,nDCG@10,1.0
384417,R@100,1.0
384437,nDCG@10,0.31546487678572877
384437,R@100,1.0
384460,nDCG@10,1.0
384460,R@100,1.0
38450,nDCG@10,0.23365080824310533
38450,R@100,0.5625
384503,nDCG@10,1.0
384503,R@100,1.0
384514,nDCG@10,1.0
384514,R@100,1.0
384522,nDCG@10,0.3065735963827292
384522,R@100,1.0
384572,nDCG@10,0.5
384572,R@100,1.0
384735,nDCG@10,1.0
384735,R@100,1.0
384804,nDCG@10,0.0
384804,R@100,1.0
384872,nDCG@10,1.0
384872,R@100,1.0
384893,nDCG@10,1.0
384893,R@100,1.0
384963,nDCG@10,0.6309297535714575
384963,R@100,1.0
384995,nDCG@10,0.23463936301137822
384995,R@100,1.0
385018,nDCG@10,0.31546487678572877
385018,R@100,1.0
385135,nDCG@10,1.0
385135,R@100,1.0
385184,nDCG@10,1.0
385184,R@100,1.0
385293,nDCG@10,0.6309297535714575
385293,R@100,1.0
3853,nDCG@10,0.0
3853,R@100,0.0
385329,nDCG@10,0.6309297535714575
385329,R@100,1.0
385422,nDCG@10,0.6394562303262419
385422,R@100,1.0
385443,nDCG@10,0.3010299956639812
385443,R@100,1.0
385525,nDCG@10,0.0
385525,R@100,1.0
385658,nDCG@10,1.0
385658,R@100,1.0
385771,nDCG@10,1.0
385771,R@100,1.0
385839,nDCG@10,0.2890648263178879
385839,R@100,1.0
385954,nDCG@10,1.0
385954,R@100,1.0
385956,nDCG@10,1.0
385956,R@100,1.0
386021,nDCG@10,0.6309297535714575
386021,R@100,1.0
386238,nDCG@10,1.0
386238,R@100,1.0
386259,nDCG@10,1.0
386259,R@100,1.0
386266,nDCG@10,1.0
386266,R@100,1.0
386323,nDCG@10,0.7903864795495061
386323,R@100,1.0
386432,nDCG@10,1.0
386432,R@100,1.0
386490,nDCG@10,1.0
386490,R@100,1.0
386551,nDCG@10,0.6309297535714575
386551,R@100,1.0
386571,nDCG@10,1.0
386571,R@100,1.0
38659,nDCG@10,0.6739577727076379
38659,R@100,1.0
386601,nDCG@10,1.0
386601,R@100,1.0
386620,nDCG@10,1.0
386620,R@100,1.0
386630,nDCG@10,1.0
386630,R@100,1.0
386645,nDCG@10,1.0
386645,R@100,1.0
38668,nDCG@10,1.0
38668,R@100,1.0
386682,nDCG@10,0.41618115554873086
386682,R@100,1.0
386692,nDCG@10,1.0
386692,R@100,1.0
386861,nDCG@10,1.0
386861,R@100,1.0
387011,nDCG@10,1.0
387011,R@100,1.0
387087,nDCG@10,1.0
387087,R@100,1.0
387130,nDCG@10,1.0
387130,R@100,1.0
387189,nDCG@10,0.43067655807339306
387189,R@100,1.0
387221,nDCG@10,1.0
387221,R@100,1.0
387242,nDCG@10,1.0
387242,R@100,1.0
387277,nDCG@10,1.0
387277,R@100,1.0
387302,nDCG@10,0.6309297535714575
387302,R@100,1.0
387327,nDCG@10,1.0
387327,R@100,1.0
387334,nDCG@10,0.2890648263178879
387334,R@100,1.0
387372,nDCG@10,1.0
387372,R@100,1.0
387398,nDCG@10,1.0
387398,R@100,1.0
38740,nDCG@10,0.8179809735263114
38740,R@100,1.0
387400,nDCG@10,1.0
387400,R@100,1.0
387463,nDCG@10,0.6309297535714575
387463,R@100,1.0
38750,nDCG@10,1.0
38750,R@100,1.0
387631,nDCG@10,1.0
387631,R@100,1.0
387669,nDCG@10,0.3010299956639812
387669,R@100,1.0
387682,nDCG@10,0.6309297535714575
387682,R@100,1.0
387736,nDCG@10,0.6309297535714575
387736,R@100,1.0
387747,nDCG@10,0.43067655807339306
387747,R@100,1.0
387753,nDCG@10,0.0
387753,R@100,1.0
387898,nDCG@10,0.33959856491512663
387898,R@100,0.5714285714285714
38790,nDCG@10,0.9674679834891693
38790,R@100,1.0
387916,nDCG@10,1.0
387916,R@100,1.0
387999,nDCG@10,1.0
387999,R@100,1.0
388024,nDCG@10,1.0
388024,R@100,1.0
388108,nDCG@10,1.0
388108,R@100,1.0
388143,nDCG@10,0.6309297535714575
388143,R@100,1.0
388190,nDCG@10,1.0
388190,R@100,1.0
388198,nDCG@10,1.0
388198,R@100,1.0
38824,nDCG@10,1.0
38824,R@100,1.0
388307,nDCG@10,1.0
388307,R@100,1.0
388359,nDCG@10,1.0
388359,R@100,1.0
388463,nDCG@10,0.6309297535714575
388463,R@100,1.0
38863,nDCG@10,0.5045411175298191
38863,R@100,0.7
388680,nDCG@10,0.6309297535714575
388680,R@100,1.0
388743,nDCG@10,1.0
388743,R@100,1.0
388832,nDCG@10,1.0
388832,R@100,1.0
388901,nDCG@10,1.0
388901,R@100,1.0
388905,nDCG@10,1.0
388905,R@100,1.0
388910,nDCG@10,1.0
388910,R@100,1.0
388939,nDCG@10,1.0
388939,R@100,1.0
389019,nDCG@10,0.38685280723454163
389019,R@100,1.0
389027,nDCG@10,1.0
389027,R@100,1.0
389107,nDCG@10,0.0
389107,R@100,1.0
389145,nDCG@10,1.0
389145,R@100,1.0
389238,nDCG@10,0.38685280723454163
389238,R@100,1.0
389271,nDCG@10,1.0
389271,R@100,1.0
389303,nDCG@10,1.0
389303,R@100,1.0
389317,nDCG@10,1.0
389317,R@100,1.0
389335,nDCG@10,1.0
389335,R@100,1.0
389360,nDCG@10,0.0
389360,R@100,1.0
389368,nDCG@10,1.0
389368,R@100,1.0
389444,nDCG@10,1.0
389444,R@100,1.0
389481,nDCG@10,1.0
389481,R@100,1.0
38949,nDCG@10,1.0
38949,R@100,1.0
389515,nDCG@10,0.6309297535714575
389515,R@100,1.0
38953,nDCG@10,1.0
38953,R@100,1.0
389603,nDCG@10,1.0
389603,R@100,1.0
389784,nDCG@10,0.6309297535714575
389784,R@100,1.0
389787,nDCG@10,0.0
389787,R@100,1.0
389796,nDCG@10,1.0
389796,R@100,1.0
389843,nDCG@10,1.0
389843,R@100,1.0
389913,nDCG@10,1.0
389913,R@100,1.0
390049,nDCG@10,0.0
390049,R@100,0.0
390259,nDCG@10,1.0
390259,R@100,1.0
390287,nDCG@10,1.0
390287,R@100,1.0
39030,nDCG@10,0.6131471927654584
39030,R@100,1.0
390329,nDCG@10,1.0
390329,R@100,1.0
390354,nDCG@10,1.0
390354,R@100,1.0
390365,nDCG@10,1.0
390365,R@100,1.0
39047,nDCG@10,1.0
39047,R@100,1.0
390505,nDCG@10,1.0
390505,R@100,1.0
390634,nDCG@10,1.0
390634,R@100,1.0
390642,nDCG@10,1.0
390642,R@100,1.0
390647,nDCG@10,1.0
390647,R@100,1.0
390665,nDCG@10,1.0
390665,R@100,1.0
390691,nDCG@10,0.6309297535714575
390691,R@100,1.0
390870,nDCG@10,1.0
390870,R@100,1.0
390878,nDCG@10,0.6309297535714575
390878,R@100,1.0
39094,nDCG@10,1.0
39094,R@100,1.0
390965,nDCG@10,1.0
390965,R@100,1.0
391184,nDCG@10,1.0
391184,R@100,1.0
391223,nDCG@10,1.0
391223,R@100,1.0
391333,nDCG@10,1.0
391333,R@100,1.0
391347,nDCG@10,1.0
391347,R@100,1.0
391449,nDCG@10,0.7653606369886217
391449,R@100,1.0
391457,nDCG@10,1.0
391457,R@100,1.0
391478,nDCG@10,1.0
391478,R@100,1.0
391479,nDCG@10,0.46927872602275644
391479,R@100,0.3333333333333333
391586,nDCG@10,0.0
391586,R@100,1.0
39160,nDCG@10,1.0
39160,R@100,1.0
391670,nDCG@10,0.0
391670,R@100,1.0
391676,nDCG@10,1.0
391676,R@100,1.0
391852,nDCG@10,1.0
391852,R@100,1.0
391886,nDCG@10,1.0
391886,R@100,1.0
391918,nDCG@10,0.0
391918,R@100,1.0
39194,nDCG@10,0.4227898344066503
39194,R@100,1.0
392057,nDCG@10,0.5
392057,R@100,1.0
392094,nDCG@10,1.0
392094,R@100,1.0
392135,nDCG@10,0.6309297535714575
392135,R@100,1.0
392145,nDCG@10,1.0
392145,R@100,1.0
392290,nDCG@10,0.38685280723454163
392290,R@100,1.0
39238,nDCG@10,1.0
39238,R@100,1.0
392405,nDCG@10,0.6309297535714575
392405,R@100,1.0
392540,nDCG@10,1.0
392540,R@100,1.0
392549,nDCG@10,1.0
392549,R@100,1.0
392585,nDCG@10,0.0
392585,R@100,1.0
392686,nDCG@10,0.6309297535714575
392686,R@100,1.0
392694,nDCG@10,1.0
392694,R@100,1.0
392880,nDCG@10,0.6934264036172708
392880,R@100,1.0
392936,nDCG@10,1.0
392936,R@100,1.0
393006,nDCG@10,1.0
393006,R@100,1.0
393017,nDCG@10,1.0
393017,R@100,1.0
39313,nDCG@10,1.0
39313,R@100,1.0
393189,nDCG@10,0.08514311764162098
393189,R@100,0.2
393209,nDCG@10,0.3010299956639812
393209,R@100,1.0
393243,nDCG@10,0.0
393243,R@100,0.3333333333333333
393247,nDCG@10,1.0
393247,R@100,1.0
393307,nDCG@10,1.0
393307,R@100,1.0
393309,nDCG@10,1.0
393309,R@100,1.0
39335,nDCG@10,1.0
39335,R@100,1.0
393367,nDCG@10,1.0
393367,R@100,1.0
393425,nDCG@10,0.38685280723454163
393425,R@100,1.0
393516,nDCG@10,0.0
393516,R@100,1.0
393621,nDCG@10,1.0
393621,R@100,1.0
39367,nDCG@10,0.23463936301137822
39367,R@100,0.3333333333333333
39372,nDCG@10,0.36724566222618554
39372,R@100,0.875
393767,nDCG@10,1.0
393767,R@100,1.0
393839,nDCG@10,1.0
393839,R@100,1.0
39393,nDCG@10,0.6509209298071326
39393,R@100,1.0
393968,nDCG@10,1.0
393968,R@100,1.0
393991,nDCG@10,1.0
393991,R@100,1.0
394076,nDCG@10,0.5
394076,R@100,1.0
394121,nDCG@10,0.6131471927654584
394121,R@100,0.5
394168,nDCG@10,0.9197207891481876
394168,R@100,1.0
394181,nDCG@10,0.5012658353418871
394181,R@100,1.0
394219,nDCG@10,1.0
394219,R@100,1.0
394271,nDCG@10,1.0
394271,R@100,1.0
394302,nDCG@10,0.6309297535714575
394302,R@100,1.0
394324,nDCG@10,1.0
394324,R@100,1.0
394574,nDCG@10,0.8772153153380493
394574,R@100,1.0
39460,nDCG@10,0.0
39460,R@100,0.0
394611,nDCG@10,1.0
394611,R@100,1.0
394706,nDCG@10,0.6309297535714575
394706,R@100,1.0
394717,nDCG@10,0.3562071871080222
394717,R@100,1.0
394739,nDCG@10,1.0
394739,R@100,1.0
394748,nDCG@10,0.5
394748,R@100,1.0
39486,nDCG@10,1.0
39486,R@100,1.0
3950,nDCG@10,1.0
3950,R@100,1.0
395188,nDCG@10,0.0
395188,R@100,0.0
395208,nDCG@10,0.0
395208,R@100,1.0
395223,nDCG@10,0.6309297535714575
395223,R@100,1.0
395233,nDCG@10,1.0
395233,R@100,1.0
395237,nDCG@10,0.0
395237,R@100,0.0
395355,nDCG@10,1.0
395355,R@100,1.0
395378,nDCG@10,1.0
395378,R@100,1.0
395402,nDCG@10,0.43067655807339306
395402,R@100,1.0
395522,nDCG@10,1.0
395522,R@100,1.0
395539,nDCG@10,0.0
395539,R@100,0.0
395618,nDCG@10,1.0
395618,R@100,1.0
39571,nDCG@10,0.6934264036172708
39571,R@100,1.0
395717,nDCG@10,0.6309297535714575
395717,R@100,1.0
395778,nDCG@10,1.0
395778,R@100,1.0
3958,nDCG@10,0.6309297535714575
3958,R@100,1.0
395871,nDCG@10,1.0
395871,R@100,1.0
395897,nDCG@10,1.0
395897,R@100,1.0
395958,nDCG@10,0.0
395958,R@100,1.0
396074,nDCG@10,1.0
396074,R@100,1.0
396182,nDCG@10,1.0
396182,R@100,1.0
396218,nDCG@10,0.0
396218,R@100,1.0
396244,nDCG@10,0.6934264036172708
396244,R@100,1.0
396287,nDCG@10,1.0
396287,R@100,1.0
396291,nDCG@10,0.0
396291,R@100,1.0
396319,nDCG@10,1.0
396319,R@100,1.0
396325,nDCG@10,1.0
396325,R@100,1.0
396527,nDCG@10,1.0
396527,R@100,1.0
396540,nDCG@10,0.5837154733670049
396540,R@100,1.0
39660,nDCG@10,1.0
39660,R@100,1.0
396678,nDCG@10,1.0
396678,R@100,1.0
396696,nDCG@10,1.0
396696,R@100,1.0
396744,nDCG@10,1.0
396744,R@100,1.0
396789,nDCG@10,1.0
396789,R@100,1.0
396796,nDCG@10,0.0
396796,R@100,0.0
39689,nDCG@10,0.6309297535714575
39689,R@100,1.0
396904,nDCG@10,1.0
396904,R@100,1.0
397025,nDCG@10,0.5
397025,R@100,1.0
397175,nDCG@10,1.0
397175,R@100,1.0
397253,nDCG@10,1.0
397253,R@100,1.0
397346,nDCG@10,0.0
397346,R@100,1.0
397354,nDCG@10,1.0
397354,R@100,1.0
397385,nDCG@10,0.4227898344066503
397385,R@100,1.0
397401,nDCG@10,1.0
397401,R@100,1.0
397419,nDCG@10,0.43067655807339306
397419,R@100,1.0
397485,nDCG@10,0.0
397485,R@100,1.0
397508,nDCG@10,0.3562071871080222
397508,R@100,1.0
397529,nDCG@10,1.0
397529,R@100,1.0
397558,nDCG@10,0.0
397558,R@100,1.0
397576,nDCG@10,0.6309297535714575
397576,R@100,1.0
397680,nDCG@10,0.5
397680,R@100,1.0
397711,nDCG@10,1.0
397711,R@100,1.0
397772,nDCG@10,1.0
397772,R@100,1.0
397806,nDCG@10,1.0
397806,R@100,1.0
397824,nDCG@10,0.6309297535714575
397824,R@100,1.0
397912,nDCG@10,1.0
397912,R@100,1.0
398006,nDCG@10,0.5
398006,R@100,1.0
398017,nDCG@10,1.0
398017,R@100,1.0
39803,nDCG@10,1.0
39803,R@100,1.0
398050,nDCG@10,1.0
398050,R@100,1.0
398062,nDCG@10,0.6309297535714575
398062,R@100,1.0
398164,nDCG@10,1.0
398164,R@100,1.0
398197,nDCG@10,1.0
398197,R@100,1.0
398236,nDCG@10,1.0
398236,R@100,1.0
39826,nDCG@10,1.0
39826,R@100,1.0
398334,nDCG@10,0.0
398334,R@100,1.0
398366,nDCG@10,0.6309297535714575
398366,R@100,1.0
398400,nDCG@10,0.6447841584694202
398400,R@100,1.0
398495,nDCG@10,1.0
398495,R@100,1.0
398518,nDCG@10,1.0
398518,R@100,1.0
398519,nDCG@10,1.0
398519,R@100,1.0
398530,nDCG@10,1.0
398530,R@100,1.0
398537,nDCG@10,0.0
398537,R@100,1.0
39866,nDCG@10,1.0
39866,R@100,1.0
398691,nDCG@10,1.0
398691,R@100,1.0
398753,nDCG@10,1.0
398753,R@100,1.0
398801,nDCG@10,0.0
398801,R@100,0.0
398871,nDCG@10,0.3333333333333333
398871,R@100,1.0
3989,nDCG@10,0.36331756126716835
3989,R@100,0.5
398968,nDCG@10,0.0
398968,R@100,1.0
399034,nDCG@10,0.0
399034,R@100,1.0
399102,nDCG@10,1.0
399102,R@100,1.0
39911,nDCG@10,0.38162168437253385
39911,R@100,1.0
399168,nDCG@10,0.0
399168,R@100,1.0
399203,nDCG@10,0.5
399203,R@100,1.0
399286,nDCG@10,0.0
399286,R@100,0.0
399424,nDCG@10,0.38685280723454163
399424,R@100,1.0
399438,nDCG@10,1.0
399438,R@100,1.0
399485,nDCG@10,1.0
399485,R@100,1.0
399637,nDCG@10,0.6309297535714575
399637,R@100,1.0
399648,nDCG@10,1.0
399648,R@100,1.0
39979,nDCG@10,1.0
39979,R@100,1.0
399793,nDCG@10,0.3333333333333333
399793,R@100,1.0
399822,nDCG@10,1.0
399822,R@100,1.0
399874,nDCG@10,0.0
399874,R@100,1.0
399979,nDCG@10,1.0
399979,R@100,1.0
399983,nDCG@10,0.0
399983,R@100,1.0
400072,nDCG@10,1.0
400072,R@100,1.0
400099,nDCG@10,1.0
400099,R@100,1.0
400129,nDCG@10,1.0
400129,R@100,1.0
400216,nDCG@10,0.6309297535714575
400216,R@100,1.0
40027,nDCG@10,1.0
40027,R@100,1.0
400272,nDCG@10,0.6309297535714575
400272,R@100,1.0
40042,nDCG@10,1.0
40042,R@100,1.0
400425,nDCG@10,0.0
400425,R@100,1.0
400435,nDCG@10,0.0
400435,R@100,0.0
400442,nDCG@10,0.21109268758922906
400442,R@100,1.0
400477,nDCG@10,1.0
400477,R@100,1.0
400484,nDCG@10,1.0
400484,R@100,1.0
40051,nDCG@10,0.2890648263178879
40051,R@100,1.0
40057,nDCG@10,0.9197207891481876
40057,R@100,1.0
400585,nDCG@10,0.38685280723454163
400585,R@100,1.0
400603,nDCG@10,0.5
400603,R@100,1.0
400670,nDCG@10,1.0
400670,R@100,1.0
400851,nDCG@10,0.44130740935663865
400851,R@100,1.0
400876,nDCG@10,0.6309297535714575
400876,R@100,1.0
400898,nDCG@10,1.0
400898,R@100,1.0
401094,nDCG@10,1.0
401094,R@100,1.0
40118,nDCG@10,0.5
40118,R@100,1.0
401190,nDCG@10,1.0
401190,R@100,1.0
401322,nDCG@10,0.46927872602275644
401322,R@100,0.3333333333333333
401335,nDCG@10,1.0
401335,R@100,1.0
401371,nDCG@10,1.0
401371,R@100,1.0
401437,nDCG@10,0.0
401437,R@100,0.0
401567,nDCG@10,0.0
401567,R@100,1.0
401576,nDCG@10,0.3391602052736161
401576,R@100,1.0
401685,nDCG@10,0.6309297535714575
401685,R@100,1.0
401746,nDCG@10,1.0
401746,R@100,1.0
401754,nDCG@10,0.0
401754,R@100,1.0
401846,nDCG@10,1.0
401846,R@100,1.0
401907,nDCG@10,1.0
401907,R@100,1.0
401921,nDCG@10,1.0
401921,R@100,1.0
401945,nDCG@10,0.0
401945,R@100,1.0
40198,nDCG@10,0.6309297535714575
40198,R@100,1.0
401989,nDCG@10,1.0
401989,R@100,1.0
402172,nDCG@10,1.0
402172,R@100,1.0
402210,nDCG@10,0.6309297535714575
402210,R@100,1.0
402413,nDCG@10,0.0
402413,R@100,1.0
402463,nDCG@10,0.3010299956639812
402463,R@100,1.0
402467,nDCG@10,1.0
402467,R@100,1.0
402500,nDCG@10,0.6309297535714575
402500,R@100,1.0
402510,nDCG@10,0.38685280723454163
402510,R@100,1.0
402517,nDCG@10,1.0
402517,R@100,1.0
40261,nDCG@10,0.6240505200038379
40261,R@100,1.0
402652,nDCG@10,0.0
402652,R@100,1.0
40272,nDCG@10,1.0
40272,R@100,1.0
402721,nDCG@10,1.0
402721,R@100,1.0
402722,nDCG@10,0.370291336443826
402722,R@100,1.0
402742,nDCG@10,1.0
402742,R@100,1.0
402799,nDCG@10,1.0
402799,R@100,1.0
402828,nDCG@10,1.0
402828,R@100,1.0
402871,nDCG@10,1.0
402871,R@100,1.0
402957,nDCG@10,1.0
402957,R@100,1.0
4030,nDCG@10,0.3295827480202853
4030,R@100,0.6666666666666666
403047,nDCG@10,1.0
403047,R@100,1.0
403075,nDCG@10,1.0
403075,R@100,1.0
403196,nDCG@10,0.5
403196,R@100,1.0
403289,nDCG@10,0.6309297535714575
403289,R@100,1.0
403302,nDCG@10,0.5
403302,R@100,1.0
40331,nDCG@10,1.0
40331,R@100,1.0
4034,nDCG@10,0.48247555939075504
4034,R@100,1.0
403432,nDCG@10,1.0
403432,R@100,1.0
403434,nDCG@10,0.0
403434,R@100,0.0
403460,nDCG@10,1.0
403460,R@100,1.0
403608,nDCG@10,0.2890648263178879
403608,R@100,1.0
403626,nDCG@10,1.0
403626,R@100,1.0
403673,nDCG@10,0.6787622294601761
403673,R@100,1.0
40376,nDCG@10,0.5249810332008933
40376,R@100,1.0
403772,nDCG@10,1.0
403772,R@100,1.0
403999,nDCG@10,0.9060254355346823
403999,R@100,1.0
404073,nDCG@10,1.0
404073,R@100,1.0
404197,nDCG@10,1.0
404197,R@100,1.0
404253,nDCG@10,0.0
404253,R@100,0.0
404389,nDCG@10,0.0
404389,R@100,1.0
404410,nDCG@10,0.5
404410,R@100,1.0
404419,nDCG@10,0.3430427114200248
404419,R@100,0.375
404546,nDCG@10,1.0
404546,R@100,1.0
404560,nDCG@10,1.0
404560,R@100,1.0
404608,nDCG@10,0.43067655807339306
404608,R@100,1.0
404697,nDCG@10,1.0
404697,R@100,1.0
404712,nDCG@10,1.0
404712,R@100,1.0
404754,nDCG@10,1.0
404754,R@100,1.0
404907,nDCG@10,1.0
404907,R@100,1.0
404943,nDCG@10,0.38685280723454163
404943,R@100,1.0
4050,nDCG@10,0.0
4050,R@100,1.0
405016,nDCG@10,1.0
405016,R@100,1.0
405020,nDCG@10,1.0
405020,R@100,1.0
405158,nDCG@10,1.0
405158,R@100,1.0
405189,nDCG@10,1.0
405189,R@100,1.0
405199,nDCG@10,1.0
405199,R@100,1.0
405220,nDCG@10,1.0
405220,R@100,1.0
405309,nDCG@10,1.0
405309,R@100,1.0
40537,nDCG@10,0.3562071871080222
40537,R@100,1.0
405386,nDCG@10,1.0
405386,R@100,1.0
405424,nDCG@10,0.5646436081071458
405424,R@100,0.75
405447,nDCG@10,1.0
405447,R@100,1.0
40547,nDCG@10,1.0
40547,R@100,1.0
40557,nDCG@10,0.39780880120575696
40557,R@100,1.0
405615,nDCG@10,1.0
405615,R@100,1.0
405616,nDCG@10,1.0
405616,R@100,1.0
405641,nDCG@10,0.5714285040141098
405641,R@100,1.0
405662,nDCG@10,0.5
405662,R@100,1.0
405673,nDCG@10,0.0
405673,R@100,1.0
405679,nDCG@10,1.0
405679,R@100,1.0
405723,nDCG@10,0.3562071871080222
405723,R@100,1.0
405825,nDCG@10,1.0
405825,R@100,1.0
405856,nDCG@10,1.0
405856,R@100,1.0
405895,nDCG@10,1.0
405895,R@100,1.0
405926,nDCG@10,0.0
405926,R@100,1.0
405962,nDCG@10,1.0
405962,R@100,1.0
40601,nDCG@10,1.0
40601,R@100,1.0
40617,nDCG@10,0.6934264036172708
40617,R@100,1.0
406183,nDCG@10,1.0
406183,R@100,1.0
406186,nDCG@10,1.0
406186,R@100,1.0
406224,nDCG@10,1.0
406224,R@100,1.0
406258,nDCG@10,1.0
406258,R@100,1.0
406275,nDCG@10,1.0
406275,R@100,1.0
406286,nDCG@10,1.0
406286,R@100,1.0
406288,nDCG@10,1.0
406288,R@100,1.0
406316,nDCG@10,0.6309297535714575
406316,R@100,1.0
406336,nDCG@10,1.0
406336,R@100,1.0
40649,nDCG@10,0.6309297535714575
40649,R@100,1.0
406496,nDCG@10,1.0
406496,R@100,1.0
406503,nDCG@10,0.5
406503,R@100,1.0
406505,nDCG@10,0.0
406505,R@100,1.0
406554,nDCG@10,0.43067655807339306
406554,R@100,1.0
406560,nDCG@10,0.0
406560,R@100,1.0
406714,nDCG@10,1.0
406714,R@100,1.0
406825,nDCG@10,0.6871475159848289
406825,R@100,1.0
406882,nDCG@10,1.0
406882,R@100,1.0
406931,nDCG@10,0.3333333333333333
406931,R@100,1.0
40694,nDCG@10,1.0
40694,R@100,1.0
406964,nDCG@10,1.0
406964,R@100,1.0
406977,nDCG@10,1.0
406977,R@100,1.0
407077,nDCG@10,0.0
407077,R@100,1.0
407087,nDCG@10,0.6309297535714575
407087,R@100,1.0
407151,nDCG@10,1.0
407151,R@100,1.0
407210,nDCG@10,1.0
407210,R@100,1.0
407317,nDCG@10,1.0
407317,R@100,1.0
407320,nDCG@10,0.38162168437253385
407320,R@100,1.0
407381,nDCG@10,1.0
407381,R@100,1.0
407507,nDCG@10,1.0
407507,R@100,1.0
407570,nDCG@10,1.0
407570,R@100,1.0
407613,nDCG@10,1.0
407613,R@100,1.0
40763,nDCG@10,1.0
40763,R@100,1.0
407737,nDCG@10,1.0
407737,R@100,1.0
407785,nDCG@10,1.0
407785,R@100,1.0
407788,nDCG@10,0.6309297535714575
407788,R@100,1.0
407813,nDCG@10,0.5709662133861837
407813,R@100,0.8333333333333334
407900,nDCG@10,0.6309297535714575
407900,R@100,1.0
407953,nDCG@10,0.6309297535714575
407953,R@100,1.0
40807,nDCG@10,0.46927872602275644
40807,R@100,1.0
40808,nDCG@10,0.3562071871080222
40808,R@100,1.0
408197,nDCG@10,1.0
408197,R@100,1.0
408275,nDCG@10,0.46927872602275644
408275,R@100,1.0
408391,nDCG@10,0.6309297535714575
408391,R@100,1.0
40844,nDCG@10,1.0
40844,R@100,1.0
408531,nDCG@10,1.0
408531,R@100,1.0
408544,nDCG@10,0.5706417189553201
408544,R@100,1.0
40856,nDCG@10,1.0
40856,R@100,1.0
408640,nDCG@10,0.3333333333333333
408640,R@100,1.0
40866,nDCG@10,0.6934264036172708
40866,R@100,1.0
408661,nDCG@10,0.6309297535714575
408661,R@100,1.0
408686,nDCG@10,1.0
408686,R@100,1.0
408812,nDCG@10,1.0
408812,R@100,1.0
408813,nDCG@10,1.0
408813,R@100,1.0
408920,nDCG@10,1.0
408920,R@100,1.0
408925,nDCG@10,0.2890648263178879
408925,R@100,1.0
408961,nDCG@10,1.0
408961,R@100,1.0
409061,nDCG@10,1.0
409061,R@100,1.0
409062,nDCG@10,0.0
409062,R@100,0.0
409110,nDCG@10,0.0
409110,R@100,1.0
409201,nDCG@10,0.6309297535714575
409201,R@100,1.0
409204,nDCG@10,0.41618115554873086
409204,R@100,1.0
409276,nDCG@10,0.43067655807339306
409276,R@100,1.0
409307,nDCG@10,0.9197207891481876
409307,R@100,1.0
409377,nDCG@10,1.0
409377,R@100,1.0
409470,nDCG@10,0.17723928678404774
409470,R@100,1.0
409490,nDCG@10,1.0
409490,R@100,1.0
409499,nDCG@10,0.3010299956639812
409499,R@100,1.0
409567,nDCG@10,1.0
409567,R@100,1.0
40959,nDCG@10,0.0
40959,R@100,1.0
40964,nDCG@10,0.5
40964,R@100,1.0
409652,nDCG@10,1.0
409652,R@100,1.0
409673,nDCG@10,1.0
409673,R@100,1.0
40971,nDCG@10,0.6309297535714575
40971,R@100,1.0
409749,nDCG@10,0.38685280723454163
409749,R@100,1.0
409759,nDCG@10,1.0
409759,R@100,1.0
409761,nDCG@10,0.0
409761,R@100,1.0
40983,nDCG@10,0.7653606369886217
40983,R@100,1.0
409836,nDCG@10,1.0
409836,R@100,1.0
409881,nDCG@10,1.0
409881,R@100,1.0
409981,nDCG@10,0.0
409981,R@100,0.0
410068,nDCG@10,0.9197207891481876
410068,R@100,1.0
410143,nDCG@10,1.0
410143,R@100,1.0
41016,nDCG@10,1.0
41016,R@100,1.0
410173,nDCG@10,0.3010299956639812
410173,R@100,1.0
410198,nDCG@10,1.0
410198,R@100,1.0
410213,nDCG@10,1.0
410213,R@100,1.0
410215,nDCG@10,1.0
410215,R@100,1.0
410292,nDCG@10,0.0
410292,R@100,0.0
410301,nDCG@10,1.0
410301,R@100,1.0
410381,nDCG@10,1.0
410381,R@100,1.0
410388,nDCG@10,0.3562071871080222
410388,R@100,1.0
410414,nDCG@10,1.0
410414,R@100,1.0
410507,nDCG@10,1.0
410507,R@100,1.0
41061,nDCG@10,1.0
41061,R@100,1.0
410685,nDCG@10,1.0
410685,R@100,1.0
410696,nDCG@10,0.6309297535714575
410696,R@100,1.0
41075,nDCG@10,0.5
41075,R@100,1.0
410783,nDCG@10,0.6309297535714575
410783,R@100,1.0
410826,nDCG@10,0.3562071871080222
410826,R@100,1.0
410890,nDCG@10,1.0
410890,R@100,1.0
411073,nDCG@10,0.0
411073,R@100,0.0
411105,nDCG@10,1.0
411105,R@100,1.0
411236,nDCG@10,1.0
411236,R@100,1.0
411243,nDCG@10,1.0
411243,R@100,1.0
411298,nDCG@10,1.0
411298,R@100,1.0
411357,nDCG@10,0.0
411357,R@100,0.0
411409,nDCG@10,0.3010299956639812
411409,R@100,1.0
411423,nDCG@10,1.0
411423,R@100,1.0
411509,nDCG@10,0.7653606369886217
411509,R@100,1.0
411540,nDCG@10,0.6309297535714575
411540,R@100,1.0
41171,nDCG@10,0.7123736502858727
41171,R@100,0.9285714285714286
411732,nDCG@10,1.0
411732,R@100,1.0
411811,nDCG@10,1.0
411811,R@100,1.0
411834,nDCG@10,1.0
411834,R@100,1.0
41188,nDCG@10,1.0
41188,R@100,1.0
411893,nDCG@10,1.0
411893,R@100,1.0
412128,nDCG@10,0.6309297535714575
412128,R@100,1.0
412216,nDCG@10,0.6309297535714575
412216,R@100,1.0
41224,nDCG@10,1.0
41224,R@100,1.0
412255,nDCG@10,0.0
412255,R@100,1.0
412330,nDCG@10,0.5
412330,R@100,1.0
412413,nDCG@10,1.0
412413,R@100,1.0
412439,nDCG@10,1.0
412439,R@100,1.0
412482,nDCG@10,1.0
412482,R@100,1.0
412594,nDCG@10,1.0
412594,R@100,1.0
412712,nDCG@10,1.0
412712,R@100,1.0
412741,nDCG@10,0.0
412741,R@100,1.0
412800,nDCG@10,0.5
412800,R@100,1.0
412801,nDCG@10,0.2960819109658652
412801,R@100,0.6666666666666666
412947,nDCG@10,0.5
412947,R@100,1.0
413032,nDCG@10,1.0
413032,R@100,1.0
413057,nDCG@10,1.0
413057,R@100,1.0
413082,nDCG@10,1.0
413082,R@100,1.0
413138,nDCG@10,1.0
413138,R@100,1.0
413155,nDCG@10,1.0
413155,R@100,1.0
413183,nDCG@10,1.0
413183,R@100,1.0
413391,nDCG@10,0.31546487678572877
413391,R@100,1.0
4135,nDCG@10,1.0
4135,R@100,1.0
41352,nDCG@10,0.0
41352,R@100,0.0
413538,nDCG@10,0.0
413538,R@100,0.0
413546,nDCG@10,1.0
413546,R@100,1.0
41356,nDCG@10,0.5
41356,R@100,1.0
413595,nDCG@10,1.0
413595,R@100,1.0
413603,nDCG@10,0.8315546295836225
413603,R@100,1.0
413653,nDCG@10,0.6309297535714575
413653,R@100,1.0
413694,nDCG@10,1.0
413694,R@100,1.0
41372,nDCG@10,1.0
41372,R@100,1.0
413729,nDCG@10,1.0
413729,R@100,1.0
413783,nDCG@10,1.0
413783,R@100,1.0
413793,nDCG@10,1.0
413793,R@100,1.0
413955,nDCG@10,1.0
413955,R@100,1.0
414043,nDCG@10,1.0
414043,R@100,1.0
414095,nDCG@10,0.0
414095,R@100,0.0
414176,nDCG@10,1.0
414176,R@100,1.0
414201,nDCG@10,1.0
414201,R@100,1.0
414211,nDCG@10,1.0
414211,R@100,1.0
414293,nDCG@10,1.0
414293,R@100,1.0
414378,nDCG@10,1.0
414378,R@100,1.0
414586,nDCG@10,1.0
414586,R@100,1.0
414669,nDCG@10,1.0
414669,R@100,1.0
414681,nDCG@10,1.0
414681,R@100,1.0
41470,nDCG@10,0.32715007637474197
41470,R@100,0.8888888888888888
414803,nDCG@10,1.0
414803,R@100,1.0
414848,nDCG@10,0.0
414848,R@100,0.0
414884,nDCG@10,1.0
414884,R@100,1.0
414912,nDCG@10,0.0
414912,R@100,1.0
415021,nDCG@10,0.3333333333333333
415021,R@100,1.0
415131,nDCG@10,0.9197207891481876
415131,R@100,1.0
415172,nDCG@10,0.0
415172,R@100,1.0
415201,nDCG@10,1.0
415201,R@100,1.0
415210,nDCG@10,1.0
415210,R@100,1.0
415218,nDCG@10,0.3333333333333333
415218,R@100,1.0
415273,nDCG@10,1.0
415273,R@100,1.0
415286,nDCG@10,0.8175295903539445
415286,R@100,1.0
415335,nDCG@10,0.0
415335,R@100,1.0
415503,nDCG@10,0.6131471927654584
415503,R@100,0.5
415589,nDCG@10,1.0
415589,R@100,1.0
415592,nDCG@10,1.0
415592,R@100,1.0
415608,nDCG@10,0.0
415608,R@100,0.0
415618,nDCG@10,1.0
415618,R@100,1.0
415625,nDCG@10,1.0
415625,R@100,1.0
415628,nDCG@10,0.5
415628,R@100,1.0
415652,nDCG@10,1.0
415652,R@100,1.0
415804,nDCG@10,1.0
415804,R@100,1.0
415910,nDCG@10,0.0
415910,R@100,1.0
415930,nDCG@10,1.0
415930,R@100,1.0
415960,nDCG@10,0.5
415960,R@100,1.0
416020,nDCG@10,0.6309297535714575
416020,R@100,1.0
416087,nDCG@10,1.0
416087,R@100,1.0
416148,nDCG@10,0.0
416148,R@100,1.0
416230,nDCG@10,1.0
416230,R@100,1.0
416297,nDCG@10,1.0
416297,R@100,1.0
416300,nDCG@10,1.0
416300,R@100,1.0
416339,nDCG@10,1.0
416339,R@100,1.0
416430,nDCG@10,1.0
416430,R@100,1.0
416474,nDCG@10,1.0
416474,R@100,1.0
416645,nDCG@10,0.3333333333333333
416645,R@100,1.0
416679,nDCG@10,0.5
416679,R@100,1.0
416699,nDCG@10,1.0
416699,R@100,1.0
416709,nDCG@10,1.0
416709,R@100,1.0
416835,nDCG@10,0.6309297535714575
416835,R@100,1.0
416838,nDCG@10,1.0
416838,R@100,1.0
416935,nDCG@10,1.0
416935,R@100,1.0
417159,nDCG@10,1.0
417159,R@100,1.0
4172,nDCG@10,0.3333333333333333
4172,R@100,1.0
417203,nDCG@10,1.0
417203,R@100,1.0
417216,nDCG@10,1.0
417216,R@100,1.0
417224,nDCG@10,0.6309297535714575
417224,R@100,1.0
417266,nDCG@10,0.0
417266,R@100,1.0
417307,nDCG@10,0.6309297535714575
417307,R@100,1.0
417310,nDCG@10,1.0
417310,R@100,1.0
417331,nDCG@10,0.0
417331,R@100,1.0
41739,nDCG@10,1.0
41739,R@100,1.0
417611,nDCG@10,1.0
417611,R@100,1.0
417647,nDCG@10,1.0
417647,R@100,1.0
417666,nDCG@10,1.0
417666,R@100,1.0
41774,nDCG@10,1.0
41774,R@100,1.0
417783,nDCG@10,1.0
417783,R@100,1.0
417840,nDCG@10,0.0
417840,R@100,0.0
417850,nDCG@10,0.0
417850,R@100,1.0
417886,nDCG@10,0.0
417886,R@100,1.0
418003,nDCG@10,0.0
418003,R@100,0.0
418039,nDCG@10,0.3562071871080222
418039,R@100,1.0
418077,nDCG@10,1.0
418077,R@100,1.0
418118,nDCG@10,1.0
418118,R@100,1.0
418134,nDCG@10,0.6309297535714575
418134,R@100,1.0
418176,nDCG@10,0.6309297535714575
418176,R@100,1.0
418206,nDCG@10,0.8315546295836225
418206,R@100,1.0
418382,nDCG@10,1.0
418382,R@100,1.0
41840,nDCG@10,0.38685280723454163
41840,R@100,1.0
418496,nDCG@10,1.0
418496,R@100,1.0
418589,nDCG@10,1.0
418589,R@100,1.0
418647,nDCG@10,1.0
418647,R@100,1.0
418690,nDCG@10,1.0
418690,R@100,1.0
418713,nDCG@10,0.0
418713,R@100,1.0
418761,nDCG@10,1.0
418761,R@100,1.0
418801,nDCG@10,0.6713860725233041
418801,R@100,1.0
418932,nDCG@10,0.0
418932,R@100,0.0
418959,nDCG@10,1.0
418959,R@100,1.0
419031,nDCG@10,1.0
419031,R@100,1.0
419166,nDCG@10,1.0
419166,R@100,1.0
419187,nDCG@10,0.6309297535714575
419187,R@100,1.0
419268,nDCG@10,1.0
419268,R@100,1.0
419283,nDCG@10,1.0
419283,R@100,1.0
419298,nDCG@10,1.0
419298,R@100,1.0
419341,nDCG@10,0.0
419341,R@100,1.0
419351,nDCG@10,1.0
419351,R@100,1.0
419412,nDCG@10,0.0
419412,R@100,0.0
419500,nDCG@10,1.0
419500,R@100,1.0
419509,nDCG@10,1.0
419509,R@100,1.0
419618,nDCG@10,0.0
419618,R@100,1.0
419638,nDCG@10,1.0
419638,R@100,1.0
419664,nDCG@10,1.0
419664,R@100,1.0
419672,nDCG@10,0.0
419672,R@100,1.0
419692,nDCG@10,0.0
419692,R@100,1.0
419738,nDCG@10,1.0
419738,R@100,1.0
419762,nDCG@10,1.0
419762,R@100,1.0
419855,nDCG@10,1.0
419855,R@100,1.0
419948,nDCG@10,1.0
419948,R@100,1.0
419960,nDCG@10,1.0
419960,R@100,1.0
419991,nDCG@10,0.23719771276929622
419991,R@100,1.0
420003,nDCG@10,1.0
420003,R@100,1.0
420068,nDCG@10,1.0
420068,R@100,1.0
420157,nDCG@10,1.0
420157,R@100,1.0
420168,nDCG@10,1.0
420168,R@100,1.0
420179,nDCG@10,1.0
420179,R@100,1.0
420218,nDCG@10,1.0
420218,R@100,1.0
42036,nDCG@10,0.42257499837058643
42036,R@100,0.4666666666666667
420480,nDCG@10,0.8772153153380493
420480,R@100,1.0
420571,nDCG@10,0.0
420571,R@100,1.0
420609,nDCG@10,1.0
420609,R@100,1.0
420649,nDCG@10,1.0
420649,R@100,1.0
420703,nDCG@10,0.3562071871080222
420703,R@100,1.0
420745,nDCG@10,0.0
420745,R@100,1.0
420770,nDCG@10,1.0
420770,R@100,1.0
420897,nDCG@10,1.0
420897,R@100,1.0
42099,nDCG@10,0.6309297535714575
42099,R@100,1.0
421075,nDCG@10,0.0
421075,R@100,1.0
421292,nDCG@10,0.0
421292,R@100,1.0
421309,nDCG@10,0.6309297535714575
421309,R@100,1.0
421387,nDCG@10,0.16812753627111746
421387,R@100,0.75
421443,nDCG@10,1.0
421443,R@100,1.0
421526,nDCG@10,1.0
421526,R@100,1.0
421541,nDCG@10,1.0
421541,R@100,1.0
42155,nDCG@10,0.9216017310213247
42155,R@100,0.96
421563,nDCG@10,1.0
421563,R@100,1.0
421573,nDCG@10,0.38685280723454163
421573,R@100,1.0
421578,nDCG@10,1.0
421578,R@100,1.0
421612,nDCG@10,1.0
421612,R@100,1.0
421633,nDCG@10,0.8854598815714874
421633,R@100,1.0
421711,nDCG@10,1.0
421711,R@100,1.0
421717,nDCG@10,0.0
421717,R@100,1.0
421755,nDCG@10,0.3562071871080222
421755,R@100,1.0
421772,nDCG@10,1.0
421772,R@100,1.0
421790,nDCG@10,1.0
421790,R@100,1.0
421794,nDCG@10,0.0
421794,R@100,0.0
421925,nDCG@10,1.0
421925,R@100,1.0
421943,nDCG@10,0.0
421943,R@100,1.0
42195,nDCG@10,0.0
42195,R@100,0.0
422042,nDCG@10,0.6309297535714575
422042,R@100,1.0
422064,nDCG@10,1.0
422064,R@100,1.0
422139,nDCG@10,1.0
422139,R@100,1.0
422158,nDCG@10,1.0
422158,R@100,1.0
422344,nDCG@10,1.0
422344,R@100,1.0
42241,nDCG@10,0.0
42241,R@100,1.0
422422,nDCG@10,1.0
422422,R@100,1.0
422424,nDCG@10,0.6309297535714575
422424,R@100,1.0
422496,nDCG@10,1.0
422496,R@100,1.0
422504,nDCG@10,1.0
422504,R@100,1.0
422519,nDCG@10,1.0
422519,R@100,1.0
422532,nDCG@10,1.0
422532,R@100,1.0
422674,nDCG@10,1.0
422674,R@100,1.0
422705,nDCG@10,1.0
422705,R@100,1.0
422722,nDCG@10,1.0
422722,R@100,1.0
42283,nDCG@10,1.0
42283,R@100,1.0
422897,nDCG@10,1.0
422897,R@100,1.0
422899,nDCG@10,1.0
422899,R@100,1.0
422982,nDCG@10,1.0
422982,R@100,1.0
423076,nDCG@10,1.0
423076,R@100,1.0
423121,nDCG@10,0.3333333333333333
423121,R@100,1.0
423132,nDCG@10,1.0
423132,R@100,1.0
42314,nDCG@10,1.0
42314,R@100,1.0
423290,nDCG@10,1.0
423290,R@100,1.0
423293,nDCG@10,1.0
423293,R@100,1.0
423325,nDCG@10,1.0
423325,R@100,1.0
42336,nDCG@10,1.0
42336,R@100,1.0
423557,nDCG@10,0.3065735963827292
423557,R@100,0.5
423566,nDCG@10,0.0
423566,R@100,0.0
42358,nDCG@10,0.6309297535714575
42358,R@100,1.0
423600,nDCG@10,1.0
423600,R@100,1.0
423656,nDCG@10,0.38685280723454163
423656,R@100,1.0
423738,nDCG@10,1.0
423738,R@100,1.0
423744,nDCG@10,1.0
423744,R@100,1.0
423774,nDCG@10,0.0
423774,R@100,1.0
423793,nDCG@10,1.0
423793,R@100,1.0
423796,nDCG@10,1.0
423796,R@100,1.0
423885,nDCG@10,1.0
423885,R@100,1.0
423889,nDCG@10,1.0
423889,R@100,1.0
424006,nDCG@10,1.0
424006,R@100,1.0
42404,nDCG@10,1.0
42404,R@100,1.0
42406,nDCG@10,0.6131471927654584
42406,R@100,1.0
424114,nDCG@10,1.0
424114,R@100,1.0
424203,nDCG@10,1.0
424203,R@100,1.0
424313,nDCG@10,0.36181498356361597
424313,R@100,1.0
424389,nDCG@10,1.0
424389,R@100,1.0
424417,nDCG@10,0.3562071871080222
424417,R@100,1.0
424479,nDCG@10,1.0
424479,R@100,1.0
424483,nDCG@10,1.0
424483,R@100,1.0
424513,nDCG@10,1.0
424513,R@100,1.0
424599,nDCG@10,1.0
424599,R@100,1.0
424645,nDCG@10,1.0
424645,R@100,1.0
424653,nDCG@10,0.0
424653,R@100,0.0
424729,nDCG@10,0.6131471927654584
424729,R@100,1.0
42479,nDCG@10,1.0
42479,R@100,1.0
424857,nDCG@10,1.0
424857,R@100,1.0
424895,nDCG@10,1.0
424895,R@100,1.0
42492,nDCG@10,0.3333333333333333
42492,R@100,1.0
424984,nDCG@10,0.0
424984,R@100,1.0
425059,nDCG@10,1.0
425059,R@100,1.0
425130,nDCG@10,1.0
425130,R@100,1.0
425228,nDCG@10,1.0
425228,R@100,1.0
425402,nDCG@10,1.0
425402,R@100,1.0
425488,nDCG@10,1.0
425488,R@100,1.0
425499,nDCG@10,1.0
425499,R@100,1.0
425541,nDCG@10,0.0
425541,R@100,1.0
425543,nDCG@10,1.0
425543,R@100,1.0
425560,nDCG@10,0.6309297535714575
425560,R@100,1.0
425645,nDCG@10,0.6309297535714575
425645,R@100,1.0
425678,nDCG@10,0.6309297535714575
425678,R@100,1.0
425687,nDCG@10,1.0
425687,R@100,1.0
42572,nDCG@10,0.6309297535714575
42572,R@100,1.0
42578,nDCG@10,0.0
42578,R@100,1.0
42602,nDCG@10,0.41183384043543503
42602,R@100,1.0
426033,nDCG@10,0.430624116386567
426033,R@100,1.0
426111,nDCG@10,0.5
426111,R@100,1.0
426204,nDCG@10,1.0
426204,R@100,1.0
426277,nDCG@10,1.0
426277,R@100,1.0
426363,nDCG@10,1.0
426363,R@100,1.0
426390,nDCG@10,0.6309297535714575
426390,R@100,1.0
426507,nDCG@10,0.3562071871080222
426507,R@100,1.0
426517,nDCG@10,1.0
426517,R@100,1.0
426581,nDCG@10,1.0
426581,R@100,1.0
426884,nDCG@10,1.0
426884,R@100,1.0
426987,nDCG@10,1.0
426987,R@100,1.0
427064,nDCG@10,1.0
427064,R@100,1.0
427079,nDCG@10,0.43067655807339306
427079,R@100,1.0
427155,nDCG@10,1.0
427155,R@100,1.0
427173,nDCG@10,1.0
427173,R@100,1.0
427203,nDCG@10,1.0
427203,R@100,1.0
427244,nDCG@10,1.0
427244,R@100,1.0
42737,nDCG@10,0.0
42737,R@100,0.0
427440,nDCG@10,1.0
427440,R@100,1.0
427487,nDCG@10,1.0
427487,R@100,1.0
427552,nDCG@10,0.3562071871080222
427552,R@100,1.0
427573,nDCG@10,1.0
427573,R@100,1.0
427585,nDCG@10,1.0
427585,R@100,1.0
427599,nDCG@10,1.0
427599,R@100,1.0
427611,nDCG@10,0.2640681225725909
427611,R@100,1.0
427626,nDCG@10,1.0
427626,R@100,1.0
427733,nDCG@10,1.0
427733,R@100,1.0
427777,nDCG@10,1.0
427777,R@100,1.0
427779,nDCG@10,0.6309297535714575
427779,R@100,1.0
427797,nDCG@10,0.5
427797,R@100,1.0
427839,nDCG@10,0.6131471927654584
427839,R@100,1.0
42785,nDCG@10,1.0
42785,R@100,1.0
427924,nDCG@10,0.3065735963827292
427924,R@100,1.0
427928,nDCG@10,0.664550862590272
427928,R@100,0.75
42802,nDCG@10,0.6131471927654584
42802,R@100,0.5
42806,nDCG@10,0.6934264036172708
42806,R@100,1.0
428135,nDCG@10,1.0
428135,R@100,1.0
428158,nDCG@10,1.0
428158,R@100,1.0
428222,nDCG@10,1.0
428222,R@100,1.0
428258,nDCG@10,1.0
428258,R@100,1.0
42828,nDCG@10,1.0
42828,R@100,1.0
428292,nDCG@10,0.0
428292,R@100,1.0
428394,nDCG@10,0.2640681225725909
428394,R@100,1.0
428409,nDCG@10,0.8503449055347546
428409,R@100,1.0
428467,nDCG@10,0.38685280723454163
428467,R@100,1.0
42850,nDCG@10,0.5
42850,R@100,1.0
428626,nDCG@10,1.0
428626,R@100,1.0
428639,nDCG@10,0.0
428639,R@100,1.0
428654,nDCG@10,1.0
428654,R@100,1.0
428738,nDCG@10,1.0
428738,R@100,1.0
428747,nDCG@10,0.5
428747,R@100,1.0
428753,nDCG@10,1.0
428753,R@100,1.0
42879,nDCG@10,1.0
42879,R@100,1.0
428816,nDCG@10,1.0
428816,R@100,1.0
428869,nDCG@10,0.6309297535714575
428869,R@100,1.0
428984,nDCG@10,1.0
428984,R@100,1.0
428993,nDCG@10,1.0
428993,R@100,1.0
428998,nDCG@10,1.0
428998,R@100,1.0
4290,nDCG@10,0.0
4290,R@100,0.75
429041,nDCG@10,1.0
429041,R@100,1.0
429100,nDCG@10,1.0
429100,R@100,1.0
429138,nDCG@10,0.6309297535714575
429138,R@100,1.0
429153,nDCG@10,1.0
429153,R@100,1.0
429158,nDCG@10,1.0
429158,R@100,1.0
429253,nDCG@10,0.5
429253,R@100,1.0
4293,nDCG@10,1.0
4293,R@100,1.0
429311,nDCG@10,1.0
429311,R@100,1.0
429319,nDCG@10,1.0
429319,R@100,1.0
429384,nDCG@10,1.0
429384,R@100,1.0
429404,nDCG@10,1.0
429404,R@100,1.0
429415,nDCG@10,0.0
429415,R@100,1.0
429424,nDCG@10,0.6309297535714575
429424,R@100,1.0
42949,nDCG@10,0.9197207891481876
42949,R@100,1.0
429512,nDCG@10,0.0
429512,R@100,0.0
429550,nDCG@10,1.0
429550,R@100,1.0
42977,nDCG@10,0.43067655807339306
42977,R@100,1.0
42986,nDCG@10,1.0
42986,R@100,1.0
42994,nDCG@10,1.0
42994,R@100,1.0
429956,nDCG@10,0.5
429956,R@100,1.0
430043,nDCG@10,0.9197207891481876
430043,R@100,1.0
430110,nDCG@10,0.38685280723454163
430110,R@100,1.0
430230,nDCG@10,1.0
430230,R@100,1.0
430321,nDCG@10,1.0
430321,R@100,1.0
430365,nDCG@10,0.3333333333333333
430365,R@100,1.0
430386,nDCG@10,0.6309297535714575
430386,R@100,1.0
430399,nDCG@10,0.0
430399,R@100,0.0
430424,nDCG@10,1.0
430424,R@100,1.0
430463,nDCG@10,0.6309297535714575
430463,R@100,1.0
43048,nDCG@10,1.0
43048,R@100,1.0
430519,nDCG@10,1.0
430519,R@100,1.0
430520,nDCG@10,0.0
430520,R@100,1.0
430569,nDCG@10,1.0
430569,R@100,1.0
43062,nDCG@10,1.0
43062,R@100,1.0
430856,nDCG@10,1.0
430856,R@100,1.0
431140,nDCG@10,1.0
431140,R@100,1.0
431147,nDCG@10,1.0
431147,R@100,1.0
431212,nDCG@10,1.0
431212,R@100,1.0
431214,nDCG@10,1.0
431214,R@100,1.0
431342,nDCG@10,0.0
431342,R@100,0.0
431346,nDCG@10,0.38685280723454163
431346,R@100,1.0
431350,nDCG@10,1.0
431350,R@100,1.0
431394,nDCG@10,1.0
431394,R@100,1.0
431419,nDCG@10,1.0
431419,R@100,1.0
431475,nDCG@10,1.0
431475,R@100,1.0
431643,nDCG@10,1.0
431643,R@100,1.0
431660,nDCG@10,1.0
431660,R@100,1.0
431697,nDCG@10,1.0
431697,R@100,1.0
431764,nDCG@10,0.5
431764,R@100,1.0
43179,nDCG@10,0.3010299956639812
43179,R@100,1.0
431831,nDCG@10,0.43067655807339306
431831,R@100,1.0
431835,nDCG@10,1.0
431835,R@100,1.0
431877,nDCG@10,1.0
431877,R@100,1.0
431905,nDCG@10,1.0
431905,R@100,1.0
431909,nDCG@10,1.0
431909,R@100,1.0
431923,nDCG@10,0.0
431923,R@100,1.0
43211,nDCG@10,0.6309297535714575
43211,R@100,1.0
432136,nDCG@10,1.0
432136,R@100,1.0
432172,nDCG@10,1.0
432172,R@100,1.0
432179,nDCG@10,1.0
432179,R@100,1.0
432192,nDCG@10,1.0
432192,R@100,1.0
43223,nDCG@10,0.33775931993299535
43223,R@100,1.0
432393,nDCG@10,0.2890648263178879
432393,R@100,1.0
432449,nDCG@10,1.0
432449,R@100,1.0
432562,nDCG@10,1.0
432562,R@100,1.0
432579,nDCG@10,0.6309297535714575
432579,R@100,1.0
432602,nDCG@10,1.0
432602,R@100,1.0
43264,nDCG@10,0.0
43264,R@100,1.0
432647,nDCG@10,0.0
432647,R@100,1.0
432831,nDCG@10,1.0
432831,R@100,1.0
432870,nDCG@10,1.0
432870,R@100,1.0
432886,nDCG@10,1.0
432886,R@100,1.0
432892,nDCG@10,1.0
432892,R@100,1.0
432896,nDCG@10,1.0
432896,R@100,1.0
432899,nDCG@10,0.6309297535714575
432899,R@100,1.0
432900,nDCG@10,1.0
432900,R@100,1.0
432932,nDCG@10,0.43067655807339306
432932,R@100,1.0
432943,nDCG@10,0.3562071871080222
432943,R@100,1.0
433013,nDCG@10,1.0
433013,R@100,1.0
433060,nDCG@10,0.6309297535714575
433060,R@100,1.0
433079,nDCG@10,0.0
433079,R@100,1.0
4331,nDCG@10,0.9197207891481876
4331,R@100,1.0
43313,nDCG@10,1.0
43313,R@100,1.0
433142,nDCG@10,1.0
433142,R@100,1.0
433187,nDCG@10,1.0
433187,R@100,1.0
433238,nDCG@10,1.0
433238,R@100,1.0
433245,nDCG@10,1.0
433245,R@100,1.0
433265,nDCG@10,1.0
433265,R@100,1.0
433379,nDCG@10,0.5
433379,R@100,1.0
433453,nDCG@10,0.0
433453,R@100,0.0
433493,nDCG@10,1.0
433493,R@100,1.0
433552,nDCG@10,1.0
433552,R@100,1.0
433778,nDCG@10,1.0
433778,R@100,1.0
433793,nDCG@10,1.0
433793,R@100,1.0
433865,nDCG@10,1.0
433865,R@100,1.0
433875,nDCG@10,1.0
433875,R@100,1.0
433907,nDCG@10,1.0
433907,R@100,1.0
433911,nDCG@10,0.0
433911,R@100,0.0
433923,nDCG@10,0.0
433923,R@100,1.0
434076,nDCG@10,0.0
434076,R@100,1.0
434135,nDCG@10,1.0
434135,R@100,1.0
434145,nDCG@10,0.0
434145,R@100,1.0
434263,nDCG@10,0.5
434263,R@100,1.0
43440,nDCG@10,0.6096199500078984
43440,R@100,1.0
434414,nDCG@10,0.0
434414,R@100,1.0
434428,nDCG@10,1.0
434428,R@100,1.0
434563,nDCG@10,1.0
434563,R@100,1.0
434573,nDCG@10,1.0
434573,R@100,1.0
434643,nDCG@10,1.0
434643,R@100,1.0
434644,nDCG@10,0.6934264036172708
434644,R@100,1.0
434677,nDCG@10,0.5
434677,R@100,1.0
434719,nDCG@10,0.6309297535714575
434719,R@100,1.0
434788,nDCG@10,0.4227898344066503
434788,R@100,1.0
434793,nDCG@10,1.0
434793,R@100,1.0
434812,nDCG@10,1.0
434812,R@100,1.0
434827,nDCG@10,1.0
434827,R@100,1.0
434875,nDCG@10,1.0
434875,R@100,1.0
434961,nDCG@10,0.38685280723454163
434961,R@100,1.0
435015,nDCG@10,0.0
435015,R@100,1.0
435198,nDCG@10,1.0
435198,R@100,1.0
435347,nDCG@10,1.0
435347,R@100,1.0
43542,nDCG@10,0.5
43542,R@100,1.0
435429,nDCG@10,1.0
435429,R@100,1.0
435435,nDCG@10,1.0
435435,R@100,1.0
435446,nDCG@10,0.0
435446,R@100,1.0
435571,nDCG@10,1.0
435571,R@100,1.0
435582,nDCG@10,1.0
435582,R@100,1.0
43560,nDCG@10,1.0
43560,R@100,1.0
435611,nDCG@10,1.0
435611,R@100,1.0
435635,nDCG@10,1.0
435635,R@100,1.0
435749,nDCG@10,1.0
435749,R@100,1.0
435796,nDCG@10,0.8159313210935148
435796,R@100,1.0
43583,nDCG@10,0.0
43583,R@100,1.0
435831,nDCG@10,0.38685280723454163
435831,R@100,1.0
436031,nDCG@10,1.0
436031,R@100,1.0
436087,nDCG@10,0.5
436087,R@100,1.0
436177,nDCG@10,1.0
436177,R@100,1.0
436247,nDCG@10,1.0
436247,R@100,1.0
436251,nDCG@10,1.0
436251,R@100,1.0
436265,nDCG@10,0.43067655807339306
436265,R@100,1.0
43627,nDCG@10,1.0
43627,R@100,1.0
436322,nDCG@10,1.0
436322,R@100,1.0
436409,nDCG@10,1.0
436409,R@100,1.0
436436,nDCG@10,1.0
436436,R@100,1.0
436486,nDCG@10,0.0
436486,R@100,0.0
436565,nDCG@10,0.31546487678572877
436565,R@100,1.0
436704,nDCG@10,1.0
436704,R@100,1.0
436787,nDCG@10,1.0
436787,R@100,1.0
436967,nDCG@10,1.0
436967,R@100,1.0
437078,nDCG@10,1.0
437078,R@100,1.0
437127,nDCG@10,1.0
437127,R@100,1.0
437209,nDCG@10,0.3333333333333333
437209,R@100,1.0
437226,nDCG@10,0.6309297535714575
437226,R@100,1.0
437247,nDCG@10,1.0
437247,R@100,1.0
437253,nDCG@10,0.5
437253,R@100,1.0
437308,nDCG@10,1.0
437308,R@100,1.0
437312,nDCG@10,1.0
437312,R@100,1.0
43732,nDCG@10,1.0
43732,R@100,1.0
437321,nDCG@10,1.0
437321,R@100,1.0
437332,nDCG@10,0.0
437332,R@100,1.0
437368,nDCG@10,1.0
437368,R@100,1.0
437387,nDCG@10,0.0
437387,R@100,1.0
437482,nDCG@10,0.0
437482,R@100,0.0
437501,nDCG@10,1.0
437501,R@100,1.0
437574,nDCG@10,1.0
437574,R@100,1.0
437583,nDCG@10,0.6131471927654584
437583,R@100,1.0
437656,nDCG@10,0.0
437656,R@100,1.0
437708,nDCG@10,0.0
437708,R@100,0.0
437792,nDCG@10,1.0
437792,R@100,1.0
437794,nDCG@10,0.5531464700081437
437794,R@100,0.8
437805,nDCG@10,1.0
437805,R@100,1.0
437849,nDCG@10,1.0
437849,R@100,1.0
437973,nDCG@10,0.0
437973,R@100,1.0
438003,nDCG@10,1.0
438003,R@100,1.0
438108,nDCG@10,1.0
438108,R@100,1.0
438111,nDCG@10,0.6309297535714575
438111,R@100,1.0
438168,nDCG@10,1.0
438168,R@100,1.0
438208,nDCG@10,1.0
438208,R@100,1.0
438226,nDCG@10,0.38685280723454163
438226,R@100,1.0
438474,nDCG@10,0.6309297535714575
438474,R@100,1.0
438553,nDCG@10,0.3562071871080222
438553,R@100,1.0
438578,nDCG@10,1.0
438578,R@100,1.0
438622,nDCG@10,1.0
438622,R@100,1.0
438633,nDCG@10,0.6309297535714575
438633,R@100,1.0
438643,nDCG@10,0.0
438643,R@100,0.0
438707,nDCG@10,1.0
438707,R@100,1.0
43871,nDCG@10,0.0
43871,R@100,0.0
438713,nDCG@10,1.0
438713,R@100,1.0
438779,nDCG@10,1.0
438779,R@100,1.0
438866,nDCG@10,0.6309297535714575
438866,R@100,1.0
438934,nDCG@10,1.0
438934,R@100,1.0
438971,nDCG@10,1.0
438971,R@100,1.0
439016,nDCG@10,0.5
439016,R@100,1.0
439096,nDCG@10,1.0
439096,R@100,1.0
439120,nDCG@10,0.5
439120,R@100,1.0
439190,nDCG@10,1.0
439190,R@100,1.0
439203,nDCG@10,1.0
439203,R@100,1.0
439272,nDCG@10,1.0
439272,R@100,1.0
439316,nDCG@10,0.6309297535714575
439316,R@100,1.0
439322,nDCG@10,0.0
439322,R@100,1.0
439354,nDCG@10,1.0
439354,R@100,1.0
439465,nDCG@10,1.0
439465,R@100,1.0
439491,nDCG@10,0.0
439491,R@100,1.0
439583,nDCG@10,1.0
439583,R@100,1.0
439656,nDCG@10,0.6309297535714575
439656,R@100,1.0
439744,nDCG@10,1.0
439744,R@100,1.0
439755,nDCG@10,0.6309297535714575
439755,R@100,1.0
439758,nDCG@10,0.6309297535714575
439758,R@100,1.0
439910,nDCG@10,1.0
439910,R@100,1.0
439925,nDCG@10,1.0
439925,R@100,1.0
439978,nDCG@10,1.0
439978,R@100,1.0
440121,nDCG@10,1.0
440121,R@100,1.0
440171,nDCG@10,1.0
440171,R@100,1.0
440196,nDCG@10,0.5
440196,R@100,1.0
440262,nDCG@10,0.5
440262,R@100,1.0
44029,nDCG@10,1.0
44029,R@100,1.0
440328,nDCG@10,0.38685280723454163
440328,R@100,1.0
440468,nDCG@10,1.0
440468,R@100,1.0
440497,nDCG@10,1.0
440497,R@100,1.0
44053,nDCG@10,0.6131471927654584
44053,R@100,1.0
440641,nDCG@10,1.0
440641,R@100,1.0
44073,nDCG@10,0.6309297535714575
44073,R@100,1.0
440751,nDCG@10,1.0
440751,R@100,1.0
440760,nDCG@10,0.0
440760,R@100,1.0
440772,nDCG@10,1.0
440772,R@100,1.0
440886,nDCG@10,1.0
440886,R@100,1.0
440903,nDCG@10,1.0
440903,R@100,1.0
441018,nDCG@10,0.5
441018,R@100,1.0
441027,nDCG@10,0.43067655807339306
441027,R@100,1.0
441128,nDCG@10,1.0
441128,R@100,1.0
441146,nDCG@10,1.0
441146,R@100,1.0
441168,nDCG@10,1.0
441168,R@100,1.0
441175,nDCG@10,1.0
441175,R@100,1.0
441261,nDCG@10,0.0
441261,R@100,1.0
441375,nDCG@10,1.0
441375,R@100,1.0
441394,nDCG@10,1.0
441394,R@100,1.0
4414,nDCG@10,1.0
4414,R@100,1.0
441403,nDCG@10,1.0
441403,R@100,1.0
441411,nDCG@10,1.0
441411,R@100,1.0
441462,nDCG@10,0.0
441462,R@100,0.5
441492,nDCG@10,0.0
441492,R@100,0.0
4415,nDCG@10,0.13886244387355454
4415,R@100,0.3508771929824561
441514,nDCG@10,0.0
441514,R@100,0.0
441610,nDCG@10,0.2640681225725909
441610,R@100,1.0
441612,nDCG@10,1.0
441612,R@100,1.0
441665,nDCG@10,1.0
441665,R@100,1.0
441698,nDCG@10,1.0
441698,R@100,1.0
441763,nDCG@10,1.0
441763,R@100,1.0
441813,nDCG@10,0.6131471927654584
441813,R@100,1.0
441817,nDCG@10,1.0
441817,R@100,1.0
441865,nDCG@10,1.0
441865,R@100,1.0
441885,nDCG@10,1.0
441885,R@100,1.0
441969,nDCG@10,0.38685280723454163
441969,R@100,1.0
442009,nDCG@10,1.0
442009,R@100,1.0
442060,nDCG@10,1.0
442060,R@100,1.0
442229,nDCG@10,1.0
442229,R@100,1.0
442363,nDCG@10,1.0
442363,R@100,1.0
44242,nDCG@10,1.0
44242,R@100,1.0
442503,nDCG@10,0.3562071871080222
442503,R@100,1.0
442671,nDCG@10,1.0
442671,R@100,1.0
442756,nDCG@10,0.3562071871080222
442756,R@100,1.0
442775,nDCG@10,0.6713860725233041
442775,R@100,0.6666666666666666
442790,nDCG@10,0.5
442790,R@100,1.0
442912,nDCG@10,1.0
442912,R@100,1.0
442920,nDCG@10,1.0
442920,R@100,1.0
442950,nDCG@10,1.0
442950,R@100,1.0
443093,nDCG@10,1.0
443093,R@100,1.0
443102,nDCG@10,0.2890648263178879
443102,R@100,1.0
443114,nDCG@10,1.0
443114,R@100,1.0
443118,nDCG@10,1.0
443118,R@100,1.0
443168,nDCG@10,1.0
443168,R@100,1.0
443178,nDCG@10,1.0
443178,R@100,1.0
443188,nDCG@10,1.0
443188,R@100,1.0
443250,nDCG@10,1.0
443250,R@100,1.0
443254,nDCG@10,1.0
443254,R@100,1.0
443259,nDCG@10,1.0
443259,R@100,1.0
443263,nDCG@10,0.6309297535714575
443263,R@100,1.0
4433,nDCG@10,0.29672206575424626
4433,R@100,1.0
443343,nDCG@10,1.0
443343,R@100,1.0
443384,nDCG@10,1.0
443384,R@100,1.0
443483,nDCG@10,0.0
443483,R@100,1.0
443537,nDCG@10,0.3379680345449381
443537,R@100,1.0
443560,nDCG@10,1.0
443560,R@100,1.0
443585,nDCG@10,0.3010299956639812
443585,R@100,1.0
443644,nDCG@10,1.0
443644,R@100,1.0
443702,nDCG@10,0.43067655807339306
443702,R@100,1.0
443704,nDCG@10,0.0
443704,R@100,1.0
443731,nDCG@10,1.0
443731,R@100,1.0
443782,nDCG@10,0.6309297535714575
443782,R@100,1.0
443813,nDCG@10,0.6131471927654584
443813,R@100,1.0
443828,nDCG@10,0.0
443828,R@100,1.0
443907,nDCG@10,1.0
443907,R@100,1.0
443916,nDCG@10,1.0
443916,R@100,1.0
444018,nDCG@10,1.0
444018,R@100,1.0
444248,nDCG@10,1.0
444248,R@100,1.0
4443,nDCG@10,1.0
4443,R@100,1.0
444332,nDCG@10,1.0
444332,R@100,1.0
444336,nDCG@10,1.0
444336,R@100,1.0
444418,nDCG@10,1.0
444418,R@100,1.0
44444,nDCG@10,0.30240383049385083
44444,R@100,0.7096774193548387
444516,nDCG@10,1.0
444516,R@100,1.0
444607,nDCG@10,1.0
444607,R@100,1.0
44474,nDCG@10,1.0
44474,R@100,1.0
444755,nDCG@10,1.0
444755,R@100,1.0
444795,nDCG@10,0.6131471927654584
444795,R@100,1.0
444896,nDCG@10,1.0
444896,R@100,1.0
44490,nDCG@10,0.9197207891481876
44490,R@100,1.0
444951,nDCG@10,1.0
444951,R@100,1.0
444974,nDCG@10,1.0
444974,R@100,1.0
444999,nDCG@10,0.5256940434743352
444999,R@100,1.0
445000,nDCG@10,0.0
445000,R@100,1.0
445014,nDCG@10,1.0
445014,R@100,1.0
445038,nDCG@10,1.0
445038,R@100,1.0
445046,nDCG@10,1.0
445046,R@100,1.0
445080,nDCG@10,1.0
445080,R@100,1.0
445137,nDCG@10,1.0
445137,R@100,1.0
445142,nDCG@10,1.0
445142,R@100,1.0
445154,nDCG@10,1.0
445154,R@100,1.0
445160,nDCG@10,0.38685280723454163
445160,R@100,1.0
445287,nDCG@10,0.43067655807339306
445287,R@100,1.0
445303,nDCG@10,1.0
445303,R@100,1.0
445350,nDCG@10,1.0
445350,R@100,1.0
445437,nDCG@10,0.0
445437,R@100,1.0
44547,nDCG@10,0.5
44547,R@100,1.0
445489,nDCG@10,1.0
445489,R@100,1.0
44549,nDCG@10,1.0
44549,R@100,1.0
445583,nDCG@10,1.0
445583,R@100,1.0
445615,nDCG@10,1.0
445615,R@100,1.0
445648,nDCG@10,1.0
445648,R@100,1.0
445691,nDCG@10,1.0
445691,R@100,1.0
445776,nDCG@10,0.6309297535714575
445776,R@100,1.0
445783,nDCG@10,1.0
445783,R@100,1.0
44580,nDCG@10,0.0
44580,R@100,0.0
445923,nDCG@10,0.38685280723454163
445923,R@100,1.0
445932,nDCG@10,1.0
445932,R@100,1.0
445948,nDCG@10,1.0
445948,R@100,1.0
445976,nDCG@10,1.0
445976,R@100,1.0
446041,nDCG@10,0.6309297535714575
446041,R@100,1.0
446134,nDCG@10,1.0
446134,R@100,1.0
446140,nDCG@10,0.9197207891481876
446140,R@100,1.0
446197,nDCG@10,1.0
446197,R@100,1.0
446279,nDCG@10,1.0
446279,R@100,1.0
446386,nDCG@10,1.0
446386,R@100,1.0
446412,nDCG@10,1.0
446412,R@100,1.0
446417,nDCG@10,0.3065735963827292
446417,R@100,1.0
446432,nDCG@10,0.0
446432,R@100,1.0
446457,nDCG@10,1.0
446457,R@100,1.0
446470,nDCG@10,1.0
446470,R@100,1.0
446491,nDCG@10,1.0
446491,R@100,1.0
446547,nDCG@10,1.0
446547,R@100,1.0
446599,nDCG@10,0.0
446599,R@100,1.0
446675,nDCG@10,1.0
446675,R@100,1.0
446842,nDCG@10,1.0
446842,R@100,1.0
446857,nDCG@10,0.0
446857,R@100,1.0
446977,nDCG@10,0.0
446977,R@100,1.0
44699,nDCG@10,1.0
44699,R@100,1.0
447001,nDCG@10,0.5
447001,R@100,1.0
447034,nDCG@10,1.0
447034,R@100,1.0
447106,nDCG@10,0.6131471927654584
447106,R@100,1.0
447129,nDCG@10,1.0
447129,R@100,1.0
447179,nDCG@10,0.0
447179,R@100,1.0
447222,nDCG@10,0.5
447222,R@100,1.0
447231,nDCG@10,1.0
447231,R@100,1.0
447273,nDCG@10,1.0
447273,R@100,1.0
447339,nDCG@10,1.0
447339,R@100,1.0
447417,nDCG@10,1.0
447417,R@100,1.0
447452,nDCG@10,0.3010299956639812
447452,R@100,1.0
447546,nDCG@10,0.6309297535714575
447546,R@100,1.0
447555,nDCG@10,1.0
447555,R@100,1.0
447574,nDCG@10,1.0
447574,R@100,1.0
447589,nDCG@10,0.43067655807339306
447589,R@100,1.0
447601,nDCG@10,1.0
447601,R@100,1.0
447676,nDCG@10,0.43067655807339306
447676,R@100,1.0
447731,nDCG@10,0.6309297535714575
447731,R@100,1.0
447777,nDCG@10,1.0
447777,R@100,1.0
447852,nDCG@10,1.0
447852,R@100,1.0
44787,nDCG@10,1.0
44787,R@100,1.0
448184,nDCG@10,0.0
448184,R@100,1.0
448224,nDCG@10,1.0
448224,R@100,1.0
448255,nDCG@10,1.0
448255,R@100,1.0
448456,nDCG@10,0.19342640361727081
448456,R@100,0.5
44848,nDCG@10,0.7653606369886217
44848,R@100,0.6666666666666666
448536,nDCG@10,1.0
448536,R@100,1.0
448584,nDCG@10,1.0
448584,R@100,1.0
448598,nDCG@10,1.0
448598,R@100,1.0
448614,nDCG@10,1.0
448614,R@100,1.0
448622,nDCG@10,1.0
448622,R@100,1.0
448668,nDCG@10,1.0
448668,R@100,1.0
448671,nDCG@10,1.0
448671,R@100,1.0
44870,nDCG@10,1.0
44870,R@100,1.0
448727,nDCG@10,1.0
448727,R@100,1.0
448778,nDCG@10,0.3562071871080222
448778,R@100,1.0
448792,nDCG@10,1.0
448792,R@100,1.0
448883,nDCG@10,1.0
448883,R@100,1.0
448939,nDCG@10,1.0
448939,R@100,1.0
448982,nDCG@10,1.0
448982,R@100,1.0
448999,nDCG@10,1.0
448999,R@100,1.0
4490,nDCG@10,0.0
4490,R@100,1.0
44906,nDCG@10,1.0
44906,R@100,1.0
449113,nDCG@10,1.0
449113,R@100,1.0
449147,nDCG@10,0.3333333333333333
449147,R@100,1.0
449160,nDCG@10,1.0
449160,R@100,1.0
44921,nDCG@10,0.5640920940185894
44921,R@100,1.0
44936,nDCG@10,1.0
44936,R@100,1.0
449374,nDCG@10,1.0
449374,R@100,1.0
449406,nDCG@10,0.43067655807339306
449406,R@100,1.0
449437,nDCG@10,1.0
449437,R@100,1.0
449465,nDCG@10,0.38685280723454163
449465,R@100,1.0
449481,nDCG@10,1.0
449481,R@100,1.0
449509,nDCG@10,1.0
449509,R@100,1.0
449528,nDCG@10,1.0
449528,R@100,1.0
449564,nDCG@10,1.0
449564,R@100,1.0
449633,nDCG@10,1.0
449633,R@100,1.0
449673,nDCG@10,0.5
449673,R@100,1.0
449714,nDCG@10,0.6309297535714575
449714,R@100,1.0
449729,nDCG@10,1.0
449729,R@100,1.0
44979,nDCG@10,0.46927872602275644
44979,R@100,1.0
449806,nDCG@10,1.0
449806,R@100,1.0
449855,nDCG@10,0.31546487678572877
449855,R@100,1.0
449925,nDCG@10,0.6309297535714575
449925,R@100,1.0
449957,nDCG@10,1.0
449957,R@100,1.0
449989,nDCG@10,0.6309297535714575
449989,R@100,1.0
450019,nDCG@10,1.0
450019,R@100,1.0
450137,nDCG@10,1.0
450137,R@100,1.0
450238,nDCG@10,1.0
450238,R@100,1.0
450259,nDCG@10,0.43067655807339306
450259,R@100,1.0
450272,nDCG@10,1.0
450272,R@100,1.0
450322,nDCG@10,1.0
450322,R@100,1.0
45033,nDCG@10,0.6509209298071326
45033,R@100,1.0
45039,nDCG@10,0.0
45039,R@100,1.0
450505,nDCG@10,1.0
450505,R@100,1.0
450536,nDCG@10,0.6309297535714575
450536,R@100,1.0
450652,nDCG@10,1.0
450652,R@100,1.0
450734,nDCG@10,0.6309297535714575
450734,R@100,1.0
450749,nDCG@10,1.0
450749,R@100,1.0
450955,nDCG@10,0.0
450955,R@100,1.0
450963,nDCG@10,1.0
450963,R@100,1.0
451019,nDCG@10,1.0
451019,R@100,1.0
451022,nDCG@10,1.0
451022,R@100,1.0
45105,nDCG@10,0.0
45105,R@100,1.0
451166,nDCG@10,1.0
451166,R@100,1.0
451183,nDCG@10,0.3333333333333333
451183,R@100,1.0
451267,nDCG@10,1.0
451267,R@100,1.0
451309,nDCG@10,0.47084972088011423
451309,R@100,1.0
45134,nDCG@10,0.43067655807339306
45134,R@100,1.0
451348,nDCG@10,1.0
451348,R@100,1.0
451359,nDCG@10,0.38685280723454163
451359,R@100,0.5
451457,nDCG@10,0.6934264036172708
451457,R@100,1.0
451522,nDCG@10,1.0
451522,R@100,1.0
451534,nDCG@10,0.6309297535714575
451534,R@100,1.0
451590,nDCG@10,0.2890648263178879
451590,R@100,1.0
451622,nDCG@10,0.5
451622,R@100,1.0
451708,nDCG@10,1.0
451708,R@100,1.0
451719,nDCG@10,0.0
451719,R@100,1.0
451858,nDCG@10,0.9197207891481876
451858,R@100,1.0
451859,nDCG@10,0.0
451859,R@100,0.0
451897,nDCG@10,1.0
451897,R@100,1.0
4519,nDCG@10,1.0
4519,R@100,1.0
451914,nDCG@10,0.9197207891481876
451914,R@100,1.0
451974,nDCG@10,0.31546487678572877
451974,R@100,1.0
452149,nDCG@10,0.43067655807339306
452149,R@100,1.0
452167,nDCG@10,1.0
452167,R@100,1.0
452189,nDCG@10,1.0
452189,R@100,1.0
452249,nDCG@10,0.0
452249,R@100,0.0
452302,nDCG@10,1.0
452302,R@100,1.0
452327,nDCG@10,0.5
452327,R@100,1.0
45233,nDCG@10,0.0
45233,R@100,1.0
452398,nDCG@10,1.0
452398,R@100,1.0
452451,nDCG@10,0.0
452451,R@100,0.0
452465,nDCG@10,1.0
452465,R@100,1.0
452480,nDCG@10,1.0
452480,R@100,1.0
452486,nDCG@10,1.0
452486,R@100,1.0
452555,nDCG@10,1.0
452555,R@100,1.0
452559,nDCG@10,1.0
452559,R@100,1.0
452560,nDCG@10,1.0
452560,R@100,1.0
452568,nDCG@10,1.0
452568,R@100,1.0
452633,nDCG@10,0.3333333333333333
452633,R@100,1.0
452668,nDCG@10,0.5
452668,R@100,1.0
452669,nDCG@10,0.38685280723454163
452669,R@100,1.0
452703,nDCG@10,1.0
452703,R@100,1.0
452709,nDCG@10,0.6309297535714575
452709,R@100,1.0
452718,nDCG@10,0.0
452718,R@100,1.0
452782,nDCG@10,0.43067655807339306
452782,R@100,1.0
452814,nDCG@10,1.0
452814,R@100,1.0
452880,nDCG@10,1.0
452880,R@100,1.0
452913,nDCG@10,0.0
452913,R@100,0.0
452942,nDCG@10,1.0
452942,R@100,1.0
452960,nDCG@10,1.0
452960,R@100,1.0
4530,nDCG@10,1.0
4530,R@100,1.0
453047,nDCG@10,0.0
453047,R@100,0.0
453138,nDCG@10,1.0
453138,R@100,1.0
453169,nDCG@10,1.0
453169,R@100,1.0
453239,nDCG@10,1.0
453239,R@100,1.0
453243,nDCG@10,1.0
453243,R@100,1.0
453318,nDCG@10,1.0
453318,R@100,1.0
453361,nDCG@10,0.6309297535714575
453361,R@100,1.0
453429,nDCG@10,1.0
453429,R@100,1.0
45345,nDCG@10,0.3562071871080222
45345,R@100,1.0
453493,nDCG@10,1.0
453493,R@100,1.0
453517,nDCG@10,1.0
453517,R@100,1.0
453524,nDCG@10,1.0
453524,R@100,1.0
453529,nDCG@10,1.0
453529,R@100,1.0
453622,nDCG@10,1.0
453622,R@100,1.0
453680,nDCG@10,0.3010299956639812
453680,R@100,1.0
453800,nDCG@10,0.3333333333333333
453800,R@100,1.0
453878,nDCG@10,0.6309297535714575
453878,R@100,1.0
453887,nDCG@10,1.0
453887,R@100,1.0
454041,nDCG@10,0.5
454041,R@100,1.0
454061,nDCG@10,0.0
454061,R@100,0.0
45409,nDCG@10,0.0
45409,R@100,1.0
454139,nDCG@10,0.43067655807339306
454139,R@100,1.0
454175,nDCG@10,1.0
454175,R@100,1.0
454307,nDCG@10,1.0
454307,R@100,1.0
454325,nDCG@10,1.0
454325,R@100,1.0
454377,nDCG@10,0.6309297535714575
454377,R@100,1.0
454399,nDCG@10,1.0
454399,R@100,1.0
454483,nDCG@10,1.0
454483,R@100,1.0
454532,nDCG@10,1.0
454532,R@100,1.0
454560,nDCG@10,0.6309297535714575
454560,R@100,1.0
454562,nDCG@10,0.0
454562,R@100,0.0
45467,nDCG@10,1.0
45467,R@100,1.0
454929,nDCG@10,1.0
454929,R@100,1.0
455040,nDCG@10,0.8503449055347546
455040,R@100,1.0
455140,nDCG@10,0.3333333333333333
455140,R@100,1.0
455356,nDCG@10,1.0
455356,R@100,1.0
455364,nDCG@10,1.0
455364,R@100,1.0
455382,nDCG@10,0.3010299956639812
455382,R@100,1.0
455394,nDCG@10,1.0
455394,R@100,1.0
455423,nDCG@10,1.0
455423,R@100,1.0
455455,nDCG@10,1.0
455455,R@100,1.0
455477,nDCG@10,0.0
455477,R@100,1.0
455486,nDCG@10,1.0
455486,R@100,1.0
455495,nDCG@10,1.0
455495,R@100,1.0
455630,nDCG@10,1.0
455630,R@100,1.0
455678,nDCG@10,1.0
455678,R@100,1.0
455696,nDCG@10,1.0
455696,R@100,1.0
455809,nDCG@10,1.0
455809,R@100,1.0
455839,nDCG@10,1.0
455839,R@100,1.0
455851,nDCG@10,0.6131471927654584
455851,R@100,1.0
455886,nDCG@10,1.0
455886,R@100,1.0
455919,nDCG@10,0.6309297535714575
455919,R@100,1.0
455949,nDCG@10,1.0
455949,R@100,1.0
455971,nDCG@10,1.0
455971,R@100,1.0
455993,nDCG@10,0.0
455993,R@100,1.0
455994,nDCG@10,0.3333333333333333
455994,R@100,1.0
45603,nDCG@10,1.0
45603,R@100,1.0
456125,nDCG@10,1.0
456125,R@100,1.0
456163,nDCG@10,1.0
456163,R@100,1.0
456217,nDCG@10,0.0
456217,R@100,1.0
45627,nDCG@10,1.0
45627,R@100,1.0
456360,nDCG@10,1.0
456360,R@100,1.0
456370,nDCG@10,1.0
456370,R@100,1.0
456408,nDCG@10,1.0
456408,R@100,1.0
456413,nDCG@10,1.0
456413,R@100,1.0
456504,nDCG@10,1.0
456504,R@100,1.0
456505,nDCG@10,1.0
456505,R@100,1.0
456541,nDCG@10,0.0
456541,R@100,1.0
456542,nDCG@10,0.3010299956639812
456542,R@100,1.0
456611,nDCG@10,0.6309297535714575
456611,R@100,1.0
456684,nDCG@10,1.0
456684,R@100,1.0
456702,nDCG@10,1.0
456702,R@100,1.0
456734,nDCG@10,1.0
456734,R@100,1.0
456815,nDCG@10,1.0
456815,R@100,1.0
456883,nDCG@10,1.0
456883,R@100,1.0
456952,nDCG@10,0.41183384043543503
456952,R@100,1.0
45697,nDCG@10,0.9197207891481876
45697,R@100,1.0
45701,nDCG@10,0.0
45701,R@100,0.0
457083,nDCG@10,1.0
457083,R@100,1.0
457140,nDCG@10,1.0
457140,R@100,1.0
457311,nDCG@10,1.0
457311,R@100,1.0
457405,nDCG@10,1.0
457405,R@100,1.0
457454,nDCG@10,1.0
457454,R@100,1.0
45746,nDCG@10,0.9197207891481876
45746,R@100,1.0
457511,nDCG@10,1.0
457511,R@100,1.0
457525,nDCG@10,1.0
457525,R@100,1.0
457563,nDCG@10,0.9197207891481876
457563,R@100,1.0
457573,nDCG@10,0.2890648263178879
457573,R@100,1.0
457704,nDCG@10,0.43067655807339306
457704,R@100,1.0
45776,nDCG@10,0.5307212739772434
45776,R@100,0.6666666666666666
457777,nDCG@10,0.3010299956639812
457777,R@100,1.0
457847,nDCG@10,1.0
457847,R@100,1.0
457910,nDCG@10,1.0
457910,R@100,1.0
457913,nDCG@10,1.0
457913,R@100,1.0
457947,nDCG@10,1.0
457947,R@100,1.0
458022,nDCG@10,0.6309297535714575
458022,R@100,1.0
458167,nDCG@10,1.0
458167,R@100,1.0
45824,nDCG@10,1.0
45824,R@100,1.0
458367,nDCG@10,0.38685280723454163
458367,R@100,1.0
458406,nDCG@10,1.0
458406,R@100,1.0
458431,nDCG@10,0.5
458431,R@100,1.0
458523,nDCG@10,0.0
458523,R@100,1.0
458589,nDCG@10,1.0
458589,R@100,1.0
458697,nDCG@10,1.0
458697,R@100,1.0
458735,nDCG@10,1.0
458735,R@100,1.0
458810,nDCG@10,1.0
458810,R@100,1.0
458860,nDCG@10,0.31546487678572877
458860,R@100,1.0
458977,nDCG@10,1.0
458977,R@100,1.0
459039,nDCG@10,0.0
459039,R@100,1.0
459067,nDCG@10,0.5
459067,R@100,1.0
459087,nDCG@10,0.0
459087,R@100,1.0
459090,nDCG@10,0.0
459090,R@100,0.0
459189,nDCG@10,0.5
459189,R@100,1.0
459200,nDCG@10,0.6309297535714575
459200,R@100,1.0
459229,nDCG@10,1.0
459229,R@100,1.0
459255,nDCG@10,1.0
459255,R@100,1.0
459260,nDCG@10,0.8772153153380493
459260,R@100,1.0
459281,nDCG@10,1.0
459281,R@100,1.0
459293,nDCG@10,1.0
459293,R@100,1.0
459322,nDCG@10,1.0
459322,R@100,1.0
459392,nDCG@10,0.5
459392,R@100,1.0
459415,nDCG@10,1.0
459415,R@100,1.0
459537,nDCG@10,1.0
459537,R@100,1.0
459612,nDCG@10,1.0
459612,R@100,1.0
459692,nDCG@10,1.0
459692,R@100,1.0
459738,nDCG@10,0.6309297535714575
459738,R@100,1.0
45975,nDCG@10,0.0
45975,R@100,0.0
46,nDCG@10,0.0
46,R@100,0.6666666666666666
460019,nDCG@10,1.0
460019,R@100,1.0
460030,nDCG@10,1.0
460030,R@100,1.0
460075,nDCG@10,1.0
460075,R@100,1.0
460150,nDCG@10,1.0
460150,R@100,1.0
46016,nDCG@10,0.8493587936665266
46016,R@100,1.0
460200,nDCG@10,0.5
460200,R@100,1.0
460309,nDCG@10,0.6309297535714575
460309,R@100,1.0
460355,nDCG@10,1.0
460355,R@100,1.0
460374,nDCG@10,1.0
460374,R@100,1.0
460381,nDCG@10,1.0
460381,R@100,1.0
460441,nDCG@10,0.6164336326286644
460441,R@100,1.0
460521,nDCG@10,0.6131471927654584
460521,R@100,1.0
460539,nDCG@10,1.0
460539,R@100,1.0
460560,nDCG@10,1.0
460560,R@100,1.0
460565,nDCG@10,1.0
460565,R@100,1.0
460592,nDCG@10,0.5
460592,R@100,1.0
460716,nDCG@10,0.6309297535714575
460716,R@100,1.0
460726,nDCG@10,0.5
460726,R@100,1.0
460798,nDCG@10,1.0
460798,R@100,1.0
460905,nDCG@10,1.0
460905,R@100,1.0
460957,nDCG@10,1.0
460957,R@100,1.0
460959,nDCG@10,0.38685280723454163
460959,R@100,1.0
460962,nDCG@10,1.0
460962,R@100,1.0
461002,nDCG@10,1.0
461002,R@100,1.0
461027,nDCG@10,1.0
461027,R@100,1.0
461036,nDCG@10,1.0
461036,R@100,1.0
461149,nDCG@10,0.3562071871080222
461149,R@100,1.0
461165,nDCG@10,1.0
461165,R@100,1.0
461220,nDCG@10,1.0
461220,R@100,1.0
461224,nDCG@10,0.38685280723454163
461224,R@100,1.0
461261,nDCG@10,1.0
461261,R@100,1.0
461403,nDCG@10,0.38685280723454163
461403,R@100,1.0
461425,nDCG@10,1.0
461425,R@100,1.0
461436,nDCG@10,1.0
461436,R@100,1.0
46148,nDCG@10,1.0
46148,R@100,1.0
461481,nDCG@10,0.0
461481,R@100,0.0
461494,nDCG@10,0.6309297535714575
461494,R@100,1.0
461605,nDCG@10,0.6309297535714575
461605,R@100,1.0
461629,nDCG@10,0.43067655807339306
461629,R@100,1.0
461688,nDCG@10,1.0
461688,R@100,1.0
461772,nDCG@10,0.3333333333333333
461772,R@100,1.0
462030,nDCG@10,0.43067655807339306
462030,R@100,1.0
462130,nDCG@10,1.0
462130,R@100,1.0
462169,nDCG@10,0.6131471927654584
462169,R@100,1.0
462219,nDCG@10,1.0
462219,R@100,1.0
462221,nDCG@10,1.0
462221,R@100,1.0
462274,nDCG@10,1.0
462274,R@100,1.0
462430,nDCG@10,1.0
462430,R@100,1.0
462540,nDCG@10,0.43067655807339306
462540,R@100,1.0
462584,nDCG@10,1.0
462584,R@100,1.0
462650,nDCG@10,1.0
462650,R@100,1.0
462660,nDCG@10,1.0
462660,R@100,1.0
462687,nDCG@10,0.6309297535714575
462687,R@100,1.0
462697,nDCG@10,1.0
462697,R@100,1.0
462715,nDCG@10,0.5
462715,R@100,1.0
46279,nDCG@10,0.0
46279,R@100,0.0
462823,nDCG@10,1.0
462823,R@100,1.0
463041,nDCG@10,0.6309297535714575
463041,R@100,1.0
463074,nDCG@10,1.0
463074,R@100,1.0
463075,nDCG@10,0.18457569677956817
463075,R@100,1.0
463080,nDCG@10,1.0
463080,R@100,1.0
463194,nDCG@10,1.0
463194,R@100,1.0
463219,nDCG@10,1.0
463219,R@100,1.0
463232,nDCG@10,0.6309297535714575
463232,R@100,1.0
46326,nDCG@10,1.0
46326,R@100,1.0
46335,nDCG@10,1.0
46335,R@100,1.0
463372,nDCG@10,0.0
463372,R@100,1.0
463380,nDCG@10,0.0
463380,R@100,0.0
463389,nDCG@10,0.5
463389,R@100,1.0
463433,nDCG@10,1.0
463433,R@100,1.0
463442,nDCG@10,1.0
463442,R@100,1.0
463664,nDCG@10,1.0
463664,R@100,1.0
463667,nDCG@10,0.0
463667,R@100,1.0
463690,nDCG@10,0.5
463690,R@100,1.0
463708,nDCG@10,1.0
463708,R@100,1.0
463785,nDCG@10,1.0
463785,R@100,1.0
463789,nDCG@10,1.0
463789,R@100,1.0
463894,nDCG@10,1.0
463894,R@100,1.0
463941,nDCG@10,1.0
463941,R@100,1.0
463976,nDCG@10,1.0
463976,R@100,1.0
463990,nDCG@10,1.0
463990,R@100,1.0
464000,nDCG@10,1.0
464000,R@100,1.0
464083,nDCG@10,1.0
464083,R@100,1.0
464095,nDCG@10,1.0
464095,R@100,1.0
464096,nDCG@10,0.6309297535714575
464096,R@100,1.0
4641,nDCG@10,1.0
4641,R@100,1.0
464156,nDCG@10,1.0
464156,R@100,1.0
464186,nDCG@10,1.0
464186,R@100,1.0
464218,nDCG@10,0.49818925746641285
464218,R@100,1.0
464315,nDCG@10,0.3333333333333333
464315,R@100,1.0
464453,nDCG@10,1.0
464453,R@100,1.0
464573,nDCG@10,1.0
464573,R@100,1.0
464622,nDCG@10,1.0
464622,R@100,1.0
464774,nDCG@10,0.0
464774,R@100,1.0
464791,nDCG@10,1.0
464791,R@100,1.0
464828,nDCG@10,0.2051166673279436
464828,R@100,0.3333333333333333
464841,nDCG@10,0.38685280723454163
464841,R@100,1.0
464908,nDCG@10,1.0
464908,R@100,1.0
464921,nDCG@10,1.0
464921,R@100,1.0
464941,nDCG@10,1.0
464941,R@100,1.0
46497,nDCG@10,0.6309297535714575
46497,R@100,1.0
4650,nDCG@10,1.0
4650,R@100,1.0
46509,nDCG@10,1.0
46509,R@100,1.0
465117,nDCG@10,0.5
465117,R@100,1.0
465131,nDCG@10,1.0
465131,R@100,1.0
46514,nDCG@10,1.0
46514,R@100,1.0
465141,nDCG@10,1.0
465141,R@100,1.0
465159,nDCG@10,0.6309297535714575
465159,R@100,1.0
46520,nDCG@10,0.7114533439819829
46520,R@100,1.0
465520,nDCG@10,1.0
465520,R@100,1.0
465721,nDCG@10,0.13565197343244778
465721,R@100,1.0
465739,nDCG@10,1.0
465739,R@100,1.0
465757,nDCG@10,1.0
465757,R@100,1.0
465759,nDCG@10,1.0
465759,R@100,1.0
465917,nDCG@10,0.3562071871080222
465917,R@100,1.0
465981,nDCG@10,0.6309297535714575
465981,R@100,1.0
466163,nDCG@10,0.6309297535714575
466163,R@100,1.0
466167,nDCG@10,1.0
466167,R@100,1.0
466228,nDCG@10,0.0
466228,R@100,0.0
466245,nDCG@10,1.0
466245,R@100,1.0
466326,nDCG@10,0.6309297535714575
466326,R@100,1.0
466348,nDCG@10,1.0
466348,R@100,1.0
466500,nDCG@10,1.0
466500,R@100,1.0
466502,nDCG@10,0.0
466502,R@100,1.0
466560,nDCG@10,1.0
466560,R@100,1.0
466570,nDCG@10,1.0
466570,R@100,1.0
466572,nDCG@10,1.0
466572,R@100,1.0
466580,nDCG@10,1.0
466580,R@100,1.0
466584,nDCG@10,1.0
466584,R@100,1.0
466586,nDCG@10,1.0
466586,R@100,1.0
46660,nDCG@10,1.0
46660,R@100,1.0
466620,nDCG@10,0.0
466620,R@100,1.0
466636,nDCG@10,1.0
466636,R@100,1.0
466650,nDCG@10,1.0
466650,R@100,1.0
466714,nDCG@10,1.0
466714,R@100,1.0
466826,nDCG@10,0.6309297535714575
466826,R@100,1.0
466831,nDCG@10,1.0
466831,R@100,1.0
466843,nDCG@10,0.5
466843,R@100,1.0
466870,nDCG@10,0.0
466870,R@100,1.0
466878,nDCG@10,1.0
466878,R@100,1.0
466910,nDCG@10,0.0
466910,R@100,1.0
466946,nDCG@10,1.0
466946,R@100,1.0
466989,nDCG@10,1.0
466989,R@100,1.0
467049,nDCG@10,1.0
467049,R@100,1.0
467106,nDCG@10,0.3562071871080222
467106,R@100,1.0
46711,nDCG@10,0.3212446320893053
46711,R@100,0.6666666666666666
467117,nDCG@10,1.0
467117,R@100,1.0
467220,nDCG@10,0.0
467220,R@100,0.0
467374,nDCG@10,0.6309297535714575
467374,R@100,1.0
467424,nDCG@10,1.0
467424,R@100,1.0
46756,nDCG@10,0.19342640361727081
46756,R@100,0.5
467615,nDCG@10,0.0
467615,R@100,1.0
46763,nDCG@10,0.0
46763,R@100,1.0
467680,nDCG@10,0.31546487678572877
467680,R@100,1.0
467774,nDCG@10,0.0
467774,R@100,1.0
467786,nDCG@10,0.3333333333333333
467786,R@100,1.0
467908,nDCG@10,0.0
467908,R@100,1.0
467942,nDCG@10,0.3562071871080222
467942,R@100,1.0
46802,nDCG@10,1.0
46802,R@100,1.0
468040,nDCG@10,1.0
468040,R@100,1.0
468131,nDCG@10,1.0
468131,R@100,1.0
468178,nDCG@10,1.0
468178,R@100,1.0
468195,nDCG@10,1.0
468195,R@100,1.0
468197,nDCG@10,0.6309297535714575
468197,R@100,1.0
468235,nDCG@10,1.0
468235,R@100,1.0
468247,nDCG@10,1.0
468247,R@100,1.0
468267,nDCG@10,1.0
468267,R@100,1.0
468341,nDCG@10,1.0
468341,R@100,1.0
468360,nDCG@10,1.0
468360,R@100,1.0
468415,nDCG@10,1.0
468415,R@100,1.0
468597,nDCG@10,1.0
468597,R@100,1.0
468648,nDCG@10,1.0
468648,R@100,1.0
468664,nDCG@10,0.43067655807339306
468664,R@100,1.0
468719,nDCG@10,1.0
468719,R@100,1.0
46872,nDCG@10,1.0
46872,R@100,1.0
468793,nDCG@10,0.5
468793,R@100,1.0
46880,nDCG@10,0.0
46880,R@100,0.0
468871,nDCG@10,1.0
468871,R@100,1.0
468891,nDCG@10,0.6309297535714575
468891,R@100,1.0
4689,nDCG@10,0.0
4689,R@100,1.0
46894,nDCG@10,0.0
46894,R@100,1.0
469058,nDCG@10,0.8315546295836225
469058,R@100,1.0
469076,nDCG@10,0.6309297535714575
469076,R@100,1.0
469218,nDCG@10,1.0
469218,R@100,1.0
469352,nDCG@10,0.6240505200038379
469352,R@100,1.0
469433,nDCG@10,1.0
469433,R@100,1.0
469448,nDCG@10,1.0
469448,R@100,1.0
469496,nDCG@10,1.0
469496,R@100,1.0
46950,nDCG@10,0.9197207891481876
46950,R@100,1.0
469528,nDCG@10,0.0
469528,R@100,1.0
469672,nDCG@10,1.0
469672,R@100,1.0
469698,nDCG@10,0.5
469698,R@100,1.0
4697,nDCG@10,0.9197207891481876
4697,R@100,1.0
469740,nDCG@10,1.0
469740,R@100,1.0
469767,nDCG@10,1.0
469767,R@100,1.0
469953,nDCG@10,1.0
469953,R@100,1.0
470000,nDCG@10,1.0
470000,R@100,1.0
470067,nDCG@10,1.0
470067,R@100,1.0
470069,nDCG@10,0.6934264036172708
470069,R@100,1.0
470121,nDCG@10,1.0
470121,R@100,1.0
470139,nDCG@10,0.20438239758848611
470139,R@100,1.0
470240,nDCG@10,1.0
470240,R@100,1.0
470251,nDCG@10,1.0
470251,R@100,1.0
470409,nDCG@10,1.0
470409,R@100,1.0
470417,nDCG@10,1.0
470417,R@100,1.0
470420,nDCG@10,0.5
470420,R@100,1.0
470529,nDCG@10,1.0
470529,R@100,1.0
470569,nDCG@10,0.0
470569,R@100,1.0
470576,nDCG@10,0.5
470576,R@100,1.0
470628,nDCG@10,1.0
470628,R@100,1.0
470708,nDCG@10,1.0
470708,R@100,1.0
470738,nDCG@10,1.0
470738,R@100,1.0
470748,nDCG@10,0.6309297535714575
470748,R@100,1.0
470774,nDCG@10,0.5400753810454857
470774,R@100,1.0
470776,nDCG@10,0.3333333333333333
470776,R@100,1.0
470834,nDCG@10,1.0
470834,R@100,1.0
470917,nDCG@10,1.0
470917,R@100,1.0
470928,nDCG@10,1.0
470928,R@100,1.0
470996,nDCG@10,1.0
470996,R@100,1.0
471262,nDCG@10,1.0
471262,R@100,1.0
471279,nDCG@10,1.0
471279,R@100,1.0
471327,nDCG@10,0.6309297535714575
471327,R@100,1.0
471555,nDCG@10,0.0
471555,R@100,1.0
471592,nDCG@10,0.6309297535714575
471592,R@100,1.0
471607,nDCG@10,1.0
471607,R@100,1.0
471628,nDCG@10,0.6309297535714575
471628,R@100,1.0
47165,nDCG@10,1.0
47165,R@100,1.0
471785,nDCG@10,1.0
471785,R@100,1.0
471883,nDCG@10,0.0
471883,R@100,1.0
471909,nDCG@10,1.0
471909,R@100,1.0
471916,nDCG@10,1.0
471916,R@100,1.0
471935,nDCG@10,1.0
471935,R@100,1.0
471949,nDCG@10,1.0
471949,R@100,1.0
471956,nDCG@10,0.6309297535714575
471956,R@100,1.0
471958,nDCG@10,0.38685280723454163
471958,R@100,1.0
472062,nDCG@10,0.0
472062,R@100,0.0
472135,nDCG@10,1.0
472135,R@100,1.0
472170,nDCG@10,1.0
472170,R@100,1.0
472253,nDCG@10,1.0
472253,R@100,1.0
472258,nDCG@10,1.0
472258,R@100,1.0
472295,nDCG@10,1.0
472295,R@100,1.0
472475,nDCG@10,1.0
472475,R@100,1.0
472482,nDCG@10,1.0
472482,R@100,1.0
47260,nDCG@10,0.46927872602275644
47260,R@100,1.0
472633,nDCG@10,0.6309297535714575
472633,R@100,1.0
472798,nDCG@10,1.0
472798,R@100,1.0
472875,nDCG@10,1.0
472875,R@100,1.0
47293,nDCG@10,0.3010299956639812
47293,R@100,1.0
472932,nDCG@10,1.0
472932,R@100,1.0
473045,nDCG@10,0.0
473045,R@100,1.0
473159,nDCG@10,1.0
473159,R@100,1.0
473218,nDCG@10,1.0
473218,R@100,1.0
473251,nDCG@10,1.0
473251,R@100,1.0
473269,nDCG@10,1.0
473269,R@100,1.0
473287,nDCG@10,1.0
473287,R@100,1.0
473292,nDCG@10,1.0
473292,R@100,1.0
473295,nDCG@10,0.0
473295,R@100,0.0
47334,nDCG@10,0.6309297535714575
47334,R@100,1.0
473438,nDCG@10,1.0
473438,R@100,1.0
473517,nDCG@10,1.0
473517,R@100,1.0
47356,nDCG@10,0.3416877728373431
47356,R@100,0.8571428571428571
473655,nDCG@10,0.5
473655,R@100,1.0
473714,nDCG@10,1.0
473714,R@100,1.0
473730,nDCG@10,1.0
473730,R@100,1.0
473813,nDCG@10,0.18457569677956817
473813,R@100,1.0
473869,nDCG@10,1.0
473869,R@100,1.0
47405,nDCG@10,0.4367467095119258
47405,R@100,1.0
474126,nDCG@10,0.3562071871080222
474126,R@100,1.0
474130,nDCG@10,0.38685280723454163
474130,R@100,1.0
474138,nDCG@10,1.0
474138,R@100,1.0
474271,nDCG@10,0.6309297535714575
474271,R@100,1.0
474501,nDCG@10,1.0
474501,R@100,1.0
474510,nDCG@10,1.0
474510,R@100,1.0
474651,nDCG@10,0.0
474651,R@100,0.0
474668,nDCG@10,1.0
474668,R@100,1.0
474732,nDCG@10,1.0
474732,R@100,1.0
474803,nDCG@10,0.5
474803,R@100,1.0
474821,nDCG@10,1.0
474821,R@100,1.0
474826,nDCG@10,0.5
474826,R@100,1.0
474883,nDCG@10,1.0
474883,R@100,1.0
474885,nDCG@10,1.0
474885,R@100,1.0
474939,nDCG@10,0.6309297535714575
474939,R@100,1.0
474955,nDCG@10,1.0
474955,R@100,1.0
474999,nDCG@10,1.0
474999,R@100,1.0
475030,nDCG@10,1.0
475030,R@100,1.0
475286,nDCG@10,0.31546487678572877
475286,R@100,1.0
475296,nDCG@10,1.0
475296,R@100,1.0
47537,nDCG@10,0.0
47537,R@100,0.0
475402,nDCG@10,0.6309297535714575
475402,R@100,1.0
475445,nDCG@10,1.0
475445,R@100,1.0
475455,nDCG@10,0.5
475455,R@100,1.0
4755,nDCG@10,1.0
4755,R@100,1.0
475511,nDCG@10,1.0
475511,R@100,1.0
475607,nDCG@10,1.0
475607,R@100,1.0
475639,nDCG@10,1.0
475639,R@100,1.0
475694,nDCG@10,1.0
475694,R@100,1.0
475717,nDCG@10,0.6309297535714575
475717,R@100,1.0
475729,nDCG@10,0.0
475729,R@100,0.0
475779,nDCG@10,1.0
475779,R@100,1.0
475809,nDCG@10,1.0
475809,R@100,1.0
475832,nDCG@10,1.0
475832,R@100,1.0
475865,nDCG@10,0.6309297535714575
475865,R@100,1.0
475894,nDCG@10,1.0
475894,R@100,1.0
475911,nDCG@10,1.0
475911,R@100,1.0
475915,nDCG@10,0.43067655807339306
475915,R@100,1.0
475947,nDCG@10,1.0
475947,R@100,1.0
47608,nDCG@10,1.0
47608,R@100,1.0
476093,nDCG@10,1.0
476093,R@100,1.0
47611,nDCG@10,1.0
47611,R@100,1.0
47616,nDCG@10,1.0
47616,R@100,1.0
47632,nDCG@10,1.0
47632,R@100,1.0
476321,nDCG@10,0.5
476321,R@100,1.0
476352,nDCG@10,1.0
476352,R@100,1.0
476371,nDCG@10,1.0
476371,R@100,1.0
476440,nDCG@10,1.0
476440,R@100,1.0
476465,nDCG@10,1.0
476465,R@100,1.0
476617,nDCG@10,1.0
476617,R@100,1.0
476621,nDCG@10,1.0
476621,R@100,1.0
476747,nDCG@10,1.0
476747,R@100,1.0
476793,nDCG@10,0.31546487678572877
476793,R@100,1.0
476850,nDCG@10,1.0
476850,R@100,1.0
476853,nDCG@10,1.0
476853,R@100,1.0
476862,nDCG@10,0.8315546295836225
476862,R@100,1.0
476894,nDCG@10,1.0
476894,R@100,1.0
47702,nDCG@10,1.0
47702,R@100,1.0
477022,nDCG@10,1.0
477022,R@100,1.0
477050,nDCG@10,1.0
477050,R@100,1.0
477065,nDCG@10,0.0
477065,R@100,0.0
477126,nDCG@10,1.0
477126,R@100,1.0
477237,nDCG@10,1.0
477237,R@100,1.0
47725,nDCG@10,0.0
47725,R@100,1.0
477294,nDCG@10,1.0
477294,R@100,1.0
477413,nDCG@10,0.6309297535714575
477413,R@100,1.0
477501,nDCG@10,1.0
477501,R@100,1.0
477546,nDCG@10,1.0
477546,R@100,1.0
477611,nDCG@10,1.0
477611,R@100,1.0
477660,nDCG@10,1.0
477660,R@100,1.0
477675,nDCG@10,0.3889580943680543
477675,R@100,1.0
477738,nDCG@10,0.6309297535714575
477738,R@100,1.0
477742,nDCG@10,1.0
477742,R@100,1.0
477753,nDCG@10,1.0
477753,R@100,1.0
47788,nDCG@10,0.6309297535714575
47788,R@100,1.0
477891,nDCG@10,1.0
477891,R@100,1.0
477893,nDCG@10,1.0
477893,R@100,1.0
477914,nDCG@10,0.0
477914,R@100,1.0
477939,nDCG@10,1.0
477939,R@100,1.0
477985,nDCG@10,1.0
477985,R@100,1.0
47800,nDCG@10,0.8772153153380493
47800,R@100,1.0
478017,nDCG@10,0.31546487678572877
478017,R@100,1.0
478044,nDCG@10,0.38685280723454163
478044,R@100,1.0
478060,nDCG@10,0.6309297535714575
478060,R@100,1.0
478175,nDCG@10,1.0
478175,R@100,1.0
478177,nDCG@10,1.0
478177,R@100,1.0
478232,nDCG@10,1.0
478232,R@100,1.0
478273,nDCG@10,1.0
478273,R@100,1.0
478302,nDCG@10,1.0
478302,R@100,1.0
478459,nDCG@10,1.0
478459,R@100,1.0
478538,nDCG@10,1.0
478538,R@100,1.0
478554,nDCG@10,1.0
478554,R@100,1.0
478664,nDCG@10,0.3010299956639812
478664,R@100,1.0
47871,nDCG@10,1.0
47871,R@100,1.0
478713,nDCG@10,0.6309297535714575
478713,R@100,1.0
478723,nDCG@10,0.6309297535714575
478723,R@100,1.0
478743,nDCG@10,1.0
478743,R@100,1.0
478796,nDCG@10,1.0
478796,R@100,1.0
478812,nDCG@10,0.43067655807339306
478812,R@100,1.0
478824,nDCG@10,1.0
478824,R@100,1.0
478854,nDCG@10,0.6309297535714575
478854,R@100,1.0
478880,nDCG@10,0.9197207891481876
478880,R@100,1.0
478898,nDCG@10,0.43067655807339306
478898,R@100,1.0
478963,nDCG@10,1.0
478963,R@100,1.0
478990,nDCG@10,1.0
478990,R@100,1.0
479013,nDCG@10,0.3010299956639812
479013,R@100,1.0
479021,nDCG@10,0.6309297535714575
479021,R@100,1.0
479093,nDCG@10,0.43067655807339306
479093,R@100,1.0
479134,nDCG@10,1.0
479134,R@100,1.0
479220,nDCG@10,1.0
479220,R@100,1.0
479362,nDCG@10,0.0
479362,R@100,1.0
479373,nDCG@10,0.6309297535714575
479373,R@100,1.0
479391,nDCG@10,1.0
479391,R@100,1.0
479393,nDCG@10,1.0
479393,R@100,1.0
479486,nDCG@10,1.0
479486,R@100,1.0
479568,nDCG@10,0.2890648263178879
479568,R@100,1.0
479607,nDCG@10,0.3562071871080222
479607,R@100,1.0
479683,nDCG@10,0.0
479683,R@100,1.0
479696,nDCG@10,1.0
479696,R@100,1.0
479706,nDCG@10,0.6309297535714575
479706,R@100,1.0
479713,nDCG@10,0.30260241349881345
479713,R@100,0.16666666666666666
479718,nDCG@10,0.3562071871080222
479718,R@100,1.0
479790,nDCG@10,1.0
479790,R@100,1.0
479806,nDCG@10,1.0
479806,R@100,1.0
479811,nDCG@10,0.31546487678572877
479811,R@100,1.0
47985,nDCG@10,0.0
47985,R@100,1.0
479851,nDCG@10,0.5
479851,R@100,1.0
479888,nDCG@10,1.0
479888,R@100,1.0
480053,nDCG@10,1.0
480053,R@100,1.0
480083,nDCG@10,0.43067655807339306
480083,R@100,1.0
480123,nDCG@10,1.0
480123,R@100,1.0
480125,nDCG@10,0.0
480125,R@100,0.5
480176,nDCG@10,0.6309297535714575
480176,R@100,1.0
48020,nDCG@10,1.0
48020,R@100,1.0
480228,nDCG@10,1.0
480228,R@100,1.0
480268,nDCG@10,0.6309297535714575
480268,R@100,1.0
480548,nDCG@10,1.0
480548,R@100,1.0
48057,nDCG@10,1.0
48057,R@100,1.0
480702,nDCG@10,1.0
480702,R@100,1.0
480710,nDCG@10,1.0
480710,R@100,1.0
480815,nDCG@10,0.5
480815,R@100,1.0
481023,nDCG@10,0.0
481023,R@100,1.0
481065,nDCG@10,0.20438239758848611
481065,R@100,0.5
48107,nDCG@10,1.0
48107,R@100,1.0
481103,nDCG@10,1.0
481103,R@100,1.0
481211,nDCG@10,0.6309297535714575
481211,R@100,1.0
481311,nDCG@10,1.0
481311,R@100,1.0
481319,nDCG@10,0.0
481319,R@100,1.0
481348,nDCG@10,0.6309297535714575
481348,R@100,1.0
481381,nDCG@10,0.0
481381,R@100,1.0
481386,nDCG@10,1.0
481386,R@100,1.0
481469,nDCG@10,1.0
481469,R@100,1.0
481539,nDCG@10,1.0
481539,R@100,1.0
481567,nDCG@10,0.6309297535714575
481567,R@100,1.0
481596,nDCG@10,1.0
481596,R@100,1.0
481720,nDCG@10,0.0
481720,R@100,1.0
481729,nDCG@10,1.0
481729,R@100,1.0
481744,nDCG@10,0.43067655807339306
481744,R@100,1.0
481802,nDCG@10,1.0
481802,R@100,1.0
481822,nDCG@10,1.0
481822,R@100,1.0
481827,nDCG@10,1.0
481827,R@100,1.0
481851,nDCG@10,1.0
481851,R@100,1.0
481896,nDCG@10,0.43067655807339306
481896,R@100,1.0
481916,nDCG@10,1.0
481916,R@100,1.0
482006,nDCG@10,1.0
482006,R@100,1.0
482010,nDCG@10,1.0
482010,R@100,1.0
482014,nDCG@10,1.0
482014,R@100,1.0
48203,nDCG@10,1.0
48203,R@100,1.0
482112,nDCG@10,1.0
482112,R@100,1.0
482184,nDCG@10,1.0
482184,R@100,1.0
482191,nDCG@10,1.0
482191,R@100,1.0
482244,nDCG@10,0.43067655807339306
482244,R@100,1.0
482303,nDCG@10,1.0
482303,R@100,1.0
48240,nDCG@10,0.46927872602275644
48240,R@100,1.0
482475,nDCG@10,0.0
482475,R@100,1.0
482478,nDCG@10,1.0
482478,R@100,1.0
482541,nDCG@10,1.0
482541,R@100,1.0
482623,nDCG@10,0.2890648263178879
482623,R@100,1.0
482863,nDCG@10,1.0
482863,R@100,1.0
48289,nDCG@10,0.3333333333333333
48289,R@100,1.0
483074,nDCG@10,0.3562071871080222
483074,R@100,1.0
483195,nDCG@10,0.5
483195,R@100,1.0
483400,nDCG@10,0.6309297535714575
483400,R@100,1.0
483472,nDCG@10,1.0
483472,R@100,1.0
483511,nDCG@10,0.0
483511,R@100,0.0
483513,nDCG@10,0.43067655807339306
483513,R@100,1.0
483573,nDCG@10,1.0
483573,R@100,1.0
48363,nDCG@10,0.6309297535714575
48363,R@100,1.0
48365,nDCG@10,0.0
48365,R@100,1.0
4837,nDCG@10,1.0
4837,R@100,1.0
483746,nDCG@10,1.0
483746,R@100,1.0
483831,nDCG@10,1.0
483831,R@100,1.0
483838,nDCG@10,0.43067655807339306
483838,R@100,1.0
483873,nDCG@10,1.0
483873,R@100,1.0
48395,nDCG@10,0.7653606369886217
48395,R@100,1.0
483970,nDCG@10,0.639945385422766
483970,R@100,1.0
484006,nDCG@10,0.6509209298071326
484006,R@100,1.0
484054,nDCG@10,1.0
484054,R@100,1.0
484150,nDCG@10,1.0
484150,R@100,1.0
484175,nDCG@10,1.0
484175,R@100,1.0
484176,nDCG@10,1.0
484176,R@100,1.0
484325,nDCG@10,1.0
484325,R@100,1.0
484331,nDCG@10,1.0
484331,R@100,1.0
484359,nDCG@10,0.0
484359,R@100,0.0
484369,nDCG@10,0.0
484369,R@100,1.0
484413,nDCG@10,1.0
484413,R@100,1.0
484650,nDCG@10,0.43067655807339306
484650,R@100,1.0
484663,nDCG@10,1.0
484663,R@100,1.0
484681,nDCG@10,1.0
484681,R@100,1.0
484835,nDCG@10,1.0
484835,R@100,1.0
484855,nDCG@10,1.0
484855,R@100,1.0
484874,nDCG@10,1.0
484874,R@100,1.0
484945,nDCG@10,1.0
484945,R@100,1.0
484985,nDCG@10,1.0
484985,R@100,1.0
485010,nDCG@10,0.6309297535714575
485010,R@100,1.0
485030,nDCG@10,1.0
485030,R@100,1.0
485111,nDCG@10,1.0
485111,R@100,1.0
485223,nDCG@10,1.0
485223,R@100,1.0
485345,nDCG@10,1.0
485345,R@100,1.0
485347,nDCG@10,0.0
485347,R@100,1.0
485414,nDCG@10,1.0
485414,R@100,1.0
485446,nDCG@10,0.38685280723454163
485446,R@100,1.0
485455,nDCG@10,0.0
485455,R@100,1.0
485458,nDCG@10,1.0
485458,R@100,1.0
485514,nDCG@10,1.0
485514,R@100,1.0
485543,nDCG@10,0.0
485543,R@100,1.0
485580,nDCG@10,1.0
485580,R@100,1.0
485742,nDCG@10,0.38685280723454163
485742,R@100,1.0
485843,nDCG@10,0.5987307532910037
485843,R@100,1.0
485874,nDCG@10,0.6934264036172708
485874,R@100,1.0
485898,nDCG@10,1.0
485898,R@100,1.0
485958,nDCG@10,1.0
485958,R@100,1.0
486134,nDCG@10,1.0
486134,R@100,1.0
486260,nDCG@10,1.0
486260,R@100,1.0
486374,nDCG@10,1.0
486374,R@100,1.0
486411,nDCG@10,1.0
486411,R@100,1.0
48652,nDCG@10,0.0
48652,R@100,1.0
486538,nDCG@10,1.0
486538,R@100,1.0
486542,nDCG@10,1.0
486542,R@100,1.0
486549,nDCG@10,1.0
486549,R@100,1.0
486749,nDCG@10,0.0
486749,R@100,1.0
486778,nDCG@10,0.0
486778,R@100,1.0
486821,nDCG@10,1.0
486821,R@100,1.0
48693,nDCG@10,1.0
48693,R@100,1.0
4870,nDCG@10,0.6309297535714575
4870,R@100,1.0
487063,nDCG@10,0.5
487063,R@100,1.0
487074,nDCG@10,1.0
487074,R@100,1.0
487132,nDCG@10,0.43067655807339306
487132,R@100,1.0
487205,nDCG@10,1.0
487205,R@100,1.0
487255,nDCG@10,1.0
487255,R@100,1.0
487261,nDCG@10,1.0
487261,R@100,1.0
487268,nDCG@10,1.0
487268,R@100,1.0
487318,nDCG@10,1.0
487318,R@100,1.0
487329,nDCG@10,0.6309297535714575
487329,R@100,1.0
487416,nDCG@10,1.0
487416,R@100,1.0
487435,nDCG@10,1.0
487435,R@100,1.0
48744,nDCG@10,0.9197207891481876
48744,R@100,1.0
48751,nDCG@10,0.43067655807339306
48751,R@100,1.0
48754,nDCG@10,1.0
48754,R@100,1.0
487567,nDCG@10,1.0
487567,R@100,1.0
487569,nDCG@10,1.0
487569,R@100,1.0
487877,nDCG@10,1.0
487877,R@100,1.0
488107,nDCG@10,1.0
488107,R@100,1.0
488137,nDCG@10,0.3010299956639812
488137,R@100,1.0
488190,nDCG@10,0.6309297535714575
488190,R@100,1.0
488257,nDCG@10,1.0
488257,R@100,1.0
488268,nDCG@10,1.0
488268,R@100,1.0
488327,nDCG@10,1.0
488327,R@100,1.0
488425,nDCG@10,0.0
488425,R@100,0.75
488450,nDCG@10,1.0
488450,R@100,1.0
488488,nDCG@10,1.0
488488,R@100,1.0
488590,nDCG@10,0.6309297535714575
488590,R@100,1.0
488607,nDCG@10,1.0
488607,R@100,1.0
488730,nDCG@10,0.6309297535714575
488730,R@100,1.0
48879,nDCG@10,1.0
48879,R@100,1.0
488819,nDCG@10,1.0
488819,R@100,1.0
488887,nDCG@10,1.0
488887,R@100,1.0
488914,nDCG@10,0.0
488914,R@100,0.0
489065,nDCG@10,0.5857421563596757
489065,R@100,1.0
489123,nDCG@10,1.0
489123,R@100,1.0
489146,nDCG@10,1.0
489146,R@100,1.0
489162,nDCG@10,1.0
489162,R@100,1.0
489176,nDCG@10,1.0
489176,R@100,1.0
489191,nDCG@10,0.43067655807339306
489191,R@100,1.0
489250,nDCG@10,0.6309297535714575
489250,R@100,1.0
48926,nDCG@10,1.0
48926,R@100,1.0
489372,nDCG@10,0.43067655807339306
489372,R@100,1.0
48945,nDCG@10,0.5498307986729412
48945,R@100,0.75
48947,nDCG@10,0.3333333333333333
48947,R@100,1.0
489472,nDCG@10,0.0
489472,R@100,1.0
489486,nDCG@10,1.0
489486,R@100,1.0
489514,nDCG@10,0.6309297535714575
489514,R@100,1.0
489594,nDCG@10,1.0
489594,R@100,1.0
489600,nDCG@10,0.6309297535714575
489600,R@100,1.0
489655,nDCG@10,0.38685280723454163
489655,R@100,1.0
489702,nDCG@10,1.0
489702,R@100,1.0
489704,nDCG@10,1.0
489704,R@100,1.0
489839,nDCG@10,1.0
489839,R@100,1.0
489895,nDCG@10,1.0
489895,R@100,1.0
489955,nDCG@10,1.0
489955,R@100,1.0
48998,nDCG@10,0.9197207891481876
48998,R@100,1.0
490033,nDCG@10,0.6309297535714575
490033,R@100,1.0
490063,nDCG@10,1.0
490063,R@100,1.0
490086,nDCG@10,1.0
490086,R@100,1.0
490107,nDCG@10,1.0
490107,R@100,1.0
490154,nDCG@10,1.0
490154,R@100,1.0
49017,nDCG@10,0.23719771276929622
49017,R@100,1.0
490255,nDCG@10,1.0
490255,R@100,1.0
490265,nDCG@10,0.6309297535714575
490265,R@100,1.0
490275,nDCG@10,1.0
490275,R@100,1.0
490291,nDCG@10,0.0
490291,R@100,1.0
4903,nDCG@10,0.20248323207250624
4903,R@100,0.8421052631578947
490335,nDCG@10,0.8503449055347546
490335,R@100,1.0
490338,nDCG@10,1.0
490338,R@100,1.0
490363,nDCG@10,0.0
490363,R@100,0.0
490392,nDCG@10,0.0
490392,R@100,0.0
490441,nDCG@10,1.0
490441,R@100,1.0
490479,nDCG@10,0.0
490479,R@100,0.0
49051,nDCG@10,1.0
49051,R@100,1.0
490770,nDCG@10,1.0
490770,R@100,1.0
49082,nDCG@10,0.0
49082,R@100,0.0
490821,nDCG@10,0.0
490821,R@100,1.0
490979,nDCG@10,0.0
490979,R@100,0.0
490997,nDCG@10,1.0
490997,R@100,1.0
491006,nDCG@10,1.0
491006,R@100,1.0
491061,nDCG@10,1.0
491061,R@100,1.0
491064,nDCG@10,1.0
491064,R@100,1.0
491073,nDCG@10,0.38685280723454163
491073,R@100,1.0
491084,nDCG@10,1.0
491084,R@100,1.0
491119,nDCG@10,1.0
491119,R@100,1.0
49116,nDCG@10,0.6309297535714575
49116,R@100,1.0
491445,nDCG@10,1.0
491445,R@100,1.0
491491,nDCG@10,1.0
491491,R@100,1.0
491525,nDCG@10,1.0
491525,R@100,1.0
491561,nDCG@10,1.0
491561,R@100,1.0
491570,nDCG@10,0.6492233278282461
491570,R@100,1.0
491613,nDCG@10,0.5
491613,R@100,1.0
491674,nDCG@10,1.0
491674,R@100,1.0
491781,nDCG@10,1.0
491781,R@100,1.0
491809,nDCG@10,0.0
491809,R@100,1.0
491830,nDCG@10,1.0
491830,R@100,1.0
491832,nDCG@10,1.0
491832,R@100,1.0
491867,nDCG@10,0.0
491867,R@100,0.0
491889,nDCG@10,0.3562071871080222
491889,R@100,1.0
491962,nDCG@10,1.0
491962,R@100,1.0
491975,nDCG@10,1.0
491975,R@100,1.0
491990,nDCG@10,1.0
491990,R@100,1.0
492093,nDCG@10,0.6309297535714575
492093,R@100,1.0
492162,nDCG@10,1.0
492162,R@100,1.0
492179,nDCG@10,1.0
492179,R@100,1.0
492263,nDCG@10,0.5
492263,R@100,1.0
492271,nDCG@10,1.0
492271,R@100,1.0
492326,nDCG@10,1.0
492326,R@100,1.0
492475,nDCG@10,1.0
492475,R@100,1.0
4925,nDCG@10,1.0
4925,R@100,1.0
492511,nDCG@10,1.0
492511,R@100,1.0
492523,nDCG@10,0.2890648263178879
492523,R@100,1.0
492576,nDCG@10,0.0
492576,R@100,1.0
492632,nDCG@10,1.0
492632,R@100,1.0
492652,nDCG@10,1.0
492652,R@100,1.0
492879,nDCG@10,1.0
492879,R@100,1.0
492884,nDCG@10,1.0
492884,R@100,1.0
4929,nDCG@10,1.0
4929,R@100,1.0
492909,nDCG@10,0.6309297535714575
492909,R@100,1.0
492912,nDCG@10,1.0
492912,R@100,1.0
492931,nDCG@10,1.0
492931,R@100,1.0
492950,nDCG@10,1.0
492950,R@100,1.0
492952,nDCG@10,1.0
492952,R@100,1.0
492983,nDCG@10,0.6131471927654584
492983,R@100,1.0
493,nDCG@10,1.0
493,R@100,1.0
493007,nDCG@10,0.5
493007,R@100,1.0
493038,nDCG@10,0.0
493038,R@100,0.0
493084,nDCG@10,1.0
493084,R@100,1.0
493096,nDCG@10,1.0
493096,R@100,1.0
493220,nDCG@10,1.0
493220,R@100,1.0
493233,nDCG@10,1.0
493233,R@100,1.0
493265,nDCG@10,1.0
493265,R@100,1.0
493360,nDCG@10,1.0
493360,R@100,1.0
493371,nDCG@10,1.0
493371,R@100,1.0
493406,nDCG@10,0.6131471927654584
493406,R@100,1.0
493490,nDCG@10,0.6309297535714575
493490,R@100,1.0
493504,nDCG@10,0.6309297535714575
493504,R@100,1.0
493509,nDCG@10,0.23719771276929622
493509,R@100,1.0
49352,nDCG@10,0.5
49352,R@100,1.0
493532,nDCG@10,0.31546487678572877
493532,R@100,1.0
49354,nDCG@10,1.0
49354,R@100,1.0
493598,nDCG@10,1.0
493598,R@100,1.0
49362,nDCG@10,1.0
49362,R@100,1.0
493689,nDCG@10,1.0
493689,R@100,1.0
493699,nDCG@10,0.38685280723454163
493699,R@100,1.0
493757,nDCG@10,1.0
493757,R@100,1.0
493776,nDCG@10,0.5
493776,R@100,1.0
493877,nDCG@10,0.0
493877,R@100,0.0
493945,nDCG@10,1.0
493945,R@100,1.0
494074,nDCG@10,0.0
494074,R@100,1.0
494157,nDCG@10,0.6309297535714575
494157,R@100,1.0
494185,nDCG@10,1.0
494185,R@100,1.0
494194,nDCG@10,1.0
494194,R@100,1.0
494208,nDCG@10,1.0
494208,R@100,1.0
494224,nDCG@10,1.0
494224,R@100,1.0
49429,nDCG@10,1.0
49429,R@100,1.0
494297,nDCG@10,0.6309297535714575
494297,R@100,1.0
494363,nDCG@10,1.0
494363,R@100,1.0
494366,nDCG@10,1.0
494366,R@100,1.0
49439,nDCG@10,0.0
49439,R@100,0.0
494604,nDCG@10,1.0
494604,R@100,1.0
494606,nDCG@10,1.0
494606,R@100,1.0
494608,nDCG@10,1.0
494608,R@100,1.0
494633,nDCG@10,1.0
494633,R@100,1.0
494643,nDCG@10,0.0
494643,R@100,0.0
494692,nDCG@10,1.0
494692,R@100,1.0
494781,nDCG@10,1.0
494781,R@100,1.0
494790,nDCG@10,0.0
494790,R@100,1.0
494877,nDCG@10,0.6309297535714575
494877,R@100,1.0
49503,nDCG@10,1.0
49503,R@100,1.0
495039,nDCG@10,1.0
495039,R@100,1.0
495095,nDCG@10,1.0
495095,R@100,1.0
495125,nDCG@10,1.0
495125,R@100,1.0
495133,nDCG@10,1.0
495133,R@100,1.0
495175,nDCG@10,0.43067655807339306
495175,R@100,1.0
49528,nDCG@10,0.3065735963827292
49528,R@100,1.0
495281,nDCG@10,1.0
495281,R@100,1.0
49545,nDCG@10,0.0
49545,R@100,0.5
495451,nDCG@10,1.0
495451,R@100,1.0
495583,nDCG@10,0.0
495583,R@100,0.0
495617,nDCG@10,1.0
495617,R@100,1.0
495683,nDCG@10,0.0
495683,R@100,1.0
495694,nDCG@10,0.0
495694,R@100,1.0
495724,nDCG@10,1.0
495724,R@100,1.0
495771,nDCG@10,1.0
495771,R@100,1.0
495779,nDCG@10,0.0
495779,R@100,0.0
495922,nDCG@10,0.8065735963827293
495922,R@100,1.0
495939,nDCG@10,1.0
495939,R@100,1.0
495952,nDCG@10,1.0
495952,R@100,1.0
49599,nDCG@10,0.6309297535714575
49599,R@100,1.0
495991,nDCG@10,0.0
495991,R@100,1.0
496128,nDCG@10,0.3562071871080222
496128,R@100,1.0
496163,nDCG@10,0.6309297535714575
496163,R@100,1.0
49622,nDCG@10,0.9197207891481876
49622,R@100,1.0
49625,nDCG@10,0.0
49625,R@100,0.0
496274,nDCG@10,1.0
496274,R@100,1.0
496277,nDCG@10,1.0
496277,R@100,1.0
496308,nDCG@10,1.0
496308,R@100,1.0
496450,nDCG@10,0.0
496450,R@100,0.5
496465,nDCG@10,0.0
496465,R@100,1.0
496529,nDCG@10,1.0
496529,R@100,1.0
496537,nDCG@10,1.0
496537,R@100,1.0
496539,nDCG@10,1.0
496539,R@100,1.0
49655,nDCG@10,0.6309297535714575
49655,R@100,1.0
496599,nDCG@10,1.0
496599,R@100,1.0
49663,nDCG@10,0.6934264036172708
49663,R@100,1.0
496633,nDCG@10,1.0
496633,R@100,1.0
496823,nDCG@10,1.0
496823,R@100,1.0
497022,nDCG@10,1.0
497022,R@100,1.0
497069,nDCG@10,1.0
497069,R@100,1.0
497100,nDCG@10,1.0
497100,R@100,1.0
497124,nDCG@10,0.5
497124,R@100,1.0
497152,nDCG@10,1.0
497152,R@100,1.0
497214,nDCG@10,0.3562071871080222
497214,R@100,1.0
497221,nDCG@10,0.6309297535714575
497221,R@100,1.0
497328,nDCG@10,1.0
497328,R@100,1.0
497346,nDCG@10,0.0
497346,R@100,0.0
497371,nDCG@10,1.0
497371,R@100,1.0
497496,nDCG@10,1.0
497496,R@100,1.0
49750,nDCG@10,1.0
49750,R@100,1.0
497631,nDCG@10,0.38685280723454163
497631,R@100,1.0
497644,nDCG@10,1.0
497644,R@100,1.0
497673,nDCG@10,0.43067655807339306
497673,R@100,1.0
497929,nDCG@10,1.0
497929,R@100,1.0
498011,nDCG@10,1.0
498011,R@100,1.0
498080,nDCG@10,0.9178287402913377
498080,R@100,1.0
498123,nDCG@10,0.5
498123,R@100,1.0
498150,nDCG@10,1.0
498150,R@100,1.0
498179,nDCG@10,1.0
498179,R@100,1.0
498226,nDCG@10,1.0
498226,R@100,1.0
498228,nDCG@10,0.5
498228,R@100,1.0
498298,nDCG@10,1.0
498298,R@100,1.0
498300,nDCG@10,0.5
498300,R@100,1.0
498302,nDCG@10,1.0
498302,R@100,1.0
498319,nDCG@10,1.0
498319,R@100,1.0
498391,nDCG@10,1.0
498391,R@100,1.0
498415,nDCG@10,0.0
498415,R@100,1.0
498465,nDCG@10,1.0
498465,R@100,1.0
498537,nDCG@10,1.0
498537,R@100,1.0
498577,nDCG@10,1.0
498577,R@100,1.0
498580,nDCG@10,1.0
498580,R@100,1.0
498590,nDCG@10,0.5
498590,R@100,1.0
49860,nDCG@10,0.6309297535714575
49860,R@100,1.0
498617,nDCG@10,1.0
498617,R@100,1.0
498625,nDCG@10,0.2890648263178879
498625,R@100,1.0
498656,nDCG@10,1.0
498656,R@100,1.0
498754,nDCG@10,0.0
498754,R@100,0.0
498809,nDCG@10,1.0
498809,R@100,1.0
498854,nDCG@10,1.0
498854,R@100,1.0
498861,nDCG@10,0.0
498861,R@100,0.0
498870,nDCG@10,1.0
498870,R@100,1.0
498873,nDCG@10,1.0
498873,R@100,1.0
499017,nDCG@10,1.0
499017,R@100,1.0
499110,nDCG@10,1.0
499110,R@100,1.0
499133,nDCG@10,1.0
499133,R@100,1.0
499147,nDCG@10,1.0
499147,R@100,1.0
499173,nDCG@10,0.0
499173,R@100,1.0
499185,nDCG@10,1.0
499185,R@100,1.0
499249,nDCG@10,0.5
499249,R@100,1.0
499259,nDCG@10,0.38685280723454163
499259,R@100,1.0
499278,nDCG@10,0.6309297535714575
499278,R@100,1.0
499334,nDCG@10,1.0
499334,R@100,1.0
499378,nDCG@10,1.0
499378,R@100,1.0
49946,nDCG@10,1.0
49946,R@100,1.0
499463,nDCG@10,0.5
499463,R@100,1.0
499552,nDCG@10,1.0
499552,R@100,1.0
499754,nDCG@10,1.0
499754,R@100,1.0
499819,nDCG@10,0.6309297535714575
499819,R@100,1.0
499862,nDCG@10,1.0
499862,R@100,1.0
499992,nDCG@10,1.0
499992,R@100,1.0
50000,nDCG@10,0.5
50000,R@100,1.0
500010,nDCG@10,0.6309297535714575
500010,R@100,1.0
50016,nDCG@10,0.5
50016,R@100,1.0
500227,nDCG@10,0.31546487678572877
500227,R@100,1.0
500247,nDCG@10,1.0
500247,R@100,1.0
500288,nDCG@10,0.31546487678572877
500288,R@100,1.0
500295,nDCG@10,1.0
500295,R@100,1.0
500321,nDCG@10,0.5
500321,R@100,1.0
500360,nDCG@10,0.9197207891481876
500360,R@100,1.0
500401,nDCG@10,1.0
500401,R@100,1.0
500424,nDCG@10,0.0
500424,R@100,1.0
500436,nDCG@10,1.0
500436,R@100,1.0
500450,nDCG@10,1.0
500450,R@100,1.0
500465,nDCG@10,1.0
500465,R@100,1.0
50049,nDCG@10,1.0
50049,R@100,1.0
500501,nDCG@10,1.0
500501,R@100,1.0
500539,nDCG@10,0.5
500539,R@100,1.0
500662,nDCG@10,1.0
500662,R@100,1.0
500764,nDCG@10,1.0
500764,R@100,1.0
500771,nDCG@10,1.0
500771,R@100,1.0
500822,nDCG@10,0.0
500822,R@100,1.0
500927,nDCG@10,1.0
500927,R@100,1.0
500980,nDCG@10,0.31546487678572877
500980,R@100,1.0
501016,nDCG@10,0.0
501016,R@100,0.0
501182,nDCG@10,1.0
501182,R@100,1.0
501216,nDCG@10,1.0
501216,R@100,1.0
501429,nDCG@10,0.0
501429,R@100,0.0
501432,nDCG@10,0.6309297535714575
501432,R@100,1.0
501435,nDCG@10,1.0
501435,R@100,1.0
501748,nDCG@10,1.0
501748,R@100,1.0
501781,nDCG@10,1.0
501781,R@100,1.0
501866,nDCG@10,0.0
501866,R@100,1.0
501878,nDCG@10,1.0
501878,R@100,1.0
502056,nDCG@10,1.0
502056,R@100,1.0
502119,nDCG@10,1.0
502119,R@100,1.0
502210,nDCG@10,0.0
502210,R@100,1.0
502265,nDCG@10,1.0
502265,R@100,1.0
502314,nDCG@10,1.0
502314,R@100,1.0
502392,nDCG@10,0.5
502392,R@100,1.0
50243,nDCG@10,1.0
50243,R@100,1.0
502443,nDCG@10,1.0
502443,R@100,1.0
50247,nDCG@10,0.0
50247,R@100,1.0
502470,nDCG@10,1.0
502470,R@100,1.0
502478,nDCG@10,1.0
502478,R@100,1.0
502553,nDCG@10,1.0
502553,R@100,1.0
502587,nDCG@10,0.0
502587,R@100,1.0
50279,nDCG@10,0.14606834984270645
50279,R@100,0.6
502920,nDCG@10,1.0
502920,R@100,1.0
502934,nDCG@10,1.0
502934,R@100,1.0
502977,nDCG@10,1.0
502977,R@100,1.0
503194,nDCG@10,1.0
503194,R@100,1.0
503237,nDCG@10,1.0
503237,R@100,1.0
503266,nDCG@10,0.6131471927654584
503266,R@100,1.0
503295,nDCG@10,1.0
503295,R@100,1.0
503308,nDCG@10,0.3065735963827292
503308,R@100,0.5
503311,nDCG@10,0.6309297535714575
503311,R@100,1.0
503449,nDCG@10,1.0
503449,R@100,1.0
503450,nDCG@10,1.0
503450,R@100,1.0
503626,nDCG@10,1.0
503626,R@100,1.0
503751,nDCG@10,1.0
503751,R@100,1.0
503770,nDCG@10,1.0
503770,R@100,1.0
503778,nDCG@10,0.6309297535714575
503778,R@100,1.0
503856,nDCG@10,0.0
503856,R@100,1.0
503893,nDCG@10,1.0
503893,R@100,1.0
503923,nDCG@10,0.5
503923,R@100,1.0
503990,nDCG@10,1.0
503990,R@100,1.0
504022,nDCG@10,1.0
504022,R@100,1.0
504039,nDCG@10,1.0
504039,R@100,1.0
50418,nDCG@10,0.5
50418,R@100,1.0
50429,nDCG@10,0.3764290720714305
50429,R@100,1.0
504365,nDCG@10,1.0
504365,R@100,1.0
504485,nDCG@10,1.0
504485,R@100,1.0
504554,nDCG@10,1.0
504554,R@100,1.0
504590,nDCG@10,1.0
504590,R@100,1.0
504649,nDCG@10,1.0
504649,R@100,1.0
504711,nDCG@10,0.0
504711,R@100,0.0
504727,nDCG@10,1.0
504727,R@100,1.0
504811,nDCG@10,1.0
504811,R@100,1.0
504836,nDCG@10,1.0
504836,R@100,1.0
504853,nDCG@10,1.0
504853,R@100,1.0
504880,nDCG@10,1.0
504880,R@100,1.0
505069,nDCG@10,1.0
505069,R@100,1.0
505087,nDCG@10,0.5
505087,R@100,1.0
505169,nDCG@10,1.0
505169,R@100,1.0
505230,nDCG@10,1.0
505230,R@100,1.0
505466,nDCG@10,0.6309297535714575
505466,R@100,1.0
505482,nDCG@10,1.0
505482,R@100,1.0
505566,nDCG@10,1.0
505566,R@100,1.0
505584,nDCG@10,0.0
505584,R@100,0.0
505587,nDCG@10,0.2890648263178879
505587,R@100,1.0
505624,nDCG@10,1.0
505624,R@100,1.0
505728,nDCG@10,1.0
505728,R@100,1.0
505814,nDCG@10,0.3562071871080222
505814,R@100,1.0
50588,nDCG@10,0.3589542101716347
50588,R@100,1.0
505927,nDCG@10,1.0
505927,R@100,1.0
505951,nDCG@10,1.0
505951,R@100,1.0
506074,nDCG@10,1.0
506074,R@100,1.0
50611,nDCG@10,1.0
50611,R@100,1.0
506116,nDCG@10,1.0
506116,R@100,1.0
506135,nDCG@10,0.5
506135,R@100,1.0
506153,nDCG@10,0.6309297535714575
506153,R@100,1.0
506159,nDCG@10,1.0
506159,R@100,1.0
506211,nDCG@10,1.0
506211,R@100,1.0
50637,nDCG@10,0.6366824387328317
50637,R@100,0.75
506378,nDCG@10,1.0
506378,R@100,1.0
506431,nDCG@10,1.0
506431,R@100,1.0
506450,nDCG@10,1.0
506450,R@100,1.0
506499,nDCG@10,1.0
506499,R@100,1.0
506567,nDCG@10,1.0
506567,R@100,1.0
5066,nDCG@10,1.0
5066,R@100,1.0
506686,nDCG@10,1.0
506686,R@100,1.0
506743,nDCG@10,0.6309297535714575
506743,R@100,1.0
506816,nDCG@10,1.0
506816,R@100,1.0
506833,nDCG@10,0.3333333333333333
506833,R@100,1.0
506840,nDCG@10,1.0
506840,R@100,1.0
506873,nDCG@10,1.0
506873,R@100,1.0
50695,nDCG@10,1.0
50695,R@100,1.0
506985,nDCG@10,0.6309297535714575
506985,R@100,1.0
507003,nDCG@10,0.9197207891481876
507003,R@100,1.0
507109,nDCG@10,1.0
507109,R@100,1.0
507136,nDCG@10,1.0
507136,R@100,1.0
507265,nDCG@10,0.0
507265,R@100,1.0
507306,nDCG@10,1.0
507306,R@100,1.0
507310,nDCG@10,0.6309297535714575
507310,R@100,1.0
507434,nDCG@10,1.0
507434,R@100,1.0
507436,nDCG@10,1.0
507436,R@100,1.0
507596,nDCG@10,1.0
507596,R@100,1.0
507685,nDCG@10,1.0
507685,R@100,1.0
507692,nDCG@10,0.3333333333333333
507692,R@100,1.0
507698,nDCG@10,1.0
507698,R@100,1.0
507703,nDCG@10,1.0
507703,R@100,1.0
50771,nDCG@10,0.0
50771,R@100,0.0
507765,nDCG@10,1.0
507765,R@100,1.0
507787,nDCG@10,1.0
507787,R@100,1.0
507822,nDCG@10,0.43067655807339306
507822,R@100,1.0
507867,nDCG@10,1.0
507867,R@100,1.0
507918,nDCG@10,0.0
507918,R@100,0.0
507945,nDCG@10,1.0
507945,R@100,1.0
508051,nDCG@10,0.3562071871080222
508051,R@100,1.0
50817,nDCG@10,0.8275263202178935
50817,R@100,1.0
508249,nDCG@10,1.0
508249,R@100,1.0
508266,nDCG@10,1.0
508266,R@100,1.0
508281,nDCG@10,1.0
508281,R@100,1.0
508318,nDCG@10,0.3562071871080222
508318,R@100,1.0
508334,nDCG@10,0.3562071871080222
508334,R@100,1.0
508394,nDCG@10,1.0
508394,R@100,1.0
508399,nDCG@10,1.0
508399,R@100,1.0
508468,nDCG@10,1.0
508468,R@100,1.0
508516,nDCG@10,0.43067655807339306
508516,R@100,1.0
508584,nDCG@10,0.6309297535714575
508584,R@100,1.0
508601,nDCG@10,1.0
508601,R@100,1.0
508736,nDCG@10,1.0
508736,R@100,1.0
508755,nDCG@10,1.0
508755,R@100,1.0
508799,nDCG@10,0.5
508799,R@100,1.0
508812,nDCG@10,1.0
508812,R@100,1.0
50882,nDCG@10,1.0
50882,R@100,1.0
509037,nDCG@10,1.0
509037,R@100,1.0
509048,nDCG@10,0.3010299956639812
509048,R@100,1.0
509088,nDCG@10,0.6309297535714575
509088,R@100,1.0
509152,nDCG@10,1.0
509152,R@100,1.0
509187,nDCG@10,1.0
509187,R@100,1.0
509222,nDCG@10,0.5
509222,R@100,1.0
509465,nDCG@10,0.3333333333333333
509465,R@100,1.0
509509,nDCG@10,1.0
509509,R@100,1.0
509551,nDCG@10,0.38685280723454163
509551,R@100,1.0
509612,nDCG@10,0.9674679834891693
509612,R@100,1.0
509644,nDCG@10,1.0
509644,R@100,1.0
5097,nDCG@10,0.6131471927654584
5097,R@100,1.0
509805,nDCG@10,1.0
509805,R@100,1.0
509894,nDCG@10,0.6309297535714575
509894,R@100,1.0
50990,nDCG@10,0.8315546295836225
50990,R@100,1.0
510041,nDCG@10,1.0
510041,R@100,1.0
510053,nDCG@10,1.0
510053,R@100,1.0
510068,nDCG@10,0.3010299956639812
510068,R@100,1.0
510210,nDCG@10,0.0
510210,R@100,1.0
510331,nDCG@10,1.0
510331,R@100,1.0
510372,nDCG@10,1.0
510372,R@100,1.0
510387,nDCG@10,0.0
510387,R@100,1.0
510434,nDCG@10,0.0
510434,R@100,0.0
510493,nDCG@10,0.38685280723454163
510493,R@100,1.0
510502,nDCG@10,1.0
510502,R@100,1.0
510541,nDCG@10,1.0
510541,R@100,1.0
510569,nDCG@10,0.6309297535714575
510569,R@100,1.0
51061,nDCG@10,1.0
51061,R@100,1.0
510655,nDCG@10,0.0
510655,R@100,1.0
51076,nDCG@10,1.0
51076,R@100,1.0
510776,nDCG@10,1.0
510776,R@100,1.0
510811,nDCG@10,0.6131471927654584
510811,R@100,0.5
510812,nDCG@10,1.0
510812,R@100,1.0
510897,nDCG@10,0.0
510897,R@100,1.0
510916,nDCG@10,0.3333333333333333
510916,R@100,1.0
510928,nDCG@10,1.0
510928,R@100,1.0
510957,nDCG@10,1.0
510957,R@100,1.0
51105,nDCG@10,0.3010299956639812
51105,R@100,1.0
511080,nDCG@10,0.0
511080,R@100,0.0
51109,nDCG@10,0.3065735963827292
51109,R@100,1.0
511127,nDCG@10,1.0
511127,R@100,1.0
511177,nDCG@10,1.0
511177,R@100,1.0
511196,nDCG@10,1.0
511196,R@100,1.0
511214,nDCG@10,1.0
511214,R@100,1.0
511217,nDCG@10,0.6309297535714575
511217,R@100,1.0
51127,nDCG@10,0.6934264036172708
51127,R@100,1.0
511449,nDCG@10,0.5
511449,R@100,1.0
511488,nDCG@10,1.0
511488,R@100,1.0
511549,nDCG@10,1.0
511549,R@100,1.0
511617,nDCG@10,0.6309297535714575
511617,R@100,1.0
511669,nDCG@10,1.0
511669,R@100,1.0
511772,nDCG@10,0.5
511772,R@100,1.0
511792,nDCG@10,1.0
511792,R@100,1.0
511796,nDCG@10,0.0
511796,R@100,1.0
511874,nDCG@10,1.0
511874,R@100,1.0
511953,nDCG@10,1.0
511953,R@100,1.0
512005,nDCG@10,1.0
512005,R@100,1.0
51202,nDCG@10,0.0
51202,R@100,1.0
512049,nDCG@10,1.0
512049,R@100,1.0
51210,nDCG@10,0.0
51210,R@100,0.2
512109,nDCG@10,1.0
512109,R@100,1.0
512209,nDCG@10,1.0
512209,R@100,1.0
512274,nDCG@10,1.0
512274,R@100,1.0
51234,nDCG@10,1.0
51234,R@100,1.0
512399,nDCG@10,1.0
512399,R@100,1.0
512409,nDCG@10,0.6309297535714575
512409,R@100,1.0
512484,nDCG@10,1.0
512484,R@100,1.0
512502,nDCG@10,0.0
512502,R@100,1.0
512517,nDCG@10,1.0
512517,R@100,1.0
512558,nDCG@10,0.6309297535714575
512558,R@100,1.0
51256,nDCG@10,0.5
51256,R@100,1.0
51258,nDCG@10,1.0
51258,R@100,1.0
512645,nDCG@10,0.0
512645,R@100,1.0
512657,nDCG@10,1.0
512657,R@100,1.0
512762,nDCG@10,1.0
512762,R@100,1.0
512777,nDCG@10,0.43067655807339306
512777,R@100,1.0
51281,nDCG@10,1.0
51281,R@100,1.0
512947,nDCG@10,1.0
512947,R@100,1.0
512989,nDCG@10,0.43067655807339306
512989,R@100,1.0
513073,nDCG@10,0.3562071871080222
513073,R@100,1.0
513140,nDCG@10,0.5
513140,R@100,1.0
513165,nDCG@10,0.6309297535714575
513165,R@100,1.0
513185,nDCG@10,0.6309297535714575
513185,R@100,1.0
513187,nDCG@10,1.0
513187,R@100,1.0
513201,nDCG@10,1.0
513201,R@100,1.0
513253,nDCG@10,1.0
513253,R@100,1.0
513258,nDCG@10,1.0
513258,R@100,1.0
513341,nDCG@10,1.0
513341,R@100,1.0
513419,nDCG@10,0.5
513419,R@100,1.0
513438,nDCG@10,1.0
513438,R@100,1.0
513467,nDCG@10,0.5
513467,R@100,1.0
513488,nDCG@10,0.6309297535714575
513488,R@100,1.0
513541,nDCG@10,0.5
513541,R@100,1.0
513571,nDCG@10,1.0
513571,R@100,1.0
513672,nDCG@10,1.0
513672,R@100,1.0
513811,nDCG@10,1.0
513811,R@100,1.0
513824,nDCG@10,1.0
513824,R@100,1.0
513860,nDCG@10,1.0
513860,R@100,1.0
513926,nDCG@10,1.0
513926,R@100,1.0
513927,nDCG@10,0.6309297535714575
513927,R@100,1.0
513936,nDCG@10,1.0
513936,R@100,1.0
513944,nDCG@10,1.0
513944,R@100,1.0
513954,nDCG@10,1.0
513954,R@100,1.0
514043,nDCG@10,1.0
514043,R@100,1.0
51432,nDCG@10,1.0
51432,R@100,1.0
514402,nDCG@10,1.0
514402,R@100,1.0
514433,nDCG@10,1.0
514433,R@100,1.0
514454,nDCG@10,0.6309297535714575
514454,R@100,1.0
514556,nDCG@10,1.0
514556,R@100,1.0
514564,nDCG@10,0.6309297535714575
514564,R@100,1.0
514583,nDCG@10,1.0
514583,R@100,1.0
51468,nDCG@10,0.6233173655322678
51468,R@100,1.0
514697,nDCG@10,1.0
514697,R@100,1.0
51476,nDCG@10,0.75369761125927
51476,R@100,1.0
514780,nDCG@10,1.0
514780,R@100,1.0
514818,nDCG@10,1.0
514818,R@100,1.0
514922,nDCG@10,0.3562071871080222
514922,R@100,1.0
514936,nDCG@10,1.0
514936,R@100,1.0
514988,nDCG@10,1.0
514988,R@100,1.0
515039,nDCG@10,0.0
515039,R@100,0.0
51512,nDCG@10,1.0
51512,R@100,1.0
515216,nDCG@10,1.0
515216,R@100,1.0
515276,nDCG@10,1.0
515276,R@100,1.0
515447,nDCG@10,0.3562071871080222
515447,R@100,1.0
515491,nDCG@10,0.0
515491,R@100,1.0
51551,nDCG@10,1.0
51551,R@100,1.0
515721,nDCG@10,1.0
515721,R@100,1.0
51573,nDCG@10,0.0
51573,R@100,1.0
515776,nDCG@10,1.0
515776,R@100,1.0
515814,nDCG@10,0.5937751258332797
515814,R@100,1.0
515827,nDCG@10,1.0
515827,R@100,1.0
515843,nDCG@10,0.5
515843,R@100,1.0
51590,nDCG@10,1.0
51590,R@100,1.0
515914,nDCG@10,1.0
515914,R@100,1.0
515926,nDCG@10,1.0
515926,R@100,1.0
516017,nDCG@10,1.0
516017,R@100,1.0
516060,nDCG@10,1.0
516060,R@100,1.0
516077,nDCG@10,1.0
516077,R@100,1.0
516094,nDCG@10,1.0
516094,R@100,1.0
516105,nDCG@10,0.6309297535714575
516105,R@100,1.0
516175,nDCG@10,0.43067655807339306
516175,R@100,1.0
516263,nDCG@10,1.0
516263,R@100,1.0
516276,nDCG@10,0.3333333333333333
516276,R@100,1.0
51633,nDCG@10,0.7328286204777911
51633,R@100,1.0
516378,nDCG@10,1.0
516378,R@100,1.0
516387,nDCG@10,1.0
516387,R@100,1.0
516410,nDCG@10,1.0
516410,R@100,1.0
516462,nDCG@10,1.0
516462,R@100,1.0
516483,nDCG@10,0.6309297535714575
516483,R@100,1.0
51651,nDCG@10,1.0
51651,R@100,1.0
516535,nDCG@10,1.0
516535,R@100,1.0
516598,nDCG@10,0.6309297535714575
516598,R@100,1.0
516654,nDCG@10,1.0
516654,R@100,1.0
516745,nDCG@10,1.0
516745,R@100,1.0
516764,nDCG@10,1.0
516764,R@100,1.0
51686,nDCG@10,0.3391602052736161
51686,R@100,1.0
516913,nDCG@10,0.0
516913,R@100,1.0
516934,nDCG@10,0.0
516934,R@100,1.0
516974,nDCG@10,0.5
516974,R@100,1.0
517009,nDCG@10,0.43067655807339306
517009,R@100,1.0
517047,nDCG@10,1.0
517047,R@100,1.0
517054,nDCG@10,0.43067655807339306
517054,R@100,1.0
517059,nDCG@10,1.0
517059,R@100,1.0
517093,nDCG@10,0.5
517093,R@100,1.0
517239,nDCG@10,1.0
517239,R@100,1.0
517242,nDCG@10,1.0
517242,R@100,1.0
517336,nDCG@10,0.43067655807339306
517336,R@100,1.0
517374,nDCG@10,0.5
517374,R@100,1.0
517420,nDCG@10,1.0
517420,R@100,1.0
517425,nDCG@10,1.0
517425,R@100,1.0
517536,nDCG@10,1.0
517536,R@100,1.0
517556,nDCG@10,1.0
517556,R@100,1.0
517647,nDCG@10,1.0
517647,R@100,1.0
51776,nDCG@10,1.0
51776,R@100,1.0
51782,nDCG@10,1.0
51782,R@100,1.0
517885,nDCG@10,0.0
517885,R@100,1.0
517887,nDCG@10,1.0
517887,R@100,1.0
51796,nDCG@10,0.0
51796,R@100,0.55
517984,nDCG@10,0.6309297535714575
517984,R@100,1.0
51805,nDCG@10,0.5912352048230277
51805,R@100,1.0
518152,nDCG@10,1.0
518152,R@100,1.0
518185,nDCG@10,0.6309297535714575
518185,R@100,1.0
518200,nDCG@10,1.0
518200,R@100,1.0
51827,nDCG@10,1.0
51827,R@100,1.0
518444,nDCG@10,0.6309297535714575
518444,R@100,1.0
518478,nDCG@10,1.0
518478,R@100,1.0
518501,nDCG@10,0.6309297535714575
518501,R@100,1.0
518503,nDCG@10,1.0
518503,R@100,1.0
518591,nDCG@10,1.0
518591,R@100,1.0
518594,nDCG@10,0.0
518594,R@100,1.0
518635,nDCG@10,0.0
518635,R@100,1.0
518703,nDCG@10,0.6309297535714575
518703,R@100,1.0
518804,nDCG@10,0.43067655807339306
518804,R@100,1.0
518846,nDCG@10,0.0
518846,R@100,1.0
518898,nDCG@10,1.0
518898,R@100,1.0
519011,nDCG@10,0.38685280723454163
519011,R@100,1.0
519239,nDCG@10,1.0
519239,R@100,1.0
519333,nDCG@10,0.6309297535714575
519333,R@100,1.0
519418,nDCG@10,1.0
519418,R@100,1.0
5195,nDCG@10,0.4892050962442682
5195,R@100,0.8571428571428571
519522,nDCG@10,1.0
519522,R@100,1.0
519560,nDCG@10,1.0
519560,R@100,1.0
519615,nDCG@10,0.0
519615,R@100,1.0
519619,nDCG@10,1.0
519619,R@100,1.0
519649,nDCG@10,0.3010299956639812
519649,R@100,1.0
51969,nDCG@10,0.0
51969,R@100,1.0
519753,nDCG@10,0.8315546295836225
519753,R@100,1.0
51977,nDCG@10,0.3010299956639812
51977,R@100,1.0
51979,nDCG@10,0.0
51979,R@100,1.0
519865,nDCG@10,1.0
519865,R@100,1.0
519984,nDCG@10,1.0
519984,R@100,1.0
519993,nDCG@10,0.0
519993,R@100,1.0
520057,nDCG@10,1.0
520057,R@100,1.0
520085,nDCG@10,1.0
520085,R@100,1.0
520107,nDCG@10,0.37800210039683896
520107,R@100,1.0
520152,nDCG@10,1.0
520152,R@100,1.0
520200,nDCG@10,1.0
520200,R@100,1.0
520305,nDCG@10,1.0
520305,R@100,1.0
52031,nDCG@10,0.6934264036172708
52031,R@100,1.0
520382,nDCG@10,1.0
520382,R@100,1.0
520390,nDCG@10,1.0
520390,R@100,1.0
5204,nDCG@10,1.0
5204,R@100,1.0
520464,nDCG@10,1.0
520464,R@100,1.0
520673,nDCG@10,1.0
520673,R@100,1.0
520705,nDCG@10,0.0
520705,R@100,1.0
52071,nDCG@10,1.0
52071,R@100,1.0
520787,nDCG@10,1.0
520787,R@100,1.0
520836,nDCG@10,0.0
520836,R@100,1.0
520949,nDCG@10,1.0
520949,R@100,1.0
521030,nDCG@10,1.0
521030,R@100,1.0
52123,nDCG@10,0.36650177721905447
52123,R@100,0.8571428571428571
521347,nDCG@10,0.0
521347,R@100,1.0
521348,nDCG@10,1.0
521348,R@100,1.0
521371,nDCG@10,1.0
521371,R@100,1.0
521389,nDCG@10,1.0
521389,R@100,1.0
521477,nDCG@10,0.5
521477,R@100,1.0
521492,nDCG@10,1.0
521492,R@100,1.0
521507,nDCG@10,1.0
521507,R@100,1.0
52160,nDCG@10,1.0
52160,R@100,1.0
521603,nDCG@10,1.0
521603,R@100,1.0
521608,nDCG@10,1.0
521608,R@100,1.0
521662,nDCG@10,1.0
521662,R@100,1.0
521845,nDCG@10,1.0
521845,R@100,1.0
521903,nDCG@10,1.0
521903,R@100,1.0
521946,nDCG@10,0.2890648263178879
521946,R@100,1.0
521955,nDCG@10,0.43067655807339306
521955,R@100,1.0
521995,nDCG@10,1.0
521995,R@100,1.0
522016,nDCG@10,1.0
522016,R@100,1.0
522041,nDCG@10,0.6309297535714575
522041,R@100,1.0
522105,nDCG@10,1.0
522105,R@100,1.0
522135,nDCG@10,1.0
522135,R@100,1.0
522147,nDCG@10,1.0
522147,R@100,1.0
522159,nDCG@10,1.0
522159,R@100,1.0
522218,nDCG@10,0.31546487678572877
522218,R@100,1.0
522230,nDCG@10,0.0
522230,R@100,1.0
522262,nDCG@10,1.0
522262,R@100,1.0
522405,nDCG@10,1.0
522405,R@100,1.0
522468,nDCG@10,1.0
522468,R@100,1.0
52270,nDCG@10,1.0
52270,R@100,1.0
522779,nDCG@10,1.0
522779,R@100,1.0
522826,nDCG@10,1.0
522826,R@100,1.0
52284,nDCG@10,0.5855700749881525
52284,R@100,1.0
522912,nDCG@10,1.0
522912,R@100,1.0
522922,nDCG@10,1.0
522922,R@100,1.0
522953,nDCG@10,1.0
522953,R@100,1.0
523012,nDCG@10,0.43067655807339306
523012,R@100,1.0
523040,nDCG@10,1.0
523040,R@100,1.0
523061,nDCG@10,0.43067655807339306
523061,R@100,1.0
523195,nDCG@10,1.0
523195,R@100,1.0
523345,nDCG@10,0.0
523345,R@100,1.0
523446,nDCG@10,0.38685280723454163
523446,R@100,1.0
523551,nDCG@10,0.0
523551,R@100,1.0
523601,nDCG@10,1.0
523601,R@100,1.0
523611,nDCG@10,0.43067655807339306
523611,R@100,1.0
523655,nDCG@10,0.0
523655,R@100,1.0
523871,nDCG@10,0.0
523871,R@100,1.0
523963,nDCG@10,0.38685280723454163
523963,R@100,1.0
524105,nDCG@10,1.0
524105,R@100,1.0
52412,nDCG@10,1.0
52412,R@100,1.0
524228,nDCG@10,0.31546487678572877
524228,R@100,1.0
524374,nDCG@10,1.0
524374,R@100,1.0
524376,nDCG@10,1.0
524376,R@100,1.0
524476,nDCG@10,0.6309297535714575
524476,R@100,1.0
52448,nDCG@10,1.0
52448,R@100,1.0
52465,nDCG@10,1.0
52465,R@100,1.0
52476,nDCG@10,0.5249810332008933
52476,R@100,1.0
52494,nDCG@10,0.0
52494,R@100,0.3333333333333333
524946,nDCG@10,1.0
524946,R@100,1.0
52539,nDCG@10,0.8582519365729243
52539,R@100,1.0
525445,nDCG@10,1.0
525445,R@100,1.0
525480,nDCG@10,0.5
525480,R@100,1.0
525557,nDCG@10,0.0
525557,R@100,0.75
525562,nDCG@10,1.0
525562,R@100,1.0
525586,nDCG@10,1.0
525586,R@100,1.0
525596,nDCG@10,0.5
525596,R@100,1.0
525611,nDCG@10,1.0
525611,R@100,1.0
525640,nDCG@10,1.0
525640,R@100,1.0
525690,nDCG@10,1.0
525690,R@100,1.0
525754,nDCG@10,0.2960819109658652
525754,R@100,0.6666666666666666
525791,nDCG@10,1.0
525791,R@100,1.0
52584,nDCG@10,0.5
52584,R@100,1.0
525852,nDCG@10,1.0
525852,R@100,1.0
525861,nDCG@10,1.0
525861,R@100,1.0
525891,nDCG@10,1.0
525891,R@100,1.0
525892,nDCG@10,0.42140541397218306
525892,R@100,1.0
525926,nDCG@10,0.6309297535714575
525926,R@100,1.0
526040,nDCG@10,0.5
526040,R@100,1.0
526067,nDCG@10,1.0
526067,R@100,1.0
526068,nDCG@10,1.0
526068,R@100,1.0
526194,nDCG@10,1.0
526194,R@100,1.0
526216,nDCG@10,1.0
526216,R@100,1.0
526254,nDCG@10,1.0
526254,R@100,1.0
526276,nDCG@10,1.0
526276,R@100,1.0
526336,nDCG@10,1.0
526336,R@100,1.0
52645,nDCG@10,1.0
52645,R@100,1.0
526535,nDCG@10,0.0
526535,R@100,0.0
52655,nDCG@10,1.0
52655,R@100,1.0
526554,nDCG@10,0.0
526554,R@100,0.0
526557,nDCG@10,1.0
526557,R@100,1.0
526819,nDCG@10,1.0
526819,R@100,1.0
526867,nDCG@10,0.0
526867,R@100,1.0
52697,nDCG@10,0.9747429528567879
52697,R@100,1.0
526972,nDCG@10,1.0
526972,R@100,1.0
526995,nDCG@10,1.0
526995,R@100,1.0
527008,nDCG@10,1.0
527008,R@100,1.0
52701,nDCG@10,1.0
52701,R@100,1.0
527213,nDCG@10,1.0
527213,R@100,1.0
527247,nDCG@10,0.5
527247,R@100,1.0
527309,nDCG@10,1.0
527309,R@100,1.0
527356,nDCG@10,1.0
527356,R@100,1.0
527383,nDCG@10,1.0
527383,R@100,1.0
52752,nDCG@10,1.0
52752,R@100,1.0
527541,nDCG@10,1.0
527541,R@100,1.0
527554,nDCG@10,1.0
527554,R@100,1.0
527573,nDCG@10,1.0
527573,R@100,1.0
527635,nDCG@10,1.0
527635,R@100,1.0
527888,nDCG@10,1.0
527888,R@100,1.0
527937,nDCG@10,1.0
527937,R@100,1.0
528025,nDCG@10,1.0
528025,R@100,1.0
528092,nDCG@10,1.0
528092,R@100,1.0
528128,nDCG@10,0.2890648263178879
528128,R@100,1.0
528155,nDCG@10,1.0
528155,R@100,1.0
52820,nDCG@10,0.49818925746641285
52820,R@100,1.0
528371,nDCG@10,0.6309297535714575
528371,R@100,1.0
528408,nDCG@10,1.0
528408,R@100,1.0
528473,nDCG@10,0.6309297535714575
528473,R@100,1.0
528603,nDCG@10,1.0
528603,R@100,1.0
528631,nDCG@10,0.3562071871080222
528631,R@100,1.0
528710,nDCG@10,1.0
528710,R@100,1.0
528745,nDCG@10,0.6309297535714575
528745,R@100,1.0
52875,nDCG@10,0.3562071871080222
52875,R@100,1.0
528765,nDCG@10,0.3333333333333333
528765,R@100,1.0
52882,nDCG@10,0.8756458727267334
52882,R@100,1.0
528823,nDCG@10,1.0
528823,R@100,1.0
528838,nDCG@10,1.0
528838,R@100,1.0
528917,nDCG@10,0.0
528917,R@100,1.0
528919,nDCG@10,1.0
528919,R@100,1.0
52896,nDCG@10,1.0
52896,R@100,1.0
529068,nDCG@10,1.0
529068,R@100,1.0
529124,nDCG@10,1.0
529124,R@100,1.0
529137,nDCG@10,1.0
529137,R@100,1.0
529167,nDCG@10,1.0
529167,R@100,1.0
529170,nDCG@10,1.0
529170,R@100,1.0
529181,nDCG@10,0.0
529181,R@100,0.0
52919,nDCG@10,0.0
52919,R@100,1.0
529384,nDCG@10,1.0
529384,R@100,1.0
529453,nDCG@10,0.5
529453,R@100,1.0
529658,nDCG@10,0.0
529658,R@100,0.0
529665,nDCG@10,1.0
529665,R@100,1.0
529759,nDCG@10,1.0
529759,R@100,1.0
529788,nDCG@10,1.0
529788,R@100,1.0
529806,nDCG@10,1.0
529806,R@100,1.0
529811,nDCG@10,1.0
529811,R@100,1.0
529861,nDCG@10,0.6309297535714575
529861,R@100,1.0
529869,nDCG@10,1.0
529869,R@100,1.0
529939,nDCG@10,0.6309297535714575
529939,R@100,1.0
52994,nDCG@10,0.0
52994,R@100,0.0
530018,nDCG@10,0.0
530018,R@100,0.0
530029,nDCG@10,1.0
530029,R@100,1.0
530033,nDCG@10,1.0
530033,R@100,1.0
530050,nDCG@10,1.0
530050,R@100,1.0
53014,nDCG@10,0.5706417189553201
53014,R@100,1.0
530150,nDCG@10,1.0
530150,R@100,1.0
53017,nDCG@10,0.5
53017,R@100,1.0
53023,nDCG@10,0.6309297535714575
53023,R@100,1.0
530305,nDCG@10,0.6309297535714575
530305,R@100,1.0
530321,nDCG@10,1.0
530321,R@100,1.0
530350,nDCG@10,1.0
530350,R@100,1.0
530458,nDCG@10,1.0
530458,R@100,1.0
530467,nDCG@10,1.0
530467,R@100,1.0
530491,nDCG@10,0.0
530491,R@100,1.0
530507,nDCG@10,1.0
530507,R@100,1.0
53056,nDCG@10,1.0
53056,R@100,1.0
530570,nDCG@10,1.0
530570,R@100,1.0
53060,nDCG@10,0.43067655807339306
53060,R@100,1.0
530637,nDCG@10,1.0
530637,R@100,1.0
530653,nDCG@10,1.0
530653,R@100,1.0
530678,nDCG@10,1.0
530678,R@100,1.0
530761,nDCG@10,1.0
530761,R@100,1.0
5308,nDCG@10,0.49828993591603105
5308,R@100,0.6842105263157895
530813,nDCG@10,1.0
530813,R@100,1.0
530822,nDCG@10,1.0
530822,R@100,1.0
530845,nDCG@10,1.0
530845,R@100,1.0
531120,nDCG@10,1.0
531120,R@100,1.0
531193,nDCG@10,1.0
531193,R@100,1.0
531273,nDCG@10,1.0
531273,R@100,1.0
531276,nDCG@10,1.0
531276,R@100,1.0
531315,nDCG@10,1.0
531315,R@100,1.0
531361,nDCG@10,1.0
531361,R@100,1.0
531396,nDCG@10,0.6309297535714575
531396,R@100,1.0
531444,nDCG@10,1.0
531444,R@100,1.0
531559,nDCG@10,1.0
531559,R@100,1.0
531631,nDCG@10,1.0
531631,R@100,1.0
531697,nDCG@10,1.0
531697,R@100,1.0
531739,nDCG@10,0.7977228895450266
531739,R@100,1.0
531785,nDCG@10,0.0
531785,R@100,0.0
53187,nDCG@10,0.6934264036172708
53187,R@100,1.0
531916,nDCG@10,1.0
531916,R@100,1.0
531992,nDCG@10,1.0
531992,R@100,1.0
532025,nDCG@10,1.0
532025,R@100,1.0
532061,nDCG@10,1.0
532061,R@100,1.0
532097,nDCG@10,0.0
532097,R@100,1.0
532246,nDCG@10,1.0
532246,R@100,1.0
532361,nDCG@10,1.0
532361,R@100,1.0
53237,nDCG@10,1.0
53237,R@100,1.0
532430,nDCG@10,1.0
532430,R@100,1.0
532446,nDCG@10,1.0
532446,R@100,1.0
532464,nDCG@10,0.0
532464,R@100,0.0
532582,nDCG@10,0.6309297535714575
532582,R@100,1.0
532583,nDCG@10,1.0
532583,R@100,1.0
53260,nDCG@10,0.6309297535714575
53260,R@100,1.0
532611,nDCG@10,1.0
532611,R@100,1.0
532684,nDCG@10,1.0
532684,R@100,1.0
532766,nDCG@10,0.0
532766,R@100,1.0
532783,nDCG@10,1.0
532783,R@100,1.0
532816,nDCG@10,1.0
532816,R@100,1.0
532924,nDCG@10,1.0
532924,R@100,1.0
533002,nDCG@10,1.0
533002,R@100,1.0
533018,nDCG@10,1.0
533018,R@100,1.0
533021,nDCG@10,1.0
533021,R@100,1.0
533036,nDCG@10,1.0
533036,R@100,1.0
533055,nDCG@10,1.0
533055,R@100,1.0
533072,nDCG@10,0.0
533072,R@100,1.0
533179,nDCG@10,1.0
533179,R@100,1.0
533191,nDCG@10,1.0
533191,R@100,1.0
533192,nDCG@10,0.33788625765431984
533192,R@100,0.7
533291,nDCG@10,1.0
533291,R@100,1.0
533294,nDCG@10,1.0
533294,R@100,1.0
533333,nDCG@10,0.0
533333,R@100,1.0
533373,nDCG@10,1.0
533373,R@100,1.0
533437,nDCG@10,1.0
533437,R@100,1.0
533460,nDCG@10,0.0
533460,R@100,1.0
533464,nDCG@10,1.0
533464,R@100,1.0
53367,nDCG@10,1.0
53367,R@100,1.0
533758,nDCG@10,1.0
533758,R@100,1.0
533767,nDCG@10,1.0
533767,R@100,1.0
53377,nDCG@10,1.0
53377,R@100,1.0
533852,nDCG@10,1.0
533852,R@100,1.0
533871,nDCG@10,0.0
533871,R@100,1.0
533876,nDCG@10,1.0
533876,R@100,1.0
5339,nDCG@10,1.0
5339,R@100,1.0
533943,nDCG@10,0.8503449055347546
533943,R@100,1.0
533960,nDCG@10,1.0
533960,R@100,1.0
534062,nDCG@10,1.0
534062,R@100,1.0
534143,nDCG@10,1.0
534143,R@100,1.0
534148,nDCG@10,0.6309297535714575
534148,R@100,1.0
534399,nDCG@10,1.0
534399,R@100,1.0
534491,nDCG@10,1.0
534491,R@100,1.0
534533,nDCG@10,0.5
534533,R@100,1.0
534539,nDCG@10,0.6309297535714575
534539,R@100,1.0
534583,nDCG@10,0.6309297535714575
534583,R@100,1.0
534618,nDCG@10,1.0
534618,R@100,1.0
534630,nDCG@10,0.6309297535714575
534630,R@100,1.0
534631,nDCG@10,1.0
534631,R@100,1.0
534878,nDCG@10,0.6309297535714575
534878,R@100,1.0
534893,nDCG@10,0.6131471927654584
534893,R@100,1.0
534929,nDCG@10,0.0
534929,R@100,0.0
534934,nDCG@10,0.0
534934,R@100,1.0
535108,nDCG@10,1.0
535108,R@100,1.0
53516,nDCG@10,1.0
53516,R@100,1.0
535178,nDCG@10,1.0
535178,R@100,1.0
535205,nDCG@10,0.3010299956639812
535205,R@100,1.0
535218,nDCG@10,1.0
535218,R@100,1.0
535350,nDCG@10,1.0
535350,R@100,1.0
535409,nDCG@10,1.0
535409,R@100,1.0
535436,nDCG@10,1.0
535436,R@100,1.0
535511,nDCG@10,1.0
535511,R@100,1.0
53556,nDCG@10,0.35914753008966527
53556,R@100,0.5
535591,nDCG@10,0.43067655807339306
535591,R@100,1.0
535660,nDCG@10,1.0
535660,R@100,1.0
535875,nDCG@10,1.0
535875,R@100,1.0
535917,nDCG@10,1.0
535917,R@100,1.0
535940,nDCG@10,1.0
535940,R@100,1.0
535942,nDCG@10,1.0
535942,R@100,1.0
535943,nDCG@10,1.0
535943,R@100,1.0
535988,nDCG@10,1.0
535988,R@100,1.0
536002,nDCG@10,1.0
536002,R@100,1.0
536096,nDCG@10,0.0
536096,R@100,1.0
536153,nDCG@10,1.0
536153,R@100,1.0
536218,nDCG@10,1.0
536218,R@100,1.0
536298,nDCG@10,1.0
536298,R@100,1.0
536330,nDCG@10,0.6309297535714575
536330,R@100,1.0
536396,nDCG@10,1.0
536396,R@100,1.0
536460,nDCG@10,1.0
536460,R@100,1.0
536473,nDCG@10,1.0
536473,R@100,1.0
536558,nDCG@10,1.0
536558,R@100,1.0
536567,nDCG@10,0.0
536567,R@100,1.0
536810,nDCG@10,0.0
536810,R@100,1.0
536977,nDCG@10,0.38685280723454163
536977,R@100,1.0
537027,nDCG@10,1.0
537027,R@100,1.0
537032,nDCG@10,1.0
537032,R@100,1.0
537063,nDCG@10,0.0
537063,R@100,1.0
537171,nDCG@10,1.0
537171,R@100,1.0
5373,nDCG@10,1.0
5373,R@100,1.0
53730,nDCG@10,0.40995091484653445
53730,R@100,0.5555555555555556
537369,nDCG@10,1.0
537369,R@100,1.0
537400,nDCG@10,0.6309297535714575
537400,R@100,1.0
537469,nDCG@10,1.0
537469,R@100,1.0
537479,nDCG@10,1.0
537479,R@100,1.0
537557,nDCG@10,1.0
537557,R@100,1.0
537592,nDCG@10,1.0
537592,R@100,1.0
537630,nDCG@10,1.0
537630,R@100,1.0
537660,nDCG@10,0.0
537660,R@100,0.0
537730,nDCG@10,0.0
537730,R@100,1.0
537793,nDCG@10,1.0
537793,R@100,1.0
537876,nDCG@10,1.0
537876,R@100,1.0
53837,nDCG@10,1.0
53837,R@100,1.0
53867,nDCG@10,0.0
53867,R@100,0.0
53870,nDCG@10,1.0
53870,R@100,1.0
53907,nDCG@10,1.0
53907,R@100,1.0
53913,nDCG@10,1.0
53913,R@100,1.0
53950,nDCG@10,1.0
53950,R@100,1.0
5408,nDCG@10,0.0
5408,R@100,0.5
54108,nDCG@10,0.5
54108,R@100,1.0
54135,nDCG@10,1.0
54135,R@100,1.0
54241,nDCG@10,1.0
54241,R@100,1.0
54255,nDCG@10,0.6131471927654584
54255,R@100,1.0
54301,nDCG@10,1.0
54301,R@100,1.0
54337,nDCG@10,0.45560514958746035
54337,R@100,1.0
54366,nDCG@10,0.5
54366,R@100,1.0
54427,nDCG@10,1.0
54427,R@100,1.0
54441,nDCG@10,0.6366824387328317
54441,R@100,0.75
54484,nDCG@10,0.0
54484,R@100,0.0
54505,nDCG@10,0.4789015552876929
54505,R@100,0.6666666666666666
54553,nDCG@10,0.5271615417507156
54553,R@100,1.0
54586,nDCG@10,1.0
54586,R@100,1.0
5459,nDCG@10,1.0
5459,R@100,1.0
54599,nDCG@10,0.5
54599,R@100,1.0
54638,nDCG@10,0.0
54638,R@100,1.0
54703,nDCG@10,1.0
54703,R@100,1.0
54756,nDCG@10,1.0
54756,R@100,1.0
54770,nDCG@10,0.0
54770,R@100,1.0
54791,nDCG@10,1.0
54791,R@100,1.0
54926,nDCG@10,0.38685280723454163
54926,R@100,1.0
54958,nDCG@10,0.8772153153380493
54958,R@100,1.0
55049,nDCG@10,0.29769321486741446
55049,R@100,1.0
55204,nDCG@10,1.0
55204,R@100,1.0
55210,nDCG@10,0.9674679834891693
55210,R@100,1.0
55224,nDCG@10,0.8772153153380493
55224,R@100,1.0
55240,nDCG@10,1.0
55240,R@100,1.0
55250,nDCG@10,1.0
55250,R@100,1.0
55344,nDCG@10,1.0
55344,R@100,1.0
55360,nDCG@10,0.0
55360,R@100,0.0
55374,nDCG@10,0.0
55374,R@100,0.5714285714285714
55554,nDCG@10,0.9197207891481876
55554,R@100,1.0
55698,nDCG@10,1.0
55698,R@100,1.0
55823,nDCG@10,1.0
55823,R@100,1.0
55879,nDCG@10,0.6131471927654584
55879,R@100,1.0
55944,nDCG@10,0.2960819109658652
55944,R@100,0.3333333333333333
55956,nDCG@10,0.38685280723454163
55956,R@100,1.0
56074,nDCG@10,0.31546487678572877
56074,R@100,1.0
56077,nDCG@10,1.0
56077,R@100,1.0
56148,nDCG@10,1.0
56148,R@100,1.0
56151,nDCG@10,0.0
56151,R@100,1.0
56177,nDCG@10,1.0
56177,R@100,1.0
5618,nDCG@10,0.0
5618,R@100,1.0
56198,nDCG@10,0.5
56198,R@100,1.0
56228,nDCG@10,1.0
56228,R@100,1.0
56257,nDCG@10,1.0
56257,R@100,1.0
56294,nDCG@10,0.5012658353418871
56294,R@100,1.0
56335,nDCG@10,0.3391602052736161
56335,R@100,0.6
56367,nDCG@10,1.0
56367,R@100,1.0
56432,nDCG@10,0.0
56432,R@100,0.0
56619,nDCG@10,1.0
56619,R@100,1.0
56718,nDCG@10,0.0
56718,R@100,1.0
56831,nDCG@10,1.0
56831,R@100,1.0
56843,nDCG@10,0.6131471927654584
56843,R@100,0.5
56873,nDCG@10,0.6309297535714575
56873,R@100,1.0
56903,nDCG@10,0.38363315291837646
56903,R@100,0.3125
56943,nDCG@10,1.0
56943,R@100,1.0
56959,nDCG@10,0.6309297535714575
56959,R@100,1.0
5700,nDCG@10,1.0
5700,R@100,1.0
57003,nDCG@10,1.0
57003,R@100,1.0
57026,nDCG@10,1.0
57026,R@100,1.0
57040,nDCG@10,0.0
57040,R@100,0.0
5708,nDCG@10,1.0
5708,R@100,1.0
5710,nDCG@10,0.2960819109658652
5710,R@100,0.3333333333333333
57232,nDCG@10,1.0
57232,R@100,1.0
57262,nDCG@10,1.0
57262,R@100,1.0
57275,nDCG@10,0.0
57275,R@100,1.0
57279,nDCG@10,0.0
57279,R@100,1.0
57287,nDCG@10,0.5437713091520254
57287,R@100,1.0
57347,nDCG@10,0.6052602440527057
57347,R@100,1.0
57366,nDCG@10,0.6309297535714575
57366,R@100,1.0
57408,nDCG@10,0.5714285040141098
57408,R@100,1.0
57458,nDCG@10,1.0
57458,R@100,1.0
57478,nDCG@10,1.0
57478,R@100,1.0
57556,nDCG@10,1.0
57556,R@100,1.0
57718,nDCG@10,1.0
57718,R@100,1.0
57751,nDCG@10,0.7162874455029682
57751,R@100,0.9117647058823529
57762,nDCG@10,1.0
57762,R@100,1.0
57815,nDCG@10,0.0
57815,R@100,1.0
57824,nDCG@10,1.0
57824,R@100,1.0
57833,nDCG@10,0.7888688323685816
57833,R@100,1.0
57847,nDCG@10,0.5833416105149332
57847,R@100,1.0
57860,nDCG@10,0.6309297535714575
57860,R@100,1.0
58097,nDCG@10,1.0
58097,R@100,1.0
58139,nDCG@10,0.16716045496620227
58139,R@100,1.0
58170,nDCG@10,0.8385465274895063
58170,R@100,1.0
58186,nDCG@10,0.5855700749881525
58186,R@100,0.5
58213,nDCG@10,1.0
58213,R@100,1.0
58216,nDCG@10,0.6309297535714575
58216,R@100,1.0
58303,nDCG@10,1.0
58303,R@100,1.0
58469,nDCG@10,1.0
58469,R@100,1.0
58484,nDCG@10,0.7122630665145961
58484,R@100,1.0
58487,nDCG@10,1.0
58487,R@100,1.0
58571,nDCG@10,0.6309297535714575
58571,R@100,1.0
58872,nDCG@10,0.38685280723454163
58872,R@100,1.0
58894,nDCG@10,0.0
58894,R@100,1.0
589,nDCG@10,0.0
589,R@100,0.75
58957,nDCG@10,1.0
58957,R@100,1.0
58980,nDCG@10,0.5
58980,R@100,1.0
59068,nDCG@10,1.0
59068,R@100,1.0
59127,nDCG@10,1.0
59127,R@100,1.0
59145,nDCG@10,1.0
59145,R@100,1.0
59185,nDCG@10,0.0
59185,R@100,0.16666666666666666
59190,nDCG@10,1.0
59190,R@100,1.0
59203,nDCG@10,0.5
59203,R@100,1.0
59210,nDCG@10,1.0
59210,R@100,1.0
59211,nDCG@10,1.0
59211,R@100,1.0
59247,nDCG@10,0.5531464700081437
59247,R@100,0.8
59278,nDCG@10,0.2529427027676571
59278,R@100,0.75
59284,nDCG@10,1.0
59284,R@100,1.0
59292,nDCG@10,0.3333333333333333
59292,R@100,1.0
59295,nDCG@10,0.4303349101522581
59295,R@100,0.75
59331,nDCG@10,0.6309297535714575
59331,R@100,1.0
59377,nDCG@10,0.7653606369886217
59377,R@100,0.6666666666666666
59435,nDCG@10,1.0
59435,R@100,1.0
59452,nDCG@10,0.6934264036172708
59452,R@100,1.0
59464,nDCG@10,0.0
59464,R@100,1.0
5968,nDCG@10,1.0
5968,R@100,1.0
59736,nDCG@10,0.48247555939075504
59736,R@100,1.0
59770,nDCG@10,0.6309297535714575
59770,R@100,1.0
59804,nDCG@10,0.6309297535714575
59804,R@100,1.0
59831,nDCG@10,0.18457569677956817
59831,R@100,1.0
59877,nDCG@10,1.0
59877,R@100,1.0
59936,nDCG@10,0.0
59936,R@100,0.5
59950,nDCG@10,0.0
59950,R@100,1.0
59994,nDCG@10,0.6309297535714575
59994,R@100,1.0
60016,nDCG@10,0.19342640361727081
60016,R@100,1.0
60050,nDCG@10,1.0
60050,R@100,1.0
6011,nDCG@10,1.0
6011,R@100,1.0
60128,nDCG@10,0.8772153153380493
60128,R@100,1.0
60131,nDCG@10,1.0
60131,R@100,1.0
60135,nDCG@10,1.0
60135,R@100,1.0
60206,nDCG@10,1.0
60206,R@100,1.0
60220,nDCG@10,0.6309297535714575
60220,R@100,1.0
60284,nDCG@10,1.0
60284,R@100,1.0
60419,nDCG@10,1.0
60419,R@100,1.0
6049,nDCG@10,0.0
6049,R@100,1.0
60602,nDCG@10,1.0
60602,R@100,1.0
60661,nDCG@10,1.0
60661,R@100,1.0
60694,nDCG@10,1.0
60694,R@100,1.0
607,nDCG@10,0.0
607,R@100,1.0
60768,nDCG@10,1.0
60768,R@100,1.0
60832,nDCG@10,1.0
60832,R@100,1.0
6085,nDCG@10,0.5
6085,R@100,1.0
60855,nDCG@10,0.6309297535714575
60855,R@100,1.0
60995,nDCG@10,0.6131471927654584
60995,R@100,1.0
61006,nDCG@10,1.0
61006,R@100,1.0
61026,nDCG@10,0.7767471075223497
61026,R@100,0.6666666666666666
61036,nDCG@10,1.0
61036,R@100,1.0
6105,nDCG@10,0.2640681225725909
6105,R@100,1.0
61068,nDCG@10,1.0
61068,R@100,1.0
61103,nDCG@10,0.0
61103,R@100,1.0
61127,nDCG@10,1.0
61127,R@100,1.0
61135,nDCG@10,1.0
61135,R@100,1.0
61178,nDCG@10,0.6309297535714575
61178,R@100,1.0
61213,nDCG@10,0.2640681225725909
61213,R@100,1.0
61265,nDCG@10,0.6871475159848289
61265,R@100,1.0
61330,nDCG@10,1.0
61330,R@100,1.0
6137,nDCG@10,1.0
6137,R@100,1.0
61403,nDCG@10,1.0
61403,R@100,1.0
6142,nDCG@10,0.8854598815714874
6142,R@100,1.0
61458,nDCG@10,1.0
61458,R@100,1.0
61492,nDCG@10,1.0
61492,R@100,1.0
615,nDCG@10,1.0
615,R@100,1.0
61512,nDCG@10,1.0
61512,R@100,1.0
61548,nDCG@10,0.5855700749881525
61548,R@100,1.0
61560,nDCG@10,0.43067655807339306
61560,R@100,1.0
616,nDCG@10,0.20438239758848611
616,R@100,1.0
61727,nDCG@10,1.0
61727,R@100,1.0
61735,nDCG@10,0.6131471927654584
61735,R@100,0.5
61791,nDCG@10,1.0
61791,R@100,1.0
61859,nDCG@10,0.6309297535714575
61859,R@100,1.0
61870,nDCG@10,0.11004588314904008
61870,R@100,0.3684210526315789
61911,nDCG@10,1.0
61911,R@100,1.0
61949,nDCG@10,1.0
61949,R@100,1.0
61953,nDCG@10,0.17723928678404774
61953,R@100,1.0
61969,nDCG@10,0.0
61969,R@100,1.0
62070,nDCG@10,1.0
62070,R@100,1.0
62114,nDCG@10,0.6309297535714575
62114,R@100,1.0
62153,nDCG@10,0.9469024295259745
62153,R@100,1.0
62257,nDCG@10,1.0
62257,R@100,1.0
62308,nDCG@10,0.0
62308,R@100,1.0
62348,nDCG@10,0.38685280723454163
62348,R@100,1.0
62352,nDCG@10,0.6309297535714575
62352,R@100,1.0
62353,nDCG@10,0.0
62353,R@100,0.0
62359,nDCG@10,0.5437713091520254
62359,R@100,1.0
62454,nDCG@10,0.3333333333333333
62454,R@100,1.0
62517,nDCG@10,0.0
62517,R@100,1.0
62570,nDCG@10,1.0
62570,R@100,1.0
62655,nDCG@10,1.0
62655,R@100,1.0
62684,nDCG@10,1.0
62684,R@100,1.0
6273,nDCG@10,0.2781981696179509
6273,R@100,0.6363636363636364
62738,nDCG@10,0.6309297535714575
62738,R@100,1.0
62780,nDCG@10,0.5912352048230277
62780,R@100,1.0
62791,nDCG@10,1.0
62791,R@100,1.0
62800,nDCG@10,0.0
62800,R@100,1.0
62850,nDCG@10,1.0
62850,R@100,1.0
62875,nDCG@10,1.0
62875,R@100,1.0
62882,nDCG@10,1.0
62882,R@100,1.0
62940,nDCG@10,0.0
62940,R@100,1.0
62954,nDCG@10,0.6131471927654584
62954,R@100,1.0
62989,nDCG@10,0.5
62989,R@100,1.0
62997,nDCG@10,1.0
62997,R@100,1.0
63209,nDCG@10,1.0
63209,R@100,1.0
63213,nDCG@10,0.43067655807339306
63213,R@100,1.0
63223,nDCG@10,0.3562071871080222
63223,R@100,1.0
63282,nDCG@10,0.31546487678572877
63282,R@100,1.0
63286,nDCG@10,0.0
63286,R@100,1.0
63320,nDCG@10,1.0
63320,R@100,1.0
63358,nDCG@10,0.6309297535714575
63358,R@100,1.0
63407,nDCG@10,1.0
63407,R@100,1.0
63414,nDCG@10,0.38685280723454163
63414,R@100,1.0
63417,nDCG@10,0.06362078819895171
63417,R@100,0.45454545454545453
63419,nDCG@10,0.7653606369886217
63419,R@100,1.0
63458,nDCG@10,1.0
63458,R@100,1.0
63509,nDCG@10,0.0
63509,R@100,0.25
63532,nDCG@10,0.13032376591037062
63532,R@100,1.0
63568,nDCG@10,0.6934264036172708
63568,R@100,1.0
63596,nDCG@10,1.0
63596,R@100,1.0
63851,nDCG@10,1.0
63851,R@100,1.0
63869,nDCG@10,1.0
63869,R@100,1.0
639,nDCG@10,0.0
639,R@100,1.0
63928,nDCG@10,1.0
63928,R@100,1.0
63930,nDCG@10,0.0
63930,R@100,0.0
64144,nDCG@10,0.38685280723454163
64144,R@100,1.0
64232,nDCG@10,1.0
64232,R@100,1.0
64246,nDCG@10,0.6131471927654584
64246,R@100,1.0
64283,nDCG@10,0.0
64283,R@100,0.5
64287,nDCG@10,1.0
64287,R@100,1.0
64294,nDCG@10,0.43067655807339306
64294,R@100,1.0
6431,nDCG@10,0.0
6431,R@100,1.0
64359,nDCG@10,1.0
64359,R@100,1.0
64394,nDCG@10,0.6309297535714575
64394,R@100,1.0
64434,nDCG@10,1.0
64434,R@100,1.0
64534,nDCG@10,0.2529427027676571
64534,R@100,0.625
6455,nDCG@10,0.5148381117249624
6455,R@100,1.0
64648,nDCG@10,1.0
64648,R@100,1.0
64677,nDCG@10,0.6309297535714575
64677,R@100,1.0
6469,nDCG@10,0.7653606369886217
6469,R@100,1.0
64724,nDCG@10,1.0
64724,R@100,1.0
64796,nDCG@10,0.0
64796,R@100,1.0
6484,nDCG@10,1.0
6484,R@100,1.0
64882,nDCG@10,0.17342765698823945
64882,R@100,0.8571428571428571
64967,nDCG@10,1.0
64967,R@100,1.0
64989,nDCG@10,1.0
64989,R@100,1.0
65010,nDCG@10,1.0
65010,R@100,1.0
65022,nDCG@10,1.0
65022,R@100,1.0
65053,nDCG@10,1.0
65053,R@100,1.0
65145,nDCG@10,1.0
65145,R@100,1.0
65162,nDCG@10,0.6131471927654584
65162,R@100,1.0
65237,nDCG@10,0.2890648263178879
65237,R@100,1.0
65240,nDCG@10,0.6511857558395008
65240,R@100,1.0
65268,nDCG@10,0.0
65268,R@100,1.0
65285,nDCG@10,0.38685280723454163
65285,R@100,1.0
6541,nDCG@10,0.0
6541,R@100,0.0
65505,nDCG@10,0.38541299932114065
65505,R@100,1.0
65551,nDCG@10,0.2960819109658652
65551,R@100,1.0
65556,nDCG@10,1.0
65556,R@100,1.0
65722,nDCG@10,0.5278432933752526
65722,R@100,1.0
65752,nDCG@10,0.6105456988825855
65752,R@100,1.0
65784,nDCG@10,0.6309297535714575
65784,R@100,1.0
65785,nDCG@10,0.3562071871080222
65785,R@100,1.0
6580,nDCG@10,0.6698623505528798
6580,R@100,0.9375
65831,nDCG@10,1.0
65831,R@100,1.0
6585,nDCG@10,0.44924779852437446
6585,R@100,0.42857142857142855
65862,nDCG@10,0.3333333333333333
65862,R@100,1.0
6590,nDCG@10,0.0
6590,R@100,1.0
65906,nDCG@10,0.0
65906,R@100,1.0
65908,nDCG@10,1.0
65908,R@100,1.0
6591,nDCG@10,0.9674679834891693
6591,R@100,1.0
65919,nDCG@10,0.30260241349881345
65919,R@100,0.6666666666666666
65922,nDCG@10,1.0
65922,R@100,1.0
65977,nDCG@10,0.7653606369886217
65977,R@100,1.0
65992,nDCG@10,1.0
65992,R@100,1.0
65998,nDCG@10,0.3562071871080222
65998,R@100,1.0
66033,nDCG@10,0.6309297535714575
66033,R@100,1.0
6610,nDCG@10,0.9197207891481876
6610,R@100,1.0
66220,nDCG@10,0.8315546295836225
66220,R@100,1.0
66301,nDCG@10,0.7974049492783576
66301,R@100,1.0
66378,nDCG@10,0.31546487678572877
66378,R@100,1.0
66456,nDCG@10,1.0
66456,R@100,1.0
66496,nDCG@10,1.0
66496,R@100,1.0
66517,nDCG@10,0.0
66517,R@100,0.2
66587,nDCG@10,0.7039180890341347
66587,R@100,1.0
66621,nDCG@10,1.0
66621,R@100,1.0
66663,nDCG@10,0.34519134224686937
66663,R@100,1.0
66731,nDCG@10,0.6309297535714575
66731,R@100,1.0
66798,nDCG@10,1.0
66798,R@100,1.0
6702,nDCG@10,1.0
6702,R@100,1.0
67043,nDCG@10,0.2811463015585058
67043,R@100,1.0
67093,nDCG@10,0.7903864795495061
67093,R@100,1.0
67097,nDCG@10,0.3333333333333333
67097,R@100,1.0
67147,nDCG@10,1.0
67147,R@100,1.0
67163,nDCG@10,1.0
67163,R@100,1.0
67370,nDCG@10,0.20438239758848611
67370,R@100,1.0
67417,nDCG@10,1.0
67417,R@100,1.0
67430,nDCG@10,1.0
67430,R@100,1.0
67442,nDCG@10,1.0
67442,R@100,1.0
67528,nDCG@10,0.6309297535714575
67528,R@100,1.0
67561,nDCG@10,1.0
67561,R@100,1.0
67602,nDCG@10,1.0
67602,R@100,1.0
67638,nDCG@10,0.8687949224876582
67638,R@100,0.8
67720,nDCG@10,1.0
67720,R@100,1.0
6778,nDCG@10,0.0
6778,R@100,0.5
67829,nDCG@10,0.6309297535714575
67829,R@100,1.0
67880,nDCG@10,0.6309297535714575
67880,R@100,1.0
67905,nDCG@10,1.0
67905,R@100,1.0
67914,nDCG@10,1.0
67914,R@100,1.0
67923,nDCG@10,1.0
67923,R@100,1.0
682,nDCG@10,1.0
682,R@100,1.0
68224,nDCG@10,0.6309297535714575
68224,R@100,1.0
6823,nDCG@10,0.0
6823,R@100,0.0
68286,nDCG@10,1.0
68286,R@100,1.0
68329,nDCG@10,1.0
68329,R@100,1.0
68408,nDCG@10,0.6934264036172708
68408,R@100,1.0
68411,nDCG@10,1.0
68411,R@100,1.0
68434,nDCG@10,1.0
68434,R@100,1.0
68560,nDCG@10,1.0
68560,R@100,1.0
68579,nDCG@10,0.6713860725233041
68579,R@100,1.0
68590,nDCG@10,0.7541985434892589
68590,R@100,1.0
68615,nDCG@10,0.0
68615,R@100,1.0
68695,nDCG@10,1.0
68695,R@100,1.0
68818,nDCG@10,0.0
68818,R@100,0.75
68820,nDCG@10,1.0
68820,R@100,1.0
68844,nDCG@10,0.0
68844,R@100,0.5
68861,nDCG@10,1.0
68861,R@100,1.0
68869,nDCG@10,1.0
68869,R@100,1.0
68937,nDCG@10,0.0
68937,R@100,0.2857142857142857
68958,nDCG@10,0.3562071871080222
68958,R@100,1.0
69009,nDCG@10,0.20210734650054757
69009,R@100,1.0
69037,nDCG@10,0.0
69037,R@100,1.0
69046,nDCG@10,0.5
69046,R@100,1.0
69076,nDCG@10,0.6309297535714575
69076,R@100,1.0
69177,nDCG@10,1.0
69177,R@100,1.0
69236,nDCG@10,0.19519002499605084
69236,R@100,1.0
6924,nDCG@10,0.8699594546339143
6924,R@100,1.0
69254,nDCG@10,1.0
69254,R@100,1.0
69289,nDCG@10,1.0
69289,R@100,1.0
69309,nDCG@10,1.0
69309,R@100,1.0
69316,nDCG@10,0.0
69316,R@100,1.0
69343,nDCG@10,1.0
69343,R@100,1.0
69385,nDCG@10,0.7678620595110026
69385,R@100,1.0
69443,nDCG@10,0.0
69443,R@100,1.0
6945,nDCG@10,0.43067655807339306
6945,R@100,1.0
69592,nDCG@10,0.0
69592,R@100,1.0
69606,nDCG@10,1.0
69606,R@100,1.0
69688,nDCG@10,1.0
69688,R@100,1.0
69702,nDCG@10,0.0
69702,R@100,1.0
69856,nDCG@10,0.06362078819895171
69856,R@100,0.1
69872,nDCG@10,0.0
69872,R@100,0.0
69878,nDCG@10,0.43067655807339306
69878,R@100,1.0
69990,nDCG@10,0.0
69990,R@100,1.0
69997,nDCG@10,1.0
69997,R@100,1.0
70055,nDCG@10,0.3333333333333333
70055,R@100,1.0
70090,nDCG@10,1.0
70090,R@100,1.0
70190,nDCG@10,0.6934264036172708
70190,R@100,1.0
70214,nDCG@10,1.0
70214,R@100,1.0
70235,nDCG@10,1.0
70235,R@100,1.0
70291,nDCG@10,1.0
70291,R@100,1.0
70333,nDCG@10,0.6309297535714575
70333,R@100,1.0
70514,nDCG@10,1.0
70514,R@100,1.0
70576,nDCG@10,1.0
70576,R@100,1.0
70589,nDCG@10,0.0
70589,R@100,1.0
70608,nDCG@10,0.20438239758848611
70608,R@100,1.0
70671,nDCG@10,1.0
70671,R@100,1.0
70901,nDCG@10,1.0
70901,R@100,1.0
70976,nDCG@10,1.0
70976,R@100,1.0
71038,nDCG@10,1.0
71038,R@100,1.0
71237,nDCG@10,0.0
71237,R@100,1.0
71344,nDCG@10,1.0
71344,R@100,1.0
71403,nDCG@10,1.0
71403,R@100,1.0
71444,nDCG@10,1.0
71444,R@100,1.0
71484,nDCG@10,0.9197207891481876
71484,R@100,1.0
71510,nDCG@10,1.0
71510,R@100,1.0
71512,nDCG@10,1.0
71512,R@100,1.0
71560,nDCG@10,0.0
71560,R@100,0.0
71569,nDCG@10,0.9469024295259745
71569,R@100,1.0
71595,nDCG@10,0.6309297535714575
71595,R@100,1.0
71617,nDCG@10,0.6309297535714575
71617,R@100,1.0
7163,nDCG@10,0.0
7163,R@100,0.0
71644,nDCG@10,1.0
71644,R@100,1.0
71652,nDCG@10,1.0
71652,R@100,1.0
7167,nDCG@10,0.07839826897867533
7167,R@100,0.5116279069767442
71684,nDCG@10,1.0
71684,R@100,1.0
71704,nDCG@10,0.6309297535714575
71704,R@100,1.0
71724,nDCG@10,0.2640681225725909
71724,R@100,1.0
71756,nDCG@10,0.4422195942380129
71756,R@100,0.2465753424657534
71859,nDCG@10,0.0
71859,R@100,1.0
71903,nDCG@10,0.0
71903,R@100,0.0
71961,nDCG@10,0.6309297535714575
71961,R@100,1.0
72024,nDCG@10,0.38685280723454163
72024,R@100,1.0
72035,nDCG@10,1.0
72035,R@100,1.0
72076,nDCG@10,0.1208113026994942
72076,R@100,0.8
72114,nDCG@10,0.43067655807339306
72114,R@100,1.0
7212,nDCG@10,0.3333333333333333
7212,R@100,1.0
72124,nDCG@10,0.7653606369886217
72124,R@100,1.0
72197,nDCG@10,1.0
72197,R@100,1.0
72235,nDCG@10,0.6309297535714575
72235,R@100,1.0
72287,nDCG@10,0.6309297535714575
72287,R@100,1.0
72299,nDCG@10,1.0
72299,R@100,1.0
72334,nDCG@10,1.0
72334,R@100,1.0
72358,nDCG@10,0.0
72358,R@100,0.5
72383,nDCG@10,1.0
72383,R@100,1.0
72482,nDCG@10,0.5
72482,R@100,1.0
72499,nDCG@10,0.787702056960637
72499,R@100,1.0
72648,nDCG@10,0.13565197343244778
72648,R@100,1.0
72660,nDCG@10,0.0
72660,R@100,0.5
72662,nDCG@10,1.0
72662,R@100,1.0
72667,nDCG@10,0.6309297535714575
72667,R@100,1.0
727,nDCG@10,0.0
727,R@100,1.0
72721,nDCG@10,1.0
72721,R@100,1.0
72748,nDCG@10,0.0
72748,R@100,0.5
72783,nDCG@10,0.0
72783,R@100,1.0
72824,nDCG@10,0.0
72824,R@100,1.0
72861,nDCG@10,0.43067655807339306
72861,R@100,1.0
72868,nDCG@10,1.0
72868,R@100,1.0
73035,nDCG@10,1.0
73035,R@100,1.0
73052,nDCG@10,1.0
73052,R@100,1.0
73241,nDCG@10,0.49818925746641285
73241,R@100,1.0
73356,nDCG@10,0.0
73356,R@100,1.0
73379,nDCG@10,1.0
73379,R@100,1.0
73441,nDCG@10,0.5
73441,R@100,1.0
73485,nDCG@10,0.6309297535714575
73485,R@100,1.0
73646,nDCG@10,0.7227265726449519
73646,R@100,1.0
73755,nDCG@10,1.0
73755,R@100,1.0
73789,nDCG@10,1.0
73789,R@100,1.0
73828,nDCG@10,0.0
73828,R@100,0.4444444444444444
73841,nDCG@10,1.0
73841,R@100,1.0
73910,nDCG@10,0.20438239758848611
73910,R@100,0.5
73972,nDCG@10,1.0
73972,R@100,1.0
74108,nDCG@10,0.5
74108,R@100,1.0
74131,nDCG@10,1.0
74131,R@100,1.0
74146,nDCG@10,0.4935232796777481
74146,R@100,1.0
74152,nDCG@10,1.0
74152,R@100,1.0
74164,nDCG@10,0.510383374527714
74164,R@100,0.375
7422,nDCG@10,0.6934264036172708
7422,R@100,1.0
74256,nDCG@10,0.0
74256,R@100,0.0
74280,nDCG@10,1.0
74280,R@100,1.0
74446,nDCG@10,1.0
74446,R@100,1.0
74460,nDCG@10,1.0
74460,R@100,1.0
74485,nDCG@10,1.0
74485,R@100,1.0
74507,nDCG@10,1.0
74507,R@100,1.0
74512,nDCG@10,0.8315546295836225
74512,R@100,1.0
74519,nDCG@10,1.0
74519,R@100,1.0
74557,nDCG@10,0.6309297535714575
74557,R@100,1.0
74594,nDCG@10,1.0
74594,R@100,1.0
74646,nDCG@10,0.11305340175787204
74646,R@100,1.0
7468,nDCG@10,0.19342640361727081
7468,R@100,0.5
74707,nDCG@10,1.0
74707,R@100,1.0
74755,nDCG@10,0.0
74755,R@100,1.0
74910,nDCG@10,1.0
74910,R@100,1.0
74929,nDCG@10,1.0
74929,R@100,1.0
75016,nDCG@10,0.38685280723454163
75016,R@100,1.0
75030,nDCG@10,0.0
75030,R@100,1.0
7508,nDCG@10,1.0
7508,R@100,1.0
75153,nDCG@10,1.0
75153,R@100,1.0
75192,nDCG@10,0.3562071871080222
75192,R@100,1.0
753,nDCG@10,1.0
753,R@100,1.0
75303,nDCG@10,0.3065735963827292
75303,R@100,1.0
75322,nDCG@10,1.0
75322,R@100,1.0
75351,nDCG@10,1.0
75351,R@100,1.0
75374,nDCG@10,1.0
75374,R@100,1.0
75377,nDCG@10,1.0
75377,R@100,1.0
75393,nDCG@10,0.6934264036172708
75393,R@100,1.0
75417,nDCG@10,0.5
75417,R@100,1.0
7542,nDCG@10,0.0
7542,R@100,0.0
75551,nDCG@10,1.0
75551,R@100,1.0
75599,nDCG@10,0.6131471927654584
75599,R@100,1.0
75625,nDCG@10,1.0
75625,R@100,1.0
75658,nDCG@10,1.0
75658,R@100,1.0
7571,nDCG@10,0.7537624778216616
7571,R@100,1.0
75713,nDCG@10,1.0
75713,R@100,1.0
75737,nDCG@10,0.38685280723454163
75737,R@100,1.0
75789,nDCG@10,1.0
75789,R@100,1.0
75823,nDCG@10,0.7227265726449519
75823,R@100,1.0
75879,nDCG@10,0.9512312000626861
75879,R@100,1.0
75885,nDCG@10,0.9818483242455303
75885,R@100,1.0
75887,nDCG@10,0.5
75887,R@100,1.0
75911,nDCG@10,0.0
75911,R@100,1.0
75959,nDCG@10,0.3333333333333333
75959,R@100,1.0
76015,nDCG@10,0.4549166362002957
76015,R@100,0.6666666666666666
76248,nDCG@10,0.0
76248,R@100,1.0
76315,nDCG@10,1.0
76315,R@100,1.0
76334,nDCG@10,0.38685280723454163
76334,R@100,1.0
76378,nDCG@10,1.0
76378,R@100,1.0
76380,nDCG@10,0.6309297535714575
76380,R@100,1.0
76402,nDCG@10,1.0
76402,R@100,1.0
76429,nDCG@10,1.0
76429,R@100,1.0
76456,nDCG@10,1.0
76456,R@100,1.0
76460,nDCG@10,0.6309297535714575
76460,R@100,1.0
76516,nDCG@10,0.0
76516,R@100,1.0
76523,nDCG@10,0.31546487678572877
76523,R@100,1.0
76601,nDCG@10,0.0
76601,R@100,0.5
76673,nDCG@10,0.0
76673,R@100,1.0
76682,nDCG@10,0.0
76682,R@100,0.0
76752,nDCG@10,0.6309297535714575
76752,R@100,1.0
7676,nDCG@10,0.0
7676,R@100,1.0
76770,nDCG@10,1.0
76770,R@100,1.0
76836,nDCG@10,1.0
76836,R@100,1.0
76885,nDCG@10,1.0
76885,R@100,1.0
76904,nDCG@10,1.0
76904,R@100,1.0
76910,nDCG@10,0.5400753810454857
76910,R@100,1.0
76937,nDCG@10,1.0
76937,R@100,1.0
7694,nDCG@10,1.0
7694,R@100,1.0
76941,nDCG@10,0.0
76941,R@100,1.0
76978,nDCG@10,0.6131471927654584
76978,R@100,1.0
76982,nDCG@10,1.0
76982,R@100,1.0
77031,nDCG@10,1.0
77031,R@100,1.0
77040,nDCG@10,0.0
77040,R@100,1.0
77043,nDCG@10,0.7653606369886217
77043,R@100,0.6666666666666666
77046,nDCG@10,0.9197207891481876
77046,R@100,1.0
77063,nDCG@10,1.0
77063,R@100,1.0
77083,nDCG@10,0.5
77083,R@100,1.0
77112,nDCG@10,1.0
77112,R@100,1.0
77146,nDCG@10,1.0
77146,R@100,1.0
77188,nDCG@10,0.5
77188,R@100,1.0
7721,nDCG@10,0.6200500745793595
7721,R@100,0.8888888888888888
77274,nDCG@10,0.6131471927654584
77274,R@100,1.0
77299,nDCG@10,0.9197207891481876
77299,R@100,1.0
77323,nDCG@10,1.0
77323,R@100,1.0
77333,nDCG@10,1.0
77333,R@100,1.0
77340,nDCG@10,0.0
77340,R@100,0.0
77379,nDCG@10,1.0
77379,R@100,1.0
77382,nDCG@10,0.9197207891481876
77382,R@100,1.0
77400,nDCG@10,1.0
77400,R@100,1.0
7742,nDCG@10,0.0
7742,R@100,0.0
77455,nDCG@10,0.6366824387328317
77455,R@100,1.0
77619,nDCG@10,0.3562071871080222
77619,R@100,1.0
77633,nDCG@10,1.0
77633,R@100,1.0
7771,nDCG@10,0.6309297535714575
7771,R@100,1.0
77767,nDCG@10,0.0
77767,R@100,1.0
77775,nDCG@10,0.7988614740430418
77775,R@100,1.0
77804,nDCG@10,1.0
77804,R@100,1.0
77822,nDCG@10,1.0
77822,R@100,1.0
77910,nDCG@10,0.2890648263178879
77910,R@100,1.0
78080,nDCG@10,0.0
78080,R@100,1.0
78087,nDCG@10,0.5
78087,R@100,1.0
78099,nDCG@10,0.5
78099,R@100,1.0
78163,nDCG@10,0.0
78163,R@100,1.0
78177,nDCG@10,1.0
78177,R@100,1.0
78253,nDCG@10,1.0
78253,R@100,1.0
78288,nDCG@10,0.0
78288,R@100,1.0
78302,nDCG@10,0.0
78302,R@100,1.0
78463,nDCG@10,0.9397911964740514
78463,R@100,1.0
7859,nDCG@10,0.9558295932317544
7859,R@100,1.0
78685,nDCG@10,1.0
78685,R@100,1.0
78753,nDCG@10,1.0
78753,R@100,1.0
78810,nDCG@10,0.8270433092474515
78810,R@100,1.0
78854,nDCG@10,1.0
78854,R@100,1.0
78886,nDCG@10,1.0
78886,R@100,1.0
78905,nDCG@10,0.6309297535714575
78905,R@100,1.0
78910,nDCG@10,1.0
78910,R@100,1.0
78987,nDCG@10,0.5640920940185894
78987,R@100,1.0
79057,nDCG@10,0.4525081529734507
79057,R@100,1.0
7906,nDCG@10,1.0
7906,R@100,1.0
79077,nDCG@10,0.4632423659320675
79077,R@100,0.6666666666666666
79120,nDCG@10,0.8065735963827293
79120,R@100,1.0
79187,nDCG@10,1.0
79187,R@100,1.0
79250,nDCG@10,1.0
79250,R@100,1.0
79298,nDCG@10,0.23719771276929622
79298,R@100,1.0
79310,nDCG@10,0.17723928678404774
79310,R@100,1.0
79422,nDCG@10,0.6131471927654584
79422,R@100,1.0
79432,nDCG@10,1.0
79432,R@100,1.0
79470,nDCG@10,0.9674679834891693
79470,R@100,1.0
79698,nDCG@10,0.8065735963827293
79698,R@100,1.0
79761,nDCG@10,0.3562071871080222
79761,R@100,1.0
79809,nDCG@10,1.0
79809,R@100,1.0
79837,nDCG@10,0.6934264036172708
79837,R@100,1.0
79846,nDCG@10,0.6309297535714575
79846,R@100,1.0
79894,nDCG@10,1.0
79894,R@100,1.0
79908,nDCG@10,1.0
79908,R@100,1.0
79911,nDCG@10,0.0
79911,R@100,0.0
7992,nDCG@10,1.0
7992,R@100,1.0
79988,nDCG@10,1.0
79988,R@100,1.0
800,nDCG@10,0.43067655807339306
800,R@100,1.0
80025,nDCG@10,1.0
80025,R@100,1.0
80035,nDCG@10,1.0
80035,R@100,1.0
80068,nDCG@10,0.32367442206954683
80068,R@100,1.0
80073,nDCG@10,0.6309297535714575
80073,R@100,1.0
80128,nDCG@10,1.0
80128,R@100,1.0
80136,nDCG@10,1.0
80136,R@100,1.0
80147,nDCG@10,0.5
80147,R@100,1.0
80204,nDCG@10,1.0
80204,R@100,1.0
80241,nDCG@10,0.43067655807339306
80241,R@100,1.0
8026,nDCG@10,0.9565912771023182
8026,R@100,1.0
80278,nDCG@10,0.0
80278,R@100,1.0
80284,nDCG@10,0.0
80284,R@100,0.0
80323,nDCG@10,0.0
80323,R@100,0.6666666666666666
80326,nDCG@10,1.0
80326,R@100,1.0
80329,nDCG@10,0.0
80329,R@100,1.0
80336,nDCG@10,0.5
80336,R@100,1.0
80396,nDCG@10,0.0
80396,R@100,0.0
80409,nDCG@10,1.0
80409,R@100,1.0
80500,nDCG@10,0.31546487678572877
80500,R@100,1.0
80580,nDCG@10,0.6309297535714575
80580,R@100,1.0
80597,nDCG@10,0.0
80597,R@100,1.0
8063,nDCG@10,1.0
8063,R@100,1.0
80650,nDCG@10,1.0
80650,R@100,1.0
8068,nDCG@10,0.43067655807339306
8068,R@100,1.0
80716,nDCG@10,0.4200288571308283
80716,R@100,1.0
80732,nDCG@10,0.8318724637288826
80732,R@100,0.75
80767,nDCG@10,0.3562071871080222
80767,R@100,1.0
80864,nDCG@10,1.0
80864,R@100,1.0
81024,nDCG@10,0.6309297535714575
81024,R@100,1.0
81062,nDCG@10,0.5
81062,R@100,1.0
81109,nDCG@10,1.0
81109,R@100,1.0
81118,nDCG@10,1.0
81118,R@100,1.0
81176,nDCG@10,0.6934264036172708
81176,R@100,1.0
81216,nDCG@10,1.0
81216,R@100,1.0
8124,nDCG@10,1.0
8124,R@100,1.0
81371,nDCG@10,1.0
81371,R@100,1.0
81421,nDCG@10,1.0
81421,R@100,1.0
81467,nDCG@10,1.0
81467,R@100,1.0
81513,nDCG@10,1.0
81513,R@100,1.0
81525,nDCG@10,0.0
81525,R@100,1.0
81530,nDCG@10,1.0
81530,R@100,1.0
81745,nDCG@10,1.0
81745,R@100,1.0
81783,nDCG@10,1.0
81783,R@100,1.0
8181,nDCG@10,1.0
8181,R@100,1.0
81832,nDCG@10,1.0
81832,R@100,1.0
8188,nDCG@10,0.6309297535714575
8188,R@100,1.0
81904,nDCG@10,1.0
81904,R@100,1.0
81922,nDCG@10,0.0
81922,R@100,0.0
81946,nDCG@10,0.6131471927654584
81946,R@100,1.0
81957,nDCG@10,1.0
81957,R@100,1.0
81966,nDCG@10,0.2890648263178879
81966,R@100,1.0
81974,nDCG@10,1.0
81974,R@100,1.0
81984,nDCG@10,1.0
81984,R@100,1.0
82027,nDCG@10,0.5249810332008933
82027,R@100,1.0
82030,nDCG@10,1.0
82030,R@100,1.0
82064,nDCG@10,0.8503449055347546
82064,R@100,1.0
82154,nDCG@10,0.0
82154,R@100,0.0
82200,nDCG@10,0.5
82200,R@100,1.0
82272,nDCG@10,0.7246262544989281
82272,R@100,1.0
8229,nDCG@10,0.8772153153380493
8229,R@100,1.0
823,nDCG@10,0.6131471927654584
823,R@100,1.0
8232,nDCG@10,1.0
8232,R@100,1.0
82352,nDCG@10,0.5
82352,R@100,1.0
8243,nDCG@10,1.0
8243,R@100,1.0
82465,nDCG@10,1.0
82465,R@100,1.0
82496,nDCG@10,0.6934264036172708
82496,R@100,1.0
82521,nDCG@10,0.5
82521,R@100,1.0
82528,nDCG@10,0.6309297535714575
82528,R@100,1.0
8253,nDCG@10,0.6309297535714575
8253,R@100,1.0
82531,nDCG@10,0.43067655807339306
82531,R@100,1.0
82575,nDCG@10,0.3080351663449861
82575,R@100,0.75
8258,nDCG@10,1.0
8258,R@100,1.0
82582,nDCG@10,0.0
82582,R@100,0.6666666666666666
82588,nDCG@10,1.0
82588,R@100,1.0
82618,nDCG@10,1.0
82618,R@100,1.0
8269,nDCG@10,1.0
8269,R@100,1.0
82695,nDCG@10,1.0
82695,R@100,1.0
82714,nDCG@10,1.0
82714,R@100,1.0
82794,nDCG@10,0.5
82794,R@100,1.0
82859,nDCG@10,1.0
82859,R@100,1.0
83030,nDCG@10,1.0
83030,R@100,1.0
83050,nDCG@10,1.0
83050,R@100,1.0
83155,nDCG@10,1.0
83155,R@100,1.0
83174,nDCG@10,0.0
83174,R@100,1.0
83184,nDCG@10,0.4776237035032179
83184,R@100,1.0
83227,nDCG@10,0.0
83227,R@100,0.375
83262,nDCG@10,0.11284514134893527
83262,R@100,0.25
83303,nDCG@10,0.6309297535714575
83303,R@100,1.0
8335,nDCG@10,0.6309297535714575
8335,R@100,1.0
83359,nDCG@10,1.0
83359,R@100,1.0
83387,nDCG@10,0.9083053473410256
83387,R@100,1.0
83402,nDCG@10,0.23463936301137822
83402,R@100,1.0
8342,nDCG@10,0.5805485932475565
8342,R@100,1.0
83442,nDCG@10,1.0
83442,R@100,1.0
83445,nDCG@10,0.6309297535714575
83445,R@100,1.0
8356,nDCG@10,0.6309297535714575
8356,R@100,1.0
83601,nDCG@10,0.3391602052736161
83601,R@100,0.2
83629,nDCG@10,0.3333333333333333
83629,R@100,1.0
83714,nDCG@10,0.3562071871080222
83714,R@100,1.0
83721,nDCG@10,1.0
83721,R@100,1.0
83742,nDCG@10,0.43067655807339306
83742,R@100,1.0
83760,nDCG@10,1.0
83760,R@100,1.0
83839,nDCG@10,0.3475406804124244
83839,R@100,0.875
83880,nDCG@10,1.0
83880,R@100,1.0
83885,nDCG@10,1.0
83885,R@100,1.0
83902,nDCG@10,1.0
83902,R@100,1.0
83922,nDCG@10,1.0
83922,R@100,1.0
83934,nDCG@10,1.0
83934,R@100,1.0
83985,nDCG@10,1.0
83985,R@100,1.0
840,nDCG@10,0.6309297535714575
840,R@100,1.0
84008,nDCG@10,0.38268031849431083
84008,R@100,1.0
84054,nDCG@10,0.8315546295836225
84054,R@100,1.0
84142,nDCG@10,0.6309297535714575
84142,R@100,1.0
84172,nDCG@10,1.0
84172,R@100,1.0
84252,nDCG@10,0.10699313236726378
84252,R@100,1.0
84279,nDCG@10,1.0
84279,R@100,1.0
84338,nDCG@10,0.0
84338,R@100,1.0
84370,nDCG@10,0.0
84370,R@100,1.0
84378,nDCG@10,0.7991748853900112
84378,R@100,1.0
84399,nDCG@10,0.9438661545147249
84399,R@100,1.0
84485,nDCG@10,1.0
84485,R@100,1.0
84507,nDCG@10,0.9709286432396583
84507,R@100,1.0
84565,nDCG@10,0.0
84565,R@100,0.0
84666,nDCG@10,0.22009176629808017
84666,R@100,0.5
84691,nDCG@10,0.6309297535714575
84691,R@100,1.0
84707,nDCG@10,1.0
84707,R@100,1.0
84734,nDCG@10,0.0
84734,R@100,0.16666666666666666
84736,nDCG@10,1.0
84736,R@100,1.0
84740,nDCG@10,0.3333333333333333
84740,R@100,1.0
84773,nDCG@10,0.6934264036172708
84773,R@100,1.0
84776,nDCG@10,0.3391602052736161
84776,R@100,1.0
84784,nDCG@10,1.0
84784,R@100,1.0
84823,nDCG@10,1.0
84823,R@100,1.0
84858,nDCG@10,0.5
84858,R@100,1.0
84861,nDCG@10,1.0
84861,R@100,1.0
84871,nDCG@10,1.0
84871,R@100,1.0
84913,nDCG@10,0.0
84913,R@100,1.0
84935,nDCG@10,1.0
84935,R@100,1.0
84957,nDCG@10,1.0
84957,R@100,1.0
8504,nDCG@10,0.6309297535714575
8504,R@100,1.0
8519,nDCG@10,1.0
8519,R@100,1.0
85210,nDCG@10,0.5
85210,R@100,1.0
85292,nDCG@10,0.0
85292,R@100,1.0
85303,nDCG@10,1.0
85303,R@100,1.0
85344,nDCG@10,1.0
85344,R@100,1.0
85371,nDCG@10,0.3010299956639812
85371,R@100,1.0
85453,nDCG@10,1.0
85453,R@100,1.0
85554,nDCG@10,0.8315546295836225
85554,R@100,1.0
85562,nDCG@10,1.0
85562,R@100,1.0
85581,nDCG@10,0.6309297535714575
85581,R@100,1.0
85584,nDCG@10,1.0
85584,R@100,1.0
8572,nDCG@10,0.6309297535714575
8572,R@100,1.0
85748,nDCG@10,1.0
85748,R@100,1.0
85792,nDCG@10,1.0
85792,R@100,1.0
85795,nDCG@10,1.0
85795,R@100,1.0
8580,nDCG@10,0.12647135138382856
8580,R@100,1.0
85822,nDCG@10,0.6309297535714575
85822,R@100,1.0
85913,nDCG@10,0.6309297535714575
85913,R@100,1.0
85951,nDCG@10,0.6309297535714575
85951,R@100,1.0
85979,nDCG@10,1.0
85979,R@100,1.0
86032,nDCG@10,0.43067655807339306
86032,R@100,1.0
86059,nDCG@10,1.0
86059,R@100,1.0
86078,nDCG@10,0.6309297535714575
86078,R@100,1.0
86166,nDCG@10,0.38685280723454163
86166,R@100,1.0
86218,nDCG@10,0.0
86218,R@100,1.0
86294,nDCG@10,1.0
86294,R@100,1.0
86323,nDCG@10,0.6309297535714575
86323,R@100,1.0
86431,nDCG@10,1.0
86431,R@100,1.0
8644,nDCG@10,0.2960819109658652
8644,R@100,1.0
86467,nDCG@10,0.5173633627401372
86467,R@100,0.35714285714285715
86562,nDCG@10,1.0
86562,R@100,1.0
86663,nDCG@10,0.8772153153380493
86663,R@100,1.0
86668,nDCG@10,1.0
86668,R@100,1.0
86725,nDCG@10,0.6509209298071326
86725,R@100,1.0
86732,nDCG@10,1.0
86732,R@100,1.0
86764,nDCG@10,0.22212782793993274
86764,R@100,0.6388888888888888
86769,nDCG@10,0.9197207891481876
86769,R@100,1.0
86896,nDCG@10,0.0
86896,R@100,1.0
86925,nDCG@10,0.8772153153380493
86925,R@100,1.0
86986,nDCG@10,0.5
86986,R@100,1.0
87143,nDCG@10,1.0
87143,R@100,1.0
8724,nDCG@10,1.0
8724,R@100,1.0
87264,nDCG@10,1.0
87264,R@100,1.0
87289,nDCG@10,0.0
87289,R@100,0.0
87458,nDCG@10,0.6052602440527057
87458,R@100,1.0
87478,nDCG@10,1.0
87478,R@100,1.0
8748,nDCG@10,1.0
8748,R@100,1.0
87520,nDCG@10,0.6309297535714575
87520,R@100,1.0
87564,nDCG@10,1.0
87564,R@100,1.0
87584,nDCG@10,0.0
87584,R@100,1.0
87832,nDCG@10,0.0
87832,R@100,0.10714285714285714
87883,nDCG@10,1.0
87883,R@100,1.0
87940,nDCG@10,1.0
87940,R@100,1.0
87957,nDCG@10,0.0
87957,R@100,0.0
87982,nDCG@10,0.9197207891481876
87982,R@100,1.0
88037,nDCG@10,1.0
88037,R@100,1.0
88051,nDCG@10,1.0
88051,R@100,1.0
88098,nDCG@10,1.0
88098,R@100,1.0
88160,nDCG@10,0.8687949224876582
88160,R@100,1.0
88229,nDCG@10,0.43067655807339306
88229,R@100,1.0
88271,nDCG@10,0.6309297535714575
88271,R@100,1.0
88293,nDCG@10,1.0
88293,R@100,1.0
88316,nDCG@10,0.0
88316,R@100,1.0
8833,nDCG@10,1.0
8833,R@100,1.0
88440,nDCG@10,0.9020870746500321
88440,R@100,1.0
88450,nDCG@10,0.38685280723454163
88450,R@100,1.0
88468,nDCG@10,1.0
88468,R@100,1.0
88479,nDCG@10,1.0
88479,R@100,1.0
88480,nDCG@10,0.8772153153380493
88480,R@100,1.0
885,nDCG@10,0.20248323207250624
885,R@100,0.3333333333333333
8858,nDCG@10,1.0
8858,R@100,1.0
88641,nDCG@10,1.0
88641,R@100,1.0
88702,nDCG@10,1.0
88702,R@100,1.0
88711,nDCG@10,0.9674679834891693
88711,R@100,1.0
8872,nDCG@10,0.6309297535714575
8872,R@100,1.0
88772,nDCG@10,0.0
88772,R@100,1.0
88806,nDCG@10,1.0
88806,R@100,1.0
88816,nDCG@10,0.0
88816,R@100,0.5
88833,nDCG@10,1.0
88833,R@100,1.0
88843,nDCG@10,1.0
88843,R@100,1.0
88878,nDCG@10,1.0
88878,R@100,1.0
88923,nDCG@10,1.0
88923,R@100,1.0
88937,nDCG@10,1.0
88937,R@100,1.0
8894,nDCG@10,1.0
8894,R@100,1.0
89073,nDCG@10,0.6934264036172708
89073,R@100,1.0
89082,nDCG@10,1.0
89082,R@100,1.0
89097,nDCG@10,0.0
89097,R@100,0.0
89101,nDCG@10,0.9197207891481876
89101,R@100,1.0
89108,nDCG@10,0.4415801103577823
89108,R@100,1.0
89151,nDCG@10,1.0
89151,R@100,1.0
89248,nDCG@10,1.0
89248,R@100,1.0
89289,nDCG@10,1.0
89289,R@100,1.0
8932,nDCG@10,0.4227898344066503
8932,R@100,1.0
89347,nDCG@10,0.6309297535714575
89347,R@100,1.0
89364,nDCG@10,1.0
89364,R@100,1.0
8937,nDCG@10,0.6256646589861505
8937,R@100,1.0
89373,nDCG@10,1.0
89373,R@100,1.0
89376,nDCG@10,1.0
89376,R@100,1.0
89380,nDCG@10,0.0
89380,R@100,1.0
89456,nDCG@10,0.43067655807339306
89456,R@100,1.0
89496,nDCG@10,1.0
89496,R@100,1.0
89521,nDCG@10,1.0
89521,R@100,1.0
89528,nDCG@10,0.0
89528,R@100,1.0
89623,nDCG@10,0.6309297535714575
89623,R@100,1.0
8970,nDCG@10,1.0
8970,R@100,1.0
89728,nDCG@10,1.0
89728,R@100,1.0
8977,nDCG@10,1.0
8977,R@100,1.0
89800,nDCG@10,1.0
89800,R@100,1.0
89889,nDCG@10,1.0
89889,R@100,1.0
89927,nDCG@10,0.6355827475831716
89927,R@100,1.0
89949,nDCG@10,0.38685280723454163
89949,R@100,1.0
8997,nDCG@10,0.1635413866202963
8997,R@100,0.5263157894736842
90013,nDCG@10,0.0
90013,R@100,0.0
90058,nDCG@10,1.0
90058,R@100,1.0
90074,nDCG@10,1.0
90074,R@100,1.0
9012,nDCG@10,1.0
9012,R@100,1.0
90223,nDCG@10,1.0
90223,R@100,1.0
90253,nDCG@10,1.0
90253,R@100,1.0
90445,nDCG@10,0.5868720866710773
90445,R@100,0.7333333333333333
90478,nDCG@10,1.0
90478,R@100,1.0
90500,nDCG@10,1.0
90500,R@100,1.0
90505,nDCG@10,1.0
90505,R@100,1.0
90507,nDCG@10,0.0874717141014082
90507,R@100,1.0
90564,nDCG@10,1.0
90564,R@100,1.0
90593,nDCG@10,0.0
90593,R@100,1.0
90620,nDCG@10,0.21840743681816419
90620,R@100,1.0
9064,nDCG@10,0.6509209298071326
9064,R@100,1.0
90706,nDCG@10,0.6309297535714575
90706,R@100,1.0
90749,nDCG@10,0.5307212739772434
90749,R@100,1.0
90783,nDCG@10,1.0
90783,R@100,1.0
90815,nDCG@10,0.37590633587120725
90815,R@100,1.0
90928,nDCG@10,1.0
90928,R@100,1.0
90959,nDCG@10,1.0
90959,R@100,1.0
90977,nDCG@10,0.812653045383133
90977,R@100,1.0
91001,nDCG@10,1.0
91001,R@100,1.0
9102,nDCG@10,1.0
9102,R@100,1.0
9109,nDCG@10,1.0
9109,R@100,1.0
91098,nDCG@10,0.0
91098,R@100,1.0
91239,nDCG@10,0.5
91239,R@100,1.0
91289,nDCG@10,0.0
91289,R@100,1.0
91375,nDCG@10,1.0
91375,R@100,1.0
91411,nDCG@10,1.0
91411,R@100,1.0
91447,nDCG@10,0.6309297535714575
91447,R@100,1.0
91481,nDCG@10,0.46927872602275644
91481,R@100,0.3333333333333333
91608,nDCG@10,0.6309297535714575
91608,R@100,1.0
91628,nDCG@10,0.0
91628,R@100,0.3333333333333333
9163,nDCG@10,0.9305687780632227
9163,R@100,1.0
91641,nDCG@10,0.6601396023754075
91641,R@100,1.0
91656,nDCG@10,1.0
91656,R@100,1.0
91668,nDCG@10,1.0
91668,R@100,1.0
91687,nDCG@10,0.6309297535714575
91687,R@100,1.0
91751,nDCG@10,0.46927872602275644
91751,R@100,1.0
91762,nDCG@10,1.0
91762,R@100,1.0
91831,nDCG@10,0.5
91831,R@100,1.0
91876,nDCG@10,0.0
91876,R@100,1.0
91934,nDCG@10,1.0
91934,R@100,1.0
91941,nDCG@10,0.8854598815714874
91941,R@100,1.0
91946,nDCG@10,0.6309297535714575
91946,R@100,1.0
91972,nDCG@10,0.45260163770064993
91972,R@100,0.6666666666666666
92008,nDCG@10,0.3065735963827292
92008,R@100,1.0
92093,nDCG@10,0.6309297535714575
92093,R@100,1.0
92158,nDCG@10,1.0
92158,R@100,1.0
92298,nDCG@10,0.6309297535714575
92298,R@100,1.0
92343,nDCG@10,1.0
92343,R@100,1.0
92424,nDCG@10,0.6131471927654584
92424,R@100,0.5
92440,nDCG@10,1.0
92440,R@100,1.0
92547,nDCG@10,0.6309297535714575
92547,R@100,1.0
92619,nDCG@10,1.0
92619,R@100,1.0
92642,nDCG@10,0.6309297535714575
92642,R@100,1.0
92663,nDCG@10,1.0
92663,R@100,1.0
92680,nDCG@10,0.0
92680,R@100,1.0
92713,nDCG@10,1.0
92713,R@100,1.0
92765,nDCG@10,0.0
92765,R@100,0.75
92781,nDCG@10,1.0
92781,R@100,1.0
92807,nDCG@10,0.6131471927654584
92807,R@100,1.0
92809,nDCG@10,0.5277610693352978
92809,R@100,0.8571428571428571
92843,nDCG@10,0.6131471927654584
92843,R@100,1.0
92935,nDCG@10,0.0
92935,R@100,1.0
93008,nDCG@10,0.23719771276929622
93008,R@100,1.0
93096,nDCG@10,1.0
93096,R@100,1.0
93105,nDCG@10,0.1208113026994942
93105,R@100,0.2
93106,nDCG@10,1.0
93106,R@100,1.0
93178,nDCG@10,0.10699313236726378
93178,R@100,1.0
93181,nDCG@10,0.5
93181,R@100,1.0
93189,nDCG@10,0.0
93189,R@100,0.5
93263,nDCG@10,0.0
93263,R@100,1.0
93308,nDCG@10,0.5
93308,R@100,1.0
93522,nDCG@10,0.6665048698100113
93522,R@100,1.0
93588,nDCG@10,1.0
93588,R@100,1.0
93599,nDCG@10,1.0
93599,R@100,1.0
93643,nDCG@10,1.0
93643,R@100,1.0
93786,nDCG@10,0.0
93786,R@100,1.0
9382,nDCG@10,1.0
9382,R@100,1.0
93857,nDCG@10,1.0
93857,R@100,1.0
9390,nDCG@10,0.5109559939712153
9390,R@100,1.0
93955,nDCG@10,1.0
93955,R@100,1.0
94002,nDCG@10,0.43067655807339306
94002,R@100,1.0
94018,nDCG@10,1.0
94018,R@100,1.0
94026,nDCG@10,0.0
94026,R@100,1.0
94037,nDCG@10,1.0
94037,R@100,1.0
9405,nDCG@10,0.7328286204777911
9405,R@100,1.0
94053,nDCG@10,0.6812060741152737
94053,R@100,1.0
94063,nDCG@10,0.0
94063,R@100,0.0
94135,nDCG@10,0.0
94135,R@100,1.0
94162,nDCG@10,0.6309297535714575
94162,R@100,1.0
94284,nDCG@10,0.0
94284,R@100,1.0
94299,nDCG@10,0.5
94299,R@100,1.0
9434,nDCG@10,0.5437713091520254
9434,R@100,1.0
94395,nDCG@10,0.6131471927654584
94395,R@100,1.0
94419,nDCG@10,1.0
94419,R@100,1.0
94453,nDCG@10,0.43067655807339306
94453,R@100,1.0
94493,nDCG@10,0.45221360703148816
94493,R@100,1.0
94494,nDCG@10,0.3065735963827292
94494,R@100,0.5
94530,nDCG@10,0.6936895570511106
94530,R@100,1.0
94665,nDCG@10,0.9197207891481876
94665,R@100,1.0
94678,nDCG@10,0.5
94678,R@100,1.0
94696,nDCG@10,1.0
94696,R@100,1.0
94726,nDCG@10,0.40298313359773236
94726,R@100,1.0
94737,nDCG@10,0.6309297535714575
94737,R@100,1.0
94751,nDCG@10,0.3952094620037075
94751,R@100,1.0
94817,nDCG@10,1.0
94817,R@100,1.0
94863,nDCG@10,0.0
94863,R@100,1.0
94878,nDCG@10,1.0
94878,R@100,1.0
95037,nDCG@10,0.46927872602275644
95037,R@100,0.6666666666666666
95057,nDCG@10,1.0
95057,R@100,1.0
95070,nDCG@10,0.0
95070,R@100,1.0
95109,nDCG@10,1.0
95109,R@100,1.0
95144,nDCG@10,1.0
95144,R@100,1.0
95149,nDCG@10,1.0
95149,R@100,1.0
95177,nDCG@10,0.38685280723454163
95177,R@100,1.0
9532,nDCG@10,1.0
9532,R@100,1.0
9533,nDCG@10,0.0
9533,R@100,0.0
95435,nDCG@10,1.0
95435,R@100,1.0
9555,nDCG@10,0.0
9555,R@100,1.0
95602,nDCG@10,1.0
95602,R@100,1.0
95639,nDCG@10,0.6309297535714575
95639,R@100,1.0
95645,nDCG@10,0.30260241349881345
95645,R@100,0.6666666666666666
95665,nDCG@10,0.5307212739772434
95665,R@100,1.0
9567,nDCG@10,1.0
9567,R@100,1.0
9569,nDCG@10,1.0
9569,R@100,1.0
95724,nDCG@10,1.0
95724,R@100,1.0
95737,nDCG@10,1.0
95737,R@100,1.0
95808,nDCG@10,1.0
95808,R@100,1.0
95813,nDCG@10,1.0
95813,R@100,1.0
95829,nDCG@10,1.0
95829,R@100,1.0
95923,nDCG@10,0.0
95923,R@100,0.3333333333333333
95947,nDCG@10,1.0
95947,R@100,1.0
95957,nDCG@10,0.5
95957,R@100,1.0
96085,nDCG@10,0.0
96085,R@100,1.0
96178,nDCG@10,1.0
96178,R@100,1.0
9622,nDCG@10,0.9197207891481876
9622,R@100,1.0
96224,nDCG@10,1.0
96224,R@100,1.0
96328,nDCG@10,0.6309297535714575
96328,R@100,1.0
96374,nDCG@10,0.5
96374,R@100,1.0
96434,nDCG@10,1.0
96434,R@100,1.0
96476,nDCG@10,1.0
96476,R@100,1.0
96480,nDCG@10,0.4430895440946125
96480,R@100,1.0
965,nDCG@10,1.0
965,R@100,1.0
96540,nDCG@10,0.5922216874835863
96540,R@100,1.0
96554,nDCG@10,1.0
96554,R@100,1.0
96578,nDCG@10,1.0
96578,R@100,1.0
96595,nDCG@10,1.0
96595,R@100,1.0
96620,nDCG@10,0.5
96620,R@100,1.0
96683,nDCG@10,1.0
96683,R@100,1.0
96730,nDCG@10,0.3065735963827292
96730,R@100,0.5
9674,nDCG@10,0.9134015924715543
9674,R@100,1.0
96782,nDCG@10,1.0
96782,R@100,1.0
96818,nDCG@10,0.3562071871080222
96818,R@100,1.0
96827,nDCG@10,1.0
96827,R@100,1.0
96841,nDCG@10,1.0
96841,R@100,1.0
96896,nDCG@10,1.0
96896,R@100,1.0
96915,nDCG@10,1.0
96915,R@100,1.0
96916,nDCG@10,0.0
96916,R@100,1.0
96934,nDCG@10,0.0
96934,R@100,1.0
96976,nDCG@10,0.0
96976,R@100,0.0
96982,nDCG@10,1.0
96982,R@100,1.0
9701,nDCG@10,0.6049306994552042
9701,R@100,1.0
97038,nDCG@10,1.0
97038,R@100,1.0
97112,nDCG@10,1.0
97112,R@100,1.0
9722,nDCG@10,1.0
9722,R@100,1.0
97269,nDCG@10,1.0
97269,R@100,1.0
97276,nDCG@10,0.6934264036172708
97276,R@100,1.0
97320,nDCG@10,0.9674679834891693
97320,R@100,1.0
97324,nDCG@10,1.0
97324,R@100,1.0
97328,nDCG@10,1.0
97328,R@100,1.0
97335,nDCG@10,1.0
97335,R@100,1.0
97343,nDCG@10,0.6309297535714575
97343,R@100,1.0
97390,nDCG@10,0.31546487678572877
97390,R@100,1.0
97509,nDCG@10,0.0
97509,R@100,1.0
9759,nDCG@10,0.6934264036172708
9759,R@100,1.0
97674,nDCG@10,1.0
97674,R@100,1.0
97701,nDCG@10,0.6309297535714575
97701,R@100,1.0
97719,nDCG@10,0.43067655807339306
97719,R@100,1.0
97749,nDCG@10,0.0
97749,R@100,1.0
9776,nDCG@10,0.7756199604526248
9776,R@100,0.8
97782,nDCG@10,1.0
97782,R@100,1.0
97783,nDCG@10,0.3562071871080222
97783,R@100,1.0
97842,nDCG@10,1.0
97842,R@100,1.0
97938,nDCG@10,0.6361757670231624
97938,R@100,1.0
97986,nDCG@10,1.0
97986,R@100,1.0
97996,nDCG@10,0.0
97996,R@100,1.0
98017,nDCG@10,1.0
98017,R@100,1.0
98059,nDCG@10,0.43067655807339306
98059,R@100,1.0
98111,nDCG@10,0.6309297535714575
98111,R@100,1.0
98114,nDCG@10,0.9828920819566879
98114,R@100,1.0
98230,nDCG@10,1.0
98230,R@100,1.0
98287,nDCG@10,0.5706417189553201
98287,R@100,1.0
98328,nDCG@10,1.0
98328,R@100,1.0
98342,nDCG@10,1.0
98342,R@100,1.0
98440,nDCG@10,1.0
98440,R@100,1.0
98504,nDCG@10,0.7039180890341347
98504,R@100,0.6666666666666666
98526,nDCG@10,0.6309297535714575
98526,R@100,1.0
98586,nDCG@10,0.5
98586,R@100,1.0
98600,nDCG@10,0.43067655807339306
98600,R@100,1.0
98621,nDCG@10,0.5388856921828065
98621,R@100,0.6956521739130435
98754,nDCG@10,1.0
98754,R@100,1.0
98814,nDCG@10,0.38685280723454163
98814,R@100,1.0
9891,nDCG@10,0.0
9891,R@100,1.0
98990,nDCG@10,0.4131909329301538
98990,R@100,1.0
99026,nDCG@10,0.8687949224876582
99026,R@100,0.8
99030,nDCG@10,0.55744812840856
99030,R@100,1.0
99107,nDCG@10,0.0
99107,R@100,0.0
99214,nDCG@10,0.5
99214,R@100,1.0
99222,nDCG@10,1.0
99222,R@100,1.0
99358,nDCG@10,1.0
99358,R@100,1.0
99433,nDCG@10,0.8318724637288826
99433,R@100,1.0
99490,nDCG@10,0.13565197343244778
99490,R@100,1.0
99522,nDCG@10,1.0
99522,R@100,1.0
99532,nDCG@10,0.0
99532,R@100,1.0
99605,nDCG@10,0.0
99605,R@100,1.0
99646,nDCG@10,0.6309297535714575
99646,R@100,1.0
99891,nDCG@10,1.0
99891,R@100,1.0
99903,nDCG@10,1.0
99903,R@100,1.0
99993,nDCG@10,1.0
99993,R@100,1.0
99997,nDCG@10,0.6131471927654584
99997,R@100,1.0
