qid,measure,value
5a70eee85542994082a3e3f0,nDCG@10,0.23719771276929622
5a70eee85542994082a3e3f0,R@100,0.5
5a70f0a75542994082a3e403,nDCG@10,0.8503449055347546
5a70f0a75542994082a3e403,R@100,1.0
5a70f0e75542994082a3e408,nDCG@10,0.6131471927654584
5a70f0e75542994082a3e408,R@100,1.0
5a70f11a5542994082a3e40b,nDCG@10,0.5
5a70f11a5542994082a3e40b,R@100,1.0
5a70f1685542994082a3e40f,nDCG@10,0.9197207891481876
5a70f1685542994082a3e40f,R@100,1.0
5a70f39c5542994082a3e429,nDCG@10,0.6934264036172708
5a70f39c5542994082a3e429,R@100,1.0
5a70f4695542994082a3e435,nDCG@10,0.8772153153380493
5a70f4695542994082a3e435,R@100,1.0
5a70f4c45542994082a3e437,nDCG@10,0.9197207891481876
5a70f4c45542994082a3e437,R@100,1.0
5a70f6425542994082a3e44c,nDCG@10,0.0
5a70f6425542994082a3e44c,R@100,0.5
5a70f9335542994082a3e46a,nDCG@10,0.6131471927654584
5a70f9335542994082a3e46a,R@100,1.0
5a70ff335542994082a3e49c,nDCG@10,0.18457569677956817
5a70ff335542994082a3e49c,R@100,0.5
5a7100435542994082a3e4a3,nDCG@10,1.0
5a7100435542994082a3e4a3,R@100,1.0
5a7103b35542994082a3e4c0,nDCG@10,0.8315546295836225
5a7103b35542994082a3e4c0,R@100,1.0
5a7108fa5542994082a3e4ef,nDCG@10,0.7903864795495061
5a7108fa5542994082a3e4ef,R@100,1.0
5a71095e5542994082a3e4f3,nDCG@10,1.0
5a71095e5542994082a3e4f3,R@100,1.0
5a7109e95542994082a3e4fa,nDCG@10,0.6131471927654584
5a7109e95542994082a3e4fa,R@100,1.0
5a710a1e5542994082a3e4fd,nDCG@10,0.6131471927654584
5a710a1e5542994082a3e4fd,R@100,0.5
5a710a915542994082a3e504,nDCG@10,1.0
5a710a915542994082a3e504,R@100,1.0
5a710bb15542994082a3e50d,nDCG@10,0.0
5a710bb15542994082a3e50d,R@100,0.0
5a710d155542994082a3e520,nDCG@10,1.0
5a710d155542994082a3e520,R@100,1.0
5a71148b5542994082a3e567,nDCG@10,0.6131471927654584
5a71148b5542994082a3e567,R@100,1.0
5a7115475542994082a3e56d,nDCG@10,0.6131471927654584
5a7115475542994082a3e56d,R@100,0.5
5a71166d5542994082a3e576,nDCG@10,0.38685280723454163
5a71166d5542994082a3e576,R@100,1.0
5a7119095542994082a3e589,nDCG@10,1.0
5a7119095542994082a3e589,R@100,1.0
5a7119f75542994082a3e58e,nDCG@10,0.6131471927654584
5a7119f75542994082a3e58e,R@100,0.5
5a711bb55542994082a3e597,nDCG@10,0.6240505200038379
5a711bb55542994082a3e597,R@100,1.0
5a711c535542994082a3e59b,nDCG@10,1.0
5a711c535542994082a3e59b,R@100,1.0
5a711cb45542994082a3e59f,nDCG@10,0.6131471927654584
5a711cb45542994082a3e59f,R@100,1.0
5a711ef85542994082a3e5ac,nDCG@10,1.0
5a711ef85542994082a3e5ac,R@100,1.0
5a71214d5542994082a3e5b9,nDCG@10,0.6131471927654584
5a71214d5542994082a3e5b9,R@100,1.0
5a71224f5542994082a3e5c1,nDCG@10,0.23719771276929622
5a71224f5542994082a3e5c1,R@100,1.0
5a71231a5542994082a3e5c4,nDCG@10,0.6131471927654584
5a71231a5542994082a3e5c4,R@100,1.0
5a7125165542994082a3e5d0,nDCG@10,0.6934264036172708
5a7125165542994082a3e5d0,R@100,1.0
5a7125b95542994082a3e5d5,nDCG@10,1.0
5a7125b95542994082a3e5d5,R@100,1.0
5a71278c5542994082a3e5e2,nDCG@10,0.3065735963827292
5a71278c5542994082a3e5e2,R@100,0.5
5a7128b05542994082a3e5f2,nDCG@10,0.0
5a7128b05542994082a3e5f2,R@100,1.0
5a7129685542994082a3e5fa,nDCG@10,0.0
5a7129685542994082a3e5fa,R@100,0.5
5a71299e5542994082a3e5fe,nDCG@10,1.0
5a71299e5542994082a3e5fe,R@100,1.0
5a712af15542994082a3e614,nDCG@10,0.6131471927654584
5a712af15542994082a3e614,R@100,0.5
5a712beb5542994082a3e61c,nDCG@10,0.0
5a712beb5542994082a3e61c,R@100,0.0
5a712c4b5542994082a3e622,nDCG@10,0.6131471927654584
5a712c4b5542994082a3e622,R@100,0.5
5a712e895542994082a3e636,nDCG@10,0.6131471927654584
5a712e895542994082a3e636,R@100,0.5
5a712fca5542994082a3e641,nDCG@10,1.0
5a712fca5542994082a3e641,R@100,1.0
5a7130365542994082a3e645,nDCG@10,1.0
5a7130365542994082a3e645,R@100,1.0
5a7131565542994082a3e64f,nDCG@10,0.8175295903539445
5a7131565542994082a3e64f,R@100,1.0
5a7133565542994082a3e65c,nDCG@10,1.0
5a7133565542994082a3e65c,R@100,1.0
5a7133fa5542994082a3e660,nDCG@10,1.0
5a7133fa5542994082a3e660,R@100,1.0
5a7136e25542994082a3e67e,nDCG@10,0.0
5a7136e25542994082a3e67e,R@100,1.0
5a7137dc5542994082a3e68a,nDCG@10,1.0
5a7137dc5542994082a3e68a,R@100,1.0
5a71380c5542994082a3e68b,nDCG@10,0.9197207891481876
5a71380c5542994082a3e68b,R@100,1.0
5a713a5a5542994082a3e6a9,nDCG@10,0.6131471927654584
5a713a5a5542994082a3e6a9,R@100,1.0
5a713b325542994082a3e6b5,nDCG@10,0.0
5a713b325542994082a3e6b5,R@100,1.0
5a713dcb5542994082a3e6d9,nDCG@10,1.0
5a713dcb5542994082a3e6d9,R@100,1.0
5a713ea95542994082a3e6e4,nDCG@10,0.6131471927654584
5a713ea95542994082a3e6e4,R@100,1.0
5a713f395542994082a3e6ea,nDCG@10,0.6131471927654584
5a713f395542994082a3e6ea,R@100,1.0
5a713f3c5542994082a3e6eb,nDCG@10,0.0
5a713f3c5542994082a3e6eb,R@100,0.0
5a713fb15542994082a3e6f0,nDCG@10,0.8315546295836225
5a713fb15542994082a3e6f0,R@100,1.0
5a7140585542994082a3e6fa,nDCG@10,0.38685280723454163
5a7140585542994082a3e6fa,R@100,0.5
5a71419f5542994082a3e70d,nDCG@10,0.6131471927654584
5a71419f5542994082a3e70d,R@100,0.5
5a7143625542994082a3e71e,nDCG@10,0.0
5a7143625542994082a3e71e,R@100,0.5
5a71443f5542994082a3e727,nDCG@10,0.38685280723454163
5a71443f5542994082a3e727,R@100,1.0
5a71446b5542994082a3e72a,nDCG@10,0.6934264036172708
5a71446b5542994082a3e72a,R@100,1.0
5a7145d55542994082a3e73c,nDCG@10,1.0
5a7145d55542994082a3e73c,R@100,1.0
5a71474b5542994082a3e74f,nDCG@10,0.6934264036172708
5a71474b5542994082a3e74f,R@100,1.0
5a7147fd5542994082a3e758,nDCG@10,0.6131471927654584
5a7147fd5542994082a3e758,R@100,0.5
5a7148005542994082a3e759,nDCG@10,0.6131471927654584
5a7148005542994082a3e759,R@100,1.0
5a7148685542994082a3e761,nDCG@10,0.6131471927654584
5a7148685542994082a3e761,R@100,1.0
5a7148d25542994082a3e766,nDCG@10,0.7903864795495061
5a7148d25542994082a3e766,R@100,1.0
5a7149595542994082a3e76f,nDCG@10,0.6131471927654584
5a7149595542994082a3e76f,R@100,0.5
5a7149cf5542994082a3e773,nDCG@10,0.9197207891481876
5a7149cf5542994082a3e773,R@100,1.0
5a714b645542994082a3e78b,nDCG@10,0.8315546295836225
5a714b645542994082a3e78b,R@100,1.0
5a714bb35542994082a3e78f,nDCG@10,0.6131471927654584
5a714bb35542994082a3e78f,R@100,1.0
5a714de95542994082a3e7a8,nDCG@10,1.0
5a714de95542994082a3e7a8,R@100,1.0
5a714dea5542994082a3e7a9,nDCG@10,0.6131471927654584
5a714dea5542994082a3e7a9,R@100,1.0
5a714f6f5542994082a3e7b3,nDCG@10,0.6131471927654584
5a714f6f5542994082a3e7b3,R@100,0.5
5a7150c75542994082a3e7be,nDCG@10,0.6131471927654584
5a7150c75542994082a3e7be,R@100,0.5
5a7153d05542994082a3e7dc,nDCG@10,1.0
5a7153d05542994082a3e7dc,R@100,1.0
5a71646e5542994082a3e80e,nDCG@10,0.6131471927654584
5a71646e5542994082a3e80e,R@100,0.5
5a7166395542994082a3e814,nDCG@10,0.6131471927654584
5a7166395542994082a3e814,R@100,1.0
5a71674f5542994082a3e819,nDCG@10,0.6131471927654584
5a71674f5542994082a3e819,R@100,0.5
5a716a9b5542994082a3e821,nDCG@10,0.0
5a716a9b5542994082a3e821,R@100,0.5
5a716c415542994082a3e827,nDCG@10,0.6131471927654584
5a716c415542994082a3e827,R@100,0.5
5a716dc15542994082a3e82b,nDCG@10,0.8503449055347546
5a716dc15542994082a3e82b,R@100,1.0
5a716ec85542994082a3e82d,nDCG@10,0.0
5a716ec85542994082a3e82d,R@100,0.5
5a716eeb5542994082a3e82e,nDCG@10,0.5802792108518124
5a716eeb5542994082a3e82e,R@100,1.0
5a716f575542994082a3e82f,nDCG@10,0.6934264036172708
5a716f575542994082a3e82f,R@100,1.0
5a71717d5542994082a3e834,nDCG@10,1.0
5a71717d5542994082a3e834,R@100,1.0
5a7172105542994082a3e837,nDCG@10,0.6131471927654584
5a7172105542994082a3e837,R@100,0.5
5a717d4c5542994082a3e854,nDCG@10,0.8772153153380493
5a717d4c5542994082a3e854,R@100,1.0
5a7180205542994082a3e856,nDCG@10,0.6131471927654584
5a7180205542994082a3e856,R@100,1.0
5a7182b65542994082a3e85b,nDCG@10,0.6131471927654584
5a7182b65542994082a3e85b,R@100,0.5
5a7183575542994082a3e85e,nDCG@10,0.6131471927654584
5a7183575542994082a3e85e,R@100,0.5
5a7184675542994082a3e864,nDCG@10,0.6131471927654584
5a7184675542994082a3e864,R@100,1.0
5a7195a05542994082a3e881,nDCG@10,0.6131471927654584
5a7195a05542994082a3e881,R@100,1.0
5a7199725542994082a3e88f,nDCG@10,0.38685280723454163
5a7199725542994082a3e88f,R@100,0.5
5a719bf25542994082a3e891,nDCG@10,0.8315546295836225
5a719bf25542994082a3e891,R@100,1.0
5a7211e655429971e9dc923c,nDCG@10,0.9197207891481876
5a7211e655429971e9dc923c,R@100,1.0
5a72120e55429971e9dc923f,nDCG@10,0.0
5a72120e55429971e9dc923f,R@100,0.5
5a72125055429971e9dc9241,nDCG@10,0.8175295903539445
5a72125055429971e9dc9241,R@100,1.0
5a72160e55429971e9dc9253,nDCG@10,0.0
5a72160e55429971e9dc9253,R@100,0.5
5a7217f255429971e9dc9260,nDCG@10,1.0
5a7217f255429971e9dc9260,R@100,1.0
5a721a7655429971e9dc9271,nDCG@10,0.18457569677956817
5a721a7655429971e9dc9271,R@100,0.5
5a721b9055429971e9dc9277,nDCG@10,0.9197207891481876
5a721b9055429971e9dc9277,R@100,1.0
5a721bbc55429971e9dc9279,nDCG@10,0.0
5a721bbc55429971e9dc9279,R@100,0.0
5a721d5a55429971e9dc9283,nDCG@10,0.8175295903539445
5a721d5a55429971e9dc9283,R@100,1.0
5a721dfd55429971e9dc928b,nDCG@10,0.9197207891481876
5a721dfd55429971e9dc928b,R@100,1.0
5a721e0e55429971e9dc928d,nDCG@10,0.6131471927654584
5a721e0e55429971e9dc928d,R@100,1.0
5a7220f055429971e9dc92ac,nDCG@10,1.0
5a7220f055429971e9dc92ac,R@100,1.0
5a72224755429971e9dc92be,nDCG@10,0.8503449055347546
5a72224755429971e9dc92be,R@100,1.0
5a7222b155429971e9dc92c4,nDCG@10,0.6934264036172708
5a7222b155429971e9dc92c4,R@100,1.0
5a72239a55429971e9dc92cf,nDCG@10,0.6131471927654584
5a72239a55429971e9dc92cf,R@100,0.5
5a7224ab55429971e9dc92dd,nDCG@10,0.6131471927654584
5a7224ab55429971e9dc92dd,R@100,1.0
5a7228f655429971e9dc9312,nDCG@10,0.6131471927654584
5a7228f655429971e9dc9312,R@100,0.5
5a722a6855429971e9dc9320,nDCG@10,0.6131471927654584
5a722a6855429971e9dc9320,R@100,0.5
5a722b8655429971e9dc9329,nDCG@10,0.38685280723454163
5a722b8655429971e9dc9329,R@100,0.5
5a722c2255429971e9dc932c,nDCG@10,1.0
5a722c2255429971e9dc932c,R@100,1.0
5a722fae55429971e9dc9343,nDCG@10,0.6131471927654584
5a722fae55429971e9dc9343,R@100,1.0
5a72334755429971e9dc934c,nDCG@10,0.6131471927654584
5a72334755429971e9dc934c,R@100,1.0
5a72339855429971e9dc934d,nDCG@10,0.6131471927654584
5a72339855429971e9dc934d,R@100,1.0
5a72429355429971e9dc9375,nDCG@10,0.6131471927654584
5a72429355429971e9dc9375,R@100,1.0
5a7243915542990c210a4086,nDCG@10,1.0
5a7243915542990c210a4086,R@100,1.0
5a7244955542990c210a408a,nDCG@10,1.0
5a7244955542990c210a408a,R@100,1.0
5a7248665542990c210a40b1,nDCG@10,0.6131471927654584
5a7248665542990c210a40b1,R@100,0.5
5a7249b85542990c210a40b9,nDCG@10,0.5109559939712153
5a7249b85542990c210a40b9,R@100,1.0
5a724a2b5542990c210a40bc,nDCG@10,0.6131471927654584
5a724a2b5542990c210a40bc,R@100,0.5
5a724ba25542990c210a40c7,nDCG@10,0.6131471927654584
5a724ba25542990c210a40c7,R@100,0.5
5a724dc25542990c210a40df,nDCG@10,0.3065735963827292
5a724dc25542990c210a40df,R@100,1.0
5a7252db5542990c210a4104,nDCG@10,0.8772153153380493
5a7252db5542990c210a4104,R@100,1.0
5a7261635542997f8278398a,nDCG@10,0.6131471927654584
5a7261635542997f8278398a,R@100,0.5
5a72634d5542997f82783994,nDCG@10,0.6131471927654584
5a72634d5542997f82783994,R@100,0.5
5a7263e05542997f82783998,nDCG@10,0.6131471927654584
5a7263e05542997f82783998,R@100,0.5
5a72644b5542997f8278399a,nDCG@10,0.6131471927654584
5a72644b5542997f8278399a,R@100,1.0
5a7264ed5542990c210a411a,nDCG@10,0.6131471927654584
5a7264ed5542990c210a411a,R@100,1.0
5a7265815542990c210a411b,nDCG@10,0.6131471927654584
5a7265815542990c210a411b,R@100,0.5
5a7265825542997f827839a3,nDCG@10,0.6131471927654584
5a7265825542997f827839a3,R@100,1.0
5a7265a95542992359bc307a,nDCG@10,0.6131471927654584
5a7265a95542992359bc307a,R@100,0.5
5a7268235542992359bc3081,nDCG@10,0.6131471927654584
5a7268235542992359bc3081,R@100,1.0
5a72688c5542997f827839b2,nDCG@10,0.8503449055347546
5a72688c5542997f827839b2,R@100,1.0
5a7269fa5542992359bc308d,nDCG@10,0.6934264036172708
5a7269fa5542992359bc308d,R@100,1.0
5a726b0f5542997f827839be,nDCG@10,0.9197207891481876
5a726b0f5542997f827839be,R@100,1.0
5a726ba35542997f827839c0,nDCG@10,0.23719771276929622
5a726ba35542997f827839c0,R@100,0.5
5a7270395542992359bc30a8,nDCG@10,0.6131471927654584
5a7270395542992359bc30a8,R@100,0.5
5a7271525542997f827839d0,nDCG@10,0.6131471927654584
5a7271525542997f827839d0,R@100,1.0
5a727a635542994cef4bc2c9,nDCG@10,0.3065735963827292
5a727a635542994cef4bc2c9,R@100,1.0
5a727ca45542994cef4bc2d8,nDCG@10,0.9197207891481876
5a727ca45542994cef4bc2d8,R@100,1.0
5a727e1b5542991f9a20c497,nDCG@10,0.6131471927654584
5a727e1b5542991f9a20c497,R@100,1.0
5a7280105542994cef4bc2e4,nDCG@10,0.430624116386567
5a7280105542994cef4bc2e4,R@100,1.0
5a7280925542991f9a20c4a1,nDCG@10,0.6131471927654584
5a7280925542991f9a20c4a1,R@100,0.5
5a7281075542994cef4bc2e9,nDCG@10,0.6131471927654584
5a7281075542994cef4bc2e9,R@100,0.5
5a72814f5542994cef4bc2eb,nDCG@10,0.0
5a72814f5542994cef4bc2eb,R@100,0.5
5a72830e5542994cef4bc2f9,nDCG@10,0.38685280723454163
5a72830e5542994cef4bc2f9,R@100,0.5
5a7283355542991f9a20c4b1,nDCG@10,0.6131471927654584
5a7283355542991f9a20c4b1,R@100,1.0
5a7283365542991f9a20c4b2,nDCG@10,0.0
5a7283365542991f9a20c4b2,R@100,0.5
5a7284c85542991f9a20c4c0,nDCG@10,0.6131471927654584
5a7284c85542991f9a20c4c0,R@100,0.5
5a7286865542991f9a20c4cb,nDCG@10,0.6131471927654584
5a7286865542991f9a20c4cb,R@100,1.0
5a728b1c5542992359bc30e0,nDCG@10,0.19342640361727081
5a728b1c5542992359bc30e0,R@100,0.5
5a728dc65542992359bc30ef,nDCG@10,0.6131471927654584
5a728dc65542992359bc30ef,R@100,0.5
5a728f015542991f9a20c4e4,nDCG@10,0.17723928678404774
5a728f015542991f9a20c4e4,R@100,1.0
5a728f3c5542992359bc30f4,nDCG@10,0.6131471927654584
5a728f3c5542992359bc30f4,R@100,0.5
5a728f505542992359bc30f5,nDCG@10,0.6131471927654584
5a728f505542992359bc30f5,R@100,1.0
5a728f745542991f9a20c4e6,nDCG@10,0.3065735963827292
5a728f745542991f9a20c4e6,R@100,1.0
5a728fbd5542992359bc30f8,nDCG@10,0.38685280723454163
5a728fbd5542992359bc30f8,R@100,0.5
5a72908f5542994cef4bc33b,nDCG@10,1.0
5a72908f5542994cef4bc33b,R@100,1.0
5a7291c35542991f9a20c4f4,nDCG@10,0.2640681225725909
5a7291c35542991f9a20c4f4,R@100,1.0
5a7292385542994cef4bc342,nDCG@10,0.6131471927654584
5a7292385542994cef4bc342,R@100,0.5
5a7293655542991f9a20c4ff,nDCG@10,0.0
5a7293655542991f9a20c4ff,R@100,0.5
5a72944c5542994cef4bc351,nDCG@10,0.6131471927654584
5a72944c5542994cef4bc351,R@100,0.5
5a7294b65542991f9a20c509,nDCG@10,0.0
5a7294b65542991f9a20c509,R@100,0.5
5a72953b5542994cef4bc357,nDCG@10,0.2640681225725909
5a72953b5542994cef4bc357,R@100,0.5
5a7296815542991f9a20c515,nDCG@10,0.7903864795495061
5a7296815542991f9a20c515,R@100,1.0
5a7299465542992359bc3131,nDCG@10,0.9197207891481876
5a7299465542992359bc3131,R@100,1.0
5a7299e75542991f9a20c524,nDCG@10,0.0
5a7299e75542991f9a20c524,R@100,1.0
5a729cc25542991f9a20c532,nDCG@10,0.0
5a729cc25542991f9a20c532,R@100,0.5
5a729e7b5542992359bc313d,nDCG@10,0.6131471927654584
5a729e7b5542992359bc313d,R@100,1.0
5a729fa15542994cef4bc397,nDCG@10,0.0
5a729fa15542994cef4bc397,R@100,1.0
5a729fe55542991f9a20c53b,nDCG@10,0.6509209298071326
5a729fe55542991f9a20c53b,R@100,1.0
5a72a0be5542992359bc3143,nDCG@10,1.0
5a72a0be5542992359bc3143,R@100,1.0
5a72a2935542991f9a20c546,nDCG@10,0.6131471927654584
5a72a2935542991f9a20c546,R@100,1.0
5a72a3c45542994cef4bc3ac,nDCG@10,0.6131471927654584
5a72a3c45542994cef4bc3ac,R@100,0.5
5a72a4645542991f9a20c54c,nDCG@10,0.6131471927654584
5a72a4645542991f9a20c54c,R@100,1.0
5a72a47d55429901807daf1f,nDCG@10,0.6131471927654584
5a72a47d55429901807daf1f,R@100,0.5
5a72a51355429901807daf21,nDCG@10,0.6131471927654584
5a72a51355429901807daf21,R@100,0.5
5a72a5a75542992359bc314e,nDCG@10,0.8315546295836225
5a72a5a75542992359bc314e,R@100,1.0
5a72a6d855429901807daf27,nDCG@10,1.0
5a72a6d855429901807daf27,R@100,1.0
5a72a9145542994cef4bc3c1,nDCG@10,0.23719771276929622
5a72a9145542994cef4bc3c1,R@100,0.5
5a72a9ab5542992359bc315a,nDCG@10,1.0
5a72a9ab5542992359bc315a,R@100,1.0
5a72a9ac5542991f9a20c55f,nDCG@10,1.0
5a72a9ac5542991f9a20c55f,R@100,1.0
5a72abb95542992359bc3162,nDCG@10,0.3065735963827292
5a72abb95542992359bc3162,R@100,0.5
5a72ac8a5542992359bc3164,nDCG@10,0.6131471927654584
5a72ac8a5542992359bc3164,R@100,1.0
5a72aec45542994cef4bc3d7,nDCG@10,0.5706417189553201
5a72aec45542994cef4bc3d7,R@100,1.0
5a72af155542992359bc316c,nDCG@10,0.6131471927654584
5a72af155542992359bc316c,R@100,1.0
5a72b2dc5542992359bc3173,nDCG@10,1.0
5a72b2dc5542992359bc3173,R@100,1.0
5a72b3335542994cef4bc3dc,nDCG@10,0.8503449055347546
5a72b3335542994cef4bc3dc,R@100,1.0
5a72b8de5542994cef4bc3df,nDCG@10,0.6131471927654584
5a72b8de5542994cef4bc3df,R@100,1.0
5a72b9155542992359bc3187,nDCG@10,0.6131471927654584
5a72b9155542992359bc3187,R@100,1.0
5a72ba165542992359bc318a,nDCG@10,0.6131471927654584
5a72ba165542992359bc318a,R@100,0.5
5a72ba1a5542992359bc318b,nDCG@10,0.9197207891481876
5a72ba1a5542992359bc318b,R@100,1.0
5a72bb045542994cef4bc3e4,nDCG@10,0.6131471927654584
5a72bb045542994cef4bc3e4,R@100,0.5
5a72bbfa5542992359bc318d,nDCG@10,0.21840743681816419
5a72bbfa5542992359bc318d,R@100,1.0
5a72bd0b5542992359bc318f,nDCG@10,0.6131471927654584
5a72bd0b5542992359bc318f,R@100,1.0
5a72c6565542992359bc31a7,nDCG@10,0.6131471927654584
5a72c6565542992359bc31a7,R@100,0.5
5a72c6f65542994cef4bc402,nDCG@10,0.6131471927654584
5a72c6f65542994cef4bc402,R@100,0.5
5a72c9e85542991f9a20c595,nDCG@10,0.4227898344066503
5a72c9e85542991f9a20c595,R@100,1.0
5a72d3525542991f9a20c5ab,nDCG@10,0.6131471927654584
5a72d3525542991f9a20c5ab,R@100,0.5
5a72d7b35542991f9a20c5be,nDCG@10,0.6131471927654584
5a72d7b35542991f9a20c5be,R@100,1.0
5a72dcb45542992359bc31af,nDCG@10,1.0
5a72dcb45542992359bc31af,R@100,1.0
5a72df275542992359bc31b3,nDCG@10,0.6131471927654584
5a72df275542992359bc31b3,R@100,1.0
5a72df8d5542992359bc31b4,nDCG@10,0.6131471927654584
5a72df8d5542992359bc31b4,R@100,1.0
5a72e28f5542992359bc31ba,nDCG@10,0.6934264036172708
5a72e28f5542992359bc31ba,R@100,1.0
5a72e4375542992359bc31bf,nDCG@10,0.6131471927654584
5a72e4375542992359bc31bf,R@100,0.5
5a72f0e25542991f9a20c5cf,nDCG@10,0.5912352048230277
5a72f0e25542991f9a20c5cf,R@100,1.0
5a72f1cf5542994cef4bc414,nDCG@10,0.6131471927654584
5a72f1cf5542994cef4bc414,R@100,0.5
5a72f3a85542992359bc31e5,nDCG@10,0.6131471927654584
5a72f3a85542992359bc31e5,R@100,0.5
5a72f45a5542992359bc31e6,nDCG@10,0.8175295903539445
5a72f45a5542992359bc31e6,R@100,1.0
5a72f74a55429901807daf59,nDCG@10,0.8772153153380493
5a72f74a55429901807daf59,R@100,1.0
5a72f7df5542991f9a20c5d7,nDCG@10,0.7903864795495061
5a72f7df5542991f9a20c5d7,R@100,1.0
5a72fc865542991f9a20c5e9,nDCG@10,0.6131471927654584
5a72fc865542991f9a20c5e9,R@100,0.5
5a7300b85542994cef4bc41a,nDCG@10,1.0
5a7300b85542994cef4bc41a,R@100,1.0
5a73024f5542991f9a20c5fc,nDCG@10,0.6131471927654584
5a73024f5542991f9a20c5fc,R@100,0.5
5a7302b75542991f9a20c5fd,nDCG@10,0.6131471927654584
5a7302b75542991f9a20c5fd,R@100,1.0
5a7306a655429901807daf67,nDCG@10,0.0
5a7306a655429901807daf67,R@100,0.0
5a73073d55429901807daf69,nDCG@10,0.0
5a73073d55429901807daf69,R@100,1.0
5a73090455429901807daf6e,nDCG@10,1.0
5a73090455429901807daf6e,R@100,1.0
5a7309a15542992359bc320c,nDCG@10,0.6131471927654584
5a7309a15542992359bc320c,R@100,0.5
5a730a6b5542992359bc3210,nDCG@10,0.20438239758848611
5a730a6b5542992359bc3210,R@100,1.0
5a730abe5542994cef4bc42f,nDCG@10,0.6131471927654584
5a730abe5542994cef4bc42f,R@100,0.5
5a7312675542994cef4bc43d,nDCG@10,0.6934264036172708
5a7312675542994cef4bc43d,R@100,1.0
5a7313865542994cef4bc442,nDCG@10,0.6131471927654584
5a7313865542994cef4bc442,R@100,1.0
5a7319bc5542992359bc3235,nDCG@10,0.8772153153380493
5a7319bc5542992359bc3235,R@100,1.0
5a7319e755429901807daf86,nDCG@10,0.21840743681816419
5a7319e755429901807daf86,R@100,0.5
5a731a635542994cef4bc458,nDCG@10,0.0
5a731a635542994cef4bc458,R@100,1.0
5a731c205542994cef4bc45d,nDCG@10,1.0
5a731c205542994cef4bc45d,R@100,1.0
5a7320565542991f9a20c61d,nDCG@10,0.8772153153380493
5a7320565542991f9a20c61d,R@100,1.0
5a7320ac5542991f9a20c620,nDCG@10,0.0
5a7320ac5542991f9a20c620,R@100,0.5
5a7322165542994cef4bc470,nDCG@10,0.6131471927654584
5a7322165542994cef4bc470,R@100,0.5
5a7322a25542991f9a20c634,nDCG@10,1.0
5a7322a25542991f9a20c634,R@100,1.0
5a73235c5542994cef4bc475,nDCG@10,1.0
5a73235c5542994cef4bc475,R@100,1.0
5a7323ad5542994cef4bc476,nDCG@10,0.8772153153380493
5a7323ad5542994cef4bc476,R@100,1.0
5a7323ef5542994cef4bc477,nDCG@10,0.9197207891481876
5a7323ef5542994cef4bc477,R@100,1.0
5a7324205542994cef4bc478,nDCG@10,0.6131471927654584
5a7324205542994cef4bc478,R@100,1.0
5a7324e055429901807daf8f,nDCG@10,0.6131471927654584
5a7324e055429901807daf8f,R@100,1.0
5a73250a5542991f9a20c643,nDCG@10,0.5912352048230277
5a73250a5542991f9a20c643,R@100,1.0
5a73266d5542994cef4bc47d,nDCG@10,0.0
5a73266d5542994cef4bc47d,R@100,0.5
5a7326cb5542994cef4bc47f,nDCG@10,1.0
5a7326cb5542994cef4bc47f,R@100,1.0
5a7326cd5542991f29ee2d11,nDCG@10,1.0
5a7326cd5542991f29ee2d11,R@100,1.0
5a7327265542994cef4bc480,nDCG@10,0.2640681225725909
5a7327265542994cef4bc480,R@100,0.5
5a7329a15542991f9a20c65f,nDCG@10,0.6131471927654584
5a7329a15542991f9a20c65f,R@100,1.0
5a732aa055429901807daf9f,nDCG@10,1.0
5a732aa055429901807daf9f,R@100,1.0
5a732aaa5542992359bc325a,nDCG@10,0.6131471927654584
5a732aaa5542992359bc325a,R@100,0.5
5a732ab25542991f29ee2d25,nDCG@10,0.9197207891481876
5a732ab25542991f29ee2d25,R@100,1.0
5a732ca45542992359bc325d,nDCG@10,0.0
5a732ca45542992359bc325d,R@100,0.5
5a7331705542991f9a20c67a,nDCG@10,0.23719771276929622
5a7331705542991f9a20c67a,R@100,1.0
5a7331de5542994cef4bc4a8,nDCG@10,0.9197207891481876
5a7331de5542994cef4bc4a8,R@100,1.0
5a7332935542991f9a20c67d,nDCG@10,0.5
5a7332935542991f9a20c67d,R@100,1.0
5a73354f5542991f9a20c687,nDCG@10,0.6131471927654584
5a73354f5542991f9a20c687,R@100,0.5
5a7335b55542992359bc3290,nDCG@10,0.38685280723454163
5a7335b55542992359bc3290,R@100,0.5
5a7336bd5542991f9a20c68c,nDCG@10,0.6131471927654584
5a7336bd5542991f9a20c68c,R@100,1.0
5a7336d05542992359bc3293,nDCG@10,0.6131471927654584
5a7336d05542992359bc3293,R@100,1.0
5a7337715542991f9a20c690,nDCG@10,0.38685280723454163
5a7337715542991f9a20c690,R@100,1.0
5a7339c85542991f9a20c6a2,nDCG@10,0.6131471927654584
5a7339c85542991f9a20c6a2,R@100,0.5
5a733b835542991f9a20c6b2,nDCG@10,0.6131471927654584
5a733b835542991f9a20c6b2,R@100,0.5
5a733c925542991f9a20c6b7,nDCG@10,0.0
5a733c925542991f9a20c6b7,R@100,1.0
5a733caa5542992359bc32a3,nDCG@10,0.9197207891481876
5a733caa5542992359bc32a3,R@100,1.0
5a733d5d5542991f29ee2d71,nDCG@10,0.6131471927654584
5a733d5d5542991f29ee2d71,R@100,0.5
5a7344e95542991f9a20c6ce,nDCG@10,0.0
5a7344e95542991f9a20c6ce,R@100,0.5
5a7345185542992359bc32cb,nDCG@10,1.0
5a7345185542992359bc32cb,R@100,1.0
5a7345ed5542992359bc32ce,nDCG@10,0.8772153153380493
5a7345ed5542992359bc32ce,R@100,1.0
5a73471a5542991f9a20c6d7,nDCG@10,0.6934264036172708
5a73471a5542991f9a20c6d7,R@100,1.0
5a7348555542994cef4bc503,nDCG@10,0.6509209298071326
5a7348555542994cef4bc503,R@100,1.0
5a7349125542994cef4bc505,nDCG@10,0.6131471927654584
5a7349125542994cef4bc505,R@100,1.0
5a734a205542992359bc32e2,nDCG@10,0.6131471927654584
5a734a205542992359bc32e2,R@100,0.5
5a734acf5542991f9a20c6ec,nDCG@10,1.0
5a734acf5542991f9a20c6ec,R@100,1.0
5a734bb65542994cef4bc50f,nDCG@10,1.0
5a734bb65542994cef4bc50f,R@100,1.0
5a734ca85542994cef4bc51b,nDCG@10,1.0
5a734ca85542994cef4bc51b,R@100,1.0
5a734dad5542994cef4bc522,nDCG@10,0.3065735963827292
5a734dad5542994cef4bc522,R@100,0.5
5a734db15542994cef4bc523,nDCG@10,1.0
5a734db15542994cef4bc523,R@100,1.0
5a734e6d5542994cef4bc528,nDCG@10,1.0
5a734e6d5542994cef4bc528,R@100,1.0
5a734f4455429901807dafba,nDCG@10,0.6131471927654584
5a734f4455429901807dafba,R@100,1.0
5a7350585542992359bc32f9,nDCG@10,0.6131471927654584
5a7350585542992359bc32f9,R@100,0.5
5a7350d55542994cef4bc535,nDCG@10,0.6131471927654584
5a7350d55542994cef4bc535,R@100,1.0
5a7351785542994cef4bc539,nDCG@10,0.6131471927654584
5a7351785542994cef4bc539,R@100,1.0
5a73520c5542994cef4bc53f,nDCG@10,0.6131471927654584
5a73520c5542994cef4bc53f,R@100,1.0
5a73522d5542994cef4bc541,nDCG@10,0.46845052016107697
5a73522d5542994cef4bc541,R@100,1.0
5a7353795542991f29ee2d82,nDCG@10,0.8315546295836225
5a7353795542991f29ee2d82,R@100,1.0
5a7353b35542994cef4bc54f,nDCG@10,0.6131471927654584
5a7353b35542994cef4bc54f,R@100,0.5
5a7354d55542994cef4bc55a,nDCG@10,0.6509209298071326
5a7354d55542994cef4bc55a,R@100,1.0
5a7354e35542994cef4bc55b,nDCG@10,0.6131471927654584
5a7354e35542994cef4bc55b,R@100,1.0
5a73551e5542991f29ee2d84,nDCG@10,0.5012658353418871
5a73551e5542991f29ee2d84,R@100,1.0
5a73583455429901807dafcf,nDCG@10,0.9197207891481876
5a73583455429901807dafcf,R@100,1.0
5a73595055429901807dafd6,nDCG@10,0.20438239758848611
5a73595055429901807dafd6,R@100,0.5
5a735bae55429901807dafef,nDCG@10,0.8315546295836225
5a735bae55429901807dafef,R@100,1.0
5a735c3a55429901807daff7,nDCG@10,0.9197207891481876
5a735c3a55429901807daff7,R@100,1.0
5a735e9155429901807db00d,nDCG@10,0.6131471927654584
5a735e9155429901807db00d,R@100,0.5
5a7360235542991f29ee2dc7,nDCG@10,1.0
5a7360235542991f29ee2dc7,R@100,1.0
5a73626b55429901807db01e,nDCG@10,0.8315546295836225
5a73626b55429901807db01e,R@100,1.0
5a73630655429901807db020,nDCG@10,0.3065735963827292
5a73630655429901807db020,R@100,0.5
5a7363465542991f29ee2dd5,nDCG@10,0.9197207891481876
5a7363465542991f29ee2dd5,R@100,1.0
5a7363ec5542991f29ee2dd7,nDCG@10,0.38685280723454163
5a7363ec5542991f29ee2dd7,R@100,0.5
5a7365b155429901807db02a,nDCG@10,1.0
5a7365b155429901807db02a,R@100,1.0
5a73672b5542991f29ee2de7,nDCG@10,1.0
5a73672b5542991f29ee2de7,R@100,1.0
5a73677455429901807db030,nDCG@10,0.0
5a73677455429901807db030,R@100,1.0
5a7369da55429901807db037,nDCG@10,0.38685280723454163
5a7369da55429901807db037,R@100,0.5
5a736aa95542991f29ee2dfa,nDCG@10,0.6131471927654584
5a736aa95542991f29ee2dfa,R@100,0.5
5a736e0155429901807db04f,nDCG@10,0.6131471927654584
5a736e0155429901807db04f,R@100,0.5
5a736f7c5542991f29ee2e18,nDCG@10,0.8503449055347546
5a736f7c5542991f29ee2e18,R@100,1.0
5a737d3c55429908901be2c8,nDCG@10,0.6131471927654584
5a737d3c55429908901be2c8,R@100,0.5
5a737dc455429908901be2c9,nDCG@10,0.6131471927654584
5a737dc455429908901be2c9,R@100,1.0
5a737e4655429908901be2cc,nDCG@10,0.8065735963827293
5a737e4655429908901be2cc,R@100,1.0
5a737ef85542992d56e7e336,nDCG@10,0.19342640361727081
5a737ef85542992d56e7e336,R@100,0.5
5a737fff554299623ed4abb9,nDCG@10,0.6131471927654584
5a737fff554299623ed4abb9,R@100,1.0
5a738093554299623ed4abbb,nDCG@10,0.6131471927654584
5a738093554299623ed4abbb,R@100,1.0
5a7380b955429908901be2d4,nDCG@10,0.0
5a7380b955429908901be2d4,R@100,0.5
5a7380e055429908901be2d6,nDCG@10,0.6131471927654584
5a7380e055429908901be2d6,R@100,0.5
5a7380e855429905862fe041,nDCG@10,0.6131471927654584
5a7380e855429905862fe041,R@100,0.5
5a738225554299623ed4abc3,nDCG@10,1.0
5a738225554299623ed4abc3,R@100,1.0
5a73830d55429908901be2da,nDCG@10,0.0
5a73830d55429908901be2da,R@100,0.5
5a7384755542992d56e7e354,nDCG@10,0.6131471927654584
5a7384755542992d56e7e354,R@100,1.0
5a7385c45542992d56e7e359,nDCG@10,0.18457569677956817
5a7385c45542992d56e7e359,R@100,1.0
5a738a5955429908901be2f6,nDCG@10,0.9197207891481876
5a738a5955429908901be2f6,R@100,1.0
5a738b855542992d56e7e363,nDCG@10,0.6131471927654584
5a738b855542992d56e7e363,R@100,0.5
5a738bd0554299623ed4abee,nDCG@10,0.6131471927654584
5a738bd0554299623ed4abee,R@100,1.0
5a738d27554299623ed4abf3,nDCG@10,0.6131471927654584
5a738d27554299623ed4abf3,R@100,1.0
5a738fb4554299623ed4abf9,nDCG@10,0.9197207891481876
5a738fb4554299623ed4abf9,R@100,1.0
5a738fe855429908901be2fb,nDCG@10,1.0
5a738fe855429908901be2fb,R@100,1.0
5a7391b655429978a71e902c,nDCG@10,0.8175295903539445
5a7391b655429978a71e902c,R@100,1.0
5a739323554299623ed4abff,nDCG@10,1.0
5a739323554299623ed4abff,R@100,1.0
5a73977d554299623ed4ac08,nDCG@10,0.9197207891481876
5a73977d554299623ed4ac08,R@100,1.0
5a73984355429908901be307,nDCG@10,0.2640681225725909
5a73984355429908901be307,R@100,0.5
5a73987c55429978a71e9039,nDCG@10,1.0
5a73987c55429978a71e9039,R@100,1.0
5a739b1955429978a71e9044,nDCG@10,0.19342640361727081
5a739b1955429978a71e9044,R@100,0.5
5a739d8755429978a71e9048,nDCG@10,0.8772153153380493
5a739d8755429978a71e9048,R@100,1.0
5a739d8c55429905862fe073,nDCG@10,0.0
5a739d8c55429905862fe073,R@100,1.0
5a739ef955429978a71e904b,nDCG@10,0.9197207891481876
5a739ef955429978a71e904b,R@100,1.0
5a73a7c755429978a71e9068,nDCG@10,0.6052602440527057
5a73a7c755429978a71e9068,R@100,1.0
5a73ae3b55429978a71e907c,nDCG@10,0.8503449055347546
5a73ae3b55429978a71e907c,R@100,1.0
5a73aeb855429908901be311,nDCG@10,0.23719771276929622
5a73aeb855429908901be311,R@100,1.0
5a73b0975542992d56e7e387,nDCG@10,0.38685280723454163
5a73b0975542992d56e7e387,R@100,0.5
5a73b1855542992d56e7e388,nDCG@10,0.6131471927654584
5a73b1855542992d56e7e388,R@100,0.5
5a73b2cb55429908901be31a,nDCG@10,1.0
5a73b2cb55429908901be31a,R@100,1.0
5a73b2fd55429978a71e907f,nDCG@10,0.6509209298071326
5a73b2fd55429978a71e907f,R@100,1.0
5a73b55855429978a71e9086,nDCG@10,0.9197207891481876
5a73b55855429978a71e9086,R@100,1.0
5a73b8d655429908901be31f,nDCG@10,0.6131471927654584
5a73b8d655429908901be31f,R@100,1.0
5a73bcf055429978a71e909c,nDCG@10,0.9197207891481876
5a73bcf055429978a71e909c,R@100,1.0
5a73bddb55429978a71e909d,nDCG@10,0.6131471927654584
5a73bddb55429978a71e909d,R@100,0.5
5a73c958554299623ed4ac5c,nDCG@10,0.6131471927654584
5a73c958554299623ed4ac5c,R@100,0.5
5a73cad5554299623ed4ac5e,nDCG@10,0.6131471927654584
5a73cad5554299623ed4ac5e,R@100,0.5
5a73cbe4554299623ed4ac5f,nDCG@10,0.6131471927654584
5a73cbe4554299623ed4ac5f,R@100,0.5
5a73cf5e55429978a71e909f,nDCG@10,0.6131471927654584
5a73cf5e55429978a71e909f,R@100,0.5
5a73d33e5542992d56e7e3a9,nDCG@10,0.6934264036172708
5a73d33e5542992d56e7e3a9,R@100,1.0
5a73d3ea5542992d56e7e3af,nDCG@10,0.8503449055347546
5a73d3ea5542992d56e7e3af,R@100,1.0
5a73d4385542992d56e7e3b1,nDCG@10,0.8315546295836225
5a73d4385542992d56e7e3b1,R@100,1.0
5a73d951554299623ed4ac77,nDCG@10,0.6131471927654584
5a73d951554299623ed4ac77,R@100,1.0
5a73f2035542993a88ae2ea8,nDCG@10,0.6131471927654584
5a73f2035542993a88ae2ea8,R@100,1.0
5a73f4f75542993a88ae2ebc,nDCG@10,0.2640681225725909
5a73f4f75542993a88ae2ebc,R@100,0.5
5a74106b55429979e288289e,nDCG@10,0.6131471927654584
5a74106b55429979e288289e,R@100,0.5
5a74122f55429929fddd83da,nDCG@10,1.0
5a74122f55429929fddd83da,R@100,1.0
5a7412b655429979e28828a1,nDCG@10,0.6131471927654584
5a7412b655429979e28828a1,R@100,0.5
5a7414d855429929fddd83db,nDCG@10,1.0
5a7414d855429929fddd83db,R@100,1.0
5a7415cf55429979e28828a6,nDCG@10,0.6131471927654584
5a7415cf55429979e28828a6,R@100,0.5
5a74167455429929fddd83dc,nDCG@10,1.0
5a74167455429929fddd83dc,R@100,1.0
5a74325055429979e28828b3,nDCG@10,1.0
5a74325055429979e28828b3,R@100,1.0
5a7438ec55429979e28828b8,nDCG@10,0.6131471927654584
5a7438ec55429979e28828b8,R@100,0.5
5a74397055429974ef308bbe,nDCG@10,0.6131471927654584
5a74397055429974ef308bbe,R@100,0.5
5a74512b55429974ef308bd5,nDCG@10,0.6131471927654584
5a74512b55429974ef308bd5,R@100,0.5
5a74524455429979e28828f6,nDCG@10,0.6131471927654584
5a74524455429979e28828f6,R@100,0.5
5a74547755429979e2882900,nDCG@10,0.0
5a74547755429979e2882900,R@100,0.5
5a74551555429974ef308bd9,nDCG@10,0.6131471927654584
5a74551555429974ef308bd9,R@100,0.5
5a7455eb55429979e2882908,nDCG@10,1.0
5a7455eb55429979e2882908,R@100,1.0
5a7456ec55429979e288290f,nDCG@10,0.7903864795495061
5a7456ec55429979e288290f,R@100,1.0
5a74581555429979e2882912,nDCG@10,1.0
5a74581555429979e2882912,R@100,1.0
5a7458ff55429979e2882918,nDCG@10,0.8315546295836225
5a7458ff55429979e2882918,R@100,1.0
5a74594a55429974ef308be1,nDCG@10,0.38685280723454163
5a74594a55429974ef308be1,R@100,0.5
5a745a2955429929fddd83f8,nDCG@10,0.0
5a745a2955429929fddd83f8,R@100,0.5
5a745a6055429974ef308be4,nDCG@10,0.0
5a745a6055429974ef308be4,R@100,1.0
5a745e1455429929fddd83fd,nDCG@10,0.6131471927654584
5a745e1455429929fddd83fd,R@100,1.0
5a74629255429929fddd8402,nDCG@10,0.38685280723454163
5a74629255429929fddd8402,R@100,1.0
5a74639a55429929fddd8404,nDCG@10,0.6131471927654584
5a74639a55429929fddd8404,R@100,0.5
5a74655b55429974ef308bf0,nDCG@10,0.3065735963827292
5a74655b55429974ef308bf0,R@100,0.5
5a74670855429929fddd840d,nDCG@10,1.0
5a74670855429929fddd840d,R@100,1.0
5a74684655429929fddd8410,nDCG@10,0.6131471927654584
5a74684655429929fddd8410,R@100,0.5
5a746a4455429974ef308bf6,nDCG@10,0.7977228895450266
5a746a4455429974ef308bf6,R@100,1.0
5a746abf55429929fddd8417,nDCG@10,0.3065735963827292
5a746abf55429929fddd8417,R@100,1.0
5a746ddc55429929fddd8423,nDCG@10,0.6509209298071326
5a746ddc55429929fddd8423,R@100,1.0
5a74701655429979e2882952,nDCG@10,0.6131471927654584
5a74701655429979e2882952,R@100,1.0
5a74702555429929fddd8428,nDCG@10,0.6131471927654584
5a74702555429929fddd8428,R@100,1.0
5a7471f655429979e2882955,nDCG@10,0.0
5a7471f655429979e2882955,R@100,1.0
5a74760b55429974ef308c03,nDCG@10,0.3065735963827292
5a74760b55429974ef308c03,R@100,1.0
5a747a3755429974ef308c09,nDCG@10,0.6131471927654584
5a747a3755429974ef308c09,R@100,1.0
5a747a9a55429929fddd8444,nDCG@10,0.38685280723454163
5a747a9a55429929fddd8444,R@100,1.0
5a7481d755429974ef308c12,nDCG@10,0.6131471927654584
5a7481d755429974ef308c12,R@100,0.5
5a74872655429979e2882978,nDCG@10,0.8065735963827293
5a74872655429979e2882978,R@100,1.0
5a74879255429974ef308c1d,nDCG@10,0.6131471927654584
5a74879255429974ef308c1d,R@100,0.5
5a74994a55429974ef308c2e,nDCG@10,1.0
5a74994a55429974ef308c2e,R@100,1.0
5a7499eb55429929fddd8470,nDCG@10,0.6131471927654584
5a7499eb55429929fddd8470,R@100,1.0
5a749af055429979e28829b7,nDCG@10,0.8772153153380493
5a749af055429979e28829b7,R@100,1.0
5a749e1855429979e28829c3,nDCG@10,1.0
5a749e1855429979e28829c3,R@100,1.0
5a74a26a55429979e28829d6,nDCG@10,0.21840743681816419
5a74a26a55429979e28829d6,R@100,1.0
5a74a62b55429916b01641a0,nDCG@10,1.0
5a74a62b55429916b01641a0,R@100,1.0
5a74a8fa55429929fddd8497,nDCG@10,0.6131471927654584
5a74a8fa55429929fddd8497,R@100,1.0
5a74ab6055429916b01641b9,nDCG@10,0.6131471927654584
5a74ab6055429916b01641b9,R@100,1.0
5a74adb455429916b01641c6,nDCG@10,0.6131471927654584
5a74adb455429916b01641c6,R@100,0.5
5a74ae6a55429916b01641c9,nDCG@10,0.6131471927654584
5a74ae6a55429916b01641c9,R@100,0.5
5a74af7e55429916b01641d2,nDCG@10,0.8315546295836225
5a74af7e55429916b01641d2,R@100,1.0
5a74b4dc55429979e2882a00,nDCG@10,0.0
5a74b4dc55429979e2882a00,R@100,0.0
5a74b4e555429929fddd84c2,nDCG@10,1.0
5a74b4e555429929fddd84c2,R@100,1.0
5a74b55455429974ef308c39,nDCG@10,0.6131471927654584
5a74b55455429974ef308c39,R@100,0.5
5a74b66a55429929fddd84cb,nDCG@10,0.0
5a74b66a55429929fddd84cb,R@100,1.0
5a74bc1555429929fddd84dd,nDCG@10,0.6509209298071326
5a74bc1555429929fddd84dd,R@100,1.0
5a74bdce55429929fddd84e1,nDCG@10,0.0
5a74bdce55429929fddd84e1,R@100,1.0
5a74be0b5542996c70cfadc8,nDCG@10,0.0
5a74be0b5542996c70cfadc8,R@100,1.0
5a74be7a55429929fddd84e4,nDCG@10,1.0
5a74be7a55429929fddd84e4,R@100,1.0
5a74bfa55542996c70cfadcf,nDCG@10,0.6131471927654584
5a74bfa55542996c70cfadcf,R@100,0.5
5a74c1c05542996c70cfadd8,nDCG@10,0.6131471927654584
5a74c1c05542996c70cfadd8,R@100,1.0
5a74c2bd5542996c70cfadda,nDCG@10,0.38685280723454163
5a74c2bd5542996c70cfadda,R@100,1.0
5a74c3f455429979e2882a0a,nDCG@10,0.6934264036172708
5a74c3f455429979e2882a0a,R@100,1.0
5a74c6a655429974ef308c5d,nDCG@10,1.0
5a74c6a655429974ef308c5d,R@100,1.0
5a74c85055429916b0164218,nDCG@10,0.0
5a74c85055429916b0164218,R@100,0.0
5a74ce9655429974ef308c6c,nDCG@10,1.0
5a74ce9655429974ef308c6c,R@100,1.0
5a74cfc75542996c70cfadfe,nDCG@10,0.3065735963827292
5a74cfc75542996c70cfadfe,R@100,1.0
5a74cfed5542993748c896ea,nDCG@10,0.38685280723454163
5a74cfed5542993748c896ea,R@100,1.0
5a74d4f355429974ef308c79,nDCG@10,0.23719771276929622
5a74d4f355429974ef308c79,R@100,0.5
5a74d64055429916b0164223,nDCG@10,0.6131471927654584
5a74d64055429916b0164223,R@100,0.5
5a74d7685542996c70cfae0a,nDCG@10,0.0
5a74d7685542996c70cfae0a,R@100,0.5
5a74d92555429929fddd84fa,nDCG@10,0.6131471927654584
5a74d92555429929fddd84fa,R@100,1.0
5a74d9c555429929fddd84fb,nDCG@10,0.6131471927654584
5a74d9c555429929fddd84fb,R@100,0.5
5a74e5aa5542996c70cfae2e,nDCG@10,1.0
5a74e5aa5542996c70cfae2e,R@100,1.0
5a74e6e855429974ef308c8e,nDCG@10,0.0
5a74e6e855429974ef308c8e,R@100,1.0
5a74e8a25542996c70cfae37,nDCG@10,0.6131471927654584
5a74e8a25542996c70cfae37,R@100,0.5
5a74e93e55429974ef308c92,nDCG@10,0.8315546295836225
5a74e93e55429974ef308c92,R@100,1.0
5a74e9c255429974ef308c93,nDCG@10,0.0
5a74e9c255429974ef308c93,R@100,0.0
5a74ee175542996c70cfae41,nDCG@10,0.3065735963827292
5a74ee175542996c70cfae41,R@100,1.0
5a74f3f55542993748c8974b,nDCG@10,0.0
5a74f3f55542993748c8974b,R@100,0.0
5a74f5155542993748c89750,nDCG@10,1.0
5a74f5155542993748c89750,R@100,1.0
5a74f63e5542993748c89758,nDCG@10,0.8315546295836225
5a74f63e5542993748c89758,R@100,1.0
5a74f7405542996c70cfae59,nDCG@10,0.6131471927654584
5a74f7405542996c70cfae59,R@100,1.0
5a74f7f15542993748c89765,nDCG@10,0.6131471927654584
5a74f7f15542993748c89765,R@100,0.5
5a74f8235542993748c89766,nDCG@10,1.0
5a74f8235542993748c89766,R@100,1.0
5a74f8bd5542993748c8976a,nDCG@10,0.20438239758848611
5a74f8bd5542993748c8976a,R@100,1.0
5a74fd6d5542993748c8977d,nDCG@10,0.8503449055347546
5a74fd6d5542993748c8977d,R@100,1.0
5a74feb75542996c70cfae6d,nDCG@10,1.0
5a74feb75542996c70cfae6d,R@100,1.0
5a7502345542993748c89795,nDCG@10,0.0
5a7502345542993748c89795,R@100,1.0
5a7502715542996c70cfae74,nDCG@10,0.21840743681816419
5a7502715542996c70cfae74,R@100,1.0
5a7503945542996c70cfae76,nDCG@10,0.9197207891481876
5a7503945542996c70cfae76,R@100,1.0
5a7506f455429916b0164240,nDCG@10,0.6131471927654584
5a7506f455429916b0164240,R@100,0.5
5a7507455542993748c8979d,nDCG@10,0.6131471927654584
5a7507455542993748c8979d,R@100,0.5
5a75083b5542996c70cfae7e,nDCG@10,0.6509209298071326
5a75083b5542996c70cfae7e,R@100,1.0
5a7509175542993748c897a3,nDCG@10,0.38685280723454163
5a7509175542993748c897a3,R@100,0.5
5a75092b55429916b0164242,nDCG@10,0.6131471927654584
5a75092b55429916b0164242,R@100,0.5
5a750ccc5542993748c897a8,nDCG@10,1.0
5a750ccc5542993748c897a8,R@100,1.0
5a750d315542996c70cfae84,nDCG@10,0.0
5a750d315542996c70cfae84,R@100,1.0
5a750de95542993748c897ac,nDCG@10,0.6131471927654584
5a750de95542993748c897ac,R@100,1.0
5a75140b5542996c70cfae87,nDCG@10,0.19342640361727081
5a75140b5542996c70cfae87,R@100,1.0
5a75176a5542993748c897b6,nDCG@10,0.20438239758848611
5a75176a5542993748c897b6,R@100,0.5
5a7518cb55429916b0164259,nDCG@10,1.0
5a7518cb55429916b0164259,R@100,1.0
5a751bbe5542993748c897ba,nDCG@10,0.0
5a751bbe5542993748c897ba,R@100,1.0
5a7521c55542993748c897c6,nDCG@10,1.0
5a7521c55542993748c897c6,R@100,1.0
5a75227955429929fddd8508,nDCG@10,0.6934264036172708
5a75227955429929fddd8508,R@100,1.0
5a7525405542993748c897ce,nDCG@10,0.6131471927654584
5a7525405542993748c897ce,R@100,1.0
5a7526945542993748c897d2,nDCG@10,0.6131471927654584
5a7526945542993748c897d2,R@100,0.5
5a7528e955429929fddd850e,nDCG@10,0.6131471927654584
5a7528e955429929fddd850e,R@100,1.0
5a752fb75542993748c897df,nDCG@10,0.3065735963827292
5a752fb75542993748c897df,R@100,1.0
5a75321555429916b0164290,nDCG@10,0.3065735963827292
5a75321555429916b0164290,R@100,0.5
5a75357c5542996c70cfaeab,nDCG@10,0.7977228895450266
5a75357c5542996c70cfaeab,R@100,1.0
5a75377c55429929fddd8514,nDCG@10,0.0
5a75377c55429929fddd8514,R@100,0.5
5a75383a5542996c70cfaeb3,nDCG@10,1.0
5a75383a5542996c70cfaeb3,R@100,1.0
5a753c8c55429916b01642ab,nDCG@10,0.0
5a753c8c55429916b01642ab,R@100,0.5
5a753ff455429916b01642bc,nDCG@10,0.8315546295836225
5a753ff455429916b01642bc,R@100,1.0
5a75404a55429916b01642be,nDCG@10,0.6131471927654584
5a75404a55429916b01642be,R@100,0.5
5a7542425542996c70cfaecc,nDCG@10,0.9197207891481876
5a7542425542996c70cfaecc,R@100,1.0
5a75428b55429916b01642c8,nDCG@10,0.6131471927654584
5a75428b55429916b01642c8,R@100,0.5
5a75436155429974ef308cbc,nDCG@10,0.38685280723454163
5a75436155429974ef308cbc,R@100,1.0
5a7543d555429916b01642ce,nDCG@10,0.9197207891481876
5a7543d555429916b01642ce,R@100,1.0
5a75441c55429916b01642cf,nDCG@10,1.0
5a75441c55429916b01642cf,R@100,1.0
5a75447b55429974ef308cbf,nDCG@10,0.6934264036172708
5a75447b55429974ef308cbf,R@100,1.0
5a7545605542993748c89807,nDCG@10,1.0
5a7545605542993748c89807,R@100,1.0
5a75462d5542996c70cfaed3,nDCG@10,0.8503449055347546
5a75462d5542996c70cfaed3,R@100,1.0
5a75495a5542996c70cfaed8,nDCG@10,0.6131471927654584
5a75495a5542996c70cfaed8,R@100,0.5
5a754fc35542996c70cfaedc,nDCG@10,0.3065735963827292
5a754fc35542996c70cfaedc,R@100,0.5
5a7553a95542996c70cfaedf,nDCG@10,0.0
5a7553a95542996c70cfaedf,R@100,1.0
5a7555215542996c70cfaee1,nDCG@10,0.9197207891481876
5a7555215542996c70cfaee1,R@100,1.0
5a7557d75542992d0ec05f68,nDCG@10,0.5
5a7557d75542992d0ec05f68,R@100,1.0
5a7558425542992db9473647,nDCG@10,1.0
5a7558425542992db9473647,R@100,1.0
5a755f0a5542996c70cfaee7,nDCG@10,0.6131471927654584
5a755f0a5542996c70cfaee7,R@100,0.5
5a7560585542992d0ec05f76,nDCG@10,1.0
5a7560585542992d0ec05f76,R@100,1.0
5a7561495542992db947364e,nDCG@10,1.0
5a7561495542992db947364e,R@100,1.0
5a7562045542992db947364f,nDCG@10,0.6131471927654584
5a7562045542992db947364f,R@100,1.0
5a75639255429916b01642f7,nDCG@10,0.6240505200038379
5a75639255429916b01642f7,R@100,1.0
5a7563a45542996c70cfaeec,nDCG@10,0.6131471927654584
5a7563a45542996c70cfaeec,R@100,0.5
5a75642c5542996c70cfaeed,nDCG@10,0.6131471927654584
5a75642c5542996c70cfaeed,R@100,0.5
5a75675d5542992d0ec05f87,nDCG@10,0.0
5a75675d5542992d0ec05f87,R@100,1.0
5a7568175542992d0ec05f88,nDCG@10,1.0
5a7568175542992d0ec05f88,R@100,1.0
5a7568805542992db9473658,nDCG@10,0.8065735963827293
5a7568805542992db9473658,R@100,1.0
5a756b175542996c70cfaef7,nDCG@10,0.6131471927654584
5a756b175542996c70cfaef7,R@100,1.0
5a756dd65542996c70cfaef9,nDCG@10,1.0
5a756dd65542996c70cfaef9,R@100,1.0
5a756fa15542996c70cfaefb,nDCG@10,0.6131471927654584
5a756fa15542996c70cfaefb,R@100,0.5
5a7570a65542996c70cfaefd,nDCG@10,0.6131471927654584
5a7570a65542996c70cfaefd,R@100,1.0
5a7571095542992d0ec05f97,nDCG@10,0.6131471927654584
5a7571095542992d0ec05f97,R@100,0.5
5a7571135542992d0ec05f98,nDCG@10,0.6131471927654584
5a7571135542992d0ec05f98,R@100,0.5
5a7571835542992db9473669,nDCG@10,0.6052602440527057
5a7571835542992db9473669,R@100,1.0
5a7574e25542996c70cfaf01,nDCG@10,0.6131471927654584
5a7574e25542996c70cfaf01,R@100,1.0
5a7577145542996c70cfaf03,nDCG@10,0.8503449055347546
5a7577145542996c70cfaf03,R@100,1.0
5a7577785542992d0ec05fa0,nDCG@10,0.6131471927654584
5a7577785542992d0ec05fa0,R@100,0.5
5a7587705542992db9473674,nDCG@10,0.0
5a7587705542992db9473674,R@100,1.0
5a758aff5542992d0ec05fb2,nDCG@10,0.38685280723454163
5a758aff5542992d0ec05fb2,R@100,0.5
5a758ba75542992db9473677,nDCG@10,0.9197207891481876
5a758ba75542992db9473677,R@100,1.0
5a758c925542992db947367b,nDCG@10,0.6131471927654584
5a758c925542992db947367b,R@100,1.0
5a758ce05542992db947367c,nDCG@10,0.6131471927654584
5a758ce05542992db947367c,R@100,1.0
5a758f775542992db9473682,nDCG@10,0.6131471927654584
5a758f775542992db9473682,R@100,0.5
5a75a0725542992d0ec05fc9,nDCG@10,0.7903864795495061
5a75a0725542992d0ec05fc9,R@100,1.0
5a75a4135542992d0ec05fcd,nDCG@10,0.6131471927654584
5a75a4135542992d0ec05fcd,R@100,0.5
5a75a76b5542992db9473697,nDCG@10,0.6131471927654584
5a75a76b5542992db9473697,R@100,1.0
5a75abbb5542992d0ec05fd9,nDCG@10,0.6131471927654584
5a75abbb5542992d0ec05fd9,R@100,1.0
5a75ac415542992d0ec05fdb,nDCG@10,0.6131471927654584
5a75ac415542992d0ec05fdb,R@100,0.5
5a75b7475542992d0ec05feb,nDCG@10,0.6131471927654584
5a75b7475542992d0ec05feb,R@100,0.5
5a75b7bd5542992d0ec05fec,nDCG@10,0.8503449055347546
5a75b7bd5542992d0ec05fec,R@100,1.0
5a75c02f5542992db94736b4,nDCG@10,1.0
5a75c02f5542992db94736b4,R@100,1.0
5a75d00a5542992db94736d1,nDCG@10,0.6131471927654584
5a75d00a5542992db94736d1,R@100,1.0
5a75d35d5542992d0ec05ffe,nDCG@10,1.0
5a75d35d5542992d0ec05ffe,R@100,1.0
5a75d45f5542994ccc918630,nDCG@10,1.0
5a75d45f5542994ccc918630,R@100,1.0
5a75d8a3554299109176e5a6,nDCG@10,0.6131471927654584
5a75d8a3554299109176e5a6,R@100,1.0
5a75d8dc5542992db94736f0,nDCG@10,0.6131471927654584
5a75d8dc5542992db94736f0,R@100,0.5
5a75d9b4554299109176e5a7,nDCG@10,0.7903864795495061
5a75d9b4554299109176e5a7,R@100,1.0
5a75d9c05542992db94736f6,nDCG@10,0.18457569677956817
5a75d9c05542992db94736f6,R@100,0.5
5a75da235542992db94736f9,nDCG@10,1.0
5a75da235542992db94736f9,R@100,1.0
5a75da6d5542992db94736fa,nDCG@10,1.0
5a75da6d5542992db94736fa,R@100,1.0
5a75e05c55429976ec32bc5f,nDCG@10,0.6131471927654584
5a75e05c55429976ec32bc5f,R@100,0.5
5a75e06155429976ec32bc60,nDCG@10,0.6131471927654584
5a75e06155429976ec32bc60,R@100,0.5
5a75e16055429976ec32bc6a,nDCG@10,0.38685280723454163
5a75e16055429976ec32bc6a,R@100,0.5
5a75e29f5542992d0ec0600c,nDCG@10,0.9197207891481876
5a75e29f5542992d0ec0600c,R@100,1.0
5a75e33855429976ec32bc74,nDCG@10,0.38685280723454163
5a75e33855429976ec32bc74,R@100,0.5
5a75e3845542994ccc91864e,nDCG@10,0.5802792108518124
5a75e3845542994ccc91864e,R@100,1.0
5a75e60e55429976ec32bc88,nDCG@10,0.0
5a75e60e55429976ec32bc88,R@100,1.0
5a75e61c5542992d0ec06012,nDCG@10,0.38685280723454163
5a75e61c5542992d0ec06012,R@100,1.0
5a75e62f5542992d0ec06013,nDCG@10,0.8772153153380493
5a75e62f5542992d0ec06013,R@100,1.0
5a75e67d5542992db9473709,nDCG@10,1.0
5a75e67d5542992db9473709,R@100,1.0
5a75e67f55429976ec32bc8b,nDCG@10,0.6131471927654584
5a75e67f55429976ec32bc8b,R@100,0.5
5a75e7b255429976ec32bc95,nDCG@10,1.0
5a75e7b255429976ec32bc95,R@100,1.0
5a75e814554299109176e5c7,nDCG@10,0.0
5a75e814554299109176e5c7,R@100,0.5
5a75eb125542994ccc918659,nDCG@10,0.7977228895450266
5a75eb125542994ccc918659,R@100,1.0
5a75ebfc5542992d0ec06018,nDCG@10,0.8772153153380493
5a75ebfc5542992d0ec06018,R@100,1.0
5a75eca555429976ec32bca8,nDCG@10,1.0
5a75eca555429976ec32bca8,R@100,1.0
5a75eda35542994ccc918661,nDCG@10,0.18457569677956817
5a75eda35542994ccc918661,R@100,0.5
5a75f0bf5542994ccc91866b,nDCG@10,0.8065735963827293
5a75f0bf5542994ccc91866b,R@100,1.0
5a75f0ea5542994ccc91866c,nDCG@10,0.6131471927654584
5a75f0ea5542994ccc91866c,R@100,0.5
5a75f1a755429976ec32bcb1,nDCG@10,0.6131471927654584
5a75f1a755429976ec32bcb1,R@100,0.5
5a75f32055429976ec32bcb7,nDCG@10,0.0
5a75f32055429976ec32bcb7,R@100,1.0
5a75f79555429976ec32bcca,nDCG@10,0.0
5a75f79555429976ec32bcca,R@100,0.5
5a75f7db5542994ccc918670,nDCG@10,1.0
5a75f7db5542994ccc918670,R@100,1.0
5a75fa14554299109176e5dc,nDCG@10,0.9197207891481876
5a75fa14554299109176e5dc,R@100,1.0
5a75fa8c55429976ec32bcda,nDCG@10,0.6131471927654584
5a75fa8c55429976ec32bcda,R@100,0.5
5a75fbe855429976ec32bcde,nDCG@10,0.8503449055347546
5a75fbe855429976ec32bcde,R@100,1.0
5a7600275542994ccc91867a,nDCG@10,0.38685280723454163
5a7600275542994ccc91867a,R@100,0.5
5a7602d8554299109176e5fb,nDCG@10,1.0
5a7602d8554299109176e5fb,R@100,1.0
5a7605f85542994ccc91868d,nDCG@10,0.9197207891481876
5a7605f85542994ccc91868d,R@100,1.0
5a76067e55429976ec32bce9,nDCG@10,0.8315546295836225
5a76067e55429976ec32bce9,R@100,1.0
5a7607b6554299109176e619,nDCG@10,0.6131471927654584
5a7607b6554299109176e619,R@100,0.5
5a760ab65542994ccc918697,nDCG@10,0.6131471927654584
5a760ab65542994ccc918697,R@100,0.5
5a760dcd5542994ccc9186a1,nDCG@10,0.6131471927654584
5a760dcd5542994ccc9186a1,R@100,0.5
5a760faa5542994ccc9186a8,nDCG@10,0.6240505200038379
5a760faa5542994ccc9186a8,R@100,1.0
5a76139b5542994ccc9186be,nDCG@10,0.6131471927654584
5a76139b5542994ccc9186be,R@100,1.0
5a7613c15542994ccc9186bf,nDCG@10,0.6131471927654584
5a7613c15542994ccc9186bf,R@100,0.5
5a7615fb5542992db9473727,nDCG@10,0.9197207891481876
5a7615fb5542992db9473727,R@100,1.0
5a7616755542992d0ec06028,nDCG@10,0.6131471927654584
5a7616755542992d0ec06028,R@100,0.5
5a7618d85542994ccc9186cf,nDCG@10,0.0
5a7618d85542994ccc9186cf,R@100,1.0
5a7619765542992db9473728,nDCG@10,0.6131471927654584
5a7619765542992db9473728,R@100,0.5
5a761e855542994ccc9186e0,nDCG@10,0.9197207891481876
5a761e855542994ccc9186e0,R@100,1.0
5a7621bb554299109176e650,nDCG@10,0.6131471927654584
5a7621bb554299109176e650,R@100,0.5
5a7622d75542994ccc9186f1,nDCG@10,0.2640681225725909
5a7622d75542994ccc9186f1,R@100,1.0
5a76244c554299109176e65d,nDCG@10,0.6131471927654584
5a76244c554299109176e65d,R@100,0.5
5a7624b85542992db947372c,nDCG@10,0.6131471927654584
5a7624b85542992db947372c,R@100,1.0
5a7625c7554299109176e668,nDCG@10,0.18457569677956817
5a7625c7554299109176e668,R@100,1.0
5a7625e8554299109176e66a,nDCG@10,0.6131471927654584
5a7625e8554299109176e66a,R@100,0.5
5a762a645542992d0ec0603d,nDCG@10,0.6131471927654584
5a762a645542992d0ec0603d,R@100,0.5
5a762cf0554299109176e6a4,nDCG@10,1.0
5a762cf0554299109176e6a4,R@100,1.0
5a762d53554299109176e6a7,nDCG@10,0.6131471927654584
5a762d53554299109176e6a7,R@100,0.5
5a762f4755429976ec32bd44,nDCG@10,0.6131471927654584
5a762f4755429976ec32bd44,R@100,0.5
5a7630105542992d0ec0605a,nDCG@10,0.0
5a7630105542992d0ec0605a,R@100,0.0
5a7631c05542994ccc91870b,nDCG@10,0.0
5a7631c05542994ccc91870b,R@100,1.0
5a7631cd5542994ccc91870c,nDCG@10,0.6131471927654584
5a7631cd5542994ccc91870c,R@100,0.5
5a76334c5542994ccc918710,nDCG@10,0.6131471927654584
5a76334c5542994ccc918710,R@100,0.5
5a7633ad5542992db9473741,nDCG@10,0.0
5a7633ad5542992db9473741,R@100,0.5
5a7633ff5542994ccc918712,nDCG@10,0.9197207891481876
5a7633ff5542994ccc918712,R@100,1.0
5a7634f155429976ec32bd6b,nDCG@10,1.0
5a7634f155429976ec32bd6b,R@100,1.0
5a76364d5542994ccc918719,nDCG@10,0.6131471927654584
5a76364d5542994ccc918719,R@100,0.5
5a7636fb55429976ec32bd79,nDCG@10,0.6131471927654584
5a7636fb55429976ec32bd79,R@100,0.5
5a76387d554299109176e6ba,nDCG@10,0.9197207891481876
5a76387d554299109176e6ba,R@100,1.0
5a76394c5542994ccc918725,nDCG@10,0.6131471927654584
5a76394c5542994ccc918725,R@100,0.5
5a763986554299109176e6bd,nDCG@10,0.8772153153380493
5a763986554299109176e6bd,R@100,1.0
5a76404b5542994ccc91873d,nDCG@10,0.8175295903539445
5a76404b5542994ccc91873d,R@100,1.0
5a7642f7554299109176e6e8,nDCG@10,0.8503449055347546
5a7642f7554299109176e6e8,R@100,1.0
5a7643675542994ccc918747,nDCG@10,1.0
5a7643675542994ccc918747,R@100,1.0
5a7647505542992d0ec06089,nDCG@10,0.6131471927654584
5a7647505542992d0ec06089,R@100,1.0
5a7647b85542992d0ec0608a,nDCG@10,1.0
5a7647b85542992d0ec0608a,R@100,1.0
5a764c0b55429976ec32bd89,nDCG@10,0.8315546295836225
5a764c0b55429976ec32bd89,R@100,1.0
5a7651825542992d0ec060a3,nDCG@10,0.6131471927654584
5a7651825542992d0ec060a3,R@100,1.0
5a7652435542992d0ec060a5,nDCG@10,0.6131471927654584
5a7652435542992d0ec060a5,R@100,1.0
5a7652785542992db9473760,nDCG@10,0.9197207891481876
5a7652785542992db9473760,R@100,1.0
5a76538d5542992db9473764,nDCG@10,0.7903864795495061
5a76538d5542992db9473764,R@100,1.0
5a7653d25542992db9473765,nDCG@10,0.8065735963827293
5a7653d25542992db9473765,R@100,1.0
5a765fe85542992d0ec060c5,nDCG@10,1.0
5a765fe85542992d0ec060c5,R@100,1.0
5a7662745542992db9473786,nDCG@10,0.6131471927654584
5a7662745542992db9473786,R@100,0.5
5a7663665542992d0ec060d3,nDCG@10,0.6131471927654584
5a7663665542992d0ec060d3,R@100,1.0
5a76641e5542992d0ec060d8,nDCG@10,0.6131471927654584
5a76641e5542992d0ec060d8,R@100,0.5
5a76648f5542992db9473795,nDCG@10,0.6131471927654584
5a76648f5542992db9473795,R@100,1.0
5a7666095542992d0ec060db,nDCG@10,1.0
5a7666095542992d0ec060db,R@100,1.0
5a7698c2554299373536010d,nDCG@10,0.6131471927654584
5a7698c2554299373536010d,R@100,0.5
5a769b0d5542993569682c50,nDCG@10,0.6934264036172708
5a769b0d5542993569682c50,R@100,1.0
5a769b115542993569682c51,nDCG@10,0.38685280723454163
5a769b115542993569682c51,R@100,0.5
5a76a0005542993569682c64,nDCG@10,0.6131471927654584
5a76a0005542993569682c64,R@100,1.0
5a76a1a35542993735360122,nDCG@10,0.0
5a76a1a35542993735360122,R@100,0.5
5a76a2b55542993569682c6c,nDCG@10,0.0
5a76a2b55542993569682c6c,R@100,1.0
5a76a8bb5542993569682c76,nDCG@10,0.6131471927654584
5a76a8bb5542993569682c76,R@100,0.5
5a76b56d554299373536017b,nDCG@10,0.6131471927654584
5a76b56d554299373536017b,R@100,0.5
5a76bbe85542993735360191,nDCG@10,1.0
5a76bbe85542993735360191,R@100,1.0
5a76c98855429972597f13d0,nDCG@10,0.0
5a76c98855429972597f13d0,R@100,0.5
5a76cb9b55429966f1a36bf2,nDCG@10,0.9197207891481876
5a76cb9b55429966f1a36bf2,R@100,1.0
5a76d15e55429966f1a36bfa,nDCG@10,0.8065735963827293
5a76d15e55429966f1a36bfa,R@100,1.0
5a76db3555429972597f13e7,nDCG@10,0.8772153153380493
5a76db3555429972597f13e7,R@100,1.0
5a76dc2d55429972597f13eb,nDCG@10,0.0
5a76dc2d55429972597f13eb,R@100,0.5
5a76e88555429972597f13f4,nDCG@10,1.0
5a76e88555429972597f13f4,R@100,1.0
5a76f22055429972597f13fa,nDCG@10,0.8175295903539445
5a76f22055429972597f13fa,R@100,1.0
5a76f45a5542994aec3b719b,nDCG@10,0.3065735963827292
5a76f45a5542994aec3b719b,R@100,0.5
5a76f5b155429972597f1400,nDCG@10,0.6131471927654584
5a76f5b155429972597f1400,R@100,0.5
5a76f7e855429972597f1404,nDCG@10,0.6131471927654584
5a76f7e855429972597f1404,R@100,0.5
5a76fda05542994aec3b71b0,nDCG@10,0.8503449055347546
5a76fda05542994aec3b71b0,R@100,1.0
5a76fe7b5542994aec3b71b2,nDCG@10,0.6131471927654584
5a76fe7b5542994aec3b71b2,R@100,0.5
5a770bb855429937353601b5,nDCG@10,0.17723928678404774
5a770bb855429937353601b5,R@100,1.0
5a770d785542993569682cad,nDCG@10,0.6131471927654584
5a770d785542993569682cad,R@100,0.5
5a770eb65542994aec3b71d4,nDCG@10,0.6509209298071326
5a770eb65542994aec3b71d4,R@100,1.0
5a77101d5542994aec3b71d7,nDCG@10,0.0
5a77101d5542994aec3b71d7,R@100,0.5
5a77121a5542994aec3b71db,nDCG@10,0.9197207891481876
5a77121a5542994aec3b71db,R@100,1.0
5a77137455429972597f142a,nDCG@10,0.8175295903539445
5a77137455429972597f142a,R@100,1.0
5a77152355429966f1a36c2e,nDCG@10,0.38685280723454163
5a77152355429966f1a36c2e,R@100,0.5
5a7716ee55429937353601cc,nDCG@10,0.7977228895450266
5a7716ee55429937353601cc,R@100,1.0
5a77174f55429966f1a36c4c,nDCG@10,0.17723928678404774
5a77174f55429966f1a36c4c,R@100,0.5
5a7717635542994aec3b71e3,nDCG@10,0.38685280723454163
5a7717635542994aec3b71e3,R@100,0.5
5a771d6155429966f1a36c6d,nDCG@10,0.6131471927654584
5a771d6155429966f1a36c6d,R@100,0.5
5a771de05542993569682cc8,nDCG@10,1.0
5a771de05542993569682cc8,R@100,1.0
5a771e0b55429966f1a36c75,nDCG@10,0.6131471927654584
5a771e0b55429966f1a36c75,R@100,0.5
5a771e3255429966f1a36c78,nDCG@10,0.6934264036172708
5a771e3255429966f1a36c78,R@100,1.0
5a771ead55429966f1a36c7c,nDCG@10,0.6934264036172708
5a771ead55429966f1a36c7c,R@100,1.0
5a7720d05542993569682cde,nDCG@10,1.0
5a7720d05542993569682cde,R@100,1.0
5a7723ce55429966f1a36c9f,nDCG@10,0.0
5a7723ce55429966f1a36c9f,R@100,1.0
5a7723fa55429966f1a36ca0,nDCG@10,0.8175295903539445
5a7723fa55429966f1a36ca0,R@100,1.0
5a7724715542994aec3b71fd,nDCG@10,0.6131471927654584
5a7724715542994aec3b71fd,R@100,0.5
5a77253455429972597f1449,nDCG@10,0.9197207891481876
5a77253455429972597f1449,R@100,1.0
5a772c395542993735360207,nDCG@10,0.0
5a772c395542993735360207,R@100,0.5
5a772c925542993735360208,nDCG@10,0.8503449055347546
5a772c925542993735360208,R@100,1.0
5a772e465542994aec3b7209,nDCG@10,0.21840743681816419
5a772e465542994aec3b7209,R@100,0.5
5a7730015542994aec3b7210,nDCG@10,0.0
5a7730015542994aec3b7210,R@100,1.0
5a77309d55429972597f1487,nDCG@10,0.6131471927654584
5a77309d55429972597f1487,R@100,0.5
5a7730f255429972597f148c,nDCG@10,0.8065735963827293
5a7730f255429972597f148c,R@100,1.0
5a77321355429972597f1493,nDCG@10,1.0
5a77321355429972597f1493,R@100,1.0
5a77322055429972597f1494,nDCG@10,0.6131471927654584
5a77322055429972597f1494,R@100,0.5
5a7732dc55429972597f149b,nDCG@10,0.38685280723454163
5a7732dc55429972597f149b,R@100,0.5
5a7734ce5542993735360217,nDCG@10,0.8772153153380493
5a7734ce5542993735360217,R@100,1.0
5a7735f55542994aec3b7226,nDCG@10,0.6131471927654584
5a7735f55542994aec3b7226,R@100,0.5
5a7736bc554299373536021b,nDCG@10,0.6131471927654584
5a7736bc554299373536021b,R@100,0.5
5a7736d85542994aec3b722b,nDCG@10,0.6509209298071326
5a7736d85542994aec3b722b,R@100,1.0
5a7736ef55429972597f14a7,nDCG@10,1.0
5a7736ef55429972597f14a7,R@100,1.0
5a77372b554299373536021c,nDCG@10,0.2640681225725909
5a77372b554299373536021c,R@100,0.5
5a77388e55429966f1a36cb1,nDCG@10,0.6131471927654584
5a77388e55429966f1a36cb1,R@100,1.0
5a7739e255429972597f14ad,nDCG@10,0.6131471927654584
5a7739e255429972597f14ad,R@100,0.5
5a7739f25542994aec3b7234,nDCG@10,0.0
5a7739f25542994aec3b7234,R@100,1.0
5a773ae055429972597f14b0,nDCG@10,0.7903864795495061
5a773ae055429972597f14b0,R@100,1.0
5a773c5c55429966f1a36cbb,nDCG@10,1.0
5a773c5c55429966f1a36cbb,R@100,1.0
5a773c7755429972597f14b5,nDCG@10,0.0
5a773c7755429972597f14b5,R@100,1.0
5a773d8955429966f1a36cc4,nDCG@10,0.0
5a773d8955429966f1a36cc4,R@100,0.0
5a773e3955429972597f14c9,nDCG@10,0.6131471927654584
5a773e3955429972597f14c9,R@100,0.5
5a773ec355429966f1a36ccb,nDCG@10,1.0
5a773ec355429966f1a36ccb,R@100,1.0
5a773ec45542994aec3b7245,nDCG@10,0.9197207891481876
5a773ec45542994aec3b7245,R@100,1.0
5a77414155429972597f14d7,nDCG@10,1.0
5a77414155429972597f14d7,R@100,1.0
5a77415b55429966f1a36cd2,nDCG@10,0.8772153153380493
5a77415b55429966f1a36cd2,R@100,1.0
5a7741775542994aec3b724f,nDCG@10,0.38685280723454163
5a7741775542994aec3b724f,R@100,0.5
5a7744555542994aec3b725b,nDCG@10,1.0
5a7744555542994aec3b725b,R@100,1.0
5a7744e45542993569682d37,nDCG@10,0.48247555939075504
5a7744e45542993569682d37,R@100,1.0
5a77452155429972597f14e1,nDCG@10,1.0
5a77452155429972597f14e1,R@100,1.0
5a7746cf5542994aec3b7263,nDCG@10,1.0
5a7746cf5542994aec3b7263,R@100,1.0
5a77474855429972597f14e4,nDCG@10,0.6131471927654584
5a77474855429972597f14e4,R@100,1.0
5a7747e15542994aec3b7266,nDCG@10,0.5706417189553201
5a7747e15542994aec3b7266,R@100,1.0
5a774a9855429972597f14ea,nDCG@10,0.6131471927654584
5a774a9855429972597f14ea,R@100,0.5
5a774c0155429966f1a36ce2,nDCG@10,1.0
5a774c0155429966f1a36ce2,R@100,1.0
5a774e415542994aec3b7280,nDCG@10,0.6934264036172708
5a774e415542994aec3b7280,R@100,1.0
5a774e9c55429972597f14f3,nDCG@10,0.17723928678404774
5a774e9c55429972597f14f3,R@100,1.0
5a7750a155429966f1a36cef,nDCG@10,0.6131471927654584
5a7750a155429966f1a36cef,R@100,0.5
5a7750de55429966f1a36cf0,nDCG@10,0.0
5a7750de55429966f1a36cf0,R@100,0.5
5a77510b5542994aec3b728b,nDCG@10,0.6131471927654584
5a77510b5542994aec3b728b,R@100,0.5
5a77519c55429972597f14fa,nDCG@10,0.6131471927654584
5a77519c55429972597f14fa,R@100,0.5
5a7754d85542993735360234,nDCG@10,0.6131471927654584
5a7754d85542993735360234,R@100,1.0
5a7755c65542993569682d54,nDCG@10,0.6131471927654584
5a7755c65542993569682d54,R@100,1.0
5a7757215542993569682d58,nDCG@10,0.8065735963827293
5a7757215542993569682d58,R@100,1.0
5a7758895542994aec3b729c,nDCG@10,0.6131471927654584
5a7758895542994aec3b729c,R@100,1.0
5a7759dd5542994aec3b729f,nDCG@10,0.6131471927654584
5a7759dd5542994aec3b729f,R@100,1.0
5a7759fc5542993569682d60,nDCG@10,1.0
5a7759fc5542993569682d60,R@100,1.0
5a775bab5542994aec3b72a8,nDCG@10,0.6131471927654584
5a775bab5542994aec3b72a8,R@100,0.5
5a775bd65542993569682d6b,nDCG@10,1.0
5a775bd65542993569682d6b,R@100,1.0
5a775cdb5542993735360244,nDCG@10,0.6131471927654584
5a775cdb5542993735360244,R@100,0.5
5a775e095542994aec3b72b4,nDCG@10,0.6131471927654584
5a775e095542994aec3b72b4,R@100,1.0
5a775f615542993735360250,nDCG@10,0.6131471927654584
5a775f615542993735360250,R@100,1.0
5a775f8a5542994aec3b72ba,nDCG@10,0.6131471927654584
5a775f8a5542994aec3b72ba,R@100,0.5
5a7760165542993569682d74,nDCG@10,0.6131471927654584
5a7760165542993569682d74,R@100,1.0
5a77626b5542993569682d77,nDCG@10,0.6934264036172708
5a77626b5542993569682d77,R@100,1.0
5a77666555429966f1a36d1f,nDCG@10,0.8175295903539445
5a77666555429966f1a36d1f,R@100,1.0
5a7766b15542993569682d7e,nDCG@10,0.7977228895450266
5a7766b15542993569682d7e,R@100,1.0
5a77671255429966f1a36d21,nDCG@10,0.8315546295836225
5a77671255429966f1a36d21,R@100,1.0
5a77685e5542993569682d83,nDCG@10,1.0
5a77685e5542993569682d83,R@100,1.0
5a7768cb5542993569682d88,nDCG@10,1.0
5a7768cb5542993569682d88,R@100,1.0
5a77691455429966f1a36d2b,nDCG@10,0.6131471927654584
5a77691455429966f1a36d2b,R@100,0.5
5a7769a35542993569682d8f,nDCG@10,0.8315546295836225
5a7769a35542993569682d8f,R@100,1.0
5a776a7055429966f1a36d32,nDCG@10,0.23719771276929622
5a776a7055429966f1a36d32,R@100,0.5
5a776a805542993735360269,nDCG@10,0.6131471927654584
5a776a805542993735360269,R@100,1.0
5a776ac75542993569682d9b,nDCG@10,1.0
5a776ac75542993569682d9b,R@100,1.0
5a776b82554299373536026f,nDCG@10,0.6131471927654584
5a776b82554299373536026f,R@100,0.5
5a776bc855429966f1a36d3a,nDCG@10,1.0
5a776bc855429966f1a36d3a,R@100,1.0
5a776bd155429966f1a36d3b,nDCG@10,0.38685280723454163
5a776bd155429966f1a36d3b,R@100,1.0
5a776cfa5542993735360274,nDCG@10,0.6131471927654584
5a776cfa5542993735360274,R@100,1.0
5a776f8555429972597f1534,nDCG@10,0.38685280723454163
5a776f8555429972597f1534,R@100,0.5
5a776fc15542997042120a3a,nDCG@10,0.38685280723454163
5a776fc15542997042120a3a,R@100,0.5
5a7770f855429966f1a36d4e,nDCG@10,1.0
5a7770f855429966f1a36d4e,R@100,1.0
5a77720255429967ab10517f,nDCG@10,0.2640681225725909
5a77720255429967ab10517f,R@100,1.0
5a77724455429972597f153e,nDCG@10,0.0
5a77724455429972597f153e,R@100,0.0
5a77727555429972597f1540,nDCG@10,0.19342640361727081
5a77727555429972597f1540,R@100,1.0
5a77731955429972597f1541,nDCG@10,0.6131471927654584
5a77731955429972597f1541,R@100,1.0
5a7774e155429967ab10518d,nDCG@10,0.9197207891481876
5a7774e155429967ab10518d,R@100,1.0
5a77767a55429967ab10519b,nDCG@10,0.6131471927654584
5a77767a55429967ab10519b,R@100,0.5
5a77769e5542997042120a65,nDCG@10,1.0
5a77769e5542997042120a65,R@100,1.0
5a7776b955429967ab10519e,nDCG@10,0.2640681225725909
5a7776b955429967ab10519e,R@100,0.5
5a77789d55429949eeb29e4e,nDCG@10,0.0
5a77789d55429949eeb29e4e,R@100,0.5
5a777ca855429949eeb29e6a,nDCG@10,0.20438239758848611
5a777ca855429949eeb29e6a,R@100,1.0
5a777fd655429949eeb29e93,nDCG@10,0.0
5a777fd655429949eeb29e93,R@100,1.0
5a7780e855429949eeb29e9f,nDCG@10,0.23719771276929622
5a7780e855429949eeb29e9f,R@100,1.0
5a7781c955429949eeb29ea8,nDCG@10,0.6131471927654584
5a7781c955429949eeb29ea8,R@100,0.5
5a7782b95542995d8318117f,nDCG@10,0.6131471927654584
5a7782b95542995d8318117f,R@100,0.5
5a77846f5542995d83181187,nDCG@10,0.6131471927654584
5a77846f5542995d83181187,R@100,1.0
5a77857155429949eeb29ebf,nDCG@10,0.0
5a77857155429949eeb29ebf,R@100,0.0
5a7785af55429949eeb29ec2,nDCG@10,0.5012658353418871
5a7785af55429949eeb29ec2,R@100,1.0
5a77863555429949eeb29ec6,nDCG@10,0.9197207891481876
5a77863555429949eeb29ec6,R@100,1.0
5a7787b655429949eeb29ed3,nDCG@10,0.23719771276929622
5a7787b655429949eeb29ed3,R@100,0.5
5a7789195542995d831811a2,nDCG@10,0.6131471927654584
5a7789195542995d831811a2,R@100,0.5
5a77897f55429949eeb29edc,nDCG@10,0.6131471927654584
5a77897f55429949eeb29edc,R@100,0.5
5a778a165542995d831811a9,nDCG@10,0.8772153153380493
5a778a165542995d831811a9,R@100,1.0
5a778a3b5542992a6e59dec7,nDCG@10,1.0
5a778a3b5542992a6e59dec7,R@100,1.0
5a778a8e5542992a6e59deca,nDCG@10,0.8772153153380493
5a778a8e5542992a6e59deca,R@100,1.0
5a778b1e55429949eeb29ee3,nDCG@10,0.6131471927654584
5a778b1e55429949eeb29ee3,R@100,1.0
5a778b345542992a6e59decf,nDCG@10,0.0
5a778b345542992a6e59decf,R@100,1.0
5a778c215542995d831811ba,nDCG@10,0.6131471927654584
5a778c215542995d831811ba,R@100,0.5
5a778cae55429949eeb29eeb,nDCG@10,0.9197207891481876
5a778cae55429949eeb29eeb,R@100,1.0
5a778ce55542995d831811c0,nDCG@10,0.6131471927654584
5a778ce55542995d831811c0,R@100,0.5
5a778d7855429967ab1051fa,nDCG@10,0.9197207891481876
5a778d7855429967ab1051fa,R@100,1.0
5a778e8755429949eeb29ef4,nDCG@10,0.6131471927654584
5a778e8755429949eeb29ef4,R@100,0.5
5a778f515542995d831811cd,nDCG@10,0.6131471927654584
5a778f515542995d831811cd,R@100,0.5
5a7790ed5542992a6e59defb,nDCG@10,0.0
5a7790ed5542992a6e59defb,R@100,0.5
5a77919d5542995d831811dd,nDCG@10,1.0
5a77919d5542995d831811dd,R@100,1.0
5a7793275542992a6e59df04,nDCG@10,0.6131471927654584
5a7793275542992a6e59df04,R@100,0.5
5a7796e05542992a6e59df0f,nDCG@10,1.0
5a7796e05542992a6e59df0f,R@100,1.0
5a7797175542992a6e59df10,nDCG@10,0.6131471927654584
5a7797175542992a6e59df10,R@100,0.5
5a7797a555429967ab105208,nDCG@10,0.8772153153380493
5a7797a555429967ab105208,R@100,1.0
5a77984d5542992a6e59df14,nDCG@10,0.0
5a77984d5542992a6e59df14,R@100,1.0
5a779be75542995d83181215,nDCG@10,0.6131471927654584
5a779be75542995d83181215,R@100,0.5
5a779fd95542997042120ab5,nDCG@10,0.6131471927654584
5a779fd95542997042120ab5,R@100,0.5
5a77a14655429949eeb29f13,nDCG@10,0.8772153153380493
5a77a14655429949eeb29f13,R@100,1.0
5a77a15b5542995d83181226,nDCG@10,0.6131471927654584
5a77a15b5542995d83181226,R@100,0.5
5a77a3905542992a6e59df40,nDCG@10,0.6131471927654584
5a77a3905542992a6e59df40,R@100,1.0
5a77a3a355429967ab105211,nDCG@10,0.3065735963827292
5a77a3a355429967ab105211,R@100,0.5
5a77a41a5542997042120ab9,nDCG@10,0.0
5a77a41a5542997042120ab9,R@100,0.5
5a77a44d5542997042120aba,nDCG@10,1.0
5a77a44d5542997042120aba,R@100,1.0
5a77a4fd5542997042120abc,nDCG@10,0.9197207891481876
5a77a4fd5542997042120abc,R@100,1.0
5a77a65b5542992a6e59df57,nDCG@10,0.7977228895450266
5a77a65b5542992a6e59df57,R@100,1.0
5a77a7565542995d83181249,nDCG@10,0.8772153153380493
5a77a7565542995d83181249,R@100,1.0
5a77a7695542997042120ac4,nDCG@10,1.0
5a77a7695542997042120ac4,R@100,1.0
5a77a7db5542995d8318124d,nDCG@10,1.0
5a77a7db5542995d8318124d,R@100,1.0
5a77a8b45542995d83181253,nDCG@10,0.8772153153380493
5a77a8b45542995d83181253,R@100,1.0
5a77a9df55429967ab10521c,nDCG@10,0.6131471927654584
5a77a9df55429967ab10521c,R@100,1.0
5a77aa095542995d83181260,nDCG@10,0.6131471927654584
5a77aa095542995d83181260,R@100,0.5
5a77aa8655429949eeb29f22,nDCG@10,0.6131471927654584
5a77aa8655429949eeb29f22,R@100,1.0
5a77ace855429967ab105223,nDCG@10,0.9197207891481876
5a77ace855429967ab105223,R@100,1.0
5a77ad2f55429967ab105225,nDCG@10,0.9197207891481876
5a77ad2f55429967ab105225,R@100,1.0
5a77afcd5542997042120adf,nDCG@10,0.5912352048230277
5a77afcd5542997042120adf,R@100,1.0
5a77b0395542997042120ae1,nDCG@10,0.0
5a77b0395542997042120ae1,R@100,0.5
5a77b13655429967ab105235,nDCG@10,0.6131471927654584
5a77b13655429967ab105235,R@100,0.5
5a77b1a75542992a6e59df8d,nDCG@10,1.0
5a77b1a75542992a6e59df8d,R@100,1.0
5a77b5c255429967ab10523c,nDCG@10,1.0
5a77b5c255429967ab10523c,R@100,1.0
5a77b6325542997042120af7,nDCG@10,0.5640920940185894
5a77b6325542997042120af7,R@100,1.0
5a77b6535542995d83181274,nDCG@10,0.6131471927654584
5a77b6535542995d83181274,R@100,0.5
5a77b6c85542992a6e59df96,nDCG@10,0.6131471927654584
5a77b6c85542992a6e59df96,R@100,0.5
5a77b9a35542995d83181280,nDCG@10,0.38685280723454163
5a77b9a35542995d83181280,R@100,1.0
5a77ba6c55429967ab10524c,nDCG@10,0.6131471927654584
5a77ba6c55429967ab10524c,R@100,0.5
5a77baac5542992a6e59dfa2,nDCG@10,0.6131471927654584
5a77baac5542992a6e59dfa2,R@100,0.5
5a77bc9955429967ab105256,nDCG@10,0.23719771276929622
5a77bc9955429967ab105256,R@100,0.5
5a77bdcb5542997042120b0b,nDCG@10,0.6131471927654584
5a77bdcb5542997042120b0b,R@100,0.5
5a77beae5542992a6e59dfae,nDCG@10,0.6131471927654584
5a77beae5542992a6e59dfae,R@100,0.5
5a77bef05542992a6e59dfaf,nDCG@10,0.6131471927654584
5a77bef05542992a6e59dfaf,R@100,0.5
5a77c09555429967ab105262,nDCG@10,0.6131471927654584
5a77c09555429967ab105262,R@100,1.0
5a77c0c05542995d831812a1,nDCG@10,0.6934264036172708
5a77c0c05542995d831812a1,R@100,1.0
5a77c1505542997042120b1b,nDCG@10,0.3065735963827292
5a77c1505542997042120b1b,R@100,0.5
5a77c15f5542997042120b1c,nDCG@10,0.6131471927654584
5a77c15f5542997042120b1c,R@100,0.5
5a77c1d95542995d831812a6,nDCG@10,0.6131471927654584
5a77c1d95542995d831812a6,R@100,0.5
5a77c3d55542995d831812af,nDCG@10,0.6131471927654584
5a77c3d55542995d831812af,R@100,1.0
5a77c4fe55429967ab10527b,nDCG@10,0.8315546295836225
5a77c4fe55429967ab10527b,R@100,1.0
5a77c58b55429967ab105281,nDCG@10,0.6131471927654584
5a77c58b55429967ab105281,R@100,1.0
5a77c60255429967ab105285,nDCG@10,1.0
5a77c60255429967ab105285,R@100,1.0
5a77c6e05542995d831812c7,nDCG@10,1.0
5a77c6e05542995d831812c7,R@100,1.0
5a77c74155429967ab105291,nDCG@10,0.6131471927654584
5a77c74155429967ab105291,R@100,1.0
5a77c8905542995d831812ce,nDCG@10,1.0
5a77c8905542995d831812ce,R@100,1.0
5a77ca3955429967ab1052a3,nDCG@10,1.0
5a77ca3955429967ab1052a3,R@100,1.0
5a77cb335542997042120b3a,nDCG@10,1.0
5a77cb335542997042120b3a,R@100,1.0
5a77cb5e55429967ab1052a7,nDCG@10,0.6131471927654584
5a77cb5e55429967ab1052a7,R@100,1.0
5a77cba65542995d831812e2,nDCG@10,0.6131471927654584
5a77cba65542995d831812e2,R@100,0.5
5a77d12755429967ab1052b8,nDCG@10,0.7903864795495061
5a77d12755429967ab1052b8,R@100,1.0
5a77d25555429949eeb29f6c,nDCG@10,1.0
5a77d25555429949eeb29f6c,R@100,1.0
5a77d2d25542992a6e59dfe2,nDCG@10,0.8503449055347546
5a77d2d25542992a6e59dfe2,R@100,1.0
5a77d31c55429967ab1052c0,nDCG@10,0.6131471927654584
5a77d31c55429967ab1052c0,R@100,0.5
5a77d3f555429967ab1052c5,nDCG@10,0.6131471927654584
5a77d3f555429967ab1052c5,R@100,0.5
5a77d4eb55429949eeb29f74,nDCG@10,0.9197207891481876
5a77d4eb55429949eeb29f74,R@100,1.0
5a77d5b855429949eeb29f77,nDCG@10,0.8772153153380493
5a77d5b855429949eeb29f77,R@100,1.0
5a77d5e655429967ab1052cc,nDCG@10,0.6131471927654584
5a77d5e655429967ab1052cc,R@100,0.5
5a77d65055429949eeb29f7b,nDCG@10,1.0
5a77d65055429949eeb29f7b,R@100,1.0
5a77dadd5542997042120b59,nDCG@10,0.6131471927654584
5a77dadd5542997042120b59,R@100,0.5
5a77dbaf5542997042120b5b,nDCG@10,0.9197207891481876
5a77dbaf5542997042120b5b,R@100,1.0
5a77ddb855429967ab1052d8,nDCG@10,1.0
5a77ddb855429967ab1052d8,R@100,1.0
5a77e2095542995d8318131d,nDCG@10,1.0
5a77e2095542995d8318131d,R@100,1.0
5a77e62b5542992a6e59dfea,nDCG@10,0.6131471927654584
5a77e62b5542992a6e59dfea,R@100,0.5
5a77e70f5542992a6e59dfeb,nDCG@10,0.6131471927654584
5a77e70f5542992a6e59dfeb,R@100,1.0
5a77e96c5542995d8318132d,nDCG@10,0.6131471927654584
5a77e96c5542995d8318132d,R@100,1.0
5a77e9c055429949eeb29fa6,nDCG@10,0.6131471927654584
5a77e9c055429949eeb29fa6,R@100,0.5
5a77edf955429967ab1052e8,nDCG@10,0.0
5a77edf955429967ab1052e8,R@100,0.5
5a77f2af5542995d83181333,nDCG@10,1.0
5a77f2af5542995d83181333,R@100,1.0
5a77f4755542992a6e59e01f,nDCG@10,1.0
5a77f4755542992a6e59e01f,R@100,1.0
5a78a7025542990784727710,nDCG@10,0.9197207891481876
5a78a7025542990784727710,R@100,1.0
5a78a84d554299148911f8fd,nDCG@10,0.5437713091520254
5a78a84d554299148911f8fd,R@100,1.0
5a78a862554299148911f8fe,nDCG@10,0.21840743681816419
5a78a862554299148911f8fe,R@100,0.5
5a78abbc554299148911f90c,nDCG@10,0.6131471927654584
5a78abbc554299148911f90c,R@100,0.5
5a78ad26554299148911f913,nDCG@10,0.6052602440527057
5a78ad26554299148911f913,R@100,1.0
5a78ae8b5542990784727730,nDCG@10,0.8175295903539445
5a78ae8b5542990784727730,R@100,1.0
5a78b209554299148911f93e,nDCG@10,0.23719771276929622
5a78b209554299148911f93e,R@100,0.5
5a78b386554299148911f949,nDCG@10,0.38685280723454163
5a78b386554299148911f949,R@100,0.5
5a78b3f7554299148911f94c,nDCG@10,1.0
5a78b3f7554299148911f94c,R@100,1.0
5a78b5f7554299148911f95b,nDCG@10,0.9197207891481876
5a78b5f7554299148911f95b,R@100,1.0
5a78bc6b554299148911f979,nDCG@10,1.0
5a78bc6b554299148911f979,R@100,1.0
5a78bd515542990784727749,nDCG@10,0.6131471927654584
5a78bd515542990784727749,R@100,0.5
5a78bd9b554299078472774a,nDCG@10,1.0
5a78bd9b554299078472774a,R@100,1.0
5a78c235554299078472775d,nDCG@10,0.8772153153380493
5a78c235554299078472775d,R@100,1.0
5a78c56455429974737f7876,nDCG@10,0.38685280723454163
5a78c56455429974737f7876,R@100,1.0
5a78c66e55429974737f787b,nDCG@10,0.9197207891481876
5a78c66e55429974737f787b,R@100,1.0
5a78c69e55429974737f787c,nDCG@10,0.8772153153380493
5a78c69e55429974737f787c,R@100,1.0
5a78c7db55429974737f7882,nDCG@10,0.9197207891481876
5a78c7db55429974737f7882,R@100,1.0
5a78caa955429970f5fffd83,nDCG@10,0.7977228895450266
5a78caa955429970f5fffd83,R@100,1.0
5a78cc7c55429974737f789f,nDCG@10,0.6131471927654584
5a78cc7c55429974737f789f,R@100,1.0
5a78ce5d55429974737f78ac,nDCG@10,0.6131471927654584
5a78ce5d55429974737f78ac,R@100,0.5
5a78ce79554299029c4b5ea1,nDCG@10,0.6131471927654584
5a78ce79554299029c4b5ea1,R@100,0.5
5a78d01d55429974737f78b3,nDCG@10,0.6131471927654584
5a78d01d55429974737f78b3,R@100,0.5
5a78d06355429974737f78b4,nDCG@10,0.0
5a78d06355429974737f78b4,R@100,1.0
5a78d16455429974737f78bb,nDCG@10,0.8772153153380493
5a78d16455429974737f78bb,R@100,1.0
5a78d2b955429974737f78c0,nDCG@10,0.6131471927654584
5a78d2b955429974737f78c0,R@100,0.5
5a78d35e55429974737f78c3,nDCG@10,1.0
5a78d35e55429974737f78c3,R@100,1.0
5a78d38455429970f5fffd94,nDCG@10,0.38685280723454163
5a78d38455429970f5fffd94,R@100,0.5
5a78d70b55429974737f78d1,nDCG@10,1.0
5a78d70b55429974737f78d1,R@100,1.0
5a78d9c455429970f5fffda7,nDCG@10,0.6131471927654584
5a78d9c455429970f5fffda7,R@100,1.0
5a78daf855429970f5fffdae,nDCG@10,1.0
5a78daf855429970f5fffdae,R@100,1.0
5a78db8055429970f5fffdb2,nDCG@10,0.2640681225725909
5a78db8055429970f5fffdb2,R@100,0.5
5a78dc4d55429970f5fffdb6,nDCG@10,0.8503449055347546
5a78dc4d55429970f5fffdb6,R@100,1.0
5a78e3b955429974737f78f1,nDCG@10,0.7903864795495061
5a78e3b955429974737f78f1,R@100,1.0
5a78e49855429974737f78f3,nDCG@10,1.0
5a78e49855429974737f78f3,R@100,1.0
5a78e86f55429974737f78fb,nDCG@10,0.6131471927654584
5a78e86f55429974737f78fb,R@100,1.0
5a78e9a2554299148911f995,nDCG@10,0.0
5a78e9a2554299148911f995,R@100,0.5
5a78e9d155429970f5fffdcc,nDCG@10,1.0
5a78e9d155429970f5fffdcc,R@100,1.0
5a78eb8155429970f5fffdd2,nDCG@10,0.6131471927654584
5a78eb8155429970f5fffdd2,R@100,1.0
5a78ed6855429970f5fffdd9,nDCG@10,0.8503449055347546
5a78ed6855429970f5fffdd9,R@100,1.0
5a78eea555429970f5fffddf,nDCG@10,1.0
5a78eea555429970f5fffddf,R@100,1.0
5a78eff155429974737f790a,nDCG@10,1.0
5a78eff155429974737f790a,R@100,1.0
5a78f05155429970f5fffde3,nDCG@10,0.38685280723454163
5a78f05155429970f5fffde3,R@100,0.5
5a78f18855429974737f7915,nDCG@10,1.0
5a78f18855429974737f7915,R@100,1.0
5a78f1b555429970f5fffde9,nDCG@10,0.0
5a78f1b555429970f5fffde9,R@100,0.0
5a78f26055429970f5fffdeb,nDCG@10,0.23719771276929622
5a78f26055429970f5fffdeb,R@100,0.5
5a78f35455429970f5fffded,nDCG@10,0.0
5a78f35455429970f5fffded,R@100,0.5
5a78f3d255429970f5fffdf1,nDCG@10,0.3065735963827292
5a78f3d255429970f5fffdf1,R@100,1.0
5a78f59755429970f5fffdf7,nDCG@10,0.6131471927654584
5a78f59755429970f5fffdf7,R@100,0.5
5a78f59755429970f5fffdf8,nDCG@10,0.6131471927654584
5a78f59755429970f5fffdf8,R@100,1.0
5a78f753554299078472776e,nDCG@10,0.6934264036172708
5a78f753554299078472776e,R@100,1.0
5a78f89055429974737f792b,nDCG@10,1.0
5a78f89055429974737f792b,R@100,1.0
5a78f8e555429970f5fffe01,nDCG@10,0.0
5a78f8e555429970f5fffe01,R@100,1.0
5a78fe8155429970f5fffe11,nDCG@10,1.0
5a78fe8155429970f5fffe11,R@100,1.0
5a790364554299029c4b5ee6,nDCG@10,0.6131471927654584
5a790364554299029c4b5ee6,R@100,1.0
5a7905ca554299148911f9c8,nDCG@10,0.0
5a7905ca554299148911f9c8,R@100,1.0
5a7905f555429974737f7947,nDCG@10,0.6131471927654584
5a7905f555429974737f7947,R@100,1.0
5a79093955429974737f794b,nDCG@10,0.8772153153380493
5a79093955429974737f794b,R@100,1.0
5a790d8f554299029c4b5eec,nDCG@10,0.17723928678404774
5a790d8f554299029c4b5eec,R@100,0.5
5a790d9855429974737f7954,nDCG@10,1.0
5a790d9855429974737f7954,R@100,1.0
5a790e69554299148911f9d7,nDCG@10,0.6131471927654584
5a790e69554299148911f9d7,R@100,0.5
5a790f5e55429970f5fffe40,nDCG@10,0.6131471927654584
5a790f5e55429970f5fffe40,R@100,0.5
5a79102a554299148911f9da,nDCG@10,0.8772153153380493
5a79102a554299148911f9da,R@100,1.0
5a79118755429974737f7962,nDCG@10,0.2640681225725909
5a79118755429974737f7962,R@100,1.0
5a79120755429974737f7966,nDCG@10,0.6131471927654584
5a79120755429974737f7966,R@100,0.5
5a7912f655429974737f796c,nDCG@10,0.6131471927654584
5a7912f655429974737f796c,R@100,0.5
5a79131a554299148911f9e3,nDCG@10,0.0
5a79131a554299148911f9e3,R@100,0.5
5a7914e155429974737f7973,nDCG@10,0.9197207891481876
5a7914e155429974737f7973,R@100,1.0
5a79178d554299029c4b5ef9,nDCG@10,0.6131471927654584
5a79178d554299029c4b5ef9,R@100,1.0
5a79186f55429907847277af,nDCG@10,0.9197207891481876
5a79186f55429907847277af,R@100,1.0
5a791a97554299148911f9f2,nDCG@10,0.8772153153380493
5a791a97554299148911f9f2,R@100,1.0
5a791ce955429974737f798e,nDCG@10,0.6131471927654584
5a791ce955429974737f798e,R@100,1.0
5a79240955429974737f79a4,nDCG@10,0.8065735963827293
5a79240955429974737f79a4,R@100,1.0
5a79257b55429974737f79a7,nDCG@10,0.8503449055347546
5a79257b55429974737f79a7,R@100,1.0
5a79258a55429974737f79a8,nDCG@10,0.9197207891481876
5a79258a55429974737f79a8,R@100,1.0
5a7929c8554299029c4b5f11,nDCG@10,0.8772153153380493
5a7929c8554299029c4b5f11,R@100,1.0
5a792ad055429907847277d1,nDCG@10,0.21840743681816419
5a792ad055429907847277d1,R@100,1.0
5a792f3e554299029c4b5f20,nDCG@10,0.23719771276929622
5a792f3e554299029c4b5f20,R@100,0.5
5a79305755429907847277dd,nDCG@10,0.9197207891481876
5a79305755429907847277dd,R@100,1.0
5a79311755429970f5fffe67,nDCG@10,0.6131471927654584
5a79311755429970f5fffe67,R@100,0.5
5a79332555429907847277e7,nDCG@10,0.6509209298071326
5a79332555429907847277e7,R@100,1.0
5a7933b255429907847277eb,nDCG@10,0.6131471927654584
5a7933b255429907847277eb,R@100,1.0
5a79395455429970f5fffe7d,nDCG@10,0.8065735963827293
5a79395455429970f5fffe7d,R@100,1.0
5a793b5b55429970f5fffe82,nDCG@10,1.0
5a793b5b55429970f5fffe82,R@100,1.0
5a793bc95542994bb9456fc3,nDCG@10,0.9197207891481876
5a793bc95542994bb9456fc3,R@100,1.0
5a793d335542994bb9456fca,nDCG@10,0.38685280723454163
5a793d335542994bb9456fca,R@100,0.5
5a793ea55542994bb9456fce,nDCG@10,0.9197207891481876
5a793ea55542994bb9456fce,R@100,1.0
5a793f505542994bb9456fd1,nDCG@10,1.0
5a793f505542994bb9456fd1,R@100,1.0
5a794119554299029c4b5f3c,nDCG@10,0.7977228895450266
5a794119554299029c4b5f3c,R@100,1.0
5a7943c655429970f5fffe89,nDCG@10,0.2640681225725909
5a7943c655429970f5fffe89,R@100,0.5
5a7943ea5542994bb9456fd3,nDCG@10,0.38685280723454163
5a7943ea5542994bb9456fd3,R@100,0.5
5a7949d45542994bb9456fdd,nDCG@10,0.38685280723454163
5a7949d45542994bb9456fdd,R@100,0.5
5a794f8155429970f5fffe95,nDCG@10,0.8772153153380493
5a794f8155429970f5fffe95,R@100,1.0
5a796bfd55429970f5fffeac,nDCG@10,0.6131471927654584
5a796bfd55429970f5fffeac,R@100,0.5
5a796c805542990784727805,nDCG@10,1.0
5a796c805542990784727805,R@100,1.0
5a797bd95542994bb9457016,nDCG@10,0.6131471927654584
5a797bd95542994bb9457016,R@100,0.5
5a7982435542994bb945701f,nDCG@10,1.0
5a7982435542994bb945701f,R@100,1.0
5a798f8c5542994bb9457023,nDCG@10,0.6131471927654584
5a798f8c5542994bb9457023,R@100,0.5
5a7997a2554299029c4b5f59,nDCG@10,0.9197207891481876
5a7997a2554299029c4b5f59,R@100,1.0
5a799dfb5542994bb9457029,nDCG@10,1.0
5a799dfb5542994bb9457029,R@100,1.0
5a79a26d554299029c4b5f63,nDCG@10,0.38685280723454163
5a79a26d554299029c4b5f63,R@100,1.0
5a79abef5542994bb9457035,nDCG@10,0.5714285040141098
5a79abef5542994bb9457035,R@100,1.0
5a79ad485542994bb9457036,nDCG@10,0.6131471927654584
5a79ad485542994bb9457036,R@100,0.5
5a79b495554299148911fa3b,nDCG@10,0.6131471927654584
5a79b495554299148911fa3b,R@100,1.0
5a79b525554299029c4b5f67,nDCG@10,0.9197207891481876
5a79b525554299029c4b5f67,R@100,1.0
5a79b7f6554299029c4b5f6f,nDCG@10,0.20438239758848611
5a79b7f6554299029c4b5f6f,R@100,1.0
5a79be0e5542994f819ef084,nDCG@10,0.5802792108518124
5a79be0e5542994f819ef084,R@100,1.0
5a79bed05542994bb9457053,nDCG@10,0.8772153153380493
5a79bed05542994bb9457053,R@100,1.0
5a79c1095542996c55b2dc62,nDCG@10,0.6131471927654584
5a79c1095542996c55b2dc62,R@100,1.0
5a79c1185542994bb9457065,nDCG@10,0.6131471927654584
5a79c1185542994bb9457065,R@100,1.0
5a79c1335542994bb9457066,nDCG@10,1.0
5a79c1335542994bb9457066,R@100,1.0
5a79c2955542994f819ef097,nDCG@10,0.6131471927654584
5a79c2955542994f819ef097,R@100,1.0
5a79c3785542994bb9457074,nDCG@10,0.20438239758848611
5a79c3785542994bb9457074,R@100,1.0
5a79c6a55542994bb9457091,nDCG@10,1.0
5a79c6a55542994bb9457091,R@100,1.0
5a79c7ac5542994bb9457097,nDCG@10,0.9197207891481876
5a79c7ac5542994bb9457097,R@100,1.0
5a79c8945542994bb945709e,nDCG@10,0.3065735963827292
5a79c8945542994bb945709e,R@100,0.5
5a79c8fa5542994bb94570a1,nDCG@10,1.0
5a79c8fa5542994bb94570a1,R@100,1.0
5a79c9395542994bb94570a2,nDCG@10,0.41443699955334395
5a79c9395542994bb94570a2,R@100,1.0
5a79c9c05542994bb94570a5,nDCG@10,0.5714285040141098
5a79c9c05542994bb94570a5,R@100,1.0
5a79c9cc554299148911fa53,nDCG@10,0.6131471927654584
5a79c9cc554299148911fa53,R@100,0.5
5a79ca585542996c55b2dc71,nDCG@10,0.8772153153380493
5a79ca585542996c55b2dc71,R@100,1.0
5a79caad5542994f819ef09f,nDCG@10,0.0
5a79caad5542994f819ef09f,R@100,0.0
5a79cabc5542994f819ef0a1,nDCG@10,0.21840743681816419
5a79cabc5542994f819ef0a1,R@100,1.0
5a79caec5542994bb94570ad,nDCG@10,0.19342640361727081
5a79caec5542994bb94570ad,R@100,1.0
5a79cd395542994bb94570be,nDCG@10,0.6131471927654584
5a79cd395542994bb94570be,R@100,0.5
5a79cd665542994bb94570bf,nDCG@10,0.2640681225725909
5a79cd665542994bb94570bf,R@100,1.0
5a79ced45542994bb94570cb,nDCG@10,0.6131471927654584
5a79ced45542994bb94570cb,R@100,0.5
5a79d2fe5542994f819ef0c3,nDCG@10,1.0
5a79d2fe5542994f819ef0c3,R@100,1.0
5a79d8ec5542996c55b2dc7e,nDCG@10,0.6131471927654584
5a79d8ec5542996c55b2dc7e,R@100,0.5
5a79dae35542994f819ef0d3,nDCG@10,0.6052602440527057
5a79dae35542994f819ef0d3,R@100,1.0
5a79db655542994bb94570f4,nDCG@10,1.0
5a79db655542994bb94570f4,R@100,1.0
5a79e1275542990198eaefe7,nDCG@10,0.6131471927654584
5a79e1275542990198eaefe7,R@100,0.5
5a79e3555542994bb945712f,nDCG@10,0.5640920940185894
5a79e3555542994bb945712f,R@100,1.0
5a79e3925542994bb9457130,nDCG@10,1.0
5a79e3925542994bb9457130,R@100,1.0
5a79e7b45542994f819ef0ff,nDCG@10,0.6131471927654584
5a79e7b45542994f819ef0ff,R@100,0.5
5a79ea435542996c55b2dc9e,nDCG@10,0.8175295903539445
5a79ea435542996c55b2dc9e,R@100,1.0
5a79ecd05542996c55b2dca1,nDCG@10,0.0
5a79ecd05542996c55b2dca1,R@100,0.5
5a79edfe5542990198eaf006,nDCG@10,0.6131471927654584
5a79edfe5542990198eaf006,R@100,1.0
5a79eef75542996c55b2dca6,nDCG@10,0.6131471927654584
5a79eef75542996c55b2dca6,R@100,0.5
5a79f04d5542996c55b2dca7,nDCG@10,0.6131471927654584
5a79f04d5542996c55b2dca7,R@100,1.0
5a79f27e5542990198eaf014,nDCG@10,0.8503449055347546
5a79f27e5542990198eaf014,R@100,1.0
5a79f37a5542996a35c17045,nDCG@10,0.6131471927654584
5a79f37a5542996a35c17045,R@100,0.5
5a79f6825542996c55b2dcb4,nDCG@10,0.9197207891481876
5a79f6825542996c55b2dcb4,R@100,1.0
5a79f6ca554299029c4b5f90,nDCG@10,1.0
5a79f6ca554299029c4b5f90,R@100,1.0
5a79f95d5542996c55b2dcbd,nDCG@10,0.3065735963827292
5a79f95d5542996c55b2dcbd,R@100,1.0
5a79fac85542996c55b2dcc1,nDCG@10,0.6131471927654584
5a79fac85542996c55b2dcc1,R@100,0.5
5a79fbd3554299029c4b5f93,nDCG@10,0.20438239758848611
5a79fbd3554299029c4b5f93,R@100,0.5
5a79fc8b5542994f819ef114,nDCG@10,1.0
5a79fc8b5542994f819ef114,R@100,1.0
5a79fe3b5542994f819ef119,nDCG@10,0.8315546295836225
5a79fe3b5542994f819ef119,R@100,1.0
5a7a014a5542996c55b2dccf,nDCG@10,0.6131471927654584
5a7a014a5542996c55b2dccf,R@100,0.5
5a7a01b15542996c55b2dcd1,nDCG@10,0.41183384043543503
5a7a01b15542996c55b2dcd1,R@100,1.0
5a7a0201554299029c4b5f9e,nDCG@10,0.6131471927654584
5a7a0201554299029c4b5f9e,R@100,1.0
5a7a030c5542996a35c17077,nDCG@10,1.0
5a7a030c5542996a35c17077,R@100,1.0
5a7a03225542996c55b2dcd5,nDCG@10,0.8315546295836225
5a7a03225542996c55b2dcd5,R@100,1.0
5a7a05485542990198eaf04c,nDCG@10,0.0
5a7a05485542990198eaf04c,R@100,0.5
5a7a05485542990783324def,nDCG@10,0.6131471927654584
5a7a05485542990783324def,R@100,0.5
5a7a06485542990198eaf04e,nDCG@10,0.6131471927654584
5a7a06485542990198eaf04e,R@100,0.5
5a7a06525542990198eaf04f,nDCG@10,1.0
5a7a06525542990198eaf04f,R@100,1.0
5a7a06775542996a35c1708c,nDCG@10,1.0
5a7a06775542996a35c1708c,R@100,1.0
5a7a073a5542990783324dfb,nDCG@10,0.9197207891481876
5a7a073a5542990783324dfb,R@100,1.0
5a7a098d5542996c55b2dce3,nDCG@10,1.0
5a7a098d5542996c55b2dce3,R@100,1.0
5a7a0a2d5542990783324e06,nDCG@10,0.6131471927654584
5a7a0a2d5542990783324e06,R@100,0.5
5a7a0e1e5542990783324e1a,nDCG@10,0.7903864795495061
5a7a0e1e5542990783324e1a,R@100,1.0
5a7a0e745542990783324e1d,nDCG@10,0.6131471927654584
5a7a0e745542990783324e1d,R@100,0.5
5a7a103b5542990783324e27,nDCG@10,0.38685280723454163
5a7a103b5542990783324e27,R@100,1.0
5a7a10755542996a35c170b1,nDCG@10,0.6934264036172708
5a7a10755542996a35c170b1,R@100,1.0
5a7a112a5542990783324e2b,nDCG@10,0.9197207891481876
5a7a112a5542990783324e2b,R@100,1.0
5a7a11c85542996a35c170b4,nDCG@10,0.6131471927654584
5a7a11c85542996a35c170b4,R@100,0.5
5a7a15d35542996a35c170c4,nDCG@10,0.6131471927654584
5a7a15d35542996a35c170c4,R@100,0.5
5a7a18b05542990783324e53,nDCG@10,0.6131471927654584
5a7a18b05542990783324e53,R@100,0.5
5a7a19765542996a35c170cf,nDCG@10,0.6131471927654584
5a7a19765542996a35c170cf,R@100,1.0
5a7a1b165542996c55b2dd10,nDCG@10,0.8772153153380493
5a7a1b165542996c55b2dd10,R@100,1.0
5a7a1b845542990783324e5f,nDCG@10,0.6131471927654584
5a7a1b845542990783324e5f,R@100,0.5
5a7a1cd85542990783324e65,nDCG@10,1.0
5a7a1cd85542990783324e65,R@100,1.0
5a7a1d305542990783324e66,nDCG@10,0.6131471927654584
5a7a1d305542990783324e66,R@100,1.0
5a7a1e635542990783324e69,nDCG@10,0.6131471927654584
5a7a1e635542990783324e69,R@100,1.0
5a7a1f795542996c55b2dd1b,nDCG@10,0.6131471927654584
5a7a1f795542996c55b2dd1b,R@100,0.5
5a7a230e5542996a35c170ee,nDCG@10,0.38685280723454163
5a7a230e5542996a35c170ee,R@100,0.5
5a7a276d5542996c55b2dd27,nDCG@10,0.6131471927654584
5a7a276d5542996c55b2dd27,R@100,0.5
5a7a27b35542996a35c1710b,nDCG@10,0.6131471927654584
5a7a27b35542996a35c1710b,R@100,0.5
5a7a27ce5542996c55b2dd28,nDCG@10,0.6131471927654584
5a7a27ce5542996c55b2dd28,R@100,0.5
5a7a2be25542996a35c17118,nDCG@10,0.3065735963827292
5a7a2be25542996a35c17118,R@100,1.0
5a7a2dac5542990198eaf0b6,nDCG@10,0.8503449055347546
5a7a2dac5542990198eaf0b6,R@100,1.0
5a7a2ec35542990783324eae,nDCG@10,1.0
5a7a2ec35542990783324eae,R@100,1.0
5a7a32225542990783324eb4,nDCG@10,0.6131471927654584
5a7a32225542990783324eb4,R@100,0.5
5a7a33205542996a35c1712f,nDCG@10,1.0
5a7a33205542996a35c1712f,R@100,1.0
5a7a33a35542994f819ef14c,nDCG@10,0.6131471927654584
5a7a33a35542994f819ef14c,R@100,0.5
5a7a34bf5542994f819ef151,nDCG@10,0.38685280723454163
5a7a34bf5542994f819ef151,R@100,0.5
5a7a36e65542990198eaf0ea,nDCG@10,0.20438239758848611
5a7a36e65542990198eaf0ea,R@100,0.5
5a7a37b85542996c55b2dd3f,nDCG@10,0.6131471927654584
5a7a37b85542996c55b2dd3f,R@100,0.5
5a7a3a2a5542996c55b2dd41,nDCG@10,0.0
5a7a3a2a5542996c55b2dd41,R@100,0.0
5a7a3a945542996a35c17147,nDCG@10,0.6131471927654584
5a7a3a945542996a35c17147,R@100,0.5
5a7a3bed5542996c55b2dd45,nDCG@10,0.6131471927654584
5a7a3bed5542996c55b2dd45,R@100,1.0
5a7a3cea5542994f819ef182,nDCG@10,0.6131471927654584
5a7a3cea5542994f819ef182,R@100,1.0
5a7a3d435542996a35c17154,nDCG@10,0.6131471927654584
5a7a3d435542996a35c17154,R@100,0.5
5a7a3dbb5542996a35c17157,nDCG@10,0.0
5a7a3dbb5542996a35c17157,R@100,0.5
5a7a3edd5542990783324ed9,nDCG@10,0.6131471927654584
5a7a3edd5542990783324ed9,R@100,1.0
5a7a43245542994f819ef19d,nDCG@10,0.6131471927654584
5a7a43245542994f819ef19d,R@100,0.5
5a7a43f25542996a35c1716c,nDCG@10,1.0
5a7a43f25542996a35c1716c,R@100,1.0
5a7a45425542990783324ee2,nDCG@10,0.6131471927654584
5a7a45425542990783324ee2,R@100,0.5
5a7a455c5542994f819ef1a7,nDCG@10,0.6240505200038379
5a7a455c5542994f819ef1a7,R@100,1.0
5a7a46605542994f819ef1ad,nDCG@10,0.20438239758848611
5a7a46605542994f819ef1ad,R@100,0.5
5a7a47be5542994f819ef1b2,nDCG@10,0.6131471927654584
5a7a47be5542994f819ef1b2,R@100,1.0
5a7a48c45542994f819ef1b7,nDCG@10,0.6131471927654584
5a7a48c45542994f819ef1b7,R@100,0.5
5a7a49d85542994f819ef1bc,nDCG@10,0.6131471927654584
5a7a49d85542994f819ef1bc,R@100,1.0
5a7a4a1d5542990198eaf108,nDCG@10,0.6131471927654584
5a7a4a1d5542990198eaf108,R@100,0.5
5a7a4ca955429941d65f25a3,nDCG@10,0.6131471927654584
5a7a4ca955429941d65f25a3,R@100,0.5
5a7a4f335542990198eaf11e,nDCG@10,0.0
5a7a4f335542990198eaf11e,R@100,1.0
5a7a4f405542994f819ef1c0,nDCG@10,0.0
5a7a4f405542994f819ef1c0,R@100,0.5
5a7a51b95542990783324f0f,nDCG@10,0.6131471927654584
5a7a51b95542990783324f0f,R@100,1.0
5a7a562355429941d65f25ba,nDCG@10,0.6131471927654584
5a7a562355429941d65f25ba,R@100,1.0
5a7a567255429941d65f25bd,nDCG@10,0.9197207891481876
5a7a567255429941d65f25bd,R@100,1.0
5a7a59d15542996c55b2dd67,nDCG@10,1.0
5a7a59d15542996c55b2dd67,R@100,1.0
5a7a5aea5542996c55b2dd6f,nDCG@10,0.6131471927654584
5a7a5aea5542996c55b2dd6f,R@100,0.5
5a7a5b3a5542996c55b2dd71,nDCG@10,0.6131471927654584
5a7a5b3a5542996c55b2dd71,R@100,0.5
5a7a5cc35542996c55b2dd7c,nDCG@10,1.0
5a7a5cc35542996c55b2dd7c,R@100,1.0
5a7a5cc955429941d65f25d6,nDCG@10,0.19342640361727081
5a7a5cc955429941d65f25d6,R@100,0.5
5a7a5ccf55429941d65f25d7,nDCG@10,1.0
5a7a5ccf55429941d65f25d7,R@100,1.0
5a7a5ea15542994f819ef1c7,nDCG@10,1.0
5a7a5ea15542994f819ef1c7,R@100,1.0
5a7a5ec855429941d65f25e4,nDCG@10,0.6131471927654584
5a7a5ec855429941d65f25e4,R@100,1.0
5a7a60f15542990783324f35,nDCG@10,1.0
5a7a60f15542990783324f35,R@100,1.0
5a7a616355429941d65f25f7,nDCG@10,0.0
5a7a616355429941d65f25f7,R@100,0.5
5a7a633a55429941d65f2609,nDCG@10,0.6131471927654584
5a7a633a55429941d65f2609,R@100,1.0
5a7a650355429941d65f2615,nDCG@10,1.0
5a7a650355429941d65f2615,R@100,1.0
5a7a651b5542990783324f40,nDCG@10,0.7977228895450266
5a7a651b5542990783324f40,R@100,1.0
5a7a68d25542996c55b2dd98,nDCG@10,0.5437713091520254
5a7a68d25542996c55b2dd98,R@100,1.0
5a7a69365542996c55b2dd9b,nDCG@10,0.9197207891481876
5a7a69365542996c55b2dd9b,R@100,1.0
5a7a6c1a5542994f819ef1d5,nDCG@10,0.6131471927654584
5a7a6c1a5542994f819ef1d5,R@100,0.5
5a7a6ec05542990783324f49,nDCG@10,0.9197207891481876
5a7a6ec05542990783324f49,R@100,1.0
5a7a6ee75542996c55b2ddac,nDCG@10,1.0
5a7a6ee75542996c55b2ddac,R@100,1.0
5a7a70b355429941d65f2647,nDCG@10,0.6131471927654584
5a7a70b355429941d65f2647,R@100,1.0
5a7a73e45542996c55b2ddb6,nDCG@10,0.17723928678404774
5a7a73e45542996c55b2ddb6,R@100,0.5
5a7a749d5542994f819ef1e0,nDCG@10,1.0
5a7a749d5542994f819ef1e0,R@100,1.0
5a7a77425542995eb53be83e,nDCG@10,0.5912352048230277
5a7a77425542995eb53be83e,R@100,1.0
5a7a7dc15542994f819ef1f2,nDCG@10,0.0
5a7a7dc15542994f819ef1f2,R@100,1.0
5a7a7e9f5542994f819ef1f4,nDCG@10,0.6131471927654584
5a7a7e9f5542994f819ef1f4,R@100,1.0
5a7a83b3554299042af8f652,nDCG@10,1.0
5a7a83b3554299042af8f652,R@100,1.0
5a7a845755429941d65f2684,nDCG@10,0.448643819352159
5a7a845755429941d65f2684,R@100,1.0
5a7a88e455429941d65f268c,nDCG@10,0.6131471927654584
5a7a88e455429941d65f268c,R@100,1.0
5a7a8a9c554299042af8f666,nDCG@10,1.0
5a7a8a9c554299042af8f666,R@100,1.0
5a7a8d15554299042af8f669,nDCG@10,0.8503449055347546
5a7a8d15554299042af8f669,R@100,1.0
5a7a8d2355429941d65f26a1,nDCG@10,0.6131471927654584
5a7a8d2355429941d65f26a1,R@100,0.5
5a7a919455429941d65f26b5,nDCG@10,0.0
5a7a919455429941d65f26b5,R@100,0.0
5a7a93115542995eb53be86f,nDCG@10,0.8772153153380493
5a7a93115542995eb53be86f,R@100,1.0
5a7a94f155429941d65f26ca,nDCG@10,0.6131471927654584
5a7a94f155429941d65f26ca,R@100,1.0
5a7a954855429941d65f26cd,nDCG@10,0.0
5a7a954855429941d65f26cd,R@100,0.5
5a7a96555542990198eaf159,nDCG@10,0.2640681225725909
5a7a96555542990198eaf159,R@100,1.0
5a7a96b055429941d65f26d7,nDCG@10,0.9197207891481876
5a7a96b055429941d65f26d7,R@100,1.0
5a7a978555429941d65f26db,nDCG@10,0.0
5a7a978555429941d65f26db,R@100,0.0
5a7a99db55429941d65f26ea,nDCG@10,0.6131471927654584
5a7a99db55429941d65f26ea,R@100,0.5
5a7a9a2255429941d65f26eb,nDCG@10,0.6131471927654584
5a7a9a2255429941d65f26eb,R@100,1.0
5a7a9b9a5542990198eaf160,nDCG@10,0.6131471927654584
5a7a9b9a5542990198eaf160,R@100,1.0
5a7a9ed55542995eb53be87d,nDCG@10,0.38685280723454163
5a7a9ed55542995eb53be87d,R@100,0.5
5a7aa07d55429941d65f2703,nDCG@10,0.6131471927654584
5a7aa07d55429941d65f2703,R@100,0.5
5a7aa0a55542990198eaf165,nDCG@10,0.9197207891481876
5a7aa0a55542990198eaf165,R@100,1.0
5a7aa2a255429941d65f270e,nDCG@10,0.5912352048230277
5a7aa2a255429941d65f270e,R@100,1.0
5a7aa5e75542992d025e66d9,nDCG@10,0.6131471927654584
5a7aa5e75542992d025e66d9,R@100,1.0
5a7aa9425542992d025e66e4,nDCG@10,0.6131471927654584
5a7aa9425542992d025e66e4,R@100,1.0
5a7ab1b055429927d897bef4,nDCG@10,0.9197207891481876
5a7ab1b055429927d897bef4,R@100,1.0
5a7ab1e955429931da12c95d,nDCG@10,0.38685280723454163
5a7ab1e955429931da12c95d,R@100,0.5
5a7ab51055429927d897bef6,nDCG@10,0.6131471927654584
5a7ab51055429927d897bef6,R@100,0.5
5a7ad6045542992d025e6706,nDCG@10,0.0
5a7ad6045542992d025e6706,R@100,0.0
5a7ad9865542995eb53be8aa,nDCG@10,0.8065735963827293
5a7ad9865542995eb53be8aa,R@100,1.0
5a7adaa35542992d025e670c,nDCG@10,1.0
5a7adaa35542992d025e670c,R@100,1.0
5a7ae2f2554299042af8f6aa,nDCG@10,1.0
5a7ae2f2554299042af8f6aa,R@100,1.0
5a7ae38c5542992d025e6721,nDCG@10,0.6131471927654584
5a7ae38c5542992d025e6721,R@100,1.0
5a7af08655429931da12c989,nDCG@10,0.6131471927654584
5a7af08655429931da12c989,R@100,1.0
5a7af1a955429931da12c98f,nDCG@10,0.9197207891481876
5a7af1a955429931da12c98f,R@100,1.0
5a7af23a55429931da12c994,nDCG@10,1.0
5a7af23a55429931da12c994,R@100,1.0
5a7af2a455429931da12c998,nDCG@10,1.0
5a7af2a455429931da12c998,R@100,1.0
5a7af32e55429931da12c99c,nDCG@10,0.6131471927654584
5a7af32e55429931da12c99c,R@100,0.5
5a7af4bb55429927d897bf1d,nDCG@10,0.8315546295836225
5a7af4bb55429927d897bf1d,R@100,1.0
5a7af4cd55429931da12c9a6,nDCG@10,0.6131471927654584
5a7af4cd55429931da12c9a6,R@100,0.5
5a7af74e55429931da12c9b5,nDCG@10,0.19342640361727081
5a7af74e55429931da12c9b5,R@100,0.5
5a7af8fa55429927d897bf25,nDCG@10,0.6240505200038379
5a7af8fa55429927d897bf25,R@100,1.0
5a7afdc85542992d025e672e,nDCG@10,0.3065735963827292
5a7afdc85542992d025e672e,R@100,0.5
5a7b01645542992d025e6734,nDCG@10,1.0
5a7b01645542992d025e6734,R@100,1.0
5a7b086a5542992d025e673a,nDCG@10,0.6131471927654584
5a7b086a5542992d025e673a,R@100,1.0
5a7b1023554299042af8f6c2,nDCG@10,0.45749452618986164
5a7b1023554299042af8f6c2,R@100,1.0
5a7b116a554299042af8f6c4,nDCG@10,0.38685280723454163
5a7b116a554299042af8f6c4,R@100,0.5
5a7b12a355429927d897bf2a,nDCG@10,0.6131471927654584
5a7b12a355429927d897bf2a,R@100,0.5
5a7b177b55429927d897bf35,nDCG@10,0.8772153153380493
5a7b177b55429927d897bf35,R@100,1.0
5a7b18d25542992d025e6768,nDCG@10,0.6131471927654584
5a7b18d25542992d025e6768,R@100,1.0
5a7b192855429927d897bf39,nDCG@10,0.6131471927654584
5a7b192855429927d897bf39,R@100,1.0
5a7b1a225542992d025e6770,nDCG@10,0.8503449055347546
5a7b1a225542992d025e6770,R@100,1.0
5a7b1a4a55429927d897bf3b,nDCG@10,1.0
5a7b1a4a55429927d897bf3b,R@100,1.0
5a7b1a82554299042af8f6cf,nDCG@10,1.0
5a7b1a82554299042af8f6cf,R@100,1.0
5a7b1bb5554299042af8f6d4,nDCG@10,0.6131471927654584
5a7b1bb5554299042af8f6d4,R@100,0.5
5a7b1c0a55429931da12c9c9,nDCG@10,0.6131471927654584
5a7b1c0a55429931da12c9c9,R@100,0.5
5a7b1c6b55429931da12c9ca,nDCG@10,0.8175295903539445
5a7b1c6b55429931da12c9ca,R@100,1.0
5a7b1c745542992d025e6777,nDCG@10,0.6131471927654584
5a7b1c745542992d025e6777,R@100,0.5
5a7b1d3b5542992d025e677a,nDCG@10,0.6131471927654584
5a7b1d3b5542992d025e677a,R@100,0.5
5a7b1e22554299042af8f6e4,nDCG@10,0.9197207891481876
5a7b1e22554299042af8f6e4,R@100,1.0
5a7b2144554299042af8f6f7,nDCG@10,0.6131471927654584
5a7b2144554299042af8f6f7,R@100,0.5
5a7b215f55429931da12c9e3,nDCG@10,1.0
5a7b215f55429931da12c9e3,R@100,1.0
5a7b220855429931da12c9e5,nDCG@10,0.6131471927654584
5a7b220855429931da12c9e5,R@100,0.5
5a7b22f8554299042af8f6ff,nDCG@10,0.6131471927654584
5a7b22f8554299042af8f6ff,R@100,0.5
5a7b23d355429931da12c9f1,nDCG@10,0.0
5a7b23d355429931da12c9f1,R@100,1.0
5a7b241b554299042af8f705,nDCG@10,1.0
5a7b241b554299042af8f705,R@100,1.0
5a7b24fe55429931da12c9f7,nDCG@10,1.0
5a7b24fe55429931da12c9f7,R@100,1.0
5a7b2a2255429927d897bf4c,nDCG@10,0.6131471927654584
5a7b2a2255429927d897bf4c,R@100,0.5
5a7b2c9155429927d897bf51,nDCG@10,0.48381288316677695
5a7b2c9155429927d897bf51,R@100,1.0
5a7b2ec755429927d897bf53,nDCG@10,1.0
5a7b2ec755429927d897bf53,R@100,1.0
5a7b374c5542995eb53be8cc,nDCG@10,0.6131471927654584
5a7b374c5542995eb53be8cc,R@100,1.0
5a7b3a2455429927d897bf5c,nDCG@10,0.23719771276929622
5a7b3a2455429927d897bf5c,R@100,0.5
5a7b3b4f5542992d025e67ac,nDCG@10,0.0
5a7b3b4f5542992d025e67ac,R@100,0.5
5a7b3d565542992d025e67b6,nDCG@10,0.23719771276929622
5a7b3d565542992d025e67b6,R@100,0.5
5a7b3ec95542995eb53be8d3,nDCG@10,0.9197207891481876
5a7b3ec95542995eb53be8d3,R@100,1.0
5a7b3f4d5542992d025e67bb,nDCG@10,0.5109559939712153
5a7b3f4d5542992d025e67bb,R@100,1.0
5a7b3fc155429931da12ca3a,nDCG@10,0.6131471927654584
5a7b3fc155429931da12ca3a,R@100,1.0
5a7b4073554299042af8f733,nDCG@10,0.0
5a7b4073554299042af8f733,R@100,0.0
5a7b40cd5542995eb53be8d4,nDCG@10,0.6131471927654584
5a7b40cd5542995eb53be8d4,R@100,1.0
5a7b413a5542992d025e67c4,nDCG@10,0.6131471927654584
5a7b413a5542992d025e67c4,R@100,1.0
5a7b41b555429931da12ca3f,nDCG@10,0.6131471927654584
5a7b41b555429931da12ca3f,R@100,1.0
5a7b43735542992d025e67cb,nDCG@10,0.6131471927654584
5a7b43735542992d025e67cb,R@100,1.0
5a7b443c5542992d025e67ce,nDCG@10,0.6131471927654584
5a7b443c5542992d025e67ce,R@100,1.0
5a7b46e55542995eb53be8e5,nDCG@10,0.8065735963827293
5a7b46e55542995eb53be8e5,R@100,1.0
5a7b47765542992d025e67d8,nDCG@10,1.0
5a7b47765542992d025e67d8,R@100,1.0
5a7b48b15542995eb53be8eb,nDCG@10,0.6131471927654584
5a7b48b15542995eb53be8eb,R@100,1.0
5a7b493855429931da12ca58,nDCG@10,0.0
5a7b493855429931da12ca58,R@100,0.5
5a7b4bc35542992d025e67e0,nDCG@10,1.0
5a7b4bc35542992d025e67e0,R@100,1.0
5a7b4d765542995eb53be8fe,nDCG@10,0.8772153153380493
5a7b4d765542995eb53be8fe,R@100,1.0
5a7b4fee554299042af8f748,nDCG@10,0.19342640361727081
5a7b4fee554299042af8f748,R@100,0.5
5a7b537555429927d897bf90,nDCG@10,0.6131471927654584
5a7b537555429927d897bf90,R@100,0.5
5a7b542455429927d897bf92,nDCG@10,1.0
5a7b542455429927d897bf92,R@100,1.0
5a7b55375542995eb53be91f,nDCG@10,0.6131471927654584
5a7b55375542995eb53be91f,R@100,0.5
5a7b55bc55429927d897bf98,nDCG@10,0.6131471927654584
5a7b55bc55429927d897bf98,R@100,1.0
5a7b57155542992d025e680f,nDCG@10,1.0
5a7b57155542992d025e680f,R@100,1.0
5a7b581a5542992d025e6815,nDCG@10,0.2640681225725909
5a7b581a5542992d025e6815,R@100,1.0
5a7b59115542995eb53be923,nDCG@10,0.9197207891481876
5a7b59115542995eb53be923,R@100,1.0
5a7b5af7554299042af8f752,nDCG@10,0.6131471927654584
5a7b5af7554299042af8f752,R@100,1.0
5a7b5aff55429931da12ca6d,nDCG@10,0.23719771276929622
5a7b5aff55429931da12ca6d,R@100,0.5
5a7b60605542995eb53be931,nDCG@10,0.9197207891481876
5a7b60605542995eb53be931,R@100,1.0
5a7b63eb55429931da12ca7e,nDCG@10,0.8175295903539445
5a7b63eb55429931da12ca7e,R@100,1.0
5a7b65ab5542997c3ec97144,nDCG@10,0.6131471927654584
5a7b65ab5542997c3ec97144,R@100,1.0
5a7b66135542997c3ec97145,nDCG@10,1.0
5a7b66135542997c3ec97145,R@100,1.0
5a7b681b554299042af8f767,nDCG@10,1.0
5a7b681b554299042af8f767,R@100,1.0
5a7b68525542997c3ec97151,nDCG@10,0.38685280723454163
5a7b68525542997c3ec97151,R@100,1.0
5a7b68a75542997c3ec97153,nDCG@10,0.6131471927654584
5a7b68a75542997c3ec97153,R@100,1.0
5a7b695f5542997c3ec97156,nDCG@10,0.9197207891481876
5a7b695f5542997c3ec97156,R@100,1.0
5a7b69b155429927d897bfbc,nDCG@10,1.0
5a7b69b155429927d897bfbc,R@100,1.0
5a7b6e1d5542997c3ec9716e,nDCG@10,0.8772153153380493
5a7b6e1d5542997c3ec9716e,R@100,1.0
5a7b72e15542997c3ec97187,nDCG@10,0.6131471927654584
5a7b72e15542997c3ec97187,R@100,1.0
5a7b735c5542997c3ec9718a,nDCG@10,0.6131471927654584
5a7b735c5542997c3ec9718a,R@100,0.5
5a7b73ad5542997c3ec9718c,nDCG@10,1.0
5a7b73ad5542997c3ec9718c,R@100,1.0
5a7b74485542997c3ec97190,nDCG@10,0.6131471927654584
5a7b74485542997c3ec97190,R@100,1.0
5a7b76225542997c3ec9719c,nDCG@10,0.8315546295836225
5a7b76225542997c3ec9719c,R@100,1.0
5a7b76735542997c3ec9719f,nDCG@10,0.6131471927654584
5a7b76735542997c3ec9719f,R@100,1.0
5a7b77d95542997c3ec971a5,nDCG@10,0.6131471927654584
5a7b77d95542997c3ec971a5,R@100,0.5
5a7b782455429927d897bfd7,nDCG@10,0.0
5a7b782455429927d897bfd7,R@100,1.0
5a7b78c35542997c3ec971a9,nDCG@10,0.0
5a7b78c35542997c3ec971a9,R@100,0.5
5a7b7bed5542997c3ec971bc,nDCG@10,0.6131471927654584
5a7b7bed5542997c3ec971bc,R@100,0.5
5a7b7ff75542995eb53be93d,nDCG@10,0.3065735963827292
5a7b7ff75542995eb53be93d,R@100,0.5
5a7b81715542997c3ec971d4,nDCG@10,0.2640681225725909
5a7b81715542997c3ec971d4,R@100,1.0
5a7b820c5542997c3ec971d8,nDCG@10,0.6131471927654584
5a7b820c5542997c3ec971d8,R@100,0.5
5a7b85ac5542997c3ec971ef,nDCG@10,0.5714285040141098
5a7b85ac5542997c3ec971ef,R@100,1.0
5a7b85c4554299294a54a9d7,nDCG@10,1.0
5a7b85c4554299294a54a9d7,R@100,1.0
5a7b8749554299294a54a9db,nDCG@10,0.6131471927654584
5a7b8749554299294a54a9db,R@100,1.0
5a7b88165542997c3ec971fe,nDCG@10,0.0
5a7b88165542997c3ec971fe,R@100,0.0
5a7b88a85542995eb53be954,nDCG@10,1.0
5a7b88a85542995eb53be954,R@100,1.0
5a7b88b45542997c3ec97201,nDCG@10,0.6131471927654584
5a7b88b45542997c3ec97201,R@100,1.0
5a7b895c5542997c3ec97206,nDCG@10,0.6131471927654584
5a7b895c5542997c3ec97206,R@100,0.5
5a7b89a3554299294a54a9e3,nDCG@10,0.6131471927654584
5a7b89a3554299294a54a9e3,R@100,0.5
5a7b8cc7554299294a54a9ea,nDCG@10,0.9197207891481876
5a7b8cc7554299294a54a9ea,R@100,1.0
5a7b8d4955429927d897bfeb,nDCG@10,0.6131471927654584
5a7b8d4955429927d897bfeb,R@100,1.0
5a7b8f5e554299294a54a9f6,nDCG@10,0.8175295903539445
5a7b8f5e554299294a54a9f6,R@100,1.0
5a7b8f66554299294a54a9f7,nDCG@10,0.6131471927654584
5a7b8f66554299294a54a9f7,R@100,0.5
5a7b971255429927d897bff3,nDCG@10,1.0
5a7b971255429927d897bff3,R@100,1.0
5a7b9a8a554299042af8f78d,nDCG@10,0.6131471927654584
5a7b9a8a554299042af8f78d,R@100,1.0
5a7b9f1f554299294a54aa2a,nDCG@10,1.0
5a7b9f1f554299294a54aa2a,R@100,1.0
5a7b9fac554299294a54aa2f,nDCG@10,0.6131471927654584
5a7b9fac554299294a54aa2f,R@100,1.0
5a7ba11d554299294a54aa39,nDCG@10,0.8175295903539445
5a7ba11d554299294a54aa39,R@100,1.0
5a7ba4765542995eb53be976,nDCG@10,0.8772153153380493
5a7ba4765542995eb53be976,R@100,1.0
5a7ba83f5542995eb53be981,nDCG@10,0.38685280723454163
5a7ba83f5542995eb53be981,R@100,0.5
5a7ba8fc5542995eb53be986,nDCG@10,1.0
5a7ba8fc5542995eb53be986,R@100,1.0
5a7baae2554299042af8f794,nDCG@10,0.6131471927654584
5a7baae2554299042af8f794,R@100,0.5
5a7bacf2554299294a54aa8d,nDCG@10,0.6131471927654584
5a7bacf2554299294a54aa8d,R@100,0.5
5a7bacf35542997c3ec9724b,nDCG@10,0.6131471927654584
5a7bacf35542997c3ec9724b,R@100,1.0
5a7bae20554299294a54aa96,nDCG@10,0.6131471927654584
5a7bae20554299294a54aa96,R@100,0.5
5a7bae775542995eb53be995,nDCG@10,0.6131471927654584
5a7bae775542995eb53be995,R@100,1.0
5a7bb16f554299294a54aa9f,nDCG@10,1.0
5a7bb16f554299294a54aa9f,R@100,1.0
5a7bb2595542995eb53be99b,nDCG@10,0.38685280723454163
5a7bb2595542995eb53be99b,R@100,1.0
5a7bb52355429927d897c01a,nDCG@10,0.6131471927654584
5a7bb52355429927d897c01a,R@100,0.5
5a7bb7f2554299042af8f7b6,nDCG@10,1.0
5a7bb7f2554299042af8f7b6,R@100,1.0
5a7bb983554299042af8f7c1,nDCG@10,0.6131471927654584
5a7bb983554299042af8f7c1,R@100,1.0
5a7bbb64554299042af8f7cc,nDCG@10,0.8772153153380493
5a7bbb64554299042af8f7cc,R@100,1.0
5a7bbc59554299294a54aaa9,nDCG@10,1.0
5a7bbc59554299294a54aaa9,R@100,1.0
5a7bbcd65542997c3ec97268,nDCG@10,0.6131471927654584
5a7bbcd65542997c3ec97268,R@100,1.0
5a7bbee85542997c3ec97270,nDCG@10,1.0
5a7bbee85542997c3ec97270,R@100,1.0
5a7bc0755542995eb53be9a5,nDCG@10,0.6052602440527057
5a7bc0755542995eb53be9a5,R@100,1.0
5a7bc1bf55429927d897c033,nDCG@10,0.7977228895450266
5a7bc1bf55429927d897c033,R@100,1.0
5a7bc42e554299294a54aabe,nDCG@10,0.0
5a7bc42e554299294a54aabe,R@100,1.0
5a7bc5f255429927d897c03e,nDCG@10,1.0
5a7bc5f255429927d897c03e,R@100,1.0
5a7bcbc8554299294a54aae2,nDCG@10,0.6131471927654584
5a7bcbc8554299294a54aae2,R@100,1.0
5a7bcc0f554299042af8f7e2,nDCG@10,0.20438239758848611
5a7bcc0f554299042af8f7e2,R@100,0.5
5a7bcd68554299294a54aaf0,nDCG@10,0.9197207891481876
5a7bcd68554299294a54aaf0,R@100,1.0
5a7bd25a554299294a54ab13,nDCG@10,1.0
5a7bd25a554299294a54ab13,R@100,1.0
5a7bd286554299683c1c62bd,nDCG@10,0.0
5a7bd286554299683c1c62bd,R@100,0.5
5a7bd791554299683c1c62c2,nDCG@10,0.6131471927654584
5a7bd791554299683c1c62c2,R@100,1.0
5a7be1ab5542997c3ec972a9,nDCG@10,0.8772153153380493
5a7be1ab5542997c3ec972a9,R@100,1.0
5a7be2595542997c3ec972ac,nDCG@10,0.23719771276929622
5a7be2595542997c3ec972ac,R@100,1.0
5a7be294554299294a54ab44,nDCG@10,0.6131471927654584
5a7be294554299294a54ab44,R@100,0.5
5a7be5bd5542997c3ec972ba,nDCG@10,1.0
5a7be5bd5542997c3ec972ba,R@100,1.0
5a7bea3d5542996dd594b847,nDCG@10,0.6131471927654584
5a7bea3d5542996dd594b847,R@100,0.5
5a7bf0d75542996dd594b85c,nDCG@10,1.0
5a7bf0d75542996dd594b85c,R@100,1.0
5a7bf3da5542996dd594b869,nDCG@10,0.6131471927654584
5a7bf3da5542996dd594b869,R@100,0.5
5a7bf84b5542996dd594b875,nDCG@10,1.0
5a7bf84b5542996dd594b875,R@100,1.0
5a7c00a55542996dd594b87e,nDCG@10,0.6131471927654584
5a7c00a55542996dd594b87e,R@100,0.5
5a7c02c45542996dd594b880,nDCG@10,0.6131471927654584
5a7c02c45542996dd594b880,R@100,0.5
5a7c04c85542996dd594b881,nDCG@10,0.6131471927654584
5a7c04c85542996dd594b881,R@100,1.0
5a7c07e15542997c3ec972c7,nDCG@10,0.6131471927654584
5a7c07e15542997c3ec972c7,R@100,1.0
5a7c084d5542997c3ec972c8,nDCG@10,0.2640681225725909
5a7c084d5542997c3ec972c8,R@100,0.5
5a7c0aa15542997c3ec972cd,nDCG@10,0.0
5a7c0aa15542997c3ec972cd,R@100,0.0
5a7c0dab5542997c3ec972d2,nDCG@10,0.6131471927654584
5a7c0dab5542997c3ec972d2,R@100,0.5
5a7c17c95542990527d5544d,nDCG@10,0.6131471927654584
5a7c17c95542990527d5544d,R@100,1.0
5a7c220b5542990527d5545c,nDCG@10,0.6131471927654584
5a7c220b5542990527d5545c,R@100,0.5
5a7c221f554299683c1c62d2,nDCG@10,0.6131471927654584
5a7c221f554299683c1c62d2,R@100,1.0
5a7c22bb554299683c1c62d3,nDCG@10,0.7977228895450266
5a7c22bb554299683c1c62d3,R@100,1.0
5a7c25035542997c3ec972e5,nDCG@10,0.8772153153380493
5a7c25035542997c3ec972e5,R@100,1.0
5a7c25895542997c3ec972e6,nDCG@10,0.2640681225725909
5a7c25895542997c3ec972e6,R@100,1.0
5a7c2819554299683c1c62db,nDCG@10,1.0
5a7c2819554299683c1c62db,R@100,1.0
5a7c290c5542990527d55468,nDCG@10,0.6131471927654584
5a7c290c5542990527d55468,R@100,0.5
5a7c2f145542996dd594b8b4,nDCG@10,0.40298313359773236
5a7c2f145542996dd594b8b4,R@100,1.0
5a7c3178554299683c1c62e1,nDCG@10,1.0
5a7c3178554299683c1c62e1,R@100,1.0
5a7c34905542996dd594b8d5,nDCG@10,0.8503449055347546
5a7c34905542996dd594b8d5,R@100,1.0
5a7c35025542996dd594b8d7,nDCG@10,0.6131471927654584
5a7c35025542996dd594b8d7,R@100,0.5
5a7c38c955429935c91b5132,nDCG@10,1.0
5a7c38c955429935c91b5132,R@100,1.0
5a7c43c65542990527d5547e,nDCG@10,0.38685280723454163
5a7c43c65542990527d5547e,R@100,1.0
5a7c465a5542990527d5547f,nDCG@10,0.6131471927654584
5a7c465a5542990527d5547f,R@100,0.5
5a7c47c35542990527d55481,nDCG@10,1.0
5a7c47c35542990527d55481,R@100,1.0
5a7c49dc55429935c91b514f,nDCG@10,1.0
5a7c49dc55429935c91b514f,R@100,1.0
5a7c4a6455429907fabeef53,nDCG@10,0.6131471927654584
5a7c4a6455429907fabeef53,R@100,1.0
5a7c4e655542990527d55489,nDCG@10,0.9197207891481876
5a7c4e655542990527d55489,R@100,1.0
5a7c53a855429935c91b515d,nDCG@10,0.6131471927654584
5a7c53a855429935c91b515d,R@100,0.5
5a7c54eb554299683c1c62e8,nDCG@10,0.6131471927654584
5a7c54eb554299683c1c62e8,R@100,1.0
5a7c572655429935c91b5166,nDCG@10,0.6131471927654584
5a7c572655429935c91b5166,R@100,1.0
5a7c5a87554299683c1c62eb,nDCG@10,0.0
5a7c5a87554299683c1c62eb,R@100,0.0
5a7c5de155429935c91b5179,nDCG@10,0.6131471927654584
5a7c5de155429935c91b5179,R@100,1.0
5a7c634c55429907fabeef79,nDCG@10,0.0
5a7c634c55429907fabeef79,R@100,1.0
5a7c646e55429907fabeef7c,nDCG@10,1.0
5a7c646e55429907fabeef7c,R@100,1.0
5a7c64bc5542996dd594b913,nDCG@10,0.0
5a7c64bc5542996dd594b913,R@100,1.0
5a7c651a55429935c91b5188,nDCG@10,1.0
5a7c651a55429935c91b5188,R@100,1.0
5a7c66d555429935c91b518f,nDCG@10,0.20438239758848611
5a7c66d555429935c91b518f,R@100,1.0
5a7c6753554299683c1c62f9,nDCG@10,0.38685280723454163
5a7c6753554299683c1c62f9,R@100,1.0
5a7c67c15542990527d55498,nDCG@10,0.2640681225725909
5a7c67c15542990527d55498,R@100,0.5
5a7c68575542996dd594b91c,nDCG@10,0.0
5a7c68575542996dd594b91c,R@100,1.0
5a7c6b6655429935c91b519a,nDCG@10,0.38685280723454163
5a7c6b6655429935c91b519a,R@100,0.5
5a7c6b86554299683c1c62ff,nDCG@10,1.0
5a7c6b86554299683c1c62ff,R@100,1.0
5a7c6bcc55429935c91b519c,nDCG@10,1.0
5a7c6bcc55429935c91b519c,R@100,1.0
5a7c6c9d554299683c1c6302,nDCG@10,0.6131471927654584
5a7c6c9d554299683c1c6302,R@100,0.5
5a7c6d98554299683c1c6304,nDCG@10,0.9197207891481876
5a7c6d98554299683c1c6304,R@100,1.0
5a7c6e435542996dd594b933,nDCG@10,0.23719771276929622
5a7c6e435542996dd594b933,R@100,0.5
5a7c6ed3554299683c1c6306,nDCG@10,0.6131471927654584
5a7c6ed3554299683c1c6306,R@100,0.5
5a7c6fde55429907fabeef87,nDCG@10,0.6131471927654584
5a7c6fde55429907fabeef87,R@100,0.5
5a7c703055429935c91b51aa,nDCG@10,1.0
5a7c703055429935c91b51aa,R@100,1.0
5a7c716d55429935c91b51b3,nDCG@10,0.0
5a7c716d55429935c91b51b3,R@100,1.0
5a7c74a65542990527d554b0,nDCG@10,0.17723928678404774
5a7c74a65542990527d554b0,R@100,0.5
5a7c75045542990527d554b2,nDCG@10,0.8315546295836225
5a7c75045542990527d554b2,R@100,1.0
5a7c76275542990527d554b4,nDCG@10,0.0
5a7c76275542990527d554b4,R@100,1.0
5a7c762d55429935c91b51c7,nDCG@10,0.3065735963827292
5a7c762d55429935c91b51c7,R@100,0.5
5a7c784055429907fabeef98,nDCG@10,1.0
5a7c784055429907fabeef98,R@100,1.0
5a7c78c955429935c91b51d2,nDCG@10,0.6131471927654584
5a7c78c955429935c91b51d2,R@100,0.5
5a7c7c225542996dd594b93f,nDCG@10,1.0
5a7c7c225542996dd594b93f,R@100,1.0
5a7c80ab55429907fabeefa3,nDCG@10,1.0
5a7c80ab55429907fabeefa3,R@100,1.0
5a7c827e55429907fabeefa7,nDCG@10,0.6131471927654584
5a7c827e55429907fabeefa7,R@100,0.5
5a7c8a3b55429935c91b5204,nDCG@10,0.38685280723454163
5a7c8a3b55429935c91b5204,R@100,0.5
5a7c8ae855429935c91b5207,nDCG@10,0.3065735963827292
5a7c8ae855429935c91b5207,R@100,1.0
5a7c8cea55429935c91b5214,nDCG@10,0.6131471927654584
5a7c8cea55429935c91b5214,R@100,1.0
5a7c8e7955429935c91b521a,nDCG@10,0.6131471927654584
5a7c8e7955429935c91b521a,R@100,1.0
5a7c90125542990527d554d1,nDCG@10,0.6131471927654584
5a7c90125542990527d554d1,R@100,0.5
5a7c917e5542990527d554d3,nDCG@10,0.6131471927654584
5a7c917e5542990527d554d3,R@100,0.5
5a7c960655429935c91b5244,nDCG@10,0.0
5a7c960655429935c91b5244,R@100,0.5
5a7c96765542990527d554d8,nDCG@10,0.4227898344066503
5a7c96765542990527d554d8,R@100,1.0
5a7c96e55542990527d554d9,nDCG@10,0.38685280723454163
5a7c96e55542990527d554d9,R@100,0.5
5a7c988755429935c91b524d,nDCG@10,0.3065735963827292
5a7c988755429935c91b524d,R@100,0.5
5a7c99705542990527d554de,nDCG@10,0.6131471927654584
5a7c99705542990527d554de,R@100,0.5
5a7c99d555429935c91b5254,nDCG@10,0.8503449055347546
5a7c99d555429935c91b5254,R@100,1.0
5a7c9cc45542990527d554e1,nDCG@10,0.6131471927654584
5a7c9cc45542990527d554e1,R@100,1.0
5a7c9d2e55429935c91b5261,nDCG@10,1.0
5a7c9d2e55429935c91b5261,R@100,1.0
5a7c9ead5542990527d554e4,nDCG@10,0.0
5a7c9ead5542990527d554e4,R@100,0.0
5a7c9f325542990527d554e6,nDCG@10,0.2640681225725909
5a7c9f325542990527d554e6,R@100,0.5
5a7ca0ef55429907fabeefd3,nDCG@10,1.0
5a7ca0ef55429907fabeefd3,R@100,1.0
5a7ca33f5542990527d554ee,nDCG@10,1.0
5a7ca33f5542990527d554ee,R@100,1.0
5a7ca4485542990527d554f1,nDCG@10,0.6131471927654584
5a7ca4485542990527d554f1,R@100,0.5
5a7ca55b55429907fabeefe0,nDCG@10,0.6131471927654584
5a7ca55b55429907fabeefe0,R@100,0.5
5a7ca74c55429907fabeefe9,nDCG@10,1.0
5a7ca74c55429907fabeefe9,R@100,1.0
5a7ca95b55429935c91b5287,nDCG@10,0.6131471927654584
5a7ca95b55429935c91b5287,R@100,1.0
5a7ca98f55429935c91b5288,nDCG@10,0.21840743681816419
5a7ca98f55429935c91b5288,R@100,0.5
5a7caae75542996dd594b971,nDCG@10,0.0
5a7caae75542996dd594b971,R@100,0.0
5a7cad635542996dd594b97f,nDCG@10,1.0
5a7cad635542996dd594b97f,R@100,1.0
5a7cb2ed5542990527d55505,nDCG@10,0.6131471927654584
5a7cb2ed5542990527d55505,R@100,0.5
5a7cb5f0554299452d57b9b5,nDCG@10,0.6131471927654584
5a7cb5f0554299452d57b9b5,R@100,0.5
5a7cb84a554299683c1c6350,nDCG@10,1.0
5a7cb84a554299683c1c6350,R@100,1.0
5a7cb8bc554299452d57b9be,nDCG@10,0.8503449055347546
5a7cb8bc554299452d57b9be,R@100,1.0
5a7cb94f554299683c1c6353,nDCG@10,0.2640681225725909
5a7cb94f554299683c1c6353,R@100,0.5
5a7cb993554299452d57b9c2,nDCG@10,0.6131471927654584
5a7cb993554299452d57b9c2,R@100,1.0
5a7cb9985542990527d55514,nDCG@10,0.6131471927654584
5a7cb9985542990527d55514,R@100,0.5
5a7cb9b95542990527d55515,nDCG@10,0.6131471927654584
5a7cb9b95542990527d55515,R@100,0.5
5a7cba005542990527d55516,nDCG@10,0.6131471927654584
5a7cba005542990527d55516,R@100,1.0
5a7cbf8c554299452d57b9f4,nDCG@10,0.38685280723454163
5a7cbf8c554299452d57b9f4,R@100,0.5
5a7cbf93554299452d57b9f5,nDCG@10,0.8065735963827293
5a7cbf93554299452d57b9f5,R@100,1.0
5a7cc0d4554299452d57ba07,nDCG@10,0.6131471927654584
5a7cc0d4554299452d57ba07,R@100,1.0
5a7cc28f554299452d57ba1c,nDCG@10,0.0
5a7cc28f554299452d57ba1c,R@100,1.0
5a7cc50e554299452d57ba3e,nDCG@10,0.8503449055347546
5a7cc50e554299452d57ba3e,R@100,1.0
5a7cc58f554299452d57ba45,nDCG@10,0.23719771276929622
5a7cc58f554299452d57ba45,R@100,0.5
5a7cc59c55429909bec767fb,nDCG@10,0.6131471927654584
5a7cc59c55429909bec767fb,R@100,1.0
5a7cc5f9554299452d57ba49,nDCG@10,1.0
5a7cc5f9554299452d57ba49,R@100,1.0
5a7cc700554299452d57ba4e,nDCG@10,0.6131471927654584
5a7cc700554299452d57ba4e,R@100,1.0
5a7cc9db55429907fabef036,nDCG@10,0.6131471927654584
5a7cc9db55429907fabef036,R@100,0.5
5a7ccb3655429909bec7680b,nDCG@10,1.0
5a7ccb3655429909bec7680b,R@100,1.0
5a7ccc1e55429909bec7680e,nDCG@10,0.0
5a7ccc1e55429909bec7680e,R@100,0.0
5a7cce4b554299683c1c6388,nDCG@10,0.6509209298071326
5a7cce4b554299683c1c6388,R@100,1.0
5a7cd0fd55429909bec76823,nDCG@10,0.38685280723454163
5a7cd0fd55429909bec76823,R@100,1.0
5a7cd280554299452d57ba7f,nDCG@10,0.6131471927654584
5a7cd280554299452d57ba7f,R@100,0.5
5a7cd28c554299452d57ba80,nDCG@10,0.17723928678404774
5a7cd28c554299452d57ba80,R@100,1.0
5a7cd5b05542990527d5553d,nDCG@10,0.6131471927654584
5a7cd5b05542990527d5553d,R@100,1.0
5a7cd66a554299452d57ba90,nDCG@10,0.6131471927654584
5a7cd66a554299452d57ba90,R@100,1.0
5a7cd72055429909bec7683b,nDCG@10,0.6131471927654584
5a7cd72055429909bec7683b,R@100,0.5
5a7cd7f055429909bec7683e,nDCG@10,0.5437713091520254
5a7cd7f055429909bec7683e,R@100,1.0
5a7cd8da55429909bec76845,nDCG@10,1.0
5a7cd8da55429909bec76845,R@100,1.0
5a7cdc1b55429907fabef04d,nDCG@10,0.6131471927654584
5a7cdc1b55429907fabef04d,R@100,0.5
5a7cdc54554299683c1c63a5,nDCG@10,0.6131471927654584
5a7cdc54554299683c1c63a5,R@100,1.0
5a7cdcbf55429907fabef04f,nDCG@10,0.6131471927654584
5a7cdcbf55429907fabef04f,R@100,0.5
5a7cdd1c554299683c1c63a8,nDCG@10,0.38685280723454163
5a7cdd1c554299683c1c63a8,R@100,0.5
5a7cdd6b55429909bec76858,nDCG@10,0.6131471927654584
5a7cdd6b55429909bec76858,R@100,1.0
5a7cde68554299683c1c63ac,nDCG@10,1.0
5a7cde68554299683c1c63ac,R@100,1.0
5a7cdf89554299683c1c63b0,nDCG@10,0.6131471927654584
5a7cdf89554299683c1c63b0,R@100,0.5
5a7ce0bc55429909bec76863,nDCG@10,0.6131471927654584
5a7ce0bc55429909bec76863,R@100,1.0
5a7ce0ce554299452d57ba92,nDCG@10,0.6131471927654584
5a7ce0ce554299452d57ba92,R@100,0.5
5a7ce100554299683c1c63b5,nDCG@10,0.8315546295836225
5a7ce100554299683c1c63b5,R@100,1.0
5a7ce444554299683c1c63c1,nDCG@10,0.8772153153380493
5a7ce444554299683c1c63c1,R@100,1.0
5a7ce50f55429909bec76869,nDCG@10,1.0
5a7ce50f55429909bec76869,R@100,1.0
5a7ce6bf55429909bec7686c,nDCG@10,0.6131471927654584
5a7ce6bf55429909bec7686c,R@100,0.5
5a7ce7b755429909bec76872,nDCG@10,0.9197207891481876
5a7ce7b755429909bec76872,R@100,1.0
5a7ced4355429909bec76895,nDCG@10,0.5912352048230277
5a7ced4355429909bec76895,R@100,1.0
5a7cef5d55429909bec768ac,nDCG@10,0.6131471927654584
5a7cef5d55429909bec768ac,R@100,0.5
5a7cef6955429909bec768ad,nDCG@10,1.0
5a7cef6955429909bec768ad,R@100,1.0
5a7cefcf55429909bec768af,nDCG@10,0.6131471927654584
5a7cefcf55429909bec768af,R@100,1.0
5a7cf29255429909bec768b8,nDCG@10,0.6131471927654584
5a7cf29255429909bec768b8,R@100,0.5
5a7cf3d655429909bec768bf,nDCG@10,0.8315546295836225
5a7cf3d655429909bec768bf,R@100,1.0
5a7cf4e355429907fabef062,nDCG@10,0.8772153153380493
5a7cf4e355429907fabef062,R@100,1.0
5a7cf59b55429909bec768c7,nDCG@10,0.6131471927654584
5a7cf59b55429909bec768c7,R@100,0.5
5a7cfb2755429907fabef084,nDCG@10,0.0
5a7cfb2755429907fabef084,R@100,0.5
5a7cfea2554299452d57babe,nDCG@10,0.6131471927654584
5a7cfea2554299452d57babe,R@100,0.5
5a7cff5755429907fabef09d,nDCG@10,0.6131471927654584
5a7cff5755429907fabef09d,R@100,0.5
5a7cffb755429907fabef09f,nDCG@10,0.0
5a7cffb755429907fabef09f,R@100,0.0
5a7d003b55429907fabef0a1,nDCG@10,0.2640681225725909
5a7d003b55429907fabef0a1,R@100,0.5
5a7d043755429909bec768f7,nDCG@10,0.7903864795495061
5a7d043755429909bec768f7,R@100,1.0
5a7d052255429909bec768fd,nDCG@10,0.6131471927654584
5a7d052255429909bec768fd,R@100,0.5
5a7d07a455429907fabef0ae,nDCG@10,0.6131471927654584
5a7d07a455429907fabef0ae,R@100,1.0
5a7d109855429909bec7692f,nDCG@10,0.6131471927654584
5a7d109855429909bec7692f,R@100,0.5
5a7d115355429909bec76934,nDCG@10,0.6131471927654584
5a7d115355429909bec76934,R@100,0.5
5a7d119d5542995ed0d165d5,nDCG@10,1.0
5a7d119d5542995ed0d165d5,R@100,1.0
5a7d147955429909bec76942,nDCG@10,0.23719771276929622
5a7d147955429909bec76942,R@100,0.5
5a7d158155429909bec76947,nDCG@10,0.6131471927654584
5a7d158155429909bec76947,R@100,0.5
5a7d1765554299452d57bade,nDCG@10,0.6131471927654584
5a7d1765554299452d57bade,R@100,0.5
5a7d1868554299452d57bae2,nDCG@10,0.6131471927654584
5a7d1868554299452d57bae2,R@100,1.0
5a7d19d85542995ed0d165e8,nDCG@10,0.0
5a7d19d85542995ed0d165e8,R@100,0.5
5a7d1bf65542995ed0d165f0,nDCG@10,0.6131471927654584
5a7d1bf65542995ed0d165f0,R@100,0.5
5a7d1c525542995ed0d165f2,nDCG@10,0.21840743681816419
5a7d1c525542995ed0d165f2,R@100,0.5
5a7d1d825542995ed0d165f5,nDCG@10,0.6131471927654584
5a7d1d825542995ed0d165f5,R@100,0.5
5a7d1e685542995ed0d165f7,nDCG@10,0.6131471927654584
5a7d1e685542995ed0d165f7,R@100,0.5
5a7d215255429909bec76979,nDCG@10,0.0
5a7d215255429909bec76979,R@100,0.5
5a7d22dc5542995ed0d16600,nDCG@10,0.19342640361727081
5a7d22dc5542995ed0d16600,R@100,1.0
5a7d26bd554299452d57bb28,nDCG@10,0.6131471927654584
5a7d26bd554299452d57bb28,R@100,1.0
5a7d26fd554299452d57bb2a,nDCG@10,0.6131471927654584
5a7d26fd554299452d57bb2a,R@100,0.5
5a7d27f05542995ed0d1660d,nDCG@10,0.6131471927654584
5a7d27f05542995ed0d1660d,R@100,0.5
5a7d2aa05542995f4f40221f,nDCG@10,0.6131471927654584
5a7d2aa05542995f4f40221f,R@100,1.0
5a7d2afb554299452d57bb41,nDCG@10,1.0
5a7d2afb554299452d57bb41,R@100,1.0
5a7d2afd5542995f4f402221,nDCG@10,0.8503449055347546
5a7d2afd5542995f4f402221,R@100,1.0
5a7d2b2b5542995ed0d1661b,nDCG@10,0.8772153153380493
5a7d2b2b5542995ed0d1661b,R@100,1.0
5a7d2b535542995f4f402224,nDCG@10,0.0
5a7d2b535542995f4f402224,R@100,0.5
5a7d2b5755429907fabef0c2,nDCG@10,0.8065735963827293
5a7d2b5755429907fabef0c2,R@100,1.0
5a7d2c8d5542995ed0d16624,nDCG@10,0.23719771276929622
5a7d2c8d5542995ed0d16624,R@100,1.0
5a7d2ecc5542995ed0d16629,nDCG@10,0.8772153153380493
5a7d2ecc5542995ed0d16629,R@100,1.0
5a7d32af55429907fabef0ca,nDCG@10,1.0
5a7d32af55429907fabef0ca,R@100,1.0
5a7d3470554299452d57bb56,nDCG@10,1.0
5a7d3470554299452d57bb56,R@100,1.0
5a7d3cbb5542995f4f402243,nDCG@10,0.6131471927654584
5a7d3cbb5542995f4f402243,R@100,0.5
5a7d3f895542995f4f402248,nDCG@10,0.9197207891481876
5a7d3f895542995f4f402248,R@100,1.0
5a7d41425542997cc2c4743b,nDCG@10,0.6131471927654584
5a7d41425542997cc2c4743b,R@100,1.0
5a7d47da5542990b8f503975,nDCG@10,0.6131471927654584
5a7d47da5542990b8f503975,R@100,0.5
5a7d54165542995f4f402256,nDCG@10,1.0
5a7d54165542995f4f402256,R@100,1.0
5a7d598d5542995f4f402262,nDCG@10,0.9197207891481876
5a7d598d5542995f4f402262,R@100,1.0
5a7d5c175542991319bc93b1,nDCG@10,1.0
5a7d5c175542991319bc93b1,R@100,1.0
5a7d61645542997cc2c47455,nDCG@10,0.6131471927654584
5a7d61645542997cc2c47455,R@100,1.0
5a7d61775542991319bc93b9,nDCG@10,0.6131471927654584
5a7d61775542991319bc93b9,R@100,1.0
5a7d68e25542995f4f402270,nDCG@10,0.0
5a7d68e25542995f4f402270,R@100,0.5
5a7d6a2d5542991319bc93c6,nDCG@10,0.6131471927654584
5a7d6a2d5542991319bc93c6,R@100,1.0
5a7d70d45542990b8f50398a,nDCG@10,0.38685280723454163
5a7d70d45542990b8f50398a,R@100,1.0
5a7d72bb5542990b8f50398e,nDCG@10,0.9197207891481876
5a7d72bb5542990b8f50398e,R@100,1.0
5a7d7d895542995f4f402281,nDCG@10,0.38685280723454163
5a7d7d895542995f4f402281,R@100,0.5
5a7d7deb5542995f4f402282,nDCG@10,0.6131471927654584
5a7d7deb5542995f4f402282,R@100,1.0
5a7d93945542990b8f5039b8,nDCG@10,0.8772153153380493
5a7d93945542990b8f5039b8,R@100,1.0
5a7d97205542990b8f5039c7,nDCG@10,0.8772153153380493
5a7d97205542990b8f5039c7,R@100,1.0
5a7d9bc65542990b8f5039cb,nDCG@10,0.0
5a7d9bc65542990b8f5039cb,R@100,0.5
5a7d9d2b5542997cc2c47464,nDCG@10,0.38685280723454163
5a7d9d2b5542997cc2c47464,R@100,1.0
5a7da0915542990b8f5039d4,nDCG@10,0.6131471927654584
5a7da0915542990b8f5039d4,R@100,0.5
5a7da0de5542990b8f5039d7,nDCG@10,0.0
5a7da0de5542990b8f5039d7,R@100,1.0
5a7da3a95542990b8f5039e6,nDCG@10,0.0
5a7da3a95542990b8f5039e6,R@100,0.5
5a7da4865542990b8f5039ed,nDCG@10,0.6131471927654584
5a7da4865542990b8f5039ed,R@100,0.5
5a7da6015542995f4f40229d,nDCG@10,0.0
5a7da6015542995f4f40229d,R@100,0.0
5a7da6c25542995ed0d16652,nDCG@10,0.18457569677956817
5a7da6c25542995ed0d16652,R@100,0.5
5a7da6cb5542990b8f5039ff,nDCG@10,0.6131471927654584
5a7da6cb5542990b8f5039ff,R@100,0.5
5a7da8065542995f4f4022a7,nDCG@10,0.6131471927654584
5a7da8065542995f4f4022a7,R@100,0.5
5a7da98e5542990b8f503a17,nDCG@10,0.6131471927654584
5a7da98e5542990b8f503a17,R@100,0.5
5a7da9ae5542995f4f4022b1,nDCG@10,0.6131471927654584
5a7da9ae5542995f4f4022b1,R@100,1.0
5a7daad55542995f4f4022b7,nDCG@10,0.19342640361727081
5a7daad55542995f4f4022b7,R@100,0.5
5a7dab795542990b8f503a22,nDCG@10,1.0
5a7dab795542990b8f503a22,R@100,1.0
5a7dacff5542991319bc93e0,nDCG@10,0.6131471927654584
5a7dacff5542991319bc93e0,R@100,0.5
5a7dafe15542991319bc93f3,nDCG@10,0.39780880120575696
5a7dafe15542991319bc93f3,R@100,1.0
5a7db0915542990b8f503a30,nDCG@10,0.9197207891481876
5a7db0915542990b8f503a30,R@100,1.0
5a7db0a05542991319bc93f5,nDCG@10,0.6131471927654584
5a7db0a05542991319bc93f5,R@100,1.0
5a7db1a15542995ed0d16660,nDCG@10,0.6052602440527057
5a7db1a15542995ed0d16660,R@100,1.0
5a7db62d5542997cc2c4747c,nDCG@10,0.6131471927654584
5a7db62d5542997cc2c4747c,R@100,0.5
5a7dbb295542990b8f503a4b,nDCG@10,1.0
5a7dbb295542990b8f503a4b,R@100,1.0
5a7dbb605542997cc2c47486,nDCG@10,0.38685280723454163
5a7dbb605542997cc2c47486,R@100,0.5
5a7dbc175542995ed0d1666b,nDCG@10,0.9197207891481876
5a7dbc175542995ed0d1666b,R@100,1.0
5a7dbf4e5542990b8f503a68,nDCG@10,0.0
5a7dbf4e5542990b8f503a68,R@100,0.5
5a7dc2185542990b8f503a7b,nDCG@10,1.0
5a7dc2185542990b8f503a7b,R@100,1.0
5a7dc2495542997cc2c4749a,nDCG@10,0.6509209298071326
5a7dc2495542997cc2c4749a,R@100,1.0
5a7dc3275542997cc2c4749c,nDCG@10,0.6131471927654584
5a7dc3275542997cc2c4749c,R@100,0.5
5a7dc7735542990b8f503a93,nDCG@10,0.0
5a7dc7735542990b8f503a93,R@100,0.0
5a7dc7895542995ed0d16673,nDCG@10,0.9197207891481876
5a7dc7895542995ed0d16673,R@100,1.0
5a7dca645542990b8f503aab,nDCG@10,0.6131471927654584
5a7dca645542990b8f503aab,R@100,1.0
5a7dcc775542990b8f503ab5,nDCG@10,0.23719771276929622
5a7dcc775542990b8f503ab5,R@100,1.0
5a7dcdea5542990b8f503abc,nDCG@10,0.6131471927654584
5a7dcdea5542990b8f503abc,R@100,1.0
5a7dd6cd5542995f4f4022cd,nDCG@10,0.0
5a7dd6cd5542995f4f4022cd,R@100,0.5
5a7dd8cb5542995f4f4022d0,nDCG@10,1.0
5a7dd8cb5542995f4f4022d0,R@100,1.0
5a7dd9445542997cc2c474ac,nDCG@10,0.9197207891481876
5a7dd9445542997cc2c474ac,R@100,1.0
5a7ddc5a5542995f4f4022da,nDCG@10,1.0
5a7ddc5a5542995f4f4022da,R@100,1.0
5a7ddd565542997cc2c474b2,nDCG@10,0.6131471927654584
5a7ddd565542997cc2c474b2,R@100,0.5
5a7ddfc55542995f4f4022e9,nDCG@10,1.0
5a7ddfc55542995f4f4022e9,R@100,1.0
5a7de14a5542991319bc93fc,nDCG@10,1.0
5a7de14a5542991319bc93fc,R@100,1.0
5a7de63c5542995f4f4022f5,nDCG@10,0.5714285040141098
5a7de63c5542995f4f4022f5,R@100,1.0
5a7dec305542995ed0d16679,nDCG@10,1.0
5a7dec305542995ed0d16679,R@100,1.0
5a7dedb55542995f4f402317,nDCG@10,1.0
5a7dedb55542995f4f402317,R@100,1.0
5a7dedef5542995f4f40231a,nDCG@10,0.6131471927654584
5a7dedef5542995f4f40231a,R@100,1.0
5a7def0d5542990b8f503af9,nDCG@10,0.6131471927654584
5a7def0d5542990b8f503af9,R@100,0.5
5a7df1095542990b8f503afe,nDCG@10,0.7977228895450266
5a7df1095542990b8f503afe,R@100,1.0
5a7df25a5542990b8f503b02,nDCG@10,0.6131471927654584
5a7df25a5542990b8f503b02,R@100,1.0
5a7df5635542990b8f503b0a,nDCG@10,0.6131471927654584
5a7df5635542990b8f503b0a,R@100,1.0
5a7df6e65542995f4f402353,nDCG@10,1.0
5a7df6e65542995f4f402353,R@100,1.0
5a7df7115542990b8f503b0f,nDCG@10,0.6131471927654584
5a7df7115542990b8f503b0f,R@100,1.0
5a7dff595542997cc2c474eb,nDCG@10,0.6131471927654584
5a7dff595542997cc2c474eb,R@100,0.5
5a7e02b75542997cc2c474f3,nDCG@10,0.6131471927654584
5a7e02b75542997cc2c474f3,R@100,0.5
5a7e02cf5542997cc2c474f4,nDCG@10,0.6131471927654584
5a7e02cf5542997cc2c474f4,R@100,0.5
5a7e02e05542995ed0d1667c,nDCG@10,1.0
5a7e02e05542995ed0d1667c,R@100,1.0
5a7e035d5542997cc2c474f6,nDCG@10,1.0
5a7e035d5542997cc2c474f6,R@100,1.0
5a7e040f5542990b8f503b13,nDCG@10,0.9197207891481876
5a7e040f5542990b8f503b13,R@100,1.0
5a7e04b05542995f4f40238a,nDCG@10,0.3065735963827292
5a7e04b05542995f4f40238a,R@100,0.5
5a7e052d5542995f4f40238e,nDCG@10,0.8503449055347546
5a7e052d5542995f4f40238e,R@100,1.0
5a7e05635542995f4f40238f,nDCG@10,0.9197207891481876
5a7e05635542995f4f40238f,R@100,1.0
5a7e058f5542995f4f402390,nDCG@10,0.6131471927654584
5a7e058f5542995f4f402390,R@100,1.0
5a7e05ba5542995f4f402392,nDCG@10,0.0
5a7e05ba5542995f4f402392,R@100,1.0
5a7e05f75542995f4f402394,nDCG@10,0.38685280723454163
5a7e05f75542995f4f402394,R@100,0.5
5a7e075c5542995f4f4023a3,nDCG@10,0.6131471927654584
5a7e075c5542995f4f4023a3,R@100,0.5
5a7e08305542995f4f4023ab,nDCG@10,0.9197207891481876
5a7e08305542995f4f4023ab,R@100,1.0
5a7e08b55542997cc2c474fe,nDCG@10,0.0
5a7e08b55542997cc2c474fe,R@100,0.0
5a7e0bb65542997cc2c4750a,nDCG@10,0.6131471927654584
5a7e0bb65542997cc2c4750a,R@100,0.5
5a7e0c045542995f4f4023c5,nDCG@10,0.8772153153380493
5a7e0c045542995f4f4023c5,R@100,1.0
5a7e0ed25542991319bc9424,nDCG@10,0.6131471927654584
5a7e0ed25542991319bc9424,R@100,0.5
5a7e14505542995ed0d16685,nDCG@10,1.0
5a7e14505542995ed0d16685,R@100,1.0
5a7e14a65542995ed0d16686,nDCG@10,0.0
5a7e14a65542995ed0d16686,R@100,0.5
5a7e19e655429965cec5ea58,nDCG@10,0.8315546295836225
5a7e19e655429965cec5ea58,R@100,1.0
5a7e1a2955429965cec5ea5d,nDCG@10,0.6131471927654584
5a7e1a2955429965cec5ea5d,R@100,0.5
5a7e1a5455429965cec5ea5f,nDCG@10,0.6131471927654584
5a7e1a5455429965cec5ea5f,R@100,0.5
5a7e1ad155429965cec5ea66,nDCG@10,0.38685280723454163
5a7e1ad155429965cec5ea66,R@100,1.0
5a7e1b7155429965cec5ea6c,nDCG@10,0.6131471927654584
5a7e1b7155429965cec5ea6c,R@100,0.5
5a7e1bae55429965cec5ea6f,nDCG@10,0.6131471927654584
5a7e1bae55429965cec5ea6f,R@100,1.0
5a7e1cad55429965cec5ea75,nDCG@10,0.0
5a7e1cad55429965cec5ea75,R@100,0.5
5a7e1cd955429965cec5ea76,nDCG@10,0.6131471927654584
5a7e1cd955429965cec5ea76,R@100,0.5
5a7e1f5655429965cec5ea81,nDCG@10,0.6131471927654584
5a7e1f5655429965cec5ea81,R@100,1.0
5a7e21165542995ed0d166a2,nDCG@10,0.0
5a7e21165542995ed0d166a2,R@100,0.5
5a7e22ed5542995ed0d166a7,nDCG@10,0.21840743681816419
5a7e22ed5542995ed0d166a7,R@100,1.0
5a7e23655542997cc2c47528,nDCG@10,0.6131471927654584
5a7e23655542997cc2c47528,R@100,0.5
5a7e279d5542995ed0d166b5,nDCG@10,0.6131471927654584
5a7e279d5542995ed0d166b5,R@100,0.5
5a7e283655429965cec5eaab,nDCG@10,1.0
5a7e283655429965cec5eaab,R@100,1.0
5a7e2e3a55429934daa2fbe6,nDCG@10,0.6131471927654584
5a7e2e3a55429934daa2fbe6,R@100,0.5
5a7e30b255429934daa2fbeb,nDCG@10,0.6131471927654584
5a7e30b255429934daa2fbeb,R@100,0.5
5a7e3117554299495941991b,nDCG@10,0.8315546295836225
5a7e3117554299495941991b,R@100,1.0
5a7e31c055429934daa2fbee,nDCG@10,1.0
5a7e31c055429934daa2fbee,R@100,1.0
5a7e32905542991319bc943b,nDCG@10,0.0
5a7e32905542991319bc943b,R@100,0.5
5a7e355055429934daa2fbf4,nDCG@10,0.8772153153380493
5a7e355055429934daa2fbf4,R@100,1.0
5a7e36815542995ed0d166d4,nDCG@10,0.38685280723454163
5a7e36815542995ed0d166d4,R@100,0.5
5a7e37095542995ed0d166d5,nDCG@10,1.0
5a7e37095542995ed0d166d5,R@100,1.0
5a7e3a3f5542995ed0d166dd,nDCG@10,0.5706417189553201
5a7e3a3f5542995ed0d166dd,R@100,1.0
5a7e3b585542995ed0d166df,nDCG@10,0.23719771276929622
5a7e3b585542995ed0d166df,R@100,1.0
5a7e3c6e5542994959419937,nDCG@10,1.0
5a7e3c6e5542994959419937,R@100,1.0
5a7e42df5542994959419954,nDCG@10,0.6131471927654584
5a7e42df5542994959419954,R@100,0.5
5a7e43c9554299495941995a,nDCG@10,0.6131471927654584
5a7e43c9554299495941995a,R@100,0.5
5a7e4414554299495941995c,nDCG@10,1.0
5a7e4414554299495941995c,R@100,1.0
5a7e49e05542991319bc9463,nDCG@10,1.0
5a7e49e05542991319bc9463,R@100,1.0
5a7e4af3554299495941998c,nDCG@10,1.0
5a7e4af3554299495941998c,R@100,1.0
5a7e513a5542994959419996,nDCG@10,1.0
5a7e513a5542994959419996,R@100,1.0
5a7e59c855429934daa2fc0f,nDCG@10,1.0
5a7e59c855429934daa2fc0f,R@100,1.0
5a7e5ec25542991319bc947a,nDCG@10,0.6131471927654584
5a7e5ec25542991319bc947a,R@100,1.0
5a7e60a855429949594199ae,nDCG@10,1.0
5a7e60a855429949594199ae,R@100,1.0
5a7e618155429949594199b0,nDCG@10,0.9197207891481876
5a7e618155429949594199b0,R@100,1.0
5a7e689f55429934daa2fc1c,nDCG@10,1.0
5a7e689f55429934daa2fc1c,R@100,1.0
5a7e694a5542997cc2c4753d,nDCG@10,1.0
5a7e694a5542997cc2c4753d,R@100,1.0
5a7e6c725542991319bc94a4,nDCG@10,0.2640681225725909
5a7e6c725542991319bc94a4,R@100,1.0
5a7e6df35542997cc2c47544,nDCG@10,0.0
5a7e6df35542997cc2c47544,R@100,1.0
5a7e6f295542991319bc94b1,nDCG@10,0.6131471927654584
5a7e6f295542991319bc94b1,R@100,1.0
5a7e71ab55429949594199bc,nDCG@10,0.7977228895450266
5a7e71ab55429949594199bc,R@100,1.0
5a7e72dd55429949594199bf,nDCG@10,0.38685280723454163
5a7e72dd55429949594199bf,R@100,1.0
5a7e782655429934daa2fc26,nDCG@10,1.0
5a7e782655429934daa2fc26,R@100,1.0
5a7e7c725542991319bc94be,nDCG@10,0.6131471927654584
5a7e7c725542991319bc94be,R@100,1.0
5a7e7d4655429934daa2fc2e,nDCG@10,1.0
5a7e7d4655429934daa2fc2e,R@100,1.0
5a7e7ed05542991319bc94c2,nDCG@10,0.8772153153380493
5a7e7ed05542991319bc94c2,R@100,1.0
5a7e801b5542997cc2c47557,nDCG@10,0.6131471927654584
5a7e801b5542997cc2c47557,R@100,0.5
5a7e86245542991319bc94ce,nDCG@10,0.6131471927654584
5a7e86245542991319bc94ce,R@100,1.0
5a7e910a554299306751357f,nDCG@10,0.6131471927654584
5a7e910a554299306751357f,R@100,0.5
5a7e96f655429934daa2fc39,nDCG@10,1.0
5a7e96f655429934daa2fc39,R@100,1.0
5a7ea14655429930675135ab,nDCG@10,0.8772153153380493
5a7ea14655429930675135ab,R@100,1.0
5a7eacd855429930675135c3,nDCG@10,0.6131471927654584
5a7eacd855429930675135c3,R@100,0.5
5a7eb22655429930675135cb,nDCG@10,0.6509209298071326
5a7eb22655429930675135cb,R@100,1.0
5a7eb8f655429934daa2fc50,nDCG@10,0.38685280723454163
5a7eb8f655429934daa2fc50,R@100,1.0
5a7eb9f355429934daa2fc53,nDCG@10,0.6131471927654584
5a7eb9f355429934daa2fc53,R@100,0.5
5a7ec61a55429934daa2fc5f,nDCG@10,0.6131471927654584
5a7ec61a55429934daa2fc5f,R@100,0.5
5a7ec6f355429934daa2fc61,nDCG@10,1.0
5a7ec6f355429934daa2fc61,R@100,1.0
5a7ec7f355429934daa2fc64,nDCG@10,0.2640681225725909
5a7ec7f355429934daa2fc64,R@100,1.0
5a7ec90055429934daa2fc66,nDCG@10,0.6131471927654584
5a7ec90055429934daa2fc66,R@100,0.5
5a7ec95b55429934daa2fc67,nDCG@10,0.6131471927654584
5a7ec95b55429934daa2fc67,R@100,1.0
5a7ecae055429934daa2fc6a,nDCG@10,1.0
5a7ecae055429934daa2fc6a,R@100,1.0
5a7ed2c655429930675135e5,nDCG@10,0.6131471927654584
5a7ed2c655429930675135e5,R@100,0.5
5a7ed5af5542994959419a84,nDCG@10,0.6509209298071326
5a7ed5af5542994959419a84,R@100,1.0
5a7ee0d05542994959419a88,nDCG@10,0.8772153153380493
5a7ee0d05542994959419a88,R@100,1.0
5a7eec6f55429934daa2fc7c,nDCG@10,0.6509209298071326
5a7eec6f55429934daa2fc7c,R@100,1.0
5a7ef18c55429934daa2fc84,nDCG@10,0.2640681225725909
5a7ef18c55429934daa2fc84,R@100,0.5
5a7ef49a5542994959419a91,nDCG@10,0.38685280723454163
5a7ef49a5542994959419a91,R@100,1.0
5a7ef6b35542994959419a94,nDCG@10,0.6131471927654584
5a7ef6b35542994959419a94,R@100,0.5
5a7efa7a55429930675135ea,nDCG@10,0.9197207891481876
5a7efa7a55429930675135ea,R@100,1.0
5a7efd2f5542994959419a9c,nDCG@10,0.5714285040141098
5a7efd2f5542994959419a9c,R@100,1.0
5a7effeb5542994959419aa0,nDCG@10,0.6131471927654584
5a7effeb5542994959419aa0,R@100,0.5
5a7f00b455429930675135f1,nDCG@10,1.0
5a7f00b455429930675135f1,R@100,1.0
5a7f010955429934daa2fc8b,nDCG@10,0.38685280723454163
5a7f010955429934daa2fc8b,R@100,0.5
5a7f0be055429930675135fe,nDCG@10,0.6131471927654584
5a7f0be055429930675135fe,R@100,0.5
5a7f0c4b5542993067513600,nDCG@10,0.9197207891481876
5a7f0c4b5542993067513600,R@100,1.0
5a7f10e2554299306751360b,nDCG@10,0.0
5a7f10e2554299306751360b,R@100,0.5
5a7f113d55429934daa2fcbe,nDCG@10,0.0
5a7f113d55429934daa2fcbe,R@100,0.5
5a7f18a35542994959419aa6,nDCG@10,0.8175295903539445
5a7f18a35542994959419aa6,R@100,1.0
5a7f19eb55429934daa2fcdb,nDCG@10,0.2640681225725909
5a7f19eb55429934daa2fcdb,R@100,1.0
5a7f1ad155429934daa2fce2,nDCG@10,0.38685280723454163
5a7f1ad155429934daa2fce2,R@100,1.0
5a7f1c195542993067513633,nDCG@10,0.2640681225725909
5a7f1c195542993067513633,R@100,0.5
5a7f1d3c5542993067513639,nDCG@10,0.6131471927654584
5a7f1d3c5542993067513639,R@100,1.0
5a7f1e805542993067513640,nDCG@10,1.0
5a7f1e805542993067513640,R@100,1.0
5a7f22005542993067513656,nDCG@10,0.8175295903539445
5a7f22005542993067513656,R@100,1.0
5a7f22005542993067513657,nDCG@10,0.0
5a7f22005542993067513657,R@100,1.0
5a7f244255429934daa2fcec,nDCG@10,0.6131471927654584
5a7f244255429934daa2fcec,R@100,0.5
5a7f251155429934daa2fcf2,nDCG@10,0.5437713091520254
5a7f251155429934daa2fcf2,R@100,1.0
5a7f275d55429934daa2fd01,nDCG@10,0.6131471927654584
5a7f275d55429934daa2fd01,R@100,1.0
5a7f296f55429934daa2fd10,nDCG@10,0.6131471927654584
5a7f296f55429934daa2fd10,R@100,1.0
5a7f2d3e5542993067513675,nDCG@10,1.0
5a7f2d3e5542993067513675,R@100,1.0
5a7f33115542992e7d278c84,nDCG@10,0.3065735963827292
5a7f33115542992e7d278c84,R@100,0.5
5a7f3361554299306751369a,nDCG@10,0.23719771276929622
5a7f3361554299306751369a,R@100,1.0
5a7f341655429930675136a0,nDCG@10,0.6131471927654584
5a7f341655429930675136a0,R@100,0.5
5a7f35015542992e7d278c8a,nDCG@10,0.6131471927654584
5a7f35015542992e7d278c8a,R@100,0.5
5a7f354b5542992e7d278c8c,nDCG@10,0.6131471927654584
5a7f354b5542992e7d278c8c,R@100,0.5
5a7f38e255429930675136b6,nDCG@10,0.0
5a7f38e255429930675136b6,R@100,0.5
5a7f392b55429934daa2fd26,nDCG@10,1.0
5a7f392b55429934daa2fd26,R@100,1.0
5a7f39d055429934daa2fd2a,nDCG@10,0.6131471927654584
5a7f39d055429934daa2fd2a,R@100,1.0
5a7f3bcd55429930675136c3,nDCG@10,0.0
5a7f3bcd55429930675136c3,R@100,0.5
5a7f3c8f55429930675136c9,nDCG@10,0.9197207891481876
5a7f3c8f55429930675136c9,R@100,1.0
5a7f3d9b5542992e7d278cb8,nDCG@10,0.38685280723454163
5a7f3d9b5542992e7d278cb8,R@100,0.5
5a7f3f7c55429934daa2fd45,nDCG@10,0.6131471927654584
5a7f3f7c55429934daa2fd45,R@100,1.0
5a7f40055542992e7d278cc0,nDCG@10,0.0
5a7f40055542992e7d278cc0,R@100,0.0
5a7f404a55429930675136dd,nDCG@10,0.6131471927654584
5a7f404a55429930675136dd,R@100,0.5
5a7f40de5542992e7d278cc8,nDCG@10,0.6131471927654584
5a7f40de5542992e7d278cc8,R@100,0.5
5a7f44a65542992e7d278cd7,nDCG@10,0.6131471927654584
5a7f44a65542992e7d278cd7,R@100,0.5
5a7f451a55429969796c19ec,nDCG@10,0.0
5a7f451a55429969796c19ec,R@100,0.5
5a7f46115542994857a766d9,nDCG@10,0.38685280723454163
5a7f46115542994857a766d9,R@100,0.5
5a7f48e15542992e7d278ce6,nDCG@10,0.6131471927654584
5a7f48e15542992e7d278ce6,R@100,0.5
5a7f4cb055429969796c1a02,nDCG@10,0.8772153153380493
5a7f4cb055429969796c1a02,R@100,1.0
5a7f53445542992097ad2f15,nDCG@10,0.21840743681816419
5a7f53445542992097ad2f15,R@100,0.5
5a7f53ff5542992097ad2f17,nDCG@10,0.8772153153380493
5a7f53ff5542992097ad2f17,R@100,1.0
5a7f54665542992097ad2f1a,nDCG@10,0.18457569677956817
5a7f54665542992097ad2f1a,R@100,0.5
5a7f567e5542992097ad2f22,nDCG@10,0.18457569677956817
5a7f567e5542992097ad2f22,R@100,1.0
5a7f57a45542992097ad2f29,nDCG@10,0.6131471927654584
5a7f57a45542992097ad2f29,R@100,1.0
5a7f5ab65542995d8a8dde43,nDCG@10,0.6131471927654584
5a7f5ab65542995d8a8dde43,R@100,1.0
5a7f5c9f55429969796c1a0f,nDCG@10,0.38685280723454163
5a7f5c9f55429969796c1a0f,R@100,1.0
5a7f5d165542992097ad2f3c,nDCG@10,0.9197207891481876
5a7f5d165542992097ad2f3c,R@100,1.0
5a7f5da85542992097ad2f3e,nDCG@10,1.0
5a7f5da85542992097ad2f3e,R@100,1.0
5a7f5e0455429969796c1a12,nDCG@10,0.6131471927654584
5a7f5e0455429969796c1a12,R@100,0.5
5a7f5f655542994857a7670b,nDCG@10,0.6131471927654584
5a7f5f655542994857a7670b,R@100,1.0
5a7f62405542992e7d278cf0,nDCG@10,0.3065735963827292
5a7f62405542992e7d278cf0,R@100,1.0
5a7f63645542992e7d278cf1,nDCG@10,0.2640681225725909
5a7f63645542992e7d278cf1,R@100,1.0
5a7f650755429969796c1a2c,nDCG@10,0.6131471927654584
5a7f650755429969796c1a2c,R@100,1.0
5a7f660555429969796c1a2e,nDCG@10,0.8065735963827293
5a7f660555429969796c1a2e,R@100,1.0
5a7f669a5542994857a76729,nDCG@10,0.0
5a7f669a5542994857a76729,R@100,0.5
5a7f66f155429969796c1a33,nDCG@10,0.38685280723454163
5a7f66f155429969796c1a33,R@100,1.0
5a7f677455429969796c1a37,nDCG@10,0.6131471927654584
5a7f677455429969796c1a37,R@100,1.0
5a7f68365542994857a7672e,nDCG@10,0.2640681225725909
5a7f68365542994857a7672e,R@100,1.0
5a7f697c5542992097ad2f59,nDCG@10,0.3065735963827292
5a7f697c5542992097ad2f59,R@100,1.0
5a7f6eab5542992097ad2f66,nDCG@10,0.6131471927654584
5a7f6eab5542992097ad2f66,R@100,0.5
5a7f6f4b5542994857a76740,nDCG@10,0.6131471927654584
5a7f6f4b5542994857a76740,R@100,1.0
5a7f6fd75542992e7d278cfa,nDCG@10,0.23719771276929622
5a7f6fd75542992e7d278cfa,R@100,0.5
5a7f725355429969796c1a55,nDCG@10,0.7903864795495061
5a7f725355429969796c1a55,R@100,1.0
5a7f732d5542992e7d278d02,nDCG@10,1.0
5a7f732d5542992e7d278d02,R@100,1.0
5a7f74975542992097ad2f77,nDCG@10,0.6131471927654584
5a7f74975542992097ad2f77,R@100,0.5
5a7f75e95542992e7d278d09,nDCG@10,0.38685280723454163
5a7f75e95542992e7d278d09,R@100,1.0
5a7f79155542995d8a8dde86,nDCG@10,0.9197207891481876
5a7f79155542995d8a8dde86,R@100,1.0
5a7f7b365542992097ad2f80,nDCG@10,0.9197207891481876
5a7f7b365542992097ad2f80,R@100,1.0
5a7f7b3b5542992097ad2f81,nDCG@10,0.8065735963827293
5a7f7b3b5542992097ad2f81,R@100,1.0
5a7f7c285542994857a76746,nDCG@10,0.18457569677956817
5a7f7c285542994857a76746,R@100,1.0
5a7f7ca25542994857a76747,nDCG@10,0.6131471927654584
5a7f7ca25542994857a76747,R@100,0.5
5a7f7e3a5542992097ad2f89,nDCG@10,0.6131471927654584
5a7f7e3a5542992097ad2f89,R@100,0.5
5a7f81425542992097ad2f8e,nDCG@10,0.6131471927654584
5a7f81425542992097ad2f8e,R@100,1.0
5a7f84225542994857a76756,nDCG@10,0.6131471927654584
5a7f84225542994857a76756,R@100,0.5
5a7f85505542995d8a8dde95,nDCG@10,1.0
5a7f85505542995d8a8dde95,R@100,1.0
5a7f87755542994857a76769,nDCG@10,0.38685280723454163
5a7f87755542994857a76769,R@100,0.5
5a7f89c75542994857a76775,nDCG@10,0.6131471927654584
5a7f89c75542994857a76775,R@100,0.5
5a7f8b8c5542995d8a8ddea1,nDCG@10,0.6131471927654584
5a7f8b8c5542995d8a8ddea1,R@100,0.5
5a7f8d755542992097ad2f9d,nDCG@10,0.6131471927654584
5a7f8d755542992097ad2f9d,R@100,0.5
5a7f90a15542995d8a8ddea5,nDCG@10,1.0
5a7f90a15542995d8a8ddea5,R@100,1.0
5a7f924c55429969796c1aba,nDCG@10,0.38685280723454163
5a7f924c55429969796c1aba,R@100,1.0
5a7f95685542995d8a8ddeaa,nDCG@10,0.21840743681816419
5a7f95685542995d8a8ddeaa,R@100,0.5
5a7f962655429969796c1ac8,nDCG@10,1.0
5a7f962655429969796c1ac8,R@100,1.0
5a7f96a95542995d8a8ddead,nDCG@10,0.6131471927654584
5a7f96a95542995d8a8ddead,R@100,1.0
5a7f97c05542995d8a8ddeb0,nDCG@10,1.0
5a7f97c05542995d8a8ddeb0,R@100,1.0
5a7f9cb55542995d8a8ddec1,nDCG@10,0.38685280723454163
5a7f9cb55542995d8a8ddec1,R@100,1.0
5a7f9cbd5542994857a7677c,nDCG@10,0.6131471927654584
5a7f9cbd5542994857a7677c,R@100,1.0
5a7fa08d55429969796c1af7,nDCG@10,1.0
5a7fa08d55429969796c1af7,R@100,1.0
5a7fa0d55542995d8a8dded3,nDCG@10,0.20438239758848611
5a7fa0d55542995d8a8dded3,R@100,1.0
5a7fa1b05542994857a7678e,nDCG@10,1.0
5a7fa1b05542994857a7678e,R@100,1.0
5a7fa22b5542992097ad2fa6,nDCG@10,0.6934264036172708
5a7fa22b5542992097ad2fa6,R@100,1.0
5a7fa2ad5542994857a76792,nDCG@10,0.6131471927654584
5a7fa2ad5542994857a76792,R@100,0.5
5a7fa48c5542994857a7679a,nDCG@10,1.0
5a7fa48c5542994857a7679a,R@100,1.0
5a7fa55555429969796c1b0e,nDCG@10,0.6131471927654584
5a7fa55555429969796c1b0e,R@100,0.5
5a7fa5b05542994857a7679b,nDCG@10,0.38685280723454163
5a7fa5b05542994857a7679b,R@100,0.5
5a7fa97d5542994857a767a9,nDCG@10,1.0
5a7fa97d5542994857a767a9,R@100,1.0
5a7faa215542995d8a8ddee8,nDCG@10,0.6131471927654584
5a7faa215542995d8a8ddee8,R@100,0.5
5a7fac0055429969796c1b1b,nDCG@10,1.0
5a7fac0055429969796c1b1b,R@100,1.0
5a7faed65542994857a767b6,nDCG@10,1.0
5a7faed65542994857a767b6,R@100,1.0
5a7fb1765542992e7d278d20,nDCG@10,1.0
5a7fb1765542992e7d278d20,R@100,1.0
5a7fb17c5542994857a767bb,nDCG@10,0.6131471927654584
5a7fb17c5542994857a767bb,R@100,0.5
5a7fb1b25542992097ad2fb2,nDCG@10,0.0
5a7fb1b25542992097ad2fb2,R@100,0.5
5a7fb1e55542995d8a8ddef7,nDCG@10,1.0
5a7fb1e55542995d8a8ddef7,R@100,1.0
5a7fb23f5542994857a767be,nDCG@10,0.6131471927654584
5a7fb23f5542994857a767be,R@100,0.5
5a7fb5ce5542994857a767ca,nDCG@10,0.6934264036172708
5a7fb5ce5542994857a767ca,R@100,1.0
5a7fb6625542994857a767cc,nDCG@10,0.6131471927654584
5a7fb6625542994857a767cc,R@100,0.5
5a7fb7985542994857a767d2,nDCG@10,0.0
5a7fb7985542994857a767d2,R@100,0.5
5a7fb90655429969796c1b34,nDCG@10,0.6131471927654584
5a7fb90655429969796c1b34,R@100,1.0
5a7fc03d5542992097ad2fbc,nDCG@10,0.6934264036172708
5a7fc03d5542992097ad2fbc,R@100,1.0
5a7fc21455429969796c1b4b,nDCG@10,0.8065735963827293
5a7fc21455429969796c1b4b,R@100,1.0
5a7fc41455429969796c1b51,nDCG@10,0.6131471927654584
5a7fc41455429969796c1b51,R@100,0.5
5a7fc5875542992e7d278d67,nDCG@10,0.6934264036172708
5a7fc5875542992e7d278d67,R@100,1.0
5a7fc5c25542992e7d278d6a,nDCG@10,0.6131471927654584
5a7fc5c25542992e7d278d6a,R@100,0.5
5a7fc6645542992e7d278d6e,nDCG@10,1.0
5a7fc6645542992e7d278d6e,R@100,1.0
5a7fc6e45542992e7d278d73,nDCG@10,0.7977228895450266
5a7fc6e45542992e7d278d73,R@100,1.0
5a7fc70155429969796c1b59,nDCG@10,0.6131471927654584
5a7fc70155429969796c1b59,R@100,1.0
5a7fc8d05542992e7d278d86,nDCG@10,0.8503449055347546
5a7fc8d05542992e7d278d86,R@100,1.0
5a7fcd9c5542992e7d278da9,nDCG@10,0.8175295903539445
5a7fcd9c5542992e7d278da9,R@100,1.0
5a7fd1515542992e7d278db1,nDCG@10,0.6131471927654584
5a7fd1515542992e7d278db1,R@100,0.5
5a7fd6fc5542995d8a8ddf31,nDCG@10,0.9197207891481876
5a7fd6fc5542995d8a8ddf31,R@100,1.0
5a7fd7305542992e7d278dc2,nDCG@10,0.3065735963827292
5a7fd7305542992e7d278dc2,R@100,0.5
5a7fd7a25542992e7d278dc3,nDCG@10,0.8315546295836225
5a7fd7a25542992e7d278dc3,R@100,1.0
5a7fd95d5542992e7d278dc5,nDCG@10,0.6131471927654584
5a7fd95d5542992e7d278dc5,R@100,0.5
5a7fe0b55542994857a76818,nDCG@10,0.0
5a7fe0b55542994857a76818,R@100,0.0
5a7fe7f85542994857a7683e,nDCG@10,0.6131471927654584
5a7fe7f85542994857a7683e,R@100,0.5
5a7ff71a5542992e7d278dd0,nDCG@10,0.6131471927654584
5a7ff71a5542992e7d278dd0,R@100,0.5
5a80071f5542992bc0c4a684,nDCG@10,0.6131471927654584
5a80071f5542992bc0c4a684,R@100,1.0
5a8008b95542992097ad2fcf,nDCG@10,0.6131471927654584
5a8008b95542992097ad2fcf,R@100,1.0
5a800ca555429969796c1bac,nDCG@10,0.8503449055347546
5a800ca555429969796c1bac,R@100,1.0
5a800ddd5542992097ad2fd0,nDCG@10,0.0
5a800ddd5542992097ad2fd0,R@100,0.0
5a8010685542992bc0c4a69a,nDCG@10,0.6131471927654584
5a8010685542992bc0c4a69a,R@100,1.0
5a8013e45542995d8a8ddf41,nDCG@10,1.0
5a8013e45542995d8a8ddf41,R@100,1.0
5a8016215542992bc0c4a6a3,nDCG@10,1.0
5a8016215542992bc0c4a6a3,R@100,1.0
5a8019db5542992097ad2fd5,nDCG@10,0.6131471927654584
5a8019db5542992097ad2fd5,R@100,0.5
5a801e68554299485f59856f,nDCG@10,1.0
5a801e68554299485f59856f,R@100,1.0
5a801e845542992097ad2fd9,nDCG@10,0.9197207891481876
5a801e845542992097ad2fd9,R@100,1.0
5a801f215542992bc0c4a6b2,nDCG@10,0.8503449055347546
5a801f215542992bc0c4a6b2,R@100,1.0
5a8026a05542992e7d278df8,nDCG@10,0.6131471927654584
5a8026a05542992e7d278df8,R@100,0.5
5a80274e5542992e7d278dfb,nDCG@10,1.0
5a80274e5542992e7d278dfb,R@100,1.0
5a80297f5542992e7d278e08,nDCG@10,0.6131471927654584
5a80297f5542992e7d278e08,R@100,1.0
5a802b595542995d8a8ddf51,nDCG@10,0.6131471927654584
5a802b595542995d8a8ddf51,R@100,0.5
5a802bf05542992bc0c4a6b7,nDCG@10,0.6131471927654584
5a802bf05542992bc0c4a6b7,R@100,0.5
5a802e135542992bc0c4a6c7,nDCG@10,0.6934264036172708
5a802e135542992bc0c4a6c7,R@100,1.0
5a802fb8554299485f598582,nDCG@10,0.6131471927654584
5a802fb8554299485f598582,R@100,0.5
5a802ff25542992bc0c4a6d2,nDCG@10,1.0
5a802ff25542992bc0c4a6d2,R@100,1.0
5a8031c1554299485f598585,nDCG@10,0.6131471927654584
5a8031c1554299485f598585,R@100,0.5
5a8031d05542996402f6a47c,nDCG@10,0.21840743681816419
5a8031d05542996402f6a47c,R@100,1.0
5a8038b55542996402f6a485,nDCG@10,1.0
5a8038b55542996402f6a485,R@100,1.0
5a803d695542996402f6a494,nDCG@10,0.9197207891481876
5a803d695542996402f6a494,R@100,1.0
5a803ed45542996402f6a496,nDCG@10,0.9197207891481876
5a803ed45542996402f6a496,R@100,1.0
5a804032554299485f5985a0,nDCG@10,0.8772153153380493
5a804032554299485f5985a0,R@100,1.0
5a80427c5542996402f6a49f,nDCG@10,0.6131471927654584
5a80427c5542996402f6a49f,R@100,1.0
5a804510554299485f5985af,nDCG@10,1.0
5a804510554299485f5985af,R@100,1.0
5a804e845542992bc0c4a6e9,nDCG@10,0.6131471927654584
5a804e845542992bc0c4a6e9,R@100,0.5
5a804f01554299485f5985bf,nDCG@10,0.0
5a804f01554299485f5985bf,R@100,0.0
5a8051265542992bc0c4a6f8,nDCG@10,0.6131471927654584
5a8051265542992bc0c4a6f8,R@100,1.0
5a80522b5542996402f6a4c1,nDCG@10,0.0
5a80522b5542996402f6a4c1,R@100,0.5
5a80541d5542996402f6a4d2,nDCG@10,0.6131471927654584
5a80541d5542996402f6a4d2,R@100,1.0
5a8066d15542992097ad2fe8,nDCG@10,0.0
5a8066d15542992097ad2fe8,R@100,0.0
5a806aca5542996402f6a503,nDCG@10,0.38685280723454163
5a806aca5542996402f6a503,R@100,1.0
5a806cdf5542996402f6a508,nDCG@10,0.6131471927654584
5a806cdf5542996402f6a508,R@100,1.0
5a806e01554299485f5985e5,nDCG@10,0.6131471927654584
5a806e01554299485f5985e5,R@100,1.0
5a80707e5542992bc0c4a70e,nDCG@10,1.0
5a80707e5542992bc0c4a70e,R@100,1.0
5a807181554299485f5985ec,nDCG@10,1.0
5a807181554299485f5985ec,R@100,1.0
5a80721b554299485f5985ef,nDCG@10,0.8065735963827293
5a80721b554299485f5985ef,R@100,1.0
5a8072a5554299485f5985f1,nDCG@10,0.6131471927654584
5a8072a5554299485f5985f1,R@100,0.5
5a80735b554299485f5985f3,nDCG@10,0.0
5a80735b554299485f5985f3,R@100,0.5
5a80752b5542992bc0c4a720,nDCG@10,1.0
5a80752b5542992bc0c4a720,R@100,1.0
5a80762a5542996402f6a536,nDCG@10,0.6131471927654584
5a80762a5542996402f6a536,R@100,0.5
5a8077ca5542992bc0c4a729,nDCG@10,0.38685280723454163
5a8077ca5542992bc0c4a729,R@100,0.5
5a8078d85542995d8a8ddf78,nDCG@10,0.9197207891481876
5a8078d85542995d8a8ddf78,R@100,1.0
5a8078e95542992bc0c4a72c,nDCG@10,0.6131471927654584
5a8078e95542992bc0c4a72c,R@100,0.5
5a80799b5542992bc0c4a72e,nDCG@10,0.6131471927654584
5a80799b5542992bc0c4a72e,R@100,0.5
5a807b44554299485f59860a,nDCG@10,1.0
5a807b44554299485f59860a,R@100,1.0
5a807ca5554299485f598613,nDCG@10,0.6131471927654584
5a807ca5554299485f598613,R@100,0.5
5a807ceb554299485f598616,nDCG@10,0.6131471927654584
5a807ceb554299485f598616,R@100,1.0
5a807e6f5542995d8a8ddf80,nDCG@10,0.6131471927654584
5a807e6f5542995d8a8ddf80,R@100,0.5
5a807ea1554299485f598624,nDCG@10,0.6131471927654584
5a807ea1554299485f598624,R@100,1.0
5a807f6a5542992bc0c4a737,nDCG@10,1.0
5a807f6a5542992bc0c4a737,R@100,1.0
5a8080365542992097ad2fed,nDCG@10,1.0
5a8080365542992097ad2fed,R@100,1.0
5a8081975542992097ad2fef,nDCG@10,1.0
5a8081975542992097ad2fef,R@100,1.0
5a80838d5542992bc0c4a745,nDCG@10,0.6131471927654584
5a80838d5542992bc0c4a745,R@100,1.0
5a80840f554299485f59863b,nDCG@10,1.0
5a80840f554299485f59863b,R@100,1.0
5a8085705542992bc0c4a74b,nDCG@10,0.8175295903539445
5a8085705542992bc0c4a74b,R@100,1.0
5a80870d5542992bc0c4a752,nDCG@10,1.0
5a80870d5542992bc0c4a752,R@100,1.0
5a8089535542992bc0c4a762,nDCG@10,0.6131471927654584
5a8089535542992bc0c4a762,R@100,0.5
5a8089dc5542992bc0c4a765,nDCG@10,0.21840743681816419
5a8089dc5542992bc0c4a765,R@100,0.5
5a808afb5542992bc0c4a76b,nDCG@10,0.6240505200038379
5a808afb5542992bc0c4a76b,R@100,1.0
5a808b57554299485f598651,nDCG@10,0.6131471927654584
5a808b57554299485f598651,R@100,1.0
5a808c215542995d8a8ddf90,nDCG@10,0.6131471927654584
5a808c215542995d8a8ddf90,R@100,1.0
5a808cbd5542996402f6a54b,nDCG@10,1.0
5a808cbd5542996402f6a54b,R@100,1.0
5a808f3f5542992097ad2ffd,nDCG@10,0.6131471927654584
5a808f3f5542992097ad2ffd,R@100,0.5
5a808f96554299485f598655,nDCG@10,1.0
5a808f96554299485f598655,R@100,1.0
5a8091515542996402f6a563,nDCG@10,0.38685280723454163
5a8091515542996402f6a563,R@100,1.0
5a80956e5542996402f6a579,nDCG@10,0.6131471927654584
5a80956e5542996402f6a579,R@100,0.5
5a80993d5542996402f6a589,nDCG@10,0.6131471927654584
5a80993d5542996402f6a589,R@100,1.0
5a8099935542996402f6a58b,nDCG@10,0.6131471927654584
5a8099935542996402f6a58b,R@100,0.5
5a809b575542996402f6a59c,nDCG@10,0.6131471927654584
5a809b575542996402f6a59c,R@100,0.5
5a809e9f5542996402f6a5b1,nDCG@10,0.38685280723454163
5a809e9f5542996402f6a5b1,R@100,0.5
5a809fe75542996402f6a5ba,nDCG@10,0.8772153153380493
5a809fe75542996402f6a5ba,R@100,1.0
5a80a1b25542992bc0c4a78c,nDCG@10,0.6131471927654584
5a80a1b25542992bc0c4a78c,R@100,1.0
5a80a25d5542995d8a8ddfb7,nDCG@10,0.0
5a80a25d5542995d8a8ddfb7,R@100,0.5
5a80a587554299485f598676,nDCG@10,0.6131471927654584
5a80a587554299485f598676,R@100,0.5
5a80a654554299485f598679,nDCG@10,0.5706417189553201
5a80a654554299485f598679,R@100,1.0
5a80a7f6554299485f598680,nDCG@10,1.0
5a80a7f6554299485f598680,R@100,1.0
5a80abb65542996402f6a5df,nDCG@10,0.38685280723454163
5a80abb65542996402f6a5df,R@100,1.0
5a80abd15542996402f6a5e0,nDCG@10,0.6131471927654584
5a80abd15542996402f6a5e0,R@100,0.5
5a80abec5542996402f6a5e1,nDCG@10,0.9197207891481876
5a80abec5542996402f6a5e1,R@100,1.0
5a80ac53554299485f5986a0,nDCG@10,0.6131471927654584
5a80ac53554299485f5986a0,R@100,1.0
5a80ad19554299485f5986a8,nDCG@10,0.6934264036172708
5a80ad19554299485f5986a8,R@100,1.0
5a80ad205542992bc0c4a79d,nDCG@10,0.6131471927654584
5a80ad205542992bc0c4a79d,R@100,0.5
5a80ad7c5542992097ad3018,nDCG@10,0.6131471927654584
5a80ad7c5542992097ad3018,R@100,1.0
5a80ae105542992bc0c4a7a2,nDCG@10,1.0
5a80ae105542992bc0c4a7a2,R@100,1.0
5a80aeef5542992097ad301a,nDCG@10,0.6934264036172708
5a80aeef5542992097ad301a,R@100,1.0
5a80aeff5542996402f6a5eb,nDCG@10,0.23719771276929622
5a80aeff5542996402f6a5eb,R@100,1.0
5a80afcf554299485f5986b9,nDCG@10,1.0
5a80afcf554299485f5986b9,R@100,1.0
5a80b0565542996402f6a5f0,nDCG@10,0.6052602440527057
5a80b0565542996402f6a5f0,R@100,1.0
5a80b322554299485f5986c8,nDCG@10,0.8175295903539445
5a80b322554299485f5986c8,R@100,1.0
5a80b35c5542992bc0c4a7b8,nDCG@10,0.6131471927654584
5a80b35c5542992bc0c4a7b8,R@100,1.0
5a80b3a9554299485f5986cc,nDCG@10,0.9197207891481876
5a80b3a9554299485f5986cc,R@100,1.0
5a80b4d1554299260e20a134,nDCG@10,1.0
5a80b4d1554299260e20a134,R@100,1.0
5a80b52f554299485f5986d6,nDCG@10,0.6131471927654584
5a80b52f554299485f5986d6,R@100,0.5
5a80b8845542992bc0c4a7de,nDCG@10,0.5109559939712153
5a80b8845542992bc0c4a7de,R@100,1.0
5a80b9ae5542992bc0c4a7eb,nDCG@10,0.38685280723454163
5a80b9ae5542992bc0c4a7eb,R@100,0.5
5a80b9df5542992bc0c4a7ec,nDCG@10,0.0
5a80b9df5542992bc0c4a7ec,R@100,0.0
5a80b9e85542992bc0c4a7ed,nDCG@10,1.0
5a80b9e85542992bc0c4a7ed,R@100,1.0
5a80be9655429938b61421b5,nDCG@10,0.9197207891481876
5a80be9655429938b61421b5,R@100,1.0
5a80c01855429938b61421b8,nDCG@10,0.38685280723454163
5a80c01855429938b61421b8,R@100,1.0
5a80c74f554299260e20a158,nDCG@10,0.18457569677956817
5a80c74f554299260e20a158,R@100,0.5
5a80c79155429938b61421da,nDCG@10,0.6131471927654584
5a80c79155429938b61421da,R@100,0.5
5a80caac554299260e20a161,nDCG@10,0.0
5a80caac554299260e20a161,R@100,0.5
5a80cddd554299260e20a169,nDCG@10,1.0
5a80cddd554299260e20a169,R@100,1.0
5a80cf4c55429938b61421f6,nDCG@10,0.6131471927654584
5a80cf4c55429938b61421f6,R@100,0.5
5a80d1ce554299260e20a178,nDCG@10,1.0
5a80d1ce554299260e20a178,R@100,1.0
5a80d2c6554299260e20a17c,nDCG@10,0.8503449055347546
5a80d2c6554299260e20a17c,R@100,1.0
5a80d6be55429938b6142206,nDCG@10,0.6131471927654584
5a80d6be55429938b6142206,R@100,0.5
5a80db5055429938b6142218,nDCG@10,1.0
5a80db5055429938b6142218,R@100,1.0
5a80ddc555429938b6142224,nDCG@10,0.6934264036172708
5a80ddc555429938b6142224,R@100,1.0
5a80de9b55429938b6142226,nDCG@10,0.6131471927654584
5a80de9b55429938b6142226,R@100,0.5
5a80e03e55429938b614222c,nDCG@10,0.8315546295836225
5a80e03e55429938b614222c,R@100,1.0
5a80e468554299260e20a1a9,nDCG@10,0.9197207891481876
5a80e468554299260e20a1a9,R@100,1.0
5a80e47d55429938b6142238,nDCG@10,0.0
5a80e47d55429938b6142238,R@100,1.0
5a80e4b255429938b6142239,nDCG@10,0.6131471927654584
5a80e4b255429938b6142239,R@100,0.5
5a80e5f5554299260e20a1ae,nDCG@10,0.8503449055347546
5a80e5f5554299260e20a1ae,R@100,1.0
5a80ecea55429938b6142254,nDCG@10,0.8503449055347546
5a80ecea55429938b6142254,R@100,1.0
5a80ef1555429938b614225e,nDCG@10,0.9197207891481876
5a80ef1555429938b614225e,R@100,1.0
5a80f42b55429938b614226c,nDCG@10,0.8772153153380493
5a80f42b55429938b614226c,R@100,1.0
5a80f499554299260e20a1d9,nDCG@10,0.6131471927654584
5a80f499554299260e20a1d9,R@100,0.5
5a80f4c2554299260e20a1da,nDCG@10,0.6131471927654584
5a80f4c2554299260e20a1da,R@100,0.5
5a80f793554299260e20a1e1,nDCG@10,0.17723928678404774
5a80f793554299260e20a1e1,R@100,1.0
5a80fb97554299260e20a1eb,nDCG@10,0.7977228895450266
5a80fb97554299260e20a1eb,R@100,1.0
5a80fd17554299260e20a1f1,nDCG@10,0.7903864795495061
5a80fd17554299260e20a1f1,R@100,1.0
5a810006554299260e20a1f6,nDCG@10,0.38685280723454163
5a810006554299260e20a1f6,R@100,1.0
5a81018755429938b6142287,nDCG@10,0.6131471927654584
5a81018755429938b6142287,R@100,1.0
5a810221554299260e20a1f9,nDCG@10,0.6131471927654584
5a810221554299260e20a1f9,R@100,0.5
5a81028b55429938b614228a,nDCG@10,0.8065735963827293
5a81028b55429938b614228a,R@100,1.0
5a810506554299260e20a202,nDCG@10,0.6052602440527057
5a810506554299260e20a202,R@100,1.0
5a810c44554299260e20a221,nDCG@10,0.6131471927654584
5a810c44554299260e20a221,R@100,0.5
5a810d5255429926c1cdacd8,nDCG@10,0.9197207891481876
5a810d5255429926c1cdacd8,R@100,1.0
5a810d7655429903bc27b915,nDCG@10,0.6131471927654584
5a810d7655429903bc27b915,R@100,1.0
5a81108855429926c1cdace2,nDCG@10,0.6131471927654584
5a81108855429926c1cdace2,R@100,0.5
5a811152554299260e20a22e,nDCG@10,0.6131471927654584
5a811152554299260e20a22e,R@100,0.5
5a81141855429938b61422ad,nDCG@10,0.6131471927654584
5a81141855429938b61422ad,R@100,0.5
5a811667554299260e20a23d,nDCG@10,0.0
5a811667554299260e20a23d,R@100,0.5
5a8126265542995ce29dcbc9,nDCG@10,0.6131471927654584
5a8126265542995ce29dcbc9,R@100,1.0
5a812cd555429926c1cdacfc,nDCG@10,0.9197207891481876
5a812cd555429926c1cdacfc,R@100,1.0
5a812d0555429938b61422e1,nDCG@10,1.0
5a812d0555429938b61422e1,R@100,1.0
5a81329655429926c1cdad0c,nDCG@10,0.6934264036172708
5a81329655429926c1cdad0c,R@100,1.0
5a8133725542995ce29dcbdb,nDCG@10,0.6131471927654584
5a8133725542995ce29dcbdb,R@100,1.0
5a81346055429926c1cdad13,nDCG@10,0.0
5a81346055429926c1cdad13,R@100,1.0
5a8135cc55429903bc27b943,nDCG@10,0.0
5a8135cc55429903bc27b943,R@100,0.5
5a8135eb55429938b61422fa,nDCG@10,0.8503449055347546
5a8135eb55429938b61422fa,R@100,1.0
5a813b6f55429903bc27b951,nDCG@10,1.0
5a813b6f55429903bc27b951,R@100,1.0
5a813e1b55429903bc27b958,nDCG@10,1.0
5a813e1b55429903bc27b958,R@100,1.0
5a81418455429903bc27b95f,nDCG@10,0.6131471927654584
5a81418455429903bc27b95f,R@100,0.5
5a8141cc55429938b6142316,nDCG@10,1.0
5a8141cc55429938b6142316,R@100,1.0
5a81456855429938b614231e,nDCG@10,0.8315546295836225
5a81456855429938b614231e,R@100,1.0
5a81537355429926c1cdad20,nDCG@10,0.46845052016107697
5a81537355429926c1cdad20,R@100,1.0
5a81549055429938b6142338,nDCG@10,1.0
5a81549055429938b6142338,R@100,1.0
5a815c2e5542995ce29dcbe8,nDCG@10,0.6131471927654584
5a815c2e5542995ce29dcbe8,R@100,1.0
5a815f445542995ce29dcbec,nDCG@10,1.0
5a815f445542995ce29dcbec,R@100,1.0
5a81624d5542995ce29dcbf1,nDCG@10,0.0
5a81624d5542995ce29dcbf1,R@100,0.0
5a816db055429903bc27b961,nDCG@10,0.3065735963827292
5a816db055429903bc27b961,R@100,1.0
5a81711455429938b614233e,nDCG@10,0.8772153153380493
5a81711455429938b614233e,R@100,1.0
5a81736255429903bc27b96e,nDCG@10,0.0
5a81736255429903bc27b96e,R@100,0.5
5a81737155429903bc27b96f,nDCG@10,0.6131471927654584
5a81737155429903bc27b96f,R@100,0.5
5a8173fa554299260e20a28e,nDCG@10,0.6131471927654584
5a8173fa554299260e20a28e,R@100,0.5
5a81778355429926c1cdad2e,nDCG@10,0.0
5a81778355429926c1cdad2e,R@100,1.0
5a817d8c55429903bc27b974,nDCG@10,1.0
5a817d8c55429903bc27b974,R@100,1.0
5a817f6655429938b6142349,nDCG@10,0.6131471927654584
5a817f6655429938b6142349,R@100,1.0
5a8182e255429938b614234d,nDCG@10,0.9197207891481876
5a8182e255429938b614234d,R@100,1.0
5a818387554299260e20a291,nDCG@10,1.0
5a818387554299260e20a291,R@100,1.0
5a8192045542995ce29dcc04,nDCG@10,0.9197207891481876
5a8192045542995ce29dcc04,R@100,1.0
5a8193275542995ce29dcc07,nDCG@10,0.6131471927654584
5a8193275542995ce29dcc07,R@100,1.0
5a81937e5542995ce29dcc08,nDCG@10,0.0
5a81937e5542995ce29dcc08,R@100,1.0
5a81967a55429926c1cdad44,nDCG@10,0.3065735963827292
5a81967a55429926c1cdad44,R@100,0.5
5a8197905542995ce29dcc10,nDCG@10,0.6131471927654584
5a8197905542995ce29dcc10,R@100,1.0
5a8198565542995ce29dcc13,nDCG@10,0.9197207891481876
5a8198565542995ce29dcc13,R@100,1.0
5a819e2755429903bc27b988,nDCG@10,0.6131471927654584
5a819e2755429903bc27b988,R@100,0.5
5a81a2055542990a1d231e2d,nDCG@10,1.0
5a81a2055542990a1d231e2d,R@100,1.0
5a81a2705542990a1d231e30,nDCG@10,1.0
5a81a2705542990a1d231e30,R@100,1.0
5a81a2e25542990a1d231e32,nDCG@10,0.6131471927654584
5a81a2e25542990a1d231e32,R@100,0.5
5a81a4135542990a1d231e37,nDCG@10,0.0
5a81a4135542990a1d231e37,R@100,0.5
5a81a4335542990a1d231e38,nDCG@10,0.6131471927654584
5a81a4335542990a1d231e38,R@100,0.5
5a81a4615542995ce29dcc1e,nDCG@10,0.6131471927654584
5a81a4615542995ce29dcc1e,R@100,1.0
5a81a63c5542990a1d231e45,nDCG@10,0.6131471927654584
5a81a63c5542990a1d231e45,R@100,1.0
5a81a7f75542995ce29dcc25,nDCG@10,0.9197207891481876
5a81a7f75542995ce29dcc25,R@100,1.0
5a81a84e5542990a1d231e4e,nDCG@10,0.6131471927654584
5a81a84e5542990a1d231e4e,R@100,1.0
5a81ad9855429903bc27b9a3,nDCG@10,0.6131471927654584
5a81ad9855429903bc27b9a3,R@100,0.5
5a81adfc55429903bc27b9a4,nDCG@10,0.5640920940185894
5a81adfc55429903bc27b9a4,R@100,1.0
5a81b2505542995ce29dcc32,nDCG@10,1.0
5a81b2505542995ce29dcc32,R@100,1.0
5a81b43d5542995ce29dcc39,nDCG@10,0.6131471927654584
5a81b43d5542995ce29dcc39,R@100,0.5
5a81b4cc5542995ce29dcc3c,nDCG@10,0.9197207891481876
5a81b4cc5542995ce29dcc3c,R@100,1.0
5a81b7205542990a1d231e79,nDCG@10,0.6131471927654584
5a81b7205542990a1d231e79,R@100,0.5
5a81b92a5542995ce29dcc52,nDCG@10,0.19342640361727081
5a81b92a5542995ce29dcc52,R@100,0.5
5a81b99c5542995ce29dcc56,nDCG@10,0.38685280723454163
5a81b99c5542995ce29dcc56,R@100,1.0
5a81c7d15542990a1d231ea9,nDCG@10,0.9197207891481876
5a81c7d15542990a1d231ea9,R@100,1.0
5a81c90a5542990a1d231eb4,nDCG@10,0.3065735963827292
5a81c90a5542990a1d231eb4,R@100,0.5
5a81ca0d5542990a1d231ebb,nDCG@10,1.0
5a81ca0d5542990a1d231ebb,R@100,1.0
5a81ca835542990a1d231ebd,nDCG@10,0.6131471927654584
5a81ca835542990a1d231ebd,R@100,0.5
5a81cb2c5542990a1d231ec4,nDCG@10,1.0
5a81cb2c5542990a1d231ec4,R@100,1.0
5a81cf64554299676cceb0ed,nDCG@10,0.6131471927654584
5a81cf64554299676cceb0ed,R@100,0.5
5a81d0515542990a1d231ed4,nDCG@10,0.6131471927654584
5a81d0515542990a1d231ed4,R@100,0.5
5a81d19b55429926c1cdad90,nDCG@10,0.8772153153380493
5a81d19b55429926c1cdad90,R@100,1.0
5a81d1f0554299676cceb0ee,nDCG@10,0.5706417189553201
5a81d1f0554299676cceb0ee,R@100,1.0
5a81d51a55429903bc27b9d2,nDCG@10,0.0
5a81d51a55429903bc27b9d2,R@100,0.5
5a81d54a55429903bc27b9d4,nDCG@10,0.6131471927654584
5a81d54a55429903bc27b9d4,R@100,1.0
5a81d59a55429903bc27b9d6,nDCG@10,0.6131471927654584
5a81d59a55429903bc27b9d6,R@100,1.0
5a81d69055429903bc27b9de,nDCG@10,0.6240505200038379
5a81d69055429903bc27b9de,R@100,1.0
5a81d6cd55429903bc27b9e0,nDCG@10,0.6131471927654584
5a81d6cd55429903bc27b9e0,R@100,1.0
5a81d81e554299676cceb0f6,nDCG@10,0.6131471927654584
5a81d81e554299676cceb0f6,R@100,0.5
5a81d92f554299676cceb0f9,nDCG@10,0.8772153153380493
5a81d92f554299676cceb0f9,R@100,1.0
5a81dacc55429926c1cdada0,nDCG@10,0.6131471927654584
5a81dacc55429926c1cdada0,R@100,1.0
5a81db0b5542990a1d231ee2,nDCG@10,1.0
5a81db0b5542990a1d231ee2,R@100,1.0
5a81dbfc55429903bc27b9f2,nDCG@10,0.6131471927654584
5a81dbfc55429903bc27b9f2,R@100,1.0
5a81df4b55429903bc27b9f8,nDCG@10,1.0
5a81df4b55429903bc27b9f8,R@100,1.0
5a81df7d55429926c1cdadaa,nDCG@10,0.8772153153380493
5a81df7d55429926c1cdadaa,R@100,1.0
5a81e04455429903bc27b9f9,nDCG@10,0.0
5a81e04455429903bc27b9f9,R@100,0.0
5a81e097554299676cceb129,nDCG@10,0.6131471927654584
5a81e097554299676cceb129,R@100,0.5
5a81e107554299676cceb12a,nDCG@10,0.8772153153380493
5a81e107554299676cceb12a,R@100,1.0
5a81e4e8554299676cceb140,nDCG@10,0.0
5a81e4e8554299676cceb140,R@100,0.5
5a81e89d5542995ce29dcc72,nDCG@10,0.6131471927654584
5a81e89d5542995ce29dcc72,R@100,1.0
5a81e8a0554299676cceb157,nDCG@10,0.2640681225725909
5a81e8a0554299676cceb157,R@100,1.0
5a81e8ea5542995ce29dcc73,nDCG@10,1.0
5a81e8ea5542995ce29dcc73,R@100,1.0
5a81ea115542995ce29dcc78,nDCG@10,0.6131471927654584
5a81ea115542995ce29dcc78,R@100,0.5
5a81ebee554299676cceb16d,nDCG@10,0.0
5a81ebee554299676cceb16d,R@100,0.5
5a81ed345542995ce29dcc85,nDCG@10,0.6131471927654584
5a81ed345542995ce29dcc85,R@100,1.0
5a81ee385542995ce29dcc88,nDCG@10,0.6131471927654584
5a81ee385542995ce29dcc88,R@100,0.5
5a81f10055429903bc27ba06,nDCG@10,0.2640681225725909
5a81f10055429903bc27ba06,R@100,1.0
5a81f49c5542995ce29dcc9a,nDCG@10,0.6131471927654584
5a81f49c5542995ce29dcc9a,R@100,1.0
5a81f85d55429926c1cdadca,nDCG@10,0.6131471927654584
5a81f85d55429926c1cdadca,R@100,0.5
5a81fa59554299676cceb1b0,nDCG@10,1.0
5a81fa59554299676cceb1b0,R@100,1.0
5a81fbc25542990a1d231f09,nDCG@10,0.6240505200038379
5a81fbc25542990a1d231f09,R@100,1.0
5a81ff1a554299676cceb1c2,nDCG@10,0.6131471927654584
5a81ff1a554299676cceb1c2,R@100,0.5
5a81ff62554299676cceb1c4,nDCG@10,1.0
5a81ff62554299676cceb1c4,R@100,1.0
5a82028a554299676cceb1d6,nDCG@10,0.6131471927654584
5a82028a554299676cceb1d6,R@100,1.0
5a8205b755429926c1cdadee,nDCG@10,0.9197207891481876
5a8205b755429926c1cdadee,R@100,1.0
5a820897554299676cceb1f4,nDCG@10,0.6131471927654584
5a820897554299676cceb1f4,R@100,0.5
5a8208ee5542990a1d231f1e,nDCG@10,1.0
5a8208ee5542990a1d231f1e,R@100,1.0
5a8209845542990a1d231f1f,nDCG@10,1.0
5a8209845542990a1d231f1f,R@100,1.0
5a820c0c554299676cceb1fc,nDCG@10,0.6131471927654584
5a820c0c554299676cceb1fc,R@100,0.5
5a820cb355429903bc27ba2f,nDCG@10,1.0
5a820cb355429903bc27ba2f,R@100,1.0
5a820f2c55429926c1cdae17,nDCG@10,0.6131471927654584
5a820f2c55429926c1cdae17,R@100,0.5
5a820f2f554299676cceb1ff,nDCG@10,1.0
5a820f2f554299676cceb1ff,R@100,1.0
5a8210f355429926c1cdae24,nDCG@10,0.23719771276929622
5a8210f355429926c1cdae24,R@100,0.5
5a82112955429926c1cdae25,nDCG@10,0.6131471927654584
5a82112955429926c1cdae25,R@100,0.5
5a82119155429926c1cdae28,nDCG@10,0.9197207891481876
5a82119155429926c1cdae28,R@100,1.0
5a821b4b5542995ce29dccab,nDCG@10,0.0
5a821b4b5542995ce29dccab,R@100,0.0
5a821c95554299676cceb219,nDCG@10,0.6131471927654584
5a821c95554299676cceb219,R@100,0.5
5a8220db5542995ce29dccc1,nDCG@10,1.0
5a8220db5542995ce29dccc1,R@100,1.0
5a822a5e55429926c1cdae43,nDCG@10,0.6131471927654584
5a822a5e55429926c1cdae43,R@100,1.0
5a82301155429926c1cdae4a,nDCG@10,1.0
5a82301155429926c1cdae4a,R@100,1.0
5a8230af554299676cceb227,nDCG@10,1.0
5a8230af554299676cceb227,R@100,1.0
5a82360055429903bc27ba46,nDCG@10,0.6509209298071326
5a82360055429903bc27ba46,R@100,1.0
5a823b0c55429940e5e1a804,nDCG@10,0.9197207891481876
5a823b0c55429940e5e1a804,R@100,1.0
5a823b355542990a1d231f6e,nDCG@10,0.6131471927654584
5a823b355542990a1d231f6e,R@100,0.5
5a823f61554299676cceb234,nDCG@10,0.38685280723454163
5a823f61554299676cceb234,R@100,1.0
5a823fbf55429903bc27ba54,nDCG@10,0.6131471927654584
5a823fbf55429903bc27ba54,R@100,0.5
5a823fc055429940e5e1a810,nDCG@10,0.9197207891481876
5a823fc055429940e5e1a810,R@100,1.0
5a8241a855429940e5e1a819,nDCG@10,0.6131471927654584
5a8241a855429940e5e1a819,R@100,0.5
5a8242c155429940e5e1a81d,nDCG@10,0.6131471927654584
5a8242c155429940e5e1a81d,R@100,0.5
5a824858554299676cceb247,nDCG@10,0.6131471927654584
5a824858554299676cceb247,R@100,0.5
5a8249b85542990a1d231f8f,nDCG@10,0.0
5a8249b85542990a1d231f8f,R@100,0.5
5a824e0b554299676cceb254,nDCG@10,0.9197207891481876
5a824e0b554299676cceb254,R@100,1.0
5a8257fa55429940e5e1a866,nDCG@10,0.21840743681816419
5a8257fa55429940e5e1a866,R@100,1.0
5a825a9d55429940e5e1a870,nDCG@10,0.8772153153380493
5a825a9d55429940e5e1a870,R@100,1.0
5a825b0e55429954d2e2eb0c,nDCG@10,0.0
5a825b0e55429954d2e2eb0c,R@100,1.0
5a825bb455429940e5e1a874,nDCG@10,0.6131471927654584
5a825bb455429940e5e1a874,R@100,0.5
5a825da055429954d2e2eb17,nDCG@10,1.0
5a825da055429954d2e2eb17,R@100,1.0
5a825f2155429954d2e2eb1b,nDCG@10,0.2640681225725909
5a825f2155429954d2e2eb1b,R@100,0.5
5a82626655429966c78a6a08,nDCG@10,0.9197207891481876
5a82626655429966c78a6a08,R@100,1.0
5a82678a5542995ce29dccfa,nDCG@10,0.6131471927654584
5a82678a5542995ce29dccfa,R@100,0.5
5a8268215542995ce29dccfb,nDCG@10,0.8315546295836225
5a8268215542995ce29dccfb,R@100,1.0
5a8268aa55429940e5e1a8aa,nDCG@10,0.6131471927654584
5a8268aa55429940e5e1a8aa,R@100,0.5
5a826d2f5542995ce29dcd05,nDCG@10,0.6131471927654584
5a826d2f5542995ce29dcd05,R@100,1.0
5a827ce155429940e5e1a8d7,nDCG@10,0.6131471927654584
5a827ce155429940e5e1a8d7,R@100,1.0
5a827e8455429940e5e1a8dd,nDCG@10,0.6131471927654584
5a827e8455429940e5e1a8dd,R@100,0.5
5a82800855429966c78a6a2f,nDCG@10,0.6131471927654584
5a82800855429966c78a6a2f,R@100,1.0
5a82817555429954d2e2eb5a,nDCG@10,1.0
5a82817555429954d2e2eb5a,R@100,1.0
5a8284b555429954d2e2eb5f,nDCG@10,0.6131471927654584
5a8284b555429954d2e2eb5f,R@100,1.0
5a828a7b55429954d2e2eb69,nDCG@10,0.6131471927654584
5a828a7b55429954d2e2eb69,R@100,0.5
5a828c3355429940e5e1a8f0,nDCG@10,0.6131471927654584
5a828c3355429940e5e1a8f0,R@100,0.5
5a828c8355429966c78a6a50,nDCG@10,0.8772153153380493
5a828c8355429966c78a6a50,R@100,1.0
5a82930655429966c78a6a5e,nDCG@10,0.0
5a82930655429966c78a6a5e,R@100,1.0
5a8297c055429954d2e2eb71,nDCG@10,0.23719771276929622
5a8297c055429954d2e2eb71,R@100,1.0
5a829a7055429966c78a6a66,nDCG@10,0.21840743681816419
5a829a7055429966c78a6a66,R@100,0.5
5a829c1d55429966c78a6a67,nDCG@10,0.6131471927654584
5a829c1d55429966c78a6a67,R@100,1.0
5a829fab55429954d2e2eb83,nDCG@10,0.6131471927654584
5a829fab55429954d2e2eb83,R@100,1.0
5a82a1ae55429954d2e2eb89,nDCG@10,0.8772153153380493
5a82a1ae55429954d2e2eb89,R@100,1.0
5a82a55955429966c78a6a70,nDCG@10,0.21840743681816419
5a82a55955429966c78a6a70,R@100,0.5
5a82a91155429940e5e1a911,nDCG@10,0.8772153153380493
5a82a91155429940e5e1a911,R@100,1.0
5a82accd55429966c78a6a78,nDCG@10,1.0
5a82accd55429966c78a6a78,R@100,1.0
5a82bb3c55429966c78a6a86,nDCG@10,0.6131471927654584
5a82bb3c55429966c78a6a86,R@100,0.5
5a82bc7455429940e5e1a926,nDCG@10,0.0
5a82bc7455429940e5e1a926,R@100,0.5
5a82bdd655429940e5e1a92a,nDCG@10,1.0
5a82bdd655429940e5e1a92a,R@100,1.0
5a82c51055429966c78a6a8d,nDCG@10,0.3065735963827292
5a82c51055429966c78a6a8d,R@100,1.0
5a82d71555429966c78a6a94,nDCG@10,0.6934264036172708
5a82d71555429966c78a6a94,R@100,1.0
5a82e25555429954d2e2ebbf,nDCG@10,0.38685280723454163
5a82e25555429954d2e2ebbf,R@100,0.5
5a82e36255429940e5e1a93b,nDCG@10,0.38685280723454163
5a82e36255429940e5e1a93b,R@100,0.5
5a82ebb855429966c78a6a9c,nDCG@10,0.6131471927654584
5a82ebb855429966c78a6a9c,R@100,0.5
5a82edae55429966c78a6a9f,nDCG@10,0.8772153153380493
5a82edae55429966c78a6a9f,R@100,1.0
5a82efe355429966c78a6aa1,nDCG@10,0.6131471927654584
5a82efe355429966c78a6aa1,R@100,0.5
5a82f05255429966c78a6aa2,nDCG@10,0.5912352048230277
5a82f05255429966c78a6aa2,R@100,1.0
5a82f35f5542995ce29dcd14,nDCG@10,0.6131471927654584
5a82f35f5542995ce29dcd14,R@100,0.5
5a82fcbd55429954d2e2ebe8,nDCG@10,1.0
5a82fcbd55429954d2e2ebe8,R@100,1.0
5a82fe5055429966c78a6ad3,nDCG@10,0.9197207891481876
5a82fe5055429966c78a6ad3,R@100,1.0
5a82ffe755429940e5e1a949,nDCG@10,0.6131471927654584
5a82ffe755429940e5e1a949,R@100,0.5
5a82ffef55429954d2e2ebf2,nDCG@10,0.0
5a82ffef55429954d2e2ebf2,R@100,0.5
5a8303c255429954d2e2ec01,nDCG@10,1.0
5a8303c255429954d2e2ec01,R@100,1.0
5a83041355429966c78a6ae8,nDCG@10,0.38685280723454163
5a83041355429966c78a6ae8,R@100,1.0
5a8307c055429966c78a6af9,nDCG@10,0.9197207891481876
5a8307c055429966c78a6af9,R@100,1.0
5a83093c55429966c78a6b01,nDCG@10,0.6131471927654584
5a83093c55429966c78a6b01,R@100,1.0
5a83108d55429966c78a6b1e,nDCG@10,1.0
5a83108d55429966c78a6b1e,R@100,1.0
5a8313a755429954d2e2ec06,nDCG@10,0.9197207891481876
5a8313a755429954d2e2ec06,R@100,1.0
5a8314bd55429966c78a6b2a,nDCG@10,0.9197207891481876
5a8314bd55429966c78a6b2a,R@100,1.0
5a83155c55429954d2e2ec0e,nDCG@10,0.6131471927654584
5a83155c55429954d2e2ec0e,R@100,0.5
5a8315c055429966c78a6b2d,nDCG@10,0.6131471927654584
5a8315c055429966c78a6b2d,R@100,1.0
5a83161555429940e5e1a958,nDCG@10,1.0
5a83161555429940e5e1a958,R@100,1.0
5a83172455429954d2e2ec14,nDCG@10,0.0
5a83172455429954d2e2ec14,R@100,0.5
5a8318955542990548d0b177,nDCG@10,0.8772153153380493
5a8318955542990548d0b177,R@100,1.0
5a8318dd55429940e5e1a95e,nDCG@10,0.6131471927654584
5a8318dd55429940e5e1a95e,R@100,0.5
5a8319a05542990548d0b178,nDCG@10,1.0
5a8319a05542990548d0b178,R@100,1.0
5a8319b255429940e5e1a960,nDCG@10,0.20438239758848611
5a8319b255429940e5e1a960,R@100,1.0
5a831af855429954d2e2ec1e,nDCG@10,0.8772153153380493
5a831af855429954d2e2ec1e,R@100,1.0
5a831fc955429954d2e2ec28,nDCG@10,0.0
5a831fc955429954d2e2ec28,R@100,0.5
5a831fcc55429940e5e1a96a,nDCG@10,0.3065735963827292
5a831fcc55429940e5e1a96a,R@100,1.0
5a8324815542990548d0b184,nDCG@10,0.6131471927654584
5a8324815542990548d0b184,R@100,0.5
5a8325b35542990548d0b18f,nDCG@10,1.0
5a8325b35542990548d0b18f,R@100,1.0
5a8327fd5542990548d0b1a3,nDCG@10,0.8175295903539445
5a8327fd5542990548d0b1a3,R@100,1.0
5a832a625542990548d0b1b4,nDCG@10,1.0
5a832a625542990548d0b1b4,R@100,1.0
5a832ad55542990548d0b1b5,nDCG@10,0.21840743681816419
5a832ad55542990548d0b1b5,R@100,0.5
5a832e715542990548d0b1bf,nDCG@10,0.7977228895450266
5a832e715542990548d0b1bf,R@100,1.0
5a832f9d5542993344745fe4,nDCG@10,0.0
5a832f9d5542993344745fe4,R@100,1.0
5a832fdd55429954d2e2ec4f,nDCG@10,0.6131471927654584
5a832fdd55429954d2e2ec4f,R@100,0.5
5a83305d55429966c78a6b4a,nDCG@10,0.6131471927654584
5a83305d55429966c78a6b4a,R@100,0.5
5a83316b5542993344745fe5,nDCG@10,0.17723928678404774
5a83316b5542993344745fe5,R@100,0.5
5a8331f15542993344745fe8,nDCG@10,0.6131471927654584
5a8331f15542993344745fe8,R@100,0.5
5a8332815542993344745fe9,nDCG@10,0.38685280723454163
5a8332815542993344745fe9,R@100,0.5
5a8333115542993344745feb,nDCG@10,0.0
5a8333115542993344745feb,R@100,0.5
5a83335f5542996488c2e3ec,nDCG@10,0.7903864795495061
5a83335f5542996488c2e3ec,R@100,1.0
5a8335d95542993344745ff1,nDCG@10,0.8315546295836225
5a8335d95542993344745ff1,R@100,1.0
5a8340fd55429954d2e2ec6b,nDCG@10,0.6131471927654584
5a8340fd55429954d2e2ec6b,R@100,1.0
5a83411655429966c78a6b5d,nDCG@10,0.6131471927654584
5a83411655429966c78a6b5d,R@100,0.5
5a8341c255429954d2e2ec6e,nDCG@10,0.6131471927654584
5a8341c255429954d2e2ec6e,R@100,0.5
5a83431d5542993344745ff5,nDCG@10,0.6131471927654584
5a83431d5542993344745ff5,R@100,0.5
5a83438955429966c78a6b61,nDCG@10,0.6131471927654584
5a83438955429966c78a6b61,R@100,0.5
5a8347d65542996488c2e3f6,nDCG@10,0.0
5a8347d65542996488c2e3f6,R@100,0.0
5a834cea5542990548d0b1c6,nDCG@10,0.3065735963827292
5a834cea5542990548d0b1c6,R@100,0.5
5a834ed95542990548d0b1ca,nDCG@10,0.8772153153380493
5a834ed95542990548d0b1ca,R@100,1.0
5a8351fd55429954d2e2ec98,nDCG@10,1.0
5a8351fd55429954d2e2ec98,R@100,1.0
5a835478554299123d8c20ed,nDCG@10,1.0
5a835478554299123d8c20ed,R@100,1.0
5a83587f5542990548d0b1de,nDCG@10,0.6131471927654584
5a83587f5542990548d0b1de,R@100,0.5
5a8359c7554299123d8c20fb,nDCG@10,0.6131471927654584
5a8359c7554299123d8c20fb,R@100,0.5
5a835a265542992ef85e2281,nDCG@10,0.7903864795495061
5a835a265542992ef85e2281,R@100,1.0
5a835a7b554299123d8c20fc,nDCG@10,0.6131471927654584
5a835a7b554299123d8c20fc,R@100,0.5
5a835b88554299123d8c2101,nDCG@10,0.5912352048230277
5a835b88554299123d8c2101,R@100,1.0
5a835c895542993344746009,nDCG@10,0.6131471927654584
5a835c895542993344746009,R@100,0.5
5a835c9f5542992ef85e228a,nDCG@10,0.6131471927654584
5a835c9f5542992ef85e228a,R@100,0.5
5a835e215542992ef85e2296,nDCG@10,0.8065735963827293
5a835e215542992ef85e2296,R@100,1.0
5a8361b65542992ef85e22a0,nDCG@10,0.6131471927654584
5a8361b65542992ef85e22a0,R@100,1.0
5a8361f35542996488c2e431,nDCG@10,1.0
5a8361f35542996488c2e431,R@100,1.0
5a8367c1554299334474600e,nDCG@10,0.6131471927654584
5a8367c1554299334474600e,R@100,1.0
5a83697e5542996488c2e441,nDCG@10,0.9197207891481876
5a83697e5542996488c2e441,R@100,1.0
5a836a2d554299334474600f,nDCG@10,0.0
5a836a2d554299334474600f,R@100,0.5
5a836a765542996488c2e446,nDCG@10,0.5706417189553201
5a836a765542996488c2e446,R@100,1.0
5a836ce55542993344746012,nDCG@10,0.6509209298071326
5a836ce55542993344746012,R@100,1.0
5a836d8a554299123d8c2113,nDCG@10,0.6131471927654584
5a836d8a554299123d8c2113,R@100,1.0
5a837121554299123d8c2128,nDCG@10,1.0
5a837121554299123d8c2128,R@100,1.0
5a837d9a554299123d8c213e,nDCG@10,0.17723928678404774
5a837d9a554299123d8c213e,R@100,1.0
5a83870f554299123d8c2149,nDCG@10,0.21840743681816419
5a83870f554299123d8c2149,R@100,0.5
5a83880e554299123d8c214e,nDCG@10,0.9197207891481876
5a83880e554299123d8c214e,R@100,1.0
5a8389445542996488c2e450,nDCG@10,0.9197207891481876
5a8389445542996488c2e450,R@100,1.0
5a838a3d554299123d8c215d,nDCG@10,0.0
5a838a3d554299123d8c215d,R@100,0.5
5a838eba5542992ef85e22fe,nDCG@10,1.0
5a838eba5542992ef85e22fe,R@100,1.0
5a838fcd5542992ef85e2305,nDCG@10,0.6131471927654584
5a838fcd5542992ef85e2305,R@100,0.5
5a8391f55542996488c2e45c,nDCG@10,0.0
5a8391f55542996488c2e45c,R@100,0.5
5a8393665542990548d0b1ea,nDCG@10,0.0
5a8393665542990548d0b1ea,R@100,1.0
5a83938c5542993344746049,nDCG@10,0.8065735963827293
5a83938c5542993344746049,R@100,1.0
5a83972f5542996488c2e46d,nDCG@10,0.6131471927654584
5a83972f5542996488c2e46d,R@100,1.0
5a8398405542993344746050,nDCG@10,0.0
5a8398405542993344746050,R@100,0.5
5a839c8b5542996488c2e479,nDCG@10,0.6131471927654584
5a839c8b5542996488c2e479,R@100,0.5
5a839cb9554299123d8c2169,nDCG@10,0.6131471927654584
5a839cb9554299123d8c2169,R@100,0.5
5a839f985542996488c2e47d,nDCG@10,1.0
5a839f985542996488c2e47d,R@100,1.0
5a83a2a15542993344746063,nDCG@10,1.0
5a83a2a15542993344746063,R@100,1.0
5a83a30a5542992ef85e2339,nDCG@10,0.6131471927654584
5a83a30a5542992ef85e2339,R@100,0.5
5a83a31c554299123d8c2179,nDCG@10,0.23719771276929622
5a83a31c554299123d8c2179,R@100,1.0
5a83a4bc554299123d8c217f,nDCG@10,0.6131471927654584
5a83a4bc554299123d8c217f,R@100,0.5
5a83a532554299334474606f,nDCG@10,0.6131471927654584
5a83a532554299334474606f,R@100,0.5
5a83a7e15542992ef85e2347,nDCG@10,1.0
5a83a7e15542992ef85e2347,R@100,1.0
5a83aaeb5542996488c2e483,nDCG@10,0.40298313359773236
5a83aaeb5542996488c2e483,R@100,1.0
5a83ab355542990548d0b218,nDCG@10,0.7903864795495061
5a83ab355542990548d0b218,R@100,1.0
5a83b01c5542996488c2e489,nDCG@10,1.0
5a83b01c5542996488c2e489,R@100,1.0
5a83b1e75542990548d0b220,nDCG@10,0.3065735963827292
5a83b1e75542990548d0b220,R@100,1.0
5a83b4d35542996488c2e495,nDCG@10,0.6131471927654584
5a83b4d35542996488c2e495,R@100,0.5
5a83bfc8554299123d8c21a1,nDCG@10,0.8772153153380493
5a83bfc8554299123d8c21a1,R@100,1.0
5a83c2e25542996488c2e4bc,nDCG@10,0.8503449055347546
5a83c2e25542996488c2e4bc,R@100,1.0
5a83c3275542996488c2e4be,nDCG@10,0.6131471927654584
5a83c3275542996488c2e4be,R@100,0.5
5a83c56d5542996488c2e4c3,nDCG@10,1.0
5a83c56d5542996488c2e4c3,R@100,1.0
5a83c9445542992ef85e2360,nDCG@10,0.8065735963827293
5a83c9445542992ef85e2360,R@100,1.0
5a83c9e45542992ef85e2361,nDCG@10,1.0
5a83c9e45542992ef85e2361,R@100,1.0
5a83cce95542996488c2e4d6,nDCG@10,0.0
5a83cce95542996488c2e4d6,R@100,0.5
5a83d0845542996488c2e4e6,nDCG@10,0.38685280723454163
5a83d0845542996488c2e4e6,R@100,0.5
5a83d0ed5542996488c2e4e7,nDCG@10,0.38685280723454163
5a83d0ed5542996488c2e4e7,R@100,1.0
5a83d42d5542992ef85e2375,nDCG@10,0.6131471927654584
5a83d42d5542992ef85e2375,R@100,0.5
5a83d7535542993344746093,nDCG@10,0.2640681225725909
5a83d7535542993344746093,R@100,0.5
5a83d7d05542992ef85e237a,nDCG@10,0.8315546295836225
5a83d7d05542992ef85e237a,R@100,1.0
5a83dd2c554299334474609e,nDCG@10,0.0
5a83dd2c554299334474609e,R@100,0.5
5a83de04554299334474609f,nDCG@10,1.0
5a83de04554299334474609f,R@100,1.0
5a83e98e5542992ef85e2387,nDCG@10,0.0
5a83e98e5542992ef85e2387,R@100,0.5
5a83eaae55429933447460b4,nDCG@10,1.0
5a83eaae55429933447460b4,R@100,1.0
5a83ed9b55429933447460b8,nDCG@10,0.6131471927654584
5a83ed9b55429933447460b8,R@100,1.0
5a83ef745542996488c2e4f8,nDCG@10,0.2640681225725909
5a83ef745542996488c2e4f8,R@100,0.5
5a83f07455429933447460be,nDCG@10,1.0
5a83f07455429933447460be,R@100,1.0
5a8408a9554299123d8c21d3,nDCG@10,0.0
5a8408a9554299123d8c21d3,R@100,0.0
5a840a9e5542992ef85e2397,nDCG@10,0.0
5a840a9e5542992ef85e2397,R@100,0.5
5a840e395542992ef85e239d,nDCG@10,0.19342640361727081
5a840e395542992ef85e239d,R@100,1.0
5a840e8a5542992ef85e239e,nDCG@10,0.3065735963827292
5a840e8a5542992ef85e239e,R@100,1.0
5a841b215542990548d0b25b,nDCG@10,0.6131471927654584
5a841b215542990548d0b25b,R@100,0.5
5a842f705542996488c2e4fc,nDCG@10,0.3065735963827292
5a842f705542996488c2e4fc,R@100,0.5
5a8430335542996488c2e500,nDCG@10,0.6131471927654584
5a8430335542996488c2e500,R@100,1.0
5a8434445542996488c2e517,nDCG@10,0.20438239758848611
5a8434445542996488c2e517,R@100,1.0
5a843b045542996488c2e518,nDCG@10,0.6131471927654584
5a843b045542996488c2e518,R@100,1.0
5a843cf35542996488c2e51b,nDCG@10,0.8175295903539445
5a843cf35542996488c2e51b,R@100,1.0
5a843de75542992ef85e23b4,nDCG@10,0.21840743681816419
5a843de75542992ef85e23b4,R@100,0.5
5a843f305542996488c2e51d,nDCG@10,0.0
5a843f305542996488c2e51d,R@100,0.5
5a844fd35542990548d0b274,nDCG@10,0.23719771276929622
5a844fd35542990548d0b274,R@100,1.0
5a84524a554299123d8c2203,nDCG@10,1.0
5a84524a554299123d8c2203,R@100,1.0
5a84564c5542990548d0b288,nDCG@10,0.0
5a84564c5542990548d0b288,R@100,0.0
5a8456ef5542990548d0b289,nDCG@10,0.38685280723454163
5a8456ef5542990548d0b289,R@100,1.0
5a84574455429933447460e6,nDCG@10,0.8772153153380493
5a84574455429933447460e6,R@100,1.0
5a8457835542990548d0b28a,nDCG@10,0.38685280723454163
5a8457835542990548d0b28a,R@100,0.5
5a8459aa5542996488c2e51e,nDCG@10,0.0
5a8459aa5542996488c2e51e,R@100,0.5
5a845b2d5542996488c2e520,nDCG@10,0.6131471927654584
5a845b2d5542996488c2e520,R@100,0.5
5a845d735542996488c2e52e,nDCG@10,0.0
5a845d735542996488c2e52e,R@100,0.0
5a845e9055429933447460ec,nDCG@10,0.6131471927654584
5a845e9055429933447460ec,R@100,0.5
5a8460d5554299123d8c2229,nDCG@10,0.8772153153380493
5a8460d5554299123d8c2229,R@100,1.0
5a8463545542990548d0b2a3,nDCG@10,0.5109559939712153
5a8463545542990548d0b2a3,R@100,1.0
5a8463945542992ef85e23d9,nDCG@10,0.9197207891481876
5a8463945542992ef85e23d9,R@100,1.0
5a8463d05542990548d0b2a5,nDCG@10,0.23719771276929622
5a8463d05542990548d0b2a5,R@100,0.5
5a8466a75542993344746108,nDCG@10,0.6131471927654584
5a8466a75542993344746108,R@100,1.0
5a8468c95542990548d0b2b1,nDCG@10,0.6131471927654584
5a8468c95542990548d0b2b1,R@100,0.5
5a846acc5542993344746117,nDCG@10,0.6131471927654584
5a846acc5542993344746117,R@100,0.5
5a846c005542990548d0b2b3,nDCG@10,1.0
5a846c005542990548d0b2b3,R@100,1.0
5a846da0554299334474611e,nDCG@10,1.0
5a846da0554299334474611e,R@100,1.0
5a847e0a5542990548d0b2c3,nDCG@10,0.38685280723454163
5a847e0a5542990548d0b2c3,R@100,0.5
5a847e805542993344746140,nDCG@10,1.0
5a847e805542993344746140,R@100,1.0
5a847edd554299123d8c2272,nDCG@10,0.8065735963827293
5a847edd554299123d8c2272,R@100,1.0
5a84800f554299123d8c2276,nDCG@10,0.6131471927654584
5a84800f554299123d8c2276,R@100,0.5
5a84807d554299123d8c2278,nDCG@10,0.38685280723454163
5a84807d554299123d8c2278,R@100,0.5
5a8481945542997175ce1ed3,nDCG@10,0.2640681225725909
5a8481945542997175ce1ed3,R@100,1.0
5a8481ba5542997175ce1ed4,nDCG@10,0.6131471927654584
5a8481ba5542997175ce1ed4,R@100,0.5
5a8482e55542997175ce1edc,nDCG@10,1.0
5a8482e55542997175ce1edc,R@100,1.0
5a8483b45542992a431d1a40,nDCG@10,0.6131471927654584
5a8483b45542992a431d1a40,R@100,0.5
5a8484495542997175ce1ee8,nDCG@10,0.6131471927654584
5a8484495542997175ce1ee8,R@100,1.0
5a8485fa5542992a431d1a41,nDCG@10,0.6131471927654584
5a8485fa5542992a431d1a41,R@100,1.0
5a84873e5542997175ce1eec,nDCG@10,0.6131471927654584
5a84873e5542997175ce1eec,R@100,1.0
5a8488f45542992a431d1a47,nDCG@10,0.0
5a8488f45542992a431d1a47,R@100,0.0
5a848a685542997b5ce3feae,nDCG@10,0.0
5a848a685542997b5ce3feae,R@100,0.0
5a848a725542990548d0b2c7,nDCG@10,0.6131471927654584
5a848a725542990548d0b2c7,R@100,1.0
5a848b5c5542997175ce1ef2,nDCG@10,0.0
5a848b5c5542997175ce1ef2,R@100,0.0
5a848eff5542990548d0b2cd,nDCG@10,0.6131471927654584
5a848eff5542990548d0b2cd,R@100,0.5
5a8492ab5542992a431d1a5b,nDCG@10,1.0
5a8492ab5542992a431d1a5b,R@100,1.0
5a8494b15542991dd0999d35,nDCG@10,0.6131471927654584
5a8494b15542991dd0999d35,R@100,1.0
5a84973e5542992a431d1a67,nDCG@10,0.3065735963827292
5a84973e5542992a431d1a67,R@100,0.5
5a84992e5542992a431d1a6d,nDCG@10,0.6131471927654584
5a84992e5542992a431d1a6d,R@100,0.5
5a84995d5542997b5ce3fee4,nDCG@10,0.23719771276929622
5a84995d5542997b5ce3fee4,R@100,0.5
5a849c135542992a431d1a7a,nDCG@10,0.38685280723454163
5a849c135542992a431d1a7a,R@100,1.0
5a849c1b5542997175ce1ef9,nDCG@10,0.6131471927654584
5a849c1b5542997175ce1ef9,R@100,0.5
5a849cc95542997175ce1efa,nDCG@10,0.8315546295836225
5a849cc95542997175ce1efa,R@100,1.0
5a84a1c85542992a431d1a7c,nDCG@10,0.9197207891481876
5a84a1c85542992a431d1a7c,R@100,1.0
5a84a4e35542992a431d1a81,nDCG@10,1.0
5a84a4e35542992a431d1a81,R@100,1.0
5a84a5385542990548d0b2d9,nDCG@10,1.0
5a84a5385542990548d0b2d9,R@100,1.0
5a84a5dc5542992a431d1a82,nDCG@10,0.0
5a84a5dc5542992a431d1a82,R@100,1.0
5a84a65d5542992a431d1a83,nDCG@10,0.6131471927654584
5a84a65d5542992a431d1a83,R@100,1.0
5a84a7f95542992a431d1a85,nDCG@10,0.6131471927654584
5a84a7f95542992a431d1a85,R@100,0.5
5a84a8ce5542997175ce1f1c,nDCG@10,0.38685280723454163
5a84a8ce5542997175ce1f1c,R@100,0.5
5a84a97f5542992a431d1a87,nDCG@10,1.0
5a84a97f5542992a431d1a87,R@100,1.0
5a84abaf5542997b5ce3ff06,nDCG@10,0.9197207891481876
5a84abaf5542997b5ce3ff06,R@100,1.0
5a84ac585542991dd0999d72,nDCG@10,0.6131471927654584
5a84ac585542991dd0999d72,R@100,1.0
5a84aca95542992a431d1a89,nDCG@10,0.6131471927654584
5a84aca95542992a431d1a89,R@100,0.5
5a84ad3a5542992a431d1a8b,nDCG@10,0.6131471927654584
5a84ad3a5542992a431d1a8b,R@100,1.0
5a84af3e5542991dd0999d7c,nDCG@10,0.2640681225725909
5a84af3e5542991dd0999d7c,R@100,1.0
5a84afdc5542991dd0999d81,nDCG@10,0.3065735963827292
5a84afdc5542991dd0999d81,R@100,0.5
5a84b0705542991dd0999d86,nDCG@10,1.0
5a84b0705542991dd0999d86,R@100,1.0
5a84b2995542994c784dda11,nDCG@10,0.6131471927654584
5a84b2995542994c784dda11,R@100,1.0
5a84b4005542991dd0999d99,nDCG@10,0.6131471927654584
5a84b4005542991dd0999d99,R@100,0.5
5a84b5975542991dd0999da3,nDCG@10,0.6131471927654584
5a84b5975542991dd0999da3,R@100,0.5
5a84b5ac5542991dd0999da4,nDCG@10,0.8503449055347546
5a84b5ac5542991dd0999da4,R@100,1.0
5a84b5f05542991dd0999da5,nDCG@10,0.9197207891481876
5a84b5f05542991dd0999da5,R@100,1.0
5a84b6e15542991dd0999daa,nDCG@10,0.6131471927654584
5a84b6e15542991dd0999daa,R@100,0.5
5a84b6ed5542994c784dda18,nDCG@10,0.5012658353418871
5a84b6ed5542994c784dda18,R@100,1.0
5a84b7db5542991dd0999db0,nDCG@10,0.23719771276929622
5a84b7db5542991dd0999db0,R@100,1.0
5a84b8555542991dd0999db2,nDCG@10,0.6131471927654584
5a84b8555542991dd0999db2,R@100,0.5
5a84b9c95542997b5ce3ff35,nDCG@10,0.7903864795495061
5a84b9c95542997b5ce3ff35,R@100,1.0
5a84bb825542991dd0999dbe,nDCG@10,0.6131471927654584
5a84bb825542991dd0999dbe,R@100,0.5
5a84bbb35542991dd0999dc0,nDCG@10,0.0
5a84bbb35542991dd0999dc0,R@100,0.5
5a84bc5b5542991dd0999dc3,nDCG@10,0.9197207891481876
5a84bc5b5542991dd0999dc3,R@100,1.0
5a84bda45542992a431d1a96,nDCG@10,0.0
5a84bda45542992a431d1a96,R@100,0.0
5a84be095542992a431d1a97,nDCG@10,1.0
5a84be095542992a431d1a97,R@100,1.0
5a84be845542991dd0999dcf,nDCG@10,1.0
5a84be845542991dd0999dcf,R@100,1.0
5a84c01e5542991dd0999dd6,nDCG@10,0.0
5a84c01e5542991dd0999dd6,R@100,0.5
5a84c0765542991dd0999dd9,nDCG@10,0.6131471927654584
5a84c0765542991dd0999dd9,R@100,0.5
5a84c0885542994c784dda28,nDCG@10,0.6131471927654584
5a84c0885542994c784dda28,R@100,1.0
5a84c4135542994c784dda31,nDCG@10,0.6934264036172708
5a84c4135542994c784dda31,R@100,1.0
5a84c4b05542991dd0999deb,nDCG@10,0.9197207891481876
5a84c4b05542991dd0999deb,R@100,1.0
5a84c4bb5542991dd0999dec,nDCG@10,0.6131471927654584
5a84c4bb5542991dd0999dec,R@100,1.0
5a84c5545542991dd0999dee,nDCG@10,0.6131471927654584
5a84c5545542991dd0999dee,R@100,0.5
5a84c66a5542994c784dda45,nDCG@10,0.6131471927654584
5a84c66a5542994c784dda45,R@100,0.5
5a84c6df5542997b5ce3ff61,nDCG@10,0.6131471927654584
5a84c6df5542997b5ce3ff61,R@100,1.0
5a84c6e65542994c784dda48,nDCG@10,0.6131471927654584
5a84c6e65542994c784dda48,R@100,0.5
5a84c89a5542992a431d1a9c,nDCG@10,0.6131471927654584
5a84c89a5542992a431d1a9c,R@100,0.5
5a84cb255542991dd0999dfa,nDCG@10,0.6131471927654584
5a84cb255542991dd0999dfa,R@100,1.0
5a84cd4b5542991dd0999dfe,nDCG@10,0.7903864795495061
5a84cd4b5542991dd0999dfe,R@100,1.0
5a84cf175542992a431d1aa2,nDCG@10,0.7977228895450266
5a84cf175542992a431d1aa2,R@100,1.0
5a84d2775542994c784dda5f,nDCG@10,0.38685280723454163
5a84d2775542994c784dda5f,R@100,0.5
5a84d2ea5542992a431d1aa8,nDCG@10,0.18457569677956817
5a84d2ea5542992a431d1aa8,R@100,1.0
5a84d4555542992a431d1aac,nDCG@10,0.23719771276929622
5a84d4555542992a431d1aac,R@100,1.0
5a84d71c5542997b5ce3ff75,nDCG@10,0.0
5a84d71c5542997b5ce3ff75,R@100,0.5
5a84d80c5542992a431d1ab5,nDCG@10,0.9197207891481876
5a84d80c5542992a431d1ab5,R@100,1.0
5a84de255542991dd0999e06,nDCG@10,0.9197207891481876
5a84de255542991dd0999e06,R@100,1.0
5a84de5f5542991dd0999e07,nDCG@10,0.6131471927654584
5a84de5f5542991dd0999e07,R@100,1.0
5a84e0a45542991dd0999e11,nDCG@10,1.0
5a84e0a45542991dd0999e11,R@100,1.0
5a84e1095542997175ce1f25,nDCG@10,0.6131471927654584
5a84e1095542997175ce1f25,R@100,0.5
5a84e21d5542997b5ce3ff7c,nDCG@10,1.0
5a84e21d5542997b5ce3ff7c,R@100,1.0
5a84e4bc5542997b5ce3ff81,nDCG@10,1.0
5a84e4bc5542997b5ce3ff81,R@100,1.0
5a84e61b5542997b5ce3ff86,nDCG@10,0.8315546295836225
5a84e61b5542997b5ce3ff86,R@100,1.0
5a84e9d35542994c784dda84,nDCG@10,0.6131471927654584
5a84e9d35542994c784dda84,R@100,1.0
5a84ed765542994c784dda8b,nDCG@10,1.0
5a84ed765542994c784dda8b,R@100,1.0
5a84edf65542994c784dda8d,nDCG@10,0.8772153153380493
5a84edf65542994c784dda8d,R@100,1.0
5a84ee4c5542997175ce1f2b,nDCG@10,0.6131471927654584
5a84ee4c5542997175ce1f2b,R@100,1.0
5a84eecd5542994c784dda8e,nDCG@10,0.6131471927654584
5a84eecd5542994c784dda8e,R@100,1.0
5a84f06f5542994c784dda92,nDCG@10,0.9197207891481876
5a84f06f5542994c784dda92,R@100,1.0
5a84f4c75542997175ce1f31,nDCG@10,0.9197207891481876
5a84f4c75542997175ce1f31,R@100,1.0
5a84f5195542994c784dda9d,nDCG@10,0.6131471927654584
5a84f5195542994c784dda9d,R@100,0.5
5a84f5865542991dd0999e30,nDCG@10,0.6131471927654584
5a84f5865542991dd0999e30,R@100,0.5
5a84f6c55542997175ce1f36,nDCG@10,1.0
5a84f6c55542997175ce1f36,R@100,1.0
5a84f7255542991dd0999e33,nDCG@10,0.3065735963827292
5a84f7255542991dd0999e33,R@100,1.0
5a84f8555542997175ce1f3a,nDCG@10,0.0
5a84f8555542997175ce1f3a,R@100,1.0
5a84fd085542994c784ddaba,nDCG@10,0.6131471927654584
5a84fd085542994c784ddaba,R@100,1.0
5a84fea85542994c784ddabf,nDCG@10,1.0
5a84fea85542994c784ddabf,R@100,1.0
5a85018d5542997b5ce3ff98,nDCG@10,0.6131471927654584
5a85018d5542997b5ce3ff98,R@100,0.5
5a8501915542997175ce1f5a,nDCG@10,0.6131471927654584
5a8501915542997175ce1f5a,R@100,1.0
5a8510a25542994c784ddaf0,nDCG@10,0.3065735963827292
5a8510a25542994c784ddaf0,R@100,1.0
5a8511185542992a431d1aca,nDCG@10,0.9197207891481876
5a8511185542992a431d1aca,R@100,1.0
5a8512035542992a431d1ace,nDCG@10,0.6131471927654584
5a8512035542992a431d1ace,R@100,0.5
5a8518a75542994c784ddaf7,nDCG@10,0.6934264036172708
5a8518a75542994c784ddaf7,R@100,1.0
5a851b0d5542997175ce1f7f,nDCG@10,0.6131471927654584
5a851b0d5542997175ce1f7f,R@100,1.0
5a851ba95542997175ce1f81,nDCG@10,0.6131471927654584
5a851ba95542997175ce1f81,R@100,1.0
5a851cc85542997b5ce3ffa3,nDCG@10,0.21840743681816419
5a851cc85542997b5ce3ffa3,R@100,1.0
5a852cd05542997b5ce3ffb0,nDCG@10,0.6131471927654584
5a852cd05542997b5ce3ffb0,R@100,1.0
5a8530cc5542992a431d1aeb,nDCG@10,0.6131471927654584
5a8530cc5542992a431d1aeb,R@100,0.5
5a8534305542997b5ce3ffc4,nDCG@10,1.0
5a8534305542997b5ce3ffc4,R@100,1.0
5a85441f5542997175ce1faa,nDCG@10,0.38685280723454163
5a85441f5542997175ce1faa,R@100,0.5
5a8545ba5542997b5ce3ffdd,nDCG@10,0.6131471927654584
5a8545ba5542997b5ce3ffdd,R@100,0.5
5a8549c65542997b5ce3ffe6,nDCG@10,0.3065735963827292
5a8549c65542997b5ce3ffe6,R@100,0.5
5a8555ea5542992a431d1b07,nDCG@10,1.0
5a8555ea5542992a431d1b07,R@100,1.0
5a85597c5542997175ce1fba,nDCG@10,0.38685280723454163
5a85597c5542997175ce1fba,R@100,0.5
5a855b5c5542997b5ce3ffeb,nDCG@10,0.23719771276929622
5a855b5c5542997b5ce3ffeb,R@100,0.5
5a855ca15542992a431d1b12,nDCG@10,1.0
5a855ca15542992a431d1b12,R@100,1.0
5a8563c05542997b5ce3fff4,nDCG@10,1.0
5a8563c05542997b5ce3fff4,R@100,1.0
5a8574945542997b5ce3fffb,nDCG@10,1.0
5a8574945542997b5ce3fffb,R@100,1.0
5a857cf35542994c784ddb1d,nDCG@10,0.6131471927654584
5a857cf35542994c784ddb1d,R@100,1.0
5a8587dd5542997b5ce40000,nDCG@10,1.0
5a8587dd5542997b5ce40000,R@100,1.0
5a858dc85542997b5ce40002,nDCG@10,1.0
5a858dc85542997b5ce40002,R@100,1.0
5a8591715542994c784ddb27,nDCG@10,0.0
5a8591715542994c784ddb27,R@100,0.5
5a8595005542992a431d1b40,nDCG@10,0.6131471927654584
5a8595005542992a431d1b40,R@100,1.0
5a8595a85542992a431d1b48,nDCG@10,0.6131471927654584
5a8595a85542992a431d1b48,R@100,0.5
5a859a0c5542992a431d1b69,nDCG@10,0.8175295903539445
5a859a0c5542992a431d1b69,R@100,1.0
5a859a755542992a431d1b6d,nDCG@10,0.8772153153380493
5a859a755542992a431d1b6d,R@100,1.0
5a859a9c5542997175ce1fd6,nDCG@10,0.38685280723454163
5a859a9c5542997175ce1fd6,R@100,1.0
5a85a2845542997175ce1fe1,nDCG@10,0.8065735963827293
5a85a2845542997175ce1fe1,R@100,1.0
5a85a3005542991dd0999e72,nDCG@10,1.0
5a85a3005542991dd0999e72,R@100,1.0
5a85a37d5542997175ce1fe5,nDCG@10,0.9197207891481876
5a85a37d5542997175ce1fe5,R@100,1.0
5a85a8655542997b5ce40011,nDCG@10,1.0
5a85a8655542997b5ce40011,R@100,1.0
5a85ab905542994c784ddb35,nDCG@10,1.0
5a85ab905542994c784ddb35,R@100,1.0
5a85ac1e5542997b5ce4001f,nDCG@10,0.6131471927654584
5a85ac1e5542997b5ce4001f,R@100,0.5
5a85ae455542997175ce1ff0,nDCG@10,0.6131471927654584
5a85ae455542997175ce1ff0,R@100,1.0
5a85b0c85542994c784ddb40,nDCG@10,1.0
5a85b0c85542994c784ddb40,R@100,1.0
5a85b2895542994c784ddb49,nDCG@10,0.17723928678404774
5a85b2895542994c784ddb49,R@100,1.0
5a85b2ac5542991dd0999e90,nDCG@10,0.5706417189553201
5a85b2ac5542991dd0999e90,R@100,1.0
5a85b2d95542997b5ce40028,nDCG@10,1.0
5a85b2d95542997b5ce40028,R@100,1.0
5a85bc2d5542994c784ddb70,nDCG@10,0.6131471927654584
5a85bc2d5542994c784ddb70,R@100,0.5
5a85c3225542992a431d1b95,nDCG@10,0.6131471927654584
5a85c3225542992a431d1b95,R@100,1.0
5a85c3a15542992a431d1b97,nDCG@10,0.6131471927654584
5a85c3a15542992a431d1b97,R@100,1.0
5a85c41a5542994c784ddb7a,nDCG@10,0.0
5a85c41a5542994c784ddb7a,R@100,1.0
5a85cd295542997175ce202b,nDCG@10,0.6131471927654584
5a85cd295542997175ce202b,R@100,0.5
5a85cead5542991dd0999ea9,nDCG@10,0.6131471927654584
5a85cead5542991dd0999ea9,R@100,0.5
5a85d25b5542996432c570ee,nDCG@10,1.0
5a85d25b5542996432c570ee,R@100,1.0
5a85d4395542996432c570f5,nDCG@10,0.9197207891481876
5a85d4395542996432c570f5,R@100,1.0
5a85d4ad5542997175ce2050,nDCG@10,0.8175295903539445
5a85d4ad5542997175ce2050,R@100,1.0
5a85d6d95542996432c570fb,nDCG@10,1.0
5a85d6d95542996432c570fb,R@100,1.0
5a85db6e5542994c784ddb96,nDCG@10,0.0
5a85db6e5542994c784ddb96,R@100,0.0
5a85df525542994c784ddb9f,nDCG@10,1.0
5a85df525542994c784ddb9f,R@100,1.0
5a85dfcc5542994775f60673,nDCG@10,1.0
5a85dfcc5542994775f60673,R@100,1.0
5a85e24a5542994775f6067f,nDCG@10,0.18457569677956817
5a85e24a5542994775f6067f,R@100,1.0
5a85e2775542994775f60680,nDCG@10,0.0
5a85e2775542994775f60680,R@100,0.0
5a85e5345542991dd0999ebb,nDCG@10,0.6131471927654584
5a85e5345542991dd0999ebb,R@100,1.0
5a85e57a5542994c784ddbb1,nDCG@10,0.8065735963827293
5a85e57a5542994c784ddbb1,R@100,1.0
5a85ea095542994775f606a8,nDCG@10,0.9197207891481876
5a85ea095542994775f606a8,R@100,1.0
5a85ebe75542996432c5712a,nDCG@10,1.0
5a85ebe75542996432c5712a,R@100,1.0
5a85ecf25542991dd0999ec6,nDCG@10,1.0
5a85ecf25542991dd0999ec6,R@100,1.0
5a85ee635542994775f606b4,nDCG@10,0.38685280723454163
5a85ee635542994775f606b4,R@100,1.0
5a85eed75542996432c5713b,nDCG@10,0.8175295903539445
5a85eed75542996432c5713b,R@100,1.0
5a85f2f55542997b5ce40036,nDCG@10,0.9197207891481876
5a85f2f55542997b5ce40036,R@100,1.0
5a85f4425542994775f606c4,nDCG@10,0.0
5a85f4425542994775f606c4,R@100,0.5
5a85f4ec5542994775f606c6,nDCG@10,1.0
5a85f4ec5542994775f606c6,R@100,1.0
5a85f5115542991dd0999ed9,nDCG@10,0.6131471927654584
5a85f5115542991dd0999ed9,R@100,0.5
5a85f8665542994775f606ce,nDCG@10,1.0
5a85f8665542994775f606ce,R@100,1.0
5a85f98e5542996432c57152,nDCG@10,0.9197207891481876
5a85f98e5542996432c57152,R@100,1.0
5a85fa815542996432c57155,nDCG@10,0.6131471927654584
5a85fa815542996432c57155,R@100,0.5
5a85fb085542994775f606de,nDCG@10,0.23719771276929622
5a85fb085542994775f606de,R@100,0.5
5a85fb5e5542994775f606df,nDCG@10,0.6131471927654584
5a85fb5e5542994775f606df,R@100,1.0
5a85fc995542996432c5715f,nDCG@10,0.6131471927654584
5a85fc995542996432c5715f,R@100,1.0
5a85fe2f5542996432c57165,nDCG@10,0.6131471927654584
5a85fe2f5542996432c57165,R@100,0.5
5a8600665542994775f606ee,nDCG@10,0.6131471927654584
5a8600665542994775f606ee,R@100,1.0
5a8601f855429960ec39b5fd,nDCG@10,0.6131471927654584
5a8601f855429960ec39b5fd,R@100,1.0
5a86038455429960ec39b600,nDCG@10,0.9197207891481876
5a86038455429960ec39b600,R@100,1.0
5a8603f655429960ec39b601,nDCG@10,0.21840743681816419
5a8603f655429960ec39b601,R@100,1.0
5a860642554299211dda2a3e,nDCG@10,0.6131471927654584
5a860642554299211dda2a3e,R@100,1.0
5a860aa6554299211dda2a45,nDCG@10,1.0
5a860aa6554299211dda2a45,R@100,1.0
5a860baa554299211dda2a4c,nDCG@10,0.21840743681816419
5a860baa554299211dda2a4c,R@100,0.5
5a860d09554299211dda2a53,nDCG@10,1.0
5a860d09554299211dda2a53,R@100,1.0
5a86113355429960ec39b618,nDCG@10,0.18457569677956817
5a86113355429960ec39b618,R@100,0.5
5a8612d45542996432c5719b,nDCG@10,0.6131471927654584
5a8612d45542996432c5719b,R@100,1.0
5a86141f5542996432c571a5,nDCG@10,1.0
5a86141f5542996432c571a5,R@100,1.0
5a861c0d5542994775f606f7,nDCG@10,1.0
5a861c0d5542994775f606f7,R@100,1.0
5a861ea85542994775f60700,nDCG@10,0.9197207891481876
5a861ea85542994775f60700,R@100,1.0
5a861fa75542994775f60706,nDCG@10,0.0
5a861fa75542994775f60706,R@100,0.5
5a86204d5542994775f60709,nDCG@10,0.6131471927654584
5a86204d5542994775f60709,R@100,0.5
5a8622ae554299211dda2a7e,nDCG@10,0.38685280723454163
5a8622ae554299211dda2a7e,R@100,0.5
5a86265f55429960ec39b625,nDCG@10,0.6131471927654584
5a86265f55429960ec39b625,R@100,0.5
5a86294e5542994775f60715,nDCG@10,0.6131471927654584
5a86294e5542994775f60715,R@100,0.5
5a86296a55429960ec39b631,nDCG@10,0.6131471927654584
5a86296a55429960ec39b631,R@100,1.0
5a862974554299211dda2a95,nDCG@10,0.6131471927654584
5a862974554299211dda2a95,R@100,1.0
5a862b0b554299211dda2a98,nDCG@10,0.6131471927654584
5a862b0b554299211dda2a98,R@100,1.0
5a862c38554299211dda2a9a,nDCG@10,0.6131471927654584
5a862c38554299211dda2a9a,R@100,0.5
5a862da855429960ec39b640,nDCG@10,0.38685280723454163
5a862da855429960ec39b640,R@100,0.5
5a862f985542991e771815af,nDCG@10,0.0
5a862f985542991e771815af,R@100,0.5
5a863114554299211dda2aa5,nDCG@10,0.6131471927654584
5a863114554299211dda2aa5,R@100,0.5
5a8634fe554299211dda2aac,nDCG@10,0.6131471927654584
5a8634fe554299211dda2aac,R@100,1.0
5a8637415542994775f60724,nDCG@10,1.0
5a8637415542994775f60724,R@100,1.0
5a8638945542994775f6072d,nDCG@10,0.8065735963827293
5a8638945542994775f6072d,R@100,1.0
5a8639545542991e771815c7,nDCG@10,1.0
5a8639545542991e771815c7,R@100,1.0
5a86399e5542994775f60733,nDCG@10,0.6131471927654584
5a86399e5542994775f60733,R@100,0.5
5a863b27554299211dda2ab6,nDCG@10,0.8772153153380493
5a863b27554299211dda2ab6,R@100,1.0
5a863b87554299211dda2ab7,nDCG@10,0.6131471927654584
5a863b87554299211dda2ab7,R@100,1.0
5a863d2d5542991e771815d2,nDCG@10,0.6131471927654584
5a863d2d5542991e771815d2,R@100,0.5
5a863ff0554299211dda2ac6,nDCG@10,0.8772153153380493
5a863ff0554299211dda2ac6,R@100,1.0
5a8642045542991e771815e2,nDCG@10,0.6131471927654584
5a8642045542991e771815e2,R@100,1.0
5a8645825542991e771815eb,nDCG@10,0.6131471927654584
5a8645825542991e771815eb,R@100,0.5
5a86458b5542991e771815ec,nDCG@10,0.6131471927654584
5a86458b5542991e771815ec,R@100,0.5
5a8646ec5542991e771815f2,nDCG@10,0.6131471927654584
5a8646ec5542991e771815f2,R@100,1.0
5a86481b5542996432c571b5,nDCG@10,0.6131471927654584
5a86481b5542996432c571b5,R@100,0.5
5a864d9e5542994775f6073d,nDCG@10,1.0
5a864d9e5542994775f6073d,R@100,1.0
5a864ff7554299211dda2af2,nDCG@10,0.6131471927654584
5a864ff7554299211dda2af2,R@100,0.5
5a8651185542994775f60752,nDCG@10,1.0
5a8651185542994775f60752,R@100,1.0
5a8656ca554299211dda2afc,nDCG@10,0.6131471927654584
5a8656ca554299211dda2afc,R@100,0.5
5a86578755429960ec39b668,nDCG@10,0.6131471927654584
5a86578755429960ec39b668,R@100,0.5
5a865bbf5542991e77181615,nDCG@10,0.21840743681816419
5a865bbf5542991e77181615,R@100,1.0
5a865cac55429960ec39b675,nDCG@10,0.9197207891481876
5a865cac55429960ec39b675,R@100,1.0
5a865d11554299211dda2b0d,nDCG@10,0.6131471927654584
5a865d11554299211dda2b0d,R@100,0.5
5a865e785542991e7718161b,nDCG@10,0.6131471927654584
5a865e785542991e7718161b,R@100,0.5
5a865e8a55429960ec39b67a,nDCG@10,0.4911492931622974
5a865e8a55429960ec39b67a,R@100,1.0
5a8660ba55429960ec39b684,nDCG@10,0.6509209298071326
5a8660ba55429960ec39b684,R@100,1.0
5a8661535542994775f60758,nDCG@10,0.6131471927654584
5a8661535542994775f60758,R@100,1.0
5a8662b955429960ec39b687,nDCG@10,0.6131471927654584
5a8662b955429960ec39b687,R@100,1.0
5a8662da5542991e7718162f,nDCG@10,0.6131471927654584
5a8662da5542991e7718162f,R@100,1.0
5a86681c5542991e77181644,nDCG@10,0.0
5a86681c5542991e77181644,R@100,0.0
5a866b5b554299211dda2b23,nDCG@10,0.6131471927654584
5a866b5b554299211dda2b23,R@100,0.5
5a866c04554299211dda2b25,nDCG@10,1.0
5a866c04554299211dda2b25,R@100,1.0
5a866e7e554299211dda2b29,nDCG@10,1.0
5a866e7e554299211dda2b29,R@100,1.0
5a866fa855429960ec39b6a5,nDCG@10,0.5802792108518124
5a866fa855429960ec39b6a5,R@100,1.0
5a866fed554299211dda2b2e,nDCG@10,0.8175295903539445
5a866fed554299211dda2b2e,R@100,1.0
5a867089554299211dda2b30,nDCG@10,0.38685280723454163
5a867089554299211dda2b30,R@100,1.0
5a8671e95542994775f60763,nDCG@10,0.6131471927654584
5a8671e95542994775f60763,R@100,1.0
5a8672e4554299211dda2b39,nDCG@10,0.9197207891481876
5a8672e4554299211dda2b39,R@100,1.0
5a8675b1554299211dda2b44,nDCG@10,0.23719771276929622
5a8675b1554299211dda2b44,R@100,0.5
5a86769c5542994775f60776,nDCG@10,0.6131471927654584
5a86769c5542994775f60776,R@100,1.0
5a8682755542996432c571cf,nDCG@10,0.6131471927654584
5a8682755542996432c571cf,R@100,0.5
5a868ca055429960ec39b6be,nDCG@10,0.20438239758848611
5a868ca055429960ec39b6be,R@100,0.5
5a869e845542991e7718166f,nDCG@10,0.6934264036172708
5a869e845542991e7718166f,R@100,1.0
5a86ab7755429960ec39b6bf,nDCG@10,0.6131471927654584
5a86ab7755429960ec39b6bf,R@100,0.5
5a86ac555542996432c571e4,nDCG@10,1.0
5a86ac555542996432c571e4,R@100,1.0
5a86b13f55429960ec39b6c3,nDCG@10,0.6131471927654584
5a86b13f55429960ec39b6c3,R@100,0.5
5a86d7825542996432c571ec,nDCG@10,0.6131471927654584
5a86d7825542996432c571ec,R@100,1.0
5a86e6f65542994775f6077c,nDCG@10,0.8315546295836225
5a86e6f65542994775f6077c,R@100,1.0
5a86ea445542994775f60780,nDCG@10,1.0
5a86ea445542994775f60780,R@100,1.0
5a86ebac55429960ec39b6d6,nDCG@10,0.9197207891481876
5a86ebac55429960ec39b6d6,R@100,1.0
5a86ec9f55429960ec39b6d7,nDCG@10,0.2640681225725909
5a86ec9f55429960ec39b6d7,R@100,1.0
5a86ed6155429960ec39b6d9,nDCG@10,0.0
5a86ed6155429960ec39b6d9,R@100,0.0
5a86edcc55429960ec39b6da,nDCG@10,0.2640681225725909
5a86edcc55429960ec39b6da,R@100,1.0
5a86eee85542994775f60787,nDCG@10,0.6131471927654584
5a86eee85542994775f60787,R@100,1.0
5a86f13c554299211dda2b5e,nDCG@10,0.8315546295836225
5a86f13c554299211dda2b5e,R@100,1.0
5a86f204554299211dda2b60,nDCG@10,0.0
5a86f204554299211dda2b60,R@100,0.0
5a86f2fb554299211dda2b64,nDCG@10,1.0
5a86f2fb554299211dda2b64,R@100,1.0
5a86f94a5542991e7718169e,nDCG@10,0.48247555939075504
5a86f94a5542991e7718169e,R@100,1.0
5a86fde6554299211dda2b7f,nDCG@10,0.6131471927654584
5a86fde6554299211dda2b7f,R@100,0.5
5a8701b3554299211dda2b9a,nDCG@10,0.6131471927654584
5a8701b3554299211dda2b9a,R@100,1.0
5a8704f8554299211dda2ba4,nDCG@10,0.6131471927654584
5a8704f8554299211dda2ba4,R@100,1.0
5a87081755429960ec39b6fe,nDCG@10,0.9197207891481876
5a87081755429960ec39b6fe,R@100,1.0
5a8708ba55429960ec39b701,nDCG@10,1.0
5a8708ba55429960ec39b701,R@100,1.0
5a870a8e55429960ec39b707,nDCG@10,0.6131471927654584
5a870a8e55429960ec39b707,R@100,0.5
5a87100655429960ec39b71e,nDCG@10,0.6131471927654584
5a87100655429960ec39b71e,R@100,1.0
5a87106555429960ec39b71f,nDCG@10,1.0
5a87106555429960ec39b71f,R@100,1.0
5a8712095542991e771816af,nDCG@10,0.6131471927654584
5a8712095542991e771816af,R@100,1.0
5a87136e5542991e771816b2,nDCG@10,1.0
5a87136e5542991e771816b2,R@100,1.0
5a87144155429960ec39b72b,nDCG@10,0.8772153153380493
5a87144155429960ec39b72b,R@100,1.0
5a87184a5542991e771816c5,nDCG@10,0.6934264036172708
5a87184a5542991e771816c5,R@100,1.0
5a87191155429960ec39b73d,nDCG@10,0.6131471927654584
5a87191155429960ec39b73d,R@100,0.5
5a8719fa55429960ec39b742,nDCG@10,1.0
5a8719fa55429960ec39b742,R@100,1.0
5a871a5e5542996432c5721e,nDCG@10,0.6131471927654584
5a871a5e5542996432c5721e,R@100,1.0
5a871e265542991e771816d1,nDCG@10,0.6052602440527057
5a871e265542991e771816d1,R@100,1.0
5a8720885542991e771816d8,nDCG@10,0.38685280723454163
5a8720885542991e771816d8,R@100,1.0
5a8725a15542996432c57230,nDCG@10,0.8503449055347546
5a8725a15542996432c57230,R@100,1.0
5a87279b5542991e771816f7,nDCG@10,1.0
5a87279b5542991e771816f7,R@100,1.0
5a8727dd5542991e771816f8,nDCG@10,0.8315546295836225
5a8727dd5542991e771816f8,R@100,1.0
5a872c3f5542994775f607a8,nDCG@10,0.6131471927654584
5a872c3f5542994775f607a8,R@100,1.0
5a872e8e5542991e7718170c,nDCG@10,1.0
5a872e8e5542991e7718170c,R@100,1.0
5a8732505542991e77181713,nDCG@10,0.8315546295836225
5a8732505542991e77181713,R@100,1.0
5a8739a05542994775f607ab,nDCG@10,0.6131471927654584
5a8739a05542994775f607ab,R@100,0.5
5a873b0d5542994775f607ad,nDCG@10,0.8065735963827293
5a873b0d5542994775f607ad,R@100,1.0
5a873ec75542996432c57244,nDCG@10,0.9197207891481876
5a873ec75542996432c57244,R@100,1.0
5a8740ee5542994846c1cd35,nDCG@10,0.0
5a8740ee5542994846c1cd35,R@100,1.0
5a87411d5542994846c1cd37,nDCG@10,1.0
5a87411d5542994846c1cd37,R@100,1.0
5a8747915542994775f607bb,nDCG@10,0.6131471927654584
5a8747915542994775f607bb,R@100,1.0
5a874ce15542996432c57256,nDCG@10,0.0
5a874ce15542996432c57256,R@100,0.0
5a874e9b554299211dda2bd3,nDCG@10,0.38685280723454163
5a874e9b554299211dda2bd3,R@100,1.0
5a874ec35542994846c1cd57,nDCG@10,0.6131471927654584
5a874ec35542994846c1cd57,R@100,0.5
5a874f20554299211dda2bd6,nDCG@10,0.9197207891481876
5a874f20554299211dda2bd6,R@100,1.0
5a8750945542996432c57264,nDCG@10,0.23719771276929622
5a8750945542996432c57264,R@100,0.5
5a875154554299211dda2be7,nDCG@10,0.6131471927654584
5a875154554299211dda2be7,R@100,1.0
5a8752955542994775f607d1,nDCG@10,0.6131471927654584
5a8752955542994775f607d1,R@100,1.0
5a8753c05542994846c1cd62,nDCG@10,1.0
5a8753c05542994846c1cd62,R@100,1.0
5a8753d95542994846c1cd63,nDCG@10,0.0
5a8753d95542994846c1cd63,R@100,1.0
5a87556d5542994846c1cd65,nDCG@10,0.6131471927654584
5a87556d5542994846c1cd65,R@100,1.0
5a87560d5542994775f607d9,nDCG@10,0.6131471927654584
5a87560d5542994775f607d9,R@100,0.5
5a8756aa5542994846c1cd69,nDCG@10,0.8772153153380493
5a8756aa5542994846c1cd69,R@100,1.0
5a8756f25542994775f607dc,nDCG@10,0.21840743681816419
5a8756f25542994775f607dc,R@100,1.0
5a87572d5542994846c1cd6b,nDCG@10,0.6131471927654584
5a87572d5542994846c1cd6b,R@100,0.5
5a8759395542994775f607e0,nDCG@10,0.6131471927654584
5a8759395542994775f607e0,R@100,0.5
5a875b2a5542993e715abf0f,nDCG@10,0.0
5a875b2a5542993e715abf0f,R@100,0.0
5a875b755542996e4f308796,nDCG@10,0.0
5a875b755542996e4f308796,R@100,0.5
5a875cd65542996e4f30879d,nDCG@10,0.6131471927654584
5a875cd65542996e4f30879d,R@100,0.5
5a875fee5542996e4f3087ab,nDCG@10,0.7977228895450266
5a875fee5542996e4f3087ab,R@100,1.0
5a8760e75542996e4f3087af,nDCG@10,0.8772153153380493
5a8760e75542996e4f3087af,R@100,1.0
5a8762205542996e4f3087b8,nDCG@10,0.6131471927654584
5a8762205542996e4f3087b8,R@100,1.0
5a8763475542996e4f3087c0,nDCG@10,0.5
5a8763475542996e4f3087c0,R@100,1.0
5a8763a25542993e715abf1f,nDCG@10,0.23719771276929622
5a8763a25542993e715abf1f,R@100,0.5
5a8765ad5542996e4f3087cf,nDCG@10,1.0
5a8765ad5542996e4f3087cf,R@100,1.0
5a8769475542993e715abf2b,nDCG@10,0.8772153153380493
5a8769475542993e715abf2b,R@100,1.0
5a876a4a5542993e715abf30,nDCG@10,1.0
5a876a4a5542993e715abf30,R@100,1.0
5a876b265542993e715abf33,nDCG@10,0.6131471927654584
5a876b265542993e715abf33,R@100,0.5
5a876cd55542993e715abf36,nDCG@10,0.38685280723454163
5a876cd55542993e715abf36,R@100,0.5
5a876f785542993e715abf42,nDCG@10,0.9197207891481876
5a876f785542993e715abf42,R@100,1.0
5a8771595542993e715abf46,nDCG@10,0.9197207891481876
5a8771595542993e715abf46,R@100,1.0
5a8777395542996e4f3087f3,nDCG@10,0.6131471927654584
5a8777395542996e4f3087f3,R@100,0.5
5a8778d25542994846c1cd89,nDCG@10,0.6131471927654584
5a8778d25542994846c1cd89,R@100,1.0
5a877dd65542993e715abf79,nDCG@10,0.4911492931622974
5a877dd65542993e715abf79,R@100,1.0
5a877df15542993e715abf7a,nDCG@10,0.8315546295836225
5a877df15542993e715abf7a,R@100,1.0
5a877e5d5542993e715abf7d,nDCG@10,0.6131471927654584
5a877e5d5542993e715abf7d,R@100,1.0
5a877fa45542993e715abf84,nDCG@10,0.6131471927654584
5a877fa45542993e715abf84,R@100,0.5
5a8781b65542993e715abf8f,nDCG@10,0.6131471927654584
5a8781b65542993e715abf8f,R@100,1.0
5a8782a25542993e715abf95,nDCG@10,0.6131471927654584
5a8782a25542993e715abf95,R@100,1.0
5a8782f25542996e4f308818,nDCG@10,0.6131471927654584
5a8782f25542996e4f308818,R@100,1.0
5a87868c5542996e4f308828,nDCG@10,0.9197207891481876
5a87868c5542996e4f308828,R@100,1.0
5a8787305542996e4f30882d,nDCG@10,0.6131471927654584
5a8787305542996e4f30882d,R@100,0.5
5a8787915542996e4f30882e,nDCG@10,0.6131471927654584
5a8787915542996e4f30882e,R@100,1.0
5a8789115542994846c1cd9a,nDCG@10,0.9197207891481876
5a8789115542994846c1cd9a,R@100,1.0
5a878d795542993e715abf9d,nDCG@10,0.6131471927654584
5a878d795542993e715abf9d,R@100,1.0
5a8790785542993e715abfac,nDCG@10,0.6131471927654584
5a8790785542993e715abfac,R@100,0.5
5a87954f5542996e4f308856,nDCG@10,0.9197207891481876
5a87954f5542996e4f308856,R@100,1.0
5a8796345542994846c1cda3,nDCG@10,0.9197207891481876
5a8796345542994846c1cda3,R@100,1.0
5a87964c5542996e4f30885f,nDCG@10,0.0
5a87964c5542996e4f30885f,R@100,0.0
5a8796f75542996e4f308865,nDCG@10,0.6131471927654584
5a8796f75542996e4f308865,R@100,0.5
5a8799c55542996e4f308877,nDCG@10,1.0
5a8799c55542996e4f308877,R@100,1.0
5a879adb5542996e4f30887f,nDCG@10,0.38685280723454163
5a879adb5542996e4f30887f,R@100,0.5
5a879ba55542993e715abfc3,nDCG@10,0.9197207891481876
5a879ba55542993e715abfc3,R@100,1.0
5a879dae5542996e4f308885,nDCG@10,0.6131471927654584
5a879dae5542996e4f308885,R@100,0.5
5a879fe05542996e4f30888a,nDCG@10,0.6131471927654584
5a879fe05542996e4f30888a,R@100,0.5
5a87a47c5542994846c1cdbd,nDCG@10,0.6131471927654584
5a87a47c5542994846c1cdbd,R@100,0.5
5a87a7235542996e4f3088a8,nDCG@10,0.0
5a87a7235542996e4f3088a8,R@100,0.5
5a87aa135542996e4f3088b8,nDCG@10,0.6131471927654584
5a87aa135542996e4f3088b8,R@100,0.5
5a87ab905542996e4f3088c1,nDCG@10,0.6131471927654584
5a87ab905542996e4f3088c1,R@100,1.0
5a87ab9b5542996e4f3088c2,nDCG@10,0.9197207891481876
5a87ab9b5542996e4f3088c2,R@100,1.0
5a87b2fc5542996e4f3088d0,nDCG@10,0.6131471927654584
5a87b2fc5542996e4f3088d0,R@100,0.5
5a87b30c5542994846c1cdcf,nDCG@10,0.6131471927654584
5a87b30c5542994846c1cdcf,R@100,1.0
5a87b6215542996e4f3088d6,nDCG@10,0.6131471927654584
5a87b6215542996e4f3088d6,R@100,0.5
5a87b93c5542996e4f3088ec,nDCG@10,0.9197207891481876
5a87b93c5542996e4f3088ec,R@100,1.0
5a87bada5542994846c1cddc,nDCG@10,0.6131471927654584
5a87bada5542994846c1cddc,R@100,1.0
5a87bc3f5542996432c57275,nDCG@10,0.6509209298071326
5a87bc3f5542996432c57275,R@100,1.0
5a87bd4e5542994846c1cde0,nDCG@10,0.6131471927654584
5a87bd4e5542994846c1cde0,R@100,1.0
5a87bd4e5542996432c57279,nDCG@10,1.0
5a87bd4e5542996432c57279,R@100,1.0
5a87c0945542996e4f30890b,nDCG@10,0.6934264036172708
5a87c0945542996e4f30890b,R@100,1.0
5a87c13f5542996e4f30890c,nDCG@10,0.3065735963827292
5a87c13f5542996e4f30890c,R@100,1.0
5a87c19a5542994846c1cde6,nDCG@10,0.6131471927654584
5a87c19a5542994846c1cde6,R@100,1.0
5a87c6a75542997e5c09a56f,nDCG@10,1.0
5a87c6a75542997e5c09a56f,R@100,1.0
5a87c7dc5542996e4f30891b,nDCG@10,0.38685280723454163
5a87c7dc5542996e4f30891b,R@100,0.5
5a87d8215542994775f60800,nDCG@10,0.8175295903539445
5a87d8215542994775f60800,R@100,1.0
5a87d8355542993e715abfe4,nDCG@10,0.6131471927654584
5a87d8355542993e715abfe4,R@100,1.0
5a87defa5542993e715abfec,nDCG@10,1.0
5a87defa5542993e715abfec,R@100,1.0
5a87e3d65542993e715abff8,nDCG@10,1.0
5a87e3d65542993e715abff8,R@100,1.0
5a87e5345542993e715abffb,nDCG@10,0.6131471927654584
5a87e5345542993e715abffb,R@100,0.5
5a87ed5b5542994846c1cdfc,nDCG@10,1.0
5a87ed5b5542994846c1cdfc,R@100,1.0
5a87ee7b55429938390d3eb6,nDCG@10,0.6131471927654584
5a87ee7b55429938390d3eb6,R@100,0.5
5a87ef2f55429938390d3eb9,nDCG@10,0.0
5a87ef2f55429938390d3eb9,R@100,1.0
5a87f3cb5542994846c1ce03,nDCG@10,0.8772153153380493
5a87f3cb5542994846c1ce03,R@100,1.0
5a88016b5542997e5c09a58a,nDCG@10,0.6131471927654584
5a88016b5542997e5c09a58a,R@100,0.5
5a88082055429938390d3ed2,nDCG@10,1.0
5a88082055429938390d3ed2,R@100,1.0
5a8809d755429938390d3ed6,nDCG@10,1.0
5a8809d755429938390d3ed6,R@100,1.0
5a8810485542997e5c09a590,nDCG@10,0.6131471927654584
5a8810485542997e5c09a590,R@100,1.0
5a881cbb55429938390d3ee7,nDCG@10,0.6131471927654584
5a881cbb55429938390d3ee7,R@100,0.5
5a881d2355429938390d3eeb,nDCG@10,0.0
5a881d2355429938390d3eeb,R@100,0.0
5a881ea055429938390d3ef3,nDCG@10,1.0
5a881ea055429938390d3ef3,R@100,1.0
5a882d9a5542997e5c09a599,nDCG@10,1.0
5a882d9a5542997e5c09a599,R@100,1.0
5a882ffb5542994846c1ce0d,nDCG@10,0.6131471927654584
5a882ffb5542994846c1ce0d,R@100,0.5
5a8832d355429938390d3f03,nDCG@10,0.8772153153380493
5a8832d355429938390d3f03,R@100,1.0
5a88341c5542994846c1ce20,nDCG@10,0.0
5a88341c5542994846c1ce20,R@100,1.0
5a8834f05542994846c1ce26,nDCG@10,0.6131471927654584
5a8834f05542994846c1ce26,R@100,0.5
5a8835245542994846c1ce27,nDCG@10,0.6131471927654584
5a8835245542994846c1ce27,R@100,1.0
5a8835dc5542994846c1ce2b,nDCG@10,0.38685280723454163
5a8835dc5542994846c1ce2b,R@100,1.0
5a8836445542997e5c09a5a5,nDCG@10,0.6131471927654584
5a8836445542997e5c09a5a5,R@100,0.5
5a88364c5542994846c1ce2e,nDCG@10,0.6131471927654584
5a88364c5542994846c1ce2e,R@100,1.0
5a8838635542997e5c09a5a9,nDCG@10,0.6131471927654584
5a8838635542997e5c09a5a9,R@100,1.0
5a8838885542994846c1ce39,nDCG@10,1.0
5a8838885542994846c1ce39,R@100,1.0
5a883afc5542994846c1ce48,nDCG@10,0.3065735963827292
5a883afc5542994846c1ce48,R@100,0.5
5a883c175542997e5c09a5ae,nDCG@10,0.38685280723454163
5a883c175542997e5c09a5ae,R@100,0.5
5a88401c5542994846c1ce60,nDCG@10,0.6131471927654584
5a88401c5542994846c1ce60,R@100,0.5
5a8841195542994846c1ce65,nDCG@10,0.19342640361727081
5a8841195542994846c1ce65,R@100,1.0
5a8841a35542994846c1ce69,nDCG@10,0.0
5a8841a35542994846c1ce69,R@100,1.0
5a8841ee5542994846c1ce6b,nDCG@10,0.8315546295836225
5a8841ee5542994846c1ce6b,R@100,1.0
5a8842435542994846c1ce6d,nDCG@10,0.8772153153380493
5a8842435542994846c1ce6d,R@100,1.0
5a8843a455429938390d3f0c,nDCG@10,0.6240505200038379
5a8843a455429938390d3f0c,R@100,1.0
5a8843cd5542994846c1ce75,nDCG@10,0.6131471927654584
5a8843cd5542994846c1ce75,R@100,0.5
5a88451655429938390d3f12,nDCG@10,0.9197207891481876
5a88451655429938390d3f12,R@100,1.0
5a8849ac5542996e4f308932,nDCG@10,0.6131471927654584
5a8849ac5542996e4f308932,R@100,0.5
5a884adb5542996e4f308938,nDCG@10,0.6131471927654584
5a884adb5542996e4f308938,R@100,1.0
5a886098554299206df2b248,nDCG@10,0.6131471927654584
5a886098554299206df2b248,R@100,1.0
5a886211554299206df2b24a,nDCG@10,0.40298313359773236
5a886211554299206df2b24a,R@100,1.0
5a886364554299206df2b24b,nDCG@10,0.6131471927654584
5a886364554299206df2b24b,R@100,0.5
5a88644455429938390d3f3f,nDCG@10,1.0
5a88644455429938390d3f3f,R@100,1.0
5a88651b55429938390d3f45,nDCG@10,0.8772153153380493
5a88651b55429938390d3f45,R@100,1.0
5a88658955429938390d3f47,nDCG@10,0.9197207891481876
5a88658955429938390d3f47,R@100,1.0
5a886886554299206df2b258,nDCG@10,0.6131471927654584
5a886886554299206df2b258,R@100,1.0
5a88696b554299206df2b25b,nDCG@10,0.0
5a88696b554299206df2b25b,R@100,1.0
5a886b7555429938390d3f4d,nDCG@10,0.6131471927654584
5a886b7555429938390d3f4d,R@100,0.5
5a886c0c55429938390d3f51,nDCG@10,0.48247555939075504
5a886c0c55429938390d3f51,R@100,1.0
5a887293554299206df2b273,nDCG@10,0.6131471927654584
5a887293554299206df2b273,R@100,0.5
5a887771554299206df2b294,nDCG@10,1.0
5a887771554299206df2b294,R@100,1.0
5a887898554299206df2b2a2,nDCG@10,0.5109559939712153
5a887898554299206df2b2a2,R@100,1.0
5a887bc0554299206df2b2b6,nDCG@10,0.6131471927654584
5a887bc0554299206df2b2b6,R@100,1.0
5a887f5c554299206df2b2c0,nDCG@10,0.6131471927654584
5a887f5c554299206df2b2c0,R@100,1.0
5a8887a055429938390d3f72,nDCG@10,1.0
5a8887a055429938390d3f72,R@100,1.0
5a8888e35542997e5c09a5f6,nDCG@10,0.38685280723454163
5a8888e35542997e5c09a5f6,R@100,0.5
5a8889405542997e5c09a5f9,nDCG@10,0.3065735963827292
5a8889405542997e5c09a5f9,R@100,1.0
5a888a625542997e5c09a602,nDCG@10,0.9197207891481876
5a888a625542997e5c09a602,R@100,1.0
5a888abc5542997e5c09a604,nDCG@10,0.9197207891481876
5a888abc5542997e5c09a604,R@100,1.0
5a888b8e5542997e5c09a60a,nDCG@10,0.38685280723454163
5a888b8e5542997e5c09a60a,R@100,1.0
5a888c9d5542997e5c09a612,nDCG@10,0.20438239758848611
5a888c9d5542997e5c09a612,R@100,1.0
5a888d535542997e5c09a617,nDCG@10,0.6131471927654584
5a888d535542997e5c09a617,R@100,1.0
5a888fe6554299206df2b2f7,nDCG@10,1.0
5a888fe6554299206df2b2f7,R@100,1.0
5a88940055429938390d3f7b,nDCG@10,1.0
5a88940055429938390d3f7b,R@100,1.0
5a88981c554299206df2b307,nDCG@10,0.6131471927654584
5a88981c554299206df2b307,R@100,1.0
5a88982155429938390d3f81,nDCG@10,0.9197207891481876
5a88982155429938390d3f81,R@100,1.0
5a889d18554299206df2b310,nDCG@10,1.0
5a889d18554299206df2b310,R@100,1.0
5a88a1475542997e5c09a646,nDCG@10,0.6052602440527057
5a88a1475542997e5c09a646,R@100,1.0
5a88a19a5542997e5c09a64b,nDCG@10,0.3065735963827292
5a88a19a5542997e5c09a64b,R@100,0.5
5a88a1bb5542997e5c09a64c,nDCG@10,0.6131471927654584
5a88a1bb5542997e5c09a64c,R@100,0.5
5a88a1e55542997e5c09a64d,nDCG@10,0.6131471927654584
5a88a1e55542997e5c09a64d,R@100,0.5
5a88a23f5542997e5c09a652,nDCG@10,0.6131471927654584
5a88a23f5542997e5c09a652,R@100,1.0
5a88a35c554299206df2b316,nDCG@10,0.6131471927654584
5a88a35c554299206df2b316,R@100,0.5
5a88a4245542997e5c09a668,nDCG@10,0.9197207891481876
5a88a4245542997e5c09a668,R@100,1.0
5a88a42f554299206df2b317,nDCG@10,0.8503449055347546
5a88a42f554299206df2b317,R@100,1.0
5a88a4e65542997e5c09a671,nDCG@10,1.0
5a88a4e65542997e5c09a671,R@100,1.0
5a88a5645542997e5c09a679,nDCG@10,0.38685280723454163
5a88a5645542997e5c09a679,R@100,1.0
5a88a6975542994846c1cea4,nDCG@10,1.0
5a88a6975542994846c1cea4,R@100,1.0
5a88a8f4554299206df2b320,nDCG@10,0.0
5a88a8f4554299206df2b320,R@100,0.5
5a88abf75542997e5c09a6a1,nDCG@10,0.6131471927654584
5a88abf75542997e5c09a6a1,R@100,0.5
5a88ac3d554299206df2b328,nDCG@10,0.6131471927654584
5a88ac3d554299206df2b328,R@100,1.0
5a88b3b4554299206df2b336,nDCG@10,0.38685280723454163
5a88b3b4554299206df2b336,R@100,0.5
5a88b513554299206df2b338,nDCG@10,0.9197207891481876
5a88b513554299206df2b338,R@100,1.0
5a88ba2c554299206df2b34b,nDCG@10,0.6934264036172708
5a88ba2c554299206df2b34b,R@100,1.0
5a88ba465542993e715ac089,nDCG@10,0.6131471927654584
5a88ba465542993e715ac089,R@100,0.5
5a88bb4a554299206df2b353,nDCG@10,0.6131471927654584
5a88bb4a554299206df2b353,R@100,0.5
5a88bd1d554299206df2b357,nDCG@10,0.6131471927654584
5a88bd1d554299206df2b357,R@100,1.0
5a88be405542997e5c09a6ab,nDCG@10,0.3065735963827292
5a88be405542997e5c09a6ab,R@100,0.5
5a88bedb554299206df2b35a,nDCG@10,0.6131471927654584
5a88bedb554299206df2b35a,R@100,1.0
5a88c4175542997e5c09a6ae,nDCG@10,0.38685280723454163
5a88c4175542997e5c09a6ae,R@100,0.5
5a88c68d55429938390d3fba,nDCG@10,0.9197207891481876
5a88c68d55429938390d3fba,R@100,1.0
5a88c92d5542993b751ca84e,nDCG@10,0.6131471927654584
5a88c92d5542993b751ca84e,R@100,1.0
5a88ca4e55429938390d3fc2,nDCG@10,0.6131471927654584
5a88ca4e55429938390d3fc2,R@100,0.5
5a88cc8f55429938390d3fc5,nDCG@10,1.0
5a88cc8f55429938390d3fc5,R@100,1.0
5a88cf7e5542993b751ca85b,nDCG@10,0.5706417189553201
5a88cf7e5542993b751ca85b,R@100,1.0
5a88d6df554299206df2b377,nDCG@10,0.6131471927654584
5a88d6df554299206df2b377,R@100,1.0
5a88d745554299206df2b378,nDCG@10,0.6131471927654584
5a88d745554299206df2b378,R@100,1.0
5a88d7875542993b751ca876,nDCG@10,0.6131471927654584
5a88d7875542993b751ca876,R@100,0.5
5a88d7fc5542993b751ca879,nDCG@10,1.0
5a88d7fc5542993b751ca879,R@100,1.0
5a88db445542993b751ca88a,nDCG@10,0.6131471927654584
5a88db445542993b751ca88a,R@100,1.0
5a88dc5a5542993b751ca890,nDCG@10,0.6131471927654584
5a88dc5a5542993b751ca890,R@100,1.0
5a88dcf9554299206df2b383,nDCG@10,1.0
5a88dcf9554299206df2b383,R@100,1.0
5a88e2f35542993b751ca8ad,nDCG@10,0.6131471927654584
5a88e2f35542993b751ca8ad,R@100,1.0
5a88e3cc5542997e5c09a6c2,nDCG@10,0.8175295903539445
5a88e3cc5542997e5c09a6c2,R@100,1.0
5a88e605554299206df2b39c,nDCG@10,0.6131471927654584
5a88e605554299206df2b39c,R@100,1.0
5a88e75c5542993b751ca8c7,nDCG@10,0.6131471927654584
5a88e75c5542993b751ca8c7,R@100,1.0
5a88e7a55542993b751ca8ca,nDCG@10,0.6131471927654584
5a88e7a55542993b751ca8ca,R@100,0.5
5a88f0d455429946c8d6e8dc,nDCG@10,0.38685280723454163
5a88f0d455429946c8d6e8dc,R@100,0.5
5a88f180554299206df2b3cc,nDCG@10,0.6131471927654584
5a88f180554299206df2b3cc,R@100,1.0
5a88f2cc55429938390d3ffb,nDCG@10,0.6131471927654584
5a88f2cc55429938390d3ffb,R@100,0.5
5a88f7855542993b751ca8da,nDCG@10,0.17723928678404774
5a88f7855542993b751ca8da,R@100,0.5
5a88f7bf5542997e5c09a6dd,nDCG@10,0.3065735963827292
5a88f7bf5542997e5c09a6dd,R@100,1.0
5a88f9555542995153361214,nDCG@10,0.6131471927654584
5a88f9555542995153361214,R@100,1.0
5a88fa145542997e5c09a6e1,nDCG@10,0.23719771276929622
5a88fa145542997e5c09a6e1,R@100,1.0
5a88fa1c5542995153361219,nDCG@10,0.6131471927654584
5a88fa1c5542995153361219,R@100,0.5
5a88fa9e5542993b751ca8de,nDCG@10,0.6131471927654584
5a88fa9e5542993b751ca8de,R@100,0.5
5a88fc4255429938390d4019,nDCG@10,1.0
5a88fc4255429938390d4019,R@100,1.0
5a89007355429938390d4026,nDCG@10,0.5714285040141098
5a89007355429938390d4026,R@100,1.0
5a8900c75542997e5c09a6ed,nDCG@10,0.23719771276929622
5a8900c75542997e5c09a6ed,R@100,1.0
5a89019a5542995153361259,nDCG@10,0.9197207891481876
5a89019a5542995153361259,R@100,1.0
5a8901a2554299515336125a,nDCG@10,0.9197207891481876
5a8901a2554299515336125a,R@100,1.0
5a890b895542995153361278,nDCG@10,0.3065735963827292
5a890b895542995153361278,R@100,1.0
5a8911ad554299515336129c,nDCG@10,0.0
5a8911ad554299515336129c,R@100,0.5
5a8911dd554299515336129d,nDCG@10,0.19342640361727081
5a8911dd554299515336129d,R@100,0.5
5a891e1e5542993b751ca913,nDCG@10,0.8772153153380493
5a891e1e5542993b751ca913,R@100,1.0
5a89217455429938390d4039,nDCG@10,0.6131471927654584
5a89217455429938390d4039,R@100,0.5
5a892d6f55429951533612d1,nDCG@10,0.6131471927654584
5a892d6f55429951533612d1,R@100,1.0
5a8933fe55429951533612df,nDCG@10,0.6131471927654584
5a8933fe55429951533612df,R@100,0.5
5a89382655429951533612e8,nDCG@10,0.6131471927654584
5a89382655429951533612e8,R@100,1.0
5a893f305542993b751ca91e,nDCG@10,0.0
5a893f305542993b751ca91e,R@100,1.0
5a893fc855429951533612f0,nDCG@10,0.6131471927654584
5a893fc855429951533612f0,R@100,1.0
5a89432b554299669944a519,nDCG@10,0.6131471927654584
5a89432b554299669944a519,R@100,0.5
5a894bea55429946c8d6e910,nDCG@10,0.8315546295836225
5a894bea55429946c8d6e910,R@100,1.0
5a895d305542993b751ca931,nDCG@10,1.0
5a895d305542993b751ca931,R@100,1.0
5a895f6155429946c8d6e914,nDCG@10,0.2640681225725909
5a895f6155429946c8d6e914,R@100,0.5
5a89706055429951533612f9,nDCG@10,0.6131471927654584
5a89706055429951533612f9,R@100,0.5
5a89761d5542995153361310,nDCG@10,0.6131471927654584
5a89761d5542995153361310,R@100,0.5
5a8979f4554299669944a52e,nDCG@10,0.6131471927654584
5a8979f4554299669944a52e,R@100,0.5
5a89810655429946c8d6e929,nDCG@10,0.38685280723454163
5a89810655429946c8d6e929,R@100,0.5
5a8986fd55429938390d4046,nDCG@10,0.6131471927654584
5a8986fd55429938390d4046,R@100,0.5
5a89875655429938390d4047,nDCG@10,1.0
5a89875655429938390d4047,R@100,1.0
5a898872554299669944a540,nDCG@10,0.6240505200038379
5a898872554299669944a540,R@100,1.0
5a899b6455429946c8d6e955,nDCG@10,0.0
5a899b6455429946c8d6e955,R@100,0.0
5a899bf955429946c8d6e959,nDCG@10,0.8772153153380493
5a899bf955429946c8d6e959,R@100,1.0
5a899f4955429946c8d6e971,nDCG@10,0.0
5a899f4955429946c8d6e971,R@100,0.5
5a89a02955429946c8d6e975,nDCG@10,0.38685280723454163
5a89a02955429946c8d6e975,R@100,0.5
5a89a128554299669944a552,nDCG@10,0.8315546295836225
5a89a128554299669944a552,R@100,1.0
5a89a13c55429946c8d6e97a,nDCG@10,0.38685280723454163
5a89a13c55429946c8d6e97a,R@100,0.5
5a89a74e554299669944a562,nDCG@10,0.6934264036172708
5a89a74e554299669944a562,R@100,1.0
5a89a82c5542993b751ca973,nDCG@10,0.6131471927654584
5a89a82c5542993b751ca973,R@100,0.5
5a89a92a55429946c8d6e98c,nDCG@10,0.6934264036172708
5a89a92a55429946c8d6e98c,R@100,1.0
5a89a99f55429946c8d6e98f,nDCG@10,0.5640920940185894
5a89a99f55429946c8d6e98f,R@100,1.0
5a89ab1355429946c8d6e996,nDCG@10,0.6131471927654584
5a89ab1355429946c8d6e996,R@100,1.0
5a89b1de5542992e4fca8378,nDCG@10,0.6131471927654584
5a89b1de5542992e4fca8378,R@100,0.5
5a89b8f0554299669944a580,nDCG@10,0.6131471927654584
5a89b8f0554299669944a580,R@100,0.5
5a89ba6b554299669944a584,nDCG@10,0.38685280723454163
5a89ba6b554299669944a584,R@100,0.5
5a89bb0b5542992e4fca83a0,nDCG@10,0.6131471927654584
5a89bb0b5542992e4fca83a0,R@100,0.5
5a89bbb05542992e4fca83a3,nDCG@10,0.0
5a89bbb05542992e4fca83a3,R@100,0.0
5a89bcc85542992e4fca83a7,nDCG@10,0.6131471927654584
5a89bcc85542992e4fca83a7,R@100,1.0
5a89bf18554299669944a591,nDCG@10,0.6131471927654584
5a89bf18554299669944a591,R@100,0.5
5a89cc99554299669944a5ae,nDCG@10,0.6131471927654584
5a89cc99554299669944a5ae,R@100,0.5
5a89cde555429946c8d6e9c4,nDCG@10,0.6131471927654584
5a89cde555429946c8d6e9c4,R@100,1.0
5a89d26b5542992e4fca83d1,nDCG@10,0.7977228895450266
5a89d26b5542992e4fca83d1,R@100,1.0
5a89d2d75542992e4fca83d2,nDCG@10,1.0
5a89d2d75542992e4fca83d2,R@100,1.0
5a89d36e554299515336132a,nDCG@10,1.0
5a89d36e554299515336132a,R@100,1.0
5a89d3e15542992e4fca83d4,nDCG@10,0.6131471927654584
5a89d3e15542992e4fca83d4,R@100,0.5
5a89d48c554299515336132e,nDCG@10,0.6131471927654584
5a89d48c554299515336132e,R@100,0.5
5a89d8d055429946c8d6e9df,nDCG@10,1.0
5a89d8d055429946c8d6e9df,R@100,1.0
5a89da93554299669944a5cc,nDCG@10,0.9197207891481876
5a89da93554299669944a5cc,R@100,1.0
5a89dbec554299669944a5d6,nDCG@10,0.8315546295836225
5a89dbec554299669944a5d6,R@100,1.0
5a89dc81554299669944a5dc,nDCG@10,0.6131471927654584
5a89dc81554299669944a5dc,R@100,0.5
5a89dca8554299669944a5dd,nDCG@10,0.6131471927654584
5a89dca8554299669944a5dd,R@100,1.0
5a89dd4d554299669944a5e3,nDCG@10,1.0
5a89dd4d554299669944a5e3,R@100,1.0
5a89ddf25542992e4fca83ff,nDCG@10,0.5706417189553201
5a89ddf25542992e4fca83ff,R@100,1.0
5a89df265542992e4fca840d,nDCG@10,1.0
5a89df265542992e4fca840d,R@100,1.0
5a89dfcc55429946c8d6e9f0,nDCG@10,0.38685280723454163
5a89dfcc55429946c8d6e9f0,R@100,1.0
5a89e0ec5542992e4fca8427,nDCG@10,0.8065735963827293
5a89e0ec5542992e4fca8427,R@100,1.0
5a89e1bf5542992e4fca8433,nDCG@10,0.6131471927654584
5a89e1bf5542992e4fca8433,R@100,1.0
5a89e20a5542992e4fca8438,nDCG@10,0.6240505200038379
5a89e20a5542992e4fca8438,R@100,1.0
5a89e2785542992e4fca843d,nDCG@10,0.5109559939712153
5a89e2785542992e4fca843d,R@100,1.0
5a89e28f5542992e4fca843e,nDCG@10,0.6131471927654584
5a89e28f5542992e4fca843e,R@100,0.5
5a89e2ba5542992e4fca8441,nDCG@10,0.6131471927654584
5a89e2ba5542992e4fca8441,R@100,0.5
5a89e3995542992e4fca844d,nDCG@10,0.17723928678404774
5a89e3995542992e4fca844d,R@100,0.5
5a89e4585542992e4fca8454,nDCG@10,0.6131471927654584
5a89e4585542992e4fca8454,R@100,0.5
5a89e47f5542992e4fca8457,nDCG@10,0.6131471927654584
5a89e47f5542992e4fca8457,R@100,0.5
5a89e57f5542992e4fca845d,nDCG@10,0.8315546295836225
5a89e57f5542992e4fca845d,R@100,1.0
5a89e6615542992e4fca8462,nDCG@10,0.6131471927654584
5a89e6615542992e4fca8462,R@100,0.5
5a89e8035542992e4fca846d,nDCG@10,1.0
5a89e8035542992e4fca846d,R@100,1.0
5a89e85c5542992e4fca846f,nDCG@10,0.6131471927654584
5a89e85c5542992e4fca846f,R@100,0.5
5a89e92c5542993b751ca9af,nDCG@10,0.6131471927654584
5a89e92c5542993b751ca9af,R@100,1.0
5a89e95c5542992e4fca8474,nDCG@10,1.0
5a89e95c5542992e4fca8474,R@100,1.0
5a89e98955429946c8d6ea0c,nDCG@10,0.0
5a89e98955429946c8d6ea0c,R@100,0.5
5a89ec7b5542992e4fca8483,nDCG@10,0.8315546295836225
5a89ec7b5542992e4fca8483,R@100,1.0
5a89f5815542993b751ca9c5,nDCG@10,1.0
5a89f5815542993b751ca9c5,R@100,1.0
5a89f58f5542992e4fca84af,nDCG@10,0.38685280723454163
5a89f58f5542992e4fca84af,R@100,0.5
5a89f6235542993b751ca9c7,nDCG@10,1.0
5a89f6235542993b751ca9c7,R@100,1.0
5a89f68f5542992e4fca84b6,nDCG@10,0.5012658353418871
5a89f68f5542992e4fca84b6,R@100,1.0
5a89f90a5542992e4fca84be,nDCG@10,1.0
5a89f90a5542992e4fca84be,R@100,1.0
5a89fa2655429970aeb701d2,nDCG@10,0.38685280723454163
5a89fa2655429970aeb701d2,R@100,0.5
5a89fb525542993b751ca9d6,nDCG@10,0.6131471927654584
5a89fb525542993b751ca9d6,R@100,1.0
5a89fc305542993b751ca9dc,nDCG@10,0.6131471927654584
5a89fc305542993b751ca9dc,R@100,1.0
5a89fc665542993b751ca9de,nDCG@10,0.9197207891481876
5a89fc665542993b751ca9de,R@100,1.0
5a89fea655429970aeb701eb,nDCG@10,0.7903864795495061
5a89fea655429970aeb701eb,R@100,1.0
5a8a03245542992e4fca84d5,nDCG@10,1.0
5a8a03245542992e4fca84d5,R@100,1.0
5a8a032f5542993b751ca9e5,nDCG@10,0.9197207891481876
5a8a032f5542993b751ca9e5,R@100,1.0
5a8a03985542992e4fca84d6,nDCG@10,0.20438239758848611
5a8a03985542992e4fca84d6,R@100,1.0
5a8a06455542992e4fca84db,nDCG@10,1.0
5a8a06455542992e4fca84db,R@100,1.0
5a8a06c35542992d82986e57,nDCG@10,0.38685280723454163
5a8a06c35542992d82986e57,R@100,1.0
5a8a07725542992d82986e5b,nDCG@10,0.0
5a8a07725542992d82986e5b,R@100,0.0
5a8a07af55429970aeb70222,nDCG@10,0.6509209298071326
5a8a07af55429970aeb70222,R@100,1.0
5a8a09565542992d82986e66,nDCG@10,1.0
5a8a09565542992d82986e66,R@100,1.0
5a8a09765542992d82986e67,nDCG@10,0.6131471927654584
5a8a09765542992d82986e67,R@100,0.5
5a8a09ff5542992d82986e6b,nDCG@10,0.38685280723454163
5a8a09ff5542992d82986e6b,R@100,0.5
5a8a0cb75542992d82986e7d,nDCG@10,0.6131471927654584
5a8a0cb75542992d82986e7d,R@100,1.0
5a8a0ed55542992e4fca84e8,nDCG@10,0.8503449055347546
5a8a0ed55542992e4fca84e8,R@100,1.0
5a8a12ae5542992d82986e92,nDCG@10,0.0
5a8a12ae5542992d82986e92,R@100,1.0
5a8a13f45542992d82986e9e,nDCG@10,1.0
5a8a13f45542992d82986e9e,R@100,1.0
5a8a17685542993b751ca9f3,nDCG@10,0.6131471927654584
5a8a17685542993b751ca9f3,R@100,0.5
5a8a19c45542992e4fca8501,nDCG@10,0.0
5a8a19c45542992e4fca8501,R@100,0.0
5a8a1a975542992e4fca8505,nDCG@10,0.3065735963827292
5a8a1a975542992e4fca8505,R@100,0.5
5a8a1a9c5542992d82986ebb,nDCG@10,0.6131471927654584
5a8a1a9c5542992d82986ebb,R@100,0.5
5a8a1aea5542992e4fca8508,nDCG@10,0.6131471927654584
5a8a1aea5542992e4fca8508,R@100,1.0
5a8a1b7a5542992d82986ec0,nDCG@10,1.0
5a8a1b7a5542992d82986ec0,R@100,1.0
5a8a1dbc55429970aeb7025a,nDCG@10,0.6131471927654584
5a8a1dbc55429970aeb7025a,R@100,0.5
5a8a203c55429970aeb7026d,nDCG@10,0.8503449055347546
5a8a203c55429970aeb7026d,R@100,1.0
5a8a21a455429930ff3c0caf,nDCG@10,0.6131471927654584
5a8a21a455429930ff3c0caf,R@100,0.5
5a8a231a55429930ff3c0cb4,nDCG@10,0.6131471927654584
5a8a231a55429930ff3c0cb4,R@100,0.5
5a8a265b5542992d82986ecc,nDCG@10,1.0
5a8a265b5542992d82986ecc,R@100,1.0
5a8a2a5555429930ff3c0ccc,nDCG@10,0.0
5a8a2a5555429930ff3c0ccc,R@100,0.0
5a8a2d2155429930ff3c0cdc,nDCG@10,0.6131471927654584
5a8a2d2155429930ff3c0cdc,R@100,1.0
5a8a2e465542996c9b8d5e32,nDCG@10,0.6131471927654584
5a8a2e465542996c9b8d5e32,R@100,0.5
5a8a32d65542992d82986ef4,nDCG@10,0.7977228895450266
5a8a32d65542992d82986ef4,R@100,1.0
5a8a367a55429930ff3c0d03,nDCG@10,0.6131471927654584
5a8a367a55429930ff3c0d03,R@100,0.5
5a8a38135542996c9b8d5e59,nDCG@10,0.6131471927654584
5a8a38135542996c9b8d5e59,R@100,1.0
5a8a39195542992d82986f04,nDCG@10,0.6131471927654584
5a8a39195542992d82986f04,R@100,0.5
5a8a39b355429930ff3c0d13,nDCG@10,0.38685280723454163
5a8a39b355429930ff3c0d13,R@100,0.5
5a8a3a355542996c9b8d5e5e,nDCG@10,0.6131471927654584
5a8a3a355542996c9b8d5e5e,R@100,0.5
5a8a3dd55542995153361360,nDCG@10,0.48247555939075504
5a8a3dd55542995153361360,R@100,1.0
5a8a3e745542996c9b8d5e70,nDCG@10,0.8503449055347546
5a8a3e745542996c9b8d5e70,R@100,1.0
5a8a40015542996c9b8d5e72,nDCG@10,0.9197207891481876
5a8a40015542996c9b8d5e72,R@100,1.0
5a8a410655429970aeb70279,nDCG@10,0.6131471927654584
5a8a410655429970aeb70279,R@100,1.0
5a8a416955429930ff3c0d2b,nDCG@10,0.18457569677956817
5a8a416955429930ff3c0d2b,R@100,1.0
5a8a423255429930ff3c0d30,nDCG@10,0.38685280723454163
5a8a423255429930ff3c0d30,R@100,0.5
5a8a429955429930ff3c0d34,nDCG@10,0.6131471927654584
5a8a429955429930ff3c0d34,R@100,0.5
5a8a42ec55429970aeb7027c,nDCG@10,0.8175295903539445
5a8a42ec55429970aeb7027c,R@100,1.0
5a8a43eb5542996c9b8d5e82,nDCG@10,0.6131471927654584
5a8a43eb5542996c9b8d5e82,R@100,0.5
5a8a44c65542996c9b8d5e85,nDCG@10,1.0
5a8a44c65542996c9b8d5e85,R@100,1.0
5a8a484f5542996c9b8d5e94,nDCG@10,0.0
5a8a484f5542996c9b8d5e94,R@100,0.5
5a8a48ee55429930ff3c0d66,nDCG@10,0.6131471927654584
5a8a48ee55429930ff3c0d66,R@100,0.5
5a8a495055429930ff3c0d6a,nDCG@10,0.6131471927654584
5a8a495055429930ff3c0d6a,R@100,0.5
5a8a49cd55429930ff3c0d71,nDCG@10,0.5706417189553201
5a8a49cd55429930ff3c0d71,R@100,1.0
5a8a4a4055429930ff3c0d77,nDCG@10,0.6240505200038379
5a8a4a4055429930ff3c0d77,R@100,1.0
5a8a4b9955429930ff3c0d88,nDCG@10,0.6131471927654584
5a8a4b9955429930ff3c0d88,R@100,0.5
5a8a502b5542996c9b8d5ea6,nDCG@10,0.6131471927654584
5a8a502b5542996c9b8d5ea6,R@100,1.0
5a8a521d5542992d82986f15,nDCG@10,0.8772153153380493
5a8a521d5542992d82986f15,R@100,1.0
5a8a547d55429970aeb70293,nDCG@10,0.6131471927654584
5a8a547d55429970aeb70293,R@100,0.5
5a8a573355429970aeb7029a,nDCG@10,0.19342640361727081
5a8a573355429970aeb7029a,R@100,1.0
5a8a575a554299515336136e,nDCG@10,1.0
5a8a575a554299515336136e,R@100,1.0
5a8a57fe55429930ff3c0da0,nDCG@10,0.6131471927654584
5a8a57fe55429930ff3c0da0,R@100,1.0
5a8a58f355429930ff3c0da3,nDCG@10,0.8772153153380493
5a8a58f355429930ff3c0da3,R@100,1.0
5a8a59c955429930ff3c0da6,nDCG@10,0.8315546295836225
5a8a59c955429930ff3c0da6,R@100,1.0
5a8a5a1955429930ff3c0da7,nDCG@10,0.6131471927654584
5a8a5a1955429930ff3c0da7,R@100,0.5
5a8a5bd355429970aeb702b9,nDCG@10,0.23719771276929622
5a8a5bd355429970aeb702b9,R@100,0.5
5a8a5c0d554299515336137b,nDCG@10,0.6131471927654584
5a8a5c0d554299515336137b,R@100,1.0
5a8a5c9855429970aeb702be,nDCG@10,0.0
5a8a5c9855429970aeb702be,R@100,0.5
5a8a5dd055429970aeb702c7,nDCG@10,0.0
5a8a5dd055429970aeb702c7,R@100,0.5
5a8a647b55429930ff3c0dc1,nDCG@10,1.0
5a8a647b55429930ff3c0dc1,R@100,1.0
5a8a6a2155429930ff3c0dd0,nDCG@10,0.5802792108518124
5a8a6a2155429930ff3c0dd0,R@100,1.0
5a8a6b625542996c9b8d5ed9,nDCG@10,0.6131471927654584
5a8a6b625542996c9b8d5ed9,R@100,1.0
5a8a70ea55429970aeb702e4,nDCG@10,0.6131471927654584
5a8a70ea55429970aeb702e4,R@100,0.5
5a8a756555429970aeb702f2,nDCG@10,0.6131471927654584
5a8a756555429970aeb702f2,R@100,1.0
5a8a764555429930ff3c0de1,nDCG@10,0.0
5a8a764555429930ff3c0de1,R@100,0.5
5a8a77fd55429930ff3c0de3,nDCG@10,0.23719771276929622
5a8a77fd55429930ff3c0de3,R@100,0.5
5a8a793555429930ff3c0de7,nDCG@10,1.0
5a8a793555429930ff3c0de7,R@100,1.0
5a8a7d2b55429930ff3c0dfc,nDCG@10,0.6934264036172708
5a8a7d2b55429930ff3c0dfc,R@100,1.0
5a8a803b55429930ff3c0e04,nDCG@10,1.0
5a8a803b55429930ff3c0e04,R@100,1.0
5a8a833855429970aeb702fe,nDCG@10,0.38685280723454163
5a8a833855429970aeb702fe,R@100,0.5
5a8a9bc15542996c9b8d5f36,nDCG@10,0.9197207891481876
5a8a9bc15542996c9b8d5f36,R@100,1.0
5a8aa1685542992d82986f32,nDCG@10,0.6131471927654584
5a8aa1685542992d82986f32,R@100,1.0
5a8aa5835542996c9b8d5f4e,nDCG@10,0.6131471927654584
5a8aa5835542996c9b8d5f4e,R@100,1.0
5a8aad0d5542992d82986f55,nDCG@10,0.6131471927654584
5a8aad0d5542992d82986f55,R@100,0.5
5a8ab6be5542992d82986f5f,nDCG@10,0.6131471927654584
5a8ab6be5542992d82986f5f,R@100,0.5
5a8abb115542992d82986f66,nDCG@10,0.6240505200038379
5a8abb115542992d82986f66,R@100,1.0
5a8abcab5542996c9b8d5f67,nDCG@10,0.6131471927654584
5a8abcab5542996c9b8d5f67,R@100,0.5
5a8ac02d5542996c9b8d5f6f,nDCG@10,0.9197207891481876
5a8ac02d5542996c9b8d5f6f,R@100,1.0
5a8ac0595542992d82986f6c,nDCG@10,1.0
5a8ac0595542992d82986f6c,R@100,1.0
5a8ac38855429970aeb70300,nDCG@10,0.0
5a8ac38855429970aeb70300,R@100,0.5
5a8ac4085542992d82986f74,nDCG@10,0.6131471927654584
5a8ac4085542992d82986f74,R@100,0.5
5a8ac44055429970aeb70304,nDCG@10,0.6131471927654584
5a8ac44055429970aeb70304,R@100,0.5
5a8ac4dd5542992d82986f76,nDCG@10,0.8503449055347546
5a8ac4dd5542992d82986f76,R@100,1.0
5a8ac5595542992d82986f77,nDCG@10,0.6131471927654584
5a8ac5595542992d82986f77,R@100,0.5
5a8ac87d55429970aeb7031d,nDCG@10,1.0
5a8ac87d55429970aeb7031d,R@100,1.0
5a8ad2f3554299515336138d,nDCG@10,0.7977228895450266
5a8ad2f3554299515336138d,R@100,1.0
5a8ad59355429950cd6afba4,nDCG@10,0.8772153153380493
5a8ad59355429950cd6afba4,R@100,1.0
5a8ad6805542992d82986f93,nDCG@10,0.6131471927654584
5a8ad6805542992d82986f93,R@100,1.0
5a8ad6db55429950cd6afba7,nDCG@10,0.6131471927654584
5a8ad6db55429950cd6afba7,R@100,1.0
5a8ad8305542992d82986f9d,nDCG@10,0.7903864795495061
5a8ad8305542992d82986f9d,R@100,1.0
5a8ad8b65542992d82986fa2,nDCG@10,1.0
5a8ad8b65542992d82986fa2,R@100,1.0
5a8ad8ed5542992d82986fa3,nDCG@10,0.38685280723454163
5a8ad8ed5542992d82986fa3,R@100,0.5
5a8adbf55542992d82986fab,nDCG@10,1.0
5a8adbf55542992d82986fab,R@100,1.0
5a8adc935542992d82986fb0,nDCG@10,0.7977228895450266
5a8adc935542992d82986fb0,R@100,1.0
5a8add4c5542992d82986fb4,nDCG@10,0.6131471927654584
5a8add4c5542992d82986fb4,R@100,0.5
5a8ae00e5542992d82986fc7,nDCG@10,0.8175295903539445
5a8ae00e5542992d82986fc7,R@100,1.0
5a8ae0ae55429950cd6afbc2,nDCG@10,0.23719771276929622
5a8ae0ae55429950cd6afbc2,R@100,0.5
5a8ae5d355429970aeb70325,nDCG@10,0.0
5a8ae5d355429970aeb70325,R@100,0.0
5a8ae61955429970aeb70326,nDCG@10,0.6934264036172708
5a8ae61955429970aeb70326,R@100,1.0
5a8aeadc55429950cd6afbe0,nDCG@10,0.6131471927654584
5a8aeadc55429950cd6afbe0,R@100,0.5
5a8aecff55429950cd6afbef,nDCG@10,0.8503449055347546
5a8aecff55429950cd6afbef,R@100,1.0
5a8aed1555429970aeb70334,nDCG@10,1.0
5a8aed1555429970aeb70334,R@100,1.0
5a8aed1755429950cd6afbf1,nDCG@10,0.19342640361727081
5a8aed1755429950cd6afbf1,R@100,1.0
5a8aee2c55429970aeb70338,nDCG@10,1.0
5a8aee2c55429970aeb70338,R@100,1.0
5a8aee3d55429950cd6afc01,nDCG@10,0.8175295903539445
5a8aee3d55429950cd6afc01,R@100,1.0
5a8af05d55429950cd6afc1a,nDCG@10,0.3065735963827292
5a8af05d55429950cd6afc1a,R@100,1.0
5a8af0a355429950cd6afc1c,nDCG@10,0.6131471927654584
5a8af0a355429950cd6afc1c,R@100,1.0
5a8af11a55429950cd6afc21,nDCG@10,0.38685280723454163
5a8af11a55429950cd6afc21,R@100,0.5
5a8af1e255429950cd6afc28,nDCG@10,0.0
5a8af1e255429950cd6afc28,R@100,0.0
5a8af28555429951533613b5,nDCG@10,0.0
5a8af28555429951533613b5,R@100,1.0
5a8af3b155429950cd6afc2c,nDCG@10,0.38685280723454163
5a8af3b155429950cd6afc2c,R@100,1.0
5a8af56855429950cd6afc2f,nDCG@10,1.0
5a8af56855429950cd6afc2f,R@100,1.0
5a8af92c55429950cd6afc33,nDCG@10,1.0
5a8af92c55429950cd6afc33,R@100,1.0
5a8af94455429971feec45b6,nDCG@10,0.7977228895450266
5a8af94455429971feec45b6,R@100,1.0
5a8afa4d55429949d91db44c,nDCG@10,0.0
5a8afa4d55429949d91db44c,R@100,0.5
5a8afb9955429971feec45c2,nDCG@10,0.6131471927654584
5a8afb9955429971feec45c2,R@100,0.5
5a8aff3d55429971feec45df,nDCG@10,0.6131471927654584
5a8aff3d55429971feec45df,R@100,1.0
5a8affca55429971feec45e3,nDCG@10,0.6131471927654584
5a8affca55429971feec45e3,R@100,1.0
5a8b017155429949d91db463,nDCG@10,1.0
5a8b017155429949d91db463,R@100,1.0
5a8b027e55429950cd6afc45,nDCG@10,0.6131471927654584
5a8b027e55429950cd6afc45,R@100,0.5
5a8b036d55429971feec45fe,nDCG@10,0.8065735963827293
5a8b036d55429971feec45fe,R@100,1.0
5a8b041955429971feec4604,nDCG@10,0.6131471927654584
5a8b041955429971feec4604,R@100,1.0
5a8b04df55429950cd6afc49,nDCG@10,0.38685280723454163
5a8b04df55429950cd6afc49,R@100,0.5
5a8b051255429971feec460e,nDCG@10,0.6131471927654584
5a8b051255429971feec460e,R@100,1.0
5a8b057255429971feec4611,nDCG@10,0.6934264036172708
5a8b057255429971feec4611,R@100,1.0
5a8b058055429971feec4612,nDCG@10,0.0
5a8b058055429971feec4612,R@100,0.5
5a8b05c855429949d91db46a,nDCG@10,0.9197207891481876
5a8b05c855429949d91db46a,R@100,1.0
5a8b120755429949d91db4a4,nDCG@10,1.0
5a8b120755429949d91db4a4,R@100,1.0
5a8b128455429971feec463b,nDCG@10,0.6131471927654584
5a8b128455429971feec463b,R@100,0.5
5a8b14125542992d82986fd5,nDCG@10,0.9197207891481876
5a8b14125542992d82986fd5,R@100,1.0
5a8b19f45542996c9b8d5f9e,nDCG@10,0.6131471927654584
5a8b19f45542996c9b8d5f9e,R@100,0.5
5a8b1a925542997f31a41c6e,nDCG@10,0.20438239758848611
5a8b1a925542997f31a41c6e,R@100,1.0
5a8b20335542996c9b8d5fb3,nDCG@10,0.8503449055347546
5a8b20335542996c9b8d5fb3,R@100,1.0
5a8b20b85542996c9b8d5fb5,nDCG@10,0.6131471927654584
5a8b20b85542996c9b8d5fb5,R@100,1.0
5a8b231055429949d91db4c9,nDCG@10,0.6131471927654584
5a8b231055429949d91db4c9,R@100,0.5
5a8b24f255429950cd6afc56,nDCG@10,0.5640920940185894
5a8b24f255429950cd6afc56,R@100,1.0
5a8b24f955429949d91db4cd,nDCG@10,0.6131471927654584
5a8b24f955429949d91db4cd,R@100,1.0
5a8b2a0355429971feec465b,nDCG@10,1.0
5a8b2a0355429971feec465b,R@100,1.0
5a8b2ccf55429971feec4665,nDCG@10,0.17723928678404774
5a8b2ccf55429971feec4665,R@100,1.0
5a8b2d3255429950cd6afc60,nDCG@10,0.6131471927654584
5a8b2d3255429950cd6afc60,R@100,0.5
5a8b2dc055429950cd6afc62,nDCG@10,0.0
5a8b2dc055429950cd6afc62,R@100,0.5
5a8b2f2b5542995d1e6f12fa,nDCG@10,0.6131471927654584
5a8b2f2b5542995d1e6f12fa,R@100,1.0
5a8b34705542995d1e6f130d,nDCG@10,0.6131471927654584
5a8b34705542995d1e6f130d,R@100,0.5
5a8b349a55429971feec466b,nDCG@10,1.0
5a8b349a55429971feec466b,R@100,1.0
5a8b397955429971feec4674,nDCG@10,0.3065735963827292
5a8b397955429971feec4674,R@100,1.0
5a8b3af455429971feec467b,nDCG@10,0.6131471927654584
5a8b3af455429971feec467b,R@100,1.0
5a8b3c0055429949d91db4f8,nDCG@10,0.38685280723454163
5a8b3c0055429949d91db4f8,R@100,1.0
5a8b3c5b55429971feec4684,nDCG@10,1.0
5a8b3c5b55429971feec4684,R@100,1.0
5a8b3d795542997f31a41cc1,nDCG@10,0.23719771276929622
5a8b3d795542997f31a41cc1,R@100,0.5
5a8b3de95542997f31a41cc3,nDCG@10,0.5640920940185894
5a8b3de95542997f31a41cc3,R@100,1.0
5a8b3e985542995d1e6f131c,nDCG@10,1.0
5a8b3e985542995d1e6f131c,R@100,1.0
5a8b3f8a5542995d1e6f131f,nDCG@10,0.6131471927654584
5a8b3f8a5542995d1e6f131f,R@100,0.5
5a8b3fe85542995d1e6f1323,nDCG@10,0.6131471927654584
5a8b3fe85542995d1e6f1323,R@100,0.5
5a8b40b055429949d91db50c,nDCG@10,0.0
5a8b40b055429949d91db50c,R@100,0.5
5a8b429f5542995d1e6f132c,nDCG@10,0.9197207891481876
5a8b429f5542995d1e6f132c,R@100,1.0
5a8b42be55429949d91db515,nDCG@10,0.6131471927654584
5a8b42be55429949d91db515,R@100,1.0
5a8b448255429971feec468c,nDCG@10,0.0
5a8b448255429971feec468c,R@100,0.5
5a8b452655429971feec468e,nDCG@10,0.6131471927654584
5a8b452655429971feec468e,R@100,1.0
5a8b45765542995d1e6f1333,nDCG@10,0.38685280723454163
5a8b45765542995d1e6f1333,R@100,0.5
5a8b465855429949d91db522,nDCG@10,1.0
5a8b465855429949d91db522,R@100,1.0
5a8b46925542995d1e6f133c,nDCG@10,0.6131471927654584
5a8b46925542995d1e6f133c,R@100,0.5
5a8b4a5f55429949d91db531,nDCG@10,0.9197207891481876
5a8b4a5f55429949d91db531,R@100,1.0
5a8b4d5e5542995d1e6f135c,nDCG@10,0.8772153153380493
5a8b4d5e5542995d1e6f135c,R@100,1.0
5a8b4ec155429949d91db53f,nDCG@10,0.8065735963827293
5a8b4ec155429949d91db53f,R@100,1.0
5a8b4fcc55429949d91db541,nDCG@10,1.0
5a8b4fcc55429949d91db541,R@100,1.0
5a8b50475542997f31a41cd4,nDCG@10,1.0
5a8b50475542997f31a41cd4,R@100,1.0
5a8b515e55429971feec46bb,nDCG@10,0.21840743681816419
5a8b515e55429971feec46bb,R@100,1.0
5a8b544855429950cd6afcae,nDCG@10,0.0
5a8b544855429950cd6afcae,R@100,0.0
5a8b56d655429949d91db557,nDCG@10,1.0
5a8b56d655429949d91db557,R@100,1.0
5a8b57f25542995d1e6f1371,nDCG@10,0.6131471927654584
5a8b57f25542995d1e6f1371,R@100,1.0
5a8b595855429949d91db563,nDCG@10,0.6131471927654584
5a8b595855429949d91db563,R@100,0.5
5a8b59a65542995d1e6f137c,nDCG@10,0.9197207891481876
5a8b59a65542995d1e6f137c,R@100,1.0
5a8b5b1c5542995d1e6f1387,nDCG@10,0.0
5a8b5b1c5542995d1e6f1387,R@100,0.5
5a8b5c8155429949d91db56d,nDCG@10,0.39780880120575696
5a8b5c8155429949d91db56d,R@100,1.0
5a8b63fa55429950cd6afcd7,nDCG@10,0.6131471927654584
5a8b63fa55429950cd6afcd7,R@100,0.5
5a8b64695542997f31a41d04,nDCG@10,0.0
5a8b64695542997f31a41d04,R@100,0.5
5a8b67b655429950cd6afcde,nDCG@10,0.6131471927654584
5a8b67b655429950cd6afcde,R@100,0.5
5a8b69f45542997f31a41d19,nDCG@10,0.3065735963827292
5a8b69f45542997f31a41d19,R@100,0.5
5a8b6a5155429949d91db5a3,nDCG@10,0.8175295903539445
5a8b6a5155429949d91db5a3,R@100,1.0
5a8b6ac055429949d91db5a5,nDCG@10,1.0
5a8b6ac055429949d91db5a5,R@100,1.0
5a8b6d885542997f31a41d25,nDCG@10,0.6131471927654584
5a8b6d885542997f31a41d25,R@100,0.5
5a8b6eba55429950cd6afcfc,nDCG@10,1.0
5a8b6eba55429950cd6afcfc,R@100,1.0
5a8b6ee255429950cd6afcfd,nDCG@10,0.36181498356361597
5a8b6ee255429950cd6afcfd,R@100,1.0
5a8b6efd5542997f31a41d2b,nDCG@10,0.21840743681816419
5a8b6efd5542997f31a41d2b,R@100,1.0
5a8b6f9a5542995d1e6f138f,nDCG@10,0.0
5a8b6f9a5542995d1e6f138f,R@100,0.0
5a8b71915542995d1e6f1393,nDCG@10,0.38685280723454163
5a8b71915542995d1e6f1393,R@100,0.5
5a8b768655429949d91db5a9,nDCG@10,1.0
5a8b768655429949d91db5a9,R@100,1.0
5a8b770f5542995d1e6f13a7,nDCG@10,0.0
5a8b770f5542995d1e6f13a7,R@100,0.0
5a8b77705542995d1e6f13aa,nDCG@10,0.6131471927654584
5a8b77705542995d1e6f13aa,R@100,0.5
5a8b78775542997f31a41d3d,nDCG@10,0.6131471927654584
5a8b78775542997f31a41d3d,R@100,1.0
5a8b78f055429971feec471a,nDCG@10,0.9197207891481876
5a8b78f055429971feec471a,R@100,1.0
5a8b7ca65542997f31a41d49,nDCG@10,0.6131471927654584
5a8b7ca65542997f31a41d49,R@100,1.0
5a8b7cb95542995d1e6f13bb,nDCG@10,0.0
5a8b7cb95542995d1e6f13bb,R@100,0.5
5a8b7d7d5542997f31a41d4b,nDCG@10,0.23719771276929622
5a8b7d7d5542997f31a41d4b,R@100,1.0
5a8b7d925542995d1e6f13bd,nDCG@10,0.8772153153380493
5a8b7d925542995d1e6f13bd,R@100,1.0
5a8b7dab5542997f31a41d4c,nDCG@10,1.0
5a8b7dab5542997f31a41d4c,R@100,1.0
5a8b7e9c5542995d1e6f13c1,nDCG@10,1.0
5a8b7e9c5542995d1e6f13c1,R@100,1.0
5a8b81bc55429949d91db5b8,nDCG@10,0.6131471927654584
5a8b81bc55429949d91db5b8,R@100,0.5
5a8b82a05542995d1e6f13d0,nDCG@10,0.38685280723454163
5a8b82a05542995d1e6f13d0,R@100,0.5
5a8b83bc55429949d91db5c0,nDCG@10,0.6131471927654584
5a8b83bc55429949d91db5c0,R@100,0.5
5a8b84875542995d1e6f13d7,nDCG@10,0.6131471927654584
5a8b84875542995d1e6f13d7,R@100,0.5
5a8b84905542997f31a41d5d,nDCG@10,0.6131471927654584
5a8b84905542997f31a41d5d,R@100,0.5
5a8b86645542997f31a41d62,nDCG@10,0.21840743681816419
5a8b86645542997f31a41d62,R@100,0.5
5a8b8a745542995d1e6f13e4,nDCG@10,0.6131471927654584
5a8b8a745542995d1e6f13e4,R@100,1.0
5a8b8b3155429949d91db5d7,nDCG@10,0.8065735963827293
5a8b8b3155429949d91db5d7,R@100,1.0
5a8b8b3a5542995d1e6f13e5,nDCG@10,0.6131471927654584
5a8b8b3a5542995d1e6f13e5,R@100,0.5
5a8b8f5b55429949d91db5e1,nDCG@10,0.6131471927654584
5a8b8f5b55429949d91db5e1,R@100,1.0
5a8b91d25542995d1e6f13fc,nDCG@10,0.6934264036172708
5a8b91d25542995d1e6f13fc,R@100,1.0
5a8b922e55429949d91db5e6,nDCG@10,1.0
5a8b922e55429949d91db5e6,R@100,1.0
5a8b97485542995d1e6f140f,nDCG@10,0.8065735963827293
5a8b97485542995d1e6f140f,R@100,1.0
5a8b98665542995d1e6f1413,nDCG@10,0.8772153153380493
5a8b98665542995d1e6f1413,R@100,1.0
5a8b987f5542997f31a41d7a,nDCG@10,0.6131471927654584
5a8b987f5542997f31a41d7a,R@100,0.5
5a8b99a45542997f31a41d7f,nDCG@10,0.6131471927654584
5a8b99a45542997f31a41d7f,R@100,1.0
5a8b99c355429950cd6afd28,nDCG@10,1.0
5a8b99c355429950cd6afd28,R@100,1.0
5a8b9cd65542997f31a41d8b,nDCG@10,0.6509209298071326
5a8b9cd65542997f31a41d8b,R@100,1.0
5a8ba07d5542996e8ac88985,nDCG@10,0.0
5a8ba07d5542996e8ac88985,R@100,1.0
5a8ba0855542995d1e6f1427,nDCG@10,0.3065735963827292
5a8ba0855542995d1e6f1427,R@100,1.0
5a8ba3ff55429971feec4744,nDCG@10,0.6131471927654584
5a8ba3ff55429971feec4744,R@100,0.5
5a8ba45b554299240d9c2051,nDCG@10,0.6131471927654584
5a8ba45b554299240d9c2051,R@100,1.0
5a8ba59a554299240d9c2058,nDCG@10,0.6131471927654584
5a8ba59a554299240d9c2058,R@100,1.0
5a8ba60b554299240d9c205b,nDCG@10,0.6131471927654584
5a8ba60b554299240d9c205b,R@100,1.0
5a8ba67755429971feec4748,nDCG@10,0.9197207891481876
5a8ba67755429971feec4748,R@100,1.0
5a8ba761554299240d9c2066,nDCG@10,0.6131471927654584
5a8ba761554299240d9c2066,R@100,0.5
5a8ba92c554299240d9c2071,nDCG@10,0.9197207891481876
5a8ba92c554299240d9c2071,R@100,1.0
5a8ba9d255429971feec4759,nDCG@10,0.6131471927654584
5a8ba9d255429971feec4759,R@100,0.5
5a8babf05542996e8ac8899e,nDCG@10,0.17723928678404774
5a8babf05542996e8ac8899e,R@100,0.5
5a8badef554299240d9c2080,nDCG@10,0.38685280723454163
5a8badef554299240d9c2080,R@100,1.0
5a8bae135542996e8ac889b6,nDCG@10,0.8315546295836225
5a8bae135542996e8ac889b6,R@100,1.0
5a8baf4b5542996e8ac889c5,nDCG@10,0.6131471927654584
5a8baf4b5542996e8ac889c5,R@100,0.5
5a8baf635542996e8ac889c6,nDCG@10,0.6131471927654584
5a8baf635542996e8ac889c6,R@100,0.5
5a8baf775542996e8ac889c8,nDCG@10,0.0
5a8baf775542996e8ac889c8,R@100,1.0
5a8bb29b554299240d9c2089,nDCG@10,0.6131471927654584
5a8bb29b554299240d9c2089,R@100,0.5
5a8bb7f95542996e8ac889ff,nDCG@10,0.6131471927654584
5a8bb7f95542996e8ac889ff,R@100,0.5
5a8bb90f5542996e8ac88a02,nDCG@10,0.0
5a8bb90f5542996e8ac88a02,R@100,0.0
5a8bba645542995e66a474e5,nDCG@10,0.6131471927654584
5a8bba645542995e66a474e5,R@100,1.0
5a8bbb8c5542995d1e6f142e,nDCG@10,0.8065735963827293
5a8bbb8c5542995d1e6f142e,R@100,1.0
5a8bbddf5542997f31a41db2,nDCG@10,0.23719771276929622
5a8bbddf5542997f31a41db2,R@100,0.5
5a8bbfb15542995e66a474f6,nDCG@10,0.9197207891481876
5a8bbfb15542995e66a474f6,R@100,1.0
5a8bc03d5542996e8ac88a0b,nDCG@10,0.6131471927654584
5a8bc03d5542996e8ac88a0b,R@100,0.5
5a8bc0485542995d1e6f143d,nDCG@10,0.6131471927654584
5a8bc0485542995d1e6f143d,R@100,0.5
5a8bc1565542996e8ac88a0c,nDCG@10,0.17723928678404774
5a8bc1565542996e8ac88a0c,R@100,1.0
5a8bc1b85542997f31a41db8,nDCG@10,0.8315546295836225
5a8bc1b85542997f31a41db8,R@100,1.0
5a8bc29a5542995d1e6f1446,nDCG@10,0.6131471927654584
5a8bc29a5542995d1e6f1446,R@100,0.5
5a8bc3ac5542995e66a47501,nDCG@10,0.5706417189553201
5a8bc3ac5542995e66a47501,R@100,1.0
5a8bcad45542995e66a47512,nDCG@10,0.7977228895450266
5a8bcad45542995e66a47512,R@100,1.0
5a8bd2965542997f31a41dd1,nDCG@10,0.8175295903539445
5a8bd2965542997f31a41dd1,R@100,1.0
5a8bd2f95542997f31a41dd2,nDCG@10,0.9197207891481876
5a8bd2f95542997f31a41dd2,R@100,1.0
5a8bd43c5542997f31a41dd6,nDCG@10,1.0
5a8bd43c5542997f31a41dd6,R@100,1.0
5a8bd49d5542997f31a41dd7,nDCG@10,0.6131471927654584
5a8bd49d5542997f31a41dd7,R@100,0.5
5a8bd4d65542997f31a41dd8,nDCG@10,0.9197207891481876
5a8bd4d65542997f31a41dd8,R@100,1.0
5a8bd9c95542997f31a41de2,nDCG@10,0.3065735963827292
5a8bd9c95542997f31a41de2,R@100,1.0
5a8bde565542995d1e6f1454,nDCG@10,1.0
5a8bde565542995d1e6f1454,R@100,1.0
5a8be7735542997f31a41df2,nDCG@10,0.6131471927654584
5a8be7735542997f31a41df2,R@100,0.5
5a8be8215542995e66a47518,nDCG@10,0.0
5a8be8215542995e66a47518,R@100,1.0
5a8bf0835542995d1e6f146b,nDCG@10,0.38685280723454163
5a8bf0835542995d1e6f146b,R@100,0.5
5a8bf6cf5542995e66a47525,nDCG@10,0.6131471927654584
5a8bf6cf5542995e66a47525,R@100,0.5
5a8c03415542995e66a4752a,nDCG@10,0.7977228895450266
5a8c03415542995e66a4752a,R@100,1.0
5a8c06bb5542995e66a47530,nDCG@10,0.6131471927654584
5a8c06bb5542995e66a47530,R@100,0.5
5a8c2adc554299240d9c20a9,nDCG@10,0.0
5a8c2adc554299240d9c20a9,R@100,0.5
5a8c2bb4554299240d9c20ac,nDCG@10,0.5912352048230277
5a8c2bb4554299240d9c20ac,R@100,1.0
5a8c2d23554299240d9c20b7,nDCG@10,0.6131471927654584
5a8c2d23554299240d9c20b7,R@100,0.5
5a8c301d554299240d9c20cb,nDCG@10,0.8065735963827293
5a8c301d554299240d9c20cb,R@100,1.0
5a8c30f6554299240d9c20d1,nDCG@10,0.0
5a8c30f6554299240d9c20d1,R@100,0.5
5a8c42445542996e8ac88a3f,nDCG@10,1.0
5a8c42445542996e8ac88a3f,R@100,1.0
5a8c42d7554299240d9c20f5,nDCG@10,0.6131471927654584
5a8c42d7554299240d9c20f5,R@100,0.5
5a8c493e554299653c1aa020,nDCG@10,0.0
5a8c493e554299653c1aa020,R@100,0.5
5a8c49655542995e66a47598,nDCG@10,0.0
5a8c49655542995e66a47598,R@100,0.0
5a8c4c5f554299585d9e3651,nDCG@10,0.9197207891481876
5a8c4c5f554299585d9e3651,R@100,1.0
5a8c4c625542995e66a475a1,nDCG@10,0.6131471927654584
5a8c4c625542995e66a475a1,R@100,1.0
5a8c4ebf554299585d9e365d,nDCG@10,0.0
5a8c4ebf554299585d9e365d,R@100,0.0
5a8c51f0554299240d9c2111,nDCG@10,0.6131471927654584
5a8c51f0554299240d9c2111,R@100,1.0
5a8c52685542995e66a475bb,nDCG@10,0.6131471927654584
5a8c52685542995e66a475bb,R@100,0.5
5a8c5569554299240d9c2126,nDCG@10,0.8503449055347546
5a8c5569554299240d9c2126,R@100,1.0
5a8c5794554299240d9c2131,nDCG@10,0.6131471927654584
5a8c5794554299240d9c2131,R@100,1.0
5a8c5b635542996e8ac88a75,nDCG@10,0.9197207891481876
5a8c5b635542996e8ac88a75,R@100,1.0
5a8c5be0554299653c1aa04b,nDCG@10,0.8503449055347546
5a8c5be0554299653c1aa04b,R@100,1.0
5a8c5bff554299240d9c2139,nDCG@10,0.6131471927654584
5a8c5bff554299240d9c2139,R@100,0.5
5a8c5c6f554299653c1aa04d,nDCG@10,0.3065735963827292
5a8c5c6f554299653c1aa04d,R@100,1.0
5a8c5d3f554299585d9e3675,nDCG@10,0.6131471927654584
5a8c5d3f554299585d9e3675,R@100,0.5
5a8c5eca554299240d9c213d,nDCG@10,0.6131471927654584
5a8c5eca554299240d9c213d,R@100,0.5
5a8c616f5542995e66a475de,nDCG@10,1.0
5a8c616f5542995e66a475de,R@100,1.0
5a8c620c554299240d9c2141,nDCG@10,0.5640920940185894
5a8c620c554299240d9c2141,R@100,1.0
5a8c622a554299240d9c2142,nDCG@10,0.0
5a8c622a554299240d9c2142,R@100,0.0
5a8c62f5554299585d9e367b,nDCG@10,0.0
5a8c62f5554299585d9e367b,R@100,0.5
5a8c6342554299240d9c214a,nDCG@10,0.41443699955334395
5a8c6342554299240d9c214a,R@100,1.0
5a8c65a1554299585d9e3680,nDCG@10,0.8503449055347546
5a8c65a1554299585d9e3680,R@100,1.0
5a8c66db554299585d9e3683,nDCG@10,0.8065735963827293
5a8c66db554299585d9e3683,R@100,1.0
5a8c6bd55542995e66a475ea,nDCG@10,0.8315546295836225
5a8c6bd55542995e66a475ea,R@100,1.0
5a8c6d4e5542996e8ac88aa6,nDCG@10,1.0
5a8c6d4e5542996e8ac88aa6,R@100,1.0
5a8c6ebd5542996e8ac88aa9,nDCG@10,0.7977228895450266
5a8c6ebd5542996e8ac88aa9,R@100,1.0
5a8c7057554299653c1aa066,nDCG@10,0.6131471927654584
5a8c7057554299653c1aa066,R@100,1.0
5a8c7232554299585d9e36a6,nDCG@10,0.6131471927654584
5a8c7232554299585d9e36a6,R@100,0.5
5a8c72545542995e66a475f3,nDCG@10,0.6131471927654584
5a8c72545542995e66a475f3,R@100,1.0
5a8c743e5542996e8ac88ab3,nDCG@10,0.38685280723454163
5a8c743e5542996e8ac88ab3,R@100,1.0
5a8c758d5542995e66a475ff,nDCG@10,1.0
5a8c758d5542995e66a475ff,R@100,1.0
5a8c7595554299585d9e36b6,nDCG@10,0.6131471927654584
5a8c7595554299585d9e36b6,R@100,0.5
5a8c7623554299653c1aa07a,nDCG@10,0.8315546295836225
5a8c7623554299653c1aa07a,R@100,1.0
5a8c7703554299585d9e36b9,nDCG@10,0.2640681225725909
5a8c7703554299585d9e36b9,R@100,1.0
5a8c781c554299653c1aa083,nDCG@10,0.8772153153380493
5a8c781c554299653c1aa083,R@100,1.0
5a8c78a8554299585d9e36bc,nDCG@10,0.6131471927654584
5a8c78a8554299585d9e36bc,R@100,1.0
5a8c7ac2554299653c1aa08e,nDCG@10,1.0
5a8c7ac2554299653c1aa08e,R@100,1.0
5a8c7ced5542995e66a4761c,nDCG@10,1.0
5a8c7ced5542995e66a4761c,R@100,1.0
5a8c8502554299585d9e36d0,nDCG@10,1.0
5a8c8502554299585d9e36d0,R@100,1.0
5a8c87aa554299653c1aa0ac,nDCG@10,0.9197207891481876
5a8c87aa554299653c1aa0ac,R@100,1.0
5a8c8828554299653c1aa0ae,nDCG@10,1.0
5a8c8828554299653c1aa0ae,R@100,1.0
5a8c8f24554299653c1aa0ba,nDCG@10,1.0
5a8c8f24554299653c1aa0ba,R@100,1.0
5a8c90db554299653c1aa0bf,nDCG@10,0.6131471927654584
5a8c90db554299653c1aa0bf,R@100,1.0
5a8c9164554299653c1aa0c1,nDCG@10,0.8503449055347546
5a8c9164554299653c1aa0c1,R@100,1.0
5a8c92dd554299653c1aa0c4,nDCG@10,0.0
5a8c92dd554299653c1aa0c4,R@100,0.5
5a8c9641554299585d9e36f5,nDCG@10,0.6131471927654584
5a8c9641554299585d9e36f5,R@100,0.5
5a8c9e7c554299653c1aa0d1,nDCG@10,1.0
5a8c9e7c554299653c1aa0d1,R@100,1.0
5a8c9fc2554299653c1aa0d4,nDCG@10,0.6131471927654584
5a8c9fc2554299653c1aa0d4,R@100,1.0
5a8ca7d4554299240d9c21b8,nDCG@10,0.6131471927654584
5a8ca7d4554299240d9c21b8,R@100,1.0
5a8cac04554299240d9c21ce,nDCG@10,0.6131471927654584
5a8cac04554299240d9c21ce,R@100,1.0
5a8cacac554299585d9e3716,nDCG@10,1.0
5a8cacac554299585d9e3716,R@100,1.0
5a8cacce554299585d9e3718,nDCG@10,0.6131471927654584
5a8cacce554299585d9e3718,R@100,0.5
5a8caf1d554299585d9e3720,nDCG@10,0.6131471927654584
5a8caf1d554299585d9e3720,R@100,1.0
5a8cb288554299585d9e3726,nDCG@10,0.0
5a8cb288554299585d9e3726,R@100,0.5
5a8cb4b2554299585d9e372a,nDCG@10,0.0
5a8cb4b2554299585d9e372a,R@100,0.5
5a8cbce1554299653c1aa103,nDCG@10,0.6131471927654584
5a8cbce1554299653c1aa103,R@100,0.5
5a8cbda955429941ae14dee5,nDCG@10,0.7903864795495061
5a8cbda955429941ae14dee5,R@100,1.0
5a8cc08455429941ae14deea,nDCG@10,0.6131471927654584
5a8cc08455429941ae14deea,R@100,0.5
5a8cc602554299653c1aa11a,nDCG@10,0.8503449055347546
5a8cc602554299653c1aa11a,R@100,1.0
5a8cc7af554299653c1aa11e,nDCG@10,0.6131471927654584
5a8cc7af554299653c1aa11e,R@100,0.5
5a8cc8c2554299441c6b9efc,nDCG@10,0.0
5a8cc8c2554299441c6b9efc,R@100,0.0
5a8cca64554299653c1aa125,nDCG@10,0.5714285040141098
5a8cca64554299653c1aa125,R@100,1.0
5a8ccceb554299653c1aa128,nDCG@10,0.38685280723454163
5a8ccceb554299653c1aa128,R@100,0.5
5a8ccea555429941ae14deeb,nDCG@10,0.6131471927654584
5a8ccea555429941ae14deeb,R@100,1.0
5a8cd291554299441c6b9f14,nDCG@10,0.6131471927654584
5a8cd291554299441c6b9f14,R@100,0.5
5a8cd381554299653c1aa12b,nDCG@10,0.38685280723454163
5a8cd381554299653c1aa12b,R@100,1.0
5a8cd6de55429941ae14df07,nDCG@10,0.8772153153380493
5a8cd6de55429941ae14df07,R@100,1.0
5a8cdcb0554299441c6b9f33,nDCG@10,0.17723928678404774
5a8cdcb0554299441c6b9f33,R@100,1.0
5a8cddd1554299441c6b9f3a,nDCG@10,0.9197207891481876
5a8cddd1554299441c6b9f3a,R@100,1.0
5a8ce15d554299653c1aa12f,nDCG@10,0.5437713091520254
5a8ce15d554299653c1aa12f,R@100,1.0
5a8ce55f554299441c6b9f62,nDCG@10,1.0
5a8ce55f554299441c6b9f62,R@100,1.0
5a8ce584554299585d9e375c,nDCG@10,0.5912352048230277
5a8ce584554299585d9e375c,R@100,1.0
5a8ce851554299441c6b9f6c,nDCG@10,0.39780880120575696
5a8ce851554299441c6b9f6c,R@100,1.0
5a8ce88c55429941ae14df3b,nDCG@10,0.19342640361727081
5a8ce88c55429941ae14df3b,R@100,1.0
5a8ce9ed554299585d9e3764,nDCG@10,1.0
5a8ce9ed554299585d9e3764,R@100,1.0
5a8cea40554299441c6b9f76,nDCG@10,0.8772153153380493
5a8cea40554299441c6b9f76,R@100,1.0
5a8ceb4955429941ae14df43,nDCG@10,0.6131471927654584
5a8ceb4955429941ae14df43,R@100,0.5
5a8ceb7a554299441c6b9f7b,nDCG@10,0.6131471927654584
5a8ceb7a554299441c6b9f7b,R@100,0.5
5a8cec13554299441c6b9f7d,nDCG@10,0.6131471927654584
5a8cec13554299441c6b9f7d,R@100,1.0
5a8ced46554299441c6b9f82,nDCG@10,0.6131471927654584
5a8ced46554299441c6b9f82,R@100,0.5
5a8ceddb554299441c6b9f85,nDCG@10,0.6131471927654584
5a8ceddb554299441c6b9f85,R@100,1.0
5a8cee9b554299441c6b9f87,nDCG@10,1.0
5a8cee9b554299441c6b9f87,R@100,1.0
5a8cefc155429941ae14df55,nDCG@10,0.0
5a8cefc155429941ae14df55,R@100,0.0
5a8cf064554299585d9e3775,nDCG@10,1.0
5a8cf064554299585d9e3775,R@100,1.0
5a8cfa2e554299585d9e378b,nDCG@10,0.6131471927654584
5a8cfa2e554299585d9e378b,R@100,0.5
5a8cfee555429941ae14df5c,nDCG@10,0.6131471927654584
5a8cfee555429941ae14df5c,R@100,1.0
5a8d02cc554299441c6b9fb6,nDCG@10,0.6131471927654584
5a8d02cc554299441c6b9fb6,R@100,0.5
5a8d08ee55429941ae14df70,nDCG@10,0.0
5a8d08ee55429941ae14df70,R@100,1.0
5a8d0940554299585d9e379e,nDCG@10,1.0
5a8d0940554299585d9e379e,R@100,1.0
5a8d09a955429941ae14df71,nDCG@10,0.38685280723454163
5a8d09a955429941ae14df71,R@100,0.5
5a8d0be85542994ba4e3dbb2,nDCG@10,0.6131471927654584
5a8d0be85542994ba4e3dbb2,R@100,1.0
5a8d0c1b5542994ba4e3dbb3,nDCG@10,1.0
5a8d0c1b5542994ba4e3dbb3,R@100,1.0
5a8d0c74554299585d9e37a1,nDCG@10,0.6131471927654584
5a8d0c74554299585d9e37a1,R@100,0.5
5a8d0d7b55429941ae14df79,nDCG@10,0.6131471927654584
5a8d0d7b55429941ae14df79,R@100,1.0
5a8d0e305542994ba4e3dbbe,nDCG@10,0.6131471927654584
5a8d0e305542994ba4e3dbbe,R@100,1.0
5a8d0e4e5542994ba4e3dbbf,nDCG@10,0.6131471927654584
5a8d0e4e5542994ba4e3dbbf,R@100,0.5
5a8d0efd5542994ba4e3dbc6,nDCG@10,0.6131471927654584
5a8d0efd5542994ba4e3dbc6,R@100,1.0
5a8d12ca5542994ba4e3dbe2,nDCG@10,0.6131471927654584
5a8d12ca5542994ba4e3dbe2,R@100,0.5
5a8d18fb5542994ba4e3dbf2,nDCG@10,0.5640920940185894
5a8d18fb5542994ba4e3dbf2,R@100,1.0
5a8d1f015542994ba4e3dc08,nDCG@10,0.23719771276929622
5a8d1f015542994ba4e3dc08,R@100,0.5
5a8d227a554299585d9e37b1,nDCG@10,0.38685280723454163
5a8d227a554299585d9e37b1,R@100,0.5
5a8d263f554299653c1aa139,nDCG@10,0.38685280723454163
5a8d263f554299653c1aa139,R@100,0.5
5a8d40585542994ba4e3dc39,nDCG@10,0.6131471927654584
5a8d40585542994ba4e3dc39,R@100,0.5
5a8d40715542994ba4e3dc3a,nDCG@10,1.0
5a8d40715542994ba4e3dc3a,R@100,1.0
5a8d427f5542994ba4e3dc41,nDCG@10,0.6131471927654584
5a8d427f5542994ba4e3dc41,R@100,0.5
5a8d42c95542994ba4e3dc43,nDCG@10,1.0
5a8d42c95542994ba4e3dc43,R@100,1.0
5a8d4cf35542994ba4e3dc5f,nDCG@10,0.0
5a8d4cf35542994ba4e3dc5f,R@100,0.5
5a8d4fbf5542994ba4e3dc68,nDCG@10,0.6131471927654584
5a8d4fbf5542994ba4e3dc68,R@100,0.5
5a8d50fb55429941ae14dfa2,nDCG@10,0.8315546295836225
5a8d50fb55429941ae14dfa2,R@100,1.0
5a8d51355542994ba4e3dc6b,nDCG@10,1.0
5a8d51355542994ba4e3dc6b,R@100,1.0
5a8d5ec2554299585d9e37c4,nDCG@10,1.0
5a8d5ec2554299585d9e37c4,R@100,1.0
5a8d5f16554299585d9e37c5,nDCG@10,1.0
5a8d5f16554299585d9e37c5,R@100,1.0
5a8d5fc6554299585d9e37c6,nDCG@10,0.8772153153380493
5a8d5fc6554299585d9e37c6,R@100,1.0
5a8d64305542994ba4e3dc80,nDCG@10,1.0
5a8d64305542994ba4e3dc80,R@100,1.0
5a8d651955429941ae14dfaf,nDCG@10,1.0
5a8d651955429941ae14dfaf,R@100,1.0
5a8d6d4e554299441c6b9fdb,nDCG@10,1.0
5a8d6d4e554299441c6b9fdb,R@100,1.0
5a8d75f35542994ba4e3dc8b,nDCG@10,1.0
5a8d75f35542994ba4e3dc8b,R@100,1.0
5a8d77525542994ba4e3dc90,nDCG@10,0.6131471927654584
5a8d77525542994ba4e3dc90,R@100,0.5
5a8d7a8d55429941ae14dfc2,nDCG@10,0.9197207891481876
5a8d7a8d55429941ae14dfc2,R@100,1.0
5a8d7b1755429941ae14dfc6,nDCG@10,0.38685280723454163
5a8d7b1755429941ae14dfc6,R@100,0.5
5a8d7e1055429941ae14dfd8,nDCG@10,1.0
5a8d7e1055429941ae14dfd8,R@100,1.0
5a8d7edc55429941ae14dfdc,nDCG@10,0.8772153153380493
5a8d7edc55429941ae14dfdc,R@100,1.0
5a8d7f2b554299068b959d0c,nDCG@10,0.6131471927654584
5a8d7f2b554299068b959d0c,R@100,1.0
5a8d838955429941ae14dfe5,nDCG@10,0.6131471927654584
5a8d838955429941ae14dfe5,R@100,1.0
5a8d841955429941ae14dfe6,nDCG@10,0.6131471927654584
5a8d841955429941ae14dfe6,R@100,0.5
5a8d8abf5542994ba4e3dca1,nDCG@10,0.8503449055347546
5a8d8abf5542994ba4e3dca1,R@100,1.0
5a8d8e4f5542994ba4e3dca7,nDCG@10,1.0
5a8d8e4f5542994ba4e3dca7,R@100,1.0
5a8d8eb5554299068b959d3a,nDCG@10,0.23719771276929622
5a8d8eb5554299068b959d3a,R@100,1.0
5a8d8f77554299068b959d3e,nDCG@10,1.0
5a8d8f77554299068b959d3e,R@100,1.0
5a8d93ad554299653c1aa13d,nDCG@10,0.0
5a8d93ad554299653c1aa13d,R@100,1.0
5a8d93bf554299068b959d46,nDCG@10,0.6131471927654584
5a8d93bf554299068b959d46,R@100,1.0
5a8d9573554299068b959d51,nDCG@10,0.9197207891481876
5a8d9573554299068b959d51,R@100,1.0
5a8d9de2554299068b959d62,nDCG@10,1.0
5a8d9de2554299068b959d62,R@100,1.0
5a8d9e0f554299441c6ba015,nDCG@10,0.5706417189553201
5a8d9e0f554299441c6ba015,R@100,1.0
5a8d9f35554299441c6ba018,nDCG@10,0.6131471927654584
5a8d9f35554299441c6ba018,R@100,0.5
5a8da0b85542994ba4e3dcd3,nDCG@10,0.9197207891481876
5a8da0b85542994ba4e3dcd3,R@100,1.0
5a8da1815542994ba4e3dcd7,nDCG@10,0.6131471927654584
5a8da1815542994ba4e3dcd7,R@100,0.5
5a8da2b05542994ba4e3dcdc,nDCG@10,1.0
5a8da2b05542994ba4e3dcdc,R@100,1.0
5a8da70a5542994ba4e3dcea,nDCG@10,0.6131471927654584
5a8da70a5542994ba4e3dcea,R@100,1.0
5a8da81e554299068b959d7e,nDCG@10,0.8772153153380493
5a8da81e554299068b959d7e,R@100,1.0
5a8da97c554299068b959d84,nDCG@10,0.6131471927654584
5a8da97c554299068b959d84,R@100,0.5
5a8dab16554299068b959d89,nDCG@10,1.0
5a8dab16554299068b959d89,R@100,1.0
5a8dacf2554299068b959d91,nDCG@10,0.6131471927654584
5a8dacf2554299068b959d91,R@100,0.5
5a8dad37554299068b959d94,nDCG@10,0.6131471927654584
5a8dad37554299068b959d94,R@100,1.0
5a8dae82554299068b959d99,nDCG@10,0.6131471927654584
5a8dae82554299068b959d99,R@100,0.5
5a8dafbd554299068b959da0,nDCG@10,0.6131471927654584
5a8dafbd554299068b959da0,R@100,0.5
5a8db19d5542994ba4e3dd00,nDCG@10,0.0
5a8db19d5542994ba4e3dd00,R@100,0.0
5a8db2105542994ba4e3dd04,nDCG@10,0.6131471927654584
5a8db2105542994ba4e3dd04,R@100,0.5
5a8db348554299068b959dc2,nDCG@10,0.6131471927654584
5a8db348554299068b959dc2,R@100,0.5
5a8db42f5542994ba4e3dd11,nDCG@10,0.6131471927654584
5a8db42f5542994ba4e3dd11,R@100,1.0
5a8db788554299653c1aa145,nDCG@10,0.23719771276929622
5a8db788554299653c1aa145,R@100,1.0
5a8db916554299441c6ba057,nDCG@10,0.21840743681816419
5a8db916554299441c6ba057,R@100,0.5
5a8db9b3554299068b959dde,nDCG@10,1.0
5a8db9b3554299068b959dde,R@100,1.0
5a8dbc8b554299441c6ba077,nDCG@10,0.19342640361727081
5a8dbc8b554299441c6ba077,R@100,1.0
5a8dcbc0554299068b959df4,nDCG@10,0.8175295903539445
5a8dcbc0554299068b959df4,R@100,1.0
5a8dce155542994ba4e3dd24,nDCG@10,0.6131471927654584
5a8dce155542994ba4e3dd24,R@100,0.5
5a8dd13055429917b4a5bcba,nDCG@10,0.7903864795495061
5a8dd13055429917b4a5bcba,R@100,1.0
5a8dd47c5542995a26add3fa,nDCG@10,0.6131471927654584
5a8dd47c5542995a26add3fa,R@100,1.0
5a8dd5b855429917b4a5bcc6,nDCG@10,0.0
5a8dd5b855429917b4a5bcc6,R@100,0.5
5a8dd5f955429917b4a5bcc7,nDCG@10,0.6131471927654584
5a8dd5f955429917b4a5bcc7,R@100,0.5
5a8dd9d25542995a26add420,nDCG@10,0.38685280723454163
5a8dd9d25542995a26add420,R@100,1.0
5a8dde01554299653c1aa159,nDCG@10,0.7903864795495061
5a8dde01554299653c1aa159,R@100,1.0
5a8de02b554299068b959e13,nDCG@10,1.0
5a8de02b554299068b959e13,R@100,1.0
5a8de4595542995085b37348,nDCG@10,0.0
5a8de4595542995085b37348,R@100,0.5
5a8de5d55542995085b3734d,nDCG@10,0.0
5a8de5d55542995085b3734d,R@100,0.5
5a8de7c65542995085b37353,nDCG@10,0.6131471927654584
5a8de7c65542995085b37353,R@100,0.5
5a8dee2455429917b4a5bce1,nDCG@10,0.6131471927654584
5a8dee2455429917b4a5bce1,R@100,0.5
5a8df1a65542995085b3735f,nDCG@10,1.0
5a8df1a65542995085b3735f,R@100,1.0
5a8df72055429917b4a5bcf2,nDCG@10,1.0
5a8df72055429917b4a5bcf2,R@100,1.0
5a8dfae55542995085b3736b,nDCG@10,0.9197207891481876
5a8dfae55542995085b3736b,R@100,1.0
5a8dff3f5542995085b37370,nDCG@10,0.6131471927654584
5a8dff3f5542995085b37370,R@100,0.5
5a8e00515542995a26add454,nDCG@10,0.0
5a8e00515542995a26add454,R@100,0.5
5a8e024f5542995085b37375,nDCG@10,0.6131471927654584
5a8e024f5542995085b37375,R@100,0.5
5a8e03375542995a26add458,nDCG@10,0.6131471927654584
5a8e03375542995a26add458,R@100,0.5
5a8e0370554299068b959e2d,nDCG@10,1.0
5a8e0370554299068b959e2d,R@100,1.0
5a8e06785542995085b37383,nDCG@10,1.0
5a8e06785542995085b37383,R@100,1.0
5a8e068b5542995085b37384,nDCG@10,0.0
5a8e068b5542995085b37384,R@100,1.0
5a8e07185542995085b37389,nDCG@10,0.0
5a8e07185542995085b37389,R@100,0.5
5a8e07b25542995085b3738d,nDCG@10,1.0
5a8e07b25542995085b3738d,R@100,1.0
5a8e08ab5542995085b37393,nDCG@10,0.6131471927654584
5a8e08ab5542995085b37393,R@100,0.5
5a8e08d35542995085b37395,nDCG@10,0.6131471927654584
5a8e08d35542995085b37395,R@100,0.5
5a8e0a005542995085b373a1,nDCG@10,0.6131471927654584
5a8e0a005542995085b373a1,R@100,0.5
5a8e0b7f5542995085b373ae,nDCG@10,0.8175295903539445
5a8e0b7f5542995085b373ae,R@100,1.0
5a8e0c595542995085b373b0,nDCG@10,0.6131471927654584
5a8e0c595542995085b373b0,R@100,0.5
5a8e0cb85542995085b373b2,nDCG@10,0.6131471927654584
5a8e0cb85542995085b373b2,R@100,1.0
5a8e0d04554299068b959e3a,nDCG@10,0.8315546295836225
5a8e0d04554299068b959e3a,R@100,1.0
5a8e0dbd554299068b959e3e,nDCG@10,0.6131471927654584
5a8e0dbd554299068b959e3e,R@100,0.5
5a8e1027554299653c1aa15f,nDCG@10,0.0
5a8e1027554299653c1aa15f,R@100,0.5
5a8e1577554299068b959e54,nDCG@10,0.8175295903539445
5a8e1577554299068b959e54,R@100,1.0
5a8e16a5554299068b959e58,nDCG@10,1.0
5a8e16a5554299068b959e58,R@100,1.0
5a8e17ce554299653c1aa169,nDCG@10,0.8503449055347546
5a8e17ce554299653c1aa169,R@100,1.0
5a8e2147554299068b959e67,nDCG@10,0.6131471927654584
5a8e2147554299068b959e67,R@100,1.0
5a8e276b5542995a26add468,nDCG@10,0.8772153153380493
5a8e276b5542995a26add468,R@100,1.0
5a8e27d45542995a26add46a,nDCG@10,1.0
5a8e27d45542995a26add46a,R@100,1.0
5a8e296f554299068b959e71,nDCG@10,0.0
5a8e296f554299068b959e71,R@100,0.0
5a8e2ba05542995085b373b8,nDCG@10,1.0
5a8e2ba05542995085b373b8,R@100,1.0
5a8e2fe95542995085b373d0,nDCG@10,0.18457569677956817
5a8e2fe95542995085b373d0,R@100,0.5
5a8e32d35542995a26add480,nDCG@10,0.6131471927654584
5a8e32d35542995a26add480,R@100,0.5
5a8e341c5542995085b373d6,nDCG@10,0.38685280723454163
5a8e341c5542995085b373d6,R@100,1.0
5a8e36835542995085b373e2,nDCG@10,1.0
5a8e36835542995085b373e2,R@100,1.0
5a8e39475542995085b373f1,nDCG@10,0.8065735963827293
5a8e39475542995085b373f1,R@100,1.0
5a8e3dc05542995085b37401,nDCG@10,0.6131471927654584
5a8e3dc05542995085b37401,R@100,1.0
5a8e3e9b5542995085b37402,nDCG@10,0.6131471927654584
5a8e3e9b5542995085b37402,R@100,0.5
5a8e3ea95542995a26add48d,nDCG@10,0.6131471927654584
5a8e3ea95542995a26add48d,R@100,0.5
5a8e3ed7554299068b959e82,nDCG@10,0.6131471927654584
5a8e3ed7554299068b959e82,R@100,1.0
5a8e3f2d5542995a26add48f,nDCG@10,0.6131471927654584
5a8e3f2d5542995a26add48f,R@100,0.5
5a8e40f65542995a26add498,nDCG@10,0.8315546295836225
5a8e40f65542995a26add498,R@100,1.0
5a8e41735542995085b37406,nDCG@10,0.6131471927654584
5a8e41735542995085b37406,R@100,0.5
5a8e42d15542995a26add4a6,nDCG@10,0.3065735963827292
5a8e42d15542995a26add4a6,R@100,1.0
5a8e43455542990e94052aa1,nDCG@10,1.0
5a8e43455542990e94052aa1,R@100,1.0
5a8e463a5542995a26add4b7,nDCG@10,0.8772153153380493
5a8e463a5542995a26add4b7,R@100,1.0
5a8e482c5542995a26add4c3,nDCG@10,1.0
5a8e482c5542995a26add4c3,R@100,1.0
5a8e494e5542995a26add4c8,nDCG@10,0.9197207891481876
5a8e494e5542995a26add4c8,R@100,1.0
5a8e4a7355429917b4a5bd80,nDCG@10,0.6131471927654584
5a8e4a7355429917b4a5bd80,R@100,1.0
5a8e4b7c5542990e94052ab7,nDCG@10,0.9197207891481876
5a8e4b7c5542990e94052ab7,R@100,1.0
5a8e4d9855429917b4a5bd8d,nDCG@10,0.6131471927654584
5a8e4d9855429917b4a5bd8d,R@100,1.0
5a8e4e7855429917b4a5bd92,nDCG@10,1.0
5a8e4e7855429917b4a5bd92,R@100,1.0
5a8e5a635542990e94052ae4,nDCG@10,0.6131471927654584
5a8e5a635542990e94052ae4,R@100,0.5
5a8e5f1f5542995a26add4d6,nDCG@10,1.0
5a8e5f1f5542995a26add4d6,R@100,1.0
5a8e60ca5542995a26add4d9,nDCG@10,1.0
5a8e60ca5542995a26add4d9,R@100,1.0
5a8e61165542995085b3741a,nDCG@10,0.6131471927654584
5a8e61165542995085b3741a,R@100,0.5
5a8e612b5542995085b3741b,nDCG@10,0.6131471927654584
5a8e612b5542995085b3741b,R@100,0.5
5a8e63d65542995085b37421,nDCG@10,0.3065735963827292
5a8e63d65542995085b37421,R@100,0.5
5a8e68b15542995085b3742d,nDCG@10,0.6131471927654584
5a8e68b15542995085b3742d,R@100,0.5
5a8e69565542990e94052afb,nDCG@10,0.6131471927654584
5a8e69565542990e94052afb,R@100,1.0
5a8e7c095542990e94052b22,nDCG@10,0.9197207891481876
5a8e7c095542990e94052b22,R@100,1.0
5a8e82ff5542995a26add4e2,nDCG@10,0.6131471927654584
5a8e82ff5542995a26add4e2,R@100,1.0
5a8e83545542990e94052b28,nDCG@10,0.6131471927654584
5a8e83545542990e94052b28,R@100,0.5
5a8e8af55542990e94052b3f,nDCG@10,0.6131471927654584
5a8e8af55542990e94052b3f,R@100,1.0
5a8e8bed5542990e94052b47,nDCG@10,0.20438239758848611
5a8e8bed5542990e94052b47,R@100,1.0
5a8e8d665542995085b3744e,nDCG@10,0.6131471927654584
5a8e8d665542995085b3744e,R@100,0.5
5a8e8f6f5542995085b37451,nDCG@10,0.9197207891481876
5a8e8f6f5542995085b37451,R@100,1.0
5a8e92b55542995085b37458,nDCG@10,0.6131471927654584
5a8e92b55542995085b37458,R@100,0.5
5a8e942b5542995085b3745c,nDCG@10,0.6131471927654584
5a8e942b5542995085b3745c,R@100,0.5
5a8ea03e5542990e94052b81,nDCG@10,0.6131471927654584
5a8ea03e5542990e94052b81,R@100,0.5
5a8ea7f25542995085b37468,nDCG@10,0.0
5a8ea7f25542995085b37468,R@100,0.5
5a8eaa74554299068b959e88,nDCG@10,0.6131471927654584
5a8eaa74554299068b959e88,R@100,0.5
5a8eabf755429917b4a5bdaa,nDCG@10,0.6131471927654584
5a8eabf755429917b4a5bdaa,R@100,0.5
5a8eb4d65542990e94052b82,nDCG@10,0.9197207891481876
5a8eb4d65542990e94052b82,R@100,1.0
5a8eb51655429917b4a5bdb5,nDCG@10,0.6131471927654584
5a8eb51655429917b4a5bdb5,R@100,1.0
5a8eb63455429917b4a5bdb7,nDCG@10,0.6131471927654584
5a8eb63455429917b4a5bdb7,R@100,0.5
5a8ec02e5542995a26add501,nDCG@10,0.5714285040141098
5a8ec02e5542995a26add501,R@100,1.0
5a8ec3205542995a26add506,nDCG@10,0.38685280723454163
5a8ec3205542995a26add506,R@100,0.5
5a8ec4875542995a26add508,nDCG@10,0.6131471927654584
5a8ec4875542995a26add508,R@100,0.5
5a8ec55f5542995a26add50c,nDCG@10,0.3065735963827292
5a8ec55f5542995a26add50c,R@100,0.5
5a8ec6fd55429917b4a5bdc1,nDCG@10,0.6131471927654584
5a8ec6fd55429917b4a5bdc1,R@100,0.5
5a8ec7cc5542995a26add518,nDCG@10,0.0
5a8ec7cc5542995a26add518,R@100,0.5
5a8ece2e5542995085b37497,nDCG@10,0.38685280723454163
5a8ece2e5542995085b37497,R@100,0.5
5a8ed10b5542995085b374a0,nDCG@10,0.8772153153380493
5a8ed10b5542995085b374a0,R@100,1.0
5a8ed30655429917b4a5bdcd,nDCG@10,1.0
5a8ed30655429917b4a5bdcd,R@100,1.0
5a8ed7b455429917b4a5bdd1,nDCG@10,0.38685280723454163
5a8ed7b455429917b4a5bdd1,R@100,0.5
5a8ed87955429917b4a5bdd2,nDCG@10,0.0
5a8ed87955429917b4a5bdd2,R@100,0.5
5a8ed8b955429917b4a5bdd3,nDCG@10,0.6131471927654584
5a8ed8b955429917b4a5bdd3,R@100,0.5
5a8edb5c55429917b4a5bde9,nDCG@10,0.6131471927654584
5a8edb5c55429917b4a5bde9,R@100,0.5
5a8edb7f55429917b4a5bdeb,nDCG@10,0.8175295903539445
5a8edb7f55429917b4a5bdeb,R@100,1.0
5a8ee02955429917b4a5bdfa,nDCG@10,0.8065735963827293
5a8ee02955429917b4a5bdfa,R@100,1.0
5a8ee2855542995a26add550,nDCG@10,0.8175295903539445
5a8ee2855542995a26add550,R@100,1.0
5a8ee3a755429917b4a5be02,nDCG@10,1.0
5a8ee3a755429917b4a5be02,R@100,1.0
5a8ee4315542990e94052ba7,nDCG@10,0.8315546295836225
5a8ee4315542990e94052ba7,R@100,1.0
5a8ee6145542990e94052bab,nDCG@10,0.6131471927654584
5a8ee6145542990e94052bab,R@100,1.0
5a8ee6915542990e94052bad,nDCG@10,0.18457569677956817
5a8ee6915542990e94052bad,R@100,1.0
5a8ee7c95542990e94052bb1,nDCG@10,0.38685280723454163
5a8ee7c95542990e94052bb1,R@100,0.5
5a8eea4a5542990e94052bb7,nDCG@10,0.6131471927654584
5a8eea4a5542990e94052bb7,R@100,1.0
5a8eed625542995085b374b9,nDCG@10,0.6131471927654584
5a8eed625542995085b374b9,R@100,0.5
5a8ef1e35542995a26add57a,nDCG@10,0.6131471927654584
5a8ef1e35542995a26add57a,R@100,0.5
5a8ef2a75542995a26add583,nDCG@10,0.6131471927654584
5a8ef2a75542995a26add583,R@100,1.0
5a8efb5a55429918e830d172,nDCG@10,0.5912352048230277
5a8efb5a55429918e830d172,R@100,1.0
5a8efba955429918e830d173,nDCG@10,0.5
5a8efba955429918e830d173,R@100,1.0
5a8efef05542997ba9cb3178,nDCG@10,0.6131471927654584
5a8efef05542997ba9cb3178,R@100,0.5
5a8effb55542997ba9cb317f,nDCG@10,0.38685280723454163
5a8effb55542997ba9cb317f,R@100,0.5
5a8f03855542997ba9cb3186,nDCG@10,1.0
5a8f03855542997ba9cb3186,R@100,1.0
5a8f05b1554299458435d517,nDCG@10,0.6131471927654584
5a8f05b1554299458435d517,R@100,1.0
5a8f06075542995b44241f2d,nDCG@10,0.8503449055347546
5a8f06075542995b44241f2d,R@100,1.0
5a8f077b554299458435d526,nDCG@10,0.38685280723454163
5a8f077b554299458435d526,R@100,0.5
5a8f0796554299458435d528,nDCG@10,1.0
5a8f0796554299458435d528,R@100,1.0
5a8f08c2554299458435d530,nDCG@10,1.0
5a8f08c2554299458435d530,R@100,1.0
5a8f08c2554299458435d531,nDCG@10,0.6131471927654584
5a8f08c2554299458435d531,R@100,0.5
5a8f0986554299458435d535,nDCG@10,0.6131471927654584
5a8f0986554299458435d535,R@100,0.5
5a8f0a01554299458435d539,nDCG@10,0.6509209298071326
5a8f0a01554299458435d539,R@100,1.0
5a8f0de35542995b44241f40,nDCG@10,0.6131471927654584
5a8f0de35542995b44241f40,R@100,1.0
5a8f122955429918e830d17f,nDCG@10,0.0
5a8f122955429918e830d17f,R@100,0.5
5a8f12705542997ba9cb31be,nDCG@10,0.8503449055347546
5a8f12705542997ba9cb31be,R@100,1.0
5a8f137355429918e830d180,nDCG@10,0.6131471927654584
5a8f137355429918e830d180,R@100,0.5
5a8f13d55542997ba9cb31c9,nDCG@10,1.0
5a8f13d55542997ba9cb31c9,R@100,1.0
5a8f141e55429918e830d181,nDCG@10,0.0
5a8f141e55429918e830d181,R@100,0.5
5a8f155e554299458435d54c,nDCG@10,0.6131471927654584
5a8f155e554299458435d54c,R@100,0.5
5a8f157e554299458435d54d,nDCG@10,0.6131471927654584
5a8f157e554299458435d54d,R@100,0.5
5a8f15d2554299458435d551,nDCG@10,0.6131471927654584
5a8f15d2554299458435d551,R@100,0.5
5a8f15ec554299458435d552,nDCG@10,0.9197207891481876
5a8f15ec554299458435d552,R@100,1.0
5a8f1672554299458435d558,nDCG@10,0.8503449055347546
5a8f1672554299458435d558,R@100,1.0
5a8f186055429918e830d186,nDCG@10,0.8315546295836225
5a8f186055429918e830d186,R@100,1.0
5a8f18d555429918e830d189,nDCG@10,1.0
5a8f18d555429918e830d189,R@100,1.0
5a8f1adc554299458435d577,nDCG@10,0.3065735963827292
5a8f1adc554299458435d577,R@100,0.5
5a8f1cfa554299458435d581,nDCG@10,0.8065735963827293
5a8f1cfa554299458435d581,R@100,1.0
5a8f21c755429918e830d195,nDCG@10,0.9197207891481876
5a8f21c755429918e830d195,R@100,1.0
5a8f23555542997ba9cb31e3,nDCG@10,0.6131471927654584
5a8f23555542997ba9cb31e3,R@100,0.5
5a8f24cc55429924144829e7,nDCG@10,0.6131471927654584
5a8f24cc55429924144829e7,R@100,1.0
5a8f25175542997ba9cb31ea,nDCG@10,0.6131471927654584
5a8f25175542997ba9cb31ea,R@100,0.5
5a8f25ba55429924144829e9,nDCG@10,1.0
5a8f25ba55429924144829e9,R@100,1.0
5a8f25d755429924144829ea,nDCG@10,1.0
5a8f25d755429924144829ea,R@100,1.0
5a8f25ed5542997ba9cb31f0,nDCG@10,0.0
5a8f25ed5542997ba9cb31f0,R@100,0.0
5a8f2ba155429918e830d1b9,nDCG@10,1.0
5a8f2ba155429918e830d1b9,R@100,1.0
5a8f2cc855429918e830d1be,nDCG@10,0.38685280723454163
5a8f2cc855429918e830d1be,R@100,0.5
5a8f2fed55429918e830d1c7,nDCG@10,0.6131471927654584
5a8f2fed55429918e830d1c7,R@100,0.5
5a8f38fa55429924144829f5,nDCG@10,0.0
5a8f38fa55429924144829f5,R@100,0.5
5a8f43555542992414482a21,nDCG@10,0.6131471927654584
5a8f43555542992414482a21,R@100,0.5
5a8f43795542997ba9cb3204,nDCG@10,0.8503449055347546
5a8f43795542997ba9cb3204,R@100,1.0
5a8f44135542992414482a24,nDCG@10,0.38685280723454163
5a8f44135542992414482a24,R@100,0.5
5a8f45385542997ba9cb320a,nDCG@10,0.6934264036172708
5a8f45385542997ba9cb320a,R@100,1.0
5a8f45ca5542997ba9cb320e,nDCG@10,0.8065735963827293
5a8f45ca5542997ba9cb320e,R@100,1.0
5a8f47785542997ba9cb3217,nDCG@10,0.7977228895450266
5a8f47785542997ba9cb3217,R@100,1.0
5a8f47a55542997ba9cb3219,nDCG@10,0.8503449055347546
5a8f47a55542997ba9cb3219,R@100,1.0
5a8f495c5542997ba9cb3220,nDCG@10,1.0
5a8f495c5542997ba9cb3220,R@100,1.0
5a8f4c8d554299458435d5a3,nDCG@10,0.6131471927654584
5a8f4c8d554299458435d5a3,R@100,0.5
5a8f4d895542992414482a2d,nDCG@10,0.6131471927654584
5a8f4d895542992414482a2d,R@100,0.5
5a8f503c5542992414482a34,nDCG@10,0.2640681225725909
5a8f503c5542992414482a34,R@100,0.5
5a8f51185542992414482a3d,nDCG@10,1.0
5a8f51185542992414482a3d,R@100,1.0
5a8f51695542992414482a3e,nDCG@10,0.2640681225725909
5a8f51695542992414482a3e,R@100,0.5
5a8f5273554299458435d5b1,nDCG@10,0.0
5a8f5273554299458435d5b1,R@100,0.5
5a8f533d5542992414482a4c,nDCG@10,0.6131471927654584
5a8f533d5542992414482a4c,R@100,0.5
5a8f536c5542992414482a4e,nDCG@10,0.6131471927654584
5a8f536c5542992414482a4e,R@100,0.5
5a8f53ad5542992414482a50,nDCG@10,0.6131471927654584
5a8f53ad5542992414482a50,R@100,1.0
5a8f54165542992414482a52,nDCG@10,0.6131471927654584
5a8f54165542992414482a52,R@100,0.5
5a8f541e5542992414482a53,nDCG@10,0.8065735963827293
5a8f541e5542992414482a53,R@100,1.0
5a8f54215542992414482a54,nDCG@10,0.6131471927654584
5a8f54215542992414482a54,R@100,1.0
5a8f55aa554299458435d5bc,nDCG@10,0.6131471927654584
5a8f55aa554299458435d5bc,R@100,0.5
5a8f55f9554299458435d5bd,nDCG@10,0.46845052016107697
5a8f55f9554299458435d5bd,R@100,1.0
5a8f5a185542992414482a71,nDCG@10,0.6131471927654584
5a8f5a185542992414482a71,R@100,0.5
5a8f5b6f554299458435d5e7,nDCG@10,0.6131471927654584
5a8f5b6f554299458435d5e7,R@100,0.5
5a8f5bb45542992414482a77,nDCG@10,0.6131471927654584
5a8f5bb45542992414482a77,R@100,0.5
5a8f5be9554299458435d5ed,nDCG@10,0.6131471927654584
5a8f5be9554299458435d5ed,R@100,1.0
5a8f60175542992414482a90,nDCG@10,0.6131471927654584
5a8f60175542992414482a90,R@100,0.5
5a8f608d5542992414482a94,nDCG@10,0.6131471927654584
5a8f608d5542992414482a94,R@100,0.5
5a8f64605542992414482aaa,nDCG@10,0.6131471927654584
5a8f64605542992414482aaa,R@100,1.0
5a8f64e0554299458435d60b,nDCG@10,0.9197207891481876
5a8f64e0554299458435d60b,R@100,1.0
5a8f68795542992414482ab5,nDCG@10,0.6131471927654584
5a8f68795542992414482ab5,R@100,1.0
5a8f69b55542997ba9cb324f,nDCG@10,0.6131471927654584
5a8f69b55542997ba9cb324f,R@100,0.5
5a8f6a025542992414482ab8,nDCG@10,0.6131471927654584
5a8f6a025542992414482ab8,R@100,0.5
5a8f6b7c5542992414482abc,nDCG@10,0.0
5a8f6b7c5542992414482abc,R@100,0.0
5a8f6e295542992414482ac6,nDCG@10,0.6131471927654584
5a8f6e295542992414482ac6,R@100,0.5
5a8f6fbf5542992414482acd,nDCG@10,0.6131471927654584
5a8f6fbf5542992414482acd,R@100,1.0
5a8f72de5542997ba9cb3266,nDCG@10,0.6131471927654584
5a8f72de5542997ba9cb3266,R@100,0.5
5a8f73455542997ba9cb3269,nDCG@10,0.6131471927654584
5a8f73455542997ba9cb3269,R@100,0.5
5a8f75e6554299458435d635,nDCG@10,0.6131471927654584
5a8f75e6554299458435d635,R@100,0.5
5a8f791c5542992414482ad9,nDCG@10,0.9197207891481876
5a8f791c5542992414482ad9,R@100,1.0
5a8f799d55429918e830d22d,nDCG@10,0.41183384043543503
5a8f799d55429918e830d22d,R@100,1.0
5a8f7a135542992414482adc,nDCG@10,0.6131471927654584
5a8f7a135542992414482adc,R@100,0.5
5a8f7a7055429918e830d230,nDCG@10,0.9197207891481876
5a8f7a7055429918e830d230,R@100,1.0
5a8f7c9a55429918e830d239,nDCG@10,1.0
5a8f7c9a55429918e830d239,R@100,1.0
5a8f7e785542992414482ae6,nDCG@10,0.6131471927654584
5a8f7e785542992414482ae6,R@100,0.5
5a8f812755429918e830d245,nDCG@10,0.8503449055347546
5a8f812755429918e830d245,R@100,1.0
5a8f84505542992414482aef,nDCG@10,0.6131471927654584
5a8f84505542992414482aef,R@100,1.0
5a8f876e5542997ba9cb32a1,nDCG@10,1.0
5a8f876e5542997ba9cb32a1,R@100,1.0
5a8f8c6d5542997ba9cb32b1,nDCG@10,0.9197207891481876
5a8f8c6d5542997ba9cb32b1,R@100,1.0
5a8f8e4d55429918e830d260,nDCG@10,0.6131471927654584
5a8f8e4d55429918e830d260,R@100,0.5
5a8f91c755429918e830d26c,nDCG@10,0.5640920940185894
5a8f91c755429918e830d26c,R@100,1.0
5a8f92fb55429918e830d271,nDCG@10,0.6131471927654584
5a8f92fb55429918e830d271,R@100,1.0
5a8f93f5554299458435d67e,nDCG@10,0.6131471927654584
5a8f93f5554299458435d67e,R@100,0.5
5a8f97305542997ba9cb32e3,nDCG@10,0.6131471927654584
5a8f97305542997ba9cb32e3,R@100,1.0
5a8f979255429918e830d288,nDCG@10,0.0
5a8f979255429918e830d288,R@100,0.5
5a8f9b8c5542997ba9cb32e6,nDCG@10,0.21840743681816419
5a8f9b8c5542997ba9cb32e6,R@100,1.0
5a8f9c3f554299458435d69a,nDCG@10,0.8175295903539445
5a8f9c3f554299458435d69a,R@100,1.0
5a8f9cdb554299458435d69c,nDCG@10,0.8772153153380493
5a8f9cdb554299458435d69c,R@100,1.0
5a8f9dca55429918e830d295,nDCG@10,1.0
5a8f9dca55429918e830d295,R@100,1.0
5a8fa20555429918e830d298,nDCG@10,0.6131471927654584
5a8fa20555429918e830d298,R@100,1.0
5a8fa2955542992414482b11,nDCG@10,0.8503449055347546
5a8fa2955542992414482b11,R@100,1.0
5a8fa32255429918e830d299,nDCG@10,0.6131471927654584
5a8fa32255429918e830d299,R@100,0.5
5a8fa4a5554299458435d6a3,nDCG@10,1.0
5a8fa4a5554299458435d6a3,R@100,1.0
5a8fa4d95542995b4424207b,nDCG@10,1.0
5a8fa4d95542995b4424207b,R@100,1.0
5a8fa89c55429918e830d29f,nDCG@10,0.6131471927654584
5a8fa89c55429918e830d29f,R@100,0.5
5a8fab8c5542995b4424208a,nDCG@10,0.0
5a8fab8c5542995b4424208a,R@100,0.0
5a8fae205542997ba9cb32ec,nDCG@10,0.6131471927654584
5a8fae205542997ba9cb32ec,R@100,0.5
5a8fb0be5542997ba9cb32ed,nDCG@10,0.6131471927654584
5a8fb0be5542997ba9cb32ed,R@100,0.5
5a8fb3af5542997ba9cb32ee,nDCG@10,0.6131471927654584
5a8fb3af5542997ba9cb32ee,R@100,0.5
5a8fb5905542997ba9cb32f6,nDCG@10,0.6131471927654584
5a8fb5905542997ba9cb32f6,R@100,1.0
5a8fb65d5542997ba9cb32fa,nDCG@10,1.0
5a8fb65d5542997ba9cb32fa,R@100,1.0
5a8fbfcd5542997ba9cb3316,nDCG@10,0.6131471927654584
5a8fbfcd5542997ba9cb3316,R@100,0.5
5a8fc0065542997ba9cb3318,nDCG@10,0.23719771276929622
5a8fc0065542997ba9cb3318,R@100,0.5
5a8fc3b155429933b8a20454,nDCG@10,0.8175295903539445
5a8fc3b155429933b8a20454,R@100,1.0
5a8fd9ac5542990a98493570,nDCG@10,0.6131471927654584
5a8fd9ac5542990a98493570,R@100,1.0
5a8fdb955542990a98493572,nDCG@10,0.6131471927654584
5a8fdb955542990a98493572,R@100,0.5
5a8fdd9c55429916514e73de,nDCG@10,0.6934264036172708
5a8fdd9c55429916514e73de,R@100,1.0
5a8febb555429916514e73e4,nDCG@10,0.2640681225725909
5a8febb555429916514e73e4,R@100,0.5
5a8ff6635542995651fb5086,nDCG@10,1.0
5a8ff6635542995651fb5086,R@100,1.0
5a8ff69655429916514e73f1,nDCG@10,0.18457569677956817
5a8ff69655429916514e73f1,R@100,1.0
5a8ff83c55429916514e73f3,nDCG@10,0.8315546295836225
5a8ff83c55429916514e73f3,R@100,1.0
5a8ffd705542995651fb5096,nDCG@10,0.6131471927654584
5a8ffd705542995651fb5096,R@100,0.5
5a900b575542995b44242099,nDCG@10,0.9197207891481876
5a900b575542995b44242099,R@100,1.0
5a901b985542995651fb50b0,nDCG@10,0.6131471927654584
5a901b985542995651fb50b0,R@100,0.5
5a901d6c5542995651fb50bd,nDCG@10,0.8065735963827293
5a901d6c5542995651fb50bd,R@100,1.0
5a901e5c55429933b8a2047c,nDCG@10,0.6131471927654584
5a901e5c55429933b8a2047c,R@100,0.5
5a901f735542990a98493591,nDCG@10,0.0
5a901f735542990a98493591,R@100,0.5
5a90206155429933b8a20481,nDCG@10,1.0
5a90206155429933b8a20481,R@100,1.0
5a90213255429933b8a20482,nDCG@10,0.21840743681816419
5a90213255429933b8a20482,R@100,0.5
5a9023d355429916514e742f,nDCG@10,0.6131471927654584
5a9023d355429916514e742f,R@100,0.5
5a902d5155429933b8a2048d,nDCG@10,0.48247555939075504
5a902d5155429933b8a2048d,R@100,1.0
5a902e755542995651fb50de,nDCG@10,0.6131471927654584
5a902e755542995651fb50de,R@100,0.5
5a9030ef5542995651fb50e4,nDCG@10,0.3065735963827292
5a9030ef5542995651fb50e4,R@100,0.5
5a90362f55429933b8a2049d,nDCG@10,0.9197207891481876
5a90362f55429933b8a2049d,R@100,1.0
5a90386455429916514e7435,nDCG@10,0.6131471927654584
5a90386455429916514e7435,R@100,1.0
5a903b7255429933b8a204ae,nDCG@10,1.0
5a903b7255429933b8a204ae,R@100,1.0
5a903b7f55429933b8a204af,nDCG@10,0.23719771276929622
5a903b7f55429933b8a204af,R@100,0.5
5a9042825542990a984935d6,nDCG@10,0.6131471927654584
5a9042825542990a984935d6,R@100,1.0
5a90485755429933b8a204d2,nDCG@10,1.0
5a90485755429933b8a204d2,R@100,1.0
5a90492655429933b8a204d8,nDCG@10,0.8175295903539445
5a90492655429933b8a204d8,R@100,1.0
5a904b0c5542995651fb510e,nDCG@10,0.38685280723454163
5a904b0c5542995651fb510e,R@100,0.5
5a904f6355429916514e746e,nDCG@10,0.6131471927654584
5a904f6355429916514e746e,R@100,0.5
5a90503755429916514e7470,nDCG@10,0.0
5a90503755429916514e7470,R@100,0.5
5a9051615542995651fb5136,nDCG@10,1.0
5a9051615542995651fb5136,R@100,1.0
5a9051d955429916514e7474,nDCG@10,0.3065735963827292
5a9051d955429916514e7474,R@100,1.0
5a9052765542995651fb513d,nDCG@10,0.0
5a9052765542995651fb513d,R@100,1.0
5a9057795542990a984935f7,nDCG@10,0.3065735963827292
5a9057795542990a984935f7,R@100,0.5
5a90580655429933b8a204ef,nDCG@10,0.17723928678404774
5a90580655429933b8a204ef,R@100,0.5
5a9058e655429916514e747e,nDCG@10,0.6131471927654584
5a9058e655429916514e747e,R@100,1.0
5a905cea55429933b8a204f4,nDCG@10,0.0
5a905cea55429933b8a204f4,R@100,0.5
5a905d085542995651fb5147,nDCG@10,0.6131471927654584
5a905d085542995651fb5147,R@100,0.5
5a905f2a55429933b8a204fb,nDCG@10,0.8772153153380493
5a905f2a55429933b8a204fb,R@100,1.0
5a90605d5542995651fb514d,nDCG@10,0.0
5a90605d5542995651fb514d,R@100,0.5
5a90629855429916514e749e,nDCG@10,0.0
5a90629855429916514e749e,R@100,0.5
5a9064c755429916514e74a6,nDCG@10,0.8772153153380493
5a9064c755429916514e74a6,R@100,1.0
5a9064d05542990a9849360f,nDCG@10,0.17723928678404774
5a9064d05542990a9849360f,R@100,0.5
5a9068075542990a9849361a,nDCG@10,0.0
5a9068075542990a9849361a,R@100,1.0
5a9068a95542990a98493621,nDCG@10,0.8315546295836225
5a9068a95542990a98493621,R@100,1.0
5a9068f85542990a98493623,nDCG@10,1.0
5a9068f85542990a98493623,R@100,1.0
5a90692f5542990a98493625,nDCG@10,1.0
5a90692f5542990a98493625,R@100,1.0
5a906a685542990a9849362e,nDCG@10,0.6131471927654584
5a906a685542990a9849362e,R@100,0.5
5a906c795542990a98493640,nDCG@10,0.6131471927654584
5a906c795542990a98493640,R@100,0.5
5a906f9f5542995b442420b3,nDCG@10,0.3065735963827292
5a906f9f5542995b442420b3,R@100,1.0
5a9070dd5542995b442420b5,nDCG@10,1.0
5a9070dd5542995b442420b5,R@100,1.0
5a90719b5542995b442420b7,nDCG@10,0.6131471927654584
5a90719b5542995b442420b7,R@100,0.5
5a9072dd5542990a98493656,nDCG@10,0.9197207891481876
5a9072dd5542990a98493656,R@100,1.0
5a9073405542995b442420bb,nDCG@10,0.0
5a9073405542995b442420bb,R@100,1.0
5a90740a5542990a98493658,nDCG@10,0.6131471927654584
5a90740a5542990a98493658,R@100,0.5
5a907bf05542995651fb5164,nDCG@10,0.9197207891481876
5a907bf05542995651fb5164,R@100,1.0
5a907d1855429933b8a2052a,nDCG@10,0.6131471927654584
5a907d1855429933b8a2052a,R@100,0.5
5a9080275542995651fb5175,nDCG@10,0.9197207891481876
5a9080275542995651fb5175,R@100,1.0
5a90843c5542995651fb517e,nDCG@10,0.6131471927654584
5a90843c5542995651fb517e,R@100,0.5
5a9084e75542990a98493667,nDCG@10,0.6131471927654584
5a9084e75542990a98493667,R@100,1.0
5a9087ac5542990a98493668,nDCG@10,0.6131471927654584
5a9087ac5542990a98493668,R@100,0.5
5a908aaa55429933b8a20545,nDCG@10,0.8315546295836225
5a908aaa55429933b8a20545,R@100,1.0
5a9092cc55429916514e74fd,nDCG@10,0.6131471927654584
5a9092cc55429916514e74fd,R@100,0.5
5a90937955429933b8a20568,nDCG@10,0.6934264036172708
5a90937955429933b8a20568,R@100,1.0
5a90945755429933b8a2056c,nDCG@10,0.6131471927654584
5a90945755429933b8a2056c,R@100,0.5
5a9094ba55429933b8a2056d,nDCG@10,0.6131471927654584
5a9094ba55429933b8a2056d,R@100,0.5
5a90970d5542995651fb51a5,nDCG@10,0.6131471927654584
5a90970d5542995651fb51a5,R@100,0.5
5a90984f55429933b8a20578,nDCG@10,0.9197207891481876
5a90984f55429933b8a20578,R@100,1.0
5a90991d5542990a9849366b,nDCG@10,0.6131471927654584
5a90991d5542990a9849366b,R@100,0.5
5a90997b5542995651fb51af,nDCG@10,0.0
5a90997b5542995651fb51af,R@100,0.5
5a909a0355429916514e7505,nDCG@10,0.8315546295836225
5a909a0355429916514e7505,R@100,1.0
5a909a1a55429916514e7506,nDCG@10,0.4227898344066503
5a909a1a55429916514e7506,R@100,1.0
5a90a14d5542990a98493672,nDCG@10,1.0
5a90a14d5542990a98493672,R@100,1.0
5a90a9a45542990a9849367e,nDCG@10,0.430624116386567
5a90a9a45542990a9849367e,R@100,1.0
5a90ab995542990a98493683,nDCG@10,0.7903864795495061
5a90ab995542990a98493683,R@100,1.0
5a90ad595542990a9849368b,nDCG@10,0.8503449055347546
5a90ad595542990a9849368b,R@100,1.0
5a90af865542990a9849369c,nDCG@10,0.6131471927654584
5a90af865542990a9849369c,R@100,0.5
5a90b1635542990a984936a9,nDCG@10,0.23719771276929622
5a90b1635542990a984936a9,R@100,0.5
5a90b1a15542990a984936ab,nDCG@10,0.38685280723454163
5a90b1a15542990a984936ab,R@100,0.5
5a90b2175542990a984936ae,nDCG@10,0.9197207891481876
5a90b2175542990a984936ae,R@100,1.0
5a90b3c65542990a984936b7,nDCG@10,0.6131471927654584
5a90b3c65542990a984936b7,R@100,0.5
5a90b43455429916514e7523,nDCG@10,0.8315546295836225
5a90b43455429916514e7523,R@100,1.0
5a90b4fe55429916514e7525,nDCG@10,0.6131471927654584
5a90b4fe55429916514e7525,R@100,0.5
5a90b6985542990a984936c2,nDCG@10,0.6131471927654584
5a90b6985542990a984936c2,R@100,0.5
5a90b7f355429916514e752d,nDCG@10,0.6131471927654584
5a90b7f355429916514e752d,R@100,1.0
5a90ba1b55429933b8a205c6,nDCG@10,1.0
5a90ba1b55429933b8a205c6,R@100,1.0
5a90bb4e55429916514e7536,nDCG@10,0.38685280723454163
5a90bb4e55429916514e7536,R@100,0.5
5a90bd7b55429916514e7547,nDCG@10,0.6131471927654584
5a90bd7b55429916514e7547,R@100,1.0
5a90bdea55429916514e754b,nDCG@10,0.3065735963827292
5a90bdea55429916514e754b,R@100,1.0
5a90c8165542995651fb51ee,nDCG@10,1.0
5a90c8165542995651fb51ee,R@100,1.0
5a90cb205542995651fb51fe,nDCG@10,0.0
5a90cb205542995651fb51fe,R@100,0.0
5a90d25655429916514e7585,nDCG@10,0.6509209298071326
5a90d25655429916514e7585,R@100,1.0
5ab1c2bf5542997061209558,nDCG@10,1.0
5ab1c2bf5542997061209558,R@100,1.0
5ab1c693554299722f9b4c66,nDCG@10,0.6131471927654584
5ab1c693554299722f9b4c66,R@100,0.5
5ab1c6c5554299722f9b4c67,nDCG@10,1.0
5ab1c6c5554299722f9b4c67,R@100,1.0
5ab1cdf8554299722f9b4c84,nDCG@10,1.0
5ab1cdf8554299722f9b4c84,R@100,1.0
5ab1d2585542997061209581,nDCG@10,0.8772153153380493
5ab1d2585542997061209581,R@100,1.0
5ab1d49b554299722f9b4c8e,nDCG@10,0.6131471927654584
5ab1d49b554299722f9b4c8e,R@100,0.5
5ab1d6545542997061209588,nDCG@10,0.6131471927654584
5ab1d6545542997061209588,R@100,1.0
5ab1d7ac554299449642c7e6,nDCG@10,0.6934264036172708
5ab1d7ac554299449642c7e6,R@100,1.0
5ab1d983554299340b52540a,nDCG@10,0.6240505200038379
5ab1d983554299340b52540a,R@100,1.0
5ab1dcab5542993be8fa985e,nDCG@10,0.6131471927654584
5ab1dcab5542993be8fa985e,R@100,0.5
5ab1e36d554299449642c7f9,nDCG@10,0.6131471927654584
5ab1e36d554299449642c7f9,R@100,0.5
5ab1e3bb554299340b52541a,nDCG@10,0.19342640361727081
5ab1e3bb554299340b52541a,R@100,0.5
5ab1e75f554299340b525422,nDCG@10,0.0
5ab1e75f554299340b525422,R@100,0.0
5ab1e7685542993be8fa9877,nDCG@10,0.9197207891481876
5ab1e7685542993be8fa9877,R@100,1.0
5ab1e76c554299449642c800,nDCG@10,0.6131471927654584
5ab1e76c554299449642c800,R@100,1.0
5ab1e97f554299340b525427,nDCG@10,0.6131471927654584
5ab1e97f554299340b525427,R@100,0.5
5ab1e984554299340b525428,nDCG@10,0.8772153153380493
5ab1e984554299340b525428,R@100,1.0
5ab1ea0a554299340b52542a,nDCG@10,0.5
5ab1ea0a554299340b52542a,R@100,1.0
5ab1eac95542993be8fa987f,nDCG@10,1.0
5ab1eac95542993be8fa987f,R@100,1.0
5ab1ebff5542993be8fa9882,nDCG@10,0.8772153153380493
5ab1ebff5542993be8fa9882,R@100,1.0
5ab1ec725542993be8fa9883,nDCG@10,0.8315546295836225
5ab1ec725542993be8fa9883,R@100,1.0
5ab1f13e554299449642c81c,nDCG@10,1.0
5ab1f13e554299449642c81c,R@100,1.0
5ab1f494554299706120959c,nDCG@10,1.0
5ab1f494554299706120959c,R@100,1.0
5ab201765542993be8fa98a4,nDCG@10,0.6131471927654584
5ab201765542993be8fa98a4,R@100,0.5
5ab204795542993be8fa98ad,nDCG@10,0.38685280723454163
5ab204795542993be8fa98ad,R@100,0.5
5ab207f65542993be8fa98b8,nDCG@10,0.6131471927654584
5ab207f65542993be8fa98b8,R@100,1.0
5ab2082f554299722f9b4c9f,nDCG@10,1.0
5ab2082f554299722f9b4c9f,R@100,1.0
5ab209ec554299722f9b4ca2,nDCG@10,0.38685280723454163
5ab209ec554299722f9b4ca2,R@100,0.5
5ab2118055429970612095b8,nDCG@10,0.0
5ab2118055429970612095b8,R@100,0.0
5ab2123155429970612095b9,nDCG@10,0.6131471927654584
5ab2123155429970612095b9,R@100,1.0
5ab21682554299722f9b4ca9,nDCG@10,0.6934264036172708
5ab21682554299722f9b4ca9,R@100,1.0
5ab21c3b554299722f9b4cb4,nDCG@10,0.6131471927654584
5ab21c3b554299722f9b4cb4,R@100,0.5
5ab225565542993be8fa98bf,nDCG@10,0.3065735963827292
5ab225565542993be8fa98bf,R@100,0.5
5ab2342a5542993be8fa98c3,nDCG@10,0.38685280723454163
5ab2342a5542993be8fa98c3,R@100,0.5
5ab234c65542993be8fa98c6,nDCG@10,0.38685280723454163
5ab234c65542993be8fa98c6,R@100,1.0
5ab235ed5542993be8fa98c8,nDCG@10,0.3065735963827292
5ab235ed5542993be8fa98c8,R@100,0.5
5ab236645542993be8fa98c9,nDCG@10,0.6131471927654584
5ab236645542993be8fa98c9,R@100,0.5
5ab2383155429970612095c1,nDCG@10,0.6240505200038379
5ab2383155429970612095c1,R@100,1.0
5ab23d8a55429970612095c9,nDCG@10,0.0
5ab23d8a55429970612095c9,R@100,1.0
5ab2421555429970612095cc,nDCG@10,0.6934264036172708
5ab2421555429970612095cc,R@100,1.0
5ab25004554299722f9b4cd7,nDCG@10,0.6131471927654584
5ab25004554299722f9b4cd7,R@100,1.0
5ab250b9554299722f9b4cd9,nDCG@10,0.6131471927654584
5ab250b9554299722f9b4cd9,R@100,0.5
5ab259b25542993be8fa98de,nDCG@10,0.6131471927654584
5ab259b25542993be8fa98de,R@100,1.0
5ab262a4554299340b5254ac,nDCG@10,0.8772153153380493
5ab262a4554299340b5254ac,R@100,1.0
5ab262e2554299722f9b4cfd,nDCG@10,1.0
5ab262e2554299722f9b4cfd,R@100,1.0
5ab2659e554299340b5254b2,nDCG@10,0.6131471927654584
5ab2659e554299340b5254b2,R@100,1.0
5ab266b5554299340b5254b4,nDCG@10,0.6131471927654584
5ab266b5554299340b5254b4,R@100,0.5
5ab26a4b55429970612095fc,nDCG@10,0.6131471927654584
5ab26a4b55429970612095fc,R@100,0.5
5ab26b60554299449642c898,nDCG@10,1.0
5ab26b60554299449642c898,R@100,1.0
5ab271fe554299449642c8a6,nDCG@10,0.38685280723454163
5ab271fe554299449642c8a6,R@100,1.0
5ab27287554299722f9b4d2c,nDCG@10,0.9197207891481876
5ab27287554299722f9b4d2c,R@100,1.0
5ab27389554299722f9b4d2f,nDCG@10,0.6131471927654584
5ab27389554299722f9b4d2f,R@100,0.5
5ab27587554299449642c8af,nDCG@10,0.6131471927654584
5ab27587554299449642c8af,R@100,0.5
5ab2771e554299340b5254d8,nDCG@10,0.6131471927654584
5ab2771e554299340b5254d8,R@100,0.5
5ab278745542997061209617,nDCG@10,0.6131471927654584
5ab278745542997061209617,R@100,1.0
5ab27f7b554299722f9b4d4f,nDCG@10,0.0
5ab27f7b554299722f9b4d4f,R@100,0.0
5ab28019554299722f9b4d51,nDCG@10,0.0
5ab28019554299722f9b4d51,R@100,0.0
5ab28120554299449642c8cc,nDCG@10,0.8315546295836225
5ab28120554299449642c8cc,R@100,1.0
5ab28156554299449642c8ce,nDCG@10,0.2640681225725909
5ab28156554299449642c8ce,R@100,0.5
5ab281ec554299449642c8d1,nDCG@10,1.0
5ab281ec554299449642c8d1,R@100,1.0
5ab281f45542993be8fa9938,nDCG@10,1.0
5ab281f45542993be8fa9938,R@100,1.0
5ab283d9554299449642c8d8,nDCG@10,0.6131471927654584
5ab283d9554299449642c8d8,R@100,0.5
5ab285d1554299449642c8dd,nDCG@10,1.0
5ab285d1554299449642c8dd,R@100,1.0
5ab2861b554299449642c8df,nDCG@10,0.9197207891481876
5ab2861b554299449642c8df,R@100,1.0
5ab288a05542993be8fa993b,nDCG@10,0.6131471927654584
5ab288a05542993be8fa993b,R@100,0.5
5ab28a87554299449642c8ec,nDCG@10,0.6131471927654584
5ab28a87554299449642c8ec,R@100,0.5
5ab28b12554299449642c8ee,nDCG@10,0.8772153153380493
5ab28b12554299449642c8ee,R@100,1.0
5ab28b395542993be8fa9941,nDCG@10,0.6131471927654584
5ab28b395542993be8fa9941,R@100,1.0
5ab28c73554299340b525512,nDCG@10,0.6131471927654584
5ab28c73554299340b525512,R@100,1.0
5ab28c89554299340b525513,nDCG@10,0.6240505200038379
5ab28c89554299340b525513,R@100,1.0
5ab28e2a5542993be8fa9947,nDCG@10,0.6131471927654584
5ab28e2a5542993be8fa9947,R@100,1.0
5ab2909a5542993be8fa994f,nDCG@10,0.6131471927654584
5ab2909a5542993be8fa994f,R@100,0.5
5ab2929a554299449642c900,nDCG@10,0.6131471927654584
5ab2929a554299449642c900,R@100,0.5
5ab29346554299545a2cf997,nDCG@10,0.38685280723454163
5ab29346554299545a2cf997,R@100,1.0
5ab29426554299545a2cf99f,nDCG@10,0.6131471927654584
5ab29426554299545a2cf99f,R@100,0.5
5ab29486554299545a2cf9a4,nDCG@10,0.0
5ab29486554299545a2cf9a4,R@100,0.5
5ab294a6554299545a2cf9a6,nDCG@10,1.0
5ab294a6554299545a2cf9a6,R@100,1.0
5ab2958a554299449642c911,nDCG@10,1.0
5ab2958a554299449642c911,R@100,1.0
5ab2958c554299449642c912,nDCG@10,0.48381288316677695
5ab2958c554299449642c912,R@100,1.0
5ab295eb554299194fa93412,nDCG@10,1.0
5ab295eb554299194fa93412,R@100,1.0
5ab29624554299545a2cf9b5,nDCG@10,0.6131471927654584
5ab29624554299545a2cf9b5,R@100,1.0
5ab296a6554299194fa93415,nDCG@10,0.3065735963827292
5ab296a6554299194fa93415,R@100,0.5
5ab2979c554299449642c919,nDCG@10,1.0
5ab2979c554299449642c919,R@100,1.0
5ab29842554299194fa93420,nDCG@10,0.6131471927654584
5ab29842554299194fa93420,R@100,0.5
5ab298fb554299449642c922,nDCG@10,0.6131471927654584
5ab298fb554299449642c922,R@100,0.5
5ab29956554299194fa9342d,nDCG@10,0.9197207891481876
5ab29956554299194fa9342d,R@100,1.0
5ab2999a554299194fa9342f,nDCG@10,0.6131471927654584
5ab2999a554299194fa9342f,R@100,1.0
5ab299d6554299449642c926,nDCG@10,0.18457569677956817
5ab299d6554299449642c926,R@100,1.0
5ab29b07554299194fa93440,nDCG@10,0.0
5ab29b07554299194fa93440,R@100,0.0
5ab29bdc554299545a2cf9d1,nDCG@10,0.6131471927654584
5ab29bdc554299545a2cf9d1,R@100,0.5
5ab29c24554299449642c932,nDCG@10,0.6052602440527057
5ab29c24554299449642c932,R@100,1.0
5ab29caa554299545a2cf9d3,nDCG@10,0.9197207891481876
5ab29caa554299545a2cf9d3,R@100,1.0
5ab29cef554299449642c936,nDCG@10,0.6131471927654584
5ab29cef554299449642c936,R@100,0.5
5ab29e87554299194fa9346e,nDCG@10,0.6131471927654584
5ab29e87554299194fa9346e,R@100,0.5
5ab29ec6554299194fa93473,nDCG@10,0.6131471927654584
5ab29ec6554299194fa93473,R@100,0.5
5ab2a01d5542992953946778,nDCG@10,0.6131471927654584
5ab2a01d5542992953946778,R@100,1.0
5ab2a186554299295394677b,nDCG@10,1.0
5ab2a186554299295394677b,R@100,1.0
5ab2a1f35542997061209677,nDCG@10,1.0
5ab2a1f35542997061209677,R@100,1.0
5ab2a292554299194fa93496,nDCG@10,0.6131471927654584
5ab2a292554299194fa93496,R@100,0.5
5ab2a308554299340b52553b,nDCG@10,0.40298313359773236
5ab2a308554299340b52553b,R@100,1.0
5ab2a32f554299706120967b,nDCG@10,1.0
5ab2a32f554299706120967b,R@100,1.0
5ab2a54b554299295394678e,nDCG@10,1.0
5ab2a54b554299295394678e,R@100,1.0
5ab2a8b655429929539467ab,nDCG@10,1.0
5ab2a8b655429929539467ab,R@100,1.0
5ab2ac3d55429929539467ce,nDCG@10,0.6131471927654584
5ab2ac3d55429929539467ce,R@100,0.5
5ab2acbc55429929539467d2,nDCG@10,0.38685280723454163
5ab2acbc55429929539467d2,R@100,0.5
5ab2af1655429929539467eb,nDCG@10,0.6131471927654584
5ab2af1655429929539467eb,R@100,0.5
5ab2b1e05542997061209685,nDCG@10,0.6131471927654584
5ab2b1e05542997061209685,R@100,0.5
5ab2b2a7554299295394681d,nDCG@10,1.0
5ab2b2a7554299295394681d,R@100,1.0
5ab2b5a0554299295394683c,nDCG@10,0.6131471927654584
5ab2b5a0554299295394683c,R@100,1.0
5ab2b61d5542991669774065,nDCG@10,0.6131471927654584
5ab2b61d5542991669774065,R@100,0.5
5ab2b630554299545a2cfa17,nDCG@10,0.8315546295836225
5ab2b630554299545a2cfa17,R@100,1.0
5ab2b666554299194fa934ca,nDCG@10,0.6131471927654584
5ab2b666554299194fa934ca,R@100,0.5
5ab2b6fb5542992953946848,nDCG@10,1.0
5ab2b6fb5542992953946848,R@100,1.0
5ab2b7405542991669774069,nDCG@10,0.0
5ab2b7405542991669774069,R@100,0.5
5ab2b7c1554299166977406a,nDCG@10,0.8772153153380493
5ab2b7c1554299166977406a,R@100,1.0
5ab2b863554299295394685a,nDCG@10,0.8772153153380493
5ab2b863554299295394685a,R@100,1.0
5ab2b8fe5542991669774070,nDCG@10,0.3065735963827292
5ab2b8fe5542991669774070,R@100,1.0
5ab2b95c5542991669774072,nDCG@10,1.0
5ab2b95c5542991669774072,R@100,1.0
5ab2bc6b554299545a2cfa40,nDCG@10,1.0
5ab2bc6b554299545a2cfa40,R@100,1.0
5ab2bc80554299194fa934d7,nDCG@10,0.6131471927654584
5ab2bc80554299194fa934d7,R@100,0.5
5ab2be12554299295394686b,nDCG@10,0.6131471927654584
5ab2be12554299295394686b,R@100,0.5
5ab2be71554299166977408c,nDCG@10,1.0
5ab2be71554299166977408c,R@100,1.0
5ab2beba554299166977408f,nDCG@10,0.6131471927654584
5ab2beba554299166977408f,R@100,0.5
5ab2c0de5542992953946870,nDCG@10,1.0
5ab2c0de5542992953946870,R@100,1.0
5ab2c418554299545a2cfa67,nDCG@10,0.8503449055347546
5ab2c418554299545a2cfa67,R@100,1.0
5ab2c5e255429916697740ba,nDCG@10,0.6131471927654584
5ab2c5e255429916697740ba,R@100,0.5
5ab2c6a955429916697740c2,nDCG@10,0.6131471927654584
5ab2c6a955429916697740c2,R@100,0.5
5ab2c6d955429916697740c3,nDCG@10,1.0
5ab2c6d955429916697740c3,R@100,1.0
5ab2c7ef554299545a2cfa73,nDCG@10,1.0
5ab2c7ef554299545a2cfa73,R@100,1.0
5ab2ce27554299545a2cfa98,nDCG@10,0.6131471927654584
5ab2ce27554299545a2cfa98,R@100,0.5
5ab2d15e554299545a2cfaa6,nDCG@10,0.6131471927654584
5ab2d15e554299545a2cfaa6,R@100,0.5
5ab2d1c45542992953946877,nDCG@10,0.9197207891481876
5ab2d1c45542992953946877,R@100,1.0
5ab2d28b55429916697740ee,nDCG@10,1.0
5ab2d28b55429916697740ee,R@100,1.0
5ab2d3c5554299295394687a,nDCG@10,1.0
5ab2d3c5554299295394687a,R@100,1.0
5ab2d3df554299194fa9352c,nDCG@10,0.8503449055347546
5ab2d3df554299194fa9352c,R@100,1.0
5ab2d61155429916697740ff,nDCG@10,0.6131471927654584
5ab2d61155429916697740ff,R@100,1.0
5ab2d65e554299545a2cfabe,nDCG@10,0.9197207891481876
5ab2d65e554299545a2cfabe,R@100,1.0
5ab2d9f1554299545a2cfac9,nDCG@10,0.2640681225725909
5ab2d9f1554299545a2cfac9,R@100,0.5
5ab2da13554299194fa93542,nDCG@10,0.6131471927654584
5ab2da13554299194fa93542,R@100,0.5
5ab2da99554299194fa93544,nDCG@10,0.6509209298071326
5ab2da99554299194fa93544,R@100,1.0
5ab2deb75542991669774118,nDCG@10,0.8503449055347546
5ab2deb75542991669774118,R@100,1.0
5ab2e3a15542992953946893,nDCG@10,0.0
5ab2e3a15542992953946893,R@100,0.5
5ab2e3a35542991669774124,nDCG@10,0.6934264036172708
5ab2e3a35542991669774124,R@100,1.0
5ab2e3c45542991669774126,nDCG@10,0.45560514958746035
5ab2e3c45542991669774126,R@100,1.0
5ab2e84855429929539468a6,nDCG@10,0.6131471927654584
5ab2e84855429929539468a6,R@100,0.5
5ab2e8ad554299340b525562,nDCG@10,0.8315546295836225
5ab2e8ad554299340b525562,R@100,1.0
5ab2e9b4554299340b525565,nDCG@10,0.6131471927654584
5ab2e9b4554299340b525565,R@100,1.0
5ab2ed62554299166977413a,nDCG@10,0.37800210039683896
5ab2ed62554299166977413a,R@100,1.0
5ab2eff05542991669774140,nDCG@10,0.6131471927654584
5ab2eff05542991669774140,R@100,1.0
5ab2f45d5542991669774151,nDCG@10,1.0
5ab2f45d5542991669774151,R@100,1.0
5ab2f4c95542991669774155,nDCG@10,1.0
5ab2f4c95542991669774155,R@100,1.0
5ab2f50a55429929539468cd,nDCG@10,0.6131471927654584
5ab2f50a55429929539468cd,R@100,1.0
5ab2f53d5542991669774157,nDCG@10,0.8175295903539445
5ab2f53d5542991669774157,R@100,1.0
5ab2f6bd554299166977415e,nDCG@10,0.8065735963827293
5ab2f6bd554299166977415e,R@100,1.0
5ab2f85b55429929539468dc,nDCG@10,0.6131471927654584
5ab2f85b55429929539468dc,R@100,0.5
5ab2f88755429976abd1bbe0,nDCG@10,0.7903864795495061
5ab2f88755429976abd1bbe0,R@100,1.0
5ab2fccb5542991669774176,nDCG@10,0.7903864795495061
5ab2fccb5542991669774176,R@100,1.0
5ab3010455429976abd1bc15,nDCG@10,0.6131471927654584
5ab3010455429976abd1bc15,R@100,1.0
5ab30336554299166977417c,nDCG@10,0.6131471927654584
5ab30336554299166977417c,R@100,0.5
5ab3063e554299753aec58fe,nDCG@10,0.18457569677956817
5ab3063e554299753aec58fe,R@100,0.5
5ab30d1155429976abd1bc3d,nDCG@10,0.6131471927654584
5ab30d1155429976abd1bc3d,R@100,0.5
5ab30ebf554299753aec592c,nDCG@10,0.6131471927654584
5ab30ebf554299753aec592c,R@100,1.0
5ab30f9a554299233954fef2,nDCG@10,0.0
5ab30f9a554299233954fef2,R@100,0.5
5ab310bb554299233954fef9,nDCG@10,1.0
5ab310bb554299233954fef9,R@100,1.0
5ab31864554299233954ff06,nDCG@10,0.17723928678404774
5ab31864554299233954ff06,R@100,0.5
5ab31adc554299233954ff0a,nDCG@10,0.8503449055347546
5ab31adc554299233954ff0a,R@100,1.0
5ab31fea554299194fa9356a,nDCG@10,0.6131471927654584
5ab31fea554299194fa9356a,R@100,0.5
5ab32256554299233954ff22,nDCG@10,1.0
5ab32256554299233954ff22,R@100,1.0
5ab322b1554299194fa93570,nDCG@10,0.8772153153380493
5ab322b1554299194fa93570,R@100,1.0
5ab3244c554299233954ff29,nDCG@10,0.8315546295836225
5ab3244c554299233954ff29,R@100,1.0
5ab327bc554299233954ff33,nDCG@10,0.6131471927654584
5ab327bc554299233954ff33,R@100,1.0
5ab32fc355429969a97a80fa,nDCG@10,0.7977228895450266
5ab32fc355429969a97a80fa,R@100,1.0
5ab3306a55429969a97a80fd,nDCG@10,1.0
5ab3306a55429969a97a80fd,R@100,1.0
5ab3357d554299166977419d,nDCG@10,0.6131471927654584
5ab3357d554299166977419d,R@100,0.5
5ab33ef955429969a97a810e,nDCG@10,0.6131471927654584
5ab33ef955429969a97a810e,R@100,0.5
5ab341f755429969a97a8114,nDCG@10,0.6131471927654584
5ab341f755429969a97a8114,R@100,1.0
5ab344fc55429969a97a811e,nDCG@10,0.38685280723454163
5ab344fc55429969a97a811e,R@100,1.0
5ab3460055429976abd1bc80,nDCG@10,0.6131471927654584
5ab3460055429976abd1bc80,R@100,0.5
5ab34a76554299233954ff3f,nDCG@10,0.6131471927654584
5ab34a76554299233954ff3f,R@100,0.5
5ab3589455429976abd1bc93,nDCG@10,1.0
5ab3589455429976abd1bc93,R@100,1.0
5ab36c3f55429969a97a8146,nDCG@10,0.0
5ab36c3f55429969a97a8146,R@100,0.5
5ab3849a55429969a97a8170,nDCG@10,0.6131471927654584
5ab3849a55429969a97a8170,R@100,1.0
5ab38cdd5542992ade7c6de2,nDCG@10,0.8315546295836225
5ab38cdd5542992ade7c6de2,R@100,1.0
5ab392ec55429969a97a817d,nDCG@10,0.6131471927654584
5ab392ec55429969a97a817d,R@100,0.5
5ab3952e5542992ade7c6de8,nDCG@10,0.38685280723454163
5ab3952e5542992ade7c6de8,R@100,0.5
5ab3a83d5542992ade7c6e08,nDCG@10,0.6131471927654584
5ab3a83d5542992ade7c6e08,R@100,1.0
5ab3a84b554299233954ff7b,nDCG@10,0.6131471927654584
5ab3a84b554299233954ff7b,R@100,1.0
5ab3abe9554299753aec597e,nDCG@10,0.6131471927654584
5ab3abe9554299753aec597e,R@100,1.0
5ab3acc5554299233954ff7e,nDCG@10,1.0
5ab3acc5554299233954ff7e,R@100,1.0
5ab3acc9554299753aec5985,nDCG@10,1.0
5ab3acc9554299753aec5985,R@100,1.0
5ab3af70554299233954ff81,nDCG@10,0.8503449055347546
5ab3af70554299233954ff81,R@100,1.0
5ab3b0bf5542992ade7c6e39,nDCG@10,0.6131471927654584
5ab3b0bf5542992ade7c6e39,R@100,1.0
5ab3b2c4554299233954ff8a,nDCG@10,1.0
5ab3b2c4554299233954ff8a,R@100,1.0
5ab3b2fb554299753aec59af,nDCG@10,0.6131471927654584
5ab3b2fb554299753aec59af,R@100,0.5
5ab3b42c5542992ade7c6e4f,nDCG@10,0.3065735963827292
5ab3b42c5542992ade7c6e4f,R@100,0.5
5ab3b50055429969a97a818c,nDCG@10,0.6131471927654584
5ab3b50055429969a97a818c,R@100,1.0
5ab3b7c555429969a97a8190,nDCG@10,0.2640681225725909
5ab3b7c555429969a97a8190,R@100,0.5
5ab3bacc55429969a97a8197,nDCG@10,0.6131471927654584
5ab3bacc55429969a97a8197,R@100,1.0
5ab3bb7b55429969a97a8198,nDCG@10,1.0
5ab3bb7b55429969a97a8198,R@100,1.0
5ab3bcc55542992ade7c6e66,nDCG@10,0.8175295903539445
5ab3bcc55542992ade7c6e66,R@100,1.0
5ab3bd7d55429969a97a819f,nDCG@10,0.21840743681816419
5ab3bd7d55429969a97a819f,R@100,1.0
5ab3bfd3554299233954ff99,nDCG@10,0.7903864795495061
5ab3bfd3554299233954ff99,R@100,1.0
5ab3c05d55429969a97a81aa,nDCG@10,0.0
5ab3c05d55429969a97a81aa,R@100,0.0
5ab3c18b55429969a97a81b0,nDCG@10,1.0
5ab3c18b55429969a97a81b0,R@100,1.0
5ab3c270554299233954ff9e,nDCG@10,1.0
5ab3c270554299233954ff9e,R@100,1.0
5ab3c470554299233954ffa1,nDCG@10,1.0
5ab3c470554299233954ffa1,R@100,1.0
5ab3c48755429969a97a81b8,nDCG@10,0.6131471927654584
5ab3c48755429969a97a81b8,R@100,0.5
5ab3c53955429969a97a81b9,nDCG@10,0.0
5ab3c53955429969a97a81b9,R@100,0.5
5ab3c7df55429969a97a81be,nDCG@10,0.38685280723454163
5ab3c7df55429969a97a81be,R@100,1.0
5ab3cc395542992ade7c6e9f,nDCG@10,0.6131471927654584
5ab3cc395542992ade7c6e9f,R@100,1.0
5ab3cecd5542992ade7c6eae,nDCG@10,1.0
5ab3cecd5542992ade7c6eae,R@100,1.0
5ab3d1b85542992ade7c6eba,nDCG@10,0.6131471927654584
5ab3d1b85542992ade7c6eba,R@100,0.5
5ab3d2595542992ade7c6ebf,nDCG@10,0.0
5ab3d2595542992ade7c6ebf,R@100,0.5
5ab3d2b7554299233954ffb8,nDCG@10,1.0
5ab3d2b7554299233954ffb8,R@100,1.0
5ab3d5f355429969a97a81c5,nDCG@10,0.0
5ab3d5f355429969a97a81c5,R@100,0.5
5ab3d69255429969a97a81c9,nDCG@10,0.6131471927654584
5ab3d69255429969a97a81c9,R@100,0.5
5ab3d764554299233954ffc7,nDCG@10,0.42177340954886444
5ab3d764554299233954ffc7,R@100,1.0
5ab3dbd8554299233954ffd6,nDCG@10,1.0
5ab3dbd8554299233954ffd6,R@100,1.0
5ab3ddbc55429969a97a81dc,nDCG@10,0.6131471927654584
5ab3ddbc55429969a97a81dc,R@100,0.5
5ab3e07e55429969a97a81e5,nDCG@10,0.0
5ab3e07e55429969a97a81e5,R@100,0.5
5ab3e45655429976abd1bcd4,nDCG@10,0.6131471927654584
5ab3e45655429976abd1bcd4,R@100,0.5
5ab3e4ee554299233954ffe1,nDCG@10,0.0
5ab3e4ee554299233954ffe1,R@100,1.0
5ab3e577554299233954ffe3,nDCG@10,0.9197207891481876
5ab3e577554299233954ffe3,R@100,1.0
5ab3eac5554299753aec59ec,nDCG@10,0.9197207891481876
5ab3eac5554299753aec59ec,R@100,1.0
5ab3eb1955429969a97a81f6,nDCG@10,0.20438239758848611
5ab3eb1955429969a97a81f6,R@100,1.0
5ab3ec51554299753aec59f1,nDCG@10,0.6131471927654584
5ab3ec51554299753aec59f1,R@100,1.0
5ab3ede755429976abd1bcf4,nDCG@10,0.38685280723454163
5ab3ede755429976abd1bcf4,R@100,1.0
5ab3eeb5554299233954fff4,nDCG@10,0.9197207891481876
5ab3eeb5554299233954fff4,R@100,1.0
5ab3f24c5542992ade7c6eef,nDCG@10,0.38685280723454163
5ab3f24c5542992ade7c6eef,R@100,1.0
5ab3f6935542992339550019,nDCG@10,1.0
5ab3f6935542992339550019,R@100,1.0
5ab3f6b9554299753aec5a03,nDCG@10,0.6131471927654584
5ab3f6b9554299753aec5a03,R@100,0.5
5ab3f7b05542992ade7c6efd,nDCG@10,0.9197207891481876
5ab3f7b05542992ade7c6efd,R@100,1.0
5ab3f8c25542992ade7c6f02,nDCG@10,0.38685280723454163
5ab3f8c25542992ade7c6f02,R@100,1.0
5ab3fa095542992ade7c6f0a,nDCG@10,0.6131471927654584
5ab3fa095542992ade7c6f0a,R@100,0.5
5ab3fc215542992339550027,nDCG@10,0.6131471927654584
5ab3fc215542992339550027,R@100,1.0
5ab4028555429976abd1bd2b,nDCG@10,0.0
5ab4028555429976abd1bd2b,R@100,1.0
5ab4071955429976abd1bd38,nDCG@10,0.0
5ab4071955429976abd1bd38,R@100,0.5
5ab40e1c5542996a3a969f00,nDCG@10,0.0
5ab40e1c5542996a3a969f00,R@100,1.0
5ab4107a554299753aec5a2f,nDCG@10,0.6131471927654584
5ab4107a554299753aec5a2f,R@100,0.5
5ab412da5542996a3a969f15,nDCG@10,0.6131471927654584
5ab412da5542996a3a969f15,R@100,1.0
5ab414295542996a3a969f1d,nDCG@10,1.0
5ab414295542996a3a969f1d,R@100,1.0
5ab4147a5542996a3a969f1e,nDCG@10,0.38685280723454163
5ab4147a5542996a3a969f1e,R@100,1.0
5ab41677554299753aec5a38,nDCG@10,0.8175295903539445
5ab41677554299753aec5a38,R@100,1.0
5ab416a25542996a3a969f28,nDCG@10,0.6509209298071326
5ab416a25542996a3a969f28,R@100,1.0
5ab41b8c5542996a3a969f40,nDCG@10,0.6131471927654584
5ab41b8c5542996a3a969f40,R@100,0.5
5ab41d855542996a3a969f4b,nDCG@10,0.23719771276929622
5ab41d855542996a3a969f4b,R@100,0.5
5ab41f6b5542991751b4d671,nDCG@10,0.6131471927654584
5ab41f6b5542991751b4d671,R@100,0.5
5ab4234f5542991751b4d685,nDCG@10,0.38685280723454163
5ab4234f5542991751b4d685,R@100,0.5
5ab428915542991751b4d6b2,nDCG@10,0.2640681225725909
5ab428915542991751b4d6b2,R@100,0.5
5ab42a2b5542996a3a969f5a,nDCG@10,0.8503449055347546
5ab42a2b5542996a3a969f5a,R@100,1.0
5ab42ae95542991751b4d6c4,nDCG@10,0.6131471927654584
5ab42ae95542991751b4d6c4,R@100,0.5
5ab42b24554299753aec5a43,nDCG@10,0.19342640361727081
5ab42b24554299753aec5a43,R@100,0.5
5ab42b8955429942dd415ea6,nDCG@10,0.9197207891481876
5ab42b8955429942dd415ea6,R@100,1.0
5ab42b905542992339550040,nDCG@10,0.0
5ab42b905542992339550040,R@100,0.5
5ab42d5755429942dd415eaf,nDCG@10,0.3065735963827292
5ab42d5755429942dd415eaf,R@100,0.5
5ab42d6055429942dd415eb0,nDCG@10,0.6131471927654584
5ab42d6055429942dd415eb0,R@100,0.5
5ab42e55554299753aec5a53,nDCG@10,0.41443699955334395
5ab42e55554299753aec5a53,R@100,1.0
5ab42ef55542991751b4d6d9,nDCG@10,0.6509209298071326
5ab42ef55542991751b4d6d9,R@100,1.0
5ab42f3c55429942dd415ebc,nDCG@10,0.0
5ab42f3c55429942dd415ebc,R@100,1.0
5ab4304a55429942dd415ec5,nDCG@10,0.0
5ab4304a55429942dd415ec5,R@100,0.0
5ab430f655429942dd415eca,nDCG@10,0.6131471927654584
5ab430f655429942dd415eca,R@100,0.5
5ab430fa5542991751b4d6dd,nDCG@10,0.6131471927654584
5ab430fa5542991751b4d6dd,R@100,1.0
5ab4313a554299233955004c,nDCG@10,1.0
5ab4313a554299233955004c,R@100,1.0
5ab4314955429942dd415ecd,nDCG@10,0.6131471927654584
5ab4314955429942dd415ecd,R@100,0.5
5ab43179554299233955004d,nDCG@10,0.6131471927654584
5ab43179554299233955004d,R@100,0.5
5ab431d855429942dd415ed2,nDCG@10,0.6131471927654584
5ab431d855429942dd415ed2,R@100,0.5
5ab431e65542991751b4d6e2,nDCG@10,0.8315546295836225
5ab431e65542991751b4d6e2,R@100,1.0
5ab4341c55429942dd415ede,nDCG@10,0.6131471927654584
5ab4341c55429942dd415ede,R@100,1.0
5ab4355555429942dd415ee3,nDCG@10,1.0
5ab4355555429942dd415ee3,R@100,1.0
5ab4378f5542991751b4d6f3,nDCG@10,0.38685280723454163
5ab4378f5542991751b4d6f3,R@100,1.0
5ab438395542990594ba9bb9,nDCG@10,0.0
5ab438395542990594ba9bb9,R@100,0.5
5ab4396555429942dd415eed,nDCG@10,0.9197207891481876
5ab4396555429942dd415eed,R@100,1.0
5ab439bd55429942dd415eee,nDCG@10,0.9197207891481876
5ab439bd55429942dd415eee,R@100,1.0
5ab439f055429942dd415eef,nDCG@10,1.0
5ab439f055429942dd415eef,R@100,1.0
5ab43b755542991779162c21,nDCG@10,0.38685280723454163
5ab43b755542991779162c21,R@100,1.0
5ab43b8a5542991779162c22,nDCG@10,0.6131471927654584
5ab43b8a5542991779162c22,R@100,0.5
5ab43b9d5542990594ba9bc3,nDCG@10,0.0
5ab43b9d5542990594ba9bc3,R@100,0.5
5ab442645542991751b4d70c,nDCG@10,1.0
5ab442645542991751b4d70c,R@100,1.0
5ab4428c5542990594ba9bda,nDCG@10,0.6131471927654584
5ab4428c5542990594ba9bda,R@100,1.0
5ab446875542990594ba9bea,nDCG@10,0.6131471927654584
5ab446875542990594ba9bea,R@100,1.0
5ab446d455429942dd415f07,nDCG@10,1.0
5ab446d455429942dd415f07,R@100,1.0
5ab4475c5542996a3a969f6c,nDCG@10,0.6131471927654584
5ab4475c5542996a3a969f6c,R@100,0.5
5ab4482b55429942dd415f09,nDCG@10,1.0
5ab4482b55429942dd415f09,R@100,1.0
5ab44a775542991779162c57,nDCG@10,0.0
5ab44a775542991779162c57,R@100,0.5
5ab44ab25542991779162c58,nDCG@10,0.0
5ab44ab25542991779162c58,R@100,0.5
5ab44cd555429942dd415f10,nDCG@10,0.6131471927654584
5ab44cd555429942dd415f10,R@100,1.0
5ab455dc5542991779162c77,nDCG@10,0.6934264036172708
5ab455dc5542991779162c77,R@100,1.0
5ab45a0b5542991779162c7e,nDCG@10,0.9197207891481876
5ab45a0b5542991779162c7e,R@100,1.0
5ab45bcd5542991779162c80,nDCG@10,0.6131471927654584
5ab45bcd5542991779162c80,R@100,0.5
5ab463da5542990594ba9c0d,nDCG@10,1.0
5ab463da5542990594ba9c0d,R@100,1.0
5ab465095542991751b4d75a,nDCG@10,0.6131471927654584
5ab465095542991751b4d75a,R@100,1.0
5ab467975542991751b4d75f,nDCG@10,0.6131471927654584
5ab467975542991751b4d75f,R@100,0.5
5ab46a0f5542990594ba9c1b,nDCG@10,0.6131471927654584
5ab46a0f5542990594ba9c1b,R@100,0.5
5ab46d195542991751b4d76a,nDCG@10,0.6934264036172708
5ab46d195542991751b4d76a,R@100,1.0
5ab46f4e5542991751b4d770,nDCG@10,1.0
5ab46f4e5542991751b4d770,R@100,1.0
5ab472a35542991779162c98,nDCG@10,0.0
5ab472a35542991779162c98,R@100,0.5
5ab474135542991751b4d77b,nDCG@10,1.0
5ab474135542991751b4d77b,R@100,1.0
5ab474b35542990594ba9c25,nDCG@10,0.6131471927654584
5ab474b35542990594ba9c25,R@100,0.5
5ab4774d5542991751b4d781,nDCG@10,1.0
5ab4774d5542991751b4d781,R@100,1.0
5ab4789e5542990594ba9c29,nDCG@10,0.6131471927654584
5ab4789e5542990594ba9c29,R@100,0.5
5ab47cd75542991751b4d78d,nDCG@10,1.0
5ab47cd75542991751b4d78d,R@100,1.0
5ab47d765542991751b4d78f,nDCG@10,0.6131471927654584
5ab47d765542991751b4d78f,R@100,0.5
5ab47e0a5542990594ba9c32,nDCG@10,0.6131471927654584
5ab47e0a5542990594ba9c32,R@100,1.0
5ab480715542991751b4d798,nDCG@10,1.0
5ab480715542991751b4d798,R@100,1.0
5ab480c45542990594ba9c36,nDCG@10,0.8772153153380493
5ab480c45542990594ba9c36,R@100,1.0
5ab482815542990594ba9c3d,nDCG@10,0.19342640361727081
5ab482815542990594ba9c3d,R@100,0.5
5ab4832e5542991751b4d79d,nDCG@10,0.3065735963827292
5ab4832e5542991751b4d79d,R@100,0.5
5ab484415542990594ba9c44,nDCG@10,0.8315546295836225
5ab484415542990594ba9c44,R@100,1.0
5ab487765542990594ba9c4e,nDCG@10,0.6131471927654584
5ab487765542990594ba9c4e,R@100,0.5
5ab487f55542990594ba9c4f,nDCG@10,0.6131471927654584
5ab487f55542990594ba9c4f,R@100,1.0
5ab488bc5542990594ba9c55,nDCG@10,0.6131471927654584
5ab488bc5542990594ba9c55,R@100,0.5
5ab48a7c5542991751b4d7ab,nDCG@10,0.8315546295836225
5ab48a7c5542991751b4d7ab,R@100,1.0
5ab48af35542996a3a969f92,nDCG@10,1.0
5ab48af35542996a3a969f92,R@100,1.0
5ab48bab5542991779162cd3,nDCG@10,0.0
5ab48bab5542991779162cd3,R@100,0.0
5ab48c325542996a3a969f93,nDCG@10,0.23719771276929622
5ab48c325542996a3a969f93,R@100,0.5
5ab48ec25542991779162cdc,nDCG@10,0.8772153153380493
5ab48ec25542991779162cdc,R@100,1.0
5ab48f245542990594ba9c66,nDCG@10,1.0
5ab48f245542990594ba9c66,R@100,1.0
5ab492155542991779162ce3,nDCG@10,0.6131471927654584
5ab492155542991779162ce3,R@100,0.5
5ab499a55542996a3a969f9f,nDCG@10,1.0
5ab499a55542996a3a969f9f,R@100,1.0
5ab4b2935542996a3a969fb5,nDCG@10,0.8772153153380493
5ab4b2935542996a3a969fb5,R@100,1.0
5ab4b7d15542996a3a969fbc,nDCG@10,0.8772153153380493
5ab4b7d15542996a3a969fbc,R@100,1.0
5ab4b9f75542990594ba9ca4,nDCG@10,0.38685280723454163
5ab4b9f75542990594ba9ca4,R@100,0.5
5ab4bea15542990594ba9cae,nDCG@10,0.6131471927654584
5ab4bea15542990594ba9cae,R@100,0.5
5ab4c8735542996a3a969fcb,nDCG@10,0.8503449055347546
5ab4c8735542996a3a969fcb,R@100,1.0
5ab4da5b55429942dd415f96,nDCG@10,1.0
5ab4da5b55429942dd415f96,R@100,1.0
5ab4e3065542990594ba9cb4,nDCG@10,0.8315546295836225
5ab4e3065542990594ba9cb4,R@100,1.0
5ab4e48655429942dd415f9c,nDCG@10,0.6131471927654584
5ab4e48655429942dd415f9c,R@100,0.5
5ab4ec2755429942dd415fa6,nDCG@10,1.0
5ab4ec2755429942dd415fa6,R@100,1.0
5ab4eecb55429942dd415faa,nDCG@10,0.2640681225725909
5ab4eecb55429942dd415faa,R@100,0.5
5ab4f7fc5542991779162d43,nDCG@10,1.0
5ab4f7fc5542991779162d43,R@100,1.0
5ab4f8c95542990594ba9cbb,nDCG@10,0.9197207891481876
5ab4f8c95542990594ba9cbb,R@100,1.0
5ab4fd0b55429942dd415fbb,nDCG@10,1.0
5ab4fd0b55429942dd415fbb,R@100,1.0
5ab502ae5542991779162d4c,nDCG@10,0.6131471927654584
5ab502ae5542991779162d4c,R@100,0.5
5ab5035b5542996a3a969ff8,nDCG@10,0.6131471927654584
5ab5035b5542996a3a969ff8,R@100,0.5
5ab503db5542990594ba9cc8,nDCG@10,0.6131471927654584
5ab503db5542990594ba9cc8,R@100,1.0
5ab504865542991779162d52,nDCG@10,1.0
5ab504865542991779162d52,R@100,1.0
5ab5052a5542990594ba9ccf,nDCG@10,0.6131471927654584
5ab5052a5542990594ba9ccf,R@100,0.5
5ab5057b5542991779162d56,nDCG@10,0.6131471927654584
5ab5057b5542991779162d56,R@100,0.5
5ab5062f55429942dd415fd1,nDCG@10,1.0
5ab5062f55429942dd415fd1,R@100,1.0
5ab506a05542990594ba9cd6,nDCG@10,0.38685280723454163
5ab506a05542990594ba9cd6,R@100,1.0
5ab50e0a5542990594ba9cf0,nDCG@10,0.6131471927654584
5ab50e0a5542990594ba9cf0,R@100,1.0
5ab510cb5542996a3a96a00f,nDCG@10,1.0
5ab510cb5542996a3a96a00f,R@100,1.0
5ab514c05542991779162d72,nDCG@10,1.0
5ab514c05542991779162d72,R@100,1.0
5ab514dc5542990594ba9cfa,nDCG@10,0.6131471927654584
5ab514dc5542990594ba9cfa,R@100,0.5
5ab516485542990594ba9cfc,nDCG@10,0.6131471927654584
5ab516485542990594ba9cfc,R@100,0.5
5ab51dae5542991779162d82,nDCG@10,1.0
5ab51dae5542991779162d82,R@100,1.0
5ab51dbd5542996a3a96a023,nDCG@10,0.38685280723454163
5ab51dbd5542996a3a96a023,R@100,0.5
5ab51ddf5542990594ba9d11,nDCG@10,0.9197207891481876
5ab51ddf5542990594ba9d11,R@100,1.0
5ab520645542991779162d85,nDCG@10,0.0
5ab520645542991779162d85,R@100,0.0
5ab520dd5542996a3a96a02c,nDCG@10,1.0
5ab520dd5542996a3a96a02c,R@100,1.0
5ab521175542996a3a96a02d,nDCG@10,0.6131471927654584
5ab521175542996a3a96a02d,R@100,0.5
5ab521575542996a3a96a02e,nDCG@10,0.3065735963827292
5ab521575542996a3a96a02e,R@100,1.0
5ab524595542996a3a96a034,nDCG@10,0.6131471927654584
5ab524595542996a3a96a034,R@100,0.5
5ab527205542996a3a96a03d,nDCG@10,0.7977228895450266
5ab527205542996a3a96a03d,R@100,1.0
5ab5279d5542996a3a96a03f,nDCG@10,0.6131471927654584
5ab5279d5542996a3a96a03f,R@100,0.5
5ab528a3554299637185c4e5,nDCG@10,0.20438239758848611
5ab528a3554299637185c4e5,R@100,0.5
5ab529005542996a3a96a045,nDCG@10,0.8772153153380493
5ab529005542996a3a96a045,R@100,1.0
5ab529965542990594ba9d1e,nDCG@10,1.0
5ab529965542990594ba9d1e,R@100,1.0
5ab529b8554299637185c4e7,nDCG@10,0.6131471927654584
5ab529b8554299637185c4e7,R@100,1.0
5ab52a255542996a3a96a048,nDCG@10,0.0
5ab52a255542996a3a96a048,R@100,0.0
5ab52bd1554299637185c4ee,nDCG@10,1.0
5ab52bd1554299637185c4ee,R@100,1.0
5ab52cb2554299637185c4f1,nDCG@10,0.6131471927654584
5ab52cb2554299637185c4f1,R@100,0.5
5ab531cc5542990594ba9d23,nDCG@10,0.6131471927654584
5ab531cc5542990594ba9d23,R@100,0.5
5ab531e55542990594ba9d24,nDCG@10,0.8503449055347546
5ab531e55542990594ba9d24,R@100,1.0
5ab53436554299637185c504,nDCG@10,0.6131471927654584
5ab53436554299637185c504,R@100,0.5
5ab53ad6554299488d4d9917,nDCG@10,0.23719771276929622
5ab53ad6554299488d4d9917,R@100,0.5
5ab53bee554299637185c526,nDCG@10,0.6131471927654584
5ab53bee554299637185c526,R@100,0.5
5ab53ef1554299488d4d9920,nDCG@10,0.0
5ab53ef1554299488d4d9920,R@100,0.5
5ab54056554299488d4d9923,nDCG@10,0.6131471927654584
5ab54056554299488d4d9923,R@100,1.0
5ab545d3554299494045ef5c,nDCG@10,0.6131471927654584
5ab545d3554299494045ef5c,R@100,0.5
5ab5467e554299494045ef5e,nDCG@10,0.6131471927654584
5ab5467e554299494045ef5e,R@100,1.0
5ab5487b554299494045ef68,nDCG@10,0.6131471927654584
5ab5487b554299494045ef68,R@100,0.5
5ab5499e5542992aa134a295,nDCG@10,0.6131471927654584
5ab5499e5542992aa134a295,R@100,0.5
5ab54e145542992aa134a2a1,nDCG@10,0.6131471927654584
5ab54e145542992aa134a2a1,R@100,1.0
5ab553e2554299494045ef81,nDCG@10,0.6131471927654584
5ab553e2554299494045ef81,R@100,1.0
5ab55455554299488d4d993b,nDCG@10,0.6131471927654584
5ab55455554299488d4d993b,R@100,0.5
5ab5574b554299488d4d994e,nDCG@10,0.21840743681816419
5ab5574b554299488d4d994e,R@100,0.5
5ab55a9b5542992aa134a2ba,nDCG@10,0.6131471927654584
5ab55a9b5542992aa134a2ba,R@100,1.0
5ab55b0c554299488d4d995e,nDCG@10,0.6131471927654584
5ab55b0c554299488d4d995e,R@100,0.5
5ab55e015542992aa134a2d3,nDCG@10,0.6131471927654584
5ab55e015542992aa134a2d3,R@100,1.0
5ab56200554299494045ef88,nDCG@10,0.9197207891481876
5ab56200554299494045ef88,R@100,1.0
5ab5627b5542992aa134a2ff,nDCG@10,0.6131471927654584
5ab5627b5542992aa134a2ff,R@100,0.5
5ab56555554299494045ef97,nDCG@10,0.6934264036172708
5ab56555554299494045ef97,R@100,1.0
5ab568af554299494045efaf,nDCG@10,0.8772153153380493
5ab568af554299494045efaf,R@100,1.0
5ab56b3a554299637185c585,nDCG@10,0.8772153153380493
5ab56b3a554299637185c585,R@100,1.0
5ab56b9b5542997d4ad1f113,nDCG@10,0.6131471927654584
5ab56b9b5542997d4ad1f113,R@100,0.5
5ab56db7554299494045efc6,nDCG@10,0.7977228895450266
5ab56db7554299494045efc6,R@100,1.0
5ab56e085542992aa134a315,nDCG@10,0.6131471927654584
5ab56e085542992aa134a315,R@100,0.5
5ab56e32554299637185c594,nDCG@10,0.45749452618986164
5ab56e32554299637185c594,R@100,1.0
5ab56ed0554299637185c597,nDCG@10,0.3065735963827292
5ab56ed0554299637185c597,R@100,1.0
5ab56f3e5542992aa134a317,nDCG@10,0.9197207891481876
5ab56f3e5542992aa134a317,R@100,1.0
5ab56f4b554299637185c599,nDCG@10,0.38685280723454163
5ab56f4b554299637185c599,R@100,1.0
5ab56f7a554299637185c59a,nDCG@10,0.19342640361727081
5ab56f7a554299637185c59a,R@100,0.5
5ab57022554299637185c59e,nDCG@10,0.20438239758848611
5ab57022554299637185c59e,R@100,0.5
5ab572ff5542992aa134a31b,nDCG@10,0.6131471927654584
5ab572ff5542992aa134a31b,R@100,1.0
5ab5744e554299494045efdf,nDCG@10,0.6131471927654584
5ab5744e554299494045efdf,R@100,0.5
5ab57673554299637185c5a3,nDCG@10,1.0
5ab57673554299637185c5a3,R@100,1.0
5ab576c4554299637185c5a4,nDCG@10,1.0
5ab576c4554299637185c5a4,R@100,1.0
5ab576dc5542997d4ad1f13d,nDCG@10,0.9197207891481876
5ab576dc5542997d4ad1f13d,R@100,1.0
5ab57759554299637185c5a5,nDCG@10,1.0
5ab57759554299637185c5a5,R@100,1.0
5ab57fc4554299488d4d99c0,nDCG@10,0.6131471927654584
5ab57fc4554299488d4d99c0,R@100,0.5
5ab5820e554299488d4d99c3,nDCG@10,0.6131471927654584
5ab5820e554299488d4d99c3,R@100,0.5
5ab587ad5542992aa134a34b,nDCG@10,0.6131471927654584
5ab587ad5542992aa134a34b,R@100,0.5
5ab587f85542992aa134a34d,nDCG@10,0.6131471927654584
5ab587f85542992aa134a34d,R@100,0.5
5ab5895f554299637185c5c2,nDCG@10,0.6131471927654584
5ab5895f554299637185c5c2,R@100,1.0
5ab58ee6554299488d4d99d6,nDCG@10,0.0
5ab58ee6554299488d4d99d6,R@100,0.0
5ab58f9a554299488d4d99da,nDCG@10,0.6131471927654584
5ab58f9a554299488d4d99da,R@100,1.0
5ab594545542997d4ad1f183,nDCG@10,0.8065735963827293
5ab594545542997d4ad1f183,R@100,1.0
5ab596d95542992aa134a371,nDCG@10,0.8065735963827293
5ab596d95542992aa134a371,R@100,1.0
5ab59ffe5542997d4ad1f193,nDCG@10,0.38685280723454163
5ab59ffe5542997d4ad1f193,R@100,0.5
5ab5a3fb5542997d4ad1f19b,nDCG@10,0.6131471927654584
5ab5a3fb5542997d4ad1f19b,R@100,0.5
5ab5a4555542997d4ad1f19c,nDCG@10,0.9197207891481876
5ab5a4555542997d4ad1f19c,R@100,1.0
5ab5a7f45542997d4ad1f1a5,nDCG@10,0.6131471927654584
5ab5a7f45542997d4ad1f1a5,R@100,1.0
5ab5ab5d5542992aa134a37d,nDCG@10,0.8065735963827293
5ab5ab5d5542992aa134a37d,R@100,1.0
5ab5ac345542992aa134a37f,nDCG@10,0.6131471927654584
5ab5ac345542992aa134a37f,R@100,0.5
5ab5b0f75542992aa134a38c,nDCG@10,0.6131471927654584
5ab5b0f75542992aa134a38c,R@100,1.0
5ab5b6c1554299637185c5e5,nDCG@10,0.20438239758848611
5ab5b6c1554299637185c5e5,R@100,1.0
5ab5b701554299637185c5e7,nDCG@10,0.6131471927654584
5ab5b701554299637185c5e7,R@100,0.5
5ab5b732554299494045f03c,nDCG@10,0.3065735963827292
5ab5b732554299494045f03c,R@100,1.0
5ab5c263554299488d4d9a18,nDCG@10,0.0
5ab5c263554299488d4d9a18,R@100,1.0
5ab5c31b554299488d4d9a19,nDCG@10,1.0
5ab5c31b554299488d4d9a19,R@100,1.0
5ab5c6e55542997d4ad1f1db,nDCG@10,0.9197207891481876
5ab5c6e55542997d4ad1f1db,R@100,1.0
5ab5c8c5554299637185c60d,nDCG@10,1.0
5ab5c8c5554299637185c60d,R@100,1.0
5ab5c984554299488d4d9a21,nDCG@10,1.0
5ab5c984554299488d4d9a21,R@100,1.0
5ab5cb4f554299637185c616,nDCG@10,0.6131471927654584
5ab5cb4f554299637185c616,R@100,0.5
5ab5cc4a554299637185c61b,nDCG@10,0.6131471927654584
5ab5cc4a554299637185c61b,R@100,1.0
5ab5cd0d554299488d4d9a30,nDCG@10,1.0
5ab5cd0d554299488d4d9a30,R@100,1.0
5ab5cd4f554299488d4d9a31,nDCG@10,0.38685280723454163
5ab5cd4f554299488d4d9a31,R@100,0.5
5ab5cdb85542997d4ad1f1e0,nDCG@10,0.2640681225725909
5ab5cdb85542997d4ad1f1e0,R@100,0.5
5ab5ceb65542997d4ad1f1e2,nDCG@10,0.6131471927654584
5ab5ceb65542997d4ad1f1e2,R@100,1.0
5ab5cedf554299488d4d9a34,nDCG@10,0.6131471927654584
5ab5cedf554299488d4d9a34,R@100,0.5
5ab5d27a554299494045f073,nDCG@10,0.6131471927654584
5ab5d27a554299494045f073,R@100,0.5
5ab5d2ac5542992aa134a3a6,nDCG@10,0.9197207891481876
5ab5d2ac5542992aa134a3a6,R@100,1.0
5ab5d2fe554299488d4d9a3e,nDCG@10,0.0
5ab5d2fe554299488d4d9a3e,R@100,0.0
5ab5d43f5542997d4ad1f1f6,nDCG@10,1.0
5ab5d43f5542997d4ad1f1f6,R@100,1.0
5ab5d4eb5542992aa134a3aa,nDCG@10,0.0
5ab5d4eb5542992aa134a3aa,R@100,0.5
5ab5d6155542997d4ad1f1fa,nDCG@10,0.0
5ab5d6155542997d4ad1f1fa,R@100,0.5
5ab5d9af554299494045f07e,nDCG@10,0.8315546295836225
5ab5d9af554299494045f07e,R@100,1.0
5ab5dc44554299494045f089,nDCG@10,0.8175295903539445
5ab5dc44554299494045f089,R@100,1.0
5ab5dcb95542992aa134a3b3,nDCG@10,0.6131471927654584
5ab5dcb95542992aa134a3b3,R@100,1.0
5ab5de535542992aa134a3b6,nDCG@10,1.0
5ab5de535542992aa134a3b6,R@100,1.0
5ab5df4c5542997d4ad1f218,nDCG@10,1.0
5ab5df4c5542997d4ad1f218,R@100,1.0
5ab5e024554299494045f097,nDCG@10,0.0
5ab5e024554299494045f097,R@100,1.0
5ab5e13c5542992aa134a3bf,nDCG@10,1.0
5ab5e13c5542992aa134a3bf,R@100,1.0
5ab5e2645542992aa134a3c5,nDCG@10,1.0
5ab5e2645542992aa134a3c5,R@100,1.0
5ab5e4e15542997d4ad1f229,nDCG@10,0.6131471927654584
5ab5e4e15542997d4ad1f229,R@100,0.5
5ab5e8935542997d4ad1f23b,nDCG@10,0.6131471927654584
5ab5e8935542997d4ad1f23b,R@100,0.5
5ab5e9865542992aa134a3db,nDCG@10,0.6131471927654584
5ab5e9865542992aa134a3db,R@100,0.5
5ab5ec0a5542997d4ad1f250,nDCG@10,1.0
5ab5ec0a5542997d4ad1f250,R@100,1.0
5ab5ec2a5542992aa134a3e3,nDCG@10,1.0
5ab5ec2a5542992aa134a3e3,R@100,1.0
5ab5ec795542997d4ad1f252,nDCG@10,0.9197207891481876
5ab5ec795542997d4ad1f252,R@100,1.0
5ab5ecd75542992aa134a3e6,nDCG@10,1.0
5ab5ecd75542992aa134a3e6,R@100,1.0
5ab5ed505542997d4ad1f255,nDCG@10,0.6131471927654584
5ab5ed505542997d4ad1f255,R@100,1.0
5ab5ee055542997d4ad1f259,nDCG@10,0.9197207891481876
5ab5ee055542997d4ad1f259,R@100,1.0
5ab5eed65542997d4ad1f25c,nDCG@10,0.8772153153380493
5ab5eed65542997d4ad1f25c,R@100,1.0
5ab5f249554299488d4d9a5d,nDCG@10,0.6131471927654584
5ab5f249554299488d4d9a5d,R@100,1.0
5ab5f372554299488d4d9a60,nDCG@10,1.0
5ab5f372554299488d4d9a60,R@100,1.0
5ab5f75e554299637185c64b,nDCG@10,0.6052602440527057
5ab5f75e554299637185c64b,R@100,1.0
5ab5f854554299637185c64e,nDCG@10,1.0
5ab5f854554299637185c64e,R@100,1.0
5ab5f9a0554299488d4d9a6d,nDCG@10,0.6131471927654584
5ab5f9a0554299488d4d9a6d,R@100,0.5
5ab5fcae554299110f2199ad,nDCG@10,1.0
5ab5fcae554299110f2199ad,R@100,1.0
5ab5fddb554299110f2199af,nDCG@10,0.2640681225725909
5ab5fddb554299110f2199af,R@100,1.0
5ab6006a554299110f2199b5,nDCG@10,0.6131471927654584
5ab6006a554299110f2199b5,R@100,0.5
5ab600fb554299488d4d9a82,nDCG@10,0.6131471927654584
5ab600fb554299488d4d9a82,R@100,1.0
5ab602405542992aa134a401,nDCG@10,0.6131471927654584
5ab602405542992aa134a401,R@100,0.5
5ab6087a554299110f2199be,nDCG@10,1.0
5ab6087a554299110f2199be,R@100,1.0
5ab60aec554299110f2199c3,nDCG@10,0.6131471927654584
5ab60aec554299110f2199c3,R@100,1.0
5ab61140554299110f2199d7,nDCG@10,0.6131471927654584
5ab61140554299110f2199d7,R@100,0.5
5ab611cc5542992aa134a411,nDCG@10,1.0
5ab611cc5542992aa134a411,R@100,1.0
5ab613985542992aa134a418,nDCG@10,0.9197207891481876
5ab613985542992aa134a418,R@100,1.0
5ab614e5554299488d4d9a9c,nDCG@10,0.6131471927654584
5ab614e5554299488d4d9a9c,R@100,0.5
5ab615cf554299488d4d9aa3,nDCG@10,0.3065735963827292
5ab615cf554299488d4d9aa3,R@100,1.0
5ab61668554299488d4d9aa6,nDCG@10,0.6131471927654584
5ab61668554299488d4d9aa6,R@100,1.0
5ab61798554299488d4d9aaa,nDCG@10,0.9197207891481876
5ab61798554299488d4d9aaa,R@100,1.0
5ab61cf5554299637185c668,nDCG@10,0.8315546295836225
5ab61cf5554299637185c668,R@100,1.0
5ab6238e554299710c8d1e6d,nDCG@10,0.6131471927654584
5ab6238e554299710c8d1e6d,R@100,0.5
5ab624b855429953192ad26d,nDCG@10,1.0
5ab624b855429953192ad26d,R@100,1.0
5ab6266555429953192ad277,nDCG@10,0.6131471927654584
5ab6266555429953192ad277,R@100,0.5
5ab626d555429953192ad279,nDCG@10,0.6131471927654584
5ab626d555429953192ad279,R@100,0.5
5ab627d555429953192ad27e,nDCG@10,0.3065735963827292
5ab627d555429953192ad27e,R@100,1.0
5ab632aa55429953192ad296,nDCG@10,0.8315546295836225
5ab632aa55429953192ad296,R@100,1.0
5ab6369655429953192ad2a1,nDCG@10,1.0
5ab6369655429953192ad2a1,R@100,1.0
5ab6390f5542995eadeeff7a,nDCG@10,0.2640681225725909
5ab6390f5542995eadeeff7a,R@100,1.0
5ab6391755429953192ad2a7,nDCG@10,0.5706417189553201
5ab6391755429953192ad2a7,R@100,1.0
5ab639e65542995eadeeff7f,nDCG@10,0.38685280723454163
5ab639e65542995eadeeff7f,R@100,1.0
5ab642845542995eadeeff8e,nDCG@10,1.0
5ab642845542995eadeeff8e,R@100,1.0
5ab64285554299637185c67c,nDCG@10,0.6131471927654584
5ab64285554299637185c67c,R@100,1.0
5ab64cfa55429953192ad2b7,nDCG@10,0.9197207891481876
5ab64cfa55429953192ad2b7,R@100,1.0
5ab659e355429954757d324e,nDCG@10,0.18457569677956817
5ab659e355429954757d324e,R@100,0.5
5ab65e1e55429954757d3261,nDCG@10,0.6131471927654584
5ab65e1e55429954757d3261,R@100,0.5
5ab661ac5542995eadeeffb1,nDCG@10,0.6131471927654584
5ab661ac5542995eadeeffb1,R@100,0.5
5ab6633b55429954757d3278,nDCG@10,0.6131471927654584
5ab6633b55429954757d3278,R@100,1.0
5ab6644655429954757d327d,nDCG@10,0.0
5ab6644655429954757d327d,R@100,1.0
5ab6654455429954757d3281,nDCG@10,0.19342640361727081
5ab6654455429954757d3281,R@100,1.0
5ab66a3555429954757d3290,nDCG@10,0.6131471927654584
5ab66a3555429954757d3290,R@100,0.5
5ab66b63554299110f219a0a,nDCG@10,0.38685280723454163
5ab66b63554299110f219a0a,R@100,1.0
5ab66e1355429954757d32b2,nDCG@10,0.38685280723454163
5ab66e1355429954757d32b2,R@100,1.0
5ab66fd355429954757d32b7,nDCG@10,0.6131471927654584
5ab66fd355429954757d32b7,R@100,1.0
5ab672165542995eadeeffe0,nDCG@10,1.0
5ab672165542995eadeeffe0,R@100,1.0
5ab674b7554299110f219a0c,nDCG@10,0.6131471927654584
5ab674b7554299110f219a0c,R@100,1.0
5ab674ee5542995eadeefff2,nDCG@10,0.6131471927654584
5ab674ee5542995eadeefff2,R@100,0.5
5ab67772554299110f219a12,nDCG@10,0.8065735963827293
5ab67772554299110f219a12,R@100,1.0
5ab677e2554299110f219a13,nDCG@10,0.8772153153380493
5ab677e2554299110f219a13,R@100,1.0
5ab678f455429954757d32d3,nDCG@10,0.6131471927654584
5ab678f455429954757d32d3,R@100,1.0
5ab67aba55429954757d32e7,nDCG@10,0.6131471927654584
5ab67aba55429954757d32e7,R@100,0.5
5ab67bd355429954757d32f2,nDCG@10,1.0
5ab67bd355429954757d32f2,R@100,1.0
5ab67bf255429954757d32f5,nDCG@10,0.2640681225725909
5ab67bf255429954757d32f5,R@100,0.5
5ab67c0055429954757d32f6,nDCG@10,0.38685280723454163
5ab67c0055429954757d32f6,R@100,1.0
5ab67c3f55429954757d32f9,nDCG@10,0.6131471927654584
5ab67c3f55429954757d32f9,R@100,1.0
5ab67ce2554299710c8d1ead,nDCG@10,1.0
5ab67ce2554299710c8d1ead,R@100,1.0
5ab67cf455429954757d3302,nDCG@10,0.6131471927654584
5ab67cf455429954757d3302,R@100,0.5
5ab67d2055429954757d3304,nDCG@10,0.8772153153380493
5ab67d2055429954757d3304,R@100,1.0
5ab67f0055429953192ad2d8,nDCG@10,0.8315546295836225
5ab67f0055429953192ad2d8,R@100,1.0
5ab67f4c55429953192ad2d9,nDCG@10,1.0
5ab67f4c55429953192ad2d9,R@100,1.0
5ab680d15542995eadef0011,nDCG@10,0.6240505200038379
5ab680d15542995eadef0011,R@100,1.0
5ab681ea55429953192ad2e0,nDCG@10,0.6131471927654584
5ab681ea55429953192ad2e0,R@100,1.0
5ab682dc55429954757d3318,nDCG@10,0.6131471927654584
5ab682dc55429954757d3318,R@100,1.0
5ab682f85542995eadef001f,nDCG@10,0.6131471927654584
5ab682f85542995eadef001f,R@100,0.5
5ab68a71554299710c8d1ec2,nDCG@10,0.9197207891481876
5ab68a71554299710c8d1ec2,R@100,1.0
5ab692b5554299710c8d1ed6,nDCG@10,0.6131471927654584
5ab692b5554299710c8d1ed6,R@100,0.5
5ab6973f554299110f219a25,nDCG@10,0.6131471927654584
5ab6973f554299110f219a25,R@100,0.5
5ab6988a554299710c8d1edc,nDCG@10,0.6131471927654584
5ab6988a554299710c8d1edc,R@100,0.5
5ab6993f554299110f219a2b,nDCG@10,0.6131471927654584
5ab6993f554299110f219a2b,R@100,0.5
5ab69c25554299110f219a39,nDCG@10,0.6131471927654584
5ab69c25554299110f219a39,R@100,1.0
5ab69e4f554299710c8d1eee,nDCG@10,1.0
5ab69e4f554299710c8d1eee,R@100,1.0
5ab69e8755429954757d3334,nDCG@10,0.0
5ab69e8755429954757d3334,R@100,0.5
5ab69f13554299710c8d1ef3,nDCG@10,0.3065735963827292
5ab69f13554299710c8d1ef3,R@100,1.0
5ab69f9a554299710c8d1ef8,nDCG@10,0.0
5ab69f9a554299710c8d1ef8,R@100,1.0
5ab6a261554299710c8d1f07,nDCG@10,0.6131471927654584
5ab6a261554299710c8d1f07,R@100,0.5
5ab6a2be554299710c8d1f08,nDCG@10,1.0
5ab6a2be554299710c8d1f08,R@100,1.0
5ab6a3a3554299710c8d1f0d,nDCG@10,0.6131471927654584
5ab6a3a3554299710c8d1f0d,R@100,0.5
5ab6a78b554299710c8d1f28,nDCG@10,0.8503449055347546
5ab6a78b554299710c8d1f28,R@100,1.0
5ab6a8b5554299710c8d1f30,nDCG@10,0.6131471927654584
5ab6a8b5554299710c8d1f30,R@100,0.5
5ab6aa4c55429953192ad359,nDCG@10,0.9197207891481876
5ab6aa4c55429953192ad359,R@100,1.0
5ab6aaff55429953192ad35b,nDCG@10,1.0
5ab6aaff55429953192ad35b,R@100,1.0
5ab6b13b554299710c8d1f3f,nDCG@10,0.5714285040141098
5ab6b13b554299710c8d1f3f,R@100,1.0
5ab6b59f5542995eadef0065,nDCG@10,0.6131471927654584
5ab6b59f5542995eadef0065,R@100,1.0
5ab6b6fd5542995eadef006b,nDCG@10,0.8772153153380493
5ab6b6fd5542995eadef006b,R@100,1.0
5ab6ba045542995eadef007e,nDCG@10,1.0
5ab6ba045542995eadef007e,R@100,1.0
5ab6ba245542995eadef007f,nDCG@10,0.6131471927654584
5ab6ba245542995eadef007f,R@100,1.0
5ab6ba9d5542995eadef0083,nDCG@10,0.6131471927654584
5ab6ba9d5542995eadef0083,R@100,0.5
5ab6bae95542995eadef0086,nDCG@10,1.0
5ab6bae95542995eadef0086,R@100,1.0
5ab6bb575542995eadef0088,nDCG@10,0.6131471927654584
5ab6bb575542995eadef0088,R@100,0.5
5ab6bdd255429953192ad36e,nDCG@10,1.0
5ab6bdd255429953192ad36e,R@100,1.0
5ab6be2f55429954757d335c,nDCG@10,0.39780880120575696
5ab6be2f55429954757d335c,R@100,1.0
5ab6bf6d55429953192ad372,nDCG@10,0.38685280723454163
5ab6bf6d55429953192ad372,R@100,0.5
5ab6c181554299110f219a5f,nDCG@10,0.6131471927654584
5ab6c181554299110f219a5f,R@100,0.5
5ab6c1da554299710c8d1f4c,nDCG@10,0.6131471927654584
5ab6c1da554299710c8d1f4c,R@100,0.5
5ab6c47e55429954757d3368,nDCG@10,1.0
5ab6c47e55429954757d3368,R@100,1.0
5ab6c4e055429953192ad386,nDCG@10,0.38685280723454163
5ab6c4e055429953192ad386,R@100,0.5
5ab6c5be55429954757d336c,nDCG@10,0.0
5ab6c5be55429954757d336c,R@100,0.5
5ab6c63755429953192ad38b,nDCG@10,1.0
5ab6c63755429953192ad38b,R@100,1.0
5ab6c65e554299710c8d1f58,nDCG@10,0.6131471927654584
5ab6c65e554299710c8d1f58,R@100,0.5
5ab6c94c554299710c8d1f5e,nDCG@10,0.3065735963827292
5ab6c94c554299710c8d1f5e,R@100,1.0
5ab6cce1554299710c8d1f67,nDCG@10,0.6131471927654584
5ab6cce1554299710c8d1f67,R@100,0.5
5ab6cd0e554299710c8d1f68,nDCG@10,0.18457569677956817
5ab6cd0e554299710c8d1f68,R@100,0.5
5ab6cebd55429954757d3378,nDCG@10,0.48247555939075504
5ab6cebd55429954757d3378,R@100,1.0
5ab6d04c554299710c8d1f70,nDCG@10,1.0
5ab6d04c554299710c8d1f70,R@100,1.0
5ab6d09255429954757d337d,nDCG@10,0.0
5ab6d09255429954757d337d,R@100,1.0
5ab6d9b25542995eadef00c8,nDCG@10,0.8065735963827293
5ab6d9b25542995eadef00c8,R@100,1.0
5ab6dbc15542995eadef00cd,nDCG@10,0.6934264036172708
5ab6dbc15542995eadef00cd,R@100,1.0
5ab6ddb655429953192ad39e,nDCG@10,0.6131471927654584
5ab6ddb655429953192ad39e,R@100,0.5
5ab6e07b55429954757d33a0,nDCG@10,0.6131471927654584
5ab6e07b55429954757d33a0,R@100,0.5
5ab6e6c7554299710c8d1fa4,nDCG@10,0.7903864795495061
5ab6e6c7554299710c8d1fa4,R@100,1.0
5ab6e848554299710c8d1faa,nDCG@10,0.6131471927654584
5ab6e848554299710c8d1faa,R@100,1.0
5ab6e865554299710c8d1fad,nDCG@10,0.8772153153380493
5ab6e865554299710c8d1fad,R@100,1.0
5ab6e8e6554299710c8d1faf,nDCG@10,0.6131471927654584
5ab6e8e6554299710c8d1faf,R@100,0.5
5ab6ecd85542991d322236cf,nDCG@10,0.6131471927654584
5ab6ecd85542991d322236cf,R@100,1.0
5ab6f0c25542995eadef00ea,nDCG@10,0.0
5ab6f0c25542995eadef00ea,R@100,0.5
5ab6f17d5542995eadef00ee,nDCG@10,0.6131471927654584
5ab6f17d5542995eadef00ee,R@100,1.0
5ab6f222554299110f219a78,nDCG@10,1.0
5ab6f222554299110f219a78,R@100,1.0
5ab6f39c554299110f219a79,nDCG@10,1.0
5ab6f39c554299110f219a79,R@100,1.0
5ab6f7415542991d322236f4,nDCG@10,0.6131471927654584
5ab6f7415542991d322236f4,R@100,0.5
5ab6f9335542991d322236fc,nDCG@10,1.0
5ab6f9335542991d322236fc,R@100,1.0
5ab6faec5542991d32223708,nDCG@10,0.48247555939075504
5ab6faec5542991d32223708,R@100,1.0
5ab6fc8a5542991d32223714,nDCG@10,0.9197207891481876
5ab6fc8a5542991d32223714,R@100,1.0
5ab6fcf55542991d32223718,nDCG@10,0.6131471927654584
5ab6fcf55542991d32223718,R@100,0.5
5ab6ff3a5542991d3222372a,nDCG@10,0.8065735963827293
5ab6ff3a5542991d3222372a,R@100,1.0
5ab700ca5542991d32223736,nDCG@10,0.8175295903539445
5ab700ca5542991d32223736,R@100,1.0
5ab701395542991d3222373a,nDCG@10,0.5640920940185894
5ab701395542991d3222373a,R@100,1.0
5ab7022f5542995eadef010e,nDCG@10,0.7977228895450266
5ab7022f5542995eadef010e,R@100,1.0
5ab707d65542991d32223761,nDCG@10,0.38685280723454163
5ab707d65542991d32223761,R@100,1.0
5ab70c41554299110f219a9d,nDCG@10,0.8175295903539445
5ab70c41554299110f219a9d,R@100,1.0
5ab70f79554299110f219aa9,nDCG@10,0.6131471927654584
5ab70f79554299110f219aa9,R@100,0.5
5ab7178f5542991d32223774,nDCG@10,0.9197207891481876
5ab7178f5542991d32223774,R@100,1.0
5ab71a6a5542991d3222377c,nDCG@10,0.0
5ab71a6a5542991d3222377c,R@100,0.0
5ab71b5c5542991d3222377e,nDCG@10,0.6131471927654584
5ab71b5c5542991d3222377e,R@100,0.5
5ab71f7d554299110f219ab9,nDCG@10,1.0
5ab71f7d554299110f219ab9,R@100,1.0
5ab720685542993667793f44,nDCG@10,0.6131471927654584
5ab720685542993667793f44,R@100,1.0
5ab7209a554299110f219aba,nDCG@10,0.6131471927654584
5ab7209a554299110f219aba,R@100,0.5
5ab721325542992aa3b8c7a2,nDCG@10,0.9197207891481876
5ab721325542992aa3b8c7a2,R@100,1.0
5ab724b45542991d32223785,nDCG@10,1.0
5ab724b45542991d32223785,R@100,1.0
5ab726415542993667793f52,nDCG@10,0.38685280723454163
5ab726415542993667793f52,R@100,0.5
5ab7268b5542992aa3b8c7b1,nDCG@10,1.0
5ab7268b5542992aa3b8c7b1,R@100,1.0
5ab729335542993667793f5a,nDCG@10,1.0
5ab729335542993667793f5a,R@100,1.0
5ab72a025542992aa3b8c7b8,nDCG@10,0.38685280723454163
5ab72a025542992aa3b8c7b8,R@100,1.0
5ab72a035542993667793f5c,nDCG@10,0.8772153153380493
5ab72a035542993667793f5c,R@100,1.0
5ab72b5855429928e1fe3828,nDCG@10,0.21840743681816419
5ab72b5855429928e1fe3828,R@100,0.5
5ab72b5c5542993667793f63,nDCG@10,1.0
5ab72b5c5542993667793f63,R@100,1.0
5ab72c7d55429928e1fe3830,nDCG@10,0.8772153153380493
5ab72c7d55429928e1fe3830,R@100,1.0
5ab72d925542993667793f6e,nDCG@10,0.19342640361727081
5ab72d925542993667793f6e,R@100,1.0
5ab736a65542992aa3b8c7db,nDCG@10,0.6131471927654584
5ab736a65542992aa3b8c7db,R@100,1.0
5ab73b2e5542993667793f9b,nDCG@10,1.0
5ab73b2e5542993667793f9b,R@100,1.0
5ab73de755429928e1fe383b,nDCG@10,0.8772153153380493
5ab73de755429928e1fe383b,R@100,1.0
5ab73eaf5542992aa3b8c7ef,nDCG@10,0.6131471927654584
5ab73eaf5542992aa3b8c7ef,R@100,1.0
5ab741005542992aa3b8c800,nDCG@10,1.0
5ab741005542992aa3b8c800,R@100,1.0
5ab7452b5542992aa3b8c806,nDCG@10,0.6131471927654584
5ab7452b5542992aa3b8c806,R@100,1.0
5ab746c8554299110f219aef,nDCG@10,0.6131471927654584
5ab746c8554299110f219aef,R@100,1.0
5ab7484c5542992aa3b8c80d,nDCG@10,0.3065735963827292
5ab7484c5542992aa3b8c80d,R@100,1.0
5ab74eb85542993667793fb8,nDCG@10,0.6131471927654584
5ab74eb85542993667793fb8,R@100,1.0
5ab761d955429928e1fe3856,nDCG@10,0.6131471927654584
5ab761d955429928e1fe3856,R@100,0.5
5ab762fb55429928e1fe3857,nDCG@10,0.0
5ab762fb55429928e1fe3857,R@100,1.0
5ab7867c5542992aa3b8c822,nDCG@10,1.0
5ab7867c5542992aa3b8c822,R@100,1.0
5ab78a445542992aa3b8c826,nDCG@10,0.0
5ab78a445542992aa3b8c826,R@100,0.0
5ab78e2e55429928e1fe387d,nDCG@10,0.2640681225725909
5ab78e2e55429928e1fe387d,R@100,0.5
5ab78edc5542995dae37e95c,nDCG@10,0.6131471927654584
5ab78edc5542995dae37e95c,R@100,0.5
5ab7948b5542995dae37e969,nDCG@10,0.6131471927654584
5ab7948b5542995dae37e969,R@100,0.5
5ab797af5542995dae37e96c,nDCG@10,0.6131471927654584
5ab797af5542995dae37e96c,R@100,0.5
5ab7a1f65542991d3222378f,nDCG@10,0.6131471927654584
5ab7a1f65542991d3222378f,R@100,0.5
5ab7a86d5542995dae37e986,nDCG@10,0.6131471927654584
5ab7a86d5542995dae37e986,R@100,1.0
5ab7af9d5542993667793fe9,nDCG@10,0.0
5ab7af9d5542993667793fe9,R@100,1.0
5ab7b0575542992aa3b8c83d,nDCG@10,0.6131471927654584
5ab7b0575542992aa3b8c83d,R@100,0.5
5ab7b0775542992aa3b8c83e,nDCG@10,0.6131471927654584
5ab7b0775542992aa3b8c83e,R@100,0.5
5ab7b3cc55429928e1fe3893,nDCG@10,0.6131471927654584
5ab7b3cc55429928e1fe3893,R@100,1.0
5ab7ba4155429928e1fe38b2,nDCG@10,0.6131471927654584
5ab7ba4155429928e1fe38b2,R@100,0.5
5ab7ba7555429928e1fe38b5,nDCG@10,0.8065735963827293
5ab7ba7555429928e1fe38b5,R@100,1.0
5ab7bae95542993667793ff4,nDCG@10,0.6131471927654584
5ab7bae95542993667793ff4,R@100,0.5
5ab7bbbf55429928e1fe38bf,nDCG@10,0.6131471927654584
5ab7bbbf55429928e1fe38bf,R@100,1.0
5ab7bf3f5542991d322237a8,nDCG@10,0.6131471927654584
5ab7bf3f5542991d322237a8,R@100,0.5
5ab7bfe955429928e1fe38c2,nDCG@10,0.6131471927654584
5ab7bfe955429928e1fe38c2,R@100,1.0
5ab7c1a955429928e1fe38c8,nDCG@10,1.0
5ab7c1a955429928e1fe38c8,R@100,1.0
5ab7c24e5542995dae37e998,nDCG@10,0.6131471927654584
5ab7c24e5542995dae37e998,R@100,1.0
5ab7c3df5542993667794003,nDCG@10,0.9197207891481876
5ab7c3df5542993667794003,R@100,1.0
5ab7c3ed5542991d322237b2,nDCG@10,0.6131471927654584
5ab7c3ed5542991d322237b2,R@100,1.0
5ab7c6995542993667794005,nDCG@10,0.44130740935663865
5ab7c6995542993667794005,R@100,1.0
5ab7c87d55429928e1fe38de,nDCG@10,0.9197207891481876
5ab7c87d55429928e1fe38de,R@100,1.0
5ab7cc145542995dae37e9a1,nDCG@10,0.4911492931622974
5ab7cc145542995dae37e9a1,R@100,1.0
5ab7ccf455429928e1fe3910,nDCG@10,0.6131471927654584
5ab7ccf455429928e1fe3910,R@100,0.5
5ab7d12f55429928e1fe391f,nDCG@10,0.8772153153380493
5ab7d12f55429928e1fe391f,R@100,1.0
5ab7d33d5542992aa3b8c859,nDCG@10,0.5802792108518124
5ab7d33d5542992aa3b8c859,R@100,1.0
5ab7d6ec5542995dae37e9b4,nDCG@10,0.6131471927654584
5ab7d6ec5542995dae37e9b4,R@100,0.5
5ab7da6f55429928e1fe3928,nDCG@10,0.6131471927654584
5ab7da6f55429928e1fe3928,R@100,0.5
5ab7de455542992aa3b8c864,nDCG@10,0.6131471927654584
5ab7de455542992aa3b8c864,R@100,1.0
5ab7e3c45542995dae37e9db,nDCG@10,0.7977228895450266
5ab7e3c45542995dae37e9db,R@100,1.0
5ab7e4dc5542995dae37e9df,nDCG@10,1.0
5ab7e4dc5542995dae37e9df,R@100,1.0
5ab7ece25542995dae37e9f3,nDCG@10,0.0
5ab7ece25542995dae37e9f3,R@100,0.0
5ab7ee895542995dae37e9f6,nDCG@10,0.6131471927654584
5ab7ee895542995dae37e9f6,R@100,1.0
5ab7ef0f5542991d322237ca,nDCG@10,0.6131471927654584
5ab7ef0f5542991d322237ca,R@100,0.5
5ab7f0015542992aa3b8c88b,nDCG@10,0.6131471927654584
5ab7f0015542992aa3b8c88b,R@100,0.5
5ab7f0995542995dae37e9fb,nDCG@10,1.0
5ab7f0995542995dae37e9fb,R@100,1.0
5ab7f0b9554299366779405d,nDCG@10,0.0
5ab7f0b9554299366779405d,R@100,1.0
5ab7f1315542991d322237d1,nDCG@10,0.6131471927654584
5ab7f1315542991d322237d1,R@100,0.5
5ab7f1b65542991d322237d3,nDCG@10,0.6131471927654584
5ab7f1b65542991d322237d3,R@100,1.0
5ab7f22a5542991d322237d4,nDCG@10,0.0
5ab7f22a5542991d322237d4,R@100,0.5
5ab7f27e5542991d322237d6,nDCG@10,0.6131471927654584
5ab7f27e5542991d322237d6,R@100,1.0
5ab7f2d05542993667794064,nDCG@10,0.6131471927654584
5ab7f2d05542993667794064,R@100,1.0
5ab7f3285542992aa3b8c88f,nDCG@10,0.8772153153380493
5ab7f3285542992aa3b8c88f,R@100,1.0
5ab7f6d35542993667794070,nDCG@10,0.9197207891481876
5ab7f6d35542993667794070,R@100,1.0
5ab7f7465542993667794071,nDCG@10,1.0
5ab7f7465542993667794071,R@100,1.0
5ab7f78f5542991d322237e6,nDCG@10,0.0
5ab7f78f5542991d322237e6,R@100,0.5
5ab7f97a5542991d322237ef,nDCG@10,1.0
5ab7f97a5542991d322237ef,R@100,1.0
5ab7fa4f5542993667794080,nDCG@10,0.9197207891481876
5ab7fa4f5542993667794080,R@100,1.0
5ab7fa7b5542992aa3b8c897,nDCG@10,1.0
5ab7fa7b5542992aa3b8c897,R@100,1.0
5ab7fbbb5542990e739ec7b0,nDCG@10,0.8503449055347546
5ab7fbbb5542990e739ec7b0,R@100,1.0
5ab7fd6b5542990e739ec7b5,nDCG@10,0.0
5ab7fd6b5542990e739ec7b5,R@100,0.5
5ab7ff1d5542990e739ec7b9,nDCG@10,0.6131471927654584
5ab7ff1d5542990e739ec7b9,R@100,0.5
5ab801da5542990e739ec7c9,nDCG@10,1.0
5ab801da5542990e739ec7c9,R@100,1.0
5ab802085542990e739ec7ca,nDCG@10,1.0
5ab802085542990e739ec7ca,R@100,1.0
5ab804065542990e739ec7e0,nDCG@10,0.8772153153380493
5ab804065542990e739ec7e0,R@100,1.0
5ab804305542995dae37ea14,nDCG@10,0.6131471927654584
5ab804305542995dae37ea14,R@100,0.5
5ab808b85542991d3222380d,nDCG@10,0.6131471927654584
5ab808b85542991d3222380d,R@100,0.5
5ab808ea5542991d3222380e,nDCG@10,0.9197207891481876
5ab808ea5542991d3222380e,R@100,1.0
5ab809195542991d3222380f,nDCG@10,0.9197207891481876
5ab809195542991d3222380f,R@100,1.0
5ab809bb5542990e739ec7f9,nDCG@10,0.6131471927654584
5ab809bb5542990e739ec7f9,R@100,0.5
5ab80bbf5542991d32223818,nDCG@10,1.0
5ab80bbf5542991d32223818,R@100,1.0
5ab80e1455429916710eafd7,nDCG@10,0.6131471927654584
5ab80e1455429916710eafd7,R@100,1.0
5ab80faf55429916710eafd9,nDCG@10,1.0
5ab80faf55429916710eafd9,R@100,1.0
5ab8111c5542991d3222382b,nDCG@10,0.5437713091520254
5ab8111c5542991d3222382b,R@100,1.0
5ab811395542990e739ec80f,nDCG@10,1.0
5ab811395542990e739ec80f,R@100,1.0
5ab811e95542995dae37ea22,nDCG@10,0.7903864795495061
5ab811e95542995dae37ea22,R@100,1.0
5ab815865542995dae37ea2d,nDCG@10,1.0
5ab815865542995dae37ea2d,R@100,1.0
5ab816b05542990e739ec815,nDCG@10,0.6131471927654584
5ab816b05542990e739ec815,R@100,0.5
5ab8179f5542990e739ec817,nDCG@10,0.8772153153380493
5ab8179f5542990e739ec817,R@100,1.0
5ab819065542995dae37ea3c,nDCG@10,0.38685280723454163
5ab819065542995dae37ea3c,R@100,1.0
5ab81cd955429916710eaff7,nDCG@10,0.6131471927654584
5ab81cd955429916710eaff7,R@100,1.0
5ab81cff5542990e739ec827,nDCG@10,0.6131471927654584
5ab81cff5542990e739ec827,R@100,0.5
5ab822ef55429916710eafff,nDCG@10,0.6131471927654584
5ab822ef55429916710eafff,R@100,1.0
5ab8261655429934fafe6cf1,nDCG@10,0.6131471927654584
5ab8261655429934fafe6cf1,R@100,0.5
5ab827a555429934fafe6cf5,nDCG@10,0.6131471927654584
5ab827a555429934fafe6cf5,R@100,0.5
5ab8284d5542990e739ec83f,nDCG@10,0.6131471927654584
5ab8284d5542990e739ec83f,R@100,1.0
5ab828f25542992aa3b8c8a3,nDCG@10,0.8772153153380493
5ab828f25542992aa3b8c8a3,R@100,1.0
5ab82bbb5542990e739ec84c,nDCG@10,0.6934264036172708
5ab82bbb5542990e739ec84c,R@100,1.0
5ab82d095542990e739ec853,nDCG@10,0.6131471927654584
5ab82d095542990e739ec853,R@100,0.5
5ab82d345542990e739ec854,nDCG@10,0.8772153153380493
5ab82d345542990e739ec854,R@100,1.0
5ab82dbb5542990e739ec857,nDCG@10,0.6131471927654584
5ab82dbb5542990e739ec857,R@100,0.5
5ab82e195542992aa3b8c8a8,nDCG@10,1.0
5ab82e195542992aa3b8c8a8,R@100,1.0
5ab82fe155429919ba4e225a,nDCG@10,0.0
5ab82fe155429919ba4e225a,R@100,0.0
5ab8337a55429919ba4e225f,nDCG@10,0.0
5ab8337a55429919ba4e225f,R@100,0.5
5ab8338155429919ba4e2260,nDCG@10,0.6131471927654584
5ab8338155429919ba4e2260,R@100,0.5
5ab833ad5542990e739ec86f,nDCG@10,0.6131471927654584
5ab833ad5542990e739ec86f,R@100,0.5
5ab8372255429919ba4e226b,nDCG@10,0.0
5ab8372255429919ba4e226b,R@100,0.5
5ab8397155429919ba4e2272,nDCG@10,0.6131471927654584
5ab8397155429919ba4e2272,R@100,0.5
5ab83bd055429919ba4e2279,nDCG@10,1.0
5ab83bd055429919ba4e2279,R@100,1.0
5ab83d595542990e739ec886,nDCG@10,1.0
5ab83d595542990e739ec886,R@100,1.0
5ab83e1a55429919ba4e2280,nDCG@10,0.9197207891481876
5ab83e1a55429919ba4e2280,R@100,1.0
5ab83f9f5542990e739ec891,nDCG@10,0.9197207891481876
5ab83f9f5542990e739ec891,R@100,1.0
5ab840e255429934fafe6d3b,nDCG@10,1.0
5ab840e255429934fafe6d3b,R@100,1.0
5ab841d15542990e739ec89d,nDCG@10,0.6131471927654584
5ab841d15542990e739ec89d,R@100,0.5
5ab8420555429919ba4e2290,nDCG@10,1.0
5ab8420555429919ba4e2290,R@100,1.0
5ab844815542992aa3b8c8af,nDCG@10,0.6131471927654584
5ab844815542992aa3b8c8af,R@100,0.5
5ab846e155429919ba4e229c,nDCG@10,0.8772153153380493
5ab846e155429919ba4e229c,R@100,1.0
5ab8494d55429916710eb016,nDCG@10,0.5706417189553201
5ab8494d55429916710eb016,R@100,1.0
5ab849d955429916710eb017,nDCG@10,0.6131471927654584
5ab849d955429916710eb017,R@100,1.0
5ab84bab55429934fafe6d49,nDCG@10,1.0
5ab84bab55429934fafe6d49,R@100,1.0
5ab84bf555429916710eb01f,nDCG@10,1.0
5ab84bf555429916710eb01f,R@100,1.0
5ab84c6955429916710eb021,nDCG@10,0.3065735963827292
5ab84c6955429916710eb021,R@100,1.0
5ab84d5a55429916710eb028,nDCG@10,0.6131471927654584
5ab84d5a55429916710eb028,R@100,0.5
5ab84de95542990e739ec8b4,nDCG@10,0.6131471927654584
5ab84de95542990e739ec8b4,R@100,0.5
5ab84dea55429934fafe6d4f,nDCG@10,0.18457569677956817
5ab84dea55429934fafe6d4f,R@100,0.5
5ab84f2c55429934fafe6d54,nDCG@10,0.6131471927654584
5ab84f2c55429934fafe6d54,R@100,0.5
5ab850795542990e739ec8bd,nDCG@10,0.6131471927654584
5ab850795542990e739ec8bd,R@100,0.5
5ab850b255429916710eb036,nDCG@10,0.8175295903539445
5ab850b255429916710eb036,R@100,1.0
5ab851e35542990e739ec8c3,nDCG@10,0.6131471927654584
5ab851e35542990e739ec8c3,R@100,0.5
5ab8524f5542990e739ec8c4,nDCG@10,0.6131471927654584
5ab8524f5542990e739ec8c4,R@100,0.5
5ab852c05542990e739ec8c5,nDCG@10,0.8772153153380493
5ab852c05542990e739ec8c5,R@100,1.0
5ab859a955429934fafe6d7b,nDCG@10,0.6131471927654584
5ab859a955429934fafe6d7b,R@100,1.0
5ab85a1155429934fafe6d7c,nDCG@10,0.2640681225725909
5ab85a1155429934fafe6d7c,R@100,0.5
5ab85b1755429916710eb041,nDCG@10,1.0
5ab85b1755429916710eb041,R@100,1.0
5ab85c8d55429934fafe6d84,nDCG@10,0.8772153153380493
5ab85c8d55429934fafe6d84,R@100,1.0
5ab85d6c55429919ba4e22cb,nDCG@10,0.18457569677956817
5ab85d6c55429919ba4e22cb,R@100,0.5
5ab85e195542992aa3b8c8c5,nDCG@10,1.0
5ab85e195542992aa3b8c8c5,R@100,1.0
5ab85e9e55429934fafe6d8b,nDCG@10,0.6131471927654584
5ab85e9e55429934fafe6d8b,R@100,1.0
5ab85f555542992aa3b8c8ca,nDCG@10,0.0
5ab85f555542992aa3b8c8ca,R@100,0.5
5ab8627f5542990e739ec8da,nDCG@10,0.6131471927654584
5ab8627f5542990e739ec8da,R@100,1.0
5ab862b35542990e739ec8db,nDCG@10,0.0
5ab862b35542990e739ec8db,R@100,0.5
5ab862f95542992aa3b8c8d4,nDCG@10,0.8772153153380493
5ab862f95542992aa3b8c8d4,R@100,1.0
5ab8633c55429919ba4e22d6,nDCG@10,0.6052602440527057
5ab8633c55429919ba4e22d6,R@100,1.0
5ab8634e5542990e739ec8de,nDCG@10,0.6131471927654584
5ab8634e5542990e739ec8de,R@100,0.5
5ab864945542990e739ec8e1,nDCG@10,0.6131471927654584
5ab864945542990e739ec8e1,R@100,1.0
5ab865195542990e739ec8e3,nDCG@10,0.8315546295836225
5ab865195542990e739ec8e3,R@100,1.0
5ab865235542992aa3b8c8db,nDCG@10,1.0
5ab865235542992aa3b8c8db,R@100,1.0
5ab865ad5542992aa3b8c8dd,nDCG@10,0.5802792108518124
5ab865ad5542992aa3b8c8dd,R@100,1.0
5ab8680755429934fafe6da8,nDCG@10,0.9197207891481876
5ab8680755429934fafe6da8,R@100,1.0
5ab8688b55429934fafe6daa,nDCG@10,1.0
5ab8688b55429934fafe6daa,R@100,1.0
5ab868e755429919ba4e22e3,nDCG@10,0.6131471927654584
5ab868e755429919ba4e22e3,R@100,1.0
5ab870ed55429934fafe6db9,nDCG@10,0.6131471927654584
5ab870ed55429934fafe6db9,R@100,0.5
5ab870ee5542990e739ec8f6,nDCG@10,0.6131471927654584
5ab870ee5542990e739ec8f6,R@100,0.5
5ab871725542990e739ec8f8,nDCG@10,0.6131471927654584
5ab871725542990e739ec8f8,R@100,1.0
5ab8723c55429934fafe6dbc,nDCG@10,0.6131471927654584
5ab8723c55429934fafe6dbc,R@100,0.5
5ab8736455429916710eb058,nDCG@10,1.0
5ab8736455429916710eb058,R@100,1.0
5ab874ba5542990e739ec904,nDCG@10,0.6131471927654584
5ab874ba5542990e739ec904,R@100,0.5
5ab8750255429934fafe6dd1,nDCG@10,0.6131471927654584
5ab8750255429934fafe6dd1,R@100,0.5
5ab8756755429934fafe6dd3,nDCG@10,0.3065735963827292
5ab8756755429934fafe6dd3,R@100,1.0
5ab875bd55429916710eb062,nDCG@10,0.9197207891481876
5ab875bd55429916710eb062,R@100,1.0
5ab8764155429919ba4e22fe,nDCG@10,0.6131471927654584
5ab8764155429919ba4e22fe,R@100,1.0
5ab878ba55429916710eb06c,nDCG@10,0.8315546295836225
5ab878ba55429916710eb06c,R@100,1.0
5ab87b2955429934fafe6df4,nDCG@10,0.6131471927654584
5ab87b2955429934fafe6df4,R@100,1.0
5ab87fa255429934fafe6e00,nDCG@10,0.38685280723454163
5ab87fa255429934fafe6e00,R@100,0.5
5ab8829d55429934fafe6e08,nDCG@10,0.6131471927654584
5ab8829d55429934fafe6e08,R@100,0.5
5ab8848d55429916710eb07b,nDCG@10,0.8503449055347546
5ab8848d55429916710eb07b,R@100,1.0
5ab8854555429934fafe6e0c,nDCG@10,1.0
5ab8854555429934fafe6e0c,R@100,1.0
5ab8869155429916710eb081,nDCG@10,0.6131471927654584
5ab8869155429916710eb081,R@100,1.0
5ab8883455429916710eb084,nDCG@10,1.0
5ab8883455429916710eb084,R@100,1.0
5ab88c075542991b5579efbe,nDCG@10,0.6131471927654584
5ab88c075542991b5579efbe,R@100,1.0
5ab8903555429916710eb08e,nDCG@10,0.6131471927654584
5ab8903555429916710eb08e,R@100,0.5
5ab8919655429934fafe6e13,nDCG@10,0.9197207891481876
5ab8919655429934fafe6e13,R@100,1.0
5ab89cc25542991b5579efc3,nDCG@10,0.6131471927654584
5ab89cc25542991b5579efc3,R@100,0.5
5ab8a7f65542991b5579efca,nDCG@10,0.6131471927654584
5ab8a7f65542991b5579efca,R@100,0.5
5ab8ae585542991b5579efd8,nDCG@10,0.21840743681816419
5ab8ae585542991b5579efd8,R@100,0.5
5ab8b02d5542991b5579efdb,nDCG@10,0.8503449055347546
5ab8b02d5542991b5579efdb,R@100,1.0
5ab8c3c65542991b5579effd,nDCG@10,0.6934264036172708
5ab8c3c65542991b5579effd,R@100,1.0
5ab8ca5d5542991b5579f005,nDCG@10,0.6131471927654584
5ab8ca5d5542991b5579f005,R@100,0.5
5ab8cd3d5542991b5579f009,nDCG@10,0.6131471927654584
5ab8cd3d5542991b5579f009,R@100,0.5
5ab8e70b5542991b5579f031,nDCG@10,0.3065735963827292
5ab8e70b5542991b5579f031,R@100,0.5
5ab8eabb5542991b5579f03d,nDCG@10,0.6131471927654584
5ab8eabb5542991b5579f03d,R@100,1.0
5ab8ed305542991b5579f046,nDCG@10,0.6131471927654584
5ab8ed305542991b5579f046,R@100,0.5
5ab8ee035542991b5579f04b,nDCG@10,0.6131471927654584
5ab8ee035542991b5579f04b,R@100,1.0
5ab8ee805542991b5579f051,nDCG@10,0.6131471927654584
5ab8ee805542991b5579f051,R@100,0.5
5ab8effd5542991b5579f062,nDCG@10,0.9197207891481876
5ab8effd5542991b5579f062,R@100,1.0
5ab8f3235542991b5579f084,nDCG@10,0.6131471927654584
5ab8f3235542991b5579f084,R@100,0.5
5ab8f33155429919ba4e237f,nDCG@10,1.0
5ab8f33155429919ba4e237f,R@100,1.0
5ab8f4ee5542991b5579f091,nDCG@10,1.0
5ab8f4ee5542991b5579f091,R@100,1.0
5ab8f53355429916710eb0d1,nDCG@10,1.0
5ab8f53355429916710eb0d1,R@100,1.0
5ab8f57b5542991b5579f097,nDCG@10,0.19342640361727081
5ab8f57b5542991b5579f097,R@100,0.5
5ab8f7535542991b5579f0a7,nDCG@10,1.0
5ab8f7535542991b5579f0a7,R@100,1.0
5ab8ffc655429934fafe6e30,nDCG@10,0.6131471927654584
5ab8ffc655429934fafe6e30,R@100,0.5
5ab900045542991b5579f0c0,nDCG@10,0.0
5ab900045542991b5579f0c0,R@100,0.5
5ab90a2055429916710eb0ea,nDCG@10,0.6131471927654584
5ab90a2055429916710eb0ea,R@100,1.0
5ab90d2755429916710eb0f0,nDCG@10,0.6131471927654584
5ab90d2755429916710eb0f0,R@100,0.5
5ab90d8955429916710eb0f1,nDCG@10,0.6131471927654584
5ab90d8955429916710eb0f1,R@100,1.0
5ab90db455429916710eb0f2,nDCG@10,0.6934264036172708
5ab90db455429916710eb0f2,R@100,1.0
5ab90e9755429934fafe6e51,nDCG@10,0.6131471927654584
5ab90e9755429934fafe6e51,R@100,1.0
5ab90f5755429934fafe6e57,nDCG@10,0.6131471927654584
5ab90f5755429934fafe6e57,R@100,0.5
5ab90fdd55429916710eb0fc,nDCG@10,0.6131471927654584
5ab90fdd55429916710eb0fc,R@100,1.0
5ab913205542991b5579f0e0,nDCG@10,0.9197207891481876
5ab913205542991b5579f0e0,R@100,1.0
5ab915ad55429919ba4e239c,nDCG@10,0.45749452618986164
5ab915ad55429919ba4e239c,R@100,1.0
5ab916e155429919ba4e23a4,nDCG@10,0.38685280723454163
5ab916e155429919ba4e23a4,R@100,1.0
5ab91799554299753720f6ea,nDCG@10,0.8772153153380493
5ab91799554299753720f6ea,R@100,1.0
5ab9180b5542991b5579f0f3,nDCG@10,1.0
5ab9180b5542991b5579f0f3,R@100,1.0
5ab9188c5542991b5579f0f5,nDCG@10,0.0
5ab9188c5542991b5579f0f5,R@100,1.0
5ab91b6c55429934fafe6e5f,nDCG@10,0.8065735963827293
5ab91b6c55429934fafe6e5f,R@100,1.0
5ab91dc555429919ba4e23b4,nDCG@10,1.0
5ab91dc555429919ba4e23b4,R@100,1.0
5ab91e3255429916710eb117,nDCG@10,0.2640681225725909
5ab91e3255429916710eb117,R@100,0.5
5ab91ef3554299753720f708,nDCG@10,1.0
5ab91ef3554299753720f708,R@100,1.0
5ab91f98554299753720f70d,nDCG@10,0.8772153153380493
5ab91f98554299753720f70d,R@100,1.0
5ab92307554299753720f72d,nDCG@10,0.7977228895450266
5ab92307554299753720f72d,R@100,1.0
5ab925c755429919ba4e23d6,nDCG@10,1.0
5ab925c755429919ba4e23d6,R@100,1.0
5ab925fd554299131ca42281,nDCG@10,0.6131471927654584
5ab925fd554299131ca42281,R@100,1.0
5ab926bc554299131ca42285,nDCG@10,1.0
5ab926bc554299131ca42285,R@100,1.0
5ab928c255429934fafe6e6e,nDCG@10,0.8175295903539445
5ab928c255429934fafe6e6e,R@100,1.0
5ab92e02554299753720f775,nDCG@10,0.6131471927654584
5ab92e02554299753720f775,R@100,0.5
5ab92e3c554299753720f777,nDCG@10,0.2640681225725909
5ab92e3c554299753720f777,R@100,0.5
5ab92f1f554299753720f77b,nDCG@10,0.6131471927654584
5ab92f1f554299753720f77b,R@100,1.0
5ab92f52554299131ca422a9,nDCG@10,0.38685280723454163
5ab92f52554299131ca422a9,R@100,0.5
5ab930655542991b5579f12a,nDCG@10,0.38685280723454163
5ab930655542991b5579f12a,R@100,1.0
5ab930c75542996be202043a,nDCG@10,1.0
5ab930c75542996be202043a,R@100,1.0
5ab931475542991b5579f12f,nDCG@10,0.4911492931622974
5ab931475542991b5579f12f,R@100,1.0
5ab93262554299131ca422b6,nDCG@10,0.6131471927654584
5ab93262554299131ca422b6,R@100,1.0
5ab9339f554299131ca422bb,nDCG@10,1.0
5ab9339f554299131ca422bb,R@100,1.0
5ab934465542996be202043e,nDCG@10,0.6934264036172708
5ab934465542996be202043e,R@100,1.0
5ab935c755429934fafe6e74,nDCG@10,0.6934264036172708
5ab935c755429934fafe6e74,R@100,1.0
5ab9374b554299131ca422c6,nDCG@10,0.6131471927654584
5ab9374b554299131ca422c6,R@100,0.5
5ab93781554299131ca422c7,nDCG@10,0.6131471927654584
5ab93781554299131ca422c7,R@100,0.5
5ab9379a554299753720f79d,nDCG@10,0.8503449055347546
5ab9379a554299753720f79d,R@100,1.0
5ab93841554299131ca422cb,nDCG@10,0.9197207891481876
5ab93841554299131ca422cb,R@100,1.0
5ab938db5542996be2020454,nDCG@10,0.6240505200038379
5ab938db5542996be2020454,R@100,1.0
5ab938fb554299131ca422ce,nDCG@10,0.8175295903539445
5ab938fb554299131ca422ce,R@100,1.0
5ab9405c554299743d22ea7c,nDCG@10,0.6131471927654584
5ab9405c554299743d22ea7c,R@100,0.5
5ab941c2554299743d22ea88,nDCG@10,0.6131471927654584
5ab941c2554299743d22ea88,R@100,1.0
5ab946d7554299743d22eaaf,nDCG@10,0.6131471927654584
5ab946d7554299743d22eaaf,R@100,0.5
5ab94acd554299743d22eac6,nDCG@10,0.6131471927654584
5ab94acd554299743d22eac6,R@100,1.0
5ab94ade554299743d22eac7,nDCG@10,0.6131471927654584
5ab94ade554299743d22eac7,R@100,0.5
5ab94bc2554299743d22eacf,nDCG@10,1.0
5ab94bc2554299743d22eacf,R@100,1.0
5ab94cca554299753720f7dd,nDCG@10,0.6131471927654584
5ab94cca554299753720f7dd,R@100,1.0
5ab94cf0554299743d22eade,nDCG@10,0.6131471927654584
5ab94cf0554299743d22eade,R@100,0.5
5ab94d9a554299743d22eae3,nDCG@10,0.8315546295836225
5ab94d9a554299743d22eae3,R@100,1.0
5ab94e72554299743d22eaed,nDCG@10,0.6131471927654584
5ab94e72554299743d22eaed,R@100,0.5
5ab94fa25542996be2020474,nDCG@10,0.38685280723454163
5ab94fa25542996be2020474,R@100,0.5
5ab950bd55429970cfb8ea4c,nDCG@10,0.6131471927654584
5ab950bd55429970cfb8ea4c,R@100,1.0
5ab9530a55429970cfb8ea62,nDCG@10,0.6131471927654584
5ab9530a55429970cfb8ea62,R@100,0.5
5ab9535a5542996be202047e,nDCG@10,0.8315546295836225
5ab9535a5542996be202047e,R@100,1.0
5ab953a45542996be202047f,nDCG@10,0.5802792108518124
5ab953a45542996be202047f,R@100,1.0
5ab9547755429970cfb8ea6c,nDCG@10,0.9197207891481876
5ab9547755429970cfb8ea6c,R@100,1.0
5ab9560855429970cfb8ea73,nDCG@10,0.8503449055347546
5ab9560855429970cfb8ea73,R@100,1.0
5ab9587d55429970cfb8ea7e,nDCG@10,0.38685280723454163
5ab9587d55429970cfb8ea7e,R@100,0.5
5ab959905542996be2020497,nDCG@10,0.9197207891481876
5ab959905542996be2020497,R@100,1.0
5ab95a63554299743d22eb06,nDCG@10,0.38685280723454163
5ab95a63554299743d22eb06,R@100,1.0
5ab95dd8554299743d22eb13,nDCG@10,0.21840743681816419
5ab95dd8554299743d22eb13,R@100,1.0
5ab960d6554299743d22eb21,nDCG@10,0.6131471927654584
5ab960d6554299743d22eb21,R@100,0.5
5ab9618f554299743d22eb28,nDCG@10,0.6131471927654584
5ab9618f554299743d22eb28,R@100,0.5
5ab9625e55429970cfb8eaa9,nDCG@10,0.8772153153380493
5ab9625e55429970cfb8eaa9,R@100,1.0
5ab9631a55429970cfb8eaad,nDCG@10,0.8315546295836225
5ab9631a55429970cfb8eaad,R@100,1.0
5ab965bb554299743d22eb56,nDCG@10,1.0
5ab965bb554299743d22eb56,R@100,1.0
5ab965f25542996be20204c3,nDCG@10,0.5714285040141098
5ab965f25542996be20204c3,R@100,1.0
5ab9668c55429970cfb8eaba,nDCG@10,0.6131471927654584
5ab9668c55429970cfb8eaba,R@100,0.5
5ab969ca55429970cfb8eac9,nDCG@10,0.6131471927654584
5ab969ca55429970cfb8eac9,R@100,0.5
5ab96ab755429970cfb8eacd,nDCG@10,0.5249810332008933
5ab96ab755429970cfb8eacd,R@100,1.0
5ab96bf15542996be20204d8,nDCG@10,0.6131471927654584
5ab96bf15542996be20204d8,R@100,1.0
5ab96c93554299743d22eb63,nDCG@10,0.9197207891481876
5ab96c93554299743d22eb63,R@100,1.0
5ab96d405542996be20204de,nDCG@10,0.6131471927654584
5ab96d405542996be20204de,R@100,0.5
5ab96ecb5542996be20204e6,nDCG@10,0.8503449055347546
5ab96ecb5542996be20204e6,R@100,1.0
5ab972485542996be20204f6,nDCG@10,0.6131471927654584
5ab972485542996be20204f6,R@100,1.0
5ab973b35542996be20204fd,nDCG@10,0.6131471927654584
5ab973b35542996be20204fd,R@100,0.5
5ab9753055429970cfb8eb0b,nDCG@10,0.6131471927654584
5ab9753055429970cfb8eb0b,R@100,0.5
5ab9788155429970cfb8eb1a,nDCG@10,0.6131471927654584
5ab9788155429970cfb8eb1a,R@100,1.0
5ab978855542996be2020512,nDCG@10,0.0
5ab978855542996be2020512,R@100,0.5
5ab97a315542996be2020517,nDCG@10,0.3065735963827292
5ab97a315542996be2020517,R@100,1.0
5ab97b27554299131ca4233c,nDCG@10,0.6934264036172708
5ab97b27554299131ca4233c,R@100,1.0
5ab97c0255429970cfb8eb1f,nDCG@10,0.38685280723454163
5ab97c0255429970cfb8eb1f,R@100,1.0
5ab97cd0554299753720f81a,nDCG@10,0.5249810332008933
5ab97cd0554299753720f81a,R@100,1.0
5ab97d0a5542996be202051e,nDCG@10,0.9197207891481876
5ab97d0a5542996be202051e,R@100,1.0
5ab9812d554299753720f821,nDCG@10,1.0
5ab9812d554299753720f821,R@100,1.0
5ab981555542996be2020532,nDCG@10,1.0
5ab981555542996be2020532,R@100,1.0
5ab984a2554299131ca4235a,nDCG@10,0.6131471927654584
5ab984a2554299131ca4235a,R@100,0.5
5ab985eb554299131ca42360,nDCG@10,0.8772153153380493
5ab985eb554299131ca42360,R@100,1.0
5ab98608554299131ca42362,nDCG@10,0.6131471927654584
5ab98608554299131ca42362,R@100,0.5
5ab989f755429970cfb8eb38,nDCG@10,0.6131471927654584
5ab989f755429970cfb8eb38,R@100,0.5
5ab98d70554299753720f82f,nDCG@10,0.8772153153380493
5ab98d70554299753720f82f,R@100,1.0
5ab98e2b5542996be202054e,nDCG@10,0.6131471927654584
5ab98e2b5542996be202054e,R@100,1.0
5ab997ad554299131ca4238c,nDCG@10,0.6131471927654584
5ab997ad554299131ca4238c,R@100,1.0
5ab9988b554299131ca4238e,nDCG@10,0.6131471927654584
5ab9988b554299131ca4238e,R@100,0.5
5ab99a215542996be202056a,nDCG@10,0.6131471927654584
5ab99a215542996be202056a,R@100,0.5
5ab9aab555429970cfb8eb65,nDCG@10,0.6131471927654584
5ab9aab555429970cfb8eb65,R@100,1.0
5ab9aed855429970cfb8eb6d,nDCG@10,0.3065735963827292
5ab9aed855429970cfb8eb6d,R@100,0.5
5ab9b1fd5542996be202058e,nDCG@10,0.6131471927654584
5ab9b1fd5542996be202058e,R@100,0.5
5ab9b29c554299743d22ebae,nDCG@10,1.0
5ab9b29c554299743d22ebae,R@100,1.0
5ab9b2c7554299743d22ebaf,nDCG@10,0.6131471927654584
5ab9b2c7554299743d22ebaf,R@100,1.0
5ab9b4a555429970cfb8eb75,nDCG@10,0.9197207891481876
5ab9b4a555429970cfb8eb75,R@100,1.0
5ab9b7d555429970cfb8eb7a,nDCG@10,0.23719771276929622
5ab9b7d555429970cfb8eb7a,R@100,1.0
5ab9b939554299743d22ebca,nDCG@10,0.8772153153380493
5ab9b939554299743d22ebca,R@100,1.0
5ab9ba6855429970cfb8eb87,nDCG@10,0.6131471927654584
5ab9ba6855429970cfb8eb87,R@100,0.5
5ab9ba6e554299743d22ebcd,nDCG@10,0.0
5ab9ba6e554299743d22ebcd,R@100,1.0
5ab9bb8355429970cfb8eb8b,nDCG@10,1.0
5ab9bb8355429970cfb8eb8b,R@100,1.0
5ab9bc6155429970cfb8eb90,nDCG@10,1.0
5ab9bc6155429970cfb8eb90,R@100,1.0
5ab9be4f554299753720f843,nDCG@10,0.6934264036172708
5ab9be4f554299753720f843,R@100,1.0
5ab9c292554299131ca423f5,nDCG@10,1.0
5ab9c292554299131ca423f5,R@100,1.0
5ab9c3e1554299753720f852,nDCG@10,0.8065735963827293
5ab9c3e1554299753720f852,R@100,1.0
5ab9c7c355429939ce03dc17,nDCG@10,0.38685280723454163
5ab9c7c355429939ce03dc17,R@100,0.5
5ab9ccef55429955dce3ed86,nDCG@10,0.9197207891481876
5ab9ccef55429955dce3ed86,R@100,1.0
5ab9cfb455429970cfb8ebae,nDCG@10,0.6131471927654584
5ab9cfb455429970cfb8ebae,R@100,1.0
5ab9cfe655429970cfb8ebaf,nDCG@10,1.0
5ab9cfe655429970cfb8ebaf,R@100,1.0
5ab9d02155429970cfb8ebb0,nDCG@10,0.6131471927654584
5ab9d02155429970cfb8ebb0,R@100,0.5
5ab9d0b755429955dce3ed8f,nDCG@10,0.6131471927654584
5ab9d0b755429955dce3ed8f,R@100,1.0
5ab9d13455429939ce03dc31,nDCG@10,0.3065735963827292
5ab9d13455429939ce03dc31,R@100,1.0
5ab9d2e255429955dce3ed90,nDCG@10,0.6131471927654584
5ab9d2e255429955dce3ed90,R@100,1.0
5ab9d44255429939ce03dc36,nDCG@10,0.9197207891481876
5ab9d44255429939ce03dc36,R@100,1.0
5ab9d6ef5542994dbf01985b,nDCG@10,0.6131471927654584
5ab9d6ef5542994dbf01985b,R@100,1.0
5ab9d7e4554299232ef4a21f,nDCG@10,0.6131471927654584
5ab9d7e4554299232ef4a21f,R@100,0.5
5ab9dbc2554299232ef4a224,nDCG@10,1.0
5ab9dbc2554299232ef4a224,R@100,1.0
5ab9dd1f554299232ef4a22d,nDCG@10,0.6131471927654584
5ab9dd1f554299232ef4a22d,R@100,0.5
5ab9dd4c554299232ef4a22f,nDCG@10,0.6131471927654584
5ab9dd4c554299232ef4a22f,R@100,1.0
5ab9dd9a554299232ef4a231,nDCG@10,1.0
5ab9dd9a554299232ef4a231,R@100,1.0
5ab9ddaa5542994dbf019873,nDCG@10,0.6131471927654584
5ab9ddaa5542994dbf019873,R@100,1.0
5ab9ddef5542994dbf019875,nDCG@10,0.8503449055347546
5ab9ddef5542994dbf019875,R@100,1.0
5ab9debb55429955dce3ed97,nDCG@10,0.9197207891481876
5ab9debb55429955dce3ed97,R@100,1.0
5ab9df1f554299232ef4a239,nDCG@10,0.8175295903539445
5ab9df1f554299232ef4a239,R@100,1.0
5ab9e2055542994dbf019884,nDCG@10,0.0
5ab9e2055542994dbf019884,R@100,0.0
5ab9e477554299232ef4a25d,nDCG@10,0.9197207891481876
5ab9e477554299232ef4a25d,R@100,1.0
5ab9fe1255429939ce03dc40,nDCG@10,0.6240505200038379
5ab9fe1255429939ce03dc40,R@100,1.0
5aba056255429939ce03dc55,nDCG@10,0.6131471927654584
5aba056255429939ce03dc55,R@100,1.0
5aba05cb55429939ce03dc56,nDCG@10,0.23719771276929622
5aba05cb55429939ce03dc56,R@100,1.0
5aba0c2655429955dce3edb7,nDCG@10,0.0
5aba0c2655429955dce3edb7,R@100,0.0
5aba11d25542994dbf0198a6,nDCG@10,0.6131471927654584
5aba11d25542994dbf0198a6,R@100,1.0
5aba14195542994dbf0198a9,nDCG@10,1.0
5aba14195542994dbf0198a9,R@100,1.0
5aba18ee5542994dbf0198b4,nDCG@10,0.6131471927654584
5aba18ee5542994dbf0198b4,R@100,0.5
5aba33985542994dbf0198c3,nDCG@10,0.37800210039683896
5aba33985542994dbf0198c3,R@100,1.0
5aba3bb855429955dce3ede7,nDCG@10,0.6131471927654584
5aba3bb855429955dce3ede7,R@100,0.5
5aba3e3355429901930fa78c,nDCG@10,1.0
5aba3e3355429901930fa78c,R@100,1.0
5aba454855429901930fa794,nDCG@10,0.0
5aba454855429901930fa794,R@100,0.5
5aba480c55429939ce03dc77,nDCG@10,0.23719771276929622
5aba480c55429939ce03dc77,R@100,0.5
5aba510f5542994dbf0198d6,nDCG@10,0.6934264036172708
5aba510f5542994dbf0198d6,R@100,1.0
5aba52e655429939ce03dc94,nDCG@10,0.3065735963827292
5aba52e655429939ce03dc94,R@100,0.5
5aba549f554299232ef4a290,nDCG@10,0.2640681225725909
5aba549f554299232ef4a290,R@100,1.0
5aba55f25542994dbf0198e0,nDCG@10,1.0
5aba55f25542994dbf0198e0,R@100,1.0
5aba5c625542994dbf0198f2,nDCG@10,0.6131471927654584
5aba5c625542994dbf0198f2,R@100,0.5
5aba5d2e55429901930fa799,nDCG@10,0.6131471927654584
5aba5d2e55429901930fa799,R@100,0.5
5aba5dfd55429955dce3edf0,nDCG@10,0.2640681225725909
5aba5dfd55429955dce3edf0,R@100,1.0
5aba5e2555429955dce3edf1,nDCG@10,0.6131471927654584
5aba5e2555429955dce3edf1,R@100,0.5
5aba5ea955429939ce03dca5,nDCG@10,0.8503449055347546
5aba5ea955429939ce03dca5,R@100,1.0
5aba637a55429939ce03dcbb,nDCG@10,0.3065735963827292
5aba637a55429939ce03dcbb,R@100,0.5
5aba65a055429939ce03dcd2,nDCG@10,0.6131471927654584
5aba65a055429939ce03dcd2,R@100,0.5
5aba67c255429955dce3ee10,nDCG@10,0.8503449055347546
5aba67c255429955dce3ee10,R@100,1.0
5aba6d0f55429955dce3ee19,nDCG@10,1.0
5aba6d0f55429955dce3ee19,R@100,1.0
5aba6d4b5542994dbf019906,nDCG@10,1.0
5aba6d4b5542994dbf019906,R@100,1.0
5aba6f3e55429955dce3ee21,nDCG@10,0.8175295903539445
5aba6f3e55429955dce3ee21,R@100,1.0
5aba71b155429955dce3ee2a,nDCG@10,0.6131471927654584
5aba71b155429955dce3ee2a,R@100,0.5
5aba71be5542994dbf01990c,nDCG@10,0.20438239758848611
5aba71be5542994dbf01990c,R@100,1.0
5aba725455429901930fa7cc,nDCG@10,0.6934264036172708
5aba725455429901930fa7cc,R@100,1.0
5aba72d75542994dbf019912,nDCG@10,0.6131471927654584
5aba72d75542994dbf019912,R@100,0.5
5aba749055429901930fa7d8,nDCG@10,0.8503449055347546
5aba749055429901930fa7d8,R@100,1.0
5aba749855429955dce3ee34,nDCG@10,0.6131471927654584
5aba749855429955dce3ee34,R@100,1.0
5aba74ad55429955dce3ee35,nDCG@10,0.6131471927654584
5aba74ad55429955dce3ee35,R@100,1.0
5aba75e655429955dce3ee3c,nDCG@10,0.8503449055347546
5aba75e655429955dce3ee3c,R@100,1.0
5aba768c55429901930fa7e0,nDCG@10,0.3065735963827292
5aba768c55429901930fa7e0,R@100,0.5
5aba77be55429955dce3ee44,nDCG@10,0.6131471927654584
5aba77be55429955dce3ee44,R@100,1.0
5aba7a22554299232ef4a2e7,nDCG@10,0.6131471927654584
5aba7a22554299232ef4a2e7,R@100,1.0
5aba7bb4554299232ef4a2ee,nDCG@10,0.6131471927654584
5aba7bb4554299232ef4a2ee,R@100,0.5
5aba7c7155429955dce3ee58,nDCG@10,0.8772153153380493
5aba7c7155429955dce3ee58,R@100,1.0
5aba7cb455429901930fa7eb,nDCG@10,0.0
5aba7cb455429901930fa7eb,R@100,0.0
5aba7cfe554299232ef4a2fd,nDCG@10,0.6131471927654584
5aba7cfe554299232ef4a2fd,R@100,0.5
5aba7d7d554299232ef4a303,nDCG@10,0.8503449055347546
5aba7d7d554299232ef4a303,R@100,1.0
5aba7d8655429901930fa7ec,nDCG@10,0.6131471927654584
5aba7d8655429901930fa7ec,R@100,0.5
5aba7e2c55429955dce3ee5a,nDCG@10,0.6131471927654584
5aba7e2c55429955dce3ee5a,R@100,0.5
5aba7fd055429955dce3ee5e,nDCG@10,0.8772153153380493
5aba7fd055429955dce3ee5e,R@100,1.0
5aba85335542994dbf01992d,nDCG@10,0.2640681225725909
5aba85335542994dbf01992d,R@100,0.5
5aba89365542994dbf019932,nDCG@10,0.6131471927654584
5aba89365542994dbf019932,R@100,0.5
5aba89d555429901930fa816,nDCG@10,0.8175295903539445
5aba89d555429901930fa816,R@100,1.0
5aba89fb5542994dbf019933,nDCG@10,0.6131471927654584
5aba89fb5542994dbf019933,R@100,0.5
5aba8d4655429901930fa82b,nDCG@10,0.46845052016107697
5aba8d4655429901930fa82b,R@100,1.0
5aba8f1b55429955dce3ee85,nDCG@10,0.6131471927654584
5aba8f1b55429955dce3ee85,R@100,0.5
5aba901055429955dce3ee87,nDCG@10,1.0
5aba901055429955dce3ee87,R@100,1.0
5aba902455429901930fa834,nDCG@10,0.6131471927654584
5aba902455429901930fa834,R@100,0.5
5aba916c55429901930fa83b,nDCG@10,0.6131471927654584
5aba916c55429901930fa83b,R@100,0.5
5aba926f55429901930fa83e,nDCG@10,0.38685280723454163
5aba926f55429901930fa83e,R@100,0.5
5aba92da55429901930fa840,nDCG@10,0.6934264036172708
5aba92da55429901930fa840,R@100,1.0
5aba943c554299232ef4a33e,nDCG@10,0.38685280723454163
5aba943c554299232ef4a33e,R@100,1.0
5aba94e355429901930fa845,nDCG@10,1.0
5aba94e355429901930fa845,R@100,1.0
5aba971a55429955dce3ee94,nDCG@10,1.0
5aba971a55429955dce3ee94,R@100,1.0
5aba97ed55429901930fa84d,nDCG@10,0.0
5aba97ed55429901930fa84d,R@100,1.0
5aba9813554299232ef4a357,nDCG@10,0.6131471927654584
5aba9813554299232ef4a357,R@100,1.0
5aba9d7955429901930fa85f,nDCG@10,0.38685280723454163
5aba9d7955429901930fa85f,R@100,1.0
5aba9db7554299232ef4a361,nDCG@10,0.6131471927654584
5aba9db7554299232ef4a361,R@100,0.5
5aba9e235542994dbf019984,nDCG@10,0.9197207891481876
5aba9e235542994dbf019984,R@100,1.0
5aba9e2455429939ce03dd3a,nDCG@10,0.9197207891481876
5aba9e2455429939ce03dd3a,R@100,1.0
5aba9e545542994dbf019986,nDCG@10,0.8772153153380493
5aba9e545542994dbf019986,R@100,1.0
5abaa32655429955dce3eeaa,nDCG@10,1.0
5abaa32655429955dce3eeaa,R@100,1.0
5abaa8b355429901930fa87f,nDCG@10,0.6131471927654584
5abaa8b355429901930fa87f,R@100,1.0
5abaa954554299232ef4a362,nDCG@10,0.3065735963827292
5abaa954554299232ef4a362,R@100,1.0
5abaad5855429901930fa88f,nDCG@10,0.6509209298071326
5abaad5855429901930fa88f,R@100,1.0
5abaaf9355429955dce3eecb,nDCG@10,0.8772153153380493
5abaaf9355429955dce3eecb,R@100,1.0
5abab18d55429901930fa89e,nDCG@10,0.8175295903539445
5abab18d55429901930fa89e,R@100,1.0
5abab36455429955dce3eed1,nDCG@10,1.0
5abab36455429955dce3eed1,R@100,1.0
5ababbe9554299232ef4a38a,nDCG@10,0.6131471927654584
5ababbe9554299232ef4a38a,R@100,0.5
5abac27855429966062415ff,nDCG@10,0.9197207891481876
5abac27855429966062415ff,R@100,1.0
5abac35055429901930fa8ae,nDCG@10,0.0
5abac35055429901930fa8ae,R@100,0.0
5abac89d55429901930fa8b5,nDCG@10,1.0
5abac89d55429901930fa8b5,R@100,1.0
5abaca935542996606241610,nDCG@10,0.6131471927654584
5abaca935542996606241610,R@100,0.5
5abacac45542996cc5e49e94,nDCG@10,0.6131471927654584
5abacac45542996cc5e49e94,R@100,0.5
5abaccd1554299660624161b,nDCG@10,0.6131471927654584
5abaccd1554299660624161b,R@100,0.5
5abace6b5542996cc5e49e99,nDCG@10,0.8315546295836225
5abace6b5542996cc5e49e99,R@100,1.0
5abad3445542996cc5e49ea0,nDCG@10,0.9197207891481876
5abad3445542996cc5e49ea0,R@100,1.0
5abad70d5542996606241631,nDCG@10,0.0
5abad70d5542996606241631,R@100,0.0
5abadc355542996606241644,nDCG@10,0.6131471927654584
5abadc355542996606241644,R@100,0.5
5abadcb35542996606241647,nDCG@10,0.6131471927654584
5abadcb35542996606241647,R@100,0.5
5abae1055542996cc5e49ec9,nDCG@10,1.0
5abae1055542996cc5e49ec9,R@100,1.0
5abae14b5542996606241657,nDCG@10,0.6131471927654584
5abae14b5542996606241657,R@100,0.5
5abae1725542996cc5e49ece,nDCG@10,0.38685280723454163
5abae1725542996cc5e49ece,R@100,1.0
5abae1e65542996cc5e49ed2,nDCG@10,0.38685280723454163
5abae1e65542996cc5e49ed2,R@100,1.0
5abae3205542996cc5e49edc,nDCG@10,0.2640681225725909
5abae3205542996cc5e49edc,R@100,1.0
5abae3b05542996606241661,nDCG@10,0.17723928678404774
5abae3b05542996606241661,R@100,0.5
5abae4995542996606241666,nDCG@10,1.0
5abae4995542996606241666,R@100,1.0
5abae88c554299660624167e,nDCG@10,0.6131471927654584
5abae88c554299660624167e,R@100,1.0
5abaeda95542992ccd8e7e5d,nDCG@10,1.0
5abaeda95542992ccd8e7e5d,R@100,1.0
5abaee4f5542996cc5e49f15,nDCG@10,0.38685280723454163
5abaee4f5542996cc5e49f15,R@100,1.0
5abaee665542992ccd8e7e5f,nDCG@10,0.6131471927654584
5abaee665542992ccd8e7e5f,R@100,0.5
5abaee845542996606241696,nDCG@10,0.6131471927654584
5abaee845542996606241696,R@100,0.5
5abaf0e055429966062416a3,nDCG@10,1.0
5abaf0e055429966062416a3,R@100,1.0
5abaf0ec5542996cc5e49f22,nDCG@10,0.6131471927654584
5abaf0ec5542996cc5e49f22,R@100,1.0
5abaf3195542996cc5e49f2c,nDCG@10,0.3065735963827292
5abaf3195542996cc5e49f2c,R@100,0.5
5abaf4535542996cc5e49f35,nDCG@10,0.6131471927654584
5abaf4535542996cc5e49f35,R@100,1.0
5abaf6865542996cc5e49f3c,nDCG@10,1.0
5abaf6865542996cc5e49f3c,R@100,1.0
5abafb6d5542992ccd8e7e92,nDCG@10,0.20438239758848611
5abafb6d5542992ccd8e7e92,R@100,0.5
5abb01025542992ccd8e7eab,nDCG@10,0.6131471927654584
5abb01025542992ccd8e7eab,R@100,1.0
5abb02fe554299232ef4a39f,nDCG@10,0.6131471927654584
5abb02fe554299232ef4a39f,R@100,1.0
5abb03325542992ccd8e7eae,nDCG@10,0.6131471927654584
5abb03325542992ccd8e7eae,R@100,0.5
5abb07e95542992ccd8e7ec4,nDCG@10,0.0
5abb07e95542992ccd8e7ec4,R@100,0.0
5abb07ec5542996cc5e49f55,nDCG@10,0.6131471927654584
5abb07ec5542996cc5e49f55,R@100,0.5
5abb08c65542996cc5e49f61,nDCG@10,0.6131471927654584
5abb08c65542996cc5e49f61,R@100,0.5
5abb0b5c5542996cc5e49f79,nDCG@10,1.0
5abb0b5c5542996cc5e49f79,R@100,1.0
5abb11c15542992ccd8e7ef8,nDCG@10,0.9197207891481876
5abb11c15542992ccd8e7ef8,R@100,1.0
5abb14a55542992ccd8e7f06,nDCG@10,0.6131471927654584
5abb14a55542992ccd8e7f06,R@100,0.5
5abb14d85542996cc5e49f92,nDCG@10,0.8772153153380493
5abb14d85542996cc5e49f92,R@100,1.0
5abb17e75542996cc5e49fa2,nDCG@10,0.6131471927654584
5abb17e75542996cc5e49fa2,R@100,1.0
5abb189e5542996cc5e49fa4,nDCG@10,0.6131471927654584
5abb189e5542996cc5e49fa4,R@100,0.5
5abb1e1b5542992ccd8e7f19,nDCG@10,1.0
5abb1e1b5542992ccd8e7f19,R@100,1.0
5abb1fd95542996cc5e49fb6,nDCG@10,0.6131471927654584
5abb1fd95542996cc5e49fb6,R@100,0.5
5abb207d5542992ccd8e7f1d,nDCG@10,1.0
5abb207d5542992ccd8e7f1d,R@100,1.0
5abb23035542992ccd8e7f22,nDCG@10,0.6934264036172708
5abb23035542992ccd8e7f22,R@100,1.0
5abb23655542992ccd8e7f25,nDCG@10,1.0
5abb23655542992ccd8e7f25,R@100,1.0
5abb254c5542992ccd8e7f29,nDCG@10,0.9197207891481876
5abb254c5542992ccd8e7f29,R@100,1.0
5abb291355429939ce03dd9e,nDCG@10,0.6131471927654584
5abb291355429939ce03dd9e,R@100,0.5
5abb2a5f5542996cc5e49fca,nDCG@10,0.36181498356361597
5abb2a5f5542996cc5e49fca,R@100,1.0
5abb2e6855429966062416df,nDCG@10,0.6131471927654584
5abb2e6855429966062416df,R@100,0.5
5abb2f245542996cc5e49fd2,nDCG@10,0.6131471927654584
5abb2f245542996cc5e49fd2,R@100,1.0
5abb2f2f554299232ef4a3d7,nDCG@10,0.6131471927654584
5abb2f2f554299232ef4a3d7,R@100,0.5
5abb30755542996cc5e49fd8,nDCG@10,0.2640681225725909
5abb30755542996cc5e49fd8,R@100,0.5
5abb326055429966062416e7,nDCG@10,0.8175295903539445
5abb326055429966062416e7,R@100,1.0
5abb342055429966062416e8,nDCG@10,0.6131471927654584
5abb342055429966062416e8,R@100,1.0
5abb4b4a5542993f40c73aea,nDCG@10,0.8175295903539445
5abb4b4a5542993f40c73aea,R@100,1.0
5abb61735542993f40c73aef,nDCG@10,0.8503449055347546
5abb61735542993f40c73aef,R@100,1.0
5abb61c0554299642a094a86,nDCG@10,1.0
5abb61c0554299642a094a86,R@100,1.0
5abb66c05542992ccd8e7f3e,nDCG@10,1.0
5abb66c05542992ccd8e7f3e,R@100,1.0
5abb6ece5542992ccd8e7f40,nDCG@10,0.9197207891481876
5abb6ece5542992ccd8e7f40,R@100,1.0
5abb729b5542993f40c73af4,nDCG@10,0.6131471927654584
5abb729b5542993f40c73af4,R@100,1.0
5abb73425542996cc5e49ff5,nDCG@10,0.6131471927654584
5abb73425542996cc5e49ff5,R@100,1.0
5abb76fa5542992ccd8e7f48,nDCG@10,0.6131471927654584
5abb76fa5542992ccd8e7f48,R@100,0.5
5abb7d8b5542996cc5e4a006,nDCG@10,0.6131471927654584
5abb7d8b5542996cc5e4a006,R@100,1.0
5abb7e4f5542996cc5e4a00b,nDCG@10,0.6131471927654584
5abb7e4f5542996cc5e4a00b,R@100,0.5
5abb7ea4554299642a094a96,nDCG@10,0.38685280723454163
5abb7ea4554299642a094a96,R@100,1.0
5abb7ff15542996cc5e4a015,nDCG@10,0.6131471927654584
5abb7ff15542996cc5e4a015,R@100,0.5
5abb8a9b5542996cc5e4a016,nDCG@10,1.0
5abb8a9b5542996cc5e4a016,R@100,1.0
5abb8aaf5542993f40c73b1c,nDCG@10,0.6052602440527057
5abb8aaf5542993f40c73b1c,R@100,1.0
5abb8afe5542993f40c73b1e,nDCG@10,0.6131471927654584
5abb8afe5542993f40c73b1e,R@100,1.0
5abb8e2d554299642a094aa4,nDCG@10,0.18457569677956817
5abb8e2d554299642a094aa4,R@100,1.0
5abb8ebe5542993f40c73b2d,nDCG@10,1.0
5abb8ebe5542993f40c73b2d,R@100,1.0
5abb93275542993f40c73b3c,nDCG@10,0.9197207891481876
5abb93275542993f40c73b3c,R@100,1.0
5abb9928554299642a094ab9,nDCG@10,0.8503449055347546
5abb9928554299642a094ab9,R@100,1.0
5abb9ad4554299642a094abe,nDCG@10,0.19342640361727081
5abb9ad4554299642a094abe,R@100,0.5
5abba17a5542992ccd8e7f60,nDCG@10,0.9197207891481876
5abba17a5542992ccd8e7f60,R@100,1.0
5abba3255542996cc5e4a031,nDCG@10,0.0
5abba3255542996cc5e4a031,R@100,0.5
5abba3b1554299642a094aed,nDCG@10,0.8772153153380493
5abba3b1554299642a094aed,R@100,1.0
5abba3cd554299642a094aee,nDCG@10,0.6131471927654584
5abba3cd554299642a094aee,R@100,0.5
5abba4855542993f40c73b68,nDCG@10,0.6131471927654584
5abba4855542993f40c73b68,R@100,0.5
5abba4b4554299642a094af3,nDCG@10,0.6131471927654584
5abba4b4554299642a094af3,R@100,0.5
5abba581554299642a094af9,nDCG@10,0.6131471927654584
5abba581554299642a094af9,R@100,0.5
5abba584554299642a094afa,nDCG@10,0.8315546295836225
5abba584554299642a094afa,R@100,1.0
5abba664554299642a094b02,nDCG@10,0.3065735963827292
5abba664554299642a094b02,R@100,0.5
5abba8545542993f40c73b72,nDCG@10,0.6934264036172708
5abba8545542993f40c73b72,R@100,1.0
5abba91e554299642a094b10,nDCG@10,0.18457569677956817
5abba91e554299642a094b10,R@100,0.5
5abbaed855429931dba144aa,nDCG@10,0.6131471927654584
5abbaed855429931dba144aa,R@100,0.5
5abbaf6c554299660624171c,nDCG@10,0.8503449055347546
5abbaf6c554299660624171c,R@100,1.0
5abbb0655542992ccd8e7f72,nDCG@10,0.9197207891481876
5abbb0655542992ccd8e7f72,R@100,1.0
5abbb116554299642a094b1d,nDCG@10,0.0
5abbb116554299642a094b1d,R@100,1.0
5abbb42555429931dba144af,nDCG@10,0.8503449055347546
5abbb42555429931dba144af,R@100,1.0
5abbb64455429931dba144b4,nDCG@10,0.6934264036172708
5abbb64455429931dba144b4,R@100,1.0
5abbbaca55429931dba144ca,nDCG@10,0.6131471927654584
5abbbaca55429931dba144ca,R@100,0.5
5abbc2245542992ccd8e7f8a,nDCG@10,0.20438239758848611
5abbc2245542992ccd8e7f8a,R@100,1.0
5abbc3a955429931dba144f9,nDCG@10,0.0
5abbc3a955429931dba144f9,R@100,0.5
5abbc4d255429931dba144fe,nDCG@10,1.0
5abbc4d255429931dba144fe,R@100,1.0
5abbc4f955429931dba144ff,nDCG@10,1.0
5abbc4f955429931dba144ff,R@100,1.0
5abbc58455429931dba14502,nDCG@10,0.38685280723454163
5abbc58455429931dba14502,R@100,0.5
5abbc7a055429931dba1451b,nDCG@10,0.38685280723454163
5abbc7a055429931dba1451b,R@100,1.0
5abbc96755429931dba1452c,nDCG@10,0.3065735963827292
5abbc96755429931dba1452c,R@100,0.5
5abbcba05542992ccd8e7fa3,nDCG@10,0.9197207891481876
5abbcba05542992ccd8e7fa3,R@100,1.0
5abbcfaf5542993f40c73ba9,nDCG@10,0.6131471927654584
5abbcfaf5542993f40c73ba9,R@100,0.5
5abbd12b55429931dba14577,nDCG@10,0.6131471927654584
5abbd12b55429931dba14577,R@100,0.5
5abbd2575542993f40c73bbd,nDCG@10,0.0
5abbd2575542993f40c73bbd,R@100,0.0
5abbd34d5542993f40c73bc6,nDCG@10,0.6131471927654584
5abbd34d5542993f40c73bc6,R@100,0.5
5abbd3ac55429931dba1458b,nDCG@10,0.6131471927654584
5abbd3ac55429931dba1458b,R@100,1.0
5abbd3b4554299642a094b4f,nDCG@10,0.6131471927654584
5abbd3b4554299642a094b4f,R@100,1.0
5abbd4035542993f40c73bcb,nDCG@10,0.7903864795495061
5abbd4035542993f40c73bcb,R@100,1.0
5abbd4425542993f40c73bcc,nDCG@10,0.2640681225725909
5abbd4425542993f40c73bcc,R@100,0.5
5abbd58d554299660624172f,nDCG@10,0.20438239758848611
5abbd58d554299660624172f,R@100,1.0
5abbd5a75542993f40c73bd3,nDCG@10,0.6131471927654584
5abbd5a75542993f40c73bd3,R@100,0.5
5abbd66a5542993f40c73bd8,nDCG@10,0.2640681225725909
5abbd66a5542993f40c73bd8,R@100,0.5
5abbd72d55429931dba1459e,nDCG@10,0.6131471927654584
5abbd72d55429931dba1459e,R@100,0.5
5abbd7985542992ccd8e7fb8,nDCG@10,0.6131471927654584
5abbd7985542992ccd8e7fb8,R@100,0.5
5abbd85a5542993f40c73be1,nDCG@10,0.9197207891481876
5abbd85a5542993f40c73be1,R@100,1.0
5abbd8655542992ccd8e7fba,nDCG@10,0.6131471927654584
5abbd8655542992ccd8e7fba,R@100,1.0
5abbda84554299642a094b5b,nDCG@10,1.0
5abbda84554299642a094b5b,R@100,1.0
5abbdaac5542992ccd8e7fc0,nDCG@10,0.6131471927654584
5abbdaac5542992ccd8e7fc0,R@100,1.0
5abbdaef554299642a094b5d,nDCG@10,0.6131471927654584
5abbdaef554299642a094b5d,R@100,1.0
5abbdb195542993f40c73bf1,nDCG@10,1.0
5abbdb195542993f40c73bf1,R@100,1.0
5abbdb335542992ccd8e7fc1,nDCG@10,0.8772153153380493
5abbdb335542992ccd8e7fc1,R@100,1.0
5abbdb9a55429931dba145ad,nDCG@10,0.3065735963827292
5abbdb9a55429931dba145ad,R@100,1.0
5abbdc3f55429931dba145af,nDCG@10,0.6131471927654584
5abbdc3f55429931dba145af,R@100,0.5
5abbdd565542993f40c73bfb,nDCG@10,0.8772153153380493
5abbdd565542993f40c73bfb,R@100,1.0
5abbdd6955429931dba145b5,nDCG@10,0.6131471927654584
5abbdd6955429931dba145b5,R@100,0.5
5abbdf8055429931dba145bb,nDCG@10,0.6131471927654584
5abbdf8055429931dba145bb,R@100,0.5
5abbe09d55429931dba145c0,nDCG@10,0.0
5abbe09d55429931dba145c0,R@100,0.0
5abbe188554299642a094ba0,nDCG@10,0.6131471927654584
5abbe188554299642a094ba0,R@100,1.0
5abbe20d55429931dba145c6,nDCG@10,1.0
5abbe20d55429931dba145c6,R@100,1.0
5abbe40555429931dba145cd,nDCG@10,0.8065735963827293
5abbe40555429931dba145cd,R@100,1.0
5abbe4c0554299642a094bc0,nDCG@10,0.6131471927654584
5abbe4c0554299642a094bc0,R@100,0.5
5abbeb7d554299114383a09b,nDCG@10,0.8315546295836225
5abbeb7d554299114383a09b,R@100,1.0
5abbee315542993f40c73c1d,nDCG@10,0.0
5abbee315542993f40c73c1d,R@100,0.0
5abbf3845542993f40c73c2e,nDCG@10,0.0
5abbf3845542993f40c73c2e,R@100,0.0
5abbf43d5542993f40c73c2f,nDCG@10,0.3065735963827292
5abbf43d5542993f40c73c2f,R@100,1.0
5abbf519554299114383a0ad,nDCG@10,0.6131471927654584
5abbf519554299114383a0ad,R@100,1.0
5abbf64055429965836003bc,nDCG@10,0.38685280723454163
5abbf64055429965836003bc,R@100,0.5
5abbf698554299114383a0b5,nDCG@10,0.23719771276929622
5abbf698554299114383a0b5,R@100,1.0
5abbf7d755429931dba145eb,nDCG@10,0.3065735963827292
5abbf7d755429931dba145eb,R@100,0.5
5abbf8bc5542993f40c73c35,nDCG@10,1.0
5abbf8bc5542993f40c73c35,R@100,1.0
5abbf8be554299114383a0c1,nDCG@10,0.6131471927654584
5abbf8be554299114383a0c1,R@100,1.0
5abbf9b355429931dba145fe,nDCG@10,0.6131471927654584
5abbf9b355429931dba145fe,R@100,1.0
5abbfa8f55429965836003cc,nDCG@10,0.8503449055347546
5abbfa8f55429965836003cc,R@100,1.0
5abbfb5e554299114383a0d0,nDCG@10,1.0
5abbfb5e554299114383a0d0,R@100,1.0
5abbfbcf55429965836003cf,nDCG@10,0.6131471927654584
5abbfbcf55429965836003cf,R@100,0.5
5abbfc2b554299642a094bc9,nDCG@10,0.38685280723454163
5abbfc2b554299642a094bc9,R@100,0.5
5abc00ff5542993f40c73c41,nDCG@10,0.0
5abc00ff5542993f40c73c41,R@100,0.5
5abc030e554299642a094bdc,nDCG@10,0.0
5abc030e554299642a094bdc,R@100,0.5
5abc039a5542993f40c73c49,nDCG@10,1.0
5abc039a5542993f40c73c49,R@100,1.0
5abc081e5542993f40c73c54,nDCG@10,0.6131471927654584
5abc081e5542993f40c73c54,R@100,0.5
5abc089b5542993f40c73c57,nDCG@10,0.6131471927654584
5abc089b5542993f40c73c57,R@100,1.0
5abc091555429965836003f6,nDCG@10,0.0
5abc091555429965836003f6,R@100,0.5
5abc095c5542993f40c73c5d,nDCG@10,1.0
5abc095c5542993f40c73c5d,R@100,1.0
5abc0a5d5542993f40c73c64,nDCG@10,1.0
5abc0a5d5542993f40c73c64,R@100,1.0
5abc0aba55429959677d6a00,nDCG@10,0.6052602440527057
5abc0aba55429959677d6a00,R@100,1.0
5abc0ac455429959677d6a01,nDCG@10,1.0
5abc0ac455429959677d6a01,R@100,1.0
5abc0ba05542996583600409,nDCG@10,0.6131471927654584
5abc0ba05542996583600409,R@100,0.5
5abc0bea554299658360040d,nDCG@10,0.6131471927654584
5abc0bea554299658360040d,R@100,0.5
5abc0dfe55429959677d6a05,nDCG@10,0.6131471927654584
5abc0dfe55429959677d6a05,R@100,0.5
5abc0e095542996583600417,nDCG@10,0.6131471927654584
5abc0e095542996583600417,R@100,0.5
5abc17555542993a06baf858,nDCG@10,0.20438239758848611
5abc17555542993a06baf858,R@100,0.5
5abc17c25542993a06baf85b,nDCG@10,0.20438239758848611
5abc17c25542993a06baf85b,R@100,1.0
5abc184a5542993a06baf863,nDCG@10,0.3065735963827292
5abc184a5542993a06baf863,R@100,0.5
5abc19705542993a06baf86e,nDCG@10,0.0
5abc19705542993a06baf86e,R@100,0.0
5abc1ca15542993a06baf88d,nDCG@10,0.6131471927654584
5abc1ca15542993a06baf88d,R@100,1.0
5abc219655429959677d6a1d,nDCG@10,0.38685280723454163
5abc219655429959677d6a1d,R@100,0.5
5abc23c45542993a06baf896,nDCG@10,1.0
5abc23c45542993a06baf896,R@100,1.0
5abc25b6554299700f9d77f9,nDCG@10,0.6509209298071326
5abc25b6554299700f9d77f9,R@100,1.0
5abc2e1c554299700f9d7806,nDCG@10,0.6131471927654584
5abc2e1c554299700f9d7806,R@100,1.0
5abc32cb55429959677d6a40,nDCG@10,0.0
5abc32cb55429959677d6a40,R@100,0.5
5abc36cc55429959677d6a50,nDCG@10,0.6131471927654584
5abc36cc55429959677d6a50,R@100,1.0
5abc3a65554299700f9d782d,nDCG@10,0.6131471927654584
5abc3a65554299700f9d782d,R@100,1.0
5abc3c545542993a06baf89f,nDCG@10,0.9197207891481876
5abc3c545542993a06baf89f,R@100,1.0
5abc3d215542993a06baf8a5,nDCG@10,1.0
5abc3d215542993a06baf8a5,R@100,1.0
5abc3d505542993a06baf8a7,nDCG@10,0.0
5abc3d505542993a06baf8a7,R@100,0.0
5abc3f505542993a06baf8b2,nDCG@10,0.6131471927654584
5abc3f505542993a06baf8b2,R@100,0.5
5abc3f725542993a06baf8b3,nDCG@10,0.8175295903539445
5abc3f725542993a06baf8b3,R@100,1.0
5abc40835542993a06baf8ba,nDCG@10,0.6131471927654584
5abc40835542993a06baf8ba,R@100,1.0
5abc41315542993a06baf8bb,nDCG@10,0.0
5abc41315542993a06baf8bb,R@100,1.0
5abc436f5542993a06baf8c3,nDCG@10,0.3065735963827292
5abc436f5542993a06baf8c3,R@100,0.5
5abc546b554299700f9d786c,nDCG@10,0.8315546295836225
5abc546b554299700f9d786c,R@100,1.0
5abc550e554299700f9d7870,nDCG@10,1.0
5abc550e554299700f9d7870,R@100,1.0
5abc553a554299700f9d7871,nDCG@10,0.9197207891481876
5abc553a554299700f9d7871,R@100,1.0
5abc5603554299700f9d7875,nDCG@10,0.6131471927654584
5abc5603554299700f9d7875,R@100,0.5
5abc5951554299114383a116,nDCG@10,0.6052602440527057
5abc5951554299114383a116,R@100,1.0
5abc5955554299114383a118,nDCG@10,0.0
5abc5955554299114383a118,R@100,1.0
5abc6c2655429959677d6aac,nDCG@10,0.6131471927654584
5abc6c2655429959677d6aac,R@100,0.5
5abc6d14554299700f9d78bf,nDCG@10,1.0
5abc6d14554299700f9d78bf,R@100,1.0
5abc6fba554299700f9d78c7,nDCG@10,0.6131471927654584
5abc6fba554299700f9d78c7,R@100,1.0
5abc715f5542993a06baf8ea,nDCG@10,0.8065735963827293
5abc715f5542993a06baf8ea,R@100,1.0
5abc7bc45542993a06baf8ef,nDCG@10,0.5802792108518124
5abc7bc45542993a06baf8ef,R@100,1.0
5abc7bf5554299114383a129,nDCG@10,0.9197207891481876
5abc7bf5554299114383a129,R@100,1.0
5abc7bf75542993a06baf8f0,nDCG@10,0.9197207891481876
5abc7bf75542993a06baf8f0,R@100,1.0
5abc7d6d5542993a06baf8f3,nDCG@10,0.9197207891481876
5abc7d6d5542993a06baf8f3,R@100,1.0
5abc805a554299658360045b,nDCG@10,0.6131471927654584
5abc805a554299658360045b,R@100,0.5
5abc817c5542993a06baf8fd,nDCG@10,0.9197207891481876
5abc817c5542993a06baf8fd,R@100,1.0
5abc8507554299700f9d78de,nDCG@10,1.0
5abc8507554299700f9d78de,R@100,1.0
5abc8620554299700f9d78e2,nDCG@10,0.38685280723454163
5abc8620554299700f9d78e2,R@100,1.0
5abc87a8554299114383a13e,nDCG@10,0.8772153153380493
5abc87a8554299114383a13e,R@100,1.0
5abc8d00554299700f9d78fd,nDCG@10,0.6509209298071326
5abc8d00554299700f9d78fd,R@100,1.0
5abc8d75554299700f9d7900,nDCG@10,0.8175295903539445
5abc8d75554299700f9d7900,R@100,1.0
5abc9fb055429959677d6ac9,nDCG@10,0.6131471927654584
5abc9fb055429959677d6ac9,R@100,0.5
5abca1a55542993a06baf937,nDCG@10,0.8503449055347546
5abca1a55542993a06baf937,R@100,1.0
5abca6375542993a06baf946,nDCG@10,1.0
5abca6375542993a06baf946,R@100,1.0
5abcc818554299658360048b,nDCG@10,0.6131471927654584
5abcc818554299658360048b,R@100,1.0
5abcc96c5542996583600492,nDCG@10,0.6131471927654584
5abcc96c5542996583600492,R@100,1.0
5abccb235542996583600497,nDCG@10,0.0
5abccb235542996583600497,R@100,0.5
5abccda855429965836004a4,nDCG@10,0.6131471927654584
5abccda855429965836004a4,R@100,0.5
5abcce3355429965836004a5,nDCG@10,0.3065735963827292
5abcce3355429965836004a5,R@100,1.0
5abccf6755429965836004ab,nDCG@10,0.2640681225725909
5abccf6755429965836004ab,R@100,1.0
5abcd19c5542993a06baf971,nDCG@10,0.6131471927654584
5abcd19c5542993a06baf971,R@100,0.5
5abcd44655429959677d6af1,nDCG@10,0.8315546295836225
5abcd44655429959677d6af1,R@100,1.0
5abcd77755429965836004ce,nDCG@10,0.9197207891481876
5abcd77755429965836004ce,R@100,1.0
5abce1af554299114383a178,nDCG@10,0.6131471927654584
5abce1af554299114383a178,R@100,0.5
5abce1fa5542993a06baf993,nDCG@10,0.6131471927654584
5abce1fa5542993a06baf993,R@100,0.5
5abce2fc5542993a06baf994,nDCG@10,0.0
5abce2fc5542993a06baf994,R@100,0.5
5abce3015542993a06baf995,nDCG@10,0.6131471927654584
5abce3015542993a06baf995,R@100,0.5
5abce43855429959677d6b18,nDCG@10,0.6509209298071326
5abce43855429959677d6b18,R@100,1.0
5abce73055429959677d6b34,nDCG@10,0.6131471927654584
5abce73055429959677d6b34,R@100,0.5
5abce7d755429959677d6b3a,nDCG@10,0.18457569677956817
5abce7d755429959677d6b3a,R@100,0.5
5abce85755429959677d6b3e,nDCG@10,0.38685280723454163
5abce85755429959677d6b3e,R@100,1.0
5abce87e5542993a06baf9a5,nDCG@10,0.6131471927654584
5abce87e5542993a06baf9a5,R@100,0.5
5abce9ca554299114383a193,nDCG@10,0.38685280723454163
5abce9ca554299114383a193,R@100,1.0
5abced075542993a06baf9ac,nDCG@10,0.6131471927654584
5abced075542993a06baf9ac,R@100,1.0
5abcedb355429959677d6b4f,nDCG@10,0.8315546295836225
5abcedb355429959677d6b4f,R@100,1.0
5abcee275542993a06baf9af,nDCG@10,0.6052602440527057
5abcee275542993a06baf9af,R@100,1.0
5abcef9e55429959677d6b52,nDCG@10,1.0
5abcef9e55429959677d6b52,R@100,1.0
5abcefc45542993a06baf9b4,nDCG@10,0.9197207891481876
5abcefc45542993a06baf9b4,R@100,1.0
5abcf14f55429959677d6b5b,nDCG@10,0.38685280723454163
5abcf14f55429959677d6b5b,R@100,0.5
5abcf17655429959677d6b5c,nDCG@10,0.17723928678404774
5abcf17655429959677d6b5c,R@100,1.0
5abcf1ce554299700f9d7930,nDCG@10,0.6131471927654584
5abcf1ce554299700f9d7930,R@100,0.5
5abcf299554299700f9d7936,nDCG@10,0.8315546295836225
5abcf299554299700f9d7936,R@100,1.0
5abcf2b4554299700f9d7937,nDCG@10,0.6131471927654584
5abcf2b4554299700f9d7937,R@100,0.5
5abcf46255429959677d6b6b,nDCG@10,0.6131471927654584
5abcf46255429959677d6b6b,R@100,0.5
5abcf51c554299700f9d7949,nDCG@10,0.8772153153380493
5abcf51c554299700f9d7949,R@100,1.0
5abcf5ec55429959677d6b76,nDCG@10,0.6131471927654584
5abcf5ec55429959677d6b76,R@100,0.5
5abcf70b55429959677d6b7e,nDCG@10,0.6131471927654584
5abcf70b55429959677d6b7e,R@100,1.0
5abcf84d55429959677d6b86,nDCG@10,0.6131471927654584
5abcf84d55429959677d6b86,R@100,1.0
5abcf9d155429959677d6b90,nDCG@10,0.0
5abcf9d155429959677d6b90,R@100,0.5
5abcfa6f5542993a06baf9c7,nDCG@10,0.8503449055347546
5abcfa6f5542993a06baf9c7,R@100,1.0
5abcfc365542993a06baf9d6,nDCG@10,0.0
5abcfc365542993a06baf9d6,R@100,0.5
5abcfcf0554299114383a1b4,nDCG@10,0.5706417189553201
5abcfcf0554299114383a1b4,R@100,1.0
5abcfd7e5542993a06baf9df,nDCG@10,0.6131471927654584
5abcfd7e5542993a06baf9df,R@100,0.5
5abcff225542993a06baf9ea,nDCG@10,0.6131471927654584
5abcff225542993a06baf9ea,R@100,0.5
5abcffc2554299700f9d7951,nDCG@10,0.0
5abcffc2554299700f9d7951,R@100,1.0
5abd001d5542993a06baf9f2,nDCG@10,0.9197207891481876
5abd001d5542993a06baf9f2,R@100,1.0
5abd0077554299700f9d7954,nDCG@10,0.9197207891481876
5abd0077554299700f9d7954,R@100,1.0
5abd0097554299700f9d7956,nDCG@10,0.0
5abd0097554299700f9d7956,R@100,0.5
5abd01205542992ac4f3819b,nDCG@10,1.0
5abd01205542992ac4f3819b,R@100,1.0
5abd02605542992ac4f381a2,nDCG@10,0.6131471927654584
5abd02605542992ac4f381a2,R@100,1.0
5abd0296554299114383a1d1,nDCG@10,0.6131471927654584
5abd0296554299114383a1d1,R@100,0.5
5abd049d5542992ac4f381a8,nDCG@10,0.6131471927654584
5abd049d5542992ac4f381a8,R@100,0.5
5abd04bd5542992ac4f381a9,nDCG@10,0.0
5abd04bd5542992ac4f381a9,R@100,0.5
5abd0553554299700f9d7963,nDCG@10,1.0
5abd0553554299700f9d7963,R@100,1.0
5abd05e655429965836004f1,nDCG@10,0.0
5abd05e655429965836004f1,R@100,1.0
5abd077055429965836004f4,nDCG@10,0.6131471927654584
5abd077055429965836004f4,R@100,0.5
5abd0803554299700f9d7979,nDCG@10,1.0
5abd0803554299700f9d7979,R@100,1.0
5abd0814554299700f9d797a,nDCG@10,0.0
5abd0814554299700f9d797a,R@100,1.0
5abd09585542996e802b469b,nDCG@10,0.6131471927654584
5abd09585542996e802b469b,R@100,1.0
5abd0ac45542992ac4f381b5,nDCG@10,0.38685280723454163
5abd0ac45542992ac4f381b5,R@100,1.0
5abd0b685542996583600501,nDCG@10,0.6131471927654584
5abd0b685542996583600501,R@100,0.5
5abd0b6b5542996e802b46b4,nDCG@10,0.0
5abd0b6b5542996e802b46b4,R@100,0.5
5abd0b9a5542996e802b46b7,nDCG@10,0.6131471927654584
5abd0b9a5542996e802b46b7,R@100,0.5
5abd0d635542992ac4f381b8,nDCG@10,0.3065735963827292
5abd0d635542992ac4f381b8,R@100,0.5
5abd0eae5542996e802b46d4,nDCG@10,0.8065735963827293
5abd0eae5542996e802b46d4,R@100,1.0
5abd0ee65542996e802b46d7,nDCG@10,0.5912352048230277
5abd0ee65542996e802b46d7,R@100,1.0
5abd0f4b55429933744ab6e3,nDCG@10,0.6131471927654584
5abd0f4b55429933744ab6e3,R@100,1.0
5abd12bb55429933744ab703,nDCG@10,0.9197207891481876
5abd12bb55429933744ab703,R@100,1.0
5abd13b655429924427fceea,nDCG@10,0.8503449055347546
5abd13b655429924427fceea,R@100,1.0
5abd14c455429924427fceec,nDCG@10,0.6131471927654584
5abd14c455429924427fceec,R@100,0.5
5abd1529554299114383a1e3,nDCG@10,0.6131471927654584
5abd1529554299114383a1e3,R@100,0.5
5abd1b5e55429933744ab728,nDCG@10,0.6131471927654584
5abd1b5e55429933744ab728,R@100,0.5
5abd1b6e55429933744ab729,nDCG@10,0.8315546295836225
5abd1b6e55429933744ab729,R@100,1.0
5abd1daa55429933744ab72e,nDCG@10,0.9197207891481876
5abd1daa55429933744ab72e,R@100,1.0
5abd245555429924427fcf0f,nDCG@10,0.6131471927654584
5abd245555429924427fcf0f,R@100,1.0
5abd247e5542996e802b472f,nDCG@10,0.6131471927654584
5abd247e5542996e802b472f,R@100,1.0
5abd259d55429924427fcf1a,nDCG@10,1.0
5abd259d55429924427fcf1a,R@100,1.0
5abd27ba5542993062266ba7,nDCG@10,0.8772153153380493
5abd27ba5542993062266ba7,R@100,1.0
5abd2af955429933744ab74b,nDCG@10,0.0
5abd2af955429933744ab74b,R@100,0.5
5abd2cde5542993062266bb1,nDCG@10,0.38685280723454163
5abd2cde5542993062266bb1,R@100,1.0
5abd2eab5542992ac4f38210,nDCG@10,0.9197207891481876
5abd2eab5542992ac4f38210,R@100,1.0
5abd2eb255429933744ab750,nDCG@10,0.6131471927654584
5abd2eb255429933744ab750,R@100,0.5
5abd332e5542993062266bdd,nDCG@10,0.6131471927654584
5abd332e5542993062266bdd,R@100,1.0
5abd36165542993062266bfb,nDCG@10,0.7977228895450266
5abd36165542993062266bfb,R@100,1.0
5abd38285542993062266c19,nDCG@10,0.6131471927654584
5abd38285542993062266c19,R@100,1.0
5abd420f55429933744ab75c,nDCG@10,1.0
5abd420f55429933744ab75c,R@100,1.0
5abd44d955429933744ab760,nDCG@10,0.6131471927654584
5abd44d955429933744ab760,R@100,1.0
5abd455c55429924427fcf5a,nDCG@10,0.0
5abd455c55429924427fcf5a,R@100,0.5
5abd4c6d5542993062266c47,nDCG@10,0.6131471927654584
5abd4c6d5542993062266c47,R@100,0.5
5abd4f2e5542993062266c4b,nDCG@10,0.38685280723454163
5abd4f2e5542993062266c4b,R@100,0.5
5abd4fe05542993062266c4e,nDCG@10,0.2640681225725909
5abd4fe05542993062266c4e,R@100,0.5
5abd516a5542992ac4f3825c,nDCG@10,0.19342640361727081
5abd516a5542992ac4f3825c,R@100,0.5
5abd552555429933744ab776,nDCG@10,0.38685280723454163
5abd552555429933744ab776,R@100,0.5
5abd56355542993062266c58,nDCG@10,0.6131471927654584
5abd56355542993062266c58,R@100,0.5
5abd573c55429924427fcfb7,nDCG@10,1.0
5abd573c55429924427fcfb7,R@100,1.0
5abd578a5542993062266c5d,nDCG@10,0.6131471927654584
5abd578a5542993062266c5d,R@100,0.5
5abd580855429924427fcfb8,nDCG@10,0.6131471927654584
5abd580855429924427fcfb8,R@100,1.0
5abd583255429924427fcfb9,nDCG@10,1.0
5abd583255429924427fcfb9,R@100,1.0
5abd5a135542992ac4f3829f,nDCG@10,0.6131471927654584
5abd5a135542992ac4f3829f,R@100,0.5
5abd5b0355429933744ab789,nDCG@10,1.0
5abd5b0355429933744ab789,R@100,1.0
5abd605155429924427fcfc9,nDCG@10,0.3065735963827292
5abd605155429924427fcfc9,R@100,0.5
5abd648155429933744ab7ac,nDCG@10,0.38685280723454163
5abd648155429933744ab7ac,R@100,0.5
5abd64cb55429933744ab7ad,nDCG@10,0.6131471927654584
5abd64cb55429933744ab7ad,R@100,1.0
5abd68b45542993062266c77,nDCG@10,0.0
5abd68b45542993062266c77,R@100,0.5
5abd68d655429933744ab7c0,nDCG@10,0.3065735963827292
5abd68d655429933744ab7c0,R@100,1.0
5abd69ce5542993062266c7f,nDCG@10,1.0
5abd69ce5542993062266c7f,R@100,1.0
5abd6a7455429933744ab7c5,nDCG@10,1.0
5abd6a7455429933744ab7c5,R@100,1.0
5abd6be55542993062266c89,nDCG@10,1.0
5abd6be55542993062266c89,R@100,1.0
5abd6bf055429933744ab7c8,nDCG@10,0.17723928678404774
5abd6bf055429933744ab7c8,R@100,1.0
5abd6cb955429933744ab7cd,nDCG@10,0.8772153153380493
5abd6cb955429933744ab7cd,R@100,1.0
5abd6db755429933744ab7d0,nDCG@10,0.23719771276929622
5abd6db755429933744ab7d0,R@100,0.5
5abd6f0855429933744ab7d5,nDCG@10,0.3065735963827292
5abd6f0855429933744ab7d5,R@100,0.5
5abd72475542993062266c9a,nDCG@10,1.0
5abd72475542993062266c9a,R@100,1.0
5abd724b55429924427fcfd9,nDCG@10,1.0
5abd724b55429924427fcfd9,R@100,1.0
5abd72d155429933744ab7e0,nDCG@10,1.0
5abd72d155429933744ab7e0,R@100,1.0
5abd74c95542993062266ca2,nDCG@10,0.6131471927654584
5abd74c95542993062266ca2,R@100,0.5
5abd7aba55429924427fcfed,nDCG@10,1.0
5abd7aba55429924427fcfed,R@100,1.0
5abd7d0c55429924427fd010,nDCG@10,1.0
5abd7d0c55429924427fd010,R@100,1.0
5abd81ff5542993062266cb3,nDCG@10,0.6131471927654584
5abd81ff5542993062266cb3,R@100,0.5
5abd82dc5542993062266cb6,nDCG@10,0.6131471927654584
5abd82dc5542993062266cb6,R@100,1.0
5abd830455429924427fd033,nDCG@10,1.0
5abd830455429924427fd033,R@100,1.0
5abd83775542993062266cb7,nDCG@10,0.3065735963827292
5abd83775542993062266cb7,R@100,1.0
5abd848455429924427fd03a,nDCG@10,0.9197207891481876
5abd848455429924427fd03a,R@100,1.0
5abd85375542993062266cba,nDCG@10,0.38685280723454163
5abd85375542993062266cba,R@100,1.0
5abd882f55429924427fd045,nDCG@10,0.6131471927654584
5abd882f55429924427fd045,R@100,1.0
5abd889f55429924427fd046,nDCG@10,0.2640681225725909
5abd889f55429924427fd046,R@100,0.5
5abd8ac25542993062266cc2,nDCG@10,0.0
5abd8ac25542993062266cc2,R@100,0.5
5abd8bf95542996e802b47ba,nDCG@10,1.0
5abd8bf95542996e802b47ba,R@100,1.0
5abd8c295542992ac4f382ab,nDCG@10,1.0
5abd8c295542992ac4f382ab,R@100,1.0
5abd8ee05542993062266cc8,nDCG@10,1.0
5abd8ee05542993062266cc8,R@100,1.0
5abd920e55429924427fd05d,nDCG@10,0.9197207891481876
5abd920e55429924427fd05d,R@100,1.0
5abd93115542996e802b47e0,nDCG@10,0.18457569677956817
5abd93115542996e802b47e0,R@100,0.5
5abd94525542992ac4f382d2,nDCG@10,0.20438239758848611
5abd94525542992ac4f382d2,R@100,1.0
5abd957a5542996e802b47eb,nDCG@10,0.0
5abd957a5542996e802b47eb,R@100,0.0
5abd96fe5542992ac4f382d9,nDCG@10,0.6131471927654584
5abd96fe5542992ac4f382d9,R@100,0.5
5abd9b5255429924427fd06a,nDCG@10,1.0
5abd9b5255429924427fd06a,R@100,1.0
5abd9c2355429924427fd06c,nDCG@10,0.6131471927654584
5abd9c2355429924427fd06c,R@100,1.0
5abda2b755429933744ab80f,nDCG@10,0.6131471927654584
5abda2b755429933744ab80f,R@100,0.5
5abda4dd55429965af743d95,nDCG@10,0.6509209298071326
5abda4dd55429965af743d95,R@100,1.0
5abda6b255429965af743d9a,nDCG@10,0.6131471927654584
5abda6b255429965af743d9a,R@100,0.5
5abda6e955429965af743d9b,nDCG@10,0.6131471927654584
5abda6e955429965af743d9b,R@100,0.5
5abda8d55542992ac4f382e7,nDCG@10,0.3065735963827292
5abda8d55542992ac4f382e7,R@100,0.5
5abdaa0f55429965af743dad,nDCG@10,0.6131471927654584
5abdaa0f55429965af743dad,R@100,0.5
5abdb10f55429965af743dc9,nDCG@10,1.0
5abdb10f55429965af743dc9,R@100,1.0
5abdb4a755429965af743df0,nDCG@10,0.6131471927654584
5abdb4a755429965af743df0,R@100,0.5
5abdb5b455429965af743dfa,nDCG@10,0.6131471927654584
5abdb5b455429965af743dfa,R@100,1.0
5abdb7ff5542993f32c2a011,nDCG@10,0.6131471927654584
5abdb7ff5542993f32c2a011,R@100,0.5
5abdb8ba5542993f32c2a015,nDCG@10,1.0
5abdb8ba5542993f32c2a015,R@100,1.0
5abdb9775542993f32c2a01b,nDCG@10,0.6131471927654584
5abdb9775542993f32c2a01b,R@100,1.0
5abdba405542993f32c2a023,nDCG@10,0.6131471927654584
5abdba405542993f32c2a023,R@100,1.0
5abdbabe5542993f32c2a028,nDCG@10,0.8772153153380493
5abdbabe5542993f32c2a028,R@100,1.0
5abdbf3755429933744ab818,nDCG@10,0.8315546295836225
5abdbf3755429933744ab818,R@100,1.0
5abdc0ad55429933744ab81b,nDCG@10,0.8772153153380493
5abdc0ad55429933744ab81b,R@100,1.0
5abdc18555429965af743e2b,nDCG@10,0.5249810332008933
5abdc18555429965af743e2b,R@100,1.0
5abdc74755429965af743e36,nDCG@10,0.5640920940185894
5abdc74755429965af743e36,R@100,1.0
5abdc8e755429965af743e3f,nDCG@10,0.6131471927654584
5abdc8e755429965af743e3f,R@100,1.0
5abdcad155429965af743e4d,nDCG@10,0.8772153153380493
5abdcad155429965af743e4d,R@100,1.0
5abdcaea55429965af743e4e,nDCG@10,0.9197207891481876
5abdcaea55429965af743e4e,R@100,1.0
5abdce1b5542993062266cfe,nDCG@10,0.20438239758848611
5abdce1b5542993062266cfe,R@100,0.5
5abdcea955429965af743e5a,nDCG@10,1.0
5abdcea955429965af743e5a,R@100,1.0
5abdd08d5542991f6610604c,nDCG@10,0.6131471927654584
5abdd08d5542991f6610604c,R@100,0.5
5abdd0f15542991f6610604d,nDCG@10,0.6131471927654584
5abdd0f15542991f6610604d,R@100,0.5
5abdd30c5542991f66106052,nDCG@10,0.6131471927654584
5abdd30c5542991f66106052,R@100,0.5
5abdd8d95542991f6610606a,nDCG@10,0.6131471927654584
5abdd8d95542991f6610606a,R@100,1.0
5abde0655542991f6610608b,nDCG@10,0.0
5abde0655542991f6610608b,R@100,1.0
5abde4595542991f66106095,nDCG@10,0.8315546295836225
5abde4595542991f66106095,R@100,1.0
5abde4ed5542991f66106097,nDCG@10,0.6131471927654584
5abde4ed5542991f66106097,R@100,0.5
5abde7ba5542991f6610609e,nDCG@10,0.0
5abde7ba5542991f6610609e,R@100,0.0
5abdf06355429976d4830a2d,nDCG@10,0.8065735963827293
5abdf06355429976d4830a2d,R@100,1.0
5abdf12255429976d4830a2f,nDCG@10,0.8772153153380493
5abdf12255429976d4830a2f,R@100,1.0
5abdf1fe55429976d4830a31,nDCG@10,0.0
5abdf1fe55429976d4830a31,R@100,0.0
5abdf68c5542993f32c2a06b,nDCG@10,0.20438239758848611
5abdf68c5542993f32c2a06b,R@100,1.0
5abdf7055542993f32c2a06c,nDCG@10,0.6131471927654584
5abdf7055542993f32c2a06c,R@100,0.5
5abdf72055429976d4830a37,nDCG@10,0.6131471927654584
5abdf72055429976d4830a37,R@100,0.5
5abdf8c45542993f32c2a072,nDCG@10,0.6131471927654584
5abdf8c45542993f32c2a072,R@100,0.5
5abdff775542993f32c2a082,nDCG@10,0.0
5abdff775542993f32c2a082,R@100,1.0
5abe024c5542991f661060a2,nDCG@10,0.6131471927654584
5abe024c5542991f661060a2,R@100,0.5
5abe03635542991f661060a5,nDCG@10,0.6131471927654584
5abe03635542991f661060a5,R@100,0.5
5abe044d5542991f661060a7,nDCG@10,0.6131471927654584
5abe044d5542991f661060a7,R@100,0.5
5abe0e4e55429976d4830a62,nDCG@10,0.6131471927654584
5abe0e4e55429976d4830a62,R@100,0.5
5abe18e055429976d4830a74,nDCG@10,0.6131471927654584
5abe18e055429976d4830a74,R@100,1.0
5abe19895542991f661060c2,nDCG@10,0.6131471927654584
5abe19895542991f661060c2,R@100,1.0
5abe239355429976d4830a7d,nDCG@10,0.6131471927654584
5abe239355429976d4830a7d,R@100,0.5
5abe250f5542991f661060ef,nDCG@10,0.3065735963827292
5abe250f5542991f661060ef,R@100,1.0
5abe2b0155429976d4830a83,nDCG@10,1.0
5abe2b0155429976d4830a83,R@100,1.0
5abe34095542993f32c2a088,nDCG@10,0.6131471927654584
5abe34095542993f32c2a088,R@100,1.0
5abe364e5542993f32c2a08e,nDCG@10,1.0
5abe364e5542993f32c2a08e,R@100,1.0
5abe36745542991f66106101,nDCG@10,0.6131471927654584
5abe36745542991f66106101,R@100,0.5
5abe369055429976d4830a8a,nDCG@10,1.0
5abe369055429976d4830a8a,R@100,1.0
5abe36aa5542993f32c2a08f,nDCG@10,0.19342640361727081
5abe36aa5542993f32c2a08f,R@100,0.5
5abe3abb55429965af743ea1,nDCG@10,0.6131471927654584
5abe3abb55429965af743ea1,R@100,0.5
5abe3c7555429965af743ea5,nDCG@10,0.0
5abe3c7555429965af743ea5,R@100,0.5
5abe3dc65542993f32c2a0c4,nDCG@10,0.6131471927654584
5abe3dc65542993f32c2a0c4,R@100,1.0
5abe3e545542993f32c2a0c7,nDCG@10,1.0
5abe3e545542993f32c2a0c7,R@100,1.0
5abe3f3455429976d4830aa8,nDCG@10,0.38685280723454163
5abe3f3455429976d4830aa8,R@100,0.5
5abe407155429976d4830ab4,nDCG@10,0.9197207891481876
5abe407155429976d4830ab4,R@100,1.0
5abe436455429976d4830ac6,nDCG@10,0.6131471927654584
5abe436455429976d4830ac6,R@100,0.5
5abe45b855429976d4830ad0,nDCG@10,1.0
5abe45b855429976d4830ad0,R@100,1.0
5abe48675542991f66106119,nDCG@10,0.0
5abe48675542991f66106119,R@100,1.0
5abe49765542991f6610611f,nDCG@10,0.6131471927654584
5abe49765542991f6610611f,R@100,0.5
5abe4a365542993f32c2a0dc,nDCG@10,1.0
5abe4a365542993f32c2a0dc,R@100,1.0
5abe4fd95542991f6610613d,nDCG@10,0.6131471927654584
5abe4fd95542991f6610613d,R@100,0.5
5abe50b45542991f6610613f,nDCG@10,0.39780880120575696
5abe50b45542991f6610613f,R@100,1.0
5abe535055429976d4830aea,nDCG@10,0.0
5abe535055429976d4830aea,R@100,0.0
5abe54585542991f66106148,nDCG@10,0.6131471927654584
5abe54585542991f66106148,R@100,0.5
5abe5ee955429976d4830b03,nDCG@10,1.0
5abe5ee955429976d4830b03,R@100,1.0
5abe64bf55429976d4830b13,nDCG@10,0.6131471927654584
5abe64bf55429976d4830b13,R@100,0.5
5abe65e25542993f32c2a101,nDCG@10,1.0
5abe65e25542993f32c2a101,R@100,1.0
5abe67ae5542991f6610616b,nDCG@10,1.0
5abe67ae5542991f6610616b,R@100,1.0
5abe689a55429976d4830b16,nDCG@10,0.8065735963827293
5abe689a55429976d4830b16,R@100,1.0
5abe6f8455429965af743f03,nDCG@10,0.6131471927654584
5abe6f8455429965af743f03,R@100,1.0
5abe731255429965af743f0e,nDCG@10,0.38685280723454163
5abe731255429965af743f0e,R@100,1.0
5abe765a55429976d4830b1f,nDCG@10,0.7977228895450266
5abe765a55429976d4830b1f,R@100,1.0
5abe76c255429965af743f15,nDCG@10,0.6131471927654584
5abe76c255429965af743f15,R@100,1.0
5abe79c755429976d4830b2a,nDCG@10,0.6131471927654584
5abe79c755429976d4830b2a,R@100,0.5
5abe7c515542993f32c2a128,nDCG@10,0.6131471927654584
5abe7c515542993f32c2a128,R@100,0.5
5abe7e1d55429976d4830b36,nDCG@10,0.0
5abe7e1d55429976d4830b36,R@100,0.5
5abe7eb05542993f32c2a12c,nDCG@10,0.6131471927654584
5abe7eb05542993f32c2a12c,R@100,0.5
5abe7f695542993f32c2a12d,nDCG@10,0.23719771276929622
5abe7f695542993f32c2a12d,R@100,0.5
5abe80a855429976d4830b43,nDCG@10,0.6131471927654584
5abe80a855429976d4830b43,R@100,1.0
5abe822155429976d4830b48,nDCG@10,0.6131471927654584
5abe822155429976d4830b48,R@100,0.5
5abe832a55429965af743f29,nDCG@10,0.6131471927654584
5abe832a55429965af743f29,R@100,1.0
5abe84a95542991f6610619b,nDCG@10,0.0
5abe84a95542991f6610619b,R@100,1.0
5abe86365542993f32c2a14d,nDCG@10,0.9197207891481876
5abe86365542993f32c2a14d,R@100,1.0
5abe87cb5542993f32c2a156,nDCG@10,0.6131471927654584
5abe87cb5542993f32c2a156,R@100,0.5
5abe89dd55429976d4830b5d,nDCG@10,0.6131471927654584
5abe89dd55429976d4830b5d,R@100,0.5
5abe8aad55429976d4830b60,nDCG@10,0.7977228895450266
5abe8aad55429976d4830b60,R@100,1.0
5abe91895542993f32c2a168,nDCG@10,1.0
5abe91895542993f32c2a168,R@100,1.0
5abe92de5542993f32c2a16b,nDCG@10,0.38685280723454163
5abe92de5542993f32c2a16b,R@100,1.0
5abe94fd55429965af743f37,nDCG@10,1.0
5abe94fd55429965af743f37,R@100,1.0
5abe953b5542993f32c2a170,nDCG@10,0.0
5abe953b5542993f32c2a170,R@100,0.5
5abe9b095542991f661061ad,nDCG@10,0.8315546295836225
5abe9b095542991f661061ad,R@100,1.0
5abe9c1a5542993f32c2a183,nDCG@10,0.8503449055347546
5abe9c1a5542993f32c2a183,R@100,1.0
5abe9cc95542993f32c2a184,nDCG@10,0.6131471927654584
5abe9cc95542993f32c2a184,R@100,0.5
5abe9f7d5542997ec76fd331,nDCG@10,0.6131471927654584
5abe9f7d5542997ec76fd331,R@100,0.5
5abea05f5542991f661061b6,nDCG@10,0.6131471927654584
5abea05f5542991f661061b6,R@100,0.5
5abea6a05542993f32c2a18d,nDCG@10,0.6131471927654584
5abea6a05542993f32c2a18d,R@100,0.5
5abea7c25542990832d3a068,nDCG@10,0.5706417189553201
5abea7c25542990832d3a068,R@100,1.0
5abea85f5542990832d3a070,nDCG@10,1.0
5abea85f5542990832d3a070,R@100,1.0
5abea98d5542990832d3a07d,nDCG@10,0.7903864795495061
5abea98d5542990832d3a07d,R@100,1.0
5abea9a35542990832d3a07e,nDCG@10,0.0
5abea9a35542990832d3a07e,R@100,0.5
5abeab375542990832d3a091,nDCG@10,0.6131471927654584
5abeab375542990832d3a091,R@100,0.5
5abeafbb5542997ec76fd347,nDCG@10,1.0
5abeafbb5542997ec76fd347,R@100,1.0
5abeb0da5542997ec76fd34b,nDCG@10,0.7977228895450266
5abeb0da5542997ec76fd34b,R@100,1.0
5abeb1925542994516f453f0,nDCG@10,1.0
5abeb1925542994516f453f0,R@100,1.0
5abeb3525542993fe9a41d03,nDCG@10,1.0
5abeb3525542993fe9a41d03,R@100,1.0
5abeb6645542993fe9a41d11,nDCG@10,0.6131471927654584
5abeb6645542993fe9a41d11,R@100,0.5
5abeb7eb5542993fe9a41d1f,nDCG@10,0.6131471927654584
5abeb7eb5542993fe9a41d1f,R@100,1.0
5abeb91c5542994516f45400,nDCG@10,0.9197207891481876
5abeb91c5542994516f45400,R@100,1.0
5abebb8f5542994516f4540a,nDCG@10,0.6131471927654584
5abebb8f5542994516f4540a,R@100,0.5
5abebbe65542997719eab59d,nDCG@10,0.8772153153380493
5abebbe65542997719eab59d,R@100,1.0
5abec12b5542997ec76fd358,nDCG@10,0.6509209298071326
5abec12b5542997ec76fd358,R@100,1.0
5abec2ca5542997719eab5b9,nDCG@10,0.9197207891481876
5abec2ca5542997719eab5b9,R@100,1.0
5abec66b5542997ec76fd360,nDCG@10,0.6131471927654584
5abec66b5542997ec76fd360,R@100,1.0
5abec8e45542997ec76fd364,nDCG@10,0.8315546295836225
5abec8e45542997ec76fd364,R@100,1.0
5abec90a5542994516f45438,nDCG@10,0.6131471927654584
5abec90a5542994516f45438,R@100,0.5
5abec9b25542997ec76fd366,nDCG@10,0.9197207891481876
5abec9b25542997ec76fd366,R@100,1.0
5abecdf45542997719eab5d4,nDCG@10,0.6131471927654584
5abecdf45542997719eab5d4,R@100,0.5
5abece075542997ec76fd36d,nDCG@10,0.6131471927654584
5abece075542997ec76fd36d,R@100,0.5
5abed2b45542990832d3a0d0,nDCG@10,0.6131471927654584
5abed2b45542990832d3a0d0,R@100,0.5
5abed44b5542990832d3a0db,nDCG@10,0.6131471927654584
5abed44b5542990832d3a0db,R@100,0.5
5abed4d55542990832d3a0e0,nDCG@10,1.0
5abed4d55542990832d3a0e0,R@100,1.0
5abed6905542990832d3a0ed,nDCG@10,0.9197207891481876
5abed6905542990832d3a0ed,R@100,1.0
5abed7d75542990832d3a0f7,nDCG@10,0.6131471927654584
5abed7d75542990832d3a0f7,R@100,1.0
5abed9435542994516f45457,nDCG@10,1.0
5abed9435542994516f45457,R@100,1.0
5abee2df5542994516f4546a,nDCG@10,0.6131471927654584
5abee2df5542994516f4546a,R@100,0.5
5abee41a5542993fe9a41d79,nDCG@10,0.6131471927654584
5abee41a5542993fe9a41d79,R@100,1.0
5abee4ff5542993fe9a41d7d,nDCG@10,0.7903864795495061
5abee4ff5542993fe9a41d7d,R@100,1.0
5abee69c5542993fe9a41d8b,nDCG@10,0.38685280723454163
5abee69c5542993fe9a41d8b,R@100,0.5
5abee70a5542994516f45476,nDCG@10,0.6131471927654584
5abee70a5542994516f45476,R@100,1.0
5abee75f5542993fe9a41d8e,nDCG@10,0.6131471927654584
5abee75f5542993fe9a41d8e,R@100,1.0
5abeebe25542993fe9a41d9c,nDCG@10,1.0
5abeebe25542993fe9a41d9c,R@100,1.0
5abef8fd5542990832d3a111,nDCG@10,0.7903864795495061
5abef8fd5542990832d3a111,R@100,1.0
5abefa5b5542997ec76fd3a3,nDCG@10,0.0
5abefa5b5542997ec76fd3a3,R@100,0.0
5abefbc15542990832d3a117,nDCG@10,0.6131471927654584
5abefbc15542990832d3a117,R@100,0.5
5abf04ae5542993fe9a41dbf,nDCG@10,0.8315546295836225
5abf04ae5542993fe9a41dbf,R@100,1.0
5abf08985542997719eab625,nDCG@10,0.9197207891481876
5abf08985542997719eab625,R@100,1.0
5abf0bf95542997719eab63a,nDCG@10,0.6131471927654584
5abf0bf95542997719eab63a,R@100,0.5
5abf10b75542997719eab659,nDCG@10,0.6131471927654584
5abf10b75542997719eab659,R@100,1.0
5abf11d45542997719eab660,nDCG@10,0.6052602440527057
5abf11d45542997719eab660,R@100,1.0
5abf12005542997719eab661,nDCG@10,0.6131471927654584
5abf12005542997719eab661,R@100,0.5
5abf12f25542997719eab667,nDCG@10,0.6131471927654584
5abf12f25542997719eab667,R@100,1.0
5abf16965542993fe9a41dd3,nDCG@10,1.0
5abf16965542993fe9a41dd3,R@100,1.0
5abf1a6b5542997ec76fd3c1,nDCG@10,1.0
5abf1a6b5542997ec76fd3c1,R@100,1.0
5abf1ad15542997ec76fd3c2,nDCG@10,0.9197207891481876
5abf1ad15542997ec76fd3c2,R@100,1.0
5abf1e825542997ec76fd3cb,nDCG@10,0.8503449055347546
5abf1e825542997ec76fd3cb,R@100,1.0
5abf2e605542993fe9a41de4,nDCG@10,0.6131471927654584
5abf2e605542993fe9a41de4,R@100,1.0
5abf30185542990832d3a13f,nDCG@10,0.6131471927654584
5abf30185542990832d3a13f,R@100,1.0
5abf42f75542993fe9a41dee,nDCG@10,0.21840743681816419
5abf42f75542993fe9a41dee,R@100,1.0
5abf44025542993fe9a41def,nDCG@10,0.6131471927654584
5abf44025542993fe9a41def,R@100,1.0
5abf63f15542997ec76fd3ea,nDCG@10,0.6131471927654584
5abf63f15542997ec76fd3ea,R@100,1.0
5abf64265542997ec76fd3eb,nDCG@10,0.6131471927654584
5abf64265542997ec76fd3eb,R@100,0.5
5abf877c5542990832d3a147,nDCG@10,0.8065735963827293
5abf877c5542990832d3a147,R@100,1.0
5abf8ae85542990832d3a14b,nDCG@10,0.0
5abf8ae85542990832d3a14b,R@100,0.0
5abf8cc35542990832d3a14e,nDCG@10,0.6131471927654584
5abf8cc35542990832d3a14e,R@100,1.0
5abf8e135542990832d3a14f,nDCG@10,0.21840743681816419
5abf8e135542990832d3a14f,R@100,1.0
5abf92c45542993fe9a41e07,nDCG@10,0.6934264036172708
5abf92c45542993fe9a41e07,R@100,1.0
5abf931f5542990832d3a158,nDCG@10,1.0
5abf931f5542990832d3a158,R@100,1.0
5abfa0285542990832d3a171,nDCG@10,0.6131471927654584
5abfa0285542990832d3a171,R@100,1.0
5abfa0be5542990832d3a173,nDCG@10,0.6131471927654584
5abfa0be5542990832d3a173,R@100,0.5
5abfa18f5542990832d3a176,nDCG@10,1.0
5abfa18f5542990832d3a176,R@100,1.0
5abfa2255542993fe9a41e18,nDCG@10,0.7903864795495061
5abfa2255542993fe9a41e18,R@100,1.0
5abfa5fb5542990832d3a183,nDCG@10,0.6131471927654584
5abfa5fb5542990832d3a183,R@100,0.5
5abfa9745542997ec76fd426,nDCG@10,1.0
5abfa9745542997ec76fd426,R@100,1.0
5abfaa445542990832d3a18c,nDCG@10,0.6131471927654584
5abfaa445542990832d3a18c,R@100,1.0
5abfab8d5542997ec76fd42d,nDCG@10,0.6131471927654584
5abfab8d5542997ec76fd42d,R@100,0.5
5abface75542990832d3a196,nDCG@10,1.0
5abface75542990832d3a196,R@100,1.0
5abfad3c5542990832d3a197,nDCG@10,0.6131471927654584
5abfad3c5542990832d3a197,R@100,1.0
5abfb3425542990832d3a1c0,nDCG@10,0.6131471927654584
5abfb3425542990832d3a1c0,R@100,0.5
5abfb4235542990832d3a1ca,nDCG@10,0.3065735963827292
5abfb4235542990832d3a1ca,R@100,0.5
5abfc8675542993fe9a41e52,nDCG@10,0.38685280723454163
5abfc8675542993fe9a41e52,R@100,1.0
5abfc9bf5542993fe9a41e60,nDCG@10,0.8065735963827293
5abfc9bf5542993fe9a41e60,R@100,1.0
5abfca465542993fe9a41e65,nDCG@10,0.9197207891481876
5abfca465542993fe9a41e65,R@100,1.0
5abfcd7a5542993fe9a41e7a,nDCG@10,0.8503449055347546
5abfcd7a5542993fe9a41e7a,R@100,1.0
5abfcdb55542993fe9a41e7b,nDCG@10,0.6131471927654584
5abfcdb55542993fe9a41e7b,R@100,1.0
5abfce075542994516f454f7,nDCG@10,0.7977228895450266
5abfce075542994516f454f7,R@100,1.0
5abfd3ba5542994516f4550a,nDCG@10,0.9197207891481876
5abfd3ba5542994516f4550a,R@100,1.0
5abfd3d65542994516f4550b,nDCG@10,0.9197207891481876
5abfd3d65542994516f4550b,R@100,1.0
5abfd5c45542994516f4550e,nDCG@10,0.7903864795495061
5abfd5c45542994516f4550e,R@100,1.0
5abfd83f5542997ec76fd45c,nDCG@10,0.0
5abfd83f5542997ec76fd45c,R@100,1.0
5abfdc185542994516f45513,nDCG@10,0.7903864795495061
5abfdc185542994516f45513,R@100,1.0
5abfde655542997719eab6f2,nDCG@10,0.8065735963827293
5abfde655542997719eab6f2,R@100,1.0
5abfdfcb5542997d642958fe,nDCG@10,0.38685280723454163
5abfdfcb5542997d642958fe,R@100,1.0
5abfe1115542997d64295909,nDCG@10,0.6131471927654584
5abfe1115542997d64295909,R@100,0.5
5abfe2a15542997d6429591c,nDCG@10,0.6131471927654584
5abfe2a15542997d6429591c,R@100,0.5
5abfea825542994516f45527,nDCG@10,0.0
5abfea825542994516f45527,R@100,0.0
5abff00c5542994516f45537,nDCG@10,0.6131471927654584
5abff00c5542994516f45537,R@100,1.0
5abff0625542997ec76fd476,nDCG@10,0.0
5abff0625542997ec76fd476,R@100,1.0
5abff0645542994516f45539,nDCG@10,1.0
5abff0645542994516f45539,R@100,1.0
5abff0785542997d64295957,nDCG@10,0.6131471927654584
5abff0785542997d64295957,R@100,0.5
5abff65c5542994516f45551,nDCG@10,0.6131471927654584
5abff65c5542994516f45551,R@100,0.5
5abff9905542997d64295980,nDCG@10,0.8175295903539445
5abff9905542997d64295980,R@100,1.0
5abffa095542990832d3a1de,nDCG@10,0.6131471927654584
5abffa095542990832d3a1de,R@100,0.5
5abffafe5542997d64295988,nDCG@10,0.6131471927654584
5abffafe5542997d64295988,R@100,1.0
5abffc0d5542990832d3a1e2,nDCG@10,0.6131471927654584
5abffc0d5542990832d3a1e2,R@100,0.5
5abffc41554299012d1db551,nDCG@10,0.6131471927654584
5abffc41554299012d1db551,R@100,1.0
5abffd10554299012d1db556,nDCG@10,0.6131471927654584
5abffd10554299012d1db556,R@100,0.5
5abffda6554299012d1db55b,nDCG@10,0.6131471927654584
5abffda6554299012d1db55b,R@100,1.0
5abffdec554299012d1db55d,nDCG@10,0.6131471927654584
5abffdec554299012d1db55d,R@100,0.5
5ac002705542996f0d89cb05,nDCG@10,0.8772153153380493
5ac002705542996f0d89cb05,R@100,1.0
5ac00278554299012d1db56b,nDCG@10,0.45749452618986164
5ac00278554299012d1db56b,R@100,1.0
5ac00584554299012d1db575,nDCG@10,0.6131471927654584
5ac00584554299012d1db575,R@100,0.5
5ac005a15542997719eab6fc,nDCG@10,0.6509209298071326
5ac005a15542997719eab6fc,R@100,1.0
5ac0060f554299012d1db578,nDCG@10,0.0
5ac0060f554299012d1db578,R@100,0.5
5ac007cc5542996f0d89cb0b,nDCG@10,0.6131471927654584
5ac007cc5542996f0d89cb0b,R@100,1.0
5ac009bf5542997d642959a7,nDCG@10,0.3065735963827292
5ac009bf5542997d642959a7,R@100,0.5
5ac00cde554299012d1db58a,nDCG@10,0.38685280723454163
5ac00cde554299012d1db58a,R@100,1.0
5ac00de75542996f0d89cb13,nDCG@10,0.8772153153380493
5ac00de75542996f0d89cb13,R@100,1.0
5ac00f795542996f0d89cb16,nDCG@10,0.6131471927654584
5ac00f795542996f0d89cb16,R@100,1.0
5ac017945542997d642959bc,nDCG@10,0.6131471927654584
5ac017945542997d642959bc,R@100,1.0
5ac017f4554299012d1db5a2,nDCG@10,1.0
5ac017f4554299012d1db5a2,R@100,1.0
5ac01bb8554299012d1db5a6,nDCG@10,0.7903864795495061
5ac01bb8554299012d1db5a6,R@100,1.0
5ac01bca5542992a796dec8d,nDCG@10,1.0
5ac01bca5542992a796dec8d,R@100,1.0
5ac01e77554299012d1db5ac,nDCG@10,0.6131471927654584
5ac01e77554299012d1db5ac,R@100,1.0
5ac0223f5542992a796dec9f,nDCG@10,1.0
5ac0223f5542992a796dec9f,R@100,1.0
5ac023045542996f0d89cb32,nDCG@10,0.6131471927654584
5ac023045542996f0d89cb32,R@100,0.5
5ac027005542996f0d89cb3d,nDCG@10,0.19342640361727081
5ac027005542996f0d89cb3d,R@100,0.5
5ac02835554299294b218f2e,nDCG@10,0.6131471927654584
5ac02835554299294b218f2e,R@100,1.0
5ac02880554299012d1db5c0,nDCG@10,0.6131471927654584
5ac02880554299012d1db5c0,R@100,0.5
5ac029655542992a796decb3,nDCG@10,1.0
5ac029655542992a796decb3,R@100,1.0
5ac02b325542992a796decb9,nDCG@10,0.6131471927654584
5ac02b325542992a796decb9,R@100,0.5
5ac02c4a5542992a796decbd,nDCG@10,0.8772153153380493
5ac02c4a5542992a796decbd,R@100,1.0
5ac02c6b554299294b218f38,nDCG@10,0.9197207891481876
5ac02c6b554299294b218f38,R@100,1.0
5ac02d345542992a796decc0,nDCG@10,0.6509209298071326
5ac02d345542992a796decc0,R@100,1.0
5ac02d59554299294b218f3b,nDCG@10,1.0
5ac02d59554299294b218f3b,R@100,1.0
5ac02e31554299294b218f3f,nDCG@10,0.5437713091520254
5ac02e31554299294b218f3f,R@100,1.0
5ac02edb554299294b218f41,nDCG@10,0.9197207891481876
5ac02edb554299294b218f41,R@100,1.0
5ac033495542996f0d89cb59,nDCG@10,1.0
5ac033495542996f0d89cb59,R@100,1.0
5ac036b95542992a796deccd,nDCG@10,0.38685280723454163
5ac036b95542992a796deccd,R@100,0.5
5ac038db554299294b218f57,nDCG@10,0.6131471927654584
5ac038db554299294b218f57,R@100,0.5
5ac03b395542992a796decce,nDCG@10,1.0
5ac03b395542992a796decce,R@100,1.0
5ac046c65542996f0d89cb71,nDCG@10,0.6131471927654584
5ac046c65542996f0d89cb71,R@100,1.0
5ac047a3554299294b218f70,nDCG@10,0.6131471927654584
5ac047a3554299294b218f70,R@100,1.0
5ac048cc554299294b218f73,nDCG@10,1.0
5ac048cc554299294b218f73,R@100,1.0
5ac048ea554299294b218f74,nDCG@10,1.0
5ac048ea554299294b218f74,R@100,1.0
5ac04a265542997d642959f1,nDCG@10,1.0
5ac04a265542997d642959f1,R@100,1.0
5ac05310554299012d1db5e7,nDCG@10,0.6131471927654584
5ac05310554299012d1db5e7,R@100,0.5
5ac056385542997d64295a08,nDCG@10,0.6131471927654584
5ac056385542997d64295a08,R@100,1.0
5ac05c245542992a796dece5,nDCG@10,0.6131471927654584
5ac05c245542992a796dece5,R@100,0.5
5ac05e035542992a796decf7,nDCG@10,0.6131471927654584
5ac05e035542992a796decf7,R@100,0.5
5ac05fb55542997d64295a0b,nDCG@10,0.6131471927654584
5ac05fb55542997d64295a0b,R@100,0.5
5ac06191554299294b218fab,nDCG@10,0.6131471927654584
5ac06191554299294b218fab,R@100,0.5
5ac0641f554299294b218fbe,nDCG@10,0.6131471927654584
5ac0641f554299294b218fbe,R@100,1.0
5ac06e24554299294b218fd1,nDCG@10,0.8503449055347546
5ac06e24554299294b218fd1,R@100,1.0
5ac0714f554299294b218fe1,nDCG@10,1.0
5ac0714f554299294b218fe1,R@100,1.0
5ac072ef554299294b218fe4,nDCG@10,0.8065735963827293
5ac072ef554299294b218fe4,R@100,1.0
5ac07327554299012d1db5f2,nDCG@10,1.0
5ac07327554299012d1db5f2,R@100,1.0
5ac0784e554299294b218ff6,nDCG@10,0.8772153153380493
5ac0784e554299294b218ff6,R@100,1.0
5ac079e9554299294b218fff,nDCG@10,0.8503449055347546
5ac079e9554299294b218fff,R@100,1.0
5ac07a17554299294b219000,nDCG@10,0.8772153153380493
5ac07a17554299294b219000,R@100,1.0
5ac07fff554299294b219006,nDCG@10,1.0
5ac07fff554299294b219006,R@100,1.0
5ac0805f5542992a796ded29,nDCG@10,0.6131471927654584
5ac0805f5542992a796ded29,R@100,0.5
5ac082535542992a796ded2f,nDCG@10,1.0
5ac082535542992a796ded2f,R@100,1.0
5ac083b0554299294b21900d,nDCG@10,0.6131471927654584
5ac083b0554299294b21900d,R@100,1.0
5ac097b05542996f0d89cc18,nDCG@10,1.0
5ac097b05542996f0d89cc18,R@100,1.0
5ac09d265542992a796ded39,nDCG@10,0.6131471927654584
5ac09d265542992a796ded39,R@100,0.5
5ac09da45542996f0d89cc1d,nDCG@10,0.9197207891481876
5ac09da45542996f0d89cc1d,R@100,1.0
5ac0a18a5542992a796ded41,nDCG@10,0.0
5ac0a18a5542992a796ded41,R@100,0.5
5ac0aa595542992a796ded5a,nDCG@10,1.0
5ac0aa595542992a796ded5a,R@100,1.0
5ac0aa955542997d64295a49,nDCG@10,0.8503449055347546
5ac0aa955542997d64295a49,R@100,1.0
5ac0aab35542992a796ded5c,nDCG@10,0.38685280723454163
5ac0aab35542992a796ded5c,R@100,0.5
5ac0b1835542992a796ded65,nDCG@10,0.6131471927654584
5ac0b1835542992a796ded65,R@100,0.5
5ac0b6b15542996f0d89cc1e,nDCG@10,1.0
5ac0b6b15542996f0d89cc1e,R@100,1.0
5ac0b8395542996f0d89cc21,nDCG@10,0.0
5ac0b8395542996f0d89cc21,R@100,0.0
5ac0c1cf5542992a796ded7c,nDCG@10,0.6131471927654584
5ac0c1cf5542992a796ded7c,R@100,0.5
5ac0c3275542992a796ded7d,nDCG@10,0.6131471927654584
5ac0c3275542992a796ded7d,R@100,0.5
5ac0c5805542992a796ded80,nDCG@10,0.38685280723454163
5ac0c5805542992a796ded80,R@100,1.0
5ac0c84a554299012d1db633,nDCG@10,0.6131471927654584
5ac0c84a554299012d1db633,R@100,0.5
5ac0cf0f554299294b219018,nDCG@10,0.6131471927654584
5ac0cf0f554299294b219018,R@100,1.0
5ac0cfb45542997d64295a58,nDCG@10,0.6131471927654584
5ac0cfb45542997d64295a58,R@100,0.5
5ac0d1555542997d64295a5d,nDCG@10,0.9197207891481876
5ac0d1555542997d64295a5d,R@100,1.0
5ac0d5a1554299294b219025,nDCG@10,0.0
5ac0d5a1554299294b219025,R@100,0.0
5ac0d5cf554299294b219026,nDCG@10,0.8772153153380493
5ac0d5cf554299294b219026,R@100,1.0
5ac0d732554299294b219030,nDCG@10,0.6131471927654584
5ac0d732554299294b219030,R@100,0.5
5ac0d83a554299294b219038,nDCG@10,0.6131471927654584
5ac0d83a554299294b219038,R@100,0.5
5ac0d981554299012d1db646,nDCG@10,1.0
5ac0d981554299012d1db646,R@100,1.0
5ac0d9a35542992a796ded90,nDCG@10,1.0
5ac0d9a35542992a796ded90,R@100,1.0
5ac0dcf25542996f0d89cc2c,nDCG@10,0.6131471927654584
5ac0dcf25542996f0d89cc2c,R@100,1.0
5ac0e064554299012d1db64e,nDCG@10,0.0
5ac0e064554299012d1db64e,R@100,0.5
5ac0e0c75542997d64295a6e,nDCG@10,0.9197207891481876
5ac0e0c75542997d64295a6e,R@100,1.0
5ac0e0e25542997d64295a6f,nDCG@10,0.6131471927654584
5ac0e0e25542997d64295a6f,R@100,0.5
5ac0e6fa5542996f0d89cc35,nDCG@10,0.9197207891481876
5ac0e6fa5542996f0d89cc35,R@100,1.0
5ac0e74d554299294b219052,nDCG@10,1.0
5ac0e74d554299294b219052,R@100,1.0
5ac0f7df554299012d1db667,nDCG@10,0.6131471927654584
5ac0f7df554299012d1db667,R@100,0.5
5ac0fd56554299012d1db679,nDCG@10,0.8065735963827293
5ac0fd56554299012d1db679,R@100,1.0
5ac10832554299012d1db687,nDCG@10,0.8503449055347546
5ac10832554299012d1db687,R@100,1.0
5ac1089f554299012d1db688,nDCG@10,1.0
5ac1089f554299012d1db688,R@100,1.0
5ac10c5e554299294b219074,nDCG@10,0.6934264036172708
5ac10c5e554299294b219074,R@100,1.0
5ac11037554299294b21907a,nDCG@10,0.6131471927654584
5ac11037554299294b21907a,R@100,0.5
5ac11139554299294b219083,nDCG@10,0.6131471927654584
5ac11139554299294b219083,R@100,0.5
5ac11201554299294b21908c,nDCG@10,0.6131471927654584
5ac11201554299294b21908c,R@100,0.5
5ac113e2554299294b21909a,nDCG@10,0.6131471927654584
5ac113e2554299294b21909a,R@100,0.5
5ac116595542992a796dedd1,nDCG@10,0.6131471927654584
5ac116595542992a796dedd1,R@100,0.5
5ac119335542992a796dede4,nDCG@10,0.0
5ac119335542992a796dede4,R@100,0.0
5ac11a8d5542992a796dedee,nDCG@10,1.0
5ac11a8d5542992a796dedee,R@100,1.0
5ac11ee45542997d64295a7d,nDCG@10,0.7977228895450266
5ac11ee45542997d64295a7d,R@100,1.0
5ac120c55542992a796dedfc,nDCG@10,1.0
5ac120c55542992a796dedfc,R@100,1.0
5ac1218c55429964131be15c,nDCG@10,0.6131471927654584
5ac1218c55429964131be15c,R@100,1.0
5ac12275554299012d1db6a3,nDCG@10,0.6131471927654584
5ac12275554299012d1db6a3,R@100,0.5
5ac1276c554299294b2190bc,nDCG@10,0.9197207891481876
5ac1276c554299294b2190bc,R@100,1.0
5ac131575542994d76dccdb6,nDCG@10,0.18457569677956817
5ac131575542994d76dccdb6,R@100,0.5
5ac132a755429964131be17c,nDCG@10,0.6131471927654584
5ac132a755429964131be17c,R@100,0.5
5ac13a3d5542996f0d89cc75,nDCG@10,1.0
5ac13a3d5542996f0d89cc75,R@100,1.0
5ac13d5c5542996f0d89cc78,nDCG@10,1.0
5ac13d5c5542996f0d89cc78,R@100,1.0
5ac13e195542994ab5c67cc5,nDCG@10,0.6131471927654584
5ac13e195542994ab5c67cc5,R@100,1.0
5ac13f425542991316484a96,nDCG@10,1.0
5ac13f425542991316484a96,R@100,1.0
5ac1436f5542991316484aad,nDCG@10,0.6131471927654584
5ac1436f5542991316484aad,R@100,0.5
5ac14d0c5542991316484ae2,nDCG@10,0.8315546295836225
5ac14d0c5542991316484ae2,R@100,1.0
5ac156d05542994ab5c67ce9,nDCG@10,0.38685280723454163
5ac156d05542994ab5c67ce9,R@100,0.5
5ac15c1c5542994ab5c67cf7,nDCG@10,0.6131471927654584
5ac15c1c5542994ab5c67cf7,R@100,0.5
5ac15de55542991316484afb,nDCG@10,0.6131471927654584
5ac15de55542991316484afb,R@100,1.0
5ac15f6c5542994d76dccdf3,nDCG@10,0.6509209298071326
5ac15f6c5542994d76dccdf3,R@100,1.0
5ac160605542994ab5c67d02,nDCG@10,0.2640681225725909
5ac160605542994ab5c67d02,R@100,0.5
5ac160af5542994d76dccdfa,nDCG@10,0.6131471927654584
5ac160af5542994d76dccdfa,R@100,1.0
5ac160bb5542994d76dccdfb,nDCG@10,1.0
5ac160bb5542994d76dccdfb,R@100,1.0
5ac1620855429964131be1bc,nDCG@10,0.3065735963827292
5ac1620855429964131be1bc,R@100,0.5
5ac164da55429964131be1bf,nDCG@10,0.5706417189553201
5ac164da55429964131be1bf,R@100,1.0
5ac1682855429964131be1d2,nDCG@10,0.6131471927654584
5ac1682855429964131be1d2,R@100,0.5
5ac16c2b5542994d76dcce19,nDCG@10,0.6131471927654584
5ac16c2b5542994d76dcce19,R@100,0.5
5ac170af5542994d76dcce20,nDCG@10,1.0
5ac170af5542994d76dcce20,R@100,1.0
5ac1725c5542994d76dcce2c,nDCG@10,0.9197207891481876
5ac1725c5542994d76dcce2c,R@100,1.0
5ac173295542994ab5c67d45,nDCG@10,0.9197207891481876
5ac173295542994ab5c67d45,R@100,1.0
5ac173d85542994d76dcce37,nDCG@10,0.38685280723454163
5ac173d85542994d76dcce37,R@100,1.0
5ac175635542994ab5c67d4b,nDCG@10,0.38685280723454163
5ac175635542994ab5c67d4b,R@100,1.0
5ac176555542994d76dcce47,nDCG@10,0.20438239758848611
5ac176555542994d76dcce47,R@100,0.5
5ac1767a5542994d76dcce48,nDCG@10,0.6131471927654584
5ac1767a5542994d76dcce48,R@100,0.5
5ac1795f5542994ab5c67d5f,nDCG@10,1.0
5ac1795f5542994ab5c67d5f,R@100,1.0
5ac179bf5542994ab5c67d60,nDCG@10,0.8175295903539445
5ac179bf5542994ab5c67d60,R@100,1.0
5ac17b485542994ab5c67d65,nDCG@10,0.0
5ac17b485542994ab5c67d65,R@100,0.5
5ac17c025542994d76dcce70,nDCG@10,1.0
5ac17c025542994d76dcce70,R@100,1.0
5ac17c865542994ab5c67d6a,nDCG@10,0.0
5ac17c865542994ab5c67d6a,R@100,0.0
5ac1846d55429964131be20b,nDCG@10,0.6131471927654584
5ac1846d55429964131be20b,R@100,0.5
5ac18b585542994ab5c67d76,nDCG@10,0.6131471927654584
5ac18b585542994ab5c67d76,R@100,1.0
5ac18baa5542991316484b33,nDCG@10,0.6131471927654584
5ac18baa5542991316484b33,R@100,0.5
5ac1928655429964131be234,nDCG@10,1.0
5ac1928655429964131be234,R@100,1.0
5ac194db55429964131be23a,nDCG@10,0.7903864795495061
5ac194db55429964131be23a,R@100,1.0
5ac195455542991316484b40,nDCG@10,0.6131471927654584
5ac195455542991316484b40,R@100,0.5
5ac199955542994ab5c67d8c,nDCG@10,0.6131471927654584
5ac199955542994ab5c67d8c,R@100,0.5
5ac19b2c55429963665198b6,nDCG@10,1.0
5ac19b2c55429963665198b6,R@100,1.0
5ac19ba355429963665198b7,nDCG@10,1.0
5ac19ba355429963665198b7,R@100,1.0
5ac19bf55542994ab5c67d97,nDCG@10,1.0
5ac19bf55542994ab5c67d97,R@100,1.0
5ac19d4c55429963665198bb,nDCG@10,0.3065735963827292
5ac19d4c55429963665198bb,R@100,1.0
5ac19eb35542994ab5c67da3,nDCG@10,1.0
5ac19eb35542994ab5c67da3,R@100,1.0
5ac19f405542991316484b5b,nDCG@10,1.0
5ac19f405542991316484b5b,R@100,1.0
5ac19ff35542991316484b61,nDCG@10,0.0
5ac19ff35542991316484b61,R@100,1.0
5ac19ff65542994d76dcce8f,nDCG@10,1.0
5ac19ff65542994d76dcce8f,R@100,1.0
5ac1a04e5542991316484b63,nDCG@10,0.6131471927654584
5ac1a04e5542991316484b63,R@100,1.0
5ac1a2f755429964131be258,nDCG@10,0.6131471927654584
5ac1a2f755429964131be258,R@100,1.0
5ac1a3665542994ab5c67daf,nDCG@10,0.0
5ac1a3665542994ab5c67daf,R@100,0.5
5ac1a3fa5542991316484b7d,nDCG@10,0.9197207891481876
5ac1a3fa5542991316484b7d,R@100,1.0
5ac1a4745542991316484b82,nDCG@10,0.6131471927654584
5ac1a4745542991316484b82,R@100,0.5
5ac1a4ed5542994d76dcce90,nDCG@10,0.6131471927654584
5ac1a4ed5542994d76dcce90,R@100,0.5
5ac1a5b45542991316484b8b,nDCG@10,0.6131471927654584
5ac1a5b45542991316484b8b,R@100,1.0
5ac1a6a85542994ab5c67db6,nDCG@10,1.0
5ac1a6a85542994ab5c67db6,R@100,1.0
5ac1a6bf5542991316484b8d,nDCG@10,1.0
5ac1a6bf5542991316484b8d,R@100,1.0
5ac1a9cc5542994ab5c67dc0,nDCG@10,0.6131471927654584
5ac1a9cc5542994ab5c67dc0,R@100,0.5
5ac1b1345542994ab5c67dd0,nDCG@10,0.6131471927654584
5ac1b1345542994ab5c67dd0,R@100,0.5
5ac1b3a75542994ab5c67dd2,nDCG@10,0.6131471927654584
5ac1b3a75542994ab5c67dd2,R@100,0.5
5ac1b5de5542994d76dccec6,nDCG@10,0.6131471927654584
5ac1b5de5542994d76dccec6,R@100,0.5
5ac1b6845542994d76dccecb,nDCG@10,0.8065735963827293
5ac1b6845542994d76dccecb,R@100,1.0
5ac1b8cd55429963665198fc,nDCG@10,1.0
5ac1b8cd55429963665198fc,R@100,1.0
5ac1b8ee5542994d76dccedc,nDCG@10,1.0
5ac1b8ee5542994d76dccedc,R@100,1.0
5ac1b95655429963665198fd,nDCG@10,0.8175295903539445
5ac1b95655429963665198fd,R@100,1.0
5ac1bce45542994ab5c67def,nDCG@10,0.9197207891481876
5ac1bce45542994ab5c67def,R@100,1.0
5ac1bff05542994ab5c67dfc,nDCG@10,0.38685280723454163
5ac1bff05542994ab5c67dfc,R@100,1.0
5ac1c18855429964131be279,nDCG@10,0.6131471927654584
5ac1c18855429964131be279,R@100,0.5
5ac1c4e85542994ab5c67e0c,nDCG@10,0.6131471927654584
5ac1c4e85542994ab5c67e0c,R@100,1.0
5ac1c6805542994ab5c67e11,nDCG@10,0.23719771276929622
5ac1c6805542994ab5c67e11,R@100,0.5
5ac1c73e55429964131be28a,nDCG@10,0.6131471927654584
5ac1c73e55429964131be28a,R@100,1.0
5ac1c7605542994ab5c67e14,nDCG@10,0.6131471927654584
5ac1c7605542994ab5c67e14,R@100,0.5
5ac1c9a15542994ab5c67e1c,nDCG@10,0.6131471927654584
5ac1c9a15542994ab5c67e1c,R@100,0.5
5ac1d40c5542994d76dccef5,nDCG@10,0.6131471927654584
5ac1d40c5542994d76dccef5,R@100,0.5
5ac1d4ad5542994d76dccef7,nDCG@10,1.0
5ac1d4ad5542994d76dccef7,R@100,1.0
5ac1f4495542991316484bd2,nDCG@10,0.9197207891481876
5ac1f4495542991316484bd2,R@100,1.0
5ac1ff2255429964131be2b3,nDCG@10,0.17723928678404774
5ac1ff2255429964131be2b3,R@100,1.0
5ac2070755429964131be2bd,nDCG@10,0.38685280723454163
5ac2070755429964131be2bd,R@100,0.5
5ac213805542992f1f2b37e7,nDCG@10,0.6131471927654584
5ac213805542992f1f2b37e7,R@100,0.5
5ac21ac05542991316484bee,nDCG@10,0.6131471927654584
5ac21ac05542991316484bee,R@100,1.0
5ac21bac5542991316484bf2,nDCG@10,0.3706656904013186
5ac21bac5542991316484bf2,R@100,1.0
5ac235e355429951e9e684a2,nDCG@10,0.38685280723454163
5ac235e355429951e9e684a2,R@100,1.0
5ac2381355429951e9e684a9,nDCG@10,0.6131471927654584
5ac2381355429951e9e684a9,R@100,1.0
5ac238c555429951e9e684ab,nDCG@10,0.6131471927654584
5ac238c555429951e9e684ab,R@100,0.5
5ac23f5255429951e9e684d8,nDCG@10,1.0
5ac23f5255429951e9e684d8,R@100,1.0
5ac23f5655429951e9e684d9,nDCG@10,1.0
5ac23f5655429951e9e684d9,R@100,1.0
5ac23f9555429951e9e684db,nDCG@10,0.4911492931622974
5ac23f9555429951e9e684db,R@100,1.0
5ac23f98554299636651994b,nDCG@10,0.6131471927654584
5ac23f98554299636651994b,R@100,0.5
5ac23ff0554299636651994d,nDCG@10,0.6131471927654584
5ac23ff0554299636651994d,R@100,0.5
5ac240ef55429951e9e684ef,nDCG@10,0.6131471927654584
5ac240ef55429951e9e684ef,R@100,1.0
5ac245015542992f1f2b3829,nDCG@10,1.0
5ac245015542992f1f2b3829,R@100,1.0
5ac2455e55429951e9e68512,nDCG@10,0.5802792108518124
5ac2455e55429951e9e68512,R@100,1.0
5ac248fd55429951e9e68525,nDCG@10,0.6131471927654584
5ac248fd55429951e9e68525,R@100,0.5
5ac249bd55429951e9e68528,nDCG@10,0.6131471927654584
5ac249bd55429951e9e68528,R@100,0.5
5ac249f55542992f1f2b3831,nDCG@10,0.6131471927654584
5ac249f55542992f1f2b3831,R@100,0.5
5ac24a035542992f1f2b3832,nDCG@10,0.6131471927654584
5ac24a035542992f1f2b3832,R@100,0.5
5ac24ad7554299636651995a,nDCG@10,0.7977228895450266
5ac24ad7554299636651995a,R@100,1.0
5ac24cc45542996366519963,nDCG@10,0.6131471927654584
5ac24cc45542996366519963,R@100,1.0
5ac24cea55429951e9e6853a,nDCG@10,0.6131471927654584
5ac24cea55429951e9e6853a,R@100,0.5
5ac24d725542996366519966,nDCG@10,0.6131471927654584
5ac24d725542996366519966,R@100,0.5
5ac2509755429951e9e68543,nDCG@10,0.6131471927654584
5ac2509755429951e9e68543,R@100,0.5
5ac250aa5542992f1f2b384d,nDCG@10,0.6131471927654584
5ac250aa5542992f1f2b384d,R@100,1.0
5ac2546a554299636651997b,nDCG@10,0.20438239758848611
5ac2546a554299636651997b,R@100,1.0
5ac2570a5542992f1f2b3861,nDCG@10,0.8772153153380493
5ac2570a5542992f1f2b3861,R@100,1.0
5ac257fe55429951e9e68562,nDCG@10,0.20438239758848611
5ac257fe55429951e9e68562,R@100,1.0
5ac2583b55429951e9e68565,nDCG@10,0.8772153153380493
5ac2583b55429951e9e68565,R@100,1.0
5ac258cc554299636651998e,nDCG@10,0.6131471927654584
5ac258cc554299636651998e,R@100,0.5
5ac259125542992f1f2b3867,nDCG@10,0.6131471927654584
5ac259125542992f1f2b3867,R@100,0.5
5ac259585542992f1f2b3868,nDCG@10,0.6131471927654584
5ac259585542992f1f2b3868,R@100,0.5
5ac25fa955429951e9e6858c,nDCG@10,0.6131471927654584
5ac25fa955429951e9e6858c,R@100,0.5
5ac2610455429951e9e68592,nDCG@10,0.18457569677956817
5ac2610455429951e9e68592,R@100,1.0
5ac2610f55429951e9e68593,nDCG@10,0.6131471927654584
5ac2610f55429951e9e68593,R@100,0.5
5ac261265542992f1f2b3896,nDCG@10,1.0
5ac261265542992f1f2b3896,R@100,1.0
5ac2616b5542996366519997,nDCG@10,0.6131471927654584
5ac2616b5542996366519997,R@100,0.5
5ac264195542992f1f2b38a5,nDCG@10,1.0
5ac264195542992f1f2b38a5,R@100,1.0
5ac2659b55429963665199a1,nDCG@10,0.8772153153380493
5ac2659b55429963665199a1,R@100,1.0
5ac2660d55429951e9e685a1,nDCG@10,0.6131471927654584
5ac2660d55429951e9e685a1,R@100,0.5
5ac2680055429963665199a8,nDCG@10,0.0
5ac2680055429963665199a8,R@100,0.5
5ac26ac15542992f1f2b38bc,nDCG@10,0.6131471927654584
5ac26ac15542992f1f2b38bc,R@100,0.5
5ac26b7f55429951e9e685ae,nDCG@10,0.2640681225725909
5ac26b7f55429951e9e685ae,R@100,1.0
5ac26d4d55429951e9e685b7,nDCG@10,0.38685280723454163
5ac26d4d55429951e9e685b7,R@100,1.0
5ac26eed55429951e9e685bf,nDCG@10,0.6131471927654584
5ac26eed55429951e9e685bf,R@100,0.5
5ac270025542990b17b15390,nDCG@10,0.6131471927654584
5ac270025542990b17b15390,R@100,1.0
5ac270e05542992f1f2b38c9,nDCG@10,0.19342640361727081
5ac270e05542992f1f2b38c9,R@100,1.0
5ac2716f5542992f1f2b38cb,nDCG@10,0.6131471927654584
5ac2716f5542992f1f2b38cb,R@100,0.5
5ac272f95542992f1f2b38d3,nDCG@10,0.8503449055347546
5ac272f95542992f1f2b38d3,R@100,1.0
5ac273455542992f1f2b38d4,nDCG@10,0.6131471927654584
5ac273455542992f1f2b38d4,R@100,0.5
5ac274fc55429963665199c1,nDCG@10,0.6131471927654584
5ac274fc55429963665199c1,R@100,0.5
5ac2758b55429963665199c3,nDCG@10,0.6131471927654584
5ac2758b55429963665199c3,R@100,0.5
5ac2759655429921a00aaf7f,nDCG@10,0.9197207891481876
5ac2759655429921a00aaf7f,R@100,1.0
5ac275e755429921a00aaf81,nDCG@10,0.6131471927654584
5ac275e755429921a00aaf81,R@100,0.5
5ac275f155429921a00aaf82,nDCG@10,0.7903864795495061
5ac275f155429921a00aaf82,R@100,1.0
5ac2768d5542990b17b153a8,nDCG@10,0.6131471927654584
5ac2768d5542990b17b153a8,R@100,0.5
5ac2782d55429963665199cc,nDCG@10,0.6131471927654584
5ac2782d55429963665199cc,R@100,0.5
5ac279345542990b17b153b0,nDCG@10,0.8065735963827293
5ac279345542990b17b153b0,R@100,1.0
5ac27afa5542990b17b153b5,nDCG@10,0.6131471927654584
5ac27afa5542990b17b153b5,R@100,1.0
5ac27d2555429963665199dc,nDCG@10,0.6131471927654584
5ac27d2555429963665199dc,R@100,1.0
5ac281e355429963665199eb,nDCG@10,0.0
5ac281e355429963665199eb,R@100,0.5
5ac282875542996773102546,nDCG@10,0.38685280723454163
5ac282875542996773102546,R@100,1.0
5ac283f7554299677310254a,nDCG@10,0.8503449055347546
5ac283f7554299677310254a,R@100,1.0
5ac285335542996773102552,nDCG@10,0.6131471927654584
5ac285335542996773102552,R@100,0.5
5ac286c055429963665199f8,nDCG@10,0.0
5ac286c055429963665199f8,R@100,0.5
5ac288a95542990b17b153e5,nDCG@10,0.0
5ac288a95542990b17b153e5,R@100,0.5
5ac289ff5542996366519a02,nDCG@10,0.6934264036172708
5ac289ff5542996366519a02,R@100,1.0
5ac290e85542992f1f2b3916,nDCG@10,1.0
5ac290e85542992f1f2b3916,R@100,1.0
5ac2920555429921a00aafc9,nDCG@10,0.6131471927654584
5ac2920555429921a00aafc9,R@100,0.5
5ac292175542996366519a14,nDCG@10,0.6131471927654584
5ac292175542996366519a14,R@100,0.5
5ac2927b5542996366519a17,nDCG@10,0.7903864795495061
5ac2927b5542996366519a17,R@100,1.0
5ac2943a55429921a00aafce,nDCG@10,0.6131471927654584
5ac2943a55429921a00aafce,R@100,0.5
5ac294b955429921a00aafd0,nDCG@10,0.8503449055347546
5ac294b955429921a00aafd0,R@100,1.0
5ac298805542990b17b15429,nDCG@10,1.0
5ac298805542990b17b15429,R@100,1.0
5ac298f9554299657fa28fc9,nDCG@10,0.9197207891481876
5ac298f9554299657fa28fc9,R@100,1.0
5ac299b155429967731025ad,nDCG@10,1.0
5ac299b155429967731025ad,R@100,1.0
5ac29a835542990b17b1542f,nDCG@10,0.0
5ac29a835542990b17b1542f,R@100,0.5
5ac29aa655429967731025b2,nDCG@10,0.6131471927654584
5ac29aa655429967731025b2,R@100,0.5
5ac29cf8554299218029dac2,nDCG@10,0.18457569677956817
5ac29cf8554299218029dac2,R@100,0.5
5ac29da5554299218029dac3,nDCG@10,0.6131471927654584
5ac29da5554299218029dac3,R@100,1.0
5ac29f58554299657fa28fe4,nDCG@10,0.6131471927654584
5ac29f58554299657fa28fe4,R@100,1.0
5ac2a10e554299657fa28fec,nDCG@10,0.6131471927654584
5ac2a10e554299657fa28fec,R@100,0.5
5ac2a20055429967731025cb,nDCG@10,0.38685280723454163
5ac2a20055429967731025cb,R@100,1.0
5ac2a23a55429967731025cc,nDCG@10,0.0
5ac2a23a55429967731025cc,R@100,0.5
5ac2a277554299657fa28ff3,nDCG@10,0.6131471927654584
5ac2a277554299657fa28ff3,R@100,0.5
5ac2a288554299657fa28ff5,nDCG@10,0.6131471927654584
5ac2a288554299657fa28ff5,R@100,1.0
5ac2a35055429967731025ce,nDCG@10,1.0
5ac2a35055429967731025ce,R@100,1.0
5ac2a399554299218029dada,nDCG@10,1.0
5ac2a399554299218029dada,R@100,1.0
5ac2a3c7554299218029dadb,nDCG@10,0.6934264036172708
5ac2a3c7554299218029dadb,R@100,1.0
5ac2a41e55429967731025d0,nDCG@10,0.6131471927654584
5ac2a41e55429967731025d0,R@100,0.5
5ac2a55b55429921a00ab018,nDCG@10,0.6131471927654584
5ac2a55b55429921a00ab018,R@100,0.5
5ac2a75755429967731025dc,nDCG@10,0.9197207891481876
5ac2a75755429967731025dc,R@100,1.0
5ac2ab9455429967731025f0,nDCG@10,0.3065735963827292
5ac2ab9455429967731025f0,R@100,0.5
5ac2acff55429921a00ab02b,nDCG@10,0.6131471927654584
5ac2acff55429921a00ab02b,R@100,0.5
5ac2ad5355429921a00ab02c,nDCG@10,0.8175295903539445
5ac2ad5355429921a00ab02c,R@100,1.0
5ac2ada255429967731025f9,nDCG@10,1.0
5ac2ada255429967731025f9,R@100,1.0
5ac2ae4155429921a00ab030,nDCG@10,0.6131471927654584
5ac2ae4155429921a00ab030,R@100,0.5
5ac2b2e2554299218029dafa,nDCG@10,0.6131471927654584
5ac2b2e2554299218029dafa,R@100,0.5
5ac2b8085542990b17b1546b,nDCG@10,0.6131471927654584
5ac2b8085542990b17b1546b,R@100,1.0
5ac2ba4855429921a00ab048,nDCG@10,0.8772153153380493
5ac2ba4855429921a00ab048,R@100,1.0
5ac2bbd0554299218029db09,nDCG@10,0.0
5ac2bbd0554299218029db09,R@100,0.0
5ac2bcf55542990b17b1546e,nDCG@10,0.6131471927654584
5ac2bcf55542990b17b1546e,R@100,0.5
5ac2c22e5542990b17b15485,nDCG@10,0.6131471927654584
5ac2c22e5542990b17b15485,R@100,0.5
5ac2c338554299657fa29039,nDCG@10,0.0
5ac2c338554299657fa29039,R@100,1.0
5ac2c4fe554299218029db3b,nDCG@10,0.6131471927654584
5ac2c4fe554299218029db3b,R@100,1.0
5ac2c7ff554299657fa2904f,nDCG@10,0.6131471927654584
5ac2c7ff554299657fa2904f,R@100,1.0
5ac2ca84554299218029db55,nDCG@10,0.6131471927654584
5ac2ca84554299218029db55,R@100,0.5
5ac2cb09554299657fa29066,nDCG@10,0.3065735963827292
5ac2cb09554299657fa29066,R@100,1.0
5ac2cb125542996773102626,nDCG@10,0.5912352048230277
5ac2cb125542996773102626,R@100,1.0
5ac2cb3e5542996773102627,nDCG@10,1.0
5ac2cb3e5542996773102627,R@100,1.0
5ac2cdaa554299657fa29070,nDCG@10,0.23719771276929622
5ac2cdaa554299657fa29070,R@100,0.5
5ac2cfab554299657fa29079,nDCG@10,0.8503449055347546
5ac2cfab554299657fa29079,R@100,1.0
5ac2d1d755429921a00ab053,nDCG@10,0.8065735963827293
5ac2d1d755429921a00ab053,R@100,1.0
5ac2d85e55429921a00ab06b,nDCG@10,0.38685280723454163
5ac2d85e55429921a00ab06b,R@100,1.0
5ac2d9f65542996773102631,nDCG@10,0.8175295903539445
5ac2d9f65542996773102631,R@100,1.0
5ac2da27554299657fa2909f,nDCG@10,0.3065735963827292
5ac2da27554299657fa2909f,R@100,0.5
5ac2db67554299657fa290a6,nDCG@10,0.38685280723454163
5ac2db67554299657fa290a6,R@100,1.0
5ac2dc4b55429921a00ab083,nDCG@10,1.0
5ac2dc4b55429921a00ab083,R@100,1.0
5ac2dfac554299657fa290b3,nDCG@10,0.9197207891481876
5ac2dfac554299657fa290b3,R@100,1.0
5ac2e97d554299657fa290c0,nDCG@10,0.6131471927654584
5ac2e97d554299657fa290c0,R@100,0.5
5ac2e9c45542990b17b154a0,nDCG@10,0.6131471927654584
5ac2e9c45542990b17b154a0,R@100,0.5
5ac2ea1a5542990b17b154a1,nDCG@10,0.6131471927654584
5ac2ea1a5542990b17b154a1,R@100,1.0
5ac2eaab5542990b17b154a4,nDCG@10,0.9197207891481876
5ac2eaab5542990b17b154a4,R@100,1.0
5ac2eb635542990b17b154a7,nDCG@10,0.8503449055347546
5ac2eb635542990b17b154a7,R@100,1.0
5ac2ed41554299218029db96,nDCG@10,0.8503449055347546
5ac2ed41554299218029db96,R@100,1.0
5ac2eec55542990b17b154c1,nDCG@10,0.448643819352159
5ac2eec55542990b17b154c1,R@100,1.0
5ac2efd65542990b17b154c7,nDCG@10,0.0
5ac2efd65542990b17b154c7,R@100,1.0
5ac2f1d1554299218029dba4,nDCG@10,0.6131471927654584
5ac2f1d1554299218029dba4,R@100,1.0
5ac2f34455429921a00ab0b6,nDCG@10,1.0
5ac2f34455429921a00ab0b6,R@100,1.0
5ac2f6b8554299677310265f,nDCG@10,0.5802792108518124
5ac2f6b8554299677310265f,R@100,1.0
5ac2f79e5542996773102661,nDCG@10,1.0
5ac2f79e5542996773102661,R@100,1.0
5ac2ffb755429921a00ab0cb,nDCG@10,1.0
5ac2ffb755429921a00ab0cb,R@100,1.0
5ac2ffbd554299677310267b,nDCG@10,0.6131471927654584
5ac2ffbd554299677310267b,R@100,1.0
5ac2ffe7554299218029dbb3,nDCG@10,0.6131471927654584
5ac2ffe7554299218029dbb3,R@100,0.5
5ac2ffea55429921a00ab0cc,nDCG@10,1.0
5ac2ffea55429921a00ab0cc,R@100,1.0
5ac300905542996773102682,nDCG@10,0.6131471927654584
5ac300905542996773102682,R@100,1.0
5ac3044f5542990b17b154dc,nDCG@10,0.7903864795495061
5ac3044f5542990b17b154dc,R@100,1.0
5ac308135542990b17b154f4,nDCG@10,0.8772153153380493
5ac308135542990b17b154f4,R@100,1.0
5ac3090d5542990b17b154fc,nDCG@10,0.6131471927654584
5ac3090d5542990b17b154fc,R@100,0.5
5ac30a79554299657fa290e2,nDCG@10,0.8175295903539445
5ac30a79554299657fa290e2,R@100,1.0
5ac31066554299741d48a19d,nDCG@10,0.38685280723454163
5ac31066554299741d48a19d,R@100,0.5
5ac31129554299741d48a1a2,nDCG@10,0.8503449055347546
5ac31129554299741d48a1a2,R@100,1.0
5ac311925542995ef918c0de,nDCG@10,0.7977228895450266
5ac311925542995ef918c0de,R@100,1.0
5ac3126f5542995ef918c0e8,nDCG@10,0.9197207891481876
5ac3126f5542995ef918c0e8,R@100,1.0
5ac312ee5542995ef918c0ec,nDCG@10,0.6131471927654584
5ac312ee5542995ef918c0ec,R@100,0.5
5ac313145542995ef918c0ed,nDCG@10,0.9197207891481876
5ac313145542995ef918c0ed,R@100,1.0
5ac313a0554299741d48a1b0,nDCG@10,0.6131471927654584
5ac313a0554299741d48a1b0,R@100,0.5
5ac31456554299741d48a1b4,nDCG@10,0.0
5ac31456554299741d48a1b4,R@100,1.0
5ac31602554299741d48a1bf,nDCG@10,0.20438239758848611
5ac31602554299741d48a1bf,R@100,1.0
5ac3165c5542995ef918c10a,nDCG@10,0.6131471927654584
5ac3165c5542995ef918c10a,R@100,0.5
5ac31a73554299741d48a1e9,nDCG@10,0.8175295903539445
5ac31a73554299741d48a1e9,R@100,1.0
5ac31ad4554299741d48a1ee,nDCG@10,1.0
5ac31ad4554299741d48a1ee,R@100,1.0
5ac31b0a554299741d48a1f0,nDCG@10,0.6131471927654584
5ac31b0a554299741d48a1f0,R@100,0.5
5ac31bbd554299741d48a1f9,nDCG@10,0.6131471927654584
5ac31bbd554299741d48a1f9,R@100,1.0
5ac322c95542995ef918c117,nDCG@10,0.6131471927654584
5ac322c95542995ef918c117,R@100,0.5
5ac324ad5542995ef918c127,nDCG@10,0.6131471927654584
5ac324ad5542995ef918c127,R@100,0.5
5ac325495542995ef918c12e,nDCG@10,0.6131471927654584
5ac325495542995ef918c12e,R@100,0.5
5ac3271e554299218029dbd3,nDCG@10,1.0
5ac3271e554299218029dbd3,R@100,1.0
5ac3295d5542995ef918c14d,nDCG@10,1.0
5ac3295d5542995ef918c14d,R@100,1.0
5ac32b565542995ef918c154,nDCG@10,0.38685280723454163
5ac32b565542995ef918c154,R@100,0.5
5ac344d6554299741d48a23f,nDCG@10,0.0
5ac344d6554299741d48a23f,R@100,0.5
5ac34994554299741d48a242,nDCG@10,0.6131471927654584
5ac34994554299741d48a242,R@100,1.0
5ac34ed0554299741d48a248,nDCG@10,0.6131471927654584
5ac34ed0554299741d48a248,R@100,1.0
5ac34fdb554299741d48a24a,nDCG@10,0.6131471927654584
5ac34fdb554299741d48a24a,R@100,0.5
5ac35003554299741d48a24b,nDCG@10,0.6131471927654584
5ac35003554299741d48a24b,R@100,0.5
5ac35a7e554299741d48a257,nDCG@10,0.6131471927654584
5ac35a7e554299741d48a257,R@100,0.5
5ac370ce5542995ef918c18c,nDCG@10,1.0
5ac370ce5542995ef918c18c,R@100,1.0
5ac371aa5542995ef918c191,nDCG@10,0.8772153153380493
5ac371aa5542995ef918c191,R@100,1.0
5ac372195542995ef918c194,nDCG@10,1.0
5ac372195542995ef918c194,R@100,1.0
5ac373195542995ef918c199,nDCG@10,0.6131471927654584
5ac373195542995ef918c199,R@100,0.5
5ac375495542995ef918c1a3,nDCG@10,0.6934264036172708
5ac375495542995ef918c1a3,R@100,1.0
5ac37dd6554299218029dbdb,nDCG@10,0.38685280723454163
5ac37dd6554299218029dbdb,R@100,1.0
5ac385f8554299741d48a279,nDCG@10,1.0
5ac385f8554299741d48a279,R@100,1.0
5ac3891f554299741d48a284,nDCG@10,0.8772153153380493
5ac3891f554299741d48a284,R@100,1.0
5ac38bf355429939154137ba,nDCG@10,0.7903864795495061
5ac38bf355429939154137ba,R@100,1.0
5ac38c0755429939154137bb,nDCG@10,0.6131471927654584
5ac38c0755429939154137bb,R@100,0.5
5ac38ce255429939154137c2,nDCG@10,0.38685280723454163
5ac38ce255429939154137c2,R@100,1.0
5ac38d1f55429939154137c3,nDCG@10,0.19342640361727081
5ac38d1f55429939154137c3,R@100,1.0
5ac3908e554299741d48a297,nDCG@10,0.6131471927654584
5ac3908e554299741d48a297,R@100,0.5
5ac3959855429939154137f0,nDCG@10,1.0
5ac3959855429939154137f0,R@100,1.0
5ac397fe554299218029dbe2,nDCG@10,0.6131471927654584
5ac397fe554299218029dbe2,R@100,0.5
5ac39844554299741d48a2ac,nDCG@10,0.38685280723454163
5ac39844554299741d48a2ac,R@100,1.0
5ac39bd8554299657fa290fe,nDCG@10,1.0
5ac39bd8554299657fa290fe,R@100,1.0
5ac39d22554299391541381f,nDCG@10,0.6131471927654584
5ac39d22554299391541381f,R@100,1.0
5ac39df8554299741d48a2b6,nDCG@10,0.8503449055347546
5ac39df8554299741d48a2b6,R@100,1.0
5ac39f7b554299218029dbe7,nDCG@10,0.6131471927654584
5ac39f7b554299218029dbe7,R@100,1.0
5ac3a049554299741d48a2ba,nDCG@10,1.0
5ac3a049554299741d48a2ba,R@100,1.0
5ac3a0b25542993915413838,nDCG@10,1.0
5ac3a0b25542993915413838,R@100,1.0
5ac3a0db554299391541383a,nDCG@10,0.0
5ac3a0db554299391541383a,R@100,0.5
5ac3a10b5542995ef918c1c3,nDCG@10,0.9197207891481876
5ac3a10b5542995ef918c1c3,R@100,1.0
5ac3a2f35542993915413856,nDCG@10,0.38685280723454163
5ac3a2f35542993915413856,R@100,0.5
5ac3a2fa5542993915413857,nDCG@10,0.0
5ac3a2fa5542993915413857,R@100,0.0
5ac3a364554299391541385d,nDCG@10,1.0
5ac3a364554299391541385d,R@100,1.0
5ac3a47f554299391541386d,nDCG@10,0.6131471927654584
5ac3a47f554299391541386d,R@100,1.0
5ac3a4ab5542993915413870,nDCG@10,0.0
5ac3a4ab5542993915413870,R@100,0.0
5ac3a76e554299741d48a2be,nDCG@10,0.6131471927654584
5ac3a76e554299741d48a2be,R@100,0.5
5ac3a7ce554299391541388f,nDCG@10,0.17723928678404774
5ac3a7ce554299391541388f,R@100,1.0
5ac3a7f75542993915413890,nDCG@10,0.5012658353418871
5ac3a7f75542993915413890,R@100,1.0
5ac3a8525542993915413895,nDCG@10,1.0
5ac3a8525542993915413895,R@100,1.0
5ac3a928554299391541389f,nDCG@10,0.8065735963827293
5ac3a928554299391541389f,R@100,1.0
5ac3aa3655429939154138a2,nDCG@10,0.0
5ac3aa3655429939154138a2,R@100,0.0
5ac3ac1855429939154138ab,nDCG@10,0.44130740935663865
5ac3ac1855429939154138ab,R@100,1.0
5ac3ac8255429939154138ad,nDCG@10,0.0
5ac3ac8255429939154138ad,R@100,0.5
5ac3ad7f5542995ef918c1de,nDCG@10,0.8175295903539445
5ac3ad7f5542995ef918c1de,R@100,1.0
5ac3adc35542995ef918c1e2,nDCG@10,0.6131471927654584
5ac3adc35542995ef918c1e2,R@100,1.0
5ac3ade05542995ef918c1e3,nDCG@10,0.6131471927654584
5ac3ade05542995ef918c1e3,R@100,0.5
5ac3ae475542995ef918c1e5,nDCG@10,1.0
5ac3ae475542995ef918c1e5,R@100,1.0
5ac3ae885542995ef918c1e7,nDCG@10,0.6131471927654584
5ac3ae885542995ef918c1e7,R@100,0.5
5ac3af895542995ef918c1f0,nDCG@10,0.6131471927654584
5ac3af895542995ef918c1f0,R@100,1.0
5ac3b04f55429939154138b7,nDCG@10,1.0
5ac3b04f55429939154138b7,R@100,1.0
5ac3b07055429939154138b8,nDCG@10,1.0
5ac3b07055429939154138b8,R@100,1.0
5ac3b0885542995ef918c1f8,nDCG@10,0.6131471927654584
5ac3b0885542995ef918c1f8,R@100,1.0
5ac3b39e554299204fd21e09,nDCG@10,1.0
5ac3b39e554299204fd21e09,R@100,1.0
5ac3b40a554299741d48a2e5,nDCG@10,0.8315546295836225
5ac3b40a554299741d48a2e5,R@100,1.0
5ac3b4cc554299741d48a2eb,nDCG@10,0.6131471927654584
5ac3b4cc554299741d48a2eb,R@100,0.5
5ac3b4e0554299741d48a2ec,nDCG@10,0.17723928678404774
5ac3b4e0554299741d48a2ec,R@100,1.0
5ac3b5d3554299741d48a2f3,nDCG@10,0.6131471927654584
5ac3b5d3554299741d48a2f3,R@100,0.5
5ac3b62b554299741d48a2f6,nDCG@10,0.6131471927654584
5ac3b62b554299741d48a2f6,R@100,0.5
5ac3b8b8554299741d48a301,nDCG@10,0.0
5ac3b8b8554299741d48a301,R@100,1.0
5ac3b9c5554299657fa2911b,nDCG@10,0.3065735963827292
5ac3b9c5554299657fa2911b,R@100,0.5
5ac3ba0455429939154138f2,nDCG@10,0.38685280723454163
5ac3ba0455429939154138f2,R@100,0.5
5ac3ba1855429939154138f3,nDCG@10,0.6131471927654584
5ac3ba1855429939154138f3,R@100,1.0
5ac3bab155429939154138fb,nDCG@10,0.6131471927654584
5ac3bab155429939154138fb,R@100,1.0
5ac3bd0c554299204fd21e21,nDCG@10,0.7977228895450266
5ac3bd0c554299204fd21e21,R@100,1.0
5ac3bff15542995ef918c213,nDCG@10,0.6131471927654584
5ac3bff15542995ef918c213,R@100,0.5
5ac3c0495542995ef918c215,nDCG@10,0.6131471927654584
5ac3c0495542995ef918c215,R@100,1.0
5ac3c08a5542995ef918c217,nDCG@10,0.38685280723454163
5ac3c08a5542995ef918c217,R@100,0.5
5ac3c10a554299204fd21e33,nDCG@10,0.6131471927654584
5ac3c10a554299204fd21e33,R@100,0.5
5ac3c1585542995ef918c21d,nDCG@10,0.6131471927654584
5ac3c1585542995ef918c21d,R@100,0.5
5ac3c1805542995ef918c21f,nDCG@10,0.6131471927654584
5ac3c1805542995ef918c21f,R@100,0.5
5ac3c264554299204fd21e37,nDCG@10,0.18457569677956817
5ac3c264554299204fd21e37,R@100,1.0
5ac3caa15542995ef918c23a,nDCG@10,0.6131471927654584
5ac3caa15542995ef918c23a,R@100,1.0
5ac3ce74554299204fd21e71,nDCG@10,0.38685280723454163
5ac3ce74554299204fd21e71,R@100,1.0
5ac3d10b5542993915413952,nDCG@10,0.5912352048230277
5ac3d10b5542993915413952,R@100,1.0
5ac3d1d9554299204fd21e8a,nDCG@10,1.0
5ac3d1d9554299204fd21e8a,R@100,1.0
5ac3d21e554299204fd21e8b,nDCG@10,0.6131471927654584
5ac3d21e554299204fd21e8b,R@100,1.0
5ac3d2a6554299204fd21e8c,nDCG@10,0.6131471927654584
5ac3d2a6554299204fd21e8c,R@100,1.0
5ac3d2ac554299741d48a330,nDCG@10,0.6934264036172708
5ac3d2ac554299741d48a330,R@100,1.0
5ac3d4b6554299204fd21e93,nDCG@10,0.7903864795495061
5ac3d4b6554299204fd21e93,R@100,1.0
5ac3d667554299076e296ca5,nDCG@10,1.0
5ac3d667554299076e296ca5,R@100,1.0
5ac3d68f554299076e296ca6,nDCG@10,0.38685280723454163
5ac3d68f554299076e296ca6,R@100,0.5
5ac3d7f8554299076e296cb0,nDCG@10,0.6131471927654584
5ac3d7f8554299076e296cb0,R@100,0.5
5ac3d90b5542995c82c4ac4b,nDCG@10,1.0
5ac3d90b5542995c82c4ac4b,R@100,1.0
5ac3d9135542995c82c4ac4c,nDCG@10,0.9197207891481876
5ac3d9135542995c82c4ac4c,R@100,1.0
5ac3d9c9554299204fd21ea3,nDCG@10,1.0
5ac3d9c9554299204fd21ea3,R@100,1.0
5ac3dc9e5542997ea680c950,nDCG@10,0.6131471927654584
5ac3dc9e5542997ea680c950,R@100,0.5
5ac3def75542997ea680c95f,nDCG@10,1.0
5ac3def75542997ea680c95f,R@100,1.0
5ac3dfb15542995c82c4ac71,nDCG@10,0.8503449055347546
5ac3dfb15542995c82c4ac71,R@100,1.0
5ac3dfee554299204fd21eab,nDCG@10,0.6131471927654584
5ac3dfee554299204fd21eab,R@100,1.0
5ac3e01d5542997ea680c969,nDCG@10,0.6131471927654584
5ac3e01d5542997ea680c969,R@100,0.5
5ac3e07b5542997ea680c96c,nDCG@10,0.9197207891481876
5ac3e07b5542997ea680c96c,R@100,1.0
5ac3e0ab554299204fd21eae,nDCG@10,0.0
5ac3e0ab554299204fd21eae,R@100,0.5
5ac3e0f7554299194317388b,nDCG@10,0.0
5ac3e0f7554299194317388b,R@100,1.0
5ac3e1075542995c82c4ac78,nDCG@10,0.6131471927654584
5ac3e1075542995c82c4ac78,R@100,1.0
5ac3e22d5542997ea680c976,nDCG@10,0.0
5ac3e22d5542997ea680c976,R@100,0.5
5ac3e5de554299204fd21ebc,nDCG@10,0.0
5ac3e5de554299204fd21ebc,R@100,0.5
5ac3e68b5542997ea680c98b,nDCG@10,1.0
5ac3e68b5542997ea680c98b,R@100,1.0
5ac3e80b554299076e296ccd,nDCG@10,0.6131471927654584
5ac3e80b554299076e296ccd,R@100,1.0
5ac3f18d554299204fd21ed3,nDCG@10,0.0
5ac3f18d554299204fd21ed3,R@100,1.0
5ac3f1c9554299204fd21ed4,nDCG@10,0.6131471927654584
5ac3f1c9554299204fd21ed4,R@100,0.5
5ac401bb55429919431738f4,nDCG@10,0.38685280723454163
5ac401bb55429919431738f4,R@100,0.5
5ac403c45542997ea680c9b5,nDCG@10,0.0
5ac403c45542997ea680c9b5,R@100,1.0
5ac406c155429919431738fc,nDCG@10,0.8175295903539445
5ac406c155429919431738fc,R@100,1.0
5ac41379554299204fd21ef1,nDCG@10,0.6131471927654584
5ac41379554299204fd21ef1,R@100,1.0
5ac413ca5542997ea680c9e9,nDCG@10,1.0
5ac413ca5542997ea680c9e9,R@100,1.0
5ac415445542995c82c4acb7,nDCG@10,0.6131471927654584
5ac415445542995c82c4acb7,R@100,0.5
5ac417405542995c82c4acbb,nDCG@10,0.0
5ac417405542995c82c4acbb,R@100,0.5
5ac41850554299194317390b,nDCG@10,0.6131471927654584
5ac41850554299194317390b,R@100,0.5
5ac41b9e5542995c82c4acc4,nDCG@10,0.5109559939712153
5ac41b9e5542995c82c4acc4,R@100,1.0
5ac41ca75542991943173919,nDCG@10,0.6131471927654584
5ac41ca75542991943173919,R@100,0.5
5ac41f1d5542991943173924,nDCG@10,0.6131471927654584
5ac41f1d5542991943173924,R@100,1.0
5ac4241e5542997ea680ca10,nDCG@10,0.6131471927654584
5ac4241e5542997ea680ca10,R@100,0.5
5ac42a64554299076e296d7b,nDCG@10,0.23719771276929622
5ac42a64554299076e296d7b,R@100,1.0
5ac42ae45542997ea680ca18,nDCG@10,0.6131471927654584
5ac42ae45542997ea680ca18,R@100,1.0
5ac42c6d5542997ea680ca1a,nDCG@10,0.6131471927654584
5ac42c6d5542997ea680ca1a,R@100,0.5
5ac42f42554299076e296d88,nDCG@10,0.6131471927654584
5ac42f42554299076e296d88,R@100,0.5
5ac434cb5542997ea680ca2f,nDCG@10,0.6131471927654584
5ac434cb5542997ea680ca2f,R@100,0.5
5ac434ed554299204fd21f09,nDCG@10,0.6131471927654584
5ac434ed554299204fd21f09,R@100,0.5
5ac43530554299204fd21f0a,nDCG@10,0.6131471927654584
5ac43530554299204fd21f0a,R@100,1.0
5ac439005542995c82c4acf9,nDCG@10,0.6131471927654584
5ac439005542995c82c4acf9,R@100,0.5
5ac4392e5542997ea680ca32,nDCG@10,1.0
5ac4392e5542997ea680ca32,R@100,1.0
5ac43c7b5542997ea680ca34,nDCG@10,0.6131471927654584
5ac43c7b5542997ea680ca34,R@100,1.0
5ac43d575542997ea680ca39,nDCG@10,0.6131471927654584
5ac43d575542997ea680ca39,R@100,0.5
5ac43ddf5542995c82c4ad08,nDCG@10,0.9197207891481876
5ac43ddf5542995c82c4ad08,R@100,1.0
5ac43e0f554299076e296d8e,nDCG@10,0.8315546295836225
5ac43e0f554299076e296d8e,R@100,1.0
5ac440385542997ea680ca4e,nDCG@10,0.6131471927654584
5ac440385542997ea680ca4e,R@100,0.5
5ac44629554299194317395d,nDCG@10,0.6131471927654584
5ac44629554299194317395d,R@100,1.0
5ac44813554299194317396b,nDCG@10,1.0
5ac44813554299194317396b,R@100,1.0
5ac448185542995c82c4ad1b,nDCG@10,0.6131471927654584
5ac448185542995c82c4ad1b,R@100,1.0
5ac44b47554299194317396c,nDCG@10,0.6509209298071326
5ac44b47554299194317396c,R@100,1.0
5ac458f8554299204fd21f2a,nDCG@10,0.8175295903539445
5ac458f8554299204fd21f2a,R@100,1.0
5ac45b23554299204fd21f31,nDCG@10,0.6131471927654584
5ac45b23554299204fd21f31,R@100,1.0
5ac45b58554299076e296dad,nDCG@10,0.6131471927654584
5ac45b58554299076e296dad,R@100,1.0
5ac45cfd554299076e296db5,nDCG@10,1.0
5ac45cfd554299076e296db5,R@100,1.0
5ac46a8b5542991943173980,nDCG@10,0.8503449055347546
5ac46a8b5542991943173980,R@100,1.0
5ac46bb05542991943173983,nDCG@10,1.0
5ac46bb05542991943173983,R@100,1.0
5ac46c83554299204fd21f45,nDCG@10,0.6131471927654584
5ac46c83554299204fd21f45,R@100,0.5
5ac46cb85542991943173987,nDCG@10,0.6131471927654584
5ac46cb85542991943173987,R@100,0.5
5ac471305542991943173998,nDCG@10,0.6131471927654584
5ac471305542991943173998,R@100,0.5
5ac471a5554299194317399a,nDCG@10,0.21840743681816419
5ac471a5554299194317399a,R@100,0.5
5ac473e4554299204fd21f54,nDCG@10,0.17723928678404774
5ac473e4554299204fd21f54,R@100,1.0
5ac47763554299204fd21f5b,nDCG@10,0.6131471927654584
5ac47763554299204fd21f5b,R@100,0.5
5ac47d7355429919431739b3,nDCG@10,0.6934264036172708
5ac47d7355429919431739b3,R@100,1.0
5ac4920d5542996feb3fe8d3,nDCG@10,0.6131471927654584
5ac4920d5542996feb3fe8d3,R@100,1.0
5ac497025542997ea680ca8d,nDCG@10,0.6131471927654584
5ac497025542997ea680ca8d,R@100,0.5
5ac49a1c5542996feb3fe905,nDCG@10,0.0
5ac49a1c5542996feb3fe905,R@100,0.5
5ac4a5de5542995c82c4ad6e,nDCG@10,0.6131471927654584
5ac4a5de5542995c82c4ad6e,R@100,1.0
5ac4a7615542996feb3fe92a,nDCG@10,0.48247555939075504
5ac4a7615542996feb3fe92a,R@100,1.0
5ac4a94a5542996feb3fe92b,nDCG@10,0.0
5ac4a94a5542996feb3fe92b,R@100,0.5
5ac4b24b5542996feb3fe933,nDCG@10,0.6131471927654584
5ac4b24b5542996feb3fe933,R@100,0.5
5ac4c0fc5542997ea680cab1,nDCG@10,0.38685280723454163
5ac4c0fc5542997ea680cab1,R@100,0.5
5ac4c16b5542997ea680cab4,nDCG@10,0.6131471927654584
5ac4c16b5542997ea680cab4,R@100,1.0
5ac4d2cd5542995c82c4ad73,nDCG@10,0.0
5ac4d2cd5542995c82c4ad73,R@100,1.0
5ac4d314554299076e296e02,nDCG@10,0.6131471927654584
5ac4d314554299076e296e02,R@100,0.5
5ac4d717554299076e296e0e,nDCG@10,0.0
5ac4d717554299076e296e0e,R@100,0.0
5ac4da3b554299076e296e17,nDCG@10,0.7977228895450266
5ac4da3b554299076e296e17,R@100,1.0
5ac4db1d554299076e296e1a,nDCG@10,0.4911492931622974
5ac4db1d554299076e296e1a,R@100,1.0
5ac4deff554299076e296e26,nDCG@10,0.6131471927654584
5ac4deff554299076e296e26,R@100,1.0
5ac4e03f5542995c82c4ad75,nDCG@10,0.6131471927654584
5ac4e03f5542995c82c4ad75,R@100,0.5
5ac4e07e5542996feb3fe95c,nDCG@10,0.8503449055347546
5ac4e07e5542996feb3fe95c,R@100,1.0
5ac4e13f554299076e296e2d,nDCG@10,0.6131471927654584
5ac4e13f554299076e296e2d,R@100,0.5
5ac4e476554299076e296e34,nDCG@10,0.45560514958746035
5ac4e476554299076e296e34,R@100,1.0
5ac4e593554299076e296e37,nDCG@10,1.0
5ac4e593554299076e296e37,R@100,1.0
5ac4e9ab5542996feb3fe974,nDCG@10,0.0
5ac4e9ab5542996feb3fe974,R@100,0.0
5ac4ec9955429924173fb4da,nDCG@10,0.0
5ac4ec9955429924173fb4da,R@100,1.0
5ac4ecea55429919431739fd,nDCG@10,0.6131471927654584
5ac4ecea55429919431739fd,R@100,0.5
5ac4edf155429924173fb4e3,nDCG@10,1.0
5ac4edf155429924173fb4e3,R@100,1.0
5ac4efa85542991943173a04,nDCG@10,0.8065735963827293
5ac4efa85542991943173a04,R@100,1.0
5ac4f04e5542995c82c4ad81,nDCG@10,0.8772153153380493
5ac4f04e5542995c82c4ad81,R@100,1.0
5ac4f12d55429924173fb4f6,nDCG@10,0.38685280723454163
5ac4f12d55429924173fb4f6,R@100,1.0
5ac4f2235542996feb3fe995,nDCG@10,0.8503449055347546
5ac4f2235542996feb3fe995,R@100,1.0
5ac4f2e755429924173fb503,nDCG@10,0.6240505200038379
5ac4f2e755429924173fb503,R@100,1.0
5ac4f33355429924173fb507,nDCG@10,1.0
5ac4f33355429924173fb507,R@100,1.0
5ac4f42b55429924173fb50d,nDCG@10,0.6131471927654584
5ac4f42b55429924173fb50d,R@100,0.5
5ac4f7e955429924173fb523,nDCG@10,0.6131471927654584
5ac4f7e955429924173fb523,R@100,0.5
5ac4f8705542995c82c4ad8d,nDCG@10,0.6131471927654584
5ac4f8705542995c82c4ad8d,R@100,0.5
5ac4f9db55429924173fb532,nDCG@10,0.430624116386567
5ac4f9db55429924173fb532,R@100,1.0
5ac4f9dc55429924173fb533,nDCG@10,0.6131471927654584
5ac4f9dc55429924173fb533,R@100,0.5
5ac4fbe255429924173fb53b,nDCG@10,0.2640681225725909
5ac4fbe255429924173fb53b,R@100,1.0
5ac507725542994611c8b32a,nDCG@10,0.6131471927654584
5ac507725542994611c8b32a,R@100,0.5
5ac507825542994611c8b32b,nDCG@10,1.0
5ac507825542994611c8b32b,R@100,1.0
5ac508205542994611c8b32e,nDCG@10,0.8503449055347546
5ac508205542994611c8b32e,R@100,1.0
5ac509e95542994611c8b333,nDCG@10,0.6131471927654584
5ac509e95542994611c8b333,R@100,1.0
5ac50bca55429924173fb57f,nDCG@10,0.6131471927654584
5ac50bca55429924173fb57f,R@100,0.5
5ac50c0355429924173fb581,nDCG@10,0.6131471927654584
5ac50c0355429924173fb581,R@100,0.5
5ac50dd05542994611c8b343,nDCG@10,0.8772153153380493
5ac50dd05542994611c8b343,R@100,1.0
5ac5101455429924173fb592,nDCG@10,0.38685280723454163
5ac5101455429924173fb592,R@100,0.5
5ac510255542994611c8b353,nDCG@10,0.6131471927654584
5ac510255542994611c8b353,R@100,1.0
5ac514d05542994611c8b372,nDCG@10,1.0
5ac514d05542994611c8b372,R@100,1.0
5ac5188255429924173fb5a3,nDCG@10,0.6131471927654584
5ac5188255429924173fb5a3,R@100,0.5
5ac5199a5542994611c8b38a,nDCG@10,0.4911492931622974
5ac5199a5542994611c8b38a,R@100,1.0
5ac519a95542994611c8b38b,nDCG@10,0.6131471927654584
5ac519a95542994611c8b38b,R@100,1.0
5ac51a055542994611c8b390,nDCG@10,0.20438239758848611
5ac51a055542994611c8b390,R@100,0.5
5ac51c2255429924173fb5b4,nDCG@10,1.0
5ac51c2255429924173fb5b4,R@100,1.0
5ac51c2855429924173fb5b5,nDCG@10,1.0
5ac51c2855429924173fb5b5,R@100,1.0
5ac524e55542994611c8b3d0,nDCG@10,1.0
5ac524e55542994611c8b3d0,R@100,1.0
5ac5275755429924173fb617,nDCG@10,0.0
5ac5275755429924173fb617,R@100,0.0
5ac52f455542996feb3fea12,nDCG@10,0.6934264036172708
5ac52f455542996feb3fea12,R@100,1.0
5ac52f8e5542996feb3fea14,nDCG@10,0.2640681225725909
5ac52f8e5542996feb3fea14,R@100,0.5
5ac52fc35542994611c8b403,nDCG@10,0.6131471927654584
5ac52fc35542994611c8b403,R@100,1.0
5ac531ea5542994611c8b419,nDCG@10,0.6131471927654584
5ac531ea5542994611c8b419,R@100,0.5
5ac532335542994611c8b41c,nDCG@10,0.6131471927654584
5ac532335542994611c8b41c,R@100,1.0
5ac536485542996feb3fea2e,nDCG@10,1.0
5ac536485542996feb3fea2e,R@100,1.0
5ac537975542996feb3fea3c,nDCG@10,0.6131471927654584
5ac537975542996feb3fea3c,R@100,0.5
5ac538025542996feb3fea41,nDCG@10,0.6131471927654584
5ac538025542996feb3fea41,R@100,0.5
5ac5382c5542996feb3fea43,nDCG@10,0.0
5ac5382c5542996feb3fea43,R@100,0.5
5ac5391e5542994611c8b439,nDCG@10,0.6131471927654584
5ac5391e5542994611c8b439,R@100,0.5
5ac540365542994611c8b470,nDCG@10,1.0
5ac540365542994611c8b470,R@100,1.0
5ac5461d5542993e66e82296,nDCG@10,0.6131471927654584
5ac5461d5542993e66e82296,R@100,1.0
5ac546975542993e66e8229a,nDCG@10,0.6131471927654584
5ac546975542993e66e8229a,R@100,0.5
5ac547525542993e66e822a3,nDCG@10,0.6131471927654584
5ac547525542993e66e822a3,R@100,0.5
5ac5484d5542994611c8b48d,nDCG@10,0.6131471927654584
5ac5484d5542994611c8b48d,R@100,0.5
5ac54c435542993e66e822d1,nDCG@10,1.0
5ac54c435542993e66e822d1,R@100,1.0
5ac54ca45542993e66e822d5,nDCG@10,0.5706417189553201
5ac54ca45542993e66e822d5,R@100,1.0
5ac54cef5542993e66e822da,nDCG@10,0.8315546295836225
5ac54cef5542993e66e822da,R@100,1.0
5ac54f8d5542993e66e822f5,nDCG@10,0.6131471927654584
5ac54f8d5542993e66e822f5,R@100,0.5
5ac557975542993e66e8231c,nDCG@10,0.6131471927654584
5ac557975542993e66e8231c,R@100,0.5
5ac559bd5542993e66e82328,nDCG@10,0.6131471927654584
5ac559bd5542993e66e82328,R@100,1.0
5ac55ba05542993e66e8233d,nDCG@10,0.6131471927654584
5ac55ba05542993e66e8233d,R@100,0.5
5ac55c135542993e66e82345,nDCG@10,0.6131471927654584
5ac55c135542993e66e82345,R@100,0.5
5ac55e835542993e66e82375,nDCG@10,0.9197207891481876
5ac55e835542993e66e82375,R@100,1.0
5ac55ea55542993e66e82377,nDCG@10,0.6131471927654584
5ac55ea55542993e66e82377,R@100,0.5
5ac560235542993e66e82396,nDCG@10,0.0
5ac560235542993e66e82396,R@100,1.0
5ac561315542993e66e823a9,nDCG@10,1.0
5ac561315542993e66e823a9,R@100,1.0
5ac562115542993e66e823bf,nDCG@10,1.0
5ac562115542993e66e823bf,R@100,1.0
5ac562985542993e66e823ca,nDCG@10,0.6934264036172708
5ac562985542993e66e823ca,R@100,1.0
5ac5630e5542993e66e823d5,nDCG@10,0.6131471927654584
5ac5630e5542993e66e823d5,R@100,1.0
5ac5632e5542993e66e823d9,nDCG@10,0.19342640361727081
5ac5632e5542993e66e823d9,R@100,1.0
5adbc8e25542996e68525230,nDCG@10,0.6131471927654584
5adbc8e25542996e68525230,R@100,0.5
5adbc9a4554299438c868caf,nDCG@10,0.8772153153380493
5adbc9a4554299438c868caf,R@100,1.0
5adbcc085542996e6852523c,nDCG@10,0.0
5adbcc085542996e6852523c,R@100,0.0
5adbcd475542996e68525240,nDCG@10,0.6131471927654584
5adbcd475542996e68525240,R@100,0.5
5adbd19855429944faac236a,nDCG@10,0.6131471927654584
5adbd19855429944faac236a,R@100,1.0
5adbd1d25542994650320bf6,nDCG@10,0.6131471927654584
5adbd1d25542994650320bf6,R@100,0.5
5adbd3405542994650320bf8,nDCG@10,0.6131471927654584
5adbd3405542994650320bf8,R@100,1.0
5adbd60855429944faac2377,nDCG@10,0.0
5adbd60855429944faac2377,R@100,0.0
5adbd68155429947ff173842,nDCG@10,0.9197207891481876
5adbd68155429947ff173842,R@100,1.0
5adbd70c55429947ff173843,nDCG@10,0.38685280723454163
5adbd70c55429947ff173843,R@100,0.5
5adbda2755429944faac2385,nDCG@10,1.0
5adbda2755429944faac2385,R@100,1.0
5adbdc8a55429944faac238e,nDCG@10,0.6131471927654584
5adbdc8a55429944faac238e,R@100,0.5
5adbe0df554299438c868cc0,nDCG@10,1.0
5adbe0df554299438c868cc0,R@100,1.0
5adbe1a7554299438c868cc3,nDCG@10,0.6131471927654584
5adbe1a7554299438c868cc3,R@100,0.5
5adbe1b355429944faac23a0,nDCG@10,0.8315546295836225
5adbe1b355429944faac23a0,R@100,1.0
5adbe1c5554299438c868cc4,nDCG@10,1.0
5adbe1c5554299438c868cc4,R@100,1.0
5adbe27c55429947ff173854,nDCG@10,0.6131471927654584
5adbe27c55429947ff173854,R@100,1.0
5adbe2c65542996e68525274,nDCG@10,0.6131471927654584
5adbe2c65542996e68525274,R@100,0.5
5adbe447554299438c868ccd,nDCG@10,0.6131471927654584
5adbe447554299438c868ccd,R@100,0.5
5adbe75455429944faac23af,nDCG@10,0.5
5adbe75455429944faac23af,R@100,1.0
5adbe9fa55429944faac23ba,nDCG@10,0.5640920940185894
5adbe9fa55429944faac23ba,R@100,1.0
5adbf0a255429947ff17385a,nDCG@10,1.0
5adbf0a255429947ff17385a,R@100,1.0
5adbf2805542994650320c15,nDCG@10,0.6131471927654584
5adbf2805542994650320c15,R@100,0.5
5adbf34955429947ff173862,nDCG@10,1.0
5adbf34955429947ff173862,R@100,1.0
5adbf3fa554299438c868ce0,nDCG@10,0.6131471927654584
5adbf3fa554299438c868ce0,R@100,0.5
5adbf43655429947ff173864,nDCG@10,0.8175295903539445
5adbf43655429947ff173864,R@100,1.0
5adbf44355429944faac23ce,nDCG@10,0.6131471927654584
5adbf44355429944faac23ce,R@100,1.0
5adbf69c55429947ff173871,nDCG@10,0.9197207891481876
5adbf69c55429947ff173871,R@100,1.0
5adbf81a554299438c868cfd,nDCG@10,0.9197207891481876
5adbf81a554299438c868cfd,R@100,1.0
5adbf84555429947ff17387c,nDCG@10,0.6131471927654584
5adbf84555429947ff17387c,R@100,1.0
5adbfa38554299438c868d00,nDCG@10,0.3065735963827292
5adbfa38554299438c868d00,R@100,1.0
5adbfaa655429947ff173888,nDCG@10,0.6131471927654584
5adbfaa655429947ff173888,R@100,1.0
5adbfb3f55429947ff17388a,nDCG@10,1.0
5adbfb3f55429947ff17388a,R@100,1.0
5adbfb6855429944faac23e4,nDCG@10,0.8503449055347546
5adbfb6855429944faac23e4,R@100,1.0
5adbfb6b55429947ff17388d,nDCG@10,0.8065735963827293
5adbfb6b55429947ff17388d,R@100,1.0
5adbfbd555429947ff173893,nDCG@10,0.6131471927654584
5adbfbd555429947ff173893,R@100,0.5
5adbfc945542996e68525296,nDCG@10,0.0
5adbfc945542996e68525296,R@100,0.5
5adbfffb5542994650320c39,nDCG@10,1.0
5adbfffb5542994650320c39,R@100,1.0
5adc020a5542994650320c4c,nDCG@10,0.9197207891481876
5adc020a5542994650320c4c,R@100,1.0
5adc020e55429947ff1738b4,nDCG@10,0.6131471927654584
5adc020e55429947ff1738b4,R@100,0.5
5adc02445542994650320c4e,nDCG@10,0.19342640361727081
5adc02445542994650320c4e,R@100,1.0
5adc02905542994650320c50,nDCG@10,0.6131471927654584
5adc02905542994650320c50,R@100,0.5
5adc035c554299438c868d04,nDCG@10,0.0
5adc035c554299438c868d04,R@100,0.5
5adc0644554299438c868d08,nDCG@10,0.6131471927654584
5adc0644554299438c868d08,R@100,0.5
5adc094a55429947ff1738c0,nDCG@10,0.0
5adc094a55429947ff1738c0,R@100,1.0
5adc0c2b55429947ff1738db,nDCG@10,0.6131471927654584
5adc0c2b55429947ff1738db,R@100,1.0
5adc0d2955429947ff1738e6,nDCG@10,0.6131471927654584
5adc0d2955429947ff1738e6,R@100,1.0
5adc0d3355429944faac2400,nDCG@10,1.0
5adc0d3355429944faac2400,R@100,1.0
5adc0e0355429944faac2404,nDCG@10,0.6131471927654584
5adc0e0355429944faac2404,R@100,0.5
5adc0e395542996e685252c1,nDCG@10,0.6131471927654584
5adc0e395542996e685252c1,R@100,0.5
5adc0f8d55429947ff1738ef,nDCG@10,0.8772153153380493
5adc0f8d55429947ff1738ef,R@100,1.0
5adc126f5542996e685252c5,nDCG@10,0.9197207891481876
5adc126f5542996e685252c5,R@100,1.0
5adc1ae5554299438c868d5c,nDCG@10,0.38685280723454163
5adc1ae5554299438c868d5c,R@100,0.5
5adc1af75542994650320c75,nDCG@10,0.8065735963827293
5adc1af75542994650320c75,R@100,1.0
5adc294c5542996e685252cf,nDCG@10,0.6131471927654584
5adc294c5542996e685252cf,R@100,1.0
5adc2ae5554299438c868d64,nDCG@10,0.6131471927654584
5adc2ae5554299438c868d64,R@100,1.0
5adc2b6255429947ff173901,nDCG@10,0.0
5adc2b6255429947ff173901,R@100,0.0
5adc2e3d554299438c868d6b,nDCG@10,0.6131471927654584
5adc2e3d554299438c868d6b,R@100,0.5
5adc2f53554299438c868d6d,nDCG@10,0.20438239758848611
5adc2f53554299438c868d6d,R@100,1.0
5adc368155429944faac2468,nDCG@10,0.7903864795495061
5adc368155429944faac2468,R@100,1.0
5adc393f5542996e685252e7,nDCG@10,0.5249810332008933
5adc393f5542996e685252e7,R@100,1.0
5adc396155429944faac2479,nDCG@10,1.0
5adc396155429944faac2479,R@100,1.0
5adc398755429947ff173912,nDCG@10,1.0
5adc398755429947ff173912,R@100,1.0
5adc3a7055429947ff173913,nDCG@10,0.38685280723454163
5adc3a7055429947ff173913,R@100,1.0
5adc3aff5542996e685252eb,nDCG@10,0.0
5adc3aff5542996e685252eb,R@100,0.5
5adc3d7455429944faac248a,nDCG@10,0.6131471927654584
5adc3d7455429944faac248a,R@100,0.5
5adc411f5542994650320cbc,nDCG@10,0.9197207891481876
5adc411f5542994650320cbc,R@100,1.0
5adc459255429944faac24ad,nDCG@10,1.0
5adc459255429944faac24ad,R@100,1.0
5adc46665542994650320cc8,nDCG@10,0.0
5adc46665542994650320cc8,R@100,0.0
5adc51375542996e68525300,nDCG@10,0.6131471927654584
5adc51375542996e68525300,R@100,0.5
5adc53f75542996e6852530a,nDCG@10,0.18457569677956817
5adc53f75542996e6852530a,R@100,1.0
5adc54085542994650320cce,nDCG@10,0.6131471927654584
5adc54085542994650320cce,R@100,0.5
5adc57325542996e6852531b,nDCG@10,0.6131471927654584
5adc57325542996e6852531b,R@100,0.5
5adc597d55429947ff17392f,nDCG@10,0.6131471927654584
5adc597d55429947ff17392f,R@100,0.5
5adc5b875542996e68525328,nDCG@10,0.6131471927654584
5adc5b875542996e68525328,R@100,0.5
5adc65e85542996e68525350,nDCG@10,0.7977228895450266
5adc65e85542996e68525350,R@100,1.0
5adc6825554299438c868da1,nDCG@10,1.0
5adc6825554299438c868da1,R@100,1.0
5adc69ef554299438c868daf,nDCG@10,0.6509209298071326
5adc69ef554299438c868daf,R@100,1.0
5adc6a3b55429947ff173953,nDCG@10,0.6131471927654584
5adc6a3b55429947ff173953,R@100,0.5
5adc6c4c5542994650320ce0,nDCG@10,0.5912352048230277
5adc6c4c5542994650320ce0,R@100,1.0
5adc6ca85542994650320ce1,nDCG@10,0.6131471927654584
5adc6ca85542994650320ce1,R@100,1.0
5adc6ded55429947ff17395d,nDCG@10,0.9197207891481876
5adc6ded55429947ff17395d,R@100,1.0
5adc6e035542994650320cec,nDCG@10,0.6131471927654584
5adc6e035542994650320cec,R@100,1.0
5adc6eb65542994650320cf3,nDCG@10,1.0
5adc6eb65542994650320cf3,R@100,1.0
5adc6f6255429947ff173961,nDCG@10,0.6934264036172708
5adc6f6255429947ff173961,R@100,1.0
5adc75525542994650320d0e,nDCG@10,1.0
5adc75525542994650320d0e,R@100,1.0
5adc760c5542994650320d11,nDCG@10,0.6131471927654584
5adc760c5542994650320d11,R@100,1.0
5adc7b855542994650320d1e,nDCG@10,0.38685280723454163
5adc7b855542994650320d1e,R@100,0.5
5adc7dbf5542994d58a2f618,nDCG@10,0.6934264036172708
5adc7dbf5542994d58a2f618,R@100,1.0
5adc7f4a5542994650320d28,nDCG@10,0.23719771276929622
5adc7f4a5542994650320d28,R@100,0.5
5adc82fc554299438c868dce,nDCG@10,0.6131471927654584
5adc82fc554299438c868dce,R@100,1.0
5adc83c65542994d58a2f623,nDCG@10,0.6131471927654584
5adc83c65542994d58a2f623,R@100,0.5
5adc85b855429944faac24e9,nDCG@10,0.6131471927654584
5adc85b855429944faac24e9,R@100,0.5
5adc861c5542994d58a2f62c,nDCG@10,0.9197207891481876
5adc861c5542994d58a2f62c,R@100,1.0
5adc872b5542994d58a2f62f,nDCG@10,0.8315546295836225
5adc872b5542994d58a2f62f,R@100,1.0
5adc8977554299438c868de2,nDCG@10,0.6131471927654584
5adc8977554299438c868de2,R@100,0.5
5adc8ab05542994d58a2f642,nDCG@10,0.8772153153380493
5adc8ab05542994d58a2f642,R@100,1.0
5adc8b5a5542994d58a2f648,nDCG@10,0.6131471927654584
5adc8b5a5542994d58a2f648,R@100,0.5
5adc8c545542994734353734,nDCG@10,1.0
5adc8c545542994734353734,R@100,1.0
5adc8cb45542994d58a2f651,nDCG@10,0.6131471927654584
5adc8cb45542994d58a2f651,R@100,0.5
5adc8d4f554299473435373d,nDCG@10,0.23719771276929622
5adc8d4f554299473435373d,R@100,1.0
5adc905e5542994d58a2f662,nDCG@10,1.0
5adc905e5542994d58a2f662,R@100,1.0
5adc914d5542994ed6169b90,nDCG@10,0.9197207891481876
5adc914d5542994ed6169b90,R@100,1.0
5adc91865542994ed6169b93,nDCG@10,0.6131471927654584
5adc91865542994ed6169b93,R@100,0.5
5adc93a4554299438c868e01,nDCG@10,0.38685280723454163
5adc93a4554299438c868e01,R@100,0.5
5adc94dc5542990d50227cad,nDCG@10,0.8772153153380493
5adc94dc5542990d50227cad,R@100,1.0
5adc983c5542990d50227cb6,nDCG@10,0.6131471927654584
5adc983c5542990d50227cb6,R@100,0.5
5adc985e5542990d50227cb7,nDCG@10,0.8772153153380493
5adc985e5542990d50227cb7,R@100,1.0
5adc995d5542994ed6169ba8,nDCG@10,0.38685280723454163
5adc995d5542994ed6169ba8,R@100,1.0
5adc99ba5542994ed6169ba9,nDCG@10,0.6131471927654584
5adc99ba5542994ed6169ba9,R@100,0.5
5adc99cf554299438c868e0d,nDCG@10,0.6131471927654584
5adc99cf554299438c868e0d,R@100,0.5
5adc99d95542994ed6169baa,nDCG@10,0.6131471927654584
5adc99d95542994ed6169baa,R@100,0.5
5adc9b7a5542994d58a2f679,nDCG@10,0.48247555939075504
5adc9b7a5542994d58a2f679,R@100,1.0
5adc9d145542994d58a2f67d,nDCG@10,1.0
5adc9d145542994d58a2f67d,R@100,1.0
5adc9ebc5542994d58a2f681,nDCG@10,0.8175295903539445
5adc9ebc5542994d58a2f681,R@100,1.0
5adca0845542994d58a2f684,nDCG@10,0.6131471927654584
5adca0845542994d58a2f684,R@100,0.5
5adca5a45542994d58a2f692,nDCG@10,0.6934264036172708
5adca5a45542994d58a2f692,R@100,1.0
5adca5eb5542994d58a2f693,nDCG@10,0.6131471927654584
5adca5eb5542994d58a2f693,R@100,0.5
5adca8215542994ed6169bbc,nDCG@10,0.6131471927654584
5adca8215542994ed6169bbc,R@100,0.5
5adca8375542990d50227cd4,nDCG@10,0.6131471927654584
5adca8375542990d50227cd4,R@100,0.5
5adcaa7f5542990d50227cdb,nDCG@10,1.0
5adcaa7f5542990d50227cdb,R@100,1.0
5adcad175542994ed6169bc3,nDCG@10,0.6131471927654584
5adcad175542994ed6169bc3,R@100,0.5
5adcb0ab5542994d58a2f69a,nDCG@10,0.3065735963827292
5adcb0ab5542994d58a2f69a,R@100,0.5
5adcb30b5542994d58a2f69f,nDCG@10,0.9197207891481876
5adcb30b5542994d58a2f69f,R@100,1.0
5adcb4ae5542994734353774,nDCG@10,1.0
5adcb4ae5542994734353774,R@100,1.0
5adcb6875542994ed6169bcb,nDCG@10,0.3065735963827292
5adcb6875542994ed6169bcb,R@100,1.0
5adcb7eb5542994ed6169bd0,nDCG@10,0.6131471927654584
5adcb7eb5542994ed6169bd0,R@100,0.5
5adcba885542994ed6169bd9,nDCG@10,0.6131471927654584
5adcba885542994ed6169bd9,R@100,0.5
5adcbb815542994ed6169bde,nDCG@10,0.8772153153380493
5adcbb815542994ed6169bde,R@100,1.0
5adcbc645542994d58a2f6b6,nDCG@10,0.6131471927654584
5adcbc645542994d58a2f6b6,R@100,0.5
5adcc21f5542990d50227d05,nDCG@10,0.6131471927654584
5adcc21f5542990d50227d05,R@100,0.5
5adcc3ed5542994d58a2f6c4,nDCG@10,0.6131471927654584
5adcc3ed5542994d58a2f6c4,R@100,0.5
5adcc5715542990d50227d0a,nDCG@10,0.8175295903539445
5adcc5715542990d50227d0a,R@100,1.0
5adcc6765542994d58a2f6c9,nDCG@10,0.2640681225725909
5adcc6765542994d58a2f6c9,R@100,0.5
5adcc7395542990d50227d13,nDCG@10,1.0
5adcc7395542990d50227d13,R@100,1.0
5adcc7515542994ed6169bff,nDCG@10,1.0
5adcc7515542994ed6169bff,R@100,1.0
5adcc90c5542990d50227d1b,nDCG@10,0.0
5adcc90c5542990d50227d1b,R@100,0.5
5adcc975554299473435379f,nDCG@10,0.9197207891481876
5adcc975554299473435379f,R@100,1.0
5adcc9f35542990d50227d20,nDCG@10,1.0
5adcc9f35542990d50227d20,R@100,1.0
5adcca7f5542994ed6169c06,nDCG@10,0.6131471927654584
5adcca7f5542994ed6169c06,R@100,0.5
5adccaca5542994d58a2f6d5,nDCG@10,0.6131471927654584
5adccaca5542994d58a2f6d5,R@100,0.5
5adccd795542990d50227d2c,nDCG@10,0.38685280723454163
5adccd795542990d50227d2c,R@100,1.0
5adccdab5542994d58a2f6db,nDCG@10,0.6934264036172708
5adccdab5542994d58a2f6db,R@100,1.0
5adccdd55542992c1e3a2408,nDCG@10,0.8772153153380493
5adccdd55542992c1e3a2408,R@100,1.0
5adcceda5542990d50227d31,nDCG@10,0.3065735963827292
5adcceda5542990d50227d31,R@100,1.0
5adccf645542990d50227d32,nDCG@10,0.6131471927654584
5adccf645542990d50227d32,R@100,0.5
5adcd1665542994d58a2f6e6,nDCG@10,0.6131471927654584
5adcd1665542994d58a2f6e6,R@100,0.5
5adcd2435542992c1e3a241b,nDCG@10,0.38685280723454163
5adcd2435542992c1e3a241b,R@100,1.0
5adcd28c5542994d58a2f6ea,nDCG@10,1.0
5adcd28c5542994d58a2f6ea,R@100,1.0
5adcd4325542994d58a2f6ed,nDCG@10,0.8772153153380493
5adcd4325542994d58a2f6ed,R@100,1.0
5adcd5005542994d58a2f6f0,nDCG@10,0.41443699955334395
5adcd5005542994d58a2f6f0,R@100,1.0
5adcd6705542992c1e3a2426,nDCG@10,1.0
5adcd6705542992c1e3a2426,R@100,1.0
5adcd7325542994d58a2f6f6,nDCG@10,0.6131471927654584
5adcd7325542994d58a2f6f6,R@100,0.5
5adcd9fe5542990d50227d46,nDCG@10,0.5706417189553201
5adcd9fe5542990d50227d46,R@100,1.0
5adcdc6c5542992c1e3a2437,nDCG@10,0.6131471927654584
5adcdc6c5542992c1e3a2437,R@100,0.5
5adcde255542992c1e3a243f,nDCG@10,0.6131471927654584
5adcde255542992c1e3a243f,R@100,1.0
5adcde475542994d58a2f709,nDCG@10,0.0
5adcde475542994d58a2f709,R@100,0.5
5adcdea85542992c1e3a2441,nDCG@10,0.6131471927654584
5adcdea85542992c1e3a2441,R@100,1.0
5adcdf455542994ed6169c11,nDCG@10,0.6131471927654584
5adcdf455542994ed6169c11,R@100,1.0
5adce0f455429947343537bd,nDCG@10,0.6131471927654584
5adce0f455429947343537bd,R@100,1.0
5adce12e5542990d50227d4f,nDCG@10,0.8315546295836225
5adce12e5542990d50227d4f,R@100,1.0
5adce22c5542990d50227d51,nDCG@10,0.0
5adce22c5542990d50227d51,R@100,0.5
5adce2ee5542992c1e3a2461,nDCG@10,0.8772153153380493
5adce2ee5542992c1e3a2461,R@100,1.0
5adce3265542992c1e3a2466,nDCG@10,0.6131471927654584
5adce3265542992c1e3a2466,R@100,0.5
5adce36e5542990d50227d55,nDCG@10,0.6131471927654584
5adce36e5542990d50227d55,R@100,1.0
5adce3b95542990d50227d56,nDCG@10,0.5714285040141098
5adce3b95542990d50227d56,R@100,1.0
5adce4f65542992c1e3a2474,nDCG@10,0.6131471927654584
5adce4f65542992c1e3a2474,R@100,0.5
5adce88b5542992c1e3a249a,nDCG@10,0.6131471927654584
5adce88b5542992c1e3a249a,R@100,0.5
5adcea3755429947343537ca,nDCG@10,0.6934264036172708
5adcea3755429947343537ca,R@100,1.0
5adcecbd5542992c1e3a24b7,nDCG@10,0.6131471927654584
5adcecbd5542992c1e3a24b7,R@100,0.5
5adcf20f5542994ed6169c2c,nDCG@10,0.6131471927654584
5adcf20f5542994ed6169c2c,R@100,0.5
5adcf2b55542992c1e3a24cd,nDCG@10,0.6131471927654584
5adcf2b55542992c1e3a24cd,R@100,0.5
5adcf37e5542994ed6169c37,nDCG@10,0.38685280723454163
5adcf37e5542994ed6169c37,R@100,1.0
5adcf3a45542994ed6169c38,nDCG@10,0.6131471927654584
5adcf3a45542994ed6169c38,R@100,0.5
5adcf3e35542994ed6169c3a,nDCG@10,0.6131471927654584
5adcf3e35542994ed6169c3a,R@100,0.5
5adcf48e5542992c1e3a24d4,nDCG@10,0.9197207891481876
5adcf48e5542992c1e3a24d4,R@100,1.0
5adcf8155542990d50227d6a,nDCG@10,0.38685280723454163
5adcf8155542990d50227d6a,R@100,0.5
5adcf83855429947343537e1,nDCG@10,0.6131471927654584
5adcf83855429947343537e1,R@100,0.5
5adcfb5f5542990d50227d81,nDCG@10,1.0
5adcfb5f5542990d50227d81,R@100,1.0
5adcfba05542990d50227d83,nDCG@10,0.6131471927654584
5adcfba05542990d50227d83,R@100,0.5
5adcfbf45542990d50227d86,nDCG@10,0.0
5adcfbf45542990d50227d86,R@100,0.0
5adcfc135542990d50227d87,nDCG@10,0.6131471927654584
5adcfc135542990d50227d87,R@100,0.5
5adcfdc555429947343537f4,nDCG@10,0.0
5adcfdc555429947343537f4,R@100,0.5
5adcfe5f5542992c1e3a24f0,nDCG@10,0.0
5adcfe5f5542992c1e3a24f0,R@100,0.0
5adcfe7f5542992c1e3a24f1,nDCG@10,0.6131471927654584
5adcfe7f5542992c1e3a24f1,R@100,1.0
5adcfebe5542992c1e3a24f3,nDCG@10,0.6131471927654584
5adcfebe5542992c1e3a24f3,R@100,0.5
5add00775542992c1e3a2503,nDCG@10,0.8503449055347546
5add00775542992c1e3a2503,R@100,1.0
5add00805542992c1e3a2504,nDCG@10,0.8065735963827293
5add00805542992c1e3a2504,R@100,1.0
5add016e5542992c1e3a250b,nDCG@10,0.6131471927654584
5add016e5542992c1e3a250b,R@100,0.5
5add0f635542994ed6169c56,nDCG@10,1.0
5add0f635542994ed6169c56,R@100,1.0
5add10ca5542994ed6169c59,nDCG@10,0.6131471927654584
5add10ca5542994ed6169c59,R@100,1.0
5add114a5542994734353826,nDCG@10,0.8065735963827293
5add114a5542994734353826,R@100,1.0
5add11935542994734353827,nDCG@10,0.6509209298071326
5add11935542994734353827,R@100,1.0
5add13b15542994ed6169c65,nDCG@10,0.6131471927654584
5add13b15542994ed6169c65,R@100,1.0
5add15d15542994ed6169c70,nDCG@10,0.8503449055347546
5add15d15542994ed6169c70,R@100,1.0
5add16b65542990d50227dd2,nDCG@10,0.6131471927654584
5add16b65542990d50227dd2,R@100,0.5
5add18345542994ed6169c7e,nDCG@10,1.0
5add18345542994ed6169c7e,R@100,1.0
5add1aa65542990d50227de1,nDCG@10,0.6131471927654584
5add1aa65542990d50227de1,R@100,0.5
5add1c485542992c1e3a253d,nDCG@10,0.6131471927654584
5add1c485542992c1e3a253d,R@100,0.5
5add1d435542990d50227de8,nDCG@10,0.6131471927654584
5add1d435542990d50227de8,R@100,0.5
5add1d575542992c1e3a2540,nDCG@10,0.6131471927654584
5add1d575542992c1e3a2540,R@100,0.5
5add1e565542990d50227dea,nDCG@10,0.38685280723454163
5add1e565542990d50227dea,R@100,1.0
5add1eed5542992ae4cec485,nDCG@10,0.6052602440527057
5add1eed5542992ae4cec485,R@100,1.0
5add21555542992ae4cec496,nDCG@10,0.6131471927654584
5add21555542992ae4cec496,R@100,0.5
5add22bc5542992ae4cec49f,nDCG@10,1.0
5add22bc5542992ae4cec49f,R@100,1.0
5add2397554299473435386f,nDCG@10,0.6131471927654584
5add2397554299473435386f,R@100,0.5
5add23d05542994734353871,nDCG@10,1.0
5add23d05542994734353871,R@100,1.0
5add23e45542992ae4cec4a1,nDCG@10,1.0
5add23e45542992ae4cec4a1,R@100,1.0
5add24375542992c1e3a2542,nDCG@10,0.38685280723454163
5add24375542992c1e3a2542,R@100,1.0
5add26075542994ed6169c9c,nDCG@10,0.7903864795495061
5add26075542994ed6169c9c,R@100,1.0
5add292b5542990d50227e0a,nDCG@10,0.2640681225725909
5add292b5542990d50227e0a,R@100,0.5
5add2b435542990d50227e11,nDCG@10,1.0
5add2b435542990d50227e11,R@100,1.0
5add2b865542992c1e3a2550,nDCG@10,0.9197207891481876
5add2b865542992c1e3a2550,R@100,1.0
5add2ba55542994ed6169ca8,nDCG@10,0.6131471927654584
5add2ba55542994ed6169ca8,R@100,0.5
5add2dae5542992c1e3a2558,nDCG@10,0.7977228895450266
5add2dae5542992c1e3a2558,R@100,1.0
5add2df85542992ae4cec4d6,nDCG@10,0.17723928678404774
5add2df85542992ae4cec4d6,R@100,1.0
5add2eab5542992ae4cec4da,nDCG@10,0.6131471927654584
5add2eab5542992ae4cec4da,R@100,0.5
5add311b5542994ed6169cc5,nDCG@10,1.0
5add311b5542994ed6169cc5,R@100,1.0
5add352b5542990dbb2f7dc4,nDCG@10,0.0
5add352b5542990dbb2f7dc4,R@100,0.5
5add38355542990dbb2f7dd0,nDCG@10,0.6131471927654584
5add38355542990dbb2f7dd0,R@100,1.0
5add39c45542995b365faac5,nDCG@10,0.6052602440527057
5add39c45542995b365faac5,R@100,1.0
5add39ca5542992ae4cec4fb,nDCG@10,0.6131471927654584
5add39ca5542992ae4cec4fb,R@100,0.5
5add39e75542997545bbbcc4,nDCG@10,1.0
5add39e75542997545bbbcc4,R@100,1.0
5add3a605542990dbb2f7ddb,nDCG@10,0.6240505200038379
5add3a605542990dbb2f7ddb,R@100,1.0
5add3aaa5542992ae4cec500,nDCG@10,0.6131471927654584
5add3aaa5542992ae4cec500,R@100,0.5
5add3acb5542990dbb2f7ddc,nDCG@10,0.0
5add3acb5542990dbb2f7ddc,R@100,0.5
5add3b035542997545bbbcce,nDCG@10,0.0
5add3b035542997545bbbcce,R@100,0.5
5add3ccc5542997545bbbce5,nDCG@10,0.6131471927654584
5add3ccc5542997545bbbce5,R@100,0.5
5add3e2b5542997545bbbcf5,nDCG@10,0.5912352048230277
5add3e2b5542997545bbbcf5,R@100,1.0
5add3fe05542992c1e3a2580,nDCG@10,0.19342640361727081
5add3fe05542992c1e3a2580,R@100,1.0
5add405f5542992c1e3a2581,nDCG@10,0.8503449055347546
5add405f5542992c1e3a2581,R@100,1.0
5add43335542995b365faae1,nDCG@10,0.0
5add43335542995b365faae1,R@100,0.5
5add433b5542997545bbbd02,nDCG@10,0.8503449055347546
5add433b5542997545bbbd02,R@100,1.0
5add44c25542997545bbbd0a,nDCG@10,0.0
5add44c25542997545bbbd0a,R@100,1.0
5add44f35542997545bbbd0c,nDCG@10,0.18457569677956817
5add44f35542997545bbbd0c,R@100,1.0
5add47085542997545bbbd13,nDCG@10,0.38685280723454163
5add47085542997545bbbd13,R@100,0.5
5add47bf5542992200553a7f,nDCG@10,0.6131471927654584
5add47bf5542992200553a7f,R@100,1.0
5add48465542992200553a80,nDCG@10,0.6131471927654584
5add48465542992200553a80,R@100,1.0
5add4d8f5542997545bbbd25,nDCG@10,1.0
5add4d8f5542997545bbbd25,R@100,1.0
5add4dd35542992ae4cec507,nDCG@10,1.0
5add4dd35542992ae4cec507,R@100,1.0
5add4f3a5542997545bbbd2c,nDCG@10,0.6131471927654584
5add4f3a5542997545bbbd2c,R@100,1.0
5add4fd15542992200553a98,nDCG@10,0.6131471927654584
5add4fd15542992200553a98,R@100,1.0
5add53fe5542992200553ab1,nDCG@10,0.6131471927654584
5add53fe5542992200553ab1,R@100,0.5
5add559e5542992ae4cec511,nDCG@10,1.0
5add559e5542992ae4cec511,R@100,1.0
5add564a5542990dbb2f7e38,nDCG@10,0.6131471927654584
5add564a5542990dbb2f7e38,R@100,1.0
5add566b5542995b365fab14,nDCG@10,0.8175295903539445
5add566b5542995b365fab14,R@100,1.0
5add56a85542992200553abe,nDCG@10,0.8503449055347546
5add56a85542992200553abe,R@100,1.0
5add56ad5542992200553abf,nDCG@10,0.7903864795495061
5add56ad5542992200553abf,R@100,1.0
5add57e55542992ae4cec516,nDCG@10,0.8772153153380493
5add57e55542992ae4cec516,R@100,1.0
5add596f5542990dbb2f7e4d,nDCG@10,0.3065735963827292
5add596f5542990dbb2f7e4d,R@100,0.5
5add5ac95542992200553ace,nDCG@10,0.3065735963827292
5add5ac95542992200553ace,R@100,0.5
5add5f395542990dbb2f7e50,nDCG@10,0.6131471927654584
5add5f395542990dbb2f7e50,R@100,0.5
5add5f925542997545bbbd48,nDCG@10,0.20438239758848611
5add5f925542997545bbbd48,R@100,0.5
5add60905542995b365fab1d,nDCG@10,0.38685280723454163
5add60905542995b365fab1d,R@100,1.0
5add61d65542995b365fab21,nDCG@10,0.0
5add61d65542995b365fab21,R@100,0.5
5add63845542992ae4cec541,nDCG@10,0.6131471927654584
5add63845542992ae4cec541,R@100,1.0
5add64065542995b365fab25,nDCG@10,0.8772153153380493
5add64065542995b365fab25,R@100,1.0
5add647a5542995b365fab26,nDCG@10,0.8315546295836225
5add647a5542995b365fab26,R@100,1.0
5add64e35542992200553ae8,nDCG@10,0.6131471927654584
5add64e35542992200553ae8,R@100,1.0
5add65355542995b365fab27,nDCG@10,0.6131471927654584
5add65355542995b365fab27,R@100,0.5
5add673e5542992ae4cec54d,nDCG@10,0.6131471927654584
5add673e5542992ae4cec54d,R@100,0.5
5add67555542992ae4cec54e,nDCG@10,0.8503449055347546
5add67555542992ae4cec54e,R@100,1.0
5add67705542992ae4cec54f,nDCG@10,0.6131471927654584
5add67705542992ae4cec54f,R@100,0.5
5add67915542992200553af8,nDCG@10,0.0
5add67915542992200553af8,R@100,0.0
5add695a5542992ae4cec557,nDCG@10,0.38685280723454163
5add695a5542992ae4cec557,R@100,1.0
5add6b595542992200553b0c,nDCG@10,0.19342640361727081
5add6b595542992200553b0c,R@100,0.5
5add6cf45542992ae4cec55f,nDCG@10,0.6131471927654584
5add6cf45542992ae4cec55f,R@100,0.5
5add6f975542992200553b18,nDCG@10,0.6131471927654584
5add6f975542992200553b18,R@100,0.5
5add74b75542992200553b24,nDCG@10,0.6131471927654584
5add74b75542992200553b24,R@100,1.0
5add74b95542992ae4cec56f,nDCG@10,0.6131471927654584
5add74b95542992ae4cec56f,R@100,1.0
5add750c5542990dbb2f7e53,nDCG@10,0.0
5add750c5542990dbb2f7e53,R@100,0.0
5add78bf5542992ae4cec57b,nDCG@10,0.6131471927654584
5add78bf5542992ae4cec57b,R@100,1.0
5add7a335542992200553b37,nDCG@10,0.6131471927654584
5add7a335542992200553b37,R@100,1.0
5add7b0c5542992200553b39,nDCG@10,1.0
5add7b0c5542992200553b39,R@100,1.0
5add7c455542990dbb2f7e5f,nDCG@10,0.6131471927654584
5add7c455542990dbb2f7e5f,R@100,1.0
5add7c9c5542990dbb2f7e60,nDCG@10,1.0
5add7c9c5542990dbb2f7e60,R@100,1.0
5add7ce55542992ae4cec585,nDCG@10,0.19342640361727081
5add7ce55542992ae4cec585,R@100,1.0
5add813e5542992200553b46,nDCG@10,1.0
5add813e5542992200553b46,R@100,1.0
5add84a15542997545bbbd5e,nDCG@10,0.23719771276929622
5add84a15542997545bbbd5e,R@100,0.5
5add870b5542995b365fab3c,nDCG@10,0.8772153153380493
5add870b5542995b365fab3c,R@100,1.0
5add889b5542997545bbbd68,nDCG@10,0.3065735963827292
5add889b5542997545bbbd68,R@100,0.5
5add8ec55542997545bbbd7e,nDCG@10,0.6131471927654584
5add8ec55542997545bbbd7e,R@100,0.5
5add8f055542990dbb2f7e6d,nDCG@10,0.5802792108518124
5add8f055542990dbb2f7e6d,R@100,1.0
5add92885542990dbb2f7e72,nDCG@10,0.38685280723454163
5add92885542990dbb2f7e72,R@100,1.0
5add95035542990dbb2f7e77,nDCG@10,0.8772153153380493
5add95035542990dbb2f7e77,R@100,1.0
5add97c15542997545bbbd80,nDCG@10,0.6131471927654584
5add97c15542997545bbbd80,R@100,1.0
5add98985542990dbb2f7e82,nDCG@10,0.2640681225725909
5add98985542990dbb2f7e82,R@100,0.5
5add98ef5542997545bbbd82,nDCG@10,0.6131471927654584
5add98ef5542997545bbbd82,R@100,0.5
5add9bfa5542990dbb2f7e85,nDCG@10,0.0
5add9bfa5542990dbb2f7e85,R@100,0.5
5adda7275542995b365fab57,nDCG@10,0.6131471927654584
5adda7275542995b365fab57,R@100,0.5
5adda7585542997dc790700c,nDCG@10,0.8315546295836225
5adda7585542997dc790700c,R@100,1.0
5adda8d45542995b365fab59,nDCG@10,0.6131471927654584
5adda8d45542995b365fab59,R@100,0.5
5addb0335542995b365fab5e,nDCG@10,0.8315546295836225
5addb0335542995b365fab5e,R@100,1.0
5addb1515542995b365fab60,nDCG@10,0.6131471927654584
5addb1515542995b365fab60,R@100,0.5
5addb7b65542997545bbbdba,nDCG@10,1.0
5addb7b65542997545bbbdba,R@100,1.0
5addbf645542997dc7907014,nDCG@10,0.5714285040141098
5addbf645542997dc7907014,R@100,1.0
5addc2b75542997dc7907017,nDCG@10,1.0
5addc2b75542997dc7907017,R@100,1.0
5addc79d5542995b365fab7b,nDCG@10,0.8315546295836225
5addc79d5542995b365fab7b,R@100,1.0
5addc7e35542997545bbbdbe,nDCG@10,0.6131471927654584
5addc7e35542997545bbbdbe,R@100,1.0
5addcb215542997dc7907033,nDCG@10,0.6131471927654584
5addcb215542997dc7907033,R@100,1.0
5addce005542997dc790703c,nDCG@10,0.7903864795495061
5addce005542997dc790703c,R@100,1.0
5addcfd65542997dc790703e,nDCG@10,0.9197207891481876
5addcfd65542997dc790703e,R@100,1.0
5addd41b5542990dbb2f7e94,nDCG@10,0.6131471927654584
5addd41b5542990dbb2f7e94,R@100,0.5
5addd5795542990dbb2f7e9d,nDCG@10,0.0
5addd5795542990dbb2f7e9d,R@100,0.5
5addd5965542997dc7907047,nDCG@10,0.6131471927654584
5addd5965542997dc7907047,R@100,1.0
5addd6045542997dc7907049,nDCG@10,1.0
5addd6045542997dc7907049,R@100,1.0
5addd82c5542990dbb2f7eb9,nDCG@10,0.0
5addd82c5542990dbb2f7eb9,R@100,0.5
5addda1b5542992200553b55,nDCG@10,0.6131471927654584
5addda1b5542992200553b55,R@100,1.0
5addda9b5542992200553b5b,nDCG@10,0.6131471927654584
5addda9b5542992200553b5b,R@100,0.5
5adddb415542992200553b61,nDCG@10,1.0
5adddb415542992200553b61,R@100,1.0
5adddccd5542997dc7907069,nDCG@10,0.6131471927654584
5adddccd5542997dc7907069,R@100,1.0
5adddce05542992200553b70,nDCG@10,0.6131471927654584
5adddce05542992200553b70,R@100,1.0
5adddd075542992200553b71,nDCG@10,0.38685280723454163
5adddd075542992200553b71,R@100,1.0
5adddf5d5542997dc7907078,nDCG@10,0.9197207891481876
5adddf5d5542997dc7907078,R@100,1.0
5adde16a5542997dc7907084,nDCG@10,0.38685280723454163
5adde16a5542997dc7907084,R@100,0.5
5adde17f5542992200553b87,nDCG@10,0.6131471927654584
5adde17f5542992200553b87,R@100,0.5
5adde2475542997545bbbdc1,nDCG@10,0.0
5adde2475542997545bbbdc1,R@100,0.5
5adde3a45542997545bbbdc2,nDCG@10,0.7977228895450266
5adde3a45542997545bbbdc2,R@100,1.0
5adde5155542997dc7907092,nDCG@10,0.6131471927654584
5adde5155542997dc7907092,R@100,1.0
5adde6535542990dbb2f7ef9,nDCG@10,0.6131471927654584
5adde6535542990dbb2f7ef9,R@100,0.5
5adde73f5542992200553b94,nDCG@10,0.0
5adde73f5542992200553b94,R@100,1.0
5adde8a05542997dc79070a4,nDCG@10,0.8175295903539445
5adde8a05542997dc79070a4,R@100,1.0
5adde99b5542992200553ba1,nDCG@10,0.38685280723454163
5adde99b5542992200553ba1,R@100,1.0
5addeb685542992200553bb1,nDCG@10,1.0
5addeb685542992200553bb1,R@100,1.0
5addf05a5542997dc79070cd,nDCG@10,1.0
5addf05a5542997dc79070cd,R@100,1.0
5addf0fd5542997dc79070d2,nDCG@10,0.8772153153380493
5addf0fd5542997dc79070d2,R@100,1.0
5addf3d65542990dbb2f7f0e,nDCG@10,0.38685280723454163
5addf3d65542990dbb2f7f0e,R@100,1.0
5addf6135542990dbb2f7f23,nDCG@10,0.8315546295836225
5addf6135542990dbb2f7f23,R@100,1.0
5addf9e05542997dc79070f9,nDCG@10,0.8772153153380493
5addf9e05542997dc79070f9,R@100,1.0
5addfc425542997dc7907101,nDCG@10,0.6131471927654584
5addfc425542997dc7907101,R@100,1.0
5addfdf65542992200553bd2,nDCG@10,0.6131471927654584
5addfdf65542992200553bd2,R@100,0.5
5addfdfa5542997dc790710b,nDCG@10,1.0
5addfdfa5542997dc790710b,R@100,1.0
5addfe1c5542995b365fabaf,nDCG@10,0.9197207891481876
5addfe1c5542995b365fabaf,R@100,1.0
5addffa75542992200553bdc,nDCG@10,1.0
5addffa75542992200553bdc,R@100,1.0
5addffff5542992200553bdd,nDCG@10,0.6131471927654584
5addffff5542992200553bdd,R@100,0.5
5ade007e5542997545bbbdf4,nDCG@10,0.6131471927654584
5ade007e5542997545bbbdf4,R@100,1.0
5ade00855542997dc7907118,nDCG@10,0.9197207891481876
5ade00855542997dc7907118,R@100,1.0
5ade02d05542997545bbbe0d,nDCG@10,0.6131471927654584
5ade02d05542997545bbbe0d,R@100,0.5
5ade03c65542990dbb2f7f2e,nDCG@10,0.6131471927654584
5ade03c65542990dbb2f7f2e,R@100,0.5
5ade03da5542997dc7907120,nDCG@10,0.6131471927654584
5ade03da5542997dc7907120,R@100,0.5
5ade043d5542997dc7907122,nDCG@10,0.6240505200038379
5ade043d5542997dc7907122,R@100,1.0
5ade04465542990dbb2f7f2f,nDCG@10,0.6131471927654584
5ade04465542990dbb2f7f2f,R@100,0.5
5ade04a65542997545bbbe20,nDCG@10,0.6131471927654584
5ade04a65542997545bbbe20,R@100,1.0
5ade04d75542997dc7907125,nDCG@10,0.6131471927654584
5ade04d75542997dc7907125,R@100,0.5
5ade063d5542995b365fabcd,nDCG@10,0.6131471927654584
5ade063d5542995b365fabcd,R@100,0.5
5ade063d5542997dc7907129,nDCG@10,1.0
5ade063d5542997dc7907129,R@100,1.0
5ade09945542997545bbbe2c,nDCG@10,0.6131471927654584
5ade09945542997545bbbe2c,R@100,0.5
5ade09a15542995b365fabdf,nDCG@10,0.7903864795495061
5ade09a15542995b365fabdf,R@100,1.0
5ade0a275542997545bbbe2d,nDCG@10,0.6131471927654584
5ade0a275542997545bbbe2d,R@100,0.5
5ade0bc55542997545bbbe30,nDCG@10,0.8772153153380493
5ade0bc55542997545bbbe30,R@100,1.0
5ade0cc85542990dbb2f7f37,nDCG@10,1.0
5ade0cc85542990dbb2f7f37,R@100,1.0
5ade0e115542995b365fabf3,nDCG@10,0.19342640361727081
5ade0e115542995b365fabf3,R@100,0.5
5ade0fb95542997545bbbe39,nDCG@10,0.3065735963827292
5ade0fb95542997545bbbe39,R@100,0.5
5ade0fbb5542995b365fabfb,nDCG@10,1.0
5ade0fbb5542995b365fabfb,R@100,1.0
5ade126355429939a52fe7ea,nDCG@10,0.8503449055347546
5ade126355429939a52fe7ea,R@100,1.0
5ade157e55429939a52fe802,nDCG@10,0.8175295903539445
5ade157e55429939a52fe802,R@100,1.0
5ade15a45542997545bbbe46,nDCG@10,1.0
5ade15a45542997545bbbe46,R@100,1.0
5ade15ae5542990dbb2f7f4c,nDCG@10,0.6131471927654584
5ade15ae5542990dbb2f7f4c,R@100,0.5
5ade15f35542997545bbbe47,nDCG@10,1.0
5ade15f35542997545bbbe47,R@100,1.0
5ade17d255429939a52fe80e,nDCG@10,0.6934264036172708
5ade17d255429939a52fe80e,R@100,1.0
5ade18df5542990dbb2f7f53,nDCG@10,0.9197207891481876
5ade18df5542990dbb2f7f53,R@100,1.0
5ade190f55429975fa854e40,nDCG@10,0.6131471927654584
5ade190f55429975fa854e40,R@100,1.0
5ade1c9e55429939a52fe822,nDCG@10,0.6131471927654584
5ade1c9e55429939a52fe822,R@100,1.0
5ade1ddf55429939a52fe827,nDCG@10,0.6131471927654584
5ade1ddf55429939a52fe827,R@100,0.5
5ade1eda55429975fa854e71,nDCG@10,0.6934264036172708
5ade1eda55429975fa854e71,R@100,1.0
5ade1f0555429975fa854e74,nDCG@10,0.6131471927654584
5ade1f0555429975fa854e74,R@100,0.5
5ade1f1c55429939a52fe82d,nDCG@10,1.0
5ade1f1c55429939a52fe82d,R@100,1.0
5ade24e35542992fa25da6e6,nDCG@10,0.6131471927654584
5ade24e35542992fa25da6e6,R@100,0.5
5ade25ed5542997c77aded70,nDCG@10,0.21840743681816419
5ade25ed5542997c77aded70,R@100,1.0
5ade26db5542997c77aded77,nDCG@10,1.0
5ade26db5542997c77aded77,R@100,1.0
5ade279e5542992fa25da6fa,nDCG@10,0.6131471927654584
5ade279e5542992fa25da6fa,R@100,0.5
5ade27e05542997c77aded7d,nDCG@10,0.6131471927654584
5ade27e05542997c77aded7d,R@100,1.0
5ade283a5542997c77aded80,nDCG@10,0.0
5ade283a5542997c77aded80,R@100,0.0
5ade286e5542997c77aded81,nDCG@10,0.21840743681816419
5ade286e5542997c77aded81,R@100,1.0
5ade28b15542997c77aded83,nDCG@10,0.6509209298071326
5ade28b15542997c77aded83,R@100,1.0
5ade28cf5542997c77aded85,nDCG@10,0.6131471927654584
5ade28cf5542997c77aded85,R@100,0.5
5ade2bce5542997c77aded96,nDCG@10,0.9197207891481876
5ade2bce5542997c77aded96,R@100,1.0
5ade38d8554299728e26c680,nDCG@10,0.6131471927654584
5ade38d8554299728e26c680,R@100,0.5
5ade3af855429939a52fe867,nDCG@10,1.0
5ade3af855429939a52fe867,R@100,1.0
5ade3b925542992fa25da70a,nDCG@10,0.6131471927654584
5ade3b925542992fa25da70a,R@100,0.5
5ade3bf75542997c77adedb8,nDCG@10,0.8772153153380493
5ade3bf75542997c77adedb8,R@100,1.0
5ade3d75554299728e26c68b,nDCG@10,0.18457569677956817
5ade3d75554299728e26c68b,R@100,1.0
5ade3e69554299728e26c68d,nDCG@10,0.23719771276929622
5ade3e69554299728e26c68d,R@100,1.0
5ade42b55542992fa25da717,nDCG@10,0.6131471927654584
5ade42b55542992fa25da717,R@100,0.5
5ade450b5542997c77adedc5,nDCG@10,1.0
5ade450b5542997c77adedc5,R@100,1.0
5ade45c75542992fa25da720,nDCG@10,0.20438239758848611
5ade45c75542992fa25da720,R@100,1.0
5ade4801554299728e26c6ab,nDCG@10,0.6131471927654584
5ade4801554299728e26c6ab,R@100,0.5
5ade48795542992fa25da729,nDCG@10,0.0
5ade48795542992fa25da729,R@100,0.5
5ade4da055429939a52fe878,nDCG@10,0.6131471927654584
5ade4da055429939a52fe878,R@100,1.0
5ade4e415542992fa25da73f,nDCG@10,1.0
5ade4e415542992fa25da73f,R@100,1.0
5ade4fcc5542997c77adeded,nDCG@10,1.0
5ade4fcc5542997c77adeded,R@100,1.0
5ade51515542992fa25da745,nDCG@10,1.0
5ade51515542992fa25da745,R@100,1.0
5ade51b45542997c77adedf4,nDCG@10,0.6934264036172708
5ade51b45542997c77adedf4,R@100,1.0
5ade56ed5542997c77adee04,nDCG@10,1.0
5ade56ed5542997c77adee04,R@100,1.0
5ade595e5542992fa25da761,nDCG@10,0.0
5ade595e5542992fa25da761,R@100,0.5
5ade5a645542997c77adee0d,nDCG@10,1.0
5ade5a645542997c77adee0d,R@100,1.0
5ade5b835542997c77adee10,nDCG@10,0.38685280723454163
5ade5b835542997c77adee10,R@100,0.5
5ade5e335542992fa25da766,nDCG@10,0.20438239758848611
5ade5e335542992fa25da766,R@100,1.0
5ade618e554299728e26c700,nDCG@10,0.9197207891481876
5ade618e554299728e26c700,R@100,1.0
5ade61fd554299728e26c704,nDCG@10,0.0
5ade61fd554299728e26c704,R@100,0.5
5ade630e55429975fa854eb7,nDCG@10,0.0
5ade630e55429975fa854eb7,R@100,0.5
5ade636255429939a52fe896,nDCG@10,0.6131471927654584
5ade636255429939a52fe896,R@100,0.5
5ade64b655429939a52fe89a,nDCG@10,1.0
5ade64b655429939a52fe89a,R@100,1.0
5ade64c7554299728e26c710,nDCG@10,1.0
5ade64c7554299728e26c710,R@100,1.0
5ade653f55429975fa854ebb,nDCG@10,0.9197207891481876
5ade653f55429975fa854ebb,R@100,1.0
5ade662155429975fa854ebd,nDCG@10,0.0
5ade662155429975fa854ebd,R@100,0.5
5ade664555429939a52fe89c,nDCG@10,0.6131471927654584
5ade664555429939a52fe89c,R@100,0.5
5ade66dd55429975fa854ebe,nDCG@10,0.6131471927654584
5ade66dd55429975fa854ebe,R@100,0.5
5ade66e1554299728e26c713,nDCG@10,1.0
5ade66e1554299728e26c713,R@100,1.0
5ade66f055429939a52fe8a0,nDCG@10,0.0
5ade66f055429939a52fe8a0,R@100,1.0
5ade69e455429975fa854ec5,nDCG@10,0.6131471927654584
5ade69e455429975fa854ec5,R@100,1.0
5ade6acf554299728e26c71a,nDCG@10,0.6131471927654584
5ade6acf554299728e26c71a,R@100,1.0
5ade6b67554299728e26c71c,nDCG@10,0.9197207891481876
5ade6b67554299728e26c71c,R@100,1.0
5ade6eb65542992fa25da782,nDCG@10,0.21840743681816419
5ade6eb65542992fa25da782,R@100,0.5
5ade6fcd55429975fa854ecf,nDCG@10,0.6131471927654584
5ade6fcd55429975fa854ecf,R@100,0.5
5ade74285542992fa25da78c,nDCG@10,0.6131471927654584
5ade74285542992fa25da78c,R@100,1.0
5ade747555429939a52fe8c5,nDCG@10,1.0
5ade747555429939a52fe8c5,R@100,1.0
5ade78e255429939a52fe8d0,nDCG@10,0.6131471927654584
5ade78e255429939a52fe8d0,R@100,1.0
5ade79335542997c77adee38,nDCG@10,0.6131471927654584
5ade79335542997c77adee38,R@100,0.5
5ade7a435542997c77adee3a,nDCG@10,0.6131471927654584
5ade7a435542997c77adee3a,R@100,1.0
5ade7fa3554299728e26c727,nDCG@10,0.6131471927654584
5ade7fa3554299728e26c727,R@100,0.5
5ade7feb5542992fa25da799,nDCG@10,0.9197207891481876
5ade7feb5542992fa25da799,R@100,1.0
5ade811e5542992fa25da7a0,nDCG@10,0.6131471927654584
5ade811e5542992fa25da7a0,R@100,0.5
5ade82ba5542992fa25da7a3,nDCG@10,0.46845052016107697
5ade82ba5542992fa25da7a3,R@100,1.0
5ade84d7554299728e26c72b,nDCG@10,0.6131471927654584
5ade84d7554299728e26c72b,R@100,0.5
5ade858a55429975fa854eea,nDCG@10,0.5706417189553201
5ade858a55429975fa854eea,R@100,1.0
5ade86b255429939a52fe8e0,nDCG@10,0.6131471927654584
5ade86b255429939a52fe8e0,R@100,0.5
5ade8802554299728e26c72d,nDCG@10,0.3065735963827292
5ade8802554299728e26c72d,R@100,0.5
5ade881f5542992fa25da7af,nDCG@10,1.0
5ade881f5542992fa25da7af,R@100,1.0
5ade895955429975fa854ef5,nDCG@10,0.6131471927654584
5ade895955429975fa854ef5,R@100,0.5
5ade89d855429975fa854ef7,nDCG@10,0.6131471927654584
5ade89d855429975fa854ef7,R@100,0.5
5ade8ad95542992fa25da7b8,nDCG@10,0.38685280723454163
5ade8ad95542992fa25da7b8,R@100,0.5
5ade8b2655429975fa854eff,nDCG@10,1.0
5ade8b2655429975fa854eff,R@100,1.0
5ade8bd955429975fa854f04,nDCG@10,1.0
5ade8bd955429975fa854f04,R@100,1.0
5ade8f5955429975fa854f10,nDCG@10,0.5706417189553201
5ade8f5955429975fa854f10,R@100,1.0
5ade908b55429975fa854f13,nDCG@10,0.8772153153380493
5ade908b55429975fa854f13,R@100,1.0
5ade90aa554299728e26c733,nDCG@10,1.0
5ade90aa554299728e26c733,R@100,1.0
5ade914b55429939a52fe8f9,nDCG@10,1.0
5ade914b55429939a52fe8f9,R@100,1.0
5ade949b5542997c77adee63,nDCG@10,0.6131471927654584
5ade949b5542997c77adee63,R@100,0.5
5ade9545554299728e26c740,nDCG@10,0.6131471927654584
5ade9545554299728e26c740,R@100,0.5
5ade9545554299728e26c741,nDCG@10,0.6131471927654584
5ade9545554299728e26c741,R@100,0.5
5ade982f554299728e26c753,nDCG@10,0.6131471927654584
5ade982f554299728e26c753,R@100,0.5
5ade99235542997c77adee7f,nDCG@10,0.8315546295836225
5ade99235542997c77adee7f,R@100,1.0
5ade99295542992fa25da7d8,nDCG@10,0.6509209298071326
5ade99295542992fa25da7d8,R@100,1.0
5ade99ad554299728e26c75d,nDCG@10,0.6131471927654584
5ade99ad554299728e26c75d,R@100,1.0
5ade9c2155429939a52fe8fe,nDCG@10,0.6131471927654584
5ade9c2155429939a52fe8fe,R@100,1.0
5ade9c9355429975fa854f1b,nDCG@10,0.6131471927654584
5ade9c9355429975fa854f1b,R@100,1.0
5ade9c9c5542997c77adee8c,nDCG@10,0.6131471927654584
5ade9c9c5542997c77adee8c,R@100,0.5
5adea0c5554299728e26c776,nDCG@10,0.9197207891481876
5adea0c5554299728e26c776,R@100,1.0
5adea19a55429939a52fe919,nDCG@10,0.9197207891481876
5adea19a55429939a52fe919,R@100,1.0
5adea2435542992fa25da7e4,nDCG@10,0.7903864795495061
5adea2435542992fa25da7e4,R@100,1.0
5adea61155429939a52fe922,nDCG@10,0.0
5adea61155429939a52fe922,R@100,0.0
5adea62e55429975fa854f3b,nDCG@10,0.38685280723454163
5adea62e55429975fa854f3b,R@100,0.5
5adea83b55429975fa854f53,nDCG@10,0.6131471927654584
5adea83b55429975fa854f53,R@100,0.5
5adea8cf55429939a52fe92d,nDCG@10,0.3065735963827292
5adea8cf55429939a52fe92d,R@100,0.5
5adea95055429939a52fe931,nDCG@10,0.6131471927654584
5adea95055429939a52fe931,R@100,1.0
5adea9ea55429939a52fe934,nDCG@10,0.8772153153380493
5adea9ea55429939a52fe934,R@100,1.0
5adeab4555429975fa854f5f,nDCG@10,0.6131471927654584
5adeab4555429975fa854f5f,R@100,1.0
5adeacf955429975fa854f66,nDCG@10,0.6131471927654584
5adeacf955429975fa854f66,R@100,0.5
5adead1855429939a52fe948,nDCG@10,0.6131471927654584
5adead1855429939a52fe948,R@100,0.5
5adeaec455429939a52fe952,nDCG@10,0.6131471927654584
5adeaec455429939a52fe952,R@100,0.5
5adeb78a554299728e26c77a,nDCG@10,0.6131471927654584
5adeb78a554299728e26c77a,R@100,0.5
5adeb95d5542992fa25da827,nDCG@10,0.9197207891481876
5adeb95d5542992fa25da827,R@100,1.0
5adebbbd554299728e26c793,nDCG@10,1.0
5adebbbd554299728e26c793,R@100,1.0
5adebc51554299728e26c799,nDCG@10,0.0
5adebc51554299728e26c799,R@100,0.5
5adebc9b554299728e26c79d,nDCG@10,0.6131471927654584
5adebc9b554299728e26c79d,R@100,1.0
5adebea1554299728e26c7b6,nDCG@10,0.6131471927654584
5adebea1554299728e26c7b6,R@100,0.5
5adec4695542992fa25da83a,nDCG@10,0.8175295903539445
5adec4695542992fa25da83a,R@100,1.0
5adec5055542995534e8c707,nDCG@10,1.0
5adec5055542995534e8c707,R@100,1.0
5adec53655429975fa854f87,nDCG@10,0.8503449055347546
5adec53655429975fa854f87,R@100,1.0
5adec62a55429975fa854f89,nDCG@10,0.6131471927654584
5adec62a55429975fa854f89,R@100,0.5
5adec62e5542992fa25da841,nDCG@10,0.6131471927654584
5adec62e5542992fa25da841,R@100,1.0
5adec7925542995534e8c70d,nDCG@10,0.6240505200038379
5adec7925542995534e8c70d,R@100,1.0
5adec96e5542995534e8c712,nDCG@10,1.0
5adec96e5542995534e8c712,R@100,1.0
5adecc7755429975fa854f9d,nDCG@10,0.6131471927654584
5adecc7755429975fa854f9d,R@100,1.0
5aded04755429975fa854fa7,nDCG@10,0.3065735963827292
5aded04755429975fa854fa7,R@100,0.5
5aded1595542995ec70e8f29,nDCG@10,0.9197207891481876
5aded1595542995ec70e8f29,R@100,1.0
5adeda67554299728e26c7db,nDCG@10,0.6131471927654584
5adeda67554299728e26c7db,R@100,1.0
5adee8ff55429975fa854fb8,nDCG@10,1.0
5adee8ff55429975fa854fb8,R@100,1.0
5adef1b35542993a75d263af,nDCG@10,0.6131471927654584
5adef1b35542993a75d263af,R@100,0.5
5adef5fb5542993a75d263be,nDCG@10,0.6509209298071326
5adef5fb5542993a75d263be,R@100,1.0
5adef80b5542993a75d263c4,nDCG@10,0.8175295903539445
5adef80b5542993a75d263c4,R@100,1.0
5adefcf15542995ec70e8f4c,nDCG@10,0.6131471927654584
5adefcf15542995ec70e8f4c,R@100,0.5
5adefdd75542995ec70e8f4e,nDCG@10,0.20438239758848611
5adefdd75542995ec70e8f4e,R@100,0.5
5adefe645542992d7e9f926c,nDCG@10,0.38685280723454163
5adefe645542992d7e9f926c,R@100,0.5
5adeffa85542992d7e9f926f,nDCG@10,0.8315546295836225
5adeffa85542992d7e9f926f,R@100,1.0
5adf03765542995534e8c72b,nDCG@10,1.0
5adf03765542995534e8c72b,R@100,1.0
5adf03b35542993a75d263d3,nDCG@10,0.6131471927654584
5adf03b35542993a75d263d3,R@100,0.5
5adf043b5542993a75d263d4,nDCG@10,0.6934264036172708
5adf043b5542993a75d263d4,R@100,1.0
5adf04915542995534e8c72f,nDCG@10,0.38685280723454163
5adf04915542995534e8c72f,R@100,0.5
5adf04c95542993a75d263d5,nDCG@10,0.7903864795495061
5adf04c95542993a75d263d5,R@100,1.0
5adf076f5542992d7e9f9277,nDCG@10,1.0
5adf076f5542992d7e9f9277,R@100,1.0
5adf07f25542992d7e9f9279,nDCG@10,0.8175295903539445
5adf07f25542992d7e9f9279,R@100,1.0
5adf099a5542992d7e9f927f,nDCG@10,0.8503449055347546
5adf099a5542992d7e9f927f,R@100,1.0
5adf0ae45542992d7e9f9286,nDCG@10,0.8315546295836225
5adf0ae45542992d7e9f9286,R@100,1.0
5adf0cbd5542993a75d263e0,nDCG@10,0.6131471927654584
5adf0cbd5542993a75d263e0,R@100,0.5
5adf0d2d5542993a75d263e1,nDCG@10,1.0
5adf0d2d5542993a75d263e1,R@100,1.0
5adf0e7c5542992d7e9f9297,nDCG@10,0.6131471927654584
5adf0e7c5542992d7e9f9297,R@100,0.5
5adf123f5542995ec70e8f63,nDCG@10,0.8772153153380493
5adf123f5542995ec70e8f63,R@100,1.0
5adf17f95542995ec70e8f6c,nDCG@10,1.0
5adf17f95542995ec70e8f6c,R@100,1.0
5adf1b8a5542995534e8c750,nDCG@10,1.0
5adf1b8a5542995534e8c750,R@100,1.0
5adf1c3f5542993a75d263ec,nDCG@10,0.6131471927654584
5adf1c3f5542993a75d263ec,R@100,1.0
5adf21bc5542993344016bf4,nDCG@10,0.2640681225725909
5adf21bc5542993344016bf4,R@100,0.5
5adf227a5542992d7e9f92a6,nDCG@10,0.6131471927654584
5adf227a5542992d7e9f92a6,R@100,0.5
5adf24155542992d7e9f92af,nDCG@10,0.6131471927654584
5adf24155542992d7e9f92af,R@100,0.5
5adf27775542993344016c00,nDCG@10,0.6131471927654584
5adf27775542993344016c00,R@100,0.5
5adf29f05542993344016c09,nDCG@10,0.23719771276929622
5adf29f05542993344016c09,R@100,1.0
5adf2ba05542993a75d26411,nDCG@10,1.0
5adf2ba05542993a75d26411,R@100,1.0
5adf2d375542993344016c0d,nDCG@10,0.6131471927654584
5adf2d375542993344016c0d,R@100,0.5
5adf2fa35542993344016c11,nDCG@10,0.5109559939712153
5adf2fa35542993344016c11,R@100,1.0
5adf315c5542995ec70e8f8b,nDCG@10,1.0
5adf315c5542995ec70e8f8b,R@100,1.0
5adf32165542993344016c15,nDCG@10,0.6131471927654584
5adf32165542993344016c15,R@100,0.5
5adf32ee5542995534e8c767,nDCG@10,0.6131471927654584
5adf32ee5542995534e8c767,R@100,1.0
5adf33965542993344016c20,nDCG@10,1.0
5adf33965542993344016c20,R@100,1.0
5adf33a05542993344016c22,nDCG@10,0.0
5adf33a05542993344016c22,R@100,0.0
5adf33b35542993a75d26420,nDCG@10,0.0
5adf33b35542993a75d26420,R@100,0.0
5adf34955542993a75d26423,nDCG@10,0.6131471927654584
5adf34955542993a75d26423,R@100,0.5
5adf34d35542993a75d26425,nDCG@10,0.9197207891481876
5adf34d35542993a75d26425,R@100,1.0
5adf34ff5542992d7e9f92ce,nDCG@10,0.6131471927654584
5adf34ff5542992d7e9f92ce,R@100,0.5
5adf35935542993344016c36,nDCG@10,0.0
5adf35935542993344016c36,R@100,0.5
5adf36c55542993344016c3e,nDCG@10,0.6131471927654584
5adf36c55542993344016c3e,R@100,0.5
5adf37785542992d7e9f92d3,nDCG@10,1.0
5adf37785542992d7e9f92d3,R@100,1.0
5adf37955542993a75d2642e,nDCG@10,0.38685280723454163
5adf37955542993a75d2642e,R@100,1.0
5adf37a95542995ec70e8f97,nDCG@10,0.6131471927654584
5adf37a95542995ec70e8f97,R@100,0.5
5adf38ae5542993a75d26433,nDCG@10,0.38685280723454163
5adf38ae5542993a75d26433,R@100,1.0
5adf39295542992d7e9f92df,nDCG@10,0.8772153153380493
5adf39295542992d7e9f92df,R@100,1.0
5adf39765542993a75d26435,nDCG@10,0.21840743681816419
5adf39765542993a75d26435,R@100,1.0
5adf39ce5542995534e8c76d,nDCG@10,0.6131471927654584
5adf39ce5542995534e8c76d,R@100,0.5
5adf39d45542992d7e9f92e5,nDCG@10,0.6131471927654584
5adf39d45542992d7e9f92e5,R@100,1.0
5adf39d55542992d7e9f92e6,nDCG@10,0.6131471927654584
5adf39d55542992d7e9f92e6,R@100,1.0
5adf3a0d5542992d7e9f92e8,nDCG@10,0.6131471927654584
5adf3a0d5542992d7e9f92e8,R@100,0.5
5adf3a4f5542992d7e9f92ec,nDCG@10,0.0
5adf3a4f5542992d7e9f92ec,R@100,1.0
5adf3ab95542992d7e9f92f3,nDCG@10,0.6131471927654584
5adf3ab95542992d7e9f92f3,R@100,1.0
5adf3c155542993a75d2643a,nDCG@10,0.7903864795495061
5adf3c155542993a75d2643a,R@100,1.0
5adf3e355542993a75d26440,nDCG@10,0.6052602440527057
5adf3e355542993a75d26440,R@100,1.0
5adf3e835542993a75d26442,nDCG@10,1.0
5adf3e835542993a75d26442,R@100,1.0
5adf3f1d5542992d7e9f9310,nDCG@10,0.7977228895450266
5adf3f1d5542992d7e9f9310,R@100,1.0
5adf3feb5542993a75d2644c,nDCG@10,0.6131471927654584
5adf3feb5542993a75d2644c,R@100,0.5
5adf400a5542993a75d2644e,nDCG@10,0.46845052016107697
5adf400a5542993a75d2644e,R@100,1.0
5adf41a45542993a75d26456,nDCG@10,1.0
5adf41a45542993a75d26456,R@100,1.0
5adf430e5542993a75d2645e,nDCG@10,0.6131471927654584
5adf430e5542993a75d2645e,R@100,1.0
5adf434c5542993a75d26462,nDCG@10,0.9197207891481876
5adf434c5542993a75d26462,R@100,1.0
5adf490a5542993a75d26488,nDCG@10,0.6131471927654584
5adf490a5542993a75d26488,R@100,0.5
5adf49935542993a75d26491,nDCG@10,1.0
5adf49935542993a75d26491,R@100,1.0
5adf4a275542993a75d26498,nDCG@10,0.8503449055347546
5adf4a275542993a75d26498,R@100,1.0
5adf4b335542993a75d264a5,nDCG@10,0.6131471927654584
5adf4b335542993a75d264a5,R@100,0.5
5adf4ba65542992d7e9f931c,nDCG@10,0.7977228895450266
5adf4ba65542992d7e9f931c,R@100,1.0
5adf4da15542995534e8c780,nDCG@10,0.9197207891481876
5adf4da15542995534e8c780,R@100,1.0
5adf50c05542992d7e9f931e,nDCG@10,0.6131471927654584
5adf50c05542992d7e9f931e,R@100,0.5
5adf51595542993344016c52,nDCG@10,0.3065735963827292
5adf51595542993344016c52,R@100,0.5
5adf51e05542995534e8c78a,nDCG@10,0.6131471927654584
5adf51e05542995534e8c78a,R@100,0.5
5adf53dc5542995534e8c791,nDCG@10,0.17723928678404774
5adf53dc5542995534e8c791,R@100,1.0
5adf58f15542993a75d264d2,nDCG@10,0.0
5adf58f15542993a75d264d2,R@100,0.0
5adf5c175542995ec70e8fd0,nDCG@10,0.45560514958746035
5adf5c175542995ec70e8fd0,R@100,1.0
5adf5cd25542992d7e9f9320,nDCG@10,0.3065735963827292
5adf5cd25542992d7e9f9320,R@100,1.0
5adf5daf5542995534e8c79d,nDCG@10,0.6131471927654584
5adf5daf5542995534e8c79d,R@100,1.0
5adf5e285542992d7e9f9323,nDCG@10,0.6131471927654584
5adf5e285542992d7e9f9323,R@100,1.0
5adf5fa65542993a75d264db,nDCG@10,0.6131471927654584
5adf5fa65542993a75d264db,R@100,0.5
5adf62d05542992d7e9f932d,nDCG@10,0.0
5adf62d05542992d7e9f932d,R@100,0.0
5adf65555542992d7e9f9334,nDCG@10,0.6131471927654584
5adf65555542992d7e9f9334,R@100,1.0
5adf67e95542993344016c72,nDCG@10,1.0
5adf67e95542993344016c72,R@100,1.0
5adf68ac5542993344016c79,nDCG@10,0.9197207891481876
5adf68ac5542993344016c79,R@100,1.0
5adf69055542995534e8c7a4,nDCG@10,0.6131471927654584
5adf69055542995534e8c7a4,R@100,0.5
5adf6a5c5542995ec70e8ff9,nDCG@10,0.6131471927654584
5adf6a5c5542995ec70e8ff9,R@100,0.5
5adf6aca5542993344016c8d,nDCG@10,0.8772153153380493
5adf6aca5542993344016c8d,R@100,1.0
5adf6b405542992d7e9f9341,nDCG@10,0.6131471927654584
5adf6b405542992d7e9f9341,R@100,0.5
5adf6f075542993344016c91,nDCG@10,0.7903864795495061
5adf6f075542993344016c91,R@100,1.0
5adf715b5542992d7e9f9354,nDCG@10,0.0
5adf715b5542992d7e9f9354,R@100,0.5
5adf72095542992d7e9f935d,nDCG@10,0.38685280723454163
5adf72095542992d7e9f935d,R@100,1.0
5adf72335542992d7e9f935f,nDCG@10,0.6131471927654584
5adf72335542992d7e9f935f,R@100,0.5
5adf72d35542992d7e9f9369,nDCG@10,1.0
5adf72d35542992d7e9f9369,R@100,1.0
5adf734b5542995ec70e9016,nDCG@10,1.0
5adf734b5542995ec70e9016,R@100,1.0
5adf73a45542992d7e9f9378,nDCG@10,1.0
5adf73a45542992d7e9f9378,R@100,1.0
5adf74075542992d7e9f937c,nDCG@10,0.6131471927654584
5adf74075542992d7e9f937c,R@100,1.0
5adf74255542992d7e9f937d,nDCG@10,0.0
5adf74255542992d7e9f937d,R@100,0.5
5adf744d5542992d7e9f937e,nDCG@10,0.6131471927654584
5adf744d5542992d7e9f937e,R@100,1.0
5adf75e35542993344016c98,nDCG@10,1.0
5adf75e35542993344016c98,R@100,1.0
5adf80605542995534e8c7d2,nDCG@10,0.6131471927654584
5adf80605542995534e8c7d2,R@100,0.5
5adf81105542992d7e9f9388,nDCG@10,0.6131471927654584
5adf81105542992d7e9f9388,R@100,0.5
5adf82945542993344016ca4,nDCG@10,1.0
5adf82945542993344016ca4,R@100,1.0
5adf85e05542993344016cba,nDCG@10,0.6131471927654584
5adf85e05542993344016cba,R@100,1.0
5adf860e5542993344016cbc,nDCG@10,0.6131471927654584
5adf860e5542993344016cbc,R@100,1.0
5adf86355542993344016cbd,nDCG@10,0.8772153153380493
5adf86355542993344016cbd,R@100,1.0
5adf86b45542993344016cc1,nDCG@10,0.6131471927654584
5adf86b45542993344016cc1,R@100,0.5
5adf88995542993344016cd4,nDCG@10,0.6131471927654584
5adf88995542993344016cd4,R@100,0.5
5adf8a065542992d7e9f9392,nDCG@10,0.0
5adf8a065542992d7e9f9392,R@100,0.5
5adf8ad25542993344016ce7,nDCG@10,1.0
5adf8ad25542993344016ce7,R@100,1.0
5adf8ade5542993344016ce8,nDCG@10,1.0
5adf8ade5542993344016ce8,R@100,1.0
5adf8c375542995534e8c7dd,nDCG@10,0.0
5adf8c375542995534e8c7dd,R@100,0.0
5adf8c965542993344016cf5,nDCG@10,0.6131471927654584
5adf8c965542993344016cf5,R@100,0.5
5adf8d275542993344016cfb,nDCG@10,0.0
5adf8d275542993344016cfb,R@100,0.5
5adf8dd25542993344016cfe,nDCG@10,0.8175295903539445
5adf8dd25542993344016cfe,R@100,1.0
5adf8dea5542995534e8c7e4,nDCG@10,1.0
5adf8dea5542995534e8c7e4,R@100,1.0
5adf8f675542995534e8c7eb,nDCG@10,0.6131471927654584
5adf8f675542995534e8c7eb,R@100,0.5
5adf8fe55542993344016d0f,nDCG@10,0.6131471927654584
5adf8fe55542993344016d0f,R@100,0.5
5adf92f15542995534e8c7f3,nDCG@10,0.6131471927654584
5adf92f15542995534e8c7f3,R@100,1.0
5adf94e05542995534e8c7f7,nDCG@10,1.0
5adf94e05542995534e8c7f7,R@100,1.0
5adf95745542995534e8c7f8,nDCG@10,0.6131471927654584
5adf95745542995534e8c7f8,R@100,0.5
5adf98215542993344016d19,nDCG@10,0.6131471927654584
5adf98215542993344016d19,R@100,1.0
5adf99065542992d7e9f93b0,nDCG@10,0.9197207891481876
5adf99065542992d7e9f93b0,R@100,1.0
5adf9b1e5542992d7e9f93b5,nDCG@10,0.6131471927654584
5adf9b1e5542992d7e9f93b5,R@100,0.5
5adf9b415542995ec70e904c,nDCG@10,1.0
5adf9b415542995ec70e904c,R@100,1.0
5adf9d135542995534e8c817,nDCG@10,0.8503449055347546
5adf9d135542995534e8c817,R@100,1.0
5adf9dc3554299025d62a2e6,nDCG@10,1.0
5adf9dc3554299025d62a2e6,R@100,1.0
5adf9ea05542992d7e9f93bf,nDCG@10,0.6131471927654584
5adf9ea05542992d7e9f93bf,R@100,1.0
5adf9ee75542992d7e9f93c0,nDCG@10,0.8065735963827293
5adf9ee75542992d7e9f93c0,R@100,1.0
5adf9f6c5542992d7e9f93c2,nDCG@10,0.6131471927654584
5adf9f6c5542992d7e9f93c2,R@100,1.0
5adfa12c554299025d62a301,nDCG@10,0.0
5adfa12c554299025d62a301,R@100,0.0
5adfa1f9554299025d62a308,nDCG@10,0.6131471927654584
5adfa1f9554299025d62a308,R@100,0.5
5adfa22655429942ec259ac4,nDCG@10,0.6131471927654584
5adfa22655429942ec259ac4,R@100,0.5
5adfa3da554299025d62a317,nDCG@10,0.6131471927654584
5adfa3da554299025d62a317,R@100,0.5
5adfa451554299025d62a319,nDCG@10,0.0
5adfa451554299025d62a319,R@100,0.0
5adfa570554299025d62a31c,nDCG@10,0.6131471927654584
5adfa570554299025d62a31c,R@100,0.5
5adfa6c7554299025d62a326,nDCG@10,0.6131471927654584
5adfa6c7554299025d62a326,R@100,0.5
5adfa6db55429942ec259ad6,nDCG@10,0.6131471927654584
5adfa6db55429942ec259ad6,R@100,1.0
5adfa73b55429942ec259ad8,nDCG@10,0.6131471927654584
5adfa73b55429942ec259ad8,R@100,0.5
5adfa8d0554299025d62a32c,nDCG@10,0.21840743681816419
5adfa8d0554299025d62a32c,R@100,1.0
5adfa92d55429942ec259ae0,nDCG@10,0.2640681225725909
5adfa92d55429942ec259ae0,R@100,1.0
5adfa97555429942ec259ae1,nDCG@10,0.6131471927654584
5adfa97555429942ec259ae1,R@100,1.0
5adface25542995ec70e906c,nDCG@10,0.6131471927654584
5adface25542995ec70e906c,R@100,0.5
5adfad2b554299603e41835c,nDCG@10,0.9197207891481876
5adfad2b554299603e41835c,R@100,1.0
5adfb10855429942ec259af9,nDCG@10,0.8503449055347546
5adfb10855429942ec259af9,R@100,1.0
5adfb4b8554299603e418381,nDCG@10,0.6131471927654584
5adfb4b8554299603e418381,R@100,1.0
5adfb60655429942ec259b08,nDCG@10,0.6131471927654584
5adfb60655429942ec259b08,R@100,0.5
5adfb698554299603e418385,nDCG@10,0.6131471927654584
5adfb698554299603e418385,R@100,0.5
5adfb78f5542995ec70e9081,nDCG@10,0.8503449055347546
5adfb78f5542995ec70e9081,R@100,1.0
5adfb790554299603e418389,nDCG@10,0.6131471927654584
5adfb790554299603e418389,R@100,1.0
5adfb992554299603e418391,nDCG@10,0.6131471927654584
5adfb992554299603e418391,R@100,0.5
5adfba9555429942ec259b1e,nDCG@10,1.0
5adfba9555429942ec259b1e,R@100,1.0
5adfbca255429942ec259b2c,nDCG@10,0.3065735963827292
5adfbca255429942ec259b2c,R@100,0.5
5adfbd4655429942ec259b31,nDCG@10,0.6131471927654584
5adfbd4655429942ec259b31,R@100,1.0
5adfc06d55429906c02daa2a,nDCG@10,0.6131471927654584
5adfc06d55429906c02daa2a,R@100,0.5
5adfc11e55429942ec259b3a,nDCG@10,1.0
5adfc11e55429942ec259b3a,R@100,1.0
5adfc35755429906c02daa30,nDCG@10,1.0
5adfc35755429906c02daa30,R@100,1.0
5adfc50355429942ec259b43,nDCG@10,0.6131471927654584
5adfc50355429942ec259b43,R@100,0.5
5adfc77b554299603e4183ab,nDCG@10,1.0
5adfc77b554299603e4183ab,R@100,1.0
5adfc8cf554299603e4183ad,nDCG@10,1.0
5adfc8cf554299603e4183ad,R@100,1.0
5adfc8f45542992d7e9f93d0,nDCG@10,0.6934264036172708
5adfc8f45542992d7e9f93d0,R@100,1.0
5adfc97255429906c02daa41,nDCG@10,0.6131471927654584
5adfc97255429906c02daa41,R@100,0.5
5adfc9a555429906c02daa42,nDCG@10,1.0
5adfc9a555429906c02daa42,R@100,1.0
5adfcb5455429906c02daa48,nDCG@10,0.6131471927654584
5adfcb5455429906c02daa48,R@100,0.5
5adfcc625542992d7e9f93d3,nDCG@10,0.6131471927654584
5adfcc625542992d7e9f93d3,R@100,1.0
5adfd01f55429925eb1afa9f,nDCG@10,0.6131471927654584
5adfd01f55429925eb1afa9f,R@100,0.5
5adfd0d455429942ec259b4d,nDCG@10,0.0
5adfd0d455429942ec259b4d,R@100,0.5
5adfd0d655429942ec259b4e,nDCG@10,0.6131471927654584
5adfd0d655429942ec259b4e,R@100,0.5
5adfd22255429906c02daa4f,nDCG@10,0.38685280723454163
5adfd22255429906c02daa4f,R@100,1.0
5adfd2f255429925eb1afaa5,nDCG@10,0.6131471927654584
5adfd2f255429925eb1afaa5,R@100,1.0
5adfd30c55429906c02daa53,nDCG@10,1.0
5adfd30c55429906c02daa53,R@100,1.0
5adfd42555429942ec259b52,nDCG@10,0.38685280723454163
5adfd42555429942ec259b52,R@100,0.5
5adfd56655429925eb1afaac,nDCG@10,0.6131471927654584
5adfd56655429925eb1afaac,R@100,0.5
5adfda5255429942ec259b5e,nDCG@10,0.6131471927654584
5adfda5255429942ec259b5e,R@100,0.5
5adfda9655429925eb1afac0,nDCG@10,0.3065735963827292
5adfda9655429925eb1afac0,R@100,1.0
5adfdc7d55429942ec259b64,nDCG@10,0.6131471927654584
5adfdc7d55429942ec259b64,R@100,1.0
5adfdd1c55429906c02daa74,nDCG@10,0.6131471927654584
5adfdd1c55429906c02daa74,R@100,1.0
5adfde09554299025d62a369,nDCG@10,0.6131471927654584
5adfde09554299025d62a369,R@100,1.0
5adfdef9554299025d62a36b,nDCG@10,0.3065735963827292
5adfdef9554299025d62a36b,R@100,0.5
5adfe0de55429925eb1afae9,nDCG@10,1.0
5adfe0de55429925eb1afae9,R@100,1.0
5adfe37c554299025d62a377,nDCG@10,1.0
5adfe37c554299025d62a377,R@100,1.0
5adfe6c455429906c02daa85,nDCG@10,0.6131471927654584
5adfe6c455429906c02daa85,R@100,0.5
5adfeab455429942ec259b86,nDCG@10,0.6131471927654584
5adfeab455429942ec259b86,R@100,0.5
5adfeb0555429942ec259b88,nDCG@10,0.6131471927654584
5adfeb0555429942ec259b88,R@100,0.5
5adfec5f55429942ec259b8d,nDCG@10,0.6131471927654584
5adfec5f55429942ec259b8d,R@100,1.0
5adfecd755429942ec259b90,nDCG@10,0.6131471927654584
5adfecd755429942ec259b90,R@100,0.5
5adfecf0554299603e4183c3,nDCG@10,1.0
5adfecf0554299603e4183c3,R@100,1.0
5adfed45554299603e4183c5,nDCG@10,0.45749452618986164
5adfed45554299603e4183c5,R@100,1.0
5adfed5e55429942ec259b92,nDCG@10,0.6131471927654584
5adfed5e55429942ec259b92,R@100,0.5
5adfee9c55429906c02daa8a,nDCG@10,1.0
5adfee9c55429906c02daa8a,R@100,1.0
5adfeeed55429925eb1afb44,nDCG@10,0.6131471927654584
5adfeeed55429925eb1afb44,R@100,0.5
5adfef32554299603e4183ca,nDCG@10,0.6934264036172708
5adfef32554299603e4183ca,R@100,1.0
5adff056554299603e4183cc,nDCG@10,0.8175295903539445
5adff056554299603e4183cc,R@100,1.0
5adff1a255429925eb1afb5e,nDCG@10,0.6131471927654584
5adff1a255429925eb1afb5e,R@100,1.0
5adff2aa554299603e4183d0,nDCG@10,0.8175295903539445
5adff2aa554299603e4183d0,R@100,1.0
5adff34555429942ec259baa,nDCG@10,0.38685280723454163
5adff34555429942ec259baa,R@100,0.5
5adff45c55429925eb1afb8c,nDCG@10,0.6131471927654584
5adff45c55429925eb1afb8c,R@100,0.5
5adff4a555429925eb1afb91,nDCG@10,0.6509209298071326
5adff4a555429925eb1afb91,R@100,1.0
5adffb4655429925eb1afbbf,nDCG@10,0.6131471927654584
5adffb4655429925eb1afbbf,R@100,0.5
5adffc8d55429925eb1afbc6,nDCG@10,0.9197207891481876
5adffc8d55429925eb1afbc6,R@100,1.0
5adffd4755429906c02daa9b,nDCG@10,0.6131471927654584
5adffd4755429906c02daa9b,R@100,0.5
5adffe7155429906c02daa9e,nDCG@10,0.6131471927654584
5adffe7155429906c02daa9e,R@100,0.5
5adfff0755429925eb1afbce,nDCG@10,0.6131471927654584
5adfff0755429925eb1afbce,R@100,0.5
5adfffe755429925eb1afbd1,nDCG@10,0.6131471927654584
5adfffe755429925eb1afbd1,R@100,0.5
5ae0006755429925eb1afbd3,nDCG@10,0.6131471927654584
5ae0006755429925eb1afbd3,R@100,0.5
5ae002ec55429925eb1afbdc,nDCG@10,0.6131471927654584
5ae002ec55429925eb1afbdc,R@100,0.5
5ae0036a55429942ec259bdf,nDCG@10,0.3065735963827292
5ae0036a55429942ec259bdf,R@100,1.0
5ae0038655429925eb1afbe0,nDCG@10,1.0
5ae0038655429925eb1afbe0,R@100,1.0
5ae0039555429942ec259be1,nDCG@10,0.8315546295836225
5ae0039555429942ec259be1,R@100,1.0
5ae005b555429942ec259bec,nDCG@10,0.6131471927654584
5ae005b555429942ec259bec,R@100,0.5
5ae00895554299025d62a3b2,nDCG@10,1.0
5ae00895554299025d62a3b2,R@100,1.0
5ae00a27554299025d62a3bb,nDCG@10,0.0
5ae00a27554299025d62a3bb,R@100,1.0
5ae00b9f554299025d62a3c3,nDCG@10,0.8315546295836225
5ae00b9f554299025d62a3c3,R@100,1.0
5ae00de055429906c02daab5,nDCG@10,0.6131471927654584
5ae00de055429906c02daab5,R@100,0.5
5ae0111e55429906c02daabc,nDCG@10,0.6131471927654584
5ae0111e55429906c02daabc,R@100,0.5
5ae0120155429925eb1afbfb,nDCG@10,0.6131471927654584
5ae0120155429925eb1afbfb,R@100,0.5
5ae0132d55429925eb1afc00,nDCG@10,0.6131471927654584
5ae0132d55429925eb1afc00,R@100,0.5
5ae0156455429942ec259c15,nDCG@10,1.0
5ae0156455429942ec259c15,R@100,1.0
5ae0159855429925eb1afc09,nDCG@10,0.6131471927654584
5ae0159855429925eb1afc09,R@100,0.5
5ae0198455429942ec259c1e,nDCG@10,0.9197207891481876
5ae0198455429942ec259c1e,R@100,1.0
5ae01b8855429925eb1afc14,nDCG@10,0.7977228895450266
5ae01b8855429925eb1afc14,R@100,1.0
5ae01fcf554299025d62a411,nDCG@10,0.0
5ae01fcf554299025d62a411,R@100,0.5
5ae020f5554299025d62a41b,nDCG@10,0.6131471927654584
5ae020f5554299025d62a41b,R@100,1.0
5ae022ab554299025d62a428,nDCG@10,0.6131471927654584
5ae022ab554299025d62a428,R@100,1.0
5ae0247955429925eb1afc22,nDCG@10,0.6131471927654584
5ae0247955429925eb1afc22,R@100,0.5
5ae02b6c55429924de1b7044,nDCG@10,0.6131471927654584
5ae02b6c55429924de1b7044,R@100,1.0
5ae031c455429924de1b7055,nDCG@10,0.6131471927654584
5ae031c455429924de1b7055,R@100,0.5
5ae0335655429925eb1afc28,nDCG@10,0.8315546295836225
5ae0335655429925eb1afc28,R@100,1.0
5ae0345855429924de1b705f,nDCG@10,0.19342640361727081
5ae0345855429924de1b705f,R@100,0.5
5ae034bd55429925eb1afc2a,nDCG@10,0.8772153153380493
5ae034bd55429925eb1afc2a,R@100,1.0
5ae0361155429925eb1afc2c,nDCG@10,0.20438239758848611
5ae0361155429925eb1afc2c,R@100,0.5
5ae0380955429925eb1afc2e,nDCG@10,0.9197207891481876
5ae0380955429925eb1afc2e,R@100,1.0
5ae038e955429942ec259c4d,nDCG@10,0.6131471927654584
5ae038e955429942ec259c4d,R@100,0.5
5ae03cd855429924de1b7072,nDCG@10,0.3065735963827292
5ae03cd855429924de1b7072,R@100,1.0
5ae0413555429942ec259c61,nDCG@10,1.0
5ae0413555429942ec259c61,R@100,1.0
5ae0432a55429924de1b7081,nDCG@10,0.6131471927654584
5ae0432a55429924de1b7081,R@100,1.0
5ae048a255429924de1b708e,nDCG@10,0.6131471927654584
5ae048a255429924de1b708e,R@100,1.0
5ae04a2755429924de1b7091,nDCG@10,0.5640920940185894
5ae04a2755429924de1b7091,R@100,1.0
5ae04ea555429924de1b709e,nDCG@10,0.6131471927654584
5ae04ea555429924de1b709e,R@100,0.5
5ae0504055429942ec259c6a,nDCG@10,0.8772153153380493
5ae0504055429942ec259c6a,R@100,1.0
5ae0536755429924de1b70a6,nDCG@10,0.0
5ae0536755429924de1b70a6,R@100,0.5
5ae056c755429945ae959319,nDCG@10,0.38685280723454163
5ae056c755429945ae959319,R@100,0.5
5ae0575755429945ae95931f,nDCG@10,0.0
5ae0575755429945ae95931f,R@100,0.0
5ae057fd55429945ae959328,nDCG@10,0.0
5ae057fd55429945ae959328,R@100,0.0
5ae058e855429945ae959331,nDCG@10,1.0
5ae058e855429945ae959331,R@100,1.0
5ae0593855429945ae959333,nDCG@10,0.6131471927654584
5ae0593855429945ae959333,R@100,0.5
5ae05c9f55429945ae959348,nDCG@10,0.6131471927654584
5ae05c9f55429945ae959348,R@100,0.5
5ae0613d5542993d6555eb22,nDCG@10,0.7903864795495061
5ae0613d5542993d6555eb22,R@100,1.0
5ae0616255429924de1b70ca,nDCG@10,0.6131471927654584
5ae0616255429924de1b70ca,R@100,1.0
5ae063085542993d6555eb37,nDCG@10,0.6131471927654584
5ae063085542993d6555eb37,R@100,0.5
5ae064605542993d6555eb44,nDCG@10,0.6131471927654584
5ae064605542993d6555eb44,R@100,1.0
5ae064985542993d6555eb47,nDCG@10,0.6131471927654584
5ae064985542993d6555eb47,R@100,0.5
5ae06ee755429945ae959352,nDCG@10,0.6131471927654584
5ae06ee755429945ae959352,R@100,0.5
5ae074aa5542993d6555eb54,nDCG@10,1.0
5ae074aa5542993d6555eb54,R@100,1.0
5ae075455542993d6555eb59,nDCG@10,1.0
5ae075455542993d6555eb59,R@100,1.0
5ae077735542993d6555eb6d,nDCG@10,1.0
5ae077735542993d6555eb6d,R@100,1.0
5ae077805542993d6555eb6e,nDCG@10,1.0
5ae077805542993d6555eb6e,R@100,1.0
5ae07b0155429945ae95935d,nDCG@10,0.9197207891481876
5ae07b0155429945ae95935d,R@100,1.0
5ae07c6255429924de1b70d6,nDCG@10,1.0
5ae07c6255429924de1b70d6,R@100,1.0
5ae07db855429945ae95937a,nDCG@10,1.0
5ae07db855429945ae95937a,R@100,1.0
5ae07ddb55429945ae95937b,nDCG@10,0.9197207891481876
5ae07ddb55429945ae95937b,R@100,1.0
5ae07e5b55429945ae959381,nDCG@10,1.0
5ae07e5b55429945ae959381,R@100,1.0
5ae0800055429924de1b70db,nDCG@10,0.6131471927654584
5ae0800055429924de1b70db,R@100,0.5
5ae0818e55429924de1b70e9,nDCG@10,0.6131471927654584
5ae0818e55429924de1b70e9,R@100,1.0
5ae0819155429924de1b70ea,nDCG@10,0.6240505200038379
5ae0819155429924de1b70ea,R@100,1.0
5ae083b75542993d6555eb85,nDCG@10,0.0
5ae083b75542993d6555eb85,R@100,0.0
5ae083e855429924de1b70fb,nDCG@10,0.7977228895450266
5ae083e855429924de1b70fb,R@100,1.0
5ae0847455429945ae959394,nDCG@10,0.7977228895450266
5ae0847455429945ae959394,R@100,1.0
5ae0850055429945ae959396,nDCG@10,0.38685280723454163
5ae0850055429945ae959396,R@100,0.5
5ae086d35542993d6555eb97,nDCG@10,0.6131471927654584
5ae086d35542993d6555eb97,R@100,0.5
5ae088525542993d6555eba1,nDCG@10,0.2640681225725909
5ae088525542993d6555eba1,R@100,0.5
5ae08a0455429924de1b70fc,nDCG@10,0.6131471927654584
5ae08a0455429924de1b70fc,R@100,0.5
5ae08dad55429945ae9593b9,nDCG@10,1.0
5ae08dad55429945ae9593b9,R@100,1.0
5ae0945d55429906c02daadd,nDCG@10,0.8772153153380493
5ae0945d55429906c02daadd,R@100,1.0
5ae095f055429924de1b7103,nDCG@10,0.38685280723454163
5ae095f055429924de1b7103,R@100,1.0
5ae0968955429924de1b7105,nDCG@10,1.0
5ae0968955429924de1b7105,R@100,1.0
5ae096d755429906c02daadf,nDCG@10,0.6131471927654584
5ae096d755429906c02daadf,R@100,0.5
5ae09a6b55429924de1b710d,nDCG@10,1.0
5ae09a6b55429924de1b710d,R@100,1.0
5ae09b7055429906c02daae4,nDCG@10,0.0
5ae09b7055429906c02daae4,R@100,0.5
5ae09ce855429924de1b7113,nDCG@10,0.0
5ae09ce855429924de1b7113,R@100,0.0
5ae09d6155429945ae9593d4,nDCG@10,0.9197207891481876
5ae09d6155429945ae9593d4,R@100,1.0
5ae09ea05542993d6555ebc1,nDCG@10,0.0
5ae09ea05542993d6555ebc1,R@100,0.0
5ae09ec055429924de1b7116,nDCG@10,0.6131471927654584
5ae09ec055429924de1b7116,R@100,1.0
5ae0a09a5542993d6555ebc9,nDCG@10,0.8175295903539445
5ae0a09a5542993d6555ebc9,R@100,1.0
5ae0a2c75542993d6555ebcf,nDCG@10,0.5437713091520254
5ae0a2c75542993d6555ebcf,R@100,1.0
5ae0a48155429945ae9593df,nDCG@10,0.6131471927654584
5ae0a48155429945ae9593df,R@100,0.5
5ae0a54e5542993d6555ebdd,nDCG@10,0.48247555939075504
5ae0a54e5542993d6555ebdd,R@100,1.0
5ae0a5825542993d6555ebdf,nDCG@10,0.2640681225725909
5ae0a5825542993d6555ebdf,R@100,1.0
5ae0a59a55429945ae9593e2,nDCG@10,0.23719771276929622
5ae0a59a55429945ae9593e2,R@100,0.5
5ae0a6ea5542993d6555ebe9,nDCG@10,0.6131471927654584
5ae0a6ea5542993d6555ebe9,R@100,0.5
5ae0a74e554299603e41842f,nDCG@10,0.6131471927654584
5ae0a74e554299603e41842f,R@100,1.0
5ae0aabc55429945ae9593fe,nDCG@10,0.8503449055347546
5ae0aabc55429945ae9593fe,R@100,1.0
5ae0aaf35542993d6555ec02,nDCG@10,0.38685280723454163
5ae0aaf35542993d6555ec02,R@100,1.0
5ae0aaf455429945ae959401,nDCG@10,0.20438239758848611
5ae0aaf455429945ae959401,R@100,0.5
5ae0ab7755429945ae959407,nDCG@10,0.6131471927654584
5ae0ab7755429945ae959407,R@100,1.0
5ae0ac1c5542993d6555ec07,nDCG@10,0.8175295903539445
5ae0ac1c5542993d6555ec07,R@100,1.0
5ae0ae4555429945ae959419,nDCG@10,0.6131471927654584
5ae0ae4555429945ae959419,R@100,1.0
5ae0aefe554299603e418437,nDCG@10,0.8065735963827293
5ae0aefe554299603e418437,R@100,1.0
5ae0af5555429945ae95941e,nDCG@10,1.0
5ae0af5555429945ae95941e,R@100,1.0
5ae0b0ab55429945ae959423,nDCG@10,0.7977228895450266
5ae0b0ab55429945ae959423,R@100,1.0
5ae0b0af55429945ae959424,nDCG@10,1.0
5ae0b0af55429945ae959424,R@100,1.0
5ae0b2f25542993d6555ec1c,nDCG@10,0.0
5ae0b2f25542993d6555ec1c,R@100,0.5
5ae0b4c15542993d6555ec21,nDCG@10,0.2640681225725909
5ae0b4c15542993d6555ec21,R@100,0.5
5ae0b60655429945ae959437,nDCG@10,0.8315546295836225
5ae0b60655429945ae959437,R@100,1.0
5ae0b68e55429906c02daafb,nDCG@10,0.38685280723454163
5ae0b68e55429906c02daafb,R@100,0.5
5ae0b7cf554299603e418446,nDCG@10,1.0
5ae0b7cf554299603e418446,R@100,1.0
5ae0b82855429906c02daaff,nDCG@10,0.5012658353418871
5ae0b82855429906c02daaff,R@100,1.0
5ae0b8bb55429924de1b7145,nDCG@10,0.6131471927654584
5ae0b8bb55429924de1b7145,R@100,0.5
5ae0b9b155429924de1b7152,nDCG@10,1.0
5ae0b9b155429924de1b7152,R@100,1.0
5ae0ba1155429924de1b7156,nDCG@10,0.6131471927654584
5ae0ba1155429924de1b7156,R@100,0.5
5ae0ba15554299603e41844d,nDCG@10,0.6131471927654584
5ae0ba15554299603e41844d,R@100,1.0
5ae0ba9055429924de1b715c,nDCG@10,0.6131471927654584
5ae0ba9055429924de1b715c,R@100,0.5
5ae0bae555429906c02dab08,nDCG@10,0.6131471927654584
5ae0bae555429906c02dab08,R@100,0.5
5ae0bb2c5542993d6555ec27,nDCG@10,0.0
5ae0bb2c5542993d6555ec27,R@100,0.0
5ae0bc185542993d6555ec29,nDCG@10,0.6131471927654584
5ae0bc185542993d6555ec29,R@100,0.5
5ae0bf3a55429906c02dab21,nDCG@10,0.8503449055347546
5ae0bf3a55429906c02dab21,R@100,1.0
5ae0c1be5542993d6555ec42,nDCG@10,0.2640681225725909
5ae0c1be5542993d6555ec42,R@100,0.5
5ae0c29c5542993d6555ec46,nDCG@10,0.6131471927654584
5ae0c29c5542993d6555ec46,R@100,0.5
5ae0c7b055429945ae95944b,nDCG@10,0.6131471927654584
5ae0c7b055429945ae95944b,R@100,0.5
5ae0c7e755429945ae95944c,nDCG@10,0.6131471927654584
5ae0c7e755429945ae95944c,R@100,0.5
5ae0c9dd5542993d6555ec69,nDCG@10,1.0
5ae0c9dd5542993d6555ec69,R@100,1.0
5ae0cddc55429945ae959459,nDCG@10,0.9197207891481876
5ae0cddc55429945ae959459,R@100,1.0
5ae0ce4e554299603e41845f,nDCG@10,1.0
5ae0ce4e554299603e41845f,R@100,1.0
5ae0cf8355429945ae959464,nDCG@10,0.21840743681816419
5ae0cf8355429945ae959464,R@100,1.0
5ae0d3da5542990adbacf66d,nDCG@10,0.8175295903539445
5ae0d3da5542990adbacf66d,R@100,1.0
5ae0d4c9554299603e418468,nDCG@10,0.6131471927654584
5ae0d4c9554299603e418468,R@100,0.5
5ae0d52e554299603e418469,nDCG@10,0.8175295903539445
5ae0d52e554299603e418469,R@100,1.0
5ae0d5335542990adbacf674,nDCG@10,0.6131471927654584
5ae0d5335542990adbacf674,R@100,1.0
5ae0d7315542990adbacf678,nDCG@10,0.9197207891481876
5ae0d7315542990adbacf678,R@100,1.0
5ae0d7bf5542990adbacf67b,nDCG@10,0.0
5ae0d7bf5542990adbacf67b,R@100,0.5
5ae0d85d5542990adbacf67e,nDCG@10,0.6131471927654584
5ae0d85d5542990adbacf67e,R@100,0.5
5ae0d9c555429924de1b719a,nDCG@10,0.8315546295836225
5ae0d9c555429924de1b719a,R@100,1.0
5ae0db8955429924de1b71a1,nDCG@10,1.0
5ae0db8955429924de1b71a1,R@100,1.0
5ae0de1455429924de1b71b4,nDCG@10,1.0
5ae0de1455429924de1b71b4,R@100,1.0
5ae0e0125542993d6555ec79,nDCG@10,0.9197207891481876
5ae0e0125542993d6555ec79,R@100,1.0
5ae0e183554299422ee9953f,nDCG@10,1.0
5ae0e183554299422ee9953f,R@100,1.0
5ae0e5655542990adbacf6b8,nDCG@10,1.0
5ae0e5655542990adbacf6b8,R@100,1.0
5ae0e8c35542997b2ef7d064,nDCG@10,0.8175295903539445
5ae0e8c35542997b2ef7d064,R@100,1.0
5ae0ead25542990adbacf6c8,nDCG@10,1.0
5ae0ead25542990adbacf6c8,R@100,1.0
5ae0ec48554299422ee9955a,nDCG@10,1.0
5ae0ec48554299422ee9955a,R@100,1.0
5ae0ee2c5542993d6555eca3,nDCG@10,0.8772153153380493
5ae0ee2c5542993d6555eca3,R@100,1.0
5ae0f2bf5542997b2ef7d09e,nDCG@10,0.6131471927654584
5ae0f2bf5542997b2ef7d09e,R@100,0.5
5ae0f3b955429920d523424e,nDCG@10,0.3065735963827292
5ae0f3b955429920d523424e,R@100,0.5
5ae0f4645542997b2ef7d0aa,nDCG@10,0.6131471927654584
5ae0f4645542997b2ef7d0aa,R@100,1.0
5ae0f5fc554299422ee9957c,nDCG@10,1.0
5ae0f5fc554299422ee9957c,R@100,1.0
5ae0f6f5554299422ee99583,nDCG@10,1.0
5ae0f6f5554299422ee99583,R@100,1.0
5ae0f73d55429920d5234252,nDCG@10,0.6131471927654584
5ae0f73d55429920d5234252,R@100,0.5
5ae0f8a05542997b2ef7d0bc,nDCG@10,1.0
5ae0f8a05542997b2ef7d0bc,R@100,1.0
5ae0f97a5542997b2ef7d0c1,nDCG@10,0.20438239758848611
5ae0f97a5542997b2ef7d0c1,R@100,1.0
5ae0fb8855429920d523425b,nDCG@10,0.6131471927654584
5ae0fb8855429920d523425b,R@100,0.5
5ae0fd9655429920d5234264,nDCG@10,0.6131471927654584
5ae0fd9655429920d5234264,R@100,1.0
5ae0fe4e554299422ee995a9,nDCG@10,0.6131471927654584
5ae0fe4e554299422ee995a9,R@100,1.0
5ae0fe8855429945ae959495,nDCG@10,1.0
5ae0fe8855429945ae959495,R@100,1.0
5ae0ff95554299422ee995b0,nDCG@10,0.8503449055347546
5ae0ff95554299422ee995b0,R@100,1.0
5ae1054055429920d5234284,nDCG@10,0.46845052016107697
5ae1054055429920d5234284,R@100,1.0
5ae10572554299422ee995cd,nDCG@10,0.6131471927654584
5ae10572554299422ee995cd,R@100,0.5
5ae1091055429920d523429b,nDCG@10,1.0
5ae1091055429920d523429b,R@100,1.0
5ae10a5b55429920d52342a0,nDCG@10,0.6131471927654584
5ae10a5b55429920d52342a0,R@100,0.5
5ae10df355429920d52342ac,nDCG@10,0.3065735963827292
5ae10df355429920d52342ac,R@100,0.5
5ae113de55429901ffe4ad51,nDCG@10,0.6131471927654584
5ae113de55429901ffe4ad51,R@100,0.5
5ae114f155429901ffe4ad5c,nDCG@10,0.9197207891481876
5ae114f155429901ffe4ad5c,R@100,1.0
5ae11bc455429901ffe4ad94,nDCG@10,0.6131471927654584
5ae11bc455429901ffe4ad94,R@100,1.0
5ae121315542997b2ef7d0ee,nDCG@10,0.38685280723454163
5ae121315542997b2ef7d0ee,R@100,1.0
5ae122465542997b2ef7d0f4,nDCG@10,0.6131471927654584
5ae122465542997b2ef7d0f4,R@100,1.0
5ae123875542997b2ef7d0fa,nDCG@10,0.6131471927654584
5ae123875542997b2ef7d0fa,R@100,1.0
5ae127ba55429920d52342d3,nDCG@10,0.6131471927654584
5ae127ba55429920d52342d3,R@100,1.0
5ae127c9554299422ee99612,nDCG@10,0.6131471927654584
5ae127c9554299422ee99612,R@100,0.5
5ae129115542990adbacf722,nDCG@10,1.0
5ae129115542990adbacf722,R@100,1.0
5ae12a4b55429920d52342df,nDCG@10,0.6131471927654584
5ae12a4b55429920d52342df,R@100,0.5
5ae12aa6554299422ee99617,nDCG@10,1.0
5ae12aa6554299422ee99617,R@100,1.0
5ae12b6755429920d52342e4,nDCG@10,0.6131471927654584
5ae12b6755429920d52342e4,R@100,1.0
5ae12bcc5542997b2ef7d11a,nDCG@10,0.18457569677956817
5ae12bcc5542997b2ef7d11a,R@100,0.5
5ae12d5355429920d52342eb,nDCG@10,0.6131471927654584
5ae12d5355429920d52342eb,R@100,0.5
5ae12f105542997b2ef7d11e,nDCG@10,0.6131471927654584
5ae12f105542997b2ef7d11e,R@100,0.5
5ae12f16554299422ee9961f,nDCG@10,0.6131471927654584
5ae12f16554299422ee9961f,R@100,0.5
5ae12fcf5542990adbacf72c,nDCG@10,0.8772153153380493
5ae12fcf5542990adbacf72c,R@100,1.0
5ae1305b55429901ffe4add6,nDCG@10,0.6131471927654584
5ae1305b55429901ffe4add6,R@100,0.5
5ae1316555429901ffe4adda,nDCG@10,0.0
5ae1316555429901ffe4adda,R@100,0.5
5ae1319c55429920d5234301,nDCG@10,0.9197207891481876
5ae1319c55429920d5234301,R@100,1.0
5ae1338d55429901ffe4ade1,nDCG@10,0.6131471927654584
5ae1338d55429901ffe4ade1,R@100,1.0
5ae135fb55429920d523431f,nDCG@10,0.9197207891481876
5ae135fb55429920d523431f,R@100,1.0
5ae136375542997b2ef7d12f,nDCG@10,0.38685280723454163
5ae136375542997b2ef7d12f,R@100,0.5
5ae1367055429901ffe4adf3,nDCG@10,0.7903864795495061
5ae1367055429901ffe4adf3,R@100,1.0
5ae1384355429920d5234329,nDCG@10,0.9197207891481876
5ae1384355429920d5234329,R@100,1.0
5ae1388e5542997b2ef7d13a,nDCG@10,1.0
5ae1388e5542997b2ef7d13a,R@100,1.0
5ae1389655429901ffe4ae05,nDCG@10,1.0
5ae1389655429901ffe4ae05,R@100,1.0
5ae138d855429920d523432d,nDCG@10,0.6131471927654584
5ae138d855429920d523432d,R@100,0.5
5ae13b085542997b2ef7d146,nDCG@10,0.6131471927654584
5ae13b085542997b2ef7d146,R@100,0.5
5ae13bca55429901ffe4ae17,nDCG@10,0.6131471927654584
5ae13bca55429901ffe4ae17,R@100,0.5
5ae13bf1554299422ee99634,nDCG@10,0.6131471927654584
5ae13bf1554299422ee99634,R@100,0.5
5ae13c5155429920d5234336,nDCG@10,0.6131471927654584
5ae13c5155429920d5234336,R@100,0.5
5ae13e205542997b2ef7d157,nDCG@10,0.6131471927654584
5ae13e205542997b2ef7d157,R@100,1.0
5ae13f3c5542997b2ef7d168,nDCG@10,0.6131471927654584
5ae13f3c5542997b2ef7d168,R@100,1.0
5ae1408a55429901ffe4ae2a,nDCG@10,0.8772153153380493
5ae1408a55429901ffe4ae2a,R@100,1.0
5ae1408a5542997b2ef7d17c,nDCG@10,0.6131471927654584
5ae1408a5542997b2ef7d17c,R@100,0.5
5ae140f95542997b2ef7d182,nDCG@10,0.5640920940185894
5ae140f95542997b2ef7d182,R@100,1.0
5ae1412a55429920d523434c,nDCG@10,0.9197207891481876
5ae1412a55429920d523434c,R@100,1.0
5ae141475542997b2ef7d185,nDCG@10,0.6131471927654584
5ae141475542997b2ef7d185,R@100,0.5
5ae141a65542997b2ef7d18a,nDCG@10,0.6131471927654584
5ae141a65542997b2ef7d18a,R@100,0.5
5ae142c455429920d5234355,nDCG@10,0.0
5ae142c455429920d5234355,R@100,0.5
5ae1436e55429901ffe4ae31,nDCG@10,0.6131471927654584
5ae1436e55429901ffe4ae31,R@100,1.0
5ae143ed55429920d5234360,nDCG@10,0.6131471927654584
5ae143ed55429920d5234360,R@100,0.5
5ae1443855429920d5234362,nDCG@10,0.8315546295836225
5ae1443855429920d5234362,R@100,1.0
5ae1452c554299422ee99654,nDCG@10,0.6131471927654584
5ae1452c554299422ee99654,R@100,0.5
5ae1465855429920d5234373,nDCG@10,0.6131471927654584
5ae1465855429920d5234373,R@100,0.5
5ae1467a554299422ee99659,nDCG@10,0.6131471927654584
5ae1467a554299422ee99659,R@100,0.5
5ae14b0655429920d52343a6,nDCG@10,0.6131471927654584
5ae14b0655429920d52343a6,R@100,0.5
5ae14b5c55429920d52343aa,nDCG@10,1.0
5ae14b5c55429920d52343aa,R@100,1.0
5ae14cf05542990adbacf742,nDCG@10,0.6131471927654584
5ae14cf05542990adbacf742,R@100,0.5
5ae14def55429901ffe4ae4a,nDCG@10,0.6934264036172708
5ae14def55429901ffe4ae4a,R@100,1.0
5ae1500655429920d52343cc,nDCG@10,1.0
5ae1500655429920d52343cc,R@100,1.0
5ae150ab55429901ffe4ae53,nDCG@10,0.8175295903539445
5ae150ab55429901ffe4ae53,R@100,1.0
5ae151985542990adbacf74d,nDCG@10,0.3065735963827292
5ae151985542990adbacf74d,R@100,1.0
5ae152a65542990adbacf74f,nDCG@10,1.0
5ae152a65542990adbacf74f,R@100,1.0
5ae153915542990adbacf752,nDCG@10,0.2640681225725909
5ae153915542990adbacf752,R@100,0.5
5ae1568a55429901ffe4ae6b,nDCG@10,0.6131471927654584
5ae1568a55429901ffe4ae6b,R@100,1.0
5ae157ed5542990adbacf75d,nDCG@10,0.38685280723454163
5ae157ed5542990adbacf75d,R@100,1.0
5ae1599155429901ffe4ae7b,nDCG@10,0.5706417189553201
5ae1599155429901ffe4ae7b,R@100,1.0
5ae15ae25542990adbacf767,nDCG@10,0.8503449055347546
5ae15ae25542990adbacf767,R@100,1.0
5ae15d70554299422ee9966f,nDCG@10,0.6131471927654584
5ae15d70554299422ee9966f,R@100,0.5
5ae15e125542990adbacf773,nDCG@10,1.0
5ae15e125542990adbacf773,R@100,1.0
5ae163b3554299422ee99678,nDCG@10,0.3065735963827292
5ae163b3554299422ee99678,R@100,0.5
5ae164685542997b2ef7d1cb,nDCG@10,0.0
5ae164685542997b2ef7d1cb,R@100,0.5
5ae164cf5542997b2ef7d1cd,nDCG@10,0.6131471927654584
5ae164cf5542997b2ef7d1cd,R@100,1.0
5ae165aa5542997b2ef7d1d1,nDCG@10,1.0
5ae165aa5542997b2ef7d1d1,R@100,1.0
5ae1681b554299422ee9967c,nDCG@10,0.0
5ae1681b554299422ee9967c,R@100,0.0
5ae16b925542997b2ef7d1e7,nDCG@10,0.8503449055347546
5ae16b925542997b2ef7d1e7,R@100,1.0
5ae16bce5542997b2ef7d1e8,nDCG@10,0.6131471927654584
5ae16bce5542997b2ef7d1e8,R@100,0.5
5ae16d9655429920d52343ce,nDCG@10,0.6131471927654584
5ae16d9655429920d52343ce,R@100,0.5
5ae16ea85542990adbacf790,nDCG@10,1.0
5ae16ea85542990adbacf790,R@100,1.0
5ae172c155429920d52343de,nDCG@10,0.8503449055347546
5ae172c155429920d52343de,R@100,1.0
5ae178a155429901ffe4ae92,nDCG@10,0.8503449055347546
5ae178a155429901ffe4ae92,R@100,1.0
5ae17a9b5542990adbacf7a2,nDCG@10,0.5912352048230277
5ae17a9b5542990adbacf7a2,R@100,1.0
5ae17cd055429901ffe4aea3,nDCG@10,0.8772153153380493
5ae17cd055429901ffe4aea3,R@100,1.0
5ae17d6855429901ffe4aea7,nDCG@10,0.0
5ae17d6855429901ffe4aea7,R@100,0.5
5ae17daa55429901ffe4aea9,nDCG@10,0.38685280723454163
5ae17daa55429901ffe4aea9,R@100,0.5
5ae17e4255429901ffe4aeae,nDCG@10,0.38685280723454163
5ae17e4255429901ffe4aeae,R@100,1.0
5ae17f1e5542990adbacf7a6,nDCG@10,0.0
5ae17f1e5542990adbacf7a6,R@100,0.0
5ae1801955429901ffe4aec4,nDCG@10,0.38685280723454163
5ae1801955429901ffe4aec4,R@100,1.0
5ae180d855429901ffe4aecc,nDCG@10,0.0
5ae180d855429901ffe4aecc,R@100,0.0
5ae1810555429901ffe4aecf,nDCG@10,0.6131471927654584
5ae1810555429901ffe4aecf,R@100,1.0
5ae184185542990adbacf7ac,nDCG@10,0.9197207891481876
5ae184185542990adbacf7ac,R@100,1.0
5ae1847e55429920d52343ee,nDCG@10,0.6131471927654584
5ae1847e55429920d52343ee,R@100,1.0
5ae1892f5542997b2ef7d1f3,nDCG@10,0.38685280723454163
5ae1892f5542997b2ef7d1f3,R@100,1.0
5ae1894f5542997b2ef7d1f4,nDCG@10,0.6131471927654584
5ae1894f5542997b2ef7d1f4,R@100,0.5
5ae18ae6554299234fd04289,nDCG@10,0.2640681225725909
5ae18ae6554299234fd04289,R@100,0.5
5ae18b555542997b2ef7d1f7,nDCG@10,0.0
5ae18b555542997b2ef7d1f7,R@100,0.0
5ae18d615542997283cd2229,nDCG@10,0.38685280723454163
5ae18d615542997283cd2229,R@100,1.0
5ae1925a554299492dc91b48,nDCG@10,0.6131471927654584
5ae1925a554299492dc91b48,R@100,1.0
5ae195bf5542997b2ef7d207,nDCG@10,0.9197207891481876
5ae195bf5542997b2ef7d207,R@100,1.0
5ae198bf5542997b2ef7d20d,nDCG@10,0.9197207891481876
5ae198bf5542997b2ef7d20d,R@100,1.0
5ae199305542997b2ef7d20e,nDCG@10,0.6131471927654584
5ae199305542997b2ef7d20e,R@100,0.5
5ae1a525554299234fd042a9,nDCG@10,0.6131471927654584
5ae1a525554299234fd042a9,R@100,0.5
5ae1a7c8554299234fd042b0,nDCG@10,0.23719771276929622
5ae1a7c8554299234fd042b0,R@100,1.0
5ae1a8c05542997f29b3c0ec,nDCG@10,0.0
5ae1a8c05542997f29b3c0ec,R@100,1.0
5ae1ab2f554299234fd042ba,nDCG@10,0.7903864795495061
5ae1ab2f554299234fd042ba,R@100,1.0
5ae1ab715542997f29b3c0f7,nDCG@10,0.8315546295836225
5ae1ab715542997f29b3c0f7,R@100,1.0
5ae1af14554299234fd042c4,nDCG@10,1.0
5ae1af14554299234fd042c4,R@100,1.0
5ae1afe9554299234fd042c6,nDCG@10,0.6131471927654584
5ae1afe9554299234fd042c6,R@100,0.5
5ae1b01b5542997283cd2237,nDCG@10,0.6131471927654584
5ae1b01b5542997283cd2237,R@100,1.0
5ae1b1445542997283cd223d,nDCG@10,0.6131471927654584
5ae1b1445542997283cd223d,R@100,1.0
5ae1b1aa5542997283cd223f,nDCG@10,0.6131471927654584
5ae1b1aa5542997283cd223f,R@100,0.5
5ae1b2b9554299422ee99684,nDCG@10,0.3065735963827292
5ae1b2b9554299422ee99684,R@100,0.5
5ae1b44c554299234fd042cd,nDCG@10,0.21840743681816419
5ae1b44c554299234fd042cd,R@100,1.0
5ae1b53b5542997283cd2255,nDCG@10,0.6131471927654584
5ae1b53b5542997283cd2255,R@100,1.0
5ae1b8075542997283cd2262,nDCG@10,0.5912352048230277
5ae1b8075542997283cd2262,R@100,1.0
5ae1b943554299492dc91b7f,nDCG@10,0.8315546295836225
5ae1b943554299492dc91b7f,R@100,1.0
5ae1ba55554299234fd042d9,nDCG@10,0.6131471927654584
5ae1ba55554299234fd042d9,R@100,0.5
5ae1bc7b554299234fd042df,nDCG@10,0.6131471927654584
5ae1bc7b554299234fd042df,R@100,0.5
5ae1bf46554299234fd042e6,nDCG@10,1.0
5ae1bf46554299234fd042e6,R@100,1.0
5ae1c214554299234fd042ed,nDCG@10,0.21840743681816419
5ae1c214554299234fd042ed,R@100,0.5
5ae1c2d8554299234fd042ee,nDCG@10,0.6131471927654584
5ae1c2d8554299234fd042ee,R@100,0.5
5ae1c3cd554299492dc91b87,nDCG@10,0.7977228895450266
5ae1c3cd554299492dc91b87,R@100,1.0
5ae1c90e554299234fd042f7,nDCG@10,0.9197207891481876
5ae1c90e554299234fd042f7,R@100,1.0
5ae1cb04554299234fd042fd,nDCG@10,0.0
5ae1cb04554299234fd042fd,R@100,1.0
5ae1ce895542997f29b3c11e,nDCG@10,1.0
5ae1ce895542997f29b3c11e,R@100,1.0
5ae1cf355542997f29b3c126,nDCG@10,1.0
5ae1cf355542997f29b3c126,R@100,1.0
5ae1cf785542997f29b3c12a,nDCG@10,0.6131471927654584
5ae1cf785542997f29b3c12a,R@100,0.5
5ae1d0e8554299234fd0430a,nDCG@10,0.6131471927654584
5ae1d0e8554299234fd0430a,R@100,1.0
5ae1d1995542997283cd226c,nDCG@10,0.6131471927654584
5ae1d1995542997283cd226c,R@100,0.5
5ae1d1a55542997f29b3c138,nDCG@10,1.0
5ae1d1a55542997f29b3c138,R@100,1.0
5ae1d32a554299492dc91b9c,nDCG@10,0.6131471927654584
5ae1d32a554299492dc91b9c,R@100,1.0
5ae1d4e75542997f29b3c143,nDCG@10,0.0
5ae1d4e75542997f29b3c143,R@100,0.0
5ae1d4e8554299234fd04312,nDCG@10,0.6131471927654584
5ae1d4e8554299234fd04312,R@100,0.5
5ae1d52f554299234fd04315,nDCG@10,0.6131471927654584
5ae1d52f554299234fd04315,R@100,0.5
5ae1d5a3554299234fd04319,nDCG@10,0.0
5ae1d5a3554299234fd04319,R@100,0.5
5ae1d656554299234fd04322,nDCG@10,0.8503449055347546
5ae1d656554299234fd04322,R@100,1.0
5ae1da385542997283cd2297,nDCG@10,0.6131471927654584
5ae1da385542997283cd2297,R@100,0.5
5ae1dac85542997283cd229a,nDCG@10,0.6131471927654584
5ae1dac85542997283cd229a,R@100,0.5
5ae1dac95542997283cd229b,nDCG@10,1.0
5ae1dac95542997283cd229b,R@100,1.0
5ae1dadf5542997f29b3c14f,nDCG@10,0.18457569677956817
5ae1dadf5542997f29b3c14f,R@100,0.5
5ae1e11c554299234fd04335,nDCG@10,0.23719771276929622
5ae1e11c554299234fd04335,R@100,1.0
5ae1e1e55542997f29b3c15e,nDCG@10,1.0
5ae1e1e55542997f29b3c15e,R@100,1.0
5ae1e22a5542997f29b3c160,nDCG@10,0.0
5ae1e22a5542997f29b3c160,R@100,1.0
5ae1e2765542997f29b3c162,nDCG@10,0.6131471927654584
5ae1e2765542997f29b3c162,R@100,0.5
5ae1e4095542997283cd22bf,nDCG@10,0.38685280723454163
5ae1e4095542997283cd22bf,R@100,1.0
5ae1e4e2554299492dc91bab,nDCG@10,0.6131471927654584
5ae1e4e2554299492dc91bab,R@100,1.0
5ae1e6d95542997283cd22c3,nDCG@10,0.38685280723454163
5ae1e6d95542997283cd22c3,R@100,0.5
5ae1e80b5542997f29b3c197,nDCG@10,0.6131471927654584
5ae1e80b5542997f29b3c197,R@100,0.5
5ae1e8575542997f29b3c19a,nDCG@10,0.2640681225725909
5ae1e8575542997f29b3c19a,R@100,1.0
5ae1e8ab5542997283cd22ca,nDCG@10,0.38685280723454163
5ae1e8ab5542997283cd22ca,R@100,0.5
5ae1e9635542997f29b3c19e,nDCG@10,0.9197207891481876
5ae1e9635542997f29b3c19e,R@100,1.0
5ae1e9fd5542997f29b3c1a1,nDCG@10,1.0
5ae1e9fd5542997f29b3c1a1,R@100,1.0
5ae1ebf95542997283cd22f2,nDCG@10,0.9197207891481876
5ae1ebf95542997283cd22f2,R@100,1.0
5ae1ee6d5542997283cd22fd,nDCG@10,0.6131471927654584
5ae1ee6d5542997283cd22fd,R@100,1.0
5ae1f079554299234fd04343,nDCG@10,0.6131471927654584
5ae1f079554299234fd04343,R@100,0.5
5ae1f17e554299234fd04349,nDCG@10,0.8175295903539445
5ae1f17e554299234fd04349,R@100,1.0
5ae1f2d4554299234fd04358,nDCG@10,0.0
5ae1f2d4554299234fd04358,R@100,0.5
5ae1f2f3554299234fd0435a,nDCG@10,0.6131471927654584
5ae1f2f3554299234fd0435a,R@100,0.5
5ae1f3df554299234fd04364,nDCG@10,0.0
5ae1f3df554299234fd04364,R@100,0.0
5ae1f48d554299234fd0436b,nDCG@10,0.9197207891481876
5ae1f48d554299234fd0436b,R@100,1.0
5ae1f4cb554299234fd0436d,nDCG@10,0.6131471927654584
5ae1f4cb554299234fd0436d,R@100,0.5
5ae1f528554299234fd04370,nDCG@10,0.6131471927654584
5ae1f528554299234fd04370,R@100,0.5
5ae1f596554299234fd04372,nDCG@10,0.0
5ae1f596554299234fd04372,R@100,0.5
5ae1f5a15542997f29b3c1b5,nDCG@10,0.3706656904013186
5ae1f5a15542997f29b3c1b5,R@100,1.0
5ae1f70c5542997f29b3c1c5,nDCG@10,0.2640681225725909
5ae1f70c5542997f29b3c1c5,R@100,1.0
5ae1f79f5542997283cd2302,nDCG@10,0.6131471927654584
5ae1f79f5542997283cd2302,R@100,0.5
5ae1f8235542997f29b3c1cf,nDCG@10,0.8772153153380493
5ae1f8235542997f29b3c1cf,R@100,1.0
5ae1fa2b5542997f29b3c1df,nDCG@10,1.0
5ae1fa2b5542997f29b3c1df,R@100,1.0
5ae1faf15542997f29b3c1e3,nDCG@10,0.8503449055347546
5ae1faf15542997f29b3c1e3,R@100,1.0
5ae1fb7a554299234fd04383,nDCG@10,0.6131471927654584
5ae1fb7a554299234fd04383,R@100,0.5
5ae1fbf05542997f29b3c1e7,nDCG@10,0.6131471927654584
5ae1fbf05542997f29b3c1e7,R@100,1.0
5ae1fc24554299492dc91bbd,nDCG@10,1.0
5ae1fc24554299492dc91bbd,R@100,1.0
5ae1fced5542997283cd230e,nDCG@10,0.6131471927654584
5ae1fced5542997283cd230e,R@100,1.0
5ae1fd8a5542994d89d5b2ee,nDCG@10,0.6240505200038379
5ae1fd8a5542994d89d5b2ee,R@100,1.0
5ae1fd995542997283cd2313,nDCG@10,0.17723928678404774
5ae1fd995542997283cd2313,R@100,1.0
5ae200655542994d89d5b2f4,nDCG@10,1.0
5ae200655542994d89d5b2f4,R@100,1.0
5ae201465542997f29b3c1f7,nDCG@10,1.0
5ae201465542997f29b3c1f7,R@100,1.0
5ae202f2554299234fd0438d,nDCG@10,0.6131471927654584
5ae202f2554299234fd0438d,R@100,0.5
5ae203d6554299234fd04394,nDCG@10,0.6131471927654584
5ae203d6554299234fd04394,R@100,1.0
5ae20427554299234fd04397,nDCG@10,0.6131471927654584
5ae20427554299234fd04397,R@100,0.5
5ae205fd554299234fd043a9,nDCG@10,0.448643819352159
5ae205fd554299234fd043a9,R@100,1.0
5ae206c45542994d89d5b311,nDCG@10,0.6131471927654584
5ae206c45542994d89d5b311,R@100,1.0
5ae2070a5542994d89d5b313,nDCG@10,0.4911492931622974
5ae2070a5542994d89d5b313,R@100,1.0
5ae2075f5542994d89d5b315,nDCG@10,0.6131471927654584
5ae2075f5542994d89d5b315,R@100,0.5
5ae207a65542994d89d5b317,nDCG@10,1.0
5ae207a65542994d89d5b317,R@100,1.0
5ae2090a5542997f29b3c214,nDCG@10,0.6131471927654584
5ae2090a5542997f29b3c214,R@100,0.5
5ae2098e5542997f29b3c21b,nDCG@10,0.6131471927654584
5ae2098e5542997f29b3c21b,R@100,0.5
5ae20c245542997283cd2367,nDCG@10,0.9197207891481876
5ae20c245542997283cd2367,R@100,1.0
5ae20c465542997283cd236a,nDCG@10,0.38685280723454163
5ae20c465542997283cd236a,R@100,0.5
5ae20cd25542997283cd2376,nDCG@10,0.6131471927654584
5ae20cd25542997283cd2376,R@100,1.0
5ae20e265542994d89d5b325,nDCG@10,0.23719771276929622
5ae20e265542994d89d5b325,R@100,0.5
5ae21154554299495565d9d4,nDCG@10,0.0
5ae21154554299495565d9d4,R@100,1.0
5ae2120c5542997283cd23ac,nDCG@10,0.6131471927654584
5ae2120c5542997283cd23ac,R@100,0.5
5ae2120e5542997283cd23ad,nDCG@10,0.6131471927654584
5ae2120e5542997283cd23ad,R@100,1.0
5ae2125e554299495565d9db,nDCG@10,0.6131471927654584
5ae2125e554299495565d9db,R@100,1.0
5ae212c9554299495565d9de,nDCG@10,0.8315546295836225
5ae212c9554299495565d9de,R@100,1.0
5ae2133e554299495565d9e3,nDCG@10,0.7903864795495061
5ae2133e554299495565d9e3,R@100,1.0
5ae2136d5542997283cd23b6,nDCG@10,1.0
5ae2136d5542997283cd23b6,R@100,1.0
5ae2138c5542997283cd23b7,nDCG@10,1.0
5ae2138c5542997283cd23b7,R@100,1.0
5ae213de5542997283cd23b9,nDCG@10,0.38685280723454163
5ae213de5542997283cd23b9,R@100,1.0
5ae21937554299234fd043d3,nDCG@10,1.0
5ae21937554299234fd043d3,R@100,1.0
5ae2196b554299495565da02,nDCG@10,0.6131471927654584
5ae2196b554299495565da02,R@100,0.5
5ae21ef35542994d89d5b35d,nDCG@10,0.8315546295836225
5ae21ef35542994d89d5b35d,R@100,1.0
5ae222ec5542996483e648ff,nDCG@10,0.19342640361727081
5ae222ec5542996483e648ff,R@100,0.5
5ae224da554299234fd043ee,nDCG@10,1.0
5ae224da554299234fd043ee,R@100,1.0
5ae22670554299234fd043fc,nDCG@10,1.0
5ae22670554299234fd043fc,R@100,1.0
5ae226755542996483e64906,nDCG@10,1.0
5ae226755542996483e64906,R@100,1.0
5ae226bd5542994d89d5b379,nDCG@10,0.17723928678404774
5ae226bd5542994d89d5b379,R@100,0.5
5ae22895554299495565da0c,nDCG@10,0.6131471927654584
5ae22895554299495565da0c,R@100,1.0
5ae2295c554299495565da13,nDCG@10,0.9197207891481876
5ae2295c554299495565da13,R@100,1.0
5ae22a08554299234fd0440b,nDCG@10,0.6131471927654584
5ae22a08554299234fd0440b,R@100,0.5
5ae22b8d554299234fd0440f,nDCG@10,1.0
5ae22b8d554299234fd0440f,R@100,1.0
5ae22eae554299495565da30,nDCG@10,0.46845052016107697
5ae22eae554299495565da30,R@100,1.0
5ae22ede554299234fd0441b,nDCG@10,0.0
5ae22ede554299234fd0441b,R@100,0.5
5ae22f4e5542996483e6492f,nDCG@10,0.6131471927654584
5ae22f4e5542996483e6492f,R@100,1.0
5ae234005542994d89d5b392,nDCG@10,0.6131471927654584
5ae234005542994d89d5b392,R@100,0.5
5ae234385542992decbdcc59,nDCG@10,0.3889580943680543
5ae234385542992decbdcc59,R@100,1.0
5ae234e85542994d89d5b395,nDCG@10,0.6131471927654584
5ae234e85542994d89d5b395,R@100,0.5
5ae236445542992decbdcc69,nDCG@10,0.7977228895450266
5ae236445542992decbdcc69,R@100,1.0
5ae236b2554299495565da3e,nDCG@10,0.6131471927654584
5ae236b2554299495565da3e,R@100,0.5
5ae236da5542994d89d5b397,nDCG@10,0.6131471927654584
5ae236da5542994d89d5b397,R@100,0.5
5ae237ac554299492dc91be1,nDCG@10,0.6131471927654584
5ae237ac554299492dc91be1,R@100,0.5
5ae237cf5542992decbdcc78,nDCG@10,0.19342640361727081
5ae237cf5542992decbdcc78,R@100,1.0
5ae238375542994d89d5b39a,nDCG@10,0.38685280723454163
5ae238375542994d89d5b39a,R@100,0.5
5ae23d945542996483e64939,nDCG@10,0.41183384043543503
5ae23d945542996483e64939,R@100,1.0
5ae241005542994d89d5b3a4,nDCG@10,0.6131471927654584
5ae241005542994d89d5b3a4,R@100,0.5
5ae249925542994d89d5b3c1,nDCG@10,1.0
5ae249925542994d89d5b3c1,R@100,1.0
5ae24abc5542994d89d5b3c3,nDCG@10,0.23719771276929622
5ae24abc5542994d89d5b3c3,R@100,1.0
5ae24b165542996483e64962,nDCG@10,0.23719771276929622
5ae24b165542996483e64962,R@100,0.5
5ae250b45542996483e64977,nDCG@10,0.7903864795495061
5ae250b45542996483e64977,R@100,1.0
5ae254565542992decbdccbb,nDCG@10,0.6131471927654584
5ae254565542992decbdccbb,R@100,0.5
5ae256435542992decbdccc3,nDCG@10,0.0
5ae256435542992decbdccc3,R@100,0.5
5ae256c35542994d89d5b3e9,nDCG@10,1.0
5ae256c35542994d89d5b3e9,R@100,1.0
5ae25c815542992decbdcccc,nDCG@10,0.6131471927654584
5ae25c815542992decbdcccc,R@100,0.5
5ae25d2b554299495565da46,nDCG@10,0.6240505200038379
5ae25d2b554299495565da46,R@100,1.0
5ae25e835542992decbdccd1,nDCG@10,0.6131471927654584
5ae25e835542992decbdccd1,R@100,0.5
5ae25ed15542992decbdccd2,nDCG@10,0.8065735963827293
5ae25ed15542992decbdccd2,R@100,1.0
5ae26197554299495565da51,nDCG@10,0.8772153153380493
5ae26197554299495565da51,R@100,1.0
5ae2661d554299495565da60,nDCG@10,1.0
5ae2661d554299495565da60,R@100,1.0
5ae267a35542992decbdccee,nDCG@10,0.6131471927654584
5ae267a35542992decbdccee,R@100,1.0
5ae268f35542994d89d5b416,nDCG@10,0.6131471927654584
5ae268f35542994d89d5b416,R@100,1.0
5ae26905554299492dc91c17,nDCG@10,1.0
5ae26905554299492dc91c17,R@100,1.0
5ae269955542992decbdccf3,nDCG@10,0.20438239758848611
5ae269955542992decbdccf3,R@100,0.5
5ae26af3554299492dc91c1c,nDCG@10,0.2640681225725909
5ae26af3554299492dc91c1c,R@100,1.0
5ae26b5f5542992decbdccf8,nDCG@10,0.6131471927654584
5ae26b5f5542992decbdccf8,R@100,1.0
5ae26c435542994d89d5b420,nDCG@10,0.6131471927654584
5ae26c435542994d89d5b420,R@100,0.5
5ae26c795542992decbdccfb,nDCG@10,0.0
5ae26c795542992decbdccfb,R@100,0.5
5ae26cb15542994d89d5b421,nDCG@10,0.6131471927654584
5ae26cb15542994d89d5b421,R@100,0.5
5ae26fad554299495565da6f,nDCG@10,1.0
5ae26fad554299495565da6f,R@100,1.0
5ae274dd5542996483e649ad,nDCG@10,0.41183384043543503
5ae274dd5542996483e649ad,R@100,1.0
5ae277575542996483e649b2,nDCG@10,0.6131471927654584
5ae277575542996483e649b2,R@100,1.0
5ae27b535542996483e649b6,nDCG@10,1.0
5ae27b535542996483e649b6,R@100,1.0
5ae27df25542992decbdcd2a,nDCG@10,0.8772153153380493
5ae27df25542992decbdcd2a,R@100,1.0
5ae27e19554299495565da8b,nDCG@10,0.8503449055347546
5ae27e19554299495565da8b,R@100,1.0
5ae27f22554299495565da8d,nDCG@10,0.8503449055347546
5ae27f22554299495565da8d,R@100,1.0
5ae27f555542992decbdcd30,nDCG@10,0.6131471927654584
5ae27f555542992decbdcd30,R@100,0.5
5ae28058554299495565da90,nDCG@10,0.0
5ae28058554299495565da90,R@100,0.0
5ae28b76554299495565daa8,nDCG@10,0.8175295903539445
5ae28b76554299495565daa8,R@100,1.0
5ae28c0a554299495565daaa,nDCG@10,0.6131471927654584
5ae28c0a554299495565daaa,R@100,0.5
5ae28f43554299492dc91c2f,nDCG@10,1.0
5ae28f43554299492dc91c2f,R@100,1.0
5ae291bb5542996483e649f6,nDCG@10,0.38685280723454163
5ae291bb5542996483e649f6,R@100,1.0
5ae2952a5542994d89d5b42b,nDCG@10,0.6131471927654584
5ae2952a5542994d89d5b42b,R@100,0.5
5ae2979a554299495565dade,nDCG@10,1.0
5ae2979a554299495565dade,R@100,1.0
5ae2994d554299492dc91c31,nDCG@10,0.3889580943680543
5ae2994d554299492dc91c31,R@100,1.0
5ae29d8a5542996483e64a0f,nDCG@10,0.19342640361727081
5ae29d8a5542996483e64a0f,R@100,1.0
5ae29d92554299492dc91c36,nDCG@10,0.6131471927654584
5ae29d92554299492dc91c36,R@100,0.5
5ae2a0a1554299495565dae9,nDCG@10,1.0
5ae2a0a1554299495565dae9,R@100,1.0
5ae2a9c6554299492dc91c42,nDCG@10,1.0
5ae2a9c6554299492dc91c42,R@100,1.0
5ae2aa345542996483e64a25,nDCG@10,0.6131471927654584
5ae2aa345542996483e64a25,R@100,0.5
5ae2ad6b5542996483e64a3d,nDCG@10,0.5706417189553201
5ae2ad6b5542996483e64a3d,R@100,1.0
5ae2b770554299495565db0f,nDCG@10,0.6934264036172708
5ae2b770554299495565db0f,R@100,1.0
5ae2b794554299495565db10,nDCG@10,0.0
5ae2b794554299495565db10,R@100,0.5
5ae2b83c5542992decbdcd7f,nDCG@10,0.23719771276929622
5ae2b83c5542992decbdcd7f,R@100,0.5
5ae2bb545542992decbdcd88,nDCG@10,0.6131471927654584
5ae2bb545542992decbdcd88,R@100,0.5
5ae2bba35542992decbdcd89,nDCG@10,0.6131471927654584
5ae2bba35542992decbdcd89,R@100,0.5
5ae2c2c05542996483e64a4a,nDCG@10,0.38685280723454163
5ae2c2c05542996483e64a4a,R@100,0.5
5ae2c416554299492dc91c67,nDCG@10,0.6052602440527057
5ae2c416554299492dc91c67,R@100,1.0
5ae2c4b8554299495565db31,nDCG@10,0.6131471927654584
5ae2c4b8554299495565db31,R@100,0.5
5ae2c4d75542991a06ce98d0,nDCG@10,0.38162168437253385
5ae2c4d75542991a06ce98d0,R@100,1.0
5ae2c509554299492dc91c68,nDCG@10,0.0
5ae2c509554299492dc91c68,R@100,0.5
5ae2c696554299495565db32,nDCG@10,0.6131471927654584
5ae2c696554299495565db32,R@100,0.5
5ae2c6bf554299492dc91c6c,nDCG@10,0.8772153153380493
5ae2c6bf554299492dc91c6c,R@100,1.0
5ae2c8b05542992decbdcd9d,nDCG@10,1.0
5ae2c8b05542992decbdcd9d,R@100,1.0
5ae2cbc9554299495565db36,nDCG@10,0.6934264036172708
5ae2cbc9554299495565db36,R@100,1.0
5ae2cda55542992decbdcdb7,nDCG@10,0.6131471927654584
5ae2cda55542992decbdcdb7,R@100,0.5
5ae2ce505542996483e64a72,nDCG@10,0.6131471927654584
5ae2ce505542996483e64a72,R@100,0.5
5ae2d59755429928c42394ec,nDCG@10,1.0
5ae2d59755429928c42394ec,R@100,1.0
5ae2d8fb55429928c42394fa,nDCG@10,0.6131471927654584
5ae2d8fb55429928c42394fa,R@100,0.5
5ae2dd2055429928c423950d,nDCG@10,0.8315546295836225
5ae2dd2055429928c423950d,R@100,1.0
5ae2dfd155429928c423951b,nDCG@10,0.6131471927654584
5ae2dfd155429928c423951b,R@100,1.0
5ae2e06d55429928c4239521,nDCG@10,0.6131471927654584
5ae2e06d55429928c4239521,R@100,1.0
5ae2e0fd55429928c4239524,nDCG@10,0.6131471927654584
5ae2e0fd55429928c4239524,R@100,0.5
5ae2e61455429928c423953e,nDCG@10,0.6131471927654584
5ae2e61455429928c423953e,R@100,1.0
5ae2e73a55429928c4239545,nDCG@10,0.8503449055347546
5ae2e73a55429928c4239545,R@100,1.0
5ae2e8e05542991a06ce98fb,nDCG@10,0.21840743681816419
5ae2e8e05542991a06ce98fb,R@100,1.0
5ae2eb7f55429928c423955b,nDCG@10,1.0
5ae2eb7f55429928c423955b,R@100,1.0
5ae2eda355429928c4239570,nDCG@10,0.6131471927654584
5ae2eda355429928c4239570,R@100,1.0
5ae2ee5e5542991a06ce990a,nDCG@10,0.8503449055347546
5ae2ee5e5542991a06ce990a,R@100,1.0
5ae2f5b955429928c423957e,nDCG@10,1.0
5ae2f5b955429928c423957e,R@100,1.0
5ae2f97555429928c4239582,nDCG@10,0.9197207891481876
5ae2f97555429928c4239582,R@100,1.0
5ae2fa1b55429928c4239583,nDCG@10,0.9197207891481876
5ae2fa1b55429928c4239583,R@100,1.0
5ae2fca555429928c423958a,nDCG@10,0.38685280723454163
5ae2fca555429928c423958a,R@100,1.0
5ae2ff2055429928c4239598,nDCG@10,0.6131471927654584
5ae2ff2055429928c4239598,R@100,0.5
5ae2fffe55429928c423959c,nDCG@10,0.8175295903539445
5ae2fffe55429928c423959c,R@100,1.0
5ae3006c55429928c423959f,nDCG@10,1.0
5ae3006c55429928c423959f,R@100,1.0
5ae305355542992decbdcdc2,nDCG@10,0.38685280723454163
5ae305355542992decbdcdc2,R@100,0.5
5ae305df5542992decbdcdc3,nDCG@10,0.38685280723454163
5ae305df5542992decbdcdc3,R@100,1.0
5ae306115542992decbdcdc4,nDCG@10,0.6131471927654584
5ae306115542992decbdcdc4,R@100,0.5
5ae30a4655429928c42395bb,nDCG@10,0.6131471927654584
5ae30a4655429928c42395bb,R@100,0.5
5ae30aa05542992decbdcdd7,nDCG@10,0.8175295903539445
5ae30aa05542992decbdcdd7,R@100,1.0
5ae30d4b55429928c42395cc,nDCG@10,1.0
5ae30d4b55429928c42395cc,R@100,1.0
5ae31bbd55429928c42395fc,nDCG@10,0.3065735963827292
5ae31bbd55429928c42395fc,R@100,0.5
5ae31ca155429928c4239608,nDCG@10,0.6131471927654584
5ae31ca155429928c4239608,R@100,1.0
5ae31d5a5542990afbd1e0b1,nDCG@10,0.6131471927654584
5ae31d5a5542990afbd1e0b1,R@100,0.5
5ae31ee75542992decbdcdde,nDCG@10,1.0
5ae31ee75542992decbdcdde,R@100,1.0
5ae3205c55429928c423961e,nDCG@10,0.9197207891481876
5ae3205c55429928c423961e,R@100,1.0
5ae320a95542991a06ce992e,nDCG@10,0.21840743681816419
5ae320a95542991a06ce992e,R@100,0.5
5ae320f855429928c4239620,nDCG@10,0.3065735963827292
5ae320f855429928c4239620,R@100,0.5
5ae322b75542994393b9e622,nDCG@10,0.7903864795495061
5ae322b75542994393b9e622,R@100,1.0
5ae324775542994393b9e62f,nDCG@10,0.21840743681816419
5ae324775542994393b9e62f,R@100,0.5
5ae3249555429928c423962f,nDCG@10,1.0
5ae3249555429928c423962f,R@100,1.0
5ae324e85542991a06ce9934,nDCG@10,0.6131471927654584
5ae324e85542991a06ce9934,R@100,0.5
5ae325bd5542991a06ce9936,nDCG@10,0.3065735963827292
5ae325bd5542991a06ce9936,R@100,0.5
5ae3263455429928c4239634,nDCG@10,0.9197207891481876
5ae3263455429928c4239634,R@100,1.0
5ae326d85542991a06ce9938,nDCG@10,0.6131471927654584
5ae326d85542991a06ce9938,R@100,0.5
5ae326e95542990afbd1e0b6,nDCG@10,0.6131471927654584
5ae326e95542990afbd1e0b6,R@100,0.5
5ae327e05542992f92d82220,nDCG@10,0.6131471927654584
5ae327e05542992f92d82220,R@100,0.5
5ae3281a5542991a06ce9939,nDCG@10,0.7903864795495061
5ae3281a5542991a06ce9939,R@100,1.0
5ae3287f5542991a06ce993b,nDCG@10,0.6131471927654584
5ae3287f5542991a06ce993b,R@100,0.5
5ae328df55429928c423963c,nDCG@10,0.8772153153380493
5ae328df55429928c423963c,R@100,1.0
5ae328f45542991a06ce993c,nDCG@10,0.38685280723454163
5ae328f45542991a06ce993c,R@100,1.0
5ae3294155429928c423963d,nDCG@10,0.8772153153380493
5ae3294155429928c423963d,R@100,1.0
5ae32b6755429928c4239644,nDCG@10,1.0
5ae32b6755429928c4239644,R@100,1.0
5ae32c935542990afbd1e0bd,nDCG@10,0.6131471927654584
5ae32c935542990afbd1e0bd,R@100,1.0
5ae32ce75542992f92d8223d,nDCG@10,0.6131471927654584
5ae32ce75542992f92d8223d,R@100,0.5
5ae32e125542991a06ce9946,nDCG@10,0.2640681225725909
5ae32e125542991a06ce9946,R@100,0.5
5ae32e1a55429928c423964e,nDCG@10,0.8503449055347546
5ae32e1a55429928c423964e,R@100,1.0
5ae32eca5542994393b9e640,nDCG@10,0.8772153153380493
5ae32eca5542994393b9e640,R@100,1.0
5ae32fc655429928c423965d,nDCG@10,0.5912352048230277
5ae32fc655429928c423965d,R@100,1.0
5ae3305c55429928c423965f,nDCG@10,0.21840743681816419
5ae3305c55429928c423965f,R@100,0.5
5ae331fb55429928c4239670,nDCG@10,0.8772153153380493
5ae331fb55429928c4239670,R@100,1.0
5ae336495542990afbd1e0e1,nDCG@10,1.0
5ae336495542990afbd1e0e1,R@100,1.0
5ae3368b5542991a06ce995b,nDCG@10,0.6131471927654584
5ae3368b5542991a06ce995b,R@100,0.5
5ae3376455429928c4239688,nDCG@10,0.6131471927654584
5ae3376455429928c4239688,R@100,1.0
5ae33a3b5542992f92d8224a,nDCG@10,0.6131471927654584
5ae33a3b5542992f92d8224a,R@100,0.5
5ae33a6e5542992f92d8224d,nDCG@10,0.6934264036172708
5ae33a6e5542992f92d8224d,R@100,1.0
5ae33bdc5542992f92d8225e,nDCG@10,1.0
5ae33bdc5542992f92d8225e,R@100,1.0
5ae33c4d5542992f92d82262,nDCG@10,0.6131471927654584
5ae33c4d5542992f92d82262,R@100,0.5
5ae33cf45542990afbd1e0ea,nDCG@10,0.6131471927654584
5ae33cf45542990afbd1e0ea,R@100,0.5
5ae33cf55542992f92d82268,nDCG@10,0.6131471927654584
5ae33cf55542992f92d82268,R@100,0.5
5ae33f9a5542990afbd1e0f1,nDCG@10,0.21840743681816419
5ae33f9a5542990afbd1e0f1,R@100,1.0
5ae33fa95542990afbd1e0f2,nDCG@10,0.6131471927654584
5ae33fa95542990afbd1e0f2,R@100,1.0
5ae340a85542994393b9e668,nDCG@10,0.6131471927654584
5ae340a85542994393b9e668,R@100,0.5
5ae346365542991a06ce9985,nDCG@10,0.6131471927654584
5ae346365542991a06ce9985,R@100,1.0
5ae347fb5542992e3233c368,nDCG@10,0.0
5ae347fb5542992e3233c368,R@100,1.0
5ae34a225542992e3233c370,nDCG@10,0.6131471927654584
5ae34a225542992e3233c370,R@100,0.5
5ae34b275542992e3233c371,nDCG@10,0.9197207891481876
5ae34b275542992e3233c371,R@100,1.0
5ae351405542994393b9e67f,nDCG@10,0.8772153153380493
5ae351405542994393b9e67f,R@100,1.0
5ae352285542994393b9e685,nDCG@10,1.0
5ae352285542994393b9e685,R@100,1.0
5ae356045542990afbd1e10d,nDCG@10,0.0
5ae356045542990afbd1e10d,R@100,0.5
5ae357745542992f92d8229b,nDCG@10,0.6131471927654584
5ae357745542992f92d8229b,R@100,0.5
5ae358c05542990afbd1e10f,nDCG@10,0.6131471927654584
5ae358c05542990afbd1e10f,R@100,0.5
5ae3599b5542992e3233c39d,nDCG@10,0.3065735963827292
5ae3599b5542992e3233c39d,R@100,1.0
5ae35b035542992e3233c3ae,nDCG@10,0.6131471927654584
5ae35b035542992e3233c3ae,R@100,0.5
5ae35b6b5542990afbd1e116,nDCG@10,0.4415801103577823
5ae35b6b5542990afbd1e116,R@100,1.0
5ae35c945542992e3233c3bd,nDCG@10,0.38685280723454163
5ae35c945542992e3233c3bd,R@100,0.5
5ae35e8c5542990afbd1e120,nDCG@10,0.6131471927654584
5ae35e8c5542990afbd1e120,R@100,0.5
5ae3606b5542991a06ce99a8,nDCG@10,0.6131471927654584
5ae3606b5542991a06ce99a8,R@100,0.5
5ae361605542994393b9e69b,nDCG@10,0.6131471927654584
5ae361605542994393b9e69b,R@100,0.5
5ae361805542992e3233c3c9,nDCG@10,1.0
5ae361805542992e3233c3c9,R@100,1.0
5ae361d15542990afbd1e126,nDCG@10,0.6131471927654584
5ae361d15542990afbd1e126,R@100,0.5
5ae361dc5542992f92d822aa,nDCG@10,0.6131471927654584
5ae361dc5542992f92d822aa,R@100,0.5
5ae362105542991a06ce99ae,nDCG@10,1.0
5ae362105542991a06ce99ae,R@100,1.0
5ae3639b5542991a06ce99b2,nDCG@10,0.8315546295836225
5ae3639b5542991a06ce99b2,R@100,1.0
5ae363e85542994393b9e6a5,nDCG@10,0.6131471927654584
5ae363e85542994393b9e6a5,R@100,0.5
5ae363ff5542992f92d822bc,nDCG@10,0.7903864795495061
5ae363ff5542992f92d822bc,R@100,1.0
5ae364285542991a06ce99b3,nDCG@10,0.9197207891481876
5ae364285542991a06ce99b3,R@100,1.0
5ae365205542990afbd1e12d,nDCG@10,0.6131471927654584
5ae365205542990afbd1e12d,R@100,0.5
5ae368715542991a06ce99bd,nDCG@10,0.9197207891481876
5ae368715542991a06ce99bd,R@100,1.0
5ae36ee05542992f92d822c4,nDCG@10,0.6131471927654584
5ae36ee05542992f92d822c4,R@100,0.5
5ae370295542992e3233c402,nDCG@10,0.8315546295836225
5ae370295542992e3233c402,R@100,1.0
5ae375955542990afbd1e15d,nDCG@10,1.0
5ae375955542990afbd1e15d,R@100,1.0
5ae376a35542990afbd1e163,nDCG@10,1.0
5ae376a35542990afbd1e163,R@100,1.0
5ae377415542992e3233c40a,nDCG@10,0.8065735963827293
5ae377415542992e3233c40a,R@100,1.0
5ae3776e5542992e3233c40c,nDCG@10,0.38685280723454163
5ae3776e5542992e3233c40c,R@100,1.0
5ae377c45542990afbd1e16b,nDCG@10,1.0
5ae377c45542990afbd1e16b,R@100,1.0
5ae3789b5542992e3233c412,nDCG@10,1.0
5ae3789b5542992e3233c412,R@100,1.0
5ae3790f5542992e3233c415,nDCG@10,0.9197207891481876
5ae3790f5542992e3233c415,R@100,1.0
5ae37b4d5542991a06ce99ce,nDCG@10,0.6131471927654584
5ae37b4d5542991a06ce99ce,R@100,0.5
5ae37c765542992f92d822d4,nDCG@10,0.6131471927654584
5ae37c765542992f92d822d4,R@100,1.0
5ae37ca55542992f92d822d5,nDCG@10,0.6131471927654584
5ae37ca55542992f92d822d5,R@100,0.5
5ae37d265542994393b9e6e7,nDCG@10,1.0
5ae37d265542994393b9e6e7,R@100,1.0
5ae37e525542992e3233c42d,nDCG@10,0.0
5ae37e525542992e3233c42d,R@100,0.5
5ae37e6e5542992f92d822e0,nDCG@10,1.0
5ae37e6e5542992f92d822e0,R@100,1.0
5ae37ec25542990afbd1e178,nDCG@10,0.6131471927654584
5ae37ec25542990afbd1e178,R@100,1.0
5ae382ee5542992e3233c430,nDCG@10,0.8772153153380493
5ae382ee5542992e3233c430,R@100,1.0
5ae383e15542992f92d822fb,nDCG@10,0.38685280723454163
5ae383e15542992f92d822fb,R@100,0.5
5ae385df5542992f92d82305,nDCG@10,0.9197207891481876
5ae385df5542992f92d82305,R@100,1.0
5ae388ea5542994393b9e6f0,nDCG@10,0.6934264036172708
5ae388ea5542994393b9e6f0,R@100,1.0
5ae389fc5542992f92d8230f,nDCG@10,0.6131471927654584
5ae389fc5542992f92d8230f,R@100,0.5
5ae38b115542990afbd1e183,nDCG@10,1.0
5ae38b115542990afbd1e183,R@100,1.0
5ae394e05542990afbd1e18d,nDCG@10,0.6131471927654584
5ae394e05542990afbd1e18d,R@100,0.5
5ae395d85542992f92d82313,nDCG@10,0.5706417189553201
5ae395d85542992f92d82313,R@100,1.0
5ae397df5542994393b9e71f,nDCG@10,1.0
5ae397df5542994393b9e71f,R@100,1.0
5ae3992d5542994393b9e722,nDCG@10,1.0
5ae3992d5542994393b9e722,R@100,1.0
5ae39e9c5542990afbd1e195,nDCG@10,0.6131471927654584
5ae39e9c5542990afbd1e195,R@100,0.5
5ae39f405542991a06ce9a02,nDCG@10,0.6131471927654584
5ae39f405542991a06ce9a02,R@100,1.0
5ae39fb85542990afbd1e197,nDCG@10,0.9197207891481876
5ae39fb85542990afbd1e197,R@100,1.0
5ae3a0be5542991a06ce9a05,nDCG@10,1.0
5ae3a0be5542991a06ce9a05,R@100,1.0
5ae3a1aa5542994393b9e72d,nDCG@10,0.6131471927654584
5ae3a1aa5542994393b9e72d,R@100,1.0
5ae3a3835542990afbd1e19c,nDCG@10,0.38685280723454163
5ae3a3835542990afbd1e19c,R@100,0.5
5ae3a8985542992f92d82329,nDCG@10,0.6131471927654584
5ae3a8985542992f92d82329,R@100,0.5
5ae3ac665542994393b9e73f,nDCG@10,0.20438239758848611
5ae3ac665542994393b9e73f,R@100,1.0
5ae3b1ba5542992f92d82343,nDCG@10,0.6131471927654584
5ae3b1ba5542992f92d82343,R@100,1.0
5ae3b30f5542994393b9e74f,nDCG@10,1.0
5ae3b30f5542994393b9e74f,R@100,1.0
5ae3bb0d5542992f92d82357,nDCG@10,1.0
5ae3bb0d5542992f92d82357,R@100,1.0
5ae3c0245542990afbd1e1c3,nDCG@10,1.0
5ae3c0245542990afbd1e1c3,R@100,1.0
5ae3c0cc5542992f92d82369,nDCG@10,0.6131471927654584
5ae3c0cc5542992f92d82369,R@100,1.0
5ae3c1515542992f92d8236a,nDCG@10,0.3065735963827292
5ae3c1515542992f92d8236a,R@100,1.0
5ae3c5535542991a06ce9a20,nDCG@10,0.6131471927654584
5ae3c5535542991a06ce9a20,R@100,1.0
5ae3c71f5542991a06ce9a22,nDCG@10,1.0
5ae3c71f5542991a06ce9a22,R@100,1.0
5ae3cd685542990afbd1e1de,nDCG@10,0.6131471927654584
5ae3cd685542990afbd1e1de,R@100,0.5
5ae3d0bb5542990afbd1e1e5,nDCG@10,0.6131471927654584
5ae3d0bb5542990afbd1e1e5,R@100,1.0
5ae3d2715542990afbd1e1e9,nDCG@10,1.0
5ae3d2715542990afbd1e1e9,R@100,1.0
5ae3d4345542992f92d82387,nDCG@10,0.3065735963827292
5ae3d4345542992f92d82387,R@100,1.0
5ae3d5ec5542992f92d8238c,nDCG@10,0.5706417189553201
5ae3d5ec5542992f92d8238c,R@100,1.0
5ae3d67f5542992f92d8238f,nDCG@10,0.38685280723454163
5ae3d67f5542992f92d8238f,R@100,0.5
5ae3d6bd5542991a06ce9a2b,nDCG@10,1.0
5ae3d6bd5542991a06ce9a2b,R@100,1.0
5ae3d8415542992f92d8239a,nDCG@10,0.38685280723454163
5ae3d8415542992f92d8239a,R@100,1.0
5ae3dc205542992f92d823a1,nDCG@10,0.6131471927654584
5ae3dc205542992f92d823a1,R@100,0.5
5ae3dcc05542991a06ce9a33,nDCG@10,0.8065735963827293
5ae3dcc05542991a06ce9a33,R@100,1.0
5ae3dce45542994393b9e783,nDCG@10,1.0
5ae3dce45542994393b9e783,R@100,1.0
5ae3de615542992f92d823a5,nDCG@10,0.6131471927654584
5ae3de615542992f92d823a5,R@100,1.0
5ae3df6e5542992e3233c48e,nDCG@10,0.6131471927654584
5ae3df6e5542992e3233c48e,R@100,0.5
5ae3dfb05542992e3233c490,nDCG@10,0.3065735963827292
5ae3dfb05542992e3233c490,R@100,0.5
5ae3e0535542992e3233c496,nDCG@10,0.6131471927654584
5ae3e0535542992e3233c496,R@100,0.5
5ae3e1e95542994393b9e78b,nDCG@10,0.6131471927654584
5ae3e1e95542994393b9e78b,R@100,0.5
5ae3e2455542994393b9e78c,nDCG@10,0.6934264036172708
5ae3e2455542994393b9e78c,R@100,1.0
5ae3e59a5542994393b9e79e,nDCG@10,1.0
5ae3e59a5542994393b9e79e,R@100,1.0
5ae3e5d05542994393b9e79f,nDCG@10,0.8315546295836225
5ae3e5d05542994393b9e79f,R@100,1.0
5ae3e84b5542996836b02bf0,nDCG@10,1.0
5ae3e84b5542996836b02bf0,R@100,1.0
5ae3eabc5542995dadf2424f,nDCG@10,0.6131471927654584
5ae3eabc5542995dadf2424f,R@100,1.0
5ae3eeb25542995dadf2425e,nDCG@10,0.6131471927654584
5ae3eeb25542995dadf2425e,R@100,0.5
5ae3f0c85542995ad6573cb1,nDCG@10,0.6131471927654584
5ae3f0c85542995ad6573cb1,R@100,1.0
5ae3f1bb5542995ad6573cbe,nDCG@10,0.6131471927654584
5ae3f1bb5542995ad6573cbe,R@100,1.0
5ae3f1fb5542995ad6573cc1,nDCG@10,0.0
5ae3f1fb5542995ad6573cc1,R@100,1.0
5ae3f2395542995ad6573cc6,nDCG@10,0.17723928678404774
5ae3f2395542995ad6573cc6,R@100,1.0
5ae3f2895542995ad6573cc9,nDCG@10,0.0
5ae3f2895542995ad6573cc9,R@100,0.5
5ae3f2d25542995ad6573ccc,nDCG@10,0.6131471927654584
5ae3f2d25542995ad6573ccc,R@100,0.5
5ae3f33e5542991a06ce9a3d,nDCG@10,1.0
5ae3f33e5542991a06ce9a3d,R@100,1.0
5ae3f4fe5542995ad6573ce8,nDCG@10,0.2640681225725909
5ae3f4fe5542995ad6573ce8,R@100,1.0
5ae3f6775542991a06ce9a3f,nDCG@10,0.8315546295836225
5ae3f6775542991a06ce9a3f,R@100,1.0
5ae3f7575542995dadf24277,nDCG@10,0.9197207891481876
5ae3f7575542995dadf24277,R@100,1.0
5ae3f82a5542996836b02c01,nDCG@10,0.6131471927654584
5ae3f82a5542996836b02c01,R@100,1.0
5ae3fcfc5542995dadf2428c,nDCG@10,0.38685280723454163
5ae3fcfc5542995dadf2428c,R@100,0.5
5ae3fd195542995dadf2428d,nDCG@10,0.0
5ae3fd195542995dadf2428d,R@100,1.0
5ae3fd2c5542995dadf2428f,nDCG@10,0.6131471927654584
5ae3fd2c5542995dadf2428f,R@100,0.5
5ae3fd595542995dadf24292,nDCG@10,0.9197207891481876
5ae3fd595542995dadf24292,R@100,1.0
5ae3fe635542996836b02c07,nDCG@10,0.7977228895450266
5ae3fe635542996836b02c07,R@100,1.0
5ae3fec55542995dadf242a4,nDCG@10,0.6240505200038379
5ae3fec55542995dadf242a4,R@100,1.0
5ae3ff2d5542995dadf242a9,nDCG@10,0.17723928678404774
5ae3ff2d5542995dadf242a9,R@100,1.0
5ae3ff575542995dadf242aa,nDCG@10,0.6131471927654584
5ae3ff575542995dadf242aa,R@100,1.0
5ae3ffba5542995dadf242b2,nDCG@10,0.5437713091520254
5ae3ffba5542995dadf242b2,R@100,1.0
5ae400ab5542995dadf242be,nDCG@10,0.8503449055347546
5ae400ab5542995dadf242be,R@100,1.0
5ae402085542995dadf242ca,nDCG@10,0.8772153153380493
5ae402085542995dadf242ca,R@100,1.0
5ae406245542995dadf242e2,nDCG@10,1.0
5ae406245542995dadf242e2,R@100,1.0
5ae406f055429970de88d874,nDCG@10,0.6131471927654584
5ae406f055429970de88d874,R@100,0.5
5ae4075b55429970de88d87a,nDCG@10,0.6131471927654584
5ae4075b55429970de88d87a,R@100,1.0
5ae4083755429970de88d885,nDCG@10,0.6131471927654584
5ae4083755429970de88d885,R@100,0.5
5ae4094655429970de88d896,nDCG@10,1.0
5ae4094655429970de88d896,R@100,1.0
5ae409d955429970de88d89d,nDCG@10,0.6131471927654584
5ae409d955429970de88d89d,R@100,0.5
5ae40a2955429970de88d8a3,nDCG@10,0.18457569677956817
5ae40a2955429970de88d8a3,R@100,0.5
5ae40b2b55429970de88d8b3,nDCG@10,0.7977228895450266
5ae40b2b55429970de88d8b3,R@100,1.0
5ae40d405542996836b02c28,nDCG@10,0.38685280723454163
5ae40d405542996836b02c28,R@100,0.5
5ae414d855429970de88d8ec,nDCG@10,0.6131471927654584
5ae414d855429970de88d8ec,R@100,0.5
5ae4183f5542996836b02c40,nDCG@10,0.6131471927654584
5ae4183f5542996836b02c40,R@100,0.5
5ae43d7f5542996836b02c59,nDCG@10,1.0
5ae43d7f5542996836b02c59,R@100,1.0
5ae444b55542996836b02c63,nDCG@10,0.6131471927654584
5ae444b55542996836b02c63,R@100,0.5
5ae446175542995ad6573d1f,nDCG@10,0.48247555939075504
5ae446175542995ad6573d1f,R@100,1.0
5ae446825542995ad6573d21,nDCG@10,0.8315546295836225
5ae446825542995ad6573d21,R@100,1.0
5ae446fc5542995ad6573d24,nDCG@10,0.38685280723454163
5ae446fc5542995ad6573d24,R@100,0.5
5ae454355542996836b02c77,nDCG@10,0.6131471927654584
5ae454355542996836b02c77,R@100,0.5
5ae455d45542996836b02c7b,nDCG@10,0.6131471927654584
5ae455d45542996836b02c7b,R@100,0.5
5ae4563e5542996836b02c7f,nDCG@10,1.0
5ae4563e5542996836b02c7f,R@100,1.0
5ae457a95542996836b02c85,nDCG@10,0.6131471927654584
5ae457a95542996836b02c85,R@100,0.5
5ae4581e55429970de88d92f,nDCG@10,0.8772153153380493
5ae4581e55429970de88d92f,R@100,1.0
5ae4585c5542996836b02c89,nDCG@10,0.17723928678404774
5ae4585c5542996836b02c89,R@100,0.5
5ae45adc55429970de88d93f,nDCG@10,0.9197207891481876
5ae45adc55429970de88d93f,R@100,1.0
5ae45b6b55429970de88d943,nDCG@10,0.6131471927654584
5ae45b6b55429970de88d943,R@100,1.0
5ae45cba5542991a06ce9a4a,nDCG@10,0.9197207891481876
5ae45cba5542991a06ce9a4a,R@100,1.0
5ae4606c5542996836b02c91,nDCG@10,0.6131471927654584
5ae4606c5542996836b02c91,R@100,0.5
5ae4627d5542991a06ce9a4d,nDCG@10,0.23719771276929622
5ae4627d5542991a06ce9a4d,R@100,1.0
5ae46b615542995dadf24327,nDCG@10,0.5912352048230277
5ae46b615542995dadf24327,R@100,1.0
5ae46c9d5542996836b02c9d,nDCG@10,0.0
5ae46c9d5542996836b02c9d,R@100,0.0
5ae46ebc5542995dadf24331,nDCG@10,0.6131471927654584
5ae46ebc5542995dadf24331,R@100,1.0
5ae470815542996836b02c9f,nDCG@10,0.6131471927654584
5ae470815542996836b02c9f,R@100,0.5
5ae471fa55429970de88d965,nDCG@10,1.0
5ae471fa55429970de88d965,R@100,1.0
5ae473545542995dadf2433d,nDCG@10,0.21840743681816419
5ae473545542995dadf2433d,R@100,0.5
5ae4758b5542995dadf24342,nDCG@10,0.6052602440527057
5ae4758b5542995dadf24342,R@100,1.0
5ae479745542996836b02cb1,nDCG@10,0.6934264036172708
5ae479745542996836b02cb1,R@100,1.0
5ae47ae05542995ad6573d4f,nDCG@10,0.9197207891481876
5ae47ae05542995ad6573d4f,R@100,1.0
5ae47cab5542996836b02cb9,nDCG@10,0.6131471927654584
5ae47cab5542996836b02cb9,R@100,0.5
5ae47dd95542995ad6573d57,nDCG@10,0.48381288316677695
5ae47dd95542995ad6573d57,R@100,1.0
5ae47df15542996836b02cba,nDCG@10,0.6131471927654584
5ae47df15542996836b02cba,R@100,0.5
5ae47fe255429913cc204482,nDCG@10,0.8065735963827293
5ae47fe255429913cc204482,R@100,1.0
5ae4808455429970de88d990,nDCG@10,0.9197207891481876
5ae4808455429970de88d990,R@100,1.0
5ae4818f5542995ad6573d5b,nDCG@10,0.6131471927654584
5ae4818f5542995ad6573d5b,R@100,1.0
5ae4843455429970de88d997,nDCG@10,0.2640681225725909
5ae4843455429970de88d997,R@100,0.5
5ae484f855429970de88d999,nDCG@10,0.6131471927654584
5ae484f855429970de88d999,R@100,0.5
5ae4869755429970de88d99a,nDCG@10,0.9197207891481876
5ae4869755429970de88d99a,R@100,1.0
5ae4885e55429970de88d99d,nDCG@10,0.6131471927654584
5ae4885e55429970de88d99d,R@100,0.5
5ae4890a5542995ad6573d60,nDCG@10,0.6131471927654584
5ae4890a5542995ad6573d60,R@100,1.0
5ae489ab5542995ad6573d62,nDCG@10,0.8772153153380493
5ae489ab5542995ad6573d62,R@100,1.0
5ae48a2b55429913cc204494,nDCG@10,0.38685280723454163
5ae48a2b55429913cc204494,R@100,1.0
5ae48aff5542996836b02cce,nDCG@10,1.0
5ae48aff5542996836b02cce,R@100,1.0
5ae48c4e55429913cc204498,nDCG@10,0.6131471927654584
5ae48c4e55429913cc204498,R@100,1.0
5ae48d1755429913cc204499,nDCG@10,0.2640681225725909
5ae48d1755429913cc204499,R@100,0.5
5ae48e7e55429913cc20449d,nDCG@10,0.6131471927654584
5ae48e7e55429913cc20449d,R@100,0.5
5ae4903855429913cc2044a0,nDCG@10,0.0
5ae4903855429913cc2044a0,R@100,0.0
5ae490a85542995ad6573d9d,nDCG@10,0.6131471927654584
5ae490a85542995ad6573d9d,R@100,0.5
5ae491155542995ad6573da3,nDCG@10,1.0
5ae491155542995ad6573da3,R@100,1.0
5ae492955542995ad6573daa,nDCG@10,1.0
5ae492955542995ad6573daa,R@100,1.0
5ae4932855429970de88d9b8,nDCG@10,1.0
5ae4932855429970de88d9b8,R@100,1.0
5ae494575542995dadf2434d,nDCG@10,0.6131471927654584
5ae494575542995dadf2434d,R@100,0.5
5ae4957155429970de88d9bc,nDCG@10,0.6131471927654584
5ae4957155429970de88d9bc,R@100,1.0
5ae496735542995dadf2435d,nDCG@10,0.6131471927654584
5ae496735542995dadf2435d,R@100,0.5
5ae497595542995ad6573db7,nDCG@10,0.38685280723454163
5ae497595542995ad6573db7,R@100,1.0
5ae497f15542995ad6573db8,nDCG@10,0.0
5ae497f15542995ad6573db8,R@100,1.0
5ae4988655429970de88d9c1,nDCG@10,0.19342640361727081
5ae4988655429970de88d9c1,R@100,0.5
5ae499d755429970de88d9ca,nDCG@10,0.5912352048230277
5ae499d755429970de88d9ca,R@100,1.0
5ae49a1855429970de88d9cc,nDCG@10,1.0
5ae49a1855429970de88d9cc,R@100,1.0
5ae49b705542995ad6573dbc,nDCG@10,0.6131471927654584
5ae49b705542995ad6573dbc,R@100,0.5
5ae49bb755429970de88d9d7,nDCG@10,0.8772153153380493
5ae49bb755429970de88d9d7,R@100,1.0
5ae49f2c5542995ad6573dc1,nDCG@10,0.8772153153380493
5ae49f2c5542995ad6573dc1,R@100,1.0
5ae4a0ca5542995ad6573dcb,nDCG@10,0.6131471927654584
5ae4a0ca5542995ad6573dcb,R@100,1.0
5ae4a1875542995ad6573dd2,nDCG@10,0.6131471927654584
5ae4a1875542995ad6573dd2,R@100,0.5
5ae4a1ef55429970de88d9e7,nDCG@10,0.6131471927654584
5ae4a1ef55429970de88d9e7,R@100,0.5
5ae4a2b25542995ad6573de0,nDCG@10,0.6131471927654584
5ae4a2b25542995ad6573de0,R@100,0.5
5ae4a2d05542995ad6573de1,nDCG@10,1.0
5ae4a2d05542995ad6573de1,R@100,1.0
5ae4a2e25542996836b02cee,nDCG@10,0.6131471927654584
5ae4a2e25542996836b02cee,R@100,0.5
5ae4a3265542995ad6573de5,nDCG@10,0.0
5ae4a3265542995ad6573de5,R@100,1.0
5ae4a45b55429970de88d9ed,nDCG@10,1.0
5ae4a45b55429970de88d9ed,R@100,1.0
5ae4a75a55429913cc2044bc,nDCG@10,0.6131471927654584
5ae4a75a55429913cc2044bc,R@100,1.0
5ae4a91d5542995ad6573e09,nDCG@10,0.6131471927654584
5ae4a91d5542995ad6573e09,R@100,1.0
5ae4aba25542995ad6573e12,nDCG@10,0.9197207891481876
5ae4aba25542995ad6573e12,R@100,1.0
5ae4accf5542995ad6573e19,nDCG@10,0.5714285040141098
5ae4accf5542995ad6573e19,R@100,1.0
5ae4ad3155429913cc2044cb,nDCG@10,0.9197207891481876
5ae4ad3155429913cc2044cb,R@100,1.0
5ae4ad375542995dadf243a4,nDCG@10,0.0
5ae4ad375542995dadf243a4,R@100,1.0
5ae4b55455429913cc2044db,nDCG@10,1.0
5ae4b55455429913cc2044db,R@100,1.0
5ae4b5935542995ad6573e27,nDCG@10,0.6131471927654584
5ae4b5935542995ad6573e27,R@100,1.0
5ae4b8fc55429913cc2044e5,nDCG@10,0.6131471927654584
5ae4b8fc55429913cc2044e5,R@100,0.5
5ae4bb1255429913cc2044e7,nDCG@10,0.8175295903539445
5ae4bb1255429913cc2044e7,R@100,1.0
5ae4bbf05542995ad6573e32,nDCG@10,0.7977228895450266
5ae4bbf05542995ad6573e32,R@100,1.0
5ae4bc7955429913cc2044e9,nDCG@10,0.8503449055347546
5ae4bc7955429913cc2044e9,R@100,1.0
5ae4bcfc55429913cc2044eb,nDCG@10,1.0
5ae4bcfc55429913cc2044eb,R@100,1.0
5ae4be5455429960a22e019c,nDCG@10,0.0
5ae4be5455429960a22e019c,R@100,1.0
5ae4be5c5542995ad6573e3a,nDCG@10,0.8772153153380493
5ae4be5c5542995ad6573e3a,R@100,1.0
5ae4c01e55429913cc2044f3,nDCG@10,1.0
5ae4c01e55429913cc2044f3,R@100,1.0
5ae4c2b95542995dadf243ef,nDCG@10,0.0
5ae4c2b95542995dadf243ef,R@100,0.5
5ae4c35c55429913cc2044fb,nDCG@10,0.8772153153380493
5ae4c35c55429913cc2044fb,R@100,1.0
5ae4c39f5542995dadf243fb,nDCG@10,0.6131471927654584
5ae4c39f5542995dadf243fb,R@100,0.5
5ae4c49a5542995dadf24400,nDCG@10,0.6131471927654584
5ae4c49a5542995dadf24400,R@100,1.0
5ae4c5595542990ba0bbb123,nDCG@10,0.6131471927654584
5ae4c5595542990ba0bbb123,R@100,1.0
5ae4c7c65542990ba0bbb12b,nDCG@10,0.6131471927654584
5ae4c7c65542990ba0bbb12b,R@100,1.0
5ae4c8f35542990ba0bbb130,nDCG@10,1.0
5ae4c8f35542990ba0bbb130,R@100,1.0
5ae4c96355429913cc204506,nDCG@10,0.6131471927654584
5ae4c96355429913cc204506,R@100,1.0
5ae4ca6355429913cc204507,nDCG@10,0.6131471927654584
5ae4ca6355429913cc204507,R@100,0.5
5ae4cb2f55429960a22e01e8,nDCG@10,0.0
5ae4cb2f55429960a22e01e8,R@100,0.5
5ae4cda05542990ba0bbb148,nDCG@10,0.6131471927654584
5ae4cda05542990ba0bbb148,R@100,1.0
5ae4ce835542990ba0bbb14d,nDCG@10,0.6131471927654584
5ae4ce835542990ba0bbb14d,R@100,0.5
5ae4cf975542990ba0bbb151,nDCG@10,0.0
5ae4cf975542990ba0bbb151,R@100,1.0
5ae4d0ff55429913cc204511,nDCG@10,0.23719771276929622
5ae4d0ff55429913cc204511,R@100,0.5
5ae4d15255429908b6326483,nDCG@10,1.0
5ae4d15255429908b6326483,R@100,1.0
5ae4d1a355429913cc204513,nDCG@10,0.6131471927654584
5ae4d1a355429913cc204513,R@100,1.0
5ae4d2a55542990ba0bbb161,nDCG@10,0.6131471927654584
5ae4d2a55542990ba0bbb161,R@100,0.5
5ae4d3a55542990ba0bbb164,nDCG@10,0.6131471927654584
5ae4d3a55542990ba0bbb164,R@100,1.0
5ae4d3c95542990ba0bbb165,nDCG@10,1.0
5ae4d3c95542990ba0bbb165,R@100,1.0
5ae4d7fc5542990ba0bbb16f,nDCG@10,0.6131471927654584
5ae4d7fc5542990ba0bbb16f,R@100,1.0
5ae4d8475542993aec5ec0e0,nDCG@10,0.6131471927654584
5ae4d8475542993aec5ec0e0,R@100,1.0
5ae4d9985542990ba0bbb175,nDCG@10,0.8772153153380493
5ae4d9985542990ba0bbb175,R@100,1.0
5ae4db9c55429908b6326492,nDCG@10,0.6131471927654584
5ae4db9c55429908b6326492,R@100,0.5
5ae4dd0955429960a22e0201,nDCG@10,0.6131471927654584
5ae4dd0955429960a22e0201,R@100,1.0
5ae4e29855429908b63264a9,nDCG@10,0.6131471927654584
5ae4e29855429908b63264a9,R@100,0.5
5ae4e2ca55429908b63264aa,nDCG@10,0.38685280723454163
5ae4e2ca55429908b63264aa,R@100,0.5
5ae4ea2a5542993aec5ec0ee,nDCG@10,0.0
5ae4ea2a5542993aec5ec0ee,R@100,0.5
5ae4eb9255429908b63264ba,nDCG@10,0.6131471927654584
5ae4eb9255429908b63264ba,R@100,0.5
5ae4ebeb55429908b63264bb,nDCG@10,0.8065735963827293
5ae4ebeb55429908b63264bb,R@100,1.0
5ae4ec1e5542990ba0bbb19b,nDCG@10,0.6131471927654584
5ae4ec1e5542990ba0bbb19b,R@100,0.5
5ae4f2595542990ba0bbb1a8,nDCG@10,0.3065735963827292
5ae4f2595542990ba0bbb1a8,R@100,0.5
5ae4f2c45542990ba0bbb1a9,nDCG@10,1.0
5ae4f2c45542990ba0bbb1a9,R@100,1.0
5ae4f2c75542993aec5ec0fb,nDCG@10,0.6131471927654584
5ae4f2c75542993aec5ec0fb,R@100,1.0
5ae4f3c455429960a22e0221,nDCG@10,0.6131471927654584
5ae4f3c455429960a22e0221,R@100,0.5
5ae4f6c755429960a22e022a,nDCG@10,0.6131471927654584
5ae4f6c755429960a22e022a,R@100,0.5
5ae4f8b755429960a22e0230,nDCG@10,1.0
5ae4f8b755429960a22e0230,R@100,1.0
5ae4f96755429913cc204551,nDCG@10,0.6131471927654584
5ae4f96755429913cc204551,R@100,0.5
5ae504a855429908b63264df,nDCG@10,0.6131471927654584
5ae504a855429908b63264df,R@100,1.0
5ae505d355429908b63264e4,nDCG@10,1.0
5ae505d355429908b63264e4,R@100,1.0
5ae5064e5542993aec5ec113,nDCG@10,0.7903864795495061
5ae5064e5542993aec5ec113,R@100,1.0
5ae5072e55429960a22e0246,nDCG@10,0.0
5ae5072e55429960a22e0246,R@100,0.5
5ae5086d55429908b63264eb,nDCG@10,1.0
5ae5086d55429908b63264eb,R@100,1.0
5ae509f655429908b63264ef,nDCG@10,0.7977228895450266
5ae509f655429908b63264ef,R@100,1.0
5ae50c345542993aec5ec11f,nDCG@10,0.7903864795495061
5ae50c345542993aec5ec11f,R@100,1.0
5ae50eff55429908b6326500,nDCG@10,0.0
5ae50eff55429908b6326500,R@100,0.5
5ae515bb55429913cc204584,nDCG@10,0.6131471927654584
5ae515bb55429913cc204584,R@100,0.5
5ae518655542993aec5ec139,nDCG@10,0.6131471927654584
5ae518655542993aec5ec139,R@100,1.0
5ae518ae5542993aec5ec13c,nDCG@10,0.8065735963827293
5ae518ae5542993aec5ec13c,R@100,1.0
5ae51b495542993aec5ec146,nDCG@10,1.0
5ae51b495542993aec5ec146,R@100,1.0
5ae51fa25542992663a4f11f,nDCG@10,0.6131471927654584
5ae51fa25542992663a4f11f,R@100,0.5
5ae520315542993aec5ec152,nDCG@10,0.8503449055347546
5ae520315542993aec5ec152,R@100,1.0
5ae524415542992663a4f121,nDCG@10,0.6131471927654584
5ae524415542992663a4f121,R@100,0.5
5ae526c455429908b6326529,nDCG@10,0.3065735963827292
5ae526c455429908b6326529,R@100,1.0
5ae527085542993aec5ec165,nDCG@10,0.0
5ae527085542993aec5ec165,R@100,0.5
5ae527945542993aec5ec167,nDCG@10,1.0
5ae527945542993aec5ec167,R@100,1.0
5ae528e655429908b632652c,nDCG@10,0.38685280723454163
5ae528e655429908b632652c,R@100,0.5
5ae528ed5542993aec5ec16e,nDCG@10,0.6131471927654584
5ae528ed5542993aec5ec16e,R@100,0.5
5ae52ba755429908b6326538,nDCG@10,0.6131471927654584
5ae52ba755429908b6326538,R@100,1.0
5ae52bc75542992663a4f12d,nDCG@10,0.8772153153380493
5ae52bc75542992663a4f12d,R@100,1.0
5ae52c0f5542992663a4f12e,nDCG@10,0.6131471927654584
5ae52c0f5542992663a4f12e,R@100,0.5
5ae52cb955429908b6326540,nDCG@10,0.23719771276929622
5ae52cb955429908b6326540,R@100,1.0
5ae5305b5542990ba0bbb1f5,nDCG@10,0.19342640361727081
5ae5305b5542990ba0bbb1f5,R@100,1.0
5ae530e355429908b6326561,nDCG@10,0.6131471927654584
5ae530e355429908b6326561,R@100,0.5
5ae531695542990ba0bbb1fb,nDCG@10,0.6131471927654584
5ae531695542990ba0bbb1fb,R@100,0.5
5ae531a95542990ba0bbb1fc,nDCG@10,0.38685280723454163
5ae531a95542990ba0bbb1fc,R@100,0.5
5ae531ee5542990ba0bbb1ff,nDCG@10,0.9197207891481876
5ae531ee5542990ba0bbb1ff,R@100,1.0
5ae532365542992663a4f150,nDCG@10,0.6131471927654584
5ae532365542992663a4f150,R@100,0.5
5ae532e955429908b632656f,nDCG@10,1.0
5ae532e955429908b632656f,R@100,1.0
5ae532f85542990ba0bbb20a,nDCG@10,0.8065735963827293
5ae532f85542990ba0bbb20a,R@100,1.0
5ae533535542993aec5ec173,nDCG@10,0.6131471927654584
5ae533535542993aec5ec173,R@100,1.0
5ae534bb5542990ba0bbb21d,nDCG@10,1.0
5ae534bb5542990ba0bbb21d,R@100,1.0
5ae535bc55429960a22e0260,nDCG@10,0.6131471927654584
5ae535bc55429960a22e0260,R@100,0.5
5ae5366e5542990ba0bbb22b,nDCG@10,0.6131471927654584
5ae5366e5542990ba0bbb22b,R@100,1.0
5ae537895542990ba0bbb234,nDCG@10,0.6131471927654584
5ae537895542990ba0bbb234,R@100,0.5
5ae537a855429960a22e0266,nDCG@10,0.6131471927654584
5ae537a855429960a22e0266,R@100,0.5
5ae537e45542990ba0bbb235,nDCG@10,0.9197207891481876
5ae537e45542990ba0bbb235,R@100,1.0
5ae5390355429960a22e0271,nDCG@10,0.9197207891481876
5ae5390355429960a22e0271,R@100,1.0
5ae53b545542990ba0bbb23c,nDCG@10,0.38685280723454163
5ae53b545542990ba0bbb23c,R@100,0.5
5ae53c9655429960a22e0290,nDCG@10,0.6131471927654584
5ae53c9655429960a22e0290,R@100,1.0
5ae53de455429908b6326599,nDCG@10,0.3065735963827292
5ae53de455429908b6326599,R@100,0.5
5ae53fcb55429960a22e029e,nDCG@10,0.38685280723454163
5ae53fcb55429960a22e029e,R@100,0.5
5ae5415055429908b63265b7,nDCG@10,1.0
5ae5415055429908b63265b7,R@100,1.0
5ae5429355429908b63265c5,nDCG@10,0.6131471927654584
5ae5429355429908b63265c5,R@100,0.5
5ae544035542992663a4f1af,nDCG@10,0.6131471927654584
5ae544035542992663a4f1af,R@100,0.5
5ae544d75542990ba0bbb249,nDCG@10,0.9197207891481876
5ae544d75542990ba0bbb249,R@100,1.0
5ae547f85542990ba0bbb254,nDCG@10,0.6131471927654584
5ae547f85542990ba0bbb254,R@100,0.5
5ae54b3d5542990ba0bbb260,nDCG@10,0.2640681225725909
5ae54b3d5542990ba0bbb260,R@100,1.0
5ae54b4f5542990ba0bbb261,nDCG@10,0.6131471927654584
5ae54b4f5542990ba0bbb261,R@100,0.5
5ae54b6355429908b63265cc,nDCG@10,0.3065735963827292
5ae54b6355429908b63265cc,R@100,1.0
5ae54bbd5542990ba0bbb262,nDCG@10,0.0
5ae54bbd5542990ba0bbb262,R@100,0.0
5ae54c085542992663a4f1c4,nDCG@10,0.6131471927654584
5ae54c085542992663a4f1c4,R@100,1.0
5ae54e005542993aec5ec19a,nDCG@10,1.0
5ae54e005542993aec5ec19a,R@100,1.0
5ae54eea5542993aec5ec19d,nDCG@10,0.38685280723454163
5ae54eea5542993aec5ec19d,R@100,1.0
5ae552bb55429908b63265d9,nDCG@10,0.0
5ae552bb55429908b63265d9,R@100,0.5
5ae554ce55429960a22e02b7,nDCG@10,0.17723928678404774
5ae554ce55429960a22e02b7,R@100,1.0
5ae5559c55429960a22e02ba,nDCG@10,0.6131471927654584
5ae5559c55429960a22e02ba,R@100,0.5
5ae55a4e5542990ba0bbb285,nDCG@10,0.6131471927654584
5ae55a4e5542990ba0bbb285,R@100,0.5
5ae55b8255429908b63265ef,nDCG@10,1.0
5ae55b8255429908b63265ef,R@100,1.0
5ae55d1e55429960a22e02cb,nDCG@10,0.6131471927654584
5ae55d1e55429960a22e02cb,R@100,0.5
5ae55dda5542992663a4f1e9,nDCG@10,0.6131471927654584
5ae55dda5542992663a4f1e9,R@100,0.5
5ae55e6855429960a22e02d0,nDCG@10,0.6131471927654584
5ae55e6855429960a22e02d0,R@100,1.0
5ae55ec855429908b63265f5,nDCG@10,0.6131471927654584
5ae55ec855429908b63265f5,R@100,0.5
5ae55ed15542992663a4f1ea,nDCG@10,0.3065735963827292
5ae55ed15542992663a4f1ea,R@100,0.5
5ae560155542990ba0bbb293,nDCG@10,0.8503449055347546
5ae560155542990ba0bbb293,R@100,1.0
5ae5621655429908b63265fc,nDCG@10,0.6131471927654584
5ae5621655429908b63265fc,R@100,1.0
5ae564a155429960a22e02e4,nDCG@10,0.8503449055347546
5ae564a155429960a22e02e4,R@100,1.0
5ae5669755429960a22e02ec,nDCG@10,1.0
5ae5669755429960a22e02ec,R@100,1.0
5ae5691055429960a22e02f3,nDCG@10,0.6131471927654584
5ae5691055429960a22e02f3,R@100,1.0
5ae56a0d5542990ba0bbb29c,nDCG@10,0.5109559939712153
5ae56a0d5542990ba0bbb29c,R@100,1.0
5ae56a3f5542992663a4f1f4,nDCG@10,0.6131471927654584
5ae56a3f5542992663a4f1f4,R@100,0.5
5ae56c875542990ba0bbb2a2,nDCG@10,0.3065735963827292
5ae56c875542990ba0bbb2a2,R@100,0.5
5ae56fb85542993aec5ec1a9,nDCG@10,1.0
5ae56fb85542993aec5ec1a9,R@100,1.0
5ae5736e5542990ba0bbb2b3,nDCG@10,0.8065735963827293
5ae5736e5542990ba0bbb2b3,R@100,1.0
5ae573b25542990ba0bbb2b4,nDCG@10,0.8315546295836225
5ae573b25542990ba0bbb2b4,R@100,1.0
5ae57d3a554299546bf82ee6,nDCG@10,1.0
5ae57d3a554299546bf82ee6,R@100,1.0
5ae588cb55429960a22e0300,nDCG@10,0.38685280723454163
5ae588cb55429960a22e0300,R@100,1.0
5ae5a0765542992663a4f1fb,nDCG@10,0.8772153153380493
5ae5a0765542992663a4f1fb,R@100,1.0
5ae5a3bb55429960a22e0314,nDCG@10,0.8065735963827293
5ae5a3bb55429960a22e0314,R@100,1.0
5ae5a4e5554299546bf82f01,nDCG@10,1.0
5ae5a4e5554299546bf82f01,R@100,1.0
5ae5a63c5542992663a4f203,nDCG@10,0.6131471927654584
5ae5a63c5542992663a4f203,R@100,1.0
5ae5a8435542992663a4f208,nDCG@10,0.6131471927654584
5ae5a8435542992663a4f208,R@100,0.5
5ae5aba0554299546bf82f17,nDCG@10,0.5912352048230277
5ae5aba0554299546bf82f17,R@100,1.0
5ae5b06e554299546bf82f2a,nDCG@10,0.6131471927654584
5ae5b06e554299546bf82f2a,R@100,0.5
5ae5b255554299546bf82f2c,nDCG@10,1.0
5ae5b255554299546bf82f2c,R@100,1.0
5ae5b25d5542990ba0bbb2bb,nDCG@10,0.9197207891481876
5ae5b25d5542990ba0bbb2bb,R@100,1.0
5ae5b301554299546bf82f2d,nDCG@10,1.0
5ae5b301554299546bf82f2d,R@100,1.0
5ae5b81d5542990ba0bbb2c2,nDCG@10,0.6131471927654584
5ae5b81d5542990ba0bbb2c2,R@100,0.5
5ae5b971554299546bf82f3a,nDCG@10,0.6131471927654584
5ae5b971554299546bf82f3a,R@100,0.5
5ae5b99a5542993aec5ec1ce,nDCG@10,0.6509209298071326
5ae5b99a5542993aec5ec1ce,R@100,1.0
5ae5bcbd55429960a22e0324,nDCG@10,0.6131471927654584
5ae5bcbd55429960a22e0324,R@100,0.5
5ae5be02554299546bf82f3e,nDCG@10,0.0
5ae5be02554299546bf82f3e,R@100,0.0
5ae5be475542990ba0bbb2c6,nDCG@10,0.8772153153380493
5ae5be475542990ba0bbb2c6,R@100,1.0
5ae5be86554299546bf82f40,nDCG@10,0.0
5ae5be86554299546bf82f40,R@100,1.0
5ae5c212554299546bf82f4b,nDCG@10,0.9197207891481876
5ae5c212554299546bf82f4b,R@100,1.0
5ae5c27b554299546bf82f4c,nDCG@10,1.0
5ae5c27b554299546bf82f4c,R@100,1.0
5ae5c72a554299546bf82f57,nDCG@10,0.6131471927654584
5ae5c72a554299546bf82f57,R@100,0.5
5ae5c74d554299546bf82f58,nDCG@10,0.38685280723454163
5ae5c74d554299546bf82f58,R@100,1.0
5ae5c7fd554299546bf82f5b,nDCG@10,0.6131471927654584
5ae5c7fd554299546bf82f5b,R@100,1.0
5ae5c8cf554299546bf82f5f,nDCG@10,0.6131471927654584
5ae5c8cf554299546bf82f5f,R@100,0.5
5ae5caff554299546bf82f69,nDCG@10,1.0
5ae5caff554299546bf82f69,R@100,1.0
5ae5cf0b55429929b08079aa,nDCG@10,1.0
5ae5cf0b55429929b08079aa,R@100,1.0
5ae5cf1b554299546bf82f7a,nDCG@10,0.6131471927654584
5ae5cf1b554299546bf82f7a,R@100,0.5
5ae5cf625542996de7b71a22,nDCG@10,0.8503449055347546
5ae5cf625542996de7b71a22,R@100,1.0
5ae5d008554299546bf82f7d,nDCG@10,0.6131471927654584
5ae5d008554299546bf82f7d,R@100,1.0
5ae5d06a55429929b08079b4,nDCG@10,0.6131471927654584
5ae5d06a55429929b08079b4,R@100,0.5
5ae5d0b5554299546bf82f80,nDCG@10,0.38685280723454163
5ae5d0b5554299546bf82f80,R@100,1.0
5ae5d19155429929b08079bc,nDCG@10,0.6240505200038379
5ae5d19155429929b08079bc,R@100,1.0
5ae5d63b5542996de7b71a2d,nDCG@10,1.0
5ae5d63b5542996de7b71a2d,R@100,1.0
5ae5d7b755429929b08079cd,nDCG@10,0.20438239758848611
5ae5d7b755429929b08079cd,R@100,1.0
5ae5d82f554299546bf82f9a,nDCG@10,0.38685280723454163
5ae5d82f554299546bf82f9a,R@100,1.0
5ae5da8d55429929b08079d1,nDCG@10,0.3065735963827292
5ae5da8d55429929b08079d1,R@100,0.5
5ae5dae2554299546bf82fa4,nDCG@10,0.6131471927654584
5ae5dae2554299546bf82fa4,R@100,1.0
5ae5db98554299546bf82fa6,nDCG@10,0.8772153153380493
5ae5db98554299546bf82fa6,R@100,1.0
5ae5df84554299546bf82fa8,nDCG@10,0.6131471927654584
5ae5df84554299546bf82fa8,R@100,1.0
5ae5e0a6554299546bf82fa9,nDCG@10,0.8503449055347546
5ae5e0a6554299546bf82fa9,R@100,1.0
5ae5e1345542996de7b71a50,nDCG@10,0.38685280723454163
5ae5e1345542996de7b71a50,R@100,1.0
5ae5e1985542996de7b71a54,nDCG@10,1.0
5ae5e1985542996de7b71a54,R@100,1.0
5ae5e62455429929b0807a07,nDCG@10,0.2640681225725909
5ae5e62455429929b0807a07,R@100,0.5
5ae5e762554299546bf82faf,nDCG@10,0.3065735963827292
5ae5e762554299546bf82faf,R@100,0.5
5ae5e852554299546bf82fb8,nDCG@10,0.6509209298071326
5ae5e852554299546bf82fb8,R@100,1.0
5ae5e881554299546bf82fbb,nDCG@10,0.6131471927654584
5ae5e881554299546bf82fbb,R@100,1.0
5ae5e8c85542996de7b71a69,nDCG@10,0.0
5ae5e8c85542996de7b71a69,R@100,0.5
5ae5e8dc554299546bf82fbe,nDCG@10,0.8503449055347546
5ae5e8dc554299546bf82fbe,R@100,1.0
5ae5ead6554299546bf82fd0,nDCG@10,1.0
5ae5ead6554299546bf82fd0,R@100,1.0
5ae5eb0d554299546bf82fd2,nDCG@10,1.0
5ae5eb0d554299546bf82fd2,R@100,1.0
5ae5ef105542996de7b71a72,nDCG@10,0.0
5ae5ef105542996de7b71a72,R@100,0.5
5ae5f1a8554299546bf82fd9,nDCG@10,0.5437713091520254
5ae5f1a8554299546bf82fd9,R@100,1.0
5ae5f3bb5542996de7b71a7e,nDCG@10,0.6131471927654584
5ae5f3bb5542996de7b71a7e,R@100,0.5
5ae5f47c5542996de7b71a82,nDCG@10,0.9197207891481876
5ae5f47c5542996de7b71a82,R@100,1.0
5ae5f82a554299546bf82feb,nDCG@10,0.5706417189553201
5ae5f82a554299546bf82feb,R@100,1.0
5ae5f9b355429929b0807a4b,nDCG@10,0.38685280723454163
5ae5f9b355429929b0807a4b,R@100,1.0
5ae5fa38554299546bf82ff1,nDCG@10,0.8772153153380493
5ae5fa38554299546bf82ff1,R@100,1.0
5ae5faf555429929b0807a4c,nDCG@10,0.9197207891481876
5ae5faf555429929b0807a4c,R@100,1.0
5ae5fb2d554299546bf82ff5,nDCG@10,0.6131471927654584
5ae5fb2d554299546bf82ff5,R@100,0.5
5ae5fb55554299546bf82ff6,nDCG@10,1.0
5ae5fb55554299546bf82ff6,R@100,1.0
5ae5fc345542993aec5ec1f8,nDCG@10,0.6131471927654584
5ae5fc345542993aec5ec1f8,R@100,0.5
5ae5fd395542996de7b71ab3,nDCG@10,0.9197207891481876
5ae5fd395542996de7b71ab3,R@100,1.0
5ae5feaf5542996de7b71ac6,nDCG@10,1.0
5ae5feaf5542996de7b71ac6,R@100,1.0
5ae5ff635542996de7b71ace,nDCG@10,0.6131471927654584
5ae5ff635542996de7b71ace,R@100,1.0
5ae5ff845542996de7b71ad0,nDCG@10,0.0
5ae5ff845542996de7b71ad0,R@100,0.5
5ae5ffbb5542996de7b71ad4,nDCG@10,0.8315546295836225
5ae5ffbb5542996de7b71ad4,R@100,1.0
5ae600325542992663a4f237,nDCG@10,0.6131471927654584
5ae600325542992663a4f237,R@100,0.5
5ae601e45542992663a4f23b,nDCG@10,0.0
5ae601e45542992663a4f23b,R@100,0.0
5ae603a65542996de7b71af3,nDCG@10,0.8772153153380493
5ae603a65542996de7b71af3,R@100,1.0
5ae603ba5542996de7b71af4,nDCG@10,0.6131471927654584
5ae603ba5542996de7b71af4,R@100,1.0
5ae60426554299546bf83019,nDCG@10,0.20438239758848611
5ae60426554299546bf83019,R@100,1.0
5ae60484554299546bf8301a,nDCG@10,0.6131471927654584
5ae60484554299546bf8301a,R@100,1.0
5ae604ec5542996de7b71af9,nDCG@10,0.5640920940185894
5ae604ec5542996de7b71af9,R@100,1.0
5ae6050f55429929b0807a5e,nDCG@10,0.7977228895450266
5ae6050f55429929b0807a5e,R@100,1.0
5ae60530554299546bf8301e,nDCG@10,1.0
5ae60530554299546bf8301e,R@100,1.0
5ae6069c55429929b0807a67,nDCG@10,1.0
5ae6069c55429929b0807a67,R@100,1.0
5ae608715542992663a4f244,nDCG@10,0.0
5ae608715542992663a4f244,R@100,0.5
5ae608c15542992663a4f246,nDCG@10,0.6131471927654584
5ae608c15542992663a4f246,R@100,1.0
5ae608f2554299546bf83026,nDCG@10,0.17723928678404774
5ae608f2554299546bf83026,R@100,0.5
5ae6097c55429929b0807a9a,nDCG@10,0.9197207891481876
5ae6097c55429929b0807a9a,R@100,1.0
5ae60d36554299546bf8303e,nDCG@10,1.0
5ae60d36554299546bf8303e,R@100,1.0
5ae60db1554299546bf83041,nDCG@10,0.7977228895450266
5ae60db1554299546bf83041,R@100,1.0
5ae60dcc554299546bf83043,nDCG@10,0.0
5ae60dcc554299546bf83043,R@100,0.5
5ae60ea9554299546bf8304e,nDCG@10,0.6131471927654584
5ae60ea9554299546bf8304e,R@100,0.5
5ae610e55542995703ce8ae1,nDCG@10,0.9197207891481876
5ae610e55542995703ce8ae1,R@100,1.0
5ae612f3554299546bf83065,nDCG@10,0.20438239758848611
5ae612f3554299546bf83065,R@100,1.0
5ae61351554299546bf83066,nDCG@10,0.19342640361727081
5ae61351554299546bf83066,R@100,1.0
5ae614215542992663a4f254,nDCG@10,0.0
5ae614215542992663a4f254,R@100,0.0
5ae6143f5542996de7b71b2d,nDCG@10,0.9197207891481876
5ae6143f5542996de7b71b2d,R@100,1.0
5ae6152d5542996de7b71b38,nDCG@10,0.6131471927654584
5ae6152d5542996de7b71b38,R@100,0.5
5ae616ce5542992663a4f259,nDCG@10,0.6131471927654584
5ae616ce5542992663a4f259,R@100,0.5
5ae617285542996de7b71b4c,nDCG@10,0.6131471927654584
5ae617285542996de7b71b4c,R@100,0.5
5ae6179b5542992663a4f25b,nDCG@10,0.9197207891481876
5ae6179b5542992663a4f25b,R@100,1.0
5ae618325542996de7b71b56,nDCG@10,1.0
5ae618325542996de7b71b56,R@100,1.0
5ae618535542995703ce8af7,nDCG@10,0.6131471927654584
5ae618535542995703ce8af7,R@100,0.5
5ae6196d5542995703ce8afd,nDCG@10,0.6131471927654584
5ae6196d5542995703ce8afd,R@100,1.0
5ae61ac355429929b0807ac6,nDCG@10,0.8772153153380493
5ae61ac355429929b0807ac6,R@100,1.0
5ae61bfd5542992663a4f261,nDCG@10,0.38685280723454163
5ae61bfd5542992663a4f261,R@100,0.5
5ae61dce5542992663a4f262,nDCG@10,0.6131471927654584
5ae61dce5542992663a4f262,R@100,1.0
5ae61e7555429929b0807adf,nDCG@10,0.6131471927654584
5ae61e7555429929b0807adf,R@100,1.0
5ae622495542995703ce8b20,nDCG@10,0.6131471927654584
5ae622495542995703ce8b20,R@100,0.5
5ae6233c5542992ae0d1623e,nDCG@10,0.8065735963827293
5ae6233c5542992ae0d1623e,R@100,1.0
5ae625935542995703ce8b2a,nDCG@10,1.0
5ae625935542995703ce8b2a,R@100,1.0
5ae628f55542995703ce8b32,nDCG@10,0.0
5ae628f55542995703ce8b32,R@100,0.5
5ae628fd5542995703ce8b33,nDCG@10,0.6131471927654584
5ae628fd5542995703ce8b33,R@100,1.0
5ae629215542995703ce8b34,nDCG@10,0.6131471927654584
5ae629215542995703ce8b34,R@100,0.5
5ae62c385542995703ce8b3e,nDCG@10,0.6131471927654584
5ae62c385542995703ce8b3e,R@100,0.5
5ae6316d5542996de7b71b87,nDCG@10,1.0
5ae6316d5542996de7b71b87,R@100,1.0
5ae634355542995703ce8b41,nDCG@10,0.6131471927654584
5ae634355542995703ce8b41,R@100,0.5
5ae635505542992ae0d16282,nDCG@10,0.0
5ae635505542992ae0d16282,R@100,0.0
5ae6363b55429929b0807af0,nDCG@10,0.6131471927654584
5ae6363b55429929b0807af0,R@100,0.5
5ae6368a5542992ae0d16284,nDCG@10,0.6131471927654584
5ae6368a5542992ae0d16284,R@100,0.5
5ae6371155429929b0807af1,nDCG@10,0.6131471927654584
5ae6371155429929b0807af1,R@100,1.0
5ae638865542992ae0d1628c,nDCG@10,0.6131471927654584
5ae638865542992ae0d1628c,R@100,0.5
5ae63b2255429908198fa526,nDCG@10,0.7903864795495061
5ae63b2255429908198fa526,R@100,1.0
5ae63cc55542992ae0d16298,nDCG@10,0.38685280723454163
5ae63cc55542992ae0d16298,R@100,1.0
5ae63dad55429929b0807afe,nDCG@10,0.6131471927654584
5ae63dad55429929b0807afe,R@100,0.5
5ae63e3255429929b0807aff,nDCG@10,1.0
5ae63e3255429929b0807aff,R@100,1.0
5ae641f65542992ae0d162a3,nDCG@10,0.0
5ae641f65542992ae0d162a3,R@100,0.5
5ae6443355429908198fa563,nDCG@10,1.0
5ae6443355429908198fa563,R@100,1.0
5ae644c55542992663a4f27e,nDCG@10,0.6131471927654584
5ae644c55542992663a4f27e,R@100,0.5
5ae644cc55429908198fa568,nDCG@10,0.6131471927654584
5ae644cc55429908198fa568,R@100,1.0
5ae6453e55429908198fa56c,nDCG@10,0.38685280723454163
5ae6453e55429908198fa56c,R@100,0.5
5ae6479a55429929b0807b1b,nDCG@10,1.0
5ae6479a55429929b0807b1b,R@100,1.0
5ae648b955429929b0807b1d,nDCG@10,1.0
5ae648b955429929b0807b1d,R@100,1.0
5ae64ad25542995703ce8b4f,nDCG@10,0.0
5ae64ad25542995703ce8b4f,R@100,0.0
5ae64b015542992ae0d162bc,nDCG@10,1.0
5ae64b015542992ae0d162bc,R@100,1.0
5ae64b1d55429929b0807b24,nDCG@10,0.6131471927654584
5ae64b1d55429929b0807b24,R@100,0.5
5ae64ba755429929b0807b25,nDCG@10,0.6131471927654584
5ae64ba755429929b0807b25,R@100,0.5
5ae64ffd5542992ae0d162ce,nDCG@10,0.0
5ae64ffd5542992ae0d162ce,R@100,0.5
5ae650fb55429929b0807b2e,nDCG@10,0.38685280723454163
5ae650fb55429929b0807b2e,R@100,1.0
5ae6529a55429929b0807b32,nDCG@10,0.6131471927654584
5ae6529a55429929b0807b32,R@100,1.0
5ae6537c5542991bbc9760c1,nDCG@10,1.0
5ae6537c5542991bbc9760c1,R@100,1.0
5ae6545f5542991bbc9760c2,nDCG@10,0.0
5ae6545f5542991bbc9760c2,R@100,0.5
5ae655845542991bbc9760c3,nDCG@10,1.0
5ae655845542991bbc9760c3,R@100,1.0
5ae657d55542995703ce8b5b,nDCG@10,0.6131471927654584
5ae657d55542995703ce8b5b,R@100,0.5
5ae658855542992ae0d162e3,nDCG@10,0.0
5ae658855542992ae0d162e3,R@100,0.0
5ae65b845542992ae0d162f1,nDCG@10,0.6131471927654584
5ae65b845542992ae0d162f1,R@100,1.0
5ae65c925542992ae0d162f9,nDCG@10,0.9197207891481876
5ae65c925542992ae0d162f9,R@100,1.0
5ae65e6a5542996d980e7b1d,nDCG@10,0.6131471927654584
5ae65e6a5542996d980e7b1d,R@100,0.5
5ae6638555429908198fa5ba,nDCG@10,0.6131471927654584
5ae6638555429908198fa5ba,R@100,0.5
5ae663b05542992ae0d16316,nDCG@10,0.6131471927654584
5ae663b05542992ae0d16316,R@100,0.5
5ae665795542991bbc9760c9,nDCG@10,0.6131471927654584
5ae665795542991bbc9760c9,R@100,0.5
5ae666d35542991bbc9760cc,nDCG@10,0.6131471927654584
5ae666d35542991bbc9760cc,R@100,1.0
5ae66b055542995703ce8b61,nDCG@10,0.3065735963827292
5ae66b055542995703ce8b61,R@100,1.0
5ae66d515542992ae0d16346,nDCG@10,0.6131471927654584
5ae66d515542992ae0d16346,R@100,0.5
5ae66d785542996d980e7b67,nDCG@10,1.0
5ae66d785542996d980e7b67,R@100,1.0
5ae675245542991bbc9760dc,nDCG@10,0.6131471927654584
5ae675245542991bbc9760dc,R@100,0.5
5ae676915542995703ce8b66,nDCG@10,0.38685280723454163
5ae676915542995703ce8b66,R@100,0.5
5ae678915542996d980e7b70,nDCG@10,0.6131471927654584
5ae678915542996d980e7b70,R@100,0.5
5ae6793e5542991bbc9760e2,nDCG@10,0.6131471927654584
5ae6793e5542991bbc9760e2,R@100,1.0
5ae6795855429908198fa5e4,nDCG@10,0.6131471927654584
5ae6795855429908198fa5e4,R@100,0.5
5ae679ec5542996d980e7b75,nDCG@10,0.6131471927654584
5ae679ec5542996d980e7b75,R@100,0.5
5ae67dba55429908198fa5f0,nDCG@10,1.0
5ae67dba55429908198fa5f0,R@100,1.0
5ae67def5542991bbc9760f3,nDCG@10,0.6131471927654584
5ae67def5542991bbc9760f3,R@100,1.0
5ae67fad5542991bbc976100,nDCG@10,0.6131471927654584
5ae67fad5542991bbc976100,R@100,0.5
5ae67fba5542996d980e7b9a,nDCG@10,0.0
5ae67fba5542996d980e7b9a,R@100,0.0
5ae6808f5542995703ce8b6b,nDCG@10,0.6131471927654584
5ae6808f5542995703ce8b6b,R@100,0.5
5ae680cc5542996d980e7ba5,nDCG@10,0.0
5ae680cc5542996d980e7ba5,R@100,0.0
5ae6828f5542996d980e7bb9,nDCG@10,0.9197207891481876
5ae6828f5542996d980e7bb9,R@100,1.0
5ae682c45542995703ce8b6f,nDCG@10,0.9197207891481876
5ae682c45542995703ce8b6f,R@100,1.0
5ae684925542995703ce8b71,nDCG@10,0.6131471927654584
5ae684925542995703ce8b71,R@100,0.5
5ae684fe5542991bbc97610e,nDCG@10,1.0
5ae684fe5542991bbc97610e,R@100,1.0
5ae685fd5542996d980e7bda,nDCG@10,1.0
5ae685fd5542996d980e7bda,R@100,1.0
5ae6860e5542991bbc976112,nDCG@10,1.0
5ae6860e5542991bbc976112,R@100,1.0
5ae686535542996d980e7bdc,nDCG@10,1.0
5ae686535542996d980e7bdc,R@100,1.0
5ae688065542996d980e7beb,nDCG@10,0.6131471927654584
5ae688065542996d980e7beb,R@100,0.5
5ae68a065542991bbc97611e,nDCG@10,0.6131471927654584
5ae68a065542991bbc97611e,R@100,0.5
5ae68e0055429908198fa607,nDCG@10,0.6131471927654584
5ae68e0055429908198fa607,R@100,1.0
5ae68fb45542991bbc97612a,nDCG@10,1.0
5ae68fb45542991bbc97612a,R@100,1.0
5ae68fcb5542992ae0d1635b,nDCG@10,0.6131471927654584
5ae68fcb5542992ae0d1635b,R@100,0.5
5ae690b055429908198fa622,nDCG@10,0.6131471927654584
5ae690b055429908198fa622,R@100,0.5
5ae6911955429908198fa626,nDCG@10,0.38685280723454163
5ae6911955429908198fa626,R@100,0.5
5ae6914755429908198fa627,nDCG@10,0.6131471927654584
5ae6914755429908198fa627,R@100,0.5
5ae692e35542996d980e7c0e,nDCG@10,1.0
5ae692e35542996d980e7c0e,R@100,1.0
5ae6940e5542991bbc97613f,nDCG@10,0.6131471927654584
5ae6940e5542991bbc97613f,R@100,1.0
5ae694a15542991bbc976141,nDCG@10,0.0
5ae694a15542991bbc976141,R@100,0.5
5ae69cfe55429908198fa65f,nDCG@10,0.6131471927654584
5ae69cfe55429908198fa65f,R@100,0.5
5ae69df255429908198fa664,nDCG@10,0.6131471927654584
5ae69df255429908198fa664,R@100,0.5
5ae69e3f5542996d980e7c61,nDCG@10,0.6131471927654584
5ae69e3f5542996d980e7c61,R@100,1.0
5ae69e6d5542996d980e7c62,nDCG@10,0.21840743681816419
5ae69e6d5542996d980e7c62,R@100,0.5
5ae69fa755429908198fa66c,nDCG@10,0.6131471927654584
5ae69fa755429908198fa66c,R@100,0.5
5ae6a5d15542991bbc97615d,nDCG@10,0.6131471927654584
5ae6a5d15542991bbc97615d,R@100,0.5
5ae6b6065542991bbc976168,nDCG@10,0.8503449055347546
5ae6b6065542991bbc976168,R@100,1.0
5ae6c0f35542991bbc97616f,nDCG@10,0.6131471927654584
5ae6c0f35542991bbc97616f,R@100,0.5
5ae6c2285542995703ce8b9a,nDCG@10,0.9197207891481876
5ae6c2285542995703ce8b9a,R@100,1.0
5ae6c7b35542992ae0d1639c,nDCG@10,0.6131471927654584
5ae6c7b35542992ae0d1639c,R@100,0.5
5ae6d3345542996d980e7c85,nDCG@10,0.9197207891481876
5ae6d3345542996d980e7c85,R@100,1.0
5ae6dba85542996d980e7c9b,nDCG@10,0.6131471927654584
5ae6dba85542996d980e7c9b,R@100,0.5
5ae6dd745542996d980e7ca0,nDCG@10,0.6131471927654584
5ae6dd745542996d980e7ca0,R@100,0.5
5ae6e0485542996d980e7ca6,nDCG@10,0.9197207891481876
5ae6e0485542996d980e7ca6,R@100,1.0
5ae6e36155429908198fa6d3,nDCG@10,0.6131471927654584
5ae6e36155429908198fa6d3,R@100,1.0
5ae6f1675542991bbc9761a1,nDCG@10,0.38685280723454163
5ae6f1675542991bbc9761a1,R@100,1.0
5ae6f2a7554299572ea5464a,nDCG@10,1.0
5ae6f2a7554299572ea5464a,R@100,1.0
5ae6fee3554299572ea54670,nDCG@10,0.6131471927654584
5ae6fee3554299572ea54670,R@100,0.5
5ae701b2554299572ea54680,nDCG@10,0.6131471927654584
5ae701b2554299572ea54680,R@100,0.5
5ae70369554299572ea54683,nDCG@10,0.6131471927654584
5ae70369554299572ea54683,R@100,1.0
5ae705725542995703ce8bbc,nDCG@10,0.0
5ae705725542995703ce8bbc,R@100,0.5
5ae707a25542991bbc9761a7,nDCG@10,0.0
5ae707a25542991bbc9761a7,R@100,1.0
5ae70c7b5542991bbc9761aa,nDCG@10,0.8772153153380493
5ae70c7b5542991bbc9761aa,R@100,1.0
5ae70ed7554299572ea546a1,nDCG@10,0.38685280723454163
5ae70ed7554299572ea546a1,R@100,1.0
5ae70f4c5542991bbc9761b2,nDCG@10,0.9197207891481876
5ae70f4c5542991bbc9761b2,R@100,1.0
5ae712fa554299572ea546b9,nDCG@10,0.6131471927654584
5ae712fa554299572ea546b9,R@100,1.0
5ae713af554299572ea546bb,nDCG@10,0.6131471927654584
5ae713af554299572ea546bb,R@100,0.5
5ae71bee554299572ea546ea,nDCG@10,0.8772153153380493
5ae71bee554299572ea546ea,R@100,1.0
5ae71c4c554299572ea546ee,nDCG@10,0.6131471927654584
5ae71c4c554299572ea546ee,R@100,1.0
5ae71d2d554299572ea546f7,nDCG@10,0.6131471927654584
5ae71d2d554299572ea546f7,R@100,1.0
5ae71d87554299572ea546fa,nDCG@10,0.8503449055347546
5ae71d87554299572ea546fa,R@100,1.0
5ae71f06554299572ea54708,nDCG@10,1.0
5ae71f06554299572ea54708,R@100,1.0
5ae720e9554299572ea54715,nDCG@10,0.6131471927654584
5ae720e9554299572ea54715,R@100,1.0
5ae721885542996d980e7cba,nDCG@10,0.3065735963827292
5ae721885542996d980e7cba,R@100,0.5
5ae721c15542996d980e7cbc,nDCG@10,0.6131471927654584
5ae721c15542996d980e7cbc,R@100,0.5
5ae7247b5542992ae0d163c1,nDCG@10,0.5437713091520254
5ae7247b5542992ae0d163c1,R@100,1.0
5ae724ec5542995703ce8bd8,nDCG@10,0.0
5ae724ec5542995703ce8bd8,R@100,1.0
5ae7257a554299572ea54731,nDCG@10,1.0
5ae7257a554299572ea54731,R@100,1.0
5ae7281c5542991e8301cb69,nDCG@10,0.0
5ae7281c5542991e8301cb69,R@100,0.5
5ae72a975542991e8301cb75,nDCG@10,0.0
5ae72a975542991e8301cb75,R@100,0.5
5ae72ab25542991e8301cb77,nDCG@10,1.0
5ae72ab25542991e8301cb77,R@100,1.0
5ae72b745542991e8301cb7f,nDCG@10,0.0
5ae72b745542991e8301cb7f,R@100,1.0
5ae72b96554299572ea5474e,nDCG@10,0.6934264036172708
5ae72b96554299572ea5474e,R@100,1.0
5ae72c1e554299572ea54754,nDCG@10,0.6131471927654584
5ae72c1e554299572ea54754,R@100,0.5
5ae72c7d5542991e8301cb91,nDCG@10,1.0
5ae72c7d5542991e8301cb91,R@100,1.0
5ae72ca35542991e8301cb92,nDCG@10,0.6131471927654584
5ae72ca35542991e8301cb92,R@100,1.0
5ae72e5d5542991e8301cba8,nDCG@10,0.6131471927654584
5ae72e5d5542991e8301cba8,R@100,0.5
5ae72e79554299572ea54763,nDCG@10,0.6131471927654584
5ae72e79554299572ea54763,R@100,0.5
5ae72f75554299572ea5476c,nDCG@10,0.6131471927654584
5ae72f75554299572ea5476c,R@100,0.5
5ae72fc5554299572ea54770,nDCG@10,0.6131471927654584
5ae72fc5554299572ea54770,R@100,1.0
5ae72fd95542991e8301cbb4,nDCG@10,0.6131471927654584
5ae72fd95542991e8301cbb4,R@100,0.5
5ae7308d5542991e8301cbb8,nDCG@10,0.0
5ae7308d5542991e8301cbb8,R@100,0.5
5ae7313c5542991e8301cbbc,nDCG@10,0.38685280723454163
5ae7313c5542991e8301cbbc,R@100,0.5
5ae7316e554299572ea5477e,nDCG@10,1.0
5ae7316e554299572ea5477e,R@100,1.0
5ae731ae5542991bbc9761c1,nDCG@10,0.6131471927654584
5ae731ae5542991bbc9761c1,R@100,0.5
5ae731c4554299572ea54781,nDCG@10,0.23719771276929622
5ae731c4554299572ea54781,R@100,0.5
5ae733dc5542991e8301cbd1,nDCG@10,0.9197207891481876
5ae733dc5542991e8301cbd1,R@100,1.0
5ae736cb5542991bbc9761c2,nDCG@10,0.2640681225725909
5ae736cb5542991bbc9761c2,R@100,0.5
5ae7376f5542992ae0d163d2,nDCG@10,0.6131471927654584
5ae7376f5542992ae0d163d2,R@100,0.5
5ae7385d5542992ae0d163da,nDCG@10,0.6131471927654584
5ae7385d5542992ae0d163da,R@100,0.5
5ae738f75542991bbc9761c4,nDCG@10,0.0
5ae738f75542991bbc9761c4,R@100,0.5
5ae73acb5542991e8301cc07,nDCG@10,0.7977228895450266
5ae73acb5542991e8301cc07,R@100,1.0
5ae73c00554299572ea5478a,nDCG@10,0.5714285040141098
5ae73c00554299572ea5478a,R@100,1.0
5ae73c065542991e8301cc18,nDCG@10,0.8503449055347546
5ae73c065542991e8301cc18,R@100,1.0
5ae73d235542991e8301cc29,nDCG@10,1.0
5ae73d235542991e8301cc29,R@100,1.0
5ae73d415542991e8301cc2b,nDCG@10,0.6131471927654584
5ae73d415542991e8301cc2b,R@100,0.5
5ae73d505542991e8301cc2c,nDCG@10,1.0
5ae73d505542991e8301cc2c,R@100,1.0
5ae73ddb554299572ea5478d,nDCG@10,1.0
5ae73ddb554299572ea5478d,R@100,1.0
5ae73eca5542991e8301cc37,nDCG@10,0.0
5ae73eca5542991e8301cc37,R@100,0.0
5ae74351554299572ea5479f,nDCG@10,0.6131471927654584
5ae74351554299572ea5479f,R@100,0.5
5ae7473f5542991bbc9761d2,nDCG@10,0.0
5ae7473f5542991bbc9761d2,R@100,0.5
5ae74818554299572ea547ad,nDCG@10,1.0
5ae74818554299572ea547ad,R@100,1.0
5ae74890554299572ea547af,nDCG@10,0.6131471927654584
5ae74890554299572ea547af,R@100,0.5
5ae748d1554299572ea547b0,nDCG@10,0.8772153153380493
5ae748d1554299572ea547b0,R@100,1.0
5ae74baa5542997b22f6a68f,nDCG@10,0.6131471927654584
5ae74baa5542997b22f6a68f,R@100,1.0
5ae74eeb5542991bbc9761e1,nDCG@10,0.8065735963827293
5ae74eeb5542991bbc9761e1,R@100,1.0
5ae74fb95542991e8301cc57,nDCG@10,0.38685280723454163
5ae74fb95542991e8301cc57,R@100,1.0
5ae74fc45542997b22f6a6b4,nDCG@10,0.6131471927654584
5ae74fc45542997b22f6a6b4,R@100,0.5
5ae7525f5542991e8301cc60,nDCG@10,0.6131471927654584
5ae7525f5542991e8301cc60,R@100,0.5
5ae7535c5542997b22f6a6d8,nDCG@10,0.6131471927654584
5ae7535c5542997b22f6a6d8,R@100,0.5
5ae759b25542991e8301cc6b,nDCG@10,0.6131471927654584
5ae759b25542991e8301cc6b,R@100,1.0
5ae75a4c5542997b22f6a6f1,nDCG@10,1.0
5ae75a4c5542997b22f6a6f1,R@100,1.0
5ae75a5a5542991bbc9761f3,nDCG@10,0.9197207891481876
5ae75a5a5542991bbc9761f3,R@100,1.0
5ae75c395542991bbc9761f7,nDCG@10,0.6131471927654584
5ae75c395542991bbc9761f7,R@100,1.0
5ae75c6e5542991bbc9761f8,nDCG@10,0.6131471927654584
5ae75c6e5542991bbc9761f8,R@100,1.0
5ae75e335542991e8301cc70,nDCG@10,0.38685280723454163
5ae75e335542991e8301cc70,R@100,0.5
5ae75eb15542995703ce8bf8,nDCG@10,0.6934264036172708
5ae75eb15542995703ce8bf8,R@100,1.0
5ae75eb45542991bbc976201,nDCG@10,0.0
5ae75eb45542991bbc976201,R@100,1.0
5ae760415542997b22f6a708,nDCG@10,0.6131471927654584
5ae760415542997b22f6a708,R@100,0.5
5ae7620f5542997ec2727627,nDCG@10,0.8503449055347546
5ae7620f5542997ec2727627,R@100,1.0
5ae762835542997b22f6a711,nDCG@10,0.6131471927654584
5ae762835542997b22f6a711,R@100,1.0
5ae762985542995703ce8c04,nDCG@10,1.0
5ae762985542995703ce8c04,R@100,1.0
5ae763aa5542995703ce8c09,nDCG@10,1.0
5ae763aa5542995703ce8c09,R@100,1.0
5ae764a85542997b22f6a720,nDCG@10,0.38685280723454163
5ae764a85542997b22f6a720,R@100,0.5
5ae765185542995703ce8c0f,nDCG@10,0.9197207891481876
5ae765185542995703ce8c0f,R@100,1.0
5ae765bf5542995703ce8c12,nDCG@10,1.0
5ae765bf5542995703ce8c12,R@100,1.0
5ae7690c5542995703ce8c22,nDCG@10,0.0
5ae7690c5542995703ce8c22,R@100,0.5
5ae76c235542991e8301cc97,nDCG@10,0.8315546295836225
5ae76c235542991e8301cc97,R@100,1.0
5ae76c625542997ec272763e,nDCG@10,0.8065735963827293
5ae76c625542997ec272763e,R@100,1.0
5ae76d185542997ec2727641,nDCG@10,0.0
5ae76d185542997ec2727641,R@100,0.5
5ae76dfd5542997b22f6a755,nDCG@10,0.8772153153380493
5ae76dfd5542997b22f6a755,R@100,1.0
5ae76e615542997ec2727647,nDCG@10,0.6131471927654584
5ae76e615542997ec2727647,R@100,1.0
5ae7739c5542997b22f6a775,nDCG@10,0.8315546295836225
5ae7739c5542997b22f6a775,R@100,1.0
5ae773eb5542997b22f6a777,nDCG@10,0.6131471927654584
5ae773eb5542997b22f6a777,R@100,1.0
5ae7766455429952e35ea920,nDCG@10,1.0
5ae7766455429952e35ea920,R@100,1.0
5ae7793c554299540e5a55c2,nDCG@10,0.3065735963827292
5ae7793c554299540e5a55c2,R@100,0.5
5ae779a555429952e35ea931,nDCG@10,1.0
5ae779a555429952e35ea931,R@100,1.0
5ae77c245542997b22f6a795,nDCG@10,0.6131471927654584
5ae77c245542997b22f6a795,R@100,0.5
5ae780a55542997b22f6a79f,nDCG@10,0.5706417189553201
5ae780a55542997b22f6a79f,R@100,1.0
5ae780bf554299540e5a55d0,nDCG@10,0.6131471927654584
5ae780bf554299540e5a55d0,R@100,1.0
5ae7821b5542997ec2727678,nDCG@10,0.8175295903539445
5ae7821b5542997ec2727678,R@100,1.0
5ae785685542994a481bbd47,nDCG@10,0.6131471927654584
5ae785685542994a481bbd47,R@100,0.5
5ae786c8554299540e5a55d7,nDCG@10,0.6131471927654584
5ae786c8554299540e5a55d7,R@100,1.0
5ae7882b554299540e5a55dd,nDCG@10,0.21840743681816419
5ae7882b554299540e5a55dd,R@100,0.5
5ae788fa55429952e35ea964,nDCG@10,0.46845052016107697
5ae788fa55429952e35ea964,R@100,1.0
5ae789615542997ec2727695,nDCG@10,0.9197207891481876
5ae789615542997ec2727695,R@100,1.0
5ae78d155542994a481bbd99,nDCG@10,1.0
5ae78d155542994a481bbd99,R@100,1.0
5ae78f3b554299540e5a5608,nDCG@10,0.6131471927654584
5ae78f3b554299540e5a5608,R@100,0.5
5ae7909f5542994a481bbda6,nDCG@10,0.8772153153380493
5ae7909f5542994a481bbda6,R@100,1.0
5ae791245542997b22f6a7a3,nDCG@10,1.0
5ae791245542997b22f6a7a3,R@100,1.0
5ae791a55542994a481bbdaa,nDCG@10,0.6131471927654584
5ae791a55542994a481bbdaa,R@100,1.0
5ae791cf55429952e35ea978,nDCG@10,0.9197207891481876
5ae791cf55429952e35ea978,R@100,1.0
5ae791ef55429952e35ea979,nDCG@10,0.8315546295836225
5ae791ef55429952e35ea979,R@100,1.0
5ae7922f5542994a481bbdac,nDCG@10,0.6131471927654584
5ae7922f5542994a481bbdac,R@100,0.5
5ae792f55542994a481bbdae,nDCG@10,0.6131471927654584
5ae792f55542994a481bbdae,R@100,1.0
5ae7936d5542997ec27276a7,nDCG@10,0.6131471927654584
5ae7936d5542997ec27276a7,R@100,1.0
5ae7940c55429952e35ea984,nDCG@10,1.0
5ae7940c55429952e35ea984,R@100,1.0
5ae794215542997ec27276a8,nDCG@10,0.6131471927654584
5ae794215542997ec27276a8,R@100,0.5
5ae7945d5542997b22f6a7ba,nDCG@10,0.6131471927654584
5ae7945d5542997b22f6a7ba,R@100,0.5
5ae7954b554299540e5a5620,nDCG@10,0.6131471927654584
5ae7954b554299540e5a5620,R@100,1.0
5ae796af554299540e5a5623,nDCG@10,0.6131471927654584
5ae796af554299540e5a5623,R@100,1.0
5ae798ce55429952e35ea995,nDCG@10,0.0
5ae798ce55429952e35ea995,R@100,0.0
5ae7a2e255429952e35ea99e,nDCG@10,0.7903864795495061
5ae7a2e255429952e35ea99e,R@100,1.0
5ae7a5f05542993210983ece,nDCG@10,0.3065735963827292
5ae7a5f05542993210983ece,R@100,0.5
5ae7a6da5542994a481bbdb9,nDCG@10,0.6131471927654584
5ae7a6da5542994a481bbdb9,R@100,1.0
5ae7a8175542993210983ed8,nDCG@10,0.6131471927654584
5ae7a8175542993210983ed8,R@100,1.0
5ae7a8d35542994a481bbdbb,nDCG@10,0.38685280723454163
5ae7a8d35542994a481bbdbb,R@100,1.0
5ae7a9765542994a481bbdbc,nDCG@10,0.9197207891481876
5ae7a9765542994a481bbdbc,R@100,1.0
5ae7ac495542993210983eee,nDCG@10,0.0
5ae7ac495542993210983eee,R@100,0.5
5ae7ad385542993210983ef0,nDCG@10,1.0
5ae7ad385542993210983ef0,R@100,1.0
5ae7ae9a5542993210983ef2,nDCG@10,0.6131471927654584
5ae7ae9a5542993210983ef2,R@100,1.0
5ae7b001554299540e5a5645,nDCG@10,0.0
5ae7b001554299540e5a5645,R@100,0.0
5ae7b271554299540e5a564d,nDCG@10,0.2640681225725909
5ae7b271554299540e5a564d,R@100,1.0
5ae7b40e5542994a481bbdbd,nDCG@10,0.21840743681816419
5ae7b40e5542994a481bbdbd,R@100,0.5
5ae7b6055542993210983f00,nDCG@10,0.9197207891481876
5ae7b6055542993210983f00,R@100,1.0
5ae7ba7a5542993210983f12,nDCG@10,0.0
5ae7ba7a5542993210983f12,R@100,0.5
5ae7bdc05542993210983f29,nDCG@10,0.6131471927654584
5ae7bdc05542993210983f29,R@100,0.5
5ae7c2dc5542994a481bbdd3,nDCG@10,0.6131471927654584
5ae7c2dc5542994a481bbdd3,R@100,0.5
5ae7c5ef5542993210983f44,nDCG@10,0.0
5ae7c5ef5542993210983f44,R@100,0.0
5ae7cb575542997ec27276ea,nDCG@10,0.8772153153380493
5ae7cb575542997ec27276ea,R@100,1.0
5ae7cb9b5542994a481bbde2,nDCG@10,0.6131471927654584
5ae7cb9b5542994a481bbde2,R@100,1.0
5ae7cea355429952e35ea9c1,nDCG@10,0.38685280723454163
5ae7cea355429952e35ea9c1,R@100,1.0
5ae7d03b55429952e35ea9c2,nDCG@10,1.0
5ae7d03b55429952e35ea9c2,R@100,1.0
5ae7d0675542994a481bbdf2,nDCG@10,0.6131471927654584
5ae7d0675542994a481bbdf2,R@100,0.5
5ae7da705542993210983f96,nDCG@10,0.0
5ae7da705542993210983f96,R@100,0.5
5ae7db435542993210983f9a,nDCG@10,0.2640681225725909
5ae7db435542993210983f9a,R@100,1.0
5ae7e1fc55429952e35ea9cc,nDCG@10,1.0
5ae7e1fc55429952e35ea9cc,R@100,1.0
5ae7e8b855429952e35ea9dd,nDCG@10,0.0
5ae7e8b855429952e35ea9dd,R@100,0.5
5ae7e8f55542994a481bbe06,nDCG@10,0.38685280723454163
5ae7e8f55542994a481bbe06,R@100,1.0
5ae7e9af5542994a481bbe0e,nDCG@10,0.6131471927654584
5ae7e9af5542994a481bbe0e,R@100,0.5
5ae7ea695542994a481bbe17,nDCG@10,0.6934264036172708
5ae7ea695542994a481bbe17,R@100,1.0
5ae7eaf65542994a481bbe1d,nDCG@10,0.6131471927654584
5ae7eaf65542994a481bbe1d,R@100,0.5
5ae7eb3c5542994a481bbe20,nDCG@10,0.6131471927654584
5ae7eb3c5542994a481bbe20,R@100,1.0
5ae7eb43554299540e5a5695,nDCG@10,0.6131471927654584
5ae7eb43554299540e5a5695,R@100,0.5
5ae7ed17554299540e5a56a3,nDCG@10,0.6131471927654584
5ae7ed17554299540e5a56a3,R@100,0.5
5ae7ed9555429952e35ea9e6,nDCG@10,1.0
5ae7ed9555429952e35ea9e6,R@100,1.0
5ae7edee554299540e5a56ad,nDCG@10,0.6131471927654584
5ae7edee554299540e5a56ad,R@100,0.5
5ae7ee41554299540e5a56b0,nDCG@10,0.6131471927654584
5ae7ee41554299540e5a56b0,R@100,0.5
5ae7eed8554299540e5a56b5,nDCG@10,0.6131471927654584
5ae7eed8554299540e5a56b5,R@100,1.0
5ae7eefd554299540e5a56b6,nDCG@10,0.6131471927654584
5ae7eefd554299540e5a56b6,R@100,0.5
5ae7ef625542994a481bbe40,nDCG@10,0.4227898344066503
5ae7ef625542994a481bbe40,R@100,1.0
5ae7f0c75542994a481bbe44,nDCG@10,0.7977228895450266
5ae7f0c75542994a481bbe44,R@100,1.0
5ae7f1e65542994a481bbe4a,nDCG@10,1.0
5ae7f1e65542994a481bbe4a,R@100,1.0
5ae7f41c5542997ec2727701,nDCG@10,0.8772153153380493
5ae7f41c5542997ec2727701,R@100,1.0
5ae7f56e5542993210983fd1,nDCG@10,0.6131471927654584
5ae7f56e5542993210983fd1,R@100,0.5
5ae7f6be554299540e5a56db,nDCG@10,0.6131471927654584
5ae7f6be554299540e5a56db,R@100,0.5
5ae7f7d85542994a481bbe52,nDCG@10,0.6509209298071326
5ae7f7d85542994a481bbe52,R@100,1.0
5ae7f7ec554299540e5a56de,nDCG@10,0.7977228895450266
5ae7f7ec554299540e5a56de,R@100,1.0
5ae7fa5a554299540e5a56e4,nDCG@10,0.6934264036172708
5ae7fa5a554299540e5a56e4,R@100,1.0
5ae7fb1155429952e35ea9eb,nDCG@10,0.40298313359773236
5ae7fb1155429952e35ea9eb,R@100,1.0
5ae7fd085542993210984007,nDCG@10,1.0
5ae7fd085542993210984007,R@100,1.0
5ae7fde25542994a481bbe66,nDCG@10,0.38685280723454163
5ae7fde25542994a481bbe66,R@100,0.5
5ae7ff745542994a481bbe6e,nDCG@10,0.38685280723454163
5ae7ff745542994a481bbe6e,R@100,0.5
5ae8027d5542993210984031,nDCG@10,0.6131471927654584
5ae8027d5542993210984031,R@100,0.5
5ae803915542994a481bbe80,nDCG@10,0.6131471927654584
5ae803915542994a481bbe80,R@100,0.5
5ae807d25542993210984045,nDCG@10,0.6131471927654584
5ae807d25542993210984045,R@100,0.5
5ae80919554299540e5a56f6,nDCG@10,0.9197207891481876
5ae80919554299540e5a56f6,R@100,1.0
5ae8096f5542994a481bbe99,nDCG@10,0.6131471927654584
5ae8096f5542994a481bbe99,R@100,1.0
5ae80d25554299540e5a5709,nDCG@10,0.6131471927654584
5ae80d25554299540e5a5709,R@100,1.0
5ae80f73554299540e5a5722,nDCG@10,1.0
5ae80f73554299540e5a5722,R@100,1.0
5ae81032554299540e5a572a,nDCG@10,0.21840743681816419
5ae81032554299540e5a572a,R@100,1.0
5ae81060554299540e5a572c,nDCG@10,0.6131471927654584
5ae81060554299540e5a572c,R@100,0.5
5ae8161555429952e35eaa04,nDCG@10,0.6131471927654584
5ae8161555429952e35eaa04,R@100,0.5
5ae8164d5542994a481bbeb6,nDCG@10,0.6131471927654584
5ae8164d5542994a481bbeb6,R@100,0.5
5ae8167b55429952e35eaa06,nDCG@10,0.6131471927654584
5ae8167b55429952e35eaa06,R@100,1.0
5ae8189655429952e35eaa11,nDCG@10,0.6934264036172708
5ae8189655429952e35eaa11,R@100,1.0
5ae819ac55429952e35eaa16,nDCG@10,0.6052602440527057
5ae819ac55429952e35eaa16,R@100,1.0
5ae81b2755429952e35eaa1e,nDCG@10,0.6131471927654584
5ae81b2755429952e35eaa1e,R@100,0.5
5ae81b895542997ec272770c,nDCG@10,0.6131471927654584
5ae81b895542997ec272770c,R@100,0.5
5ae8202255429952e35eaa3a,nDCG@10,0.6131471927654584
5ae8202255429952e35eaa3a,R@100,1.0
5ae8242455429952e35eaa54,nDCG@10,0.6131471927654584
5ae8242455429952e35eaa54,R@100,1.0
5ae824295542997ec272772f,nDCG@10,0.6131471927654584
5ae824295542997ec272772f,R@100,0.5
5ae826675542997ec2727733,nDCG@10,0.0
5ae826675542997ec2727733,R@100,1.0
5ae8295955429952e35eaa6d,nDCG@10,0.6131471927654584
5ae8295955429952e35eaa6d,R@100,0.5
5ae829ea5542997ec2727738,nDCG@10,0.6131471927654584
5ae829ea5542997ec2727738,R@100,0.5
5ae82ae555429952e35eaa71,nDCG@10,0.8772153153380493
5ae82ae555429952e35eaa71,R@100,1.0
5ae82c3d55429952e35eaa75,nDCG@10,0.6131471927654584
5ae82c3d55429952e35eaa75,R@100,0.5
5ae830f05542997ec2727758,nDCG@10,1.0
5ae830f05542997ec2727758,R@100,1.0
5ae834e95542997ec272776a,nDCG@10,0.6131471927654584
5ae834e95542997ec272776a,R@100,1.0
5ae835f25542997ec272776f,nDCG@10,0.6131471927654584
5ae835f25542997ec272776f,R@100,0.5
5ae849cc5542997ec2727798,nDCG@10,0.6131471927654584
5ae849cc5542997ec2727798,R@100,0.5
