qid,measure,value
q5001,nDCG@10,0.0
q5001,R@100,0.0
q5002,nDCG@10,0.0
q5002,R@100,0.0
q5003,nDCG@10,0.0
q5003,R@100,0.0
q5004,nDCG@10,0.0
q5004,R@100,0.0
q5005,nDCG@10,0.5
q5005,R@100,1.0
q5006,nDCG@10,0.0
q5006,R@100,0.0
q5007,nDCG@10,0.0
q5007,R@100,0.0
q5008,nDCG@10,0.0
q5008,R@100,0.0
q5009,nDCG@10,0.0
q5009,R@100,0.0
q5010,nDCG@10,0.0
q5010,R@100,0.0
q5011,nDCG@10,0.0
q5011,R@100,0.0
q5012,nDCG@10,0.0
q5012,R@100,1.0
q5013,nDCG@10,0.0
q5013,R@100,0.0
q5014,nDCG@10,1.0
q5014,R@100,1.0
q5015,nDCG@10,0.0
q5015,R@100,0.0
q5016,nDCG@10,0.0
q5016,R@100,0.0
q5017,nDCG@10,0.0
q5017,R@100,0.0
q5018,nDCG@10,0.0
q5018,R@100,0.0
q5019,nDCG@10,0.0
q5019,R@100,0.0
q5020,nDCG@10,0.0
q5020,R@100,0.0
q5021,nDCG@10,0.0
q5021,R@100,0.0
q5022,nDCG@10,0.0
q5022,R@100,0.0
q5023,nDCG@10,0.0
q5023,R@100,0.0
q5024,nDCG@10,0.0
q5024,R@100,0.0
q5025,nDCG@10,0.0
q5025,R@100,1.0
q5026,nDCG@10,0.0
q5026,R@100,0.0
q5027,nDCG@10,0.0
q5027,R@100,1.0
q5028,nDCG@10,0.0
q5028,R@100,0.0
q5029,nDCG@10,0.0
q5029,R@100,0.0
q5030,nDCG@10,0.0
q5030,R@100,0.0
q5031,nDCG@10,0.0
q5031,R@100,0.0
q5032,nDCG@10,0.0
q5032,R@100,0.0
q5033,nDCG@10,0.6309297535714575
q5033,R@100,1.0
q5034,nDCG@10,0.0
q5034,R@100,0.0
q5035,nDCG@10,0.0
q5035,R@100,0.0
q5036,nDCG@10,0.0
q5036,R@100,0.0
q5037,nDCG@10,0.0
q5037,R@100,0.0
q5038,nDCG@10,0.0
q5038,R@100,0.0
q5039,nDCG@10,0.0
q5039,R@100,0.0
q5040,nDCG@10,0.0
q5040,R@100,0.0
q5041,nDCG@10,1.0
q5041,R@100,1.0
q5042,nDCG@10,0.0
q5042,R@100,0.0
q5043,nDCG@10,0.0
q5043,R@100,0.0
q5044,nDCG@10,1.0
q5044,R@100,1.0
q5045,nDCG@10,0.0
q5045,R@100,0.0
q5046,nDCG@10,0.0
q5046,R@100,0.0
q5047,nDCG@10,0.0
q5047,R@100,0.0
q5048,nDCG@10,0.0
q5048,R@100,0.0
q5049,nDCG@10,0.0
q5049,R@100,0.0
q5050,nDCG@10,0.0
q5050,R@100,1.0
q5051,nDCG@10,0.0
q5051,R@100,0.0
q5052,nDCG@10,0.0
q5052,R@100,0.0
q5053,nDCG@10,0.0
q5053,R@100,0.0
q5054,nDCG@10,0.0
q5054,R@100,0.0
q5055,nDCG@10,0.0
q5055,R@100,0.0
q5056,nDCG@10,0.0
q5056,R@100,0.0
q5057,nDCG@10,0.0
q5057,R@100,0.0
q5058,nDCG@10,0.0
q5058,R@100,1.0
q5059,nDCG@10,0.0
q5059,R@100,0.0
q5060,nDCG@10,0.0
q5060,R@100,0.0
q5061,nDCG@10,1.0
q5061,R@100,1.0
q5062,nDCG@10,0.0
q5062,R@100,0.0
q5063,nDCG@10,1.0
q5063,R@100,1.0
q5064,nDCG@10,0.0
q5064,R@100,0.0
q5065,nDCG@10,0.0
q5065,R@100,0.0
q5066,nDCG@10,0.0
q5066,R@100,0.0
q5067,nDCG@10,0.0
q5067,R@100,0.0
q5068,nDCG@10,0.0
q5068,R@100,0.0
q5069,nDCG@10,0.0
q5069,R@100,0.0
q5070,nDCG@10,0.0
q5070,R@100,0.0
q5071,nDCG@10,0.0
q5071,R@100,0.0
q5072,nDCG@10,0.0
q5072,R@100,0.0
q5073,nDCG@10,1.0
q5073,R@100,1.0
q5074,nDCG@10,0.0
q5074,R@100,0.0
q5075,nDCG@10,0.0
q5075,R@100,1.0
q5076,nDCG@10,0.0
q5076,R@100,0.0
q5077,nDCG@10,0.0
q5077,R@100,0.0
q5078,nDCG@10,0.0
q5078,R@100,0.0
q5079,nDCG@10,0.0
q5079,R@100,0.0
q5080,nDCG@10,0.0
q5080,R@100,0.0
q5081,nDCG@10,0.0
q5081,R@100,0.0
q5082,nDCG@10,0.0
q5082,R@100,0.0
q5083,nDCG@10,0.0
q5083,R@100,0.0
q5084,nDCG@10,0.0
q5084,R@100,0.0
q5085,nDCG@10,0.0
q5085,R@100,0.0
q5086,nDCG@10,0.0
q5086,R@100,0.0
q5087,nDCG@10,1.0
q5087,R@100,1.0
q5088,nDCG@10,0.0
q5088,R@100,0.0
q5089,nDCG@10,0.0
q5089,R@100,0.0
q5090,nDCG@10,0.0
q5090,R@100,0.0
q5091,nDCG@10,0.0
q5091,R@100,0.0
q5092,nDCG@10,0.0
q5092,R@100,0.0
q5093,nDCG@10,0.0
q5093,R@100,0.0
q5094,nDCG@10,0.0
q5094,R@100,0.0
q5095,nDCG@10,0.0
q5095,R@100,0.0
q5096,nDCG@10,0.0
q5096,R@100,0.0
q5097,nDCG@10,0.0
q5097,R@100,0.0
q5098,nDCG@10,0.0
q5098,R@100,0.0
q5099,nDCG@10,0.0
q5099,R@100,0.0
q5100,nDCG@10,0.0
q5100,R@100,0.0
q5101,nDCG@10,0.0
q5101,R@100,0.0
q5102,nDCG@10,0.0
q5102,R@100,0.0
q5103,nDCG@10,0.0
q5103,R@100,0.0
q5104,nDCG@10,0.0
q5104,R@100,0.0
q5105,nDCG@10,0.0
q5105,R@100,0.0
q5106,nDCG@10,0.0
q5106,R@100,0.0
q5107,nDCG@10,0.0
q5107,R@100,1.0
q5108,nDCG@10,0.0
q5108,R@100,0.0
q5109,nDCG@10,0.0
q5109,R@100,0.0
q5110,nDCG@10,0.0
q5110,R@100,0.0
q5111,nDCG@10,0.0
q5111,R@100,0.0
q5112,nDCG@10,0.0
q5112,R@100,1.0
q5113,nDCG@10,0.0
q5113,R@100,0.0
q5114,nDCG@10,0.0
q5114,R@100,0.0
q5115,nDCG@10,0.0
q5115,R@100,0.0
q5116,nDCG@10,0.0
q5116,R@100,0.0
q5117,nDCG@10,0.0
q5117,R@100,0.0
q5118,nDCG@10,0.3333333333333333
q5118,R@100,1.0
q5119,nDCG@10,0.0
q5119,R@100,0.0
q5120,nDCG@10,0.0
q5120,R@100,0.0
q5121,nDCG@10,0.0
q5121,R@100,0.0
q5122,nDCG@10,0.0
q5122,R@100,0.0
q5123,nDCG@10,0.0
q5123,R@100,1.0
q5124,nDCG@10,0.0
q5124,R@100,0.0
q5125,nDCG@10,0.0
q5125,R@100,0.0
q5126,nDCG@10,0.0
q5126,R@100,1.0
q5127,nDCG@10,0.0
q5127,R@100,0.0
q5128,nDCG@10,0.0
q5128,R@100,0.0
q5129,nDCG@10,0.0
q5129,R@100,0.0
q5130,nDCG@10,0.0
q5130,R@100,0.0
q5131,nDCG@10,0.0
q5131,R@100,0.0
q5132,nDCG@10,0.0
q5132,R@100,0.0
q5133,nDCG@10,0.0
q5133,R@100,1.0
q5134,nDCG@10,0.43067655807339306
q5134,R@100,1.0
q5135,nDCG@10,0.0
q5135,R@100,0.0
q5136,nDCG@10,0.0
q5136,R@100,0.0
q5137,nDCG@10,0.0
q5137,R@100,0.0
q5138,nDCG@10,0.0
q5138,R@100,0.0
q5139,nDCG@10,0.0
q5139,R@100,0.0
q5140,nDCG@10,0.0
q5140,R@100,1.0
q5141,nDCG@10,0.0
q5141,R@100,1.0
q5142,nDCG@10,0.0
q5142,R@100,0.0
q5143,nDCG@10,0.0
q5143,R@100,0.0
q5144,nDCG@10,0.0
q5144,R@100,0.0
q5145,nDCG@10,0.0
q5145,R@100,0.0
q5146,nDCG@10,0.0
q5146,R@100,1.0
q5147,nDCG@10,0.0
q5147,R@100,0.0
q5148,nDCG@10,0.0
q5148,R@100,1.0
q5149,nDCG@10,0.0
q5149,R@100,0.0
q5150,nDCG@10,0.0
q5150,R@100,0.0
q5151,nDCG@10,0.0
q5151,R@100,0.0
q5152,nDCG@10,0.0
q5152,R@100,0.0
q5153,nDCG@10,0.0
q5153,R@100,0.0
q5154,nDCG@10,0.0
q5154,R@100,0.0
q5155,nDCG@10,0.0
q5155,R@100,0.0
q5156,nDCG@10,0.0
q5156,R@100,0.0
q5157,nDCG@10,0.0
q5157,R@100,0.0
q5158,nDCG@10,0.0
q5158,R@100,0.0
q5159,nDCG@10,0.0
q5159,R@100,0.0
q5160,nDCG@10,0.0
q5160,R@100,0.0
q5161,nDCG@10,0.0
q5161,R@100,0.0
q5162,nDCG@10,0.0
q5162,R@100,0.0
q5163,nDCG@10,0.0
q5163,R@100,0.0
q5164,nDCG@10,0.0
q5164,R@100,0.0
q5165,nDCG@10,0.0
q5165,R@100,0.0
q5166,nDCG@10,0.0
q5166,R@100,0.0
q5167,nDCG@10,0.0
q5167,R@100,0.0
q5168,nDCG@10,0.0
q5168,R@100,0.0
q5169,nDCG@10,0.0
q5169,R@100,0.0
q5170,nDCG@10,0.0
q5170,R@100,0.0
q5171,nDCG@10,0.0
q5171,R@100,0.0
q5172,nDCG@10,0.0
q5172,R@100,1.0
q5173,nDCG@10,0.0
q5173,R@100,0.0
q5174,nDCG@10,0.0
q5174,R@100,0.0
q5175,nDCG@10,0.0
q5175,R@100,0.0
q5176,nDCG@10,0.0
q5176,R@100,0.0
q5177,nDCG@10,0.0
q5177,R@100,0.0
q5178,nDCG@10,0.0
q5178,R@100,0.0
q5179,nDCG@10,0.0
q5179,R@100,0.0
q5180,nDCG@10,0.0
q5180,R@100,1.0
q5181,nDCG@10,0.0
q5181,R@100,0.0
q5182,nDCG@10,0.0
q5182,R@100,1.0
q5183,nDCG@10,0.0
q5183,R@100,0.0
q5184,nDCG@10,0.0
q5184,R@100,0.0
q5185,nDCG@10,0.0
q5185,R@100,0.0
q5186,nDCG@10,0.0
q5186,R@100,0.0
q5187,nDCG@10,0.0
q5187,R@100,0.0
q5188,nDCG@10,0.0
q5188,R@100,0.0
q5189,nDCG@10,0.0
q5189,R@100,0.0
q5190,nDCG@10,0.0
q5190,R@100,0.0
q5191,nDCG@10,0.0
q5191,R@100,0.0
q5192,nDCG@10,0.0
q5192,R@100,0.0
q5193,nDCG@10,0.0
q5193,R@100,0.0
q5194,nDCG@10,0.0
q5194,R@100,0.0
q5195,nDCG@10,0.0
q5195,R@100,0.0
q5196,nDCG@10,0.0
q5196,R@100,0.0
q5197,nDCG@10,0.0
q5197,R@100,0.0
q5198,nDCG@10,0.0
q5198,R@100,0.0
q5199,nDCG@10,0.0
q5199,R@100,0.0
q5200,nDCG@10,0.0
q5200,R@100,0.0
q5201,nDCG@10,0.0
q5201,R@100,1.0
q5202,nDCG@10,0.0
q5202,R@100,0.0
q5203,nDCG@10,0.0
q5203,R@100,0.0
q5204,nDCG@10,0.0
q5204,R@100,0.0
q5205,nDCG@10,0.0
q5205,R@100,0.0
q5206,nDCG@10,0.0
q5206,R@100,0.0
q5207,nDCG@10,0.0
q5207,R@100,0.0
q5208,nDCG@10,0.0
q5208,R@100,0.0
q5209,nDCG@10,0.0
q5209,R@100,0.0
q5210,nDCG@10,0.0
q5210,R@100,0.0
q5211,nDCG@10,0.0
q5211,R@100,0.0
q5212,nDCG@10,0.0
q5212,R@100,0.0
q5213,nDCG@10,0.0
q5213,R@100,0.0
q5214,nDCG@10,0.0
q5214,R@100,0.0
q5215,nDCG@10,0.0
q5215,R@100,0.0
q5216,nDCG@10,0.0
q5216,R@100,0.0
q5217,nDCG@10,0.0
q5217,R@100,0.0
q5218,nDCG@10,0.0
q5218,R@100,0.0
q5219,nDCG@10,0.0
q5219,R@100,0.0
q5220,nDCG@10,0.3562071871080222
q5220,R@100,1.0
q5221,nDCG@10,0.0
q5221,R@100,0.0
q5222,nDCG@10,0.0
q5222,R@100,0.0
q5223,nDCG@10,0.0
q5223,R@100,0.0
q5224,nDCG@10,0.0
q5224,R@100,0.0
q5225,nDCG@10,0.0
q5225,R@100,0.0
q5226,nDCG@10,0.0
q5226,R@100,0.0
q5227,nDCG@10,0.0
q5227,R@100,0.0
q5228,nDCG@10,0.0
q5228,R@100,0.0
q5229,nDCG@10,0.0
q5229,R@100,1.0
q5230,nDCG@10,0.0
q5230,R@100,0.0
q5231,nDCG@10,0.0
q5231,R@100,0.0
q5232,nDCG@10,0.0
q5232,R@100,0.0
q5233,nDCG@10,0.0
q5233,R@100,0.0
q5234,nDCG@10,0.43067655807339306
q5234,R@100,1.0
q5235,nDCG@10,0.0
q5235,R@100,0.0
q5236,nDCG@10,0.0
q5236,R@100,0.0
q5237,nDCG@10,1.0
q5237,R@100,1.0
q5238,nDCG@10,0.0
q5238,R@100,0.0
q5239,nDCG@10,0.0
q5239,R@100,0.0
q5240,nDCG@10,0.0
q5240,R@100,0.0
q5241,nDCG@10,0.0
q5241,R@100,0.0
q5242,nDCG@10,0.0
q5242,R@100,1.0
q5243,nDCG@10,0.0
q5243,R@100,0.0
q5244,nDCG@10,0.0
q5244,R@100,0.0
q5245,nDCG@10,0.0
q5245,R@100,0.0
q5246,nDCG@10,0.0
q5246,R@100,0.0
q5247,nDCG@10,0.0
q5247,R@100,0.0
q5248,nDCG@10,0.0
q5248,R@100,0.0
q5249,nDCG@10,0.0
q5249,R@100,0.0
q5250,nDCG@10,0.0
q5250,R@100,1.0
q5251,nDCG@10,0.0
q5251,R@100,0.0
q5252,nDCG@10,0.0
q5252,R@100,0.0
q5253,nDCG@10,0.0
q5253,R@100,0.0
q5254,nDCG@10,0.0
q5254,R@100,0.0
q5255,nDCG@10,0.0
q5255,R@100,0.0
q5256,nDCG@10,0.0
q5256,R@100,0.0
q5257,nDCG@10,0.0
q5257,R@100,1.0
q5258,nDCG@10,0.0
q5258,R@100,1.0
q5259,nDCG@10,1.0
q5259,R@100,1.0
q5260,nDCG@10,0.0
q5260,R@100,0.0
q5261,nDCG@10,0.0
q5261,R@100,1.0
q5262,nDCG@10,0.0
q5262,R@100,0.0
q5263,nDCG@10,0.0
q5263,R@100,0.0
q5264,nDCG@10,0.0
q5264,R@100,0.0
q5265,nDCG@10,0.0
q5265,R@100,0.0
q5266,nDCG@10,0.0
q5266,R@100,1.0
q5267,nDCG@10,0.0
q5267,R@100,0.0
q5268,nDCG@10,0.0
q5268,R@100,0.0
q5269,nDCG@10,0.0
q5269,R@100,0.0
q5270,nDCG@10,0.0
q5270,R@100,0.0
q5271,nDCG@10,0.0
q5271,R@100,0.0
q5272,nDCG@10,0.0
q5272,R@100,0.0
q5273,nDCG@10,0.0
q5273,R@100,0.0
q5274,nDCG@10,0.0
q5274,R@100,0.0
q5275,nDCG@10,0.0
q5275,R@100,0.0
q5276,nDCG@10,0.0
q5276,R@100,0.0
q5277,nDCG@10,1.0
q5277,R@100,1.0
q5278,nDCG@10,0.0
q5278,R@100,0.0
q5279,nDCG@10,0.0
q5279,R@100,0.0
q5280,nDCG@10,0.0
q5280,R@100,0.0
q5281,nDCG@10,0.0
q5281,R@100,0.0
q5282,nDCG@10,0.0
q5282,R@100,0.0
q5283,nDCG@10,0.0
q5283,R@100,0.0
q5284,nDCG@10,0.0
q5284,R@100,0.0
q5285,nDCG@10,0.0
q5285,R@100,0.0
q5286,nDCG@10,0.0
q5286,R@100,0.0
q5287,nDCG@10,0.0
q5287,R@100,0.0
q5288,nDCG@10,0.0
q5288,R@100,0.0
q5289,nDCG@10,0.0
q5289,R@100,0.0
q5290,nDCG@10,0.0
q5290,R@100,1.0
q5291,nDCG@10,0.0
q5291,R@100,0.0
q5292,nDCG@10,0.0
q5292,R@100,0.0
q5293,nDCG@10,0.0
q5293,R@100,0.0
q5294,nDCG@10,0.0
q5294,R@100,0.0
q5295,nDCG@10,0.5
q5295,R@100,1.0
q5296,nDCG@10,0.0
q5296,R@100,0.0
q5297,nDCG@10,0.0
q5297,R@100,0.0
q5298,nDCG@10,0.0
q5298,R@100,0.0
q5299,nDCG@10,0.0
q5299,R@100,0.0
q5300,nDCG@10,1.0
q5300,R@100,1.0
q5301,nDCG@10,0.0
q5301,R@100,0.0
q5302,nDCG@10,0.0
q5302,R@100,0.0
q5303,nDCG@10,0.0
q5303,R@100,1.0
q5304,nDCG@10,0.0
q5304,R@100,0.0
q5305,nDCG@10,0.0
q5305,R@100,0.0
q5306,nDCG@10,0.0
q5306,R@100,0.0
q5307,nDCG@10,0.0
q5307,R@100,0.0
q5308,nDCG@10,0.0
q5308,R@100,0.0
q5309,nDCG@10,0.0
q5309,R@100,0.0
q5310,nDCG@10,0.0
q5310,R@100,0.0
q5311,nDCG@10,0.0
q5311,R@100,0.0
q5312,nDCG@10,0.2890648263178879
q5312,R@100,1.0
q5313,nDCG@10,0.0
q5313,R@100,0.0
q5314,nDCG@10,0.0
q5314,R@100,0.0
q5315,nDCG@10,0.0
q5315,R@100,0.0
q5316,nDCG@10,0.0
q5316,R@100,0.0
q5317,nDCG@10,0.0
q5317,R@100,0.0
q5318,nDCG@10,0.0
q5318,R@100,0.0
q5319,nDCG@10,0.0
q5319,R@100,0.0
q5320,nDCG@10,0.0
q5320,R@100,0.0
q5321,nDCG@10,0.0
q5321,R@100,0.0
q5322,nDCG@10,0.0
q5322,R@100,1.0
q5323,nDCG@10,0.0
q5323,R@100,0.0
q5324,nDCG@10,0.0
q5324,R@100,0.0
q5325,nDCG@10,0.0
q5325,R@100,0.0
q5326,nDCG@10,0.0
q5326,R@100,0.0
q5327,nDCG@10,0.0
q5327,R@100,0.0
q5328,nDCG@10,0.0
q5328,R@100,0.0
q5329,nDCG@10,0.0
q5329,R@100,0.0
q5330,nDCG@10,0.0
q5330,R@100,0.0
q5331,nDCG@10,0.0
q5331,R@100,0.0
q5332,nDCG@10,0.0
q5332,R@100,0.0
q5333,nDCG@10,0.0
q5333,R@100,0.0
q5334,nDCG@10,0.0
q5334,R@100,0.0
q5335,nDCG@10,0.0
q5335,R@100,0.0
q5336,nDCG@10,0.0
q5336,R@100,0.0
q5337,nDCG@10,0.0
q5337,R@100,0.0
q5338,nDCG@10,0.0
q5338,R@100,0.0
q5339,nDCG@10,0.0
q5339,R@100,0.0
q5340,nDCG@10,0.0
q5340,R@100,0.0
q5341,nDCG@10,0.0
q5341,R@100,0.0
q5342,nDCG@10,0.0
q5342,R@100,1.0
q5343,nDCG@10,0.0
q5343,R@100,0.0
q5344,nDCG@10,0.0
q5344,R@100,0.0
q5345,nDCG@10,0.0
q5345,R@100,1.0
q5346,nDCG@10,0.0
q5346,R@100,0.0
q5347,nDCG@10,0.0
q5347,R@100,0.0
q5348,nDCG@10,0.2890648263178879
q5348,R@100,1.0
q5349,nDCG@10,0.0
q5349,R@100,0.0
q5350,nDCG@10,0.0
q5350,R@100,0.0
q5351,nDCG@10,0.0
q5351,R@100,0.0
q5352,nDCG@10,0.0
q5352,R@100,0.0
q5353,nDCG@10,0.0
q5353,R@100,0.0
q5354,nDCG@10,0.0
q5354,R@100,0.0
q5355,nDCG@10,0.0
q5355,R@100,0.0
q5356,nDCG@10,0.0
q5356,R@100,0.0
q5357,nDCG@10,0.0
q5357,R@100,0.0
q5358,nDCG@10,0.3333333333333333
q5358,R@100,1.0
q5359,nDCG@10,0.0
q5359,R@100,0.0
q5360,nDCG@10,0.0
q5360,R@100,0.0
q5361,nDCG@10,0.0
q5361,R@100,0.0
q5362,nDCG@10,0.0
q5362,R@100,0.0
q5363,nDCG@10,0.0
q5363,R@100,0.0
q5364,nDCG@10,0.0
q5364,R@100,0.0
q5365,nDCG@10,0.0
q5365,R@100,0.0
q5366,nDCG@10,0.0
q5366,R@100,0.0
q5367,nDCG@10,0.0
q5367,R@100,0.0
q5368,nDCG@10,0.0
q5368,R@100,0.0
q5369,nDCG@10,0.0
q5369,R@100,1.0
q5370,nDCG@10,0.0
q5370,R@100,0.0
q5371,nDCG@10,0.0
q5371,R@100,0.0
q5372,nDCG@10,0.0
q5372,R@100,0.0
q5373,nDCG@10,0.0
q5373,R@100,1.0
q5374,nDCG@10,0.0
q5374,R@100,0.0
q5375,nDCG@10,0.0
q5375,R@100,0.0
q5376,nDCG@10,0.0
q5376,R@100,0.0
q5377,nDCG@10,0.0
q5377,R@100,0.0
q5378,nDCG@10,0.0
q5378,R@100,0.0
q5379,nDCG@10,0.0
q5379,R@100,0.0
q5380,nDCG@10,0.0
q5380,R@100,0.0
q5381,nDCG@10,0.0
q5381,R@100,0.0
q5382,nDCG@10,0.0
q5382,R@100,0.0
q5383,nDCG@10,0.0
q5383,R@100,0.0
q5384,nDCG@10,0.0
q5384,R@100,0.0
q5385,nDCG@10,0.0
q5385,R@100,0.0
q5386,nDCG@10,0.0
q5386,R@100,1.0
q5387,nDCG@10,0.0
q5387,R@100,0.0
q5388,nDCG@10,0.0
q5388,R@100,0.0
q5389,nDCG@10,0.0
q5389,R@100,0.0
q5390,nDCG@10,0.0
q5390,R@100,0.0
q5391,nDCG@10,0.0
q5391,R@100,0.0
q5392,nDCG@10,0.0
q5392,R@100,0.0
q5393,nDCG@10,0.0
q5393,R@100,0.0
q5394,nDCG@10,0.0
q5394,R@100,0.0
q5395,nDCG@10,0.0
q5395,R@100,0.0
q5396,nDCG@10,0.0
q5396,R@100,0.0
q5397,nDCG@10,0.0
q5397,R@100,0.0
q5398,nDCG@10,0.0
q5398,R@100,0.0
q5399,nDCG@10,0.0
q5399,R@100,0.0
q5400,nDCG@10,0.0
q5400,R@100,0.0
q5401,nDCG@10,0.0
q5401,R@100,1.0
q5402,nDCG@10,0.0
q5402,R@100,0.0
q5403,nDCG@10,0.0
q5403,R@100,1.0
q5404,nDCG@10,0.0
q5404,R@100,0.0
q5405,nDCG@10,0.0
q5405,R@100,1.0
q5406,nDCG@10,0.0
q5406,R@100,0.0
q5407,nDCG@10,0.0
q5407,R@100,0.0
q5408,nDCG@10,0.0
q5408,R@100,0.0
q5409,nDCG@10,0.0
q5409,R@100,0.0
q5410,nDCG@10,0.0
q5410,R@100,1.0
q5411,nDCG@10,0.0
q5411,R@100,0.0
q5412,nDCG@10,0.0
q5412,R@100,0.0
q5413,nDCG@10,0.0
q5413,R@100,0.0
q5414,nDCG@10,0.0
q5414,R@100,0.0
q5415,nDCG@10,0.0
q5415,R@100,0.0
q5416,nDCG@10,0.0
q5416,R@100,0.0
q5417,nDCG@10,0.0
q5417,R@100,0.0
q5418,nDCG@10,0.0
q5418,R@100,0.0
q5419,nDCG@10,0.0
q5419,R@100,0.0
q5420,nDCG@10,0.0
q5420,R@100,0.0
q5421,nDCG@10,0.0
q5421,R@100,0.0
q5422,nDCG@10,0.0
q5422,R@100,0.0
q5423,nDCG@10,0.0
q5423,R@100,0.0
q5424,nDCG@10,0.0
q5424,R@100,0.0
q5425,nDCG@10,0.0
q5425,R@100,1.0
q5426,nDCG@10,0.0
q5426,R@100,0.0
q5427,nDCG@10,0.0
q5427,R@100,0.0
q5428,nDCG@10,0.0
q5428,R@100,0.0
q5429,nDCG@10,0.0
q5429,R@100,1.0
q5430,nDCG@10,0.0
q5430,R@100,0.0
q5431,nDCG@10,0.0
q5431,R@100,1.0
q5432,nDCG@10,0.0
q5432,R@100,0.0
q5433,nDCG@10,0.0
q5433,R@100,0.0
q5434,nDCG@10,0.0
q5434,R@100,0.0
q5435,nDCG@10,0.5
q5435,R@100,1.0
q5436,nDCG@10,0.0
q5436,R@100,0.0
q5437,nDCG@10,0.0
q5437,R@100,0.0
q5438,nDCG@10,0.0
q5438,R@100,0.0
q5439,nDCG@10,0.0
q5439,R@100,0.0
q5440,nDCG@10,0.0
q5440,R@100,0.0
q5441,nDCG@10,0.0
q5441,R@100,0.0
q5442,nDCG@10,0.0
q5442,R@100,0.0
q5443,nDCG@10,0.0
q5443,R@100,0.0
q5444,nDCG@10,0.0
q5444,R@100,0.0
q5445,nDCG@10,0.0
q5445,R@100,0.0
q5446,nDCG@10,0.0
q5446,R@100,0.0
q5447,nDCG@10,0.0
q5447,R@100,0.0
q5448,nDCG@10,0.0
q5448,R@100,0.0
q5449,nDCG@10,0.0
q5449,R@100,0.0
q5450,nDCG@10,0.0
q5450,R@100,1.0
q5451,nDCG@10,0.0
q5451,R@100,0.0
q5452,nDCG@10,0.0
q5452,R@100,0.0
q5453,nDCG@10,0.0
q5453,R@100,0.0
q5454,nDCG@10,0.0
q5454,R@100,0.0
q5455,nDCG@10,0.0
q5455,R@100,0.0
q5456,nDCG@10,0.0
q5456,R@100,0.0
q5457,nDCG@10,0.0
q5457,R@100,1.0
q5458,nDCG@10,0.0
q5458,R@100,0.0
q5459,nDCG@10,0.0
q5459,R@100,0.0
q5460,nDCG@10,0.5
q5460,R@100,1.0
q5461,nDCG@10,0.0
q5461,R@100,1.0
q5462,nDCG@10,0.0
q5462,R@100,0.0
q5463,nDCG@10,0.0
q5463,R@100,0.0
q5464,nDCG@10,0.0
q5464,R@100,0.0
q5465,nDCG@10,0.0
q5465,R@100,0.0
q5466,nDCG@10,0.0
q5466,R@100,0.0
q5467,nDCG@10,0.0
q5467,R@100,0.0
q5468,nDCG@10,0.0
q5468,R@100,0.0
q5469,nDCG@10,0.0
q5469,R@100,0.0
q5470,nDCG@10,0.0
q5470,R@100,0.0
q5471,nDCG@10,0.5
q5471,R@100,1.0
q5472,nDCG@10,0.0
q5472,R@100,0.0
q5473,nDCG@10,0.0
q5473,R@100,0.0
q5474,nDCG@10,0.0
q5474,R@100,0.0
q5475,nDCG@10,0.0
q5475,R@100,0.0
q5476,nDCG@10,0.0
q5476,R@100,0.0
q5477,nDCG@10,0.0
q5477,R@100,0.0
q5478,nDCG@10,0.0
q5478,R@100,1.0
q5479,nDCG@10,0.0
q5479,R@100,0.0
q5480,nDCG@10,0.0
q5480,R@100,0.0
q5481,nDCG@10,0.0
q5481,R@100,0.0
q5482,nDCG@10,0.0
q5482,R@100,0.0
q5483,nDCG@10,0.0
q5483,R@100,0.0
q5484,nDCG@10,0.0
q5484,R@100,0.0
q5485,nDCG@10,0.0
q5485,R@100,0.0
q5486,nDCG@10,0.0
q5486,R@100,1.0
q5487,nDCG@10,0.0
q5487,R@100,0.0
q5488,nDCG@10,0.3333333333333333
q5488,R@100,1.0
q5489,nDCG@10,0.0
q5489,R@100,0.0
q5490,nDCG@10,0.0
q5490,R@100,0.0
q5491,nDCG@10,0.0
q5491,R@100,0.0
q5492,nDCG@10,0.0
q5492,R@100,0.0
q5493,nDCG@10,0.0
q5493,R@100,1.0
q5494,nDCG@10,0.0
q5494,R@100,0.0
q5495,nDCG@10,0.0
q5495,R@100,0.0
q5496,nDCG@10,0.0
q5496,R@100,0.0
q5497,nDCG@10,0.0
q5497,R@100,0.0
q5498,nDCG@10,0.0
q5498,R@100,0.0
q5499,nDCG@10,0.0
q5499,R@100,0.0
q5500,nDCG@10,0.0
q5500,R@100,0.0
q5501,nDCG@10,0.0
q5501,R@100,0.0
q5502,nDCG@10,0.0
q5502,R@100,0.0
q5503,nDCG@10,0.0
q5503,R@100,0.0
q5504,nDCG@10,0.0
q5504,R@100,0.0
q5505,nDCG@10,1.0
q5505,R@100,1.0
q5506,nDCG@10,0.0
q5506,R@100,0.0
q5507,nDCG@10,0.0
q5507,R@100,0.0
q5508,nDCG@10,0.0
q5508,R@100,0.0
q5509,nDCG@10,0.0
q5509,R@100,0.0
q5510,nDCG@10,0.0
q5510,R@100,0.0
q5511,nDCG@10,0.0
q5511,R@100,0.0
q5512,nDCG@10,0.0
q5512,R@100,0.0
q5513,nDCG@10,0.0
q5513,R@100,1.0
q5514,nDCG@10,1.0
q5514,R@100,1.0
q5515,nDCG@10,0.0
q5515,R@100,0.0
q5516,nDCG@10,0.0
q5516,R@100,0.0
q5517,nDCG@10,0.0
q5517,R@100,0.0
q5518,nDCG@10,0.0
q5518,R@100,0.0
q5519,nDCG@10,0.0
q5519,R@100,0.0
q5520,nDCG@10,0.0
q5520,R@100,0.0
q5521,nDCG@10,0.0
q5521,R@100,0.0
q5522,nDCG@10,0.0
q5522,R@100,0.0
q5523,nDCG@10,0.0
q5523,R@100,0.0
q5524,nDCG@10,0.0
q5524,R@100,0.0
q5525,nDCG@10,0.0
q5525,R@100,0.0
q5526,nDCG@10,0.0
q5526,R@100,0.0
q5527,nDCG@10,0.0
q5527,R@100,0.0
q5528,nDCG@10,0.0
q5528,R@100,0.0
q5529,nDCG@10,0.0
q5529,R@100,0.0
q5530,nDCG@10,0.0
q5530,R@100,0.0
q5531,nDCG@10,0.0
q5531,R@100,1.0
q5532,nDCG@10,0.0
q5532,R@100,0.0
q5533,nDCG@10,0.0
q5533,R@100,0.0
q5534,nDCG@10,0.0
q5534,R@100,0.0
q5535,nDCG@10,0.0
q5535,R@100,0.0
q5536,nDCG@10,0.0
q5536,R@100,0.0
q5537,nDCG@10,0.0
q5537,R@100,0.0
q5538,nDCG@10,0.0
q5538,R@100,0.0
q5539,nDCG@10,0.0
q5539,R@100,0.0
q5540,nDCG@10,0.0
q5540,R@100,0.0
q5541,nDCG@10,0.0
q5541,R@100,1.0
q5542,nDCG@10,0.0
q5542,R@100,0.0
q5543,nDCG@10,0.3010299956639812
q5543,R@100,1.0
q5544,nDCG@10,0.0
q5544,R@100,0.0
q5545,nDCG@10,0.0
q5545,R@100,0.0
q5546,nDCG@10,0.0
q5546,R@100,0.0
q5547,nDCG@10,0.0
q5547,R@100,0.0
q5548,nDCG@10,0.0
q5548,R@100,0.0
q5549,nDCG@10,0.0
q5549,R@100,1.0
q5550,nDCG@10,0.0
q5550,R@100,0.0
q5551,nDCG@10,0.0
q5551,R@100,0.0
q5552,nDCG@10,0.0
q5552,R@100,0.0
q5553,nDCG@10,0.0
q5553,R@100,0.0
q5554,nDCG@10,0.0
q5554,R@100,0.0
q5555,nDCG@10,0.0
q5555,R@100,0.0
q5556,nDCG@10,0.0
q5556,R@100,0.0
q5557,nDCG@10,0.0
q5557,R@100,0.0
q5558,nDCG@10,0.0
q5558,R@100,0.0
q5559,nDCG@10,0.0
q5559,R@100,0.0
q5560,nDCG@10,0.0
q5560,R@100,0.0
q5561,nDCG@10,0.5
q5561,R@100,1.0
q5562,nDCG@10,0.0
q5562,R@100,0.0
q5563,nDCG@10,1.0
q5563,R@100,1.0
q5564,nDCG@10,0.0
q5564,R@100,0.0
q5565,nDCG@10,0.0
q5565,R@100,0.0
q5566,nDCG@10,0.0
q5566,R@100,0.0
q5567,nDCG@10,0.0
q5567,R@100,0.0
q5568,nDCG@10,0.0
q5568,R@100,0.0
q5569,nDCG@10,0.0
q5569,R@100,0.0
q5570,nDCG@10,0.0
q5570,R@100,0.0
q5571,nDCG@10,1.0
q5571,R@100,1.0
q5572,nDCG@10,0.0
q5572,R@100,0.0
q5573,nDCG@10,0.0
q5573,R@100,0.0
q5574,nDCG@10,0.0
q5574,R@100,0.0
q5575,nDCG@10,0.0
q5575,R@100,0.0
q5576,nDCG@10,0.0
q5576,R@100,0.0
q5577,nDCG@10,0.0
q5577,R@100,0.0
q5578,nDCG@10,0.0
q5578,R@100,0.0
q5579,nDCG@10,0.0
q5579,R@100,0.0
q5580,nDCG@10,0.0
q5580,R@100,1.0
q5581,nDCG@10,0.0
q5581,R@100,0.0
q5582,nDCG@10,0.0
q5582,R@100,0.0
q5583,nDCG@10,0.0
q5583,R@100,0.0
q5584,nDCG@10,0.0
q5584,R@100,0.0
q5585,nDCG@10,0.0
q5585,R@100,0.0
q5586,nDCG@10,0.0
q5586,R@100,0.0
q5587,nDCG@10,0.0
q5587,R@100,0.0
q5588,nDCG@10,0.0
q5588,R@100,0.0
q5589,nDCG@10,0.0
q5589,R@100,0.0
q5590,nDCG@10,0.0
q5590,R@100,1.0
q5591,nDCG@10,0.0
q5591,R@100,0.0
q5592,nDCG@10,0.0
q5592,R@100,0.0
q5593,nDCG@10,0.0
q5593,R@100,0.0
q5594,nDCG@10,0.0
q5594,R@100,1.0
q5595,nDCG@10,0.0
q5595,R@100,0.0
q5596,nDCG@10,0.0
q5596,R@100,0.0
q5597,nDCG@10,0.38685280723454163
q5597,R@100,1.0
q5598,nDCG@10,0.0
q5598,R@100,0.0
q5599,nDCG@10,0.0
q5599,R@100,1.0
q5600,nDCG@10,0.0
q5600,R@100,0.0
q5601,nDCG@10,0.0
q5601,R@100,0.0
q5602,nDCG@10,0.43067655807339306
q5602,R@100,1.0
q5603,nDCG@10,0.0
q5603,R@100,1.0
q5604,nDCG@10,0.0
q5604,R@100,0.0
q5605,nDCG@10,0.0
q5605,R@100,0.0
q5606,nDCG@10,1.0
q5606,R@100,1.0
q5607,nDCG@10,0.0
q5607,R@100,0.0
q5608,nDCG@10,0.0
q5608,R@100,0.0
q5609,nDCG@10,0.0
q5609,R@100,0.0
q5610,nDCG@10,0.0
q5610,R@100,0.0
q5611,nDCG@10,0.0
q5611,R@100,0.0
q5612,nDCG@10,0.0
q5612,R@100,0.0
q5613,nDCG@10,0.0
q5613,R@100,0.0
q5614,nDCG@10,0.0
q5614,R@100,0.0
q5615,nDCG@10,0.0
q5615,R@100,1.0
q5616,nDCG@10,0.0
q5616,R@100,0.0
q5617,nDCG@10,0.0
q5617,R@100,0.0
q5618,nDCG@10,0.0
q5618,R@100,0.0
q5619,nDCG@10,0.0
q5619,R@100,0.0
q5620,nDCG@10,0.0
q5620,R@100,0.0
q5621,nDCG@10,0.0
q5621,R@100,0.0
q5622,nDCG@10,0.0
q5622,R@100,0.0
q5623,nDCG@10,0.0
q5623,R@100,0.0
q5624,nDCG@10,0.0
q5624,R@100,0.0
q5625,nDCG@10,0.0
q5625,R@100,0.0
q5626,nDCG@10,0.0
q5626,R@100,0.0
q5627,nDCG@10,0.0
q5627,R@100,0.0
q5628,nDCG@10,0.0
q5628,R@100,0.0
q5629,nDCG@10,0.0
q5629,R@100,0.0
q5630,nDCG@10,0.0
q5630,R@100,0.0
q5631,nDCG@10,0.0
q5631,R@100,0.0
q5632,nDCG@10,0.0
q5632,R@100,0.0
q5633,nDCG@10,0.0
q5633,R@100,0.0
q5634,nDCG@10,0.0
q5634,R@100,0.0
q5635,nDCG@10,0.6309297535714575
q5635,R@100,1.0
q5636,nDCG@10,0.0
q5636,R@100,0.0
q5637,nDCG@10,0.0
q5637,R@100,0.0
q5638,nDCG@10,0.0
q5638,R@100,0.0
q5639,nDCG@10,0.0
q5639,R@100,0.0
q5640,nDCG@10,0.0
q5640,R@100,0.0
q5641,nDCG@10,0.0
q5641,R@100,0.0
q5642,nDCG@10,0.0
q5642,R@100,1.0
q5643,nDCG@10,0.0
q5643,R@100,0.0
q5644,nDCG@10,0.0
q5644,R@100,0.0
q5645,nDCG@10,0.0
q5645,R@100,1.0
q5646,nDCG@10,0.0
q5646,R@100,0.0
q5647,nDCG@10,0.0
q5647,R@100,0.0
q5648,nDCG@10,1.0
q5648,R@100,1.0
q5649,nDCG@10,0.0
q5649,R@100,0.0
q5650,nDCG@10,0.0
q5650,R@100,0.0
q5651,nDCG@10,0.0
q5651,R@100,0.0
q5652,nDCG@10,0.0
q5652,R@100,0.0
q5653,nDCG@10,0.0
q5653,R@100,0.0
q5654,nDCG@10,0.0
q5654,R@100,0.0
q5655,nDCG@10,0.0
q5655,R@100,0.0
q5656,nDCG@10,0.0
q5656,R@100,1.0
q5657,nDCG@10,1.0
q5657,R@100,1.0
q5658,nDCG@10,0.0
q5658,R@100,0.0
q5659,nDCG@10,0.0
q5659,R@100,0.0
q5660,nDCG@10,0.0
q5660,R@100,0.0
q5661,nDCG@10,0.0
q5661,R@100,0.0
q5662,nDCG@10,0.0
q5662,R@100,0.0
q5663,nDCG@10,0.0
q5663,R@100,0.0
q5664,nDCG@10,0.0
q5664,R@100,0.0
q5665,nDCG@10,0.0
q5665,R@100,0.0
q5666,nDCG@10,0.0
q5666,R@100,0.0
q5667,nDCG@10,0.0
q5667,R@100,0.0
q5668,nDCG@10,0.0
q5668,R@100,0.0
q5669,nDCG@10,0.0
q5669,R@100,0.0
q5670,nDCG@10,0.0
q5670,R@100,0.0
q5671,nDCG@10,0.0
q5671,R@100,0.0
q5672,nDCG@10,0.0
q5672,R@100,0.0
q5673,nDCG@10,0.0
q5673,R@100,0.0
q5674,nDCG@10,0.0
q5674,R@100,0.0
q5675,nDCG@10,0.3562071871080222
q5675,R@100,1.0
q5676,nDCG@10,0.0
q5676,R@100,0.0
q5677,nDCG@10,0.0
q5677,R@100,1.0
q5678,nDCG@10,0.0
q5678,R@100,0.0
q5679,nDCG@10,1.0
q5679,R@100,1.0
q5680,nDCG@10,0.0
q5680,R@100,0.0
q5681,nDCG@10,0.0
q5681,R@100,0.0
q5682,nDCG@10,0.0
q5682,R@100,0.0
q5683,nDCG@10,0.0
q5683,R@100,0.0
q5684,nDCG@10,0.0
q5684,R@100,0.0
q5685,nDCG@10,0.0
q5685,R@100,0.0
q5686,nDCG@10,0.0
q5686,R@100,0.0
q5687,nDCG@10,0.0
q5687,R@100,0.0
q5688,nDCG@10,0.0
q5688,R@100,0.0
q5689,nDCG@10,0.0
q5689,R@100,0.0
q5690,nDCG@10,0.0
q5690,R@100,0.0
q5691,nDCG@10,0.0
q5691,R@100,1.0
q5692,nDCG@10,0.0
q5692,R@100,0.0
q5693,nDCG@10,0.0
q5693,R@100,0.0
q5694,nDCG@10,0.0
q5694,R@100,0.0
q5695,nDCG@10,0.0
q5695,R@100,0.0
q5696,nDCG@10,0.0
q5696,R@100,0.0
q5697,nDCG@10,0.0
q5697,R@100,0.0
q5698,nDCG@10,0.0
q5698,R@100,0.0
q5699,nDCG@10,0.0
q5699,R@100,0.0
q5700,nDCG@10,0.0
q5700,R@100,0.0
q5701,nDCG@10,0.0
q5701,R@100,0.0
q5702,nDCG@10,0.6309297535714575
q5702,R@100,1.0
q5703,nDCG@10,0.0
q5703,R@100,1.0
q5704,nDCG@10,0.0
q5704,R@100,0.0
q5705,nDCG@10,0.0
q5705,R@100,0.0
q5706,nDCG@10,0.0
q5706,R@100,1.0
q5707,nDCG@10,0.0
q5707,R@100,0.0
q5708,nDCG@10,0.0
q5708,R@100,0.0
q5709,nDCG@10,0.0
q5709,R@100,1.0
q5710,nDCG@10,0.0
q5710,R@100,0.0
q5711,nDCG@10,0.0
q5711,R@100,0.0
q5712,nDCG@10,0.0
q5712,R@100,0.0
q5713,nDCG@10,0.0
q5713,R@100,0.0
q5714,nDCG@10,0.0
q5714,R@100,0.0
q5715,nDCG@10,0.0
q5715,R@100,0.0
q5716,nDCG@10,0.0
q5716,R@100,0.0
q5717,nDCG@10,0.0
q5717,R@100,0.0
q5718,nDCG@10,0.0
q5718,R@100,1.0
q5719,nDCG@10,0.0
q5719,R@100,0.0
q5720,nDCG@10,0.0
q5720,R@100,1.0
q5721,nDCG@10,0.0
q5721,R@100,0.0
q5722,nDCG@10,0.0
q5722,R@100,0.0
q5723,nDCG@10,0.0
q5723,R@100,1.0
q5724,nDCG@10,0.0
q5724,R@100,0.0
q5725,nDCG@10,0.0
q5725,R@100,0.0
q5726,nDCG@10,0.3010299956639812
q5726,R@100,1.0
q5727,nDCG@10,0.0
q5727,R@100,0.0
q5728,nDCG@10,0.0
q5728,R@100,0.0
q5729,nDCG@10,0.0
q5729,R@100,0.0
q5730,nDCG@10,0.0
q5730,R@100,0.0
q5731,nDCG@10,0.0
q5731,R@100,0.0
q5732,nDCG@10,0.0
q5732,R@100,0.0
q5733,nDCG@10,0.0
q5733,R@100,0.0
q5734,nDCG@10,0.0
q5734,R@100,0.0
q5735,nDCG@10,0.0
q5735,R@100,0.0
q5736,nDCG@10,0.0
q5736,R@100,0.0
q5737,nDCG@10,0.0
q5737,R@100,0.0
q5738,nDCG@10,0.0
q5738,R@100,0.0
q5739,nDCG@10,0.0
q5739,R@100,0.0
q5740,nDCG@10,0.0
q5740,R@100,0.0
q5741,nDCG@10,0.0
q5741,R@100,0.0
q5742,nDCG@10,0.0
q5742,R@100,0.0
q5743,nDCG@10,0.0
q5743,R@100,0.0
q5744,nDCG@10,0.0
q5744,R@100,0.0
q5745,nDCG@10,0.0
q5745,R@100,0.0
q5746,nDCG@10,0.0
q5746,R@100,0.0
q5747,nDCG@10,0.0
q5747,R@100,0.0
q5748,nDCG@10,0.5
q5748,R@100,1.0
q5749,nDCG@10,0.0
q5749,R@100,0.0
q5750,nDCG@10,0.0
q5750,R@100,0.0
q5751,nDCG@10,0.0
q5751,R@100,0.0
q5752,nDCG@10,0.0
q5752,R@100,1.0
q5753,nDCG@10,0.0
q5753,R@100,0.0
q5754,nDCG@10,0.0
q5754,R@100,0.0
q5755,nDCG@10,0.0
q5755,R@100,0.0
q5756,nDCG@10,0.0
q5756,R@100,0.0
q5757,nDCG@10,0.0
q5757,R@100,1.0
q5758,nDCG@10,0.0
q5758,R@100,0.0
q5759,nDCG@10,0.0
q5759,R@100,0.0
q5760,nDCG@10,0.2890648263178879
q5760,R@100,1.0
q5761,nDCG@10,0.0
q5761,R@100,1.0
q5762,nDCG@10,0.0
q5762,R@100,0.0
q5763,nDCG@10,0.0
q5763,R@100,1.0
q5764,nDCG@10,0.0
q5764,R@100,0.0
q5765,nDCG@10,0.0
q5765,R@100,0.0
q5766,nDCG@10,0.0
q5766,R@100,0.0
q5767,nDCG@10,0.0
q5767,R@100,0.0
q5768,nDCG@10,0.0
q5768,R@100,0.0
q5769,nDCG@10,0.0
q5769,R@100,0.0
q5770,nDCG@10,0.0
q5770,R@100,0.0
q5771,nDCG@10,0.0
q5771,R@100,0.0
q5772,nDCG@10,0.0
q5772,R@100,0.0
q5773,nDCG@10,0.0
q5773,R@100,0.0
q5774,nDCG@10,0.0
q5774,R@100,0.0
q5775,nDCG@10,0.0
q5775,R@100,0.0
q5776,nDCG@10,0.0
q5776,R@100,1.0
q5777,nDCG@10,0.0
q5777,R@100,0.0
q5778,nDCG@10,0.0
q5778,R@100,0.0
q5779,nDCG@10,0.0
q5779,R@100,0.0
q5780,nDCG@10,0.0
q5780,R@100,0.0
q5781,nDCG@10,0.0
q5781,R@100,0.0
q5782,nDCG@10,0.0
q5782,R@100,0.0
q5783,nDCG@10,0.0
q5783,R@100,0.0
q5784,nDCG@10,0.0
q5784,R@100,0.0
q5785,nDCG@10,0.0
q5785,R@100,0.0
q5786,nDCG@10,0.0
q5786,R@100,1.0
q5787,nDCG@10,0.31546487678572877
q5787,R@100,1.0
q5788,nDCG@10,0.0
q5788,R@100,0.0
q5789,nDCG@10,0.0
q5789,R@100,0.0
q5790,nDCG@10,0.0
q5790,R@100,0.0
q5791,nDCG@10,0.0
q5791,R@100,0.0
q5792,nDCG@10,0.0
q5792,R@100,0.0
q5793,nDCG@10,0.0
q5793,R@100,0.0
q5794,nDCG@10,0.0
q5794,R@100,0.0
q5795,nDCG@10,0.0
q5795,R@100,0.0
q5796,nDCG@10,0.0
q5796,R@100,0.0
q5797,nDCG@10,0.0
q5797,R@100,0.0
q5798,nDCG@10,0.0
q5798,R@100,0.0
q5799,nDCG@10,0.0
q5799,R@100,0.0
q5800,nDCG@10,0.0
q5800,R@100,0.0
q5801,nDCG@10,0.0
q5801,R@100,1.0
q5802,nDCG@10,0.0
q5802,R@100,0.0
q5803,nDCG@10,0.0
q5803,R@100,0.0
q5804,nDCG@10,0.0
q5804,R@100,1.0
q5805,nDCG@10,0.0
q5805,R@100,0.0
q5806,nDCG@10,0.0
q5806,R@100,0.0
q5807,nDCG@10,0.0
q5807,R@100,0.0
q5808,nDCG@10,0.0
q5808,R@100,0.0
q5809,nDCG@10,0.0
q5809,R@100,0.0
q5810,nDCG@10,0.0
q5810,R@100,0.0
q5811,nDCG@10,0.0
q5811,R@100,0.0
q5812,nDCG@10,0.0
q5812,R@100,0.0
q5813,nDCG@10,0.0
q5813,R@100,0.0
q5814,nDCG@10,0.3010299956639812
q5814,R@100,1.0
q5815,nDCG@10,0.0
q5815,R@100,0.0
q5816,nDCG@10,0.0
q5816,R@100,0.0
q5817,nDCG@10,0.0
q5817,R@100,0.0
q5818,nDCG@10,0.0
q5818,R@100,0.0
q5819,nDCG@10,0.0
q5819,R@100,0.0
q5820,nDCG@10,0.0
q5820,R@100,0.0
q5821,nDCG@10,0.0
q5821,R@100,0.0
q5822,nDCG@10,0.0
q5822,R@100,1.0
q5823,nDCG@10,0.0
q5823,R@100,0.0
q5824,nDCG@10,0.0
q5824,R@100,0.0
q5825,nDCG@10,0.0
q5825,R@100,0.0
q5826,nDCG@10,0.0
q5826,R@100,0.0
q5827,nDCG@10,0.0
q5827,R@100,1.0
q5828,nDCG@10,0.0
q5828,R@100,1.0
q5829,nDCG@10,0.0
q5829,R@100,0.0
q5830,nDCG@10,0.0
q5830,R@100,0.0
q5831,nDCG@10,0.0
q5831,R@100,0.0
q5832,nDCG@10,0.0
q5832,R@100,0.0
q5833,nDCG@10,0.0
q5833,R@100,1.0
q5834,nDCG@10,0.0
q5834,R@100,1.0
q5835,nDCG@10,0.0
q5835,R@100,0.0
q5836,nDCG@10,0.0
q5836,R@100,0.0
q5837,nDCG@10,1.0
q5837,R@100,1.0
q5838,nDCG@10,0.0
q5838,R@100,0.0
q5839,nDCG@10,0.0
q5839,R@100,0.0
q5840,nDCG@10,0.0
q5840,R@100,0.0
q5841,nDCG@10,0.0
q5841,R@100,0.0
q5842,nDCG@10,0.0
q5842,R@100,1.0
q5843,nDCG@10,0.0
q5843,R@100,0.0
q5844,nDCG@10,0.0
q5844,R@100,1.0
q5845,nDCG@10,0.0
q5845,R@100,0.0
q5846,nDCG@10,0.0
q5846,R@100,0.0
q5847,nDCG@10,0.0
q5847,R@100,0.0
q5848,nDCG@10,0.0
q5848,R@100,0.0
q5849,nDCG@10,0.0
q5849,R@100,0.0
q5850,nDCG@10,0.0
q5850,R@100,0.0
q5851,nDCG@10,0.0
q5851,R@100,0.0
q5852,nDCG@10,0.0
q5852,R@100,0.0
q5853,nDCG@10,0.0
q5853,R@100,0.0
q5854,nDCG@10,0.0
q5854,R@100,0.0
q5855,nDCG@10,0.0
q5855,R@100,0.0
q5856,nDCG@10,0.0
q5856,R@100,1.0
q5857,nDCG@10,0.0
q5857,R@100,0.0
q5858,nDCG@10,0.0
q5858,R@100,0.0
q5859,nDCG@10,0.0
q5859,R@100,0.0
q5860,nDCG@10,0.0
q5860,R@100,0.0
q5861,nDCG@10,0.0
q5861,R@100,0.0
q5862,nDCG@10,0.0
q5862,R@100,0.0
q5863,nDCG@10,0.0
q5863,R@100,0.0
q5864,nDCG@10,0.0
q5864,R@100,0.0
q5865,nDCG@10,0.0
q5865,R@100,0.0
q5866,nDCG@10,0.0
q5866,R@100,0.0
q5867,nDCG@10,0.0
q5867,R@100,0.0
q5868,nDCG@10,0.0
q5868,R@100,0.0
q5869,nDCG@10,1.0
q5869,R@100,1.0
q5870,nDCG@10,0.0
q5870,R@100,0.0
q5871,nDCG@10,0.0
q5871,R@100,0.0
q5872,nDCG@10,0.0
q5872,R@100,0.0
q5873,nDCG@10,0.0
q5873,R@100,0.0
q5874,nDCG@10,0.0
q5874,R@100,0.0
q5875,nDCG@10,0.0
q5875,R@100,0.0
q5876,nDCG@10,0.0
q5876,R@100,0.0
q5877,nDCG@10,0.0
q5877,R@100,0.0
q5878,nDCG@10,0.0
q5878,R@100,0.0
q5879,nDCG@10,0.0
q5879,R@100,1.0
q5880,nDCG@10,0.0
q5880,R@100,0.0
q5881,nDCG@10,0.0
q5881,R@100,0.0
q5882,nDCG@10,0.0
q5882,R@100,0.0
q5883,nDCG@10,0.0
q5883,R@100,0.0
q5884,nDCG@10,0.0
q5884,R@100,0.0
q5885,nDCG@10,0.0
q5885,R@100,0.0
q5886,nDCG@10,0.0
q5886,R@100,1.0
q5887,nDCG@10,0.0
q5887,R@100,0.0
q5888,nDCG@10,0.0
q5888,R@100,0.0
q5889,nDCG@10,0.0
q5889,R@100,0.0
q5890,nDCG@10,0.0
q5890,R@100,0.0
q5891,nDCG@10,0.0
q5891,R@100,0.0
q5892,nDCG@10,0.0
q5892,R@100,1.0
q5893,nDCG@10,0.0
q5893,R@100,0.0
q5894,nDCG@10,0.0
q5894,R@100,0.0
q5895,nDCG@10,0.0
q5895,R@100,0.0
q5896,nDCG@10,0.0
q5896,R@100,0.0
q5897,nDCG@10,0.0
q5897,R@100,0.0
q5898,nDCG@10,0.0
q5898,R@100,0.0
q5899,nDCG@10,0.0
q5899,R@100,0.0
q5900,nDCG@10,0.0
q5900,R@100,0.0
q5901,nDCG@10,0.0
q5901,R@100,1.0
q5902,nDCG@10,0.0
q5902,R@100,0.0
q5903,nDCG@10,0.0
q5903,R@100,0.0
q5904,nDCG@10,0.0
q5904,R@100,0.0
q5905,nDCG@10,0.0
q5905,R@100,0.0
q5906,nDCG@10,0.0
q5906,R@100,0.0
q5907,nDCG@10,0.0
q5907,R@100,0.0
q5908,nDCG@10,0.0
q5908,R@100,0.0
q5909,nDCG@10,0.0
q5909,R@100,0.0
q5910,nDCG@10,0.0
q5910,R@100,0.0
q5911,nDCG@10,0.0
q5911,R@100,0.0
q5912,nDCG@10,0.38685280723454163
q5912,R@100,1.0
q5913,nDCG@10,0.0
q5913,R@100,0.0
q5914,nDCG@10,0.0
q5914,R@100,0.0
q5915,nDCG@10,0.0
q5915,R@100,0.0
q5916,nDCG@10,0.0
q5916,R@100,1.0
q5917,nDCG@10,0.0
q5917,R@100,0.0
q5918,nDCG@10,0.0
q5918,R@100,0.0
q5919,nDCG@10,0.6309297535714575
q5919,R@100,1.0
q5920,nDCG@10,0.0
q5920,R@100,0.0
q5921,nDCG@10,0.0
q5921,R@100,0.0
q5922,nDCG@10,1.0
q5922,R@100,1.0
q5923,nDCG@10,0.0
q5923,R@100,0.0
q5924,nDCG@10,0.0
q5924,R@100,0.0
q5925,nDCG@10,0.0
q5925,R@100,0.0
q5926,nDCG@10,0.0
q5926,R@100,1.0
q5927,nDCG@10,0.0
q5927,R@100,0.0
q5928,nDCG@10,0.0
q5928,R@100,1.0
q5929,nDCG@10,0.0
q5929,R@100,0.0
q5930,nDCG@10,0.0
q5930,R@100,0.0
q5931,nDCG@10,0.0
q5931,R@100,0.0
q5932,nDCG@10,0.0
q5932,R@100,0.0
q5933,nDCG@10,0.0
q5933,R@100,0.0
q5934,nDCG@10,0.0
q5934,R@100,0.0
q5935,nDCG@10,0.0
q5935,R@100,0.0
q5936,nDCG@10,0.0
q5936,R@100,1.0
q5937,nDCG@10,0.0
q5937,R@100,1.0
q5938,nDCG@10,0.0
q5938,R@100,1.0
q5939,nDCG@10,0.0
q5939,R@100,0.0
q5940,nDCG@10,1.0
q5940,R@100,1.0
q5941,nDCG@10,0.0
q5941,R@100,0.0
q5942,nDCG@10,0.0
q5942,R@100,0.0
q5943,nDCG@10,0.0
q5943,R@100,0.0
q5944,nDCG@10,0.0
q5944,R@100,0.0
q5945,nDCG@10,0.0
q5945,R@100,0.0
q5946,nDCG@10,0.0
q5946,R@100,0.0
q5947,nDCG@10,0.3562071871080222
q5947,R@100,1.0
q5948,nDCG@10,0.0
q5948,R@100,0.0
q5949,nDCG@10,0.2890648263178879
q5949,R@100,1.0
q5950,nDCG@10,0.0
q5950,R@100,0.0
q5951,nDCG@10,0.0
q5951,R@100,0.0
q5952,nDCG@10,0.0
q5952,R@100,1.0
q5953,nDCG@10,0.0
q5953,R@100,0.0
q5954,nDCG@10,0.0
q5954,R@100,0.0
q5955,nDCG@10,0.0
q5955,R@100,0.0
q5956,nDCG@10,0.0
q5956,R@100,0.0
q5957,nDCG@10,0.0
q5957,R@100,0.0
q5958,nDCG@10,0.0
q5958,R@100,1.0
q5959,nDCG@10,0.0
q5959,R@100,0.0
q5960,nDCG@10,0.0
q5960,R@100,0.0
q5961,nDCG@10,0.0
q5961,R@100,0.0
q5962,nDCG@10,0.0
q5962,R@100,0.0
q5963,nDCG@10,0.0
q5963,R@100,1.0
q5964,nDCG@10,0.0
q5964,R@100,0.0
q5965,nDCG@10,0.0
q5965,R@100,1.0
q5966,nDCG@10,0.0
q5966,R@100,0.0
q5967,nDCG@10,0.0
q5967,R@100,0.0
q5968,nDCG@10,0.0
q5968,R@100,0.0
q5969,nDCG@10,0.0
q5969,R@100,1.0
q5970,nDCG@10,0.0
q5970,R@100,0.0
q5971,nDCG@10,0.0
q5971,R@100,0.0
q5972,nDCG@10,0.0
q5972,R@100,0.0
q5973,nDCG@10,0.0
q5973,R@100,0.0
q5974,nDCG@10,0.0
q5974,R@100,0.0
q5975,nDCG@10,0.0
q5975,R@100,0.0
q5976,nDCG@10,0.0
q5976,R@100,0.0
q5977,nDCG@10,0.0
q5977,R@100,0.0
q5978,nDCG@10,0.0
q5978,R@100,0.0
q5979,nDCG@10,0.0
q5979,R@100,0.0
q5980,nDCG@10,0.0
q5980,R@100,0.0
q5981,nDCG@10,0.0
q5981,R@100,0.0
q5982,nDCG@10,0.0
q5982,R@100,0.0
q5983,nDCG@10,0.0
q5983,R@100,0.0
q5984,nDCG@10,0.0
q5984,R@100,0.0
q5985,nDCG@10,0.0
q5985,R@100,0.0
q5986,nDCG@10,0.0
q5986,R@100,0.0
q5987,nDCG@10,0.0
q5987,R@100,1.0
q5988,nDCG@10,0.0
q5988,R@100,0.0
q5989,nDCG@10,0.0
q5989,R@100,0.0
q5990,nDCG@10,0.0
q5990,R@100,0.0
q5991,nDCG@10,0.0
q5991,R@100,0.0
q5992,nDCG@10,1.0
q5992,R@100,1.0
q5993,nDCG@10,0.0
q5993,R@100,0.0
q5994,nDCG@10,0.0
q5994,R@100,0.0
q5995,nDCG@10,0.0
q5995,R@100,0.0
q5996,nDCG@10,0.0
q5996,R@100,0.0
q5997,nDCG@10,0.0
q5997,R@100,0.0
q5998,nDCG@10,0.0
q5998,R@100,0.0
q5999,nDCG@10,0.0
q5999,R@100,0.0
q6000,nDCG@10,0.0
q6000,R@100,0.0
q6001,nDCG@10,0.0
q6001,R@100,0.0
q6002,nDCG@10,0.0
q6002,R@100,0.0
q6003,nDCG@10,0.0
q6003,R@100,0.0
q6004,nDCG@10,0.0
q6004,R@100,0.0
q6005,nDCG@10,0.0
q6005,R@100,0.0
q6006,nDCG@10,0.0
q6006,R@100,0.0
q6007,nDCG@10,0.0
q6007,R@100,0.0
q6008,nDCG@10,0.0
q6008,R@100,0.0
q6009,nDCG@10,0.0
q6009,R@100,0.0
q6010,nDCG@10,0.0
q6010,R@100,0.0
q6011,nDCG@10,0.0
q6011,R@100,0.0
q6012,nDCG@10,0.0
q6012,R@100,0.0
q6013,nDCG@10,0.0
q6013,R@100,0.0
q6014,nDCG@10,0.0
q6014,R@100,0.0
q6015,nDCG@10,0.0
q6015,R@100,1.0
q6016,nDCG@10,0.0
q6016,R@100,0.0
q6017,nDCG@10,0.0
q6017,R@100,0.0
q6018,nDCG@10,0.0
q6018,R@100,0.0
q6019,nDCG@10,0.0
q6019,R@100,0.0
q6020,nDCG@10,0.0
q6020,R@100,1.0
q6021,nDCG@10,0.0
q6021,R@100,0.0
q6022,nDCG@10,0.0
q6022,R@100,0.0
q6023,nDCG@10,0.0
q6023,R@100,0.0
q6024,nDCG@10,0.0
q6024,R@100,0.0
q6025,nDCG@10,0.0
q6025,R@100,1.0
q6026,nDCG@10,0.0
q6026,R@100,1.0
q6027,nDCG@10,0.0
q6027,R@100,0.0
q6028,nDCG@10,0.0
q6028,R@100,0.0
q6029,nDCG@10,0.0
q6029,R@100,0.0
q6030,nDCG@10,0.0
q6030,R@100,0.0
q6031,nDCG@10,0.0
q6031,R@100,0.0
q6032,nDCG@10,0.0
q6032,R@100,0.0
q6033,nDCG@10,0.0
q6033,R@100,0.0
q6034,nDCG@10,0.0
q6034,R@100,0.0
q6035,nDCG@10,0.0
q6035,R@100,0.0
q6036,nDCG@10,0.0
q6036,R@100,0.0
q6037,nDCG@10,0.0
q6037,R@100,1.0
q6038,nDCG@10,0.0
q6038,R@100,0.0
q6039,nDCG@10,0.0
q6039,R@100,0.0
q6040,nDCG@10,0.0
q6040,R@100,0.0
q6041,nDCG@10,0.0
q6041,R@100,0.0
q6042,nDCG@10,0.0
q6042,R@100,0.0
q6043,nDCG@10,0.0
q6043,R@100,0.0
q6044,nDCG@10,0.0
q6044,R@100,0.0
q6045,nDCG@10,0.0
q6045,R@100,0.0
q6046,nDCG@10,0.0
q6046,R@100,0.0
q6047,nDCG@10,0.0
q6047,R@100,0.0
q6048,nDCG@10,0.0
q6048,R@100,0.0
q6049,nDCG@10,0.0
q6049,R@100,0.0
q6050,nDCG@10,0.0
q6050,R@100,0.0
q6051,nDCG@10,0.0
q6051,R@100,0.0
q6052,nDCG@10,0.0
q6052,R@100,0.0
q6053,nDCG@10,0.0
q6053,R@100,0.0
q6054,nDCG@10,0.0
q6054,R@100,0.0
q6055,nDCG@10,0.0
q6055,R@100,0.0
q6056,nDCG@10,0.0
q6056,R@100,0.0
q6057,nDCG@10,0.0
q6057,R@100,0.0
q6058,nDCG@10,0.0
q6058,R@100,0.0
q6059,nDCG@10,0.0
q6059,R@100,0.0
q6060,nDCG@10,0.0
q6060,R@100,0.0
q6061,nDCG@10,0.0
q6061,R@100,0.0
q6062,nDCG@10,0.0
q6062,R@100,0.0
q6063,nDCG@10,0.0
q6063,R@100,0.0
q6064,nDCG@10,0.0
q6064,R@100,0.0
q6065,nDCG@10,1.0
q6065,R@100,1.0
q6066,nDCG@10,0.0
q6066,R@100,0.0
q6067,nDCG@10,0.0
q6067,R@100,0.0
q6068,nDCG@10,0.0
q6068,R@100,0.0
q6069,nDCG@10,0.0
q6069,R@100,0.0
q6070,nDCG@10,0.0
q6070,R@100,0.0
q6071,nDCG@10,0.0
q6071,R@100,0.0
q6072,nDCG@10,0.0
q6072,R@100,0.0
q6073,nDCG@10,0.0
q6073,R@100,0.0
q6074,nDCG@10,0.0
q6074,R@100,0.0
q6075,nDCG@10,0.0
q6075,R@100,0.0
q6076,nDCG@10,0.0
q6076,R@100,0.0
q6077,nDCG@10,0.0
q6077,R@100,0.0
q6078,nDCG@10,0.0
q6078,R@100,0.0
q6079,nDCG@10,0.0
q6079,R@100,0.0
q6080,nDCG@10,0.0
q6080,R@100,0.0
q6081,nDCG@10,0.0
q6081,R@100,0.0
q6082,nDCG@10,0.0
q6082,R@100,0.0
q6083,nDCG@10,0.0
q6083,R@100,0.0
q6084,nDCG@10,0.0
q6084,R@100,0.0
q6085,nDCG@10,0.0
q6085,R@100,0.0
q6086,nDCG@10,0.0
q6086,R@100,0.0
q6087,nDCG@10,0.0
q6087,R@100,0.0
q6088,nDCG@10,0.0
q6088,R@100,1.0
q6089,nDCG@10,0.0
q6089,R@100,0.0
q6090,nDCG@10,0.0
q6090,R@100,0.0
q6091,nDCG@10,0.0
q6091,R@100,0.0
q6092,nDCG@10,0.0
q6092,R@100,0.0
q6093,nDCG@10,0.0
q6093,R@100,0.0
q6094,nDCG@10,0.0
q6094,R@100,0.0
q6095,nDCG@10,0.0
q6095,R@100,0.0
q6096,nDCG@10,0.0
q6096,R@100,0.0
q6097,nDCG@10,0.0
q6097,R@100,0.0
q6098,nDCG@10,0.0
q6098,R@100,0.0
q6099,nDCG@10,0.0
q6099,R@100,0.0
q6100,nDCG@10,0.0
q6100,R@100,0.0
q6101,nDCG@10,0.0
q6101,R@100,0.0
q6102,nDCG@10,0.0
q6102,R@100,0.0
q6103,nDCG@10,0.0
q6103,R@100,0.0
q6104,nDCG@10,0.5
q6104,R@100,1.0
q6105,nDCG@10,0.0
q6105,R@100,0.0
q6106,nDCG@10,0.0
q6106,R@100,0.0
q6107,nDCG@10,0.0
q6107,R@100,0.0
q6108,nDCG@10,0.0
q6108,R@100,1.0
q6109,nDCG@10,0.0
q6109,R@100,0.0
q6110,nDCG@10,0.0
q6110,R@100,0.0
q6111,nDCG@10,0.0
q6111,R@100,0.0
q6112,nDCG@10,0.0
q6112,R@100,0.0
q6113,nDCG@10,0.0
q6113,R@100,0.0
q6114,nDCG@10,0.0
q6114,R@100,0.0
q6115,nDCG@10,0.0
q6115,R@100,0.0
q6116,nDCG@10,0.0
q6116,R@100,0.0
q6117,nDCG@10,0.0
q6117,R@100,1.0
q6118,nDCG@10,0.0
q6118,R@100,0.0
q6119,nDCG@10,0.0
q6119,R@100,0.0
q6120,nDCG@10,0.0
q6120,R@100,1.0
q6121,nDCG@10,0.0
q6121,R@100,0.0
q6122,nDCG@10,0.0
q6122,R@100,0.0
q6123,nDCG@10,0.0
q6123,R@100,0.0
q6124,nDCG@10,0.0
q6124,R@100,0.0
q6125,nDCG@10,0.0
q6125,R@100,0.0
q6126,nDCG@10,0.0
q6126,R@100,0.0
q6127,nDCG@10,0.0
q6127,R@100,0.0
q6128,nDCG@10,0.0
q6128,R@100,1.0
q6129,nDCG@10,0.0
q6129,R@100,0.0
q6130,nDCG@10,0.0
q6130,R@100,0.0
q6131,nDCG@10,0.0
q6131,R@100,0.0
q6132,nDCG@10,0.0
q6132,R@100,0.0
q6133,nDCG@10,1.0
q6133,R@100,1.0
q6134,nDCG@10,0.0
q6134,R@100,0.0
q6135,nDCG@10,0.0
q6135,R@100,0.0
q6136,nDCG@10,0.0
q6136,R@100,0.0
q6137,nDCG@10,0.0
q6137,R@100,0.0
q6138,nDCG@10,0.0
q6138,R@100,0.0
q6139,nDCG@10,0.0
q6139,R@100,0.0
q6140,nDCG@10,0.0
q6140,R@100,1.0
q6141,nDCG@10,0.0
q6141,R@100,0.0
q6142,nDCG@10,0.0
q6142,R@100,0.0
q6143,nDCG@10,0.0
q6143,R@100,0.0
q6144,nDCG@10,0.0
q6144,R@100,0.0
q6145,nDCG@10,0.0
q6145,R@100,0.0
q6146,nDCG@10,0.0
q6146,R@100,0.0
q6147,nDCG@10,0.0
q6147,R@100,0.0
q6148,nDCG@10,0.0
q6148,R@100,1.0
q6149,nDCG@10,0.0
q6149,R@100,0.0
q6150,nDCG@10,0.0
q6150,R@100,0.0
q6151,nDCG@10,1.0
q6151,R@100,1.0
q6152,nDCG@10,0.0
q6152,R@100,0.0
q6153,nDCG@10,0.0
q6153,R@100,0.0
q6154,nDCG@10,0.0
q6154,R@100,0.0
q6155,nDCG@10,0.0
q6155,R@100,0.0
q6156,nDCG@10,0.0
q6156,R@100,0.0
q6157,nDCG@10,0.0
q6157,R@100,0.0
q6158,nDCG@10,0.0
q6158,R@100,0.0
q6159,nDCG@10,0.0
q6159,R@100,0.0
q6160,nDCG@10,0.0
q6160,R@100,0.0
q6161,nDCG@10,0.0
q6161,R@100,1.0
q6162,nDCG@10,0.0
q6162,R@100,0.0
q6163,nDCG@10,0.3333333333333333
q6163,R@100,1.0
q6164,nDCG@10,0.5
q6164,R@100,1.0
q6165,nDCG@10,0.0
q6165,R@100,0.0
q6166,nDCG@10,0.0
q6166,R@100,0.0
q6167,nDCG@10,0.0
q6167,R@100,0.0
q6168,nDCG@10,0.0
q6168,R@100,0.0
q6169,nDCG@10,0.0
q6169,R@100,0.0
q6170,nDCG@10,0.0
q6170,R@100,0.0
q6171,nDCG@10,0.0
q6171,R@100,0.0
q6172,nDCG@10,0.0
q6172,R@100,1.0
q6173,nDCG@10,0.0
q6173,R@100,0.0
q6174,nDCG@10,0.0
q6174,R@100,0.0
q6175,nDCG@10,0.0
q6175,R@100,0.0
q6176,nDCG@10,0.0
q6176,R@100,0.0
q6177,nDCG@10,0.0
q6177,R@100,0.0
q6178,nDCG@10,0.3562071871080222
q6178,R@100,1.0
q6179,nDCG@10,0.0
q6179,R@100,0.0
q6180,nDCG@10,0.0
q6180,R@100,0.0
q6181,nDCG@10,0.0
q6181,R@100,0.0
q6182,nDCG@10,0.5
q6182,R@100,1.0
q6183,nDCG@10,0.0
q6183,R@100,0.0
q6184,nDCG@10,0.0
q6184,R@100,0.0
q6185,nDCG@10,0.0
q6185,R@100,0.0
q6186,nDCG@10,0.0
q6186,R@100,0.0
q6187,nDCG@10,0.0
q6187,R@100,1.0
q6188,nDCG@10,0.6309297535714575
q6188,R@100,1.0
q6189,nDCG@10,0.0
q6189,R@100,0.0
q6190,nDCG@10,0.0
q6190,R@100,0.0
q6191,nDCG@10,0.0
q6191,R@100,0.0
q6192,nDCG@10,1.0
q6192,R@100,1.0
q6193,nDCG@10,0.0
q6193,R@100,0.0
q6194,nDCG@10,0.0
q6194,R@100,0.0
q6195,nDCG@10,0.0
q6195,R@100,1.0
q6196,nDCG@10,0.0
q6196,R@100,0.0
q6197,nDCG@10,0.0
q6197,R@100,0.0
q6198,nDCG@10,0.0
q6198,R@100,0.0
q6199,nDCG@10,0.0
q6199,R@100,0.0
q6200,nDCG@10,0.0
q6200,R@100,0.0
q6201,nDCG@10,0.0
q6201,R@100,0.0
q6202,nDCG@10,0.43067655807339306
q6202,R@100,1.0
q6203,nDCG@10,0.0
q6203,R@100,0.0
q6204,nDCG@10,0.0
q6204,R@100,0.0
q6205,nDCG@10,0.0
q6205,R@100,0.0
q6206,nDCG@10,0.31546487678572877
q6206,R@100,1.0
q6207,nDCG@10,0.0
q6207,R@100,0.0
q6208,nDCG@10,0.43067655807339306
q6208,R@100,1.0
q6209,nDCG@10,0.0
q6209,R@100,0.0
q6210,nDCG@10,0.0
q6210,R@100,0.0
q6211,nDCG@10,0.0
q6211,R@100,0.0
q6212,nDCG@10,0.0
q6212,R@100,0.0
q6213,nDCG@10,0.0
q6213,R@100,0.0
q6214,nDCG@10,0.0
q6214,R@100,0.0
q6215,nDCG@10,0.0
q6215,R@100,0.0
q6216,nDCG@10,0.0
q6216,R@100,0.0
q6217,nDCG@10,0.0
q6217,R@100,0.0
q6218,nDCG@10,0.0
q6218,R@100,0.0
q6219,nDCG@10,0.0
q6219,R@100,0.0
q6220,nDCG@10,0.0
q6220,R@100,0.0
q6221,nDCG@10,0.0
q6221,R@100,0.0
q6222,nDCG@10,0.0
q6222,R@100,0.0
q6223,nDCG@10,0.0
q6223,R@100,0.0
q6224,nDCG@10,0.0
q6224,R@100,0.0
q6225,nDCG@10,0.0
q6225,R@100,0.0
q6226,nDCG@10,0.0
q6226,R@100,0.0
q6227,nDCG@10,0.0
q6227,R@100,0.0
q6228,nDCG@10,0.0
q6228,R@100,0.0
q6229,nDCG@10,0.0
q6229,R@100,0.0
q6230,nDCG@10,0.0
q6230,R@100,0.0
q6231,nDCG@10,0.0
q6231,R@100,0.0
q6232,nDCG@10,0.0
q6232,R@100,0.0
q6233,nDCG@10,0.0
q6233,R@100,0.0
q6234,nDCG@10,0.0
q6234,R@100,0.0
q6235,nDCG@10,0.0
q6235,R@100,0.0
q6236,nDCG@10,0.0
q6236,R@100,0.0
q6237,nDCG@10,1.0
q6237,R@100,1.0
q6238,nDCG@10,0.0
q6238,R@100,0.0
q6239,nDCG@10,0.0
q6239,R@100,0.0
q6240,nDCG@10,0.0
q6240,R@100,0.0
q6241,nDCG@10,0.0
q6241,R@100,0.0
q6242,nDCG@10,0.0
q6242,R@100,0.0
q6243,nDCG@10,0.0
q6243,R@100,0.0
q6244,nDCG@10,0.0
q6244,R@100,0.0
q6245,nDCG@10,0.0
q6245,R@100,0.0
q6246,nDCG@10,0.0
q6246,R@100,0.0
q6247,nDCG@10,0.0
q6247,R@100,1.0
q6248,nDCG@10,0.0
q6248,R@100,0.0
q6249,nDCG@10,0.0
q6249,R@100,0.0
q6250,nDCG@10,0.0
q6250,R@100,0.0
q6251,nDCG@10,0.0
q6251,R@100,0.0
q6252,nDCG@10,0.0
q6252,R@100,0.0
q6253,nDCG@10,0.0
q6253,R@100,0.0
q6254,nDCG@10,0.0
q6254,R@100,0.0
q6255,nDCG@10,0.0
q6255,R@100,1.0
q6256,nDCG@10,0.0
q6256,R@100,0.0
q6257,nDCG@10,0.0
q6257,R@100,0.0
q6258,nDCG@10,0.0
q6258,R@100,0.0
q6259,nDCG@10,0.0
q6259,R@100,0.0
q6260,nDCG@10,0.0
q6260,R@100,0.0
q6261,nDCG@10,0.0
q6261,R@100,0.0
q6262,nDCG@10,0.0
q6262,R@100,0.0
q6263,nDCG@10,0.0
q6263,R@100,0.0
q6264,nDCG@10,0.0
q6264,R@100,0.0
q6265,nDCG@10,0.0
q6265,R@100,0.0
q6266,nDCG@10,0.0
q6266,R@100,0.0
q6267,nDCG@10,0.0
q6267,R@100,0.0
q6268,nDCG@10,0.0
q6268,R@100,0.0
q6269,nDCG@10,0.0
q6269,R@100,0.0
q6270,nDCG@10,0.0
q6270,R@100,0.0
q6271,nDCG@10,0.0
q6271,R@100,0.0
q6272,nDCG@10,0.0
q6272,R@100,0.0
q6273,nDCG@10,0.0
q6273,R@100,0.0
q6274,nDCG@10,0.0
q6274,R@100,0.0
q6275,nDCG@10,0.0
q6275,R@100,0.0
q6276,nDCG@10,0.0
q6276,R@100,0.0
q6277,nDCG@10,0.0
q6277,R@100,0.0
q6278,nDCG@10,0.0
q6278,R@100,0.0
q6279,nDCG@10,0.0
q6279,R@100,0.0
q6280,nDCG@10,0.0
q6280,R@100,0.0
q6281,nDCG@10,0.0
q6281,R@100,0.0
q6282,nDCG@10,0.0
q6282,R@100,0.0
q6283,nDCG@10,0.0
q6283,R@100,0.0
q6284,nDCG@10,0.0
q6284,R@100,0.0
q6285,nDCG@10,0.0
q6285,R@100,0.0
q6286,nDCG@10,0.0
q6286,R@100,0.0
q6287,nDCG@10,0.0
q6287,R@100,0.0
q6288,nDCG@10,0.0
q6288,R@100,0.0
q6289,nDCG@10,0.0
q6289,R@100,0.0
q6290,nDCG@10,0.0
q6290,R@100,0.0
q6291,nDCG@10,0.0
q6291,R@100,0.0
q6292,nDCG@10,0.0
q6292,R@100,0.0
q6293,nDCG@10,0.0
q6293,R@100,0.0
q6294,nDCG@10,0.0
q6294,R@100,0.0
q6295,nDCG@10,0.0
q6295,R@100,0.0
q6296,nDCG@10,0.0
q6296,R@100,0.0
q6297,nDCG@10,0.0
q6297,R@100,0.0
q6298,nDCG@10,0.0
q6298,R@100,0.0
q6299,nDCG@10,0.0
q6299,R@100,0.0
q6300,nDCG@10,0.0
q6300,R@100,0.0
q6301,nDCG@10,0.0
q6301,R@100,0.0
q6302,nDCG@10,1.0
q6302,R@100,1.0
q6303,nDCG@10,0.0
q6303,R@100,0.0
q6304,nDCG@10,0.0
q6304,R@100,0.0
q6305,nDCG@10,0.0
q6305,R@100,0.0
q6306,nDCG@10,0.2890648263178879
q6306,R@100,1.0
q6307,nDCG@10,0.0
q6307,R@100,0.0
q6308,nDCG@10,1.0
q6308,R@100,1.0
q6309,nDCG@10,0.0
q6309,R@100,0.0
q6310,nDCG@10,0.0
q6310,R@100,0.0
q6311,nDCG@10,0.0
q6311,R@100,0.0
q6312,nDCG@10,0.0
q6312,R@100,0.0
q6313,nDCG@10,0.0
q6313,R@100,0.0
q6314,nDCG@10,0.0
q6314,R@100,1.0
q6315,nDCG@10,0.0
q6315,R@100,0.0
q6316,nDCG@10,0.5
q6316,R@100,1.0
q6317,nDCG@10,0.0
q6317,R@100,0.0
q6318,nDCG@10,0.0
q6318,R@100,0.0
q6319,nDCG@10,0.0
q6319,R@100,0.0
q6320,nDCG@10,0.0
q6320,R@100,0.0
q6321,nDCG@10,0.0
q6321,R@100,0.0
q6322,nDCG@10,0.0
q6322,R@100,0.0
q6323,nDCG@10,0.0
q6323,R@100,0.0
q6324,nDCG@10,0.0
q6324,R@100,0.0
q6325,nDCG@10,0.0
q6325,R@100,0.0
q6326,nDCG@10,0.0
q6326,R@100,0.0
q6327,nDCG@10,0.0
q6327,R@100,0.0
q6328,nDCG@10,0.0
q6328,R@100,0.0
q6329,nDCG@10,0.0
q6329,R@100,0.0
q6330,nDCG@10,0.0
q6330,R@100,0.0
q6331,nDCG@10,0.0
q6331,R@100,0.0
q6332,nDCG@10,0.0
q6332,R@100,0.0
q6333,nDCG@10,0.0
q6333,R@100,0.0
q6334,nDCG@10,0.0
q6334,R@100,0.0
q6335,nDCG@10,0.0
q6335,R@100,0.0
q6336,nDCG@10,0.0
q6336,R@100,0.0
q6337,nDCG@10,0.0
q6337,R@100,0.0
q6338,nDCG@10,0.0
q6338,R@100,0.0
q6339,nDCG@10,0.0
q6339,R@100,0.0
q6340,nDCG@10,0.0
q6340,R@100,0.0
q6341,nDCG@10,0.0
q6341,R@100,0.0
q6342,nDCG@10,0.0
q6342,R@100,0.0
q6343,nDCG@10,0.0
q6343,R@100,0.0
q6344,nDCG@10,0.0
q6344,R@100,0.0
q6345,nDCG@10,0.0
q6345,R@100,0.0
q6346,nDCG@10,0.0
q6346,R@100,0.0
q6347,nDCG@10,0.0
q6347,R@100,0.0
q6348,nDCG@10,1.0
q6348,R@100,1.0
q6349,nDCG@10,0.0
q6349,R@100,0.0
q6350,nDCG@10,0.0
q6350,R@100,1.0
q6351,nDCG@10,0.0
q6351,R@100,0.0
q6352,nDCG@10,0.0
q6352,R@100,0.0
q6353,nDCG@10,0.0
q6353,R@100,0.0
q6354,nDCG@10,0.0
q6354,R@100,0.0
q6355,nDCG@10,0.0
q6355,R@100,0.0
q6356,nDCG@10,0.0
q6356,R@100,0.0
q6357,nDCG@10,0.0
q6357,R@100,0.0
q6358,nDCG@10,0.0
q6358,R@100,0.0
q6359,nDCG@10,0.0
q6359,R@100,0.0
q6360,nDCG@10,0.0
q6360,R@100,0.0
q6361,nDCG@10,0.6309297535714575
q6361,R@100,1.0
q6362,nDCG@10,0.0
q6362,R@100,0.0
q6363,nDCG@10,0.0
q6363,R@100,0.0
q6364,nDCG@10,0.0
q6364,R@100,0.0
q6365,nDCG@10,0.0
q6365,R@100,0.0
q6366,nDCG@10,0.0
q6366,R@100,0.0
q6367,nDCG@10,0.0
q6367,R@100,0.0
q6368,nDCG@10,0.0
q6368,R@100,0.0
q6369,nDCG@10,0.0
q6369,R@100,0.0
q6370,nDCG@10,0.0
q6370,R@100,0.0
q6371,nDCG@10,0.38685280723454163
q6371,R@100,1.0
q6372,nDCG@10,0.0
q6372,R@100,1.0
q6373,nDCG@10,0.0
q6373,R@100,0.0
q6374,nDCG@10,0.0
q6374,R@100,0.0
q6375,nDCG@10,0.0
q6375,R@100,0.0
q6376,nDCG@10,0.0
q6376,R@100,0.0
q6377,nDCG@10,0.0
q6377,R@100,0.0
q6378,nDCG@10,0.0
q6378,R@100,0.0
q6379,nDCG@10,0.0
q6379,R@100,0.0
q6380,nDCG@10,0.0
q6380,R@100,0.0
q6381,nDCG@10,0.0
q6381,R@100,0.0
q6382,nDCG@10,0.0
q6382,R@100,0.0
q6383,nDCG@10,0.0
q6383,R@100,0.0
q6384,nDCG@10,0.0
q6384,R@100,0.0
q6385,nDCG@10,0.0
q6385,R@100,0.0
q6386,nDCG@10,0.0
q6386,R@100,0.0
q6387,nDCG@10,0.0
q6387,R@100,0.0
q6388,nDCG@10,0.0
q6388,R@100,0.0
q6389,nDCG@10,0.0
q6389,R@100,0.0
q6390,nDCG@10,0.0
q6390,R@100,0.0
q6391,nDCG@10,0.0
q6391,R@100,0.0
q6392,nDCG@10,0.0
q6392,R@100,0.0
q6393,nDCG@10,0.0
q6393,R@100,0.0
q6394,nDCG@10,0.0
q6394,R@100,0.0
q6395,nDCG@10,0.0
q6395,R@100,0.0
q6396,nDCG@10,0.0
q6396,R@100,0.0
q6397,nDCG@10,0.0
q6397,R@100,0.0
q6398,nDCG@10,0.0
q6398,R@100,0.0
q6399,nDCG@10,0.0
q6399,R@100,0.0
q6400,nDCG@10,0.0
q6400,R@100,0.0
q6401,nDCG@10,0.0
q6401,R@100,0.0
q6402,nDCG@10,0.0
q6402,R@100,0.0
q6403,nDCG@10,0.0
q6403,R@100,0.0
q6404,nDCG@10,0.0
q6404,R@100,0.0
q6405,nDCG@10,0.0
q6405,R@100,1.0
q6406,nDCG@10,0.0
q6406,R@100,0.0
q6407,nDCG@10,0.0
q6407,R@100,0.0
q6408,nDCG@10,0.0
q6408,R@100,0.0
q6409,nDCG@10,0.6309297535714575
q6409,R@100,1.0
q6410,nDCG@10,0.0
q6410,R@100,0.0
q6411,nDCG@10,0.0
q6411,R@100,0.0
q6412,nDCG@10,0.0
q6412,R@100,0.0
q6413,nDCG@10,0.0
q6413,R@100,0.0
q6414,nDCG@10,0.0
q6414,R@100,0.0
q6415,nDCG@10,1.0
q6415,R@100,1.0
q6416,nDCG@10,0.0
q6416,R@100,0.0
q6417,nDCG@10,0.0
q6417,R@100,0.0
q6418,nDCG@10,0.0
q6418,R@100,1.0
q6419,nDCG@10,0.0
q6419,R@100,0.0
q6420,nDCG@10,0.0
q6420,R@100,0.0
q6421,nDCG@10,0.0
q6421,R@100,0.0
q6422,nDCG@10,0.0
q6422,R@100,0.0
q6423,nDCG@10,0.0
q6423,R@100,0.0
q6424,nDCG@10,0.0
q6424,R@100,0.0
q6425,nDCG@10,0.0
q6425,R@100,1.0
q6426,nDCG@10,0.0
q6426,R@100,0.0
q6427,nDCG@10,0.0
q6427,R@100,0.0
q6428,nDCG@10,0.0
q6428,R@100,0.0
q6429,nDCG@10,0.38685280723454163
q6429,R@100,1.0
q6430,nDCG@10,0.0
q6430,R@100,0.0
q6431,nDCG@10,0.0
q6431,R@100,0.0
q6432,nDCG@10,0.0
q6432,R@100,0.0
q6433,nDCG@10,0.0
q6433,R@100,0.0
q6434,nDCG@10,0.0
q6434,R@100,0.0
q6435,nDCG@10,0.0
q6435,R@100,0.0
q6436,nDCG@10,0.0
q6436,R@100,0.0
q6437,nDCG@10,0.0
q6437,R@100,0.0
q6438,nDCG@10,0.0
q6438,R@100,1.0
q6439,nDCG@10,0.0
q6439,R@100,0.0
q6440,nDCG@10,0.0
q6440,R@100,0.0
q6441,nDCG@10,0.0
q6441,R@100,0.0
q6442,nDCG@10,0.0
q6442,R@100,0.0
q6443,nDCG@10,1.0
q6443,R@100,1.0
q6444,nDCG@10,0.0
q6444,R@100,1.0
q6445,nDCG@10,0.0
q6445,R@100,0.0
q6446,nDCG@10,0.0
q6446,R@100,0.0
q6447,nDCG@10,0.0
q6447,R@100,0.0
q6448,nDCG@10,0.0
q6448,R@100,0.0
q6449,nDCG@10,0.0
q6449,R@100,0.0
q6450,nDCG@10,0.0
q6450,R@100,0.0
q6451,nDCG@10,0.0
q6451,R@100,0.0
q6452,nDCG@10,0.0
q6452,R@100,0.0
q6453,nDCG@10,0.0
q6453,R@100,0.0
q6454,nDCG@10,0.0
q6454,R@100,0.0
q6455,nDCG@10,0.0
q6455,R@100,0.0
q6456,nDCG@10,0.0
q6456,R@100,0.0
q6457,nDCG@10,0.0
q6457,R@100,0.0
q6458,nDCG@10,0.0
q6458,R@100,0.0
q6459,nDCG@10,0.0
q6459,R@100,0.0
q6460,nDCG@10,0.6309297535714575
q6460,R@100,1.0
q6461,nDCG@10,0.0
q6461,R@100,0.0
q6462,nDCG@10,0.0
q6462,R@100,0.0
q6463,nDCG@10,0.0
q6463,R@100,0.0
q6464,nDCG@10,0.0
q6464,R@100,0.0
q6465,nDCG@10,0.0
q6465,R@100,1.0
q6466,nDCG@10,0.0
q6466,R@100,0.0
q6467,nDCG@10,0.0
q6467,R@100,0.0
q6468,nDCG@10,0.0
q6468,R@100,0.0
q6469,nDCG@10,0.0
q6469,R@100,0.0
q6470,nDCG@10,0.0
q6470,R@100,0.0
q6471,nDCG@10,0.0
q6471,R@100,0.0
q6472,nDCG@10,0.0
q6472,R@100,0.0
q6473,nDCG@10,0.0
q6473,R@100,0.0
q6474,nDCG@10,0.0
q6474,R@100,0.0
q6475,nDCG@10,0.0
q6475,R@100,0.0
q6476,nDCG@10,0.0
q6476,R@100,1.0
q6477,nDCG@10,0.0
q6477,R@100,0.0
q6478,nDCG@10,0.0
q6478,R@100,0.0
q6479,nDCG@10,0.0
q6479,R@100,0.0
q6480,nDCG@10,0.0
q6480,R@100,0.0
q6481,nDCG@10,0.0
q6481,R@100,0.0
q6482,nDCG@10,0.0
q6482,R@100,0.0
q6483,nDCG@10,0.0
q6483,R@100,1.0
q6484,nDCG@10,0.0
q6484,R@100,0.0
q6485,nDCG@10,0.0
q6485,R@100,0.0
q6486,nDCG@10,0.0
q6486,R@100,0.0
q6487,nDCG@10,0.0
q6487,R@100,0.0
q6488,nDCG@10,0.0
q6488,R@100,0.0
q6489,nDCG@10,0.0
q6489,R@100,0.0
q6490,nDCG@10,0.0
q6490,R@100,1.0
q6491,nDCG@10,0.0
q6491,R@100,0.0
q6492,nDCG@10,0.0
q6492,R@100,1.0
q6493,nDCG@10,0.0
q6493,R@100,0.0
q6494,nDCG@10,0.0
q6494,R@100,0.0
q6495,nDCG@10,0.0
q6495,R@100,0.0
q6496,nDCG@10,0.0
q6496,R@100,0.0
q6497,nDCG@10,1.0
q6497,R@100,1.0
q6498,nDCG@10,0.0
q6498,R@100,0.0
q6499,nDCG@10,0.0
q6499,R@100,1.0
q6500,nDCG@10,0.0
q6500,R@100,1.0
q6501,nDCG@10,0.0
q6501,R@100,0.0
q6502,nDCG@10,0.0
q6502,R@100,0.0
q6503,nDCG@10,0.0
q6503,R@100,0.0
q6504,nDCG@10,0.0
q6504,R@100,0.0
q6505,nDCG@10,0.0
q6505,R@100,0.0
q6506,nDCG@10,1.0
q6506,R@100,1.0
q6507,nDCG@10,0.0
q6507,R@100,0.0
q6508,nDCG@10,0.0
q6508,R@100,0.0
q6509,nDCG@10,0.0
q6509,R@100,0.0
q6510,nDCG@10,0.0
q6510,R@100,0.0
q6511,nDCG@10,0.0
q6511,R@100,0.0
q6512,nDCG@10,0.0
q6512,R@100,0.0
q6513,nDCG@10,0.0
q6513,R@100,0.0
q6514,nDCG@10,0.0
q6514,R@100,0.0
q6515,nDCG@10,0.0
q6515,R@100,0.0
q6516,nDCG@10,0.0
q6516,R@100,0.0
q6517,nDCG@10,0.0
q6517,R@100,0.0
q6518,nDCG@10,0.0
q6518,R@100,0.0
q6519,nDCG@10,0.0
q6519,R@100,0.0
q6520,nDCG@10,0.0
q6520,R@100,0.0
q6521,nDCG@10,0.0
q6521,R@100,1.0
q6522,nDCG@10,0.0
q6522,R@100,0.0
q6523,nDCG@10,0.0
q6523,R@100,0.0
q6524,nDCG@10,1.0
q6524,R@100,1.0
q6525,nDCG@10,0.0
q6525,R@100,0.0
q6526,nDCG@10,0.0
q6526,R@100,1.0
q6527,nDCG@10,0.0
q6527,R@100,0.0
q6528,nDCG@10,0.0
q6528,R@100,0.0
q6529,nDCG@10,0.0
q6529,R@100,0.0
q6530,nDCG@10,1.0
q6530,R@100,1.0
q6531,nDCG@10,0.0
q6531,R@100,0.0
q6532,nDCG@10,0.0
q6532,R@100,0.0
q6533,nDCG@10,0.0
q6533,R@100,0.0
q6534,nDCG@10,0.0
q6534,R@100,0.0
q6535,nDCG@10,0.0
q6535,R@100,0.0
q6536,nDCG@10,0.0
q6536,R@100,1.0
q6537,nDCG@10,0.0
q6537,R@100,0.0
q6538,nDCG@10,0.0
q6538,R@100,1.0
q6539,nDCG@10,0.0
q6539,R@100,0.0
q6540,nDCG@10,0.0
q6540,R@100,0.0
q6541,nDCG@10,0.5
q6541,R@100,1.0
q6542,nDCG@10,0.0
q6542,R@100,1.0
q6543,nDCG@10,0.0
q6543,R@100,0.0
q6544,nDCG@10,0.0
q6544,R@100,0.0
q6545,nDCG@10,0.0
q6545,R@100,0.0
q6546,nDCG@10,0.0
q6546,R@100,0.0
q6547,nDCG@10,0.0
q6547,R@100,0.0
q6548,nDCG@10,0.0
q6548,R@100,1.0
q6549,nDCG@10,0.0
q6549,R@100,0.0
q6550,nDCG@10,0.0
q6550,R@100,0.0
q6551,nDCG@10,0.0
q6551,R@100,0.0
q6552,nDCG@10,0.0
q6552,R@100,0.0
q6553,nDCG@10,0.0
q6553,R@100,0.0
q6554,nDCG@10,0.0
q6554,R@100,0.0
q6555,nDCG@10,1.0
q6555,R@100,1.0
q6556,nDCG@10,0.0
q6556,R@100,0.0
q6557,nDCG@10,0.0
q6557,R@100,0.0
q6558,nDCG@10,0.43067655807339306
q6558,R@100,1.0
q6559,nDCG@10,0.0
q6559,R@100,0.0
q6560,nDCG@10,0.0
q6560,R@100,0.0
q6561,nDCG@10,0.0
q6561,R@100,0.0
q6562,nDCG@10,0.0
q6562,R@100,0.0
q6563,nDCG@10,0.0
q6563,R@100,0.0
q6564,nDCG@10,0.0
q6564,R@100,0.0
q6565,nDCG@10,0.0
q6565,R@100,0.0
q6566,nDCG@10,0.0
q6566,R@100,0.0
q6567,nDCG@10,0.0
q6567,R@100,0.0
q6568,nDCG@10,0.0
q6568,R@100,0.0
q6569,nDCG@10,0.0
q6569,R@100,0.0
q6570,nDCG@10,0.0
q6570,R@100,0.0
q6571,nDCG@10,0.0
q6571,R@100,0.0
q6572,nDCG@10,0.0
q6572,R@100,0.0
q6573,nDCG@10,0.0
q6573,R@100,0.0
q6574,nDCG@10,0.0
q6574,R@100,1.0
q6575,nDCG@10,1.0
q6575,R@100,1.0
q6576,nDCG@10,1.0
q6576,R@100,1.0
q6577,nDCG@10,0.0
q6577,R@100,0.0
q6578,nDCG@10,1.0
q6578,R@100,1.0
q6579,nDCG@10,0.0
q6579,R@100,0.0
q6580,nDCG@10,0.0
q6580,R@100,0.0
q6581,nDCG@10,0.0
q6581,R@100,0.0
q6582,nDCG@10,0.0
q6582,R@100,0.0
q6583,nDCG@10,0.0
q6583,R@100,0.0
q6584,nDCG@10,0.0
q6584,R@100,0.0
q6585,nDCG@10,0.0
q6585,R@100,0.0
q6586,nDCG@10,0.0
q6586,R@100,0.0
q6587,nDCG@10,0.0
q6587,R@100,0.0
q6588,nDCG@10,0.0
q6588,R@100,0.0
q6589,nDCG@10,0.0
q6589,R@100,0.0
q6590,nDCG@10,0.0
q6590,R@100,0.0
q6591,nDCG@10,0.0
q6591,R@100,0.0
q6592,nDCG@10,0.0
q6592,R@100,0.0
q6593,nDCG@10,0.38685280723454163
q6593,R@100,1.0
q6594,nDCG@10,0.0
q6594,R@100,0.0
q6595,nDCG@10,0.31546487678572877
q6595,R@100,1.0
q6596,nDCG@10,0.43067655807339306
q6596,R@100,1.0
q6597,nDCG@10,0.0
q6597,R@100,0.0
q6598,nDCG@10,0.0
q6598,R@100,0.0
q6599,nDCG@10,0.0
q6599,R@100,0.0
q6600,nDCG@10,0.0
q6600,R@100,0.0
q6601,nDCG@10,0.0
q6601,R@100,1.0
q6602,nDCG@10,0.0
q6602,R@100,0.0
q6603,nDCG@10,0.0
q6603,R@100,0.0
q6604,nDCG@10,0.0
q6604,R@100,0.0
q6605,nDCG@10,0.0
q6605,R@100,0.0
q6606,nDCG@10,0.38685280723454163
q6606,R@100,1.0
q6607,nDCG@10,0.0
q6607,R@100,0.0
q6608,nDCG@10,0.0
q6608,R@100,0.0
q6609,nDCG@10,0.0
q6609,R@100,0.0
q6610,nDCG@10,0.0
q6610,R@100,0.0
q6611,nDCG@10,0.0
q6611,R@100,0.0
q6612,nDCG@10,0.6309297535714575
q6612,R@100,1.0
q6613,nDCG@10,0.0
q6613,R@100,0.0
q6614,nDCG@10,0.0
q6614,R@100,0.0
q6615,nDCG@10,0.0
q6615,R@100,0.0
q6616,nDCG@10,0.0
q6616,R@100,0.0
q6617,nDCG@10,0.0
q6617,R@100,0.0
q6618,nDCG@10,0.0
q6618,R@100,0.0
q6619,nDCG@10,1.0
q6619,R@100,1.0
q6620,nDCG@10,1.0
q6620,R@100,1.0
q6621,nDCG@10,0.0
q6621,R@100,0.0
q6622,nDCG@10,0.0
q6622,R@100,0.0
q6623,nDCG@10,0.0
q6623,R@100,0.0
q6624,nDCG@10,0.0
q6624,R@100,0.0
q6625,nDCG@10,0.0
q6625,R@100,0.0
q6626,nDCG@10,0.0
q6626,R@100,0.0
q6627,nDCG@10,0.0
q6627,R@100,0.0
q6628,nDCG@10,0.0
q6628,R@100,0.0
q6629,nDCG@10,0.0
q6629,R@100,0.0
q6630,nDCG@10,0.0
q6630,R@100,0.0
q6631,nDCG@10,1.0
q6631,R@100,1.0
q6632,nDCG@10,0.0
q6632,R@100,1.0
q6633,nDCG@10,0.0
q6633,R@100,0.0
q6634,nDCG@10,0.0
q6634,R@100,0.0
q6635,nDCG@10,0.0
q6635,R@100,0.0
q6636,nDCG@10,0.0
q6636,R@100,0.0
q6637,nDCG@10,0.0
q6637,R@100,0.0
q6638,nDCG@10,0.0
q6638,R@100,1.0
q6639,nDCG@10,0.0
q6639,R@100,0.0
q6640,nDCG@10,0.0
q6640,R@100,0.0
q6641,nDCG@10,0.0
q6641,R@100,0.0
q6642,nDCG@10,1.0
q6642,R@100,1.0
q6643,nDCG@10,0.0
q6643,R@100,0.0
q6644,nDCG@10,0.0
q6644,R@100,0.0
q6645,nDCG@10,0.0
q6645,R@100,0.0
q6646,nDCG@10,0.0
q6646,R@100,0.0
q6647,nDCG@10,0.0
q6647,R@100,0.0
q6648,nDCG@10,0.0
q6648,R@100,0.0
q6649,nDCG@10,0.0
q6649,R@100,1.0
q6650,nDCG@10,0.0
q6650,R@100,0.0
q6651,nDCG@10,0.0
q6651,R@100,0.0
q6652,nDCG@10,0.0
q6652,R@100,0.0
q6653,nDCG@10,1.0
q6653,R@100,1.0
q6654,nDCG@10,0.43067655807339306
q6654,R@100,1.0
q6655,nDCG@10,0.0
q6655,R@100,0.0
q6656,nDCG@10,0.0
q6656,R@100,0.0
q6657,nDCG@10,0.0
q6657,R@100,0.0
q6658,nDCG@10,0.0
q6658,R@100,0.0
q6659,nDCG@10,0.0
q6659,R@100,0.0
q6660,nDCG@10,0.0
q6660,R@100,0.0
q6661,nDCG@10,0.0
q6661,R@100,0.0
q6662,nDCG@10,0.0
q6662,R@100,0.0
q6663,nDCG@10,0.0
q6663,R@100,0.0
q6664,nDCG@10,0.0
q6664,R@100,0.0
q6665,nDCG@10,1.0
q6665,R@100,1.0
q6666,nDCG@10,0.0
q6666,R@100,0.0
q6667,nDCG@10,0.0
q6667,R@100,0.0
q6668,nDCG@10,0.5
q6668,R@100,1.0
q6669,nDCG@10,0.0
q6669,R@100,0.0
q6670,nDCG@10,1.0
q6670,R@100,1.0
q6671,nDCG@10,0.0
q6671,R@100,0.0
q6672,nDCG@10,0.0
q6672,R@100,0.0
q6673,nDCG@10,0.0
q6673,R@100,0.0
q6674,nDCG@10,0.0
q6674,R@100,0.0
q6675,nDCG@10,0.0
q6675,R@100,0.0
q6676,nDCG@10,1.0
q6676,R@100,1.0
q6677,nDCG@10,0.0
q6677,R@100,0.0
q6678,nDCG@10,0.0
q6678,R@100,0.0
q6679,nDCG@10,0.0
q6679,R@100,0.0
q6680,nDCG@10,0.0
q6680,R@100,0.0
q6681,nDCG@10,0.0
q6681,R@100,0.0
q6682,nDCG@10,0.0
q6682,R@100,0.0
q6683,nDCG@10,0.0
q6683,R@100,0.0
q6684,nDCG@10,0.0
q6684,R@100,0.0
q6685,nDCG@10,0.0
q6685,R@100,0.0
q6686,nDCG@10,0.0
q6686,R@100,0.0
q6687,nDCG@10,0.43067655807339306
q6687,R@100,1.0
q6688,nDCG@10,0.0
q6688,R@100,0.0
q6689,nDCG@10,0.0
q6689,R@100,0.0
q6690,nDCG@10,0.0
q6690,R@100,1.0
q6691,nDCG@10,0.0
q6691,R@100,0.0
q6692,nDCG@10,0.0
q6692,R@100,0.0
q6693,nDCG@10,0.0
q6693,R@100,0.0
q6694,nDCG@10,0.0
q6694,R@100,0.0
q6695,nDCG@10,0.0
q6695,R@100,1.0
q6696,nDCG@10,0.0
q6696,R@100,0.0
q6697,nDCG@10,0.0
q6697,R@100,0.0
q6698,nDCG@10,0.3010299956639812
q6698,R@100,1.0
q6699,nDCG@10,0.0
q6699,R@100,0.0
q6700,nDCG@10,0.0
q6700,R@100,0.0
q6701,nDCG@10,0.0
q6701,R@100,0.0
q6702,nDCG@10,0.0
q6702,R@100,0.0
q6703,nDCG@10,0.0
q6703,R@100,0.0
q6704,nDCG@10,0.0
q6704,R@100,0.0
q6705,nDCG@10,0.3333333333333333
q6705,R@100,1.0
q6706,nDCG@10,0.0
q6706,R@100,0.0
q6707,nDCG@10,0.0
q6707,R@100,0.0
q6708,nDCG@10,0.0
q6708,R@100,0.0
q6709,nDCG@10,0.0
q6709,R@100,0.0
q6710,nDCG@10,0.0
q6710,R@100,1.0
q6711,nDCG@10,0.0
q6711,R@100,0.0
q6712,nDCG@10,0.0
q6712,R@100,0.0
q6713,nDCG@10,1.0
q6713,R@100,1.0
q6714,nDCG@10,0.0
q6714,R@100,0.0
q6715,nDCG@10,0.0
q6715,R@100,0.0
q6716,nDCG@10,0.0
q6716,R@100,0.0
q6717,nDCG@10,0.0
q6717,R@100,0.0
q6718,nDCG@10,0.0
q6718,R@100,0.0
q6719,nDCG@10,0.0
q6719,R@100,0.0
q6720,nDCG@10,0.0
q6720,R@100,1.0
q6721,nDCG@10,0.0
q6721,R@100,0.0
q6722,nDCG@10,0.0
q6722,R@100,0.0
q6723,nDCG@10,0.0
q6723,R@100,0.0
q6724,nDCG@10,0.0
q6724,R@100,0.0
q6725,nDCG@10,0.0
q6725,R@100,0.0
q6726,nDCG@10,0.0
q6726,R@100,0.0
q6727,nDCG@10,0.0
q6727,R@100,1.0
q6728,nDCG@10,0.0
q6728,R@100,0.0
q6729,nDCG@10,0.0
q6729,R@100,0.0
q6730,nDCG@10,0.0
q6730,R@100,0.0
q6731,nDCG@10,0.0
q6731,R@100,0.0
q6732,nDCG@10,0.0
q6732,R@100,0.0
q6733,nDCG@10,0.0
q6733,R@100,0.0
q6734,nDCG@10,0.0
q6734,R@100,1.0
q6735,nDCG@10,0.0
q6735,R@100,0.0
q6736,nDCG@10,0.0
q6736,R@100,0.0
q6737,nDCG@10,0.0
q6737,R@100,0.0
q6738,nDCG@10,0.0
q6738,R@100,0.0
q6739,nDCG@10,0.0
q6739,R@100,0.0
q6740,nDCG@10,0.0
q6740,R@100,0.0
q6741,nDCG@10,0.0
q6741,R@100,0.0
q6742,nDCG@10,0.0
q6742,R@100,0.0
q6743,nDCG@10,0.0
q6743,R@100,0.0
q6744,nDCG@10,0.0
q6744,R@100,0.0
q6745,nDCG@10,0.0
q6745,R@100,0.0
q6746,nDCG@10,0.0
q6746,R@100,0.0
q6747,nDCG@10,0.0
q6747,R@100,0.0
q6748,nDCG@10,0.0
q6748,R@100,0.0
q6749,nDCG@10,0.0
q6749,R@100,0.0
q6750,nDCG@10,0.0
q6750,R@100,0.0
q6751,nDCG@10,0.0
q6751,R@100,1.0
q6752,nDCG@10,0.0
q6752,R@100,0.0
q6753,nDCG@10,0.0
q6753,R@100,0.0
q6754,nDCG@10,0.0
q6754,R@100,1.0
q6755,nDCG@10,0.0
q6755,R@100,0.0
q6756,nDCG@10,0.0
q6756,R@100,0.0
q6757,nDCG@10,0.0
q6757,R@100,1.0
q6758,nDCG@10,0.0
q6758,R@100,0.0
q6759,nDCG@10,0.0
q6759,R@100,0.0
q6760,nDCG@10,0.0
q6760,R@100,0.0
q6761,nDCG@10,0.0
q6761,R@100,0.0
q6762,nDCG@10,0.0
q6762,R@100,0.0
q6763,nDCG@10,0.3333333333333333
q6763,R@100,1.0
q6764,nDCG@10,0.0
q6764,R@100,0.0
q6765,nDCG@10,0.0
q6765,R@100,0.0
q6766,nDCG@10,0.0
q6766,R@100,0.0
q6767,nDCG@10,0.0
q6767,R@100,0.0
q6768,nDCG@10,0.0
q6768,R@100,0.0
q6769,nDCG@10,0.0
q6769,R@100,0.0
q6770,nDCG@10,0.0
q6770,R@100,0.0
q6771,nDCG@10,0.0
q6771,R@100,0.0
q6772,nDCG@10,0.0
q6772,R@100,0.0
q6773,nDCG@10,0.0
q6773,R@100,0.0
q6774,nDCG@10,0.0
q6774,R@100,0.0
q6775,nDCG@10,0.0
q6775,R@100,0.0
q6776,nDCG@10,0.0
q6776,R@100,0.0
q6777,nDCG@10,0.0
q6777,R@100,0.0
q6778,nDCG@10,0.0
q6778,R@100,0.0
q6779,nDCG@10,0.0
q6779,R@100,0.0
q6780,nDCG@10,0.0
q6780,R@100,0.0
q6781,nDCG@10,0.0
q6781,R@100,0.0
q6782,nDCG@10,0.0
q6782,R@100,0.0
q6783,nDCG@10,0.0
q6783,R@100,1.0
q6784,nDCG@10,0.0
q6784,R@100,0.0
q6785,nDCG@10,0.0
q6785,R@100,0.0
q6786,nDCG@10,0.0
q6786,R@100,0.0
q6787,nDCG@10,0.0
q6787,R@100,0.0
q6788,nDCG@10,0.0
q6788,R@100,0.0
q6789,nDCG@10,0.0
q6789,R@100,0.0
q6790,nDCG@10,0.0
q6790,R@100,0.0
q6791,nDCG@10,0.0
q6791,R@100,0.0
q6792,nDCG@10,0.0
q6792,R@100,0.0
q6793,nDCG@10,1.0
q6793,R@100,1.0
q6794,nDCG@10,0.0
q6794,R@100,0.0
q6795,nDCG@10,0.0
q6795,R@100,0.0
q6796,nDCG@10,0.0
q6796,R@100,0.0
q6797,nDCG@10,0.0
q6797,R@100,0.0
q6798,nDCG@10,0.0
q6798,R@100,0.0
q6799,nDCG@10,0.0
q6799,R@100,0.0
q6800,nDCG@10,0.0
q6800,R@100,0.0
q6801,nDCG@10,0.0
q6801,R@100,0.0
q6802,nDCG@10,0.0
q6802,R@100,0.0
q6803,nDCG@10,0.0
q6803,R@100,0.0
q6804,nDCG@10,0.0
q6804,R@100,0.0
q6805,nDCG@10,0.0
q6805,R@100,0.0
q6806,nDCG@10,0.0
q6806,R@100,0.0
q6807,nDCG@10,0.0
q6807,R@100,0.0
q6808,nDCG@10,0.0
q6808,R@100,0.0
q6809,nDCG@10,0.0
q6809,R@100,0.0
q6810,nDCG@10,0.0
q6810,R@100,0.0
q6811,nDCG@10,0.0
q6811,R@100,0.0
q6812,nDCG@10,0.0
q6812,R@100,0.0
q6813,nDCG@10,0.0
q6813,R@100,0.0
q6814,nDCG@10,0.31546487678572877
q6814,R@100,1.0
q6815,nDCG@10,1.0
q6815,R@100,1.0
q6816,nDCG@10,0.0
q6816,R@100,0.0
q6817,nDCG@10,0.0
q6817,R@100,0.0
q6818,nDCG@10,0.0
q6818,R@100,0.0
q6819,nDCG@10,0.0
q6819,R@100,0.0
q6820,nDCG@10,0.0
q6820,R@100,0.0
q6821,nDCG@10,0.0
q6821,R@100,0.0
q6822,nDCG@10,0.0
q6822,R@100,0.0
q6823,nDCG@10,0.0
q6823,R@100,0.0
q6824,nDCG@10,0.0
q6824,R@100,0.0
q6825,nDCG@10,0.0
q6825,R@100,0.0
q6826,nDCG@10,0.0
q6826,R@100,0.0
q6827,nDCG@10,0.0
q6827,R@100,0.0
q6828,nDCG@10,0.0
q6828,R@100,0.0
q6829,nDCG@10,0.0
q6829,R@100,0.0
q6830,nDCG@10,0.6309297535714575
q6830,R@100,1.0
q6831,nDCG@10,0.0
q6831,R@100,0.0
q6832,nDCG@10,0.0
q6832,R@100,0.0
q6833,nDCG@10,0.0
q6833,R@100,0.0
q6834,nDCG@10,0.0
q6834,R@100,0.0
q6835,nDCG@10,0.0
q6835,R@100,0.0
q6836,nDCG@10,0.0
q6836,R@100,0.0
q6837,nDCG@10,0.0
q6837,R@100,0.0
q6838,nDCG@10,0.0
q6838,R@100,0.0
q6839,nDCG@10,0.0
q6839,R@100,0.0
q6840,nDCG@10,0.0
q6840,R@100,0.0
q6841,nDCG@10,0.0
q6841,R@100,0.0
q6842,nDCG@10,0.0
q6842,R@100,0.0
q6843,nDCG@10,0.0
q6843,R@100,0.0
q6844,nDCG@10,0.0
q6844,R@100,0.0
q6845,nDCG@10,0.0
q6845,R@100,0.0
q6846,nDCG@10,0.0
q6846,R@100,0.0
q6847,nDCG@10,0.0
q6847,R@100,0.0
q6848,nDCG@10,0.0
q6848,R@100,0.0
q6849,nDCG@10,0.0
q6849,R@100,0.0
q6850,nDCG@10,0.0
q6850,R@100,0.0
q6851,nDCG@10,0.0
q6851,R@100,0.0
q6852,nDCG@10,0.0
q6852,R@100,0.0
q6853,nDCG@10,0.0
q6853,R@100,0.0
q6854,nDCG@10,0.0
q6854,R@100,0.0
q6855,nDCG@10,0.0
q6855,R@100,0.0
q6856,nDCG@10,0.0
q6856,R@100,0.0
q6857,nDCG@10,0.0
q6857,R@100,0.0
q6858,nDCG@10,0.0
q6858,R@100,0.0
q6859,nDCG@10,0.0
q6859,R@100,0.0
q6860,nDCG@10,0.0
q6860,R@100,0.0
q6861,nDCG@10,0.0
q6861,R@100,0.0
q6862,nDCG@10,0.31546487678572877
q6862,R@100,1.0
q6863,nDCG@10,0.0
q6863,R@100,0.0
q6864,nDCG@10,0.0
q6864,R@100,0.0
q6865,nDCG@10,0.0
q6865,R@100,0.0
q6866,nDCG@10,0.0
q6866,R@100,1.0
q6867,nDCG@10,0.0
q6867,R@100,0.0
q6868,nDCG@10,0.0
q6868,R@100,0.0
q6869,nDCG@10,0.0
q6869,R@100,0.0
q6870,nDCG@10,0.0
q6870,R@100,0.0
q6871,nDCG@10,0.0
q6871,R@100,0.0
q6872,nDCG@10,0.0
q6872,R@100,0.0
q6873,nDCG@10,0.0
q6873,R@100,0.0
q6874,nDCG@10,0.0
q6874,R@100,0.0
q6875,nDCG@10,0.0
q6875,R@100,0.0
q6876,nDCG@10,0.0
q6876,R@100,1.0
q6877,nDCG@10,0.0
q6877,R@100,0.0
q6878,nDCG@10,0.0
q6878,R@100,0.0
q6879,nDCG@10,0.0
q6879,R@100,0.0
q6880,nDCG@10,0.0
q6880,R@100,0.0
q6881,nDCG@10,0.0
q6881,R@100,0.0
q6882,nDCG@10,0.0
q6882,R@100,0.0
q6883,nDCG@10,0.0
q6883,R@100,0.0
q6884,nDCG@10,0.0
q6884,R@100,1.0
q6885,nDCG@10,0.5
q6885,R@100,1.0
q6886,nDCG@10,0.0
q6886,R@100,0.0
q6887,nDCG@10,0.0
q6887,R@100,0.0
q6888,nDCG@10,0.0
q6888,R@100,0.0
q6889,nDCG@10,1.0
q6889,R@100,1.0
q6890,nDCG@10,0.0
q6890,R@100,0.0
q6891,nDCG@10,0.0
q6891,R@100,0.0
q6892,nDCG@10,0.0
q6892,R@100,0.0
q6893,nDCG@10,0.0
q6893,R@100,0.0
q6894,nDCG@10,0.0
q6894,R@100,0.0
q6895,nDCG@10,0.0
q6895,R@100,0.0
q6896,nDCG@10,0.0
q6896,R@100,1.0
q6897,nDCG@10,0.0
q6897,R@100,0.0
q6898,nDCG@10,0.0
q6898,R@100,0.0
q6899,nDCG@10,1.0
q6899,R@100,1.0
q6900,nDCG@10,0.0
q6900,R@100,0.0
q6901,nDCG@10,0.0
q6901,R@100,0.0
q6902,nDCG@10,0.0
q6902,R@100,0.0
q6903,nDCG@10,0.0
q6903,R@100,0.0
q6904,nDCG@10,0.0
q6904,R@100,0.0
q6905,nDCG@10,0.0
q6905,R@100,0.0
q6906,nDCG@10,0.0
q6906,R@100,0.0
q6907,nDCG@10,0.0
q6907,R@100,0.0
q6908,nDCG@10,0.0
q6908,R@100,0.0
q6909,nDCG@10,0.0
q6909,R@100,0.0
q6910,nDCG@10,0.0
q6910,R@100,0.0
q6911,nDCG@10,0.0
q6911,R@100,0.0
q6912,nDCG@10,0.0
q6912,R@100,0.0
q6913,nDCG@10,0.0
q6913,R@100,0.0
q6914,nDCG@10,0.0
q6914,R@100,0.0
q6915,nDCG@10,0.0
q6915,R@100,0.0
q6916,nDCG@10,0.0
q6916,R@100,0.0
q6917,nDCG@10,0.0
q6917,R@100,0.0
q6918,nDCG@10,0.0
q6918,R@100,0.0
q6919,nDCG@10,0.0
q6919,R@100,0.0
q6920,nDCG@10,0.0
q6920,R@100,0.0
q6921,nDCG@10,0.0
q6921,R@100,0.0
q6922,nDCG@10,0.0
q6922,R@100,0.0
q6923,nDCG@10,0.0
q6923,R@100,0.0
q6924,nDCG@10,0.0
q6924,R@100,0.0
q6925,nDCG@10,0.0
q6925,R@100,0.0
q6926,nDCG@10,0.0
q6926,R@100,0.0
q6927,nDCG@10,0.0
q6927,R@100,0.0
q6928,nDCG@10,0.0
q6928,R@100,0.0
q6929,nDCG@10,0.0
q6929,R@100,0.0
q6930,nDCG@10,0.0
q6930,R@100,0.0
q6931,nDCG@10,0.0
q6931,R@100,0.0
q6932,nDCG@10,0.0
q6932,R@100,0.0
q6933,nDCG@10,1.0
q6933,R@100,1.0
q6934,nDCG@10,0.0
q6934,R@100,0.0
q6935,nDCG@10,0.0
q6935,R@100,0.0
q6936,nDCG@10,0.0
q6936,R@100,0.0
q6937,nDCG@10,0.0
q6937,R@100,0.0
q6938,nDCG@10,0.0
q6938,R@100,0.0
q6939,nDCG@10,0.0
q6939,R@100,0.0
q6940,nDCG@10,0.0
q6940,R@100,0.0
q6941,nDCG@10,0.0
q6941,R@100,0.0
q6942,nDCG@10,0.0
q6942,R@100,0.0
q6943,nDCG@10,0.0
q6943,R@100,0.0
q6944,nDCG@10,1.0
q6944,R@100,1.0
q6945,nDCG@10,1.0
q6945,R@100,1.0
q6946,nDCG@10,0.0
q6946,R@100,0.0
q6947,nDCG@10,0.0
q6947,R@100,0.0
q6948,nDCG@10,0.0
q6948,R@100,0.0
q6949,nDCG@10,0.0
q6949,R@100,0.0
q6950,nDCG@10,0.0
q6950,R@100,0.0
q6951,nDCG@10,0.0
q6951,R@100,0.0
q6952,nDCG@10,0.0
q6952,R@100,0.0
q6953,nDCG@10,0.0
q6953,R@100,0.0
q6954,nDCG@10,0.0
q6954,R@100,0.0
q6955,nDCG@10,0.0
q6955,R@100,0.0
q6956,nDCG@10,0.0
q6956,R@100,0.0
q6957,nDCG@10,0.0
q6957,R@100,0.0
q6958,nDCG@10,0.0
q6958,R@100,0.0
q6959,nDCG@10,0.0
q6959,R@100,0.0
q6960,nDCG@10,0.3010299956639812
q6960,R@100,1.0
q6961,nDCG@10,0.0
q6961,R@100,0.0
q6962,nDCG@10,0.0
q6962,R@100,0.0
q6963,nDCG@10,0.0
q6963,R@100,0.0
q6964,nDCG@10,0.0
q6964,R@100,0.0
q6965,nDCG@10,0.0
q6965,R@100,0.0
q6966,nDCG@10,0.0
q6966,R@100,0.0
q6967,nDCG@10,0.0
q6967,R@100,0.0
q6968,nDCG@10,0.43067655807339306
q6968,R@100,1.0
q6969,nDCG@10,0.0
q6969,R@100,0.0
q6970,nDCG@10,0.0
q6970,R@100,0.0
q6971,nDCG@10,0.0
q6971,R@100,1.0
q6972,nDCG@10,0.0
q6972,R@100,0.0
q6973,nDCG@10,0.0
q6973,R@100,0.0
q6974,nDCG@10,0.0
q6974,R@100,0.0
q6975,nDCG@10,0.0
q6975,R@100,0.0
q6976,nDCG@10,0.0
q6976,R@100,0.0
q6977,nDCG@10,0.0
q6977,R@100,0.0
q6978,nDCG@10,0.0
q6978,R@100,0.0
q6979,nDCG@10,0.0
q6979,R@100,0.0
q6980,nDCG@10,0.0
q6980,R@100,0.0
q6981,nDCG@10,0.0
q6981,R@100,0.0
q6982,nDCG@10,0.0
q6982,R@100,0.0
q6983,nDCG@10,0.0
q6983,R@100,0.0
q6984,nDCG@10,0.0
q6984,R@100,0.0
q6985,nDCG@10,0.0
q6985,R@100,0.0
q6986,nDCG@10,0.0
q6986,R@100,0.0
q6987,nDCG@10,0.0
q6987,R@100,0.0
q6988,nDCG@10,0.0
q6988,R@100,0.0
q6989,nDCG@10,0.0
q6989,R@100,0.0
q6990,nDCG@10,0.0
q6990,R@100,0.0
q6991,nDCG@10,1.0
q6991,R@100,1.0
q6992,nDCG@10,0.0
q6992,R@100,0.0
q6993,nDCG@10,0.0
q6993,R@100,0.0
q6994,nDCG@10,0.5
q6994,R@100,1.0
q6995,nDCG@10,0.0
q6995,R@100,0.0
q6996,nDCG@10,0.0
q6996,R@100,0.0
q6997,nDCG@10,0.0
q6997,R@100,0.0
q6998,nDCG@10,0.0
q6998,R@100,0.0
q6999,nDCG@10,0.0
q6999,R@100,0.0
q7000,nDCG@10,0.0
q7000,R@100,0.0
q7001,nDCG@10,0.0
q7001,R@100,0.0
q7002,nDCG@10,0.0
q7002,R@100,0.0
q7003,nDCG@10,0.3562071871080222
q7003,R@100,1.0
q7004,nDCG@10,0.0
q7004,R@100,1.0
q7005,nDCG@10,0.0
q7005,R@100,0.0
q7006,nDCG@10,0.0
q7006,R@100,0.0
q7007,nDCG@10,0.0
q7007,R@100,0.0
q7008,nDCG@10,0.0
q7008,R@100,0.0
q7009,nDCG@10,0.0
q7009,R@100,0.0
q7010,nDCG@10,0.0
q7010,R@100,0.0
q7011,nDCG@10,0.0
q7011,R@100,0.0
q7012,nDCG@10,0.0
q7012,R@100,0.0
q7013,nDCG@10,0.0
q7013,R@100,0.0
q7014,nDCG@10,0.0
q7014,R@100,0.0
q7015,nDCG@10,0.0
q7015,R@100,0.0
q7016,nDCG@10,0.0
q7016,R@100,0.0
q7017,nDCG@10,1.0
q7017,R@100,1.0
q7018,nDCG@10,0.0
q7018,R@100,0.0
q7019,nDCG@10,0.0
q7019,R@100,0.0
q7020,nDCG@10,0.0
q7020,R@100,0.0
q7021,nDCG@10,0.0
q7021,R@100,0.0
q7022,nDCG@10,0.0
q7022,R@100,0.0
q7023,nDCG@10,0.0
q7023,R@100,0.0
q7024,nDCG@10,0.0
q7024,R@100,1.0
q7025,nDCG@10,0.0
q7025,R@100,0.0
q7026,nDCG@10,0.0
q7026,R@100,0.0
q7027,nDCG@10,0.0
q7027,R@100,0.0
q7028,nDCG@10,0.0
q7028,R@100,0.0
q7029,nDCG@10,0.0
q7029,R@100,0.0
q7030,nDCG@10,0.0
q7030,R@100,0.0
q7031,nDCG@10,0.0
q7031,R@100,0.0
q7032,nDCG@10,0.0
q7032,R@100,0.0
q7033,nDCG@10,0.0
q7033,R@100,1.0
q7034,nDCG@10,0.0
q7034,R@100,0.0
q7035,nDCG@10,0.0
q7035,R@100,0.0
q7036,nDCG@10,0.0
q7036,R@100,0.0
q7037,nDCG@10,0.0
q7037,R@100,0.0
q7038,nDCG@10,0.0
q7038,R@100,0.0
q7039,nDCG@10,0.0
q7039,R@100,0.0
q7040,nDCG@10,0.0
q7040,R@100,0.0
q7041,nDCG@10,0.0
q7041,R@100,0.0
q7042,nDCG@10,0.0
q7042,R@100,0.0
q7043,nDCG@10,1.0
q7043,R@100,1.0
q7044,nDCG@10,0.0
q7044,R@100,0.0
q7045,nDCG@10,0.0
q7045,R@100,0.0
q7046,nDCG@10,0.0
q7046,R@100,1.0
q7047,nDCG@10,0.0
q7047,R@100,0.0
q7048,nDCG@10,0.0
q7048,R@100,0.0
q7049,nDCG@10,0.0
q7049,R@100,0.0
q7050,nDCG@10,0.0
q7050,R@100,0.0
q7051,nDCG@10,0.0
q7051,R@100,1.0
q7052,nDCG@10,0.0
q7052,R@100,0.0
q7053,nDCG@10,0.0
q7053,R@100,0.0
q7054,nDCG@10,0.0
q7054,R@100,0.0
q7055,nDCG@10,0.0
q7055,R@100,0.0
q7056,nDCG@10,1.0
q7056,R@100,1.0
q7057,nDCG@10,0.0
q7057,R@100,0.0
q7058,nDCG@10,0.0
q7058,R@100,0.0
q7059,nDCG@10,0.0
q7059,R@100,0.0
q7060,nDCG@10,0.0
q7060,R@100,0.0
q7061,nDCG@10,0.0
q7061,R@100,0.0
q7062,nDCG@10,0.0
q7062,R@100,0.0
q7063,nDCG@10,0.0
q7063,R@100,0.0
q7064,nDCG@10,0.0
q7064,R@100,1.0
q7065,nDCG@10,0.0
q7065,R@100,0.0
q7066,nDCG@10,0.0
q7066,R@100,0.0
q7067,nDCG@10,0.0
q7067,R@100,1.0
q7068,nDCG@10,0.0
q7068,R@100,0.0
q7069,nDCG@10,0.43067655807339306
q7069,R@100,1.0
q7070,nDCG@10,0.0
q7070,R@100,0.0
q7071,nDCG@10,0.0
q7071,R@100,0.0
q7072,nDCG@10,0.0
q7072,R@100,0.0
q7073,nDCG@10,0.0
q7073,R@100,0.0
q7074,nDCG@10,0.0
q7074,R@100,0.0
q7075,nDCG@10,0.0
q7075,R@100,0.0
q7076,nDCG@10,0.0
q7076,R@100,0.0
q7077,nDCG@10,0.0
q7077,R@100,1.0
q7078,nDCG@10,0.0
q7078,R@100,0.0
q7079,nDCG@10,0.0
q7079,R@100,0.0
q7080,nDCG@10,0.0
q7080,R@100,0.0
q7081,nDCG@10,0.6309297535714575
q7081,R@100,1.0
q7082,nDCG@10,0.0
q7082,R@100,0.0
q7083,nDCG@10,0.0
q7083,R@100,0.0
q7084,nDCG@10,0.0
q7084,R@100,0.0
q7085,nDCG@10,0.0
q7085,R@100,0.0
q7086,nDCG@10,0.0
q7086,R@100,0.0
q7087,nDCG@10,0.0
q7087,R@100,0.0
q7088,nDCG@10,0.0
q7088,R@100,0.0
q7089,nDCG@10,0.0
q7089,R@100,0.0
q7090,nDCG@10,0.0
q7090,R@100,0.0
q7091,nDCG@10,0.0
q7091,R@100,0.0
q7092,nDCG@10,0.0
q7092,R@100,0.0
q7093,nDCG@10,0.0
q7093,R@100,0.0
q7094,nDCG@10,0.0
q7094,R@100,0.0
q7095,nDCG@10,0.0
q7095,R@100,0.0
q7096,nDCG@10,0.0
q7096,R@100,0.0
q7097,nDCG@10,0.0
q7097,R@100,0.0
q7098,nDCG@10,0.0
q7098,R@100,0.0
q7099,nDCG@10,0.0
q7099,R@100,1.0
q7100,nDCG@10,0.0
q7100,R@100,0.0
q7101,nDCG@10,0.0
q7101,R@100,0.0
q7102,nDCG@10,0.0
q7102,R@100,0.0
q7103,nDCG@10,0.0
q7103,R@100,0.0
q7104,nDCG@10,0.0
q7104,R@100,0.0
q7105,nDCG@10,0.0
q7105,R@100,0.0
q7106,nDCG@10,0.0
q7106,R@100,0.0
q7107,nDCG@10,0.0
q7107,R@100,0.0
q7108,nDCG@10,0.0
q7108,R@100,1.0
q7109,nDCG@10,0.0
q7109,R@100,0.0
q7110,nDCG@10,0.0
q7110,R@100,0.0
q7111,nDCG@10,0.0
q7111,R@100,0.0
q7112,nDCG@10,0.0
q7112,R@100,0.0
q7113,nDCG@10,0.0
q7113,R@100,0.0
q7114,nDCG@10,0.0
q7114,R@100,1.0
q7115,nDCG@10,0.0
q7115,R@100,0.0
q7116,nDCG@10,0.0
q7116,R@100,0.0
q7117,nDCG@10,0.0
q7117,R@100,0.0
q7118,nDCG@10,0.0
q7118,R@100,0.0
q7119,nDCG@10,0.0
q7119,R@100,1.0
q7120,nDCG@10,0.0
q7120,R@100,0.0
q7121,nDCG@10,0.0
q7121,R@100,0.0
q7122,nDCG@10,0.0
q7122,R@100,0.0
q7123,nDCG@10,1.0
q7123,R@100,1.0
q7124,nDCG@10,0.0
q7124,R@100,0.0
q7125,nDCG@10,0.6309297535714575
q7125,R@100,1.0
q7126,nDCG@10,0.0
q7126,R@100,1.0
q7127,nDCG@10,0.0
q7127,R@100,0.0
q7128,nDCG@10,0.0
q7128,R@100,0.0
q7129,nDCG@10,0.0
q7129,R@100,0.0
q7130,nDCG@10,0.0
q7130,R@100,0.0
q7131,nDCG@10,0.0
q7131,R@100,0.0
q7132,nDCG@10,0.0
q7132,R@100,0.0
q7133,nDCG@10,1.0
q7133,R@100,1.0
q7134,nDCG@10,0.2890648263178879
q7134,R@100,1.0
q7135,nDCG@10,0.0
q7135,R@100,0.0
q7136,nDCG@10,0.0
q7136,R@100,0.0
q7137,nDCG@10,0.0
q7137,R@100,0.0
q7138,nDCG@10,0.0
q7138,R@100,0.0
q7139,nDCG@10,0.0
q7139,R@100,0.0
q7140,nDCG@10,0.0
q7140,R@100,0.0
q7141,nDCG@10,0.0
q7141,R@100,0.0
q7142,nDCG@10,0.0
q7142,R@100,0.0
q7143,nDCG@10,0.0
q7143,R@100,0.0
q7144,nDCG@10,0.0
q7144,R@100,1.0
q7145,nDCG@10,0.0
q7145,R@100,0.0
q7146,nDCG@10,0.0
q7146,R@100,0.0
q7147,nDCG@10,0.0
q7147,R@100,0.0
q7148,nDCG@10,1.0
q7148,R@100,1.0
q7149,nDCG@10,0.0
q7149,R@100,0.0
q7150,nDCG@10,0.0
q7150,R@100,0.0
q7151,nDCG@10,0.0
q7151,R@100,0.0
q7152,nDCG@10,0.0
q7152,R@100,0.0
q7153,nDCG@10,0.0
q7153,R@100,0.0
q7154,nDCG@10,0.0
q7154,R@100,0.0
q7155,nDCG@10,0.0
q7155,R@100,1.0
q7156,nDCG@10,0.0
q7156,R@100,0.0
q7157,nDCG@10,0.0
q7157,R@100,0.0
q7158,nDCG@10,0.0
q7158,R@100,0.0
q7159,nDCG@10,0.0
q7159,R@100,0.0
q7160,nDCG@10,0.0
q7160,R@100,0.0
q7161,nDCG@10,0.0
q7161,R@100,0.0
q7162,nDCG@10,0.0
q7162,R@100,0.0
q7163,nDCG@10,0.0
q7163,R@100,0.0
q7164,nDCG@10,0.0
q7164,R@100,0.0
q7165,nDCG@10,0.0
q7165,R@100,0.0
q7166,nDCG@10,0.0
q7166,R@100,0.0
q7167,nDCG@10,0.0
q7167,R@100,0.0
q7168,nDCG@10,0.0
q7168,R@100,0.0
q7169,nDCG@10,1.0
q7169,R@100,1.0
q7170,nDCG@10,0.0
q7170,R@100,0.0
q7171,nDCG@10,0.0
q7171,R@100,0.0
q7172,nDCG@10,0.0
q7172,R@100,0.0
q7173,nDCG@10,0.0
q7173,R@100,0.0
q7174,nDCG@10,0.0
q7174,R@100,0.0
q7175,nDCG@10,0.0
q7175,R@100,0.0
q7176,nDCG@10,0.0
q7176,R@100,0.0
q7177,nDCG@10,0.0
q7177,R@100,0.0
q7178,nDCG@10,0.0
q7178,R@100,0.0
q7179,nDCG@10,0.0
q7179,R@100,0.0
q7180,nDCG@10,0.0
q7180,R@100,0.0
q7181,nDCG@10,0.0
q7181,R@100,0.0
q7182,nDCG@10,0.0
q7182,R@100,1.0
q7183,nDCG@10,0.0
q7183,R@100,1.0
q7184,nDCG@10,0.0
q7184,R@100,0.0
q7185,nDCG@10,0.0
q7185,R@100,0.0
q7186,nDCG@10,0.0
q7186,R@100,0.0
q7187,nDCG@10,0.0
q7187,R@100,0.0
q7188,nDCG@10,0.0
q7188,R@100,0.0
q7189,nDCG@10,0.0
q7189,R@100,0.0
q7190,nDCG@10,0.0
q7190,R@100,0.0
q7191,nDCG@10,0.0
q7191,R@100,0.0
q7192,nDCG@10,0.0
q7192,R@100,1.0
q7193,nDCG@10,0.0
q7193,R@100,0.0
q7194,nDCG@10,0.0
q7194,R@100,0.0
q7195,nDCG@10,0.0
q7195,R@100,0.0
q7196,nDCG@10,0.0
q7196,R@100,0.0
q7197,nDCG@10,0.0
q7197,R@100,0.0
q7198,nDCG@10,0.0
q7198,R@100,0.0
q7199,nDCG@10,0.0
q7199,R@100,1.0
q7200,nDCG@10,0.0
q7200,R@100,0.0
q7201,nDCG@10,0.0
q7201,R@100,0.0
q7202,nDCG@10,1.0
q7202,R@100,1.0
q7203,nDCG@10,0.0
q7203,R@100,0.0
q7204,nDCG@10,0.0
q7204,R@100,0.0
q7205,nDCG@10,0.0
q7205,R@100,0.0
q7206,nDCG@10,0.0
q7206,R@100,0.0
q7207,nDCG@10,0.0
q7207,R@100,0.0
q7208,nDCG@10,0.0
q7208,R@100,0.0
q7209,nDCG@10,0.0
q7209,R@100,0.0
q7210,nDCG@10,0.0
q7210,R@100,0.0
q7211,nDCG@10,0.0
q7211,R@100,1.0
q7212,nDCG@10,0.0
q7212,R@100,0.0
q7213,nDCG@10,0.0
q7213,R@100,0.0
q7214,nDCG@10,0.0
q7214,R@100,0.0
q7215,nDCG@10,0.0
q7215,R@100,0.0
q7216,nDCG@10,0.0
q7216,R@100,0.0
q7217,nDCG@10,0.3333333333333333
q7217,R@100,1.0
q7218,nDCG@10,0.0
q7218,R@100,0.0
q7219,nDCG@10,0.0
q7219,R@100,0.0
q7220,nDCG@10,0.0
q7220,R@100,0.0
q7221,nDCG@10,0.0
q7221,R@100,0.0
q7222,nDCG@10,0.0
q7222,R@100,0.0
q7223,nDCG@10,0.0
q7223,R@100,0.0
q7224,nDCG@10,0.0
q7224,R@100,0.0
q7225,nDCG@10,0.0
q7225,R@100,0.0
q7226,nDCG@10,0.0
q7226,R@100,0.0
q7227,nDCG@10,0.0
q7227,R@100,0.0
q7228,nDCG@10,0.0
q7228,R@100,0.0
q7229,nDCG@10,0.0
q7229,R@100,0.0
q7230,nDCG@10,0.0
q7230,R@100,0.0
q7231,nDCG@10,0.0
q7231,R@100,0.0
q7232,nDCG@10,0.0
q7232,R@100,0.0
q7233,nDCG@10,0.0
q7233,R@100,1.0
q7234,nDCG@10,0.0
q7234,R@100,0.0
q7235,nDCG@10,0.0
q7235,R@100,0.0
q7236,nDCG@10,1.0
q7236,R@100,1.0
q7237,nDCG@10,0.0
q7237,R@100,0.0
q7238,nDCG@10,0.0
q7238,R@100,0.0
q7239,nDCG@10,0.0
q7239,R@100,0.0
q7240,nDCG@10,0.0
q7240,R@100,0.0
q7241,nDCG@10,0.0
q7241,R@100,0.0
q7242,nDCG@10,0.0
q7242,R@100,0.0
q7243,nDCG@10,0.0
q7243,R@100,0.0
q7244,nDCG@10,0.0
q7244,R@100,0.0
q7245,nDCG@10,0.0
q7245,R@100,0.0
q7246,nDCG@10,0.3562071871080222
q7246,R@100,1.0
q7247,nDCG@10,0.0
q7247,R@100,0.0
q7248,nDCG@10,0.0
q7248,R@100,0.0
q7249,nDCG@10,0.0
q7249,R@100,0.0
q7250,nDCG@10,0.0
q7250,R@100,0.0
q7251,nDCG@10,0.0
q7251,R@100,0.0
q7252,nDCG@10,0.0
q7252,R@100,0.0
q7253,nDCG@10,0.0
q7253,R@100,0.0
q7254,nDCG@10,1.0
q7254,R@100,1.0
q7255,nDCG@10,0.0
q7255,R@100,0.0
q7256,nDCG@10,0.0
q7256,R@100,0.0
q7257,nDCG@10,0.0
q7257,R@100,0.0
q7258,nDCG@10,0.0
q7258,R@100,1.0
q7259,nDCG@10,0.0
q7259,R@100,0.0
q7260,nDCG@10,0.0
q7260,R@100,0.0
q7261,nDCG@10,0.0
q7261,R@100,0.0
q7262,nDCG@10,0.0
q7262,R@100,0.0
q7263,nDCG@10,0.0
q7263,R@100,0.0
q7264,nDCG@10,0.0
q7264,R@100,0.0
q7265,nDCG@10,0.0
q7265,R@100,0.0
q7266,nDCG@10,0.0
q7266,R@100,0.0
q7267,nDCG@10,0.0
q7267,R@100,0.0
q7268,nDCG@10,0.0
q7268,R@100,0.0
q7269,nDCG@10,0.0
q7269,R@100,0.0
q7270,nDCG@10,0.3562071871080222
q7270,R@100,1.0
q7271,nDCG@10,1.0
q7271,R@100,1.0
q7272,nDCG@10,0.0
q7272,R@100,0.0
q7273,nDCG@10,0.6309297535714575
q7273,R@100,1.0
q7274,nDCG@10,0.0
q7274,R@100,0.0
q7275,nDCG@10,0.0
q7275,R@100,0.0
q7276,nDCG@10,0.0
q7276,R@100,0.0
q7277,nDCG@10,0.0
q7277,R@100,1.0
q7278,nDCG@10,0.0
q7278,R@100,0.0
q7279,nDCG@10,0.0
q7279,R@100,0.0
q7280,nDCG@10,0.0
q7280,R@100,0.0
q7281,nDCG@10,0.0
q7281,R@100,0.0
q7282,nDCG@10,0.0
q7282,R@100,0.0
q7283,nDCG@10,0.0
q7283,R@100,0.0
q7284,nDCG@10,0.0
q7284,R@100,1.0
q7285,nDCG@10,0.0
q7285,R@100,0.0
q7286,nDCG@10,0.6309297535714575
q7286,R@100,1.0
q7287,nDCG@10,0.0
q7287,R@100,0.0
q7288,nDCG@10,0.0
q7288,R@100,0.0
q7289,nDCG@10,0.0
q7289,R@100,0.0
q7290,nDCG@10,0.0
q7290,R@100,0.0
q7291,nDCG@10,0.0
q7291,R@100,0.0
q7292,nDCG@10,0.0
q7292,R@100,0.0
q7293,nDCG@10,0.0
q7293,R@100,0.0
q7294,nDCG@10,0.6309297535714575
q7294,R@100,1.0
q7295,nDCG@10,0.0
q7295,R@100,0.0
q7296,nDCG@10,0.0
q7296,R@100,0.0
q7297,nDCG@10,0.0
q7297,R@100,0.0
q7298,nDCG@10,0.0
q7298,R@100,0.0
q7299,nDCG@10,0.0
q7299,R@100,0.0
q7300,nDCG@10,0.0
q7300,R@100,0.0
q7301,nDCG@10,0.0
q7301,R@100,0.0
q7302,nDCG@10,0.0
q7302,R@100,0.0
q7303,nDCG@10,0.0
q7303,R@100,0.0
q7304,nDCG@10,0.0
q7304,R@100,0.0
q7305,nDCG@10,0.0
q7305,R@100,0.0
q7306,nDCG@10,0.0
q7306,R@100,0.0
q7307,nDCG@10,0.0
q7307,R@100,0.0
q7308,nDCG@10,0.0
q7308,R@100,0.0
q7309,nDCG@10,0.0
q7309,R@100,0.0
q7310,nDCG@10,0.0
q7310,R@100,0.0
q7311,nDCG@10,0.0
q7311,R@100,0.0
q7312,nDCG@10,0.0
q7312,R@100,0.0
q7313,nDCG@10,0.0
q7313,R@100,0.0
q7314,nDCG@10,0.0
q7314,R@100,0.0
q7315,nDCG@10,0.0
q7315,R@100,0.0
q7316,nDCG@10,0.0
q7316,R@100,0.0
q7317,nDCG@10,0.0
q7317,R@100,0.0
q7318,nDCG@10,0.0
q7318,R@100,0.0
q7319,nDCG@10,0.0
q7319,R@100,0.0
q7320,nDCG@10,0.0
q7320,R@100,0.0
q7321,nDCG@10,0.0
q7321,R@100,0.0
q7322,nDCG@10,0.0
q7322,R@100,0.0
q7323,nDCG@10,0.0
q7323,R@100,0.0
q7324,nDCG@10,0.0
q7324,R@100,0.0
q7325,nDCG@10,0.0
q7325,R@100,0.0
q7326,nDCG@10,0.0
q7326,R@100,0.0
q7327,nDCG@10,0.0
q7327,R@100,0.0
q7328,nDCG@10,0.0
q7328,R@100,0.0
q7329,nDCG@10,0.0
q7329,R@100,0.0
q7330,nDCG@10,0.0
q7330,R@100,0.0
q7331,nDCG@10,0.0
q7331,R@100,0.0
q7332,nDCG@10,0.0
q7332,R@100,1.0
q7333,nDCG@10,0.0
q7333,R@100,1.0
q7334,nDCG@10,0.0
q7334,R@100,0.0
q7335,nDCG@10,0.0
q7335,R@100,0.0
q7336,nDCG@10,0.0
q7336,R@100,0.0
q7337,nDCG@10,0.3562071871080222
q7337,R@100,1.0
q7338,nDCG@10,0.0
q7338,R@100,0.0
q7339,nDCG@10,0.0
q7339,R@100,0.0
q7340,nDCG@10,0.0
q7340,R@100,0.0
q7341,nDCG@10,0.0
q7341,R@100,0.0
q7342,nDCG@10,0.0
q7342,R@100,0.0
q7343,nDCG@10,0.0
q7343,R@100,0.0
q7344,nDCG@10,0.0
q7344,R@100,0.0
q7345,nDCG@10,0.0
q7345,R@100,0.0
q7346,nDCG@10,0.0
q7346,R@100,0.0
q7347,nDCG@10,0.0
q7347,R@100,0.0
q7348,nDCG@10,0.0
q7348,R@100,0.0
q7349,nDCG@10,0.0
q7349,R@100,0.0
q7350,nDCG@10,0.0
q7350,R@100,0.0
q7351,nDCG@10,0.0
q7351,R@100,0.0
q7352,nDCG@10,0.0
q7352,R@100,1.0
q7353,nDCG@10,0.0
q7353,R@100,0.0
q7354,nDCG@10,0.0
q7354,R@100,0.0
q7355,nDCG@10,0.0
q7355,R@100,0.0
q7356,nDCG@10,0.0
q7356,R@100,0.0
q7357,nDCG@10,0.0
q7357,R@100,0.0
q7358,nDCG@10,0.0
q7358,R@100,0.0
q7359,nDCG@10,0.0
q7359,R@100,0.0
q7360,nDCG@10,0.0
q7360,R@100,0.0
q7361,nDCG@10,0.0
q7361,R@100,0.0
q7362,nDCG@10,0.0
q7362,R@100,1.0
q7363,nDCG@10,0.0
q7363,R@100,0.0
q7364,nDCG@10,0.0
q7364,R@100,0.0
q7365,nDCG@10,0.0
q7365,R@100,0.0
q7366,nDCG@10,0.6309297535714575
q7366,R@100,1.0
q7367,nDCG@10,0.0
q7367,R@100,0.0
q7368,nDCG@10,0.0
q7368,R@100,0.0
q7369,nDCG@10,0.0
q7369,R@100,0.0
q7370,nDCG@10,0.0
q7370,R@100,0.0
q7371,nDCG@10,0.0
q7371,R@100,0.0
q7372,nDCG@10,0.0
q7372,R@100,0.0
q7373,nDCG@10,0.31546487678572877
q7373,R@100,1.0
q7374,nDCG@10,0.0
q7374,R@100,0.0
q7375,nDCG@10,0.0
q7375,R@100,0.0
q7376,nDCG@10,0.3562071871080222
q7376,R@100,1.0
q7377,nDCG@10,0.0
q7377,R@100,0.0
q7378,nDCG@10,0.0
q7378,R@100,0.0
q7379,nDCG@10,0.0
q7379,R@100,0.0
q7380,nDCG@10,0.0
q7380,R@100,0.0
q7381,nDCG@10,0.0
q7381,R@100,0.0
q7382,nDCG@10,0.0
q7382,R@100,0.0
q7383,nDCG@10,0.0
q7383,R@100,0.0
q7384,nDCG@10,0.0
q7384,R@100,0.0
q7385,nDCG@10,0.0
q7385,R@100,0.0
q7386,nDCG@10,0.0
q7386,R@100,0.0
q7387,nDCG@10,0.0
q7387,R@100,0.0
q7388,nDCG@10,0.0
q7388,R@100,0.0
q7389,nDCG@10,0.0
q7389,R@100,0.0
q7390,nDCG@10,0.0
q7390,R@100,1.0
q7391,nDCG@10,0.0
q7391,R@100,0.0
q7392,nDCG@10,0.0
q7392,R@100,0.0
q7393,nDCG@10,0.0
q7393,R@100,0.0
q7394,nDCG@10,0.0
q7394,R@100,0.0
q7395,nDCG@10,0.0
q7395,R@100,0.0
q7396,nDCG@10,0.0
q7396,R@100,0.0
q7397,nDCG@10,0.0
q7397,R@100,0.0
q7398,nDCG@10,0.0
q7398,R@100,0.0
q7399,nDCG@10,0.0
q7399,R@100,0.0
q7400,nDCG@10,0.0
q7400,R@100,0.0
q7401,nDCG@10,0.0
q7401,R@100,0.0
q7402,nDCG@10,0.0
q7402,R@100,0.0
q7403,nDCG@10,0.0
q7403,R@100,0.0
q7404,nDCG@10,0.0
q7404,R@100,0.0
q7405,nDCG@10,0.0
q7405,R@100,0.0
q7406,nDCG@10,0.0
q7406,R@100,0.0
q7407,nDCG@10,0.0
q7407,R@100,0.0
q7408,nDCG@10,0.0
q7408,R@100,0.0
q7409,nDCG@10,0.0
q7409,R@100,0.0
q7410,nDCG@10,0.0
q7410,R@100,0.0
q7411,nDCG@10,0.0
q7411,R@100,0.0
q7412,nDCG@10,0.0
q7412,R@100,0.0
q7413,nDCG@10,0.0
q7413,R@100,0.0
q7414,nDCG@10,0.0
q7414,R@100,1.0
q7415,nDCG@10,0.0
q7415,R@100,0.0
q7416,nDCG@10,0.0
q7416,R@100,0.0
q7417,nDCG@10,0.0
q7417,R@100,0.0
q7418,nDCG@10,0.0
q7418,R@100,1.0
q7419,nDCG@10,0.0
q7419,R@100,0.0
q7420,nDCG@10,0.0
q7420,R@100,0.0
q7421,nDCG@10,0.0
q7421,R@100,0.0
q7422,nDCG@10,0.0
q7422,R@100,1.0
q7423,nDCG@10,0.0
q7423,R@100,0.0
q7424,nDCG@10,0.0
q7424,R@100,0.0
q7425,nDCG@10,0.3333333333333333
q7425,R@100,1.0
q7426,nDCG@10,0.0
q7426,R@100,0.0
q7427,nDCG@10,0.0
q7427,R@100,0.0
q7428,nDCG@10,0.0
q7428,R@100,0.0
q7429,nDCG@10,0.0
q7429,R@100,0.0
q7430,nDCG@10,0.0
q7430,R@100,0.0
q7431,nDCG@10,0.0
q7431,R@100,0.0
q7432,nDCG@10,0.0
q7432,R@100,0.0
q7433,nDCG@10,0.0
q7433,R@100,0.0
q7434,nDCG@10,0.0
q7434,R@100,0.0
q7435,nDCG@10,0.0
q7435,R@100,0.0
q7436,nDCG@10,0.0
q7436,R@100,0.0
q7437,nDCG@10,0.0
q7437,R@100,0.0
q7438,nDCG@10,0.0
q7438,R@100,0.0
q7439,nDCG@10,0.0
q7439,R@100,0.0
q7440,nDCG@10,0.0
q7440,R@100,0.0
q7441,nDCG@10,0.0
q7441,R@100,0.0
q7442,nDCG@10,0.0
q7442,R@100,0.0
q7443,nDCG@10,0.0
q7443,R@100,0.0
q7444,nDCG@10,0.0
q7444,R@100,0.0
q7445,nDCG@10,0.0
q7445,R@100,0.0
q7446,nDCG@10,0.0
q7446,R@100,0.0
q7447,nDCG@10,0.0
q7447,R@100,0.0
q7448,nDCG@10,0.0
q7448,R@100,0.0
q7449,nDCG@10,0.0
q7449,R@100,0.0
q7450,nDCG@10,0.0
q7450,R@100,0.0
q7451,nDCG@10,0.0
q7451,R@100,0.0
q7452,nDCG@10,0.0
q7452,R@100,0.0
q7453,nDCG@10,0.0
q7453,R@100,0.0
q7454,nDCG@10,0.0
q7454,R@100,0.0
q7455,nDCG@10,0.0
q7455,R@100,0.0
q7456,nDCG@10,0.0
q7456,R@100,0.0
q7457,nDCG@10,0.0
q7457,R@100,0.0
q7458,nDCG@10,0.0
q7458,R@100,0.0
q7459,nDCG@10,0.0
q7459,R@100,0.0
q7460,nDCG@10,0.0
q7460,R@100,0.0
q7461,nDCG@10,0.0
q7461,R@100,0.0
q7462,nDCG@10,0.0
q7462,R@100,0.0
q7463,nDCG@10,0.0
q7463,R@100,0.0
q7464,nDCG@10,0.0
q7464,R@100,0.0
q7465,nDCG@10,0.0
q7465,R@100,0.0
q7466,nDCG@10,0.0
q7466,R@100,0.0
q7467,nDCG@10,0.0
q7467,R@100,0.0
q7468,nDCG@10,0.0
q7468,R@100,0.0
q7469,nDCG@10,0.0
q7469,R@100,0.0
q7470,nDCG@10,0.0
q7470,R@100,0.0
q7471,nDCG@10,0.0
q7471,R@100,0.0
q7472,nDCG@10,0.0
q7472,R@100,0.0
q7473,nDCG@10,0.0
q7473,R@100,1.0
q7474,nDCG@10,0.0
q7474,R@100,0.0
q7475,nDCG@10,0.0
q7475,R@100,0.0
q7476,nDCG@10,0.0
q7476,R@100,0.0
q7477,nDCG@10,0.0
q7477,R@100,0.0
q7478,nDCG@10,0.0
q7478,R@100,0.0
q7479,nDCG@10,0.0
q7479,R@100,0.0
q7480,nDCG@10,0.0
q7480,R@100,0.0
q7481,nDCG@10,0.0
q7481,R@100,0.0
q7482,nDCG@10,0.0
q7482,R@100,0.0
q7483,nDCG@10,0.0
q7483,R@100,0.0
q7484,nDCG@10,0.0
q7484,R@100,1.0
q7485,nDCG@10,0.0
q7485,R@100,0.0
q7486,nDCG@10,0.0
q7486,R@100,0.0
q7487,nDCG@10,0.0
q7487,R@100,0.0
q7488,nDCG@10,0.0
q7488,R@100,0.0
q7489,nDCG@10,0.43067655807339306
q7489,R@100,1.0
q7490,nDCG@10,0.0
q7490,R@100,0.0
q7491,nDCG@10,0.0
q7491,R@100,0.0
q7492,nDCG@10,0.0
q7492,R@100,0.0
q7493,nDCG@10,0.0
q7493,R@100,0.0
q7494,nDCG@10,0.0
q7494,R@100,0.0
q7495,nDCG@10,0.0
q7495,R@100,0.0
q7496,nDCG@10,0.0
q7496,R@100,0.0
q7497,nDCG@10,1.0
q7497,R@100,1.0
q7498,nDCG@10,0.0
q7498,R@100,0.0
q7499,nDCG@10,0.0
q7499,R@100,0.0
q7500,nDCG@10,0.0
q7500,R@100,0.0
q7501,nDCG@10,0.0
q7501,R@100,1.0
q7502,nDCG@10,0.0
q7502,R@100,0.0
q7503,nDCG@10,0.0
q7503,R@100,1.0
q7504,nDCG@10,0.0
q7504,R@100,0.0
q7505,nDCG@10,0.0
q7505,R@100,0.0
q7506,nDCG@10,0.0
q7506,R@100,0.0
q7507,nDCG@10,0.0
q7507,R@100,0.0
q7508,nDCG@10,0.0
q7508,R@100,0.0
q7509,nDCG@10,0.0
q7509,R@100,0.0
q7510,nDCG@10,0.0
q7510,R@100,0.0
q7511,nDCG@10,0.0
q7511,R@100,0.0
q7512,nDCG@10,0.0
q7512,R@100,0.0
q7513,nDCG@10,0.0
q7513,R@100,0.0
q7514,nDCG@10,0.0
q7514,R@100,0.0
q7515,nDCG@10,0.0
q7515,R@100,0.0
q7516,nDCG@10,0.0
q7516,R@100,0.0
q7517,nDCG@10,0.0
q7517,R@100,0.0
q7518,nDCG@10,0.0
q7518,R@100,0.0
q7519,nDCG@10,0.0
q7519,R@100,0.0
q7520,nDCG@10,0.0
q7520,R@100,0.0
q7521,nDCG@10,0.0
q7521,R@100,0.0
q7522,nDCG@10,0.0
q7522,R@100,0.0
q7523,nDCG@10,0.0
q7523,R@100,0.0
q7524,nDCG@10,0.0
q7524,R@100,0.0
q7525,nDCG@10,0.0
q7525,R@100,0.0
q7526,nDCG@10,0.0
q7526,R@100,0.0
q7527,nDCG@10,0.0
q7527,R@100,0.0
q7528,nDCG@10,1.0
q7528,R@100,1.0
q7529,nDCG@10,0.0
q7529,R@100,0.0
q7530,nDCG@10,0.0
q7530,R@100,0.0
q7531,nDCG@10,1.0
q7531,R@100,1.0
q7532,nDCG@10,0.0
q7532,R@100,0.0
q7533,nDCG@10,0.0
q7533,R@100,0.0
q7534,nDCG@10,0.0
q7534,R@100,0.0
q7535,nDCG@10,0.0
q7535,R@100,0.0
q7536,nDCG@10,0.2890648263178879
q7536,R@100,1.0
q7537,nDCG@10,0.43067655807339306
q7537,R@100,1.0
q7538,nDCG@10,0.0
q7538,R@100,0.0
q7539,nDCG@10,0.0
q7539,R@100,0.0
q7540,nDCG@10,0.0
q7540,R@100,0.0
q7541,nDCG@10,0.0
q7541,R@100,0.0
q7542,nDCG@10,0.0
q7542,R@100,1.0
q7543,nDCG@10,0.0
q7543,R@100,0.0
q7544,nDCG@10,0.0
q7544,R@100,0.0
q7545,nDCG@10,0.0
q7545,R@100,0.0
q7546,nDCG@10,0.0
q7546,R@100,0.0
q7547,nDCG@10,0.0
q7547,R@100,0.0
q7548,nDCG@10,0.0
q7548,R@100,0.0
q7549,nDCG@10,0.0
q7549,R@100,0.0
q7550,nDCG@10,0.0
q7550,R@100,0.0
q7551,nDCG@10,0.0
q7551,R@100,0.0
q7552,nDCG@10,0.0
q7552,R@100,0.0
q7553,nDCG@10,0.0
q7553,R@100,0.0
q7554,nDCG@10,0.0
q7554,R@100,0.0
q7555,nDCG@10,0.0
q7555,R@100,0.0
q7556,nDCG@10,0.0
q7556,R@100,0.0
q7557,nDCG@10,0.0
q7557,R@100,0.0
q7558,nDCG@10,0.0
q7558,R@100,0.0
q7559,nDCG@10,0.0
q7559,R@100,0.0
q7560,nDCG@10,0.0
q7560,R@100,0.0
q7561,nDCG@10,0.0
q7561,R@100,0.0
q7562,nDCG@10,0.0
q7562,R@100,0.0
q7563,nDCG@10,0.0
q7563,R@100,0.0
q7564,nDCG@10,0.0
q7564,R@100,0.0
q7565,nDCG@10,0.0
q7565,R@100,0.0
q7566,nDCG@10,0.0
q7566,R@100,0.0
q7567,nDCG@10,0.0
q7567,R@100,0.0
q7568,nDCG@10,0.0
q7568,R@100,0.0
q7569,nDCG@10,0.0
q7569,R@100,0.0
q7570,nDCG@10,0.0
q7570,R@100,0.0
q7571,nDCG@10,0.0
q7571,R@100,0.0
q7572,nDCG@10,0.0
q7572,R@100,0.0
q7573,nDCG@10,0.0
q7573,R@100,0.0
q7574,nDCG@10,0.0
q7574,R@100,0.0
q7575,nDCG@10,0.0
q7575,R@100,0.0
q7576,nDCG@10,0.0
q7576,R@100,1.0
q7577,nDCG@10,0.0
q7577,R@100,0.0
q7578,nDCG@10,0.0
q7578,R@100,0.0
q7579,nDCG@10,0.0
q7579,R@100,1.0
q7580,nDCG@10,0.0
q7580,R@100,0.0
q7581,nDCG@10,0.0
q7581,R@100,0.0
q7582,nDCG@10,0.0
q7582,R@100,0.0
q7583,nDCG@10,0.0
q7583,R@100,0.0
q7584,nDCG@10,0.6309297535714575
q7584,R@100,1.0
q7585,nDCG@10,0.0
q7585,R@100,0.0
q7586,nDCG@10,0.0
q7586,R@100,0.0
q7587,nDCG@10,0.0
q7587,R@100,0.0
q7588,nDCG@10,0.0
q7588,R@100,0.0
q7589,nDCG@10,0.0
q7589,R@100,0.0
q7590,nDCG@10,0.0
q7590,R@100,0.0
q7591,nDCG@10,0.0
q7591,R@100,0.0
q7592,nDCG@10,0.0
q7592,R@100,0.0
q7593,nDCG@10,0.0
q7593,R@100,0.0
q7594,nDCG@10,0.0
q7594,R@100,0.0
q7595,nDCG@10,0.0
q7595,R@100,0.0
q7596,nDCG@10,0.0
q7596,R@100,0.0
q7597,nDCG@10,0.0
q7597,R@100,0.0
q7598,nDCG@10,0.0
q7598,R@100,0.0
q7599,nDCG@10,0.0
q7599,R@100,0.0
q7600,nDCG@10,0.0
q7600,R@100,0.0
q7601,nDCG@10,0.0
q7601,R@100,0.0
q7602,nDCG@10,0.0
q7602,R@100,0.0
q7603,nDCG@10,0.0
q7603,R@100,0.0
q7604,nDCG@10,0.0
q7604,R@100,0.0
q7605,nDCG@10,0.0
q7605,R@100,0.0
q7606,nDCG@10,0.0
q7606,R@100,0.0
q7607,nDCG@10,0.0
q7607,R@100,0.0
q7608,nDCG@10,0.0
q7608,R@100,0.0
q7609,nDCG@10,0.0
q7609,R@100,1.0
q7610,nDCG@10,0.0
q7610,R@100,0.0
q7611,nDCG@10,0.0
q7611,R@100,0.0
q7612,nDCG@10,0.0
q7612,R@100,0.0
q7613,nDCG@10,0.0
q7613,R@100,0.0
q7614,nDCG@10,0.0
q7614,R@100,0.0
q7615,nDCG@10,1.0
q7615,R@100,1.0
q7616,nDCG@10,0.0
q7616,R@100,0.0
q7617,nDCG@10,0.0
q7617,R@100,1.0
q7618,nDCG@10,0.0
q7618,R@100,0.0
q7619,nDCG@10,0.0
q7619,R@100,1.0
q7620,nDCG@10,0.0
q7620,R@100,0.0
q7621,nDCG@10,0.0
q7621,R@100,0.0
q7622,nDCG@10,0.0
q7622,R@100,0.0
q7623,nDCG@10,0.0
q7623,R@100,0.0
q7624,nDCG@10,0.0
q7624,R@100,0.0
q7625,nDCG@10,0.0
q7625,R@100,0.0
q7626,nDCG@10,0.0
q7626,R@100,0.0
q7627,nDCG@10,0.0
q7627,R@100,0.0
q7628,nDCG@10,0.0
q7628,R@100,1.0
q7629,nDCG@10,0.0
q7629,R@100,0.0
q7630,nDCG@10,0.0
q7630,R@100,0.0
q7631,nDCG@10,0.0
q7631,R@100,0.0
q7632,nDCG@10,0.3562071871080222
q7632,R@100,1.0
q7633,nDCG@10,0.0
q7633,R@100,0.0
q7634,nDCG@10,1.0
q7634,R@100,1.0
q7635,nDCG@10,0.3562071871080222
q7635,R@100,1.0
q7636,nDCG@10,0.0
q7636,R@100,0.0
q7637,nDCG@10,0.0
q7637,R@100,1.0
q7638,nDCG@10,0.0
q7638,R@100,0.0
q7639,nDCG@10,0.0
q7639,R@100,1.0
q7640,nDCG@10,0.3562071871080222
q7640,R@100,1.0
q7641,nDCG@10,0.0
q7641,R@100,0.0
q7642,nDCG@10,0.0
q7642,R@100,0.0
q7643,nDCG@10,0.0
q7643,R@100,0.0
q7644,nDCG@10,0.0
q7644,R@100,0.0
q7645,nDCG@10,0.0
q7645,R@100,0.0
q7646,nDCG@10,0.0
q7646,R@100,0.0
q7647,nDCG@10,0.0
q7647,R@100,0.0
q7648,nDCG@10,0.0
q7648,R@100,0.0
q7649,nDCG@10,0.0
q7649,R@100,0.0
q7650,nDCG@10,0.0
q7650,R@100,0.0
q7651,nDCG@10,0.0
q7651,R@100,0.0
q7652,nDCG@10,0.0
q7652,R@100,0.0
q7653,nDCG@10,0.0
q7653,R@100,0.0
q7654,nDCG@10,0.0
q7654,R@100,0.0
q7655,nDCG@10,0.31546487678572877
q7655,R@100,1.0
q7656,nDCG@10,0.0
q7656,R@100,0.0
q7657,nDCG@10,0.0
q7657,R@100,0.0
q7658,nDCG@10,0.0
q7658,R@100,0.0
q7659,nDCG@10,0.0
q7659,R@100,0.0
q7660,nDCG@10,0.0
q7660,R@100,0.0
q7661,nDCG@10,0.0
q7661,R@100,0.0
q7662,nDCG@10,0.0
q7662,R@100,0.0
q7663,nDCG@10,0.0
q7663,R@100,0.0
q7664,nDCG@10,0.0
q7664,R@100,0.0
q7665,nDCG@10,0.0
q7665,R@100,0.0
q7666,nDCG@10,0.0
q7666,R@100,0.0
q7667,nDCG@10,0.0
q7667,R@100,0.0
q7668,nDCG@10,0.0
q7668,R@100,0.0
q7669,nDCG@10,1.0
q7669,R@100,1.0
q7670,nDCG@10,0.0
q7670,R@100,0.0
q7671,nDCG@10,0.0
q7671,R@100,0.0
q7672,nDCG@10,0.6309297535714575
q7672,R@100,1.0
q7673,nDCG@10,0.0
q7673,R@100,0.0
q7674,nDCG@10,0.0
q7674,R@100,0.0
q7675,nDCG@10,1.0
q7675,R@100,1.0
q7676,nDCG@10,0.0
q7676,R@100,1.0
q7677,nDCG@10,0.0
q7677,R@100,0.0
q7678,nDCG@10,0.0
q7678,R@100,0.0
q7679,nDCG@10,0.0
q7679,R@100,0.0
q7680,nDCG@10,0.0
q7680,R@100,0.0
q7681,nDCG@10,0.0
q7681,R@100,0.0
q7682,nDCG@10,0.0
q7682,R@100,0.0
q7683,nDCG@10,0.0
q7683,R@100,0.0
q7684,nDCG@10,0.0
q7684,R@100,0.0
q7685,nDCG@10,0.0
q7685,R@100,1.0
q7686,nDCG@10,0.0
q7686,R@100,0.0
q7687,nDCG@10,0.0
q7687,R@100,0.0
q7688,nDCG@10,0.0
q7688,R@100,0.0
q7689,nDCG@10,0.0
q7689,R@100,0.0
q7690,nDCG@10,0.0
q7690,R@100,0.0
q7691,nDCG@10,0.0
q7691,R@100,0.0
q7692,nDCG@10,0.0
q7692,R@100,0.0
q7693,nDCG@10,0.0
q7693,R@100,0.0
q7694,nDCG@10,0.0
q7694,R@100,0.0
q7695,nDCG@10,0.38685280723454163
q7695,R@100,1.0
q7696,nDCG@10,0.0
q7696,R@100,0.0
q7697,nDCG@10,0.0
q7697,R@100,0.0
q7698,nDCG@10,0.0
q7698,R@100,0.0
q7699,nDCG@10,0.0
q7699,R@100,0.0
q7700,nDCG@10,0.0
q7700,R@100,0.0
q7701,nDCG@10,0.0
q7701,R@100,0.0
q7702,nDCG@10,1.0
q7702,R@100,1.0
q7703,nDCG@10,0.0
q7703,R@100,0.0
q7704,nDCG@10,0.0
q7704,R@100,0.0
q7705,nDCG@10,0.0
q7705,R@100,0.0
q7706,nDCG@10,0.0
q7706,R@100,0.0
q7707,nDCG@10,0.0
q7707,R@100,0.0
q7708,nDCG@10,0.0
q7708,R@100,0.0
q7709,nDCG@10,0.0
q7709,R@100,0.0
q7710,nDCG@10,0.0
q7710,R@100,0.0
q7711,nDCG@10,0.0
q7711,R@100,0.0
q7712,nDCG@10,0.0
q7712,R@100,0.0
q7713,nDCG@10,0.0
q7713,R@100,0.0
q7714,nDCG@10,0.0
q7714,R@100,0.0
q7715,nDCG@10,0.0
q7715,R@100,0.0
q7716,nDCG@10,0.0
q7716,R@100,1.0
q7717,nDCG@10,1.0
q7717,R@100,1.0
q7718,nDCG@10,0.0
q7718,R@100,1.0
q7719,nDCG@10,0.0
q7719,R@100,1.0
q7720,nDCG@10,0.0
q7720,R@100,0.0
q7721,nDCG@10,0.0
q7721,R@100,1.0
q7722,nDCG@10,0.0
q7722,R@100,1.0
q7723,nDCG@10,1.0
q7723,R@100,1.0
q7724,nDCG@10,0.6309297535714575
q7724,R@100,1.0
q7725,nDCG@10,0.0
q7725,R@100,0.0
q7726,nDCG@10,0.0
q7726,R@100,0.0
q7727,nDCG@10,0.0
q7727,R@100,1.0
q7728,nDCG@10,0.0
q7728,R@100,0.0
q7729,nDCG@10,0.0
q7729,R@100,0.0
q7730,nDCG@10,0.0
q7730,R@100,0.0
q7731,nDCG@10,0.0
q7731,R@100,0.0
q7732,nDCG@10,0.2890648263178879
q7732,R@100,1.0
q7733,nDCG@10,0.0
q7733,R@100,0.0
q7734,nDCG@10,0.31546487678572877
q7734,R@100,1.0
q7735,nDCG@10,0.0
q7735,R@100,0.0
q7736,nDCG@10,1.0
q7736,R@100,1.0
q7737,nDCG@10,0.0
q7737,R@100,0.0
q7738,nDCG@10,1.0
q7738,R@100,1.0
q7739,nDCG@10,0.0
q7739,R@100,0.0
q7740,nDCG@10,0.0
q7740,R@100,0.0
q7741,nDCG@10,0.0
q7741,R@100,0.0
q7742,nDCG@10,0.0
q7742,R@100,0.0
q7743,nDCG@10,0.2890648263178879
q7743,R@100,1.0
q7744,nDCG@10,0.0
q7744,R@100,0.0
q7745,nDCG@10,0.0
q7745,R@100,0.0
q7746,nDCG@10,0.0
q7746,R@100,0.0
q7747,nDCG@10,0.0
q7747,R@100,0.0
q7748,nDCG@10,0.0
q7748,R@100,0.0
q7749,nDCG@10,0.0
q7749,R@100,0.0
q7750,nDCG@10,0.0
q7750,R@100,0.0
q7751,nDCG@10,0.0
q7751,R@100,0.0
q7752,nDCG@10,0.0
q7752,R@100,0.0
q7753,nDCG@10,0.0
q7753,R@100,0.0
q7754,nDCG@10,0.0
q7754,R@100,0.0
q7755,nDCG@10,0.0
q7755,R@100,0.0
q7756,nDCG@10,0.6309297535714575
q7756,R@100,1.0
q7757,nDCG@10,0.0
q7757,R@100,0.0
q7758,nDCG@10,0.0
q7758,R@100,0.0
q7759,nDCG@10,1.0
q7759,R@100,1.0
q7760,nDCG@10,0.0
q7760,R@100,0.0
q7761,nDCG@10,0.0
q7761,R@100,0.0
q7762,nDCG@10,0.0
q7762,R@100,0.0
q7763,nDCG@10,0.0
q7763,R@100,0.0
q7764,nDCG@10,0.0
q7764,R@100,0.0
q7765,nDCG@10,0.0
q7765,R@100,0.0
q7766,nDCG@10,0.0
q7766,R@100,0.0
q7767,nDCG@10,0.0
q7767,R@100,0.0
q7768,nDCG@10,0.0
q7768,R@100,0.0
q7769,nDCG@10,0.0
q7769,R@100,0.0
q7770,nDCG@10,0.0
q7770,R@100,0.0
q7771,nDCG@10,0.0
q7771,R@100,0.0
q7772,nDCG@10,0.0
q7772,R@100,0.0
q7773,nDCG@10,0.3562071871080222
q7773,R@100,1.0
q7774,nDCG@10,0.0
q7774,R@100,0.0
q7775,nDCG@10,0.0
q7775,R@100,0.0
q7776,nDCG@10,0.0
q7776,R@100,0.0
q7777,nDCG@10,0.0
q7777,R@100,0.0
q7778,nDCG@10,0.0
q7778,R@100,1.0
q7779,nDCG@10,0.0
q7779,R@100,0.0
q7780,nDCG@10,0.0
q7780,R@100,0.0
q7781,nDCG@10,0.0
q7781,R@100,0.0
q7782,nDCG@10,0.0
q7782,R@100,1.0
q7783,nDCG@10,0.0
q7783,R@100,0.0
q7784,nDCG@10,0.0
q7784,R@100,0.0
q7785,nDCG@10,0.6309297535714575
q7785,R@100,1.0
q7786,nDCG@10,0.0
q7786,R@100,0.0
q7787,nDCG@10,0.0
q7787,R@100,0.0
q7788,nDCG@10,0.0
q7788,R@100,0.0
q7789,nDCG@10,0.0
q7789,R@100,0.0
q7790,nDCG@10,0.0
q7790,R@100,0.0
q7791,nDCG@10,0.0
q7791,R@100,0.0
q7792,nDCG@10,0.0
q7792,R@100,0.0
q7793,nDCG@10,0.0
q7793,R@100,0.0
q7794,nDCG@10,0.0
q7794,R@100,0.0
q7795,nDCG@10,0.0
q7795,R@100,0.0
q7796,nDCG@10,0.0
q7796,R@100,0.0
q7797,nDCG@10,0.0
q7797,R@100,0.0
q7798,nDCG@10,0.0
q7798,R@100,0.0
q7799,nDCG@10,0.0
q7799,R@100,0.0
q7800,nDCG@10,0.0
q7800,R@100,0.0
q7801,nDCG@10,0.0
q7801,R@100,0.0
q7802,nDCG@10,1.0
q7802,R@100,1.0
q7803,nDCG@10,0.0
q7803,R@100,0.0
q7804,nDCG@10,0.0
q7804,R@100,1.0
q7805,nDCG@10,0.0
q7805,R@100,0.0
q7806,nDCG@10,0.0
q7806,R@100,0.0
q7807,nDCG@10,0.0
q7807,R@100,0.0
q7808,nDCG@10,0.0
q7808,R@100,1.0
q7809,nDCG@10,0.0
q7809,R@100,0.0
q7810,nDCG@10,0.0
q7810,R@100,0.0
q7811,nDCG@10,0.0
q7811,R@100,1.0
q7812,nDCG@10,0.0
q7812,R@100,0.0
q7813,nDCG@10,0.0
q7813,R@100,0.0
q7814,nDCG@10,0.0
q7814,R@100,1.0
q7815,nDCG@10,0.0
q7815,R@100,1.0
q7816,nDCG@10,0.0
q7816,R@100,0.0
q7817,nDCG@10,0.0
q7817,R@100,0.0
q7818,nDCG@10,0.0
q7818,R@100,0.0
q7819,nDCG@10,0.0
q7819,R@100,0.0
q7820,nDCG@10,0.0
q7820,R@100,0.0
q7821,nDCG@10,0.0
q7821,R@100,0.0
q7822,nDCG@10,0.0
q7822,R@100,0.0
q7823,nDCG@10,0.0
q7823,R@100,1.0
q7824,nDCG@10,0.0
q7824,R@100,0.0
q7825,nDCG@10,0.0
q7825,R@100,0.0
q7826,nDCG@10,0.0
q7826,R@100,0.0
q7827,nDCG@10,0.0
q7827,R@100,0.0
q7828,nDCG@10,0.0
q7828,R@100,0.0
q7829,nDCG@10,0.0
q7829,R@100,1.0
q7830,nDCG@10,0.0
q7830,R@100,0.0
q7831,nDCG@10,0.0
q7831,R@100,0.0
q7832,nDCG@10,0.0
q7832,R@100,0.0
q7833,nDCG@10,0.0
q7833,R@100,0.0
q7834,nDCG@10,0.0
q7834,R@100,0.0
q7835,nDCG@10,0.0
q7835,R@100,0.0
q7836,nDCG@10,0.0
q7836,R@100,0.0
q7837,nDCG@10,0.0
q7837,R@100,0.0
q7838,nDCG@10,0.0
q7838,R@100,0.0
q7839,nDCG@10,0.0
q7839,R@100,0.0
q7840,nDCG@10,0.0
q7840,R@100,0.0
q7841,nDCG@10,0.0
q7841,R@100,1.0
q7842,nDCG@10,0.0
q7842,R@100,0.0
q7843,nDCG@10,0.0
q7843,R@100,0.0
q7844,nDCG@10,0.0
q7844,R@100,0.0
q7845,nDCG@10,0.0
q7845,R@100,0.0
q7846,nDCG@10,0.0
q7846,R@100,0.0
q7847,nDCG@10,0.0
q7847,R@100,1.0
q7848,nDCG@10,0.0
q7848,R@100,0.0
q7849,nDCG@10,0.0
q7849,R@100,0.0
q7850,nDCG@10,0.0
q7850,R@100,0.0
q7851,nDCG@10,0.0
q7851,R@100,0.0
q7852,nDCG@10,0.0
q7852,R@100,0.0
q7853,nDCG@10,0.0
q7853,R@100,0.0
q7854,nDCG@10,0.0
q7854,R@100,0.0
q7855,nDCG@10,0.0
q7855,R@100,0.0
q7856,nDCG@10,0.3010299956639812
q7856,R@100,1.0
q7857,nDCG@10,0.0
q7857,R@100,0.0
q7858,nDCG@10,0.0
q7858,R@100,0.0
q7859,nDCG@10,0.0
q7859,R@100,0.0
q7860,nDCG@10,0.0
q7860,R@100,0.0
q7861,nDCG@10,0.0
q7861,R@100,0.0
q7862,nDCG@10,0.0
q7862,R@100,0.0
q7863,nDCG@10,0.0
q7863,R@100,0.0
q7864,nDCG@10,0.0
q7864,R@100,0.0
q7865,nDCG@10,0.0
q7865,R@100,0.0
q7866,nDCG@10,0.0
q7866,R@100,0.0
q7867,nDCG@10,0.0
q7867,R@100,0.0
q7868,nDCG@10,0.0
q7868,R@100,0.0
q7869,nDCG@10,0.0
q7869,R@100,0.0
q7870,nDCG@10,0.0
q7870,R@100,0.0
q7871,nDCG@10,0.0
q7871,R@100,0.0
q7872,nDCG@10,0.0
q7872,R@100,0.0
q7873,nDCG@10,0.0
q7873,R@100,0.0
q7874,nDCG@10,0.0
q7874,R@100,0.0
q7875,nDCG@10,1.0
q7875,R@100,1.0
q7876,nDCG@10,0.0
q7876,R@100,0.0
q7877,nDCG@10,0.0
q7877,R@100,0.0
q7878,nDCG@10,0.0
q7878,R@100,0.0
q7879,nDCG@10,0.0
q7879,R@100,0.0
q7880,nDCG@10,0.0
q7880,R@100,0.0
q7881,nDCG@10,0.0
q7881,R@100,0.0
q7882,nDCG@10,0.0
q7882,R@100,1.0
q7883,nDCG@10,0.0
q7883,R@100,1.0
q7884,nDCG@10,0.0
q7884,R@100,0.0
q7885,nDCG@10,0.0
q7885,R@100,0.0
q7886,nDCG@10,0.0
q7886,R@100,0.0
q7887,nDCG@10,0.3333333333333333
q7887,R@100,1.0
q7888,nDCG@10,0.0
q7888,R@100,0.0
q7889,nDCG@10,0.0
q7889,R@100,0.0
q7890,nDCG@10,0.0
q7890,R@100,0.0
q7891,nDCG@10,0.0
q7891,R@100,0.0
q7892,nDCG@10,0.0
q7892,R@100,0.0
q7893,nDCG@10,0.0
q7893,R@100,0.0
q7894,nDCG@10,0.0
q7894,R@100,0.0
q7895,nDCG@10,0.0
q7895,R@100,0.0
q7896,nDCG@10,0.0
q7896,R@100,0.0
q7897,nDCG@10,0.0
q7897,R@100,0.0
q7898,nDCG@10,0.0
q7898,R@100,0.0
q7899,nDCG@10,0.0
q7899,R@100,0.0
q7900,nDCG@10,1.0
q7900,R@100,1.0
q7901,nDCG@10,0.0
q7901,R@100,0.0
q7902,nDCG@10,0.0
q7902,R@100,0.0
q7903,nDCG@10,0.0
q7903,R@100,1.0
q7904,nDCG@10,0.0
q7904,R@100,0.0
q7905,nDCG@10,0.0
q7905,R@100,0.0
q7906,nDCG@10,0.0
q7906,R@100,0.0
q7907,nDCG@10,0.0
q7907,R@100,0.0
q7908,nDCG@10,0.0
q7908,R@100,1.0
q7909,nDCG@10,0.0
q7909,R@100,0.0
q7910,nDCG@10,0.0
q7910,R@100,0.0
q7911,nDCG@10,0.0
q7911,R@100,0.0
q7912,nDCG@10,0.0
q7912,R@100,0.0
q7913,nDCG@10,0.0
q7913,R@100,0.0
q7914,nDCG@10,0.0
q7914,R@100,0.0
q7915,nDCG@10,0.0
q7915,R@100,0.0
q7916,nDCG@10,0.0
q7916,R@100,0.0
q7917,nDCG@10,0.0
q7917,R@100,0.0
q7918,nDCG@10,0.0
q7918,R@100,0.0
q7919,nDCG@10,0.0
q7919,R@100,0.0
q7920,nDCG@10,0.0
q7920,R@100,0.0
q7921,nDCG@10,0.0
q7921,R@100,0.0
q7922,nDCG@10,0.43067655807339306
q7922,R@100,1.0
q7923,nDCG@10,0.0
q7923,R@100,0.0
q7924,nDCG@10,1.0
q7924,R@100,1.0
q7925,nDCG@10,0.0
q7925,R@100,0.0
q7926,nDCG@10,0.0
q7926,R@100,0.0
q7927,nDCG@10,0.0
q7927,R@100,0.0
q7928,nDCG@10,0.0
q7928,R@100,0.0
q7929,nDCG@10,0.0
q7929,R@100,0.0
q7930,nDCG@10,0.0
q7930,R@100,0.0
q7931,nDCG@10,0.0
q7931,R@100,0.0
q7932,nDCG@10,0.3562071871080222
q7932,R@100,1.0
q7933,nDCG@10,0.0
q7933,R@100,0.0
q7934,nDCG@10,0.0
q7934,R@100,0.0
q7935,nDCG@10,0.0
q7935,R@100,0.0
q7936,nDCG@10,0.0
q7936,R@100,0.0
q7937,nDCG@10,0.0
q7937,R@100,0.0
q7938,nDCG@10,0.0
q7938,R@100,0.0
q7939,nDCG@10,0.0
q7939,R@100,0.0
q7940,nDCG@10,0.0
q7940,R@100,1.0
q7941,nDCG@10,0.0
q7941,R@100,1.0
q7942,nDCG@10,0.0
q7942,R@100,0.0
q7943,nDCG@10,0.0
q7943,R@100,0.0
q7944,nDCG@10,0.0
q7944,R@100,0.0
q7945,nDCG@10,0.0
q7945,R@100,0.0
q7946,nDCG@10,0.0
q7946,R@100,0.0
q7947,nDCG@10,0.0
q7947,R@100,0.0
q7948,nDCG@10,0.0
q7948,R@100,0.0
q7949,nDCG@10,0.0
q7949,R@100,0.0
q7950,nDCG@10,0.0
q7950,R@100,0.0
q7951,nDCG@10,0.3010299956639812
q7951,R@100,1.0
q7952,nDCG@10,0.0
q7952,R@100,0.0
q7953,nDCG@10,0.0
q7953,R@100,0.0
q7954,nDCG@10,0.0
q7954,R@100,0.0
q7955,nDCG@10,0.0
q7955,R@100,0.0
q7956,nDCG@10,0.0
q7956,R@100,0.0
q7957,nDCG@10,0.0
q7957,R@100,0.0
q7958,nDCG@10,0.0
q7958,R@100,0.0
q7959,nDCG@10,0.0
q7959,R@100,0.0
q7960,nDCG@10,0.3010299956639812
q7960,R@100,1.0
q7961,nDCG@10,0.0
q7961,R@100,0.0
q7962,nDCG@10,0.0
q7962,R@100,0.0
q7963,nDCG@10,0.0
q7963,R@100,0.0
q7964,nDCG@10,0.0
q7964,R@100,0.0
q7965,nDCG@10,0.0
q7965,R@100,0.0
q7966,nDCG@10,0.0
q7966,R@100,0.0
q7967,nDCG@10,0.0
q7967,R@100,0.0
q7968,nDCG@10,0.0
q7968,R@100,0.0
q7969,nDCG@10,1.0
q7969,R@100,1.0
q7970,nDCG@10,0.0
q7970,R@100,0.0
q7971,nDCG@10,0.0
q7971,R@100,0.0
q7972,nDCG@10,0.0
q7972,R@100,0.0
q7973,nDCG@10,0.0
q7973,R@100,0.0
q7974,nDCG@10,0.0
q7974,R@100,0.0
q7975,nDCG@10,0.0
q7975,R@100,0.0
q7976,nDCG@10,0.0
q7976,R@100,0.0
q7977,nDCG@10,0.0
q7977,R@100,0.0
q7978,nDCG@10,0.0
q7978,R@100,0.0
q7979,nDCG@10,1.0
q7979,R@100,1.0
q7980,nDCG@10,0.0
q7980,R@100,0.0
q7981,nDCG@10,0.0
q7981,R@100,0.0
q7982,nDCG@10,0.0
q7982,R@100,0.0
q7983,nDCG@10,0.0
q7983,R@100,0.0
q7984,nDCG@10,0.0
q7984,R@100,0.0
q7985,nDCG@10,0.0
q7985,R@100,0.0
q7986,nDCG@10,0.0
q7986,R@100,0.0
q7987,nDCG@10,0.0
q7987,R@100,0.0
q7988,nDCG@10,0.0
q7988,R@100,0.0
q7989,nDCG@10,1.0
q7989,R@100,1.0
q7990,nDCG@10,0.0
q7990,R@100,0.0
q7991,nDCG@10,0.0
q7991,R@100,0.0
q7992,nDCG@10,0.0
q7992,R@100,0.0
q7993,nDCG@10,0.0
q7993,R@100,0.0
q7994,nDCG@10,0.0
q7994,R@100,0.0
q7995,nDCG@10,0.0
q7995,R@100,0.0
q7996,nDCG@10,0.0
q7996,R@100,0.0
q7997,nDCG@10,0.0
q7997,R@100,0.0
q7998,nDCG@10,0.0
q7998,R@100,0.0
q7999,nDCG@10,0.0
q7999,R@100,0.0
q8000,nDCG@10,0.0
q8000,R@100,0.0
q8001,nDCG@10,0.0
q8001,R@100,0.0
q8002,nDCG@10,0.0
q8002,R@100,0.0
q8003,nDCG@10,0.0
q8003,R@100,0.0
q8004,nDCG@10,0.0
q8004,R@100,0.0
q8005,nDCG@10,0.0
q8005,R@100,0.0
q8006,nDCG@10,0.0
q8006,R@100,0.0
q8007,nDCG@10,0.0
q8007,R@100,0.0
q8008,nDCG@10,0.0
q8008,R@100,0.0
q8009,nDCG@10,0.0
q8009,R@100,0.0
q8010,nDCG@10,0.0
q8010,R@100,0.0
q8011,nDCG@10,0.0
q8011,R@100,0.0
q8012,nDCG@10,0.0
q8012,R@100,0.0
q8013,nDCG@10,0.0
q8013,R@100,0.0
q8014,nDCG@10,0.0
q8014,R@100,0.0
q8015,nDCG@10,0.0
q8015,R@100,0.0
q8016,nDCG@10,0.0
q8016,R@100,0.0
q8017,nDCG@10,0.0
q8017,R@100,0.0
q8018,nDCG@10,0.0
q8018,R@100,0.0
q8019,nDCG@10,0.0
q8019,R@100,1.0
q8020,nDCG@10,0.0
q8020,R@100,0.0
q8021,nDCG@10,0.0
q8021,R@100,1.0
q8022,nDCG@10,0.6309297535714575
q8022,R@100,1.0
q8023,nDCG@10,0.0
q8023,R@100,0.0
q8024,nDCG@10,0.0
q8024,R@100,1.0
q8025,nDCG@10,0.0
q8025,R@100,0.0
q8026,nDCG@10,0.0
q8026,R@100,0.0
q8027,nDCG@10,0.0
q8027,R@100,1.0
q8028,nDCG@10,0.0
q8028,R@100,0.0
q8029,nDCG@10,0.0
q8029,R@100,1.0
q8030,nDCG@10,0.0
q8030,R@100,0.0
q8031,nDCG@10,0.0
q8031,R@100,1.0
q8032,nDCG@10,0.0
q8032,R@100,0.0
q8033,nDCG@10,0.0
q8033,R@100,0.0
q8034,nDCG@10,0.0
q8034,R@100,0.0
q8035,nDCG@10,0.0
q8035,R@100,0.0
q8036,nDCG@10,0.0
q8036,R@100,0.0
q8037,nDCG@10,0.0
q8037,R@100,0.0
q8038,nDCG@10,0.0
q8038,R@100,0.0
q8039,nDCG@10,0.0
q8039,R@100,0.0
q8040,nDCG@10,0.0
q8040,R@100,0.0
q8041,nDCG@10,0.0
q8041,R@100,0.0
q8042,nDCG@10,0.0
q8042,R@100,0.0
q8043,nDCG@10,0.0
q8043,R@100,0.0
q8044,nDCG@10,0.0
q8044,R@100,0.0
q8045,nDCG@10,0.0
q8045,R@100,0.0
q8046,nDCG@10,0.0
q8046,R@100,1.0
q8047,nDCG@10,0.0
q8047,R@100,0.0
q8048,nDCG@10,0.0
q8048,R@100,0.0
q8049,nDCG@10,0.0
q8049,R@100,0.0
q8050,nDCG@10,0.0
q8050,R@100,0.0
q8051,nDCG@10,0.0
q8051,R@100,0.0
q8052,nDCG@10,0.0
q8052,R@100,0.0
q8053,nDCG@10,0.0
q8053,R@100,0.0
q8054,nDCG@10,0.0
q8054,R@100,0.0
q8055,nDCG@10,0.0
q8055,R@100,0.0
q8056,nDCG@10,0.0
q8056,R@100,0.0
q8057,nDCG@10,0.0
q8057,R@100,0.0
q8058,nDCG@10,0.0
q8058,R@100,0.0
q8059,nDCG@10,0.0
q8059,R@100,0.0
q8060,nDCG@10,0.0
q8060,R@100,0.0
q8061,nDCG@10,0.0
q8061,R@100,0.0
q8062,nDCG@10,0.5
q8062,R@100,1.0
q8063,nDCG@10,0.0
q8063,R@100,0.0
q8064,nDCG@10,0.43067655807339306
q8064,R@100,1.0
q8065,nDCG@10,0.0
q8065,R@100,0.0
q8066,nDCG@10,0.0
q8066,R@100,0.0
q8067,nDCG@10,0.0
q8067,R@100,0.0
q8068,nDCG@10,0.0
q8068,R@100,0.0
q8069,nDCG@10,0.0
q8069,R@100,0.0
q8070,nDCG@10,0.0
q8070,R@100,0.0
q8071,nDCG@10,0.0
q8071,R@100,0.0
q8072,nDCG@10,0.0
q8072,R@100,0.0
q8073,nDCG@10,0.0
q8073,R@100,0.0
q8074,nDCG@10,0.0
q8074,R@100,0.0
q8075,nDCG@10,0.0
q8075,R@100,1.0
q8076,nDCG@10,0.0
q8076,R@100,0.0
q8077,nDCG@10,0.0
q8077,R@100,0.0
q8078,nDCG@10,0.0
q8078,R@100,0.0
q8079,nDCG@10,0.0
q8079,R@100,0.0
q8080,nDCG@10,0.0
q8080,R@100,0.0
q8081,nDCG@10,0.0
q8081,R@100,0.0
q8082,nDCG@10,0.0
q8082,R@100,0.0
q8083,nDCG@10,0.0
q8083,R@100,1.0
q8084,nDCG@10,0.0
q8084,R@100,0.0
q8085,nDCG@10,0.0
q8085,R@100,0.0
q8086,nDCG@10,0.0
q8086,R@100,0.0
q8087,nDCG@10,0.0
q8087,R@100,0.0
q8088,nDCG@10,0.0
q8088,R@100,0.0
q8089,nDCG@10,0.0
q8089,R@100,0.0
q8090,nDCG@10,0.0
q8090,R@100,0.0
q8091,nDCG@10,0.0
q8091,R@100,0.0
q8092,nDCG@10,0.0
q8092,R@100,0.0
q8093,nDCG@10,0.0
q8093,R@100,0.0
q8094,nDCG@10,0.0
q8094,R@100,0.0
q8095,nDCG@10,0.0
q8095,R@100,0.0
q8096,nDCG@10,0.0
q8096,R@100,0.0
q8097,nDCG@10,0.0
q8097,R@100,0.0
q8098,nDCG@10,0.0
q8098,R@100,0.0
q8099,nDCG@10,0.0
q8099,R@100,0.0
q8100,nDCG@10,0.0
q8100,R@100,0.0
q8101,nDCG@10,0.0
q8101,R@100,0.0
q8102,nDCG@10,0.0
q8102,R@100,0.0
q8103,nDCG@10,0.0
q8103,R@100,0.0
q8104,nDCG@10,0.0
q8104,R@100,0.0
q8105,nDCG@10,0.0
q8105,R@100,0.0
q8106,nDCG@10,0.0
q8106,R@100,0.0
q8107,nDCG@10,0.0
q8107,R@100,0.0
q8108,nDCG@10,0.0
q8108,R@100,0.0
q8109,nDCG@10,0.0
q8109,R@100,0.0
q8110,nDCG@10,0.0
q8110,R@100,0.0
q8111,nDCG@10,0.0
q8111,R@100,0.0
q8112,nDCG@10,0.0
q8112,R@100,0.0
q8113,nDCG@10,0.0
q8113,R@100,0.0
q8114,nDCG@10,0.0
q8114,R@100,0.0
q8115,nDCG@10,0.0
q8115,R@100,0.0
q8116,nDCG@10,0.0
q8116,R@100,0.0
q8117,nDCG@10,0.0
q8117,R@100,0.0
q8118,nDCG@10,0.0
q8118,R@100,1.0
q8119,nDCG@10,0.0
q8119,R@100,0.0
q8120,nDCG@10,0.0
q8120,R@100,0.0
q8121,nDCG@10,0.0
q8121,R@100,0.0
q8122,nDCG@10,0.0
q8122,R@100,0.0
q8123,nDCG@10,0.0
q8123,R@100,0.0
q8124,nDCG@10,0.0
q8124,R@100,0.0
q8125,nDCG@10,0.0
q8125,R@100,0.0
q8126,nDCG@10,0.0
q8126,R@100,0.0
q8127,nDCG@10,0.0
q8127,R@100,0.0
q8128,nDCG@10,0.0
q8128,R@100,0.0
q8129,nDCG@10,0.0
q8129,R@100,0.0
q8130,nDCG@10,0.0
q8130,R@100,0.0
q8131,nDCG@10,0.0
q8131,R@100,0.0
q8132,nDCG@10,0.0
q8132,R@100,0.0
q8133,nDCG@10,0.0
q8133,R@100,0.0
q8134,nDCG@10,0.0
q8134,R@100,0.0
q8135,nDCG@10,0.0
q8135,R@100,0.0
q8136,nDCG@10,0.0
q8136,R@100,0.0
q8137,nDCG@10,0.0
q8137,R@100,0.0
q8138,nDCG@10,0.0
q8138,R@100,0.0
q8139,nDCG@10,0.0
q8139,R@100,0.0
q8140,nDCG@10,0.0
q8140,R@100,0.0
q8141,nDCG@10,0.0
q8141,R@100,0.0
q8142,nDCG@10,0.0
q8142,R@100,0.0
q8143,nDCG@10,0.0
q8143,R@100,0.0
q8144,nDCG@10,0.0
q8144,R@100,0.0
q8145,nDCG@10,0.5
q8145,R@100,1.0
q8146,nDCG@10,0.0
q8146,R@100,0.0
q8147,nDCG@10,0.0
q8147,R@100,0.0
q8148,nDCG@10,0.0
q8148,R@100,0.0
q8149,nDCG@10,0.0
q8149,R@100,0.0
q8150,nDCG@10,0.0
q8150,R@100,0.0
q8151,nDCG@10,0.0
q8151,R@100,1.0
q8152,nDCG@10,0.0
q8152,R@100,1.0
q8153,nDCG@10,0.0
q8153,R@100,0.0
q8154,nDCG@10,0.0
q8154,R@100,0.0
q8155,nDCG@10,0.0
q8155,R@100,0.0
q8156,nDCG@10,0.0
q8156,R@100,0.0
q8157,nDCG@10,0.0
q8157,R@100,0.0
q8158,nDCG@10,0.0
q8158,R@100,0.0
q8159,nDCG@10,0.0
q8159,R@100,0.0
q8160,nDCG@10,0.0
q8160,R@100,0.0
q8161,nDCG@10,0.0
q8161,R@100,0.0
q8162,nDCG@10,0.0
q8162,R@100,0.0
q8163,nDCG@10,0.0
q8163,R@100,0.0
q8164,nDCG@10,0.0
q8164,R@100,0.0
q8165,nDCG@10,0.0
q8165,R@100,0.0
q8166,nDCG@10,0.0
q8166,R@100,0.0
q8167,nDCG@10,0.0
q8167,R@100,0.0
q8168,nDCG@10,0.0
q8168,R@100,0.0
q8169,nDCG@10,0.0
q8169,R@100,0.0
q8170,nDCG@10,0.0
q8170,R@100,0.0
q8171,nDCG@10,1.0
q8171,R@100,1.0
q8172,nDCG@10,0.0
q8172,R@100,0.0
q8173,nDCG@10,0.0
q8173,R@100,0.0
q8174,nDCG@10,0.0
q8174,R@100,0.0
q8175,nDCG@10,0.0
q8175,R@100,0.0
q8176,nDCG@10,0.0
q8176,R@100,0.0
q8177,nDCG@10,0.0
q8177,R@100,0.0
q8178,nDCG@10,0.0
q8178,R@100,0.0
q8179,nDCG@10,0.3562071871080222
q8179,R@100,1.0
q8180,nDCG@10,0.0
q8180,R@100,0.0
q8181,nDCG@10,0.0
q8181,R@100,0.0
q8182,nDCG@10,0.0
q8182,R@100,1.0
q8183,nDCG@10,0.0
q8183,R@100,1.0
q8184,nDCG@10,0.0
q8184,R@100,0.0
q8185,nDCG@10,0.0
q8185,R@100,0.0
q8186,nDCG@10,0.0
q8186,R@100,0.0
q8187,nDCG@10,0.0
q8187,R@100,0.0
q8188,nDCG@10,0.0
q8188,R@100,0.0
q8189,nDCG@10,0.0
q8189,R@100,0.0
q8190,nDCG@10,0.0
q8190,R@100,0.0
q8191,nDCG@10,0.0
q8191,R@100,0.0
q8192,nDCG@10,0.0
q8192,R@100,0.0
q8193,nDCG@10,0.0
q8193,R@100,0.0
q8194,nDCG@10,0.0
q8194,R@100,0.0
q8195,nDCG@10,0.0
q8195,R@100,0.0
q8196,nDCG@10,0.0
q8196,R@100,1.0
q8197,nDCG@10,0.0
q8197,R@100,0.0
q8198,nDCG@10,0.0
q8198,R@100,0.0
q8199,nDCG@10,0.0
q8199,R@100,1.0
q8200,nDCG@10,0.0
q8200,R@100,0.0
q8201,nDCG@10,0.0
q8201,R@100,0.0
q8202,nDCG@10,0.0
q8202,R@100,0.0
q8203,nDCG@10,0.0
q8203,R@100,0.0
q8204,nDCG@10,0.0
q8204,R@100,0.0
q8205,nDCG@10,0.0
q8205,R@100,0.0
q8206,nDCG@10,0.0
q8206,R@100,0.0
q8207,nDCG@10,0.0
q8207,R@100,0.0
q8208,nDCG@10,0.0
q8208,R@100,0.0
q8209,nDCG@10,0.0
q8209,R@100,0.0
q8210,nDCG@10,0.0
q8210,R@100,0.0
q8211,nDCG@10,0.0
q8211,R@100,0.0
q8212,nDCG@10,0.0
q8212,R@100,0.0
q8213,nDCG@10,0.0
q8213,R@100,1.0
q8214,nDCG@10,0.0
q8214,R@100,0.0
q8215,nDCG@10,0.0
q8215,R@100,0.0
q8216,nDCG@10,0.0
q8216,R@100,0.0
q8217,nDCG@10,0.0
q8217,R@100,0.0
q8218,nDCG@10,0.0
q8218,R@100,0.0
q8219,nDCG@10,0.0
q8219,R@100,0.0
q8220,nDCG@10,0.0
q8220,R@100,1.0
q8221,nDCG@10,0.6309297535714575
q8221,R@100,1.0
q8222,nDCG@10,0.0
q8222,R@100,0.0
q8223,nDCG@10,0.0
q8223,R@100,0.0
q8224,nDCG@10,0.0
q8224,R@100,0.0
q8225,nDCG@10,0.0
q8225,R@100,0.0
q8226,nDCG@10,0.0
q8226,R@100,0.0
q8227,nDCG@10,0.6309297535714575
q8227,R@100,1.0
q8228,nDCG@10,0.0
q8228,R@100,0.0
q8229,nDCG@10,0.0
q8229,R@100,0.0
q8230,nDCG@10,0.0
q8230,R@100,0.0
q8231,nDCG@10,0.0
q8231,R@100,0.0
q8232,nDCG@10,0.0
q8232,R@100,0.0
q8233,nDCG@10,0.0
q8233,R@100,1.0
q8234,nDCG@10,0.0
q8234,R@100,0.0
q8235,nDCG@10,0.0
q8235,R@100,0.0
q8236,nDCG@10,0.0
q8236,R@100,0.0
q8237,nDCG@10,0.0
q8237,R@100,0.0
q8238,nDCG@10,0.0
q8238,R@100,0.0
q8239,nDCG@10,0.0
q8239,R@100,0.0
q8240,nDCG@10,0.0
q8240,R@100,1.0
q8241,nDCG@10,0.0
q8241,R@100,0.0
q8242,nDCG@10,0.0
q8242,R@100,0.0
q8243,nDCG@10,0.0
q8243,R@100,0.0
q8244,nDCG@10,0.0
q8244,R@100,0.0
q8245,nDCG@10,0.0
q8245,R@100,0.0
q8246,nDCG@10,0.0
q8246,R@100,0.0
q8247,nDCG@10,0.0
q8247,R@100,0.0
q8248,nDCG@10,0.0
q8248,R@100,0.0
q8249,nDCG@10,0.0
q8249,R@100,0.0
q8250,nDCG@10,0.0
q8250,R@100,0.0
q8251,nDCG@10,0.0
q8251,R@100,0.0
q8252,nDCG@10,0.0
q8252,R@100,0.0
q8253,nDCG@10,0.0
q8253,R@100,0.0
q8254,nDCG@10,0.0
q8254,R@100,0.0
q8255,nDCG@10,0.0
q8255,R@100,0.0
q8256,nDCG@10,0.0
q8256,R@100,0.0
q8257,nDCG@10,0.0
q8257,R@100,0.0
q8258,nDCG@10,0.0
q8258,R@100,0.0
q8259,nDCG@10,0.0
q8259,R@100,0.0
q8260,nDCG@10,1.0
q8260,R@100,1.0
q8261,nDCG@10,0.0
q8261,R@100,0.0
q8262,nDCG@10,0.0
q8262,R@100,0.0
q8263,nDCG@10,0.0
q8263,R@100,0.0
q8264,nDCG@10,0.0
q8264,R@100,0.0
q8265,nDCG@10,0.0
q8265,R@100,1.0
q8266,nDCG@10,0.0
q8266,R@100,0.0
q8267,nDCG@10,0.0
q8267,R@100,0.0
q8268,nDCG@10,0.0
q8268,R@100,0.0
q8269,nDCG@10,0.0
q8269,R@100,0.0
q8270,nDCG@10,0.0
q8270,R@100,0.0
q8271,nDCG@10,0.0
q8271,R@100,0.0
q8272,nDCG@10,0.0
q8272,R@100,0.0
q8273,nDCG@10,0.0
q8273,R@100,0.0
q8274,nDCG@10,0.0
q8274,R@100,0.0
q8275,nDCG@10,0.0
q8275,R@100,0.0
q8276,nDCG@10,0.0
q8276,R@100,0.0
q8277,nDCG@10,0.0
q8277,R@100,1.0
q8278,nDCG@10,0.0
q8278,R@100,0.0
q8279,nDCG@10,0.0
q8279,R@100,0.0
q8280,nDCG@10,0.0
q8280,R@100,0.0
q8281,nDCG@10,0.0
q8281,R@100,1.0
q8282,nDCG@10,0.0
q8282,R@100,0.0
q8283,nDCG@10,0.0
q8283,R@100,0.0
q8284,nDCG@10,0.0
q8284,R@100,0.0
q8285,nDCG@10,0.0
q8285,R@100,0.0
q8286,nDCG@10,0.0
q8286,R@100,0.0
q8287,nDCG@10,0.0
q8287,R@100,0.0
q8288,nDCG@10,0.0
q8288,R@100,0.0
q8289,nDCG@10,0.0
q8289,R@100,0.0
q8290,nDCG@10,0.0
q8290,R@100,0.0
q8291,nDCG@10,0.0
q8291,R@100,0.0
q8292,nDCG@10,0.3562071871080222
q8292,R@100,1.0
q8293,nDCG@10,0.0
q8293,R@100,0.0
q8294,nDCG@10,0.0
q8294,R@100,0.0
q8295,nDCG@10,0.0
q8295,R@100,0.0
q8296,nDCG@10,0.0
q8296,R@100,0.0
q8297,nDCG@10,0.0
q8297,R@100,1.0
q8298,nDCG@10,0.0
q8298,R@100,0.0
q8299,nDCG@10,0.0
q8299,R@100,0.0
q8300,nDCG@10,0.0
q8300,R@100,0.0
q8301,nDCG@10,0.0
q8301,R@100,0.0
q8302,nDCG@10,0.0
q8302,R@100,0.0
q8303,nDCG@10,0.0
q8303,R@100,0.0
q8304,nDCG@10,0.0
q8304,R@100,0.0
q8305,nDCG@10,0.0
q8305,R@100,0.0
q8306,nDCG@10,0.0
q8306,R@100,0.0
q8307,nDCG@10,0.0
q8307,R@100,0.0
q8308,nDCG@10,0.0
q8308,R@100,0.0
q8309,nDCG@10,0.0
q8309,R@100,0.0
q8310,nDCG@10,0.0
q8310,R@100,1.0
q8311,nDCG@10,0.0
q8311,R@100,0.0
q8312,nDCG@10,0.0
q8312,R@100,0.0
q8313,nDCG@10,0.0
q8313,R@100,0.0
q8314,nDCG@10,0.0
q8314,R@100,0.0
q8315,nDCG@10,0.0
q8315,R@100,0.0
q8316,nDCG@10,0.0
q8316,R@100,0.0
q8317,nDCG@10,0.0
q8317,R@100,0.0
q8318,nDCG@10,0.0
q8318,R@100,1.0
q8319,nDCG@10,0.0
q8319,R@100,0.0
q8320,nDCG@10,0.0
q8320,R@100,0.0
q8321,nDCG@10,0.0
q8321,R@100,0.0
q8322,nDCG@10,0.0
q8322,R@100,0.0
q8323,nDCG@10,0.0
q8323,R@100,1.0
q8324,nDCG@10,0.0
q8324,R@100,0.0
q8325,nDCG@10,0.0
q8325,R@100,0.0
q8326,nDCG@10,0.0
q8326,R@100,0.0
q8327,nDCG@10,0.0
q8327,R@100,1.0
q8328,nDCG@10,0.0
q8328,R@100,0.0
q8329,nDCG@10,0.0
q8329,R@100,0.0
q8330,nDCG@10,0.0
q8330,R@100,0.0
q8331,nDCG@10,0.0
q8331,R@100,0.0
q8332,nDCG@10,0.0
q8332,R@100,0.0
q8333,nDCG@10,0.0
q8333,R@100,0.0
q8334,nDCG@10,0.43067655807339306
q8334,R@100,1.0
q8335,nDCG@10,0.0
q8335,R@100,0.0
q8336,nDCG@10,0.0
q8336,R@100,0.0
q8337,nDCG@10,0.6309297535714575
q8337,R@100,1.0
q8338,nDCG@10,0.0
q8338,R@100,0.0
q8339,nDCG@10,0.0
q8339,R@100,0.0
q8340,nDCG@10,0.0
q8340,R@100,0.0
q8341,nDCG@10,0.0
q8341,R@100,0.0
q8342,nDCG@10,0.0
q8342,R@100,0.0
q8343,nDCG@10,0.0
q8343,R@100,0.0
q8344,nDCG@10,0.0
q8344,R@100,0.0
q8345,nDCG@10,0.0
q8345,R@100,1.0
q8346,nDCG@10,0.0
q8346,R@100,0.0
q8347,nDCG@10,0.0
q8347,R@100,1.0
q8348,nDCG@10,0.0
q8348,R@100,0.0
q8349,nDCG@10,0.0
q8349,R@100,0.0
q8350,nDCG@10,0.0
q8350,R@100,0.0
q8351,nDCG@10,0.0
q8351,R@100,0.0
q8352,nDCG@10,0.0
q8352,R@100,0.0
q8353,nDCG@10,0.0
q8353,R@100,0.0
q8354,nDCG@10,0.0
q8354,R@100,0.0
q8355,nDCG@10,0.0
q8355,R@100,0.0
q8356,nDCG@10,0.0
q8356,R@100,0.0
q8357,nDCG@10,0.0
q8357,R@100,0.0
q8358,nDCG@10,0.0
q8358,R@100,1.0
q8359,nDCG@10,0.0
q8359,R@100,0.0
q8360,nDCG@10,0.0
q8360,R@100,0.0
q8361,nDCG@10,0.0
q8361,R@100,0.0
q8362,nDCG@10,0.0
q8362,R@100,0.0
q8363,nDCG@10,0.0
q8363,R@100,0.0
q8364,nDCG@10,0.0
q8364,R@100,0.0
q8365,nDCG@10,0.0
q8365,R@100,0.0
q8366,nDCG@10,0.0
q8366,R@100,0.0
q8367,nDCG@10,0.0
q8367,R@100,0.0
q8368,nDCG@10,0.0
q8368,R@100,0.0
q8369,nDCG@10,0.0
q8369,R@100,1.0
q8370,nDCG@10,0.0
q8370,R@100,0.0
q8371,nDCG@10,0.0
q8371,R@100,0.0
q8372,nDCG@10,0.0
q8372,R@100,0.0
q8373,nDCG@10,0.0
q8373,R@100,0.0
q8374,nDCG@10,0.0
q8374,R@100,0.0
q8375,nDCG@10,0.0
q8375,R@100,0.0
q8376,nDCG@10,0.0
q8376,R@100,0.0
q8377,nDCG@10,0.0
q8377,R@100,0.0
q8378,nDCG@10,0.0
q8378,R@100,0.0
q8379,nDCG@10,0.0
q8379,R@100,1.0
q8380,nDCG@10,0.0
q8380,R@100,0.0
q8381,nDCG@10,0.0
q8381,R@100,0.0
q8382,nDCG@10,0.0
q8382,R@100,0.0
q8383,nDCG@10,0.0
q8383,R@100,0.0
q8384,nDCG@10,0.0
q8384,R@100,0.0
q8385,nDCG@10,0.0
q8385,R@100,0.0
q8386,nDCG@10,0.0
q8386,R@100,0.0
q8387,nDCG@10,0.0
q8387,R@100,1.0
q8388,nDCG@10,0.0
q8388,R@100,0.0
q8389,nDCG@10,0.0
q8389,R@100,0.0
q8390,nDCG@10,0.0
q8390,R@100,1.0
q8391,nDCG@10,0.0
q8391,R@100,0.0
q8392,nDCG@10,0.0
q8392,R@100,0.0
q8393,nDCG@10,0.0
q8393,R@100,0.0
q8394,nDCG@10,0.0
q8394,R@100,0.0
q8395,nDCG@10,0.0
q8395,R@100,0.0
q8396,nDCG@10,0.0
q8396,R@100,0.0
q8397,nDCG@10,0.0
q8397,R@100,0.0
q8398,nDCG@10,0.0
q8398,R@100,0.0
q8399,nDCG@10,0.0
q8399,R@100,0.0
q8400,nDCG@10,0.0
q8400,R@100,0.0
q8401,nDCG@10,0.0
q8401,R@100,0.0
q8402,nDCG@10,1.0
q8402,R@100,1.0
q8403,nDCG@10,0.0
q8403,R@100,0.0
q8404,nDCG@10,0.0
q8404,R@100,0.0
q8405,nDCG@10,0.0
q8405,R@100,1.0
q8406,nDCG@10,0.0
q8406,R@100,0.0
q8407,nDCG@10,0.0
q8407,R@100,0.0
q8408,nDCG@10,0.0
q8408,R@100,0.0
q8409,nDCG@10,0.0
q8409,R@100,1.0
q8410,nDCG@10,0.0
q8410,R@100,0.0
q8411,nDCG@10,0.0
q8411,R@100,0.0
q8412,nDCG@10,0.0
q8412,R@100,0.0
q8413,nDCG@10,0.0
q8413,R@100,0.0
q8414,nDCG@10,0.0
q8414,R@100,1.0
q8415,nDCG@10,0.0
q8415,R@100,0.0
q8416,nDCG@10,0.0
q8416,R@100,0.0
q8417,nDCG@10,0.0
q8417,R@100,0.0
q8418,nDCG@10,0.0
q8418,R@100,0.0
q8419,nDCG@10,0.3333333333333333
q8419,R@100,1.0
q8420,nDCG@10,0.0
q8420,R@100,0.0
q8421,nDCG@10,0.0
q8421,R@100,0.0
q8422,nDCG@10,0.0
q8422,R@100,0.0
q8423,nDCG@10,0.0
q8423,R@100,0.0
q8424,nDCG@10,1.0
q8424,R@100,1.0
q8425,nDCG@10,0.6309297535714575
q8425,R@100,1.0
q8426,nDCG@10,0.0
q8426,R@100,0.0
q8427,nDCG@10,0.0
q8427,R@100,0.0
q8428,nDCG@10,0.0
q8428,R@100,0.0
q8429,nDCG@10,0.0
q8429,R@100,0.0
q8430,nDCG@10,0.0
q8430,R@100,0.0
q8431,nDCG@10,0.0
q8431,R@100,0.0
q8432,nDCG@10,0.0
q8432,R@100,0.0
q8433,nDCG@10,0.0
q8433,R@100,0.0
q8434,nDCG@10,0.6309297535714575
q8434,R@100,1.0
q8435,nDCG@10,0.0
q8435,R@100,0.0
q8436,nDCG@10,0.0
q8436,R@100,0.0
q8437,nDCG@10,0.0
q8437,R@100,0.0
q8438,nDCG@10,0.0
q8438,R@100,0.0
q8439,nDCG@10,0.0
q8439,R@100,0.0
q8440,nDCG@10,1.0
q8440,R@100,1.0
q8441,nDCG@10,0.0
q8441,R@100,0.0
q8442,nDCG@10,0.0
q8442,R@100,1.0
q8443,nDCG@10,0.0
q8443,R@100,0.0
q8444,nDCG@10,0.0
q8444,R@100,0.0
q8445,nDCG@10,0.0
q8445,R@100,0.0
q8446,nDCG@10,0.0
q8446,R@100,0.0
q8447,nDCG@10,0.0
q8447,R@100,0.0
q8448,nDCG@10,0.0
q8448,R@100,0.0
q8449,nDCG@10,0.0
q8449,R@100,0.0
q8450,nDCG@10,0.0
q8450,R@100,0.0
q8451,nDCG@10,0.0
q8451,R@100,0.0
q8452,nDCG@10,0.0
q8452,R@100,0.0
q8453,nDCG@10,0.0
q8453,R@100,0.0
q8454,nDCG@10,0.0
q8454,R@100,0.0
q8455,nDCG@10,0.0
q8455,R@100,0.0
q8456,nDCG@10,0.6309297535714575
q8456,R@100,1.0
q8457,nDCG@10,0.0
q8457,R@100,0.0
q8458,nDCG@10,0.0
q8458,R@100,0.0
q8459,nDCG@10,0.0
q8459,R@100,0.0
q8460,nDCG@10,0.0
q8460,R@100,0.0
q8461,nDCG@10,0.0
q8461,R@100,0.0
q8462,nDCG@10,0.0
q8462,R@100,1.0
q8463,nDCG@10,0.0
q8463,R@100,0.0
q8464,nDCG@10,1.0
q8464,R@100,1.0
q8465,nDCG@10,0.0
q8465,R@100,0.0
q8466,nDCG@10,0.0
q8466,R@100,0.0
q8467,nDCG@10,0.0
q8467,R@100,0.0
q8468,nDCG@10,0.0
q8468,R@100,0.0
q8469,nDCG@10,0.0
q8469,R@100,0.0
q8470,nDCG@10,0.0
q8470,R@100,0.0
q8471,nDCG@10,0.0
q8471,R@100,0.0
q8472,nDCG@10,0.0
q8472,R@100,0.0
q8473,nDCG@10,0.0
q8473,R@100,0.0
q8474,nDCG@10,0.0
q8474,R@100,0.0
q8475,nDCG@10,0.0
q8475,R@100,0.0
q8476,nDCG@10,0.0
q8476,R@100,1.0
q8477,nDCG@10,0.0
q8477,R@100,0.0
q8478,nDCG@10,0.0
q8478,R@100,0.0
q8479,nDCG@10,0.43067655807339306
q8479,R@100,1.0
q8480,nDCG@10,0.0
q8480,R@100,0.0
q8481,nDCG@10,0.0
q8481,R@100,0.0
q8482,nDCG@10,0.0
q8482,R@100,0.0
q8483,nDCG@10,0.0
q8483,R@100,0.0
q8484,nDCG@10,0.0
q8484,R@100,0.0
q8485,nDCG@10,0.0
q8485,R@100,0.0
q8486,nDCG@10,0.3333333333333333
q8486,R@100,1.0
q8487,nDCG@10,0.0
q8487,R@100,0.0
q8488,nDCG@10,0.0
q8488,R@100,0.0
q8489,nDCG@10,0.0
q8489,R@100,0.0
q8490,nDCG@10,0.0
q8490,R@100,0.0
q8491,nDCG@10,0.0
q8491,R@100,0.0
q8492,nDCG@10,0.0
q8492,R@100,0.0
q8493,nDCG@10,0.0
q8493,R@100,0.0
q8494,nDCG@10,0.0
q8494,R@100,0.0
q8495,nDCG@10,0.0
q8495,R@100,0.0
q8496,nDCG@10,0.0
q8496,R@100,0.0
q8497,nDCG@10,0.0
q8497,R@100,0.0
q8498,nDCG@10,0.0
q8498,R@100,0.0
q8499,nDCG@10,0.0
q8499,R@100,0.0
q8500,nDCG@10,0.0
q8500,R@100,0.0
q8501,nDCG@10,0.0
q8501,R@100,0.0
q8502,nDCG@10,0.0
q8502,R@100,0.0
q8503,nDCG@10,0.0
q8503,R@100,0.0
q8504,nDCG@10,0.0
q8504,R@100,0.0
q8505,nDCG@10,0.0
q8505,R@100,0.0
q8506,nDCG@10,0.0
q8506,R@100,0.0
q8507,nDCG@10,0.0
q8507,R@100,0.0
q8508,nDCG@10,0.0
q8508,R@100,0.0
q8509,nDCG@10,0.0
q8509,R@100,0.0
q8510,nDCG@10,0.0
q8510,R@100,0.0
q8511,nDCG@10,0.0
q8511,R@100,0.0
q8512,nDCG@10,0.0
q8512,R@100,0.0
q8513,nDCG@10,0.0
q8513,R@100,0.0
q8514,nDCG@10,0.0
q8514,R@100,0.0
q8515,nDCG@10,0.0
q8515,R@100,0.0
q8516,nDCG@10,0.0
q8516,R@100,0.0
q8517,nDCG@10,0.0
q8517,R@100,0.0
q8518,nDCG@10,0.0
q8518,R@100,0.0
q8519,nDCG@10,0.0
q8519,R@100,0.0
q8520,nDCG@10,0.0
q8520,R@100,0.0
q8521,nDCG@10,0.0
q8521,R@100,0.0
q8522,nDCG@10,1.0
q8522,R@100,1.0
q8523,nDCG@10,0.0
q8523,R@100,1.0
q8524,nDCG@10,0.0
q8524,R@100,0.0
q8525,nDCG@10,0.0
q8525,R@100,0.0
q8526,nDCG@10,0.6309297535714575
q8526,R@100,1.0
q8527,nDCG@10,1.0
q8527,R@100,1.0
q8528,nDCG@10,0.0
q8528,R@100,0.0
q8529,nDCG@10,0.0
q8529,R@100,0.0
q8530,nDCG@10,0.0
q8530,R@100,0.0
q8531,nDCG@10,0.0
q8531,R@100,0.0
q8532,nDCG@10,1.0
q8532,R@100,1.0
q8533,nDCG@10,0.0
q8533,R@100,0.0
q8534,nDCG@10,1.0
q8534,R@100,1.0
q8535,nDCG@10,0.0
q8535,R@100,1.0
q8536,nDCG@10,0.0
q8536,R@100,0.0
q8537,nDCG@10,0.0
q8537,R@100,0.0
q8538,nDCG@10,0.0
q8538,R@100,0.0
q8539,nDCG@10,0.0
q8539,R@100,0.0
q8540,nDCG@10,0.0
q8540,R@100,0.0
q8541,nDCG@10,0.0
q8541,R@100,0.0
q8542,nDCG@10,0.0
q8542,R@100,0.0
q8543,nDCG@10,0.0
q8543,R@100,0.0
q8544,nDCG@10,0.0
q8544,R@100,0.0
q8545,nDCG@10,0.0
q8545,R@100,0.0
q8546,nDCG@10,0.0
q8546,R@100,0.0
q8547,nDCG@10,0.0
q8547,R@100,0.0
q8548,nDCG@10,0.0
q8548,R@100,0.0
q8549,nDCG@10,0.43067655807339306
q8549,R@100,1.0
q8550,nDCG@10,0.0
q8550,R@100,0.0
q8551,nDCG@10,0.0
q8551,R@100,0.0
q8552,nDCG@10,0.0
q8552,R@100,0.0
q8553,nDCG@10,0.0
q8553,R@100,0.0
q8554,nDCG@10,0.0
q8554,R@100,0.0
q8555,nDCG@10,0.0
q8555,R@100,0.0
q8556,nDCG@10,0.0
q8556,R@100,0.0
q8557,nDCG@10,0.0
q8557,R@100,0.0
q8558,nDCG@10,0.0
q8558,R@100,0.0
q8559,nDCG@10,0.0
q8559,R@100,0.0
q8560,nDCG@10,0.0
q8560,R@100,0.0
q8561,nDCG@10,0.0
q8561,R@100,0.0
q8562,nDCG@10,0.0
q8562,R@100,0.0
q8563,nDCG@10,0.0
q8563,R@100,0.0
q8564,nDCG@10,0.0
q8564,R@100,0.0
q8565,nDCG@10,0.0
q8565,R@100,0.0
q8566,nDCG@10,0.0
q8566,R@100,0.0
q8567,nDCG@10,0.0
q8567,R@100,0.0
q8568,nDCG@10,0.0
q8568,R@100,0.0
q8569,nDCG@10,0.0
q8569,R@100,0.0
q8570,nDCG@10,0.0
q8570,R@100,0.0
q8571,nDCG@10,0.0
q8571,R@100,0.0
q8572,nDCG@10,0.0
q8572,R@100,0.0
q8573,nDCG@10,0.0
q8573,R@100,0.0
q8574,nDCG@10,0.0
q8574,R@100,0.0
q8575,nDCG@10,0.0
q8575,R@100,0.0
q8576,nDCG@10,0.0
q8576,R@100,0.0
q8577,nDCG@10,0.0
q8577,R@100,0.0
q8578,nDCG@10,0.0
q8578,R@100,0.0
q8579,nDCG@10,0.0
q8579,R@100,1.0
q8580,nDCG@10,0.0
q8580,R@100,0.0
q8581,nDCG@10,0.0
q8581,R@100,0.0
q8582,nDCG@10,0.0
q8582,R@100,0.0
q8583,nDCG@10,0.0
q8583,R@100,0.0
q8584,nDCG@10,0.0
q8584,R@100,0.0
q8585,nDCG@10,0.0
q8585,R@100,1.0
q8586,nDCG@10,0.0
q8586,R@100,0.0
q8587,nDCG@10,0.0
q8587,R@100,0.0
q8588,nDCG@10,0.0
q8588,R@100,0.0
q8589,nDCG@10,0.38685280723454163
q8589,R@100,1.0
q8590,nDCG@10,0.0
q8590,R@100,0.0
q8591,nDCG@10,0.0
q8591,R@100,0.0
q8592,nDCG@10,0.0
q8592,R@100,0.0
q8593,nDCG@10,0.0
q8593,R@100,0.0
q8594,nDCG@10,0.0
q8594,R@100,0.0
q8595,nDCG@10,0.0
q8595,R@100,0.0
q8596,nDCG@10,0.0
q8596,R@100,0.0
q8597,nDCG@10,0.0
q8597,R@100,0.0
q8598,nDCG@10,0.0
q8598,R@100,1.0
q8599,nDCG@10,1.0
q8599,R@100,1.0
q8600,nDCG@10,0.0
q8600,R@100,0.0
q8601,nDCG@10,0.0
q8601,R@100,0.0
q8602,nDCG@10,0.0
q8602,R@100,0.0
q8603,nDCG@10,0.0
q8603,R@100,0.0
q8604,nDCG@10,0.0
q8604,R@100,0.0
q8605,nDCG@10,0.0
q8605,R@100,0.0
q8606,nDCG@10,0.0
q8606,R@100,0.0
q8607,nDCG@10,0.6309297535714575
q8607,R@100,1.0
q8608,nDCG@10,0.0
q8608,R@100,0.0
q8609,nDCG@10,0.0
q8609,R@100,0.0
q8610,nDCG@10,0.0
q8610,R@100,0.0
q8611,nDCG@10,0.0
q8611,R@100,0.0
q8612,nDCG@10,0.0
q8612,R@100,0.0
q8613,nDCG@10,0.0
q8613,R@100,0.0
q8614,nDCG@10,0.0
q8614,R@100,1.0
q8615,nDCG@10,0.0
q8615,R@100,0.0
q8616,nDCG@10,0.0
q8616,R@100,0.0
q8617,nDCG@10,0.0
q8617,R@100,0.0
q8618,nDCG@10,0.0
q8618,R@100,0.0
q8619,nDCG@10,0.0
q8619,R@100,0.0
q8620,nDCG@10,0.0
q8620,R@100,0.0
q8621,nDCG@10,0.0
q8621,R@100,0.0
q8622,nDCG@10,0.0
q8622,R@100,0.0
q8623,nDCG@10,0.0
q8623,R@100,0.0
q8624,nDCG@10,0.0
q8624,R@100,0.0
q8625,nDCG@10,0.0
q8625,R@100,0.0
q8626,nDCG@10,0.0
q8626,R@100,0.0
q8627,nDCG@10,0.0
q8627,R@100,0.0
q8628,nDCG@10,0.0
q8628,R@100,0.0
q8629,nDCG@10,0.0
q8629,R@100,0.0
q8630,nDCG@10,0.0
q8630,R@100,0.0
q8631,nDCG@10,0.0
q8631,R@100,0.0
q8632,nDCG@10,0.0
q8632,R@100,0.0
q8633,nDCG@10,0.0
q8633,R@100,0.0
q8634,nDCG@10,0.0
q8634,R@100,0.0
q8635,nDCG@10,0.0
q8635,R@100,0.0
q8636,nDCG@10,0.0
q8636,R@100,0.0
q8637,nDCG@10,0.0
q8637,R@100,1.0
q8638,nDCG@10,1.0
q8638,R@100,1.0
q8639,nDCG@10,0.0
q8639,R@100,0.0
q8640,nDCG@10,0.0
q8640,R@100,0.0
q8641,nDCG@10,0.0
q8641,R@100,0.0
q8642,nDCG@10,0.0
q8642,R@100,0.0
q8643,nDCG@10,0.0
q8643,R@100,0.0
q8644,nDCG@10,0.2890648263178879
q8644,R@100,1.0
q8645,nDCG@10,0.0
q8645,R@100,0.0
q8646,nDCG@10,0.0
q8646,R@100,0.0
q8647,nDCG@10,0.0
q8647,R@100,0.0
q8648,nDCG@10,0.0
q8648,R@100,0.0
q8649,nDCG@10,0.0
q8649,R@100,0.0
q8650,nDCG@10,0.0
q8650,R@100,0.0
q8651,nDCG@10,0.0
q8651,R@100,0.0
q8652,nDCG@10,0.0
q8652,R@100,0.0
q8653,nDCG@10,0.0
q8653,R@100,0.0
q8654,nDCG@10,0.0
q8654,R@100,0.0
q8655,nDCG@10,0.0
q8655,R@100,0.0
q8656,nDCG@10,0.0
q8656,R@100,0.0
q8657,nDCG@10,0.0
q8657,R@100,0.0
q8658,nDCG@10,0.0
q8658,R@100,0.0
q8659,nDCG@10,0.0
q8659,R@100,0.0
q8660,nDCG@10,0.0
q8660,R@100,0.0
q8661,nDCG@10,0.0
q8661,R@100,0.0
q8662,nDCG@10,0.0
q8662,R@100,0.0
q8663,nDCG@10,0.0
q8663,R@100,0.0
q8664,nDCG@10,0.0
q8664,R@100,0.0
q8665,nDCG@10,0.0
q8665,R@100,0.0
q8666,nDCG@10,0.0
q8666,R@100,0.0
q8667,nDCG@10,0.0
q8667,R@100,0.0
q8668,nDCG@10,0.0
q8668,R@100,0.0
q8669,nDCG@10,0.0
q8669,R@100,0.0
q8670,nDCG@10,0.0
q8670,R@100,0.0
q8671,nDCG@10,0.0
q8671,R@100,0.0
q8672,nDCG@10,0.0
q8672,R@100,0.0
q8673,nDCG@10,0.0
q8673,R@100,0.0
q8674,nDCG@10,0.0
q8674,R@100,1.0
q8675,nDCG@10,0.0
q8675,R@100,0.0
q8676,nDCG@10,0.0
q8676,R@100,0.0
q8677,nDCG@10,0.0
q8677,R@100,0.0
q8678,nDCG@10,0.0
q8678,R@100,0.0
q8679,nDCG@10,0.0
q8679,R@100,0.0
q8680,nDCG@10,0.0
q8680,R@100,0.0
q8681,nDCG@10,0.0
q8681,R@100,0.0
q8682,nDCG@10,0.0
q8682,R@100,0.0
q8683,nDCG@10,0.0
q8683,R@100,0.0
q8684,nDCG@10,0.0
q8684,R@100,0.0
q8685,nDCG@10,0.0
q8685,R@100,0.0
q8686,nDCG@10,0.0
q8686,R@100,0.0
q8687,nDCG@10,0.0
q8687,R@100,0.0
q8688,nDCG@10,0.0
q8688,R@100,0.0
q8689,nDCG@10,0.0
q8689,R@100,0.0
q8690,nDCG@10,0.0
q8690,R@100,1.0
q8691,nDCG@10,0.0
q8691,R@100,0.0
q8692,nDCG@10,0.0
q8692,R@100,0.0
q8693,nDCG@10,0.0
q8693,R@100,0.0
q8694,nDCG@10,0.0
q8694,R@100,0.0
q8695,nDCG@10,0.0
q8695,R@100,0.0
q8696,nDCG@10,0.0
q8696,R@100,0.0
q8697,nDCG@10,0.43067655807339306
q8697,R@100,1.0
q8698,nDCG@10,0.0
q8698,R@100,0.0
q8699,nDCG@10,0.0
q8699,R@100,0.0
q8700,nDCG@10,0.6309297535714575
q8700,R@100,1.0
q8701,nDCG@10,0.0
q8701,R@100,1.0
q8702,nDCG@10,0.0
q8702,R@100,0.0
q8703,nDCG@10,0.0
q8703,R@100,1.0
q8704,nDCG@10,1.0
q8704,R@100,1.0
q8705,nDCG@10,0.5
q8705,R@100,1.0
q8706,nDCG@10,1.0
q8706,R@100,1.0
q8707,nDCG@10,1.0
q8707,R@100,1.0
q8708,nDCG@10,0.0
q8708,R@100,0.0
q8709,nDCG@10,0.0
q8709,R@100,0.0
q8710,nDCG@10,0.0
q8710,R@100,1.0
q8711,nDCG@10,1.0
q8711,R@100,1.0
q8712,nDCG@10,0.0
q8712,R@100,0.0
q8713,nDCG@10,0.5
q8713,R@100,1.0
q8714,nDCG@10,0.0
q8714,R@100,0.0
q8715,nDCG@10,0.0
q8715,R@100,0.0
q8716,nDCG@10,0.0
q8716,R@100,0.0
q8717,nDCG@10,0.0
q8717,R@100,1.0
q8718,nDCG@10,1.0
q8718,R@100,1.0
q8719,nDCG@10,0.0
q8719,R@100,0.0
q8720,nDCG@10,0.0
q8720,R@100,0.0
q8721,nDCG@10,0.0
q8721,R@100,0.0
q8722,nDCG@10,0.0
q8722,R@100,0.0
q8723,nDCG@10,0.0
q8723,R@100,0.0
q8724,nDCG@10,0.0
q8724,R@100,1.0
q8725,nDCG@10,0.0
q8725,R@100,0.0
q8726,nDCG@10,0.0
q8726,R@100,0.0
q8727,nDCG@10,0.0
q8727,R@100,1.0
q8728,nDCG@10,0.0
q8728,R@100,0.0
q8729,nDCG@10,1.0
q8729,R@100,1.0
q8730,nDCG@10,0.0
q8730,R@100,0.0
q8731,nDCG@10,0.0
q8731,R@100,0.0
q8732,nDCG@10,0.0
q8732,R@100,0.0
q8733,nDCG@10,0.0
q8733,R@100,1.0
q8734,nDCG@10,0.0
q8734,R@100,0.0
q8735,nDCG@10,0.0
q8735,R@100,0.0
q8736,nDCG@10,0.0
q8736,R@100,0.0
q8737,nDCG@10,0.0
q8737,R@100,0.0
q8738,nDCG@10,0.0
q8738,R@100,0.0
q8739,nDCG@10,0.0
q8739,R@100,0.0
q8740,nDCG@10,0.0
q8740,R@100,0.0
q8741,nDCG@10,0.0
q8741,R@100,0.0
q8742,nDCG@10,0.0
q8742,R@100,0.0
q8743,nDCG@10,0.0
q8743,R@100,1.0
q8744,nDCG@10,0.0
q8744,R@100,0.0
q8745,nDCG@10,0.0
q8745,R@100,0.0
q8746,nDCG@10,0.0
q8746,R@100,0.0
q8747,nDCG@10,0.0
q8747,R@100,0.0
q8748,nDCG@10,1.0
q8748,R@100,1.0
q8749,nDCG@10,0.0
q8749,R@100,0.0
q8750,nDCG@10,0.0
q8750,R@100,0.0
q8751,nDCG@10,0.0
q8751,R@100,0.0
q8752,nDCG@10,0.0
q8752,R@100,0.0
q8753,nDCG@10,0.0
q8753,R@100,0.0
q8754,nDCG@10,0.0
q8754,R@100,0.0
q8755,nDCG@10,0.0
q8755,R@100,0.0
q8756,nDCG@10,0.3562071871080222
q8756,R@100,1.0
q8757,nDCG@10,0.0
q8757,R@100,0.0
q8758,nDCG@10,0.0
q8758,R@100,0.0
q8759,nDCG@10,0.0
q8759,R@100,0.0
q8760,nDCG@10,0.0
q8760,R@100,1.0
q8761,nDCG@10,0.0
q8761,R@100,0.0
q8762,nDCG@10,0.0
q8762,R@100,0.0
q8763,nDCG@10,0.0
q8763,R@100,0.0
q8764,nDCG@10,0.0
q8764,R@100,1.0
q8765,nDCG@10,0.0
q8765,R@100,1.0
