qid,measure,value
q53107,nDCG@10,0.0
q53107,R@100,0.0
q53108,nDCG@10,1.0
q53108,R@100,1.0
q53109,nDCG@10,0.6309297535714575
q53109,R@100,1.0
q53110,nDCG@10,1.0
q53110,R@100,1.0
q53111,nDCG@10,1.0
q53111,R@100,1.0
q53112,nDCG@10,0.0
q53112,R@100,0.0
q53113,nDCG@10,0.0
q53113,R@100,0.0
q53114,nDCG@10,0.0
q53114,R@100,0.0
q53115,nDCG@10,0.6309297535714575
q53115,R@100,1.0
q53116,nDCG@10,0.3562071871080222
q53116,R@100,1.0
q53117,nDCG@10,0.0
q53117,R@100,1.0
q53118,nDCG@10,1.0
q53118,R@100,1.0
q53119,nDCG@10,1.0
q53119,R@100,1.0
q53120,nDCG@10,0.0
q53120,R@100,1.0
q53121,nDCG@10,1.0
q53121,R@100,1.0
q53122,nDCG@10,0.0
q53122,R@100,0.0
q53123,nDCG@10,1.0
q53123,R@100,1.0
q53124,nDCG@10,0.0
q53124,R@100,0.0
q53125,nDCG@10,0.0
q53125,R@100,0.0
q53126,nDCG@10,0.38685280723454163
q53126,R@100,1.0
q53127,nDCG@10,1.0
q53127,R@100,1.0
q53128,nDCG@10,0.0
q53128,R@100,0.0
q53129,nDCG@10,1.0
q53129,R@100,1.0
q53130,nDCG@10,1.0
q53130,R@100,1.0
q53131,nDCG@10,1.0
q53131,R@100,1.0
q53132,nDCG@10,0.0
q53132,R@100,0.0
q53133,nDCG@10,0.0
q53133,R@100,1.0
q53134,nDCG@10,1.0
q53134,R@100,1.0
q53135,nDCG@10,0.6309297535714575
q53135,R@100,1.0
q53136,nDCG@10,0.0
q53136,R@100,0.0
q53137,nDCG@10,0.0
q53137,R@100,0.0
q53138,nDCG@10,0.0
q53138,R@100,0.0
q53139,nDCG@10,0.0
q53139,R@100,0.0
q53140,nDCG@10,1.0
q53140,R@100,1.0
q53141,nDCG@10,0.5
q53141,R@100,1.0
q53142,nDCG@10,0.0
q53142,R@100,0.0
q53143,nDCG@10,1.0
q53143,R@100,1.0
q53144,nDCG@10,1.0
q53144,R@100,1.0
q53145,nDCG@10,1.0
q53145,R@100,1.0
q53146,nDCG@10,1.0
q53146,R@100,1.0
q53147,nDCG@10,1.0
q53147,R@100,1.0
q53148,nDCG@10,0.6309297535714575
q53148,R@100,1.0
q53149,nDCG@10,0.0
q53149,R@100,1.0
q53150,nDCG@10,0.0
q53150,R@100,0.0
q53151,nDCG@10,0.0
q53151,R@100,0.0
q53152,nDCG@10,1.0
q53152,R@100,1.0
q53153,nDCG@10,0.0
q53153,R@100,0.0
q53154,nDCG@10,0.0
q53154,R@100,1.0
q53155,nDCG@10,0.0
q53155,R@100,0.0
q53156,nDCG@10,1.0
q53156,R@100,1.0
q53157,nDCG@10,0.0
q53157,R@100,1.0
q53158,nDCG@10,1.0
q53158,R@100,1.0
q53159,nDCG@10,0.0
q53159,R@100,1.0
q53160,nDCG@10,0.6309297535714575
q53160,R@100,1.0
q53161,nDCG@10,0.0
q53161,R@100,0.0
q53162,nDCG@10,0.0
q53162,R@100,0.0
q53163,nDCG@10,0.0
q53163,R@100,1.0
q53164,nDCG@10,0.3010299956639812
q53164,R@100,1.0
q53165,nDCG@10,0.0
q53165,R@100,0.0
q53166,nDCG@10,1.0
q53166,R@100,1.0
q53167,nDCG@10,1.0
q53167,R@100,1.0
q53168,nDCG@10,0.0
q53168,R@100,0.0
q53169,nDCG@10,1.0
q53169,R@100,1.0
q53170,nDCG@10,1.0
q53170,R@100,1.0
q53171,nDCG@10,1.0
q53171,R@100,1.0
q53172,nDCG@10,1.0
q53172,R@100,1.0
q53173,nDCG@10,0.43067655807339306
q53173,R@100,1.0
q53174,nDCG@10,0.3010299956639812
q53174,R@100,1.0
q53175,nDCG@10,0.6309297535714575
q53175,R@100,1.0
q53176,nDCG@10,0.5
q53176,R@100,1.0
q53177,nDCG@10,1.0
q53177,R@100,1.0
q53178,nDCG@10,0.31546487678572877
q53178,R@100,1.0
q53179,nDCG@10,1.0
q53179,R@100,1.0
q53180,nDCG@10,1.0
q53180,R@100,1.0
q53181,nDCG@10,1.0
q53181,R@100,1.0
q53182,nDCG@10,1.0
q53182,R@100,1.0
q53183,nDCG@10,0.0
q53183,R@100,0.0
q53184,nDCG@10,0.3333333333333333
q53184,R@100,1.0
q53185,nDCG@10,0.3562071871080222
q53185,R@100,1.0
q53186,nDCG@10,0.0
q53186,R@100,0.0
q53187,nDCG@10,1.0
q53187,R@100,1.0
q53188,nDCG@10,1.0
q53188,R@100,1.0
q53189,nDCG@10,1.0
q53189,R@100,1.0
q53190,nDCG@10,0.0
q53190,R@100,0.0
q53191,nDCG@10,0.0
q53191,R@100,1.0
q53192,nDCG@10,1.0
q53192,R@100,1.0
q53193,nDCG@10,1.0
q53193,R@100,1.0
q53194,nDCG@10,0.0
q53194,R@100,0.0
q53195,nDCG@10,1.0
q53195,R@100,1.0
q53196,nDCG@10,0.0
q53196,R@100,0.0
q53197,nDCG@10,0.0
q53197,R@100,0.0
q53198,nDCG@10,0.6309297535714575
q53198,R@100,1.0
q53199,nDCG@10,1.0
q53199,R@100,1.0
q53200,nDCG@10,1.0
q53200,R@100,1.0
q53201,nDCG@10,1.0
q53201,R@100,1.0
q53202,nDCG@10,0.0
q53202,R@100,0.0
q53203,nDCG@10,1.0
q53203,R@100,1.0
q53204,nDCG@10,0.0
q53204,R@100,0.0
q53205,nDCG@10,0.0
q53205,R@100,1.0
q53206,nDCG@10,0.0
q53206,R@100,0.0
q53207,nDCG@10,0.0
q53207,R@100,1.0
q53208,nDCG@10,0.0
q53208,R@100,0.0
q53209,nDCG@10,1.0
q53209,R@100,1.0
q53210,nDCG@10,0.0
q53210,R@100,1.0
q53211,nDCG@10,1.0
q53211,R@100,1.0
q53212,nDCG@10,0.31546487678572877
q53212,R@100,1.0
q53213,nDCG@10,0.0
q53213,R@100,1.0
q53214,nDCG@10,0.0
q53214,R@100,0.0
q53215,nDCG@10,0.0
q53215,R@100,0.0
q53216,nDCG@10,0.0
q53216,R@100,1.0
q53217,nDCG@10,0.0
q53217,R@100,0.0
q53218,nDCG@10,1.0
q53218,R@100,1.0
q53219,nDCG@10,0.0
q53219,R@100,0.0
q53220,nDCG@10,1.0
q53220,R@100,1.0
q53221,nDCG@10,0.0
q53221,R@100,0.0
q53222,nDCG@10,0.0
q53222,R@100,0.0
q53223,nDCG@10,0.0
q53223,R@100,1.0
q53224,nDCG@10,0.0
q53224,R@100,0.0
q53225,nDCG@10,1.0
q53225,R@100,1.0
q53226,nDCG@10,1.0
q53226,R@100,1.0
q53227,nDCG@10,0.0
q53227,R@100,0.0
q53228,nDCG@10,1.0
q53228,R@100,1.0
q53229,nDCG@10,0.0
q53229,R@100,0.0
q53230,nDCG@10,0.6309297535714575
q53230,R@100,1.0
q53231,nDCG@10,0.0
q53231,R@100,0.0
q53232,nDCG@10,0.6309297535714575
q53232,R@100,1.0
q53233,nDCG@10,0.43067655807339306
q53233,R@100,1.0
q53234,nDCG@10,0.0
q53234,R@100,1.0
q53235,nDCG@10,1.0
q53235,R@100,1.0
q53236,nDCG@10,0.0
q53236,R@100,0.0
q53237,nDCG@10,0.6309297535714575
q53237,R@100,1.0
q53238,nDCG@10,1.0
q53238,R@100,1.0
q53239,nDCG@10,1.0
q53239,R@100,1.0
q53240,nDCG@10,0.3333333333333333
q53240,R@100,1.0
q53241,nDCG@10,0.0
q53241,R@100,1.0
q53242,nDCG@10,1.0
q53242,R@100,1.0
q53243,nDCG@10,1.0
q53243,R@100,1.0
q53244,nDCG@10,0.0
q53244,R@100,0.0
q53245,nDCG@10,0.0
q53245,R@100,0.0
q53246,nDCG@10,1.0
q53246,R@100,1.0
q53247,nDCG@10,0.0
q53247,R@100,0.0
q53248,nDCG@10,0.0
q53248,R@100,0.0
q53249,nDCG@10,0.0
q53249,R@100,1.0
q53250,nDCG@10,1.0
q53250,R@100,1.0
q53251,nDCG@10,1.0
q53251,R@100,1.0
q53252,nDCG@10,1.0
q53252,R@100,1.0
q53253,nDCG@10,0.0
q53253,R@100,0.0
q53254,nDCG@10,0.0
q53254,R@100,0.0
q53255,nDCG@10,1.0
q53255,R@100,1.0
q53256,nDCG@10,1.0
q53256,R@100,1.0
q53257,nDCG@10,1.0
q53257,R@100,1.0
q53258,nDCG@10,1.0
q53258,R@100,1.0
q53259,nDCG@10,1.0
q53259,R@100,1.0
q53260,nDCG@10,1.0
q53260,R@100,1.0
q53261,nDCG@10,0.0
q53261,R@100,0.0
q53262,nDCG@10,0.2890648263178879
q53262,R@100,1.0
q53263,nDCG@10,0.0
q53263,R@100,1.0
q53264,nDCG@10,0.0
q53264,R@100,0.0
q53265,nDCG@10,1.0
q53265,R@100,1.0
q53266,nDCG@10,1.0
q53266,R@100,1.0
q53267,nDCG@10,0.0
q53267,R@100,1.0
q53268,nDCG@10,0.6309297535714575
q53268,R@100,1.0
q53269,nDCG@10,0.38685280723454163
q53269,R@100,1.0
q53270,nDCG@10,0.0
q53270,R@100,1.0
q53271,nDCG@10,1.0
q53271,R@100,1.0
q53272,nDCG@10,1.0
q53272,R@100,1.0
q53273,nDCG@10,1.0
q53273,R@100,1.0
q53274,nDCG@10,0.6309297535714575
q53274,R@100,1.0
q53275,nDCG@10,0.6309297535714575
q53275,R@100,1.0
q53276,nDCG@10,0.0
q53276,R@100,0.0
q53277,nDCG@10,0.0
q53277,R@100,1.0
q53278,nDCG@10,0.0
q53278,R@100,1.0
q53279,nDCG@10,0.0
q53279,R@100,0.0
q53280,nDCG@10,0.3562071871080222
q53280,R@100,1.0
q53281,nDCG@10,0.0
q53281,R@100,1.0
q53282,nDCG@10,1.0
q53282,R@100,1.0
q53283,nDCG@10,0.0
q53283,R@100,0.0
q53284,nDCG@10,1.0
q53284,R@100,1.0
q53285,nDCG@10,0.0
q53285,R@100,0.0
q53286,nDCG@10,1.0
q53286,R@100,1.0
q53287,nDCG@10,0.0
q53287,R@100,0.0
q53288,nDCG@10,1.0
q53288,R@100,1.0
q53289,nDCG@10,0.6309297535714575
q53289,R@100,1.0
q53290,nDCG@10,0.0
q53290,R@100,0.0
q53291,nDCG@10,0.0
q53291,R@100,0.0
q53292,nDCG@10,0.0
q53292,R@100,1.0
q53293,nDCG@10,0.0
q53293,R@100,0.0
q53294,nDCG@10,0.5
q53294,R@100,1.0
q53295,nDCG@10,0.6309297535714575
q53295,R@100,1.0
q53296,nDCG@10,0.0
q53296,R@100,0.0
q53297,nDCG@10,1.0
q53297,R@100,1.0
q53298,nDCG@10,1.0
q53298,R@100,1.0
q53299,nDCG@10,0.6309297535714575
q53299,R@100,1.0
q53300,nDCG@10,1.0
q53300,R@100,1.0
q53301,nDCG@10,1.0
q53301,R@100,1.0
q53302,nDCG@10,1.0
q53302,R@100,1.0
q53303,nDCG@10,0.0
q53303,R@100,0.0
q53304,nDCG@10,0.3010299956639812
q53304,R@100,1.0
q53305,nDCG@10,1.0
q53305,R@100,1.0
q53306,nDCG@10,0.0
q53306,R@100,0.0
q53307,nDCG@10,0.0
q53307,R@100,0.0
q53308,nDCG@10,0.0
q53308,R@100,0.0
q53309,nDCG@10,0.0
q53309,R@100,0.0
q53310,nDCG@10,0.0
q53310,R@100,0.0
q53311,nDCG@10,0.0
q53311,R@100,0.0
q53312,nDCG@10,0.0
q53312,R@100,1.0
q53313,nDCG@10,0.0
q53313,R@100,0.0
q53314,nDCG@10,1.0
q53314,R@100,1.0
q53315,nDCG@10,0.6309297535714575
q53315,R@100,1.0
q53316,nDCG@10,1.0
q53316,R@100,1.0
q53317,nDCG@10,0.0
q53317,R@100,1.0
q53318,nDCG@10,0.0
q53318,R@100,0.0
q53319,nDCG@10,0.0
q53319,R@100,0.0
q53320,nDCG@10,0.0
q53320,R@100,0.0
q53321,nDCG@10,1.0
q53321,R@100,1.0
q53322,nDCG@10,0.0
q53322,R@100,0.0
q53323,nDCG@10,0.0
q53323,R@100,1.0
q53324,nDCG@10,0.6309297535714575
q53324,R@100,1.0
q53325,nDCG@10,1.0
q53325,R@100,1.0
q53326,nDCG@10,1.0
q53326,R@100,1.0
q53327,nDCG@10,0.5
q53327,R@100,1.0
q53328,nDCG@10,0.0
q53328,R@100,0.0
q53329,nDCG@10,1.0
q53329,R@100,1.0
q53330,nDCG@10,1.0
q53330,R@100,1.0
q53331,nDCG@10,0.43067655807339306
q53331,R@100,1.0
q53332,nDCG@10,0.0
q53332,R@100,0.0
q53333,nDCG@10,0.6309297535714575
q53333,R@100,1.0
q53334,nDCG@10,1.0
q53334,R@100,1.0
q53335,nDCG@10,0.0
q53335,R@100,0.0
q53336,nDCG@10,1.0
q53336,R@100,1.0
q53337,nDCG@10,0.0
q53337,R@100,0.0
q53338,nDCG@10,0.0
q53338,R@100,1.0
q53339,nDCG@10,1.0
q53339,R@100,1.0
q53340,nDCG@10,0.0
q53340,R@100,1.0
q53341,nDCG@10,0.43067655807339306
q53341,R@100,1.0
q53342,nDCG@10,0.5
q53342,R@100,1.0
q53343,nDCG@10,1.0
q53343,R@100,1.0
q53344,nDCG@10,1.0
q53344,R@100,1.0
q53345,nDCG@10,1.0
q53345,R@100,1.0
q53346,nDCG@10,0.2890648263178879
q53346,R@100,1.0
q53347,nDCG@10,0.0
q53347,R@100,0.0
q53348,nDCG@10,1.0
q53348,R@100,1.0
q53349,nDCG@10,1.0
q53349,R@100,1.0
q53350,nDCG@10,1.0
q53350,R@100,1.0
q53351,nDCG@10,0.5
q53351,R@100,1.0
q53352,nDCG@10,0.0
q53352,R@100,0.0
q53353,nDCG@10,0.0
q53353,R@100,0.0
q53354,nDCG@10,1.0
q53354,R@100,1.0
q53355,nDCG@10,0.0
q53355,R@100,0.0
q53356,nDCG@10,0.0
q53356,R@100,0.0
q53357,nDCG@10,0.0
q53357,R@100,0.0
q53358,nDCG@10,1.0
q53358,R@100,1.0
q53359,nDCG@10,0.0
q53359,R@100,0.0
q53360,nDCG@10,0.0
q53360,R@100,1.0
q53361,nDCG@10,1.0
q53361,R@100,1.0
q53362,nDCG@10,1.0
q53362,R@100,1.0
q53363,nDCG@10,0.6309297535714575
q53363,R@100,1.0
q53364,nDCG@10,0.0
q53364,R@100,0.0
q53365,nDCG@10,0.43067655807339306
q53365,R@100,1.0
q53366,nDCG@10,1.0
q53366,R@100,1.0
q53367,nDCG@10,0.43067655807339306
q53367,R@100,1.0
q53368,nDCG@10,0.0
q53368,R@100,0.0
q53369,nDCG@10,1.0
q53369,R@100,1.0
q53370,nDCG@10,0.6309297535714575
q53370,R@100,1.0
q53371,nDCG@10,1.0
q53371,R@100,1.0
q53372,nDCG@10,0.0
q53372,R@100,0.0
q53373,nDCG@10,1.0
q53373,R@100,1.0
q53374,nDCG@10,0.0
q53374,R@100,0.0
q53375,nDCG@10,1.0
q53375,R@100,1.0
q53376,nDCG@10,0.2890648263178879
q53376,R@100,1.0
q53377,nDCG@10,0.6309297535714575
q53377,R@100,1.0
q53378,nDCG@10,1.0
q53378,R@100,1.0
q53379,nDCG@10,0.0
q53379,R@100,1.0
q53380,nDCG@10,1.0
q53380,R@100,1.0
q53381,nDCG@10,0.0
q53381,R@100,0.0
q53382,nDCG@10,0.0
q53382,R@100,1.0
q53383,nDCG@10,0.0
q53383,R@100,0.0
q53384,nDCG@10,0.0
q53384,R@100,0.0
q53385,nDCG@10,1.0
q53385,R@100,1.0
q53386,nDCG@10,1.0
q53386,R@100,1.0
q53387,nDCG@10,0.0
q53387,R@100,0.0
q53388,nDCG@10,1.0
q53388,R@100,1.0
q53389,nDCG@10,0.0
q53389,R@100,0.0
q53390,nDCG@10,0.0
q53390,R@100,0.0
q53391,nDCG@10,0.0
q53391,R@100,1.0
q53392,nDCG@10,0.0
q53392,R@100,0.0
q53393,nDCG@10,0.5
q53393,R@100,1.0
q53394,nDCG@10,0.0
q53394,R@100,1.0
q53395,nDCG@10,1.0
q53395,R@100,1.0
q53396,nDCG@10,1.0
q53396,R@100,1.0
q53397,nDCG@10,0.0
q53397,R@100,1.0
q53398,nDCG@10,0.0
q53398,R@100,0.0
q53399,nDCG@10,0.6309297535714575
q53399,R@100,1.0
q53400,nDCG@10,0.6309297535714575
q53400,R@100,1.0
q53401,nDCG@10,0.3562071871080222
q53401,R@100,1.0
q53402,nDCG@10,0.0
q53402,R@100,0.0
q53403,nDCG@10,1.0
q53403,R@100,1.0
q53404,nDCG@10,0.0
q53404,R@100,0.0
q53405,nDCG@10,1.0
q53405,R@100,1.0
q53406,nDCG@10,1.0
q53406,R@100,1.0
q53407,nDCG@10,1.0
q53407,R@100,1.0
q53408,nDCG@10,0.0
q53408,R@100,0.0
q53409,nDCG@10,0.0
q53409,R@100,0.0
q53410,nDCG@10,0.0
q53410,R@100,0.0
q53411,nDCG@10,0.0
q53411,R@100,1.0
q53412,nDCG@10,0.0
q53412,R@100,0.0
q53413,nDCG@10,1.0
q53413,R@100,1.0
q53414,nDCG@10,0.0
q53414,R@100,0.0
q53415,nDCG@10,1.0
q53415,R@100,1.0
q53416,nDCG@10,0.0
q53416,R@100,0.0
q53417,nDCG@10,0.2890648263178879
q53417,R@100,1.0
q53418,nDCG@10,0.38685280723454163
q53418,R@100,1.0
q53419,nDCG@10,1.0
q53419,R@100,1.0
q53420,nDCG@10,0.6309297535714575
q53420,R@100,1.0
q53421,nDCG@10,0.31546487678572877
q53421,R@100,1.0
q53422,nDCG@10,0.6309297535714575
q53422,R@100,1.0
q53423,nDCG@10,1.0
q53423,R@100,1.0
q53424,nDCG@10,1.0
q53424,R@100,1.0
q53425,nDCG@10,1.0
q53425,R@100,1.0
q53426,nDCG@10,0.0
q53426,R@100,1.0
q53427,nDCG@10,0.0
q53427,R@100,1.0
q53428,nDCG@10,0.38685280723454163
q53428,R@100,1.0
q53429,nDCG@10,0.0
q53429,R@100,1.0
q53430,nDCG@10,0.0
q53430,R@100,1.0
q53431,nDCG@10,0.38685280723454163
q53431,R@100,1.0
q53432,nDCG@10,0.6309297535714575
q53432,R@100,1.0
q53433,nDCG@10,0.6309297535714575
q53433,R@100,1.0
q53434,nDCG@10,1.0
q53434,R@100,1.0
q53435,nDCG@10,0.0
q53435,R@100,0.0
q53436,nDCG@10,0.0
q53436,R@100,1.0
q53437,nDCG@10,0.0
q53437,R@100,0.0
q53438,nDCG@10,1.0
q53438,R@100,1.0
q53439,nDCG@10,1.0
q53439,R@100,1.0
q53440,nDCG@10,0.0
q53440,R@100,1.0
q53441,nDCG@10,1.0
q53441,R@100,1.0
q53442,nDCG@10,1.0
q53442,R@100,1.0
q53443,nDCG@10,0.0
q53443,R@100,0.0
q53444,nDCG@10,0.0
q53444,R@100,0.0
q53445,nDCG@10,0.6309297535714575
q53445,R@100,1.0
q53446,nDCG@10,1.0
q53446,R@100,1.0
q53447,nDCG@10,1.0
q53447,R@100,1.0
q53448,nDCG@10,0.0
q53448,R@100,1.0
q53449,nDCG@10,0.0
q53449,R@100,0.0
q53450,nDCG@10,1.0
q53450,R@100,1.0
q53451,nDCG@10,1.0
q53451,R@100,1.0
q53452,nDCG@10,0.6309297535714575
q53452,R@100,1.0
q53453,nDCG@10,0.6309297535714575
q53453,R@100,1.0
q53454,nDCG@10,1.0
q53454,R@100,1.0
q53455,nDCG@10,1.0
q53455,R@100,1.0
q53456,nDCG@10,0.6309297535714575
q53456,R@100,1.0
q53457,nDCG@10,1.0
q53457,R@100,1.0
q53458,nDCG@10,0.0
q53458,R@100,0.0
q53459,nDCG@10,1.0
q53459,R@100,1.0
q53460,nDCG@10,0.0
q53460,R@100,0.0
q53461,nDCG@10,1.0
q53461,R@100,1.0
q53462,nDCG@10,0.0
q53462,R@100,0.0
q53463,nDCG@10,1.0
q53463,R@100,1.0
q53464,nDCG@10,1.0
q53464,R@100,1.0
q53465,nDCG@10,0.5
q53465,R@100,1.0
q53466,nDCG@10,1.0
q53466,R@100,1.0
q53467,nDCG@10,0.0
q53467,R@100,0.0
q53468,nDCG@10,1.0
q53468,R@100,1.0
q53469,nDCG@10,1.0
q53469,R@100,1.0
q53470,nDCG@10,0.0
q53470,R@100,0.0
q53471,nDCG@10,0.6309297535714575
q53471,R@100,1.0
q53472,nDCG@10,1.0
q53472,R@100,1.0
q53473,nDCG@10,0.0
q53473,R@100,1.0
q53474,nDCG@10,0.43067655807339306
q53474,R@100,1.0
q53475,nDCG@10,0.0
q53475,R@100,1.0
q53476,nDCG@10,1.0
q53476,R@100,1.0
q53477,nDCG@10,0.3562071871080222
q53477,R@100,1.0
q53478,nDCG@10,0.0
q53478,R@100,1.0
q53479,nDCG@10,0.5
q53479,R@100,1.0
q53480,nDCG@10,0.6309297535714575
q53480,R@100,1.0
q53481,nDCG@10,1.0
q53481,R@100,1.0
q53482,nDCG@10,0.0
q53482,R@100,0.0
q53483,nDCG@10,0.0
q53483,R@100,0.0
q53484,nDCG@10,0.0
q53484,R@100,0.0
q53485,nDCG@10,0.0
q53485,R@100,0.0
q53486,nDCG@10,0.3562071871080222
q53486,R@100,1.0
q53487,nDCG@10,0.0
q53487,R@100,0.0
q53488,nDCG@10,1.0
q53488,R@100,1.0
q53489,nDCG@10,0.43067655807339306
q53489,R@100,1.0
q53490,nDCG@10,1.0
q53490,R@100,1.0
q53491,nDCG@10,0.0
q53491,R@100,0.0
q53492,nDCG@10,0.0
q53492,R@100,0.0
q53493,nDCG@10,1.0
q53493,R@100,1.0
q53494,nDCG@10,0.3010299956639812
q53494,R@100,1.0
q53495,nDCG@10,0.6309297535714575
q53495,R@100,1.0
q53496,nDCG@10,1.0
q53496,R@100,1.0
q53497,nDCG@10,1.0
q53497,R@100,1.0
q53498,nDCG@10,1.0
q53498,R@100,1.0
q53499,nDCG@10,1.0
q53499,R@100,1.0
q53500,nDCG@10,1.0
q53500,R@100,1.0
q53501,nDCG@10,1.0
q53501,R@100,1.0
q53502,nDCG@10,0.6309297535714575
q53502,R@100,1.0
q53503,nDCG@10,0.3333333333333333
q53503,R@100,1.0
q53504,nDCG@10,0.0
q53504,R@100,0.0
q53505,nDCG@10,0.0
q53505,R@100,0.0
q53506,nDCG@10,0.0
q53506,R@100,0.0
q53507,nDCG@10,1.0
q53507,R@100,1.0
q53508,nDCG@10,1.0
q53508,R@100,1.0
q53509,nDCG@10,1.0
q53509,R@100,1.0
q53510,nDCG@10,0.0
q53510,R@100,0.0
q53511,nDCG@10,1.0
q53511,R@100,1.0
q53512,nDCG@10,1.0
q53512,R@100,1.0
q53513,nDCG@10,0.0
q53513,R@100,1.0
q53514,nDCG@10,0.0
q53514,R@100,0.0
q53515,nDCG@10,0.0
q53515,R@100,1.0
q53516,nDCG@10,1.0
q53516,R@100,1.0
q53517,nDCG@10,0.0
q53517,R@100,0.0
q53518,nDCG@10,0.0
q53518,R@100,1.0
q53519,nDCG@10,0.0
q53519,R@100,0.0
q53520,nDCG@10,0.0
q53520,R@100,0.0
q53521,nDCG@10,0.0
q53521,R@100,0.0
q53522,nDCG@10,0.0
q53522,R@100,0.0
q53523,nDCG@10,0.3562071871080222
q53523,R@100,1.0
q53524,nDCG@10,1.0
q53524,R@100,1.0
q53525,nDCG@10,0.0
q53525,R@100,1.0
q53526,nDCG@10,1.0
q53526,R@100,1.0
q53527,nDCG@10,1.0
q53527,R@100,1.0
q53528,nDCG@10,0.0
q53528,R@100,0.0
q53529,nDCG@10,0.0
q53529,R@100,1.0
q53530,nDCG@10,0.6309297535714575
q53530,R@100,1.0
q53531,nDCG@10,0.6309297535714575
q53531,R@100,1.0
q53532,nDCG@10,0.0
q53532,R@100,0.0
q53533,nDCG@10,0.0
q53533,R@100,0.0
q53534,nDCG@10,0.6309297535714575
q53534,R@100,1.0
q53535,nDCG@10,1.0
q53535,R@100,1.0
q53536,nDCG@10,1.0
q53536,R@100,1.0
q53537,nDCG@10,0.0
q53537,R@100,0.0
q53538,nDCG@10,0.0
q53538,R@100,1.0
q53539,nDCG@10,0.0
q53539,R@100,0.0
q53540,nDCG@10,0.0
q53540,R@100,0.0
q53541,nDCG@10,1.0
q53541,R@100,1.0
q53542,nDCG@10,1.0
q53542,R@100,1.0
q53543,nDCG@10,1.0
q53543,R@100,1.0
q53544,nDCG@10,0.6309297535714575
q53544,R@100,1.0
q53545,nDCG@10,0.0
q53545,R@100,1.0
q53546,nDCG@10,0.0
q53546,R@100,1.0
q53547,nDCG@10,0.6309297535714575
q53547,R@100,1.0
q53548,nDCG@10,0.0
q53548,R@100,0.0
q53549,nDCG@10,0.0
q53549,R@100,0.0
q53550,nDCG@10,0.5
q53550,R@100,1.0
q53551,nDCG@10,0.6309297535714575
q53551,R@100,1.0
q53552,nDCG@10,0.43067655807339306
q53552,R@100,1.0
q53553,nDCG@10,0.0
q53553,R@100,1.0
q53554,nDCG@10,0.0
q53554,R@100,0.0
q53555,nDCG@10,0.31546487678572877
q53555,R@100,1.0
q53556,nDCG@10,0.0
q53556,R@100,0.0
q53557,nDCG@10,0.0
q53557,R@100,0.0
q53558,nDCG@10,0.0
q53558,R@100,0.0
q53559,nDCG@10,0.3333333333333333
q53559,R@100,1.0
q53560,nDCG@10,0.0
q53560,R@100,1.0
q53561,nDCG@10,0.6309297535714575
q53561,R@100,1.0
q53562,nDCG@10,1.0
q53562,R@100,1.0
q53563,nDCG@10,1.0
q53563,R@100,1.0
q53564,nDCG@10,0.0
q53564,R@100,1.0
q53565,nDCG@10,1.0
q53565,R@100,1.0
q53566,nDCG@10,1.0
q53566,R@100,1.0
q53567,nDCG@10,1.0
q53567,R@100,1.0
q53568,nDCG@10,1.0
q53568,R@100,1.0
q53569,nDCG@10,0.0
q53569,R@100,0.0
q53570,nDCG@10,0.0
q53570,R@100,0.0
q53571,nDCG@10,0.0
q53571,R@100,0.0
q53572,nDCG@10,0.0
q53572,R@100,0.0
q53573,nDCG@10,0.0
q53573,R@100,0.0
q53574,nDCG@10,0.0
q53574,R@100,0.0
q53575,nDCG@10,1.0
q53575,R@100,1.0
q53576,nDCG@10,0.6309297535714575
q53576,R@100,1.0
q53577,nDCG@10,0.0
q53577,R@100,0.0
q53578,nDCG@10,0.3562071871080222
q53578,R@100,1.0
q53579,nDCG@10,0.0
q53579,R@100,1.0
q53580,nDCG@10,1.0
q53580,R@100,1.0
q53581,nDCG@10,0.0
q53581,R@100,0.0
q53582,nDCG@10,1.0
q53582,R@100,1.0
q53583,nDCG@10,0.38685280723454163
q53583,R@100,1.0
q53584,nDCG@10,0.0
q53584,R@100,1.0
q53585,nDCG@10,0.0
q53585,R@100,1.0
q53586,nDCG@10,0.0
q53586,R@100,1.0
q53587,nDCG@10,1.0
q53587,R@100,1.0
q53588,nDCG@10,0.31546487678572877
q53588,R@100,1.0
q53589,nDCG@10,0.0
q53589,R@100,1.0
q53590,nDCG@10,0.5
q53590,R@100,1.0
q53591,nDCG@10,0.0
q53591,R@100,1.0
q53592,nDCG@10,1.0
q53592,R@100,1.0
q53593,nDCG@10,1.0
q53593,R@100,1.0
q53594,nDCG@10,0.0
q53594,R@100,0.0
q53595,nDCG@10,1.0
q53595,R@100,1.0
q53596,nDCG@10,0.0
q53596,R@100,0.0
q53597,nDCG@10,0.0
q53597,R@100,0.0
q53598,nDCG@10,1.0
q53598,R@100,1.0
q53599,nDCG@10,0.6309297535714575
q53599,R@100,1.0
q53600,nDCG@10,0.0
q53600,R@100,0.0
q53601,nDCG@10,1.0
q53601,R@100,1.0
q53602,nDCG@10,0.0
q53602,R@100,1.0
q53603,nDCG@10,0.3010299956639812
q53603,R@100,1.0
q53604,nDCG@10,0.0
q53604,R@100,1.0
q53605,nDCG@10,1.0
q53605,R@100,1.0
q53606,nDCG@10,0.0
q53606,R@100,0.0
q53607,nDCG@10,0.43067655807339306
q53607,R@100,1.0
q53608,nDCG@10,0.6309297535714575
q53608,R@100,1.0
q53609,nDCG@10,1.0
q53609,R@100,1.0
q53610,nDCG@10,0.0
q53610,R@100,1.0
q53611,nDCG@10,0.0
q53611,R@100,1.0
q53612,nDCG@10,1.0
q53612,R@100,1.0
q53613,nDCG@10,1.0
q53613,R@100,1.0
q53614,nDCG@10,0.0
q53614,R@100,1.0
q53615,nDCG@10,1.0
q53615,R@100,1.0
q53616,nDCG@10,1.0
q53616,R@100,1.0
q53617,nDCG@10,0.0
q53617,R@100,0.0
q53618,nDCG@10,0.3333333333333333
q53618,R@100,1.0
q53619,nDCG@10,0.31546487678572877
q53619,R@100,1.0
q53620,nDCG@10,0.0
q53620,R@100,1.0
q53621,nDCG@10,0.0
q53621,R@100,0.0
q53622,nDCG@10,0.0
q53622,R@100,0.0
q53623,nDCG@10,0.0
q53623,R@100,0.0
q53624,nDCG@10,1.0
q53624,R@100,1.0
q53625,nDCG@10,0.6309297535714575
q53625,R@100,1.0
q53626,nDCG@10,1.0
q53626,R@100,1.0
q53627,nDCG@10,0.0
q53627,R@100,0.0
q53628,nDCG@10,0.6309297535714575
q53628,R@100,1.0
q53629,nDCG@10,0.5
q53629,R@100,1.0
q53630,nDCG@10,0.0
q53630,R@100,1.0
q53631,nDCG@10,0.0
q53631,R@100,1.0
q53632,nDCG@10,0.0
q53632,R@100,1.0
q53633,nDCG@10,1.0
q53633,R@100,1.0
q53634,nDCG@10,0.0
q53634,R@100,0.0
q53635,nDCG@10,1.0
q53635,R@100,1.0
q53636,nDCG@10,0.0
q53636,R@100,0.0
q53637,nDCG@10,0.0
q53637,R@100,0.0
q53638,nDCG@10,0.6309297535714575
q53638,R@100,1.0
q53639,nDCG@10,0.0
q53639,R@100,1.0
q53640,nDCG@10,0.0
q53640,R@100,0.0
q53641,nDCG@10,0.0
q53641,R@100,0.0
q53642,nDCG@10,1.0
q53642,R@100,1.0
q53643,nDCG@10,0.0
q53643,R@100,1.0
q53644,nDCG@10,0.0
q53644,R@100,1.0
q53645,nDCG@10,0.0
q53645,R@100,0.0
q53646,nDCG@10,0.0
q53646,R@100,0.0
q53647,nDCG@10,0.0
q53647,R@100,0.0
q53648,nDCG@10,0.0
q53648,R@100,1.0
q53649,nDCG@10,1.0
q53649,R@100,1.0
q53650,nDCG@10,0.0
q53650,R@100,0.0
q53651,nDCG@10,0.5
q53651,R@100,1.0
q53652,nDCG@10,1.0
q53652,R@100,1.0
q53653,nDCG@10,1.0
q53653,R@100,1.0
q53654,nDCG@10,0.38685280723454163
q53654,R@100,1.0
q53655,nDCG@10,0.0
q53655,R@100,1.0
q53656,nDCG@10,0.0
q53656,R@100,0.0
q53657,nDCG@10,0.0
q53657,R@100,0.0
q53658,nDCG@10,0.0
q53658,R@100,0.0
q53659,nDCG@10,0.0
q53659,R@100,0.0
q53660,nDCG@10,1.0
q53660,R@100,1.0
q53661,nDCG@10,0.5
q53661,R@100,1.0
q53662,nDCG@10,0.0
q53662,R@100,0.0
q53663,nDCG@10,1.0
q53663,R@100,1.0
q53664,nDCG@10,0.0
q53664,R@100,0.0
q53665,nDCG@10,0.0
q53665,R@100,1.0
q53666,nDCG@10,1.0
q53666,R@100,1.0
q53667,nDCG@10,1.0
q53667,R@100,1.0
q53668,nDCG@10,0.0
q53668,R@100,0.0
q53669,nDCG@10,0.0
q53669,R@100,1.0
q53670,nDCG@10,0.0
q53670,R@100,1.0
q53671,nDCG@10,1.0
q53671,R@100,1.0
q53672,nDCG@10,0.6309297535714575
q53672,R@100,1.0
q53673,nDCG@10,0.0
q53673,R@100,0.0
q53674,nDCG@10,1.0
q53674,R@100,1.0
q53675,nDCG@10,0.0
q53675,R@100,1.0
q53676,nDCG@10,0.0
q53676,R@100,0.0
q53677,nDCG@10,0.6309297535714575
q53677,R@100,1.0
q53678,nDCG@10,0.0
q53678,R@100,0.0
q53679,nDCG@10,0.3562071871080222
q53679,R@100,1.0
q53680,nDCG@10,1.0
q53680,R@100,1.0
q53681,nDCG@10,0.0
q53681,R@100,0.0
q53682,nDCG@10,0.0
q53682,R@100,1.0
q53683,nDCG@10,0.6309297535714575
q53683,R@100,1.0
q53684,nDCG@10,1.0
q53684,R@100,1.0
q53685,nDCG@10,0.38685280723454163
q53685,R@100,1.0
q53686,nDCG@10,1.0
q53686,R@100,1.0
q53687,nDCG@10,0.0
q53687,R@100,0.0
q53688,nDCG@10,0.0
q53688,R@100,0.0
q53689,nDCG@10,0.0
q53689,R@100,0.0
q53690,nDCG@10,1.0
q53690,R@100,1.0
q53691,nDCG@10,0.5
q53691,R@100,1.0
q53692,nDCG@10,0.0
q53692,R@100,0.0
q53693,nDCG@10,0.6309297535714575
q53693,R@100,1.0
q53694,nDCG@10,1.0
q53694,R@100,1.0
q53695,nDCG@10,0.5
q53695,R@100,1.0
q53696,nDCG@10,0.0
q53696,R@100,0.0
q53697,nDCG@10,1.0
q53697,R@100,1.0
q53698,nDCG@10,1.0
q53698,R@100,1.0
q53699,nDCG@10,0.0
q53699,R@100,0.0
q53700,nDCG@10,0.0
q53700,R@100,0.0
q53701,nDCG@10,1.0
q53701,R@100,1.0
q53702,nDCG@10,0.6309297535714575
q53702,R@100,1.0
q53703,nDCG@10,0.0
q53703,R@100,1.0
q53704,nDCG@10,0.0
q53704,R@100,0.0
q53705,nDCG@10,1.0
q53705,R@100,1.0
q53706,nDCG@10,0.6309297535714575
q53706,R@100,1.0
q53707,nDCG@10,0.6309297535714575
q53707,R@100,1.0
q53708,nDCG@10,0.5
q53708,R@100,1.0
q53709,nDCG@10,0.0
q53709,R@100,0.0
q53710,nDCG@10,0.0
q53710,R@100,0.0
q53711,nDCG@10,0.0
q53711,R@100,1.0
q53712,nDCG@10,0.0
q53712,R@100,0.0
q53713,nDCG@10,0.0
q53713,R@100,0.0
q53714,nDCG@10,0.2890648263178879
q53714,R@100,1.0
q53715,nDCG@10,1.0
q53715,R@100,1.0
q53716,nDCG@10,0.0
q53716,R@100,0.0
q53717,nDCG@10,0.0
q53717,R@100,1.0
q53718,nDCG@10,1.0
q53718,R@100,1.0
q53719,nDCG@10,1.0
q53719,R@100,1.0
q53720,nDCG@10,0.5
q53720,R@100,1.0
q53721,nDCG@10,1.0
q53721,R@100,1.0
q53722,nDCG@10,0.0
q53722,R@100,1.0
q53723,nDCG@10,0.6309297535714575
q53723,R@100,1.0
q53724,nDCG@10,0.0
q53724,R@100,1.0
q53725,nDCG@10,0.0
q53725,R@100,0.0
q53726,nDCG@10,0.0
q53726,R@100,1.0
q53727,nDCG@10,1.0
q53727,R@100,1.0
q53728,nDCG@10,0.0
q53728,R@100,1.0
q53729,nDCG@10,1.0
q53729,R@100,1.0
q53730,nDCG@10,0.0
q53730,R@100,0.0
q53731,nDCG@10,0.0
q53731,R@100,0.0
q53732,nDCG@10,0.0
q53732,R@100,0.0
q53733,nDCG@10,0.0
q53733,R@100,0.0
q53734,nDCG@10,0.0
q53734,R@100,1.0
q53735,nDCG@10,1.0
q53735,R@100,1.0
q53736,nDCG@10,0.5
q53736,R@100,1.0
q53737,nDCG@10,0.0
q53737,R@100,0.0
q53738,nDCG@10,0.0
q53738,R@100,0.0
q53739,nDCG@10,1.0
q53739,R@100,1.0
q53740,nDCG@10,1.0
q53740,R@100,1.0
q53741,nDCG@10,0.0
q53741,R@100,0.0
q53742,nDCG@10,0.0
q53742,R@100,0.0
q53743,nDCG@10,0.0
q53743,R@100,0.0
q53744,nDCG@10,1.0
q53744,R@100,1.0
q53745,nDCG@10,0.0
q53745,R@100,1.0
q53746,nDCG@10,0.0
q53746,R@100,1.0
q53747,nDCG@10,1.0
q53747,R@100,1.0
q53748,nDCG@10,1.0
q53748,R@100,1.0
q53749,nDCG@10,0.0
q53749,R@100,0.0
q53750,nDCG@10,0.5
q53750,R@100,1.0
q53751,nDCG@10,0.0
q53751,R@100,1.0
q53752,nDCG@10,1.0
q53752,R@100,1.0
q53753,nDCG@10,1.0
q53753,R@100,1.0
q53754,nDCG@10,0.0
q53754,R@100,0.0
q53755,nDCG@10,0.0
q53755,R@100,0.0
q53756,nDCG@10,0.0
q53756,R@100,0.0
q53757,nDCG@10,0.0
q53757,R@100,1.0
q53758,nDCG@10,0.0
q53758,R@100,0.0
q53759,nDCG@10,1.0
q53759,R@100,1.0
q53760,nDCG@10,0.0
q53760,R@100,0.0
q53761,nDCG@10,1.0
q53761,R@100,1.0
q53762,nDCG@10,0.0
q53762,R@100,0.0
q53763,nDCG@10,0.6309297535714575
q53763,R@100,1.0
q53764,nDCG@10,0.38685280723454163
q53764,R@100,1.0
q53765,nDCG@10,0.0
q53765,R@100,0.0
q53766,nDCG@10,0.6309297535714575
q53766,R@100,1.0
q53767,nDCG@10,0.0
q53767,R@100,1.0
q53768,nDCG@10,0.38685280723454163
q53768,R@100,1.0
q53769,nDCG@10,1.0
q53769,R@100,1.0
q53770,nDCG@10,0.0
q53770,R@100,0.0
q53771,nDCG@10,1.0
q53771,R@100,1.0
q53772,nDCG@10,1.0
q53772,R@100,1.0
q53773,nDCG@10,0.5
q53773,R@100,1.0
q53774,nDCG@10,1.0
q53774,R@100,1.0
q53775,nDCG@10,0.0
q53775,R@100,0.0
q53776,nDCG@10,0.6309297535714575
q53776,R@100,1.0
q53777,nDCG@10,0.43067655807339306
q53777,R@100,1.0
q53778,nDCG@10,1.0
q53778,R@100,1.0
q53779,nDCG@10,1.0
q53779,R@100,1.0
q53780,nDCG@10,1.0
q53780,R@100,1.0
q53781,nDCG@10,0.0
q53781,R@100,0.0
q53782,nDCG@10,1.0
q53782,R@100,1.0
q53783,nDCG@10,0.0
q53783,R@100,0.0
q53784,nDCG@10,1.0
q53784,R@100,1.0
q53785,nDCG@10,1.0
q53785,R@100,1.0
q53786,nDCG@10,0.0
q53786,R@100,0.0
q53787,nDCG@10,0.6309297535714575
q53787,R@100,1.0
q53788,nDCG@10,1.0
q53788,R@100,1.0
q53789,nDCG@10,0.0
q53789,R@100,1.0
q53790,nDCG@10,1.0
q53790,R@100,1.0
q53791,nDCG@10,0.0
q53791,R@100,0.0
q53792,nDCG@10,0.0
q53792,R@100,0.0
q53793,nDCG@10,0.3562071871080222
q53793,R@100,1.0
q53794,nDCG@10,1.0
q53794,R@100,1.0
q53795,nDCG@10,0.0
q53795,R@100,1.0
q53796,nDCG@10,0.6309297535714575
q53796,R@100,1.0
q53797,nDCG@10,0.0
q53797,R@100,1.0
q53798,nDCG@10,0.0
q53798,R@100,1.0
q53799,nDCG@10,1.0
q53799,R@100,1.0
q53800,nDCG@10,0.0
q53800,R@100,0.0
q53801,nDCG@10,1.0
q53801,R@100,1.0
q53802,nDCG@10,0.0
q53802,R@100,0.0
q53803,nDCG@10,0.6309297535714575
q53803,R@100,1.0
q53804,nDCG@10,0.0
q53804,R@100,0.0
q53805,nDCG@10,0.0
q53805,R@100,0.0
q53806,nDCG@10,1.0
q53806,R@100,1.0
q53807,nDCG@10,1.0
q53807,R@100,1.0
q53808,nDCG@10,0.0
q53808,R@100,1.0
q53809,nDCG@10,0.0
q53809,R@100,1.0
q53810,nDCG@10,0.6309297535714575
q53810,R@100,1.0
q53811,nDCG@10,1.0
q53811,R@100,1.0
q53812,nDCG@10,1.0
q53812,R@100,1.0
q53813,nDCG@10,1.0
q53813,R@100,1.0
q53814,nDCG@10,0.6309297535714575
q53814,R@100,1.0
q53815,nDCG@10,0.38685280723454163
q53815,R@100,1.0
q53816,nDCG@10,0.6309297535714575
q53816,R@100,1.0
q53817,nDCG@10,0.0
q53817,R@100,0.0
q53818,nDCG@10,0.0
q53818,R@100,0.0
q53819,nDCG@10,0.6309297535714575
q53819,R@100,1.0
q53820,nDCG@10,0.2890648263178879
q53820,R@100,1.0
q53821,nDCG@10,0.0
q53821,R@100,0.0
q53822,nDCG@10,1.0
q53822,R@100,1.0
q53823,nDCG@10,0.5
q53823,R@100,1.0
q53824,nDCG@10,0.5
q53824,R@100,1.0
q53825,nDCG@10,0.0
q53825,R@100,1.0
q53826,nDCG@10,0.3333333333333333
q53826,R@100,1.0
q53827,nDCG@10,0.0
q53827,R@100,1.0
q53828,nDCG@10,0.0
q53828,R@100,1.0
q53829,nDCG@10,1.0
q53829,R@100,1.0
q53830,nDCG@10,0.3562071871080222
q53830,R@100,1.0
q53831,nDCG@10,0.0
q53831,R@100,0.0
q53832,nDCG@10,1.0
q53832,R@100,1.0
q53833,nDCG@10,1.0
q53833,R@100,1.0
q53834,nDCG@10,1.0
q53834,R@100,1.0
q53835,nDCG@10,1.0
q53835,R@100,1.0
q53836,nDCG@10,0.38685280723454163
q53836,R@100,1.0
q53837,nDCG@10,0.3333333333333333
q53837,R@100,1.0
q53838,nDCG@10,0.0
q53838,R@100,1.0
q53839,nDCG@10,1.0
q53839,R@100,1.0
q53840,nDCG@10,0.6309297535714575
q53840,R@100,1.0
q53841,nDCG@10,0.3562071871080222
q53841,R@100,1.0
q53842,nDCG@10,0.0
q53842,R@100,0.0
q53843,nDCG@10,0.38685280723454163
q53843,R@100,1.0
q53844,nDCG@10,0.0
q53844,R@100,1.0
q53845,nDCG@10,0.0
q53845,R@100,0.0
q53846,nDCG@10,0.3010299956639812
q53846,R@100,1.0
q53847,nDCG@10,0.5
q53847,R@100,1.0
q53848,nDCG@10,0.0
q53848,R@100,0.0
q53849,nDCG@10,0.0
q53849,R@100,0.0
q53850,nDCG@10,0.43067655807339306
q53850,R@100,1.0
q53851,nDCG@10,1.0
q53851,R@100,1.0
q53852,nDCG@10,0.0
q53852,R@100,0.0
q53853,nDCG@10,0.0
q53853,R@100,1.0
q53854,nDCG@10,0.0
q53854,R@100,1.0
q53855,nDCG@10,0.31546487678572877
q53855,R@100,1.0
q53856,nDCG@10,0.6309297535714575
q53856,R@100,1.0
q53857,nDCG@10,0.6309297535714575
q53857,R@100,1.0
q53858,nDCG@10,0.6309297535714575
q53858,R@100,1.0
q53859,nDCG@10,0.0
q53859,R@100,0.0
q53860,nDCG@10,1.0
q53860,R@100,1.0
q53861,nDCG@10,1.0
q53861,R@100,1.0
q53862,nDCG@10,1.0
q53862,R@100,1.0
q53863,nDCG@10,0.2890648263178879
q53863,R@100,1.0
q53864,nDCG@10,0.3010299956639812
q53864,R@100,1.0
q53865,nDCG@10,0.5
q53865,R@100,1.0
q53866,nDCG@10,0.0
q53866,R@100,0.0
q53867,nDCG@10,1.0
q53867,R@100,1.0
q53868,nDCG@10,1.0
q53868,R@100,1.0
q53869,nDCG@10,0.6309297535714575
q53869,R@100,1.0
q53870,nDCG@10,0.0
q53870,R@100,0.0
q53871,nDCG@10,0.0
q53871,R@100,1.0
q53872,nDCG@10,0.0
q53872,R@100,0.0
q53873,nDCG@10,0.3562071871080222
q53873,R@100,1.0
q53874,nDCG@10,0.0
q53874,R@100,0.0
q53875,nDCG@10,0.0
q53875,R@100,0.0
q53876,nDCG@10,0.0
q53876,R@100,0.0
q53877,nDCG@10,0.0
q53877,R@100,0.0
q53878,nDCG@10,0.0
q53878,R@100,0.0
q53879,nDCG@10,1.0
q53879,R@100,1.0
q53880,nDCG@10,0.0
q53880,R@100,1.0
q53881,nDCG@10,0.0
q53881,R@100,0.0
q53882,nDCG@10,0.0
q53882,R@100,0.0
q53883,nDCG@10,0.0
q53883,R@100,0.0
q53884,nDCG@10,1.0
q53884,R@100,1.0
q53885,nDCG@10,0.0
q53885,R@100,0.0
q53886,nDCG@10,1.0
q53886,R@100,1.0
q53887,nDCG@10,1.0
q53887,R@100,1.0
q53888,nDCG@10,0.2890648263178879
q53888,R@100,1.0
q53889,nDCG@10,1.0
q53889,R@100,1.0
q53890,nDCG@10,0.5
q53890,R@100,1.0
q53891,nDCG@10,1.0
q53891,R@100,1.0
q53892,nDCG@10,0.6309297535714575
q53892,R@100,1.0
q53893,nDCG@10,0.0
q53893,R@100,0.0
q53894,nDCG@10,0.0
q53894,R@100,1.0
q53895,nDCG@10,0.0
q53895,R@100,0.0
q53896,nDCG@10,0.0
q53896,R@100,1.0
q53897,nDCG@10,0.0
q53897,R@100,1.0
q53898,nDCG@10,0.3562071871080222
q53898,R@100,1.0
q53899,nDCG@10,0.0
q53899,R@100,1.0
q53900,nDCG@10,1.0
q53900,R@100,1.0
q53901,nDCG@10,0.0
q53901,R@100,0.0
q53902,nDCG@10,0.0
q53902,R@100,0.0
q53903,nDCG@10,0.0
q53903,R@100,1.0
q53904,nDCG@10,0.0
q53904,R@100,1.0
q53905,nDCG@10,1.0
q53905,R@100,1.0
q53906,nDCG@10,0.0
q53906,R@100,0.0
q53907,nDCG@10,1.0
q53907,R@100,1.0
q53908,nDCG@10,0.0
q53908,R@100,0.0
q53909,nDCG@10,0.0
q53909,R@100,1.0
q53910,nDCG@10,1.0
q53910,R@100,1.0
q53911,nDCG@10,0.0
q53911,R@100,0.0
q53912,nDCG@10,0.0
q53912,R@100,0.0
q53913,nDCG@10,1.0
q53913,R@100,1.0
q53914,nDCG@10,0.3010299956639812
q53914,R@100,1.0
q53915,nDCG@10,0.6309297535714575
q53915,R@100,1.0
q53916,nDCG@10,0.6309297535714575
q53916,R@100,1.0
q53917,nDCG@10,0.0
q53917,R@100,0.0
q53918,nDCG@10,0.6309297535714575
q53918,R@100,1.0
q53919,nDCG@10,0.0
q53919,R@100,0.0
q53920,nDCG@10,1.0
q53920,R@100,1.0
q53921,nDCG@10,1.0
q53921,R@100,1.0
q53922,nDCG@10,0.0
q53922,R@100,0.0
q53923,nDCG@10,1.0
q53923,R@100,1.0
q53924,nDCG@10,0.0
q53924,R@100,0.0
q53925,nDCG@10,0.0
q53925,R@100,1.0
q53926,nDCG@10,0.0
q53926,R@100,0.0
q53927,nDCG@10,1.0
q53927,R@100,1.0
q53928,nDCG@10,1.0
q53928,R@100,1.0
q53929,nDCG@10,1.0
q53929,R@100,1.0
q53930,nDCG@10,0.0
q53930,R@100,1.0
q53931,nDCG@10,0.0
q53931,R@100,0.0
q53932,nDCG@10,1.0
q53932,R@100,1.0
q53933,nDCG@10,0.0
q53933,R@100,0.0
q53934,nDCG@10,0.0
q53934,R@100,0.0
q53935,nDCG@10,1.0
q53935,R@100,1.0
q53936,nDCG@10,0.0
q53936,R@100,0.0
q53937,nDCG@10,0.5
q53937,R@100,1.0
q53938,nDCG@10,1.0
q53938,R@100,1.0
q53939,nDCG@10,1.0
q53939,R@100,1.0
q53940,nDCG@10,0.0
q53940,R@100,0.0
q53941,nDCG@10,0.2890648263178879
q53941,R@100,1.0
q53942,nDCG@10,0.0
q53942,R@100,0.0
q53943,nDCG@10,0.0
q53943,R@100,0.0
q53944,nDCG@10,1.0
q53944,R@100,1.0
q53945,nDCG@10,0.3010299956639812
q53945,R@100,1.0
q53946,nDCG@10,1.0
q53946,R@100,1.0
q53947,nDCG@10,0.0
q53947,R@100,1.0
q53948,nDCG@10,1.0
q53948,R@100,1.0
q53949,nDCG@10,1.0
q53949,R@100,1.0
q53950,nDCG@10,1.0
q53950,R@100,1.0
q53951,nDCG@10,0.0
q53951,R@100,0.0
q53952,nDCG@10,0.0
q53952,R@100,0.0
q53953,nDCG@10,0.0
q53953,R@100,1.0
q53954,nDCG@10,1.0
q53954,R@100,1.0
q53955,nDCG@10,0.0
q53955,R@100,0.0
q53956,nDCG@10,0.0
q53956,R@100,0.0
q53957,nDCG@10,1.0
q53957,R@100,1.0
q53958,nDCG@10,0.3333333333333333
q53958,R@100,1.0
q53959,nDCG@10,1.0
q53959,R@100,1.0
q53960,nDCG@10,0.6309297535714575
q53960,R@100,1.0
q53961,nDCG@10,0.3333333333333333
q53961,R@100,1.0
q53962,nDCG@10,1.0
q53962,R@100,1.0
q53963,nDCG@10,0.0
q53963,R@100,0.0
q53964,nDCG@10,0.0
q53964,R@100,1.0
q53965,nDCG@10,0.0
q53965,R@100,0.0
q53966,nDCG@10,0.0
q53966,R@100,0.0
q53967,nDCG@10,1.0
q53967,R@100,1.0
q53968,nDCG@10,0.0
q53968,R@100,0.0
q53969,nDCG@10,0.0
q53969,R@100,0.0
q53970,nDCG@10,0.0
q53970,R@100,0.0
q53971,nDCG@10,0.0
q53971,R@100,1.0
q53972,nDCG@10,0.0
q53972,R@100,0.0
q53973,nDCG@10,0.0
q53973,R@100,0.0
q53974,nDCG@10,0.0
q53974,R@100,0.0
q53975,nDCG@10,0.0
q53975,R@100,0.0
q53976,nDCG@10,0.6309297535714575
q53976,R@100,1.0
q53977,nDCG@10,1.0
q53977,R@100,1.0
q53978,nDCG@10,0.6309297535714575
q53978,R@100,1.0
q53979,nDCG@10,1.0
q53979,R@100,1.0
q53980,nDCG@10,1.0
q53980,R@100,1.0
q53981,nDCG@10,0.0
q53981,R@100,0.0
q53982,nDCG@10,0.0
q53982,R@100,0.0
q53983,nDCG@10,0.5
q53983,R@100,1.0
q53984,nDCG@10,1.0
q53984,R@100,1.0
q53985,nDCG@10,0.0
q53985,R@100,0.0
q53986,nDCG@10,0.0
q53986,R@100,1.0
q53987,nDCG@10,1.0
q53987,R@100,1.0
q53988,nDCG@10,1.0
q53988,R@100,1.0
q53989,nDCG@10,0.6309297535714575
q53989,R@100,1.0
q53990,nDCG@10,0.43067655807339306
q53990,R@100,1.0
q53991,nDCG@10,0.0
q53991,R@100,1.0
q53992,nDCG@10,0.6309297535714575
q53992,R@100,1.0
q53993,nDCG@10,0.3333333333333333
q53993,R@100,1.0
q53994,nDCG@10,0.0
q53994,R@100,0.0
q53995,nDCG@10,0.0
q53995,R@100,0.0
q53996,nDCG@10,0.0
q53996,R@100,1.0
q53997,nDCG@10,1.0
q53997,R@100,1.0
q53998,nDCG@10,0.0
q53998,R@100,1.0
q53999,nDCG@10,1.0
q53999,R@100,1.0
q54000,nDCG@10,1.0
q54000,R@100,1.0
q54001,nDCG@10,0.0
q54001,R@100,0.0
q54002,nDCG@10,0.0
q54002,R@100,0.0
q54003,nDCG@10,0.6309297535714575
q54003,R@100,1.0
q54004,nDCG@10,0.0
q54004,R@100,0.0
q54005,nDCG@10,1.0
q54005,R@100,1.0
q54006,nDCG@10,0.0
q54006,R@100,0.0
q54007,nDCG@10,0.0
q54007,R@100,0.0
q54008,nDCG@10,0.43067655807339306
q54008,R@100,1.0
q54009,nDCG@10,0.0
q54009,R@100,1.0
q54010,nDCG@10,1.0
q54010,R@100,1.0
q54011,nDCG@10,0.0
q54011,R@100,0.0
q54012,nDCG@10,0.0
q54012,R@100,0.0
q54013,nDCG@10,0.0
q54013,R@100,1.0
q54014,nDCG@10,1.0
q54014,R@100,1.0
q54015,nDCG@10,1.0
q54015,R@100,1.0
q54016,nDCG@10,0.0
q54016,R@100,1.0
q54017,nDCG@10,0.5
q54017,R@100,1.0
q54018,nDCG@10,0.0
q54018,R@100,0.0
q54019,nDCG@10,0.0
q54019,R@100,1.0
q54020,nDCG@10,0.6309297535714575
q54020,R@100,1.0
q54021,nDCG@10,1.0
q54021,R@100,1.0
q54022,nDCG@10,0.3562071871080222
q54022,R@100,1.0
q54023,nDCG@10,1.0
q54023,R@100,1.0
q54024,nDCG@10,0.0
q54024,R@100,0.0
q54025,nDCG@10,0.3010299956639812
q54025,R@100,1.0
q54026,nDCG@10,1.0
q54026,R@100,1.0
q54027,nDCG@10,1.0
q54027,R@100,1.0
q54028,nDCG@10,0.43067655807339306
q54028,R@100,1.0
q54029,nDCG@10,0.3562071871080222
q54029,R@100,1.0
q54030,nDCG@10,1.0
q54030,R@100,1.0
q54031,nDCG@10,1.0
q54031,R@100,1.0
q54032,nDCG@10,0.0
q54032,R@100,0.0
q54033,nDCG@10,0.0
q54033,R@100,0.0
q54034,nDCG@10,1.0
q54034,R@100,1.0
q54035,nDCG@10,0.6309297535714575
q54035,R@100,1.0
q54036,nDCG@10,0.6309297535714575
q54036,R@100,1.0
q54037,nDCG@10,0.0
q54037,R@100,1.0
q54038,nDCG@10,0.0
q54038,R@100,0.0
q54039,nDCG@10,0.0
q54039,R@100,0.0
q54040,nDCG@10,0.0
q54040,R@100,1.0
q54041,nDCG@10,1.0
q54041,R@100,1.0
q54042,nDCG@10,0.0
q54042,R@100,1.0
q54043,nDCG@10,0.0
q54043,R@100,1.0
q54044,nDCG@10,0.38685280723454163
q54044,R@100,1.0
q54045,nDCG@10,0.0
q54045,R@100,0.0
q54046,nDCG@10,0.43067655807339306
q54046,R@100,1.0
q54047,nDCG@10,0.43067655807339306
q54047,R@100,1.0
q54048,nDCG@10,0.0
q54048,R@100,0.0
q54049,nDCG@10,0.0
q54049,R@100,1.0
q54050,nDCG@10,0.0
q54050,R@100,1.0
q54051,nDCG@10,0.0
q54051,R@100,1.0
q54052,nDCG@10,0.0
q54052,R@100,1.0
q54053,nDCG@10,1.0
q54053,R@100,1.0
q54054,nDCG@10,0.0
q54054,R@100,0.0
q54055,nDCG@10,0.0
q54055,R@100,0.0
q54056,nDCG@10,0.0
q54056,R@100,1.0
q54057,nDCG@10,0.0
q54057,R@100,0.0
q54058,nDCG@10,1.0
q54058,R@100,1.0
q54059,nDCG@10,1.0
q54059,R@100,1.0
q54060,nDCG@10,1.0
q54060,R@100,1.0
q54061,nDCG@10,1.0
q54061,R@100,1.0
q54062,nDCG@10,1.0
q54062,R@100,1.0
q54063,nDCG@10,0.0
q54063,R@100,0.0
q54064,nDCG@10,0.43067655807339306
q54064,R@100,1.0
q54065,nDCG@10,0.0
q54065,R@100,0.0
q54066,nDCG@10,0.6309297535714575
q54066,R@100,1.0
q54067,nDCG@10,0.2890648263178879
q54067,R@100,1.0
q54068,nDCG@10,0.0
q54068,R@100,1.0
q54069,nDCG@10,0.0
q54069,R@100,0.0
q54070,nDCG@10,1.0
q54070,R@100,1.0
q54071,nDCG@10,0.0
q54071,R@100,1.0
q54072,nDCG@10,1.0
q54072,R@100,1.0
q54073,nDCG@10,1.0
q54073,R@100,1.0
q54074,nDCG@10,1.0
q54074,R@100,1.0
q54075,nDCG@10,0.0
q54075,R@100,0.0
q54076,nDCG@10,0.6309297535714575
q54076,R@100,1.0
q54077,nDCG@10,1.0
q54077,R@100,1.0
q54078,nDCG@10,0.0
q54078,R@100,1.0
q54079,nDCG@10,0.0
q54079,R@100,1.0
q54080,nDCG@10,0.0
q54080,R@100,0.0
q54081,nDCG@10,1.0
q54081,R@100,1.0
q54082,nDCG@10,1.0
q54082,R@100,1.0
q54083,nDCG@10,0.0
q54083,R@100,0.0
q54084,nDCG@10,0.0
q54084,R@100,0.0
q54085,nDCG@10,0.0
q54085,R@100,0.0
q54086,nDCG@10,0.0
q54086,R@100,1.0
q54087,nDCG@10,0.0
q54087,R@100,0.0
q54088,nDCG@10,0.6309297535714575
q54088,R@100,1.0
q54089,nDCG@10,0.2890648263178879
q54089,R@100,1.0
q54090,nDCG@10,1.0
q54090,R@100,1.0
q54091,nDCG@10,0.0
q54091,R@100,1.0
q54092,nDCG@10,1.0
q54092,R@100,1.0
q54093,nDCG@10,1.0
q54093,R@100,1.0
q54094,nDCG@10,0.0
q54094,R@100,0.0
q54095,nDCG@10,0.0
q54095,R@100,1.0
q54096,nDCG@10,1.0
q54096,R@100,1.0
q54097,nDCG@10,0.5
q54097,R@100,1.0
q54098,nDCG@10,0.0
q54098,R@100,0.0
q54099,nDCG@10,0.0
q54099,R@100,0.0
q54100,nDCG@10,0.0
q54100,R@100,0.0
q54101,nDCG@10,1.0
q54101,R@100,1.0
q54102,nDCG@10,0.0
q54102,R@100,0.0
q54103,nDCG@10,0.0
q54103,R@100,1.0
q54104,nDCG@10,0.0
q54104,R@100,1.0
q54105,nDCG@10,1.0
q54105,R@100,1.0
q54106,nDCG@10,1.0
q54106,R@100,1.0
q54107,nDCG@10,1.0
q54107,R@100,1.0
q54108,nDCG@10,0.5
q54108,R@100,1.0
q54109,nDCG@10,1.0
q54109,R@100,1.0
q54110,nDCG@10,0.3333333333333333
q54110,R@100,1.0
q54111,nDCG@10,0.0
q54111,R@100,0.0
q54112,nDCG@10,1.0
q54112,R@100,1.0
q54113,nDCG@10,0.0
q54113,R@100,1.0
q54114,nDCG@10,1.0
q54114,R@100,1.0
q54115,nDCG@10,1.0
q54115,R@100,1.0
q54116,nDCG@10,0.0
q54116,R@100,0.0
q54117,nDCG@10,1.0
q54117,R@100,1.0
q54118,nDCG@10,0.3333333333333333
q54118,R@100,1.0
q54119,nDCG@10,0.0
q54119,R@100,0.0
q54120,nDCG@10,0.0
q54120,R@100,1.0
q54121,nDCG@10,0.0
q54121,R@100,1.0
q54122,nDCG@10,0.0
q54122,R@100,0.0
q54123,nDCG@10,0.0
q54123,R@100,0.0
q54124,nDCG@10,1.0
q54124,R@100,1.0
q54125,nDCG@10,1.0
q54125,R@100,1.0
q54126,nDCG@10,0.0
q54126,R@100,0.0
q54127,nDCG@10,0.5
q54127,R@100,1.0
q54128,nDCG@10,0.0
q54128,R@100,1.0
q54129,nDCG@10,1.0
q54129,R@100,1.0
q54130,nDCG@10,0.0
q54130,R@100,1.0
q54131,nDCG@10,0.0
q54131,R@100,1.0
q54132,nDCG@10,1.0
q54132,R@100,1.0
q54133,nDCG@10,0.0
q54133,R@100,0.0
q54134,nDCG@10,0.43067655807339306
q54134,R@100,1.0
q54135,nDCG@10,1.0
q54135,R@100,1.0
q54136,nDCG@10,0.0
q54136,R@100,0.0
q54137,nDCG@10,1.0
q54137,R@100,1.0
q54138,nDCG@10,0.0
q54138,R@100,0.0
q54139,nDCG@10,0.0
q54139,R@100,0.0
q54140,nDCG@10,1.0
q54140,R@100,1.0
q54141,nDCG@10,1.0
q54141,R@100,1.0
q54142,nDCG@10,0.31546487678572877
q54142,R@100,1.0
q54143,nDCG@10,0.0
q54143,R@100,1.0
q54144,nDCG@10,0.0
q54144,R@100,1.0
q54145,nDCG@10,1.0
q54145,R@100,1.0
q54146,nDCG@10,0.6309297535714575
q54146,R@100,1.0
q54147,nDCG@10,0.0
q54147,R@100,0.0
q54148,nDCG@10,0.0
q54148,R@100,0.0
q54149,nDCG@10,0.0
q54149,R@100,0.0
q54150,nDCG@10,1.0
q54150,R@100,1.0
q54151,nDCG@10,0.6309297535714575
q54151,R@100,1.0
q54152,nDCG@10,1.0
q54152,R@100,1.0
q54153,nDCG@10,0.0
q54153,R@100,0.0
q54154,nDCG@10,0.6309297535714575
q54154,R@100,1.0
q54155,nDCG@10,1.0
q54155,R@100,1.0
q54156,nDCG@10,0.0
q54156,R@100,0.0
q54157,nDCG@10,1.0
q54157,R@100,1.0
q54158,nDCG@10,0.3562071871080222
q54158,R@100,1.0
q54159,nDCG@10,0.0
q54159,R@100,0.0
q54160,nDCG@10,0.0
q54160,R@100,1.0
q54161,nDCG@10,0.0
q54161,R@100,0.0
q54162,nDCG@10,0.6309297535714575
q54162,R@100,1.0
q54163,nDCG@10,0.0
q54163,R@100,0.0
q54164,nDCG@10,1.0
q54164,R@100,1.0
q54165,nDCG@10,0.0
q54165,R@100,0.0
q54166,nDCG@10,0.0
q54166,R@100,1.0
q54167,nDCG@10,1.0
q54167,R@100,1.0
q54168,nDCG@10,0.5
q54168,R@100,1.0
q54169,nDCG@10,1.0
q54169,R@100,1.0
q54170,nDCG@10,1.0
q54170,R@100,1.0
q54171,nDCG@10,0.0
q54171,R@100,0.0
q54172,nDCG@10,0.6309297535714575
q54172,R@100,1.0
q54173,nDCG@10,1.0
q54173,R@100,1.0
q54174,nDCG@10,0.0
q54174,R@100,1.0
q54175,nDCG@10,0.0
q54175,R@100,0.0
q54176,nDCG@10,0.0
q54176,R@100,1.0
q54177,nDCG@10,1.0
q54177,R@100,1.0
q54178,nDCG@10,0.0
q54178,R@100,0.0
q54179,nDCG@10,0.0
q54179,R@100,0.0
q54180,nDCG@10,0.0
q54180,R@100,0.0
q54181,nDCG@10,0.0
q54181,R@100,1.0
q54182,nDCG@10,0.0
q54182,R@100,1.0
q54183,nDCG@10,0.0
q54183,R@100,0.0
q54184,nDCG@10,1.0
q54184,R@100,1.0
q54185,nDCG@10,1.0
q54185,R@100,1.0
q54186,nDCG@10,1.0
q54186,R@100,1.0
q54187,nDCG@10,0.0
q54187,R@100,0.0
q54188,nDCG@10,0.0
q54188,R@100,1.0
q54189,nDCG@10,1.0
q54189,R@100,1.0
q54190,nDCG@10,0.0
q54190,R@100,1.0
q54191,nDCG@10,0.6309297535714575
q54191,R@100,1.0
q54192,nDCG@10,0.0
q54192,R@100,1.0
q54193,nDCG@10,0.0
q54193,R@100,0.0
q54194,nDCG@10,0.0
q54194,R@100,1.0
q54195,nDCG@10,1.0
q54195,R@100,1.0
q54196,nDCG@10,1.0
q54196,R@100,1.0
q54197,nDCG@10,0.0
q54197,R@100,1.0
q54198,nDCG@10,0.43067655807339306
q54198,R@100,1.0
q54199,nDCG@10,0.0
q54199,R@100,0.0
q54200,nDCG@10,0.5
q54200,R@100,1.0
q54201,nDCG@10,0.38685280723454163
q54201,R@100,1.0
q54202,nDCG@10,0.0
q54202,R@100,1.0
q54203,nDCG@10,1.0
q54203,R@100,1.0
q54204,nDCG@10,0.3562071871080222
q54204,R@100,1.0
q54205,nDCG@10,0.0
q54205,R@100,0.0
q54206,nDCG@10,1.0
q54206,R@100,1.0
q54207,nDCG@10,0.0
q54207,R@100,0.0
q54208,nDCG@10,0.0
q54208,R@100,1.0
q54209,nDCG@10,0.0
q54209,R@100,1.0
q54210,nDCG@10,0.3562071871080222
q54210,R@100,1.0
q54211,nDCG@10,1.0
q54211,R@100,1.0
q54212,nDCG@10,1.0
q54212,R@100,1.0
q54213,nDCG@10,0.0
q54213,R@100,1.0
q54214,nDCG@10,0.0
q54214,R@100,1.0
q54215,nDCG@10,0.3562071871080222
q54215,R@100,1.0
q54216,nDCG@10,0.6309297535714575
q54216,R@100,1.0
q54217,nDCG@10,0.0
q54217,R@100,0.0
q54218,nDCG@10,0.3333333333333333
q54218,R@100,1.0
q54219,nDCG@10,1.0
q54219,R@100,1.0
q54220,nDCG@10,1.0
q54220,R@100,1.0
q54221,nDCG@10,0.0
q54221,R@100,0.0
q54222,nDCG@10,0.0
q54222,R@100,0.0
q54223,nDCG@10,0.43067655807339306
q54223,R@100,1.0
q54224,nDCG@10,0.0
q54224,R@100,0.0
q54225,nDCG@10,0.0
q54225,R@100,0.0
q54226,nDCG@10,0.0
q54226,R@100,0.0
q54227,nDCG@10,1.0
q54227,R@100,1.0
q54228,nDCG@10,0.0
q54228,R@100,1.0
q54229,nDCG@10,1.0
q54229,R@100,1.0
q54230,nDCG@10,0.0
q54230,R@100,1.0
q54231,nDCG@10,0.0
q54231,R@100,0.0
q54232,nDCG@10,0.0
q54232,R@100,1.0
q54233,nDCG@10,0.0
q54233,R@100,0.0
q54234,nDCG@10,1.0
q54234,R@100,1.0
q54235,nDCG@10,1.0
q54235,R@100,1.0
q54236,nDCG@10,0.0
q54236,R@100,1.0
q54237,nDCG@10,1.0
q54237,R@100,1.0
q54238,nDCG@10,1.0
q54238,R@100,1.0
q54239,nDCG@10,1.0
q54239,R@100,1.0
q54240,nDCG@10,1.0
q54240,R@100,1.0
q54241,nDCG@10,1.0
q54241,R@100,1.0
q54242,nDCG@10,0.0
q54242,R@100,0.0
q54243,nDCG@10,0.0
q54243,R@100,0.0
q54244,nDCG@10,0.0
q54244,R@100,0.0
q54245,nDCG@10,0.43067655807339306
q54245,R@100,1.0
q54246,nDCG@10,0.38685280723454163
q54246,R@100,1.0
q54247,nDCG@10,0.0
q54247,R@100,0.0
q54248,nDCG@10,0.0
q54248,R@100,1.0
q54249,nDCG@10,0.0
q54249,R@100,0.0
q54250,nDCG@10,0.2890648263178879
q54250,R@100,1.0
q54251,nDCG@10,1.0
q54251,R@100,1.0
q54252,nDCG@10,1.0
q54252,R@100,1.0
q54253,nDCG@10,0.0
q54253,R@100,1.0
q54254,nDCG@10,0.0
q54254,R@100,0.0
q54255,nDCG@10,1.0
q54255,R@100,1.0
q54256,nDCG@10,1.0
q54256,R@100,1.0
q54257,nDCG@10,0.0
q54257,R@100,0.0
q54258,nDCG@10,0.5
q54258,R@100,1.0
q54259,nDCG@10,0.0
q54259,R@100,0.0
q54260,nDCG@10,1.0
q54260,R@100,1.0
q54261,nDCG@10,0.0
q54261,R@100,1.0
q54262,nDCG@10,0.0
q54262,R@100,0.0
q54263,nDCG@10,0.3333333333333333
q54263,R@100,1.0
q54264,nDCG@10,1.0
q54264,R@100,1.0
q54265,nDCG@10,0.0
q54265,R@100,1.0
q54266,nDCG@10,1.0
q54266,R@100,1.0
q54267,nDCG@10,0.6309297535714575
q54267,R@100,1.0
q54268,nDCG@10,1.0
q54268,R@100,1.0
q54269,nDCG@10,1.0
q54269,R@100,1.0
q54270,nDCG@10,1.0
q54270,R@100,1.0
q54271,nDCG@10,0.0
q54271,R@100,0.0
q54272,nDCG@10,0.0
q54272,R@100,0.0
q54273,nDCG@10,1.0
q54273,R@100,1.0
q54274,nDCG@10,0.0
q54274,R@100,0.0
q54275,nDCG@10,1.0
q54275,R@100,1.0
q54276,nDCG@10,0.0
q54276,R@100,0.0
q54277,nDCG@10,1.0
q54277,R@100,1.0
q54278,nDCG@10,1.0
q54278,R@100,1.0
q54279,nDCG@10,0.43067655807339306
q54279,R@100,1.0
q54280,nDCG@10,0.0
q54280,R@100,0.0
q54281,nDCG@10,0.0
q54281,R@100,1.0
q54282,nDCG@10,0.0
q54282,R@100,0.0
q54283,nDCG@10,0.31546487678572877
q54283,R@100,1.0
q54284,nDCG@10,1.0
q54284,R@100,1.0
q54285,nDCG@10,1.0
q54285,R@100,1.0
q54286,nDCG@10,0.6309297535714575
q54286,R@100,1.0
q54287,nDCG@10,1.0
q54287,R@100,1.0
q54288,nDCG@10,0.0
q54288,R@100,1.0
q54289,nDCG@10,1.0
q54289,R@100,1.0
q54290,nDCG@10,1.0
q54290,R@100,1.0
q54291,nDCG@10,0.0
q54291,R@100,0.0
q54292,nDCG@10,0.38685280723454163
q54292,R@100,1.0
q54293,nDCG@10,0.0
q54293,R@100,0.0
q54294,nDCG@10,0.0
q54294,R@100,1.0
q54295,nDCG@10,0.0
q54295,R@100,0.0
q54296,nDCG@10,0.0
q54296,R@100,0.0
q54297,nDCG@10,0.0
q54297,R@100,1.0
q54298,nDCG@10,0.0
q54298,R@100,0.0
q54299,nDCG@10,0.0
q54299,R@100,0.0
q54300,nDCG@10,0.0
q54300,R@100,0.0
q54301,nDCG@10,0.6309297535714575
q54301,R@100,1.0
q54302,nDCG@10,0.0
q54302,R@100,0.0
q54303,nDCG@10,0.0
q54303,R@100,0.0
q54304,nDCG@10,1.0
q54304,R@100,1.0
q54305,nDCG@10,1.0
q54305,R@100,1.0
q54306,nDCG@10,1.0
q54306,R@100,1.0
q54307,nDCG@10,0.0
q54307,R@100,0.0
q54308,nDCG@10,0.0
q54308,R@100,1.0
q54309,nDCG@10,0.0
q54309,R@100,1.0
q54310,nDCG@10,1.0
q54310,R@100,1.0
q54311,nDCG@10,0.6309297535714575
q54311,R@100,1.0
q54312,nDCG@10,0.0
q54312,R@100,1.0
q54313,nDCG@10,0.3562071871080222
q54313,R@100,1.0
q54314,nDCG@10,0.0
q54314,R@100,1.0
q54315,nDCG@10,0.0
q54315,R@100,1.0
q54316,nDCG@10,0.5
q54316,R@100,1.0
q54317,nDCG@10,0.0
q54317,R@100,0.0
q54318,nDCG@10,0.0
q54318,R@100,0.0
q54319,nDCG@10,0.0
q54319,R@100,0.0
q54320,nDCG@10,1.0
q54320,R@100,1.0
q54321,nDCG@10,1.0
q54321,R@100,1.0
q54322,nDCG@10,0.0
q54322,R@100,0.0
q54323,nDCG@10,1.0
q54323,R@100,1.0
q54324,nDCG@10,1.0
q54324,R@100,1.0
q54325,nDCG@10,0.0
q54325,R@100,1.0
q54326,nDCG@10,1.0
q54326,R@100,1.0
q54327,nDCG@10,1.0
q54327,R@100,1.0
q54328,nDCG@10,1.0
q54328,R@100,1.0
q54329,nDCG@10,0.0
q54329,R@100,0.0
q54330,nDCG@10,1.0
q54330,R@100,1.0
q54331,nDCG@10,0.0
q54331,R@100,0.0
q54332,nDCG@10,0.5
q54332,R@100,1.0
q54333,nDCG@10,0.31546487678572877
q54333,R@100,1.0
q54334,nDCG@10,1.0
q54334,R@100,1.0
q54335,nDCG@10,0.0
q54335,R@100,1.0
q54336,nDCG@10,1.0
q54336,R@100,1.0
q54337,nDCG@10,1.0
q54337,R@100,1.0
q54338,nDCG@10,0.0
q54338,R@100,0.0
q54339,nDCG@10,0.0
q54339,R@100,0.0
q54340,nDCG@10,0.0
q54340,R@100,1.0
q54341,nDCG@10,0.0
q54341,R@100,0.0
q54342,nDCG@10,1.0
q54342,R@100,1.0
q54343,nDCG@10,1.0
q54343,R@100,1.0
q54344,nDCG@10,0.0
q54344,R@100,0.0
q54345,nDCG@10,0.0
q54345,R@100,1.0
q54346,nDCG@10,0.3562071871080222
q54346,R@100,1.0
q54347,nDCG@10,1.0
q54347,R@100,1.0
q54348,nDCG@10,0.0
q54348,R@100,0.0
q54349,nDCG@10,1.0
q54349,R@100,1.0
q54350,nDCG@10,0.0
q54350,R@100,1.0
q54351,nDCG@10,1.0
q54351,R@100,1.0
q54352,nDCG@10,0.0
q54352,R@100,0.0
q54353,nDCG@10,0.0
q54353,R@100,1.0
q54354,nDCG@10,0.0
q54354,R@100,0.0
q54355,nDCG@10,0.0
q54355,R@100,1.0
q54356,nDCG@10,1.0
q54356,R@100,1.0
q54357,nDCG@10,0.0
q54357,R@100,1.0
q54358,nDCG@10,1.0
q54358,R@100,1.0
q54359,nDCG@10,0.0
q54359,R@100,0.0
q54360,nDCG@10,1.0
q54360,R@100,1.0
q54361,nDCG@10,1.0
q54361,R@100,1.0
q54362,nDCG@10,0.6309297535714575
q54362,R@100,1.0
q54363,nDCG@10,0.6309297535714575
q54363,R@100,1.0
q54364,nDCG@10,0.0
q54364,R@100,1.0
q54365,nDCG@10,0.0
q54365,R@100,0.0
q54366,nDCG@10,1.0
q54366,R@100,1.0
q54367,nDCG@10,1.0
q54367,R@100,1.0
q54368,nDCG@10,0.0
q54368,R@100,0.0
q54369,nDCG@10,1.0
q54369,R@100,1.0
q54370,nDCG@10,1.0
q54370,R@100,1.0
q54371,nDCG@10,1.0
q54371,R@100,1.0
q54372,nDCG@10,0.0
q54372,R@100,0.0
q54373,nDCG@10,1.0
q54373,R@100,1.0
q54374,nDCG@10,0.0
q54374,R@100,0.0
q54375,nDCG@10,1.0
q54375,R@100,1.0
q54376,nDCG@10,1.0
q54376,R@100,1.0
q54377,nDCG@10,0.6309297535714575
q54377,R@100,1.0
q54378,nDCG@10,1.0
q54378,R@100,1.0
q54379,nDCG@10,0.0
q54379,R@100,1.0
q54380,nDCG@10,1.0
q54380,R@100,1.0
q54381,nDCG@10,0.3562071871080222
q54381,R@100,1.0
q54382,nDCG@10,1.0
q54382,R@100,1.0
q54383,nDCG@10,1.0
q54383,R@100,1.0
q54384,nDCG@10,0.0
q54384,R@100,1.0
q54385,nDCG@10,0.0
q54385,R@100,0.0
q54386,nDCG@10,0.0
q54386,R@100,0.0
q54387,nDCG@10,1.0
q54387,R@100,1.0
q54388,nDCG@10,1.0
q54388,R@100,1.0
q54389,nDCG@10,0.6309297535714575
q54389,R@100,1.0
q54390,nDCG@10,1.0
q54390,R@100,1.0
q54391,nDCG@10,0.0
q54391,R@100,1.0
q54392,nDCG@10,0.6309297535714575
q54392,R@100,1.0
q54393,nDCG@10,1.0
q54393,R@100,1.0
q54394,nDCG@10,0.0
q54394,R@100,0.0
q54395,nDCG@10,0.0
q54395,R@100,0.0
q54396,nDCG@10,0.43067655807339306
q54396,R@100,1.0
q54397,nDCG@10,1.0
q54397,R@100,1.0
q54398,nDCG@10,0.3333333333333333
q54398,R@100,1.0
q54399,nDCG@10,1.0
q54399,R@100,1.0
q54400,nDCG@10,0.0
q54400,R@100,0.0
q54401,nDCG@10,0.0
q54401,R@100,0.0
q54402,nDCG@10,1.0
q54402,R@100,1.0
q54403,nDCG@10,1.0
q54403,R@100,1.0
q54404,nDCG@10,1.0
q54404,R@100,1.0
q54405,nDCG@10,0.0
q54405,R@100,0.0
q54406,nDCG@10,0.3333333333333333
q54406,R@100,1.0
q54407,nDCG@10,0.0
q54407,R@100,0.0
q54408,nDCG@10,0.0
q54408,R@100,0.0
q54409,nDCG@10,0.0
q54409,R@100,1.0
q54410,nDCG@10,0.43067655807339306
q54410,R@100,1.0
q54411,nDCG@10,0.0
q54411,R@100,0.0
q54412,nDCG@10,0.0
q54412,R@100,0.0
q54413,nDCG@10,1.0
q54413,R@100,1.0
q54414,nDCG@10,0.6309297535714575
q54414,R@100,1.0
q54415,nDCG@10,0.6309297535714575
q54415,R@100,1.0
q54416,nDCG@10,0.0
q54416,R@100,0.0
q54417,nDCG@10,0.0
q54417,R@100,0.0
q54418,nDCG@10,1.0
q54418,R@100,1.0
q54419,nDCG@10,1.0
q54419,R@100,1.0
q54420,nDCG@10,0.38685280723454163
q54420,R@100,1.0
q54421,nDCG@10,1.0
q54421,R@100,1.0
q54422,nDCG@10,1.0
q54422,R@100,1.0
q54423,nDCG@10,0.0
q54423,R@100,0.0
q54424,nDCG@10,0.0
q54424,R@100,0.0
q54425,nDCG@10,0.0
q54425,R@100,1.0
q54426,nDCG@10,1.0
q54426,R@100,1.0
q54427,nDCG@10,1.0
q54427,R@100,1.0
q54428,nDCG@10,0.5
q54428,R@100,1.0
q54429,nDCG@10,1.0
q54429,R@100,1.0
q54430,nDCG@10,0.0
q54430,R@100,0.0
q54431,nDCG@10,1.0
q54431,R@100,1.0
q54432,nDCG@10,0.0
q54432,R@100,0.0
q54433,nDCG@10,0.0
q54433,R@100,0.0
q54434,nDCG@10,0.0
q54434,R@100,0.0
q54435,nDCG@10,1.0
q54435,R@100,1.0
q54436,nDCG@10,0.0
q54436,R@100,0.0
q54437,nDCG@10,0.0
q54437,R@100,0.0
q54438,nDCG@10,0.0
q54438,R@100,1.0
q54439,nDCG@10,0.0
q54439,R@100,0.0
q54440,nDCG@10,0.0
q54440,R@100,0.0
q54441,nDCG@10,1.0
q54441,R@100,1.0
q54442,nDCG@10,0.6309297535714575
q54442,R@100,1.0
q54443,nDCG@10,0.0
q54443,R@100,0.0
q54444,nDCG@10,0.0
q54444,R@100,0.0
q54445,nDCG@10,1.0
q54445,R@100,1.0
q54446,nDCG@10,0.5
q54446,R@100,1.0
q54447,nDCG@10,1.0
q54447,R@100,1.0
q54448,nDCG@10,0.0
q54448,R@100,1.0
q54449,nDCG@10,0.0
q54449,R@100,0.0
q54450,nDCG@10,0.31546487678572877
q54450,R@100,1.0
q54451,nDCG@10,0.0
q54451,R@100,1.0
q54452,nDCG@10,0.5
q54452,R@100,1.0
q54453,nDCG@10,0.0
q54453,R@100,0.0
q54454,nDCG@10,0.0
q54454,R@100,0.0
q54455,nDCG@10,0.43067655807339306
q54455,R@100,1.0
q54456,nDCG@10,0.0
q54456,R@100,0.0
q54457,nDCG@10,1.0
q54457,R@100,1.0
q54458,nDCG@10,0.0
q54458,R@100,0.0
q54459,nDCG@10,1.0
q54459,R@100,1.0
q54460,nDCG@10,1.0
q54460,R@100,1.0
q54461,nDCG@10,0.6309297535714575
q54461,R@100,1.0
q54462,nDCG@10,0.0
q54462,R@100,0.0
q54463,nDCG@10,1.0
q54463,R@100,1.0
q54464,nDCG@10,1.0
q54464,R@100,1.0
q54465,nDCG@10,1.0
q54465,R@100,1.0
q54466,nDCG@10,1.0
q54466,R@100,1.0
q54467,nDCG@10,1.0
q54467,R@100,1.0
q54468,nDCG@10,0.6309297535714575
q54468,R@100,1.0
q54469,nDCG@10,1.0
q54469,R@100,1.0
q54470,nDCG@10,0.31546487678572877
q54470,R@100,1.0
q54471,nDCG@10,1.0
q54471,R@100,1.0
q54472,nDCG@10,0.43067655807339306
q54472,R@100,1.0
q54473,nDCG@10,0.38685280723454163
q54473,R@100,1.0
q54474,nDCG@10,1.0
q54474,R@100,1.0
q54475,nDCG@10,1.0
q54475,R@100,1.0
q54476,nDCG@10,0.43067655807339306
q54476,R@100,1.0
q54477,nDCG@10,0.0
q54477,R@100,0.0
q54478,nDCG@10,1.0
q54478,R@100,1.0
q54479,nDCG@10,1.0
q54479,R@100,1.0
q54480,nDCG@10,1.0
q54480,R@100,1.0
q54481,nDCG@10,0.0
q54481,R@100,0.0
q54482,nDCG@10,0.38685280723454163
q54482,R@100,1.0
q54483,nDCG@10,0.0
q54483,R@100,0.0
q54484,nDCG@10,1.0
q54484,R@100,1.0
q54485,nDCG@10,0.0
q54485,R@100,0.0
q54486,nDCG@10,0.6309297535714575
q54486,R@100,1.0
q54487,nDCG@10,0.0
q54487,R@100,0.0
q54488,nDCG@10,0.0
q54488,R@100,1.0
q54489,nDCG@10,1.0
q54489,R@100,1.0
q54490,nDCG@10,0.0
q54490,R@100,1.0
q54491,nDCG@10,1.0
q54491,R@100,1.0
q54492,nDCG@10,0.0
q54492,R@100,0.0
q54493,nDCG@10,1.0
q54493,R@100,1.0
q54494,nDCG@10,1.0
q54494,R@100,1.0
q54495,nDCG@10,0.0
q54495,R@100,0.0
q54496,nDCG@10,0.0
q54496,R@100,0.0
q54497,nDCG@10,0.0
q54497,R@100,0.0
q54498,nDCG@10,0.0
q54498,R@100,1.0
q54499,nDCG@10,1.0
q54499,R@100,1.0
q54500,nDCG@10,0.0
q54500,R@100,1.0
q54501,nDCG@10,0.0
q54501,R@100,0.0
q54502,nDCG@10,1.0
q54502,R@100,1.0
q54503,nDCG@10,0.3562071871080222
q54503,R@100,1.0
q54504,nDCG@10,0.0
q54504,R@100,0.0
q54505,nDCG@10,1.0
q54505,R@100,1.0
q54506,nDCG@10,0.6309297535714575
q54506,R@100,1.0
q54507,nDCG@10,0.0
q54507,R@100,0.0
q54508,nDCG@10,0.0
q54508,R@100,0.0
q54509,nDCG@10,1.0
q54509,R@100,1.0
q54510,nDCG@10,0.0
q54510,R@100,1.0
q54511,nDCG@10,0.0
q54511,R@100,0.0
q54512,nDCG@10,1.0
q54512,R@100,1.0
q54513,nDCG@10,1.0
q54513,R@100,1.0
q54514,nDCG@10,0.5
q54514,R@100,1.0
q54515,nDCG@10,1.0
q54515,R@100,1.0
q54516,nDCG@10,0.0
q54516,R@100,1.0
q54517,nDCG@10,1.0
q54517,R@100,1.0
q54518,nDCG@10,0.0
q54518,R@100,1.0
q54519,nDCG@10,0.0
q54519,R@100,1.0
q54520,nDCG@10,1.0
q54520,R@100,1.0
q54521,nDCG@10,0.0
q54521,R@100,0.0
q54522,nDCG@10,0.6309297535714575
q54522,R@100,1.0
q54523,nDCG@10,0.0
q54523,R@100,0.0
q54524,nDCG@10,0.0
q54524,R@100,0.0
q54525,nDCG@10,0.0
q54525,R@100,0.0
q54526,nDCG@10,0.0
q54526,R@100,0.0
q54527,nDCG@10,0.0
q54527,R@100,0.0
q54528,nDCG@10,0.0
q54528,R@100,0.0
q54529,nDCG@10,0.0
q54529,R@100,1.0
q54530,nDCG@10,0.0
q54530,R@100,1.0
q54531,nDCG@10,0.0
q54531,R@100,1.0
q54532,nDCG@10,0.6309297535714575
q54532,R@100,1.0
q54533,nDCG@10,1.0
q54533,R@100,1.0
q54534,nDCG@10,1.0
q54534,R@100,1.0
q54535,nDCG@10,0.0
q54535,R@100,1.0
q54536,nDCG@10,0.0
q54536,R@100,1.0
q54537,nDCG@10,1.0
q54537,R@100,1.0
q54538,nDCG@10,1.0
q54538,R@100,1.0
q54539,nDCG@10,1.0
q54539,R@100,1.0
q54540,nDCG@10,0.43067655807339306
q54540,R@100,1.0
q54541,nDCG@10,0.0
q54541,R@100,1.0
q54542,nDCG@10,0.0
q54542,R@100,0.0
q54543,nDCG@10,0.0
q54543,R@100,0.0
q54544,nDCG@10,1.0
q54544,R@100,1.0
q54545,nDCG@10,0.0
q54545,R@100,1.0
q54546,nDCG@10,1.0
q54546,R@100,1.0
q54547,nDCG@10,1.0
q54547,R@100,1.0
q54548,nDCG@10,1.0
q54548,R@100,1.0
q54549,nDCG@10,1.0
q54549,R@100,1.0
q54550,nDCG@10,0.6309297535714575
q54550,R@100,1.0
q54551,nDCG@10,0.0
q54551,R@100,0.0
q54552,nDCG@10,1.0
q54552,R@100,1.0
q54553,nDCG@10,0.6309297535714575
q54553,R@100,1.0
q54554,nDCG@10,1.0
q54554,R@100,1.0
q54555,nDCG@10,0.6309297535714575
q54555,R@100,1.0
q54556,nDCG@10,0.0
q54556,R@100,0.0
q54557,nDCG@10,1.0
q54557,R@100,1.0
q54558,nDCG@10,0.5
q54558,R@100,1.0
q54559,nDCG@10,0.38685280723454163
q54559,R@100,1.0
q54560,nDCG@10,0.0
q54560,R@100,0.0
q54561,nDCG@10,0.0
q54561,R@100,0.0
q54562,nDCG@10,1.0
q54562,R@100,1.0
q54563,nDCG@10,0.0
q54563,R@100,0.0
q54564,nDCG@10,0.38685280723454163
q54564,R@100,1.0
q54565,nDCG@10,1.0
q54565,R@100,1.0
q54566,nDCG@10,0.0
q54566,R@100,0.0
q54567,nDCG@10,0.6309297535714575
q54567,R@100,1.0
q54568,nDCG@10,0.0
q54568,R@100,0.0
q54569,nDCG@10,0.6309297535714575
q54569,R@100,1.0
q54570,nDCG@10,0.0
q54570,R@100,0.0
q54571,nDCG@10,0.6309297535714575
q54571,R@100,1.0
q54572,nDCG@10,1.0
q54572,R@100,1.0
q54573,nDCG@10,0.0
q54573,R@100,1.0
q54574,nDCG@10,0.38685280723454163
q54574,R@100,1.0
q54575,nDCG@10,0.0
q54575,R@100,0.0
q54576,nDCG@10,1.0
q54576,R@100,1.0
q54577,nDCG@10,0.0
q54577,R@100,0.0
q54578,nDCG@10,0.0
q54578,R@100,1.0
q54579,nDCG@10,0.0
q54579,R@100,1.0
q54580,nDCG@10,1.0
q54580,R@100,1.0
q54581,nDCG@10,0.5
q54581,R@100,1.0
q54582,nDCG@10,1.0
q54582,R@100,1.0
q54583,nDCG@10,1.0
q54583,R@100,1.0
q54584,nDCG@10,1.0
q54584,R@100,1.0
q54585,nDCG@10,1.0
q54585,R@100,1.0
q54586,nDCG@10,0.0
q54586,R@100,1.0
q54587,nDCG@10,0.0
q54587,R@100,0.0
q54588,nDCG@10,0.6309297535714575
q54588,R@100,1.0
q54589,nDCG@10,1.0
q54589,R@100,1.0
q54590,nDCG@10,0.0
q54590,R@100,0.0
q54591,nDCG@10,1.0
q54591,R@100,1.0
q54592,nDCG@10,1.0
q54592,R@100,1.0
q54593,nDCG@10,0.0
q54593,R@100,0.0
q54594,nDCG@10,0.43067655807339306
q54594,R@100,1.0
q54595,nDCG@10,1.0
q54595,R@100,1.0
q54596,nDCG@10,0.0
q54596,R@100,1.0
q54597,nDCG@10,0.0
q54597,R@100,1.0
q54598,nDCG@10,0.0
q54598,R@100,0.0
q54599,nDCG@10,1.0
q54599,R@100,1.0
q54600,nDCG@10,0.0
q54600,R@100,1.0
q54601,nDCG@10,0.0
q54601,R@100,1.0
q54602,nDCG@10,0.0
q54602,R@100,1.0
q54603,nDCG@10,1.0
q54603,R@100,1.0
q54604,nDCG@10,0.0
q54604,R@100,1.0
q54605,nDCG@10,0.0
q54605,R@100,0.0
q54606,nDCG@10,0.0
q54606,R@100,1.0
q54607,nDCG@10,0.0
q54607,R@100,0.0
q54608,nDCG@10,0.0
q54608,R@100,1.0
q54609,nDCG@10,0.0
q54609,R@100,1.0
q54610,nDCG@10,1.0
q54610,R@100,1.0
q54611,nDCG@10,0.0
q54611,R@100,0.0
q54612,nDCG@10,1.0
q54612,R@100,1.0
q54613,nDCG@10,1.0
q54613,R@100,1.0
q54614,nDCG@10,0.0
q54614,R@100,0.0
q54615,nDCG@10,1.0
q54615,R@100,1.0
q54616,nDCG@10,0.0
q54616,R@100,0.0
q54617,nDCG@10,1.0
q54617,R@100,1.0
q54618,nDCG@10,0.0
q54618,R@100,0.0
q54619,nDCG@10,1.0
q54619,R@100,1.0
q54620,nDCG@10,0.0
q54620,R@100,0.0
q54621,nDCG@10,0.0
q54621,R@100,1.0
q54622,nDCG@10,1.0
q54622,R@100,1.0
q54623,nDCG@10,0.0
q54623,R@100,0.0
q54624,nDCG@10,0.0
q54624,R@100,0.0
q54625,nDCG@10,0.0
q54625,R@100,0.0
q54626,nDCG@10,1.0
q54626,R@100,1.0
q54627,nDCG@10,0.38685280723454163
q54627,R@100,1.0
q54628,nDCG@10,0.0
q54628,R@100,1.0
q54629,nDCG@10,1.0
q54629,R@100,1.0
q54630,nDCG@10,0.0
q54630,R@100,0.0
q54631,nDCG@10,0.0
q54631,R@100,1.0
q54632,nDCG@10,0.0
q54632,R@100,1.0
q54633,nDCG@10,0.0
q54633,R@100,0.0
q54634,nDCG@10,1.0
q54634,R@100,1.0
q54635,nDCG@10,0.3562071871080222
q54635,R@100,1.0
q54636,nDCG@10,0.5
q54636,R@100,1.0
q54637,nDCG@10,0.0
q54637,R@100,1.0
q54638,nDCG@10,0.0
q54638,R@100,1.0
q54639,nDCG@10,1.0
q54639,R@100,1.0
q54640,nDCG@10,0.43067655807339306
q54640,R@100,1.0
q54641,nDCG@10,1.0
q54641,R@100,1.0
q54642,nDCG@10,0.0
q54642,R@100,1.0
q54643,nDCG@10,1.0
q54643,R@100,1.0
q54644,nDCG@10,0.0
q54644,R@100,0.0
q54645,nDCG@10,0.0
q54645,R@100,0.0
q54646,nDCG@10,1.0
q54646,R@100,1.0
q54647,nDCG@10,0.0
q54647,R@100,0.0
q54648,nDCG@10,0.0
q54648,R@100,0.0
q54649,nDCG@10,1.0
q54649,R@100,1.0
q54650,nDCG@10,1.0
q54650,R@100,1.0
q54651,nDCG@10,0.0
q54651,R@100,0.0
q54652,nDCG@10,0.0
q54652,R@100,1.0
q54653,nDCG@10,0.0
q54653,R@100,1.0
q54654,nDCG@10,0.0
q54654,R@100,0.0
q54655,nDCG@10,0.0
q54655,R@100,0.0
q54656,nDCG@10,1.0
q54656,R@100,1.0
q54657,nDCG@10,1.0
q54657,R@100,1.0
q54658,nDCG@10,1.0
q54658,R@100,1.0
q54659,nDCG@10,0.6309297535714575
q54659,R@100,1.0
q54660,nDCG@10,1.0
q54660,R@100,1.0
q54661,nDCG@10,0.3333333333333333
q54661,R@100,1.0
q54662,nDCG@10,0.0
q54662,R@100,1.0
q54663,nDCG@10,0.0
q54663,R@100,0.0
q54664,nDCG@10,1.0
q54664,R@100,1.0
q54665,nDCG@10,0.0
q54665,R@100,0.0
q54666,nDCG@10,0.0
q54666,R@100,0.0
q54667,nDCG@10,0.5
q54667,R@100,1.0
q54668,nDCG@10,0.6309297535714575
q54668,R@100,1.0
q54669,nDCG@10,0.0
q54669,R@100,1.0
q54670,nDCG@10,0.43067655807339306
q54670,R@100,1.0
q54671,nDCG@10,0.0
q54671,R@100,0.0
q54672,nDCG@10,0.0
q54672,R@100,1.0
q54673,nDCG@10,0.0
q54673,R@100,1.0
q54674,nDCG@10,0.3562071871080222
q54674,R@100,1.0
q54675,nDCG@10,0.0
q54675,R@100,0.0
q54676,nDCG@10,1.0
q54676,R@100,1.0
q54677,nDCG@10,0.38685280723454163
q54677,R@100,1.0
q54678,nDCG@10,0.6309297535714575
q54678,R@100,1.0
q54679,nDCG@10,1.0
q54679,R@100,1.0
q54680,nDCG@10,0.0
q54680,R@100,0.0
q54681,nDCG@10,0.43067655807339306
q54681,R@100,1.0
q54682,nDCG@10,0.3333333333333333
q54682,R@100,1.0
q54683,nDCG@10,0.0
q54683,R@100,0.0
q54684,nDCG@10,0.0
q54684,R@100,1.0
q54685,nDCG@10,1.0
q54685,R@100,1.0
q54686,nDCG@10,1.0
q54686,R@100,1.0
q54687,nDCG@10,0.0
q54687,R@100,0.0
q54688,nDCG@10,1.0
q54688,R@100,1.0
q54689,nDCG@10,0.0
q54689,R@100,0.0
q54690,nDCG@10,0.0
q54690,R@100,0.0
q54691,nDCG@10,0.0
q54691,R@100,1.0
q54692,nDCG@10,1.0
q54692,R@100,1.0
q54693,nDCG@10,0.6309297535714575
q54693,R@100,1.0
q54694,nDCG@10,1.0
q54694,R@100,1.0
q54695,nDCG@10,0.5
q54695,R@100,1.0
q54696,nDCG@10,1.0
q54696,R@100,1.0
q54697,nDCG@10,0.3562071871080222
q54697,R@100,1.0
q54698,nDCG@10,0.6309297535714575
q54698,R@100,1.0
q54699,nDCG@10,0.0
q54699,R@100,0.0
q54700,nDCG@10,1.0
q54700,R@100,1.0
q54701,nDCG@10,0.3333333333333333
q54701,R@100,1.0
q54702,nDCG@10,0.0
q54702,R@100,0.0
q54703,nDCG@10,0.3562071871080222
q54703,R@100,1.0
q54704,nDCG@10,0.0
q54704,R@100,0.0
q54705,nDCG@10,1.0
q54705,R@100,1.0
q54706,nDCG@10,0.3010299956639812
q54706,R@100,1.0
q54707,nDCG@10,0.0
q54707,R@100,1.0
q54708,nDCG@10,0.0
q54708,R@100,0.0
q54709,nDCG@10,0.3010299956639812
q54709,R@100,1.0
q54710,nDCG@10,0.0
q54710,R@100,1.0
q54711,nDCG@10,1.0
q54711,R@100,1.0
q54712,nDCG@10,0.2890648263178879
q54712,R@100,1.0
q54713,nDCG@10,1.0
q54713,R@100,1.0
q54714,nDCG@10,0.0
q54714,R@100,0.0
q54715,nDCG@10,0.0
q54715,R@100,0.0
q54716,nDCG@10,0.2890648263178879
q54716,R@100,1.0
q54717,nDCG@10,1.0
q54717,R@100,1.0
q54718,nDCG@10,0.6309297535714575
q54718,R@100,1.0
q54719,nDCG@10,0.5
q54719,R@100,1.0
q54720,nDCG@10,0.6309297535714575
q54720,R@100,1.0
q54721,nDCG@10,0.5
q54721,R@100,1.0
q54722,nDCG@10,0.0
q54722,R@100,0.0
q54723,nDCG@10,1.0
q54723,R@100,1.0
q54724,nDCG@10,1.0
q54724,R@100,1.0
q54725,nDCG@10,0.0
q54725,R@100,1.0
q54726,nDCG@10,0.0
q54726,R@100,1.0
q54727,nDCG@10,1.0
q54727,R@100,1.0
q54728,nDCG@10,0.0
q54728,R@100,0.0
q54729,nDCG@10,0.38685280723454163
q54729,R@100,1.0
q54730,nDCG@10,0.0
q54730,R@100,0.0
q54731,nDCG@10,0.0
q54731,R@100,1.0
q54732,nDCG@10,0.3562071871080222
q54732,R@100,1.0
q54733,nDCG@10,1.0
q54733,R@100,1.0
q54734,nDCG@10,0.0
q54734,R@100,0.0
q54735,nDCG@10,0.0
q54735,R@100,1.0
q54736,nDCG@10,0.43067655807339306
q54736,R@100,1.0
q54737,nDCG@10,0.0
q54737,R@100,1.0
q54738,nDCG@10,0.38685280723454163
q54738,R@100,1.0
q54739,nDCG@10,0.0
q54739,R@100,1.0
q54740,nDCG@10,0.0
q54740,R@100,0.0
q54741,nDCG@10,0.5
q54741,R@100,1.0
q54742,nDCG@10,1.0
q54742,R@100,1.0
q54743,nDCG@10,0.0
q54743,R@100,1.0
q54744,nDCG@10,1.0
q54744,R@100,1.0
q54745,nDCG@10,0.0
q54745,R@100,0.0
q54746,nDCG@10,0.5
q54746,R@100,1.0
q54747,nDCG@10,0.0
q54747,R@100,0.0
q54748,nDCG@10,1.0
q54748,R@100,1.0
q54749,nDCG@10,0.0
q54749,R@100,1.0
q54750,nDCG@10,1.0
q54750,R@100,1.0
q54751,nDCG@10,0.6309297535714575
q54751,R@100,1.0
q54752,nDCG@10,0.0
q54752,R@100,0.0
q54753,nDCG@10,0.0
q54753,R@100,0.0
q54754,nDCG@10,1.0
q54754,R@100,1.0
q54755,nDCG@10,1.0
q54755,R@100,1.0
q54756,nDCG@10,0.5
q54756,R@100,1.0
q54757,nDCG@10,0.0
q54757,R@100,0.0
q54758,nDCG@10,0.0
q54758,R@100,0.0
q54759,nDCG@10,0.43067655807339306
q54759,R@100,1.0
q54760,nDCG@10,0.0
q54760,R@100,0.0
q54761,nDCG@10,0.0
q54761,R@100,0.0
q54762,nDCG@10,0.0
q54762,R@100,1.0
q54763,nDCG@10,1.0
q54763,R@100,1.0
q54764,nDCG@10,0.0
q54764,R@100,1.0
q54765,nDCG@10,0.0
q54765,R@100,1.0
q54766,nDCG@10,0.5
q54766,R@100,1.0
q54767,nDCG@10,0.0
q54767,R@100,1.0
q54768,nDCG@10,1.0
q54768,R@100,1.0
q54769,nDCG@10,0.6309297535714575
q54769,R@100,1.0
q54770,nDCG@10,1.0
q54770,R@100,1.0
q54771,nDCG@10,0.0
q54771,R@100,0.0
q54772,nDCG@10,1.0
q54772,R@100,1.0
q54773,nDCG@10,0.0
q54773,R@100,0.0
q54774,nDCG@10,0.0
q54774,R@100,1.0
q54775,nDCG@10,0.0
q54775,R@100,0.0
q54776,nDCG@10,0.0
q54776,R@100,0.0
q54777,nDCG@10,0.0
q54777,R@100,0.0
q54778,nDCG@10,0.0
q54778,R@100,0.0
q54779,nDCG@10,0.0
q54779,R@100,0.0
q54780,nDCG@10,0.5
q54780,R@100,1.0
q54781,nDCG@10,0.43067655807339306
q54781,R@100,1.0
q54782,nDCG@10,0.0
q54782,R@100,0.0
q54783,nDCG@10,0.0
q54783,R@100,0.0
q54784,nDCG@10,0.5
q54784,R@100,1.0
q54785,nDCG@10,1.0
q54785,R@100,1.0
q54786,nDCG@10,0.6309297535714575
q54786,R@100,1.0
q54787,nDCG@10,0.3010299956639812
q54787,R@100,1.0
q54788,nDCG@10,0.0
q54788,R@100,1.0
q54789,nDCG@10,0.43067655807339306
q54789,R@100,1.0
q54790,nDCG@10,0.0
q54790,R@100,0.0
q54791,nDCG@10,0.0
q54791,R@100,0.0
q54792,nDCG@10,1.0
q54792,R@100,1.0
q54793,nDCG@10,0.0
q54793,R@100,1.0
q54794,nDCG@10,0.0
q54794,R@100,1.0
q54795,nDCG@10,0.6309297535714575
q54795,R@100,1.0
q54796,nDCG@10,1.0
q54796,R@100,1.0
q54797,nDCG@10,0.31546487678572877
q54797,R@100,1.0
q54798,nDCG@10,0.0
q54798,R@100,0.0
q54799,nDCG@10,0.0
q54799,R@100,0.0
q54800,nDCG@10,0.0
q54800,R@100,0.0
q54801,nDCG@10,1.0
q54801,R@100,1.0
q54802,nDCG@10,1.0
q54802,R@100,1.0
q54803,nDCG@10,0.0
q54803,R@100,1.0
q54804,nDCG@10,0.38685280723454163
q54804,R@100,1.0
q54805,nDCG@10,0.6309297535714575
q54805,R@100,1.0
q54806,nDCG@10,0.0
q54806,R@100,0.0
q54807,nDCG@10,0.0
q54807,R@100,0.0
q54808,nDCG@10,1.0
q54808,R@100,1.0
q54809,nDCG@10,0.0
q54809,R@100,0.0
q54810,nDCG@10,1.0
q54810,R@100,1.0
q54811,nDCG@10,1.0
q54811,R@100,1.0
q54812,nDCG@10,0.6309297535714575
q54812,R@100,1.0
q54813,nDCG@10,1.0
q54813,R@100,1.0
q54814,nDCG@10,0.0
q54814,R@100,0.0
q54815,nDCG@10,1.0
q54815,R@100,1.0
q54816,nDCG@10,1.0
q54816,R@100,1.0
q54817,nDCG@10,0.0
q54817,R@100,1.0
q54818,nDCG@10,1.0
q54818,R@100,1.0
q54819,nDCG@10,1.0
q54819,R@100,1.0
q54820,nDCG@10,0.0
q54820,R@100,1.0
q54821,nDCG@10,0.6309297535714575
q54821,R@100,1.0
q54822,nDCG@10,1.0
q54822,R@100,1.0
q54823,nDCG@10,0.0
q54823,R@100,1.0
q54824,nDCG@10,0.0
q54824,R@100,0.0
q54825,nDCG@10,1.0
q54825,R@100,1.0
q54826,nDCG@10,0.0
q54826,R@100,0.0
q54827,nDCG@10,0.38685280723454163
q54827,R@100,1.0
q54828,nDCG@10,0.6309297535714575
q54828,R@100,1.0
q54829,nDCG@10,0.0
q54829,R@100,0.0
q54830,nDCG@10,0.0
q54830,R@100,1.0
q54831,nDCG@10,1.0
q54831,R@100,1.0
q54832,nDCG@10,0.0
q54832,R@100,0.0
q54833,nDCG@10,0.5
q54833,R@100,1.0
q54834,nDCG@10,0.0
q54834,R@100,0.0
q54835,nDCG@10,0.3010299956639812
q54835,R@100,1.0
q54836,nDCG@10,0.0
q54836,R@100,0.0
q54837,nDCG@10,0.0
q54837,R@100,1.0
q54838,nDCG@10,1.0
q54838,R@100,1.0
q54839,nDCG@10,1.0
q54839,R@100,1.0
q54840,nDCG@10,0.0
q54840,R@100,0.0
q54841,nDCG@10,0.0
q54841,R@100,0.0
q54842,nDCG@10,1.0
q54842,R@100,1.0
q54843,nDCG@10,1.0
q54843,R@100,1.0
q54844,nDCG@10,0.0
q54844,R@100,0.0
q54845,nDCG@10,0.0
q54845,R@100,0.0
q54846,nDCG@10,0.0
q54846,R@100,1.0
q54847,nDCG@10,0.0
q54847,R@100,1.0
q54848,nDCG@10,0.0
q54848,R@100,0.0
q54849,nDCG@10,0.0
q54849,R@100,0.0
q54850,nDCG@10,0.3562071871080222
q54850,R@100,1.0
q54851,nDCG@10,1.0
q54851,R@100,1.0
q54852,nDCG@10,1.0
q54852,R@100,1.0
q54853,nDCG@10,0.0
q54853,R@100,0.0
q54854,nDCG@10,0.0
q54854,R@100,1.0
q54855,nDCG@10,0.0
q54855,R@100,0.0
q54856,nDCG@10,1.0
q54856,R@100,1.0
q54857,nDCG@10,1.0
q54857,R@100,1.0
q54858,nDCG@10,0.38685280723454163
q54858,R@100,1.0
q54859,nDCG@10,0.0
q54859,R@100,0.0
q54860,nDCG@10,0.0
q54860,R@100,1.0
q54861,nDCG@10,0.0
q54861,R@100,1.0
q54862,nDCG@10,0.0
q54862,R@100,0.0
q54863,nDCG@10,0.0
q54863,R@100,0.0
q54864,nDCG@10,1.0
q54864,R@100,1.0
q54865,nDCG@10,0.0
q54865,R@100,1.0
q54866,nDCG@10,0.3010299956639812
q54866,R@100,1.0
q54867,nDCG@10,1.0
q54867,R@100,1.0
q54868,nDCG@10,0.38685280723454163
q54868,R@100,1.0
q54869,nDCG@10,1.0
q54869,R@100,1.0
q54870,nDCG@10,1.0
q54870,R@100,1.0
q54871,nDCG@10,1.0
q54871,R@100,1.0
q54872,nDCG@10,0.0
q54872,R@100,0.0
q54873,nDCG@10,1.0
q54873,R@100,1.0
q54874,nDCG@10,0.43067655807339306
q54874,R@100,1.0
q54875,nDCG@10,0.0
q54875,R@100,0.0
q54876,nDCG@10,1.0
q54876,R@100,1.0
q54877,nDCG@10,0.3562071871080222
q54877,R@100,1.0
q54878,nDCG@10,0.0
q54878,R@100,0.0
q54879,nDCG@10,0.0
q54879,R@100,1.0
q54880,nDCG@10,0.31546487678572877
q54880,R@100,1.0
q54881,nDCG@10,0.31546487678572877
q54881,R@100,1.0
q54882,nDCG@10,0.0
q54882,R@100,0.0
q54883,nDCG@10,1.0
q54883,R@100,1.0
q54884,nDCG@10,0.0
q54884,R@100,0.0
q54885,nDCG@10,0.0
q54885,R@100,1.0
q54886,nDCG@10,0.6309297535714575
q54886,R@100,1.0
q54887,nDCG@10,0.0
q54887,R@100,0.0
q54888,nDCG@10,0.0
q54888,R@100,0.0
q54889,nDCG@10,0.0
q54889,R@100,1.0
q54890,nDCG@10,1.0
q54890,R@100,1.0
q54891,nDCG@10,0.6309297535714575
q54891,R@100,1.0
q54892,nDCG@10,0.0
q54892,R@100,1.0
q54893,nDCG@10,0.5
q54893,R@100,1.0
q54894,nDCG@10,1.0
q54894,R@100,1.0
q54895,nDCG@10,1.0
q54895,R@100,1.0
q54896,nDCG@10,0.0
q54896,R@100,0.0
q54897,nDCG@10,1.0
q54897,R@100,1.0
q54898,nDCG@10,1.0
q54898,R@100,1.0
q54899,nDCG@10,0.0
q54899,R@100,1.0
q54900,nDCG@10,0.0
q54900,R@100,0.0
q54901,nDCG@10,1.0
q54901,R@100,1.0
q54902,nDCG@10,0.0
q54902,R@100,1.0
q54903,nDCG@10,0.43067655807339306
q54903,R@100,1.0
q54904,nDCG@10,1.0
q54904,R@100,1.0
q54905,nDCG@10,0.0
q54905,R@100,1.0
q54906,nDCG@10,0.0
q54906,R@100,0.0
q54907,nDCG@10,0.0
q54907,R@100,1.0
q54908,nDCG@10,0.0
q54908,R@100,0.0
q54909,nDCG@10,0.0
q54909,R@100,0.0
q54910,nDCG@10,1.0
q54910,R@100,1.0
q54911,nDCG@10,0.6309297535714575
q54911,R@100,1.0
q54912,nDCG@10,0.5
q54912,R@100,1.0
q54913,nDCG@10,0.5
q54913,R@100,1.0
q54914,nDCG@10,0.0
q54914,R@100,0.0
q54915,nDCG@10,0.0
q54915,R@100,0.0
q54916,nDCG@10,0.0
q54916,R@100,0.0
q54917,nDCG@10,1.0
q54917,R@100,1.0
q54918,nDCG@10,0.6309297535714575
q54918,R@100,1.0
q54919,nDCG@10,0.0
q54919,R@100,0.0
q54920,nDCG@10,1.0
q54920,R@100,1.0
q54921,nDCG@10,0.0
q54921,R@100,0.0
q54922,nDCG@10,1.0
q54922,R@100,1.0
q54923,nDCG@10,0.0
q54923,R@100,0.0
q54924,nDCG@10,0.0
q54924,R@100,0.0
q54925,nDCG@10,0.0
q54925,R@100,0.0
q54926,nDCG@10,1.0
q54926,R@100,1.0
q54927,nDCG@10,1.0
q54927,R@100,1.0
q54928,nDCG@10,0.0
q54928,R@100,0.0
q54929,nDCG@10,0.0
q54929,R@100,0.0
q54930,nDCG@10,0.0
q54930,R@100,1.0
q54931,nDCG@10,0.0
q54931,R@100,1.0
q54932,nDCG@10,0.0
q54932,R@100,0.0
q54933,nDCG@10,0.38685280723454163
q54933,R@100,1.0
q54934,nDCG@10,1.0
q54934,R@100,1.0
q54935,nDCG@10,0.0
q54935,R@100,0.0
q54936,nDCG@10,1.0
q54936,R@100,1.0
q54937,nDCG@10,1.0
q54937,R@100,1.0
q54938,nDCG@10,0.0
q54938,R@100,1.0
q54939,nDCG@10,1.0
q54939,R@100,1.0
q54940,nDCG@10,0.0
q54940,R@100,0.0
q54941,nDCG@10,1.0
q54941,R@100,1.0
q54942,nDCG@10,0.0
q54942,R@100,0.0
q54943,nDCG@10,0.3562071871080222
q54943,R@100,1.0
q54944,nDCG@10,1.0
q54944,R@100,1.0
q54945,nDCG@10,1.0
q54945,R@100,1.0
q54946,nDCG@10,0.5
q54946,R@100,1.0
q54947,nDCG@10,0.0
q54947,R@100,0.0
q54948,nDCG@10,0.0
q54948,R@100,0.0
q54949,nDCG@10,1.0
q54949,R@100,1.0
q54950,nDCG@10,1.0
q54950,R@100,1.0
q54951,nDCG@10,1.0
q54951,R@100,1.0
q54952,nDCG@10,1.0
q54952,R@100,1.0
q54953,nDCG@10,0.0
q54953,R@100,0.0
q54954,nDCG@10,0.0
q54954,R@100,0.0
q54955,nDCG@10,0.0
q54955,R@100,1.0
q54956,nDCG@10,1.0
q54956,R@100,1.0
q54957,nDCG@10,0.0
q54957,R@100,1.0
q54958,nDCG@10,0.0
q54958,R@100,1.0
q54959,nDCG@10,0.2890648263178879
q54959,R@100,1.0
q54960,nDCG@10,0.0
q54960,R@100,0.0
q54961,nDCG@10,0.6309297535714575
q54961,R@100,1.0
q54962,nDCG@10,0.0
q54962,R@100,0.0
q54963,nDCG@10,0.0
q54963,R@100,0.0
q54964,nDCG@10,0.0
q54964,R@100,0.0
q54965,nDCG@10,0.3562071871080222
q54965,R@100,1.0
q54966,nDCG@10,0.0
q54966,R@100,0.0
q54967,nDCG@10,0.0
q54967,R@100,0.0
q54968,nDCG@10,0.0
q54968,R@100,1.0
q54969,nDCG@10,0.0
q54969,R@100,0.0
q54970,nDCG@10,0.0
q54970,R@100,0.0
q54971,nDCG@10,1.0
q54971,R@100,1.0
q54972,nDCG@10,1.0
q54972,R@100,1.0
q54973,nDCG@10,0.38685280723454163
q54973,R@100,1.0
q54974,nDCG@10,0.6309297535714575
q54974,R@100,1.0
q54975,nDCG@10,1.0
q54975,R@100,1.0
q54976,nDCG@10,1.0
q54976,R@100,1.0
q54977,nDCG@10,0.0
q54977,R@100,0.0
q54978,nDCG@10,0.0
q54978,R@100,0.0
q54979,nDCG@10,0.6309297535714575
q54979,R@100,1.0
q54980,nDCG@10,1.0
q54980,R@100,1.0
q54981,nDCG@10,0.0
q54981,R@100,0.0
q54982,nDCG@10,0.0
q54982,R@100,0.0
q54983,nDCG@10,0.6309297535714575
q54983,R@100,1.0
q54984,nDCG@10,1.0
q54984,R@100,1.0
q54985,nDCG@10,0.0
q54985,R@100,0.0
q54986,nDCG@10,1.0
q54986,R@100,1.0
q54987,nDCG@10,0.0
q54987,R@100,1.0
q54988,nDCG@10,1.0
q54988,R@100,1.0
q54989,nDCG@10,1.0
q54989,R@100,1.0
q54990,nDCG@10,0.0
q54990,R@100,0.0
q54991,nDCG@10,0.6309297535714575
q54991,R@100,1.0
q54992,nDCG@10,1.0
q54992,R@100,1.0
q54993,nDCG@10,0.0
q54993,R@100,1.0
q54994,nDCG@10,0.0
q54994,R@100,0.0
q54995,nDCG@10,0.5
q54995,R@100,1.0
q54996,nDCG@10,0.6309297535714575
q54996,R@100,1.0
q54997,nDCG@10,1.0
q54997,R@100,1.0
q54998,nDCG@10,1.0
q54998,R@100,1.0
q54999,nDCG@10,0.3562071871080222
q54999,R@100,1.0
q55000,nDCG@10,0.0
q55000,R@100,0.0
q55001,nDCG@10,1.0
q55001,R@100,1.0
q55002,nDCG@10,1.0
q55002,R@100,1.0
q55003,nDCG@10,0.0
q55003,R@100,1.0
q55004,nDCG@10,0.0
q55004,R@100,1.0
q55005,nDCG@10,1.0
q55005,R@100,1.0
q55006,nDCG@10,1.0
q55006,R@100,1.0
q55007,nDCG@10,0.0
q55007,R@100,1.0
q55008,nDCG@10,0.0
q55008,R@100,0.0
q55009,nDCG@10,0.0
q55009,R@100,0.0
q55010,nDCG@10,0.38685280723454163
q55010,R@100,1.0
q55011,nDCG@10,0.0
q55011,R@100,0.0
q55012,nDCG@10,0.0
q55012,R@100,1.0
q55013,nDCG@10,0.0
q55013,R@100,0.0
q55014,nDCG@10,0.0
q55014,R@100,1.0
q55015,nDCG@10,0.0
q55015,R@100,0.0
q55016,nDCG@10,0.6309297535714575
q55016,R@100,1.0
q55017,nDCG@10,0.0
q55017,R@100,0.0
q55018,nDCG@10,0.3010299956639812
q55018,R@100,1.0
q55019,nDCG@10,1.0
q55019,R@100,1.0
q55020,nDCG@10,0.38685280723454163
q55020,R@100,1.0
q55021,nDCG@10,0.0
q55021,R@100,1.0
q55022,nDCG@10,0.0
q55022,R@100,0.0
q55023,nDCG@10,0.0
q55023,R@100,0.0
q55024,nDCG@10,1.0
q55024,R@100,1.0
q55025,nDCG@10,0.0
q55025,R@100,1.0
q55026,nDCG@10,0.43067655807339306
q55026,R@100,1.0
q55027,nDCG@10,0.0
q55027,R@100,0.0
q55028,nDCG@10,0.0
q55028,R@100,1.0
q55029,nDCG@10,1.0
q55029,R@100,1.0
q55030,nDCG@10,0.0
q55030,R@100,1.0
q55031,nDCG@10,0.0
q55031,R@100,0.0
q55032,nDCG@10,0.0
q55032,R@100,1.0
q55033,nDCG@10,0.0
q55033,R@100,0.0
q55034,nDCG@10,0.31546487678572877
q55034,R@100,1.0
q55035,nDCG@10,0.0
q55035,R@100,0.0
q55036,nDCG@10,0.0
q55036,R@100,0.0
q55037,nDCG@10,0.5
q55037,R@100,1.0
q55038,nDCG@10,0.0
q55038,R@100,0.0
q55039,nDCG@10,1.0
q55039,R@100,1.0
q55040,nDCG@10,1.0
q55040,R@100,1.0
q55041,nDCG@10,0.0
q55041,R@100,1.0
q55042,nDCG@10,0.43067655807339306
q55042,R@100,1.0
q55043,nDCG@10,0.6309297535714575
q55043,R@100,1.0
q55044,nDCG@10,0.6309297535714575
q55044,R@100,1.0
q55045,nDCG@10,0.0
q55045,R@100,0.0
q55046,nDCG@10,0.0
q55046,R@100,0.0
q55047,nDCG@10,1.0
q55047,R@100,1.0
q55048,nDCG@10,0.43067655807339306
q55048,R@100,1.0
q55049,nDCG@10,1.0
q55049,R@100,1.0
q55050,nDCG@10,0.0
q55050,R@100,0.0
q55051,nDCG@10,1.0
q55051,R@100,1.0
q55052,nDCG@10,0.0
q55052,R@100,0.0
q55053,nDCG@10,1.0
q55053,R@100,1.0
q55054,nDCG@10,0.0
q55054,R@100,1.0
q55055,nDCG@10,0.0
q55055,R@100,0.0
q55056,nDCG@10,0.0
q55056,R@100,1.0
q55057,nDCG@10,0.0
q55057,R@100,1.0
q55058,nDCG@10,1.0
q55058,R@100,1.0
q55059,nDCG@10,0.0
q55059,R@100,1.0
q55060,nDCG@10,0.0
q55060,R@100,0.0
q55061,nDCG@10,0.0
q55061,R@100,0.0
q55062,nDCG@10,0.0
q55062,R@100,1.0
q55063,nDCG@10,0.6309297535714575
q55063,R@100,1.0
q55064,nDCG@10,0.0
q55064,R@100,1.0
q55065,nDCG@10,0.0
q55065,R@100,0.0
q55066,nDCG@10,0.43067655807339306
q55066,R@100,1.0
q55067,nDCG@10,0.43067655807339306
q55067,R@100,1.0
q55068,nDCG@10,0.0
q55068,R@100,1.0
q55069,nDCG@10,0.0
q55069,R@100,1.0
q55070,nDCG@10,0.0
q55070,R@100,0.0
q55071,nDCG@10,1.0
q55071,R@100,1.0
q55072,nDCG@10,0.6309297535714575
q55072,R@100,1.0
q55073,nDCG@10,1.0
q55073,R@100,1.0
q55074,nDCG@10,1.0
q55074,R@100,1.0
q55075,nDCG@10,0.6309297535714575
q55075,R@100,1.0
q55076,nDCG@10,0.6309297535714575
q55076,R@100,1.0
q55077,nDCG@10,1.0
q55077,R@100,1.0
q55078,nDCG@10,0.0
q55078,R@100,0.0
q55079,nDCG@10,0.0
q55079,R@100,0.0
q55080,nDCG@10,0.0
q55080,R@100,0.0
q55081,nDCG@10,1.0
q55081,R@100,1.0
q55082,nDCG@10,1.0
q55082,R@100,1.0
q55083,nDCG@10,0.0
q55083,R@100,1.0
q55084,nDCG@10,0.0
q55084,R@100,1.0
q55085,nDCG@10,0.0
q55085,R@100,1.0
q55086,nDCG@10,0.0
q55086,R@100,1.0
q55087,nDCG@10,0.0
q55087,R@100,0.0
q55088,nDCG@10,1.0
q55088,R@100,1.0
q55089,nDCG@10,1.0
q55089,R@100,1.0
q55090,nDCG@10,1.0
q55090,R@100,1.0
q55091,nDCG@10,1.0
q55091,R@100,1.0
q55092,nDCG@10,0.0
q55092,R@100,0.0
q55093,nDCG@10,0.0
q55093,R@100,0.0
q55094,nDCG@10,0.0
q55094,R@100,0.0
q55095,nDCG@10,0.0
q55095,R@100,1.0
q55096,nDCG@10,0.43067655807339306
q55096,R@100,1.0
q55097,nDCG@10,0.0
q55097,R@100,0.0
q55098,nDCG@10,0.0
q55098,R@100,0.0
q55099,nDCG@10,0.0
q55099,R@100,0.0
q55100,nDCG@10,1.0
q55100,R@100,1.0
q55101,nDCG@10,1.0
q55101,R@100,1.0
q55102,nDCG@10,0.0
q55102,R@100,1.0
q55103,nDCG@10,1.0
q55103,R@100,1.0
q55104,nDCG@10,0.6309297535714575
q55104,R@100,1.0
q55105,nDCG@10,0.0
q55105,R@100,0.0
q55106,nDCG@10,1.0
q55106,R@100,1.0
q55107,nDCG@10,0.2890648263178879
q55107,R@100,1.0
q55108,nDCG@10,0.5
q55108,R@100,1.0
q55109,nDCG@10,0.0
q55109,R@100,1.0
q55110,nDCG@10,0.43067655807339306
q55110,R@100,1.0
q55111,nDCG@10,0.0
q55111,R@100,1.0
q55112,nDCG@10,0.0
q55112,R@100,1.0
q55113,nDCG@10,0.0
q55113,R@100,1.0
q55114,nDCG@10,0.0
q55114,R@100,0.0
q55115,nDCG@10,0.31546487678572877
q55115,R@100,1.0
q55116,nDCG@10,0.43067655807339306
q55116,R@100,1.0
q55117,nDCG@10,0.5
q55117,R@100,1.0
q55118,nDCG@10,0.0
q55118,R@100,0.0
q55119,nDCG@10,0.0
q55119,R@100,0.0
q55120,nDCG@10,0.0
q55120,R@100,0.0
q55121,nDCG@10,1.0
q55121,R@100,1.0
q55122,nDCG@10,1.0
q55122,R@100,1.0
q55123,nDCG@10,0.3010299956639812
q55123,R@100,1.0
q55124,nDCG@10,0.6309297535714575
q55124,R@100,1.0
q55125,nDCG@10,0.38685280723454163
q55125,R@100,1.0
q55126,nDCG@10,0.0
q55126,R@100,0.0
q55127,nDCG@10,0.5
q55127,R@100,1.0
q55128,nDCG@10,0.6309297535714575
q55128,R@100,1.0
q55129,nDCG@10,1.0
q55129,R@100,1.0
q55130,nDCG@10,0.0
q55130,R@100,0.0
q55131,nDCG@10,0.0
q55131,R@100,1.0
q55132,nDCG@10,1.0
q55132,R@100,1.0
q55133,nDCG@10,0.3333333333333333
q55133,R@100,1.0
q55134,nDCG@10,1.0
q55134,R@100,1.0
q55135,nDCG@10,1.0
q55135,R@100,1.0
q55136,nDCG@10,0.0
q55136,R@100,0.0
q55137,nDCG@10,1.0
q55137,R@100,1.0
q55138,nDCG@10,0.0
q55138,R@100,1.0
q55139,nDCG@10,0.5
q55139,R@100,1.0
q55140,nDCG@10,0.5
q55140,R@100,1.0
q55141,nDCG@10,1.0
q55141,R@100,1.0
q55142,nDCG@10,0.0
q55142,R@100,1.0
q55143,nDCG@10,0.0
q55143,R@100,0.0
q55144,nDCG@10,0.0
q55144,R@100,1.0
q55145,nDCG@10,0.0
q55145,R@100,1.0
q55146,nDCG@10,1.0
q55146,R@100,1.0
q55147,nDCG@10,1.0
q55147,R@100,1.0
q55148,nDCG@10,1.0
q55148,R@100,1.0
q55149,nDCG@10,1.0
q55149,R@100,1.0
q55150,nDCG@10,1.0
q55150,R@100,1.0
q55151,nDCG@10,0.31546487678572877
q55151,R@100,1.0
q55152,nDCG@10,0.0
q55152,R@100,1.0
q55153,nDCG@10,0.0
q55153,R@100,0.0
q55154,nDCG@10,0.31546487678572877
q55154,R@100,1.0
q55155,nDCG@10,0.0
q55155,R@100,1.0
q55156,nDCG@10,0.43067655807339306
q55156,R@100,1.0
q55157,nDCG@10,1.0
q55157,R@100,1.0
q55158,nDCG@10,0.0
q55158,R@100,0.0
q55159,nDCG@10,0.38685280723454163
q55159,R@100,1.0
q55160,nDCG@10,0.0
q55160,R@100,0.0
q55161,nDCG@10,0.3562071871080222
q55161,R@100,1.0
q55162,nDCG@10,0.0
q55162,R@100,0.0
q55163,nDCG@10,0.0
q55163,R@100,0.0
q55164,nDCG@10,0.0
q55164,R@100,1.0
q55165,nDCG@10,0.0
q55165,R@100,0.0
q55166,nDCG@10,0.0
q55166,R@100,0.0
q55167,nDCG@10,0.0
q55167,R@100,0.0
q55168,nDCG@10,0.0
q55168,R@100,1.0
q55169,nDCG@10,1.0
q55169,R@100,1.0
q55170,nDCG@10,1.0
q55170,R@100,1.0
q55171,nDCG@10,0.0
q55171,R@100,1.0
q55172,nDCG@10,0.0
q55172,R@100,0.0
q55173,nDCG@10,1.0
q55173,R@100,1.0
q55174,nDCG@10,0.0
q55174,R@100,1.0
q55175,nDCG@10,0.0
q55175,R@100,0.0
q55176,nDCG@10,0.0
q55176,R@100,0.0
q55177,nDCG@10,0.5
q55177,R@100,1.0
q55178,nDCG@10,0.0
q55178,R@100,0.0
q55179,nDCG@10,0.0
q55179,R@100,0.0
q55180,nDCG@10,1.0
q55180,R@100,1.0
q55181,nDCG@10,0.0
q55181,R@100,1.0
q55182,nDCG@10,0.5
q55182,R@100,1.0
q55183,nDCG@10,0.0
q55183,R@100,0.0
q55184,nDCG@10,0.0
q55184,R@100,1.0
q55185,nDCG@10,0.0
q55185,R@100,0.0
q55186,nDCG@10,0.0
q55186,R@100,1.0
q55187,nDCG@10,0.38685280723454163
q55187,R@100,1.0
q55188,nDCG@10,0.0
q55188,R@100,0.0
q55189,nDCG@10,0.0
q55189,R@100,0.0
q55190,nDCG@10,0.31546487678572877
q55190,R@100,1.0
q55191,nDCG@10,0.0
q55191,R@100,0.0
q55192,nDCG@10,1.0
q55192,R@100,1.0
q55193,nDCG@10,0.31546487678572877
q55193,R@100,1.0
q55194,nDCG@10,1.0
q55194,R@100,1.0
q55195,nDCG@10,0.5
q55195,R@100,1.0
q55196,nDCG@10,1.0
q55196,R@100,1.0
q55197,nDCG@10,1.0
q55197,R@100,1.0
q55198,nDCG@10,0.0
q55198,R@100,0.0
q55199,nDCG@10,0.0
q55199,R@100,0.0
q55200,nDCG@10,0.0
q55200,R@100,1.0
q55201,nDCG@10,0.43067655807339306
q55201,R@100,1.0
q55202,nDCG@10,0.0
q55202,R@100,0.0
q55203,nDCG@10,0.0
q55203,R@100,0.0
q55204,nDCG@10,0.0
q55204,R@100,0.0
q55205,nDCG@10,0.6309297535714575
q55205,R@100,1.0
q55206,nDCG@10,0.0
q55206,R@100,0.0
q55207,nDCG@10,0.0
q55207,R@100,0.0
q55208,nDCG@10,0.0
q55208,R@100,1.0
q55209,nDCG@10,0.0
q55209,R@100,0.0
q55210,nDCG@10,0.43067655807339306
q55210,R@100,1.0
q55211,nDCG@10,0.0
q55211,R@100,1.0
q55212,nDCG@10,0.0
q55212,R@100,0.0
q55213,nDCG@10,1.0
q55213,R@100,1.0
q55214,nDCG@10,1.0
q55214,R@100,1.0
q55215,nDCG@10,1.0
q55215,R@100,1.0
q55216,nDCG@10,1.0
q55216,R@100,1.0
q55217,nDCG@10,0.0
q55217,R@100,0.0
q55218,nDCG@10,0.0
q55218,R@100,0.0
q55219,nDCG@10,1.0
q55219,R@100,1.0
q55220,nDCG@10,0.43067655807339306
q55220,R@100,1.0
q55221,nDCG@10,1.0
q55221,R@100,1.0
q55222,nDCG@10,0.0
q55222,R@100,0.0
q55223,nDCG@10,1.0
q55223,R@100,1.0
q55224,nDCG@10,0.0
q55224,R@100,0.0
q55225,nDCG@10,0.5
q55225,R@100,1.0
q55226,nDCG@10,1.0
q55226,R@100,1.0
q55227,nDCG@10,1.0
q55227,R@100,1.0
q55228,nDCG@10,0.0
q55228,R@100,1.0
q55229,nDCG@10,0.0
q55229,R@100,1.0
q55230,nDCG@10,0.2890648263178879
q55230,R@100,1.0
q55231,nDCG@10,0.6309297535714575
q55231,R@100,1.0
q55232,nDCG@10,0.0
q55232,R@100,0.0
q55233,nDCG@10,0.0
q55233,R@100,1.0
q55234,nDCG@10,1.0
q55234,R@100,1.0
q55235,nDCG@10,0.0
q55235,R@100,0.0
q55236,nDCG@10,0.6309297535714575
q55236,R@100,1.0
q55237,nDCG@10,0.0
q55237,R@100,0.0
q55238,nDCG@10,0.0
q55238,R@100,0.0
q55239,nDCG@10,0.0
q55239,R@100,0.0
q55240,nDCG@10,0.0
q55240,R@100,0.0
q55241,nDCG@10,0.6309297535714575
q55241,R@100,1.0
q55242,nDCG@10,0.0
q55242,R@100,1.0
q55243,nDCG@10,0.0
q55243,R@100,1.0
q55244,nDCG@10,0.0
q55244,R@100,1.0
q55245,nDCG@10,1.0
q55245,R@100,1.0
q55246,nDCG@10,1.0
q55246,R@100,1.0
q55247,nDCG@10,0.0
q55247,R@100,0.0
q55248,nDCG@10,0.6309297535714575
q55248,R@100,1.0
q55249,nDCG@10,0.0
q55249,R@100,1.0
q55250,nDCG@10,0.6309297535714575
q55250,R@100,1.0
q55251,nDCG@10,0.6309297535714575
q55251,R@100,1.0
q55252,nDCG@10,0.6309297535714575
q55252,R@100,1.0
q55253,nDCG@10,0.6309297535714575
q55253,R@100,1.0
q55254,nDCG@10,0.31546487678572877
q55254,R@100,1.0
q55255,nDCG@10,0.0
q55255,R@100,0.0
q55256,nDCG@10,0.0
q55256,R@100,1.0
q55257,nDCG@10,0.0
q55257,R@100,1.0
q55258,nDCG@10,0.0
q55258,R@100,0.0
q55259,nDCG@10,1.0
q55259,R@100,1.0
q55260,nDCG@10,0.6309297535714575
q55260,R@100,1.0
q55261,nDCG@10,0.0
q55261,R@100,0.0
q55262,nDCG@10,1.0
q55262,R@100,1.0
q55263,nDCG@10,0.0
q55263,R@100,0.0
q55264,nDCG@10,1.0
q55264,R@100,1.0
q55265,nDCG@10,1.0
q55265,R@100,1.0
q55266,nDCG@10,0.0
q55266,R@100,0.0
q55267,nDCG@10,0.38685280723454163
q55267,R@100,1.0
q55268,nDCG@10,0.3010299956639812
q55268,R@100,1.0
q55269,nDCG@10,0.0
q55269,R@100,0.0
q55270,nDCG@10,0.38685280723454163
q55270,R@100,1.0
q55271,nDCG@10,1.0
q55271,R@100,1.0
q55272,nDCG@10,0.0
q55272,R@100,0.0
q55273,nDCG@10,1.0
q55273,R@100,1.0
q55274,nDCG@10,0.43067655807339306
q55274,R@100,1.0
q55275,nDCG@10,1.0
q55275,R@100,1.0
q55276,nDCG@10,0.3010299956639812
q55276,R@100,1.0
q55277,nDCG@10,0.0
q55277,R@100,0.0
q55278,nDCG@10,1.0
q55278,R@100,1.0
q55279,nDCG@10,0.0
q55279,R@100,0.0
q55280,nDCG@10,0.0
q55280,R@100,0.0
q55281,nDCG@10,1.0
q55281,R@100,1.0
q55282,nDCG@10,1.0
q55282,R@100,1.0
q55283,nDCG@10,0.0
q55283,R@100,1.0
q55284,nDCG@10,1.0
q55284,R@100,1.0
q55285,nDCG@10,0.0
q55285,R@100,0.0
q55286,nDCG@10,0.0
q55286,R@100,0.0
q55287,nDCG@10,0.0
q55287,R@100,0.0
q55288,nDCG@10,1.0
q55288,R@100,1.0
q55289,nDCG@10,1.0
q55289,R@100,1.0
q55290,nDCG@10,0.0
q55290,R@100,0.0
q55291,nDCG@10,0.0
q55291,R@100,0.0
q55292,nDCG@10,0.0
q55292,R@100,0.0
q55293,nDCG@10,0.0
q55293,R@100,0.0
q55294,nDCG@10,0.6309297535714575
q55294,R@100,1.0
q55295,nDCG@10,1.0
q55295,R@100,1.0
q55296,nDCG@10,0.3562071871080222
q55296,R@100,1.0
q55297,nDCG@10,0.38685280723454163
q55297,R@100,1.0
q55298,nDCG@10,1.0
q55298,R@100,1.0
q55299,nDCG@10,1.0
q55299,R@100,1.0
q55300,nDCG@10,0.2890648263178879
q55300,R@100,1.0
q55301,nDCG@10,0.5
q55301,R@100,1.0
q55302,nDCG@10,0.0
q55302,R@100,0.0
q55303,nDCG@10,0.0
q55303,R@100,0.0
q55304,nDCG@10,0.0
q55304,R@100,0.0
q55305,nDCG@10,0.0
q55305,R@100,0.0
q55306,nDCG@10,0.0
q55306,R@100,1.0
q55307,nDCG@10,0.3562071871080222
q55307,R@100,1.0
q55308,nDCG@10,1.0
q55308,R@100,1.0
q55309,nDCG@10,0.0
q55309,R@100,1.0
q55310,nDCG@10,0.0
q55310,R@100,1.0
q55311,nDCG@10,0.0
q55311,R@100,1.0
q55312,nDCG@10,0.0
q55312,R@100,0.0
q55313,nDCG@10,0.3010299956639812
q55313,R@100,1.0
q55314,nDCG@10,1.0
q55314,R@100,1.0
q55315,nDCG@10,0.6309297535714575
q55315,R@100,1.0
q55316,nDCG@10,0.3010299956639812
q55316,R@100,1.0
q55317,nDCG@10,0.0
q55317,R@100,1.0
q55318,nDCG@10,0.0
q55318,R@100,0.0
q55319,nDCG@10,0.0
q55319,R@100,0.0
q55320,nDCG@10,0.0
q55320,R@100,0.0
q55321,nDCG@10,1.0
q55321,R@100,1.0
q55322,nDCG@10,0.0
q55322,R@100,0.0
q55323,nDCG@10,0.6309297535714575
q55323,R@100,1.0
q55324,nDCG@10,0.0
q55324,R@100,0.0
q55325,nDCG@10,0.3562071871080222
q55325,R@100,1.0
q55326,nDCG@10,0.6309297535714575
q55326,R@100,1.0
q55327,nDCG@10,0.0
q55327,R@100,1.0
q55328,nDCG@10,0.0
q55328,R@100,0.0
q55329,nDCG@10,0.0
q55329,R@100,0.0
q55330,nDCG@10,0.0
q55330,R@100,1.0
q55331,nDCG@10,1.0
q55331,R@100,1.0
q55332,nDCG@10,0.43067655807339306
q55332,R@100,1.0
q55333,nDCG@10,0.0
q55333,R@100,0.0
q55334,nDCG@10,0.0
q55334,R@100,0.0
q55335,nDCG@10,0.0
q55335,R@100,0.0
q55336,nDCG@10,1.0
q55336,R@100,1.0
q55337,nDCG@10,0.0
q55337,R@100,1.0
q55338,nDCG@10,1.0
q55338,R@100,1.0
q55339,nDCG@10,1.0
q55339,R@100,1.0
q55340,nDCG@10,0.31546487678572877
q55340,R@100,1.0
q55341,nDCG@10,1.0
q55341,R@100,1.0
q55342,nDCG@10,0.0
q55342,R@100,0.0
q55343,nDCG@10,0.0
q55343,R@100,0.0
q55344,nDCG@10,1.0
q55344,R@100,1.0
q55345,nDCG@10,0.0
q55345,R@100,0.0
q55346,nDCG@10,0.6309297535714575
q55346,R@100,1.0
q55347,nDCG@10,1.0
q55347,R@100,1.0
q55348,nDCG@10,0.0
q55348,R@100,1.0
q55349,nDCG@10,0.0
q55349,R@100,1.0
q55350,nDCG@10,1.0
q55350,R@100,1.0
q55351,nDCG@10,1.0
q55351,R@100,1.0
q55352,nDCG@10,0.0
q55352,R@100,0.0
q55353,nDCG@10,1.0
q55353,R@100,1.0
q55354,nDCG@10,0.6309297535714575
q55354,R@100,1.0
q55355,nDCG@10,0.0
q55355,R@100,0.0
q55356,nDCG@10,0.0
q55356,R@100,0.0
q55357,nDCG@10,0.0
q55357,R@100,1.0
q55358,nDCG@10,0.0
q55358,R@100,0.0
q55359,nDCG@10,0.38685280723454163
q55359,R@100,1.0
q55360,nDCG@10,0.3333333333333333
q55360,R@100,1.0
q55361,nDCG@10,0.6309297535714575
q55361,R@100,1.0
q55362,nDCG@10,0.0
q55362,R@100,0.0
q55363,nDCG@10,0.0
q55363,R@100,1.0
q55364,nDCG@10,0.6309297535714575
q55364,R@100,1.0
q55365,nDCG@10,0.3010299956639812
q55365,R@100,1.0
q55366,nDCG@10,0.0
q55366,R@100,0.0
q55367,nDCG@10,1.0
q55367,R@100,1.0
q55368,nDCG@10,0.0
q55368,R@100,0.0
q55369,nDCG@10,0.0
q55369,R@100,1.0
q55370,nDCG@10,0.0
q55370,R@100,0.0
q55371,nDCG@10,0.0
q55371,R@100,0.0
q55372,nDCG@10,0.43067655807339306
q55372,R@100,1.0
q55373,nDCG@10,0.5
q55373,R@100,1.0
q55374,nDCG@10,1.0
q55374,R@100,1.0
q55375,nDCG@10,0.0
q55375,R@100,0.0
q55376,nDCG@10,0.0
q55376,R@100,0.0
q55377,nDCG@10,0.0
q55377,R@100,0.0
q55378,nDCG@10,1.0
q55378,R@100,1.0
q55379,nDCG@10,0.0
q55379,R@100,0.0
q55380,nDCG@10,1.0
q55380,R@100,1.0
q55381,nDCG@10,0.0
q55381,R@100,0.0
q55382,nDCG@10,1.0
q55382,R@100,1.0
q55383,nDCG@10,1.0
q55383,R@100,1.0
q55384,nDCG@10,0.0
q55384,R@100,0.0
q55385,nDCG@10,0.0
q55385,R@100,0.0
q55386,nDCG@10,0.0
q55386,R@100,0.0
q55387,nDCG@10,0.0
q55387,R@100,1.0
q55388,nDCG@10,0.0
q55388,R@100,0.0
q55389,nDCG@10,1.0
q55389,R@100,1.0
q55390,nDCG@10,0.0
q55390,R@100,0.0
q55391,nDCG@10,0.0
q55391,R@100,0.0
q55392,nDCG@10,0.0
q55392,R@100,0.0
q55393,nDCG@10,0.0
q55393,R@100,1.0
q55394,nDCG@10,0.0
q55394,R@100,0.0
q55395,nDCG@10,1.0
q55395,R@100,1.0
q55396,nDCG@10,0.0
q55396,R@100,0.0
q55397,nDCG@10,1.0
q55397,R@100,1.0
q55398,nDCG@10,0.0
q55398,R@100,0.0
q55399,nDCG@10,0.0
q55399,R@100,0.0
q55400,nDCG@10,0.0
q55400,R@100,0.0
q55401,nDCG@10,0.0
q55401,R@100,1.0
q55402,nDCG@10,0.0
q55402,R@100,0.0
q55403,nDCG@10,0.5
q55403,R@100,1.0
q55404,nDCG@10,0.31546487678572877
q55404,R@100,1.0
q55405,nDCG@10,1.0
q55405,R@100,1.0
q55406,nDCG@10,0.0
q55406,R@100,0.0
q55407,nDCG@10,0.5
q55407,R@100,1.0
q55408,nDCG@10,0.6309297535714575
q55408,R@100,1.0
q55409,nDCG@10,0.3562071871080222
q55409,R@100,1.0
q55410,nDCG@10,0.0
q55410,R@100,1.0
q55411,nDCG@10,0.0
q55411,R@100,0.0
q55412,nDCG@10,1.0
q55412,R@100,1.0
q55413,nDCG@10,0.0
q55413,R@100,0.0
q55414,nDCG@10,1.0
q55414,R@100,1.0
q55415,nDCG@10,1.0
q55415,R@100,1.0
q55416,nDCG@10,0.0
q55416,R@100,0.0
q55417,nDCG@10,0.0
q55417,R@100,0.0
q55418,nDCG@10,0.0
q55418,R@100,1.0
q55419,nDCG@10,0.0
q55419,R@100,0.0
q55420,nDCG@10,1.0
q55420,R@100,1.0
q55421,nDCG@10,0.0
q55421,R@100,0.0
q55422,nDCG@10,0.6309297535714575
q55422,R@100,1.0
q55423,nDCG@10,1.0
q55423,R@100,1.0
q55424,nDCG@10,0.0
q55424,R@100,0.0
q55425,nDCG@10,0.5
q55425,R@100,1.0
q55426,nDCG@10,1.0
q55426,R@100,1.0
q55427,nDCG@10,0.0
q55427,R@100,1.0
q55428,nDCG@10,0.0
q55428,R@100,1.0
q55429,nDCG@10,0.0
q55429,R@100,0.0
q55430,nDCG@10,0.5
q55430,R@100,1.0
q55431,nDCG@10,0.0
q55431,R@100,0.0
q55432,nDCG@10,0.0
q55432,R@100,1.0
q55433,nDCG@10,1.0
q55433,R@100,1.0
q55434,nDCG@10,1.0
q55434,R@100,1.0
q55435,nDCG@10,0.0
q55435,R@100,1.0
q55436,nDCG@10,0.0
q55436,R@100,0.0
q55437,nDCG@10,0.0
q55437,R@100,0.0
q55438,nDCG@10,0.0
q55438,R@100,0.0
q55439,nDCG@10,1.0
q55439,R@100,1.0
q55440,nDCG@10,0.0
q55440,R@100,0.0
q55441,nDCG@10,1.0
q55441,R@100,1.0
q55442,nDCG@10,0.0
q55442,R@100,0.0
q55443,nDCG@10,0.0
q55443,R@100,1.0
q55444,nDCG@10,1.0
q55444,R@100,1.0
q55445,nDCG@10,0.0
q55445,R@100,1.0
q55446,nDCG@10,0.38685280723454163
q55446,R@100,1.0
q55447,nDCG@10,0.0
q55447,R@100,0.0
q55448,nDCG@10,1.0
q55448,R@100,1.0
q55449,nDCG@10,0.0
q55449,R@100,0.0
q55450,nDCG@10,0.0
q55450,R@100,0.0
q55451,nDCG@10,1.0
q55451,R@100,1.0
q55452,nDCG@10,0.0
q55452,R@100,1.0
q55453,nDCG@10,0.0
q55453,R@100,0.0
q55454,nDCG@10,1.0
q55454,R@100,1.0
q55455,nDCG@10,1.0
q55455,R@100,1.0
q55456,nDCG@10,1.0
q55456,R@100,1.0
q55457,nDCG@10,1.0
q55457,R@100,1.0
q55458,nDCG@10,0.0
q55458,R@100,1.0
q55459,nDCG@10,0.2890648263178879
q55459,R@100,1.0
q55460,nDCG@10,0.0
q55460,R@100,1.0
q55461,nDCG@10,0.0
q55461,R@100,0.0
q55462,nDCG@10,0.0
q55462,R@100,0.0
q55463,nDCG@10,0.0
q55463,R@100,0.0
q55464,nDCG@10,0.0
q55464,R@100,0.0
q55465,nDCG@10,1.0
q55465,R@100,1.0
q55466,nDCG@10,0.43067655807339306
q55466,R@100,1.0
q55467,nDCG@10,1.0
q55467,R@100,1.0
q55468,nDCG@10,0.0
q55468,R@100,0.0
q55469,nDCG@10,0.2890648263178879
q55469,R@100,1.0
q55470,nDCG@10,0.0
q55470,R@100,1.0
q55471,nDCG@10,1.0
q55471,R@100,1.0
q55472,nDCG@10,0.0
q55472,R@100,0.0
q55473,nDCG@10,1.0
q55473,R@100,1.0
q55474,nDCG@10,0.6309297535714575
q55474,R@100,1.0
q55475,nDCG@10,1.0
q55475,R@100,1.0
q55476,nDCG@10,0.3010299956639812
q55476,R@100,1.0
q55477,nDCG@10,0.0
q55477,R@100,0.0
q55478,nDCG@10,0.0
q55478,R@100,0.0
q55479,nDCG@10,0.0
q55479,R@100,0.0
q55480,nDCG@10,0.0
q55480,R@100,1.0
q55481,nDCG@10,0.3562071871080222
q55481,R@100,1.0
q55482,nDCG@10,0.0
q55482,R@100,0.0
q55483,nDCG@10,1.0
q55483,R@100,1.0
q55484,nDCG@10,1.0
q55484,R@100,1.0
q55485,nDCG@10,1.0
q55485,R@100,1.0
q55486,nDCG@10,0.3333333333333333
q55486,R@100,1.0
q55487,nDCG@10,0.0
q55487,R@100,0.0
q55488,nDCG@10,0.3333333333333333
q55488,R@100,1.0
q55489,nDCG@10,0.38685280723454163
q55489,R@100,1.0
q55490,nDCG@10,0.43067655807339306
q55490,R@100,1.0
q55491,nDCG@10,0.0
q55491,R@100,0.0
q55492,nDCG@10,1.0
q55492,R@100,1.0
q55493,nDCG@10,1.0
q55493,R@100,1.0
q55494,nDCG@10,0.0
q55494,R@100,1.0
q55495,nDCG@10,0.43067655807339306
q55495,R@100,1.0
q55496,nDCG@10,1.0
q55496,R@100,1.0
q55497,nDCG@10,0.6309297535714575
q55497,R@100,1.0
q55498,nDCG@10,1.0
q55498,R@100,1.0
q55499,nDCG@10,0.0
q55499,R@100,1.0
q55500,nDCG@10,0.6309297535714575
q55500,R@100,1.0
q55501,nDCG@10,1.0
q55501,R@100,1.0
q55502,nDCG@10,0.6309297535714575
q55502,R@100,1.0
q55503,nDCG@10,0.0
q55503,R@100,1.0
q55504,nDCG@10,0.0
q55504,R@100,0.0
q55505,nDCG@10,1.0
q55505,R@100,1.0
q55506,nDCG@10,0.0
q55506,R@100,1.0
q55507,nDCG@10,0.0
q55507,R@100,0.0
q55508,nDCG@10,0.0
q55508,R@100,1.0
q55509,nDCG@10,0.6309297535714575
q55509,R@100,1.0
q55510,nDCG@10,0.6309297535714575
q55510,R@100,1.0
q55511,nDCG@10,0.5
q55511,R@100,1.0
q55512,nDCG@10,0.0
q55512,R@100,0.0
q55513,nDCG@10,0.0
q55513,R@100,0.0
q55514,nDCG@10,1.0
q55514,R@100,1.0
q55515,nDCG@10,1.0
q55515,R@100,1.0
q55516,nDCG@10,1.0
q55516,R@100,1.0
q55517,nDCG@10,0.0
q55517,R@100,0.0
q55518,nDCG@10,1.0
q55518,R@100,1.0
q55519,nDCG@10,0.0
q55519,R@100,0.0
q55520,nDCG@10,0.0
q55520,R@100,0.0
q55521,nDCG@10,0.0
q55521,R@100,1.0
q55522,nDCG@10,1.0
q55522,R@100,1.0
q55523,nDCG@10,0.0
q55523,R@100,0.0
q55524,nDCG@10,1.0
q55524,R@100,1.0
q55525,nDCG@10,1.0
q55525,R@100,1.0
q55526,nDCG@10,0.0
q55526,R@100,1.0
q55527,nDCG@10,0.6309297535714575
q55527,R@100,1.0
q55528,nDCG@10,0.0
q55528,R@100,0.0
q55529,nDCG@10,1.0
q55529,R@100,1.0
q55530,nDCG@10,0.0
q55530,R@100,0.0
q55531,nDCG@10,1.0
q55531,R@100,1.0
q55532,nDCG@10,0.5
q55532,R@100,1.0
q55533,nDCG@10,1.0
q55533,R@100,1.0
q55534,nDCG@10,1.0
q55534,R@100,1.0
q55535,nDCG@10,1.0
q55535,R@100,1.0
q55536,nDCG@10,1.0
q55536,R@100,1.0
q55537,nDCG@10,0.0
q55537,R@100,0.0
q55538,nDCG@10,1.0
q55538,R@100,1.0
q55539,nDCG@10,1.0
q55539,R@100,1.0
q55540,nDCG@10,1.0
q55540,R@100,1.0
q55541,nDCG@10,1.0
q55541,R@100,1.0
q55542,nDCG@10,0.38685280723454163
q55542,R@100,1.0
q55543,nDCG@10,0.0
q55543,R@100,1.0
q55544,nDCG@10,0.0
q55544,R@100,1.0
q55545,nDCG@10,0.0
q55545,R@100,0.0
q55546,nDCG@10,1.0
q55546,R@100,1.0
q55547,nDCG@10,0.0
q55547,R@100,0.0
q55548,nDCG@10,0.3333333333333333
q55548,R@100,1.0
q55549,nDCG@10,1.0
q55549,R@100,1.0
q55550,nDCG@10,0.0
q55550,R@100,0.0
q55551,nDCG@10,0.0
q55551,R@100,1.0
q55552,nDCG@10,0.0
q55552,R@100,0.0
q55553,nDCG@10,1.0
q55553,R@100,1.0
q55554,nDCG@10,0.0
q55554,R@100,0.0
q55555,nDCG@10,0.0
q55555,R@100,0.0
q55556,nDCG@10,0.0
q55556,R@100,0.0
q55557,nDCG@10,1.0
q55557,R@100,1.0
q55558,nDCG@10,1.0
q55558,R@100,1.0
q55559,nDCG@10,1.0
q55559,R@100,1.0
q55560,nDCG@10,0.6309297535714575
q55560,R@100,1.0
q55561,nDCG@10,0.0
q55561,R@100,0.0
q55562,nDCG@10,0.6309297535714575
q55562,R@100,1.0
q55563,nDCG@10,0.0
q55563,R@100,0.0
q55564,nDCG@10,1.0
q55564,R@100,1.0
q55565,nDCG@10,1.0
q55565,R@100,1.0
q55566,nDCG@10,0.0
q55566,R@100,1.0
q55567,nDCG@10,1.0
q55567,R@100,1.0
q55568,nDCG@10,0.0
q55568,R@100,0.0
q55569,nDCG@10,1.0
q55569,R@100,1.0
q55570,nDCG@10,1.0
q55570,R@100,1.0
q55571,nDCG@10,1.0
q55571,R@100,1.0
q55572,nDCG@10,0.0
q55572,R@100,0.0
q55573,nDCG@10,1.0
q55573,R@100,1.0
q55574,nDCG@10,0.0
q55574,R@100,0.0
q55575,nDCG@10,1.0
q55575,R@100,1.0
q55576,nDCG@10,0.0
q55576,R@100,0.0
q55577,nDCG@10,0.0
q55577,R@100,1.0
q55578,nDCG@10,0.0
q55578,R@100,0.0
q55579,nDCG@10,1.0
q55579,R@100,1.0
q55580,nDCG@10,0.0
q55580,R@100,0.0
q55581,nDCG@10,0.6309297535714575
q55581,R@100,1.0
q55582,nDCG@10,1.0
q55582,R@100,1.0
q55583,nDCG@10,0.3562071871080222
q55583,R@100,1.0
q55584,nDCG@10,1.0
q55584,R@100,1.0
q55585,nDCG@10,0.43067655807339306
q55585,R@100,1.0
q55586,nDCG@10,1.0
q55586,R@100,1.0
q55587,nDCG@10,0.3333333333333333
q55587,R@100,1.0
q55588,nDCG@10,0.5
q55588,R@100,1.0
q55589,nDCG@10,0.0
q55589,R@100,0.0
q55590,nDCG@10,1.0
q55590,R@100,1.0
q55591,nDCG@10,0.0
q55591,R@100,0.0
q55592,nDCG@10,1.0
q55592,R@100,1.0
q55593,nDCG@10,0.6309297535714575
q55593,R@100,1.0
q55594,nDCG@10,1.0
q55594,R@100,1.0
q55595,nDCG@10,0.0
q55595,R@100,1.0
q55596,nDCG@10,1.0
q55596,R@100,1.0
q55597,nDCG@10,0.2890648263178879
q55597,R@100,1.0
q55598,nDCG@10,0.5
q55598,R@100,1.0
q55599,nDCG@10,0.0
q55599,R@100,0.0
q55600,nDCG@10,0.0
q55600,R@100,0.0
q55601,nDCG@10,1.0
q55601,R@100,1.0
q55602,nDCG@10,0.0
q55602,R@100,0.0
q55603,nDCG@10,0.0
q55603,R@100,0.0
q55604,nDCG@10,0.0
q55604,R@100,1.0
q55605,nDCG@10,0.6309297535714575
q55605,R@100,1.0
q55606,nDCG@10,1.0
q55606,R@100,1.0
q55607,nDCG@10,0.0
q55607,R@100,1.0
q55608,nDCG@10,1.0
q55608,R@100,1.0
q55609,nDCG@10,0.43067655807339306
q55609,R@100,1.0
q55610,nDCG@10,0.0
q55610,R@100,0.0
q55611,nDCG@10,0.0
q55611,R@100,0.0
q55612,nDCG@10,1.0
q55612,R@100,1.0
q55613,nDCG@10,0.0
q55613,R@100,1.0
q55614,nDCG@10,0.0
q55614,R@100,0.0
q55615,nDCG@10,0.0
q55615,R@100,0.0
q55616,nDCG@10,1.0
q55616,R@100,1.0
q55617,nDCG@10,0.5
q55617,R@100,1.0
q55618,nDCG@10,1.0
q55618,R@100,1.0
q55619,nDCG@10,0.38685280723454163
q55619,R@100,1.0
q55620,nDCG@10,0.0
q55620,R@100,0.0
q55621,nDCG@10,0.0
q55621,R@100,0.0
q55622,nDCG@10,0.38685280723454163
q55622,R@100,1.0
q55623,nDCG@10,0.0
q55623,R@100,0.0
q55624,nDCG@10,0.0
q55624,R@100,0.0
q55625,nDCG@10,0.6309297535714575
q55625,R@100,1.0
q55626,nDCG@10,1.0
q55626,R@100,1.0
q55627,nDCG@10,1.0
q55627,R@100,1.0
q55628,nDCG@10,0.0
q55628,R@100,0.0
q55629,nDCG@10,1.0
q55629,R@100,1.0
q55630,nDCG@10,0.6309297535714575
q55630,R@100,1.0
q55631,nDCG@10,1.0
q55631,R@100,1.0
q55632,nDCG@10,0.0
q55632,R@100,0.0
q55633,nDCG@10,0.43067655807339306
q55633,R@100,1.0
q55634,nDCG@10,0.0
q55634,R@100,0.0
q55635,nDCG@10,1.0
q55635,R@100,1.0
q55636,nDCG@10,0.43067655807339306
q55636,R@100,1.0
q55637,nDCG@10,0.0
q55637,R@100,0.0
q55638,nDCG@10,0.0
q55638,R@100,0.0
q55639,nDCG@10,0.0
q55639,R@100,0.0
q55640,nDCG@10,0.0
q55640,R@100,1.0
q55641,nDCG@10,0.0
q55641,R@100,1.0
q55642,nDCG@10,0.0
q55642,R@100,1.0
q55643,nDCG@10,1.0
q55643,R@100,1.0
q55644,nDCG@10,0.0
q55644,R@100,0.0
q55645,nDCG@10,0.0
q55645,R@100,1.0
q55646,nDCG@10,0.0
q55646,R@100,0.0
q55647,nDCG@10,1.0
q55647,R@100,1.0
q55648,nDCG@10,0.0
q55648,R@100,1.0
q55649,nDCG@10,1.0
q55649,R@100,1.0
q55650,nDCG@10,1.0
q55650,R@100,1.0
q55651,nDCG@10,1.0
q55651,R@100,1.0
q55652,nDCG@10,1.0
q55652,R@100,1.0
q55653,nDCG@10,0.6309297535714575
q55653,R@100,1.0
q55654,nDCG@10,0.0
q55654,R@100,0.0
q55655,nDCG@10,0.0
q55655,R@100,1.0
q55656,nDCG@10,0.0
q55656,R@100,1.0
q55657,nDCG@10,1.0
q55657,R@100,1.0
q55658,nDCG@10,0.0
q55658,R@100,0.0
q55659,nDCG@10,0.0
q55659,R@100,0.0
q55660,nDCG@10,1.0
q55660,R@100,1.0
q55661,nDCG@10,0.0
q55661,R@100,1.0
q55662,nDCG@10,1.0
q55662,R@100,1.0
q55663,nDCG@10,0.0
q55663,R@100,0.0
q55664,nDCG@10,0.0
q55664,R@100,1.0
q55665,nDCG@10,0.6309297535714575
q55665,R@100,1.0
q55666,nDCG@10,1.0
q55666,R@100,1.0
q55667,nDCG@10,0.0
q55667,R@100,0.0
q55668,nDCG@10,1.0
q55668,R@100,1.0
q55669,nDCG@10,1.0
q55669,R@100,1.0
q55670,nDCG@10,0.0
q55670,R@100,0.0
q55671,nDCG@10,1.0
q55671,R@100,1.0
q55672,nDCG@10,0.0
q55672,R@100,0.0
q55673,nDCG@10,1.0
q55673,R@100,1.0
q55674,nDCG@10,0.0
q55674,R@100,1.0
q55675,nDCG@10,0.0
q55675,R@100,1.0
q55676,nDCG@10,0.0
q55676,R@100,0.0
q55677,nDCG@10,1.0
q55677,R@100,1.0
q55678,nDCG@10,1.0
q55678,R@100,1.0
q55679,nDCG@10,1.0
q55679,R@100,1.0
q55680,nDCG@10,0.31546487678572877
q55680,R@100,1.0
q55681,nDCG@10,1.0
q55681,R@100,1.0
q55682,nDCG@10,0.0
q55682,R@100,0.0
q55683,nDCG@10,0.2890648263178879
q55683,R@100,1.0
q55684,nDCG@10,0.6309297535714575
q55684,R@100,1.0
q55685,nDCG@10,0.0
q55685,R@100,1.0
q55686,nDCG@10,0.38685280723454163
q55686,R@100,1.0
q55687,nDCG@10,0.6309297535714575
q55687,R@100,1.0
q55688,nDCG@10,1.0
q55688,R@100,1.0
q55689,nDCG@10,0.0
q55689,R@100,0.0
q55690,nDCG@10,1.0
q55690,R@100,1.0
q55691,nDCG@10,0.0
q55691,R@100,1.0
q55692,nDCG@10,0.0
q55692,R@100,0.0
q55693,nDCG@10,0.6309297535714575
q55693,R@100,1.0
q55694,nDCG@10,1.0
q55694,R@100,1.0
q55695,nDCG@10,1.0
q55695,R@100,1.0
q55696,nDCG@10,0.0
q55696,R@100,1.0
q55697,nDCG@10,0.0
q55697,R@100,0.0
q55698,nDCG@10,1.0
q55698,R@100,1.0
q55699,nDCG@10,1.0
q55699,R@100,1.0
q55700,nDCG@10,1.0
q55700,R@100,1.0
q55701,nDCG@10,0.6309297535714575
q55701,R@100,1.0
q55702,nDCG@10,0.0
q55702,R@100,1.0
q55703,nDCG@10,0.0
q55703,R@100,1.0
q55704,nDCG@10,0.0
q55704,R@100,0.0
q55705,nDCG@10,0.0
q55705,R@100,1.0
q55706,nDCG@10,0.31546487678572877
q55706,R@100,1.0
q55707,nDCG@10,0.0
q55707,R@100,0.0
q55708,nDCG@10,0.3562071871080222
q55708,R@100,1.0
q55709,nDCG@10,0.0
q55709,R@100,1.0
q55710,nDCG@10,1.0
q55710,R@100,1.0
q55711,nDCG@10,1.0
q55711,R@100,1.0
q55712,nDCG@10,1.0
q55712,R@100,1.0
q55713,nDCG@10,1.0
q55713,R@100,1.0
q55714,nDCG@10,0.0
q55714,R@100,1.0
q55715,nDCG@10,1.0
q55715,R@100,1.0
q55716,nDCG@10,1.0
q55716,R@100,1.0
q55717,nDCG@10,1.0
q55717,R@100,1.0
q55718,nDCG@10,1.0
q55718,R@100,1.0
q55719,nDCG@10,0.0
q55719,R@100,0.0
q55720,nDCG@10,0.0
q55720,R@100,0.0
q55721,nDCG@10,0.0
q55721,R@100,0.0
q55722,nDCG@10,1.0
q55722,R@100,1.0
q55723,nDCG@10,1.0
q55723,R@100,1.0
q55724,nDCG@10,1.0
q55724,R@100,1.0
q55725,nDCG@10,1.0
q55725,R@100,1.0
q55726,nDCG@10,1.0
q55726,R@100,1.0
q55727,nDCG@10,0.0
q55727,R@100,0.0
q55728,nDCG@10,1.0
q55728,R@100,1.0
q55729,nDCG@10,0.6309297535714575
q55729,R@100,1.0
q55730,nDCG@10,1.0
q55730,R@100,1.0
q55731,nDCG@10,1.0
q55731,R@100,1.0
q55732,nDCG@10,0.0
q55732,R@100,0.0
q55733,nDCG@10,0.0
q55733,R@100,1.0
q55734,nDCG@10,1.0
q55734,R@100,1.0
q55735,nDCG@10,0.38685280723454163
q55735,R@100,1.0
q55736,nDCG@10,1.0
q55736,R@100,1.0
q55737,nDCG@10,1.0
q55737,R@100,1.0
q55738,nDCG@10,1.0
q55738,R@100,1.0
q55739,nDCG@10,0.0
q55739,R@100,0.0
q55740,nDCG@10,1.0
q55740,R@100,1.0
q55741,nDCG@10,0.0
q55741,R@100,1.0
q55742,nDCG@10,1.0
q55742,R@100,1.0
q55743,nDCG@10,1.0
q55743,R@100,1.0
q55744,nDCG@10,0.6309297535714575
q55744,R@100,1.0
q55745,nDCG@10,0.0
q55745,R@100,1.0
q55746,nDCG@10,0.0
q55746,R@100,1.0
q55747,nDCG@10,0.0
q55747,R@100,1.0
q55748,nDCG@10,1.0
q55748,R@100,1.0
q55749,nDCG@10,0.31546487678572877
q55749,R@100,1.0
q55750,nDCG@10,1.0
q55750,R@100,1.0
q55751,nDCG@10,0.5
q55751,R@100,1.0
q55752,nDCG@10,0.3010299956639812
q55752,R@100,1.0
q55753,nDCG@10,0.43067655807339306
q55753,R@100,1.0
q55754,nDCG@10,0.0
q55754,R@100,0.0
q55755,nDCG@10,0.0
q55755,R@100,1.0
q55756,nDCG@10,1.0
q55756,R@100,1.0
q55757,nDCG@10,0.31546487678572877
q55757,R@100,1.0
q55758,nDCG@10,1.0
q55758,R@100,1.0
q55759,nDCG@10,1.0
q55759,R@100,1.0
q55760,nDCG@10,1.0
q55760,R@100,1.0
q55761,nDCG@10,0.6309297535714575
q55761,R@100,1.0
q55762,nDCG@10,1.0
q55762,R@100,1.0
q55763,nDCG@10,0.3010299956639812
q55763,R@100,1.0
q55764,nDCG@10,1.0
q55764,R@100,1.0
q55765,nDCG@10,0.0
q55765,R@100,0.0
q55766,nDCG@10,0.43067655807339306
q55766,R@100,1.0
q55767,nDCG@10,1.0
q55767,R@100,1.0
q55768,nDCG@10,1.0
q55768,R@100,1.0
q55769,nDCG@10,0.0
q55769,R@100,0.0
q55770,nDCG@10,0.0
q55770,R@100,1.0
q55771,nDCG@10,0.0
q55771,R@100,0.0
q55772,nDCG@10,0.6309297535714575
q55772,R@100,1.0
q55773,nDCG@10,0.0
q55773,R@100,0.0
q55774,nDCG@10,1.0
q55774,R@100,1.0
q55775,nDCG@10,0.3333333333333333
q55775,R@100,1.0
q55776,nDCG@10,1.0
q55776,R@100,1.0
q55777,nDCG@10,1.0
q55777,R@100,1.0
q55778,nDCG@10,0.5
q55778,R@100,1.0
q55779,nDCG@10,0.6309297535714575
q55779,R@100,1.0
q55780,nDCG@10,0.0
q55780,R@100,0.0
q55781,nDCG@10,0.5
q55781,R@100,1.0
q55782,nDCG@10,0.0
q55782,R@100,0.0
q55783,nDCG@10,0.0
q55783,R@100,0.0
q55784,nDCG@10,0.5
q55784,R@100,1.0
q55785,nDCG@10,1.0
q55785,R@100,1.0
q55786,nDCG@10,0.0
q55786,R@100,0.0
q55787,nDCG@10,0.3562071871080222
q55787,R@100,1.0
q55788,nDCG@10,0.0
q55788,R@100,0.0
q55789,nDCG@10,0.0
q55789,R@100,0.0
q55790,nDCG@10,1.0
q55790,R@100,1.0
q55791,nDCG@10,1.0
q55791,R@100,1.0
q55792,nDCG@10,1.0
q55792,R@100,1.0
q55793,nDCG@10,1.0
q55793,R@100,1.0
q55794,nDCG@10,0.3562071871080222
q55794,R@100,1.0
q55795,nDCG@10,0.0
q55795,R@100,0.0
q55796,nDCG@10,1.0
q55796,R@100,1.0
q55797,nDCG@10,0.0
q55797,R@100,1.0
q55798,nDCG@10,0.43067655807339306
q55798,R@100,1.0
q55799,nDCG@10,0.0
q55799,R@100,1.0
q55800,nDCG@10,0.0
q55800,R@100,0.0
q55801,nDCG@10,0.0
q55801,R@100,0.0
q55802,nDCG@10,0.0
q55802,R@100,0.0
q55803,nDCG@10,0.0
q55803,R@100,0.0
q55804,nDCG@10,0.0
q55804,R@100,0.0
q55805,nDCG@10,0.0
q55805,R@100,1.0
q55806,nDCG@10,1.0
q55806,R@100,1.0
q55807,nDCG@10,0.0
q55807,R@100,1.0
q55808,nDCG@10,0.0
q55808,R@100,0.0
q55809,nDCG@10,0.0
q55809,R@100,1.0
q55810,nDCG@10,0.0
q55810,R@100,0.0
q55811,nDCG@10,0.0
q55811,R@100,0.0
q55812,nDCG@10,1.0
q55812,R@100,1.0
q55813,nDCG@10,0.0
q55813,R@100,0.0
q55814,nDCG@10,1.0
q55814,R@100,1.0
q55815,nDCG@10,1.0
q55815,R@100,1.0
q55816,nDCG@10,0.0
q55816,R@100,0.0
q55817,nDCG@10,1.0
q55817,R@100,1.0
q55818,nDCG@10,0.0
q55818,R@100,1.0
q55819,nDCG@10,0.6309297535714575
q55819,R@100,1.0
q55820,nDCG@10,0.0
q55820,R@100,1.0
q55821,nDCG@10,0.0
q55821,R@100,0.0
q55822,nDCG@10,0.43067655807339306
q55822,R@100,1.0
q55823,nDCG@10,1.0
q55823,R@100,1.0
q55824,nDCG@10,1.0
q55824,R@100,1.0
q55825,nDCG@10,1.0
q55825,R@100,1.0
q55826,nDCG@10,0.0
q55826,R@100,0.0
q55827,nDCG@10,0.0
q55827,R@100,1.0
q55828,nDCG@10,1.0
q55828,R@100,1.0
q55829,nDCG@10,1.0
q55829,R@100,1.0
q55830,nDCG@10,1.0
q55830,R@100,1.0
q55831,nDCG@10,0.0
q55831,R@100,0.0
q55832,nDCG@10,0.5
q55832,R@100,1.0
q55833,nDCG@10,0.6309297535714575
q55833,R@100,1.0
q55834,nDCG@10,0.0
q55834,R@100,0.0
q55835,nDCG@10,1.0
q55835,R@100,1.0
q55836,nDCG@10,0.0
q55836,R@100,0.0
q55837,nDCG@10,0.0
q55837,R@100,0.0
q55838,nDCG@10,0.0
q55838,R@100,0.0
q55839,nDCG@10,1.0
q55839,R@100,1.0
q55840,nDCG@10,0.5
q55840,R@100,1.0
q55841,nDCG@10,1.0
q55841,R@100,1.0
q55842,nDCG@10,0.0
q55842,R@100,1.0
q55843,nDCG@10,0.0
q55843,R@100,0.0
q55844,nDCG@10,1.0
q55844,R@100,1.0
q55845,nDCG@10,0.43067655807339306
q55845,R@100,1.0
q55846,nDCG@10,1.0
q55846,R@100,1.0
q55847,nDCG@10,1.0
q55847,R@100,1.0
q55848,nDCG@10,1.0
q55848,R@100,1.0
q55849,nDCG@10,0.0
q55849,R@100,1.0
q55850,nDCG@10,1.0
q55850,R@100,1.0
q55851,nDCG@10,0.0
q55851,R@100,0.0
q55852,nDCG@10,1.0
q55852,R@100,1.0
q55853,nDCG@10,1.0
q55853,R@100,1.0
q55854,nDCG@10,0.0
q55854,R@100,0.0
q55855,nDCG@10,0.0
q55855,R@100,0.0
q55856,nDCG@10,1.0
q55856,R@100,1.0
q55857,nDCG@10,0.0
q55857,R@100,0.0
q55858,nDCG@10,0.0
q55858,R@100,0.0
q55859,nDCG@10,0.0
q55859,R@100,0.0
q55860,nDCG@10,0.0
q55860,R@100,0.0
q55861,nDCG@10,1.0
q55861,R@100,1.0
q55862,nDCG@10,1.0
q55862,R@100,1.0
q55863,nDCG@10,0.0
q55863,R@100,0.0
q55864,nDCG@10,0.0
q55864,R@100,0.0
q55865,nDCG@10,0.6309297535714575
q55865,R@100,1.0
q55866,nDCG@10,0.0
q55866,R@100,1.0
q55867,nDCG@10,0.0
q55867,R@100,0.0
q55868,nDCG@10,1.0
q55868,R@100,1.0
q55869,nDCG@10,0.0
q55869,R@100,0.0
q55870,nDCG@10,0.0
q55870,R@100,1.0
q55871,nDCG@10,1.0
q55871,R@100,1.0
q55872,nDCG@10,0.6309297535714575
q55872,R@100,1.0
q55873,nDCG@10,1.0
q55873,R@100,1.0
q55874,nDCG@10,0.6309297535714575
q55874,R@100,1.0
q55875,nDCG@10,0.0
q55875,R@100,0.0
q55876,nDCG@10,1.0
q55876,R@100,1.0
q55877,nDCG@10,1.0
q55877,R@100,1.0
q55878,nDCG@10,0.0
q55878,R@100,1.0
q55879,nDCG@10,0.6309297535714575
q55879,R@100,1.0
q55880,nDCG@10,1.0
q55880,R@100,1.0
q55881,nDCG@10,0.0
q55881,R@100,1.0
q55882,nDCG@10,1.0
q55882,R@100,1.0
q55883,nDCG@10,0.43067655807339306
q55883,R@100,1.0
q55884,nDCG@10,0.0
q55884,R@100,0.0
q55885,nDCG@10,0.38685280723454163
q55885,R@100,1.0
q55886,nDCG@10,1.0
q55886,R@100,1.0
q55887,nDCG@10,0.5
q55887,R@100,1.0
q55888,nDCG@10,1.0
q55888,R@100,1.0
q55889,nDCG@10,0.0
q55889,R@100,1.0
q55890,nDCG@10,1.0
q55890,R@100,1.0
q55891,nDCG@10,0.0
q55891,R@100,0.0
q55892,nDCG@10,0.0
q55892,R@100,0.0
q55893,nDCG@10,1.0
q55893,R@100,1.0
q55894,nDCG@10,1.0
q55894,R@100,1.0
q55895,nDCG@10,1.0
q55895,R@100,1.0
q55896,nDCG@10,1.0
q55896,R@100,1.0
q55897,nDCG@10,1.0
q55897,R@100,1.0
q55898,nDCG@10,0.0
q55898,R@100,0.0
q55899,nDCG@10,0.0
q55899,R@100,0.0
q55900,nDCG@10,0.0
q55900,R@100,1.0
q55901,nDCG@10,0.38685280723454163
q55901,R@100,1.0
q55902,nDCG@10,0.0
q55902,R@100,0.0
q55903,nDCG@10,0.38685280723454163
q55903,R@100,1.0
q55904,nDCG@10,0.5
q55904,R@100,1.0
q55905,nDCG@10,0.0
q55905,R@100,1.0
q55906,nDCG@10,0.0
q55906,R@100,1.0
q55907,nDCG@10,0.0
q55907,R@100,0.0
q55908,nDCG@10,0.6309297535714575
q55908,R@100,1.0
q55909,nDCG@10,1.0
q55909,R@100,1.0
q55910,nDCG@10,0.0
q55910,R@100,0.0
q55911,nDCG@10,1.0
q55911,R@100,1.0
q55912,nDCG@10,0.0
q55912,R@100,0.0
q55913,nDCG@10,1.0
q55913,R@100,1.0
q55914,nDCG@10,0.5
q55914,R@100,1.0
q55915,nDCG@10,0.0
q55915,R@100,0.0
q55916,nDCG@10,0.0
q55916,R@100,0.0
q55917,nDCG@10,0.0
q55917,R@100,0.0
q55918,nDCG@10,0.0
q55918,R@100,0.0
q55919,nDCG@10,0.0
q55919,R@100,0.0
q55920,nDCG@10,1.0
q55920,R@100,1.0
q55921,nDCG@10,0.3333333333333333
q55921,R@100,1.0
q55922,nDCG@10,1.0
q55922,R@100,1.0
q55923,nDCG@10,0.0
q55923,R@100,0.0
q55924,nDCG@10,0.5
q55924,R@100,1.0
q55925,nDCG@10,0.0
q55925,R@100,0.0
q55926,nDCG@10,1.0
q55926,R@100,1.0
q55927,nDCG@10,0.38685280723454163
q55927,R@100,1.0
q55928,nDCG@10,0.6309297535714575
q55928,R@100,1.0
q55929,nDCG@10,0.6309297535714575
q55929,R@100,1.0
q55930,nDCG@10,1.0
q55930,R@100,1.0
q55931,nDCG@10,0.5
q55931,R@100,1.0
q55932,nDCG@10,0.0
q55932,R@100,1.0
q55933,nDCG@10,0.0
q55933,R@100,0.0
q55934,nDCG@10,0.0
q55934,R@100,0.0
q55935,nDCG@10,1.0
q55935,R@100,1.0
q55936,nDCG@10,0.0
q55936,R@100,0.0
q55937,nDCG@10,1.0
q55937,R@100,1.0
q55938,nDCG@10,1.0
q55938,R@100,1.0
q55939,nDCG@10,1.0
q55939,R@100,1.0
q55940,nDCG@10,0.5
q55940,R@100,1.0
q55941,nDCG@10,1.0
q55941,R@100,1.0
q55942,nDCG@10,0.43067655807339306
q55942,R@100,1.0
q55943,nDCG@10,0.0
q55943,R@100,0.0
q55944,nDCG@10,1.0
q55944,R@100,1.0
q55945,nDCG@10,0.0
q55945,R@100,0.0
q55946,nDCG@10,0.6309297535714575
q55946,R@100,1.0
q55947,nDCG@10,0.0
q55947,R@100,1.0
q55948,nDCG@10,0.0
q55948,R@100,0.0
q55949,nDCG@10,0.0
q55949,R@100,0.0
q55950,nDCG@10,1.0
q55950,R@100,1.0
q55951,nDCG@10,0.0
q55951,R@100,0.0
q55952,nDCG@10,0.0
q55952,R@100,0.0
q55953,nDCG@10,0.31546487678572877
q55953,R@100,1.0
q55954,nDCG@10,1.0
q55954,R@100,1.0
q55955,nDCG@10,0.43067655807339306
q55955,R@100,1.0
q55956,nDCG@10,0.0
q55956,R@100,1.0
q55957,nDCG@10,0.43067655807339306
q55957,R@100,1.0
q55958,nDCG@10,0.0
q55958,R@100,0.0
q55959,nDCG@10,1.0
q55959,R@100,1.0
q55960,nDCG@10,1.0
q55960,R@100,1.0
q55961,nDCG@10,0.0
q55961,R@100,0.0
q55962,nDCG@10,0.0
q55962,R@100,0.0
q55963,nDCG@10,0.0
q55963,R@100,0.0
q55964,nDCG@10,0.31546487678572877
q55964,R@100,1.0
q55965,nDCG@10,0.0
q55965,R@100,0.0
q55966,nDCG@10,1.0
q55966,R@100,1.0
q55967,nDCG@10,0.5
q55967,R@100,1.0
q55968,nDCG@10,0.3562071871080222
q55968,R@100,1.0
q55969,nDCG@10,0.38685280723454163
q55969,R@100,1.0
q55970,nDCG@10,0.5
q55970,R@100,1.0
q55971,nDCG@10,1.0
q55971,R@100,1.0
q55972,nDCG@10,0.0
q55972,R@100,1.0
q55973,nDCG@10,0.6309297535714575
q55973,R@100,1.0
q55974,nDCG@10,1.0
q55974,R@100,1.0
q55975,nDCG@10,0.0
q55975,R@100,0.0
q55976,nDCG@10,0.0
q55976,R@100,1.0
q55977,nDCG@10,1.0
q55977,R@100,1.0
q55978,nDCG@10,1.0
q55978,R@100,1.0
q55979,nDCG@10,0.5
q55979,R@100,1.0
q55980,nDCG@10,0.0
q55980,R@100,0.0
q55981,nDCG@10,1.0
q55981,R@100,1.0
q55982,nDCG@10,0.0
q55982,R@100,1.0
q55983,nDCG@10,0.0
q55983,R@100,1.0
q55984,nDCG@10,1.0
q55984,R@100,1.0
q55985,nDCG@10,0.5
q55985,R@100,1.0
q55986,nDCG@10,0.3333333333333333
q55986,R@100,1.0
q55987,nDCG@10,1.0
q55987,R@100,1.0
q55988,nDCG@10,0.0
q55988,R@100,0.0
q55989,nDCG@10,0.0
q55989,R@100,1.0
q55990,nDCG@10,0.0
q55990,R@100,1.0
q55991,nDCG@10,1.0
q55991,R@100,1.0
q55992,nDCG@10,0.0
q55992,R@100,1.0
q55993,nDCG@10,1.0
q55993,R@100,1.0
q55994,nDCG@10,1.0
q55994,R@100,1.0
q55995,nDCG@10,0.0
q55995,R@100,0.0
q55996,nDCG@10,0.0
q55996,R@100,0.0
q55997,nDCG@10,1.0
q55997,R@100,1.0
q55998,nDCG@10,0.0
q55998,R@100,1.0
q55999,nDCG@10,0.0
q55999,R@100,1.0
q56000,nDCG@10,1.0
q56000,R@100,1.0
q56001,nDCG@10,1.0
q56001,R@100,1.0
q56002,nDCG@10,1.0
q56002,R@100,1.0
q56003,nDCG@10,0.0
q56003,R@100,0.0
q56004,nDCG@10,0.0
q56004,R@100,1.0
q56005,nDCG@10,0.3562071871080222
q56005,R@100,1.0
q56006,nDCG@10,1.0
q56006,R@100,1.0
q56007,nDCG@10,0.0
q56007,R@100,0.0
q56008,nDCG@10,0.0
q56008,R@100,0.0
q56009,nDCG@10,0.0
q56009,R@100,0.0
q56010,nDCG@10,0.0
q56010,R@100,0.0
q56011,nDCG@10,0.0
q56011,R@100,0.0
q56012,nDCG@10,0.3010299956639812
q56012,R@100,1.0
q56013,nDCG@10,1.0
q56013,R@100,1.0
q56014,nDCG@10,0.5
q56014,R@100,1.0
q56015,nDCG@10,0.0
q56015,R@100,0.0
q56016,nDCG@10,1.0
q56016,R@100,1.0
q56017,nDCG@10,0.0
q56017,R@100,0.0
q56018,nDCG@10,0.0
q56018,R@100,1.0
q56019,nDCG@10,1.0
q56019,R@100,1.0
q56020,nDCG@10,1.0
q56020,R@100,1.0
q56021,nDCG@10,0.0
q56021,R@100,0.0
q56022,nDCG@10,0.0
q56022,R@100,0.0
q56023,nDCG@10,0.0
q56023,R@100,0.0
q56024,nDCG@10,0.0
q56024,R@100,1.0
q56025,nDCG@10,1.0
q56025,R@100,1.0
q56026,nDCG@10,1.0
q56026,R@100,1.0
q56027,nDCG@10,1.0
q56027,R@100,1.0
q56028,nDCG@10,0.0
q56028,R@100,1.0
q56029,nDCG@10,0.0
q56029,R@100,0.0
q56030,nDCG@10,1.0
q56030,R@100,1.0
q56031,nDCG@10,1.0
q56031,R@100,1.0
q56032,nDCG@10,0.6309297535714575
q56032,R@100,1.0
q56033,nDCG@10,0.0
q56033,R@100,1.0
q56034,nDCG@10,0.0
q56034,R@100,1.0
q56035,nDCG@10,0.0
q56035,R@100,0.0
q56036,nDCG@10,1.0
q56036,R@100,1.0
q56037,nDCG@10,0.31546487678572877
q56037,R@100,1.0
q56038,nDCG@10,0.0
q56038,R@100,0.0
q56039,nDCG@10,0.0
q56039,R@100,0.0
q56040,nDCG@10,1.0
q56040,R@100,1.0
q56041,nDCG@10,0.0
q56041,R@100,0.0
q56042,nDCG@10,1.0
q56042,R@100,1.0
q56043,nDCG@10,0.0
q56043,R@100,0.0
q56044,nDCG@10,1.0
q56044,R@100,1.0
q56045,nDCG@10,0.0
q56045,R@100,0.0
q56046,nDCG@10,0.6309297535714575
q56046,R@100,1.0
q56047,nDCG@10,1.0
q56047,R@100,1.0
q56048,nDCG@10,0.0
q56048,R@100,0.0
q56049,nDCG@10,0.0
q56049,R@100,0.0
q56050,nDCG@10,1.0
q56050,R@100,1.0
q56051,nDCG@10,0.3562071871080222
q56051,R@100,1.0
q56052,nDCG@10,0.0
q56052,R@100,0.0
q56053,nDCG@10,0.3562071871080222
q56053,R@100,1.0
q56054,nDCG@10,1.0
q56054,R@100,1.0
q56055,nDCG@10,0.0
q56055,R@100,0.0
q56056,nDCG@10,0.0
q56056,R@100,1.0
q56057,nDCG@10,0.0
q56057,R@100,0.0
q56058,nDCG@10,1.0
q56058,R@100,1.0
q56059,nDCG@10,0.0
q56059,R@100,1.0
q56060,nDCG@10,1.0
q56060,R@100,1.0
q56061,nDCG@10,0.31546487678572877
q56061,R@100,1.0
q56062,nDCG@10,1.0
q56062,R@100,1.0
q56063,nDCG@10,0.0
q56063,R@100,0.0
q56064,nDCG@10,0.0
q56064,R@100,0.0
q56065,nDCG@10,1.0
q56065,R@100,1.0
q56066,nDCG@10,0.43067655807339306
q56066,R@100,1.0
q56067,nDCG@10,1.0
q56067,R@100,1.0
q56068,nDCG@10,0.0
q56068,R@100,1.0
q56069,nDCG@10,0.43067655807339306
q56069,R@100,1.0
q56070,nDCG@10,0.0
q56070,R@100,0.0
q56071,nDCG@10,0.38685280723454163
q56071,R@100,1.0
q56072,nDCG@10,0.0
q56072,R@100,0.0
q56073,nDCG@10,1.0
q56073,R@100,1.0
q56074,nDCG@10,0.0
q56074,R@100,0.0
q56075,nDCG@10,1.0
q56075,R@100,1.0
q56076,nDCG@10,1.0
q56076,R@100,1.0
q56077,nDCG@10,0.0
q56077,R@100,0.0
q56078,nDCG@10,1.0
q56078,R@100,1.0
q56079,nDCG@10,0.0
q56079,R@100,1.0
q56080,nDCG@10,1.0
q56080,R@100,1.0
q56081,nDCG@10,0.2890648263178879
q56081,R@100,1.0
q56082,nDCG@10,0.0
q56082,R@100,0.0
q56083,nDCG@10,1.0
q56083,R@100,1.0
q56084,nDCG@10,0.0
q56084,R@100,1.0
q56085,nDCG@10,0.0
q56085,R@100,1.0
q56086,nDCG@10,0.0
q56086,R@100,0.0
q56087,nDCG@10,0.3333333333333333
q56087,R@100,1.0
q56088,nDCG@10,1.0
q56088,R@100,1.0
q56089,nDCG@10,0.0
q56089,R@100,0.0
q56090,nDCG@10,1.0
q56090,R@100,1.0
q56091,nDCG@10,0.0
q56091,R@100,0.0
q56092,nDCG@10,1.0
q56092,R@100,1.0
q56093,nDCG@10,0.5
q56093,R@100,1.0
q56094,nDCG@10,1.0
q56094,R@100,1.0
q56095,nDCG@10,0.0
q56095,R@100,0.0
q56096,nDCG@10,0.0
q56096,R@100,0.0
q56097,nDCG@10,0.3010299956639812
q56097,R@100,1.0
q56098,nDCG@10,0.0
q56098,R@100,0.0
q56099,nDCG@10,0.2890648263178879
q56099,R@100,1.0
q56100,nDCG@10,0.0
q56100,R@100,0.0
q56101,nDCG@10,0.0
q56101,R@100,1.0
q56102,nDCG@10,1.0
q56102,R@100,1.0
q56103,nDCG@10,1.0
q56103,R@100,1.0
q56104,nDCG@10,1.0
q56104,R@100,1.0
q56105,nDCG@10,0.0
q56105,R@100,1.0
q56106,nDCG@10,0.0
q56106,R@100,0.0
q56107,nDCG@10,1.0
q56107,R@100,1.0
q56108,nDCG@10,0.6309297535714575
q56108,R@100,1.0
q56109,nDCG@10,0.3333333333333333
q56109,R@100,1.0
q56110,nDCG@10,0.0
q56110,R@100,0.0
q56111,nDCG@10,0.0
q56111,R@100,1.0
q56112,nDCG@10,0.3010299956639812
q56112,R@100,1.0
q56113,nDCG@10,0.0
q56113,R@100,0.0
q56114,nDCG@10,0.0
q56114,R@100,0.0
q56115,nDCG@10,0.0
q56115,R@100,0.0
q56116,nDCG@10,0.0
q56116,R@100,0.0
q56117,nDCG@10,0.2890648263178879
q56117,R@100,1.0
q56118,nDCG@10,0.0
q56118,R@100,0.0
q56119,nDCG@10,0.0
q56119,R@100,1.0
q56120,nDCG@10,1.0
q56120,R@100,1.0
q56121,nDCG@10,0.0
q56121,R@100,0.0
q56122,nDCG@10,0.0
q56122,R@100,1.0
q56123,nDCG@10,1.0
q56123,R@100,1.0
q56124,nDCG@10,0.0
q56124,R@100,1.0
q56125,nDCG@10,0.0
q56125,R@100,0.0
q56126,nDCG@10,1.0
q56126,R@100,1.0
q56127,nDCG@10,0.0
q56127,R@100,1.0
q56128,nDCG@10,0.0
q56128,R@100,0.0
q56129,nDCG@10,0.0
q56129,R@100,1.0
q56130,nDCG@10,1.0
q56130,R@100,1.0
q56131,nDCG@10,1.0
q56131,R@100,1.0
q56132,nDCG@10,0.0
q56132,R@100,0.0
q56133,nDCG@10,0.0
q56133,R@100,0.0
q56134,nDCG@10,1.0
q56134,R@100,1.0
q56135,nDCG@10,0.0
q56135,R@100,0.0
q56136,nDCG@10,0.0
q56136,R@100,0.0
q56137,nDCG@10,1.0
q56137,R@100,1.0
q56138,nDCG@10,0.0
q56138,R@100,0.0
q56139,nDCG@10,0.0
q56139,R@100,0.0
q56140,nDCG@10,0.0
q56140,R@100,0.0
q56141,nDCG@10,0.0
q56141,R@100,1.0
q56142,nDCG@10,0.0
q56142,R@100,1.0
q56143,nDCG@10,0.0
q56143,R@100,0.0
q56144,nDCG@10,1.0
q56144,R@100,1.0
q56145,nDCG@10,1.0
q56145,R@100,1.0
q56146,nDCG@10,0.0
q56146,R@100,0.0
q56147,nDCG@10,0.0
q56147,R@100,1.0
q56148,nDCG@10,1.0
q56148,R@100,1.0
q56149,nDCG@10,1.0
q56149,R@100,1.0
q56150,nDCG@10,1.0
q56150,R@100,1.0
q56151,nDCG@10,0.3562071871080222
q56151,R@100,1.0
q56152,nDCG@10,0.5
q56152,R@100,1.0
q56153,nDCG@10,0.0
q56153,R@100,0.0
q56154,nDCG@10,0.5
q56154,R@100,1.0
q56155,nDCG@10,0.38685280723454163
q56155,R@100,1.0
q56156,nDCG@10,0.0
q56156,R@100,0.0
q56157,nDCG@10,0.0
q56157,R@100,1.0
q56158,nDCG@10,1.0
q56158,R@100,1.0
q56159,nDCG@10,0.0
q56159,R@100,0.0
q56160,nDCG@10,0.0
q56160,R@100,0.0
q56161,nDCG@10,0.6309297535714575
q56161,R@100,1.0
q56162,nDCG@10,0.38685280723454163
q56162,R@100,1.0
q56163,nDCG@10,1.0
q56163,R@100,1.0
q56164,nDCG@10,0.0
q56164,R@100,0.0
q56165,nDCG@10,0.3010299956639812
q56165,R@100,1.0
q56166,nDCG@10,1.0
q56166,R@100,1.0
q56167,nDCG@10,0.0
q56167,R@100,1.0
q56168,nDCG@10,0.3010299956639812
q56168,R@100,1.0
q56169,nDCG@10,0.0
q56169,R@100,0.0
q56170,nDCG@10,0.0
q56170,R@100,0.0
q56171,nDCG@10,1.0
q56171,R@100,1.0
q56172,nDCG@10,0.3333333333333333
q56172,R@100,1.0
q56173,nDCG@10,1.0
q56173,R@100,1.0
q56174,nDCG@10,0.0
q56174,R@100,0.0
q56175,nDCG@10,0.0
q56175,R@100,1.0
q56176,nDCG@10,1.0
q56176,R@100,1.0
q56177,nDCG@10,0.43067655807339306
q56177,R@100,1.0
q56178,nDCG@10,0.38685280723454163
q56178,R@100,1.0
q56179,nDCG@10,0.0
q56179,R@100,0.0
q56180,nDCG@10,0.0
q56180,R@100,1.0
q56181,nDCG@10,0.0
q56181,R@100,1.0
q56182,nDCG@10,0.0
q56182,R@100,1.0
q56183,nDCG@10,1.0
q56183,R@100,1.0
q56184,nDCG@10,0.6309297535714575
q56184,R@100,1.0
q56185,nDCG@10,0.0
q56185,R@100,0.0
q56186,nDCG@10,1.0
q56186,R@100,1.0
q56187,nDCG@10,0.38685280723454163
q56187,R@100,1.0
q56188,nDCG@10,1.0
q56188,R@100,1.0
q56189,nDCG@10,0.38685280723454163
q56189,R@100,1.0
q56190,nDCG@10,0.0
q56190,R@100,0.0
q56191,nDCG@10,1.0
q56191,R@100,1.0
q56192,nDCG@10,0.0
q56192,R@100,0.0
q56193,nDCG@10,0.0
q56193,R@100,0.0
q56194,nDCG@10,0.0
q56194,R@100,0.0
q56195,nDCG@10,1.0
q56195,R@100,1.0
q56196,nDCG@10,0.0
q56196,R@100,0.0
q56197,nDCG@10,0.0
q56197,R@100,0.0
q56198,nDCG@10,0.0
q56198,R@100,1.0
q56199,nDCG@10,0.0
q56199,R@100,0.0
q56200,nDCG@10,1.0
q56200,R@100,1.0
q56201,nDCG@10,0.0
q56201,R@100,0.0
q56202,nDCG@10,1.0
q56202,R@100,1.0
q56203,nDCG@10,0.0
q56203,R@100,0.0
q56204,nDCG@10,0.0
q56204,R@100,1.0
q56205,nDCG@10,0.0
q56205,R@100,0.0
q56206,nDCG@10,1.0
q56206,R@100,1.0
q56207,nDCG@10,0.0
q56207,R@100,0.0
q56208,nDCG@10,1.0
q56208,R@100,1.0
q56209,nDCG@10,0.0
q56209,R@100,0.0
q56210,nDCG@10,1.0
q56210,R@100,1.0
q56211,nDCG@10,1.0
q56211,R@100,1.0
q56212,nDCG@10,1.0
q56212,R@100,1.0
q56213,nDCG@10,1.0
q56213,R@100,1.0
q56214,nDCG@10,1.0
q56214,R@100,1.0
q56215,nDCG@10,1.0
q56215,R@100,1.0
q56216,nDCG@10,0.0
q56216,R@100,0.0
q56217,nDCG@10,0.0
q56217,R@100,0.0
q56218,nDCG@10,0.0
q56218,R@100,1.0
q56219,nDCG@10,0.0
q56219,R@100,0.0
q56220,nDCG@10,0.0
q56220,R@100,0.0
q56221,nDCG@10,0.0
q56221,R@100,0.0
q56222,nDCG@10,0.6309297535714575
q56222,R@100,1.0
q56223,nDCG@10,0.43067655807339306
q56223,R@100,1.0
q56224,nDCG@10,0.0
q56224,R@100,1.0
q56225,nDCG@10,0.0
q56225,R@100,0.0
q56226,nDCG@10,0.0
q56226,R@100,0.0
q56227,nDCG@10,1.0
q56227,R@100,1.0
q56228,nDCG@10,0.43067655807339306
q56228,R@100,1.0
q56229,nDCG@10,1.0
q56229,R@100,1.0
q56230,nDCG@10,1.0
q56230,R@100,1.0
q56231,nDCG@10,0.0
q56231,R@100,0.0
q56232,nDCG@10,0.0
q56232,R@100,0.0
q56233,nDCG@10,0.3010299956639812
q56233,R@100,1.0
q56234,nDCG@10,1.0
q56234,R@100,1.0
q56235,nDCG@10,0.0
q56235,R@100,1.0
q56236,nDCG@10,0.6309297535714575
q56236,R@100,1.0
q56237,nDCG@10,1.0
q56237,R@100,1.0
q56238,nDCG@10,1.0
q56238,R@100,1.0
q56239,nDCG@10,0.0
q56239,R@100,0.0
q56240,nDCG@10,0.0
q56240,R@100,0.0
q56241,nDCG@10,0.6309297535714575
q56241,R@100,1.0
q56242,nDCG@10,1.0
q56242,R@100,1.0
q56243,nDCG@10,1.0
q56243,R@100,1.0
q56244,nDCG@10,0.0
q56244,R@100,0.0
q56245,nDCG@10,1.0
q56245,R@100,1.0
q56246,nDCG@10,1.0
q56246,R@100,1.0
q56247,nDCG@10,0.0
q56247,R@100,1.0
q56248,nDCG@10,0.0
q56248,R@100,0.0
q56249,nDCG@10,0.0
q56249,R@100,0.0
q56250,nDCG@10,0.0
q56250,R@100,0.0
q56251,nDCG@10,1.0
q56251,R@100,1.0
q56252,nDCG@10,1.0
q56252,R@100,1.0
q56253,nDCG@10,0.0
q56253,R@100,0.0
q56254,nDCG@10,0.6309297535714575
q56254,R@100,1.0
q56255,nDCG@10,1.0
q56255,R@100,1.0
q56256,nDCG@10,0.6309297535714575
q56256,R@100,1.0
q56257,nDCG@10,1.0
q56257,R@100,1.0
q56258,nDCG@10,1.0
q56258,R@100,1.0
q56259,nDCG@10,0.0
q56259,R@100,0.0
q56260,nDCG@10,0.0
q56260,R@100,0.0
q56261,nDCG@10,0.0
q56261,R@100,1.0
q56262,nDCG@10,1.0
q56262,R@100,1.0
q56263,nDCG@10,0.6309297535714575
q56263,R@100,1.0
q56264,nDCG@10,0.2890648263178879
q56264,R@100,1.0
q56265,nDCG@10,0.0
q56265,R@100,0.0
q56266,nDCG@10,1.0
q56266,R@100,1.0
q56267,nDCG@10,0.0
q56267,R@100,0.0
q56268,nDCG@10,0.0
q56268,R@100,0.0
q56269,nDCG@10,1.0
q56269,R@100,1.0
q56270,nDCG@10,1.0
q56270,R@100,1.0
q56271,nDCG@10,0.43067655807339306
q56271,R@100,1.0
q56272,nDCG@10,0.0
q56272,R@100,1.0
q56273,nDCG@10,0.0
q56273,R@100,0.0
q56274,nDCG@10,1.0
q56274,R@100,1.0
q56275,nDCG@10,0.0
q56275,R@100,0.0
q56276,nDCG@10,0.0
q56276,R@100,0.0
q56277,nDCG@10,0.0
q56277,R@100,1.0
q56278,nDCG@10,1.0
q56278,R@100,1.0
q56279,nDCG@10,0.0
q56279,R@100,0.0
q56280,nDCG@10,1.0
q56280,R@100,1.0
q56281,nDCG@10,0.0
q56281,R@100,0.0
q56282,nDCG@10,0.0
q56282,R@100,1.0
q56283,nDCG@10,1.0
q56283,R@100,1.0
q56284,nDCG@10,1.0
q56284,R@100,1.0
q56285,nDCG@10,0.0
q56285,R@100,0.0
q56286,nDCG@10,0.0
q56286,R@100,0.0
q56287,nDCG@10,0.0
q56287,R@100,0.0
q56288,nDCG@10,0.0
q56288,R@100,0.0
q56289,nDCG@10,0.6309297535714575
q56289,R@100,1.0
q56290,nDCG@10,0.0
q56290,R@100,1.0
q56291,nDCG@10,0.0
q56291,R@100,1.0
q56292,nDCG@10,0.0
q56292,R@100,0.0
q56293,nDCG@10,0.0
q56293,R@100,0.0
q56294,nDCG@10,0.0
q56294,R@100,0.0
q56295,nDCG@10,0.0
q56295,R@100,0.0
q56296,nDCG@10,1.0
q56296,R@100,1.0
q56297,nDCG@10,1.0
q56297,R@100,1.0
q56298,nDCG@10,1.0
q56298,R@100,1.0
q56299,nDCG@10,0.0
q56299,R@100,0.0
q56300,nDCG@10,1.0
q56300,R@100,1.0
q56301,nDCG@10,0.0
q56301,R@100,0.0
q56302,nDCG@10,0.0
q56302,R@100,1.0
q56303,nDCG@10,0.6309297535714575
q56303,R@100,1.0
q56304,nDCG@10,1.0
q56304,R@100,1.0
q56305,nDCG@10,1.0
q56305,R@100,1.0
q56306,nDCG@10,0.0
q56306,R@100,1.0
q56307,nDCG@10,0.3562071871080222
q56307,R@100,1.0
q56308,nDCG@10,0.0
q56308,R@100,0.0
q56309,nDCG@10,0.0
q56309,R@100,0.0
q56310,nDCG@10,0.6309297535714575
q56310,R@100,1.0
q56311,nDCG@10,1.0
q56311,R@100,1.0
q56312,nDCG@10,1.0
q56312,R@100,1.0
q56313,nDCG@10,0.3010299956639812
q56313,R@100,1.0
q56314,nDCG@10,0.5
q56314,R@100,1.0
q56315,nDCG@10,0.5
q56315,R@100,1.0
q56316,nDCG@10,1.0
q56316,R@100,1.0
q56317,nDCG@10,1.0
q56317,R@100,1.0
q56318,nDCG@10,0.0
q56318,R@100,0.0
q56319,nDCG@10,1.0
q56319,R@100,1.0
q56320,nDCG@10,1.0
q56320,R@100,1.0
q56321,nDCG@10,1.0
q56321,R@100,1.0
q56322,nDCG@10,1.0
q56322,R@100,1.0
q56323,nDCG@10,0.3333333333333333
q56323,R@100,1.0
q56324,nDCG@10,0.0
q56324,R@100,0.0
q56325,nDCG@10,0.0
q56325,R@100,0.0
q56326,nDCG@10,0.0
q56326,R@100,1.0
q56327,nDCG@10,1.0
q56327,R@100,1.0
q56328,nDCG@10,1.0
q56328,R@100,1.0
q56329,nDCG@10,1.0
q56329,R@100,1.0
q56330,nDCG@10,0.38685280723454163
q56330,R@100,1.0
q56331,nDCG@10,1.0
q56331,R@100,1.0
q56332,nDCG@10,0.0
q56332,R@100,1.0
q56333,nDCG@10,0.6309297535714575
q56333,R@100,1.0
q56334,nDCG@10,0.0
q56334,R@100,1.0
q56335,nDCG@10,1.0
q56335,R@100,1.0
q56336,nDCG@10,0.0
q56336,R@100,0.0
q56337,nDCG@10,1.0
q56337,R@100,1.0
q56338,nDCG@10,1.0
q56338,R@100,1.0
q56339,nDCG@10,0.6309297535714575
q56339,R@100,1.0
q56340,nDCG@10,1.0
q56340,R@100,1.0
q56341,nDCG@10,1.0
q56341,R@100,1.0
q56342,nDCG@10,1.0
q56342,R@100,1.0
q56343,nDCG@10,0.0
q56343,R@100,0.0
q56344,nDCG@10,0.0
q56344,R@100,1.0
q56345,nDCG@10,1.0
q56345,R@100,1.0
q56346,nDCG@10,0.0
q56346,R@100,0.0
q56347,nDCG@10,0.0
q56347,R@100,0.0
q56348,nDCG@10,0.0
q56348,R@100,1.0
q56349,nDCG@10,0.0
q56349,R@100,1.0
q56350,nDCG@10,0.0
q56350,R@100,1.0
q56351,nDCG@10,1.0
q56351,R@100,1.0
q56352,nDCG@10,0.0
q56352,R@100,0.0
q56353,nDCG@10,0.0
q56353,R@100,0.0
q56354,nDCG@10,0.0
q56354,R@100,0.0
q56355,nDCG@10,0.6309297535714575
q56355,R@100,1.0
q56356,nDCG@10,0.0
q56356,R@100,0.0
q56357,nDCG@10,1.0
q56357,R@100,1.0
q56358,nDCG@10,1.0
q56358,R@100,1.0
q56359,nDCG@10,0.0
q56359,R@100,1.0
q56360,nDCG@10,1.0
q56360,R@100,1.0
q56361,nDCG@10,0.5
q56361,R@100,1.0
q56362,nDCG@10,1.0
q56362,R@100,1.0
q56363,nDCG@10,0.0
q56363,R@100,1.0
q56364,nDCG@10,1.0
q56364,R@100,1.0
q56365,nDCG@10,0.6309297535714575
q56365,R@100,1.0
q56366,nDCG@10,0.0
q56366,R@100,1.0
q56367,nDCG@10,1.0
q56367,R@100,1.0
q56368,nDCG@10,0.0
q56368,R@100,1.0
q56369,nDCG@10,1.0
q56369,R@100,1.0
q56370,nDCG@10,1.0
q56370,R@100,1.0
q56371,nDCG@10,1.0
q56371,R@100,1.0
q56372,nDCG@10,1.0
q56372,R@100,1.0
q56373,nDCG@10,0.0
q56373,R@100,0.0
q56374,nDCG@10,1.0
q56374,R@100,1.0
q56375,nDCG@10,0.0
q56375,R@100,0.0
q56376,nDCG@10,1.0
q56376,R@100,1.0
q56377,nDCG@10,0.0
q56377,R@100,1.0
q56378,nDCG@10,0.38685280723454163
q56378,R@100,1.0
q56379,nDCG@10,1.0
q56379,R@100,1.0
q56380,nDCG@10,1.0
q56380,R@100,1.0
q56381,nDCG@10,0.0
q56381,R@100,0.0
q56382,nDCG@10,0.0
q56382,R@100,0.0
q56383,nDCG@10,1.0
q56383,R@100,1.0
q56384,nDCG@10,0.0
q56384,R@100,1.0
q56385,nDCG@10,0.3010299956639812
q56385,R@100,1.0
q56386,nDCG@10,1.0
q56386,R@100,1.0
q56387,nDCG@10,0.0
q56387,R@100,1.0
q56388,nDCG@10,0.0
q56388,R@100,1.0
q56389,nDCG@10,1.0
q56389,R@100,1.0
q56390,nDCG@10,0.3562071871080222
q56390,R@100,1.0
q56391,nDCG@10,1.0
q56391,R@100,1.0
q56392,nDCG@10,0.31546487678572877
q56392,R@100,1.0
q56393,nDCG@10,0.3333333333333333
q56393,R@100,1.0
q56394,nDCG@10,0.6309297535714575
q56394,R@100,1.0
q56395,nDCG@10,0.0
q56395,R@100,0.0
q56396,nDCG@10,1.0
q56396,R@100,1.0
q56397,nDCG@10,1.0
q56397,R@100,1.0
q56398,nDCG@10,1.0
q56398,R@100,1.0
q56399,nDCG@10,0.0
q56399,R@100,0.0
q56400,nDCG@10,0.0
q56400,R@100,1.0
q56401,nDCG@10,1.0
q56401,R@100,1.0
q56402,nDCG@10,1.0
q56402,R@100,1.0
q56403,nDCG@10,0.0
q56403,R@100,0.0
q56404,nDCG@10,0.38685280723454163
q56404,R@100,1.0
q56405,nDCG@10,0.0
q56405,R@100,1.0
q56406,nDCG@10,0.0
q56406,R@100,0.0
q56407,nDCG@10,0.0
q56407,R@100,0.0
q56408,nDCG@10,0.0
q56408,R@100,0.0
q56409,nDCG@10,0.5
q56409,R@100,1.0
q56410,nDCG@10,0.3333333333333333
q56410,R@100,1.0
q56411,nDCG@10,0.0
q56411,R@100,0.0
q56412,nDCG@10,1.0
q56412,R@100,1.0
q56413,nDCG@10,0.6309297535714575
q56413,R@100,1.0
q56414,nDCG@10,0.0
q56414,R@100,0.0
q56415,nDCG@10,1.0
q56415,R@100,1.0
q56416,nDCG@10,0.0
q56416,R@100,1.0
q56417,nDCG@10,1.0
q56417,R@100,1.0
q56418,nDCG@10,0.6309297535714575
q56418,R@100,1.0
q56419,nDCG@10,0.0
q56419,R@100,0.0
q56420,nDCG@10,0.0
q56420,R@100,0.0
q56421,nDCG@10,0.0
q56421,R@100,1.0
q56422,nDCG@10,0.0
q56422,R@100,0.0
q56423,nDCG@10,0.0
q56423,R@100,0.0
q56424,nDCG@10,1.0
q56424,R@100,1.0
q56425,nDCG@10,1.0
q56425,R@100,1.0
q56426,nDCG@10,0.0
q56426,R@100,0.0
q56427,nDCG@10,0.0
q56427,R@100,0.0
q56428,nDCG@10,1.0
q56428,R@100,1.0
q56429,nDCG@10,1.0
q56429,R@100,1.0
q56430,nDCG@10,0.0
q56430,R@100,0.0
q56431,nDCG@10,0.0
q56431,R@100,0.0
q56432,nDCG@10,1.0
q56432,R@100,1.0
q56433,nDCG@10,0.0
q56433,R@100,0.0
q56434,nDCG@10,1.0
q56434,R@100,1.0
q56435,nDCG@10,0.0
q56435,R@100,0.0
q56436,nDCG@10,0.0
q56436,R@100,1.0
q56437,nDCG@10,1.0
q56437,R@100,1.0
q56438,nDCG@10,0.6309297535714575
q56438,R@100,1.0
q56439,nDCG@10,1.0
q56439,R@100,1.0
q56440,nDCG@10,1.0
q56440,R@100,1.0
q56441,nDCG@10,0.6309297535714575
q56441,R@100,1.0
q56442,nDCG@10,0.6309297535714575
q56442,R@100,1.0
q56443,nDCG@10,0.6309297535714575
q56443,R@100,1.0
q56444,nDCG@10,0.0
q56444,R@100,1.0
q56445,nDCG@10,0.6309297535714575
q56445,R@100,1.0
q56446,nDCG@10,1.0
q56446,R@100,1.0
q56447,nDCG@10,1.0
q56447,R@100,1.0
q56448,nDCG@10,0.6309297535714575
q56448,R@100,1.0
q56449,nDCG@10,0.0
q56449,R@100,1.0
q56450,nDCG@10,0.0
q56450,R@100,1.0
q56451,nDCG@10,1.0
q56451,R@100,1.0
q56452,nDCG@10,0.0
q56452,R@100,0.0
q56453,nDCG@10,1.0
q56453,R@100,1.0
q56454,nDCG@10,1.0
q56454,R@100,1.0
q56455,nDCG@10,0.0
q56455,R@100,1.0
q56456,nDCG@10,1.0
q56456,R@100,1.0
q56457,nDCG@10,0.0
q56457,R@100,1.0
q56458,nDCG@10,1.0
q56458,R@100,1.0
q56459,nDCG@10,0.43067655807339306
q56459,R@100,1.0
q56460,nDCG@10,1.0
q56460,R@100,1.0
q56461,nDCG@10,0.0
q56461,R@100,0.0
q56462,nDCG@10,0.0
q56462,R@100,1.0
q56463,nDCG@10,0.0
q56463,R@100,1.0
q56464,nDCG@10,0.0
q56464,R@100,0.0
q56465,nDCG@10,0.0
q56465,R@100,1.0
q56466,nDCG@10,1.0
q56466,R@100,1.0
q56467,nDCG@10,1.0
q56467,R@100,1.0
q56468,nDCG@10,0.0
q56468,R@100,0.0
q56469,nDCG@10,0.0
q56469,R@100,0.0
q56470,nDCG@10,1.0
q56470,R@100,1.0
q56471,nDCG@10,0.0
q56471,R@100,1.0
q56472,nDCG@10,0.0
q56472,R@100,0.0
q56473,nDCG@10,0.0
q56473,R@100,0.0
q56474,nDCG@10,1.0
q56474,R@100,1.0
q56475,nDCG@10,0.0
q56475,R@100,0.0
q56476,nDCG@10,0.0
q56476,R@100,0.0
q56477,nDCG@10,0.0
q56477,R@100,0.0
q56478,nDCG@10,1.0
q56478,R@100,1.0
q56479,nDCG@10,0.6309297535714575
q56479,R@100,1.0
q56480,nDCG@10,0.0
q56480,R@100,0.0
q56481,nDCG@10,0.31546487678572877
q56481,R@100,1.0
q56482,nDCG@10,1.0
q56482,R@100,1.0
q56483,nDCG@10,0.38685280723454163
q56483,R@100,1.0
q56484,nDCG@10,1.0
q56484,R@100,1.0
q56485,nDCG@10,1.0
q56485,R@100,1.0
q56486,nDCG@10,1.0
q56486,R@100,1.0
q56487,nDCG@10,0.0
q56487,R@100,1.0
q56488,nDCG@10,0.0
q56488,R@100,0.0
q56489,nDCG@10,0.0
q56489,R@100,0.0
q56490,nDCG@10,0.0
q56490,R@100,0.0
q56491,nDCG@10,0.0
q56491,R@100,0.0
q56492,nDCG@10,0.0
q56492,R@100,1.0
q56493,nDCG@10,0.0
q56493,R@100,1.0
q56494,nDCG@10,0.0
q56494,R@100,0.0
q56495,nDCG@10,0.0
q56495,R@100,0.0
q56496,nDCG@10,1.0
q56496,R@100,1.0
q56497,nDCG@10,0.0
q56497,R@100,0.0
q56498,nDCG@10,0.0
q56498,R@100,0.0
q56499,nDCG@10,1.0
q56499,R@100,1.0
q56500,nDCG@10,0.0
q56500,R@100,0.0
q56501,nDCG@10,0.38685280723454163
q56501,R@100,1.0
q56502,nDCG@10,1.0
q56502,R@100,1.0
q56503,nDCG@10,0.0
q56503,R@100,1.0
q56504,nDCG@10,1.0
q56504,R@100,1.0
q56505,nDCG@10,0.6309297535714575
q56505,R@100,1.0
q56506,nDCG@10,0.0
q56506,R@100,0.0
q56507,nDCG@10,1.0
q56507,R@100,1.0
q56508,nDCG@10,0.0
q56508,R@100,0.0
q56509,nDCG@10,0.5
q56509,R@100,1.0
q56510,nDCG@10,0.0
q56510,R@100,0.0
q56511,nDCG@10,1.0
q56511,R@100,1.0
q56512,nDCG@10,0.0
q56512,R@100,0.0
q56513,nDCG@10,0.3562071871080222
q56513,R@100,1.0
q56514,nDCG@10,0.0
q56514,R@100,0.0
q56515,nDCG@10,0.0
q56515,R@100,0.0
q56516,nDCG@10,0.3333333333333333
q56516,R@100,1.0
q56517,nDCG@10,0.0
q56517,R@100,0.0
q56518,nDCG@10,1.0
q56518,R@100,1.0
q56519,nDCG@10,0.0
q56519,R@100,0.0
q56520,nDCG@10,1.0
q56520,R@100,1.0
q56521,nDCG@10,0.43067655807339306
q56521,R@100,1.0
q56522,nDCG@10,0.0
q56522,R@100,0.0
q56523,nDCG@10,0.6309297535714575
q56523,R@100,1.0
q56524,nDCG@10,1.0
q56524,R@100,1.0
q56525,nDCG@10,0.5
q56525,R@100,1.0
q56526,nDCG@10,1.0
q56526,R@100,1.0
q56527,nDCG@10,1.0
q56527,R@100,1.0
q56528,nDCG@10,0.0
q56528,R@100,0.0
q56529,nDCG@10,0.31546487678572877
q56529,R@100,1.0
q56530,nDCG@10,0.0
q56530,R@100,0.0
q56531,nDCG@10,1.0
q56531,R@100,1.0
q56532,nDCG@10,0.0
q56532,R@100,0.0
q56533,nDCG@10,0.6309297535714575
q56533,R@100,1.0
q56534,nDCG@10,1.0
q56534,R@100,1.0
q56535,nDCG@10,1.0
q56535,R@100,1.0
q56536,nDCG@10,0.3010299956639812
q56536,R@100,1.0
q56537,nDCG@10,0.0
q56537,R@100,0.0
q56538,nDCG@10,1.0
q56538,R@100,1.0
q56539,nDCG@10,1.0
q56539,R@100,1.0
q56540,nDCG@10,0.0
q56540,R@100,0.0
q56541,nDCG@10,1.0
q56541,R@100,1.0
q56542,nDCG@10,0.43067655807339306
q56542,R@100,1.0
q56543,nDCG@10,0.0
q56543,R@100,1.0
q56544,nDCG@10,1.0
q56544,R@100,1.0
q56545,nDCG@10,0.0
q56545,R@100,1.0
q56546,nDCG@10,1.0
q56546,R@100,1.0
q56547,nDCG@10,0.0
q56547,R@100,0.0
q56548,nDCG@10,1.0
q56548,R@100,1.0
q56549,nDCG@10,1.0
q56549,R@100,1.0
q56550,nDCG@10,0.5
q56550,R@100,1.0
q56551,nDCG@10,0.0
q56551,R@100,0.0
q56552,nDCG@10,0.38685280723454163
q56552,R@100,1.0
q56553,nDCG@10,1.0
q56553,R@100,1.0
q56554,nDCG@10,0.0
q56554,R@100,0.0
q56555,nDCG@10,0.0
q56555,R@100,1.0
q56556,nDCG@10,0.0
q56556,R@100,0.0
q56557,nDCG@10,0.0
q56557,R@100,0.0
q56558,nDCG@10,0.0
q56558,R@100,0.0
q56559,nDCG@10,0.0
q56559,R@100,0.0
q56560,nDCG@10,0.3333333333333333
q56560,R@100,1.0
q56561,nDCG@10,0.0
q56561,R@100,1.0
q56562,nDCG@10,1.0
q56562,R@100,1.0
q56563,nDCG@10,1.0
q56563,R@100,1.0
q56564,nDCG@10,0.0
q56564,R@100,0.0
q56565,nDCG@10,0.2890648263178879
q56565,R@100,1.0
q56566,nDCG@10,0.43067655807339306
q56566,R@100,1.0
q56567,nDCG@10,0.0
q56567,R@100,1.0
q56568,nDCG@10,0.0
q56568,R@100,0.0
q56569,nDCG@10,0.0
q56569,R@100,0.0
q56570,nDCG@10,0.6309297535714575
q56570,R@100,1.0
q56571,nDCG@10,1.0
q56571,R@100,1.0
q56572,nDCG@10,0.0
q56572,R@100,0.0
q56573,nDCG@10,0.0
q56573,R@100,0.0
q56574,nDCG@10,0.0
q56574,R@100,0.0
q56575,nDCG@10,0.0
q56575,R@100,0.0
q56576,nDCG@10,0.0
q56576,R@100,1.0
q56577,nDCG@10,1.0
q56577,R@100,1.0
q56578,nDCG@10,0.6309297535714575
q56578,R@100,1.0
q56579,nDCG@10,1.0
q56579,R@100,1.0
q56580,nDCG@10,1.0
q56580,R@100,1.0
q56581,nDCG@10,0.0
q56581,R@100,0.0
q56582,nDCG@10,0.0
q56582,R@100,0.0
q56583,nDCG@10,0.0
q56583,R@100,0.0
q56584,nDCG@10,1.0
q56584,R@100,1.0
q56585,nDCG@10,1.0
q56585,R@100,1.0
q56586,nDCG@10,0.0
q56586,R@100,0.0
q56587,nDCG@10,1.0
q56587,R@100,1.0
q56588,nDCG@10,0.0
q56588,R@100,0.0
q56589,nDCG@10,0.31546487678572877
q56589,R@100,1.0
q56590,nDCG@10,0.0
q56590,R@100,0.0
q56591,nDCG@10,0.0
q56591,R@100,0.0
q56592,nDCG@10,1.0
q56592,R@100,1.0
q56593,nDCG@10,0.0
q56593,R@100,0.0
q56594,nDCG@10,1.0
q56594,R@100,1.0
q56595,nDCG@10,0.0
q56595,R@100,0.0
q56596,nDCG@10,0.0
q56596,R@100,0.0
q56597,nDCG@10,1.0
q56597,R@100,1.0
q56598,nDCG@10,0.6309297535714575
q56598,R@100,1.0
q56599,nDCG@10,0.6309297535714575
q56599,R@100,1.0
q56600,nDCG@10,0.0
q56600,R@100,0.0
q56601,nDCG@10,1.0
q56601,R@100,1.0
q56602,nDCG@10,0.6309297535714575
q56602,R@100,1.0
q56603,nDCG@10,1.0
q56603,R@100,1.0
q56604,nDCG@10,0.0
q56604,R@100,0.0
q56605,nDCG@10,1.0
q56605,R@100,1.0
q56606,nDCG@10,1.0
q56606,R@100,1.0
q56607,nDCG@10,0.0
q56607,R@100,0.0
q56608,nDCG@10,0.5
q56608,R@100,1.0
q56609,nDCG@10,1.0
q56609,R@100,1.0
q56610,nDCG@10,0.0
q56610,R@100,0.0
q56611,nDCG@10,0.0
q56611,R@100,0.0
q56612,nDCG@10,1.0
q56612,R@100,1.0
q56613,nDCG@10,1.0
q56613,R@100,1.0
q56614,nDCG@10,0.0
q56614,R@100,0.0
q56615,nDCG@10,0.0
q56615,R@100,0.0
q56616,nDCG@10,0.0
q56616,R@100,0.0
q56617,nDCG@10,0.0
q56617,R@100,1.0
q56618,nDCG@10,0.6309297535714575
q56618,R@100,1.0
q56619,nDCG@10,1.0
q56619,R@100,1.0
q56620,nDCG@10,1.0
q56620,R@100,1.0
q56621,nDCG@10,1.0
q56621,R@100,1.0
q56622,nDCG@10,1.0
q56622,R@100,1.0
q56623,nDCG@10,1.0
q56623,R@100,1.0
q56624,nDCG@10,1.0
q56624,R@100,1.0
q56625,nDCG@10,0.0
q56625,R@100,1.0
q56626,nDCG@10,0.0
q56626,R@100,0.0
q56627,nDCG@10,0.0
q56627,R@100,1.0
q56628,nDCG@10,1.0
q56628,R@100,1.0
q56629,nDCG@10,1.0
q56629,R@100,1.0
q56630,nDCG@10,0.3010299956639812
q56630,R@100,1.0
q56631,nDCG@10,0.0
q56631,R@100,0.0
q56632,nDCG@10,0.6309297535714575
q56632,R@100,1.0
q56633,nDCG@10,1.0
q56633,R@100,1.0
q56634,nDCG@10,1.0
q56634,R@100,1.0
q56635,nDCG@10,0.0
q56635,R@100,0.0
q56636,nDCG@10,0.0
q56636,R@100,0.0
q56637,nDCG@10,0.38685280723454163
q56637,R@100,1.0
q56638,nDCG@10,0.0
q56638,R@100,1.0
q56639,nDCG@10,0.0
q56639,R@100,0.0
q56640,nDCG@10,0.31546487678572877
q56640,R@100,1.0
q56641,nDCG@10,0.43067655807339306
q56641,R@100,1.0
q56642,nDCG@10,1.0
q56642,R@100,1.0
q56643,nDCG@10,1.0
q56643,R@100,1.0
q56644,nDCG@10,1.0
q56644,R@100,1.0
q56645,nDCG@10,1.0
q56645,R@100,1.0
q56646,nDCG@10,1.0
q56646,R@100,1.0
q56647,nDCG@10,0.0
q56647,R@100,0.0
q56648,nDCG@10,0.0
q56648,R@100,0.0
q56649,nDCG@10,1.0
q56649,R@100,1.0
q56650,nDCG@10,0.0
q56650,R@100,1.0
q56651,nDCG@10,0.0
q56651,R@100,1.0
q56652,nDCG@10,0.0
q56652,R@100,0.0
q56653,nDCG@10,0.0
q56653,R@100,0.0
q56654,nDCG@10,1.0
q56654,R@100,1.0
q56655,nDCG@10,0.31546487678572877
q56655,R@100,1.0
q56656,nDCG@10,0.0
q56656,R@100,1.0
q56657,nDCG@10,1.0
q56657,R@100,1.0
q56658,nDCG@10,0.5
q56658,R@100,1.0
q56659,nDCG@10,1.0
q56659,R@100,1.0
q56660,nDCG@10,1.0
q56660,R@100,1.0
q56661,nDCG@10,0.0
q56661,R@100,0.0
q56662,nDCG@10,0.0
q56662,R@100,1.0
q56663,nDCG@10,0.0
q56663,R@100,1.0
q56664,nDCG@10,0.0
q56664,R@100,1.0
q56665,nDCG@10,1.0
q56665,R@100,1.0
q56666,nDCG@10,1.0
q56666,R@100,1.0
q56667,nDCG@10,1.0
q56667,R@100,1.0
q56668,nDCG@10,1.0
q56668,R@100,1.0
q56669,nDCG@10,1.0
q56669,R@100,1.0
q56670,nDCG@10,1.0
q56670,R@100,1.0
q56671,nDCG@10,0.0
q56671,R@100,0.0
q56672,nDCG@10,1.0
q56672,R@100,1.0
q56673,nDCG@10,0.0
q56673,R@100,0.0
q56674,nDCG@10,0.0
q56674,R@100,0.0
q56675,nDCG@10,1.0
q56675,R@100,1.0
q56676,nDCG@10,1.0
q56676,R@100,1.0
q56677,nDCG@10,0.3562071871080222
q56677,R@100,1.0
q56678,nDCG@10,1.0
q56678,R@100,1.0
q56679,nDCG@10,0.0
q56679,R@100,0.0
q56680,nDCG@10,1.0
q56680,R@100,1.0
q56681,nDCG@10,0.6309297535714575
q56681,R@100,1.0
q56682,nDCG@10,0.5
q56682,R@100,1.0
q56683,nDCG@10,1.0
q56683,R@100,1.0
q56684,nDCG@10,0.0
q56684,R@100,0.0
q56685,nDCG@10,0.6309297535714575
q56685,R@100,1.0
q56686,nDCG@10,0.0
q56686,R@100,0.0
q56687,nDCG@10,0.0
q56687,R@100,0.0
q56688,nDCG@10,0.0
q56688,R@100,0.0
q56689,nDCG@10,0.0
q56689,R@100,0.0
q56690,nDCG@10,0.0
q56690,R@100,0.0
q56691,nDCG@10,1.0
q56691,R@100,1.0
q56692,nDCG@10,1.0
q56692,R@100,1.0
q56693,nDCG@10,0.0
q56693,R@100,0.0
q56694,nDCG@10,0.5
q56694,R@100,1.0
q56695,nDCG@10,0.0
q56695,R@100,1.0
q56696,nDCG@10,0.0
q56696,R@100,0.0
q56697,nDCG@10,0.6309297535714575
q56697,R@100,1.0
q56698,nDCG@10,0.0
q56698,R@100,0.0
q56699,nDCG@10,0.0
q56699,R@100,0.0
q56700,nDCG@10,0.0
q56700,R@100,0.0
q56701,nDCG@10,0.0
q56701,R@100,1.0
q56702,nDCG@10,0.6309297535714575
q56702,R@100,1.0
q56703,nDCG@10,0.0
q56703,R@100,0.0
q56704,nDCG@10,0.0
q56704,R@100,1.0
q56705,nDCG@10,0.3562071871080222
q56705,R@100,1.0
q56706,nDCG@10,0.0
q56706,R@100,1.0
q56707,nDCG@10,1.0
q56707,R@100,1.0
q56708,nDCG@10,0.5
q56708,R@100,1.0
q56709,nDCG@10,1.0
q56709,R@100,1.0
q56710,nDCG@10,1.0
q56710,R@100,1.0
q56711,nDCG@10,0.43067655807339306
q56711,R@100,1.0
q56712,nDCG@10,1.0
q56712,R@100,1.0
q56713,nDCG@10,0.6309297535714575
q56713,R@100,1.0
q56714,nDCG@10,1.0
q56714,R@100,1.0
q56715,nDCG@10,0.0
q56715,R@100,0.0
q56716,nDCG@10,0.0
q56716,R@100,0.0
q56717,nDCG@10,0.5
q56717,R@100,1.0
q56718,nDCG@10,0.0
q56718,R@100,0.0
q56719,nDCG@10,0.3562071871080222
q56719,R@100,1.0
q56720,nDCG@10,0.0
q56720,R@100,0.0
q56721,nDCG@10,0.0
q56721,R@100,0.0
q56722,nDCG@10,1.0
q56722,R@100,1.0
q56723,nDCG@10,0.43067655807339306
q56723,R@100,1.0
q56724,nDCG@10,1.0
q56724,R@100,1.0
q56725,nDCG@10,0.0
q56725,R@100,1.0
q56726,nDCG@10,1.0
q56726,R@100,1.0
q56727,nDCG@10,0.0
q56727,R@100,0.0
q56728,nDCG@10,0.43067655807339306
q56728,R@100,1.0
q56729,nDCG@10,0.0
q56729,R@100,0.0
q56730,nDCG@10,1.0
q56730,R@100,1.0
q56731,nDCG@10,1.0
q56731,R@100,1.0
q56732,nDCG@10,1.0
q56732,R@100,1.0
q56733,nDCG@10,0.0
q56733,R@100,1.0
q56734,nDCG@10,1.0
q56734,R@100,1.0
q56735,nDCG@10,1.0
q56735,R@100,1.0
q56736,nDCG@10,0.3333333333333333
q56736,R@100,1.0
q56737,nDCG@10,1.0
q56737,R@100,1.0
q56738,nDCG@10,0.0
q56738,R@100,0.0
q56739,nDCG@10,0.0
q56739,R@100,1.0
q56740,nDCG@10,0.0
q56740,R@100,1.0
q56741,nDCG@10,0.43067655807339306
q56741,R@100,1.0
q56742,nDCG@10,1.0
q56742,R@100,1.0
q56743,nDCG@10,0.0
q56743,R@100,0.0
q56744,nDCG@10,0.0
q56744,R@100,0.0
q56745,nDCG@10,0.0
q56745,R@100,1.0
q56746,nDCG@10,0.0
q56746,R@100,0.0
q56747,nDCG@10,0.43067655807339306
q56747,R@100,1.0
q56748,nDCG@10,0.0
q56748,R@100,0.0
q56749,nDCG@10,1.0
q56749,R@100,1.0
q56750,nDCG@10,0.0
q56750,R@100,0.0
q56751,nDCG@10,0.0
q56751,R@100,0.0
q56752,nDCG@10,0.38685280723454163
q56752,R@100,1.0
q56753,nDCG@10,0.0
q56753,R@100,0.0
q56754,nDCG@10,1.0
q56754,R@100,1.0
q56755,nDCG@10,0.0
q56755,R@100,0.0
q56756,nDCG@10,0.0
q56756,R@100,0.0
q56757,nDCG@10,0.0
q56757,R@100,0.0
q56758,nDCG@10,0.0
q56758,R@100,0.0
q56759,nDCG@10,0.0
q56759,R@100,1.0
q56760,nDCG@10,0.5
q56760,R@100,1.0
q56761,nDCG@10,1.0
q56761,R@100,1.0
q56762,nDCG@10,0.6309297535714575
q56762,R@100,1.0
q56763,nDCG@10,0.0
q56763,R@100,1.0
q56764,nDCG@10,1.0
q56764,R@100,1.0
q56765,nDCG@10,0.3562071871080222
q56765,R@100,1.0
q56766,nDCG@10,0.6309297535714575
q56766,R@100,1.0
q56767,nDCG@10,1.0
q56767,R@100,1.0
q56768,nDCG@10,0.3333333333333333
q56768,R@100,1.0
q56769,nDCG@10,0.6309297535714575
q56769,R@100,1.0
q56770,nDCG@10,0.0
q56770,R@100,0.0
q56771,nDCG@10,0.3562071871080222
q56771,R@100,1.0
q56772,nDCG@10,1.0
q56772,R@100,1.0
q56773,nDCG@10,0.5
q56773,R@100,1.0
q56774,nDCG@10,0.6309297535714575
q56774,R@100,1.0
q56775,nDCG@10,0.0
q56775,R@100,0.0
q56776,nDCG@10,0.6309297535714575
q56776,R@100,1.0
q56777,nDCG@10,0.6309297535714575
q56777,R@100,1.0
q56778,nDCG@10,0.0
q56778,R@100,0.0
q56779,nDCG@10,1.0
q56779,R@100,1.0
q56780,nDCG@10,0.43067655807339306
q56780,R@100,1.0
q56781,nDCG@10,0.31546487678572877
q56781,R@100,1.0
q56782,nDCG@10,0.0
q56782,R@100,0.0
q56783,nDCG@10,0.3010299956639812
q56783,R@100,1.0
q56784,nDCG@10,1.0
q56784,R@100,1.0
q56785,nDCG@10,0.0
q56785,R@100,1.0
q56786,nDCG@10,0.31546487678572877
q56786,R@100,1.0
q56787,nDCG@10,0.3333333333333333
q56787,R@100,1.0
q56788,nDCG@10,0.0
q56788,R@100,0.0
q56789,nDCG@10,0.0
q56789,R@100,1.0
q56790,nDCG@10,0.0
q56790,R@100,1.0
q56791,nDCG@10,0.0
q56791,R@100,0.0
q56792,nDCG@10,0.0
q56792,R@100,1.0
q56793,nDCG@10,0.6309297535714575
q56793,R@100,1.0
q56794,nDCG@10,1.0
q56794,R@100,1.0
q56795,nDCG@10,0.6309297535714575
q56795,R@100,1.0
q56796,nDCG@10,0.5
q56796,R@100,1.0
q56797,nDCG@10,0.3010299956639812
q56797,R@100,1.0
q56798,nDCG@10,0.0
q56798,R@100,1.0
q56799,nDCG@10,0.0
q56799,R@100,1.0
q56800,nDCG@10,1.0
q56800,R@100,1.0
q56801,nDCG@10,1.0
q56801,R@100,1.0
q56802,nDCG@10,1.0
q56802,R@100,1.0
q56803,nDCG@10,0.0
q56803,R@100,0.0
q56804,nDCG@10,1.0
q56804,R@100,1.0
q56805,nDCG@10,1.0
q56805,R@100,1.0
q56806,nDCG@10,0.6309297535714575
q56806,R@100,1.0
q56807,nDCG@10,0.0
q56807,R@100,0.0
q56808,nDCG@10,1.0
q56808,R@100,1.0
q56809,nDCG@10,0.0
q56809,R@100,0.0
q56810,nDCG@10,1.0
q56810,R@100,1.0
q56811,nDCG@10,1.0
q56811,R@100,1.0
q56812,nDCG@10,0.0
q56812,R@100,0.0
q56813,nDCG@10,0.0
q56813,R@100,1.0
q56814,nDCG@10,1.0
q56814,R@100,1.0
q56815,nDCG@10,0.0
q56815,R@100,1.0
q56816,nDCG@10,0.0
q56816,R@100,0.0
q56817,nDCG@10,0.0
q56817,R@100,0.0
q56818,nDCG@10,0.2890648263178879
q56818,R@100,1.0
q56819,nDCG@10,0.0
q56819,R@100,1.0
q56820,nDCG@10,0.5
q56820,R@100,1.0
q56821,nDCG@10,0.6309297535714575
q56821,R@100,1.0
q56822,nDCG@10,0.0
q56822,R@100,1.0
q56823,nDCG@10,1.0
q56823,R@100,1.0
q56824,nDCG@10,1.0
q56824,R@100,1.0
q56825,nDCG@10,0.0
q56825,R@100,0.0
q56826,nDCG@10,0.43067655807339306
q56826,R@100,1.0
q56827,nDCG@10,0.0
q56827,R@100,1.0
q56828,nDCG@10,0.0
q56828,R@100,0.0
q56829,nDCG@10,1.0
q56829,R@100,1.0
q56830,nDCG@10,0.0
q56830,R@100,0.0
q56831,nDCG@10,0.0
q56831,R@100,0.0
q56832,nDCG@10,1.0
q56832,R@100,1.0
q56833,nDCG@10,0.38685280723454163
q56833,R@100,1.0
q56834,nDCG@10,0.0
q56834,R@100,1.0
q56835,nDCG@10,0.0
q56835,R@100,0.0
q56836,nDCG@10,1.0
q56836,R@100,1.0
q56837,nDCG@10,1.0
q56837,R@100,1.0
q56838,nDCG@10,1.0
q56838,R@100,1.0
q56839,nDCG@10,0.2890648263178879
q56839,R@100,1.0
q56840,nDCG@10,1.0
q56840,R@100,1.0
q56841,nDCG@10,0.0
q56841,R@100,0.0
q56842,nDCG@10,1.0
q56842,R@100,1.0
q56843,nDCG@10,0.0
q56843,R@100,0.0
q56844,nDCG@10,0.0
q56844,R@100,0.0
q56845,nDCG@10,0.0
q56845,R@100,0.0
q56846,nDCG@10,0.0
q56846,R@100,0.0
q56847,nDCG@10,0.0
q56847,R@100,0.0
q56848,nDCG@10,1.0
q56848,R@100,1.0
q56849,nDCG@10,0.0
q56849,R@100,1.0
q56850,nDCG@10,0.0
q56850,R@100,1.0
q56851,nDCG@10,1.0
q56851,R@100,1.0
q56852,nDCG@10,0.0
q56852,R@100,0.0
q56853,nDCG@10,0.0
q56853,R@100,0.0
q56854,nDCG@10,0.0
q56854,R@100,0.0
q56855,nDCG@10,0.0
q56855,R@100,0.0
q56856,nDCG@10,1.0
q56856,R@100,1.0
q56857,nDCG@10,1.0
q56857,R@100,1.0
q56858,nDCG@10,0.0
q56858,R@100,0.0
q56859,nDCG@10,0.0
q56859,R@100,0.0
q56860,nDCG@10,0.0
q56860,R@100,0.0
q56861,nDCG@10,1.0
q56861,R@100,1.0
q56862,nDCG@10,0.31546487678572877
q56862,R@100,1.0
q56863,nDCG@10,0.0
q56863,R@100,1.0
q56864,nDCG@10,1.0
q56864,R@100,1.0
q56865,nDCG@10,0.3562071871080222
q56865,R@100,1.0
q56866,nDCG@10,0.0
q56866,R@100,0.0
q56867,nDCG@10,0.38685280723454163
q56867,R@100,1.0
q56868,nDCG@10,0.6309297535714575
q56868,R@100,1.0
q56869,nDCG@10,0.31546487678572877
q56869,R@100,1.0
q56870,nDCG@10,0.31546487678572877
q56870,R@100,1.0
q56871,nDCG@10,1.0
q56871,R@100,1.0
q56872,nDCG@10,0.0
q56872,R@100,1.0
q56873,nDCG@10,1.0
q56873,R@100,1.0
q56874,nDCG@10,0.3562071871080222
q56874,R@100,1.0
q56875,nDCG@10,0.0
q56875,R@100,0.0
q56876,nDCG@10,0.0
q56876,R@100,1.0
q56877,nDCG@10,0.38685280723454163
q56877,R@100,1.0
q56878,nDCG@10,1.0
q56878,R@100,1.0
q56879,nDCG@10,0.0
q56879,R@100,0.0
q56880,nDCG@10,1.0
q56880,R@100,1.0
q56881,nDCG@10,0.0
q56881,R@100,1.0
q56882,nDCG@10,0.0
q56882,R@100,0.0
q56883,nDCG@10,1.0
q56883,R@100,1.0
q56884,nDCG@10,1.0
q56884,R@100,1.0
q56885,nDCG@10,0.43067655807339306
q56885,R@100,1.0
q56886,nDCG@10,1.0
q56886,R@100,1.0
q56887,nDCG@10,1.0
q56887,R@100,1.0
q56888,nDCG@10,0.3333333333333333
q56888,R@100,1.0
q56889,nDCG@10,1.0
q56889,R@100,1.0
q56890,nDCG@10,1.0
q56890,R@100,1.0
q56891,nDCG@10,0.6309297535714575
q56891,R@100,1.0
q56892,nDCG@10,0.0
q56892,R@100,0.0
q56893,nDCG@10,1.0
q56893,R@100,1.0
q56894,nDCG@10,1.0
q56894,R@100,1.0
q56895,nDCG@10,0.0
q56895,R@100,0.0
q56896,nDCG@10,0.0
q56896,R@100,0.0
q56897,nDCG@10,1.0
q56897,R@100,1.0
q56898,nDCG@10,1.0
q56898,R@100,1.0
q56899,nDCG@10,1.0
q56899,R@100,1.0
q56900,nDCG@10,0.0
q56900,R@100,0.0
q56901,nDCG@10,1.0
q56901,R@100,1.0
q56902,nDCG@10,0.0
q56902,R@100,0.0
q56903,nDCG@10,0.0
q56903,R@100,0.0
q56904,nDCG@10,0.0
q56904,R@100,0.0
q56905,nDCG@10,1.0
q56905,R@100,1.0
q56906,nDCG@10,1.0
q56906,R@100,1.0
q56907,nDCG@10,0.5
q56907,R@100,1.0
q56908,nDCG@10,1.0
q56908,R@100,1.0
q56909,nDCG@10,0.0
q56909,R@100,1.0
q56910,nDCG@10,0.0
q56910,R@100,0.0
q56911,nDCG@10,0.6309297535714575
q56911,R@100,1.0
q56912,nDCG@10,0.0
q56912,R@100,0.0
q56913,nDCG@10,1.0
q56913,R@100,1.0
q56914,nDCG@10,1.0
q56914,R@100,1.0
q56915,nDCG@10,1.0
q56915,R@100,1.0
q56916,nDCG@10,1.0
q56916,R@100,1.0
q56917,nDCG@10,1.0
q56917,R@100,1.0
q56918,nDCG@10,0.0
q56918,R@100,0.0
q56919,nDCG@10,0.0
q56919,R@100,0.0
q56920,nDCG@10,1.0
q56920,R@100,1.0
q56921,nDCG@10,0.5
q56921,R@100,1.0
q56922,nDCG@10,0.0
q56922,R@100,0.0
q56923,nDCG@10,0.0
q56923,R@100,0.0
q56924,nDCG@10,1.0
q56924,R@100,1.0
q56925,nDCG@10,0.38685280723454163
q56925,R@100,1.0
q56926,nDCG@10,0.0
q56926,R@100,0.0
q56927,nDCG@10,0.43067655807339306
q56927,R@100,1.0
q56928,nDCG@10,0.0
q56928,R@100,0.0
q56929,nDCG@10,0.6309297535714575
q56929,R@100,1.0
q56930,nDCG@10,1.0
q56930,R@100,1.0
q56931,nDCG@10,1.0
q56931,R@100,1.0
q56932,nDCG@10,0.6309297535714575
q56932,R@100,1.0
q56933,nDCG@10,1.0
q56933,R@100,1.0
q56934,nDCG@10,0.31546487678572877
q56934,R@100,1.0
q56935,nDCG@10,1.0
q56935,R@100,1.0
q56936,nDCG@10,0.0
q56936,R@100,0.0
q56937,nDCG@10,0.0
q56937,R@100,0.0
q56938,nDCG@10,1.0
q56938,R@100,1.0
q56939,nDCG@10,1.0
q56939,R@100,1.0
q56940,nDCG@10,1.0
q56940,R@100,1.0
q56941,nDCG@10,0.0
q56941,R@100,1.0
q56942,nDCG@10,1.0
q56942,R@100,1.0
q56943,nDCG@10,1.0
q56943,R@100,1.0
q56944,nDCG@10,0.0
q56944,R@100,0.0
q56945,nDCG@10,0.43067655807339306
q56945,R@100,1.0
q56946,nDCG@10,1.0
q56946,R@100,1.0
q56947,nDCG@10,0.0
q56947,R@100,0.0
q56948,nDCG@10,1.0
q56948,R@100,1.0
q56949,nDCG@10,1.0
q56949,R@100,1.0
q56950,nDCG@10,1.0
q56950,R@100,1.0
q56951,nDCG@10,0.0
q56951,R@100,0.0
q56952,nDCG@10,0.6309297535714575
q56952,R@100,1.0
q56953,nDCG@10,1.0
q56953,R@100,1.0
q56954,nDCG@10,1.0
q56954,R@100,1.0
q56955,nDCG@10,0.5
q56955,R@100,1.0
q56956,nDCG@10,1.0
q56956,R@100,1.0
q56957,nDCG@10,0.0
q56957,R@100,0.0
q56958,nDCG@10,0.0
q56958,R@100,1.0
q56959,nDCG@10,0.43067655807339306
q56959,R@100,1.0
q56960,nDCG@10,0.0
q56960,R@100,0.0
q56961,nDCG@10,1.0
q56961,R@100,1.0
q56962,nDCG@10,1.0
q56962,R@100,1.0
q56963,nDCG@10,0.31546487678572877
q56963,R@100,1.0
q56964,nDCG@10,0.5
q56964,R@100,1.0
q56965,nDCG@10,1.0
q56965,R@100,1.0
q56966,nDCG@10,0.0
q56966,R@100,0.0
q56967,nDCG@10,0.0
q56967,R@100,0.0
q56968,nDCG@10,1.0
q56968,R@100,1.0
q56969,nDCG@10,1.0
q56969,R@100,1.0
q56970,nDCG@10,0.0
q56970,R@100,1.0
q56971,nDCG@10,0.0
q56971,R@100,0.0
q56972,nDCG@10,0.0
q56972,R@100,0.0
q56973,nDCG@10,0.0
q56973,R@100,1.0
q56974,nDCG@10,0.0
q56974,R@100,0.0
q56975,nDCG@10,1.0
q56975,R@100,1.0
q56976,nDCG@10,0.0
q56976,R@100,1.0
q56977,nDCG@10,0.0
q56977,R@100,1.0
q56978,nDCG@10,1.0
q56978,R@100,1.0
q56979,nDCG@10,1.0
q56979,R@100,1.0
q56980,nDCG@10,1.0
q56980,R@100,1.0
q56981,nDCG@10,0.0
q56981,R@100,1.0
q56982,nDCG@10,1.0
q56982,R@100,1.0
q56983,nDCG@10,0.0
q56983,R@100,0.0
q56984,nDCG@10,0.0
q56984,R@100,0.0
q56985,nDCG@10,0.0
q56985,R@100,0.0
q56986,nDCG@10,0.43067655807339306
q56986,R@100,1.0
q56987,nDCG@10,0.0
q56987,R@100,0.0
q56988,nDCG@10,0.0
q56988,R@100,0.0
q56989,nDCG@10,0.0
q56989,R@100,0.0
q56990,nDCG@10,0.0
q56990,R@100,0.0
q56991,nDCG@10,1.0
q56991,R@100,1.0
q56992,nDCG@10,0.0
q56992,R@100,0.0
q56993,nDCG@10,0.6309297535714575
q56993,R@100,1.0
q56994,nDCG@10,1.0
q56994,R@100,1.0
q56995,nDCG@10,0.0
q56995,R@100,1.0
q56996,nDCG@10,0.0
q56996,R@100,0.0
q56997,nDCG@10,0.0
q56997,R@100,1.0
q56998,nDCG@10,1.0
q56998,R@100,1.0
q56999,nDCG@10,0.0
q56999,R@100,0.0
q57000,nDCG@10,0.0
q57000,R@100,1.0
q57001,nDCG@10,0.0
q57001,R@100,1.0
q57002,nDCG@10,1.0
q57002,R@100,1.0
q57003,nDCG@10,0.31546487678572877
q57003,R@100,1.0
q57004,nDCG@10,1.0
q57004,R@100,1.0
q57005,nDCG@10,0.0
q57005,R@100,0.0
q57006,nDCG@10,0.2890648263178879
q57006,R@100,1.0
q57007,nDCG@10,0.0
q57007,R@100,1.0
q57008,nDCG@10,1.0
q57008,R@100,1.0
q57009,nDCG@10,0.38685280723454163
q57009,R@100,1.0
q57010,nDCG@10,1.0
q57010,R@100,1.0
q57011,nDCG@10,0.0
q57011,R@100,1.0
q57012,nDCG@10,1.0
q57012,R@100,1.0
q57013,nDCG@10,0.0
q57013,R@100,1.0
q57014,nDCG@10,0.6309297535714575
q57014,R@100,1.0
q57015,nDCG@10,0.43067655807339306
q57015,R@100,1.0
q57016,nDCG@10,0.6309297535714575
q57016,R@100,1.0
q57017,nDCG@10,0.0
q57017,R@100,0.0
q57018,nDCG@10,0.6309297535714575
q57018,R@100,1.0
q57019,nDCG@10,0.0
q57019,R@100,0.0
q57020,nDCG@10,0.0
q57020,R@100,1.0
q57021,nDCG@10,0.0
q57021,R@100,0.0
q57022,nDCG@10,0.5
q57022,R@100,1.0
q57023,nDCG@10,0.5
q57023,R@100,1.0
q57024,nDCG@10,1.0
q57024,R@100,1.0
q57025,nDCG@10,0.0
q57025,R@100,0.0
q57026,nDCG@10,1.0
q57026,R@100,1.0
q57027,nDCG@10,0.0
q57027,R@100,0.0
q57028,nDCG@10,0.6309297535714575
q57028,R@100,1.0
q57029,nDCG@10,0.0
q57029,R@100,0.0
q57030,nDCG@10,1.0
q57030,R@100,1.0
q57031,nDCG@10,0.2890648263178879
q57031,R@100,1.0
q57032,nDCG@10,0.0
q57032,R@100,0.0
q57033,nDCG@10,1.0
q57033,R@100,1.0
q57034,nDCG@10,0.0
q57034,R@100,0.0
q57035,nDCG@10,1.0
q57035,R@100,1.0
q57036,nDCG@10,1.0
q57036,R@100,1.0
q57037,nDCG@10,0.0
q57037,R@100,0.0
q57038,nDCG@10,1.0
q57038,R@100,1.0
q57039,nDCG@10,0.3010299956639812
q57039,R@100,1.0
q57040,nDCG@10,1.0
q57040,R@100,1.0
q57041,nDCG@10,1.0
q57041,R@100,1.0
q57042,nDCG@10,0.0
q57042,R@100,1.0
q57043,nDCG@10,0.0
q57043,R@100,0.0
q57044,nDCG@10,0.0
q57044,R@100,1.0
q57045,nDCG@10,0.0
q57045,R@100,0.0
q57046,nDCG@10,0.0
q57046,R@100,1.0
q57047,nDCG@10,1.0
q57047,R@100,1.0
q57048,nDCG@10,0.0
q57048,R@100,0.0
q57049,nDCG@10,1.0
q57049,R@100,1.0
q57050,nDCG@10,1.0
q57050,R@100,1.0
q57051,nDCG@10,0.3010299956639812
q57051,R@100,1.0
q57052,nDCG@10,0.0
q57052,R@100,0.0
q57053,nDCG@10,1.0
q57053,R@100,1.0
q57054,nDCG@10,0.0
q57054,R@100,1.0
q57055,nDCG@10,0.0
q57055,R@100,1.0
q57056,nDCG@10,1.0
q57056,R@100,1.0
q57057,nDCG@10,0.0
q57057,R@100,1.0
q57058,nDCG@10,1.0
q57058,R@100,1.0
q57059,nDCG@10,1.0
q57059,R@100,1.0
q57060,nDCG@10,0.5
q57060,R@100,1.0
q57061,nDCG@10,1.0
q57061,R@100,1.0
q57062,nDCG@10,0.5
q57062,R@100,1.0
q57063,nDCG@10,1.0
q57063,R@100,1.0
q57064,nDCG@10,1.0
q57064,R@100,1.0
q57065,nDCG@10,1.0
q57065,R@100,1.0
q57066,nDCG@10,1.0
q57066,R@100,1.0
q57067,nDCG@10,1.0
q57067,R@100,1.0
q57068,nDCG@10,0.0
q57068,R@100,1.0
q57069,nDCG@10,0.0
q57069,R@100,0.0
q57070,nDCG@10,1.0
q57070,R@100,1.0
q57071,nDCG@10,0.2890648263178879
q57071,R@100,1.0
q57072,nDCG@10,0.0
q57072,R@100,1.0
q57073,nDCG@10,0.0
q57073,R@100,0.0
q57074,nDCG@10,0.0
q57074,R@100,0.0
q57075,nDCG@10,0.0
q57075,R@100,0.0
q57076,nDCG@10,0.0
q57076,R@100,1.0
q57077,nDCG@10,0.0
q57077,R@100,0.0
q57078,nDCG@10,0.0
q57078,R@100,0.0
q57079,nDCG@10,1.0
q57079,R@100,1.0
q57080,nDCG@10,0.43067655807339306
q57080,R@100,1.0
q57081,nDCG@10,0.0
q57081,R@100,0.0
q57082,nDCG@10,1.0
q57082,R@100,1.0
q57083,nDCG@10,0.0
q57083,R@100,1.0
q57084,nDCG@10,1.0
q57084,R@100,1.0
q57085,nDCG@10,0.0
q57085,R@100,0.0
q57086,nDCG@10,0.3010299956639812
q57086,R@100,1.0
q57087,nDCG@10,1.0
q57087,R@100,1.0
q57088,nDCG@10,0.0
q57088,R@100,1.0
q57089,nDCG@10,0.0
q57089,R@100,0.0
q57090,nDCG@10,1.0
q57090,R@100,1.0
q57091,nDCG@10,0.0
q57091,R@100,0.0
q57092,nDCG@10,0.6309297535714575
q57092,R@100,1.0
q57093,nDCG@10,0.5
q57093,R@100,1.0
q57094,nDCG@10,0.0
q57094,R@100,0.0
q57095,nDCG@10,0.38685280723454163
q57095,R@100,1.0
q57096,nDCG@10,0.0
q57096,R@100,0.0
q57097,nDCG@10,0.0
q57097,R@100,1.0
q57098,nDCG@10,0.0
q57098,R@100,1.0
q57099,nDCG@10,0.0
q57099,R@100,1.0
q57100,nDCG@10,0.0
q57100,R@100,0.0
q57101,nDCG@10,0.6309297535714575
q57101,R@100,1.0
q57102,nDCG@10,1.0
q57102,R@100,1.0
q57103,nDCG@10,0.5
q57103,R@100,1.0
q57104,nDCG@10,0.0
q57104,R@100,0.0
q57105,nDCG@10,0.0
q57105,R@100,0.0
q57106,nDCG@10,0.0
q57106,R@100,1.0
q57107,nDCG@10,0.0
q57107,R@100,1.0
q57108,nDCG@10,0.0
q57108,R@100,0.0
q57109,nDCG@10,0.0
q57109,R@100,1.0
q57110,nDCG@10,0.0
q57110,R@100,0.0
q57111,nDCG@10,1.0
q57111,R@100,1.0
q57112,nDCG@10,1.0
q57112,R@100,1.0
q57113,nDCG@10,0.0
q57113,R@100,1.0
q57114,nDCG@10,1.0
q57114,R@100,1.0
q57115,nDCG@10,0.3010299956639812
q57115,R@100,1.0
q57116,nDCG@10,1.0
q57116,R@100,1.0
q57117,nDCG@10,0.6309297535714575
q57117,R@100,1.0
q57118,nDCG@10,0.0
q57118,R@100,0.0
q57119,nDCG@10,1.0
q57119,R@100,1.0
q57120,nDCG@10,1.0
q57120,R@100,1.0
q57121,nDCG@10,1.0
q57121,R@100,1.0
q57122,nDCG@10,0.0
q57122,R@100,1.0
q57123,nDCG@10,1.0
q57123,R@100,1.0
q57124,nDCG@10,1.0
q57124,R@100,1.0
q57125,nDCG@10,1.0
q57125,R@100,1.0
q57126,nDCG@10,0.31546487678572877
q57126,R@100,1.0
q57127,nDCG@10,1.0
q57127,R@100,1.0
q57128,nDCG@10,0.0
q57128,R@100,0.0
q57129,nDCG@10,0.0
q57129,R@100,0.0
q57130,nDCG@10,0.0
q57130,R@100,0.0
q57131,nDCG@10,1.0
q57131,R@100,1.0
q57132,nDCG@10,0.0
q57132,R@100,0.0
q57133,nDCG@10,0.6309297535714575
q57133,R@100,1.0
q57134,nDCG@10,1.0
q57134,R@100,1.0
q57135,nDCG@10,1.0
q57135,R@100,1.0
q57136,nDCG@10,0.6309297535714575
q57136,R@100,1.0
q57137,nDCG@10,0.3010299956639812
q57137,R@100,1.0
q57138,nDCG@10,0.0
q57138,R@100,0.0
q57139,nDCG@10,0.38685280723454163
q57139,R@100,1.0
q57140,nDCG@10,0.0
q57140,R@100,1.0
q57141,nDCG@10,0.0
q57141,R@100,1.0
q57142,nDCG@10,0.0
q57142,R@100,0.0
q57143,nDCG@10,1.0
q57143,R@100,1.0
q57144,nDCG@10,0.0
q57144,R@100,0.0
q57145,nDCG@10,0.0
q57145,R@100,1.0
q57146,nDCG@10,1.0
q57146,R@100,1.0
q57147,nDCG@10,1.0
q57147,R@100,1.0
q57148,nDCG@10,1.0
q57148,R@100,1.0
q57149,nDCG@10,1.0
q57149,R@100,1.0
q57150,nDCG@10,0.0
q57150,R@100,0.0
q57151,nDCG@10,1.0
q57151,R@100,1.0
q57152,nDCG@10,1.0
q57152,R@100,1.0
q57153,nDCG@10,0.0
q57153,R@100,1.0
q57154,nDCG@10,1.0
q57154,R@100,1.0
q57155,nDCG@10,0.0
q57155,R@100,0.0
q57156,nDCG@10,0.3010299956639812
q57156,R@100,1.0
q57157,nDCG@10,0.0
q57157,R@100,1.0
q57158,nDCG@10,1.0
q57158,R@100,1.0
q57159,nDCG@10,0.0
q57159,R@100,0.0
q57160,nDCG@10,1.0
q57160,R@100,1.0
q57161,nDCG@10,1.0
q57161,R@100,1.0
q57162,nDCG@10,0.0
q57162,R@100,0.0
q57163,nDCG@10,1.0
q57163,R@100,1.0
q57164,nDCG@10,0.6309297535714575
q57164,R@100,1.0
q57165,nDCG@10,1.0
q57165,R@100,1.0
q57166,nDCG@10,0.0
q57166,R@100,0.0
q57167,nDCG@10,1.0
q57167,R@100,1.0
q57168,nDCG@10,1.0
q57168,R@100,1.0
q57169,nDCG@10,1.0
q57169,R@100,1.0
q57170,nDCG@10,0.0
q57170,R@100,0.0
q57171,nDCG@10,0.0
q57171,R@100,0.0
q57172,nDCG@10,0.0
q57172,R@100,0.0
q57173,nDCG@10,0.0
q57173,R@100,0.0
q57174,nDCG@10,0.0
q57174,R@100,0.0
q57175,nDCG@10,0.43067655807339306
q57175,R@100,1.0
q57176,nDCG@10,0.0
q57176,R@100,0.0
q57177,nDCG@10,1.0
q57177,R@100,1.0
q57178,nDCG@10,0.0
q57178,R@100,1.0
q57179,nDCG@10,0.6309297535714575
q57179,R@100,1.0
q57180,nDCG@10,0.0
q57180,R@100,0.0
q57181,nDCG@10,0.0
q57181,R@100,0.0
q57182,nDCG@10,0.0
q57182,R@100,1.0
q57183,nDCG@10,0.6309297535714575
q57183,R@100,1.0
q57184,nDCG@10,0.0
q57184,R@100,1.0
q57185,nDCG@10,0.0
q57185,R@100,1.0
q57186,nDCG@10,0.3562071871080222
q57186,R@100,1.0
q57187,nDCG@10,1.0
q57187,R@100,1.0
q57188,nDCG@10,1.0
q57188,R@100,1.0
q57189,nDCG@10,0.0
q57189,R@100,1.0
q57190,nDCG@10,0.0
q57190,R@100,0.0
q57191,nDCG@10,0.0
q57191,R@100,0.0
q57192,nDCG@10,1.0
q57192,R@100,1.0
q57193,nDCG@10,0.0
q57193,R@100,0.0
q57194,nDCG@10,0.5
q57194,R@100,1.0
q57195,nDCG@10,0.0
q57195,R@100,1.0
q57196,nDCG@10,0.0
q57196,R@100,0.0
q57197,nDCG@10,0.0
q57197,R@100,1.0
q57198,nDCG@10,0.3333333333333333
q57198,R@100,1.0
q57199,nDCG@10,1.0
q57199,R@100,1.0
q57200,nDCG@10,0.0
q57200,R@100,0.0
q57201,nDCG@10,1.0
q57201,R@100,1.0
q57202,nDCG@10,1.0
q57202,R@100,1.0
q57203,nDCG@10,0.43067655807339306
q57203,R@100,1.0
q57204,nDCG@10,1.0
q57204,R@100,1.0
q57205,nDCG@10,1.0
q57205,R@100,1.0
q57206,nDCG@10,1.0
q57206,R@100,1.0
q57207,nDCG@10,0.6309297535714575
q57207,R@100,1.0
q57208,nDCG@10,0.0
q57208,R@100,1.0
q57209,nDCG@10,0.2890648263178879
q57209,R@100,1.0
q57210,nDCG@10,0.0
q57210,R@100,0.0
q57211,nDCG@10,1.0
q57211,R@100,1.0
q57212,nDCG@10,0.0
q57212,R@100,1.0
q57213,nDCG@10,0.0
q57213,R@100,0.0
q57214,nDCG@10,0.0
q57214,R@100,0.0
q57215,nDCG@10,0.0
q57215,R@100,0.0
q57216,nDCG@10,0.0
q57216,R@100,0.0
q57217,nDCG@10,0.0
q57217,R@100,1.0
q57218,nDCG@10,1.0
q57218,R@100,1.0
q57219,nDCG@10,0.0
q57219,R@100,0.0
q57220,nDCG@10,0.0
q57220,R@100,0.0
q57221,nDCG@10,0.0
q57221,R@100,0.0
q57222,nDCG@10,0.3562071871080222
q57222,R@100,1.0
q57223,nDCG@10,0.0
q57223,R@100,0.0
q57224,nDCG@10,1.0
q57224,R@100,1.0
q57225,nDCG@10,0.43067655807339306
q57225,R@100,1.0
q57226,nDCG@10,1.0
q57226,R@100,1.0
q57227,nDCG@10,0.43067655807339306
q57227,R@100,1.0
q57228,nDCG@10,1.0
q57228,R@100,1.0
q57229,nDCG@10,1.0
q57229,R@100,1.0
q57230,nDCG@10,1.0
q57230,R@100,1.0
q57231,nDCG@10,0.0
q57231,R@100,1.0
q57232,nDCG@10,0.0
q57232,R@100,0.0
q57233,nDCG@10,1.0
q57233,R@100,1.0
q57234,nDCG@10,1.0
q57234,R@100,1.0
q57235,nDCG@10,1.0
q57235,R@100,1.0
q57236,nDCG@10,0.0
q57236,R@100,0.0
q57237,nDCG@10,0.0
q57237,R@100,0.0
q57238,nDCG@10,0.0
q57238,R@100,0.0
q57239,nDCG@10,0.0
q57239,R@100,0.0
q57240,nDCG@10,1.0
q57240,R@100,1.0
q57241,nDCG@10,1.0
q57241,R@100,1.0
q57242,nDCG@10,0.0
q57242,R@100,0.0
q57243,nDCG@10,0.0
q57243,R@100,1.0
q57244,nDCG@10,0.6309297535714575
q57244,R@100,1.0
q57245,nDCG@10,1.0
q57245,R@100,1.0
q57246,nDCG@10,0.0
q57246,R@100,0.0
q57247,nDCG@10,1.0
q57247,R@100,1.0
q57248,nDCG@10,0.0
q57248,R@100,1.0
q57249,nDCG@10,0.0
q57249,R@100,0.0
q57250,nDCG@10,0.0
q57250,R@100,1.0
q57251,nDCG@10,0.2890648263178879
q57251,R@100,1.0
q57252,nDCG@10,1.0
q57252,R@100,1.0
q57253,nDCG@10,1.0
q57253,R@100,1.0
q57254,nDCG@10,1.0
q57254,R@100,1.0
q57255,nDCG@10,0.31546487678572877
q57255,R@100,1.0
q57256,nDCG@10,0.0
q57256,R@100,1.0
q57257,nDCG@10,0.0
q57257,R@100,0.0
q57258,nDCG@10,0.0
q57258,R@100,0.0
q57259,nDCG@10,0.0
q57259,R@100,0.0
q57260,nDCG@10,0.0
q57260,R@100,0.0
q57261,nDCG@10,0.6309297535714575
q57261,R@100,1.0
q57262,nDCG@10,1.0
q57262,R@100,1.0
q57263,nDCG@10,0.0
q57263,R@100,0.0
q57264,nDCG@10,0.0
q57264,R@100,0.0
q57265,nDCG@10,0.3333333333333333
q57265,R@100,1.0
q57266,nDCG@10,0.0
q57266,R@100,0.0
q57267,nDCG@10,0.0
q57267,R@100,1.0
q57268,nDCG@10,0.0
q57268,R@100,0.0
q57269,nDCG@10,0.0
q57269,R@100,0.0
q57270,nDCG@10,1.0
q57270,R@100,1.0
q57271,nDCG@10,1.0
q57271,R@100,1.0
q57272,nDCG@10,0.0
q57272,R@100,0.0
q57273,nDCG@10,1.0
q57273,R@100,1.0
q57274,nDCG@10,1.0
q57274,R@100,1.0
q57275,nDCG@10,0.3333333333333333
q57275,R@100,1.0
q57276,nDCG@10,0.0
q57276,R@100,0.0
q57277,nDCG@10,0.0
q57277,R@100,0.0
q57278,nDCG@10,0.0
q57278,R@100,1.0
q57279,nDCG@10,0.0
q57279,R@100,0.0
q57280,nDCG@10,0.6309297535714575
q57280,R@100,1.0
q57281,nDCG@10,1.0
q57281,R@100,1.0
q57282,nDCG@10,0.0
q57282,R@100,0.0
q57283,nDCG@10,0.0
q57283,R@100,1.0
q57284,nDCG@10,1.0
q57284,R@100,1.0
q57285,nDCG@10,1.0
q57285,R@100,1.0
q57286,nDCG@10,1.0
q57286,R@100,1.0
q57287,nDCG@10,0.0
q57287,R@100,1.0
q57288,nDCG@10,1.0
q57288,R@100,1.0
q57289,nDCG@10,1.0
q57289,R@100,1.0
q57290,nDCG@10,0.0
q57290,R@100,1.0
q57291,nDCG@10,0.31546487678572877
q57291,R@100,1.0
q57292,nDCG@10,0.0
q57292,R@100,0.0
q57293,nDCG@10,0.0
q57293,R@100,0.0
q57294,nDCG@10,1.0
q57294,R@100,1.0
q57295,nDCG@10,1.0
q57295,R@100,1.0
q57296,nDCG@10,0.0
q57296,R@100,0.0
q57297,nDCG@10,1.0
q57297,R@100,1.0
q57298,nDCG@10,1.0
q57298,R@100,1.0
q57299,nDCG@10,0.0
q57299,R@100,1.0
q57300,nDCG@10,1.0
q57300,R@100,1.0
q57301,nDCG@10,0.0
q57301,R@100,1.0
q57302,nDCG@10,0.3333333333333333
q57302,R@100,1.0
q57303,nDCG@10,0.0
q57303,R@100,0.0
q57304,nDCG@10,0.5
q57304,R@100,1.0
q57305,nDCG@10,1.0
q57305,R@100,1.0
q57306,nDCG@10,0.0
q57306,R@100,1.0
q57307,nDCG@10,0.0
q57307,R@100,0.0
q57308,nDCG@10,1.0
q57308,R@100,1.0
q57309,nDCG@10,0.5
q57309,R@100,1.0
q57310,nDCG@10,1.0
q57310,R@100,1.0
q57311,nDCG@10,1.0
q57311,R@100,1.0
q57312,nDCG@10,0.0
q57312,R@100,1.0
q57313,nDCG@10,0.6309297535714575
q57313,R@100,1.0
q57314,nDCG@10,0.0
q57314,R@100,1.0
q57315,nDCG@10,0.6309297535714575
q57315,R@100,1.0
q57316,nDCG@10,0.43067655807339306
q57316,R@100,1.0
q57317,nDCG@10,0.38685280723454163
q57317,R@100,1.0
q57318,nDCG@10,0.0
q57318,R@100,0.0
q57319,nDCG@10,0.0
q57319,R@100,1.0
q57320,nDCG@10,1.0
q57320,R@100,1.0
q57321,nDCG@10,0.0
q57321,R@100,0.0
q57322,nDCG@10,0.3562071871080222
q57322,R@100,1.0
q57323,nDCG@10,1.0
q57323,R@100,1.0
q57324,nDCG@10,0.0
q57324,R@100,0.0
q57325,nDCG@10,0.38685280723454163
q57325,R@100,1.0
q57326,nDCG@10,0.0
q57326,R@100,1.0
q57327,nDCG@10,1.0
q57327,R@100,1.0
q57328,nDCG@10,0.0
q57328,R@100,0.0
q57329,nDCG@10,0.0
q57329,R@100,0.0
q57330,nDCG@10,0.5
q57330,R@100,1.0
q57331,nDCG@10,0.0
q57331,R@100,0.0
q57332,nDCG@10,0.43067655807339306
q57332,R@100,1.0
q57333,nDCG@10,0.5
q57333,R@100,1.0
q57334,nDCG@10,0.0
q57334,R@100,1.0
q57335,nDCG@10,0.0
q57335,R@100,0.0
q57336,nDCG@10,0.0
q57336,R@100,0.0
q57337,nDCG@10,0.0
q57337,R@100,0.0
q57338,nDCG@10,1.0
q57338,R@100,1.0
q57339,nDCG@10,0.0
q57339,R@100,0.0
q57340,nDCG@10,0.0
q57340,R@100,0.0
q57341,nDCG@10,0.0
q57341,R@100,1.0
q57342,nDCG@10,0.0
q57342,R@100,0.0
q57343,nDCG@10,0.6309297535714575
q57343,R@100,1.0
q57344,nDCG@10,0.5
q57344,R@100,1.0
q57345,nDCG@10,0.0
q57345,R@100,0.0
q57346,nDCG@10,1.0
q57346,R@100,1.0
q57347,nDCG@10,1.0
q57347,R@100,1.0
q57348,nDCG@10,0.0
q57348,R@100,1.0
q57349,nDCG@10,1.0
q57349,R@100,1.0
q57350,nDCG@10,0.0
q57350,R@100,1.0
q57351,nDCG@10,0.0
q57351,R@100,0.0
q57352,nDCG@10,1.0
q57352,R@100,1.0
q57353,nDCG@10,0.0
q57353,R@100,1.0
q57354,nDCG@10,1.0
q57354,R@100,1.0
q57355,nDCG@10,1.0
q57355,R@100,1.0
q57356,nDCG@10,0.0
q57356,R@100,0.0
q57357,nDCG@10,1.0
q57357,R@100,1.0
q57358,nDCG@10,0.0
q57358,R@100,0.0
q57359,nDCG@10,0.3333333333333333
q57359,R@100,1.0
q57360,nDCG@10,1.0
q57360,R@100,1.0
q57361,nDCG@10,0.0
q57361,R@100,1.0
q57362,nDCG@10,0.0
q57362,R@100,0.0
q57363,nDCG@10,1.0
q57363,R@100,1.0
q57364,nDCG@10,0.0
q57364,R@100,0.0
q57365,nDCG@10,0.3010299956639812
q57365,R@100,1.0
q57366,nDCG@10,0.0
q57366,R@100,0.0
q57367,nDCG@10,1.0
q57367,R@100,1.0
q57368,nDCG@10,0.6309297535714575
q57368,R@100,1.0
q57369,nDCG@10,0.0
q57369,R@100,0.0
q57370,nDCG@10,1.0
q57370,R@100,1.0
q57371,nDCG@10,0.6309297535714575
q57371,R@100,1.0
q57372,nDCG@10,0.43067655807339306
q57372,R@100,1.0
q57373,nDCG@10,0.0
q57373,R@100,0.0
q57374,nDCG@10,0.0
q57374,R@100,0.0
q57375,nDCG@10,0.0
q57375,R@100,1.0
q57376,nDCG@10,1.0
q57376,R@100,1.0
q57377,nDCG@10,0.43067655807339306
q57377,R@100,1.0
q57378,nDCG@10,0.6309297535714575
q57378,R@100,1.0
q57379,nDCG@10,0.0
q57379,R@100,0.0
q57380,nDCG@10,0.0
q57380,R@100,0.0
q57381,nDCG@10,1.0
q57381,R@100,1.0
q57382,nDCG@10,1.0
q57382,R@100,1.0
q57383,nDCG@10,0.0
q57383,R@100,1.0
q57384,nDCG@10,0.38685280723454163
q57384,R@100,1.0
q57385,nDCG@10,0.0
q57385,R@100,0.0
q57386,nDCG@10,0.43067655807339306
q57386,R@100,1.0
q57387,nDCG@10,0.5
q57387,R@100,1.0
q57388,nDCG@10,0.0
q57388,R@100,0.0
q57389,nDCG@10,0.43067655807339306
q57389,R@100,1.0
q57390,nDCG@10,0.0
q57390,R@100,0.0
q57391,nDCG@10,1.0
q57391,R@100,1.0
q57392,nDCG@10,0.0
q57392,R@100,0.0
q57393,nDCG@10,0.3562071871080222
q57393,R@100,1.0
q57394,nDCG@10,0.0
q57394,R@100,1.0
q57395,nDCG@10,0.0
q57395,R@100,0.0
q57396,nDCG@10,1.0
q57396,R@100,1.0
q57397,nDCG@10,0.0
q57397,R@100,0.0
q57398,nDCG@10,0.0
q57398,R@100,0.0
q57399,nDCG@10,0.3333333333333333
q57399,R@100,1.0
q57400,nDCG@10,0.5
q57400,R@100,1.0
q57401,nDCG@10,0.6309297535714575
q57401,R@100,1.0
q57402,nDCG@10,0.0
q57402,R@100,0.0
q57403,nDCG@10,0.5
q57403,R@100,1.0
q57404,nDCG@10,0.38685280723454163
q57404,R@100,1.0
q57405,nDCG@10,1.0
q57405,R@100,1.0
q57406,nDCG@10,1.0
q57406,R@100,1.0
q57407,nDCG@10,0.0
q57407,R@100,0.0
q57408,nDCG@10,1.0
q57408,R@100,1.0
q57409,nDCG@10,1.0
q57409,R@100,1.0
q57410,nDCG@10,1.0
q57410,R@100,1.0
q57411,nDCG@10,0.0
q57411,R@100,0.0
q57412,nDCG@10,0.0
q57412,R@100,1.0
q57413,nDCG@10,0.0
q57413,R@100,1.0
q57414,nDCG@10,0.43067655807339306
q57414,R@100,1.0
q57415,nDCG@10,0.0
q57415,R@100,1.0
q57416,nDCG@10,0.6309297535714575
q57416,R@100,1.0
q57417,nDCG@10,0.0
q57417,R@100,0.0
q57418,nDCG@10,1.0
q57418,R@100,1.0
q57419,nDCG@10,0.0
q57419,R@100,0.0
q57420,nDCG@10,0.0
q57420,R@100,1.0
q57421,nDCG@10,0.0
q57421,R@100,1.0
q57422,nDCG@10,0.5
q57422,R@100,1.0
q57423,nDCG@10,1.0
q57423,R@100,1.0
q57424,nDCG@10,0.0
q57424,R@100,0.0
q57425,nDCG@10,0.0
q57425,R@100,0.0
q57426,nDCG@10,0.0
q57426,R@100,0.0
q57427,nDCG@10,0.0
q57427,R@100,1.0
q57428,nDCG@10,0.6309297535714575
q57428,R@100,1.0
q57429,nDCG@10,0.0
q57429,R@100,1.0
q57430,nDCG@10,1.0
q57430,R@100,1.0
q57431,nDCG@10,0.0
q57431,R@100,0.0
q57432,nDCG@10,0.0
q57432,R@100,0.0
q57433,nDCG@10,1.0
q57433,R@100,1.0
q57434,nDCG@10,0.0
q57434,R@100,0.0
q57435,nDCG@10,0.6309297535714575
q57435,R@100,1.0
q57436,nDCG@10,0.6309297535714575
q57436,R@100,1.0
q57437,nDCG@10,0.0
q57437,R@100,1.0
q57438,nDCG@10,0.43067655807339306
q57438,R@100,1.0
q57439,nDCG@10,0.6309297535714575
q57439,R@100,1.0
q57440,nDCG@10,0.0
q57440,R@100,0.0
q57441,nDCG@10,1.0
q57441,R@100,1.0
q57442,nDCG@10,0.0
q57442,R@100,0.0
q57443,nDCG@10,1.0
q57443,R@100,1.0
q57444,nDCG@10,0.6309297535714575
q57444,R@100,1.0
q57445,nDCG@10,0.0
q57445,R@100,0.0
q57446,nDCG@10,0.0
q57446,R@100,1.0
q57447,nDCG@10,0.0
q57447,R@100,0.0
q57448,nDCG@10,0.0
q57448,R@100,1.0
q57449,nDCG@10,1.0
q57449,R@100,1.0
q57450,nDCG@10,0.5
q57450,R@100,1.0
q57451,nDCG@10,0.0
q57451,R@100,0.0
q57452,nDCG@10,0.0
q57452,R@100,0.0
q57453,nDCG@10,0.0
q57453,R@100,0.0
q57454,nDCG@10,0.0
q57454,R@100,0.0
q57455,nDCG@10,0.43067655807339306
q57455,R@100,1.0
q57456,nDCG@10,0.0
q57456,R@100,0.0
q57457,nDCG@10,0.0
q57457,R@100,1.0
q57458,nDCG@10,0.3010299956639812
q57458,R@100,1.0
q57459,nDCG@10,0.0
q57459,R@100,0.0
q57460,nDCG@10,0.38685280723454163
q57460,R@100,1.0
q57461,nDCG@10,1.0
q57461,R@100,1.0
q57462,nDCG@10,0.6309297535714575
q57462,R@100,1.0
q57463,nDCG@10,0.0
q57463,R@100,0.0
q57464,nDCG@10,1.0
q57464,R@100,1.0
q57465,nDCG@10,0.0
q57465,R@100,0.0
q57466,nDCG@10,0.6309297535714575
q57466,R@100,1.0
q57467,nDCG@10,1.0
q57467,R@100,1.0
q57468,nDCG@10,1.0
q57468,R@100,1.0
q57469,nDCG@10,0.0
q57469,R@100,1.0
q57470,nDCG@10,0.0
q57470,R@100,1.0
q57471,nDCG@10,1.0
q57471,R@100,1.0
q57472,nDCG@10,0.0
q57472,R@100,1.0
q57473,nDCG@10,0.43067655807339306
q57473,R@100,1.0
q57474,nDCG@10,0.0
q57474,R@100,0.0
q57475,nDCG@10,0.3010299956639812
q57475,R@100,1.0
q57476,nDCG@10,0.0
q57476,R@100,1.0
q57477,nDCG@10,0.0
q57477,R@100,0.0
q57478,nDCG@10,0.0
q57478,R@100,1.0
q57479,nDCG@10,0.0
q57479,R@100,1.0
q57480,nDCG@10,0.0
q57480,R@100,1.0
q57481,nDCG@10,1.0
q57481,R@100,1.0
q57482,nDCG@10,0.6309297535714575
q57482,R@100,1.0
q57483,nDCG@10,0.3333333333333333
q57483,R@100,1.0
q57484,nDCG@10,0.0
q57484,R@100,1.0
q57485,nDCG@10,1.0
q57485,R@100,1.0
q57486,nDCG@10,0.31546487678572877
q57486,R@100,1.0
q57487,nDCG@10,0.0
q57487,R@100,0.0
q57488,nDCG@10,0.6309297535714575
q57488,R@100,1.0
q57489,nDCG@10,1.0
q57489,R@100,1.0
q57490,nDCG@10,0.0
q57490,R@100,0.0
q57491,nDCG@10,1.0
q57491,R@100,1.0
q57492,nDCG@10,1.0
q57492,R@100,1.0
q57493,nDCG@10,0.0
q57493,R@100,0.0
q57494,nDCG@10,1.0
q57494,R@100,1.0
q57495,nDCG@10,0.5
q57495,R@100,1.0
q57496,nDCG@10,0.0
q57496,R@100,1.0
q57497,nDCG@10,0.0
q57497,R@100,0.0
q57498,nDCG@10,0.31546487678572877
q57498,R@100,1.0
q57499,nDCG@10,0.0
q57499,R@100,1.0
q57500,nDCG@10,0.6309297535714575
q57500,R@100,1.0
q57501,nDCG@10,1.0
q57501,R@100,1.0
q57502,nDCG@10,0.0
q57502,R@100,0.0
q57503,nDCG@10,0.6309297535714575
q57503,R@100,1.0
q57504,nDCG@10,1.0
q57504,R@100,1.0
q57505,nDCG@10,0.0
q57505,R@100,0.0
q57506,nDCG@10,1.0
q57506,R@100,1.0
q57507,nDCG@10,0.0
q57507,R@100,0.0
q57508,nDCG@10,1.0
q57508,R@100,1.0
q57509,nDCG@10,0.0
q57509,R@100,0.0
q57510,nDCG@10,1.0
q57510,R@100,1.0
q57511,nDCG@10,0.0
q57511,R@100,0.0
q57512,nDCG@10,0.0
q57512,R@100,1.0
q57513,nDCG@10,1.0
q57513,R@100,1.0
q57514,nDCG@10,0.0
q57514,R@100,0.0
q57515,nDCG@10,1.0
q57515,R@100,1.0
q57516,nDCG@10,1.0
q57516,R@100,1.0
q57517,nDCG@10,1.0
q57517,R@100,1.0
q57518,nDCG@10,1.0
q57518,R@100,1.0
q57519,nDCG@10,1.0
q57519,R@100,1.0
q57520,nDCG@10,0.0
q57520,R@100,0.0
q57521,nDCG@10,0.0
q57521,R@100,1.0
q57522,nDCG@10,0.38685280723454163
q57522,R@100,1.0
q57523,nDCG@10,1.0
q57523,R@100,1.0
q57524,nDCG@10,0.6309297535714575
q57524,R@100,1.0
q57525,nDCG@10,0.0
q57525,R@100,0.0
q57526,nDCG@10,0.0
q57526,R@100,0.0
q57527,nDCG@10,0.0
q57527,R@100,1.0
q57528,nDCG@10,0.0
q57528,R@100,0.0
q57529,nDCG@10,1.0
q57529,R@100,1.0
q57530,nDCG@10,0.3562071871080222
q57530,R@100,1.0
q57531,nDCG@10,0.31546487678572877
q57531,R@100,1.0
q57532,nDCG@10,0.0
q57532,R@100,0.0
q57533,nDCG@10,0.3562071871080222
q57533,R@100,1.0
q57534,nDCG@10,0.0
q57534,R@100,0.0
q57535,nDCG@10,1.0
q57535,R@100,1.0
q57536,nDCG@10,0.0
q57536,R@100,0.0
q57537,nDCG@10,0.0
q57537,R@100,0.0
q57538,nDCG@10,0.5
q57538,R@100,1.0
q57539,nDCG@10,0.0
q57539,R@100,0.0
q57540,nDCG@10,0.0
q57540,R@100,0.0
q57541,nDCG@10,0.0
q57541,R@100,0.0
q57542,nDCG@10,0.0
q57542,R@100,0.0
q57543,nDCG@10,0.0
q57543,R@100,1.0
q57544,nDCG@10,0.0
q57544,R@100,0.0
q57545,nDCG@10,0.0
q57545,R@100,1.0
q57546,nDCG@10,0.0
q57546,R@100,0.0
q57547,nDCG@10,0.0
q57547,R@100,1.0
q57548,nDCG@10,0.3010299956639812
q57548,R@100,1.0
q57549,nDCG@10,1.0
q57549,R@100,1.0
q57550,nDCG@10,1.0
q57550,R@100,1.0
q57551,nDCG@10,1.0
q57551,R@100,1.0
q57552,nDCG@10,1.0
q57552,R@100,1.0
q57553,nDCG@10,0.0
q57553,R@100,1.0
q57554,nDCG@10,0.6309297535714575
q57554,R@100,1.0
q57555,nDCG@10,1.0
q57555,R@100,1.0
q57556,nDCG@10,1.0
q57556,R@100,1.0
q57557,nDCG@10,0.0
q57557,R@100,0.0
q57558,nDCG@10,1.0
q57558,R@100,1.0
q57559,nDCG@10,0.0
q57559,R@100,0.0
q57560,nDCG@10,0.6309297535714575
q57560,R@100,1.0
q57561,nDCG@10,0.0
q57561,R@100,0.0
q57562,nDCG@10,1.0
q57562,R@100,1.0
q57563,nDCG@10,0.0
q57563,R@100,0.0
q57564,nDCG@10,0.6309297535714575
q57564,R@100,1.0
q57565,nDCG@10,0.0
q57565,R@100,1.0
q57566,nDCG@10,0.0
q57566,R@100,1.0
q57567,nDCG@10,0.0
q57567,R@100,1.0
q57568,nDCG@10,0.0
q57568,R@100,0.0
q57569,nDCG@10,1.0
q57569,R@100,1.0
q57570,nDCG@10,1.0
q57570,R@100,1.0
q57571,nDCG@10,0.0
q57571,R@100,0.0
q57572,nDCG@10,1.0
q57572,R@100,1.0
q57573,nDCG@10,0.38685280723454163
q57573,R@100,1.0
q57574,nDCG@10,0.31546487678572877
q57574,R@100,1.0
q57575,nDCG@10,1.0
q57575,R@100,1.0
q57576,nDCG@10,1.0
q57576,R@100,1.0
q57577,nDCG@10,0.0
q57577,R@100,1.0
q57578,nDCG@10,1.0
q57578,R@100,1.0
q57579,nDCG@10,1.0
q57579,R@100,1.0
q57580,nDCG@10,1.0
q57580,R@100,1.0
q57581,nDCG@10,0.3333333333333333
q57581,R@100,1.0
q57582,nDCG@10,0.0
q57582,R@100,0.0
q57583,nDCG@10,0.0
q57583,R@100,0.0
q57584,nDCG@10,0.0
q57584,R@100,0.0
q57585,nDCG@10,1.0
q57585,R@100,1.0
q57586,nDCG@10,0.0
q57586,R@100,1.0
q57587,nDCG@10,0.0
q57587,R@100,1.0
q57588,nDCG@10,0.6309297535714575
q57588,R@100,1.0
q57589,nDCG@10,0.0
q57589,R@100,0.0
q57590,nDCG@10,0.6309297535714575
q57590,R@100,1.0
q57591,nDCG@10,0.0
q57591,R@100,0.0
q57592,nDCG@10,0.2890648263178879
q57592,R@100,1.0
q57593,nDCG@10,1.0
q57593,R@100,1.0
q57594,nDCG@10,0.0
q57594,R@100,1.0
q57595,nDCG@10,1.0
q57595,R@100,1.0
q57596,nDCG@10,0.0
q57596,R@100,0.0
q57597,nDCG@10,1.0
q57597,R@100,1.0
q57598,nDCG@10,0.0
q57598,R@100,1.0
q57599,nDCG@10,0.0
q57599,R@100,0.0
q57600,nDCG@10,0.0
q57600,R@100,0.0
q57601,nDCG@10,0.0
q57601,R@100,1.0
q57602,nDCG@10,0.6309297535714575
q57602,R@100,1.0
q57603,nDCG@10,0.38685280723454163
q57603,R@100,1.0
q57604,nDCG@10,0.0
q57604,R@100,1.0
q57605,nDCG@10,1.0
q57605,R@100,1.0
q57606,nDCG@10,0.6309297535714575
q57606,R@100,1.0
q57607,nDCG@10,1.0
q57607,R@100,1.0
q57608,nDCG@10,0.0
q57608,R@100,1.0
q57609,nDCG@10,1.0
q57609,R@100,1.0
q57610,nDCG@10,0.0
q57610,R@100,0.0
q57611,nDCG@10,1.0
q57611,R@100,1.0
q57612,nDCG@10,0.0
q57612,R@100,0.0
q57613,nDCG@10,1.0
q57613,R@100,1.0
q57614,nDCG@10,1.0
q57614,R@100,1.0
q57615,nDCG@10,0.0
q57615,R@100,0.0
q57616,nDCG@10,0.3562071871080222
q57616,R@100,1.0
q57617,nDCG@10,0.0
q57617,R@100,1.0
q57618,nDCG@10,0.0
q57618,R@100,1.0
q57619,nDCG@10,0.6309297535714575
q57619,R@100,1.0
q57620,nDCG@10,0.0
q57620,R@100,0.0
q57621,nDCG@10,1.0
q57621,R@100,1.0
q57622,nDCG@10,0.0
q57622,R@100,1.0
q57623,nDCG@10,1.0
q57623,R@100,1.0
q57624,nDCG@10,0.0
q57624,R@100,1.0
q57625,nDCG@10,0.0
q57625,R@100,0.0
q57626,nDCG@10,1.0
q57626,R@100,1.0
q57627,nDCG@10,0.0
q57627,R@100,1.0
q57628,nDCG@10,0.0
q57628,R@100,0.0
q57629,nDCG@10,0.0
q57629,R@100,1.0
q57630,nDCG@10,0.0
q57630,R@100,0.0
q57631,nDCG@10,1.0
q57631,R@100,1.0
q57632,nDCG@10,1.0
q57632,R@100,1.0
q57633,nDCG@10,1.0
q57633,R@100,1.0
q57634,nDCG@10,0.6309297535714575
q57634,R@100,1.0
q57635,nDCG@10,0.6309297535714575
q57635,R@100,1.0
q57636,nDCG@10,0.0
q57636,R@100,1.0
q57637,nDCG@10,0.5
q57637,R@100,1.0
q57638,nDCG@10,0.0
q57638,R@100,1.0
q57639,nDCG@10,0.0
q57639,R@100,1.0
q57640,nDCG@10,1.0
q57640,R@100,1.0
q57641,nDCG@10,1.0
q57641,R@100,1.0
q57642,nDCG@10,0.0
q57642,R@100,1.0
q57643,nDCG@10,1.0
q57643,R@100,1.0
q57644,nDCG@10,1.0
q57644,R@100,1.0
q57645,nDCG@10,1.0
q57645,R@100,1.0
q57646,nDCG@10,0.0
q57646,R@100,0.0
q57647,nDCG@10,1.0
q57647,R@100,1.0
q57648,nDCG@10,1.0
q57648,R@100,1.0
q57649,nDCG@10,1.0
q57649,R@100,1.0
q57650,nDCG@10,0.0
q57650,R@100,0.0
q57651,nDCG@10,0.6309297535714575
q57651,R@100,1.0
q57652,nDCG@10,1.0
q57652,R@100,1.0
q57653,nDCG@10,0.0
q57653,R@100,0.0
q57654,nDCG@10,0.0
q57654,R@100,1.0
q57655,nDCG@10,1.0
q57655,R@100,1.0
q57656,nDCG@10,0.0
q57656,R@100,1.0
q57657,nDCG@10,0.0
q57657,R@100,0.0
q57658,nDCG@10,0.0
q57658,R@100,0.0
q57659,nDCG@10,1.0
q57659,R@100,1.0
q57660,nDCG@10,0.0
q57660,R@100,0.0
q57661,nDCG@10,1.0
q57661,R@100,1.0
q57662,nDCG@10,0.0
q57662,R@100,0.0
q57663,nDCG@10,0.0
q57663,R@100,1.0
q57664,nDCG@10,0.0
q57664,R@100,0.0
q57665,nDCG@10,0.0
q57665,R@100,0.0
q57666,nDCG@10,1.0
q57666,R@100,1.0
q57667,nDCG@10,1.0
q57667,R@100,1.0
q57668,nDCG@10,0.43067655807339306
q57668,R@100,1.0
q57669,nDCG@10,0.3333333333333333
q57669,R@100,1.0
q57670,nDCG@10,0.0
q57670,R@100,0.0
q57671,nDCG@10,1.0
q57671,R@100,1.0
q57672,nDCG@10,0.0
q57672,R@100,0.0
q57673,nDCG@10,1.0
q57673,R@100,1.0
q57674,nDCG@10,0.0
q57674,R@100,0.0
q57675,nDCG@10,1.0
q57675,R@100,1.0
q57676,nDCG@10,0.0
q57676,R@100,0.0
q57677,nDCG@10,0.0
q57677,R@100,0.0
q57678,nDCG@10,1.0
q57678,R@100,1.0
q57679,nDCG@10,0.0
q57679,R@100,1.0
q57680,nDCG@10,0.0
q57680,R@100,0.0
q57681,nDCG@10,0.6309297535714575
q57681,R@100,1.0
q57682,nDCG@10,1.0
q57682,R@100,1.0
q57683,nDCG@10,0.0
q57683,R@100,0.0
q57684,nDCG@10,0.5
q57684,R@100,1.0
q57685,nDCG@10,1.0
q57685,R@100,1.0
q57686,nDCG@10,0.0
q57686,R@100,0.0
q57687,nDCG@10,0.0
q57687,R@100,0.0
q57688,nDCG@10,1.0
q57688,R@100,1.0
q57689,nDCG@10,1.0
q57689,R@100,1.0
q57690,nDCG@10,0.5
q57690,R@100,1.0
q57691,nDCG@10,0.0
q57691,R@100,0.0
q57692,nDCG@10,0.0
q57692,R@100,0.0
q57693,nDCG@10,0.0
q57693,R@100,0.0
q57694,nDCG@10,0.6309297535714575
q57694,R@100,1.0
q57695,nDCG@10,0.0
q57695,R@100,1.0
q57696,nDCG@10,0.3562071871080222
q57696,R@100,1.0
q57697,nDCG@10,0.0
q57697,R@100,0.0
q57698,nDCG@10,1.0
q57698,R@100,1.0
q57699,nDCG@10,0.0
q57699,R@100,1.0
q57700,nDCG@10,0.0
q57700,R@100,0.0
q57701,nDCG@10,0.6309297535714575
q57701,R@100,1.0
q57702,nDCG@10,1.0
q57702,R@100,1.0
q57703,nDCG@10,1.0
q57703,R@100,1.0
q57704,nDCG@10,1.0
q57704,R@100,1.0
q57705,nDCG@10,0.5
q57705,R@100,1.0
q57706,nDCG@10,1.0
q57706,R@100,1.0
q57707,nDCG@10,0.43067655807339306
q57707,R@100,1.0
q57708,nDCG@10,0.38685280723454163
q57708,R@100,1.0
q57709,nDCG@10,1.0
q57709,R@100,1.0
q57710,nDCG@10,0.0
q57710,R@100,0.0
q57711,nDCG@10,0.0
q57711,R@100,0.0
q57712,nDCG@10,0.2890648263178879
q57712,R@100,1.0
q57713,nDCG@10,0.0
q57713,R@100,1.0
q57714,nDCG@10,1.0
q57714,R@100,1.0
q57715,nDCG@10,1.0
q57715,R@100,1.0
q57716,nDCG@10,0.6309297535714575
q57716,R@100,1.0
q57717,nDCG@10,0.0
q57717,R@100,0.0
q57718,nDCG@10,0.0
q57718,R@100,0.0
q57719,nDCG@10,0.0
q57719,R@100,0.0
q57720,nDCG@10,1.0
q57720,R@100,1.0
q57721,nDCG@10,0.6309297535714575
q57721,R@100,1.0
q57722,nDCG@10,1.0
q57722,R@100,1.0
q57723,nDCG@10,0.0
q57723,R@100,0.0
q57724,nDCG@10,0.0
q57724,R@100,0.0
q57725,nDCG@10,0.0
q57725,R@100,1.0
q57726,nDCG@10,0.0
q57726,R@100,0.0
q57727,nDCG@10,0.0
q57727,R@100,0.0
q57728,nDCG@10,0.6309297535714575
q57728,R@100,1.0
q57729,nDCG@10,0.6309297535714575
q57729,R@100,1.0
q57730,nDCG@10,1.0
q57730,R@100,1.0
q57731,nDCG@10,0.0
q57731,R@100,0.0
q57732,nDCG@10,1.0
q57732,R@100,1.0
q57733,nDCG@10,0.0
q57733,R@100,0.0
q57734,nDCG@10,0.0
q57734,R@100,0.0
q57735,nDCG@10,0.0
q57735,R@100,1.0
q57736,nDCG@10,1.0
q57736,R@100,1.0
q57737,nDCG@10,0.0
q57737,R@100,1.0
q57738,nDCG@10,0.0
q57738,R@100,0.0
q57739,nDCG@10,1.0
q57739,R@100,1.0
q57740,nDCG@10,0.0
q57740,R@100,0.0
q57741,nDCG@10,1.0
q57741,R@100,1.0
q57742,nDCG@10,1.0
q57742,R@100,1.0
q57743,nDCG@10,0.3010299956639812
q57743,R@100,1.0
q57744,nDCG@10,0.6309297535714575
q57744,R@100,1.0
q57745,nDCG@10,0.0
q57745,R@100,0.0
q57746,nDCG@10,1.0
q57746,R@100,1.0
q57747,nDCG@10,1.0
q57747,R@100,1.0
q57748,nDCG@10,0.6309297535714575
q57748,R@100,1.0
q57749,nDCG@10,1.0
q57749,R@100,1.0
q57750,nDCG@10,1.0
q57750,R@100,1.0
q57751,nDCG@10,1.0
q57751,R@100,1.0
q57752,nDCG@10,0.5
q57752,R@100,1.0
q57753,nDCG@10,1.0
q57753,R@100,1.0
q57754,nDCG@10,1.0
q57754,R@100,1.0
q57755,nDCG@10,0.0
q57755,R@100,0.0
q57756,nDCG@10,0.0
q57756,R@100,0.0
q57757,nDCG@10,0.0
q57757,R@100,0.0
q57758,nDCG@10,1.0
q57758,R@100,1.0
q57759,nDCG@10,0.0
q57759,R@100,0.0
q57760,nDCG@10,0.0
q57760,R@100,0.0
q57761,nDCG@10,1.0
q57761,R@100,1.0
q57762,nDCG@10,1.0
q57762,R@100,1.0
q57763,nDCG@10,0.2890648263178879
q57763,R@100,1.0
q57764,nDCG@10,0.5
q57764,R@100,1.0
q57765,nDCG@10,1.0
q57765,R@100,1.0
q57766,nDCG@10,0.38685280723454163
q57766,R@100,1.0
q57767,nDCG@10,1.0
q57767,R@100,1.0
q57768,nDCG@10,0.0
q57768,R@100,0.0
q57769,nDCG@10,0.0
q57769,R@100,0.0
q57770,nDCG@10,0.0
q57770,R@100,0.0
q57771,nDCG@10,0.38685280723454163
q57771,R@100,1.0
q57772,nDCG@10,0.6309297535714575
q57772,R@100,1.0
q57773,nDCG@10,1.0
q57773,R@100,1.0
q57774,nDCG@10,0.0
q57774,R@100,0.0
q57775,nDCG@10,0.0
q57775,R@100,0.0
q57776,nDCG@10,0.0
q57776,R@100,1.0
q57777,nDCG@10,0.43067655807339306
q57777,R@100,1.0
q57778,nDCG@10,1.0
q57778,R@100,1.0
q57779,nDCG@10,0.0
q57779,R@100,0.0
q57780,nDCG@10,1.0
q57780,R@100,1.0
q57781,nDCG@10,1.0
q57781,R@100,1.0
q57782,nDCG@10,0.6309297535714575
q57782,R@100,1.0
q57783,nDCG@10,0.43067655807339306
q57783,R@100,1.0
q57784,nDCG@10,0.0
q57784,R@100,0.0
q57785,nDCG@10,0.0
q57785,R@100,0.0
q57786,nDCG@10,1.0
q57786,R@100,1.0
q57787,nDCG@10,0.0
q57787,R@100,1.0
q57788,nDCG@10,1.0
q57788,R@100,1.0
q57789,nDCG@10,0.0
q57789,R@100,0.0
q57790,nDCG@10,0.0
q57790,R@100,0.0
q57791,nDCG@10,0.0
q57791,R@100,0.0
q57792,nDCG@10,1.0
q57792,R@100,1.0
q57793,nDCG@10,1.0
q57793,R@100,1.0
q57794,nDCG@10,0.31546487678572877
q57794,R@100,1.0
q57795,nDCG@10,0.0
q57795,R@100,0.0
q57796,nDCG@10,1.0
q57796,R@100,1.0
q57797,nDCG@10,1.0
q57797,R@100,1.0
q57798,nDCG@10,0.0
q57798,R@100,1.0
q57799,nDCG@10,1.0
q57799,R@100,1.0
q57800,nDCG@10,0.0
q57800,R@100,0.0
q57801,nDCG@10,0.0
q57801,R@100,0.0
q57802,nDCG@10,0.0
q57802,R@100,1.0
q57803,nDCG@10,0.0
q57803,R@100,0.0
q57804,nDCG@10,0.0
q57804,R@100,1.0
q57805,nDCG@10,0.0
q57805,R@100,0.0
q57806,nDCG@10,1.0
q57806,R@100,1.0
q57807,nDCG@10,0.0
q57807,R@100,0.0
q57808,nDCG@10,0.0
q57808,R@100,0.0
q57809,nDCG@10,1.0
q57809,R@100,1.0
q57810,nDCG@10,0.0
q57810,R@100,0.0
q57811,nDCG@10,0.43067655807339306
q57811,R@100,1.0
q57812,nDCG@10,1.0
q57812,R@100,1.0
q57813,nDCG@10,0.0
q57813,R@100,0.0
q57814,nDCG@10,1.0
q57814,R@100,1.0
q57815,nDCG@10,1.0
q57815,R@100,1.0
q57816,nDCG@10,0.0
q57816,R@100,1.0
q57817,nDCG@10,1.0
q57817,R@100,1.0
q57818,nDCG@10,1.0
q57818,R@100,1.0
q57819,nDCG@10,0.0
q57819,R@100,0.0
q57820,nDCG@10,1.0
q57820,R@100,1.0
q57821,nDCG@10,1.0
q57821,R@100,1.0
q57822,nDCG@10,0.31546487678572877
q57822,R@100,1.0
q57823,nDCG@10,0.0
q57823,R@100,1.0
q57824,nDCG@10,0.31546487678572877
q57824,R@100,1.0
q57825,nDCG@10,0.43067655807339306
q57825,R@100,1.0
q57826,nDCG@10,0.0
q57826,R@100,0.0
q57827,nDCG@10,1.0
q57827,R@100,1.0
q57828,nDCG@10,0.0
q57828,R@100,0.0
q57829,nDCG@10,1.0
q57829,R@100,1.0
q57830,nDCG@10,0.0
q57830,R@100,1.0
q57831,nDCG@10,0.0
q57831,R@100,0.0
q57832,nDCG@10,0.0
q57832,R@100,0.0
q57833,nDCG@10,0.0
q57833,R@100,1.0
q57834,nDCG@10,0.0
q57834,R@100,1.0
q57835,nDCG@10,1.0
q57835,R@100,1.0
q57836,nDCG@10,1.0
q57836,R@100,1.0
q57837,nDCG@10,0.0
q57837,R@100,0.0
q57838,nDCG@10,0.0
q57838,R@100,0.0
q57839,nDCG@10,1.0
q57839,R@100,1.0
q57840,nDCG@10,0.43067655807339306
q57840,R@100,1.0
q57841,nDCG@10,0.3333333333333333
q57841,R@100,1.0
q57842,nDCG@10,0.2890648263178879
q57842,R@100,1.0
q57843,nDCG@10,0.0
q57843,R@100,0.0
q57844,nDCG@10,1.0
q57844,R@100,1.0
q57845,nDCG@10,0.5
q57845,R@100,1.0
q57846,nDCG@10,0.0
q57846,R@100,0.0
q57847,nDCG@10,0.0
q57847,R@100,0.0
q57848,nDCG@10,0.0
q57848,R@100,0.0
q57849,nDCG@10,0.5
q57849,R@100,1.0
q57850,nDCG@10,1.0
q57850,R@100,1.0
q57851,nDCG@10,0.0
q57851,R@100,0.0
q57852,nDCG@10,0.0
q57852,R@100,1.0
q57853,nDCG@10,0.3333333333333333
q57853,R@100,1.0
q57854,nDCG@10,0.38685280723454163
q57854,R@100,1.0
q57855,nDCG@10,0.6309297535714575
q57855,R@100,1.0
q57856,nDCG@10,0.0
q57856,R@100,0.0
q57857,nDCG@10,0.3333333333333333
q57857,R@100,1.0
q57858,nDCG@10,0.0
q57858,R@100,1.0
q57859,nDCG@10,1.0
q57859,R@100,1.0
q57860,nDCG@10,0.3562071871080222
q57860,R@100,1.0
q57861,nDCG@10,1.0
q57861,R@100,1.0
q57862,nDCG@10,1.0
q57862,R@100,1.0
q57863,nDCG@10,1.0
q57863,R@100,1.0
q57864,nDCG@10,0.5
q57864,R@100,1.0
q57865,nDCG@10,0.0
q57865,R@100,1.0
q57866,nDCG@10,0.0
q57866,R@100,1.0
q57867,nDCG@10,0.0
q57867,R@100,0.0
q57868,nDCG@10,0.38685280723454163
q57868,R@100,1.0
q57869,nDCG@10,0.0
q57869,R@100,0.0
q57870,nDCG@10,0.0
q57870,R@100,0.0
q57871,nDCG@10,0.0
q57871,R@100,0.0
q57872,nDCG@10,0.0
q57872,R@100,0.0
q57873,nDCG@10,0.6309297535714575
q57873,R@100,1.0
q57874,nDCG@10,0.43067655807339306
q57874,R@100,1.0
q57875,nDCG@10,0.0
q57875,R@100,0.0
q57876,nDCG@10,0.0
q57876,R@100,0.0
q57877,nDCG@10,0.3562071871080222
q57877,R@100,1.0
q57878,nDCG@10,1.0
q57878,R@100,1.0
q57879,nDCG@10,0.0
q57879,R@100,0.0
q57880,nDCG@10,0.0
q57880,R@100,0.0
q57881,nDCG@10,0.0
q57881,R@100,0.0
q57882,nDCG@10,0.43067655807339306
q57882,R@100,1.0
q57883,nDCG@10,0.0
q57883,R@100,0.0
q57884,nDCG@10,0.0
q57884,R@100,1.0
q57885,nDCG@10,0.0
q57885,R@100,0.0
q57886,nDCG@10,0.0
q57886,R@100,1.0
q57887,nDCG@10,1.0
q57887,R@100,1.0
q57888,nDCG@10,1.0
q57888,R@100,1.0
q57889,nDCG@10,1.0
q57889,R@100,1.0
q57890,nDCG@10,1.0
q57890,R@100,1.0
q57891,nDCG@10,0.3333333333333333
q57891,R@100,1.0
q57892,nDCG@10,1.0
q57892,R@100,1.0
q57893,nDCG@10,0.0
q57893,R@100,1.0
q57894,nDCG@10,1.0
q57894,R@100,1.0
q57895,nDCG@10,1.0
q57895,R@100,1.0
q57896,nDCG@10,0.0
q57896,R@100,0.0
q57897,nDCG@10,1.0
q57897,R@100,1.0
q57898,nDCG@10,0.0
q57898,R@100,0.0
q57899,nDCG@10,1.0
q57899,R@100,1.0
q57900,nDCG@10,0.0
q57900,R@100,0.0
q57901,nDCG@10,0.6309297535714575
q57901,R@100,1.0
q57902,nDCG@10,0.0
q57902,R@100,1.0
q57903,nDCG@10,1.0
q57903,R@100,1.0
q57904,nDCG@10,1.0
q57904,R@100,1.0
q57905,nDCG@10,0.0
q57905,R@100,0.0
q57906,nDCG@10,0.6309297535714575
q57906,R@100,1.0
q57907,nDCG@10,0.43067655807339306
q57907,R@100,1.0
q57908,nDCG@10,1.0
q57908,R@100,1.0
q57909,nDCG@10,0.0
q57909,R@100,1.0
q57910,nDCG@10,0.0
q57910,R@100,0.0
q57911,nDCG@10,0.0
q57911,R@100,0.0
q57912,nDCG@10,0.0
q57912,R@100,0.0
q57913,nDCG@10,0.0
q57913,R@100,1.0
q57914,nDCG@10,0.0
q57914,R@100,1.0
q57915,nDCG@10,1.0
q57915,R@100,1.0
q57916,nDCG@10,1.0
q57916,R@100,1.0
q57917,nDCG@10,1.0
q57917,R@100,1.0
q57918,nDCG@10,0.0
q57918,R@100,1.0
q57919,nDCG@10,0.6309297535714575
q57919,R@100,1.0
q57920,nDCG@10,0.3562071871080222
q57920,R@100,1.0
q57921,nDCG@10,0.6309297535714575
q57921,R@100,1.0
q57922,nDCG@10,1.0
q57922,R@100,1.0
q57923,nDCG@10,0.43067655807339306
q57923,R@100,1.0
q57924,nDCG@10,0.43067655807339306
q57924,R@100,1.0
q57925,nDCG@10,1.0
q57925,R@100,1.0
q57926,nDCG@10,1.0
q57926,R@100,1.0
q57927,nDCG@10,0.0
q57927,R@100,1.0
q57928,nDCG@10,1.0
q57928,R@100,1.0
q57929,nDCG@10,1.0
q57929,R@100,1.0
q57930,nDCG@10,0.0
q57930,R@100,0.0
q57931,nDCG@10,1.0
q57931,R@100,1.0
q57932,nDCG@10,0.0
q57932,R@100,0.0
q57933,nDCG@10,0.0
q57933,R@100,1.0
q57934,nDCG@10,0.0
q57934,R@100,0.0
q57935,nDCG@10,0.0
q57935,R@100,0.0
q57936,nDCG@10,1.0
q57936,R@100,1.0
q57937,nDCG@10,1.0
q57937,R@100,1.0
q57938,nDCG@10,0.5
q57938,R@100,1.0
q57939,nDCG@10,1.0
q57939,R@100,1.0
q57940,nDCG@10,0.5
q57940,R@100,1.0
q57941,nDCG@10,0.0
q57941,R@100,0.0
q57942,nDCG@10,0.31546487678572877
q57942,R@100,1.0
q57943,nDCG@10,1.0
q57943,R@100,1.0
q57944,nDCG@10,0.0
q57944,R@100,0.0
q57945,nDCG@10,1.0
q57945,R@100,1.0
q57946,nDCG@10,0.0
q57946,R@100,0.0
q57947,nDCG@10,0.0
q57947,R@100,1.0
q57948,nDCG@10,1.0
q57948,R@100,1.0
q57949,nDCG@10,1.0
q57949,R@100,1.0
q57950,nDCG@10,1.0
q57950,R@100,1.0
q57951,nDCG@10,1.0
q57951,R@100,1.0
q57952,nDCG@10,1.0
q57952,R@100,1.0
q57953,nDCG@10,0.0
q57953,R@100,1.0
q57954,nDCG@10,1.0
q57954,R@100,1.0
q57955,nDCG@10,0.6309297535714575
q57955,R@100,1.0
q57956,nDCG@10,0.0
q57956,R@100,1.0
q57957,nDCG@10,1.0
q57957,R@100,1.0
q57958,nDCG@10,1.0
q57958,R@100,1.0
q57959,nDCG@10,0.6309297535714575
q57959,R@100,1.0
q57960,nDCG@10,1.0
q57960,R@100,1.0
q57961,nDCG@10,0.0
q57961,R@100,0.0
q57962,nDCG@10,0.0
q57962,R@100,0.0
q57963,nDCG@10,0.0
q57963,R@100,0.0
q57964,nDCG@10,1.0
q57964,R@100,1.0
q57965,nDCG@10,0.0
q57965,R@100,0.0
q57966,nDCG@10,0.3562071871080222
q57966,R@100,1.0
q57967,nDCG@10,0.0
q57967,R@100,0.0
q57968,nDCG@10,0.6309297535714575
q57968,R@100,1.0
q57969,nDCG@10,0.38685280723454163
q57969,R@100,1.0
q57970,nDCG@10,0.0
q57970,R@100,1.0
q57971,nDCG@10,1.0
q57971,R@100,1.0
q57972,nDCG@10,0.0
q57972,R@100,1.0
q57973,nDCG@10,1.0
q57973,R@100,1.0
q57974,nDCG@10,0.0
q57974,R@100,0.0
q57975,nDCG@10,0.0
q57975,R@100,0.0
q57976,nDCG@10,0.0
q57976,R@100,0.0
q57977,nDCG@10,0.0
q57977,R@100,0.0
q57978,nDCG@10,0.0
q57978,R@100,0.0
q57979,nDCG@10,0.6309297535714575
q57979,R@100,1.0
q57980,nDCG@10,0.0
q57980,R@100,0.0
q57981,nDCG@10,0.0
q57981,R@100,0.0
q57982,nDCG@10,1.0
q57982,R@100,1.0
q57983,nDCG@10,0.43067655807339306
q57983,R@100,1.0
q57984,nDCG@10,1.0
q57984,R@100,1.0
q57985,nDCG@10,1.0
q57985,R@100,1.0
q57986,nDCG@10,1.0
q57986,R@100,1.0
q57987,nDCG@10,0.0
q57987,R@100,1.0
q57988,nDCG@10,1.0
q57988,R@100,1.0
q57989,nDCG@10,0.6309297535714575
q57989,R@100,1.0
q57990,nDCG@10,1.0
q57990,R@100,1.0
q57991,nDCG@10,0.0
q57991,R@100,0.0
q57992,nDCG@10,0.0
q57992,R@100,0.0
q57993,nDCG@10,0.0
q57993,R@100,1.0
q57994,nDCG@10,1.0
q57994,R@100,1.0
q57995,nDCG@10,1.0
q57995,R@100,1.0
q57996,nDCG@10,0.0
q57996,R@100,0.0
q57997,nDCG@10,0.0
q57997,R@100,0.0
q57998,nDCG@10,0.0
q57998,R@100,0.0
q57999,nDCG@10,0.0
q57999,R@100,0.0
q58000,nDCG@10,0.6309297535714575
q58000,R@100,1.0
q58001,nDCG@10,1.0
q58001,R@100,1.0
q58002,nDCG@10,0.0
q58002,R@100,1.0
q58003,nDCG@10,0.0
q58003,R@100,1.0
q58004,nDCG@10,1.0
q58004,R@100,1.0
q58005,nDCG@10,0.38685280723454163
q58005,R@100,1.0
q58006,nDCG@10,1.0
q58006,R@100,1.0
q58007,nDCG@10,1.0
q58007,R@100,1.0
q58008,nDCG@10,0.6309297535714575
q58008,R@100,1.0
q58009,nDCG@10,1.0
q58009,R@100,1.0
q58010,nDCG@10,0.3562071871080222
q58010,R@100,1.0
q58011,nDCG@10,0.0
q58011,R@100,1.0
q58012,nDCG@10,1.0
q58012,R@100,1.0
q58013,nDCG@10,0.0
q58013,R@100,0.0
q58014,nDCG@10,0.31546487678572877
q58014,R@100,1.0
q58015,nDCG@10,0.0
q58015,R@100,1.0
q58016,nDCG@10,0.0
q58016,R@100,0.0
q58017,nDCG@10,0.0
q58017,R@100,0.0
q58018,nDCG@10,0.0
q58018,R@100,0.0
q58019,nDCG@10,0.0
q58019,R@100,1.0
q58020,nDCG@10,0.0
q58020,R@100,0.0
q58021,nDCG@10,0.3010299956639812
q58021,R@100,1.0
q58022,nDCG@10,1.0
q58022,R@100,1.0
q58023,nDCG@10,1.0
q58023,R@100,1.0
q58024,nDCG@10,0.0
q58024,R@100,0.0
q58025,nDCG@10,1.0
q58025,R@100,1.0
q58026,nDCG@10,0.3333333333333333
q58026,R@100,1.0
q58027,nDCG@10,0.2890648263178879
q58027,R@100,1.0
q58028,nDCG@10,0.0
q58028,R@100,1.0
q58029,nDCG@10,0.6309297535714575
q58029,R@100,1.0
q58030,nDCG@10,1.0
q58030,R@100,1.0
q58031,nDCG@10,0.0
q58031,R@100,1.0
q58032,nDCG@10,0.0
q58032,R@100,0.0
q58033,nDCG@10,1.0
q58033,R@100,1.0
q58034,nDCG@10,0.0
q58034,R@100,0.0
q58035,nDCG@10,0.6309297535714575
q58035,R@100,1.0
q58036,nDCG@10,0.38685280723454163
q58036,R@100,1.0
q58037,nDCG@10,0.0
q58037,R@100,0.0
q58038,nDCG@10,0.6309297535714575
q58038,R@100,1.0
q58039,nDCG@10,0.0
q58039,R@100,0.0
q58040,nDCG@10,0.0
q58040,R@100,1.0
q58041,nDCG@10,0.0
q58041,R@100,0.0
q58042,nDCG@10,0.31546487678572877
q58042,R@100,1.0
q58043,nDCG@10,0.6309297535714575
q58043,R@100,1.0
q58044,nDCG@10,0.0
q58044,R@100,0.0
q58045,nDCG@10,1.0
q58045,R@100,1.0
q58046,nDCG@10,0.0
q58046,R@100,0.0
q58047,nDCG@10,0.0
q58047,R@100,0.0
q58048,nDCG@10,0.43067655807339306
q58048,R@100,1.0
q58049,nDCG@10,1.0
q58049,R@100,1.0
q58050,nDCG@10,1.0
q58050,R@100,1.0
q58051,nDCG@10,0.0
q58051,R@100,1.0
q58052,nDCG@10,1.0
q58052,R@100,1.0
q58053,nDCG@10,0.0
q58053,R@100,1.0
q58054,nDCG@10,1.0
q58054,R@100,1.0
q58055,nDCG@10,1.0
q58055,R@100,1.0
q58056,nDCG@10,0.0
q58056,R@100,0.0
q58057,nDCG@10,0.0
q58057,R@100,0.0
q58058,nDCG@10,0.6309297535714575
q58058,R@100,1.0
q58059,nDCG@10,0.0
q58059,R@100,0.0
q58060,nDCG@10,0.0
q58060,R@100,0.0
q58061,nDCG@10,0.43067655807339306
q58061,R@100,1.0
q58062,nDCG@10,0.43067655807339306
q58062,R@100,1.0
q58063,nDCG@10,0.0
q58063,R@100,0.0
q58064,nDCG@10,0.0
q58064,R@100,0.0
q58065,nDCG@10,0.0
q58065,R@100,0.0
q58066,nDCG@10,0.0
q58066,R@100,0.0
q58067,nDCG@10,0.0
q58067,R@100,1.0
q58068,nDCG@10,1.0
q58068,R@100,1.0
q58069,nDCG@10,1.0
q58069,R@100,1.0
q58070,nDCG@10,0.0
q58070,R@100,0.0
q58071,nDCG@10,0.0
q58071,R@100,1.0
q58072,nDCG@10,0.0
q58072,R@100,0.0
q58073,nDCG@10,1.0
q58073,R@100,1.0
q58074,nDCG@10,1.0
q58074,R@100,1.0
q58075,nDCG@10,1.0
q58075,R@100,1.0
q58076,nDCG@10,1.0
q58076,R@100,1.0
q58077,nDCG@10,0.0
q58077,R@100,1.0
q58078,nDCG@10,1.0
q58078,R@100,1.0
q58079,nDCG@10,1.0
q58079,R@100,1.0
q58080,nDCG@10,1.0
q58080,R@100,1.0
q58081,nDCG@10,0.0
q58081,R@100,1.0
q58082,nDCG@10,0.6309297535714575
q58082,R@100,1.0
q58083,nDCG@10,1.0
q58083,R@100,1.0
q58084,nDCG@10,1.0
q58084,R@100,1.0
q58085,nDCG@10,0.43067655807339306
q58085,R@100,1.0
q58086,nDCG@10,0.0
q58086,R@100,0.0
q58087,nDCG@10,0.0
q58087,R@100,1.0
q58088,nDCG@10,0.0
q58088,R@100,0.0
q58089,nDCG@10,1.0
q58089,R@100,1.0
q58090,nDCG@10,0.0
q58090,R@100,0.0
q58091,nDCG@10,1.0
q58091,R@100,1.0
q58092,nDCG@10,0.0
q58092,R@100,1.0
q58093,nDCG@10,0.43067655807339306
q58093,R@100,1.0
q58094,nDCG@10,0.0
q58094,R@100,0.0
q58095,nDCG@10,0.0
q58095,R@100,0.0
q58096,nDCG@10,1.0
q58096,R@100,1.0
q58097,nDCG@10,0.43067655807339306
q58097,R@100,1.0
q58098,nDCG@10,0.6309297535714575
q58098,R@100,1.0
q58099,nDCG@10,0.0
q58099,R@100,0.0
q58100,nDCG@10,1.0
q58100,R@100,1.0
q58101,nDCG@10,0.0
q58101,R@100,0.0
q58102,nDCG@10,0.0
q58102,R@100,0.0
q58103,nDCG@10,0.6309297535714575
q58103,R@100,1.0
q58104,nDCG@10,0.0
q58104,R@100,1.0
q58105,nDCG@10,1.0
q58105,R@100,1.0
q58106,nDCG@10,0.3562071871080222
q58106,R@100,1.0
q58107,nDCG@10,1.0
q58107,R@100,1.0
q58108,nDCG@10,1.0
q58108,R@100,1.0
q58109,nDCG@10,0.0
q58109,R@100,0.0
q58110,nDCG@10,1.0
q58110,R@100,1.0
q58111,nDCG@10,0.0
q58111,R@100,1.0
q58112,nDCG@10,0.0
q58112,R@100,0.0
q58113,nDCG@10,1.0
q58113,R@100,1.0
q58114,nDCG@10,0.0
q58114,R@100,1.0
q58115,nDCG@10,0.0
q58115,R@100,0.0
q58116,nDCG@10,1.0
q58116,R@100,1.0
q58117,nDCG@10,1.0
q58117,R@100,1.0
q58118,nDCG@10,0.0
q58118,R@100,0.0
q58119,nDCG@10,0.0
q58119,R@100,0.0
q58120,nDCG@10,1.0
q58120,R@100,1.0
q58121,nDCG@10,0.0
q58121,R@100,0.0
q58122,nDCG@10,0.0
q58122,R@100,0.0
q58123,nDCG@10,0.0
q58123,R@100,1.0
q58124,nDCG@10,1.0
q58124,R@100,1.0
q58125,nDCG@10,0.0
q58125,R@100,0.0
q58126,nDCG@10,1.0
q58126,R@100,1.0
q58127,nDCG@10,1.0
q58127,R@100,1.0
q58128,nDCG@10,1.0
q58128,R@100,1.0
q58129,nDCG@10,0.0
q58129,R@100,1.0
q58130,nDCG@10,0.43067655807339306
q58130,R@100,1.0
q58131,nDCG@10,1.0
q58131,R@100,1.0
q58132,nDCG@10,0.0
q58132,R@100,0.0
q58133,nDCG@10,0.6309297535714575
q58133,R@100,1.0
q58134,nDCG@10,0.0
q58134,R@100,1.0
q58135,nDCG@10,1.0
q58135,R@100,1.0
q58136,nDCG@10,0.0
q58136,R@100,0.0
q58137,nDCG@10,0.0
q58137,R@100,0.0
q58138,nDCG@10,0.0
q58138,R@100,1.0
q58139,nDCG@10,0.6309297535714575
q58139,R@100,1.0
q58140,nDCG@10,0.0
q58140,R@100,0.0
q58141,nDCG@10,1.0
q58141,R@100,1.0
q58142,nDCG@10,0.0
q58142,R@100,1.0
q58143,nDCG@10,1.0
q58143,R@100,1.0
q58144,nDCG@10,1.0
q58144,R@100,1.0
q58145,nDCG@10,0.6309297535714575
q58145,R@100,1.0
q58146,nDCG@10,0.0
q58146,R@100,1.0
q58147,nDCG@10,1.0
q58147,R@100,1.0
q58148,nDCG@10,0.3010299956639812
q58148,R@100,1.0
q58149,nDCG@10,0.0
q58149,R@100,0.0
q58150,nDCG@10,1.0
q58150,R@100,1.0
q58151,nDCG@10,0.0
q58151,R@100,1.0
q58152,nDCG@10,1.0
q58152,R@100,1.0
q58153,nDCG@10,0.0
q58153,R@100,1.0
q58154,nDCG@10,0.5
q58154,R@100,1.0
q58155,nDCG@10,0.0
q58155,R@100,1.0
q58156,nDCG@10,0.0
q58156,R@100,1.0
q58157,nDCG@10,1.0
q58157,R@100,1.0
q58158,nDCG@10,1.0
q58158,R@100,1.0
q58159,nDCG@10,0.0
q58159,R@100,1.0
q58160,nDCG@10,0.0
q58160,R@100,1.0
q58161,nDCG@10,1.0
q58161,R@100,1.0
q58162,nDCG@10,1.0
q58162,R@100,1.0
q58163,nDCG@10,0.0
q58163,R@100,1.0
q58164,nDCG@10,0.0
q58164,R@100,0.0
q58165,nDCG@10,0.43067655807339306
q58165,R@100,1.0
q58166,nDCG@10,0.43067655807339306
q58166,R@100,1.0
q58167,nDCG@10,0.0
q58167,R@100,0.0
q58168,nDCG@10,0.0
q58168,R@100,1.0
q58169,nDCG@10,0.0
q58169,R@100,0.0
q58170,nDCG@10,0.38685280723454163
q58170,R@100,1.0
q58171,nDCG@10,0.6309297535714575
q58171,R@100,1.0
q58172,nDCG@10,1.0
q58172,R@100,1.0
q58173,nDCG@10,0.6309297535714575
q58173,R@100,1.0
q58174,nDCG@10,1.0
q58174,R@100,1.0
q58175,nDCG@10,1.0
q58175,R@100,1.0
q58176,nDCG@10,0.3333333333333333
q58176,R@100,1.0
q58177,nDCG@10,0.6309297535714575
q58177,R@100,1.0
q58178,nDCG@10,0.0
q58178,R@100,0.0
q58179,nDCG@10,1.0
q58179,R@100,1.0
q58180,nDCG@10,0.6309297535714575
q58180,R@100,1.0
q58181,nDCG@10,1.0
q58181,R@100,1.0
q58182,nDCG@10,0.0
q58182,R@100,0.0
q58183,nDCG@10,0.6309297535714575
q58183,R@100,1.0
q58184,nDCG@10,0.0
q58184,R@100,0.0
q58185,nDCG@10,0.43067655807339306
q58185,R@100,1.0
q58186,nDCG@10,0.0
q58186,R@100,0.0
q58187,nDCG@10,1.0
q58187,R@100,1.0
q58188,nDCG@10,0.0
q58188,R@100,1.0
q58189,nDCG@10,1.0
q58189,R@100,1.0
q58190,nDCG@10,1.0
q58190,R@100,1.0
q58191,nDCG@10,0.0
q58191,R@100,0.0
q58192,nDCG@10,0.0
q58192,R@100,0.0
q58193,nDCG@10,0.5
q58193,R@100,1.0
q58194,nDCG@10,0.38685280723454163
q58194,R@100,1.0
q58195,nDCG@10,0.0
q58195,R@100,1.0
q58196,nDCG@10,0.0
q58196,R@100,1.0
q58197,nDCG@10,0.0
q58197,R@100,0.0
q58198,nDCG@10,0.0
q58198,R@100,1.0
q58199,nDCG@10,0.0
q58199,R@100,0.0
q58200,nDCG@10,0.0
q58200,R@100,0.0
q58201,nDCG@10,0.0
q58201,R@100,1.0
q58202,nDCG@10,0.0
q58202,R@100,1.0
q58203,nDCG@10,0.0
q58203,R@100,0.0
q58204,nDCG@10,0.0
q58204,R@100,1.0
q58205,nDCG@10,0.0
q58205,R@100,1.0
q58206,nDCG@10,0.0
q58206,R@100,1.0
q58207,nDCG@10,0.0
q58207,R@100,0.0
q58208,nDCG@10,0.6309297535714575
q58208,R@100,1.0
q58209,nDCG@10,0.0
q58209,R@100,1.0
q58210,nDCG@10,1.0
q58210,R@100,1.0
q58211,nDCG@10,0.0
q58211,R@100,1.0
q58212,nDCG@10,0.38685280723454163
q58212,R@100,1.0
q58213,nDCG@10,0.0
q58213,R@100,0.0
q58214,nDCG@10,0.31546487678572877
q58214,R@100,1.0
q58215,nDCG@10,1.0
q58215,R@100,1.0
q58216,nDCG@10,0.0
q58216,R@100,0.0
q58217,nDCG@10,0.0
q58217,R@100,0.0
q58218,nDCG@10,0.0
q58218,R@100,1.0
q58219,nDCG@10,0.6309297535714575
q58219,R@100,1.0
q58220,nDCG@10,1.0
q58220,R@100,1.0
q58221,nDCG@10,1.0
q58221,R@100,1.0
q58222,nDCG@10,0.43067655807339306
q58222,R@100,1.0
q58223,nDCG@10,1.0
q58223,R@100,1.0
q58224,nDCG@10,1.0
q58224,R@100,1.0
q58225,nDCG@10,0.6309297535714575
q58225,R@100,1.0
q58226,nDCG@10,0.0
q58226,R@100,1.0
q58227,nDCG@10,1.0
q58227,R@100,1.0
q58228,nDCG@10,1.0
q58228,R@100,1.0
q58229,nDCG@10,0.6309297535714575
q58229,R@100,1.0
q58230,nDCG@10,0.6309297535714575
q58230,R@100,1.0
q58231,nDCG@10,0.0
q58231,R@100,0.0
q58232,nDCG@10,0.0
q58232,R@100,0.0
q58233,nDCG@10,0.0
q58233,R@100,0.0
q58234,nDCG@10,1.0
q58234,R@100,1.0
q58235,nDCG@10,0.0
q58235,R@100,0.0
q58236,nDCG@10,0.38685280723454163
q58236,R@100,1.0
q58237,nDCG@10,0.6309297535714575
q58237,R@100,1.0
q58238,nDCG@10,1.0
q58238,R@100,1.0
q58239,nDCG@10,0.0
q58239,R@100,0.0
q58240,nDCG@10,0.0
q58240,R@100,1.0
q58241,nDCG@10,0.6309297535714575
q58241,R@100,1.0
q58242,nDCG@10,0.0
q58242,R@100,1.0
q58243,nDCG@10,0.0
q58243,R@100,0.0
q58244,nDCG@10,0.6309297535714575
q58244,R@100,1.0
q58245,nDCG@10,0.43067655807339306
q58245,R@100,1.0
q58246,nDCG@10,0.5
q58246,R@100,1.0
q58247,nDCG@10,0.6309297535714575
q58247,R@100,1.0
q58248,nDCG@10,1.0
q58248,R@100,1.0
q58249,nDCG@10,1.0
q58249,R@100,1.0
q58250,nDCG@10,0.0
q58250,R@100,0.0
q58251,nDCG@10,0.0
q58251,R@100,0.0
q58252,nDCG@10,1.0
q58252,R@100,1.0
q58253,nDCG@10,1.0
q58253,R@100,1.0
q58254,nDCG@10,0.0
q58254,R@100,1.0
q58255,nDCG@10,0.3562071871080222
q58255,R@100,1.0
q58256,nDCG@10,0.0
q58256,R@100,1.0
q58257,nDCG@10,0.0
q58257,R@100,0.0
q58258,nDCG@10,1.0
q58258,R@100,1.0
q58259,nDCG@10,0.6309297535714575
q58259,R@100,1.0
q58260,nDCG@10,1.0
q58260,R@100,1.0
q58261,nDCG@10,0.0
q58261,R@100,0.0
q58262,nDCG@10,0.0
q58262,R@100,0.0
q58263,nDCG@10,0.0
q58263,R@100,0.0
q58264,nDCG@10,0.0
q58264,R@100,0.0
q58265,nDCG@10,0.0
q58265,R@100,0.0
q58266,nDCG@10,0.0
q58266,R@100,0.0
q58267,nDCG@10,0.0
q58267,R@100,1.0
q58268,nDCG@10,1.0
q58268,R@100,1.0
q58269,nDCG@10,0.0
q58269,R@100,1.0
q58270,nDCG@10,0.5
q58270,R@100,1.0
q58271,nDCG@10,1.0
q58271,R@100,1.0
q58272,nDCG@10,0.6309297535714575
q58272,R@100,1.0
q58273,nDCG@10,1.0
q58273,R@100,1.0
q58274,nDCG@10,1.0
q58274,R@100,1.0
q58275,nDCG@10,0.0
q58275,R@100,0.0
q58276,nDCG@10,0.3562071871080222
q58276,R@100,1.0
q58277,nDCG@10,0.0
q58277,R@100,0.0
q58278,nDCG@10,0.0
q58278,R@100,1.0
q58279,nDCG@10,1.0
q58279,R@100,1.0
q58280,nDCG@10,1.0
q58280,R@100,1.0
q58281,nDCG@10,0.0
q58281,R@100,0.0
q58282,nDCG@10,1.0
q58282,R@100,1.0
q58283,nDCG@10,0.3562071871080222
q58283,R@100,1.0
q58284,nDCG@10,0.0
q58284,R@100,1.0
q58285,nDCG@10,0.6309297535714575
q58285,R@100,1.0
q58286,nDCG@10,0.43067655807339306
q58286,R@100,1.0
q58287,nDCG@10,0.0
q58287,R@100,0.0
q58288,nDCG@10,0.3562071871080222
q58288,R@100,1.0
q58289,nDCG@10,0.0
q58289,R@100,1.0
q58290,nDCG@10,0.0
q58290,R@100,1.0
q58291,nDCG@10,0.6309297535714575
q58291,R@100,1.0
q58292,nDCG@10,0.0
q58292,R@100,0.0
q58293,nDCG@10,0.0
q58293,R@100,0.0
q58294,nDCG@10,0.6309297535714575
q58294,R@100,1.0
q58295,nDCG@10,0.0
q58295,R@100,0.0
q58296,nDCG@10,0.0
q58296,R@100,0.0
q58297,nDCG@10,0.0
q58297,R@100,0.0
q58298,nDCG@10,0.0
q58298,R@100,0.0
q58299,nDCG@10,0.0
q58299,R@100,0.0
q58300,nDCG@10,0.0
q58300,R@100,0.0
q58301,nDCG@10,0.0
q58301,R@100,1.0
q58302,nDCG@10,1.0
q58302,R@100,1.0
q58303,nDCG@10,1.0
q58303,R@100,1.0
q58304,nDCG@10,0.0
q58304,R@100,0.0
q58305,nDCG@10,1.0
q58305,R@100,1.0
q58306,nDCG@10,0.5
q58306,R@100,1.0
q58307,nDCG@10,0.0
q58307,R@100,0.0
q58308,nDCG@10,1.0
q58308,R@100,1.0
q58309,nDCG@10,1.0
q58309,R@100,1.0
q58310,nDCG@10,0.0
q58310,R@100,0.0
q58311,nDCG@10,0.6309297535714575
q58311,R@100,1.0
q58312,nDCG@10,0.6309297535714575
q58312,R@100,1.0
q58313,nDCG@10,0.0
q58313,R@100,1.0
q58314,nDCG@10,1.0
q58314,R@100,1.0
q58315,nDCG@10,0.0
q58315,R@100,0.0
q58316,nDCG@10,0.43067655807339306
q58316,R@100,1.0
q58317,nDCG@10,0.5
q58317,R@100,1.0
q58318,nDCG@10,0.0
q58318,R@100,1.0
q58319,nDCG@10,0.6309297535714575
q58319,R@100,1.0
q58320,nDCG@10,0.43067655807339306
q58320,R@100,1.0
q58321,nDCG@10,0.0
q58321,R@100,0.0
q58322,nDCG@10,0.5
q58322,R@100,1.0
q58323,nDCG@10,0.0
q58323,R@100,1.0
q58324,nDCG@10,1.0
q58324,R@100,1.0
q58325,nDCG@10,0.0
q58325,R@100,0.0
q58326,nDCG@10,0.0
q58326,R@100,0.0
q58327,nDCG@10,0.0
q58327,R@100,0.0
q58328,nDCG@10,1.0
q58328,R@100,1.0
q58329,nDCG@10,1.0
q58329,R@100,1.0
q58330,nDCG@10,1.0
q58330,R@100,1.0
q58331,nDCG@10,0.0
q58331,R@100,0.0
q58332,nDCG@10,1.0
q58332,R@100,1.0
q58333,nDCG@10,0.0
q58333,R@100,0.0
q58334,nDCG@10,0.0
q58334,R@100,0.0
q58335,nDCG@10,1.0
q58335,R@100,1.0
q58336,nDCG@10,0.38685280723454163
q58336,R@100,1.0
q58337,nDCG@10,0.0
q58337,R@100,1.0
q58338,nDCG@10,0.0
q58338,R@100,1.0
q58339,nDCG@10,0.0
q58339,R@100,0.0
q58340,nDCG@10,1.0
q58340,R@100,1.0
q58341,nDCG@10,0.0
q58341,R@100,1.0
q58342,nDCG@10,0.3562071871080222
q58342,R@100,1.0
q58343,nDCG@10,0.0
q58343,R@100,1.0
q58344,nDCG@10,0.5
q58344,R@100,1.0
q58345,nDCG@10,0.6309297535714575
q58345,R@100,1.0
q58346,nDCG@10,0.3562071871080222
q58346,R@100,1.0
q58347,nDCG@10,0.0
q58347,R@100,0.0
q58348,nDCG@10,0.0
q58348,R@100,0.0
q58349,nDCG@10,0.43067655807339306
q58349,R@100,1.0
q58350,nDCG@10,1.0
q58350,R@100,1.0
q58351,nDCG@10,0.0
q58351,R@100,1.0
q58352,nDCG@10,0.0
q58352,R@100,0.0
q58353,nDCG@10,0.0
q58353,R@100,1.0
q58354,nDCG@10,0.0
q58354,R@100,0.0
q58355,nDCG@10,0.0
q58355,R@100,0.0
q58356,nDCG@10,0.0
q58356,R@100,0.0
q58357,nDCG@10,0.0
q58357,R@100,0.0
q58358,nDCG@10,1.0
q58358,R@100,1.0
q58359,nDCG@10,0.0
q58359,R@100,1.0
q58360,nDCG@10,0.0
q58360,R@100,0.0
q58361,nDCG@10,0.43067655807339306
q58361,R@100,1.0
q58362,nDCG@10,1.0
q58362,R@100,1.0
q58363,nDCG@10,0.0
q58363,R@100,0.0
q58364,nDCG@10,0.0
q58364,R@100,0.0
q58365,nDCG@10,1.0
q58365,R@100,1.0
q58366,nDCG@10,1.0
q58366,R@100,1.0
q58367,nDCG@10,0.0
q58367,R@100,0.0
q58368,nDCG@10,0.0
q58368,R@100,0.0
q58369,nDCG@10,0.0
q58369,R@100,1.0
q58370,nDCG@10,0.0
q58370,R@100,0.0
q58371,nDCG@10,0.3562071871080222
q58371,R@100,1.0
q58372,nDCG@10,0.0
q58372,R@100,0.0
q58373,nDCG@10,1.0
q58373,R@100,1.0
q58374,nDCG@10,0.0
q58374,R@100,1.0
q58375,nDCG@10,0.0
q58375,R@100,0.0
q58376,nDCG@10,0.0
q58376,R@100,1.0
q58377,nDCG@10,1.0
q58377,R@100,1.0
q58378,nDCG@10,0.0
q58378,R@100,0.0
q58379,nDCG@10,1.0
q58379,R@100,1.0
q58380,nDCG@10,0.6309297535714575
q58380,R@100,1.0
q58381,nDCG@10,0.0
q58381,R@100,0.0
q58382,nDCG@10,1.0
q58382,R@100,1.0
q58383,nDCG@10,0.3333333333333333
q58383,R@100,1.0
q58384,nDCG@10,0.0
q58384,R@100,0.0
q58385,nDCG@10,0.0
q58385,R@100,1.0
q58386,nDCG@10,0.0
q58386,R@100,0.0
q58387,nDCG@10,0.0
q58387,R@100,1.0
q58388,nDCG@10,0.6309297535714575
q58388,R@100,1.0
q58389,nDCG@10,0.0
q58389,R@100,1.0
q58390,nDCG@10,0.0
q58390,R@100,1.0
q58391,nDCG@10,0.0
q58391,R@100,0.0
q58392,nDCG@10,0.5
q58392,R@100,1.0
q58393,nDCG@10,0.6309297535714575
q58393,R@100,1.0
q58394,nDCG@10,0.0
q58394,R@100,0.0
q58395,nDCG@10,0.0
q58395,R@100,0.0
q58396,nDCG@10,0.0
q58396,R@100,1.0
q58397,nDCG@10,1.0
q58397,R@100,1.0
q58398,nDCG@10,0.0
q58398,R@100,0.0
q58399,nDCG@10,0.0
q58399,R@100,1.0
q58400,nDCG@10,1.0
q58400,R@100,1.0
q58401,nDCG@10,0.0
q58401,R@100,0.0
q58402,nDCG@10,0.0
q58402,R@100,1.0
q58403,nDCG@10,0.2890648263178879
q58403,R@100,1.0
q58404,nDCG@10,0.0
q58404,R@100,0.0
q58405,nDCG@10,1.0
q58405,R@100,1.0
q58406,nDCG@10,1.0
q58406,R@100,1.0
q58407,nDCG@10,0.0
q58407,R@100,0.0
q58408,nDCG@10,0.0
q58408,R@100,0.0
q58409,nDCG@10,0.0
q58409,R@100,1.0
q58410,nDCG@10,0.3333333333333333
q58410,R@100,1.0
q58411,nDCG@10,0.43067655807339306
q58411,R@100,1.0
q58412,nDCG@10,1.0
q58412,R@100,1.0
q58413,nDCG@10,0.0
q58413,R@100,1.0
q58414,nDCG@10,0.0
q58414,R@100,0.0
q58415,nDCG@10,0.5
q58415,R@100,1.0
q58416,nDCG@10,0.0
q58416,R@100,0.0
q58417,nDCG@10,0.6309297535714575
q58417,R@100,1.0
q58418,nDCG@10,1.0
q58418,R@100,1.0
q58419,nDCG@10,1.0
q58419,R@100,1.0
q58420,nDCG@10,1.0
q58420,R@100,1.0
q58421,nDCG@10,0.3010299956639812
q58421,R@100,1.0
q58422,nDCG@10,0.0
q58422,R@100,1.0
q58423,nDCG@10,1.0
q58423,R@100,1.0
q58424,nDCG@10,0.43067655807339306
q58424,R@100,1.0
q58425,nDCG@10,0.0
q58425,R@100,1.0
q58426,nDCG@10,1.0
q58426,R@100,1.0
q58427,nDCG@10,0.0
q58427,R@100,1.0
q58428,nDCG@10,0.0
q58428,R@100,0.0
q58429,nDCG@10,0.0
q58429,R@100,1.0
q58430,nDCG@10,0.0
q58430,R@100,0.0
q58431,nDCG@10,0.3333333333333333
q58431,R@100,1.0
q58432,nDCG@10,0.0
q58432,R@100,0.0
q58433,nDCG@10,0.0
q58433,R@100,1.0
q58434,nDCG@10,0.0
q58434,R@100,0.0
q58435,nDCG@10,1.0
q58435,R@100,1.0
q58436,nDCG@10,1.0
q58436,R@100,1.0
q58437,nDCG@10,0.0
q58437,R@100,1.0
q58438,nDCG@10,0.0
q58438,R@100,0.0
q58439,nDCG@10,0.6309297535714575
q58439,R@100,1.0
q58440,nDCG@10,1.0
q58440,R@100,1.0
q58441,nDCG@10,0.3333333333333333
q58441,R@100,1.0
q58442,nDCG@10,1.0
q58442,R@100,1.0
q58443,nDCG@10,0.0
q58443,R@100,0.0
q58444,nDCG@10,0.0
q58444,R@100,0.0
q58445,nDCG@10,1.0
q58445,R@100,1.0
q58446,nDCG@10,0.0
q58446,R@100,1.0
q58447,nDCG@10,0.0
q58447,R@100,1.0
q58448,nDCG@10,1.0
q58448,R@100,1.0
q58449,nDCG@10,1.0
q58449,R@100,1.0
q58450,nDCG@10,1.0
q58450,R@100,1.0
q58451,nDCG@10,1.0
q58451,R@100,1.0
q58452,nDCG@10,0.0
q58452,R@100,0.0
q58453,nDCG@10,1.0
q58453,R@100,1.0
q58454,nDCG@10,0.0
q58454,R@100,0.0
q58455,nDCG@10,1.0
q58455,R@100,1.0
q58456,nDCG@10,1.0
q58456,R@100,1.0
q58457,nDCG@10,0.3562071871080222
q58457,R@100,1.0
q58458,nDCG@10,0.6309297535714575
q58458,R@100,1.0
q58459,nDCG@10,1.0
q58459,R@100,1.0
q58460,nDCG@10,1.0
q58460,R@100,1.0
q58461,nDCG@10,0.0
q58461,R@100,0.0
q58462,nDCG@10,0.0
q58462,R@100,0.0
q58463,nDCG@10,0.0
q58463,R@100,0.0
q58464,nDCG@10,0.0
q58464,R@100,0.0
q58465,nDCG@10,0.0
q58465,R@100,1.0
q58466,nDCG@10,0.0
q58466,R@100,0.0
q58467,nDCG@10,0.0
q58467,R@100,1.0
q58468,nDCG@10,0.0
q58468,R@100,1.0
q58469,nDCG@10,1.0
q58469,R@100,1.0
q58470,nDCG@10,0.6309297535714575
q58470,R@100,1.0
q58471,nDCG@10,0.0
q58471,R@100,0.0
q58472,nDCG@10,0.0
q58472,R@100,1.0
q58473,nDCG@10,0.5
q58473,R@100,1.0
q58474,nDCG@10,0.2890648263178879
q58474,R@100,1.0
q58475,nDCG@10,0.0
q58475,R@100,1.0
q58476,nDCG@10,0.0
q58476,R@100,1.0
q58477,nDCG@10,0.0
q58477,R@100,0.0
q58478,nDCG@10,0.0
q58478,R@100,1.0
q58479,nDCG@10,0.6309297535714575
q58479,R@100,1.0
q58480,nDCG@10,0.6309297535714575
q58480,R@100,1.0
q58481,nDCG@10,1.0
q58481,R@100,1.0
q58482,nDCG@10,1.0
q58482,R@100,1.0
q58483,nDCG@10,1.0
q58483,R@100,1.0
q58484,nDCG@10,0.0
q58484,R@100,1.0
q58485,nDCG@10,1.0
q58485,R@100,1.0
q58486,nDCG@10,0.3333333333333333
q58486,R@100,1.0
q58487,nDCG@10,0.0
q58487,R@100,0.0
q58488,nDCG@10,0.5
q58488,R@100,1.0
q58489,nDCG@10,1.0
q58489,R@100,1.0
q58490,nDCG@10,1.0
q58490,R@100,1.0
q58491,nDCG@10,0.0
q58491,R@100,1.0
q58492,nDCG@10,0.0
q58492,R@100,0.0
q58493,nDCG@10,0.43067655807339306
q58493,R@100,1.0
q58494,nDCG@10,0.3333333333333333
q58494,R@100,1.0
q58495,nDCG@10,0.0
q58495,R@100,0.0
q58496,nDCG@10,0.0
q58496,R@100,1.0
q58497,nDCG@10,0.38685280723454163
q58497,R@100,1.0
q58498,nDCG@10,0.6309297535714575
q58498,R@100,1.0
q58499,nDCG@10,1.0
q58499,R@100,1.0
q58500,nDCG@10,0.6309297535714575
q58500,R@100,1.0
q58501,nDCG@10,0.5
q58501,R@100,1.0
q58502,nDCG@10,0.0
q58502,R@100,0.0
q58503,nDCG@10,1.0
q58503,R@100,1.0
q58504,nDCG@10,0.0
q58504,R@100,0.0
q58505,nDCG@10,1.0
q58505,R@100,1.0
q58506,nDCG@10,0.6309297535714575
q58506,R@100,1.0
q58507,nDCG@10,1.0
q58507,R@100,1.0
q58508,nDCG@10,0.0
q58508,R@100,1.0
q58509,nDCG@10,1.0
q58509,R@100,1.0
q58510,nDCG@10,0.31546487678572877
q58510,R@100,1.0
q58511,nDCG@10,1.0
q58511,R@100,1.0
q58512,nDCG@10,0.6309297535714575
q58512,R@100,1.0
q58513,nDCG@10,0.6309297535714575
q58513,R@100,1.0
q58514,nDCG@10,0.0
q58514,R@100,0.0
q58515,nDCG@10,1.0
q58515,R@100,1.0
q58516,nDCG@10,0.0
q58516,R@100,1.0
q58517,nDCG@10,0.0
q58517,R@100,0.0
q58518,nDCG@10,1.0
q58518,R@100,1.0
q58519,nDCG@10,0.0
q58519,R@100,0.0
q58520,nDCG@10,0.38685280723454163
q58520,R@100,1.0
q58521,nDCG@10,0.5
q58521,R@100,1.0
q58522,nDCG@10,0.0
q58522,R@100,0.0
q58523,nDCG@10,0.0
q58523,R@100,1.0
q58524,nDCG@10,1.0
q58524,R@100,1.0
q58525,nDCG@10,1.0
q58525,R@100,1.0
q58526,nDCG@10,0.0
q58526,R@100,1.0
q58527,nDCG@10,0.6309297535714575
q58527,R@100,1.0
q58528,nDCG@10,0.6309297535714575
q58528,R@100,1.0
q58529,nDCG@10,0.0
q58529,R@100,1.0
q58530,nDCG@10,0.5
q58530,R@100,1.0
q58531,nDCG@10,0.0
q58531,R@100,0.0
q58532,nDCG@10,0.3010299956639812
q58532,R@100,1.0
q58533,nDCG@10,0.3333333333333333
q58533,R@100,1.0
q58534,nDCG@10,1.0
q58534,R@100,1.0
q58535,nDCG@10,1.0
q58535,R@100,1.0
q58536,nDCG@10,0.0
q58536,R@100,1.0
q58537,nDCG@10,1.0
q58537,R@100,1.0
q58538,nDCG@10,0.0
q58538,R@100,1.0
q58539,nDCG@10,0.0
q58539,R@100,0.0
q58540,nDCG@10,1.0
q58540,R@100,1.0
q58541,nDCG@10,1.0
q58541,R@100,1.0
q58542,nDCG@10,0.0
q58542,R@100,0.0
q58543,nDCG@10,1.0
q58543,R@100,1.0
q58544,nDCG@10,0.0
q58544,R@100,0.0
q58545,nDCG@10,0.0
q58545,R@100,0.0
q58546,nDCG@10,0.0
q58546,R@100,0.0
q58547,nDCG@10,0.2890648263178879
q58547,R@100,1.0
q58548,nDCG@10,0.0
q58548,R@100,0.0
q58549,nDCG@10,0.3333333333333333
q58549,R@100,1.0
q58550,nDCG@10,1.0
q58550,R@100,1.0
q58551,nDCG@10,0.0
q58551,R@100,0.0
q58552,nDCG@10,0.5
q58552,R@100,1.0
q58553,nDCG@10,0.0
q58553,R@100,0.0
q58554,nDCG@10,0.0
q58554,R@100,1.0
q58555,nDCG@10,0.0
q58555,R@100,0.0
q58556,nDCG@10,1.0
q58556,R@100,1.0
q58557,nDCG@10,0.0
q58557,R@100,1.0
q58558,nDCG@10,0.0
q58558,R@100,0.0
q58559,nDCG@10,1.0
q58559,R@100,1.0
q58560,nDCG@10,0.0
q58560,R@100,0.0
q58561,nDCG@10,1.0
q58561,R@100,1.0
q58562,nDCG@10,1.0
q58562,R@100,1.0
q58563,nDCG@10,0.0
q58563,R@100,0.0
q58564,nDCG@10,0.0
q58564,R@100,0.0
q58565,nDCG@10,0.0
q58565,R@100,0.0
q58566,nDCG@10,1.0
q58566,R@100,1.0
q58567,nDCG@10,0.0
q58567,R@100,0.0
q58568,nDCG@10,1.0
q58568,R@100,1.0
q58569,nDCG@10,1.0
q58569,R@100,1.0
q58570,nDCG@10,0.0
q58570,R@100,0.0
q58571,nDCG@10,0.0
q58571,R@100,0.0
q58572,nDCG@10,0.0
q58572,R@100,0.0
q58573,nDCG@10,1.0
q58573,R@100,1.0
q58574,nDCG@10,0.0
q58574,R@100,0.0
q58575,nDCG@10,0.5
q58575,R@100,1.0
q58576,nDCG@10,0.31546487678572877
q58576,R@100,1.0
q58577,nDCG@10,0.6309297535714575
q58577,R@100,1.0
q58578,nDCG@10,0.6309297535714575
q58578,R@100,1.0
q58579,nDCG@10,0.0
q58579,R@100,1.0
q58580,nDCG@10,0.0
q58580,R@100,0.0
q58581,nDCG@10,1.0
q58581,R@100,1.0
q58582,nDCG@10,0.0
q58582,R@100,1.0
q58583,nDCG@10,0.0
q58583,R@100,0.0
q58584,nDCG@10,1.0
q58584,R@100,1.0
q58585,nDCG@10,0.0
q58585,R@100,1.0
q58586,nDCG@10,1.0
q58586,R@100,1.0
q58587,nDCG@10,1.0
q58587,R@100,1.0
q58588,nDCG@10,0.6309297535714575
q58588,R@100,1.0
q58589,nDCG@10,1.0
q58589,R@100,1.0
q58590,nDCG@10,0.0
q58590,R@100,0.0
q58591,nDCG@10,0.0
q58591,R@100,0.0
q58592,nDCG@10,1.0
q58592,R@100,1.0
q58593,nDCG@10,0.31546487678572877
q58593,R@100,1.0
q58594,nDCG@10,1.0
q58594,R@100,1.0
q58595,nDCG@10,0.6309297535714575
q58595,R@100,1.0
q58596,nDCG@10,0.3333333333333333
q58596,R@100,1.0
q58597,nDCG@10,1.0
q58597,R@100,1.0
q58598,nDCG@10,1.0
q58598,R@100,1.0
q58599,nDCG@10,0.0
q58599,R@100,1.0
q58600,nDCG@10,1.0
q58600,R@100,1.0
q58601,nDCG@10,0.6309297535714575
q58601,R@100,1.0
q58602,nDCG@10,1.0
q58602,R@100,1.0
q58603,nDCG@10,1.0
q58603,R@100,1.0
q58604,nDCG@10,0.0
q58604,R@100,0.0
q58605,nDCG@10,0.0
q58605,R@100,0.0
q58606,nDCG@10,1.0
q58606,R@100,1.0
q58607,nDCG@10,1.0
q58607,R@100,1.0
q58608,nDCG@10,1.0
q58608,R@100,1.0
q58609,nDCG@10,1.0
q58609,R@100,1.0
q58610,nDCG@10,0.0
q58610,R@100,0.0
q58611,nDCG@10,0.0
q58611,R@100,0.0
q58612,nDCG@10,1.0
q58612,R@100,1.0
q58613,nDCG@10,1.0
q58613,R@100,1.0
q58614,nDCG@10,1.0
q58614,R@100,1.0
q58615,nDCG@10,1.0
q58615,R@100,1.0
q58616,nDCG@10,0.0
q58616,R@100,0.0
q58617,nDCG@10,1.0
q58617,R@100,1.0
q58618,nDCG@10,0.5
q58618,R@100,1.0
q58619,nDCG@10,1.0
q58619,R@100,1.0
q58620,nDCG@10,0.0
q58620,R@100,0.0
q58621,nDCG@10,0.0
q58621,R@100,0.0
q58622,nDCG@10,1.0
q58622,R@100,1.0
q58623,nDCG@10,0.0
q58623,R@100,0.0
q58624,nDCG@10,0.5
q58624,R@100,1.0
q58625,nDCG@10,1.0
q58625,R@100,1.0
q58626,nDCG@10,0.0
q58626,R@100,0.0
q58627,nDCG@10,0.43067655807339306
q58627,R@100,1.0
q58628,nDCG@10,1.0
q58628,R@100,1.0
q58629,nDCG@10,1.0
q58629,R@100,1.0
q58630,nDCG@10,0.31546487678572877
q58630,R@100,1.0
q58631,nDCG@10,1.0
q58631,R@100,1.0
q58632,nDCG@10,0.0
q58632,R@100,0.0
q58633,nDCG@10,1.0
q58633,R@100,1.0
q58634,nDCG@10,0.0
q58634,R@100,0.0
q58635,nDCG@10,0.0
q58635,R@100,0.0
q58636,nDCG@10,1.0
q58636,R@100,1.0
q58637,nDCG@10,0.0
q58637,R@100,0.0
q58638,nDCG@10,1.0
q58638,R@100,1.0
q58639,nDCG@10,1.0
q58639,R@100,1.0
q58640,nDCG@10,1.0
q58640,R@100,1.0
q58641,nDCG@10,0.5
q58641,R@100,1.0
q58642,nDCG@10,0.0
q58642,R@100,0.0
q58643,nDCG@10,1.0
q58643,R@100,1.0
q58644,nDCG@10,0.6309297535714575
q58644,R@100,1.0
q58645,nDCG@10,0.0
q58645,R@100,1.0
q58646,nDCG@10,0.0
q58646,R@100,0.0
q58647,nDCG@10,0.0
q58647,R@100,1.0
q58648,nDCG@10,0.3333333333333333
q58648,R@100,1.0
q58649,nDCG@10,0.0
q58649,R@100,0.0
q58650,nDCG@10,0.0
q58650,R@100,0.0
q58651,nDCG@10,0.0
q58651,R@100,1.0
q58652,nDCG@10,0.0
q58652,R@100,0.0
q58653,nDCG@10,0.0
q58653,R@100,0.0
q58654,nDCG@10,0.6309297535714575
q58654,R@100,1.0
q58655,nDCG@10,1.0
q58655,R@100,1.0
q58656,nDCG@10,0.0
q58656,R@100,0.0
q58657,nDCG@10,0.38685280723454163
q58657,R@100,1.0
q58658,nDCG@10,0.31546487678572877
q58658,R@100,1.0
q58659,nDCG@10,0.3333333333333333
q58659,R@100,1.0
q58660,nDCG@10,0.0
q58660,R@100,0.0
q58661,nDCG@10,0.0
q58661,R@100,0.0
q58662,nDCG@10,1.0
q58662,R@100,1.0
q58663,nDCG@10,0.0
q58663,R@100,0.0
q58664,nDCG@10,0.0
q58664,R@100,0.0
q58665,nDCG@10,0.0
q58665,R@100,1.0
q58666,nDCG@10,0.6309297535714575
q58666,R@100,1.0
q58667,nDCG@10,1.0
q58667,R@100,1.0
q58668,nDCG@10,0.0
q58668,R@100,0.0
q58669,nDCG@10,1.0
q58669,R@100,1.0
q58670,nDCG@10,0.38685280723454163
q58670,R@100,1.0
q58671,nDCG@10,0.3010299956639812
q58671,R@100,1.0
q58672,nDCG@10,0.0
q58672,R@100,1.0
q58673,nDCG@10,0.6309297535714575
q58673,R@100,1.0
q58674,nDCG@10,1.0
q58674,R@100,1.0
q58675,nDCG@10,1.0
q58675,R@100,1.0
q58676,nDCG@10,0.0
q58676,R@100,1.0
q58677,nDCG@10,0.0
q58677,R@100,0.0
q58678,nDCG@10,1.0
q58678,R@100,1.0
q58679,nDCG@10,1.0
q58679,R@100,1.0
q58680,nDCG@10,0.6309297535714575
q58680,R@100,1.0
q58681,nDCG@10,0.6309297535714575
q58681,R@100,1.0
q58682,nDCG@10,0.0
q58682,R@100,0.0
q58683,nDCG@10,1.0
q58683,R@100,1.0
q58684,nDCG@10,1.0
q58684,R@100,1.0
q58685,nDCG@10,0.0
q58685,R@100,0.0
q58686,nDCG@10,0.5
q58686,R@100,1.0
q58687,nDCG@10,0.0
q58687,R@100,0.0
q58688,nDCG@10,1.0
q58688,R@100,1.0
q58689,nDCG@10,0.0
q58689,R@100,0.0
q58690,nDCG@10,0.38685280723454163
q58690,R@100,1.0
q58691,nDCG@10,1.0
q58691,R@100,1.0
q58692,nDCG@10,0.0
q58692,R@100,1.0
q58693,nDCG@10,0.0
q58693,R@100,0.0
q58694,nDCG@10,0.0
q58694,R@100,0.0
q58695,nDCG@10,1.0
q58695,R@100,1.0
q58696,nDCG@10,0.0
q58696,R@100,0.0
q58697,nDCG@10,0.0
q58697,R@100,1.0
q58698,nDCG@10,0.0
q58698,R@100,0.0
q58699,nDCG@10,0.0
q58699,R@100,0.0
q58700,nDCG@10,0.0
q58700,R@100,0.0
q58701,nDCG@10,0.6309297535714575
q58701,R@100,1.0
q58702,nDCG@10,1.0
q58702,R@100,1.0
q58703,nDCG@10,0.0
q58703,R@100,0.0
q58704,nDCG@10,0.0
q58704,R@100,0.0
q58705,nDCG@10,0.0
q58705,R@100,0.0
q58706,nDCG@10,0.31546487678572877
q58706,R@100,1.0
q58707,nDCG@10,0.0
q58707,R@100,0.0
q58708,nDCG@10,0.0
q58708,R@100,1.0
q58709,nDCG@10,1.0
q58709,R@100,1.0
q58710,nDCG@10,1.0
q58710,R@100,1.0
q58711,nDCG@10,0.3333333333333333
q58711,R@100,1.0
q58712,nDCG@10,0.0
q58712,R@100,1.0
q58713,nDCG@10,0.0
q58713,R@100,0.0
q58714,nDCG@10,0.0
q58714,R@100,0.0
q58715,nDCG@10,0.0
q58715,R@100,0.0
q58716,nDCG@10,0.0
q58716,R@100,0.0
q58717,nDCG@10,1.0
q58717,R@100,1.0
q58718,nDCG@10,0.5
q58718,R@100,1.0
q58719,nDCG@10,0.31546487678572877
q58719,R@100,1.0
q58720,nDCG@10,1.0
q58720,R@100,1.0
q58721,nDCG@10,0.0
q58721,R@100,1.0
q58722,nDCG@10,0.6309297535714575
q58722,R@100,1.0
q58723,nDCG@10,0.0
q58723,R@100,0.0
q58724,nDCG@10,1.0
q58724,R@100,1.0
q58725,nDCG@10,1.0
q58725,R@100,1.0
q58726,nDCG@10,0.43067655807339306
q58726,R@100,1.0
q58727,nDCG@10,0.0
q58727,R@100,0.0
q58728,nDCG@10,0.0
q58728,R@100,1.0
q58729,nDCG@10,0.0
q58729,R@100,0.0
q58730,nDCG@10,0.0
q58730,R@100,0.0
q58731,nDCG@10,0.0
q58731,R@100,0.0
q58732,nDCG@10,0.43067655807339306
q58732,R@100,1.0
q58733,nDCG@10,0.0
q58733,R@100,0.0
q58734,nDCG@10,0.6309297535714575
q58734,R@100,1.0
q58735,nDCG@10,0.0
q58735,R@100,0.0
q58736,nDCG@10,0.0
q58736,R@100,1.0
q58737,nDCG@10,0.0
q58737,R@100,1.0
q58738,nDCG@10,0.0
q58738,R@100,1.0
q58739,nDCG@10,0.6309297535714575
q58739,R@100,1.0
q58740,nDCG@10,0.6309297535714575
q58740,R@100,1.0
q58741,nDCG@10,0.0
q58741,R@100,0.0
q58742,nDCG@10,1.0
q58742,R@100,1.0
q58743,nDCG@10,1.0
q58743,R@100,1.0
q58744,nDCG@10,0.6309297535714575
q58744,R@100,1.0
q58745,nDCG@10,0.43067655807339306
q58745,R@100,1.0
q58746,nDCG@10,0.0
q58746,R@100,0.0
q58747,nDCG@10,1.0
q58747,R@100,1.0
q58748,nDCG@10,1.0
q58748,R@100,1.0
q58749,nDCG@10,0.5
q58749,R@100,1.0
q58750,nDCG@10,0.0
q58750,R@100,0.0
q58751,nDCG@10,1.0
q58751,R@100,1.0
q58752,nDCG@10,0.0
q58752,R@100,0.0
q58753,nDCG@10,0.0
q58753,R@100,0.0
q58754,nDCG@10,0.0
q58754,R@100,1.0
q58755,nDCG@10,0.6309297535714575
q58755,R@100,1.0
q58756,nDCG@10,0.0
q58756,R@100,0.0
q58757,nDCG@10,0.0
q58757,R@100,0.0
q58758,nDCG@10,0.0
q58758,R@100,1.0
q58759,nDCG@10,1.0
q58759,R@100,1.0
q58760,nDCG@10,0.38685280723454163
q58760,R@100,1.0
q58761,nDCG@10,0.0
q58761,R@100,0.0
q58762,nDCG@10,0.0
q58762,R@100,0.0
q58763,nDCG@10,0.3010299956639812
q58763,R@100,1.0
q58764,nDCG@10,0.0
q58764,R@100,0.0
q58765,nDCG@10,0.0
q58765,R@100,0.0
q58766,nDCG@10,1.0
q58766,R@100,1.0
q58767,nDCG@10,0.0
q58767,R@100,0.0
q58768,nDCG@10,1.0
q58768,R@100,1.0
q58769,nDCG@10,1.0
q58769,R@100,1.0
q58770,nDCG@10,0.0
q58770,R@100,0.0
q58771,nDCG@10,0.6309297535714575
q58771,R@100,1.0
q58772,nDCG@10,1.0
q58772,R@100,1.0
q58773,nDCG@10,0.0
q58773,R@100,1.0
q58774,nDCG@10,1.0
q58774,R@100,1.0
q58775,nDCG@10,0.0
q58775,R@100,0.0
q58776,nDCG@10,1.0
q58776,R@100,1.0
q58777,nDCG@10,0.43067655807339306
q58777,R@100,1.0
q58778,nDCG@10,1.0
q58778,R@100,1.0
q58779,nDCG@10,0.0
q58779,R@100,0.0
q58780,nDCG@10,1.0
q58780,R@100,1.0
q58781,nDCG@10,0.0
q58781,R@100,0.0
q58782,nDCG@10,0.0
q58782,R@100,0.0
q58783,nDCG@10,0.0
q58783,R@100,0.0
q58784,nDCG@10,1.0
q58784,R@100,1.0
q58785,nDCG@10,0.0
q58785,R@100,1.0
q58786,nDCG@10,1.0
q58786,R@100,1.0
q58787,nDCG@10,0.0
q58787,R@100,0.0
q58788,nDCG@10,0.0
q58788,R@100,1.0
q58789,nDCG@10,1.0
q58789,R@100,1.0
q58790,nDCG@10,0.0
q58790,R@100,0.0
q58791,nDCG@10,0.31546487678572877
q58791,R@100,1.0
q58792,nDCG@10,0.0
q58792,R@100,0.0
q58793,nDCG@10,0.0
q58793,R@100,0.0
q58794,nDCG@10,1.0
q58794,R@100,1.0
q58795,nDCG@10,0.38685280723454163
q58795,R@100,1.0
q58796,nDCG@10,0.0
q58796,R@100,1.0
q58797,nDCG@10,1.0
q58797,R@100,1.0
q58798,nDCG@10,1.0
q58798,R@100,1.0
q58799,nDCG@10,1.0
q58799,R@100,1.0
q58800,nDCG@10,0.0
q58800,R@100,1.0
q58801,nDCG@10,0.0
q58801,R@100,1.0
q58802,nDCG@10,0.3010299956639812
q58802,R@100,1.0
q58803,nDCG@10,0.5
q58803,R@100,1.0
q58804,nDCG@10,0.0
q58804,R@100,0.0
q58805,nDCG@10,0.0
q58805,R@100,1.0
q58806,nDCG@10,0.0
q58806,R@100,0.0
q58807,nDCG@10,0.0
q58807,R@100,0.0
q58808,nDCG@10,0.0
q58808,R@100,1.0
q58809,nDCG@10,1.0
q58809,R@100,1.0
q58810,nDCG@10,0.38685280723454163
q58810,R@100,1.0
q58811,nDCG@10,1.0
q58811,R@100,1.0
q58812,nDCG@10,1.0
q58812,R@100,1.0
q58813,nDCG@10,0.0
q58813,R@100,0.0
q58814,nDCG@10,0.0
q58814,R@100,0.0
q58815,nDCG@10,0.0
q58815,R@100,0.0
q58816,nDCG@10,0.0
q58816,R@100,0.0
q58817,nDCG@10,0.0
q58817,R@100,1.0
q58818,nDCG@10,1.0
q58818,R@100,1.0
q58819,nDCG@10,0.38685280723454163
q58819,R@100,1.0
q58820,nDCG@10,0.0
q58820,R@100,1.0
q58821,nDCG@10,0.0
q58821,R@100,0.0
q58822,nDCG@10,0.0
q58822,R@100,1.0
q58823,nDCG@10,1.0
q58823,R@100,1.0
q58824,nDCG@10,0.0
q58824,R@100,0.0
q58825,nDCG@10,0.31546487678572877
q58825,R@100,1.0
q58826,nDCG@10,1.0
q58826,R@100,1.0
q58827,nDCG@10,0.0
q58827,R@100,0.0
q58828,nDCG@10,0.0
q58828,R@100,1.0
q58829,nDCG@10,1.0
q58829,R@100,1.0
q58830,nDCG@10,1.0
q58830,R@100,1.0
q58831,nDCG@10,0.0
q58831,R@100,0.0
q58832,nDCG@10,0.0
q58832,R@100,1.0
q58833,nDCG@10,1.0
q58833,R@100,1.0
q58834,nDCG@10,1.0
q58834,R@100,1.0
q58835,nDCG@10,0.3010299956639812
q58835,R@100,1.0
q58836,nDCG@10,0.0
q58836,R@100,0.0
q58837,nDCG@10,0.31546487678572877
q58837,R@100,1.0
q58838,nDCG@10,0.0
q58838,R@100,0.0
q58839,nDCG@10,0.0
q58839,R@100,0.0
q58840,nDCG@10,0.2890648263178879
q58840,R@100,1.0
q58841,nDCG@10,0.0
q58841,R@100,0.0
q58842,nDCG@10,0.0
q58842,R@100,1.0
q58843,nDCG@10,0.0
q58843,R@100,0.0
q58844,nDCG@10,0.6309297535714575
q58844,R@100,1.0
q58845,nDCG@10,1.0
q58845,R@100,1.0
q58846,nDCG@10,0.0
q58846,R@100,0.0
q58847,nDCG@10,0.0
q58847,R@100,0.0
q58848,nDCG@10,0.0
q58848,R@100,0.0
q58849,nDCG@10,0.0
q58849,R@100,0.0
q58850,nDCG@10,0.0
q58850,R@100,1.0
q58851,nDCG@10,0.6309297535714575
q58851,R@100,1.0
q58852,nDCG@10,1.0
q58852,R@100,1.0
q58853,nDCG@10,0.0
q58853,R@100,0.0
q58854,nDCG@10,0.0
q58854,R@100,0.0
q58855,nDCG@10,0.0
q58855,R@100,0.0
q58856,nDCG@10,0.0
q58856,R@100,0.0
q58857,nDCG@10,0.6309297535714575
q58857,R@100,1.0
q58858,nDCG@10,1.0
q58858,R@100,1.0
q58859,nDCG@10,0.38685280723454163
q58859,R@100,1.0
q58860,nDCG@10,1.0
q58860,R@100,1.0
q58861,nDCG@10,1.0
q58861,R@100,1.0
q58862,nDCG@10,0.6309297535714575
q58862,R@100,1.0
q58863,nDCG@10,0.0
q58863,R@100,0.0
q58864,nDCG@10,0.0
q58864,R@100,0.0
q58865,nDCG@10,0.0
q58865,R@100,0.0
q58866,nDCG@10,1.0
q58866,R@100,1.0
q58867,nDCG@10,1.0
q58867,R@100,1.0
q58868,nDCG@10,1.0
q58868,R@100,1.0
q58869,nDCG@10,0.0
q58869,R@100,1.0
q58870,nDCG@10,0.0
q58870,R@100,0.0
q58871,nDCG@10,0.0
q58871,R@100,1.0
q58872,nDCG@10,0.0
q58872,R@100,0.0
q58873,nDCG@10,1.0
q58873,R@100,1.0
q58874,nDCG@10,0.6309297535714575
q58874,R@100,1.0
q58875,nDCG@10,1.0
q58875,R@100,1.0
q58876,nDCG@10,0.0
q58876,R@100,1.0
q58877,nDCG@10,1.0
q58877,R@100,1.0
q58878,nDCG@10,0.0
q58878,R@100,1.0
q58879,nDCG@10,0.0
q58879,R@100,0.0
q58880,nDCG@10,0.0
q58880,R@100,0.0
q58881,nDCG@10,0.0
q58881,R@100,0.0
q58882,nDCG@10,1.0
q58882,R@100,1.0
q58883,nDCG@10,0.0
q58883,R@100,0.0
q58884,nDCG@10,0.3333333333333333
q58884,R@100,1.0
q58885,nDCG@10,1.0
q58885,R@100,1.0
q58886,nDCG@10,0.3562071871080222
q58886,R@100,1.0
q58887,nDCG@10,0.0
q58887,R@100,0.0
q58888,nDCG@10,1.0
q58888,R@100,1.0
q58889,nDCG@10,0.0
q58889,R@100,0.0
q58890,nDCG@10,1.0
q58890,R@100,1.0
q58891,nDCG@10,0.0
q58891,R@100,1.0
q58892,nDCG@10,0.6309297535714575
q58892,R@100,1.0
q58893,nDCG@10,1.0
q58893,R@100,1.0
q58894,nDCG@10,0.0
q58894,R@100,0.0
q58895,nDCG@10,1.0
q58895,R@100,1.0
q58896,nDCG@10,0.6309297535714575
q58896,R@100,1.0
q58897,nDCG@10,1.0
q58897,R@100,1.0
q58898,nDCG@10,0.3333333333333333
q58898,R@100,1.0
q58899,nDCG@10,0.0
q58899,R@100,0.0
q58900,nDCG@10,0.0
q58900,R@100,0.0
q58901,nDCG@10,0.43067655807339306
q58901,R@100,1.0
q58902,nDCG@10,0.6309297535714575
q58902,R@100,1.0
q58903,nDCG@10,1.0
q58903,R@100,1.0
q58904,nDCG@10,0.0
q58904,R@100,0.0
q58905,nDCG@10,0.0
q58905,R@100,0.0
q58906,nDCG@10,0.6309297535714575
q58906,R@100,1.0
q58907,nDCG@10,1.0
q58907,R@100,1.0
q58908,nDCG@10,0.0
q58908,R@100,0.0
q58909,nDCG@10,0.0
q58909,R@100,0.0
q58910,nDCG@10,0.43067655807339306
q58910,R@100,1.0
q58911,nDCG@10,1.0
q58911,R@100,1.0
q58912,nDCG@10,0.0
q58912,R@100,1.0
q58913,nDCG@10,1.0
q58913,R@100,1.0
q58914,nDCG@10,0.0
q58914,R@100,1.0
q58915,nDCG@10,0.5
q58915,R@100,1.0
q58916,nDCG@10,0.0
q58916,R@100,0.0
q58917,nDCG@10,0.0
q58917,R@100,0.0
q58918,nDCG@10,1.0
q58918,R@100,1.0
q58919,nDCG@10,0.0
q58919,R@100,0.0
q58920,nDCG@10,0.5
q58920,R@100,1.0
q58921,nDCG@10,0.2890648263178879
q58921,R@100,1.0
q58922,nDCG@10,0.6309297535714575
q58922,R@100,1.0
q58923,nDCG@10,0.0
q58923,R@100,0.0
q58924,nDCG@10,0.3010299956639812
q58924,R@100,1.0
q58925,nDCG@10,1.0
q58925,R@100,1.0
q58926,nDCG@10,1.0
q58926,R@100,1.0
q58927,nDCG@10,0.3562071871080222
q58927,R@100,1.0
q58928,nDCG@10,1.0
q58928,R@100,1.0
q58929,nDCG@10,0.0
q58929,R@100,0.0
q58930,nDCG@10,0.0
q58930,R@100,1.0
q58931,nDCG@10,0.5
q58931,R@100,1.0
q58932,nDCG@10,0.0
q58932,R@100,0.0
q58933,nDCG@10,1.0
q58933,R@100,1.0
q58934,nDCG@10,0.0
q58934,R@100,0.0
q58935,nDCG@10,1.0
q58935,R@100,1.0
q58936,nDCG@10,0.0
q58936,R@100,1.0
q58937,nDCG@10,1.0
q58937,R@100,1.0
q58938,nDCG@10,0.6309297535714575
q58938,R@100,1.0
q58939,nDCG@10,0.0
q58939,R@100,0.0
q58940,nDCG@10,1.0
q58940,R@100,1.0
q58941,nDCG@10,0.0
q58941,R@100,0.0
q58942,nDCG@10,1.0
q58942,R@100,1.0
q58943,nDCG@10,0.6309297535714575
q58943,R@100,1.0
q58944,nDCG@10,0.0
q58944,R@100,1.0
q58945,nDCG@10,0.0
q58945,R@100,0.0
q58946,nDCG@10,1.0
q58946,R@100,1.0
q58947,nDCG@10,0.0
q58947,R@100,0.0
q58948,nDCG@10,0.0
q58948,R@100,0.0
q58949,nDCG@10,0.0
q58949,R@100,0.0
q58950,nDCG@10,1.0
q58950,R@100,1.0
q58951,nDCG@10,0.38685280723454163
q58951,R@100,1.0
q58952,nDCG@10,1.0
q58952,R@100,1.0
q58953,nDCG@10,1.0
q58953,R@100,1.0
q58954,nDCG@10,0.0
q58954,R@100,0.0
q58955,nDCG@10,1.0
q58955,R@100,1.0
q58956,nDCG@10,0.0
q58956,R@100,0.0
q58957,nDCG@10,1.0
q58957,R@100,1.0
q58958,nDCG@10,0.0
q58958,R@100,0.0
q58959,nDCG@10,0.0
q58959,R@100,1.0
q58960,nDCG@10,0.0
q58960,R@100,1.0
q58961,nDCG@10,0.6309297535714575
q58961,R@100,1.0
q58962,nDCG@10,0.0
q58962,R@100,0.0
q58963,nDCG@10,1.0
q58963,R@100,1.0
q58964,nDCG@10,0.43067655807339306
q58964,R@100,1.0
q58965,nDCG@10,0.6309297535714575
q58965,R@100,1.0
q58966,nDCG@10,1.0
q58966,R@100,1.0
q58967,nDCG@10,0.0
q58967,R@100,1.0
q58968,nDCG@10,0.43067655807339306
q58968,R@100,1.0
q58969,nDCG@10,1.0
q58969,R@100,1.0
q58970,nDCG@10,1.0
q58970,R@100,1.0
q58971,nDCG@10,0.0
q58971,R@100,1.0
q58972,nDCG@10,1.0
q58972,R@100,1.0
q58973,nDCG@10,0.0
q58973,R@100,1.0
q58974,nDCG@10,0.0
q58974,R@100,0.0
q58975,nDCG@10,1.0
q58975,R@100,1.0
q58976,nDCG@10,0.0
q58976,R@100,0.0
q58977,nDCG@10,1.0
q58977,R@100,1.0
q58978,nDCG@10,1.0
q58978,R@100,1.0
q58979,nDCG@10,1.0
q58979,R@100,1.0
q58980,nDCG@10,0.0
q58980,R@100,1.0
q58981,nDCG@10,1.0
q58981,R@100,1.0
q58982,nDCG@10,0.6309297535714575
q58982,R@100,1.0
q58983,nDCG@10,0.0
q58983,R@100,0.0
q58984,nDCG@10,0.6309297535714575
q58984,R@100,1.0
q58985,nDCG@10,0.0
q58985,R@100,1.0
q58986,nDCG@10,1.0
q58986,R@100,1.0
q58987,nDCG@10,1.0
q58987,R@100,1.0
q58988,nDCG@10,1.0
q58988,R@100,1.0
q58989,nDCG@10,0.0
q58989,R@100,0.0
q58990,nDCG@10,0.3562071871080222
q58990,R@100,1.0
q58991,nDCG@10,1.0
q58991,R@100,1.0
q58992,nDCG@10,0.0
q58992,R@100,0.0
q58993,nDCG@10,0.0
q58993,R@100,0.0
q58994,nDCG@10,1.0
q58994,R@100,1.0
q58995,nDCG@10,1.0
q58995,R@100,1.0
q58996,nDCG@10,0.0
q58996,R@100,1.0
q58997,nDCG@10,1.0
q58997,R@100,1.0
q58998,nDCG@10,0.0
q58998,R@100,0.0
q58999,nDCG@10,0.0
q58999,R@100,0.0
q59000,nDCG@10,0.0
q59000,R@100,0.0
q59001,nDCG@10,0.6309297535714575
q59001,R@100,1.0
q59002,nDCG@10,1.0
q59002,R@100,1.0
q59003,nDCG@10,1.0
q59003,R@100,1.0
q59004,nDCG@10,0.0
q59004,R@100,0.0
q59005,nDCG@10,1.0
q59005,R@100,1.0
q59006,nDCG@10,0.0
q59006,R@100,0.0
q59007,nDCG@10,0.0
q59007,R@100,1.0
q59008,nDCG@10,0.0
q59008,R@100,0.0
q59009,nDCG@10,0.0
q59009,R@100,1.0
q59010,nDCG@10,1.0
q59010,R@100,1.0
q59011,nDCG@10,1.0
q59011,R@100,1.0
q59012,nDCG@10,0.0
q59012,R@100,0.0
q59013,nDCG@10,0.0
q59013,R@100,0.0
q59014,nDCG@10,0.6309297535714575
q59014,R@100,1.0
q59015,nDCG@10,0.0
q59015,R@100,0.0
q59016,nDCG@10,0.0
q59016,R@100,1.0
q59017,nDCG@10,0.0
q59017,R@100,0.0
q59018,nDCG@10,0.6309297535714575
q59018,R@100,1.0
q59019,nDCG@10,1.0
q59019,R@100,1.0
q59020,nDCG@10,1.0
q59020,R@100,1.0
q59021,nDCG@10,1.0
q59021,R@100,1.0
q59022,nDCG@10,1.0
q59022,R@100,1.0
q59023,nDCG@10,0.3562071871080222
q59023,R@100,1.0
q59024,nDCG@10,1.0
q59024,R@100,1.0
q59025,nDCG@10,0.0
q59025,R@100,0.0
q59026,nDCG@10,0.0
q59026,R@100,1.0
q59027,nDCG@10,0.0
q59027,R@100,0.0
q59028,nDCG@10,0.5
q59028,R@100,1.0
q59029,nDCG@10,0.38685280723454163
q59029,R@100,1.0
q59030,nDCG@10,0.3333333333333333
q59030,R@100,1.0
q59031,nDCG@10,0.0
q59031,R@100,1.0
q59032,nDCG@10,0.3333333333333333
q59032,R@100,1.0
q59033,nDCG@10,0.0
q59033,R@100,0.0
q59034,nDCG@10,0.0
q59034,R@100,1.0
q59035,nDCG@10,0.6309297535714575
q59035,R@100,1.0
q59036,nDCG@10,0.5
q59036,R@100,1.0
q59037,nDCG@10,1.0
q59037,R@100,1.0
q59038,nDCG@10,0.0
q59038,R@100,0.0
q59039,nDCG@10,1.0
q59039,R@100,1.0
q59040,nDCG@10,1.0
q59040,R@100,1.0
q59041,nDCG@10,0.0
q59041,R@100,0.0
q59042,nDCG@10,0.0
q59042,R@100,0.0
q59043,nDCG@10,1.0
q59043,R@100,1.0
q59044,nDCG@10,0.0
q59044,R@100,1.0
q59045,nDCG@10,0.6309297535714575
q59045,R@100,1.0
q59046,nDCG@10,0.0
q59046,R@100,0.0
q59047,nDCG@10,0.0
q59047,R@100,0.0
q59048,nDCG@10,0.0
q59048,R@100,1.0
q59049,nDCG@10,0.5
q59049,R@100,1.0
q59050,nDCG@10,0.38685280723454163
q59050,R@100,1.0
q59051,nDCG@10,0.0
q59051,R@100,0.0
q59052,nDCG@10,0.0
q59052,R@100,0.0
q59053,nDCG@10,0.3010299956639812
q59053,R@100,1.0
q59054,nDCG@10,0.0
q59054,R@100,0.0
q59055,nDCG@10,0.0
q59055,R@100,1.0
q59056,nDCG@10,0.0
q59056,R@100,0.0
q59057,nDCG@10,1.0
q59057,R@100,1.0
q59058,nDCG@10,0.0
q59058,R@100,0.0
q59059,nDCG@10,0.0
q59059,R@100,0.0
q59060,nDCG@10,0.0
q59060,R@100,1.0
q59061,nDCG@10,1.0
q59061,R@100,1.0
q59062,nDCG@10,0.0
q59062,R@100,0.0
q59063,nDCG@10,0.43067655807339306
q59063,R@100,1.0
q59064,nDCG@10,0.0
q59064,R@100,0.0
q59065,nDCG@10,0.5
q59065,R@100,1.0
q59066,nDCG@10,1.0
q59066,R@100,1.0
q59067,nDCG@10,0.0
q59067,R@100,0.0
q59068,nDCG@10,1.0
q59068,R@100,1.0
q59069,nDCG@10,0.38685280723454163
q59069,R@100,1.0
q59070,nDCG@10,0.0
q59070,R@100,0.0
q59071,nDCG@10,0.0
q59071,R@100,0.0
q59072,nDCG@10,0.0
q59072,R@100,0.0
q59073,nDCG@10,0.43067655807339306
q59073,R@100,1.0
q59074,nDCG@10,0.0
q59074,R@100,0.0
q59075,nDCG@10,1.0
q59075,R@100,1.0
q59076,nDCG@10,0.0
q59076,R@100,0.0
q59077,nDCG@10,0.6309297535714575
q59077,R@100,1.0
q59078,nDCG@10,0.5
q59078,R@100,1.0
q59079,nDCG@10,0.0
q59079,R@100,0.0
q59080,nDCG@10,0.0
q59080,R@100,0.0
q59081,nDCG@10,1.0
q59081,R@100,1.0
q59082,nDCG@10,0.5
q59082,R@100,1.0
q59083,nDCG@10,0.5
q59083,R@100,1.0
q59084,nDCG@10,0.0
q59084,R@100,1.0
q59085,nDCG@10,0.0
q59085,R@100,0.0
q59086,nDCG@10,0.5
q59086,R@100,1.0
q59087,nDCG@10,1.0
q59087,R@100,1.0
q59088,nDCG@10,1.0
q59088,R@100,1.0
q59089,nDCG@10,0.0
q59089,R@100,0.0
q59090,nDCG@10,1.0
q59090,R@100,1.0
q59091,nDCG@10,0.0
q59091,R@100,0.0
q59092,nDCG@10,0.0
q59092,R@100,1.0
q59093,nDCG@10,1.0
q59093,R@100,1.0
q59094,nDCG@10,1.0
q59094,R@100,1.0
q59095,nDCG@10,0.0
q59095,R@100,0.0
q59096,nDCG@10,1.0
q59096,R@100,1.0
q59097,nDCG@10,1.0
q59097,R@100,1.0
q59098,nDCG@10,1.0
q59098,R@100,1.0
q59099,nDCG@10,0.0
q59099,R@100,1.0
q59100,nDCG@10,0.0
q59100,R@100,0.0
q59101,nDCG@10,0.6309297535714575
q59101,R@100,1.0
q59102,nDCG@10,0.0
q59102,R@100,0.0
q59103,nDCG@10,1.0
q59103,R@100,1.0
q59104,nDCG@10,1.0
q59104,R@100,1.0
q59105,nDCG@10,0.0
q59105,R@100,1.0
q59106,nDCG@10,0.31546487678572877
q59106,R@100,1.0
q59107,nDCG@10,1.0
q59107,R@100,1.0
q59108,nDCG@10,0.3562071871080222
q59108,R@100,1.0
q59109,nDCG@10,1.0
q59109,R@100,1.0
q59110,nDCG@10,0.0
q59110,R@100,0.0
q59111,nDCG@10,0.0
q59111,R@100,0.0
q59112,nDCG@10,0.0
q59112,R@100,1.0
q59113,nDCG@10,0.6309297535714575
q59113,R@100,1.0
q59114,nDCG@10,0.0
q59114,R@100,0.0
q59115,nDCG@10,0.0
q59115,R@100,0.0
q59116,nDCG@10,0.0
q59116,R@100,1.0
q59117,nDCG@10,1.0
q59117,R@100,1.0
q59118,nDCG@10,1.0
q59118,R@100,1.0
q59119,nDCG@10,0.0
q59119,R@100,0.0
q59120,nDCG@10,1.0
q59120,R@100,1.0
q59121,nDCG@10,1.0
q59121,R@100,1.0
q59122,nDCG@10,0.0
q59122,R@100,0.0
q59123,nDCG@10,0.6309297535714575
q59123,R@100,1.0
q59124,nDCG@10,0.31546487678572877
q59124,R@100,1.0
q59125,nDCG@10,1.0
q59125,R@100,1.0
q59126,nDCG@10,0.0
q59126,R@100,0.0
q59127,nDCG@10,1.0
q59127,R@100,1.0
q59128,nDCG@10,1.0
q59128,R@100,1.0
q59129,nDCG@10,0.0
q59129,R@100,0.0
q59130,nDCG@10,1.0
q59130,R@100,1.0
q59131,nDCG@10,0.0
q59131,R@100,0.0
q59132,nDCG@10,0.6309297535714575
q59132,R@100,1.0
q59133,nDCG@10,0.0
q59133,R@100,0.0
q59134,nDCG@10,0.0
q59134,R@100,0.0
q59135,nDCG@10,1.0
q59135,R@100,1.0
q59136,nDCG@10,0.0
q59136,R@100,0.0
q59137,nDCG@10,0.0
q59137,R@100,0.0
q59138,nDCG@10,0.0
q59138,R@100,1.0
q59139,nDCG@10,0.0
q59139,R@100,0.0
q59140,nDCG@10,0.2890648263178879
q59140,R@100,1.0
q59141,nDCG@10,0.0
q59141,R@100,0.0
q59142,nDCG@10,0.0
q59142,R@100,0.0
q59143,nDCG@10,0.0
q59143,R@100,0.0
q59144,nDCG@10,0.0
q59144,R@100,0.0
q59145,nDCG@10,1.0
q59145,R@100,1.0
q59146,nDCG@10,0.6309297535714575
q59146,R@100,1.0
q59147,nDCG@10,0.0
q59147,R@100,0.0
q59148,nDCG@10,0.0
q59148,R@100,1.0
q59149,nDCG@10,0.31546487678572877
q59149,R@100,1.0
q59150,nDCG@10,0.0
q59150,R@100,1.0
q59151,nDCG@10,1.0
q59151,R@100,1.0
q59152,nDCG@10,0.43067655807339306
q59152,R@100,1.0
q59153,nDCG@10,1.0
q59153,R@100,1.0
q59154,nDCG@10,1.0
q59154,R@100,1.0
q59155,nDCG@10,0.5
q59155,R@100,1.0
q59156,nDCG@10,0.0
q59156,R@100,0.0
q59157,nDCG@10,1.0
q59157,R@100,1.0
q59158,nDCG@10,1.0
q59158,R@100,1.0
q59159,nDCG@10,0.3333333333333333
q59159,R@100,1.0
q59160,nDCG@10,0.0
q59160,R@100,1.0
q59161,nDCG@10,1.0
q59161,R@100,1.0
q59162,nDCG@10,0.0
q59162,R@100,1.0
q59163,nDCG@10,0.0
q59163,R@100,1.0
q59164,nDCG@10,1.0
q59164,R@100,1.0
q59165,nDCG@10,0.0
q59165,R@100,0.0
q59166,nDCG@10,0.43067655807339306
q59166,R@100,1.0
q59167,nDCG@10,0.0
q59167,R@100,0.0
q59168,nDCG@10,0.5
q59168,R@100,1.0
q59169,nDCG@10,1.0
q59169,R@100,1.0
q59170,nDCG@10,0.0
q59170,R@100,0.0
q59171,nDCG@10,0.0
q59171,R@100,0.0
q59172,nDCG@10,0.0
q59172,R@100,1.0
q59173,nDCG@10,0.0
q59173,R@100,1.0
q59174,nDCG@10,1.0
q59174,R@100,1.0
q59175,nDCG@10,0.0
q59175,R@100,1.0
q59176,nDCG@10,0.0
q59176,R@100,0.0
q59177,nDCG@10,1.0
q59177,R@100,1.0
q59178,nDCG@10,0.6309297535714575
q59178,R@100,1.0
q59179,nDCG@10,0.0
q59179,R@100,0.0
q59180,nDCG@10,0.5
q59180,R@100,1.0
q59181,nDCG@10,1.0
q59181,R@100,1.0
q59182,nDCG@10,0.0
q59182,R@100,0.0
q59183,nDCG@10,0.5
q59183,R@100,1.0
q59184,nDCG@10,1.0
q59184,R@100,1.0
q59185,nDCG@10,0.5
q59185,R@100,1.0
q59186,nDCG@10,0.0
q59186,R@100,0.0
q59187,nDCG@10,1.0
q59187,R@100,1.0
q59188,nDCG@10,1.0
q59188,R@100,1.0
q59189,nDCG@10,1.0
q59189,R@100,1.0
q59190,nDCG@10,1.0
q59190,R@100,1.0
q59191,nDCG@10,0.0
q59191,R@100,0.0
q59192,nDCG@10,1.0
q59192,R@100,1.0
q59193,nDCG@10,0.0
q59193,R@100,0.0
q59194,nDCG@10,0.43067655807339306
q59194,R@100,1.0
q59195,nDCG@10,1.0
q59195,R@100,1.0
q59196,nDCG@10,0.3562071871080222
q59196,R@100,1.0
q59197,nDCG@10,0.0
q59197,R@100,1.0
q59198,nDCG@10,0.0
q59198,R@100,0.0
q59199,nDCG@10,0.0
q59199,R@100,0.0
q59200,nDCG@10,0.0
q59200,R@100,0.0
q59201,nDCG@10,1.0
q59201,R@100,1.0
q59202,nDCG@10,0.0
q59202,R@100,0.0
q59203,nDCG@10,1.0
q59203,R@100,1.0
q59204,nDCG@10,0.43067655807339306
q59204,R@100,1.0
q59205,nDCG@10,1.0
q59205,R@100,1.0
q59206,nDCG@10,0.6309297535714575
q59206,R@100,1.0
q59207,nDCG@10,1.0
q59207,R@100,1.0
q59208,nDCG@10,1.0
q59208,R@100,1.0
q59209,nDCG@10,0.0
q59209,R@100,1.0
q59210,nDCG@10,0.0
q59210,R@100,0.0
q59211,nDCG@10,0.38685280723454163
q59211,R@100,1.0
q59212,nDCG@10,0.0
q59212,R@100,1.0
q59213,nDCG@10,0.0
q59213,R@100,1.0
q59214,nDCG@10,1.0
q59214,R@100,1.0
q59215,nDCG@10,0.0
q59215,R@100,1.0
q59216,nDCG@10,1.0
q59216,R@100,1.0
q59217,nDCG@10,1.0
q59217,R@100,1.0
q59218,nDCG@10,0.31546487678572877
q59218,R@100,1.0
q59219,nDCG@10,0.0
q59219,R@100,0.0
q59220,nDCG@10,0.0
q59220,R@100,0.0
q59221,nDCG@10,0.43067655807339306
q59221,R@100,1.0
q59222,nDCG@10,0.0
q59222,R@100,0.0
q59223,nDCG@10,0.6309297535714575
q59223,R@100,1.0
q59224,nDCG@10,1.0
q59224,R@100,1.0
q59225,nDCG@10,0.38685280723454163
q59225,R@100,1.0
q59226,nDCG@10,1.0
q59226,R@100,1.0
q59227,nDCG@10,0.0
q59227,R@100,0.0
q59228,nDCG@10,0.0
q59228,R@100,0.0
q59229,nDCG@10,0.0
q59229,R@100,1.0
q59230,nDCG@10,0.0
q59230,R@100,1.0
q59231,nDCG@10,0.0
q59231,R@100,1.0
q59232,nDCG@10,1.0
q59232,R@100,1.0
q59233,nDCG@10,0.0
q59233,R@100,0.0
q59234,nDCG@10,1.0
q59234,R@100,1.0
q59235,nDCG@10,1.0
q59235,R@100,1.0
q59236,nDCG@10,0.0
q59236,R@100,0.0
q59237,nDCG@10,0.0
q59237,R@100,0.0
q59238,nDCG@10,0.0
q59238,R@100,1.0
q59239,nDCG@10,1.0
q59239,R@100,1.0
q59240,nDCG@10,0.0
q59240,R@100,0.0
q59241,nDCG@10,0.0
q59241,R@100,0.0
q59242,nDCG@10,0.0
q59242,R@100,0.0
q59243,nDCG@10,0.0
q59243,R@100,1.0
q59244,nDCG@10,0.0
q59244,R@100,1.0
q59245,nDCG@10,0.0
q59245,R@100,0.0
q59246,nDCG@10,0.38685280723454163
q59246,R@100,1.0
q59247,nDCG@10,1.0
q59247,R@100,1.0
q59248,nDCG@10,1.0
q59248,R@100,1.0
q59249,nDCG@10,0.0
q59249,R@100,0.0
q59250,nDCG@10,0.0
q59250,R@100,0.0
q59251,nDCG@10,0.0
q59251,R@100,0.0
q59252,nDCG@10,0.0
q59252,R@100,0.0
q59253,nDCG@10,0.38685280723454163
q59253,R@100,1.0
q59254,nDCG@10,0.43067655807339306
q59254,R@100,1.0
q59255,nDCG@10,1.0
q59255,R@100,1.0
q59256,nDCG@10,0.5
q59256,R@100,1.0
q59257,nDCG@10,0.43067655807339306
q59257,R@100,1.0
q59258,nDCG@10,0.6309297535714575
q59258,R@100,1.0
q59259,nDCG@10,1.0
q59259,R@100,1.0
q59260,nDCG@10,0.0
q59260,R@100,0.0
q59261,nDCG@10,0.0
q59261,R@100,1.0
q59262,nDCG@10,0.0
q59262,R@100,1.0
q59263,nDCG@10,0.0
q59263,R@100,0.0
q59264,nDCG@10,0.0
q59264,R@100,0.0
q59265,nDCG@10,0.6309297535714575
q59265,R@100,1.0
q59266,nDCG@10,0.0
q59266,R@100,0.0
q59267,nDCG@10,1.0
q59267,R@100,1.0
q59268,nDCG@10,0.0
q59268,R@100,1.0
q59269,nDCG@10,1.0
q59269,R@100,1.0
q59270,nDCG@10,0.0
q59270,R@100,0.0
q59271,nDCG@10,0.3562071871080222
q59271,R@100,1.0
q59272,nDCG@10,1.0
q59272,R@100,1.0
q59273,nDCG@10,1.0
q59273,R@100,1.0
q59274,nDCG@10,1.0
q59274,R@100,1.0
q59275,nDCG@10,0.0
q59275,R@100,0.0
q59276,nDCG@10,0.0
q59276,R@100,0.0
q59277,nDCG@10,0.0
q59277,R@100,0.0
q59278,nDCG@10,0.0
q59278,R@100,1.0
q59279,nDCG@10,1.0
q59279,R@100,1.0
q59280,nDCG@10,0.0
q59280,R@100,1.0
q59281,nDCG@10,0.0
q59281,R@100,0.0
q59282,nDCG@10,1.0
q59282,R@100,1.0
q59283,nDCG@10,1.0
q59283,R@100,1.0
q59284,nDCG@10,1.0
q59284,R@100,1.0
q59285,nDCG@10,0.6309297535714575
q59285,R@100,1.0
q59286,nDCG@10,0.6309297535714575
q59286,R@100,1.0
q59287,nDCG@10,1.0
q59287,R@100,1.0
q59288,nDCG@10,0.0
q59288,R@100,1.0
q59289,nDCG@10,0.0
q59289,R@100,1.0
q59290,nDCG@10,0.0
q59290,R@100,1.0
q59291,nDCG@10,0.0
q59291,R@100,1.0
q59292,nDCG@10,0.0
q59292,R@100,0.0
q59293,nDCG@10,0.43067655807339306
q59293,R@100,1.0
q59294,nDCG@10,0.0
q59294,R@100,1.0
q59295,nDCG@10,0.3010299956639812
q59295,R@100,1.0
q59296,nDCG@10,0.0
q59296,R@100,0.0
q59297,nDCG@10,0.5
q59297,R@100,1.0
q59298,nDCG@10,0.0
q59298,R@100,0.0
q59299,nDCG@10,0.6309297535714575
q59299,R@100,1.0
q59300,nDCG@10,1.0
q59300,R@100,1.0
q59301,nDCG@10,0.5
q59301,R@100,1.0
q59302,nDCG@10,0.0
q59302,R@100,1.0
q59303,nDCG@10,0.5
q59303,R@100,1.0
q59304,nDCG@10,1.0
q59304,R@100,1.0
q59305,nDCG@10,0.38685280723454163
q59305,R@100,1.0
q59306,nDCG@10,0.5
q59306,R@100,1.0
q59307,nDCG@10,0.0
q59307,R@100,0.0
q59308,nDCG@10,0.0
q59308,R@100,1.0
q59309,nDCG@10,0.0
q59309,R@100,1.0
q59310,nDCG@10,0.0
q59310,R@100,0.0
q59311,nDCG@10,0.0
q59311,R@100,0.0
q59312,nDCG@10,0.0
q59312,R@100,0.0
q59313,nDCG@10,0.0
q59313,R@100,1.0
q59314,nDCG@10,1.0
q59314,R@100,1.0
q59315,nDCG@10,1.0
q59315,R@100,1.0
q59316,nDCG@10,1.0
q59316,R@100,1.0
q59317,nDCG@10,0.5
q59317,R@100,1.0
q59318,nDCG@10,0.6309297535714575
q59318,R@100,1.0
q59319,nDCG@10,0.3562071871080222
q59319,R@100,1.0
q59320,nDCG@10,0.0
q59320,R@100,0.0
q59321,nDCG@10,1.0
q59321,R@100,1.0
q59322,nDCG@10,0.0
q59322,R@100,0.0
q59323,nDCG@10,0.0
q59323,R@100,1.0
q59324,nDCG@10,1.0
q59324,R@100,1.0
q59325,nDCG@10,0.5
q59325,R@100,1.0
q59326,nDCG@10,1.0
q59326,R@100,1.0
q59327,nDCG@10,1.0
q59327,R@100,1.0
q59328,nDCG@10,0.0
q59328,R@100,0.0
q59329,nDCG@10,0.6309297535714575
q59329,R@100,1.0
q59330,nDCG@10,0.0
q59330,R@100,0.0
q59331,nDCG@10,0.0
q59331,R@100,0.0
q59332,nDCG@10,1.0
q59332,R@100,1.0
q59333,nDCG@10,0.0
q59333,R@100,1.0
q59334,nDCG@10,0.38685280723454163
q59334,R@100,1.0
q59335,nDCG@10,0.3333333333333333
q59335,R@100,1.0
q59336,nDCG@10,0.0
q59336,R@100,0.0
q59337,nDCG@10,0.0
q59337,R@100,0.0
q59338,nDCG@10,0.3010299956639812
q59338,R@100,1.0
q59339,nDCG@10,1.0
q59339,R@100,1.0
q59340,nDCG@10,1.0
q59340,R@100,1.0
q59341,nDCG@10,0.0
q59341,R@100,0.0
q59342,nDCG@10,0.0
q59342,R@100,0.0
q59343,nDCG@10,0.6309297535714575
q59343,R@100,1.0
q59344,nDCG@10,1.0
q59344,R@100,1.0
q59345,nDCG@10,0.43067655807339306
q59345,R@100,1.0
q59346,nDCG@10,0.5
q59346,R@100,1.0
q59347,nDCG@10,1.0
q59347,R@100,1.0
q59348,nDCG@10,1.0
q59348,R@100,1.0
q59349,nDCG@10,0.0
q59349,R@100,1.0
q59350,nDCG@10,0.6309297535714575
q59350,R@100,1.0
q59351,nDCG@10,0.0
q59351,R@100,1.0
q59352,nDCG@10,0.0
q59352,R@100,0.0
q59353,nDCG@10,0.0
q59353,R@100,0.0
q59354,nDCG@10,0.0
q59354,R@100,1.0
q59355,nDCG@10,0.0
q59355,R@100,1.0
q59356,nDCG@10,0.6309297535714575
q59356,R@100,1.0
q59357,nDCG@10,0.0
q59357,R@100,0.0
q59358,nDCG@10,0.0
q59358,R@100,0.0
q59359,nDCG@10,1.0
q59359,R@100,1.0
q59360,nDCG@10,0.0
q59360,R@100,0.0
q59361,nDCG@10,1.0
q59361,R@100,1.0
q59362,nDCG@10,0.0
q59362,R@100,1.0
q59363,nDCG@10,1.0
q59363,R@100,1.0
q59364,nDCG@10,1.0
q59364,R@100,1.0
q59365,nDCG@10,0.6309297535714575
q59365,R@100,1.0
q59366,nDCG@10,0.6309297535714575
q59366,R@100,1.0
q59367,nDCG@10,0.38685280723454163
q59367,R@100,1.0
q59368,nDCG@10,0.38685280723454163
q59368,R@100,1.0
q59369,nDCG@10,1.0
q59369,R@100,1.0
q59370,nDCG@10,0.6309297535714575
q59370,R@100,1.0
q59371,nDCG@10,1.0
q59371,R@100,1.0
q59372,nDCG@10,1.0
q59372,R@100,1.0
q59373,nDCG@10,1.0
q59373,R@100,1.0
q59374,nDCG@10,0.0
q59374,R@100,0.0
q59375,nDCG@10,1.0
q59375,R@100,1.0
q59376,nDCG@10,0.0
q59376,R@100,1.0
q59377,nDCG@10,1.0
q59377,R@100,1.0
q59378,nDCG@10,0.5
q59378,R@100,1.0
q59379,nDCG@10,0.0
q59379,R@100,0.0
q59380,nDCG@10,0.0
q59380,R@100,0.0
q59381,nDCG@10,0.0
q59381,R@100,0.0
q59382,nDCG@10,0.0
q59382,R@100,1.0
q59383,nDCG@10,0.0
q59383,R@100,0.0
q59384,nDCG@10,1.0
q59384,R@100,1.0
q59385,nDCG@10,0.3333333333333333
q59385,R@100,1.0
q59386,nDCG@10,0.0
q59386,R@100,0.0
q59387,nDCG@10,0.0
q59387,R@100,0.0
q59388,nDCG@10,0.0
q59388,R@100,0.0
q59389,nDCG@10,0.0
q59389,R@100,0.0
q59390,nDCG@10,1.0
q59390,R@100,1.0
q59391,nDCG@10,0.0
q59391,R@100,0.0
q59392,nDCG@10,0.0
q59392,R@100,0.0
q59393,nDCG@10,0.0
q59393,R@100,0.0
q59394,nDCG@10,1.0
q59394,R@100,1.0
q59395,nDCG@10,1.0
q59395,R@100,1.0
q59396,nDCG@10,0.43067655807339306
q59396,R@100,1.0
q59397,nDCG@10,0.0
q59397,R@100,0.0
q59398,nDCG@10,0.0
q59398,R@100,0.0
q59399,nDCG@10,0.0
q59399,R@100,1.0
q59400,nDCG@10,1.0
q59400,R@100,1.0
q59401,nDCG@10,0.31546487678572877
q59401,R@100,1.0
q59402,nDCG@10,0.0
q59402,R@100,0.0
q59403,nDCG@10,1.0
q59403,R@100,1.0
q59404,nDCG@10,0.43067655807339306
q59404,R@100,1.0
q59405,nDCG@10,1.0
q59405,R@100,1.0
q59406,nDCG@10,1.0
q59406,R@100,1.0
q59407,nDCG@10,0.6309297535714575
q59407,R@100,1.0
q59408,nDCG@10,1.0
q59408,R@100,1.0
q59409,nDCG@10,1.0
q59409,R@100,1.0
q59410,nDCG@10,0.6309297535714575
q59410,R@100,1.0
q59411,nDCG@10,0.38685280723454163
q59411,R@100,1.0
q59412,nDCG@10,1.0
q59412,R@100,1.0
q59413,nDCG@10,1.0
q59413,R@100,1.0
q59414,nDCG@10,1.0
q59414,R@100,1.0
q59415,nDCG@10,0.0
q59415,R@100,1.0
q59416,nDCG@10,0.0
q59416,R@100,0.0
q59417,nDCG@10,1.0
q59417,R@100,1.0
q59418,nDCG@10,1.0
q59418,R@100,1.0
q59419,nDCG@10,0.0
q59419,R@100,0.0
q59420,nDCG@10,0.6309297535714575
q59420,R@100,1.0
q59421,nDCG@10,0.6309297535714575
q59421,R@100,1.0
q59422,nDCG@10,0.3333333333333333
q59422,R@100,1.0
q59423,nDCG@10,0.6309297535714575
q59423,R@100,1.0
q59424,nDCG@10,0.0
q59424,R@100,1.0
q59425,nDCG@10,0.0
q59425,R@100,0.0
q59426,nDCG@10,0.0
q59426,R@100,0.0
q59427,nDCG@10,1.0
q59427,R@100,1.0
q59428,nDCG@10,0.0
q59428,R@100,0.0
q59429,nDCG@10,0.0
q59429,R@100,0.0
q59430,nDCG@10,1.0
q59430,R@100,1.0
q59431,nDCG@10,0.0
q59431,R@100,0.0
q59432,nDCG@10,0.0
q59432,R@100,1.0
q59433,nDCG@10,1.0
q59433,R@100,1.0
q59434,nDCG@10,0.0
q59434,R@100,1.0
q59435,nDCG@10,1.0
q59435,R@100,1.0
q59436,nDCG@10,1.0
q59436,R@100,1.0
q59437,nDCG@10,0.0
q59437,R@100,0.0
q59438,nDCG@10,0.6309297535714575
q59438,R@100,1.0
q59439,nDCG@10,0.0
q59439,R@100,1.0
q59440,nDCG@10,1.0
q59440,R@100,1.0
q59441,nDCG@10,1.0
q59441,R@100,1.0
q59442,nDCG@10,0.0
q59442,R@100,1.0
q59443,nDCG@10,0.0
q59443,R@100,1.0
q59444,nDCG@10,0.0
q59444,R@100,0.0
q59445,nDCG@10,0.0
q59445,R@100,0.0
q59446,nDCG@10,1.0
q59446,R@100,1.0
q59447,nDCG@10,0.3333333333333333
q59447,R@100,1.0
q59448,nDCG@10,1.0
q59448,R@100,1.0
q59449,nDCG@10,0.0
q59449,R@100,0.0
q59450,nDCG@10,0.5
q59450,R@100,1.0
q59451,nDCG@10,0.43067655807339306
q59451,R@100,1.0
q59452,nDCG@10,0.0
q59452,R@100,0.0
q59453,nDCG@10,0.0
q59453,R@100,0.0
q59454,nDCG@10,0.38685280723454163
q59454,R@100,1.0
q59455,nDCG@10,0.0
q59455,R@100,0.0
q59456,nDCG@10,0.3333333333333333
q59456,R@100,1.0
q59457,nDCG@10,1.0
q59457,R@100,1.0
q59458,nDCG@10,1.0
q59458,R@100,1.0
q59459,nDCG@10,1.0
q59459,R@100,1.0
q59460,nDCG@10,0.38685280723454163
q59460,R@100,1.0
q59461,nDCG@10,0.0
q59461,R@100,1.0
q59462,nDCG@10,0.0
q59462,R@100,0.0
q59463,nDCG@10,0.5
q59463,R@100,1.0
q59464,nDCG@10,1.0
q59464,R@100,1.0
q59465,nDCG@10,1.0
q59465,R@100,1.0
q59466,nDCG@10,0.0
q59466,R@100,0.0
q59467,nDCG@10,0.6309297535714575
q59467,R@100,1.0
q59468,nDCG@10,0.0
q59468,R@100,1.0
q59469,nDCG@10,0.6309297535714575
q59469,R@100,1.0
q59470,nDCG@10,0.6309297535714575
q59470,R@100,1.0
q59471,nDCG@10,1.0
q59471,R@100,1.0
q59472,nDCG@10,0.0
q59472,R@100,0.0
q59473,nDCG@10,1.0
q59473,R@100,1.0
q59474,nDCG@10,1.0
q59474,R@100,1.0
q59475,nDCG@10,1.0
q59475,R@100,1.0
q59476,nDCG@10,1.0
q59476,R@100,1.0
q59477,nDCG@10,0.0
q59477,R@100,1.0
q59478,nDCG@10,0.0
q59478,R@100,0.0
q59479,nDCG@10,0.0
q59479,R@100,0.0
q59480,nDCG@10,0.6309297535714575
q59480,R@100,1.0
q59481,nDCG@10,1.0
q59481,R@100,1.0
q59482,nDCG@10,1.0
q59482,R@100,1.0
q59483,nDCG@10,1.0
q59483,R@100,1.0
q59484,nDCG@10,0.0
q59484,R@100,0.0
q59485,nDCG@10,1.0
q59485,R@100,1.0
q59486,nDCG@10,0.0
q59486,R@100,0.0
q59487,nDCG@10,1.0
q59487,R@100,1.0
q59488,nDCG@10,0.0
q59488,R@100,1.0
q59489,nDCG@10,0.0
q59489,R@100,0.0
q59490,nDCG@10,0.0
q59490,R@100,0.0
q59491,nDCG@10,0.43067655807339306
q59491,R@100,1.0
q59492,nDCG@10,0.0
q59492,R@100,1.0
q59493,nDCG@10,1.0
q59493,R@100,1.0
q59494,nDCG@10,0.0
q59494,R@100,1.0
q59495,nDCG@10,1.0
q59495,R@100,1.0
q59496,nDCG@10,0.0
q59496,R@100,0.0
q59497,nDCG@10,0.6309297535714575
q59497,R@100,1.0
q59498,nDCG@10,0.6309297535714575
q59498,R@100,1.0
q59499,nDCG@10,1.0
q59499,R@100,1.0
q59500,nDCG@10,1.0
q59500,R@100,1.0
q59501,nDCG@10,1.0
q59501,R@100,1.0
q59502,nDCG@10,0.0
q59502,R@100,0.0
q59503,nDCG@10,0.0
q59503,R@100,0.0
q59504,nDCG@10,0.0
q59504,R@100,0.0
q59505,nDCG@10,0.6309297535714575
q59505,R@100,1.0
q59506,nDCG@10,0.0
q59506,R@100,1.0
q59507,nDCG@10,0.0
q59507,R@100,0.0
q59508,nDCG@10,0.0
q59508,R@100,0.0
q59509,nDCG@10,1.0
q59509,R@100,1.0
q59510,nDCG@10,0.5
q59510,R@100,1.0
q59511,nDCG@10,0.0
q59511,R@100,0.0
q59512,nDCG@10,1.0
q59512,R@100,1.0
q59513,nDCG@10,0.5
q59513,R@100,1.0
q59514,nDCG@10,1.0
q59514,R@100,1.0
q59515,nDCG@10,0.0
q59515,R@100,0.0
q59516,nDCG@10,0.0
q59516,R@100,0.0
q59517,nDCG@10,0.0
q59517,R@100,0.0
q59518,nDCG@10,0.0
q59518,R@100,0.0
q59519,nDCG@10,0.6309297535714575
q59519,R@100,1.0
q59520,nDCG@10,0.0
q59520,R@100,0.0
q59521,nDCG@10,0.0
q59521,R@100,0.0
q59522,nDCG@10,1.0
q59522,R@100,1.0
q59523,nDCG@10,0.0
q59523,R@100,1.0
q59524,nDCG@10,0.0
q59524,R@100,0.0
q59525,nDCG@10,0.0
q59525,R@100,0.0
q59526,nDCG@10,1.0
q59526,R@100,1.0
q59527,nDCG@10,0.38685280723454163
q59527,R@100,1.0
q59528,nDCG@10,1.0
q59528,R@100,1.0
q59529,nDCG@10,1.0
q59529,R@100,1.0
q59530,nDCG@10,0.3562071871080222
q59530,R@100,1.0
q59531,nDCG@10,0.5
q59531,R@100,1.0
q59532,nDCG@10,1.0
q59532,R@100,1.0
q59533,nDCG@10,1.0
q59533,R@100,1.0
q59534,nDCG@10,0.0
q59534,R@100,1.0
q59535,nDCG@10,0.0
q59535,R@100,0.0
q59536,nDCG@10,1.0
q59536,R@100,1.0
q59537,nDCG@10,0.0
q59537,R@100,0.0
q59538,nDCG@10,1.0
q59538,R@100,1.0
q59539,nDCG@10,1.0
q59539,R@100,1.0
q59540,nDCG@10,0.0
q59540,R@100,0.0
q59541,nDCG@10,0.3333333333333333
q59541,R@100,1.0
q59542,nDCG@10,0.2890648263178879
q59542,R@100,1.0
q59543,nDCG@10,0.0
q59543,R@100,1.0
q59544,nDCG@10,0.0
q59544,R@100,0.0
q59545,nDCG@10,0.0
q59545,R@100,0.0
q59546,nDCG@10,1.0
q59546,R@100,1.0
q59547,nDCG@10,0.6309297535714575
q59547,R@100,1.0
q59548,nDCG@10,0.0
q59548,R@100,0.0
q59549,nDCG@10,0.0
q59549,R@100,1.0
q59550,nDCG@10,0.0
q59550,R@100,0.0
q59551,nDCG@10,0.0
q59551,R@100,0.0
q59552,nDCG@10,1.0
q59552,R@100,1.0
q59553,nDCG@10,1.0
q59553,R@100,1.0
q59554,nDCG@10,0.0
q59554,R@100,0.0
q59555,nDCG@10,0.0
q59555,R@100,0.0
q59556,nDCG@10,0.5
q59556,R@100,1.0
q59557,nDCG@10,0.31546487678572877
q59557,R@100,1.0
q59558,nDCG@10,1.0
q59558,R@100,1.0
q59559,nDCG@10,1.0
q59559,R@100,1.0
q59560,nDCG@10,0.0
q59560,R@100,0.0
q59561,nDCG@10,0.0
q59561,R@100,0.0
q59562,nDCG@10,0.5
q59562,R@100,1.0
q59563,nDCG@10,0.0
q59563,R@100,0.0
q59564,nDCG@10,0.0
q59564,R@100,0.0
q59565,nDCG@10,0.0
q59565,R@100,0.0
q59566,nDCG@10,0.0
q59566,R@100,0.0
q59567,nDCG@10,0.5
q59567,R@100,1.0
q59568,nDCG@10,0.0
q59568,R@100,1.0
q59569,nDCG@10,0.0
q59569,R@100,1.0
q59570,nDCG@10,0.0
q59570,R@100,1.0
q59571,nDCG@10,0.0
q59571,R@100,0.0
q59572,nDCG@10,0.0
q59572,R@100,0.0
q59573,nDCG@10,0.5
q59573,R@100,1.0
q59574,nDCG@10,1.0
q59574,R@100,1.0
q59575,nDCG@10,0.0
q59575,R@100,0.0
q59576,nDCG@10,0.38685280723454163
q59576,R@100,1.0
q59577,nDCG@10,1.0
q59577,R@100,1.0
q59578,nDCG@10,0.5
q59578,R@100,1.0
q59579,nDCG@10,0.0
q59579,R@100,1.0
q59580,nDCG@10,1.0
q59580,R@100,1.0
q59581,nDCG@10,0.0
q59581,R@100,1.0
q59582,nDCG@10,0.0
q59582,R@100,0.0
q59583,nDCG@10,1.0
q59583,R@100,1.0
q59584,nDCG@10,0.0
q59584,R@100,1.0
q59585,nDCG@10,0.0
q59585,R@100,0.0
q59586,nDCG@10,0.0
q59586,R@100,1.0
q59587,nDCG@10,0.0
q59587,R@100,0.0
q59588,nDCG@10,0.0
q59588,R@100,0.0
q59589,nDCG@10,1.0
q59589,R@100,1.0
q59590,nDCG@10,0.0
q59590,R@100,1.0
q59591,nDCG@10,1.0
q59591,R@100,1.0
q59592,nDCG@10,0.0
q59592,R@100,1.0
q59593,nDCG@10,0.0
q59593,R@100,0.0
q59594,nDCG@10,0.0
q59594,R@100,0.0
q59595,nDCG@10,0.43067655807339306
q59595,R@100,1.0
q59596,nDCG@10,1.0
q59596,R@100,1.0
q59597,nDCG@10,0.0
q59597,R@100,0.0
q59598,nDCG@10,1.0
q59598,R@100,1.0
q59599,nDCG@10,0.38685280723454163
q59599,R@100,1.0
q59600,nDCG@10,0.0
q59600,R@100,1.0
q59601,nDCG@10,0.0
q59601,R@100,1.0
q59602,nDCG@10,0.2890648263178879
q59602,R@100,1.0
q59603,nDCG@10,0.0
q59603,R@100,0.0
q59604,nDCG@10,0.5
q59604,R@100,1.0
q59605,nDCG@10,1.0
q59605,R@100,1.0
q59606,nDCG@10,0.0
q59606,R@100,0.0
q59607,nDCG@10,1.0
q59607,R@100,1.0
q59608,nDCG@10,0.0
q59608,R@100,1.0
q59609,nDCG@10,1.0
q59609,R@100,1.0
q59610,nDCG@10,0.0
q59610,R@100,0.0
q59611,nDCG@10,0.0
q59611,R@100,0.0
q59612,nDCG@10,0.3333333333333333
q59612,R@100,1.0
q59613,nDCG@10,0.0
q59613,R@100,0.0
q59614,nDCG@10,0.0
q59614,R@100,1.0
q59615,nDCG@10,0.0
q59615,R@100,0.0
q59616,nDCG@10,0.43067655807339306
q59616,R@100,1.0
q59617,nDCG@10,0.5
q59617,R@100,1.0
q59618,nDCG@10,0.0
q59618,R@100,1.0
q59619,nDCG@10,0.0
q59619,R@100,1.0
q59620,nDCG@10,0.38685280723454163
q59620,R@100,1.0
q59621,nDCG@10,0.0
q59621,R@100,0.0
q59622,nDCG@10,0.3562071871080222
q59622,R@100,1.0
q59623,nDCG@10,0.38685280723454163
q59623,R@100,1.0
q59624,nDCG@10,1.0
q59624,R@100,1.0
q59625,nDCG@10,0.0
q59625,R@100,0.0
q59626,nDCG@10,1.0
q59626,R@100,1.0
q59627,nDCG@10,0.0
q59627,R@100,0.0
q59628,nDCG@10,1.0
q59628,R@100,1.0
q59629,nDCG@10,1.0
q59629,R@100,1.0
q59630,nDCG@10,0.0
q59630,R@100,1.0
q59631,nDCG@10,0.3333333333333333
q59631,R@100,1.0
q59632,nDCG@10,1.0
q59632,R@100,1.0
q59633,nDCG@10,0.0
q59633,R@100,0.0
q59634,nDCG@10,1.0
q59634,R@100,1.0
q59635,nDCG@10,0.0
q59635,R@100,1.0
q59636,nDCG@10,0.6309297535714575
q59636,R@100,1.0
q59637,nDCG@10,0.0
q59637,R@100,0.0
q59638,nDCG@10,0.0
q59638,R@100,0.0
q59639,nDCG@10,0.0
q59639,R@100,0.0
q59640,nDCG@10,0.0
q59640,R@100,0.0
q59641,nDCG@10,0.0
q59641,R@100,0.0
q59642,nDCG@10,1.0
q59642,R@100,1.0
q59643,nDCG@10,1.0
q59643,R@100,1.0
q59644,nDCG@10,0.0
q59644,R@100,1.0
q59645,nDCG@10,1.0
q59645,R@100,1.0
q59646,nDCG@10,0.6309297535714575
q59646,R@100,1.0
q59647,nDCG@10,0.0
q59647,R@100,1.0
q59648,nDCG@10,0.0
q59648,R@100,0.0
q59649,nDCG@10,0.0
q59649,R@100,1.0
q59650,nDCG@10,0.0
q59650,R@100,0.0
q59651,nDCG@10,1.0
q59651,R@100,1.0
q59652,nDCG@10,1.0
q59652,R@100,1.0
q59653,nDCG@10,1.0
q59653,R@100,1.0
q59654,nDCG@10,0.0
q59654,R@100,1.0
q59655,nDCG@10,0.0
q59655,R@100,0.0
q59656,nDCG@10,0.0
q59656,R@100,0.0
q59657,nDCG@10,0.0
q59657,R@100,1.0
q59658,nDCG@10,0.6309297535714575
q59658,R@100,1.0
q59659,nDCG@10,0.0
q59659,R@100,0.0
q59660,nDCG@10,1.0
q59660,R@100,1.0
q59661,nDCG@10,0.3333333333333333
q59661,R@100,1.0
q59662,nDCG@10,0.3562071871080222
q59662,R@100,1.0
q59663,nDCG@10,1.0
q59663,R@100,1.0
q59664,nDCG@10,0.0
q59664,R@100,0.0
q59665,nDCG@10,1.0
q59665,R@100,1.0
q59666,nDCG@10,1.0
q59666,R@100,1.0
q59667,nDCG@10,0.6309297535714575
q59667,R@100,1.0
q59668,nDCG@10,0.0
q59668,R@100,0.0
q59669,nDCG@10,1.0
q59669,R@100,1.0
q59670,nDCG@10,1.0
q59670,R@100,1.0
q59671,nDCG@10,0.0
q59671,R@100,0.0
q59672,nDCG@10,1.0
q59672,R@100,1.0
q59673,nDCG@10,0.38685280723454163
q59673,R@100,1.0
q59674,nDCG@10,1.0
q59674,R@100,1.0
q59675,nDCG@10,1.0
q59675,R@100,1.0
q59676,nDCG@10,1.0
q59676,R@100,1.0
q59677,nDCG@10,1.0
q59677,R@100,1.0
q59678,nDCG@10,1.0
q59678,R@100,1.0
q59679,nDCG@10,1.0
q59679,R@100,1.0
q59680,nDCG@10,1.0
q59680,R@100,1.0
q59681,nDCG@10,0.0
q59681,R@100,0.0
q59682,nDCG@10,1.0
q59682,R@100,1.0
q59683,nDCG@10,0.0
q59683,R@100,0.0
q59684,nDCG@10,1.0
q59684,R@100,1.0
q59685,nDCG@10,0.0
q59685,R@100,0.0
q59686,nDCG@10,0.0
q59686,R@100,0.0
q59687,nDCG@10,1.0
q59687,R@100,1.0
q59688,nDCG@10,0.5
q59688,R@100,1.0
q59689,nDCG@10,0.0
q59689,R@100,1.0
q59690,nDCG@10,0.0
q59690,R@100,0.0
q59691,nDCG@10,0.43067655807339306
q59691,R@100,1.0
q59692,nDCG@10,0.0
q59692,R@100,0.0
q59693,nDCG@10,0.0
q59693,R@100,1.0
q59694,nDCG@10,0.0
q59694,R@100,1.0
q59695,nDCG@10,1.0
q59695,R@100,1.0
q59696,nDCG@10,0.0
q59696,R@100,0.0
q59697,nDCG@10,0.0
q59697,R@100,1.0
q59698,nDCG@10,1.0
q59698,R@100,1.0
q59699,nDCG@10,1.0
q59699,R@100,1.0
q59700,nDCG@10,0.0
q59700,R@100,0.0
q59701,nDCG@10,0.0
q59701,R@100,1.0
q59702,nDCG@10,1.0
q59702,R@100,1.0
q59703,nDCG@10,0.6309297535714575
q59703,R@100,1.0
q59704,nDCG@10,0.0
q59704,R@100,0.0
q59705,nDCG@10,0.43067655807339306
q59705,R@100,1.0
q59706,nDCG@10,0.2890648263178879
q59706,R@100,1.0
q59707,nDCG@10,0.0
q59707,R@100,0.0
q59708,nDCG@10,0.0
q59708,R@100,1.0
q59709,nDCG@10,1.0
q59709,R@100,1.0
q59710,nDCG@10,0.0
q59710,R@100,0.0
q59711,nDCG@10,0.0
q59711,R@100,0.0
q59712,nDCG@10,0.0
q59712,R@100,0.0
q59713,nDCG@10,0.0
q59713,R@100,1.0
q59714,nDCG@10,0.0
q59714,R@100,0.0
q59715,nDCG@10,0.0
q59715,R@100,0.0
q59716,nDCG@10,0.0
q59716,R@100,1.0
q59717,nDCG@10,0.0
q59717,R@100,0.0
q59718,nDCG@10,0.0
q59718,R@100,1.0
q59719,nDCG@10,0.6309297535714575
q59719,R@100,1.0
q59720,nDCG@10,0.0
q59720,R@100,0.0
q59721,nDCG@10,1.0
q59721,R@100,1.0
q59722,nDCG@10,1.0
q59722,R@100,1.0
q59723,nDCG@10,0.0
q59723,R@100,0.0
q59724,nDCG@10,0.0
q59724,R@100,1.0
q59725,nDCG@10,0.0
q59725,R@100,0.0
q59726,nDCG@10,1.0
q59726,R@100,1.0
q59727,nDCG@10,1.0
q59727,R@100,1.0
q59728,nDCG@10,1.0
q59728,R@100,1.0
q59729,nDCG@10,1.0
q59729,R@100,1.0
q59730,nDCG@10,0.0
q59730,R@100,1.0
q59731,nDCG@10,1.0
q59731,R@100,1.0
q59732,nDCG@10,0.6309297535714575
q59732,R@100,1.0
q59733,nDCG@10,0.0
q59733,R@100,1.0
q59734,nDCG@10,1.0
q59734,R@100,1.0
q59735,nDCG@10,0.0
q59735,R@100,0.0
q59736,nDCG@10,1.0
q59736,R@100,1.0
q59737,nDCG@10,0.0
q59737,R@100,1.0
q59738,nDCG@10,1.0
q59738,R@100,1.0
q59739,nDCG@10,0.0
q59739,R@100,0.0
q59740,nDCG@10,0.0
q59740,R@100,0.0
q59741,nDCG@10,0.0
q59741,R@100,0.0
q59742,nDCG@10,0.0
q59742,R@100,0.0
q59743,nDCG@10,0.0
q59743,R@100,0.0
q59744,nDCG@10,0.0
q59744,R@100,0.0
q59745,nDCG@10,0.0
q59745,R@100,0.0
q59746,nDCG@10,0.5
q59746,R@100,1.0
q59747,nDCG@10,0.3333333333333333
q59747,R@100,1.0
q59748,nDCG@10,0.0
q59748,R@100,0.0
q59749,nDCG@10,0.0
q59749,R@100,0.0
q59750,nDCG@10,0.3562071871080222
q59750,R@100,1.0
q59751,nDCG@10,1.0
q59751,R@100,1.0
q59752,nDCG@10,0.3333333333333333
q59752,R@100,1.0
q59753,nDCG@10,0.0
q59753,R@100,1.0
q59754,nDCG@10,0.0
q59754,R@100,0.0
q59755,nDCG@10,0.3333333333333333
q59755,R@100,1.0
q59756,nDCG@10,0.0
q59756,R@100,0.0
q59757,nDCG@10,0.0
q59757,R@100,1.0
q59758,nDCG@10,0.0
q59758,R@100,0.0
q59759,nDCG@10,0.0
q59759,R@100,0.0
q59760,nDCG@10,0.6309297535714575
q59760,R@100,1.0
q59761,nDCG@10,0.0
q59761,R@100,1.0
q59762,nDCG@10,0.0
q59762,R@100,1.0
q59763,nDCG@10,0.6309297535714575
q59763,R@100,1.0
q59764,nDCG@10,0.6309297535714575
q59764,R@100,1.0
q59765,nDCG@10,1.0
q59765,R@100,1.0
q59766,nDCG@10,0.38685280723454163
q59766,R@100,1.0
q59767,nDCG@10,0.0
q59767,R@100,0.0
q59768,nDCG@10,1.0
q59768,R@100,1.0
q59769,nDCG@10,0.6309297535714575
q59769,R@100,1.0
q59770,nDCG@10,1.0
q59770,R@100,1.0
q59771,nDCG@10,1.0
q59771,R@100,1.0
q59772,nDCG@10,0.0
q59772,R@100,0.0
q59773,nDCG@10,1.0
q59773,R@100,1.0
q59774,nDCG@10,1.0
q59774,R@100,1.0
q59775,nDCG@10,1.0
q59775,R@100,1.0
q59776,nDCG@10,0.0
q59776,R@100,0.0
q59777,nDCG@10,1.0
q59777,R@100,1.0
q59778,nDCG@10,0.0
q59778,R@100,0.0
q59779,nDCG@10,1.0
q59779,R@100,1.0
q59780,nDCG@10,0.0
q59780,R@100,0.0
q59781,nDCG@10,0.0
q59781,R@100,0.0
q59782,nDCG@10,0.0
q59782,R@100,1.0
q59783,nDCG@10,0.0
q59783,R@100,1.0
q59784,nDCG@10,0.0
q59784,R@100,0.0
q59785,nDCG@10,1.0
q59785,R@100,1.0
q59786,nDCG@10,1.0
q59786,R@100,1.0
q59787,nDCG@10,0.0
q59787,R@100,1.0
q59788,nDCG@10,0.0
q59788,R@100,1.0
q59789,nDCG@10,0.2890648263178879
q59789,R@100,1.0
q59790,nDCG@10,0.3010299956639812
q59790,R@100,1.0
q59791,nDCG@10,1.0
q59791,R@100,1.0
q59792,nDCG@10,1.0
q59792,R@100,1.0
q59793,nDCG@10,1.0
q59793,R@100,1.0
q59794,nDCG@10,0.0
q59794,R@100,0.0
q59795,nDCG@10,0.0
q59795,R@100,0.0
q59796,nDCG@10,0.31546487678572877
q59796,R@100,1.0
q59797,nDCG@10,1.0
q59797,R@100,1.0
q59798,nDCG@10,1.0
q59798,R@100,1.0
q59799,nDCG@10,0.6309297535714575
q59799,R@100,1.0
q59800,nDCG@10,0.0
q59800,R@100,0.0
q59801,nDCG@10,0.3562071871080222
q59801,R@100,1.0
q59802,nDCG@10,0.0
q59802,R@100,1.0
q59803,nDCG@10,0.3562071871080222
q59803,R@100,1.0
q59804,nDCG@10,1.0
q59804,R@100,1.0
q59805,nDCG@10,0.0
q59805,R@100,1.0
q59806,nDCG@10,0.0
q59806,R@100,0.0
q59807,nDCG@10,0.0
q59807,R@100,1.0
q59808,nDCG@10,0.0
q59808,R@100,0.0
q59809,nDCG@10,0.0
q59809,R@100,0.0
q59810,nDCG@10,0.0
q59810,R@100,1.0
q59811,nDCG@10,0.0
q59811,R@100,1.0
q59812,nDCG@10,1.0
q59812,R@100,1.0
q59813,nDCG@10,0.0
q59813,R@100,0.0
q59814,nDCG@10,0.0
q59814,R@100,1.0
q59815,nDCG@10,0.0
q59815,R@100,0.0
q59816,nDCG@10,0.0
q59816,R@100,1.0
q59817,nDCG@10,0.0
q59817,R@100,1.0
q59818,nDCG@10,0.0
q59818,R@100,1.0
q59819,nDCG@10,0.0
q59819,R@100,0.0
q59820,nDCG@10,0.0
q59820,R@100,0.0
q59821,nDCG@10,0.0
q59821,R@100,0.0
q59822,nDCG@10,0.0
q59822,R@100,1.0
q59823,nDCG@10,0.0
q59823,R@100,0.0
q59824,nDCG@10,0.0
q59824,R@100,0.0
q59825,nDCG@10,0.0
q59825,R@100,0.0
q59826,nDCG@10,0.0
q59826,R@100,0.0
q59827,nDCG@10,1.0
q59827,R@100,1.0
q59828,nDCG@10,0.5
q59828,R@100,1.0
q59829,nDCG@10,0.0
q59829,R@100,0.0
q59830,nDCG@10,0.0
q59830,R@100,0.0
q59831,nDCG@10,1.0
q59831,R@100,1.0
q59832,nDCG@10,0.0
q59832,R@100,0.0
q59833,nDCG@10,0.0
q59833,R@100,0.0
q59834,nDCG@10,0.0
q59834,R@100,0.0
q59835,nDCG@10,1.0
q59835,R@100,1.0
q59836,nDCG@10,0.5
q59836,R@100,1.0
q59837,nDCG@10,0.0
q59837,R@100,0.0
q59838,nDCG@10,0.2890648263178879
q59838,R@100,1.0
q59839,nDCG@10,1.0
q59839,R@100,1.0
q59840,nDCG@10,0.0
q59840,R@100,0.0
q59841,nDCG@10,0.0
q59841,R@100,0.0
q59842,nDCG@10,0.0
q59842,R@100,1.0
q59843,nDCG@10,0.0
q59843,R@100,0.0
q59844,nDCG@10,0.38685280723454163
q59844,R@100,1.0
q59845,nDCG@10,0.0
q59845,R@100,1.0
q59846,nDCG@10,1.0
q59846,R@100,1.0
q59847,nDCG@10,0.0
q59847,R@100,0.0
q59848,nDCG@10,0.0
q59848,R@100,1.0
q59849,nDCG@10,0.0
q59849,R@100,0.0
q59850,nDCG@10,0.0
q59850,R@100,1.0
q59851,nDCG@10,0.0
q59851,R@100,0.0
q59852,nDCG@10,1.0
q59852,R@100,1.0
q59853,nDCG@10,0.0
q59853,R@100,1.0
q59854,nDCG@10,0.0
q59854,R@100,1.0
q59855,nDCG@10,0.31546487678572877
q59855,R@100,1.0
q59856,nDCG@10,1.0
q59856,R@100,1.0
q59857,nDCG@10,0.0
q59857,R@100,0.0
q59858,nDCG@10,1.0
q59858,R@100,1.0
q59859,nDCG@10,0.0
q59859,R@100,0.0
q59860,nDCG@10,0.0
q59860,R@100,0.0
q59861,nDCG@10,0.6309297535714575
q59861,R@100,1.0
q59862,nDCG@10,0.0
q59862,R@100,0.0
q59863,nDCG@10,1.0
q59863,R@100,1.0
q59864,nDCG@10,0.0
q59864,R@100,1.0
q59865,nDCG@10,0.0
q59865,R@100,0.0
q59866,nDCG@10,0.0
q59866,R@100,0.0
q59867,nDCG@10,0.0
q59867,R@100,0.0
q59868,nDCG@10,0.0
q59868,R@100,0.0
q59869,nDCG@10,0.0
q59869,R@100,1.0
q59870,nDCG@10,0.0
q59870,R@100,0.0
q59871,nDCG@10,1.0
q59871,R@100,1.0
q59872,nDCG@10,0.0
q59872,R@100,0.0
q59873,nDCG@10,0.0
q59873,R@100,0.0
q59874,nDCG@10,1.0
q59874,R@100,1.0
q59875,nDCG@10,0.6309297535714575
q59875,R@100,1.0
q59876,nDCG@10,0.0
q59876,R@100,0.0
q59877,nDCG@10,0.6309297535714575
q59877,R@100,1.0
q59878,nDCG@10,1.0
q59878,R@100,1.0
q59879,nDCG@10,0.0
q59879,R@100,0.0
q59880,nDCG@10,0.0
q59880,R@100,1.0
q59881,nDCG@10,0.0
q59881,R@100,0.0
q59882,nDCG@10,1.0
q59882,R@100,1.0
q59883,nDCG@10,0.0
q59883,R@100,0.0
q59884,nDCG@10,1.0
q59884,R@100,1.0
q59885,nDCG@10,1.0
q59885,R@100,1.0
q59886,nDCG@10,0.6309297535714575
q59886,R@100,1.0
q59887,nDCG@10,0.0
q59887,R@100,0.0
q59888,nDCG@10,0.2890648263178879
q59888,R@100,1.0
q59889,nDCG@10,1.0
q59889,R@100,1.0
q59890,nDCG@10,0.6309297535714575
q59890,R@100,1.0
q59891,nDCG@10,1.0
q59891,R@100,1.0
q59892,nDCG@10,0.0
q59892,R@100,1.0
q59893,nDCG@10,1.0
q59893,R@100,1.0
q59894,nDCG@10,0.0
q59894,R@100,1.0
q59895,nDCG@10,0.0
q59895,R@100,0.0
q59896,nDCG@10,0.31546487678572877
q59896,R@100,1.0
q59897,nDCG@10,0.43067655807339306
q59897,R@100,1.0
q59898,nDCG@10,0.5
q59898,R@100,1.0
q59899,nDCG@10,0.0
q59899,R@100,0.0
q59900,nDCG@10,0.0
q59900,R@100,0.0
q59901,nDCG@10,0.0
q59901,R@100,1.0
q59902,nDCG@10,0.38685280723454163
q59902,R@100,1.0
q59903,nDCG@10,0.6309297535714575
q59903,R@100,1.0
q59904,nDCG@10,0.0
q59904,R@100,1.0
q59905,nDCG@10,0.0
q59905,R@100,0.0
q59906,nDCG@10,1.0
q59906,R@100,1.0
q59907,nDCG@10,1.0
q59907,R@100,1.0
q59908,nDCG@10,0.38685280723454163
q59908,R@100,1.0
q59909,nDCG@10,0.0
q59909,R@100,0.0
q59910,nDCG@10,1.0
q59910,R@100,1.0
q59911,nDCG@10,0.0
q59911,R@100,0.0
q59912,nDCG@10,0.0
q59912,R@100,0.0
q59913,nDCG@10,1.0
q59913,R@100,1.0
q59914,nDCG@10,1.0
q59914,R@100,1.0
q59915,nDCG@10,0.0
q59915,R@100,0.0
q59916,nDCG@10,0.6309297535714575
q59916,R@100,1.0
q59917,nDCG@10,1.0
q59917,R@100,1.0
q59918,nDCG@10,1.0
q59918,R@100,1.0
q59919,nDCG@10,0.0
q59919,R@100,0.0
q59920,nDCG@10,0.0
q59920,R@100,1.0
q59921,nDCG@10,0.38685280723454163
q59921,R@100,1.0
q59922,nDCG@10,1.0
q59922,R@100,1.0
q59923,nDCG@10,0.0
q59923,R@100,1.0
q59924,nDCG@10,0.0
q59924,R@100,0.0
q59925,nDCG@10,0.6309297535714575
q59925,R@100,1.0
q59926,nDCG@10,1.0
q59926,R@100,1.0
q59927,nDCG@10,0.0
q59927,R@100,0.0
q59928,nDCG@10,0.5
q59928,R@100,1.0
q59929,nDCG@10,0.0
q59929,R@100,0.0
q59930,nDCG@10,0.0
q59930,R@100,0.0
q59931,nDCG@10,0.0
q59931,R@100,0.0
q59932,nDCG@10,0.0
q59932,R@100,0.0
q59933,nDCG@10,0.0
q59933,R@100,1.0
q59934,nDCG@10,0.0
q59934,R@100,0.0
q59935,nDCG@10,0.6309297535714575
q59935,R@100,1.0
q59936,nDCG@10,0.0
q59936,R@100,0.0
q59937,nDCG@10,0.0
q59937,R@100,0.0
q59938,nDCG@10,1.0
q59938,R@100,1.0
q59939,nDCG@10,0.0
q59939,R@100,1.0
q59940,nDCG@10,0.0
q59940,R@100,0.0
q59941,nDCG@10,0.3562071871080222
q59941,R@100,1.0
q59942,nDCG@10,0.0
q59942,R@100,1.0
q59943,nDCG@10,0.0
q59943,R@100,0.0
q59944,nDCG@10,0.0
q59944,R@100,1.0
q59945,nDCG@10,0.3562071871080222
q59945,R@100,1.0
q59946,nDCG@10,0.0
q59946,R@100,0.0
q59947,nDCG@10,0.0
q59947,R@100,1.0
q59948,nDCG@10,1.0
q59948,R@100,1.0
q59949,nDCG@10,0.0
q59949,R@100,0.0
q59950,nDCG@10,0.0
q59950,R@100,0.0
q59951,nDCG@10,0.0
q59951,R@100,1.0
q59952,nDCG@10,0.0
q59952,R@100,0.0
q59953,nDCG@10,1.0
q59953,R@100,1.0
q59954,nDCG@10,0.38685280723454163
q59954,R@100,1.0
q59955,nDCG@10,0.43067655807339306
q59955,R@100,1.0
q59956,nDCG@10,0.0
q59956,R@100,1.0
q59957,nDCG@10,1.0
q59957,R@100,1.0
q59958,nDCG@10,1.0
q59958,R@100,1.0
q59959,nDCG@10,0.0
q59959,R@100,0.0
q59960,nDCG@10,0.0
q59960,R@100,1.0
q59961,nDCG@10,1.0
q59961,R@100,1.0
q59962,nDCG@10,0.0
q59962,R@100,0.0
q59963,nDCG@10,1.0
q59963,R@100,1.0
q59964,nDCG@10,0.6309297535714575
q59964,R@100,1.0
q59965,nDCG@10,1.0
q59965,R@100,1.0
q59966,nDCG@10,1.0
q59966,R@100,1.0
q59967,nDCG@10,0.0
q59967,R@100,0.0
q59968,nDCG@10,1.0
q59968,R@100,1.0
q59969,nDCG@10,1.0
q59969,R@100,1.0
q59970,nDCG@10,0.6309297535714575
q59970,R@100,1.0
q59971,nDCG@10,0.0
q59971,R@100,1.0
q59972,nDCG@10,0.0
q59972,R@100,0.0
q59973,nDCG@10,0.0
q59973,R@100,1.0
q59974,nDCG@10,1.0
q59974,R@100,1.0
q59975,nDCG@10,0.3562071871080222
q59975,R@100,1.0
q59976,nDCG@10,0.0
q59976,R@100,0.0
q59977,nDCG@10,0.43067655807339306
q59977,R@100,1.0
q59978,nDCG@10,1.0
q59978,R@100,1.0
q59979,nDCG@10,1.0
q59979,R@100,1.0
q59980,nDCG@10,1.0
q59980,R@100,1.0
q59981,nDCG@10,0.5
q59981,R@100,1.0
q59982,nDCG@10,0.0
q59982,R@100,1.0
q59983,nDCG@10,0.0
q59983,R@100,0.0
q59984,nDCG@10,0.0
q59984,R@100,1.0
q59985,nDCG@10,0.0
q59985,R@100,0.0
q59986,nDCG@10,1.0
q59986,R@100,1.0
q59987,nDCG@10,0.0
q59987,R@100,0.0
q59988,nDCG@10,0.6309297535714575
q59988,R@100,1.0
q59989,nDCG@10,0.2890648263178879
q59989,R@100,1.0
q59990,nDCG@10,0.0
q59990,R@100,1.0
q59991,nDCG@10,0.0
q59991,R@100,0.0
q59992,nDCG@10,1.0
q59992,R@100,1.0
q59993,nDCG@10,1.0
q59993,R@100,1.0
q59994,nDCG@10,0.0
q59994,R@100,1.0
q59995,nDCG@10,1.0
q59995,R@100,1.0
q59996,nDCG@10,1.0
q59996,R@100,1.0
q59997,nDCG@10,1.0
q59997,R@100,1.0
q59998,nDCG@10,0.0
q59998,R@100,1.0
q59999,nDCG@10,0.0
q59999,R@100,1.0
q60000,nDCG@10,1.0
q60000,R@100,1.0
q60001,nDCG@10,0.0
q60001,R@100,0.0
q60002,nDCG@10,0.0
q60002,R@100,0.0
q60003,nDCG@10,0.0
q60003,R@100,0.0
q60004,nDCG@10,1.0
q60004,R@100,1.0
q60005,nDCG@10,1.0
q60005,R@100,1.0
q60006,nDCG@10,0.0
q60006,R@100,0.0
q60007,nDCG@10,1.0
q60007,R@100,1.0
q60008,nDCG@10,1.0
q60008,R@100,1.0
q60009,nDCG@10,1.0
q60009,R@100,1.0
q60010,nDCG@10,0.0
q60010,R@100,0.0
q60011,nDCG@10,0.0
q60011,R@100,1.0
q60012,nDCG@10,0.6309297535714575
q60012,R@100,1.0
q60013,nDCG@10,0.6309297535714575
q60013,R@100,1.0
q60014,nDCG@10,0.43067655807339306
q60014,R@100,1.0
q60015,nDCG@10,0.31546487678572877
q60015,R@100,1.0
q60016,nDCG@10,0.0
q60016,R@100,0.0
q60017,nDCG@10,0.0
q60017,R@100,0.0
q60018,nDCG@10,1.0
q60018,R@100,1.0
q60019,nDCG@10,1.0
q60019,R@100,1.0
q60020,nDCG@10,0.38685280723454163
q60020,R@100,1.0
q60021,nDCG@10,0.0
q60021,R@100,0.0
q60022,nDCG@10,0.6309297535714575
q60022,R@100,1.0
q60023,nDCG@10,1.0
q60023,R@100,1.0
q60024,nDCG@10,0.0
q60024,R@100,0.0
q60025,nDCG@10,0.0
q60025,R@100,0.0
q60026,nDCG@10,1.0
q60026,R@100,1.0
q60027,nDCG@10,1.0
q60027,R@100,1.0
q60028,nDCG@10,1.0
q60028,R@100,1.0
q60029,nDCG@10,1.0
q60029,R@100,1.0
q60030,nDCG@10,0.0
q60030,R@100,0.0
q60031,nDCG@10,1.0
q60031,R@100,1.0
q60032,nDCG@10,1.0
q60032,R@100,1.0
q60033,nDCG@10,0.43067655807339306
q60033,R@100,1.0
q60034,nDCG@10,0.6309297535714575
q60034,R@100,1.0
q60035,nDCG@10,0.0
q60035,R@100,1.0
q60036,nDCG@10,1.0
q60036,R@100,1.0
q60037,nDCG@10,1.0
q60037,R@100,1.0
q60038,nDCG@10,0.38685280723454163
q60038,R@100,1.0
q60039,nDCG@10,0.0
q60039,R@100,1.0
q60040,nDCG@10,0.0
q60040,R@100,0.0
q60041,nDCG@10,0.0
q60041,R@100,0.0
q60042,nDCG@10,0.0
q60042,R@100,1.0
q60043,nDCG@10,0.0
q60043,R@100,0.0
q60044,nDCG@10,1.0
q60044,R@100,1.0
q60045,nDCG@10,1.0
q60045,R@100,1.0
q60046,nDCG@10,0.0
q60046,R@100,0.0
q60047,nDCG@10,0.0
q60047,R@100,0.0
q60048,nDCG@10,1.0
q60048,R@100,1.0
q60049,nDCG@10,0.0
q60049,R@100,0.0
q60050,nDCG@10,1.0
q60050,R@100,1.0
q60051,nDCG@10,0.0
q60051,R@100,0.0
q60052,nDCG@10,1.0
q60052,R@100,1.0
q60053,nDCG@10,0.0
q60053,R@100,0.0
q60054,nDCG@10,0.0
q60054,R@100,1.0
q60055,nDCG@10,0.0
q60055,R@100,0.0
q60056,nDCG@10,0.5
q60056,R@100,1.0
q60057,nDCG@10,0.2890648263178879
q60057,R@100,1.0
q60058,nDCG@10,0.6309297535714575
q60058,R@100,1.0
q60059,nDCG@10,0.0
q60059,R@100,0.0
q60060,nDCG@10,0.0
q60060,R@100,0.0
q60061,nDCG@10,0.0
q60061,R@100,0.0
q60062,nDCG@10,1.0
q60062,R@100,1.0
q60063,nDCG@10,0.0
q60063,R@100,1.0
q60064,nDCG@10,1.0
q60064,R@100,1.0
q60065,nDCG@10,0.0
q60065,R@100,1.0
q60066,nDCG@10,1.0
q60066,R@100,1.0
q60067,nDCG@10,0.0
q60067,R@100,1.0
q60068,nDCG@10,0.0
q60068,R@100,0.0
q60069,nDCG@10,0.5
q60069,R@100,1.0
q60070,nDCG@10,0.0
q60070,R@100,1.0
q60071,nDCG@10,0.43067655807339306
q60071,R@100,1.0
q60072,nDCG@10,1.0
q60072,R@100,1.0
q60073,nDCG@10,0.3333333333333333
q60073,R@100,1.0
q60074,nDCG@10,1.0
q60074,R@100,1.0
q60075,nDCG@10,0.5
q60075,R@100,1.0
q60076,nDCG@10,0.0
q60076,R@100,0.0
q60077,nDCG@10,0.0
q60077,R@100,0.0
q60078,nDCG@10,0.0
q60078,R@100,1.0
q60079,nDCG@10,0.0
q60079,R@100,0.0
q60080,nDCG@10,1.0
q60080,R@100,1.0
q60081,nDCG@10,0.31546487678572877
q60081,R@100,1.0
q60082,nDCG@10,0.3010299956639812
q60082,R@100,1.0
q60083,nDCG@10,1.0
q60083,R@100,1.0
q60084,nDCG@10,0.0
q60084,R@100,1.0
q60085,nDCG@10,1.0
q60085,R@100,1.0
q60086,nDCG@10,0.0
q60086,R@100,0.0
q60087,nDCG@10,1.0
q60087,R@100,1.0
q60088,nDCG@10,0.0
q60088,R@100,0.0
q60089,nDCG@10,0.5
q60089,R@100,1.0
q60090,nDCG@10,1.0
q60090,R@100,1.0
q60091,nDCG@10,0.0
q60091,R@100,0.0
q60092,nDCG@10,1.0
q60092,R@100,1.0
q60093,nDCG@10,0.6309297535714575
q60093,R@100,1.0
q60094,nDCG@10,0.0
q60094,R@100,0.0
q60095,nDCG@10,0.0
q60095,R@100,0.0
q60096,nDCG@10,0.0
q60096,R@100,0.0
q60097,nDCG@10,0.5
q60097,R@100,1.0
q60098,nDCG@10,1.0
q60098,R@100,1.0
q60099,nDCG@10,0.0
q60099,R@100,1.0
q60100,nDCG@10,1.0
q60100,R@100,1.0
q60101,nDCG@10,1.0
q60101,R@100,1.0
q60102,nDCG@10,0.0
q60102,R@100,1.0
q60103,nDCG@10,0.0
q60103,R@100,1.0
q60104,nDCG@10,0.0
q60104,R@100,0.0
q60105,nDCG@10,1.0
q60105,R@100,1.0
q60106,nDCG@10,0.0
q60106,R@100,0.0
q60107,nDCG@10,0.0
q60107,R@100,0.0
q60108,nDCG@10,0.0
q60108,R@100,0.0
q60109,nDCG@10,1.0
q60109,R@100,1.0
q60110,nDCG@10,0.0
q60110,R@100,1.0
q60111,nDCG@10,0.0
q60111,R@100,0.0
q60112,nDCG@10,1.0
q60112,R@100,1.0
q60113,nDCG@10,0.0
q60113,R@100,0.0
q60114,nDCG@10,0.0
q60114,R@100,1.0
q60115,nDCG@10,0.5
q60115,R@100,1.0
q60116,nDCG@10,1.0
q60116,R@100,1.0
q60117,nDCG@10,1.0
q60117,R@100,1.0
q60118,nDCG@10,0.0
q60118,R@100,0.0
q60119,nDCG@10,0.3562071871080222
q60119,R@100,1.0
q60120,nDCG@10,1.0
q60120,R@100,1.0
q60121,nDCG@10,0.6309297535714575
q60121,R@100,1.0
q60122,nDCG@10,1.0
q60122,R@100,1.0
q60123,nDCG@10,0.6309297535714575
q60123,R@100,1.0
q60124,nDCG@10,1.0
q60124,R@100,1.0
q60125,nDCG@10,0.0
q60125,R@100,0.0
q60126,nDCG@10,0.0
q60126,R@100,1.0
q60127,nDCG@10,0.0
q60127,R@100,1.0
q60128,nDCG@10,1.0
q60128,R@100,1.0
q60129,nDCG@10,0.0
q60129,R@100,0.0
q60130,nDCG@10,0.5
q60130,R@100,1.0
q60131,nDCG@10,1.0
q60131,R@100,1.0
q60132,nDCG@10,0.0
q60132,R@100,1.0
q60133,nDCG@10,0.0
q60133,R@100,0.0
q60134,nDCG@10,1.0
q60134,R@100,1.0
q60135,nDCG@10,1.0
q60135,R@100,1.0
q60136,nDCG@10,1.0
q60136,R@100,1.0
q60137,nDCG@10,0.0
q60137,R@100,0.0
q60138,nDCG@10,0.0
q60138,R@100,0.0
q60139,nDCG@10,0.38685280723454163
q60139,R@100,1.0
q60140,nDCG@10,1.0
q60140,R@100,1.0
q60141,nDCG@10,0.0
q60141,R@100,1.0
q60142,nDCG@10,1.0
q60142,R@100,1.0
q60143,nDCG@10,0.6309297535714575
q60143,R@100,1.0
q60144,nDCG@10,0.0
q60144,R@100,0.0
q60145,nDCG@10,0.0
q60145,R@100,0.0
q60146,nDCG@10,1.0
q60146,R@100,1.0
q60147,nDCG@10,1.0
q60147,R@100,1.0
q60148,nDCG@10,0.43067655807339306
q60148,R@100,1.0
q60149,nDCG@10,1.0
q60149,R@100,1.0
q60150,nDCG@10,0.5
q60150,R@100,1.0
q60151,nDCG@10,0.0
q60151,R@100,1.0
q60152,nDCG@10,0.38685280723454163
q60152,R@100,1.0
q60153,nDCG@10,1.0
q60153,R@100,1.0
q60154,nDCG@10,0.5
q60154,R@100,1.0
q60155,nDCG@10,0.0
q60155,R@100,0.0
q60156,nDCG@10,0.3333333333333333
q60156,R@100,1.0
q60157,nDCG@10,1.0
q60157,R@100,1.0
q60158,nDCG@10,0.5
q60158,R@100,1.0
q60159,nDCG@10,0.6309297535714575
q60159,R@100,1.0
q60160,nDCG@10,1.0
q60160,R@100,1.0
q60161,nDCG@10,0.0
q60161,R@100,0.0
q60162,nDCG@10,1.0
q60162,R@100,1.0
q60163,nDCG@10,0.0
q60163,R@100,0.0
q60164,nDCG@10,0.0
q60164,R@100,0.0
q60165,nDCG@10,0.0
q60165,R@100,0.0
q60166,nDCG@10,0.0
q60166,R@100,0.0
q60167,nDCG@10,1.0
q60167,R@100,1.0
q60168,nDCG@10,0.0
q60168,R@100,0.0
q60169,nDCG@10,1.0
q60169,R@100,1.0
q60170,nDCG@10,0.0
q60170,R@100,0.0
q60171,nDCG@10,0.38685280723454163
q60171,R@100,1.0
q60172,nDCG@10,1.0
q60172,R@100,1.0
q60173,nDCG@10,1.0
q60173,R@100,1.0
q60174,nDCG@10,0.31546487678572877
q60174,R@100,1.0
q60175,nDCG@10,0.0
q60175,R@100,0.0
q60176,nDCG@10,1.0
q60176,R@100,1.0
q60177,nDCG@10,1.0
q60177,R@100,1.0
q60178,nDCG@10,1.0
q60178,R@100,1.0
q60179,nDCG@10,1.0
q60179,R@100,1.0
q60180,nDCG@10,0.0
q60180,R@100,0.0
q60181,nDCG@10,0.3333333333333333
q60181,R@100,1.0
q60182,nDCG@10,0.0
q60182,R@100,0.0
q60183,nDCG@10,0.0
q60183,R@100,0.0
q60184,nDCG@10,1.0
q60184,R@100,1.0
q60185,nDCG@10,1.0
q60185,R@100,1.0
q60186,nDCG@10,0.0
q60186,R@100,1.0
q60187,nDCG@10,1.0
q60187,R@100,1.0
q60188,nDCG@10,0.2890648263178879
q60188,R@100,1.0
q60189,nDCG@10,0.0
q60189,R@100,1.0
q60190,nDCG@10,0.43067655807339306
q60190,R@100,1.0
q60191,nDCG@10,1.0
q60191,R@100,1.0
q60192,nDCG@10,1.0
q60192,R@100,1.0
q60193,nDCG@10,1.0
q60193,R@100,1.0
q60194,nDCG@10,0.6309297535714575
q60194,R@100,1.0
q60195,nDCG@10,1.0
q60195,R@100,1.0
q60196,nDCG@10,1.0
q60196,R@100,1.0
q60197,nDCG@10,0.0
q60197,R@100,0.0
q60198,nDCG@10,1.0
q60198,R@100,1.0
q60199,nDCG@10,0.6309297535714575
q60199,R@100,1.0
q60200,nDCG@10,0.6309297535714575
q60200,R@100,1.0
q60201,nDCG@10,1.0
q60201,R@100,1.0
q60202,nDCG@10,0.38685280723454163
q60202,R@100,1.0
q60203,nDCG@10,1.0
q60203,R@100,1.0
q60204,nDCG@10,0.6309297535714575
q60204,R@100,1.0
q60205,nDCG@10,0.0
q60205,R@100,0.0
q60206,nDCG@10,1.0
q60206,R@100,1.0
q60207,nDCG@10,1.0
q60207,R@100,1.0
q60208,nDCG@10,0.0
q60208,R@100,0.0
q60209,nDCG@10,0.5
q60209,R@100,1.0
q60210,nDCG@10,1.0
q60210,R@100,1.0
q60211,nDCG@10,0.0
q60211,R@100,0.0
q60212,nDCG@10,0.0
q60212,R@100,1.0
q60213,nDCG@10,0.5
q60213,R@100,1.0
q60214,nDCG@10,1.0
q60214,R@100,1.0
q60215,nDCG@10,1.0
q60215,R@100,1.0
q60216,nDCG@10,0.0
q60216,R@100,0.0
q60217,nDCG@10,0.0
q60217,R@100,0.0
q60218,nDCG@10,0.0
q60218,R@100,0.0
q60219,nDCG@10,0.0
q60219,R@100,1.0
q60220,nDCG@10,1.0
q60220,R@100,1.0
q60221,nDCG@10,0.0
q60221,R@100,1.0
q60222,nDCG@10,0.0
q60222,R@100,1.0
q60223,nDCG@10,0.6309297535714575
q60223,R@100,1.0
q60224,nDCG@10,0.0
q60224,R@100,0.0
q60225,nDCG@10,1.0
q60225,R@100,1.0
q60226,nDCG@10,1.0
q60226,R@100,1.0
q60227,nDCG@10,0.0
q60227,R@100,1.0
q60228,nDCG@10,0.0
q60228,R@100,0.0
q60229,nDCG@10,0.0
q60229,R@100,1.0
q60230,nDCG@10,0.38685280723454163
q60230,R@100,1.0
q60231,nDCG@10,1.0
q60231,R@100,1.0
q60232,nDCG@10,0.6309297535714575
q60232,R@100,1.0
q60233,nDCG@10,0.2890648263178879
q60233,R@100,1.0
q60234,nDCG@10,0.0
q60234,R@100,1.0
q60235,nDCG@10,0.0
q60235,R@100,0.0
q60236,nDCG@10,0.6309297535714575
q60236,R@100,1.0
q60237,nDCG@10,1.0
q60237,R@100,1.0
q60238,nDCG@10,0.0
q60238,R@100,0.0
q60239,nDCG@10,1.0
q60239,R@100,1.0
q60240,nDCG@10,0.0
q60240,R@100,0.0
q60241,nDCG@10,1.0
q60241,R@100,1.0
q60242,nDCG@10,0.31546487678572877
q60242,R@100,1.0
q60243,nDCG@10,1.0
q60243,R@100,1.0
q60244,nDCG@10,0.0
q60244,R@100,0.0
q60245,nDCG@10,0.0
q60245,R@100,1.0
q60246,nDCG@10,1.0
q60246,R@100,1.0
q60247,nDCG@10,1.0
q60247,R@100,1.0
q60248,nDCG@10,1.0
q60248,R@100,1.0
q60249,nDCG@10,0.0
q60249,R@100,0.0
q60250,nDCG@10,0.0
q60250,R@100,0.0
q60251,nDCG@10,0.0
q60251,R@100,0.0
q60252,nDCG@10,0.0
q60252,R@100,0.0
q60253,nDCG@10,0.5
q60253,R@100,1.0
q60254,nDCG@10,0.0
q60254,R@100,0.0
q60255,nDCG@10,0.6309297535714575
q60255,R@100,1.0
q60256,nDCG@10,0.0
q60256,R@100,0.0
q60257,nDCG@10,0.0
q60257,R@100,1.0
q60258,nDCG@10,0.0
q60258,R@100,1.0
q60259,nDCG@10,0.0
q60259,R@100,1.0
q60260,nDCG@10,1.0
q60260,R@100,1.0
q60261,nDCG@10,0.0
q60261,R@100,0.0
q60262,nDCG@10,0.43067655807339306
q60262,R@100,1.0
q60263,nDCG@10,0.0
q60263,R@100,0.0
q60264,nDCG@10,1.0
q60264,R@100,1.0
q60265,nDCG@10,0.0
q60265,R@100,1.0
q60266,nDCG@10,0.0
q60266,R@100,1.0
q60267,nDCG@10,1.0
q60267,R@100,1.0
q60268,nDCG@10,1.0
q60268,R@100,1.0
q60269,nDCG@10,0.0
q60269,R@100,0.0
q60270,nDCG@10,0.0
q60270,R@100,0.0
q60271,nDCG@10,0.43067655807339306
q60271,R@100,1.0
q60272,nDCG@10,0.6309297535714575
q60272,R@100,1.0
q60273,nDCG@10,0.3010299956639812
q60273,R@100,1.0
q60274,nDCG@10,1.0
q60274,R@100,1.0
q60275,nDCG@10,1.0
q60275,R@100,1.0
q60276,nDCG@10,0.6309297535714575
q60276,R@100,1.0
q60277,nDCG@10,0.43067655807339306
q60277,R@100,1.0
q60278,nDCG@10,1.0
q60278,R@100,1.0
q60279,nDCG@10,0.0
q60279,R@100,0.0
q60280,nDCG@10,0.0
q60280,R@100,0.0
q60281,nDCG@10,0.0
q60281,R@100,0.0
q60282,nDCG@10,0.0
q60282,R@100,1.0
q60283,nDCG@10,0.0
q60283,R@100,0.0
q60284,nDCG@10,0.0
q60284,R@100,0.0
q60285,nDCG@10,0.5
q60285,R@100,1.0
q60286,nDCG@10,0.6309297535714575
q60286,R@100,1.0
q60287,nDCG@10,0.0
q60287,R@100,0.0
q60288,nDCG@10,0.0
q60288,R@100,0.0
q60289,nDCG@10,1.0
q60289,R@100,1.0
q60290,nDCG@10,0.0
q60290,R@100,0.0
q60291,nDCG@10,0.0
q60291,R@100,1.0
q60292,nDCG@10,0.6309297535714575
q60292,R@100,1.0
q60293,nDCG@10,0.0
q60293,R@100,1.0
q60294,nDCG@10,0.6309297535714575
q60294,R@100,1.0
q60295,nDCG@10,0.0
q60295,R@100,0.0
q60296,nDCG@10,0.38685280723454163
q60296,R@100,1.0
q60297,nDCG@10,0.0
q60297,R@100,1.0
q60298,nDCG@10,0.0
q60298,R@100,1.0
q60299,nDCG@10,0.0
q60299,R@100,1.0
q60300,nDCG@10,0.0
q60300,R@100,0.0
q60301,nDCG@10,0.0
q60301,R@100,0.0
q60302,nDCG@10,0.0
q60302,R@100,0.0
q60303,nDCG@10,0.0
q60303,R@100,0.0
q60304,nDCG@10,1.0
q60304,R@100,1.0
q60305,nDCG@10,0.0
q60305,R@100,0.0
q60306,nDCG@10,0.0
q60306,R@100,1.0
q60307,nDCG@10,1.0
q60307,R@100,1.0
q60308,nDCG@10,0.0
q60308,R@100,0.0
q60309,nDCG@10,1.0
q60309,R@100,1.0
q60310,nDCG@10,0.3562071871080222
q60310,R@100,1.0
q60311,nDCG@10,0.0
q60311,R@100,1.0
q60312,nDCG@10,0.0
q60312,R@100,0.0
q60313,nDCG@10,1.0
q60313,R@100,1.0
q60314,nDCG@10,0.0
q60314,R@100,0.0
q60315,nDCG@10,0.0
q60315,R@100,0.0
q60316,nDCG@10,1.0
q60316,R@100,1.0
q60317,nDCG@10,0.0
q60317,R@100,0.0
q60318,nDCG@10,1.0
q60318,R@100,1.0
q60319,nDCG@10,0.0
q60319,R@100,0.0
q60320,nDCG@10,0.0
q60320,R@100,0.0
q60321,nDCG@10,0.0
q60321,R@100,0.0
q60322,nDCG@10,0.0
q60322,R@100,1.0
q60323,nDCG@10,0.43067655807339306
q60323,R@100,1.0
q60324,nDCG@10,0.6309297535714575
q60324,R@100,1.0
q60325,nDCG@10,0.43067655807339306
q60325,R@100,1.0
q60326,nDCG@10,0.0
q60326,R@100,1.0
q60327,nDCG@10,0.0
q60327,R@100,0.0
q60328,nDCG@10,0.0
q60328,R@100,0.0
q60329,nDCG@10,0.0
q60329,R@100,0.0
q60330,nDCG@10,0.6309297535714575
q60330,R@100,1.0
q60331,nDCG@10,0.0
q60331,R@100,0.0
q60332,nDCG@10,1.0
q60332,R@100,1.0
q60333,nDCG@10,0.0
q60333,R@100,0.0
q60334,nDCG@10,1.0
q60334,R@100,1.0
q60335,nDCG@10,1.0
q60335,R@100,1.0
q60336,nDCG@10,0.0
q60336,R@100,0.0
q60337,nDCG@10,0.0
q60337,R@100,0.0
q60338,nDCG@10,0.0
q60338,R@100,0.0
q60339,nDCG@10,0.0
q60339,R@100,1.0
q60340,nDCG@10,1.0
q60340,R@100,1.0
q60341,nDCG@10,1.0
q60341,R@100,1.0
q60342,nDCG@10,1.0
q60342,R@100,1.0
q60343,nDCG@10,0.0
q60343,R@100,0.0
q60344,nDCG@10,1.0
q60344,R@100,1.0
q60345,nDCG@10,0.0
q60345,R@100,0.0
q60346,nDCG@10,0.5
q60346,R@100,1.0
q60347,nDCG@10,0.0
q60347,R@100,1.0
q60348,nDCG@10,0.0
q60348,R@100,0.0
q60349,nDCG@10,0.0
q60349,R@100,1.0
q60350,nDCG@10,0.0
q60350,R@100,0.0
q60351,nDCG@10,1.0
q60351,R@100,1.0
q60352,nDCG@10,0.0
q60352,R@100,0.0
q60353,nDCG@10,0.0
q60353,R@100,0.0
q60354,nDCG@10,0.0
q60354,R@100,0.0
q60355,nDCG@10,0.0
q60355,R@100,0.0
q60356,nDCG@10,1.0
q60356,R@100,1.0
q60357,nDCG@10,0.0
q60357,R@100,0.0
q60358,nDCG@10,0.6309297535714575
q60358,R@100,1.0
q60359,nDCG@10,1.0
q60359,R@100,1.0
q60360,nDCG@10,0.0
q60360,R@100,1.0
q60361,nDCG@10,1.0
q60361,R@100,1.0
q60362,nDCG@10,0.0
q60362,R@100,0.0
q60363,nDCG@10,0.38685280723454163
q60363,R@100,1.0
q60364,nDCG@10,0.0
q60364,R@100,0.0
q60365,nDCG@10,0.6309297535714575
q60365,R@100,1.0
q60366,nDCG@10,0.0
q60366,R@100,1.0
q60367,nDCG@10,0.0
q60367,R@100,0.0
q60368,nDCG@10,0.0
q60368,R@100,0.0
q60369,nDCG@10,0.0
q60369,R@100,0.0
q60370,nDCG@10,1.0
q60370,R@100,1.0
q60371,nDCG@10,0.0
q60371,R@100,0.0
q60372,nDCG@10,0.0
q60372,R@100,0.0
q60373,nDCG@10,0.6309297535714575
q60373,R@100,1.0
q60374,nDCG@10,0.3333333333333333
q60374,R@100,1.0
q60375,nDCG@10,0.0
q60375,R@100,0.0
q60376,nDCG@10,0.0
q60376,R@100,0.0
q60377,nDCG@10,0.0
q60377,R@100,0.0
q60378,nDCG@10,0.0
q60378,R@100,0.0
q60379,nDCG@10,1.0
q60379,R@100,1.0
q60380,nDCG@10,1.0
q60380,R@100,1.0
q60381,nDCG@10,0.0
q60381,R@100,0.0
q60382,nDCG@10,1.0
q60382,R@100,1.0
q60383,nDCG@10,1.0
q60383,R@100,1.0
q60384,nDCG@10,1.0
q60384,R@100,1.0
q60385,nDCG@10,1.0
q60385,R@100,1.0
q60386,nDCG@10,0.0
q60386,R@100,1.0
q60387,nDCG@10,0.0
q60387,R@100,0.0
q60388,nDCG@10,1.0
q60388,R@100,1.0
q60389,nDCG@10,1.0
q60389,R@100,1.0
q60390,nDCG@10,0.2890648263178879
q60390,R@100,1.0
q60391,nDCG@10,0.0
q60391,R@100,0.0
q60392,nDCG@10,0.0
q60392,R@100,1.0
q60393,nDCG@10,0.0
q60393,R@100,0.0
q60394,nDCG@10,0.3333333333333333
q60394,R@100,1.0
q60395,nDCG@10,0.38685280723454163
q60395,R@100,1.0
q60396,nDCG@10,1.0
q60396,R@100,1.0
q60397,nDCG@10,1.0
q60397,R@100,1.0
q60398,nDCG@10,1.0
q60398,R@100,1.0
q60399,nDCG@10,0.6309297535714575
q60399,R@100,1.0
q60400,nDCG@10,0.0
q60400,R@100,1.0
q60401,nDCG@10,0.0
q60401,R@100,0.0
q60402,nDCG@10,0.0
q60402,R@100,1.0
q60403,nDCG@10,0.0
q60403,R@100,1.0
q60404,nDCG@10,0.0
q60404,R@100,0.0
q60405,nDCG@10,0.0
q60405,R@100,0.0
q60406,nDCG@10,0.6309297535714575
q60406,R@100,1.0
q60407,nDCG@10,1.0
q60407,R@100,1.0
q60408,nDCG@10,0.0
q60408,R@100,0.0
q60409,nDCG@10,0.6309297535714575
q60409,R@100,1.0
q60410,nDCG@10,1.0
q60410,R@100,1.0
q60411,nDCG@10,0.6309297535714575
q60411,R@100,1.0
q60412,nDCG@10,0.0
q60412,R@100,0.0
q60413,nDCG@10,1.0
q60413,R@100,1.0
q60414,nDCG@10,0.5
q60414,R@100,1.0
q60415,nDCG@10,0.0
q60415,R@100,0.0
q60416,nDCG@10,0.0
q60416,R@100,1.0
q60417,nDCG@10,0.0
q60417,R@100,0.0
q60418,nDCG@10,0.0
q60418,R@100,1.0
q60419,nDCG@10,1.0
q60419,R@100,1.0
q60420,nDCG@10,0.0
q60420,R@100,0.0
q60421,nDCG@10,1.0
q60421,R@100,1.0
q60422,nDCG@10,0.0
q60422,R@100,0.0
q60423,nDCG@10,1.0
q60423,R@100,1.0
q60424,nDCG@10,1.0
q60424,R@100,1.0
q60425,nDCG@10,1.0
q60425,R@100,1.0
q60426,nDCG@10,0.0
q60426,R@100,0.0
q60427,nDCG@10,0.0
q60427,R@100,0.0
q60428,nDCG@10,0.6309297535714575
q60428,R@100,1.0
q60429,nDCG@10,0.0
q60429,R@100,0.0
q60430,nDCG@10,0.0
q60430,R@100,0.0
q60431,nDCG@10,0.3333333333333333
q60431,R@100,1.0
q60432,nDCG@10,1.0
q60432,R@100,1.0
q60433,nDCG@10,1.0
q60433,R@100,1.0
q60434,nDCG@10,0.6309297535714575
q60434,R@100,1.0
q60435,nDCG@10,1.0
q60435,R@100,1.0
q60436,nDCG@10,0.0
q60436,R@100,1.0
q60437,nDCG@10,0.0
q60437,R@100,1.0
q60438,nDCG@10,1.0
q60438,R@100,1.0
q60439,nDCG@10,1.0
q60439,R@100,1.0
q60440,nDCG@10,0.0
q60440,R@100,0.0
q60441,nDCG@10,0.0
q60441,R@100,0.0
q60442,nDCG@10,1.0
q60442,R@100,1.0
q60443,nDCG@10,1.0
q60443,R@100,1.0
q60444,nDCG@10,0.0
q60444,R@100,0.0
q60445,nDCG@10,0.0
q60445,R@100,1.0
q60446,nDCG@10,1.0
q60446,R@100,1.0
q60447,nDCG@10,1.0
q60447,R@100,1.0
q60448,nDCG@10,0.0
q60448,R@100,1.0
q60449,nDCG@10,0.0
q60449,R@100,0.0
q60450,nDCG@10,1.0
q60450,R@100,1.0
q60451,nDCG@10,0.0
q60451,R@100,0.0
q60452,nDCG@10,0.0
q60452,R@100,1.0
q60453,nDCG@10,0.0
q60453,R@100,1.0
q60454,nDCG@10,0.0
q60454,R@100,1.0
q60455,nDCG@10,0.0
q60455,R@100,1.0
q60456,nDCG@10,0.0
q60456,R@100,0.0
q60457,nDCG@10,0.0
q60457,R@100,0.0
q60458,nDCG@10,0.6309297535714575
q60458,R@100,1.0
q60459,nDCG@10,1.0
q60459,R@100,1.0
q60460,nDCG@10,0.6309297535714575
q60460,R@100,1.0
q60461,nDCG@10,0.0
q60461,R@100,0.0
q60462,nDCG@10,0.0
q60462,R@100,1.0
q60463,nDCG@10,0.0
q60463,R@100,0.0
q60464,nDCG@10,0.6309297535714575
q60464,R@100,1.0
q60465,nDCG@10,0.6309297535714575
q60465,R@100,1.0
q60466,nDCG@10,1.0
q60466,R@100,1.0
q60467,nDCG@10,1.0
q60467,R@100,1.0
q60468,nDCG@10,0.6309297535714575
q60468,R@100,1.0
q60469,nDCG@10,1.0
q60469,R@100,1.0
q60470,nDCG@10,0.0
q60470,R@100,0.0
q60471,nDCG@10,0.3562071871080222
q60471,R@100,1.0
q60472,nDCG@10,1.0
q60472,R@100,1.0
q60473,nDCG@10,0.0
q60473,R@100,1.0
q60474,nDCG@10,1.0
q60474,R@100,1.0
q60475,nDCG@10,0.43067655807339306
q60475,R@100,1.0
q60476,nDCG@10,0.0
q60476,R@100,0.0
q60477,nDCG@10,0.0
q60477,R@100,1.0
q60478,nDCG@10,0.0
q60478,R@100,0.0
q60479,nDCG@10,1.0
q60479,R@100,1.0
q60480,nDCG@10,0.0
q60480,R@100,0.0
q60481,nDCG@10,0.5
q60481,R@100,1.0
q60482,nDCG@10,0.5
q60482,R@100,1.0
q60483,nDCG@10,1.0
q60483,R@100,1.0
q60484,nDCG@10,0.43067655807339306
q60484,R@100,1.0
q60485,nDCG@10,0.5
q60485,R@100,1.0
q60486,nDCG@10,0.38685280723454163
q60486,R@100,1.0
q60487,nDCG@10,1.0
q60487,R@100,1.0
q60488,nDCG@10,0.5
q60488,R@100,1.0
q60489,nDCG@10,1.0
q60489,R@100,1.0
q60490,nDCG@10,0.0
q60490,R@100,0.0
q60491,nDCG@10,0.0
q60491,R@100,0.0
q60492,nDCG@10,0.38685280723454163
q60492,R@100,1.0
q60493,nDCG@10,1.0
q60493,R@100,1.0
q60494,nDCG@10,1.0
q60494,R@100,1.0
q60495,nDCG@10,0.0
q60495,R@100,0.0
q60496,nDCG@10,0.0
q60496,R@100,0.0
q60497,nDCG@10,0.0
q60497,R@100,0.0
q60498,nDCG@10,1.0
q60498,R@100,1.0
q60499,nDCG@10,0.0
q60499,R@100,0.0
q60500,nDCG@10,0.6309297535714575
q60500,R@100,1.0
q60501,nDCG@10,0.0
q60501,R@100,1.0
q60502,nDCG@10,0.0
q60502,R@100,1.0
q60503,nDCG@10,0.0
q60503,R@100,0.0
q60504,nDCG@10,0.0
q60504,R@100,0.0
q60505,nDCG@10,0.6309297535714575
q60505,R@100,1.0
q60506,nDCG@10,0.0
q60506,R@100,1.0
q60507,nDCG@10,0.0
q60507,R@100,0.0
q60508,nDCG@10,0.0
q60508,R@100,0.0
q60509,nDCG@10,0.0
q60509,R@100,1.0
q60510,nDCG@10,0.0
q60510,R@100,1.0
q60511,nDCG@10,1.0
q60511,R@100,1.0
q60512,nDCG@10,1.0
q60512,R@100,1.0
q60513,nDCG@10,1.0
q60513,R@100,1.0
q60514,nDCG@10,0.0
q60514,R@100,0.0
q60515,nDCG@10,0.0
q60515,R@100,0.0
q60516,nDCG@10,1.0
q60516,R@100,1.0
q60517,nDCG@10,0.0
q60517,R@100,0.0
q60518,nDCG@10,0.0
q60518,R@100,0.0
q60519,nDCG@10,0.6309297535714575
q60519,R@100,1.0
q60520,nDCG@10,1.0
q60520,R@100,1.0
q60521,nDCG@10,0.5
q60521,R@100,1.0
q60522,nDCG@10,0.0
q60522,R@100,0.0
q60523,nDCG@10,0.0
q60523,R@100,1.0
q60524,nDCG@10,1.0
q60524,R@100,1.0
q60525,nDCG@10,1.0
q60525,R@100,1.0
q60526,nDCG@10,0.0
q60526,R@100,0.0
q60527,nDCG@10,0.0
q60527,R@100,0.0
q60528,nDCG@10,1.0
q60528,R@100,1.0
q60529,nDCG@10,1.0
q60529,R@100,1.0
q60530,nDCG@10,0.6309297535714575
q60530,R@100,1.0
q60531,nDCG@10,1.0
q60531,R@100,1.0
q60532,nDCG@10,1.0
q60532,R@100,1.0
q60533,nDCG@10,1.0
q60533,R@100,1.0
q60534,nDCG@10,0.6309297535714575
q60534,R@100,1.0
q60535,nDCG@10,1.0
q60535,R@100,1.0
q60536,nDCG@10,1.0
q60536,R@100,1.0
q60537,nDCG@10,1.0
q60537,R@100,1.0
q60538,nDCG@10,0.5
q60538,R@100,1.0
q60539,nDCG@10,1.0
q60539,R@100,1.0
q60540,nDCG@10,0.0
q60540,R@100,0.0
q60541,nDCG@10,0.6309297535714575
q60541,R@100,1.0
q60542,nDCG@10,0.0
q60542,R@100,0.0
q60543,nDCG@10,0.0
q60543,R@100,0.0
q60544,nDCG@10,0.0
q60544,R@100,0.0
q60545,nDCG@10,0.43067655807339306
q60545,R@100,1.0
q60546,nDCG@10,0.3010299956639812
q60546,R@100,1.0
q60547,nDCG@10,0.0
q60547,R@100,1.0
q60548,nDCG@10,0.0
q60548,R@100,0.0
q60549,nDCG@10,0.0
q60549,R@100,1.0
q60550,nDCG@10,0.0
q60550,R@100,0.0
q60551,nDCG@10,1.0
q60551,R@100,1.0
q60552,nDCG@10,0.0
q60552,R@100,0.0
q60553,nDCG@10,1.0
q60553,R@100,1.0
q60554,nDCG@10,0.0
q60554,R@100,0.0
q60555,nDCG@10,0.3333333333333333
q60555,R@100,1.0
q60556,nDCG@10,0.43067655807339306
q60556,R@100,1.0
q60557,nDCG@10,0.0
q60557,R@100,1.0
q60558,nDCG@10,0.6309297535714575
q60558,R@100,1.0
q60559,nDCG@10,0.0
q60559,R@100,0.0
q60560,nDCG@10,0.6309297535714575
q60560,R@100,1.0
q60561,nDCG@10,0.0
q60561,R@100,1.0
q60562,nDCG@10,0.0
q60562,R@100,0.0
q60563,nDCG@10,0.6309297535714575
q60563,R@100,1.0
q60564,nDCG@10,1.0
q60564,R@100,1.0
q60565,nDCG@10,0.0
q60565,R@100,0.0
q60566,nDCG@10,1.0
q60566,R@100,1.0
q60567,nDCG@10,1.0
q60567,R@100,1.0
q60568,nDCG@10,0.0
q60568,R@100,1.0
q60569,nDCG@10,0.0
q60569,R@100,1.0
q60570,nDCG@10,1.0
q60570,R@100,1.0
q60571,nDCG@10,0.0
q60571,R@100,0.0
q60572,nDCG@10,0.6309297535714575
q60572,R@100,1.0
q60573,nDCG@10,0.6309297535714575
q60573,R@100,1.0
q60574,nDCG@10,0.0
q60574,R@100,0.0
q60575,nDCG@10,0.0
q60575,R@100,0.0
q60576,nDCG@10,0.3562071871080222
q60576,R@100,1.0
q60577,nDCG@10,0.43067655807339306
q60577,R@100,1.0
q60578,nDCG@10,1.0
q60578,R@100,1.0
q60579,nDCG@10,1.0
q60579,R@100,1.0
q60580,nDCG@10,0.0
q60580,R@100,0.0
q60581,nDCG@10,0.0
q60581,R@100,0.0
q60582,nDCG@10,0.0
q60582,R@100,1.0
q60583,nDCG@10,1.0
q60583,R@100,1.0
q60584,nDCG@10,0.0
q60584,R@100,0.0
q60585,nDCG@10,0.0
q60585,R@100,1.0
q60586,nDCG@10,1.0
q60586,R@100,1.0
q60587,nDCG@10,1.0
q60587,R@100,1.0
q60588,nDCG@10,0.6309297535714575
q60588,R@100,1.0
q60589,nDCG@10,1.0
q60589,R@100,1.0
q60590,nDCG@10,1.0
q60590,R@100,1.0
q60591,nDCG@10,1.0
q60591,R@100,1.0
q60592,nDCG@10,0.3010299956639812
q60592,R@100,1.0
q60593,nDCG@10,1.0
q60593,R@100,1.0
q60594,nDCG@10,1.0
q60594,R@100,1.0
q60595,nDCG@10,1.0
q60595,R@100,1.0
q60596,nDCG@10,0.0
q60596,R@100,1.0
q60597,nDCG@10,0.6309297535714575
q60597,R@100,1.0
q60598,nDCG@10,0.0
q60598,R@100,0.0
q60599,nDCG@10,0.6309297535714575
q60599,R@100,1.0
q60600,nDCG@10,1.0
q60600,R@100,1.0
q60601,nDCG@10,0.0
q60601,R@100,0.0
q60602,nDCG@10,0.0
q60602,R@100,1.0
q60603,nDCG@10,1.0
q60603,R@100,1.0
q60604,nDCG@10,0.0
q60604,R@100,0.0
q60605,nDCG@10,0.0
q60605,R@100,1.0
q60606,nDCG@10,1.0
q60606,R@100,1.0
q60607,nDCG@10,0.0
q60607,R@100,0.0
q60608,nDCG@10,0.0
q60608,R@100,0.0
q60609,nDCG@10,0.0
q60609,R@100,1.0
q60610,nDCG@10,0.6309297535714575
q60610,R@100,1.0
q60611,nDCG@10,0.0
q60611,R@100,0.0
q60612,nDCG@10,0.0
q60612,R@100,0.0
q60613,nDCG@10,0.0
q60613,R@100,1.0
q60614,nDCG@10,0.0
q60614,R@100,1.0
q60615,nDCG@10,0.3562071871080222
q60615,R@100,1.0
q60616,nDCG@10,1.0
q60616,R@100,1.0
q60617,nDCG@10,1.0
q60617,R@100,1.0
q60618,nDCG@10,0.0
q60618,R@100,0.0
q60619,nDCG@10,0.3562071871080222
q60619,R@100,1.0
q60620,nDCG@10,1.0
q60620,R@100,1.0
q60621,nDCG@10,0.6309297535714575
q60621,R@100,1.0
q60622,nDCG@10,0.0
q60622,R@100,0.0
q60623,nDCG@10,1.0
q60623,R@100,1.0
q60624,nDCG@10,1.0
q60624,R@100,1.0
q60625,nDCG@10,0.0
q60625,R@100,0.0
q60626,nDCG@10,0.6309297535714575
q60626,R@100,1.0
q60627,nDCG@10,0.0
q60627,R@100,0.0
q60628,nDCG@10,1.0
q60628,R@100,1.0
q60629,nDCG@10,0.0
q60629,R@100,0.0
q60630,nDCG@10,1.0
q60630,R@100,1.0
q60631,nDCG@10,0.0
q60631,R@100,0.0
q60632,nDCG@10,0.0
q60632,R@100,1.0
q60633,nDCG@10,0.0
q60633,R@100,0.0
q60634,nDCG@10,0.0
q60634,R@100,0.0
q60635,nDCG@10,0.2890648263178879
q60635,R@100,1.0
q60636,nDCG@10,0.38685280723454163
q60636,R@100,1.0
q60637,nDCG@10,0.3562071871080222
q60637,R@100,1.0
q60638,nDCG@10,1.0
q60638,R@100,1.0
q60639,nDCG@10,0.0
q60639,R@100,0.0
q60640,nDCG@10,1.0
q60640,R@100,1.0
q60641,nDCG@10,0.0
q60641,R@100,1.0
q60642,nDCG@10,1.0
q60642,R@100,1.0
q60643,nDCG@10,1.0
q60643,R@100,1.0
q60644,nDCG@10,0.0
q60644,R@100,1.0
q60645,nDCG@10,1.0
q60645,R@100,1.0
q60646,nDCG@10,1.0
q60646,R@100,1.0
q60647,nDCG@10,0.0
q60647,R@100,0.0
q60648,nDCG@10,1.0
q60648,R@100,1.0
q60649,nDCG@10,0.0
q60649,R@100,1.0
q60650,nDCG@10,1.0
q60650,R@100,1.0
q60651,nDCG@10,0.2890648263178879
q60651,R@100,1.0
q60652,nDCG@10,1.0
q60652,R@100,1.0
q60653,nDCG@10,1.0
q60653,R@100,1.0
q60654,nDCG@10,1.0
q60654,R@100,1.0
q60655,nDCG@10,1.0
q60655,R@100,1.0
q60656,nDCG@10,0.0
q60656,R@100,1.0
q60657,nDCG@10,0.0
q60657,R@100,0.0
q60658,nDCG@10,1.0
q60658,R@100,1.0
q60659,nDCG@10,0.6309297535714575
q60659,R@100,1.0
q60660,nDCG@10,0.0
q60660,R@100,1.0
q60661,nDCG@10,1.0
q60661,R@100,1.0
q60662,nDCG@10,1.0
q60662,R@100,1.0
q60663,nDCG@10,0.0
q60663,R@100,1.0
q60664,nDCG@10,1.0
q60664,R@100,1.0
q60665,nDCG@10,1.0
q60665,R@100,1.0
q60666,nDCG@10,0.0
q60666,R@100,0.0
q60667,nDCG@10,0.0
q60667,R@100,0.0
q60668,nDCG@10,0.0
q60668,R@100,0.0
q60669,nDCG@10,0.0
q60669,R@100,1.0
q60670,nDCG@10,0.0
q60670,R@100,0.0
q60671,nDCG@10,0.38685280723454163
q60671,R@100,1.0
q60672,nDCG@10,1.0
q60672,R@100,1.0
q60673,nDCG@10,1.0
q60673,R@100,1.0
q60674,nDCG@10,0.0
q60674,R@100,0.0
q60675,nDCG@10,0.0
q60675,R@100,0.0
q60676,nDCG@10,0.0
q60676,R@100,1.0
q60677,nDCG@10,0.6309297535714575
q60677,R@100,1.0
q60678,nDCG@10,1.0
q60678,R@100,1.0
q60679,nDCG@10,0.6309297535714575
q60679,R@100,1.0
q60680,nDCG@10,0.0
q60680,R@100,0.0
q60681,nDCG@10,0.0
q60681,R@100,0.0
q60682,nDCG@10,0.0
q60682,R@100,1.0
q60683,nDCG@10,0.0
q60683,R@100,1.0
q60684,nDCG@10,1.0
q60684,R@100,1.0
q60685,nDCG@10,0.0
q60685,R@100,1.0
q60686,nDCG@10,0.0
q60686,R@100,1.0
q60687,nDCG@10,1.0
q60687,R@100,1.0
q60688,nDCG@10,0.0
q60688,R@100,0.0
q60689,nDCG@10,1.0
q60689,R@100,1.0
q60690,nDCG@10,0.0
q60690,R@100,0.0
q60691,nDCG@10,1.0
q60691,R@100,1.0
q60692,nDCG@10,0.31546487678572877
q60692,R@100,1.0
q60693,nDCG@10,0.43067655807339306
q60693,R@100,1.0
q60694,nDCG@10,1.0
q60694,R@100,1.0
q60695,nDCG@10,0.0
q60695,R@100,0.0
q60696,nDCG@10,1.0
q60696,R@100,1.0
q60697,nDCG@10,1.0
q60697,R@100,1.0
q60698,nDCG@10,0.0
q60698,R@100,1.0
q60699,nDCG@10,0.0
q60699,R@100,0.0
q60700,nDCG@10,0.0
q60700,R@100,1.0
q60701,nDCG@10,1.0
q60701,R@100,1.0
q60702,nDCG@10,1.0
q60702,R@100,1.0
q60703,nDCG@10,0.0
q60703,R@100,1.0
q60704,nDCG@10,0.0
q60704,R@100,0.0
q60705,nDCG@10,0.3562071871080222
q60705,R@100,1.0
q60706,nDCG@10,0.0
q60706,R@100,1.0
q60707,nDCG@10,0.0
q60707,R@100,1.0
q60708,nDCG@10,0.3562071871080222
q60708,R@100,1.0
q60709,nDCG@10,0.0
q60709,R@100,0.0
q60710,nDCG@10,0.6309297535714575
q60710,R@100,1.0
q60711,nDCG@10,0.3333333333333333
q60711,R@100,1.0
q60712,nDCG@10,0.0
q60712,R@100,0.0
q60713,nDCG@10,0.0
q60713,R@100,0.0
q60714,nDCG@10,0.6309297535714575
q60714,R@100,1.0
q60715,nDCG@10,0.0
q60715,R@100,0.0
q60716,nDCG@10,0.43067655807339306
q60716,R@100,1.0
q60717,nDCG@10,1.0
q60717,R@100,1.0
q60718,nDCG@10,1.0
q60718,R@100,1.0
q60719,nDCG@10,0.0
q60719,R@100,0.0
q60720,nDCG@10,1.0
q60720,R@100,1.0
q60721,nDCG@10,0.0
q60721,R@100,0.0
q60722,nDCG@10,0.0
q60722,R@100,0.0
q60723,nDCG@10,0.0
q60723,R@100,0.0
q60724,nDCG@10,1.0
q60724,R@100,1.0
q60725,nDCG@10,0.0
q60725,R@100,0.0
q60726,nDCG@10,0.31546487678572877
q60726,R@100,1.0
q60727,nDCG@10,0.3562071871080222
q60727,R@100,1.0
q60728,nDCG@10,0.0
q60728,R@100,0.0
q60729,nDCG@10,0.0
q60729,R@100,0.0
q60730,nDCG@10,0.0
q60730,R@100,0.0
q60731,nDCG@10,0.0
q60731,R@100,0.0
q60732,nDCG@10,0.0
q60732,R@100,1.0
q60733,nDCG@10,0.0
q60733,R@100,0.0
q60734,nDCG@10,0.0
q60734,R@100,0.0
q60735,nDCG@10,0.6309297535714575
q60735,R@100,1.0
q60736,nDCG@10,0.0
q60736,R@100,0.0
q60737,nDCG@10,0.5
q60737,R@100,1.0
q60738,nDCG@10,0.0
q60738,R@100,0.0
q60739,nDCG@10,0.3333333333333333
q60739,R@100,1.0
q60740,nDCG@10,0.43067655807339306
q60740,R@100,1.0
q60741,nDCG@10,1.0
q60741,R@100,1.0
q60742,nDCG@10,0.0
q60742,R@100,1.0
q60743,nDCG@10,0.38685280723454163
q60743,R@100,1.0
q60744,nDCG@10,0.0
q60744,R@100,0.0
q60745,nDCG@10,1.0
q60745,R@100,1.0
q60746,nDCG@10,1.0
q60746,R@100,1.0
q60747,nDCG@10,0.0
q60747,R@100,0.0
q60748,nDCG@10,1.0
q60748,R@100,1.0
q60749,nDCG@10,0.0
q60749,R@100,0.0
q60750,nDCG@10,0.0
q60750,R@100,1.0
q60751,nDCG@10,0.0
q60751,R@100,1.0
q60752,nDCG@10,1.0
q60752,R@100,1.0
q60753,nDCG@10,0.3333333333333333
q60753,R@100,1.0
q60754,nDCG@10,1.0
q60754,R@100,1.0
q60755,nDCG@10,0.43067655807339306
q60755,R@100,1.0
q60756,nDCG@10,0.5
q60756,R@100,1.0
q60757,nDCG@10,1.0
q60757,R@100,1.0
q60758,nDCG@10,0.0
q60758,R@100,0.0
q60759,nDCG@10,0.0
q60759,R@100,1.0
q60760,nDCG@10,0.0
q60760,R@100,1.0
q60761,nDCG@10,1.0
q60761,R@100,1.0
q60762,nDCG@10,0.0
q60762,R@100,0.0
q60763,nDCG@10,0.0
q60763,R@100,0.0
q60764,nDCG@10,1.0
q60764,R@100,1.0
q60765,nDCG@10,1.0
q60765,R@100,1.0
q60766,nDCG@10,0.0
q60766,R@100,0.0
q60767,nDCG@10,0.0
q60767,R@100,1.0
q60768,nDCG@10,1.0
q60768,R@100,1.0
q60769,nDCG@10,0.0
q60769,R@100,1.0
q60770,nDCG@10,1.0
q60770,R@100,1.0
q60771,nDCG@10,1.0
q60771,R@100,1.0
q60772,nDCG@10,0.0
q60772,R@100,0.0
q60773,nDCG@10,1.0
q60773,R@100,1.0
q60774,nDCG@10,0.0
q60774,R@100,1.0
q60775,nDCG@10,0.0
q60775,R@100,1.0
q60776,nDCG@10,0.0
q60776,R@100,0.0
q60777,nDCG@10,1.0
q60777,R@100,1.0
q60778,nDCG@10,0.6309297535714575
q60778,R@100,1.0
q60779,nDCG@10,0.0
q60779,R@100,0.0
q60780,nDCG@10,1.0
q60780,R@100,1.0
q60781,nDCG@10,0.5
q60781,R@100,1.0
q60782,nDCG@10,0.0
q60782,R@100,1.0
q60783,nDCG@10,0.0
q60783,R@100,1.0
q60784,nDCG@10,1.0
q60784,R@100,1.0
q60785,nDCG@10,0.0
q60785,R@100,1.0
q60786,nDCG@10,0.6309297535714575
q60786,R@100,1.0
q60787,nDCG@10,1.0
q60787,R@100,1.0
q60788,nDCG@10,1.0
q60788,R@100,1.0
q60789,nDCG@10,0.0
q60789,R@100,0.0
q60790,nDCG@10,0.0
q60790,R@100,1.0
q60791,nDCG@10,0.0
q60791,R@100,0.0
q60792,nDCG@10,1.0
q60792,R@100,1.0
q60793,nDCG@10,0.0
q60793,R@100,0.0
q60794,nDCG@10,1.0
q60794,R@100,1.0
q60795,nDCG@10,0.0
q60795,R@100,1.0
q60796,nDCG@10,1.0
q60796,R@100,1.0
q60797,nDCG@10,0.0
q60797,R@100,0.0
q60798,nDCG@10,0.6309297535714575
q60798,R@100,1.0
q60799,nDCG@10,0.6309297535714575
q60799,R@100,1.0
q60800,nDCG@10,0.0
q60800,R@100,0.0
q60801,nDCG@10,1.0
q60801,R@100,1.0
q60802,nDCG@10,1.0
q60802,R@100,1.0
q60803,nDCG@10,0.0
q60803,R@100,0.0
q60804,nDCG@10,1.0
q60804,R@100,1.0
q60805,nDCG@10,0.43067655807339306
q60805,R@100,1.0
q60806,nDCG@10,0.6309297535714575
q60806,R@100,1.0
q60807,nDCG@10,0.0
q60807,R@100,0.0
q60808,nDCG@10,0.5
q60808,R@100,1.0
q60809,nDCG@10,1.0
q60809,R@100,1.0
q60810,nDCG@10,1.0
q60810,R@100,1.0
q60811,nDCG@10,0.0
q60811,R@100,0.0
q60812,nDCG@10,0.0
q60812,R@100,0.0
q60813,nDCG@10,1.0
q60813,R@100,1.0
q60814,nDCG@10,0.3562071871080222
q60814,R@100,1.0
q60815,nDCG@10,0.6309297535714575
q60815,R@100,1.0
q60816,nDCG@10,0.0
q60816,R@100,0.0
q60817,nDCG@10,0.0
q60817,R@100,1.0
q60818,nDCG@10,0.5
q60818,R@100,1.0
q60819,nDCG@10,1.0
q60819,R@100,1.0
q60820,nDCG@10,1.0
q60820,R@100,1.0
q60821,nDCG@10,1.0
q60821,R@100,1.0
q60822,nDCG@10,0.0
q60822,R@100,1.0
q60823,nDCG@10,0.31546487678572877
q60823,R@100,1.0
q60824,nDCG@10,0.0
q60824,R@100,0.0
q60825,nDCG@10,0.0
q60825,R@100,1.0
q60826,nDCG@10,0.3333333333333333
q60826,R@100,1.0
q60827,nDCG@10,0.43067655807339306
q60827,R@100,1.0
q60828,nDCG@10,0.6309297535714575
q60828,R@100,1.0
q60829,nDCG@10,0.43067655807339306
q60829,R@100,1.0
q60830,nDCG@10,1.0
q60830,R@100,1.0
q60831,nDCG@10,0.5
q60831,R@100,1.0
q60832,nDCG@10,0.0
q60832,R@100,0.0
q60833,nDCG@10,1.0
q60833,R@100,1.0
q60834,nDCG@10,1.0
q60834,R@100,1.0
q60835,nDCG@10,0.43067655807339306
q60835,R@100,1.0
q60836,nDCG@10,0.0
q60836,R@100,0.0
q60837,nDCG@10,0.0
q60837,R@100,0.0
q60838,nDCG@10,0.0
q60838,R@100,0.0
q60839,nDCG@10,0.0
q60839,R@100,0.0
q60840,nDCG@10,0.6309297535714575
q60840,R@100,1.0
q60841,nDCG@10,0.0
q60841,R@100,0.0
q60842,nDCG@10,0.0
q60842,R@100,0.0
q60843,nDCG@10,1.0
q60843,R@100,1.0
q60844,nDCG@10,0.0
q60844,R@100,0.0
q60845,nDCG@10,0.3010299956639812
q60845,R@100,1.0
q60846,nDCG@10,1.0
q60846,R@100,1.0
q60847,nDCG@10,0.0
q60847,R@100,0.0
q60848,nDCG@10,0.31546487678572877
q60848,R@100,1.0
q60849,nDCG@10,0.3333333333333333
q60849,R@100,1.0
q60850,nDCG@10,0.38685280723454163
q60850,R@100,1.0
q60851,nDCG@10,0.0
q60851,R@100,1.0
q60852,nDCG@10,0.0
q60852,R@100,1.0
q60853,nDCG@10,1.0
q60853,R@100,1.0
q60854,nDCG@10,1.0
q60854,R@100,1.0
q60855,nDCG@10,0.6309297535714575
q60855,R@100,1.0
q60856,nDCG@10,0.43067655807339306
q60856,R@100,1.0
q60857,nDCG@10,1.0
q60857,R@100,1.0
q60858,nDCG@10,0.0
q60858,R@100,1.0
q60859,nDCG@10,0.6309297535714575
q60859,R@100,1.0
q60860,nDCG@10,0.0
q60860,R@100,1.0
q60861,nDCG@10,1.0
q60861,R@100,1.0
q60862,nDCG@10,0.0
q60862,R@100,0.0
q60863,nDCG@10,1.0
q60863,R@100,1.0
q60864,nDCG@10,0.0
q60864,R@100,1.0
q60865,nDCG@10,0.0
q60865,R@100,0.0
q60866,nDCG@10,0.3010299956639812
q60866,R@100,1.0
q60867,nDCG@10,0.3333333333333333
q60867,R@100,1.0
q60868,nDCG@10,0.0
q60868,R@100,1.0
q60869,nDCG@10,0.5
q60869,R@100,1.0
q60870,nDCG@10,0.6309297535714575
q60870,R@100,1.0
q60871,nDCG@10,0.0
q60871,R@100,0.0
q60872,nDCG@10,0.0
q60872,R@100,0.0
q60873,nDCG@10,1.0
q60873,R@100,1.0
q60874,nDCG@10,0.0
q60874,R@100,0.0
q60875,nDCG@10,1.0
q60875,R@100,1.0
q60876,nDCG@10,0.0
q60876,R@100,0.0
q60877,nDCG@10,0.0
q60877,R@100,0.0
q60878,nDCG@10,1.0
q60878,R@100,1.0
q60879,nDCG@10,1.0
q60879,R@100,1.0
q60880,nDCG@10,1.0
q60880,R@100,1.0
q60881,nDCG@10,0.0
q60881,R@100,0.0
q60882,nDCG@10,0.0
q60882,R@100,0.0
q60883,nDCG@10,1.0
q60883,R@100,1.0
q60884,nDCG@10,0.0
q60884,R@100,1.0
q60885,nDCG@10,0.0
q60885,R@100,1.0
q60886,nDCG@10,1.0
q60886,R@100,1.0
q60887,nDCG@10,1.0
q60887,R@100,1.0
q60888,nDCG@10,0.0
q60888,R@100,0.0
q60889,nDCG@10,1.0
q60889,R@100,1.0
q60890,nDCG@10,0.38685280723454163
q60890,R@100,1.0
q60891,nDCG@10,1.0
q60891,R@100,1.0
q60892,nDCG@10,0.5
q60892,R@100,1.0
q60893,nDCG@10,0.0
q60893,R@100,1.0
q60894,nDCG@10,1.0
q60894,R@100,1.0
q60895,nDCG@10,0.0
q60895,R@100,0.0
q60896,nDCG@10,0.6309297535714575
q60896,R@100,1.0
q60897,nDCG@10,0.0
q60897,R@100,0.0
q60898,nDCG@10,1.0
q60898,R@100,1.0
q60899,nDCG@10,1.0
q60899,R@100,1.0
q60900,nDCG@10,0.2890648263178879
q60900,R@100,1.0
q60901,nDCG@10,0.0
q60901,R@100,0.0
q60902,nDCG@10,0.0
q60902,R@100,0.0
q60903,nDCG@10,1.0
q60903,R@100,1.0
q60904,nDCG@10,0.0
q60904,R@100,1.0
q60905,nDCG@10,0.0
q60905,R@100,0.0
q60906,nDCG@10,1.0
q60906,R@100,1.0
q60907,nDCG@10,1.0
q60907,R@100,1.0
q60908,nDCG@10,0.0
q60908,R@100,0.0
q60909,nDCG@10,1.0
q60909,R@100,1.0
q60910,nDCG@10,0.0
q60910,R@100,0.0
q60911,nDCG@10,1.0
q60911,R@100,1.0
q60912,nDCG@10,0.0
q60912,R@100,1.0
q60913,nDCG@10,0.0
q60913,R@100,1.0
q60914,nDCG@10,0.0
q60914,R@100,0.0
q60915,nDCG@10,1.0
q60915,R@100,1.0
q60916,nDCG@10,0.0
q60916,R@100,0.0
q60917,nDCG@10,0.6309297535714575
q60917,R@100,1.0
q60918,nDCG@10,0.3562071871080222
q60918,R@100,1.0
q60919,nDCG@10,1.0
q60919,R@100,1.0
q60920,nDCG@10,0.0
q60920,R@100,0.0
q60921,nDCG@10,0.0
q60921,R@100,1.0
q60922,nDCG@10,0.0
q60922,R@100,1.0
q60923,nDCG@10,0.0
q60923,R@100,0.0
q60924,nDCG@10,1.0
q60924,R@100,1.0
q60925,nDCG@10,0.0
q60925,R@100,0.0
q60926,nDCG@10,0.0
q60926,R@100,1.0
q60927,nDCG@10,0.0
q60927,R@100,0.0
q60928,nDCG@10,1.0
q60928,R@100,1.0
q60929,nDCG@10,0.0
q60929,R@100,0.0
q60930,nDCG@10,0.0
q60930,R@100,0.0
q60931,nDCG@10,1.0
q60931,R@100,1.0
q60932,nDCG@10,0.0
q60932,R@100,0.0
q60933,nDCG@10,0.2890648263178879
q60933,R@100,1.0
q60934,nDCG@10,0.0
q60934,R@100,1.0
q60935,nDCG@10,0.0
q60935,R@100,0.0
q60936,nDCG@10,0.5
q60936,R@100,1.0
q60937,nDCG@10,0.0
q60937,R@100,0.0
q60938,nDCG@10,0.0
q60938,R@100,1.0
q60939,nDCG@10,0.0
q60939,R@100,0.0
q60940,nDCG@10,1.0
q60940,R@100,1.0
q60941,nDCG@10,1.0
q60941,R@100,1.0
q60942,nDCG@10,1.0
q60942,R@100,1.0
q60943,nDCG@10,0.5
q60943,R@100,1.0
q60944,nDCG@10,0.5
q60944,R@100,1.0
q60945,nDCG@10,1.0
q60945,R@100,1.0
q60946,nDCG@10,1.0
q60946,R@100,1.0
q60947,nDCG@10,0.0
q60947,R@100,1.0
q60948,nDCG@10,0.0
q60948,R@100,0.0
q60949,nDCG@10,0.0
q60949,R@100,0.0
q60950,nDCG@10,0.6309297535714575
q60950,R@100,1.0
q60951,nDCG@10,1.0
q60951,R@100,1.0
q60952,nDCG@10,0.6309297535714575
q60952,R@100,1.0
q60953,nDCG@10,0.0
q60953,R@100,0.0
q60954,nDCG@10,0.0
q60954,R@100,0.0
q60955,nDCG@10,0.38685280723454163
q60955,R@100,1.0
q60956,nDCG@10,0.6309297535714575
q60956,R@100,1.0
q60957,nDCG@10,1.0
q60957,R@100,1.0
q60958,nDCG@10,0.0
q60958,R@100,0.0
q60959,nDCG@10,1.0
q60959,R@100,1.0
q60960,nDCG@10,0.0
q60960,R@100,0.0
q60961,nDCG@10,1.0
q60961,R@100,1.0
q60962,nDCG@10,0.0
q60962,R@100,1.0
q60963,nDCG@10,0.0
q60963,R@100,0.0
q60964,nDCG@10,1.0
q60964,R@100,1.0
q60965,nDCG@10,1.0
q60965,R@100,1.0
q60966,nDCG@10,1.0
q60966,R@100,1.0
q60967,nDCG@10,0.0
q60967,R@100,0.0
q60968,nDCG@10,0.0
q60968,R@100,0.0
q60969,nDCG@10,1.0
q60969,R@100,1.0
q60970,nDCG@10,1.0
q60970,R@100,1.0
q60971,nDCG@10,0.0
q60971,R@100,0.0
q60972,nDCG@10,1.0
q60972,R@100,1.0
q60973,nDCG@10,0.0
q60973,R@100,1.0
q60974,nDCG@10,0.0
q60974,R@100,1.0
q60975,nDCG@10,1.0
q60975,R@100,1.0
q60976,nDCG@10,1.0
q60976,R@100,1.0
q60977,nDCG@10,1.0
q60977,R@100,1.0
q60978,nDCG@10,0.43067655807339306
q60978,R@100,1.0
q60979,nDCG@10,1.0
q60979,R@100,1.0
q60980,nDCG@10,0.0
q60980,R@100,0.0
q60981,nDCG@10,1.0
q60981,R@100,1.0
q60982,nDCG@10,0.0
q60982,R@100,0.0
q60983,nDCG@10,0.43067655807339306
q60983,R@100,1.0
q60984,nDCG@10,0.0
q60984,R@100,0.0
q60985,nDCG@10,0.0
q60985,R@100,1.0
q60986,nDCG@10,1.0
q60986,R@100,1.0
q60987,nDCG@10,0.0
q60987,R@100,0.0
q60988,nDCG@10,1.0
q60988,R@100,1.0
q60989,nDCG@10,0.0
q60989,R@100,0.0
q60990,nDCG@10,0.0
q60990,R@100,1.0
q60991,nDCG@10,0.0
q60991,R@100,1.0
q60992,nDCG@10,0.0
q60992,R@100,1.0
q60993,nDCG@10,1.0
q60993,R@100,1.0
q60994,nDCG@10,1.0
q60994,R@100,1.0
q60995,nDCG@10,1.0
q60995,R@100,1.0
q60996,nDCG@10,0.6309297535714575
q60996,R@100,1.0
q60997,nDCG@10,1.0
q60997,R@100,1.0
q60998,nDCG@10,0.0
q60998,R@100,0.0
q60999,nDCG@10,0.0
q60999,R@100,0.0
q61000,nDCG@10,0.0
q61000,R@100,0.0
q61001,nDCG@10,1.0
q61001,R@100,1.0
q61002,nDCG@10,0.3010299956639812
q61002,R@100,1.0
q61003,nDCG@10,1.0
q61003,R@100,1.0
q61004,nDCG@10,0.0
q61004,R@100,0.0
q61005,nDCG@10,1.0
q61005,R@100,1.0
q61006,nDCG@10,0.0
q61006,R@100,1.0
q61007,nDCG@10,1.0
q61007,R@100,1.0
q61008,nDCG@10,0.38685280723454163
q61008,R@100,1.0
q61009,nDCG@10,0.3333333333333333
q61009,R@100,1.0
q61010,nDCG@10,0.0
q61010,R@100,1.0
q61011,nDCG@10,1.0
q61011,R@100,1.0
q61012,nDCG@10,1.0
q61012,R@100,1.0
q61013,nDCG@10,0.3562071871080222
q61013,R@100,1.0
q61014,nDCG@10,0.0
q61014,R@100,0.0
q61015,nDCG@10,0.0
q61015,R@100,1.0
q61016,nDCG@10,0.0
q61016,R@100,0.0
q61017,nDCG@10,0.0
q61017,R@100,0.0
q61018,nDCG@10,1.0
q61018,R@100,1.0
q61019,nDCG@10,0.0
q61019,R@100,0.0
q61020,nDCG@10,0.0
q61020,R@100,1.0
q61021,nDCG@10,0.31546487678572877
q61021,R@100,1.0
q61022,nDCG@10,0.0
q61022,R@100,0.0
q61023,nDCG@10,0.0
q61023,R@100,1.0
q61024,nDCG@10,0.0
q61024,R@100,0.0
q61025,nDCG@10,0.0
q61025,R@100,1.0
q61026,nDCG@10,0.0
q61026,R@100,1.0
q61027,nDCG@10,1.0
q61027,R@100,1.0
q61028,nDCG@10,0.0
q61028,R@100,1.0
q61029,nDCG@10,0.0
q61029,R@100,0.0
q61030,nDCG@10,1.0
q61030,R@100,1.0
q61031,nDCG@10,0.0
q61031,R@100,0.0
q61032,nDCG@10,0.0
q61032,R@100,0.0
q61033,nDCG@10,1.0
q61033,R@100,1.0
q61034,nDCG@10,0.6309297535714575
q61034,R@100,1.0
q61035,nDCG@10,0.3562071871080222
q61035,R@100,1.0
q61036,nDCG@10,0.0
q61036,R@100,1.0
q61037,nDCG@10,1.0
q61037,R@100,1.0
q61038,nDCG@10,0.0
q61038,R@100,1.0
q61039,nDCG@10,0.0
q61039,R@100,0.0
q61040,nDCG@10,0.6309297535714575
q61040,R@100,1.0
q61041,nDCG@10,0.5
q61041,R@100,1.0
q61042,nDCG@10,1.0
q61042,R@100,1.0
q61043,nDCG@10,0.6309297535714575
q61043,R@100,1.0
q61044,nDCG@10,0.6309297535714575
q61044,R@100,1.0
q61045,nDCG@10,0.0
q61045,R@100,0.0
q61046,nDCG@10,1.0
q61046,R@100,1.0
q61047,nDCG@10,0.0
q61047,R@100,1.0
q61048,nDCG@10,1.0
q61048,R@100,1.0
q61049,nDCG@10,0.6309297535714575
q61049,R@100,1.0
q61050,nDCG@10,0.0
q61050,R@100,1.0
q61051,nDCG@10,0.0
q61051,R@100,1.0
q61052,nDCG@10,1.0
q61052,R@100,1.0
q61053,nDCG@10,0.0
q61053,R@100,0.0
q61054,nDCG@10,1.0
q61054,R@100,1.0
q61055,nDCG@10,1.0
q61055,R@100,1.0
q61056,nDCG@10,0.0
q61056,R@100,0.0
q61057,nDCG@10,0.0
q61057,R@100,0.0
q61058,nDCG@10,0.0
q61058,R@100,0.0
q61059,nDCG@10,0.0
q61059,R@100,1.0
q61060,nDCG@10,1.0
q61060,R@100,1.0
q61061,nDCG@10,1.0
q61061,R@100,1.0
q61062,nDCG@10,0.38685280723454163
q61062,R@100,1.0
q61063,nDCG@10,1.0
q61063,R@100,1.0
q61064,nDCG@10,0.0
q61064,R@100,0.0
q61065,nDCG@10,1.0
q61065,R@100,1.0
q61066,nDCG@10,0.0
q61066,R@100,0.0
q61067,nDCG@10,0.0
q61067,R@100,1.0
q61068,nDCG@10,0.0
q61068,R@100,1.0
q61069,nDCG@10,0.0
q61069,R@100,0.0
q61070,nDCG@10,0.0
q61070,R@100,0.0
q61071,nDCG@10,1.0
q61071,R@100,1.0
q61072,nDCG@10,0.0
q61072,R@100,0.0
q61073,nDCG@10,1.0
q61073,R@100,1.0
q61074,nDCG@10,0.0
q61074,R@100,1.0
q61075,nDCG@10,0.0
q61075,R@100,0.0
q61076,nDCG@10,1.0
q61076,R@100,1.0
q61077,nDCG@10,1.0
q61077,R@100,1.0
q61078,nDCG@10,0.0
q61078,R@100,0.0
q61079,nDCG@10,1.0
q61079,R@100,1.0
q61080,nDCG@10,0.0
q61080,R@100,1.0
q61081,nDCG@10,0.0
q61081,R@100,0.0
q61082,nDCG@10,0.0
q61082,R@100,0.0
q61083,nDCG@10,0.0
q61083,R@100,1.0
q61084,nDCG@10,0.0
q61084,R@100,0.0
q61085,nDCG@10,0.0
q61085,R@100,1.0
q61086,nDCG@10,0.0
q61086,R@100,1.0
q61087,nDCG@10,0.0
q61087,R@100,1.0
q61088,nDCG@10,1.0
q61088,R@100,1.0
q61089,nDCG@10,0.5
q61089,R@100,1.0
q61090,nDCG@10,0.3010299956639812
q61090,R@100,1.0
q61091,nDCG@10,0.5
q61091,R@100,1.0
q61092,nDCG@10,0.5
q61092,R@100,1.0
q61093,nDCG@10,1.0
q61093,R@100,1.0
q61094,nDCG@10,0.38685280723454163
q61094,R@100,1.0
q61095,nDCG@10,0.6309297535714575
q61095,R@100,1.0
q61096,nDCG@10,0.38685280723454163
q61096,R@100,1.0
q61097,nDCG@10,0.0
q61097,R@100,1.0
q61098,nDCG@10,1.0
q61098,R@100,1.0
q61099,nDCG@10,0.0
q61099,R@100,1.0
q61100,nDCG@10,0.0
q61100,R@100,0.0
q61101,nDCG@10,0.3562071871080222
q61101,R@100,1.0
q61102,nDCG@10,1.0
q61102,R@100,1.0
q61103,nDCG@10,0.0
q61103,R@100,1.0
q61104,nDCG@10,1.0
q61104,R@100,1.0
q61105,nDCG@10,0.0
q61105,R@100,0.0
q61106,nDCG@10,1.0
q61106,R@100,1.0
q61107,nDCG@10,0.0
q61107,R@100,0.0
q61108,nDCG@10,0.0
q61108,R@100,0.0
q61109,nDCG@10,1.0
q61109,R@100,1.0
q61110,nDCG@10,1.0
q61110,R@100,1.0
q61111,nDCG@10,0.38685280723454163
q61111,R@100,1.0
q61112,nDCG@10,0.0
q61112,R@100,1.0
q61113,nDCG@10,0.0
q61113,R@100,0.0
q61114,nDCG@10,0.0
q61114,R@100,0.0
q61115,nDCG@10,0.5
q61115,R@100,1.0
q61116,nDCG@10,0.0
q61116,R@100,0.0
q61117,nDCG@10,0.0
q61117,R@100,1.0
q61118,nDCG@10,0.3562071871080222
q61118,R@100,1.0
q61119,nDCG@10,0.0
q61119,R@100,0.0
q61120,nDCG@10,0.0
q61120,R@100,1.0
q61121,nDCG@10,0.43067655807339306
q61121,R@100,1.0
q61122,nDCG@10,0.0
q61122,R@100,0.0
q61123,nDCG@10,0.0
q61123,R@100,0.0
q61124,nDCG@10,1.0
q61124,R@100,1.0
q61125,nDCG@10,0.3562071871080222
q61125,R@100,1.0
q61126,nDCG@10,0.0
q61126,R@100,1.0
q61127,nDCG@10,0.0
q61127,R@100,1.0
q61128,nDCG@10,1.0
q61128,R@100,1.0
q61129,nDCG@10,1.0
q61129,R@100,1.0
q61130,nDCG@10,0.0
q61130,R@100,1.0
q61131,nDCG@10,0.5
q61131,R@100,1.0
q61132,nDCG@10,0.5
q61132,R@100,1.0
q61133,nDCG@10,0.0
q61133,R@100,0.0
q61134,nDCG@10,0.0
q61134,R@100,1.0
q61135,nDCG@10,0.0
q61135,R@100,0.0
q61136,nDCG@10,1.0
q61136,R@100,1.0
q61137,nDCG@10,1.0
q61137,R@100,1.0
q61138,nDCG@10,0.3010299956639812
q61138,R@100,1.0
q61139,nDCG@10,1.0
q61139,R@100,1.0
q61140,nDCG@10,1.0
q61140,R@100,1.0
q61141,nDCG@10,0.0
q61141,R@100,0.0
q61142,nDCG@10,1.0
q61142,R@100,1.0
q61143,nDCG@10,0.0
q61143,R@100,0.0
q61144,nDCG@10,0.0
q61144,R@100,1.0
q61145,nDCG@10,1.0
q61145,R@100,1.0
q61146,nDCG@10,1.0
q61146,R@100,1.0
q61147,nDCG@10,0.0
q61147,R@100,1.0
q61148,nDCG@10,1.0
q61148,R@100,1.0
q61149,nDCG@10,1.0
q61149,R@100,1.0
q61150,nDCG@10,0.3333333333333333
q61150,R@100,1.0
q61151,nDCG@10,0.6309297535714575
q61151,R@100,1.0
q61152,nDCG@10,0.0
q61152,R@100,0.0
q61153,nDCG@10,0.0
q61153,R@100,0.0
q61154,nDCG@10,0.0
q61154,R@100,0.0
q61155,nDCG@10,1.0
q61155,R@100,1.0
q61156,nDCG@10,0.0
q61156,R@100,0.0
q61157,nDCG@10,1.0
q61157,R@100,1.0
q61158,nDCG@10,1.0
q61158,R@100,1.0
q61159,nDCG@10,0.0
q61159,R@100,0.0
q61160,nDCG@10,0.0
q61160,R@100,0.0
q61161,nDCG@10,0.0
q61161,R@100,0.0
q61162,nDCG@10,0.0
q61162,R@100,0.0
q61163,nDCG@10,0.0
q61163,R@100,1.0
q61164,nDCG@10,1.0
q61164,R@100,1.0
q61165,nDCG@10,0.6309297535714575
q61165,R@100,1.0
q61166,nDCG@10,0.6309297535714575
q61166,R@100,1.0
q61167,nDCG@10,1.0
q61167,R@100,1.0
q61168,nDCG@10,0.6309297535714575
q61168,R@100,1.0
q61169,nDCG@10,0.0
q61169,R@100,1.0
q61170,nDCG@10,0.0
q61170,R@100,0.0
q61171,nDCG@10,0.6309297535714575
q61171,R@100,1.0
q61172,nDCG@10,1.0
q61172,R@100,1.0
q61173,nDCG@10,1.0
q61173,R@100,1.0
q61174,nDCG@10,1.0
q61174,R@100,1.0
q61175,nDCG@10,0.31546487678572877
q61175,R@100,1.0
q61176,nDCG@10,0.0
q61176,R@100,1.0
q61177,nDCG@10,0.0
q61177,R@100,1.0
q61178,nDCG@10,0.0
q61178,R@100,0.0
q61179,nDCG@10,0.0
q61179,R@100,0.0
q61180,nDCG@10,1.0
q61180,R@100,1.0
q61181,nDCG@10,1.0
q61181,R@100,1.0
q61182,nDCG@10,0.0
q61182,R@100,0.0
q61183,nDCG@10,0.0
q61183,R@100,0.0
q61184,nDCG@10,0.0
q61184,R@100,0.0
q61185,nDCG@10,1.0
q61185,R@100,1.0
q61186,nDCG@10,0.0
q61186,R@100,0.0
q61187,nDCG@10,1.0
q61187,R@100,1.0
q61188,nDCG@10,0.5
q61188,R@100,1.0
q61189,nDCG@10,1.0
q61189,R@100,1.0
q61190,nDCG@10,0.0
q61190,R@100,0.0
q61191,nDCG@10,0.0
q61191,R@100,0.0
q61192,nDCG@10,1.0
q61192,R@100,1.0
q61193,nDCG@10,0.3562071871080222
q61193,R@100,1.0
q61194,nDCG@10,0.0
q61194,R@100,0.0
q61195,nDCG@10,0.0
q61195,R@100,0.0
q61196,nDCG@10,0.6309297535714575
q61196,R@100,1.0
q61197,nDCG@10,0.5
q61197,R@100,1.0
q61198,nDCG@10,0.0
q61198,R@100,0.0
q61199,nDCG@10,0.0
q61199,R@100,0.0
q61200,nDCG@10,0.3010299956639812
q61200,R@100,1.0
q61201,nDCG@10,1.0
q61201,R@100,1.0
q61202,nDCG@10,0.5
q61202,R@100,1.0
q61203,nDCG@10,0.0
q61203,R@100,1.0
q61204,nDCG@10,0.0
q61204,R@100,1.0
q61205,nDCG@10,1.0
q61205,R@100,1.0
q61206,nDCG@10,0.0
q61206,R@100,0.0
q61207,nDCG@10,1.0
q61207,R@100,1.0
q61208,nDCG@10,1.0
q61208,R@100,1.0
q61209,nDCG@10,0.43067655807339306
q61209,R@100,1.0
q61210,nDCG@10,0.0
q61210,R@100,0.0
q61211,nDCG@10,0.5
q61211,R@100,1.0
q61212,nDCG@10,0.0
q61212,R@100,0.0
q61213,nDCG@10,0.0
q61213,R@100,0.0
q61214,nDCG@10,1.0
q61214,R@100,1.0
q61215,nDCG@10,0.0
q61215,R@100,0.0
q61216,nDCG@10,0.0
q61216,R@100,0.0
q61217,nDCG@10,0.6309297535714575
q61217,R@100,1.0
q61218,nDCG@10,1.0
q61218,R@100,1.0
q61219,nDCG@10,1.0
q61219,R@100,1.0
q61220,nDCG@10,0.0
q61220,R@100,1.0
q61221,nDCG@10,1.0
q61221,R@100,1.0
q61222,nDCG@10,0.0
q61222,R@100,0.0
q61223,nDCG@10,1.0
q61223,R@100,1.0
q61224,nDCG@10,0.0
q61224,R@100,0.0
q61225,nDCG@10,0.0
q61225,R@100,0.0
q61226,nDCG@10,0.6309297535714575
q61226,R@100,1.0
q61227,nDCG@10,0.38685280723454163
q61227,R@100,1.0
q61228,nDCG@10,0.0
q61228,R@100,0.0
q61229,nDCG@10,1.0
q61229,R@100,1.0
q61230,nDCG@10,0.5
q61230,R@100,1.0
q61231,nDCG@10,1.0
q61231,R@100,1.0
q61232,nDCG@10,0.0
q61232,R@100,1.0
q61233,nDCG@10,0.0
q61233,R@100,0.0
q61234,nDCG@10,1.0
q61234,R@100,1.0
q61235,nDCG@10,0.31546487678572877
q61235,R@100,1.0
q61236,nDCG@10,1.0
q61236,R@100,1.0
q61237,nDCG@10,0.0
q61237,R@100,0.0
q61238,nDCG@10,0.0
q61238,R@100,0.0
q61239,nDCG@10,0.0
q61239,R@100,1.0
q61240,nDCG@10,1.0
q61240,R@100,1.0
q61241,nDCG@10,0.6309297535714575
q61241,R@100,1.0
q61242,nDCG@10,1.0
q61242,R@100,1.0
q61243,nDCG@10,1.0
q61243,R@100,1.0
q61244,nDCG@10,1.0
q61244,R@100,1.0
q61245,nDCG@10,0.0
q61245,R@100,0.0
q61246,nDCG@10,1.0
q61246,R@100,1.0
q61247,nDCG@10,0.0
q61247,R@100,0.0
q61248,nDCG@10,0.6309297535714575
q61248,R@100,1.0
q61249,nDCG@10,0.0
q61249,R@100,1.0
q61250,nDCG@10,0.0
q61250,R@100,0.0
q61251,nDCG@10,0.0
q61251,R@100,0.0
q61252,nDCG@10,0.0
q61252,R@100,1.0
q61253,nDCG@10,0.0
q61253,R@100,1.0
q61254,nDCG@10,0.0
q61254,R@100,0.0
q61255,nDCG@10,0.0
q61255,R@100,1.0
q61256,nDCG@10,0.38685280723454163
q61256,R@100,1.0
q61257,nDCG@10,0.0
q61257,R@100,0.0
q61258,nDCG@10,0.0
q61258,R@100,0.0
q61259,nDCG@10,1.0
q61259,R@100,1.0
q61260,nDCG@10,0.0
q61260,R@100,0.0
q61261,nDCG@10,1.0
q61261,R@100,1.0
q61262,nDCG@10,1.0
q61262,R@100,1.0
q61263,nDCG@10,0.0
q61263,R@100,0.0
q61264,nDCG@10,0.3010299956639812
q61264,R@100,1.0
q61265,nDCG@10,0.2890648263178879
q61265,R@100,1.0
q61266,nDCG@10,0.0
q61266,R@100,1.0
q61267,nDCG@10,0.0
q61267,R@100,1.0
q61268,nDCG@10,0.0
q61268,R@100,0.0
q61269,nDCG@10,0.0
q61269,R@100,0.0
q61270,nDCG@10,0.0
q61270,R@100,0.0
q61271,nDCG@10,1.0
q61271,R@100,1.0
q61272,nDCG@10,1.0
q61272,R@100,1.0
q61273,nDCG@10,0.0
q61273,R@100,0.0
q61274,nDCG@10,0.0
q61274,R@100,1.0
q61275,nDCG@10,0.43067655807339306
q61275,R@100,1.0
q61276,nDCG@10,0.43067655807339306
q61276,R@100,1.0
q61277,nDCG@10,1.0
q61277,R@100,1.0
q61278,nDCG@10,0.0
q61278,R@100,1.0
q61279,nDCG@10,0.0
q61279,R@100,0.0
q61280,nDCG@10,1.0
q61280,R@100,1.0
q61281,nDCG@10,0.6309297535714575
q61281,R@100,1.0
q61282,nDCG@10,0.38685280723454163
q61282,R@100,1.0
q61283,nDCG@10,0.6309297535714575
q61283,R@100,1.0
q61284,nDCG@10,1.0
q61284,R@100,1.0
q61285,nDCG@10,0.0
q61285,R@100,0.0
q61286,nDCG@10,0.3333333333333333
q61286,R@100,1.0
q61287,nDCG@10,1.0
q61287,R@100,1.0
q61288,nDCG@10,0.0
q61288,R@100,0.0
q61289,nDCG@10,1.0
q61289,R@100,1.0
q61290,nDCG@10,0.0
q61290,R@100,0.0
q61291,nDCG@10,0.0
q61291,R@100,1.0
q61292,nDCG@10,1.0
q61292,R@100,1.0
q61293,nDCG@10,0.0
q61293,R@100,1.0
q61294,nDCG@10,1.0
q61294,R@100,1.0
q61295,nDCG@10,1.0
q61295,R@100,1.0
q61296,nDCG@10,0.0
q61296,R@100,0.0
q61297,nDCG@10,1.0
q61297,R@100,1.0
q61298,nDCG@10,0.31546487678572877
q61298,R@100,1.0
q61299,nDCG@10,1.0
q61299,R@100,1.0
q61300,nDCG@10,1.0
q61300,R@100,1.0
q61301,nDCG@10,0.0
q61301,R@100,1.0
q61302,nDCG@10,0.0
q61302,R@100,0.0
q61303,nDCG@10,0.0
q61303,R@100,1.0
q61304,nDCG@10,1.0
q61304,R@100,1.0
q61305,nDCG@10,1.0
q61305,R@100,1.0
q61306,nDCG@10,0.6309297535714575
q61306,R@100,1.0
q61307,nDCG@10,0.0
q61307,R@100,0.0
q61308,nDCG@10,1.0
q61308,R@100,1.0
q61309,nDCG@10,1.0
q61309,R@100,1.0
q61310,nDCG@10,0.0
q61310,R@100,0.0
q61311,nDCG@10,0.0
q61311,R@100,0.0
q61312,nDCG@10,0.0
q61312,R@100,1.0
q61313,nDCG@10,0.0
q61313,R@100,0.0
q61314,nDCG@10,0.0
q61314,R@100,0.0
q61315,nDCG@10,0.0
q61315,R@100,0.0
q61316,nDCG@10,0.0
q61316,R@100,0.0
q61317,nDCG@10,0.0
q61317,R@100,0.0
q61318,nDCG@10,0.0
q61318,R@100,0.0
q61319,nDCG@10,0.0
q61319,R@100,1.0
q61320,nDCG@10,0.0
q61320,R@100,0.0
q61321,nDCG@10,0.0
q61321,R@100,0.0
q61322,nDCG@10,1.0
q61322,R@100,1.0
q61323,nDCG@10,0.0
q61323,R@100,0.0
q61324,nDCG@10,0.0
q61324,R@100,0.0
q61325,nDCG@10,0.0
q61325,R@100,0.0
q61326,nDCG@10,0.0
q61326,R@100,1.0
q61327,nDCG@10,0.0
q61327,R@100,1.0
q61328,nDCG@10,0.0
q61328,R@100,0.0
q61329,nDCG@10,0.0
q61329,R@100,0.0
q61330,nDCG@10,0.5
q61330,R@100,1.0
q61331,nDCG@10,0.0
q61331,R@100,0.0
q61332,nDCG@10,1.0
q61332,R@100,1.0
q61333,nDCG@10,0.0
q61333,R@100,0.0
q61334,nDCG@10,0.0
q61334,R@100,0.0
q61335,nDCG@10,0.3010299956639812
q61335,R@100,1.0
q61336,nDCG@10,1.0
q61336,R@100,1.0
q61337,nDCG@10,0.3333333333333333
q61337,R@100,1.0
q61338,nDCG@10,0.6309297535714575
q61338,R@100,1.0
q61339,nDCG@10,0.0
q61339,R@100,0.0
q61340,nDCG@10,1.0
q61340,R@100,1.0
q61341,nDCG@10,0.0
q61341,R@100,1.0
q61342,nDCG@10,0.31546487678572877
q61342,R@100,1.0
q61343,nDCG@10,1.0
q61343,R@100,1.0
q61344,nDCG@10,1.0
q61344,R@100,1.0
q61345,nDCG@10,0.6309297535714575
q61345,R@100,1.0
q61346,nDCG@10,0.0
q61346,R@100,0.0
q61347,nDCG@10,0.0
q61347,R@100,0.0
q61348,nDCG@10,0.0
q61348,R@100,0.0
q61349,nDCG@10,1.0
q61349,R@100,1.0
q61350,nDCG@10,1.0
q61350,R@100,1.0
q61351,nDCG@10,1.0
q61351,R@100,1.0
q61352,nDCG@10,0.0
q61352,R@100,1.0
q61353,nDCG@10,0.5
q61353,R@100,1.0
q61354,nDCG@10,1.0
q61354,R@100,1.0
q61355,nDCG@10,0.6309297535714575
q61355,R@100,1.0
q61356,nDCG@10,0.43067655807339306
q61356,R@100,1.0
q61357,nDCG@10,1.0
q61357,R@100,1.0
q61358,nDCG@10,1.0
q61358,R@100,1.0
q61359,nDCG@10,1.0
q61359,R@100,1.0
q61360,nDCG@10,0.0
q61360,R@100,0.0
q61361,nDCG@10,0.0
q61361,R@100,1.0
q61362,nDCG@10,1.0
q61362,R@100,1.0
q61363,nDCG@10,1.0
q61363,R@100,1.0
q61364,nDCG@10,1.0
q61364,R@100,1.0
q61365,nDCG@10,0.3562071871080222
q61365,R@100,1.0
q61366,nDCG@10,0.3333333333333333
q61366,R@100,1.0
q61367,nDCG@10,0.0
q61367,R@100,1.0
q61368,nDCG@10,0.0
q61368,R@100,1.0
q61369,nDCG@10,1.0
q61369,R@100,1.0
q61370,nDCG@10,0.6309297535714575
q61370,R@100,1.0
q61371,nDCG@10,0.6309297535714575
q61371,R@100,1.0
q61372,nDCG@10,0.5
q61372,R@100,1.0
q61373,nDCG@10,0.0
q61373,R@100,0.0
q61374,nDCG@10,1.0
q61374,R@100,1.0
q61375,nDCG@10,0.0
q61375,R@100,0.0
q61376,nDCG@10,0.0
q61376,R@100,0.0
q61377,nDCG@10,0.0
q61377,R@100,1.0
q61378,nDCG@10,1.0
q61378,R@100,1.0
q61379,nDCG@10,0.0
q61379,R@100,0.0
q61380,nDCG@10,1.0
q61380,R@100,1.0
q61381,nDCG@10,0.0
q61381,R@100,0.0
q61382,nDCG@10,0.0
q61382,R@100,0.0
q61383,nDCG@10,1.0
q61383,R@100,1.0
q61384,nDCG@10,0.6309297535714575
q61384,R@100,1.0
q61385,nDCG@10,1.0
q61385,R@100,1.0
q61386,nDCG@10,0.0
q61386,R@100,1.0
q61387,nDCG@10,1.0
q61387,R@100,1.0
q61388,nDCG@10,0.0
q61388,R@100,0.0
q61389,nDCG@10,0.6309297535714575
q61389,R@100,1.0
q61390,nDCG@10,0.0
q61390,R@100,0.0
q61391,nDCG@10,0.6309297535714575
q61391,R@100,1.0
q61392,nDCG@10,0.0
q61392,R@100,0.0
q61393,nDCG@10,1.0
q61393,R@100,1.0
q61394,nDCG@10,1.0
q61394,R@100,1.0
q61395,nDCG@10,1.0
q61395,R@100,1.0
q61396,nDCG@10,1.0
q61396,R@100,1.0
q61397,nDCG@10,0.0
q61397,R@100,0.0
q61398,nDCG@10,0.3333333333333333
q61398,R@100,1.0
q61399,nDCG@10,0.6309297535714575
q61399,R@100,1.0
q61400,nDCG@10,0.0
q61400,R@100,0.0
q61401,nDCG@10,1.0
q61401,R@100,1.0
q61402,nDCG@10,1.0
q61402,R@100,1.0
q61403,nDCG@10,0.0
q61403,R@100,0.0
q61404,nDCG@10,0.0
q61404,R@100,0.0
q61405,nDCG@10,0.0
q61405,R@100,0.0
q61406,nDCG@10,0.38685280723454163
q61406,R@100,1.0
q61407,nDCG@10,1.0
q61407,R@100,1.0
q61408,nDCG@10,0.0
q61408,R@100,0.0
q61409,nDCG@10,0.38685280723454163
q61409,R@100,1.0
q61410,nDCG@10,0.0
q61410,R@100,0.0
q61411,nDCG@10,0.0
q61411,R@100,0.0
q61412,nDCG@10,1.0
q61412,R@100,1.0
q61413,nDCG@10,0.3562071871080222
q61413,R@100,1.0
q61414,nDCG@10,1.0
q61414,R@100,1.0
q61415,nDCG@10,1.0
q61415,R@100,1.0
q61416,nDCG@10,0.31546487678572877
q61416,R@100,1.0
q61417,nDCG@10,0.0
q61417,R@100,0.0
q61418,nDCG@10,0.0
q61418,R@100,0.0
q61419,nDCG@10,0.0
q61419,R@100,0.0
q61420,nDCG@10,0.0
q61420,R@100,0.0
q61421,nDCG@10,0.0
q61421,R@100,0.0
q61422,nDCG@10,0.3010299956639812
q61422,R@100,1.0
q61423,nDCG@10,0.3562071871080222
q61423,R@100,1.0
q61424,nDCG@10,0.2890648263178879
q61424,R@100,1.0
q61425,nDCG@10,1.0
q61425,R@100,1.0
q61426,nDCG@10,1.0
q61426,R@100,1.0
q61427,nDCG@10,0.0
q61427,R@100,1.0
q61428,nDCG@10,1.0
q61428,R@100,1.0
q61429,nDCG@10,0.0
q61429,R@100,0.0
q61430,nDCG@10,0.0
q61430,R@100,1.0
q61431,nDCG@10,0.3562071871080222
q61431,R@100,1.0
q61432,nDCG@10,0.0
q61432,R@100,0.0
q61433,nDCG@10,0.0
q61433,R@100,1.0
q61434,nDCG@10,0.43067655807339306
q61434,R@100,1.0
q61435,nDCG@10,1.0
q61435,R@100,1.0
q61436,nDCG@10,0.0
q61436,R@100,0.0
q61437,nDCG@10,0.0
q61437,R@100,1.0
q61438,nDCG@10,0.0
q61438,R@100,0.0
q61439,nDCG@10,1.0
q61439,R@100,1.0
q61440,nDCG@10,1.0
q61440,R@100,1.0
q61441,nDCG@10,0.2890648263178879
q61441,R@100,1.0
q61442,nDCG@10,0.0
q61442,R@100,1.0
q61443,nDCG@10,0.0
q61443,R@100,0.0
q61444,nDCG@10,0.0
q61444,R@100,0.0
q61445,nDCG@10,1.0
q61445,R@100,1.0
q61446,nDCG@10,0.0
q61446,R@100,0.0
q61447,nDCG@10,1.0
q61447,R@100,1.0
q61448,nDCG@10,1.0
q61448,R@100,1.0
q61449,nDCG@10,1.0
q61449,R@100,1.0
q61450,nDCG@10,1.0
q61450,R@100,1.0
q61451,nDCG@10,0.0
q61451,R@100,1.0
q61452,nDCG@10,1.0
q61452,R@100,1.0
q61453,nDCG@10,0.0
q61453,R@100,0.0
q61454,nDCG@10,0.5
q61454,R@100,1.0
q61455,nDCG@10,0.0
q61455,R@100,0.0
q61456,nDCG@10,1.0
q61456,R@100,1.0
q61457,nDCG@10,0.0
q61457,R@100,1.0
q61458,nDCG@10,0.0
q61458,R@100,0.0
q61459,nDCG@10,0.0
q61459,R@100,1.0
q61460,nDCG@10,0.5
q61460,R@100,1.0
q61461,nDCG@10,1.0
q61461,R@100,1.0
q61462,nDCG@10,0.6309297535714575
q61462,R@100,1.0
q61463,nDCG@10,0.0
q61463,R@100,0.0
q61464,nDCG@10,0.6309297535714575
q61464,R@100,1.0
q61465,nDCG@10,0.3333333333333333
q61465,R@100,1.0
q61466,nDCG@10,0.5
q61466,R@100,1.0
q61467,nDCG@10,0.0
q61467,R@100,0.0
q61468,nDCG@10,0.43067655807339306
q61468,R@100,1.0
q61469,nDCG@10,0.0
q61469,R@100,0.0
q61470,nDCG@10,0.0
q61470,R@100,0.0
q61471,nDCG@10,1.0
q61471,R@100,1.0
q61472,nDCG@10,0.0
q61472,R@100,0.0
q61473,nDCG@10,0.0
q61473,R@100,0.0
q61474,nDCG@10,0.0
q61474,R@100,0.0
q61475,nDCG@10,0.0
q61475,R@100,1.0
q61476,nDCG@10,0.0
q61476,R@100,0.0
q61477,nDCG@10,1.0
q61477,R@100,1.0
q61478,nDCG@10,0.0
q61478,R@100,0.0
q61479,nDCG@10,0.0
q61479,R@100,1.0
q61480,nDCG@10,0.5
q61480,R@100,1.0
q61481,nDCG@10,0.0
q61481,R@100,0.0
q61482,nDCG@10,0.0
q61482,R@100,0.0
q61483,nDCG@10,0.6309297535714575
q61483,R@100,1.0
q61484,nDCG@10,0.0
q61484,R@100,0.0
q61485,nDCG@10,0.0
q61485,R@100,0.0
q61486,nDCG@10,1.0
q61486,R@100,1.0
q61487,nDCG@10,0.43067655807339306
q61487,R@100,1.0
q61488,nDCG@10,0.0
q61488,R@100,0.0
q61489,nDCG@10,0.31546487678572877
q61489,R@100,1.0
q61490,nDCG@10,0.0
q61490,R@100,0.0
q61491,nDCG@10,0.0
q61491,R@100,1.0
q61492,nDCG@10,0.0
q61492,R@100,0.0
q61493,nDCG@10,0.0
q61493,R@100,1.0
q61494,nDCG@10,0.3562071871080222
q61494,R@100,1.0
q61495,nDCG@10,1.0
q61495,R@100,1.0
q61496,nDCG@10,0.0
q61496,R@100,1.0
q61497,nDCG@10,0.0
q61497,R@100,0.0
q61498,nDCG@10,0.0
q61498,R@100,1.0
q61499,nDCG@10,1.0
q61499,R@100,1.0
q61500,nDCG@10,1.0
q61500,R@100,1.0
q61501,nDCG@10,0.0
q61501,R@100,0.0
q61502,nDCG@10,0.0
q61502,R@100,1.0
q61503,nDCG@10,0.3333333333333333
q61503,R@100,1.0
q61504,nDCG@10,0.0
q61504,R@100,1.0
q61505,nDCG@10,0.0
q61505,R@100,1.0
q61506,nDCG@10,1.0
q61506,R@100,1.0
q61507,nDCG@10,1.0
q61507,R@100,1.0
q61508,nDCG@10,0.0
q61508,R@100,0.0
q61509,nDCG@10,0.0
q61509,R@100,0.0
q61510,nDCG@10,1.0
q61510,R@100,1.0
q61511,nDCG@10,1.0
q61511,R@100,1.0
q61512,nDCG@10,0.0
q61512,R@100,0.0
q61513,nDCG@10,1.0
q61513,R@100,1.0
q61514,nDCG@10,0.0
q61514,R@100,0.0
q61515,nDCG@10,0.0
q61515,R@100,0.0
q61516,nDCG@10,0.5
q61516,R@100,1.0
q61517,nDCG@10,0.0
q61517,R@100,1.0
q61518,nDCG@10,1.0
q61518,R@100,1.0
q61519,nDCG@10,0.0
q61519,R@100,0.0
q61520,nDCG@10,0.5
q61520,R@100,1.0
q61521,nDCG@10,0.6309297535714575
q61521,R@100,1.0
q61522,nDCG@10,0.43067655807339306
q61522,R@100,1.0
q61523,nDCG@10,1.0
q61523,R@100,1.0
q61524,nDCG@10,0.0
q61524,R@100,1.0
q61525,nDCG@10,1.0
q61525,R@100,1.0
q61526,nDCG@10,0.0
q61526,R@100,1.0
q61527,nDCG@10,1.0
q61527,R@100,1.0
q61528,nDCG@10,1.0
q61528,R@100,1.0
q61529,nDCG@10,0.0
q61529,R@100,1.0
q61530,nDCG@10,0.6309297535714575
q61530,R@100,1.0
q61531,nDCG@10,0.0
q61531,R@100,1.0
q61532,nDCG@10,1.0
q61532,R@100,1.0
q61533,nDCG@10,0.6309297535714575
q61533,R@100,1.0
q61534,nDCG@10,0.6309297535714575
q61534,R@100,1.0
q61535,nDCG@10,0.0
q61535,R@100,0.0
q61536,nDCG@10,1.0
q61536,R@100,1.0
q61537,nDCG@10,1.0
q61537,R@100,1.0
q61538,nDCG@10,1.0
q61538,R@100,1.0
q61539,nDCG@10,0.0
q61539,R@100,1.0
q61540,nDCG@10,0.0
q61540,R@100,1.0
q61541,nDCG@10,0.0
q61541,R@100,0.0
q61542,nDCG@10,0.6309297535714575
q61542,R@100,1.0
q61543,nDCG@10,1.0
q61543,R@100,1.0
q61544,nDCG@10,1.0
q61544,R@100,1.0
q61545,nDCG@10,1.0
q61545,R@100,1.0
q61546,nDCG@10,0.0
q61546,R@100,0.0
q61547,nDCG@10,1.0
q61547,R@100,1.0
q61548,nDCG@10,1.0
q61548,R@100,1.0
q61549,nDCG@10,0.0
q61549,R@100,1.0
q61550,nDCG@10,0.0
q61550,R@100,0.0
q61551,nDCG@10,0.0
q61551,R@100,0.0
q61552,nDCG@10,1.0
q61552,R@100,1.0
q61553,nDCG@10,0.0
q61553,R@100,0.0
q61554,nDCG@10,0.0
q61554,R@100,0.0
q61555,nDCG@10,0.43067655807339306
q61555,R@100,1.0
q61556,nDCG@10,0.0
q61556,R@100,1.0
q61557,nDCG@10,0.0
q61557,R@100,0.0
q61558,nDCG@10,0.0
q61558,R@100,1.0
q61559,nDCG@10,0.5
q61559,R@100,1.0
q61560,nDCG@10,0.0
q61560,R@100,1.0
q61561,nDCG@10,0.0
q61561,R@100,0.0
q61562,nDCG@10,0.0
q61562,R@100,1.0
q61563,nDCG@10,0.3562071871080222
q61563,R@100,1.0
q61564,nDCG@10,0.0
q61564,R@100,0.0
q61565,nDCG@10,0.0
q61565,R@100,0.0
q61566,nDCG@10,0.0
q61566,R@100,1.0
q61567,nDCG@10,0.0
q61567,R@100,1.0
q61568,nDCG@10,0.0
q61568,R@100,0.0
q61569,nDCG@10,1.0
q61569,R@100,1.0
q61570,nDCG@10,0.0
q61570,R@100,0.0
q61571,nDCG@10,1.0
q61571,R@100,1.0
q61572,nDCG@10,0.3562071871080222
q61572,R@100,1.0
q61573,nDCG@10,1.0
q61573,R@100,1.0
q61574,nDCG@10,0.0
q61574,R@100,0.0
q61575,nDCG@10,1.0
q61575,R@100,1.0
q61576,nDCG@10,0.43067655807339306
q61576,R@100,1.0
q61577,nDCG@10,0.0
q61577,R@100,0.0
q61578,nDCG@10,0.0
q61578,R@100,1.0
q61579,nDCG@10,1.0
q61579,R@100,1.0
q61580,nDCG@10,0.0
q61580,R@100,1.0
q61581,nDCG@10,0.0
q61581,R@100,0.0
q61582,nDCG@10,1.0
q61582,R@100,1.0
q61583,nDCG@10,0.6309297535714575
q61583,R@100,1.0
q61584,nDCG@10,0.0
q61584,R@100,0.0
q61585,nDCG@10,0.5
q61585,R@100,1.0
q61586,nDCG@10,0.0
q61586,R@100,0.0
q61587,nDCG@10,0.0
q61587,R@100,0.0
q61588,nDCG@10,0.0
q61588,R@100,0.0
q61589,nDCG@10,1.0
q61589,R@100,1.0
q61590,nDCG@10,1.0
q61590,R@100,1.0
q61591,nDCG@10,0.0
q61591,R@100,0.0
q61592,nDCG@10,1.0
q61592,R@100,1.0
q61593,nDCG@10,0.3333333333333333
q61593,R@100,1.0
q61594,nDCG@10,0.0
q61594,R@100,0.0
q61595,nDCG@10,0.0
q61595,R@100,1.0
q61596,nDCG@10,0.0
q61596,R@100,1.0
q61597,nDCG@10,0.0
q61597,R@100,0.0
q61598,nDCG@10,0.0
q61598,R@100,0.0
q61599,nDCG@10,0.0
q61599,R@100,0.0
q61600,nDCG@10,1.0
q61600,R@100,1.0
q61601,nDCG@10,1.0
q61601,R@100,1.0
q61602,nDCG@10,0.0
q61602,R@100,1.0
q61603,nDCG@10,0.0
q61603,R@100,1.0
q61604,nDCG@10,1.0
q61604,R@100,1.0
q61605,nDCG@10,0.0
q61605,R@100,0.0
q61606,nDCG@10,0.6309297535714575
q61606,R@100,1.0
q61607,nDCG@10,1.0
q61607,R@100,1.0
q61608,nDCG@10,0.0
q61608,R@100,0.0
q61609,nDCG@10,0.0
q61609,R@100,0.0
q61610,nDCG@10,1.0
q61610,R@100,1.0
q61611,nDCG@10,0.0
q61611,R@100,1.0
q61612,nDCG@10,0.0
q61612,R@100,0.0
q61613,nDCG@10,1.0
q61613,R@100,1.0
q61614,nDCG@10,0.0
q61614,R@100,1.0
q61615,nDCG@10,0.38685280723454163
q61615,R@100,1.0
q61616,nDCG@10,1.0
q61616,R@100,1.0
q61617,nDCG@10,0.0
q61617,R@100,1.0
q61618,nDCG@10,0.0
q61618,R@100,0.0
q61619,nDCG@10,1.0
q61619,R@100,1.0
q61620,nDCG@10,0.38685280723454163
q61620,R@100,1.0
q61621,nDCG@10,0.0
q61621,R@100,1.0
q61622,nDCG@10,1.0
q61622,R@100,1.0
q61623,nDCG@10,0.0
q61623,R@100,0.0
q61624,nDCG@10,0.0
q61624,R@100,0.0
q61625,nDCG@10,1.0
q61625,R@100,1.0
q61626,nDCG@10,0.5
q61626,R@100,1.0
q61627,nDCG@10,0.0
q61627,R@100,0.0
q61628,nDCG@10,0.0
q61628,R@100,1.0
q61629,nDCG@10,0.0
q61629,R@100,0.0
q61630,nDCG@10,0.6309297535714575
q61630,R@100,1.0
q61631,nDCG@10,0.0
q61631,R@100,0.0
q61632,nDCG@10,0.0
q61632,R@100,0.0
q61633,nDCG@10,0.43067655807339306
q61633,R@100,1.0
q61634,nDCG@10,1.0
q61634,R@100,1.0
q61635,nDCG@10,0.0
q61635,R@100,0.0
q61636,nDCG@10,0.6309297535714575
q61636,R@100,1.0
q61637,nDCG@10,0.2890648263178879
q61637,R@100,1.0
q61638,nDCG@10,0.43067655807339306
q61638,R@100,1.0
q61639,nDCG@10,0.0
q61639,R@100,1.0
q61640,nDCG@10,0.0
q61640,R@100,0.0
q61641,nDCG@10,1.0
q61641,R@100,1.0
q61642,nDCG@10,0.0
q61642,R@100,1.0
q61643,nDCG@10,0.0
q61643,R@100,1.0
q61644,nDCG@10,1.0
q61644,R@100,1.0
q61645,nDCG@10,0.0
q61645,R@100,1.0
q61646,nDCG@10,0.0
q61646,R@100,0.0
q61647,nDCG@10,0.0
q61647,R@100,0.0
q61648,nDCG@10,0.0
q61648,R@100,1.0
q61649,nDCG@10,0.0
q61649,R@100,1.0
q61650,nDCG@10,0.0
q61650,R@100,1.0
q61651,nDCG@10,1.0
q61651,R@100,1.0
q61652,nDCG@10,0.0
q61652,R@100,1.0
q61653,nDCG@10,0.0
q61653,R@100,0.0
q61654,nDCG@10,1.0
q61654,R@100,1.0
q61655,nDCG@10,0.6309297535714575
q61655,R@100,1.0
q61656,nDCG@10,0.0
q61656,R@100,0.0
q61657,nDCG@10,1.0
q61657,R@100,1.0
q61658,nDCG@10,0.0
q61658,R@100,0.0
q61659,nDCG@10,0.0
q61659,R@100,1.0
q61660,nDCG@10,0.0
q61660,R@100,0.0
q61661,nDCG@10,1.0
q61661,R@100,1.0
q61662,nDCG@10,0.5
q61662,R@100,1.0
q61663,nDCG@10,0.6309297535714575
q61663,R@100,1.0
q61664,nDCG@10,0.43067655807339306
q61664,R@100,1.0
q61665,nDCG@10,0.38685280723454163
q61665,R@100,1.0
q61666,nDCG@10,0.5
q61666,R@100,1.0
q61667,nDCG@10,0.0
q61667,R@100,0.0
q61668,nDCG@10,0.0
q61668,R@100,0.0
q61669,nDCG@10,0.5
q61669,R@100,1.0
q61670,nDCG@10,0.0
q61670,R@100,0.0
q61671,nDCG@10,0.5
q61671,R@100,1.0
q61672,nDCG@10,1.0
q61672,R@100,1.0
q61673,nDCG@10,0.43067655807339306
q61673,R@100,1.0
q61674,nDCG@10,1.0
q61674,R@100,1.0
q61675,nDCG@10,0.0
q61675,R@100,0.0
q61676,nDCG@10,0.3562071871080222
q61676,R@100,1.0
q61677,nDCG@10,1.0
q61677,R@100,1.0
q61678,nDCG@10,0.5
q61678,R@100,1.0
q61679,nDCG@10,0.5
q61679,R@100,1.0
q61680,nDCG@10,0.0
q61680,R@100,0.0
q61681,nDCG@10,0.0
q61681,R@100,0.0
q61682,nDCG@10,0.0
q61682,R@100,0.0
q61683,nDCG@10,0.0
q61683,R@100,1.0
q61684,nDCG@10,0.0
q61684,R@100,0.0
q61685,nDCG@10,1.0
q61685,R@100,1.0
q61686,nDCG@10,0.0
q61686,R@100,1.0
q61687,nDCG@10,0.0
q61687,R@100,0.0
q61688,nDCG@10,0.0
q61688,R@100,0.0
q61689,nDCG@10,0.0
q61689,R@100,0.0
q61690,nDCG@10,0.0
q61690,R@100,1.0
q61691,nDCG@10,1.0
q61691,R@100,1.0
q61692,nDCG@10,0.43067655807339306
q61692,R@100,1.0
q61693,nDCG@10,0.43067655807339306
q61693,R@100,1.0
q61694,nDCG@10,1.0
q61694,R@100,1.0
q61695,nDCG@10,0.3562071871080222
q61695,R@100,1.0
q61696,nDCG@10,0.0
q61696,R@100,0.0
q61697,nDCG@10,0.0
q61697,R@100,1.0
q61698,nDCG@10,0.0
q61698,R@100,1.0
q61699,nDCG@10,0.0
q61699,R@100,0.0
q61700,nDCG@10,0.0
q61700,R@100,0.0
q61701,nDCG@10,0.3562071871080222
q61701,R@100,1.0
q61702,nDCG@10,0.0
q61702,R@100,0.0
q61703,nDCG@10,0.0
q61703,R@100,1.0
q61704,nDCG@10,0.6309297535714575
q61704,R@100,1.0
q61705,nDCG@10,1.0
q61705,R@100,1.0
q61706,nDCG@10,0.0
q61706,R@100,1.0
q61707,nDCG@10,1.0
q61707,R@100,1.0
q61708,nDCG@10,0.0
q61708,R@100,1.0
q61709,nDCG@10,0.0
q61709,R@100,0.0
q61710,nDCG@10,0.5
q61710,R@100,1.0
q61711,nDCG@10,1.0
q61711,R@100,1.0
q61712,nDCG@10,0.5
q61712,R@100,1.0
q61713,nDCG@10,0.0
q61713,R@100,0.0
q61714,nDCG@10,1.0
q61714,R@100,1.0
q61715,nDCG@10,1.0
q61715,R@100,1.0
q61716,nDCG@10,0.0
q61716,R@100,0.0
q61717,nDCG@10,0.3562071871080222
q61717,R@100,1.0
q61718,nDCG@10,0.0
q61718,R@100,0.0
q61719,nDCG@10,0.0
q61719,R@100,1.0
q61720,nDCG@10,0.0
q61720,R@100,1.0
q61721,nDCG@10,0.0
q61721,R@100,0.0
q61722,nDCG@10,0.0
q61722,R@100,0.0
q61723,nDCG@10,0.0
q61723,R@100,0.0
q61724,nDCG@10,0.0
q61724,R@100,1.0
q61725,nDCG@10,0.0
q61725,R@100,0.0
q61726,nDCG@10,0.38685280723454163
q61726,R@100,1.0
q61727,nDCG@10,0.0
q61727,R@100,0.0
q61728,nDCG@10,0.0
q61728,R@100,0.0
q61729,nDCG@10,1.0
q61729,R@100,1.0
q61730,nDCG@10,0.0
q61730,R@100,1.0
q61731,nDCG@10,0.5
q61731,R@100,1.0
q61732,nDCG@10,0.0
q61732,R@100,0.0
q61733,nDCG@10,0.38685280723454163
q61733,R@100,1.0
q61734,nDCG@10,0.0
q61734,R@100,0.0
q61735,nDCG@10,1.0
q61735,R@100,1.0
q61736,nDCG@10,1.0
q61736,R@100,1.0
q61737,nDCG@10,0.0
q61737,R@100,0.0
q61738,nDCG@10,0.0
q61738,R@100,1.0
q61739,nDCG@10,1.0
q61739,R@100,1.0
q61740,nDCG@10,0.0
q61740,R@100,1.0
q61741,nDCG@10,1.0
q61741,R@100,1.0
q61742,nDCG@10,0.0
q61742,R@100,0.0
q61743,nDCG@10,0.6309297535714575
q61743,R@100,1.0
q61744,nDCG@10,0.0
q61744,R@100,1.0
q61745,nDCG@10,1.0
q61745,R@100,1.0
q61746,nDCG@10,0.0
q61746,R@100,0.0
q61747,nDCG@10,1.0
q61747,R@100,1.0
q61748,nDCG@10,1.0
q61748,R@100,1.0
q61749,nDCG@10,0.38685280723454163
q61749,R@100,1.0
q61750,nDCG@10,0.0
q61750,R@100,0.0
q61751,nDCG@10,1.0
q61751,R@100,1.0
q61752,nDCG@10,0.6309297535714575
q61752,R@100,1.0
q61753,nDCG@10,0.0
q61753,R@100,0.0
q61754,nDCG@10,0.0
q61754,R@100,0.0
q61755,nDCG@10,0.0
q61755,R@100,0.0
q61756,nDCG@10,0.0
q61756,R@100,1.0
q61757,nDCG@10,0.0
q61757,R@100,0.0
q61758,nDCG@10,0.0
q61758,R@100,0.0
q61759,nDCG@10,1.0
q61759,R@100,1.0
q61760,nDCG@10,1.0
q61760,R@100,1.0
q61761,nDCG@10,0.0
q61761,R@100,1.0
q61762,nDCG@10,0.3333333333333333
q61762,R@100,1.0
q61763,nDCG@10,0.6309297535714575
q61763,R@100,1.0
q61764,nDCG@10,0.0
q61764,R@100,1.0
q61765,nDCG@10,0.0
q61765,R@100,0.0
q61766,nDCG@10,0.43067655807339306
q61766,R@100,1.0
q61767,nDCG@10,0.0
q61767,R@100,0.0
q61768,nDCG@10,0.0
q61768,R@100,0.0
q61769,nDCG@10,1.0
q61769,R@100,1.0
q61770,nDCG@10,1.0
q61770,R@100,1.0
q61771,nDCG@10,0.0
q61771,R@100,0.0
q61772,nDCG@10,1.0
q61772,R@100,1.0
q61773,nDCG@10,1.0
q61773,R@100,1.0
q61774,nDCG@10,0.0
q61774,R@100,0.0
q61775,nDCG@10,1.0
q61775,R@100,1.0
q61776,nDCG@10,0.0
q61776,R@100,1.0
q61777,nDCG@10,0.0
q61777,R@100,1.0
q61778,nDCG@10,0.0
q61778,R@100,0.0
q61779,nDCG@10,1.0
q61779,R@100,1.0
q61780,nDCG@10,1.0
q61780,R@100,1.0
q61781,nDCG@10,0.0
q61781,R@100,0.0
q61782,nDCG@10,1.0
q61782,R@100,1.0
q61783,nDCG@10,0.0
q61783,R@100,1.0
q61784,nDCG@10,0.43067655807339306
q61784,R@100,1.0
q61785,nDCG@10,0.0
q61785,R@100,1.0
q61786,nDCG@10,0.0
q61786,R@100,1.0
q61787,nDCG@10,0.0
q61787,R@100,0.0
q61788,nDCG@10,0.0
q61788,R@100,0.0
q61789,nDCG@10,0.0
q61789,R@100,1.0
q61790,nDCG@10,0.5
q61790,R@100,1.0
q61791,nDCG@10,0.0
q61791,R@100,0.0
q61792,nDCG@10,1.0
q61792,R@100,1.0
q61793,nDCG@10,0.0
q61793,R@100,0.0
q61794,nDCG@10,0.0
q61794,R@100,0.0
q61795,nDCG@10,0.5
q61795,R@100,1.0
q61796,nDCG@10,0.0
q61796,R@100,1.0
q61797,nDCG@10,0.0
q61797,R@100,1.0
q61798,nDCG@10,1.0
q61798,R@100,1.0
q61799,nDCG@10,1.0
q61799,R@100,1.0
q61800,nDCG@10,0.0
q61800,R@100,0.0
q61801,nDCG@10,1.0
q61801,R@100,1.0
q61802,nDCG@10,0.0
q61802,R@100,1.0
q61803,nDCG@10,0.0
q61803,R@100,0.0
q61804,nDCG@10,0.0
q61804,R@100,0.0
q61805,nDCG@10,0.0
q61805,R@100,1.0
q61806,nDCG@10,0.0
q61806,R@100,0.0
q61807,nDCG@10,1.0
q61807,R@100,1.0
q61808,nDCG@10,1.0
q61808,R@100,1.0
q61809,nDCG@10,1.0
q61809,R@100,1.0
q61810,nDCG@10,0.3333333333333333
q61810,R@100,1.0
q61811,nDCG@10,0.0
q61811,R@100,0.0
q61812,nDCG@10,1.0
q61812,R@100,1.0
q61813,nDCG@10,0.3562071871080222
q61813,R@100,1.0
q61814,nDCG@10,0.3010299956639812
q61814,R@100,1.0
q61815,nDCG@10,0.0
q61815,R@100,1.0
q61816,nDCG@10,1.0
q61816,R@100,1.0
q61817,nDCG@10,1.0
q61817,R@100,1.0
q61818,nDCG@10,1.0
q61818,R@100,1.0
q61819,nDCG@10,0.0
q61819,R@100,0.0
q61820,nDCG@10,0.0
q61820,R@100,0.0
q61821,nDCG@10,1.0
q61821,R@100,1.0
q61822,nDCG@10,0.0
q61822,R@100,0.0
q61823,nDCG@10,0.0
q61823,R@100,0.0
q61824,nDCG@10,1.0
q61824,R@100,1.0
q61825,nDCG@10,0.0
q61825,R@100,0.0
q61826,nDCG@10,0.31546487678572877
q61826,R@100,1.0
q61827,nDCG@10,0.0
q61827,R@100,1.0
q61828,nDCG@10,1.0
q61828,R@100,1.0
q61829,nDCG@10,0.0
q61829,R@100,1.0
q61830,nDCG@10,0.0
q61830,R@100,0.0
q61831,nDCG@10,0.0
q61831,R@100,1.0
q61832,nDCG@10,0.43067655807339306
q61832,R@100,1.0
q61833,nDCG@10,1.0
q61833,R@100,1.0
q61834,nDCG@10,0.43067655807339306
q61834,R@100,1.0
q61835,nDCG@10,0.6309297535714575
q61835,R@100,1.0
q61836,nDCG@10,0.0
q61836,R@100,0.0
q61837,nDCG@10,1.0
q61837,R@100,1.0
q61838,nDCG@10,0.0
q61838,R@100,1.0
q61839,nDCG@10,0.0
q61839,R@100,1.0
q61840,nDCG@10,1.0
q61840,R@100,1.0
q61841,nDCG@10,0.0
q61841,R@100,0.0
q61842,nDCG@10,0.6309297535714575
q61842,R@100,1.0
q61843,nDCG@10,1.0
q61843,R@100,1.0
q61844,nDCG@10,0.0
q61844,R@100,0.0
q61845,nDCG@10,0.0
q61845,R@100,0.0
q61846,nDCG@10,0.0
q61846,R@100,0.0
q61847,nDCG@10,0.6309297535714575
q61847,R@100,1.0
q61848,nDCG@10,1.0
q61848,R@100,1.0
q61849,nDCG@10,0.0
q61849,R@100,0.0
q61850,nDCG@10,0.0
q61850,R@100,0.0
q61851,nDCG@10,0.0
q61851,R@100,0.0
q61852,nDCG@10,0.0
q61852,R@100,0.0
q61853,nDCG@10,0.43067655807339306
q61853,R@100,1.0
q61854,nDCG@10,0.0
q61854,R@100,1.0
q61855,nDCG@10,0.31546487678572877
q61855,R@100,1.0
q61856,nDCG@10,1.0
q61856,R@100,1.0
q61857,nDCG@10,0.0
q61857,R@100,0.0
q61858,nDCG@10,0.6309297535714575
q61858,R@100,1.0
q61859,nDCG@10,0.2890648263178879
q61859,R@100,1.0
q61860,nDCG@10,1.0
q61860,R@100,1.0
q61861,nDCG@10,1.0
q61861,R@100,1.0
q61862,nDCG@10,1.0
q61862,R@100,1.0
q61863,nDCG@10,0.0
q61863,R@100,0.0
q61864,nDCG@10,0.3562071871080222
q61864,R@100,1.0
q61865,nDCG@10,1.0
q61865,R@100,1.0
q61866,nDCG@10,1.0
q61866,R@100,1.0
q61867,nDCG@10,0.0
q61867,R@100,0.0
q61868,nDCG@10,1.0
q61868,R@100,1.0
q61869,nDCG@10,0.0
q61869,R@100,0.0
q61870,nDCG@10,1.0
q61870,R@100,1.0
q61871,nDCG@10,1.0
q61871,R@100,1.0
q61872,nDCG@10,0.0
q61872,R@100,1.0
q61873,nDCG@10,0.0
q61873,R@100,0.0
q61874,nDCG@10,0.0
q61874,R@100,0.0
q61875,nDCG@10,1.0
q61875,R@100,1.0
q61876,nDCG@10,0.0
q61876,R@100,0.0
q61877,nDCG@10,0.3562071871080222
q61877,R@100,1.0
q61878,nDCG@10,0.6309297535714575
q61878,R@100,1.0
q61879,nDCG@10,0.43067655807339306
q61879,R@100,1.0
q61880,nDCG@10,0.0
q61880,R@100,1.0
q61881,nDCG@10,1.0
q61881,R@100,1.0
q61882,nDCG@10,1.0
q61882,R@100,1.0
q61883,nDCG@10,1.0
q61883,R@100,1.0
q61884,nDCG@10,0.0
q61884,R@100,0.0
q61885,nDCG@10,0.3010299956639812
q61885,R@100,1.0
q61886,nDCG@10,1.0
q61886,R@100,1.0
q61887,nDCG@10,1.0
q61887,R@100,1.0
q61888,nDCG@10,0.0
q61888,R@100,0.0
q61889,nDCG@10,0.0
q61889,R@100,0.0
q61890,nDCG@10,0.0
q61890,R@100,1.0
q61891,nDCG@10,0.0
q61891,R@100,1.0
q61892,nDCG@10,0.0
q61892,R@100,1.0
q61893,nDCG@10,1.0
q61893,R@100,1.0
q61894,nDCG@10,0.0
q61894,R@100,0.0
q61895,nDCG@10,0.0
q61895,R@100,0.0
q61896,nDCG@10,0.0
q61896,R@100,0.0
q61897,nDCG@10,0.0
q61897,R@100,0.0
q61898,nDCG@10,1.0
q61898,R@100,1.0
q61899,nDCG@10,1.0
q61899,R@100,1.0
q61900,nDCG@10,1.0
q61900,R@100,1.0
q61901,nDCG@10,0.0
q61901,R@100,0.0
q61902,nDCG@10,0.5
q61902,R@100,1.0
q61903,nDCG@10,0.0
q61903,R@100,0.0
q61904,nDCG@10,0.38685280723454163
q61904,R@100,1.0
q61905,nDCG@10,1.0
q61905,R@100,1.0
q61906,nDCG@10,0.0
q61906,R@100,1.0
q61907,nDCG@10,0.0
q61907,R@100,1.0
q61908,nDCG@10,1.0
q61908,R@100,1.0
q61909,nDCG@10,1.0
q61909,R@100,1.0
q61910,nDCG@10,0.3562071871080222
q61910,R@100,1.0
q61911,nDCG@10,1.0
q61911,R@100,1.0
q61912,nDCG@10,1.0
q61912,R@100,1.0
q61913,nDCG@10,0.0
q61913,R@100,0.0
q61914,nDCG@10,0.0
q61914,R@100,0.0
q61915,nDCG@10,1.0
q61915,R@100,1.0
q61916,nDCG@10,0.0
q61916,R@100,0.0
q61917,nDCG@10,0.6309297535714575
q61917,R@100,1.0
q61918,nDCG@10,1.0
q61918,R@100,1.0
q61919,nDCG@10,0.6309297535714575
q61919,R@100,1.0
q61920,nDCG@10,0.43067655807339306
q61920,R@100,1.0
q61921,nDCG@10,1.0
q61921,R@100,1.0
q61922,nDCG@10,1.0
q61922,R@100,1.0
q61923,nDCG@10,0.0
q61923,R@100,0.0
q61924,nDCG@10,0.0
q61924,R@100,0.0
q61925,nDCG@10,0.0
q61925,R@100,0.0
q61926,nDCG@10,0.0
q61926,R@100,0.0
q61927,nDCG@10,1.0
q61927,R@100,1.0
q61928,nDCG@10,1.0
q61928,R@100,1.0
q61929,nDCG@10,1.0
q61929,R@100,1.0
q61930,nDCG@10,0.0
q61930,R@100,0.0
q61931,nDCG@10,0.0
q61931,R@100,0.0
q61932,nDCG@10,0.0
q61932,R@100,0.0
q61933,nDCG@10,0.0
q61933,R@100,1.0
q61934,nDCG@10,0.6309297535714575
q61934,R@100,1.0
q61935,nDCG@10,1.0
q61935,R@100,1.0
q61936,nDCG@10,0.0
q61936,R@100,1.0
q61937,nDCG@10,0.0
q61937,R@100,1.0
q61938,nDCG@10,1.0
q61938,R@100,1.0
q61939,nDCG@10,0.0
q61939,R@100,0.0
q61940,nDCG@10,0.0
q61940,R@100,0.0
q61941,nDCG@10,0.6309297535714575
q61941,R@100,1.0
q61942,nDCG@10,0.6309297535714575
q61942,R@100,1.0
q61943,nDCG@10,1.0
q61943,R@100,1.0
q61944,nDCG@10,1.0
q61944,R@100,1.0
q61945,nDCG@10,0.0
q61945,R@100,0.0
q61946,nDCG@10,0.0
q61946,R@100,0.0
q61947,nDCG@10,0.0
q61947,R@100,0.0
q61948,nDCG@10,0.6309297535714575
q61948,R@100,1.0
q61949,nDCG@10,0.0
q61949,R@100,0.0
q61950,nDCG@10,1.0
q61950,R@100,1.0
q61951,nDCG@10,1.0
q61951,R@100,1.0
q61952,nDCG@10,0.5
q61952,R@100,1.0
q61953,nDCG@10,1.0
q61953,R@100,1.0
q61954,nDCG@10,0.0
q61954,R@100,1.0
q61955,nDCG@10,0.0
q61955,R@100,1.0
q61956,nDCG@10,0.38685280723454163
q61956,R@100,1.0
q61957,nDCG@10,0.3333333333333333
q61957,R@100,1.0
q61958,nDCG@10,0.0
q61958,R@100,1.0
q61959,nDCG@10,0.0
q61959,R@100,1.0
q61960,nDCG@10,1.0
q61960,R@100,1.0
q61961,nDCG@10,0.0
q61961,R@100,0.0
q61962,nDCG@10,0.0
q61962,R@100,1.0
q61963,nDCG@10,1.0
q61963,R@100,1.0
q61964,nDCG@10,0.0
q61964,R@100,1.0
q61965,nDCG@10,1.0
q61965,R@100,1.0
q61966,nDCG@10,0.0
q61966,R@100,1.0
q61967,nDCG@10,0.0
q61967,R@100,1.0
q61968,nDCG@10,1.0
q61968,R@100,1.0
q61969,nDCG@10,0.0
q61969,R@100,0.0
q61970,nDCG@10,0.3562071871080222
q61970,R@100,1.0
q61971,nDCG@10,0.0
q61971,R@100,0.0
q61972,nDCG@10,0.5
q61972,R@100,1.0
q61973,nDCG@10,1.0
q61973,R@100,1.0
q61974,nDCG@10,0.0
q61974,R@100,0.0
q61975,nDCG@10,0.0
q61975,R@100,0.0
q61976,nDCG@10,1.0
q61976,R@100,1.0
q61977,nDCG@10,0.0
q61977,R@100,0.0
q61978,nDCG@10,0.3333333333333333
q61978,R@100,1.0
q61979,nDCG@10,1.0
q61979,R@100,1.0
q61980,nDCG@10,0.6309297535714575
q61980,R@100,1.0
q61981,nDCG@10,1.0
q61981,R@100,1.0
q61982,nDCG@10,1.0
q61982,R@100,1.0
q61983,nDCG@10,0.0
q61983,R@100,1.0
q61984,nDCG@10,0.0
q61984,R@100,0.0
q61985,nDCG@10,0.0
q61985,R@100,1.0
q61986,nDCG@10,1.0
q61986,R@100,1.0
q61987,nDCG@10,1.0
q61987,R@100,1.0
q61988,nDCG@10,0.5
q61988,R@100,1.0
q61989,nDCG@10,0.0
q61989,R@100,0.0
q61990,nDCG@10,0.43067655807339306
q61990,R@100,1.0
q61991,nDCG@10,1.0
q61991,R@100,1.0
q61992,nDCG@10,0.0
q61992,R@100,1.0
q61993,nDCG@10,0.0
q61993,R@100,0.0
q61994,nDCG@10,0.0
q61994,R@100,0.0
q61995,nDCG@10,0.0
q61995,R@100,0.0
q61996,nDCG@10,1.0
q61996,R@100,1.0
q61997,nDCG@10,0.5
q61997,R@100,1.0
q61998,nDCG@10,0.0
q61998,R@100,0.0
q61999,nDCG@10,0.0
q61999,R@100,1.0
q62000,nDCG@10,0.0
q62000,R@100,0.0
q62001,nDCG@10,1.0
q62001,R@100,1.0
q62002,nDCG@10,0.0
q62002,R@100,0.0
q62003,nDCG@10,1.0
q62003,R@100,1.0
q62004,nDCG@10,0.5
q62004,R@100,1.0
q62005,nDCG@10,0.5
q62005,R@100,1.0
q62006,nDCG@10,0.0
q62006,R@100,0.0
q62007,nDCG@10,0.0
q62007,R@100,1.0
q62008,nDCG@10,1.0
q62008,R@100,1.0
q62009,nDCG@10,0.0
q62009,R@100,0.0
q62010,nDCG@10,0.0
q62010,R@100,1.0
q62011,nDCG@10,0.0
q62011,R@100,1.0
q62012,nDCG@10,0.6309297535714575
q62012,R@100,1.0
q62013,nDCG@10,0.5
q62013,R@100,1.0
q62014,nDCG@10,0.0
q62014,R@100,1.0
q62015,nDCG@10,0.0
q62015,R@100,0.0
q62016,nDCG@10,1.0
q62016,R@100,1.0
q62017,nDCG@10,1.0
q62017,R@100,1.0
q62018,nDCG@10,0.31546487678572877
q62018,R@100,1.0
q62019,nDCG@10,0.38685280723454163
q62019,R@100,1.0
q62020,nDCG@10,1.0
q62020,R@100,1.0
q62021,nDCG@10,0.43067655807339306
q62021,R@100,1.0
q62022,nDCG@10,1.0
q62022,R@100,1.0
q62023,nDCG@10,0.6309297535714575
q62023,R@100,1.0
q62024,nDCG@10,0.6309297535714575
q62024,R@100,1.0
q62025,nDCG@10,0.3562071871080222
q62025,R@100,1.0
q62026,nDCG@10,1.0
q62026,R@100,1.0
q62027,nDCG@10,0.0
q62027,R@100,1.0
q62028,nDCG@10,1.0
q62028,R@100,1.0
q62029,nDCG@10,0.0
q62029,R@100,0.0
q62030,nDCG@10,1.0
q62030,R@100,1.0
q62031,nDCG@10,0.0
q62031,R@100,0.0
q62032,nDCG@10,0.0
q62032,R@100,1.0
q62033,nDCG@10,1.0
q62033,R@100,1.0
q62034,nDCG@10,0.0
q62034,R@100,1.0
q62035,nDCG@10,0.0
q62035,R@100,0.0
q62036,nDCG@10,0.3562071871080222
q62036,R@100,1.0
q62037,nDCG@10,0.0
q62037,R@100,0.0
q62038,nDCG@10,1.0
q62038,R@100,1.0
q62039,nDCG@10,0.0
q62039,R@100,0.0
q62040,nDCG@10,0.0
q62040,R@100,1.0
q62041,nDCG@10,1.0
q62041,R@100,1.0
q62042,nDCG@10,0.43067655807339306
q62042,R@100,1.0
q62043,nDCG@10,0.38685280723454163
q62043,R@100,1.0
q62044,nDCG@10,0.5
q62044,R@100,1.0
q62045,nDCG@10,0.0
q62045,R@100,1.0
q62046,nDCG@10,0.0
q62046,R@100,0.0
q62047,nDCG@10,1.0
q62047,R@100,1.0
q62048,nDCG@10,0.0
q62048,R@100,1.0
q62049,nDCG@10,0.6309297535714575
q62049,R@100,1.0
q62050,nDCG@10,0.6309297535714575
q62050,R@100,1.0
q62051,nDCG@10,0.0
q62051,R@100,0.0
q62052,nDCG@10,0.0
q62052,R@100,1.0
q62053,nDCG@10,0.0
q62053,R@100,0.0
q62054,nDCG@10,0.5
q62054,R@100,1.0
q62055,nDCG@10,1.0
q62055,R@100,1.0
q62056,nDCG@10,1.0
q62056,R@100,1.0
q62057,nDCG@10,0.6309297535714575
q62057,R@100,1.0
q62058,nDCG@10,1.0
q62058,R@100,1.0
q62059,nDCG@10,0.0
q62059,R@100,0.0
q62060,nDCG@10,0.43067655807339306
q62060,R@100,1.0
q62061,nDCG@10,1.0
q62061,R@100,1.0
q62062,nDCG@10,0.31546487678572877
q62062,R@100,1.0
q62063,nDCG@10,1.0
q62063,R@100,1.0
q62064,nDCG@10,0.0
q62064,R@100,1.0
q62065,nDCG@10,1.0
q62065,R@100,1.0
q62066,nDCG@10,1.0
q62066,R@100,1.0
q62067,nDCG@10,0.0
q62067,R@100,1.0
q62068,nDCG@10,0.0
q62068,R@100,0.0
q62069,nDCG@10,1.0
q62069,R@100,1.0
q62070,nDCG@10,0.0
q62070,R@100,0.0
q62071,nDCG@10,0.0
q62071,R@100,0.0
q62072,nDCG@10,0.0
q62072,R@100,0.0
q62073,nDCG@10,0.38685280723454163
q62073,R@100,1.0
q62074,nDCG@10,0.3333333333333333
q62074,R@100,1.0
q62075,nDCG@10,0.0
q62075,R@100,0.0
q62076,nDCG@10,0.0
q62076,R@100,1.0
q62077,nDCG@10,0.0
q62077,R@100,1.0
q62078,nDCG@10,1.0
q62078,R@100,1.0
q62079,nDCG@10,0.0
q62079,R@100,1.0
q62080,nDCG@10,0.0
q62080,R@100,1.0
q62081,nDCG@10,0.0
q62081,R@100,0.0
q62082,nDCG@10,0.43067655807339306
q62082,R@100,1.0
q62083,nDCG@10,0.0
q62083,R@100,1.0
q62084,nDCG@10,0.3333333333333333
q62084,R@100,1.0
q62085,nDCG@10,1.0
q62085,R@100,1.0
q62086,nDCG@10,1.0
q62086,R@100,1.0
q62087,nDCG@10,0.0
q62087,R@100,0.0
q62088,nDCG@10,1.0
q62088,R@100,1.0
q62089,nDCG@10,1.0
q62089,R@100,1.0
q62090,nDCG@10,0.0
q62090,R@100,0.0
q62091,nDCG@10,0.0
q62091,R@100,0.0
q62092,nDCG@10,0.6309297535714575
q62092,R@100,1.0
q62093,nDCG@10,0.0
q62093,R@100,0.0
q62094,nDCG@10,0.6309297535714575
q62094,R@100,1.0
q62095,nDCG@10,0.6309297535714575
q62095,R@100,1.0
q62096,nDCG@10,0.0
q62096,R@100,0.0
q62097,nDCG@10,0.0
q62097,R@100,0.0
q62098,nDCG@10,0.0
q62098,R@100,0.0
q62099,nDCG@10,0.0
q62099,R@100,1.0
q62100,nDCG@10,1.0
q62100,R@100,1.0
q62101,nDCG@10,1.0
q62101,R@100,1.0
q62102,nDCG@10,0.38685280723454163
q62102,R@100,1.0
q62103,nDCG@10,0.0
q62103,R@100,0.0
q62104,nDCG@10,1.0
q62104,R@100,1.0
q62105,nDCG@10,0.0
q62105,R@100,0.0
q62106,nDCG@10,0.5
q62106,R@100,1.0
q62107,nDCG@10,0.0
q62107,R@100,0.0
q62108,nDCG@10,0.6309297535714575
q62108,R@100,1.0
q62109,nDCG@10,0.0
q62109,R@100,1.0
q62110,nDCG@10,1.0
q62110,R@100,1.0
q62111,nDCG@10,0.3333333333333333
q62111,R@100,1.0
q62112,nDCG@10,0.0
q62112,R@100,0.0
q62113,nDCG@10,1.0
q62113,R@100,1.0
q62114,nDCG@10,0.0
q62114,R@100,1.0
q62115,nDCG@10,0.43067655807339306
q62115,R@100,1.0
q62116,nDCG@10,0.0
q62116,R@100,0.0
q62117,nDCG@10,0.38685280723454163
q62117,R@100,1.0
q62118,nDCG@10,0.0
q62118,R@100,0.0
q62119,nDCG@10,0.0
q62119,R@100,1.0
q62120,nDCG@10,0.38685280723454163
q62120,R@100,1.0
q62121,nDCG@10,0.0
q62121,R@100,0.0
q62122,nDCG@10,0.0
q62122,R@100,0.0
q62123,nDCG@10,0.0
q62123,R@100,0.0
q62124,nDCG@10,0.0
q62124,R@100,0.0
q62125,nDCG@10,1.0
q62125,R@100,1.0
q62126,nDCG@10,0.3333333333333333
q62126,R@100,1.0
q62127,nDCG@10,1.0
q62127,R@100,1.0
q62128,nDCG@10,1.0
q62128,R@100,1.0
q62129,nDCG@10,0.0
q62129,R@100,1.0
q62130,nDCG@10,0.0
q62130,R@100,0.0
q62131,nDCG@10,0.6309297535714575
q62131,R@100,1.0
q62132,nDCG@10,0.0
q62132,R@100,1.0
q62133,nDCG@10,0.0
q62133,R@100,1.0
q62134,nDCG@10,0.0
q62134,R@100,0.0
q62135,nDCG@10,0.0
q62135,R@100,0.0
q62136,nDCG@10,0.0
q62136,R@100,0.0
q62137,nDCG@10,1.0
q62137,R@100,1.0
q62138,nDCG@10,0.6309297535714575
q62138,R@100,1.0
q62139,nDCG@10,1.0
q62139,R@100,1.0
q62140,nDCG@10,0.3562071871080222
q62140,R@100,1.0
q62141,nDCG@10,0.0
q62141,R@100,1.0
q62142,nDCG@10,0.0
q62142,R@100,0.0
q62143,nDCG@10,0.0
q62143,R@100,1.0
q62144,nDCG@10,1.0
q62144,R@100,1.0
q62145,nDCG@10,0.43067655807339306
q62145,R@100,1.0
q62146,nDCG@10,0.3010299956639812
q62146,R@100,1.0
q62147,nDCG@10,1.0
q62147,R@100,1.0
q62148,nDCG@10,0.0
q62148,R@100,0.0
q62149,nDCG@10,1.0
q62149,R@100,1.0
q62150,nDCG@10,1.0
q62150,R@100,1.0
q62151,nDCG@10,0.0
q62151,R@100,0.0
q62152,nDCG@10,0.0
q62152,R@100,0.0
q62153,nDCG@10,1.0
q62153,R@100,1.0
q62154,nDCG@10,1.0
q62154,R@100,1.0
q62155,nDCG@10,0.0
q62155,R@100,0.0
q62156,nDCG@10,0.0
q62156,R@100,1.0
q62157,nDCG@10,0.0
q62157,R@100,1.0
q62158,nDCG@10,0.0
q62158,R@100,1.0
q62159,nDCG@10,1.0
q62159,R@100,1.0
q62160,nDCG@10,1.0
q62160,R@100,1.0
q62161,nDCG@10,0.0
q62161,R@100,0.0
q62162,nDCG@10,1.0
q62162,R@100,1.0
q62163,nDCG@10,0.0
q62163,R@100,1.0
q62164,nDCG@10,0.6309297535714575
q62164,R@100,1.0
q62165,nDCG@10,0.0
q62165,R@100,0.0
q62166,nDCG@10,0.0
q62166,R@100,0.0
q62167,nDCG@10,1.0
q62167,R@100,1.0
q62168,nDCG@10,0.0
q62168,R@100,1.0
q62169,nDCG@10,0.0
q62169,R@100,0.0
q62170,nDCG@10,1.0
q62170,R@100,1.0
q62171,nDCG@10,0.0
q62171,R@100,0.0
q62172,nDCG@10,1.0
q62172,R@100,1.0
q62173,nDCG@10,0.0
q62173,R@100,0.0
q62174,nDCG@10,0.0
q62174,R@100,0.0
q62175,nDCG@10,0.0
q62175,R@100,1.0
q62176,nDCG@10,0.0
q62176,R@100,1.0
q62177,nDCG@10,1.0
q62177,R@100,1.0
q62178,nDCG@10,0.0
q62178,R@100,0.0
q62179,nDCG@10,1.0
q62179,R@100,1.0
q62180,nDCG@10,0.43067655807339306
q62180,R@100,1.0
q62181,nDCG@10,0.3010299956639812
q62181,R@100,1.0
q62182,nDCG@10,0.0
q62182,R@100,0.0
q62183,nDCG@10,0.0
q62183,R@100,0.0
q62184,nDCG@10,0.0
q62184,R@100,1.0
q62185,nDCG@10,0.6309297535714575
q62185,R@100,1.0
q62186,nDCG@10,0.0
q62186,R@100,0.0
q62187,nDCG@10,0.0
q62187,R@100,1.0
q62188,nDCG@10,0.2890648263178879
q62188,R@100,1.0
q62189,nDCG@10,0.0
q62189,R@100,0.0
q62190,nDCG@10,1.0
q62190,R@100,1.0
q62191,nDCG@10,0.0
q62191,R@100,0.0
q62192,nDCG@10,0.0
q62192,R@100,0.0
q62193,nDCG@10,0.0
q62193,R@100,0.0
q62194,nDCG@10,0.0
q62194,R@100,0.0
q62195,nDCG@10,0.6309297535714575
q62195,R@100,1.0
q62196,nDCG@10,0.0
q62196,R@100,1.0
q62197,nDCG@10,0.0
q62197,R@100,1.0
q62198,nDCG@10,0.0
q62198,R@100,0.0
q62199,nDCG@10,0.0
q62199,R@100,0.0
q62200,nDCG@10,1.0
q62200,R@100,1.0
q62201,nDCG@10,1.0
q62201,R@100,1.0
q62202,nDCG@10,1.0
q62202,R@100,1.0
q62203,nDCG@10,1.0
q62203,R@100,1.0
q62204,nDCG@10,1.0
q62204,R@100,1.0
q62205,nDCG@10,1.0
q62205,R@100,1.0
q62206,nDCG@10,1.0
q62206,R@100,1.0
q62207,nDCG@10,0.0
q62207,R@100,0.0
q62208,nDCG@10,1.0
q62208,R@100,1.0
q62209,nDCG@10,0.0
q62209,R@100,0.0
q62210,nDCG@10,0.0
q62210,R@100,1.0
q62211,nDCG@10,0.0
q62211,R@100,1.0
q62212,nDCG@10,0.0
q62212,R@100,1.0
q62213,nDCG@10,1.0
q62213,R@100,1.0
q62214,nDCG@10,1.0
q62214,R@100,1.0
q62215,nDCG@10,0.0
q62215,R@100,0.0
q62216,nDCG@10,0.0
q62216,R@100,0.0
q62217,nDCG@10,1.0
q62217,R@100,1.0
q62218,nDCG@10,0.0
q62218,R@100,0.0
q62219,nDCG@10,0.6309297535714575
q62219,R@100,1.0
q62220,nDCG@10,0.3010299956639812
q62220,R@100,1.0
q62221,nDCG@10,0.2890648263178879
q62221,R@100,1.0
q62222,nDCG@10,0.0
q62222,R@100,0.0
q62223,nDCG@10,0.0
q62223,R@100,0.0
q62224,nDCG@10,0.0
q62224,R@100,0.0
q62225,nDCG@10,0.0
q62225,R@100,0.0
q62226,nDCG@10,0.0
q62226,R@100,0.0
q62227,nDCG@10,0.0
q62227,R@100,0.0
q62228,nDCG@10,0.0
q62228,R@100,0.0
q62229,nDCG@10,1.0
q62229,R@100,1.0
q62230,nDCG@10,0.0
q62230,R@100,0.0
q62231,nDCG@10,0.0
q62231,R@100,0.0
q62232,nDCG@10,0.0
q62232,R@100,0.0
q62233,nDCG@10,0.0
q62233,R@100,0.0
q62234,nDCG@10,0.6309297535714575
q62234,R@100,1.0
q62235,nDCG@10,0.38685280723454163
q62235,R@100,1.0
q62236,nDCG@10,1.0
q62236,R@100,1.0
q62237,nDCG@10,0.5
q62237,R@100,1.0
q62238,nDCG@10,0.0
q62238,R@100,0.0
q62239,nDCG@10,1.0
q62239,R@100,1.0
q62240,nDCG@10,0.0
q62240,R@100,0.0
q62241,nDCG@10,0.43067655807339306
q62241,R@100,1.0
q62242,nDCG@10,0.0
q62242,R@100,0.0
q62243,nDCG@10,1.0
q62243,R@100,1.0
q62244,nDCG@10,0.0
q62244,R@100,1.0
q62245,nDCG@10,0.0
q62245,R@100,0.0
q62246,nDCG@10,1.0
q62246,R@100,1.0
q62247,nDCG@10,0.0
q62247,R@100,0.0
q62248,nDCG@10,0.0
q62248,R@100,0.0
q62249,nDCG@10,1.0
q62249,R@100,1.0
q62250,nDCG@10,0.6309297535714575
q62250,R@100,1.0
q62251,nDCG@10,0.0
q62251,R@100,0.0
q62252,nDCG@10,0.0
q62252,R@100,0.0
q62253,nDCG@10,0.0
q62253,R@100,0.0
q62254,nDCG@10,1.0
q62254,R@100,1.0
q62255,nDCG@10,1.0
q62255,R@100,1.0
q62256,nDCG@10,0.0
q62256,R@100,0.0
q62257,nDCG@10,0.5
q62257,R@100,1.0
q62258,nDCG@10,1.0
q62258,R@100,1.0
q62259,nDCG@10,1.0
q62259,R@100,1.0
q62260,nDCG@10,0.0
q62260,R@100,1.0
q62261,nDCG@10,0.0
q62261,R@100,0.0
q62262,nDCG@10,0.0
q62262,R@100,0.0
q62263,nDCG@10,0.0
q62263,R@100,0.0
q62264,nDCG@10,0.0
q62264,R@100,1.0
q62265,nDCG@10,0.0
q62265,R@100,0.0
q62266,nDCG@10,0.0
q62266,R@100,0.0
q62267,nDCG@10,1.0
q62267,R@100,1.0
q62268,nDCG@10,1.0
q62268,R@100,1.0
q62269,nDCG@10,0.0
q62269,R@100,1.0
q62270,nDCG@10,1.0
q62270,R@100,1.0
q62271,nDCG@10,0.5
q62271,R@100,1.0
q62272,nDCG@10,0.0
q62272,R@100,0.0
q62273,nDCG@10,0.0
q62273,R@100,0.0
q62274,nDCG@10,1.0
q62274,R@100,1.0
q62275,nDCG@10,1.0
q62275,R@100,1.0
q62276,nDCG@10,1.0
q62276,R@100,1.0
q62277,nDCG@10,0.0
q62277,R@100,1.0
q62278,nDCG@10,1.0
q62278,R@100,1.0
q62279,nDCG@10,0.0
q62279,R@100,0.0
q62280,nDCG@10,0.0
q62280,R@100,1.0
q62281,nDCG@10,1.0
q62281,R@100,1.0
q62282,nDCG@10,0.0
q62282,R@100,0.0
q62283,nDCG@10,0.0
q62283,R@100,0.0
q62284,nDCG@10,0.0
q62284,R@100,0.0
q62285,nDCG@10,0.0
q62285,R@100,0.0
q62286,nDCG@10,1.0
q62286,R@100,1.0
q62287,nDCG@10,0.6309297535714575
q62287,R@100,1.0
q62288,nDCG@10,0.6309297535714575
q62288,R@100,1.0
q62289,nDCG@10,0.6309297535714575
q62289,R@100,1.0
q62290,nDCG@10,1.0
q62290,R@100,1.0
q62291,nDCG@10,1.0
q62291,R@100,1.0
q62292,nDCG@10,1.0
q62292,R@100,1.0
q62293,nDCG@10,0.3333333333333333
q62293,R@100,1.0
q62294,nDCG@10,0.0
q62294,R@100,1.0
q62295,nDCG@10,1.0
q62295,R@100,1.0
q62296,nDCG@10,0.0
q62296,R@100,1.0
q62297,nDCG@10,0.0
q62297,R@100,0.0
q62298,nDCG@10,1.0
q62298,R@100,1.0
q62299,nDCG@10,0.0
q62299,R@100,0.0
q62300,nDCG@10,0.0
q62300,R@100,0.0
q62301,nDCG@10,0.0
q62301,R@100,0.0
q62302,nDCG@10,0.3333333333333333
q62302,R@100,1.0
q62303,nDCG@10,1.0
q62303,R@100,1.0
q62304,nDCG@10,1.0
q62304,R@100,1.0
q62305,nDCG@10,1.0
q62305,R@100,1.0
q62306,nDCG@10,0.6309297535714575
q62306,R@100,1.0
q62307,nDCG@10,0.0
q62307,R@100,0.0
q62308,nDCG@10,1.0
q62308,R@100,1.0
q62309,nDCG@10,0.0
q62309,R@100,0.0
q62310,nDCG@10,0.0
q62310,R@100,1.0
q62311,nDCG@10,0.0
q62311,R@100,1.0
q62312,nDCG@10,1.0
q62312,R@100,1.0
q62313,nDCG@10,0.6309297535714575
q62313,R@100,1.0
q62314,nDCG@10,0.38685280723454163
q62314,R@100,1.0
q62315,nDCG@10,0.6309297535714575
q62315,R@100,1.0
q62316,nDCG@10,0.5
q62316,R@100,1.0
q62317,nDCG@10,0.0
q62317,R@100,0.0
q62318,nDCG@10,0.0
q62318,R@100,0.0
q62319,nDCG@10,0.0
q62319,R@100,1.0
q62320,nDCG@10,0.6309297535714575
q62320,R@100,1.0
q62321,nDCG@10,0.6309297535714575
q62321,R@100,1.0
q62322,nDCG@10,0.0
q62322,R@100,0.0
q62323,nDCG@10,1.0
q62323,R@100,1.0
q62324,nDCG@10,0.0
q62324,R@100,0.0
q62325,nDCG@10,0.0
q62325,R@100,1.0
q62326,nDCG@10,1.0
q62326,R@100,1.0
q62327,nDCG@10,1.0
q62327,R@100,1.0
q62328,nDCG@10,0.0
q62328,R@100,0.0
q62329,nDCG@10,1.0
q62329,R@100,1.0
q62330,nDCG@10,0.5
q62330,R@100,1.0
q62331,nDCG@10,0.0
q62331,R@100,0.0
q62332,nDCG@10,0.0
q62332,R@100,0.0
q62333,nDCG@10,0.5
q62333,R@100,1.0
q62334,nDCG@10,0.0
q62334,R@100,0.0
q62335,nDCG@10,0.6309297535714575
q62335,R@100,1.0
q62336,nDCG@10,0.6309297535714575
q62336,R@100,1.0
q62337,nDCG@10,1.0
q62337,R@100,1.0
q62338,nDCG@10,0.0
q62338,R@100,1.0
q62339,nDCG@10,0.0
q62339,R@100,0.0
q62340,nDCG@10,1.0
q62340,R@100,1.0
q62341,nDCG@10,1.0
q62341,R@100,1.0
q62342,nDCG@10,1.0
q62342,R@100,1.0
q62343,nDCG@10,0.0
q62343,R@100,0.0
q62344,nDCG@10,1.0
q62344,R@100,1.0
q62345,nDCG@10,1.0
q62345,R@100,1.0
q62346,nDCG@10,1.0
q62346,R@100,1.0
q62347,nDCG@10,1.0
q62347,R@100,1.0
q62348,nDCG@10,1.0
q62348,R@100,1.0
q62349,nDCG@10,0.38685280723454163
q62349,R@100,1.0
q62350,nDCG@10,0.6309297535714575
q62350,R@100,1.0
q62351,nDCG@10,1.0
q62351,R@100,1.0
q62352,nDCG@10,0.38685280723454163
q62352,R@100,1.0
q62353,nDCG@10,0.0
q62353,R@100,0.0
q62354,nDCG@10,0.0
q62354,R@100,0.0
q62355,nDCG@10,0.0
q62355,R@100,0.0
q62356,nDCG@10,0.0
q62356,R@100,0.0
q62357,nDCG@10,0.0
q62357,R@100,0.0
q62358,nDCG@10,0.5
q62358,R@100,1.0
q62359,nDCG@10,0.0
q62359,R@100,1.0
q62360,nDCG@10,0.0
q62360,R@100,0.0
q62361,nDCG@10,0.43067655807339306
q62361,R@100,1.0
q62362,nDCG@10,1.0
q62362,R@100,1.0
q62363,nDCG@10,1.0
q62363,R@100,1.0
q62364,nDCG@10,0.0
q62364,R@100,1.0
q62365,nDCG@10,1.0
q62365,R@100,1.0
q62366,nDCG@10,0.0
q62366,R@100,0.0
q62367,nDCG@10,0.0
q62367,R@100,0.0
q62368,nDCG@10,0.0
q62368,R@100,0.0
q62369,nDCG@10,0.3562071871080222
q62369,R@100,1.0
q62370,nDCG@10,0.0
q62370,R@100,1.0
q62371,nDCG@10,0.0
q62371,R@100,0.0
q62372,nDCG@10,0.43067655807339306
q62372,R@100,1.0
q62373,nDCG@10,0.0
q62373,R@100,1.0
q62374,nDCG@10,1.0
q62374,R@100,1.0
q62375,nDCG@10,0.0
q62375,R@100,0.0
q62376,nDCG@10,1.0
q62376,R@100,1.0
q62377,nDCG@10,0.0
q62377,R@100,0.0
q62378,nDCG@10,1.0
q62378,R@100,1.0
q62379,nDCG@10,0.0
q62379,R@100,0.0
q62380,nDCG@10,0.38685280723454163
q62380,R@100,1.0
q62381,nDCG@10,0.5
q62381,R@100,1.0
q62382,nDCG@10,0.0
q62382,R@100,1.0
q62383,nDCG@10,0.0
q62383,R@100,0.0
q62384,nDCG@10,1.0
q62384,R@100,1.0
q62385,nDCG@10,0.6309297535714575
q62385,R@100,1.0
q62386,nDCG@10,1.0
q62386,R@100,1.0
q62387,nDCG@10,1.0
q62387,R@100,1.0
q62388,nDCG@10,0.0
q62388,R@100,0.0
q62389,nDCG@10,0.0
q62389,R@100,0.0
q62390,nDCG@10,0.6309297535714575
q62390,R@100,1.0
q62391,nDCG@10,0.3010299956639812
q62391,R@100,1.0
q62392,nDCG@10,0.6309297535714575
q62392,R@100,1.0
q62393,nDCG@10,0.0
q62393,R@100,0.0
q62394,nDCG@10,0.0
q62394,R@100,1.0
q62395,nDCG@10,1.0
q62395,R@100,1.0
q62396,nDCG@10,0.3562071871080222
q62396,R@100,1.0
q62397,nDCG@10,1.0
q62397,R@100,1.0
q62398,nDCG@10,0.3333333333333333
q62398,R@100,1.0
q62399,nDCG@10,1.0
q62399,R@100,1.0
q62400,nDCG@10,0.0
q62400,R@100,0.0
q62401,nDCG@10,0.0
q62401,R@100,1.0
q62402,nDCG@10,1.0
q62402,R@100,1.0
q62403,nDCG@10,0.0
q62403,R@100,0.0
q62404,nDCG@10,0.0
q62404,R@100,0.0
q62405,nDCG@10,1.0
q62405,R@100,1.0
q62406,nDCG@10,0.43067655807339306
q62406,R@100,1.0
q62407,nDCG@10,0.38685280723454163
q62407,R@100,1.0
q62408,nDCG@10,1.0
q62408,R@100,1.0
q62409,nDCG@10,1.0
q62409,R@100,1.0
q62410,nDCG@10,1.0
q62410,R@100,1.0
q62411,nDCG@10,1.0
q62411,R@100,1.0
q62412,nDCG@10,0.0
q62412,R@100,0.0
q62413,nDCG@10,0.0
q62413,R@100,0.0
q62414,nDCG@10,1.0
q62414,R@100,1.0
q62415,nDCG@10,0.3333333333333333
q62415,R@100,1.0
q62416,nDCG@10,0.0
q62416,R@100,0.0
q62417,nDCG@10,0.6309297535714575
q62417,R@100,1.0
q62418,nDCG@10,1.0
q62418,R@100,1.0
q62419,nDCG@10,0.0
q62419,R@100,1.0
q62420,nDCG@10,1.0
q62420,R@100,1.0
q62421,nDCG@10,0.0
q62421,R@100,0.0
q62422,nDCG@10,1.0
q62422,R@100,1.0
q62423,nDCG@10,0.0
q62423,R@100,0.0
q62424,nDCG@10,1.0
q62424,R@100,1.0
q62425,nDCG@10,1.0
q62425,R@100,1.0
q62426,nDCG@10,0.0
q62426,R@100,0.0
q62427,nDCG@10,1.0
q62427,R@100,1.0
q62428,nDCG@10,0.0
q62428,R@100,0.0
q62429,nDCG@10,0.0
q62429,R@100,1.0
q62430,nDCG@10,1.0
q62430,R@100,1.0
q62431,nDCG@10,0.6309297535714575
q62431,R@100,1.0
q62432,nDCG@10,0.6309297535714575
q62432,R@100,1.0
q62433,nDCG@10,0.0
q62433,R@100,1.0
q62434,nDCG@10,0.2890648263178879
q62434,R@100,1.0
q62435,nDCG@10,0.3562071871080222
q62435,R@100,1.0
q62436,nDCG@10,0.0
q62436,R@100,1.0
q62437,nDCG@10,0.0
q62437,R@100,0.0
q62438,nDCG@10,0.0
q62438,R@100,0.0
q62439,nDCG@10,0.0
q62439,R@100,0.0
q62440,nDCG@10,0.0
q62440,R@100,0.0
q62441,nDCG@10,0.5
q62441,R@100,1.0
q62442,nDCG@10,0.0
q62442,R@100,1.0
q62443,nDCG@10,0.0
q62443,R@100,1.0
q62444,nDCG@10,0.38685280723454163
q62444,R@100,1.0
q62445,nDCG@10,0.31546487678572877
q62445,R@100,1.0
q62446,nDCG@10,0.0
q62446,R@100,0.0
q62447,nDCG@10,0.0
q62447,R@100,0.0
q62448,nDCG@10,0.0
q62448,R@100,0.0
q62449,nDCG@10,0.6309297535714575
q62449,R@100,1.0
q62450,nDCG@10,0.0
q62450,R@100,0.0
q62451,nDCG@10,0.0
q62451,R@100,0.0
q62452,nDCG@10,0.5
q62452,R@100,1.0
q62453,nDCG@10,0.0
q62453,R@100,0.0
q62454,nDCG@10,0.0
q62454,R@100,0.0
q62455,nDCG@10,1.0
q62455,R@100,1.0
q62456,nDCG@10,0.0
q62456,R@100,1.0
q62457,nDCG@10,1.0
q62457,R@100,1.0
q62458,nDCG@10,0.0
q62458,R@100,0.0
q62459,nDCG@10,1.0
q62459,R@100,1.0
q62460,nDCG@10,0.0
q62460,R@100,1.0
q62461,nDCG@10,0.31546487678572877
q62461,R@100,1.0
q62462,nDCG@10,0.0
q62462,R@100,0.0
q62463,nDCG@10,0.0
q62463,R@100,0.0
q62464,nDCG@10,1.0
q62464,R@100,1.0
q62465,nDCG@10,1.0
q62465,R@100,1.0
q62466,nDCG@10,0.0
q62466,R@100,1.0
q62467,nDCG@10,0.0
q62467,R@100,0.0
q62468,nDCG@10,1.0
q62468,R@100,1.0
q62469,nDCG@10,0.6309297535714575
q62469,R@100,1.0
q62470,nDCG@10,0.43067655807339306
q62470,R@100,1.0
q62471,nDCG@10,1.0
q62471,R@100,1.0
q62472,nDCG@10,0.0
q62472,R@100,0.0
q62473,nDCG@10,0.0
q62473,R@100,1.0
q62474,nDCG@10,0.0
q62474,R@100,1.0
q62475,nDCG@10,0.6309297535714575
q62475,R@100,1.0
q62476,nDCG@10,1.0
q62476,R@100,1.0
q62477,nDCG@10,1.0
q62477,R@100,1.0
q62478,nDCG@10,0.0
q62478,R@100,0.0
q62479,nDCG@10,0.6309297535714575
q62479,R@100,1.0
q62480,nDCG@10,0.2890648263178879
q62480,R@100,1.0
q62481,nDCG@10,0.0
q62481,R@100,1.0
q62482,nDCG@10,1.0
q62482,R@100,1.0
q62483,nDCG@10,0.0
q62483,R@100,0.0
q62484,nDCG@10,0.6309297535714575
q62484,R@100,1.0
q62485,nDCG@10,0.0
q62485,R@100,1.0
q62486,nDCG@10,0.0
q62486,R@100,0.0
q62487,nDCG@10,1.0
q62487,R@100,1.0
q62488,nDCG@10,1.0
q62488,R@100,1.0
q62489,nDCG@10,1.0
q62489,R@100,1.0
q62490,nDCG@10,0.3333333333333333
q62490,R@100,1.0
q62491,nDCG@10,0.2890648263178879
q62491,R@100,1.0
q62492,nDCG@10,0.0
q62492,R@100,1.0
q62493,nDCG@10,0.0
q62493,R@100,0.0
q62494,nDCG@10,1.0
q62494,R@100,1.0
q62495,nDCG@10,0.5
q62495,R@100,1.0
q62496,nDCG@10,1.0
q62496,R@100,1.0
q62497,nDCG@10,1.0
q62497,R@100,1.0
q62498,nDCG@10,0.0
q62498,R@100,0.0
q62499,nDCG@10,1.0
q62499,R@100,1.0
q62500,nDCG@10,0.38685280723454163
q62500,R@100,1.0
q62501,nDCG@10,1.0
q62501,R@100,1.0
q62502,nDCG@10,0.6309297535714575
q62502,R@100,1.0
q62503,nDCG@10,1.0
q62503,R@100,1.0
q62504,nDCG@10,0.43067655807339306
q62504,R@100,1.0
q62505,nDCG@10,0.6309297535714575
q62505,R@100,1.0
q62506,nDCG@10,0.0
q62506,R@100,0.0
q62507,nDCG@10,0.0
q62507,R@100,1.0
q62508,nDCG@10,0.0
q62508,R@100,1.0
q62509,nDCG@10,1.0
q62509,R@100,1.0
q62510,nDCG@10,1.0
q62510,R@100,1.0
q62511,nDCG@10,0.31546487678572877
q62511,R@100,1.0
q62512,nDCG@10,1.0
q62512,R@100,1.0
q62513,nDCG@10,1.0
q62513,R@100,1.0
q62514,nDCG@10,1.0
q62514,R@100,1.0
q62515,nDCG@10,0.6309297535714575
q62515,R@100,1.0
q62516,nDCG@10,0.6309297535714575
q62516,R@100,1.0
q62517,nDCG@10,0.0
q62517,R@100,0.0
q62518,nDCG@10,0.0
q62518,R@100,1.0
q62519,nDCG@10,1.0
q62519,R@100,1.0
q62520,nDCG@10,0.0
q62520,R@100,0.0
q62521,nDCG@10,1.0
q62521,R@100,1.0
q62522,nDCG@10,1.0
q62522,R@100,1.0
q62523,nDCG@10,1.0
q62523,R@100,1.0
q62524,nDCG@10,1.0
q62524,R@100,1.0
q62525,nDCG@10,1.0
q62525,R@100,1.0
q62526,nDCG@10,0.0
q62526,R@100,1.0
q62527,nDCG@10,0.0
q62527,R@100,0.0
q62528,nDCG@10,0.0
q62528,R@100,1.0
q62529,nDCG@10,0.0
q62529,R@100,1.0
q62530,nDCG@10,1.0
q62530,R@100,1.0
q62531,nDCG@10,1.0
q62531,R@100,1.0
q62532,nDCG@10,1.0
q62532,R@100,1.0
q62533,nDCG@10,1.0
q62533,R@100,1.0
q62534,nDCG@10,0.0
q62534,R@100,0.0
q62535,nDCG@10,0.5
q62535,R@100,1.0
q62536,nDCG@10,1.0
q62536,R@100,1.0
q62537,nDCG@10,0.0
q62537,R@100,1.0
q62538,nDCG@10,1.0
q62538,R@100,1.0
q62539,nDCG@10,0.0
q62539,R@100,0.0
q62540,nDCG@10,0.0
q62540,R@100,0.0
q62541,nDCG@10,0.0
q62541,R@100,0.0
q62542,nDCG@10,1.0
q62542,R@100,1.0
q62543,nDCG@10,0.0
q62543,R@100,1.0
q62544,nDCG@10,1.0
q62544,R@100,1.0
q62545,nDCG@10,1.0
q62545,R@100,1.0
q62546,nDCG@10,0.0
q62546,R@100,0.0
q62547,nDCG@10,0.0
q62547,R@100,0.0
q62548,nDCG@10,0.0
q62548,R@100,0.0
q62549,nDCG@10,1.0
q62549,R@100,1.0
q62550,nDCG@10,0.0
q62550,R@100,1.0
q62551,nDCG@10,0.0
q62551,R@100,0.0
q62552,nDCG@10,0.0
q62552,R@100,1.0
q62553,nDCG@10,1.0
q62553,R@100,1.0
q62554,nDCG@10,0.0
q62554,R@100,1.0
q62555,nDCG@10,1.0
q62555,R@100,1.0
q62556,nDCG@10,1.0
q62556,R@100,1.0
q62557,nDCG@10,0.0
q62557,R@100,0.0
q62558,nDCG@10,0.38685280723454163
q62558,R@100,1.0
q62559,nDCG@10,0.6309297535714575
q62559,R@100,1.0
q62560,nDCG@10,0.0
q62560,R@100,1.0
q62561,nDCG@10,1.0
q62561,R@100,1.0
q62562,nDCG@10,0.5
q62562,R@100,1.0
q62563,nDCG@10,0.0
q62563,R@100,1.0
q62564,nDCG@10,1.0
q62564,R@100,1.0
q62565,nDCG@10,1.0
q62565,R@100,1.0
q62566,nDCG@10,0.0
q62566,R@100,0.0
q62567,nDCG@10,1.0
q62567,R@100,1.0
q62568,nDCG@10,1.0
q62568,R@100,1.0
q62569,nDCG@10,0.0
q62569,R@100,0.0
q62570,nDCG@10,0.6309297535714575
q62570,R@100,1.0
q62571,nDCG@10,1.0
q62571,R@100,1.0
q62572,nDCG@10,1.0
q62572,R@100,1.0
q62573,nDCG@10,0.2890648263178879
q62573,R@100,1.0
q62574,nDCG@10,1.0
q62574,R@100,1.0
q62575,nDCG@10,0.0
q62575,R@100,1.0
q62576,nDCG@10,1.0
q62576,R@100,1.0
q62577,nDCG@10,0.5
q62577,R@100,1.0
q62578,nDCG@10,1.0
q62578,R@100,1.0
q62579,nDCG@10,0.0
q62579,R@100,0.0
q62580,nDCG@10,0.31546487678572877
q62580,R@100,1.0
q62581,nDCG@10,0.3333333333333333
q62581,R@100,1.0
q62582,nDCG@10,1.0
q62582,R@100,1.0
q62583,nDCG@10,0.0
q62583,R@100,0.0
q62584,nDCG@10,0.0
q62584,R@100,1.0
q62585,nDCG@10,1.0
q62585,R@100,1.0
q62586,nDCG@10,1.0
q62586,R@100,1.0
q62587,nDCG@10,0.0
q62587,R@100,1.0
q62588,nDCG@10,0.0
q62588,R@100,0.0
q62589,nDCG@10,0.43067655807339306
q62589,R@100,1.0
q62590,nDCG@10,0.0
q62590,R@100,1.0
q62591,nDCG@10,0.0
q62591,R@100,0.0
q62592,nDCG@10,1.0
q62592,R@100,1.0
q62593,nDCG@10,0.0
q62593,R@100,1.0
q62594,nDCG@10,0.31546487678572877
q62594,R@100,1.0
q62595,nDCG@10,1.0
q62595,R@100,1.0
q62596,nDCG@10,0.0
q62596,R@100,0.0
q62597,nDCG@10,0.0
q62597,R@100,1.0
q62598,nDCG@10,1.0
q62598,R@100,1.0
q62599,nDCG@10,1.0
q62599,R@100,1.0
q62600,nDCG@10,0.5
q62600,R@100,1.0
q62601,nDCG@10,0.0
q62601,R@100,0.0
q62602,nDCG@10,0.0
q62602,R@100,1.0
q62603,nDCG@10,0.0
q62603,R@100,0.0
q62604,nDCG@10,0.5
q62604,R@100,1.0
q62605,nDCG@10,0.0
q62605,R@100,0.0
q62606,nDCG@10,1.0
q62606,R@100,1.0
q62607,nDCG@10,1.0
q62607,R@100,1.0
q62608,nDCG@10,0.0
q62608,R@100,0.0
q62609,nDCG@10,1.0
q62609,R@100,1.0
q62610,nDCG@10,0.0
q62610,R@100,1.0
q62611,nDCG@10,0.2890648263178879
q62611,R@100,1.0
q62612,nDCG@10,0.0
q62612,R@100,0.0
q62613,nDCG@10,0.0
q62613,R@100,0.0
q62614,nDCG@10,1.0
q62614,R@100,1.0
q62615,nDCG@10,0.0
q62615,R@100,0.0
q62616,nDCG@10,1.0
q62616,R@100,1.0
q62617,nDCG@10,0.6309297535714575
q62617,R@100,1.0
q62618,nDCG@10,0.43067655807339306
q62618,R@100,1.0
q62619,nDCG@10,0.0
q62619,R@100,0.0
q62620,nDCG@10,0.0
q62620,R@100,1.0
q62621,nDCG@10,1.0
q62621,R@100,1.0
q62622,nDCG@10,1.0
q62622,R@100,1.0
q62623,nDCG@10,0.6309297535714575
q62623,R@100,1.0
q62624,nDCG@10,0.0
q62624,R@100,0.0
q62625,nDCG@10,0.0
q62625,R@100,0.0
q62626,nDCG@10,0.0
q62626,R@100,0.0
q62627,nDCG@10,0.6309297535714575
q62627,R@100,1.0
q62628,nDCG@10,0.6309297535714575
q62628,R@100,1.0
q62629,nDCG@10,1.0
q62629,R@100,1.0
q62630,nDCG@10,0.0
q62630,R@100,0.0
q62631,nDCG@10,1.0
q62631,R@100,1.0
q62632,nDCG@10,0.5
q62632,R@100,1.0
q62633,nDCG@10,1.0
q62633,R@100,1.0
q62634,nDCG@10,0.0
q62634,R@100,0.0
q62635,nDCG@10,0.0
q62635,R@100,1.0
q62636,nDCG@10,0.0
q62636,R@100,0.0
q62637,nDCG@10,0.0
q62637,R@100,0.0
q62638,nDCG@10,0.5
q62638,R@100,1.0
q62639,nDCG@10,0.5
q62639,R@100,1.0
q62640,nDCG@10,1.0
q62640,R@100,1.0
q62641,nDCG@10,0.0
q62641,R@100,1.0
q62642,nDCG@10,0.3010299956639812
q62642,R@100,1.0
q62643,nDCG@10,0.0
q62643,R@100,1.0
q62644,nDCG@10,0.6309297535714575
q62644,R@100,1.0
q62645,nDCG@10,0.0
q62645,R@100,1.0
q62646,nDCG@10,0.0
q62646,R@100,0.0
q62647,nDCG@10,0.0
q62647,R@100,0.0
q62648,nDCG@10,0.31546487678572877
q62648,R@100,1.0
q62649,nDCG@10,0.0
q62649,R@100,0.0
q62650,nDCG@10,1.0
q62650,R@100,1.0
q62651,nDCG@10,0.0
q62651,R@100,1.0
q62652,nDCG@10,1.0
q62652,R@100,1.0
q62653,nDCG@10,0.3562071871080222
q62653,R@100,1.0
q62654,nDCG@10,0.6309297535714575
q62654,R@100,1.0
q62655,nDCG@10,1.0
q62655,R@100,1.0
q62656,nDCG@10,0.0
q62656,R@100,1.0
q62657,nDCG@10,0.0
q62657,R@100,0.0
q62658,nDCG@10,0.43067655807339306
q62658,R@100,1.0
q62659,nDCG@10,1.0
q62659,R@100,1.0
q62660,nDCG@10,1.0
q62660,R@100,1.0
q62661,nDCG@10,0.0
q62661,R@100,0.0
q62662,nDCG@10,1.0
q62662,R@100,1.0
q62663,nDCG@10,0.0
q62663,R@100,0.0
q62664,nDCG@10,0.6309297535714575
q62664,R@100,1.0
q62665,nDCG@10,0.0
q62665,R@100,1.0
q62666,nDCG@10,1.0
q62666,R@100,1.0
q62667,nDCG@10,0.0
q62667,R@100,0.0
q62668,nDCG@10,0.0
q62668,R@100,1.0
q62669,nDCG@10,0.0
q62669,R@100,0.0
q62670,nDCG@10,0.0
q62670,R@100,1.0
q62671,nDCG@10,0.0
q62671,R@100,1.0
q62672,nDCG@10,0.0
q62672,R@100,0.0
q62673,nDCG@10,1.0
q62673,R@100,1.0
q62674,nDCG@10,0.0
q62674,R@100,1.0
q62675,nDCG@10,1.0
q62675,R@100,1.0
q62676,nDCG@10,0.0
q62676,R@100,0.0
q62677,nDCG@10,0.0
q62677,R@100,0.0
q62678,nDCG@10,0.0
q62678,R@100,1.0
q62679,nDCG@10,0.0
q62679,R@100,0.0
q62680,nDCG@10,0.0
q62680,R@100,0.0
q62681,nDCG@10,1.0
q62681,R@100,1.0
q62682,nDCG@10,0.6309297535714575
q62682,R@100,1.0
q62683,nDCG@10,0.0
q62683,R@100,1.0
q62684,nDCG@10,0.0
q62684,R@100,0.0
q62685,nDCG@10,1.0
q62685,R@100,1.0
q62686,nDCG@10,0.0
q62686,R@100,0.0
q62687,nDCG@10,0.0
q62687,R@100,0.0
q62688,nDCG@10,0.0
q62688,R@100,1.0
q62689,nDCG@10,1.0
q62689,R@100,1.0
q62690,nDCG@10,0.0
q62690,R@100,0.0
q62691,nDCG@10,0.5
q62691,R@100,1.0
q62692,nDCG@10,0.0
q62692,R@100,1.0
q62693,nDCG@10,0.0
q62693,R@100,0.0
q62694,nDCG@10,1.0
q62694,R@100,1.0
q62695,nDCG@10,1.0
q62695,R@100,1.0
q62696,nDCG@10,1.0
q62696,R@100,1.0
q62697,nDCG@10,0.0
q62697,R@100,1.0
q62698,nDCG@10,1.0
q62698,R@100,1.0
q62699,nDCG@10,0.0
q62699,R@100,1.0
q62700,nDCG@10,0.6309297535714575
q62700,R@100,1.0
q62701,nDCG@10,0.0
q62701,R@100,0.0
q62702,nDCG@10,0.5
q62702,R@100,1.0
q62703,nDCG@10,0.2890648263178879
q62703,R@100,1.0
q62704,nDCG@10,0.6309297535714575
q62704,R@100,1.0
q62705,nDCG@10,0.6309297535714575
q62705,R@100,1.0
q62706,nDCG@10,0.0
q62706,R@100,0.0
q62707,nDCG@10,0.0
q62707,R@100,1.0
q62708,nDCG@10,1.0
q62708,R@100,1.0
q62709,nDCG@10,1.0
q62709,R@100,1.0
q62710,nDCG@10,0.0
q62710,R@100,0.0
q62711,nDCG@10,1.0
q62711,R@100,1.0
q62712,nDCG@10,1.0
q62712,R@100,1.0
q62713,nDCG@10,0.0
q62713,R@100,1.0
q62714,nDCG@10,0.6309297535714575
q62714,R@100,1.0
q62715,nDCG@10,0.6309297535714575
q62715,R@100,1.0
q62716,nDCG@10,0.6309297535714575
q62716,R@100,1.0
q62717,nDCG@10,0.0
q62717,R@100,0.0
q62718,nDCG@10,0.5
q62718,R@100,1.0
q62719,nDCG@10,0.5
q62719,R@100,1.0
q62720,nDCG@10,0.6309297535714575
q62720,R@100,1.0
q62721,nDCG@10,0.0
q62721,R@100,0.0
q62722,nDCG@10,0.0
q62722,R@100,1.0
q62723,nDCG@10,0.0
q62723,R@100,0.0
q62724,nDCG@10,1.0
q62724,R@100,1.0
q62725,nDCG@10,0.0
q62725,R@100,0.0
q62726,nDCG@10,1.0
q62726,R@100,1.0
q62727,nDCG@10,1.0
q62727,R@100,1.0
q62728,nDCG@10,0.0
q62728,R@100,1.0
q62729,nDCG@10,1.0
q62729,R@100,1.0
q62730,nDCG@10,0.0
q62730,R@100,0.0
q62731,nDCG@10,1.0
q62731,R@100,1.0
q62732,nDCG@10,0.6309297535714575
q62732,R@100,1.0
q62733,nDCG@10,0.2890648263178879
q62733,R@100,1.0
q62734,nDCG@10,0.0
q62734,R@100,0.0
q62735,nDCG@10,1.0
q62735,R@100,1.0
q62736,nDCG@10,0.0
q62736,R@100,0.0
q62737,nDCG@10,0.5
q62737,R@100,1.0
q62738,nDCG@10,0.0
q62738,R@100,0.0
q62739,nDCG@10,1.0
q62739,R@100,1.0
q62740,nDCG@10,1.0
q62740,R@100,1.0
q62741,nDCG@10,1.0
q62741,R@100,1.0
q62742,nDCG@10,1.0
q62742,R@100,1.0
q62743,nDCG@10,0.0
q62743,R@100,1.0
q62744,nDCG@10,1.0
q62744,R@100,1.0
q62745,nDCG@10,0.5
q62745,R@100,1.0
q62746,nDCG@10,1.0
q62746,R@100,1.0
q62747,nDCG@10,0.6309297535714575
q62747,R@100,1.0
q62748,nDCG@10,0.43067655807339306
q62748,R@100,1.0
q62749,nDCG@10,0.0
q62749,R@100,1.0
q62750,nDCG@10,1.0
q62750,R@100,1.0
q62751,nDCG@10,0.0
q62751,R@100,0.0
q62752,nDCG@10,0.0
q62752,R@100,1.0
q62753,nDCG@10,0.0
q62753,R@100,1.0
q62754,nDCG@10,0.0
q62754,R@100,0.0
q62755,nDCG@10,0.0
q62755,R@100,0.0
q62756,nDCG@10,0.43067655807339306
q62756,R@100,1.0
q62757,nDCG@10,0.0
q62757,R@100,0.0
q62758,nDCG@10,0.0
q62758,R@100,1.0
q62759,nDCG@10,0.0
q62759,R@100,1.0
q62760,nDCG@10,1.0
q62760,R@100,1.0
q62761,nDCG@10,0.0
q62761,R@100,0.0
q62762,nDCG@10,1.0
q62762,R@100,1.0
q62763,nDCG@10,0.5
q62763,R@100,1.0
q62764,nDCG@10,0.0
q62764,R@100,1.0
q62765,nDCG@10,0.6309297535714575
q62765,R@100,1.0
q62766,nDCG@10,0.6309297535714575
q62766,R@100,1.0
q62767,nDCG@10,0.6309297535714575
q62767,R@100,1.0
q62768,nDCG@10,0.0
q62768,R@100,0.0
q62769,nDCG@10,1.0
q62769,R@100,1.0
q62770,nDCG@10,0.6309297535714575
q62770,R@100,1.0
q62771,nDCG@10,1.0
q62771,R@100,1.0
q62772,nDCG@10,0.38685280723454163
q62772,R@100,1.0
q62773,nDCG@10,0.0
q62773,R@100,0.0
q62774,nDCG@10,1.0
q62774,R@100,1.0
q62775,nDCG@10,0.6309297535714575
q62775,R@100,1.0
q62776,nDCG@10,1.0
q62776,R@100,1.0
q62777,nDCG@10,1.0
q62777,R@100,1.0
q62778,nDCG@10,0.5
q62778,R@100,1.0
q62779,nDCG@10,1.0
q62779,R@100,1.0
q62780,nDCG@10,0.0
q62780,R@100,1.0
q62781,nDCG@10,1.0
q62781,R@100,1.0
q62782,nDCG@10,1.0
q62782,R@100,1.0
q62783,nDCG@10,0.0
q62783,R@100,0.0
q62784,nDCG@10,0.0
q62784,R@100,1.0
q62785,nDCG@10,0.6309297535714575
q62785,R@100,1.0
q62786,nDCG@10,1.0
q62786,R@100,1.0
q62787,nDCG@10,0.43067655807339306
q62787,R@100,1.0
q62788,nDCG@10,1.0
q62788,R@100,1.0
q62789,nDCG@10,1.0
q62789,R@100,1.0
q62790,nDCG@10,0.0
q62790,R@100,0.0
q62791,nDCG@10,0.6309297535714575
q62791,R@100,1.0
q62792,nDCG@10,1.0
q62792,R@100,1.0
q62793,nDCG@10,0.6309297535714575
q62793,R@100,1.0
q62794,nDCG@10,0.0
q62794,R@100,0.0
q62795,nDCG@10,1.0
q62795,R@100,1.0
q62796,nDCG@10,0.5
q62796,R@100,1.0
q62797,nDCG@10,0.0
q62797,R@100,0.0
q62798,nDCG@10,1.0
q62798,R@100,1.0
q62799,nDCG@10,1.0
q62799,R@100,1.0
q62800,nDCG@10,0.0
q62800,R@100,0.0
q62801,nDCG@10,0.3562071871080222
q62801,R@100,1.0
q62802,nDCG@10,1.0
q62802,R@100,1.0
q62803,nDCG@10,1.0
q62803,R@100,1.0
q62804,nDCG@10,0.6309297535714575
q62804,R@100,1.0
q62805,nDCG@10,1.0
q62805,R@100,1.0
q62806,nDCG@10,0.0
q62806,R@100,1.0
q62807,nDCG@10,1.0
q62807,R@100,1.0
q62808,nDCG@10,1.0
q62808,R@100,1.0
q62809,nDCG@10,1.0
q62809,R@100,1.0
q62810,nDCG@10,0.5
q62810,R@100,1.0
q62811,nDCG@10,0.0
q62811,R@100,1.0
q62812,nDCG@10,0.0
q62812,R@100,0.0
q62813,nDCG@10,1.0
q62813,R@100,1.0
q62814,nDCG@10,0.0
q62814,R@100,0.0
q62815,nDCG@10,1.0
q62815,R@100,1.0
q62816,nDCG@10,0.0
q62816,R@100,0.0
q62817,nDCG@10,0.0
q62817,R@100,0.0
q62818,nDCG@10,0.3333333333333333
q62818,R@100,1.0
q62819,nDCG@10,0.3562071871080222
q62819,R@100,1.0
q62820,nDCG@10,0.0
q62820,R@100,1.0
q62821,nDCG@10,0.0
q62821,R@100,0.0
q62822,nDCG@10,0.6309297535714575
q62822,R@100,1.0
q62823,nDCG@10,0.0
q62823,R@100,0.0
q62824,nDCG@10,0.0
q62824,R@100,1.0
q62825,nDCG@10,0.0
q62825,R@100,1.0
q62826,nDCG@10,1.0
q62826,R@100,1.0
q62827,nDCG@10,0.0
q62827,R@100,0.0
q62828,nDCG@10,1.0
q62828,R@100,1.0
q62829,nDCG@10,0.0
q62829,R@100,1.0
q62830,nDCG@10,1.0
q62830,R@100,1.0
q62831,nDCG@10,0.5
q62831,R@100,1.0
q62832,nDCG@10,0.0
q62832,R@100,0.0
q62833,nDCG@10,0.0
q62833,R@100,0.0
q62834,nDCG@10,1.0
q62834,R@100,1.0
q62835,nDCG@10,0.0
q62835,R@100,1.0
q62836,nDCG@10,1.0
q62836,R@100,1.0
q62837,nDCG@10,0.0
q62837,R@100,0.0
q62838,nDCG@10,0.3333333333333333
q62838,R@100,1.0
q62839,nDCG@10,1.0
q62839,R@100,1.0
q62840,nDCG@10,1.0
q62840,R@100,1.0
q62841,nDCG@10,0.0
q62841,R@100,0.0
q62842,nDCG@10,0.6309297535714575
q62842,R@100,1.0
q62843,nDCG@10,0.0
q62843,R@100,0.0
q62844,nDCG@10,0.0
q62844,R@100,1.0
q62845,nDCG@10,0.0
q62845,R@100,0.0
q62846,nDCG@10,0.38685280723454163
q62846,R@100,1.0
q62847,nDCG@10,0.3562071871080222
q62847,R@100,1.0
q62848,nDCG@10,0.0
q62848,R@100,0.0
q62849,nDCG@10,0.0
q62849,R@100,1.0
q62850,nDCG@10,0.0
q62850,R@100,1.0
q62851,nDCG@10,0.0
q62851,R@100,0.0
q62852,nDCG@10,1.0
q62852,R@100,1.0
q62853,nDCG@10,1.0
q62853,R@100,1.0
q62854,nDCG@10,1.0
q62854,R@100,1.0
q62855,nDCG@10,0.6309297535714575
q62855,R@100,1.0
q62856,nDCG@10,0.5
q62856,R@100,1.0
q62857,nDCG@10,0.0
q62857,R@100,0.0
q62858,nDCG@10,0.0
q62858,R@100,1.0
q62859,nDCG@10,1.0
q62859,R@100,1.0
q62860,nDCG@10,0.43067655807339306
q62860,R@100,1.0
q62861,nDCG@10,0.0
q62861,R@100,1.0
q62862,nDCG@10,0.0
q62862,R@100,1.0
q62863,nDCG@10,0.5
q62863,R@100,1.0
q62864,nDCG@10,0.2890648263178879
q62864,R@100,1.0
q62865,nDCG@10,0.0
q62865,R@100,0.0
q62866,nDCG@10,1.0
q62866,R@100,1.0
q62867,nDCG@10,0.0
q62867,R@100,1.0
q62868,nDCG@10,1.0
q62868,R@100,1.0
q62869,nDCG@10,0.0
q62869,R@100,1.0
q62870,nDCG@10,0.0
q62870,R@100,0.0
q62871,nDCG@10,1.0
q62871,R@100,1.0
q62872,nDCG@10,1.0
q62872,R@100,1.0
q62873,nDCG@10,0.43067655807339306
q62873,R@100,1.0
q62874,nDCG@10,0.0
q62874,R@100,0.0
q62875,nDCG@10,1.0
q62875,R@100,1.0
q62876,nDCG@10,0.0
q62876,R@100,1.0
q62877,nDCG@10,0.0
q62877,R@100,0.0
q62878,nDCG@10,0.0
q62878,R@100,0.0
q62879,nDCG@10,0.0
q62879,R@100,0.0
q62880,nDCG@10,0.0
q62880,R@100,0.0
q62881,nDCG@10,1.0
q62881,R@100,1.0
q62882,nDCG@10,0.0
q62882,R@100,1.0
q62883,nDCG@10,0.0
q62883,R@100,0.0
q62884,nDCG@10,1.0
q62884,R@100,1.0
q62885,nDCG@10,0.0
q62885,R@100,1.0
q62886,nDCG@10,0.0
q62886,R@100,0.0
q62887,nDCG@10,0.6309297535714575
q62887,R@100,1.0
q62888,nDCG@10,1.0
q62888,R@100,1.0
q62889,nDCG@10,0.6309297535714575
q62889,R@100,1.0
q62890,nDCG@10,0.3333333333333333
q62890,R@100,1.0
q62891,nDCG@10,0.0
q62891,R@100,0.0
q62892,nDCG@10,1.0
q62892,R@100,1.0
q62893,nDCG@10,0.0
q62893,R@100,0.0
q62894,nDCG@10,0.0
q62894,R@100,1.0
q62895,nDCG@10,0.0
q62895,R@100,0.0
q62896,nDCG@10,1.0
q62896,R@100,1.0
q62897,nDCG@10,0.0
q62897,R@100,0.0
q62898,nDCG@10,1.0
q62898,R@100,1.0
q62899,nDCG@10,1.0
q62899,R@100,1.0
q62900,nDCG@10,1.0
q62900,R@100,1.0
q62901,nDCG@10,1.0
q62901,R@100,1.0
q62902,nDCG@10,0.0
q62902,R@100,1.0
q62903,nDCG@10,1.0
q62903,R@100,1.0
q62904,nDCG@10,0.6309297535714575
q62904,R@100,1.0
q62905,nDCG@10,0.0
q62905,R@100,0.0
q62906,nDCG@10,0.3010299956639812
q62906,R@100,1.0
q62907,nDCG@10,1.0
q62907,R@100,1.0
q62908,nDCG@10,1.0
q62908,R@100,1.0
q62909,nDCG@10,0.0
q62909,R@100,1.0
q62910,nDCG@10,0.38685280723454163
q62910,R@100,1.0
q62911,nDCG@10,0.0
q62911,R@100,0.0
q62912,nDCG@10,0.0
q62912,R@100,0.0
q62913,nDCG@10,0.6309297535714575
q62913,R@100,1.0
q62914,nDCG@10,1.0
q62914,R@100,1.0
q62915,nDCG@10,0.0
q62915,R@100,0.0
q62916,nDCG@10,0.0
q62916,R@100,1.0
q62917,nDCG@10,0.0
q62917,R@100,1.0
q62918,nDCG@10,0.6309297535714575
q62918,R@100,1.0
q62919,nDCG@10,1.0
q62919,R@100,1.0
q62920,nDCG@10,0.31546487678572877
q62920,R@100,1.0
q62921,nDCG@10,1.0
q62921,R@100,1.0
q62922,nDCG@10,0.6309297535714575
q62922,R@100,1.0
q62923,nDCG@10,0.0
q62923,R@100,0.0
q62924,nDCG@10,1.0
q62924,R@100,1.0
q62925,nDCG@10,0.0
q62925,R@100,1.0
q62926,nDCG@10,1.0
q62926,R@100,1.0
q62927,nDCG@10,0.31546487678572877
q62927,R@100,1.0
q62928,nDCG@10,0.6309297535714575
q62928,R@100,1.0
q62929,nDCG@10,1.0
q62929,R@100,1.0
q62930,nDCG@10,0.0
q62930,R@100,1.0
q62931,nDCG@10,1.0
q62931,R@100,1.0
q62932,nDCG@10,0.43067655807339306
q62932,R@100,1.0
q62933,nDCG@10,0.0
q62933,R@100,0.0
q62934,nDCG@10,0.6309297535714575
q62934,R@100,1.0
q62935,nDCG@10,0.0
q62935,R@100,0.0
q62936,nDCG@10,0.38685280723454163
q62936,R@100,1.0
q62937,nDCG@10,0.0
q62937,R@100,0.0
q62938,nDCG@10,0.0
q62938,R@100,1.0
q62939,nDCG@10,1.0
q62939,R@100,1.0
q62940,nDCG@10,1.0
q62940,R@100,1.0
q62941,nDCG@10,1.0
q62941,R@100,1.0
q62942,nDCG@10,0.31546487678572877
q62942,R@100,1.0
q62943,nDCG@10,0.6309297535714575
q62943,R@100,1.0
q62944,nDCG@10,1.0
q62944,R@100,1.0
q62945,nDCG@10,0.3010299956639812
q62945,R@100,1.0
q62946,nDCG@10,1.0
q62946,R@100,1.0
q62947,nDCG@10,0.0
q62947,R@100,1.0
q62948,nDCG@10,1.0
q62948,R@100,1.0
q62949,nDCG@10,0.0
q62949,R@100,1.0
q62950,nDCG@10,0.43067655807339306
q62950,R@100,1.0
q62951,nDCG@10,1.0
q62951,R@100,1.0
q62952,nDCG@10,0.3562071871080222
q62952,R@100,1.0
q62953,nDCG@10,0.0
q62953,R@100,0.0
q62954,nDCG@10,0.6309297535714575
q62954,R@100,1.0
q62955,nDCG@10,1.0
q62955,R@100,1.0
q62956,nDCG@10,1.0
q62956,R@100,1.0
q62957,nDCG@10,0.0
q62957,R@100,1.0
q62958,nDCG@10,0.0
q62958,R@100,0.0
q62959,nDCG@10,0.0
q62959,R@100,0.0
q62960,nDCG@10,1.0
q62960,R@100,1.0
q62961,nDCG@10,0.31546487678572877
q62961,R@100,1.0
q62962,nDCG@10,0.0
q62962,R@100,0.0
q62963,nDCG@10,1.0
q62963,R@100,1.0
q62964,nDCG@10,1.0
q62964,R@100,1.0
q62965,nDCG@10,0.3562071871080222
q62965,R@100,1.0
q62966,nDCG@10,1.0
q62966,R@100,1.0
q62967,nDCG@10,0.5
q62967,R@100,1.0
q62968,nDCG@10,0.0
q62968,R@100,1.0
q62969,nDCG@10,0.0
q62969,R@100,1.0
q62970,nDCG@10,0.38685280723454163
q62970,R@100,1.0
q62971,nDCG@10,0.0
q62971,R@100,0.0
q62972,nDCG@10,0.0
q62972,R@100,0.0
q62973,nDCG@10,0.5
q62973,R@100,1.0
q62974,nDCG@10,1.0
q62974,R@100,1.0
q62975,nDCG@10,0.6309297535714575
q62975,R@100,1.0
q62976,nDCG@10,0.0
q62976,R@100,0.0
q62977,nDCG@10,0.3333333333333333
q62977,R@100,1.0
q62978,nDCG@10,0.0
q62978,R@100,1.0
q62979,nDCG@10,0.0
q62979,R@100,1.0
q62980,nDCG@10,0.38685280723454163
q62980,R@100,1.0
q62981,nDCG@10,0.0
q62981,R@100,1.0
q62982,nDCG@10,0.0
q62982,R@100,1.0
q62983,nDCG@10,0.0
q62983,R@100,1.0
q62984,nDCG@10,1.0
q62984,R@100,1.0
q62985,nDCG@10,0.0
q62985,R@100,0.0
q62986,nDCG@10,0.6309297535714575
q62986,R@100,1.0
q62987,nDCG@10,0.0
q62987,R@100,0.0
q62988,nDCG@10,0.0
q62988,R@100,0.0
q62989,nDCG@10,0.0
q62989,R@100,0.0
q62990,nDCG@10,0.0
q62990,R@100,1.0
q62991,nDCG@10,0.5
q62991,R@100,1.0
q62992,nDCG@10,1.0
q62992,R@100,1.0
q62993,nDCG@10,1.0
q62993,R@100,1.0
q62994,nDCG@10,0.0
q62994,R@100,0.0
q62995,nDCG@10,0.0
q62995,R@100,0.0
q62996,nDCG@10,0.0
q62996,R@100,0.0
q62997,nDCG@10,0.0
q62997,R@100,0.0
q62998,nDCG@10,0.31546487678572877
q62998,R@100,1.0
q62999,nDCG@10,1.0
q62999,R@100,1.0
q63000,nDCG@10,1.0
q63000,R@100,1.0
q63001,nDCG@10,0.0
q63001,R@100,0.0
q63002,nDCG@10,0.3333333333333333
q63002,R@100,1.0
q63003,nDCG@10,0.0
q63003,R@100,1.0
q63004,nDCG@10,1.0
q63004,R@100,1.0
q63005,nDCG@10,0.31546487678572877
q63005,R@100,1.0
q63006,nDCG@10,0.0
q63006,R@100,1.0
q63007,nDCG@10,0.0
q63007,R@100,0.0
q63008,nDCG@10,0.0
q63008,R@100,0.0
q63009,nDCG@10,1.0
q63009,R@100,1.0
q63010,nDCG@10,0.0
q63010,R@100,0.0
q63011,nDCG@10,1.0
q63011,R@100,1.0
q63012,nDCG@10,0.0
q63012,R@100,1.0
q63013,nDCG@10,0.0
q63013,R@100,0.0
q63014,nDCG@10,0.0
q63014,R@100,0.0
q63015,nDCG@10,0.0
q63015,R@100,0.0
q63016,nDCG@10,0.0
q63016,R@100,0.0
q63017,nDCG@10,0.0
q63017,R@100,1.0
q63018,nDCG@10,0.0
q63018,R@100,0.0
q63019,nDCG@10,0.0
q63019,R@100,1.0
q63020,nDCG@10,0.5
q63020,R@100,1.0
q63021,nDCG@10,0.0
q63021,R@100,1.0
q63022,nDCG@10,0.0
q63022,R@100,0.0
q63023,nDCG@10,1.0
q63023,R@100,1.0
q63024,nDCG@10,0.6309297535714575
q63024,R@100,1.0
q63025,nDCG@10,0.5
q63025,R@100,1.0
q63026,nDCG@10,1.0
q63026,R@100,1.0
q63027,nDCG@10,0.0
q63027,R@100,0.0
q63028,nDCG@10,0.0
q63028,R@100,0.0
q63029,nDCG@10,0.0
q63029,R@100,1.0
q63030,nDCG@10,0.0
q63030,R@100,1.0
q63031,nDCG@10,1.0
q63031,R@100,1.0
q63032,nDCG@10,0.6309297535714575
q63032,R@100,1.0
q63033,nDCG@10,0.0
q63033,R@100,0.0
q63034,nDCG@10,0.3010299956639812
q63034,R@100,1.0
q63035,nDCG@10,1.0
q63035,R@100,1.0
q63036,nDCG@10,0.3333333333333333
q63036,R@100,1.0
q63037,nDCG@10,0.0
q63037,R@100,0.0
q63038,nDCG@10,0.0
q63038,R@100,1.0
q63039,nDCG@10,0.0
q63039,R@100,1.0
q63040,nDCG@10,0.0
q63040,R@100,0.0
q63041,nDCG@10,1.0
q63041,R@100,1.0
q63042,nDCG@10,1.0
q63042,R@100,1.0
q63043,nDCG@10,0.0
q63043,R@100,1.0
q63044,nDCG@10,1.0
q63044,R@100,1.0
q63045,nDCG@10,0.6309297535714575
q63045,R@100,1.0
q63046,nDCG@10,0.3333333333333333
q63046,R@100,1.0
q63047,nDCG@10,0.0
q63047,R@100,1.0
q63048,nDCG@10,1.0
q63048,R@100,1.0
q63049,nDCG@10,0.31546487678572877
q63049,R@100,1.0
q63050,nDCG@10,0.6309297535714575
q63050,R@100,1.0
q63051,nDCG@10,0.38685280723454163
q63051,R@100,1.0
q63052,nDCG@10,1.0
q63052,R@100,1.0
q63053,nDCG@10,0.0
q63053,R@100,0.0
q63054,nDCG@10,1.0
q63054,R@100,1.0
q63055,nDCG@10,1.0
q63055,R@100,1.0
q63056,nDCG@10,0.0
q63056,R@100,0.0
q63057,nDCG@10,1.0
q63057,R@100,1.0
q63058,nDCG@10,1.0
q63058,R@100,1.0
q63059,nDCG@10,0.0
q63059,R@100,0.0
q63060,nDCG@10,1.0
q63060,R@100,1.0
q63061,nDCG@10,0.3562071871080222
q63061,R@100,1.0
q63062,nDCG@10,0.0
q63062,R@100,0.0
q63063,nDCG@10,0.3333333333333333
q63063,R@100,1.0
q63064,nDCG@10,0.0
q63064,R@100,0.0
q63065,nDCG@10,0.6309297535714575
q63065,R@100,1.0
q63066,nDCG@10,1.0
q63066,R@100,1.0
q63067,nDCG@10,0.5
q63067,R@100,1.0
q63068,nDCG@10,0.38685280723454163
q63068,R@100,1.0
q63069,nDCG@10,0.0
q63069,R@100,0.0
q63070,nDCG@10,0.0
q63070,R@100,0.0
q63071,nDCG@10,1.0
q63071,R@100,1.0
q63072,nDCG@10,0.0
q63072,R@100,1.0
q63073,nDCG@10,0.0
q63073,R@100,1.0
q63074,nDCG@10,0.0
q63074,R@100,1.0
q63075,nDCG@10,0.0
q63075,R@100,1.0
q63076,nDCG@10,0.3333333333333333
q63076,R@100,1.0
q63077,nDCG@10,0.0
q63077,R@100,0.0
q63078,nDCG@10,0.0
q63078,R@100,0.0
q63079,nDCG@10,0.0
q63079,R@100,1.0
q63080,nDCG@10,0.0
q63080,R@100,0.0
q63081,nDCG@10,1.0
q63081,R@100,1.0
q63082,nDCG@10,0.0
q63082,R@100,0.0
q63083,nDCG@10,1.0
q63083,R@100,1.0
q63084,nDCG@10,0.6309297535714575
q63084,R@100,1.0
q63085,nDCG@10,0.0
q63085,R@100,0.0
q63086,nDCG@10,1.0
q63086,R@100,1.0
q63087,nDCG@10,0.0
q63087,R@100,1.0
q63088,nDCG@10,0.0
q63088,R@100,1.0
q63089,nDCG@10,0.6309297535714575
q63089,R@100,1.0
q63090,nDCG@10,1.0
q63090,R@100,1.0
q63091,nDCG@10,1.0
q63091,R@100,1.0
q63092,nDCG@10,1.0
q63092,R@100,1.0
q63093,nDCG@10,0.0
q63093,R@100,0.0
q63094,nDCG@10,1.0
q63094,R@100,1.0
q63095,nDCG@10,0.2890648263178879
q63095,R@100,1.0
q63096,nDCG@10,0.0
q63096,R@100,0.0
q63097,nDCG@10,1.0
q63097,R@100,1.0
q63098,nDCG@10,0.0
q63098,R@100,1.0
q63099,nDCG@10,0.0
q63099,R@100,1.0
q63100,nDCG@10,0.0
q63100,R@100,1.0
q63101,nDCG@10,0.0
q63101,R@100,1.0
q63102,nDCG@10,1.0
q63102,R@100,1.0
q63103,nDCG@10,0.0
q63103,R@100,0.0
q63104,nDCG@10,0.0
q63104,R@100,0.0
q63105,nDCG@10,0.0
q63105,R@100,1.0
q63106,nDCG@10,1.0
q63106,R@100,1.0
q63107,nDCG@10,1.0
q63107,R@100,1.0
q63108,nDCG@10,1.0
q63108,R@100,1.0
q63109,nDCG@10,1.0
q63109,R@100,1.0
q63110,nDCG@10,0.43067655807339306
q63110,R@100,1.0
q63111,nDCG@10,0.0
q63111,R@100,1.0
q63112,nDCG@10,0.3010299956639812
q63112,R@100,1.0
q63113,nDCG@10,1.0
q63113,R@100,1.0
q63114,nDCG@10,0.0
q63114,R@100,0.0
q63115,nDCG@10,0.0
q63115,R@100,1.0
q63116,nDCG@10,1.0
q63116,R@100,1.0
q63117,nDCG@10,1.0
q63117,R@100,1.0
q63118,nDCG@10,0.0
q63118,R@100,1.0
q63119,nDCG@10,0.0
q63119,R@100,0.0
q63120,nDCG@10,0.0
q63120,R@100,0.0
q63121,nDCG@10,1.0
q63121,R@100,1.0
q63122,nDCG@10,0.5
q63122,R@100,1.0
q63123,nDCG@10,1.0
q63123,R@100,1.0
q63124,nDCG@10,0.0
q63124,R@100,1.0
q63125,nDCG@10,0.0
q63125,R@100,1.0
q63126,nDCG@10,0.0
q63126,R@100,1.0
q63127,nDCG@10,0.0
q63127,R@100,0.0
q63128,nDCG@10,0.0
q63128,R@100,1.0
q63129,nDCG@10,1.0
q63129,R@100,1.0
q63130,nDCG@10,1.0
q63130,R@100,1.0
q63131,nDCG@10,0.0
q63131,R@100,1.0
q63132,nDCG@10,1.0
q63132,R@100,1.0
q63133,nDCG@10,1.0
q63133,R@100,1.0
q63134,nDCG@10,0.0
q63134,R@100,0.0
q63135,nDCG@10,1.0
q63135,R@100,1.0
q63136,nDCG@10,0.3333333333333333
q63136,R@100,1.0
q63137,nDCG@10,0.0
q63137,R@100,1.0
q63138,nDCG@10,0.0
q63138,R@100,0.0
q63139,nDCG@10,0.0
q63139,R@100,1.0
q63140,nDCG@10,0.0
q63140,R@100,0.0
q63141,nDCG@10,0.0
q63141,R@100,0.0
q63142,nDCG@10,0.0
q63142,R@100,1.0
q63143,nDCG@10,1.0
q63143,R@100,1.0
q63144,nDCG@10,0.5
q63144,R@100,1.0
q63145,nDCG@10,0.0
q63145,R@100,0.0
q63146,nDCG@10,0.6309297535714575
q63146,R@100,1.0
q63147,nDCG@10,1.0
q63147,R@100,1.0
q63148,nDCG@10,0.5
q63148,R@100,1.0
q63149,nDCG@10,0.0
q63149,R@100,0.0
q63150,nDCG@10,0.0
q63150,R@100,1.0
q63151,nDCG@10,0.5
q63151,R@100,1.0
q63152,nDCG@10,1.0
q63152,R@100,1.0
q63153,nDCG@10,0.0
q63153,R@100,1.0
q63154,nDCG@10,0.5
q63154,R@100,1.0
q63155,nDCG@10,0.0
q63155,R@100,0.0
q63156,nDCG@10,0.0
q63156,R@100,0.0
q63157,nDCG@10,0.0
q63157,R@100,0.0
q63158,nDCG@10,0.0
q63158,R@100,0.0
q63159,nDCG@10,0.0
q63159,R@100,0.0
q63160,nDCG@10,0.0
q63160,R@100,0.0
q63161,nDCG@10,0.0
q63161,R@100,0.0
q63162,nDCG@10,0.6309297535714575
q63162,R@100,1.0
q63163,nDCG@10,0.0
q63163,R@100,1.0
q63164,nDCG@10,0.6309297535714575
q63164,R@100,1.0
q63165,nDCG@10,0.31546487678572877
q63165,R@100,1.0
q63166,nDCG@10,1.0
q63166,R@100,1.0
q63167,nDCG@10,0.0
q63167,R@100,1.0
q63168,nDCG@10,0.0
q63168,R@100,0.0
q63169,nDCG@10,0.0
q63169,R@100,1.0
q63170,nDCG@10,0.5
q63170,R@100,1.0
q63171,nDCG@10,0.43067655807339306
q63171,R@100,1.0
q63172,nDCG@10,1.0
q63172,R@100,1.0
q63173,nDCG@10,0.0
q63173,R@100,0.0
q63174,nDCG@10,0.0
q63174,R@100,0.0
q63175,nDCG@10,0.0
q63175,R@100,1.0
q63176,nDCG@10,0.3333333333333333
q63176,R@100,1.0
q63177,nDCG@10,0.0
q63177,R@100,0.0
q63178,nDCG@10,1.0
q63178,R@100,1.0
q63179,nDCG@10,0.0
q63179,R@100,1.0
q63180,nDCG@10,1.0
q63180,R@100,1.0
q63181,nDCG@10,1.0
q63181,R@100,1.0
q63182,nDCG@10,0.0
q63182,R@100,1.0
q63183,nDCG@10,0.0
q63183,R@100,1.0
q63184,nDCG@10,0.0
q63184,R@100,0.0
q63185,nDCG@10,0.0
q63185,R@100,1.0
q63186,nDCG@10,1.0
q63186,R@100,1.0
q63187,nDCG@10,1.0
q63187,R@100,1.0
q63188,nDCG@10,0.0
q63188,R@100,1.0
q63189,nDCG@10,0.5
q63189,R@100,1.0
q63190,nDCG@10,1.0
q63190,R@100,1.0
q63191,nDCG@10,1.0
q63191,R@100,1.0
q63192,nDCG@10,0.0
q63192,R@100,0.0
q63193,nDCG@10,1.0
q63193,R@100,1.0
q63194,nDCG@10,0.0
q63194,R@100,0.0
q63195,nDCG@10,0.0
q63195,R@100,1.0
q63196,nDCG@10,0.0
q63196,R@100,0.0
q63197,nDCG@10,1.0
q63197,R@100,1.0
q63198,nDCG@10,1.0
q63198,R@100,1.0
q63199,nDCG@10,1.0
q63199,R@100,1.0
q63200,nDCG@10,1.0
q63200,R@100,1.0
q63201,nDCG@10,1.0
q63201,R@100,1.0
q63202,nDCG@10,1.0
q63202,R@100,1.0
q63203,nDCG@10,0.0
q63203,R@100,0.0
q63204,nDCG@10,0.3562071871080222
q63204,R@100,1.0
q63205,nDCG@10,0.0
q63205,R@100,0.0
q63206,nDCG@10,0.0
q63206,R@100,1.0
q63207,nDCG@10,0.0
q63207,R@100,0.0
q63208,nDCG@10,1.0
q63208,R@100,1.0
q63209,nDCG@10,0.6309297535714575
q63209,R@100,1.0
q63210,nDCG@10,1.0
q63210,R@100,1.0
q63211,nDCG@10,1.0
q63211,R@100,1.0
q63212,nDCG@10,0.0
q63212,R@100,1.0
q63213,nDCG@10,0.0
q63213,R@100,0.0
q63214,nDCG@10,0.0
q63214,R@100,0.0
q63215,nDCG@10,0.0
q63215,R@100,1.0
q63216,nDCG@10,0.3333333333333333
q63216,R@100,1.0
q63217,nDCG@10,1.0
q63217,R@100,1.0
q63218,nDCG@10,0.5
q63218,R@100,1.0
q63219,nDCG@10,0.0
q63219,R@100,0.0
q63220,nDCG@10,0.6309297535714575
q63220,R@100,1.0
q63221,nDCG@10,1.0
q63221,R@100,1.0
q63222,nDCG@10,1.0
q63222,R@100,1.0
q63223,nDCG@10,0.0
q63223,R@100,1.0
q63224,nDCG@10,0.0
q63224,R@100,1.0
q63225,nDCG@10,0.0
q63225,R@100,0.0
q63226,nDCG@10,0.0
q63226,R@100,0.0
q63227,nDCG@10,0.5
q63227,R@100,1.0
q63228,nDCG@10,0.2890648263178879
q63228,R@100,1.0
q63229,nDCG@10,0.6309297535714575
q63229,R@100,1.0
q63230,nDCG@10,1.0
q63230,R@100,1.0
q63231,nDCG@10,0.5
q63231,R@100,1.0
q63232,nDCG@10,1.0
q63232,R@100,1.0
q63233,nDCG@10,0.0
q63233,R@100,1.0
q63234,nDCG@10,0.0
q63234,R@100,0.0
q63235,nDCG@10,0.0
q63235,R@100,1.0
q63236,nDCG@10,0.6309297535714575
q63236,R@100,1.0
q63237,nDCG@10,0.6309297535714575
q63237,R@100,1.0
q63238,nDCG@10,1.0
q63238,R@100,1.0
q63239,nDCG@10,0.0
q63239,R@100,0.0
q63240,nDCG@10,1.0
q63240,R@100,1.0
q63241,nDCG@10,0.0
q63241,R@100,0.0
q63242,nDCG@10,1.0
q63242,R@100,1.0
q63243,nDCG@10,1.0
q63243,R@100,1.0
q63244,nDCG@10,0.2890648263178879
q63244,R@100,1.0
q63245,nDCG@10,0.5
q63245,R@100,1.0
q63246,nDCG@10,0.0
q63246,R@100,0.0
q63247,nDCG@10,1.0
q63247,R@100,1.0
q63248,nDCG@10,0.0
q63248,R@100,1.0
q63249,nDCG@10,1.0
q63249,R@100,1.0
q63250,nDCG@10,0.0
q63250,R@100,1.0
q63251,nDCG@10,1.0
q63251,R@100,1.0
q63252,nDCG@10,0.0
q63252,R@100,0.0
q63253,nDCG@10,1.0
q63253,R@100,1.0
q63254,nDCG@10,0.3562071871080222
q63254,R@100,1.0
q63255,nDCG@10,0.0
q63255,R@100,0.0
q63256,nDCG@10,0.0
q63256,R@100,0.0
q63257,nDCG@10,0.5
q63257,R@100,1.0
q63258,nDCG@10,0.3010299956639812
q63258,R@100,1.0
q63259,nDCG@10,0.5
q63259,R@100,1.0
q63260,nDCG@10,1.0
q63260,R@100,1.0
q63261,nDCG@10,0.0
q63261,R@100,0.0
q63262,nDCG@10,0.0
q63262,R@100,1.0
q63263,nDCG@10,0.5
q63263,R@100,1.0
q63264,nDCG@10,0.0
q63264,R@100,0.0
q63265,nDCG@10,0.0
q63265,R@100,0.0
q63266,nDCG@10,0.0
q63266,R@100,0.0
q63267,nDCG@10,0.0
q63267,R@100,0.0
q63268,nDCG@10,0.0
q63268,R@100,0.0
q63269,nDCG@10,0.0
q63269,R@100,0.0
q63270,nDCG@10,1.0
q63270,R@100,1.0
q63271,nDCG@10,0.0
q63271,R@100,1.0
q63272,nDCG@10,0.0
q63272,R@100,1.0
q63273,nDCG@10,1.0
q63273,R@100,1.0
q63274,nDCG@10,0.0
q63274,R@100,1.0
q63275,nDCG@10,1.0
q63275,R@100,1.0
q63276,nDCG@10,1.0
q63276,R@100,1.0
q63277,nDCG@10,0.0
q63277,R@100,0.0
q63278,nDCG@10,0.0
q63278,R@100,1.0
q63279,nDCG@10,0.6309297535714575
q63279,R@100,1.0
q63280,nDCG@10,0.5
q63280,R@100,1.0
q63281,nDCG@10,1.0
q63281,R@100,1.0
q63282,nDCG@10,0.6309297535714575
q63282,R@100,1.0
q63283,nDCG@10,0.0
q63283,R@100,0.0
q63284,nDCG@10,1.0
q63284,R@100,1.0
q63285,nDCG@10,0.0
q63285,R@100,0.0
q63286,nDCG@10,1.0
q63286,R@100,1.0
q63287,nDCG@10,0.0
q63287,R@100,0.0
q63288,nDCG@10,1.0
q63288,R@100,1.0
q63289,nDCG@10,0.3562071871080222
q63289,R@100,1.0
q63290,nDCG@10,0.0
q63290,R@100,0.0
q63291,nDCG@10,0.0
q63291,R@100,0.0
q63292,nDCG@10,0.0
q63292,R@100,1.0
q63293,nDCG@10,1.0
q63293,R@100,1.0
q63294,nDCG@10,0.3333333333333333
q63294,R@100,1.0
q63295,nDCG@10,1.0
q63295,R@100,1.0
q63296,nDCG@10,0.0
q63296,R@100,0.0
q63297,nDCG@10,1.0
q63297,R@100,1.0
q63298,nDCG@10,1.0
q63298,R@100,1.0
q63299,nDCG@10,1.0
q63299,R@100,1.0
q63300,nDCG@10,0.0
q63300,R@100,0.0
q63301,nDCG@10,0.0
q63301,R@100,0.0
q63302,nDCG@10,0.0
q63302,R@100,0.0
q63303,nDCG@10,0.3010299956639812
q63303,R@100,1.0
q63304,nDCG@10,0.0
q63304,R@100,0.0
q63305,nDCG@10,0.38685280723454163
q63305,R@100,1.0
q63306,nDCG@10,0.43067655807339306
q63306,R@100,1.0
q63307,nDCG@10,1.0
q63307,R@100,1.0
q63308,nDCG@10,0.3562071871080222
q63308,R@100,1.0
q63309,nDCG@10,1.0
q63309,R@100,1.0
q63310,nDCG@10,0.31546487678572877
q63310,R@100,1.0
q63311,nDCG@10,0.0
q63311,R@100,0.0
q63312,nDCG@10,0.0
q63312,R@100,0.0
q63313,nDCG@10,1.0
q63313,R@100,1.0
q63314,nDCG@10,1.0
q63314,R@100,1.0
q63315,nDCG@10,0.0
q63315,R@100,0.0
q63316,nDCG@10,0.43067655807339306
q63316,R@100,1.0
q63317,nDCG@10,0.0
q63317,R@100,0.0
q63318,nDCG@10,1.0
q63318,R@100,1.0
q63319,nDCG@10,1.0
q63319,R@100,1.0
q63320,nDCG@10,1.0
q63320,R@100,1.0
q63321,nDCG@10,1.0
q63321,R@100,1.0
q63322,nDCG@10,0.0
q63322,R@100,0.0
q63323,nDCG@10,0.0
q63323,R@100,0.0
q63324,nDCG@10,1.0
q63324,R@100,1.0
q63325,nDCG@10,1.0
q63325,R@100,1.0
q63326,nDCG@10,0.43067655807339306
q63326,R@100,1.0
q63327,nDCG@10,1.0
q63327,R@100,1.0
q63328,nDCG@10,1.0
q63328,R@100,1.0
q63329,nDCG@10,0.0
q63329,R@100,0.0
q63330,nDCG@10,0.5
q63330,R@100,1.0
q63331,nDCG@10,0.6309297535714575
q63331,R@100,1.0
q63332,nDCG@10,0.5
q63332,R@100,1.0
q63333,nDCG@10,0.0
q63333,R@100,1.0
q63334,nDCG@10,1.0
q63334,R@100,1.0
q63335,nDCG@10,0.6309297535714575
q63335,R@100,1.0
q63336,nDCG@10,1.0
q63336,R@100,1.0
q63337,nDCG@10,1.0
q63337,R@100,1.0
q63338,nDCG@10,1.0
q63338,R@100,1.0
q63339,nDCG@10,0.31546487678572877
q63339,R@100,1.0
q63340,nDCG@10,0.43067655807339306
q63340,R@100,1.0
q63341,nDCG@10,0.0
q63341,R@100,0.0
q63342,nDCG@10,1.0
q63342,R@100,1.0
q63343,nDCG@10,0.0
q63343,R@100,0.0
q63344,nDCG@10,0.0
q63344,R@100,1.0
q63345,nDCG@10,1.0
q63345,R@100,1.0
q63346,nDCG@10,0.0
q63346,R@100,0.0
q63347,nDCG@10,0.0
q63347,R@100,0.0
q63348,nDCG@10,0.0
q63348,R@100,0.0
q63349,nDCG@10,0.0
q63349,R@100,0.0
q63350,nDCG@10,0.0
q63350,R@100,0.0
q63351,nDCG@10,0.0
q63351,R@100,0.0
q63352,nDCG@10,1.0
q63352,R@100,1.0
q63353,nDCG@10,1.0
q63353,R@100,1.0
q63354,nDCG@10,0.0
q63354,R@100,0.0
q63355,nDCG@10,0.6309297535714575
q63355,R@100,1.0
q63356,nDCG@10,0.0
q63356,R@100,1.0
q63357,nDCG@10,1.0
q63357,R@100,1.0
q63358,nDCG@10,1.0
q63358,R@100,1.0
q63359,nDCG@10,1.0
q63359,R@100,1.0
q63360,nDCG@10,1.0
q63360,R@100,1.0
q63361,nDCG@10,1.0
q63361,R@100,1.0
q63362,nDCG@10,0.0
q63362,R@100,0.0
q63363,nDCG@10,1.0
q63363,R@100,1.0
q63364,nDCG@10,0.0
q63364,R@100,1.0
q63365,nDCG@10,0.6309297535714575
q63365,R@100,1.0
q63366,nDCG@10,1.0
q63366,R@100,1.0
q63367,nDCG@10,0.5
q63367,R@100,1.0
q63368,nDCG@10,0.0
q63368,R@100,1.0
q63369,nDCG@10,0.43067655807339306
q63369,R@100,1.0
q63370,nDCG@10,0.3562071871080222
q63370,R@100,1.0
q63371,nDCG@10,0.0
q63371,R@100,0.0
q63372,nDCG@10,0.0
q63372,R@100,0.0
q63373,nDCG@10,1.0
q63373,R@100,1.0
q63374,nDCG@10,1.0
q63374,R@100,1.0
q63375,nDCG@10,1.0
q63375,R@100,1.0
q63376,nDCG@10,1.0
q63376,R@100,1.0
q63377,nDCG@10,1.0
q63377,R@100,1.0
q63378,nDCG@10,1.0
q63378,R@100,1.0
q63379,nDCG@10,0.38685280723454163
q63379,R@100,1.0
q63380,nDCG@10,0.0
q63380,R@100,1.0
q63381,nDCG@10,0.0
q63381,R@100,0.0
q63382,nDCG@10,1.0
q63382,R@100,1.0
q63383,nDCG@10,0.6309297535714575
q63383,R@100,1.0
q63384,nDCG@10,0.38685280723454163
q63384,R@100,1.0
q63385,nDCG@10,0.0
q63385,R@100,0.0
q63386,nDCG@10,1.0
q63386,R@100,1.0
q63387,nDCG@10,0.0
q63387,R@100,1.0
q63388,nDCG@10,0.0
q63388,R@100,0.0
q63389,nDCG@10,0.0
q63389,R@100,1.0
q63390,nDCG@10,0.31546487678572877
q63390,R@100,1.0
q63391,nDCG@10,1.0
q63391,R@100,1.0
q63392,nDCG@10,1.0
q63392,R@100,1.0
q63393,nDCG@10,1.0
q63393,R@100,1.0
q63394,nDCG@10,0.5
q63394,R@100,1.0
q63395,nDCG@10,0.0
q63395,R@100,0.0
q63396,nDCG@10,0.0
q63396,R@100,0.0
q63397,nDCG@10,0.0
q63397,R@100,1.0
q63398,nDCG@10,0.0
q63398,R@100,1.0
q63399,nDCG@10,0.0
q63399,R@100,1.0
q63400,nDCG@10,0.3562071871080222
q63400,R@100,1.0
q63401,nDCG@10,1.0
q63401,R@100,1.0
q63402,nDCG@10,0.0
q63402,R@100,0.0
q63403,nDCG@10,0.0
q63403,R@100,1.0
q63404,nDCG@10,0.38685280723454163
q63404,R@100,1.0
q63405,nDCG@10,0.0
q63405,R@100,0.0
q63406,nDCG@10,0.0
q63406,R@100,0.0
q63407,nDCG@10,0.0
q63407,R@100,0.0
q63408,nDCG@10,0.0
q63408,R@100,0.0
q63409,nDCG@10,0.0
q63409,R@100,0.0
q63410,nDCG@10,0.0
q63410,R@100,0.0
q63411,nDCG@10,1.0
q63411,R@100,1.0
q63412,nDCG@10,0.0
q63412,R@100,1.0
q63413,nDCG@10,1.0
q63413,R@100,1.0
q63414,nDCG@10,1.0
q63414,R@100,1.0
q63415,nDCG@10,0.0
q63415,R@100,0.0
q63416,nDCG@10,1.0
q63416,R@100,1.0
q63417,nDCG@10,0.0
q63417,R@100,1.0
q63418,nDCG@10,0.0
q63418,R@100,0.0
q63419,nDCG@10,0.0
q63419,R@100,0.0
q63420,nDCG@10,0.0
q63420,R@100,0.0
q63421,nDCG@10,0.0
q63421,R@100,0.0
q63422,nDCG@10,1.0
q63422,R@100,1.0
q63423,nDCG@10,0.0
q63423,R@100,1.0
q63424,nDCG@10,0.0
q63424,R@100,0.0
q63425,nDCG@10,0.0
q63425,R@100,0.0
q63426,nDCG@10,1.0
q63426,R@100,1.0
q63427,nDCG@10,0.0
q63427,R@100,0.0
q63428,nDCG@10,1.0
q63428,R@100,1.0
q63429,nDCG@10,0.0
q63429,R@100,1.0
q63430,nDCG@10,1.0
q63430,R@100,1.0
q63431,nDCG@10,0.5
q63431,R@100,1.0
q63432,nDCG@10,0.0
q63432,R@100,0.0
q63433,nDCG@10,1.0
q63433,R@100,1.0
q63434,nDCG@10,0.0
q63434,R@100,1.0
q63435,nDCG@10,0.0
q63435,R@100,0.0
q63436,nDCG@10,1.0
q63436,R@100,1.0
q63437,nDCG@10,0.0
q63437,R@100,1.0
q63438,nDCG@10,1.0
q63438,R@100,1.0
q63439,nDCG@10,0.5
q63439,R@100,1.0
q63440,nDCG@10,0.0
q63440,R@100,0.0
q63441,nDCG@10,1.0
q63441,R@100,1.0
q63442,nDCG@10,1.0
q63442,R@100,1.0
q63443,nDCG@10,0.0
q63443,R@100,1.0
q63444,nDCG@10,0.0
q63444,R@100,0.0
q63445,nDCG@10,1.0
q63445,R@100,1.0
q63446,nDCG@10,0.0
q63446,R@100,0.0
q63447,nDCG@10,0.0
q63447,R@100,0.0
q63448,nDCG@10,0.0
q63448,R@100,0.0
q63449,nDCG@10,0.2890648263178879
q63449,R@100,1.0
q63450,nDCG@10,0.0
q63450,R@100,0.0
q63451,nDCG@10,0.0
q63451,R@100,0.0
q63452,nDCG@10,0.0
q63452,R@100,0.0
q63453,nDCG@10,0.0
q63453,R@100,0.0
q63454,nDCG@10,1.0
q63454,R@100,1.0
q63455,nDCG@10,0.0
q63455,R@100,0.0
q63456,nDCG@10,0.3333333333333333
q63456,R@100,1.0
q63457,nDCG@10,0.0
q63457,R@100,0.0
q63458,nDCG@10,0.5
q63458,R@100,1.0
q63459,nDCG@10,1.0
q63459,R@100,1.0
q63460,nDCG@10,1.0
q63460,R@100,1.0
q63461,nDCG@10,1.0
q63461,R@100,1.0
q63462,nDCG@10,0.0
q63462,R@100,0.0
q63463,nDCG@10,0.0
q63463,R@100,0.0
q63464,nDCG@10,0.0
q63464,R@100,1.0
q63465,nDCG@10,0.0
q63465,R@100,0.0
q63466,nDCG@10,1.0
q63466,R@100,1.0
q63467,nDCG@10,1.0
q63467,R@100,1.0
q63468,nDCG@10,0.5
q63468,R@100,1.0
q63469,nDCG@10,1.0
q63469,R@100,1.0
q63470,nDCG@10,1.0
q63470,R@100,1.0
q63471,nDCG@10,1.0
q63471,R@100,1.0
q63472,nDCG@10,1.0
q63472,R@100,1.0
q63473,nDCG@10,0.0
q63473,R@100,1.0
q63474,nDCG@10,0.31546487678572877
q63474,R@100,1.0
q63475,nDCG@10,0.6309297535714575
q63475,R@100,1.0
q63476,nDCG@10,0.0
q63476,R@100,1.0
q63477,nDCG@10,1.0
q63477,R@100,1.0
q63478,nDCG@10,0.6309297535714575
q63478,R@100,1.0
q63479,nDCG@10,1.0
q63479,R@100,1.0
q63480,nDCG@10,0.3333333333333333
q63480,R@100,1.0
q63481,nDCG@10,1.0
q63481,R@100,1.0
q63482,nDCG@10,0.0
q63482,R@100,1.0
q63483,nDCG@10,1.0
q63483,R@100,1.0
q63484,nDCG@10,0.0
q63484,R@100,0.0
q63485,nDCG@10,1.0
q63485,R@100,1.0
q63486,nDCG@10,1.0
q63486,R@100,1.0
q63487,nDCG@10,0.0
q63487,R@100,1.0
q63488,nDCG@10,0.3333333333333333
q63488,R@100,1.0
q63489,nDCG@10,1.0
q63489,R@100,1.0
q63490,nDCG@10,0.0
q63490,R@100,0.0
q63491,nDCG@10,0.0
q63491,R@100,1.0
q63492,nDCG@10,1.0
q63492,R@100,1.0
q63493,nDCG@10,0.0
q63493,R@100,0.0
q63494,nDCG@10,1.0
q63494,R@100,1.0
q63495,nDCG@10,1.0
q63495,R@100,1.0
q63496,nDCG@10,1.0
q63496,R@100,1.0
q63497,nDCG@10,0.43067655807339306
q63497,R@100,1.0
q63498,nDCG@10,0.3562071871080222
q63498,R@100,1.0
q63499,nDCG@10,0.0
q63499,R@100,0.0
q63500,nDCG@10,0.6309297535714575
q63500,R@100,1.0
q63501,nDCG@10,1.0
q63501,R@100,1.0
q63502,nDCG@10,0.43067655807339306
q63502,R@100,1.0
q63503,nDCG@10,0.0
q63503,R@100,0.0
q63504,nDCG@10,0.0
q63504,R@100,1.0
q63505,nDCG@10,0.0
q63505,R@100,0.0
q63506,nDCG@10,1.0
q63506,R@100,1.0
q63507,nDCG@10,1.0
q63507,R@100,1.0
q63508,nDCG@10,0.0
q63508,R@100,0.0
q63509,nDCG@10,0.0
q63509,R@100,1.0
q63510,nDCG@10,0.0
q63510,R@100,0.0
q63511,nDCG@10,0.0
q63511,R@100,0.0
q63512,nDCG@10,1.0
q63512,R@100,1.0
q63513,nDCG@10,0.2890648263178879
q63513,R@100,1.0
q63514,nDCG@10,0.0
q63514,R@100,1.0
q63515,nDCG@10,0.0
q63515,R@100,0.0
q63516,nDCG@10,0.0
q63516,R@100,1.0
q63517,nDCG@10,0.0
q63517,R@100,0.0
q63518,nDCG@10,0.0
q63518,R@100,0.0
q63519,nDCG@10,0.0
q63519,R@100,0.0
q63520,nDCG@10,1.0
q63520,R@100,1.0
q63521,nDCG@10,0.0
q63521,R@100,1.0
q63522,nDCG@10,1.0
q63522,R@100,1.0
q63523,nDCG@10,1.0
q63523,R@100,1.0
q63524,nDCG@10,0.38685280723454163
q63524,R@100,1.0
q63525,nDCG@10,0.0
q63525,R@100,0.0
q63526,nDCG@10,0.0
q63526,R@100,1.0
q63527,nDCG@10,0.6309297535714575
q63527,R@100,1.0
q63528,nDCG@10,0.6309297535714575
q63528,R@100,1.0
q63529,nDCG@10,1.0
q63529,R@100,1.0
q63530,nDCG@10,0.0
q63530,R@100,0.0
q63531,nDCG@10,0.0
q63531,R@100,0.0
q63532,nDCG@10,0.0
q63532,R@100,0.0
q63533,nDCG@10,1.0
q63533,R@100,1.0
q63534,nDCG@10,0.5
q63534,R@100,1.0
q63535,nDCG@10,1.0
q63535,R@100,1.0
q63536,nDCG@10,0.0
q63536,R@100,0.0
q63537,nDCG@10,0.0
q63537,R@100,0.0
q63538,nDCG@10,0.0
q63538,R@100,0.0
q63539,nDCG@10,0.5
q63539,R@100,1.0
q63540,nDCG@10,1.0
q63540,R@100,1.0
q63541,nDCG@10,1.0
q63541,R@100,1.0
q63542,nDCG@10,0.0
q63542,R@100,0.0
q63543,nDCG@10,0.0
q63543,R@100,0.0
q63544,nDCG@10,0.0
q63544,R@100,1.0
q63545,nDCG@10,0.31546487678572877
q63545,R@100,1.0
q63546,nDCG@10,1.0
q63546,R@100,1.0
q63547,nDCG@10,1.0
q63547,R@100,1.0
q63548,nDCG@10,0.38685280723454163
q63548,R@100,1.0
q63549,nDCG@10,0.43067655807339306
q63549,R@100,1.0
q63550,nDCG@10,0.2890648263178879
q63550,R@100,1.0
q63551,nDCG@10,0.0
q63551,R@100,0.0
q63552,nDCG@10,0.3333333333333333
q63552,R@100,1.0
q63553,nDCG@10,0.0
q63553,R@100,0.0
q63554,nDCG@10,0.0
q63554,R@100,0.0
q63555,nDCG@10,1.0
q63555,R@100,1.0
q63556,nDCG@10,0.0
q63556,R@100,0.0
q63557,nDCG@10,1.0
q63557,R@100,1.0
q63558,nDCG@10,1.0
q63558,R@100,1.0
q63559,nDCG@10,0.0
q63559,R@100,0.0
q63560,nDCG@10,0.0
q63560,R@100,0.0
q63561,nDCG@10,0.0
q63561,R@100,0.0
q63562,nDCG@10,0.0
q63562,R@100,1.0
q63563,nDCG@10,1.0
q63563,R@100,1.0
q63564,nDCG@10,1.0
q63564,R@100,1.0
q63565,nDCG@10,1.0
q63565,R@100,1.0
q63566,nDCG@10,0.0
q63566,R@100,1.0
q63567,nDCG@10,0.43067655807339306
q63567,R@100,1.0
q63568,nDCG@10,1.0
q63568,R@100,1.0
q63569,nDCG@10,1.0
q63569,R@100,1.0
q63570,nDCG@10,0.0
q63570,R@100,0.0
q63571,nDCG@10,0.0
q63571,R@100,1.0
q63572,nDCG@10,0.3333333333333333
q63572,R@100,1.0
q63573,nDCG@10,0.0
q63573,R@100,1.0
q63574,nDCG@10,0.6309297535714575
q63574,R@100,1.0
q63575,nDCG@10,0.6309297535714575
q63575,R@100,1.0
q63576,nDCG@10,0.0
q63576,R@100,0.0
q63577,nDCG@10,0.0
q63577,R@100,0.0
q63578,nDCG@10,0.0
q63578,R@100,0.0
q63579,nDCG@10,1.0
q63579,R@100,1.0
q63580,nDCG@10,0.5
q63580,R@100,1.0
q63581,nDCG@10,0.6309297535714575
q63581,R@100,1.0
q63582,nDCG@10,0.0
q63582,R@100,0.0
q63583,nDCG@10,0.31546487678572877
q63583,R@100,1.0
q63584,nDCG@10,1.0
q63584,R@100,1.0
q63585,nDCG@10,0.0
q63585,R@100,1.0
q63586,nDCG@10,0.0
q63586,R@100,1.0
q63587,nDCG@10,1.0
q63587,R@100,1.0
q63588,nDCG@10,0.0
q63588,R@100,0.0
q63589,nDCG@10,0.0
q63589,R@100,0.0
q63590,nDCG@10,0.0
q63590,R@100,0.0
q63591,nDCG@10,1.0
q63591,R@100,1.0
q63592,nDCG@10,0.0
q63592,R@100,0.0
q63593,nDCG@10,1.0
q63593,R@100,1.0
q63594,nDCG@10,1.0
q63594,R@100,1.0
q63595,nDCG@10,0.0
q63595,R@100,0.0
q63596,nDCG@10,1.0
q63596,R@100,1.0
q63597,nDCG@10,0.6309297535714575
q63597,R@100,1.0
q63598,nDCG@10,0.0
q63598,R@100,1.0
q63599,nDCG@10,0.5
q63599,R@100,1.0
q63600,nDCG@10,1.0
q63600,R@100,1.0
q63601,nDCG@10,0.0
q63601,R@100,0.0
q63602,nDCG@10,0.0
q63602,R@100,0.0
q63603,nDCG@10,1.0
q63603,R@100,1.0
q63604,nDCG@10,0.0
q63604,R@100,1.0
q63605,nDCG@10,0.0
q63605,R@100,1.0
q63606,nDCG@10,0.6309297535714575
q63606,R@100,1.0
q63607,nDCG@10,0.3562071871080222
q63607,R@100,1.0
q63608,nDCG@10,0.0
q63608,R@100,0.0
q63609,nDCG@10,0.0
q63609,R@100,1.0
q63610,nDCG@10,0.0
q63610,R@100,0.0
q63611,nDCG@10,0.0
q63611,R@100,1.0
q63612,nDCG@10,0.5
q63612,R@100,1.0
q63613,nDCG@10,0.0
q63613,R@100,0.0
q63614,nDCG@10,0.0
q63614,R@100,0.0
q63615,nDCG@10,1.0
q63615,R@100,1.0
q63616,nDCG@10,0.3333333333333333
q63616,R@100,1.0
q63617,nDCG@10,0.6309297535714575
q63617,R@100,1.0
q63618,nDCG@10,0.0
q63618,R@100,1.0
q63619,nDCG@10,0.0
q63619,R@100,1.0
q63620,nDCG@10,1.0
q63620,R@100,1.0
q63621,nDCG@10,1.0
q63621,R@100,1.0
q63622,nDCG@10,0.0
q63622,R@100,1.0
q63623,nDCG@10,1.0
q63623,R@100,1.0
q63624,nDCG@10,0.43067655807339306
q63624,R@100,1.0
q63625,nDCG@10,0.6309297535714575
q63625,R@100,1.0
q63626,nDCG@10,0.0
q63626,R@100,0.0
q63627,nDCG@10,1.0
q63627,R@100,1.0
q63628,nDCG@10,0.0
q63628,R@100,0.0
q63629,nDCG@10,0.3333333333333333
q63629,R@100,1.0
q63630,nDCG@10,1.0
q63630,R@100,1.0
q63631,nDCG@10,1.0
q63631,R@100,1.0
q63632,nDCG@10,1.0
q63632,R@100,1.0
q63633,nDCG@10,0.3333333333333333
q63633,R@100,1.0
q63634,nDCG@10,1.0
q63634,R@100,1.0
q63635,nDCG@10,0.6309297535714575
q63635,R@100,1.0
q63636,nDCG@10,0.0
q63636,R@100,0.0
q63637,nDCG@10,1.0
q63637,R@100,1.0
q63638,nDCG@10,0.3562071871080222
q63638,R@100,1.0
q63639,nDCG@10,1.0
q63639,R@100,1.0
q63640,nDCG@10,1.0
q63640,R@100,1.0
q63641,nDCG@10,0.0
q63641,R@100,0.0
q63642,nDCG@10,0.0
q63642,R@100,1.0
q63643,nDCG@10,1.0
q63643,R@100,1.0
q63644,nDCG@10,0.0
q63644,R@100,0.0
q63645,nDCG@10,0.0
q63645,R@100,1.0
q63646,nDCG@10,0.0
q63646,R@100,0.0
q63647,nDCG@10,0.0
q63647,R@100,0.0
q63648,nDCG@10,1.0
q63648,R@100,1.0
q63649,nDCG@10,0.0
q63649,R@100,0.0
q63650,nDCG@10,0.43067655807339306
q63650,R@100,1.0
q63651,nDCG@10,0.0
q63651,R@100,0.0
q63652,nDCG@10,0.0
q63652,R@100,0.0
q63653,nDCG@10,0.6309297535714575
q63653,R@100,1.0
q63654,nDCG@10,0.0
q63654,R@100,0.0
q63655,nDCG@10,1.0
q63655,R@100,1.0
q63656,nDCG@10,0.0
q63656,R@100,0.0
q63657,nDCG@10,0.0
q63657,R@100,0.0
q63658,nDCG@10,0.0
q63658,R@100,0.0
q63659,nDCG@10,0.0
q63659,R@100,0.0
q63660,nDCG@10,0.0
q63660,R@100,0.0
q63661,nDCG@10,1.0
q63661,R@100,1.0
q63662,nDCG@10,1.0
q63662,R@100,1.0
q63663,nDCG@10,0.6309297535714575
q63663,R@100,1.0
q63664,nDCG@10,1.0
q63664,R@100,1.0
q63665,nDCG@10,0.0
q63665,R@100,0.0
q63666,nDCG@10,1.0
q63666,R@100,1.0
q63667,nDCG@10,0.0
q63667,R@100,0.0
q63668,nDCG@10,0.6309297535714575
q63668,R@100,1.0
q63669,nDCG@10,1.0
q63669,R@100,1.0
q63670,nDCG@10,1.0
q63670,R@100,1.0
q63671,nDCG@10,0.0
q63671,R@100,0.0
q63672,nDCG@10,1.0
q63672,R@100,1.0
q63673,nDCG@10,1.0
q63673,R@100,1.0
q63674,nDCG@10,1.0
q63674,R@100,1.0
q63675,nDCG@10,1.0
q63675,R@100,1.0
q63676,nDCG@10,0.0
q63676,R@100,0.0
q63677,nDCG@10,0.0
q63677,R@100,1.0
q63678,nDCG@10,0.0
q63678,R@100,1.0
q63679,nDCG@10,0.0
q63679,R@100,1.0
q63680,nDCG@10,0.5
q63680,R@100,1.0
q63681,nDCG@10,0.0
q63681,R@100,1.0
q63682,nDCG@10,0.6309297535714575
q63682,R@100,1.0
q63683,nDCG@10,1.0
q63683,R@100,1.0
q63684,nDCG@10,0.0
q63684,R@100,1.0
q63685,nDCG@10,0.6309297535714575
q63685,R@100,1.0
q63686,nDCG@10,1.0
q63686,R@100,1.0
q63687,nDCG@10,0.0
q63687,R@100,0.0
q63688,nDCG@10,0.0
q63688,R@100,1.0
q63689,nDCG@10,0.0
q63689,R@100,0.0
q63690,nDCG@10,0.0
q63690,R@100,0.0
q63691,nDCG@10,1.0
q63691,R@100,1.0
q63692,nDCG@10,0.0
q63692,R@100,0.0
q63693,nDCG@10,1.0
q63693,R@100,1.0
q63694,nDCG@10,0.0
q63694,R@100,0.0
q63695,nDCG@10,0.0
q63695,R@100,0.0
q63696,nDCG@10,0.0
q63696,R@100,1.0
q63697,nDCG@10,0.0
q63697,R@100,0.0
q63698,nDCG@10,0.6309297535714575
q63698,R@100,1.0
q63699,nDCG@10,1.0
q63699,R@100,1.0
q63700,nDCG@10,0.0
q63700,R@100,1.0
q63701,nDCG@10,0.3333333333333333
q63701,R@100,1.0
q63702,nDCG@10,0.6309297535714575
q63702,R@100,1.0
q63703,nDCG@10,0.0
q63703,R@100,0.0
q63704,nDCG@10,0.0
q63704,R@100,0.0
q63705,nDCG@10,0.0
q63705,R@100,0.0
q63706,nDCG@10,1.0
q63706,R@100,1.0
q63707,nDCG@10,0.43067655807339306
q63707,R@100,1.0
q63708,nDCG@10,1.0
q63708,R@100,1.0
q63709,nDCG@10,1.0
q63709,R@100,1.0
q63710,nDCG@10,0.6309297535714575
q63710,R@100,1.0
q63711,nDCG@10,1.0
q63711,R@100,1.0
q63712,nDCG@10,0.6309297535714575
q63712,R@100,1.0
q63713,nDCG@10,0.5
q63713,R@100,1.0
q63714,nDCG@10,0.0
q63714,R@100,0.0
q63715,nDCG@10,1.0
q63715,R@100,1.0
q63716,nDCG@10,0.5
q63716,R@100,1.0
q63717,nDCG@10,1.0
q63717,R@100,1.0
q63718,nDCG@10,0.0
q63718,R@100,0.0
q63719,nDCG@10,0.43067655807339306
q63719,R@100,1.0
q63720,nDCG@10,0.0
q63720,R@100,1.0
q63721,nDCG@10,0.0
q63721,R@100,0.0
q63722,nDCG@10,1.0
q63722,R@100,1.0
q63723,nDCG@10,0.0
q63723,R@100,1.0
q63724,nDCG@10,0.0
q63724,R@100,0.0
q63725,nDCG@10,1.0
q63725,R@100,1.0
q63726,nDCG@10,0.0
q63726,R@100,1.0
q63727,nDCG@10,0.0
q63727,R@100,1.0
q63728,nDCG@10,1.0
q63728,R@100,1.0
q63729,nDCG@10,0.43067655807339306
q63729,R@100,1.0
q63730,nDCG@10,1.0
q63730,R@100,1.0
q63731,nDCG@10,0.2890648263178879
q63731,R@100,1.0
q63732,nDCG@10,0.0
q63732,R@100,0.0
q63733,nDCG@10,0.43067655807339306
q63733,R@100,1.0
q63734,nDCG@10,0.0
q63734,R@100,0.0
q63735,nDCG@10,0.0
q63735,R@100,0.0
q63736,nDCG@10,0.43067655807339306
q63736,R@100,1.0
q63737,nDCG@10,1.0
q63737,R@100,1.0
q63738,nDCG@10,0.0
q63738,R@100,0.0
q63739,nDCG@10,0.0
q63739,R@100,0.0
q63740,nDCG@10,1.0
q63740,R@100,1.0
q63741,nDCG@10,1.0
q63741,R@100,1.0
q63742,nDCG@10,0.2890648263178879
q63742,R@100,1.0
q63743,nDCG@10,1.0
q63743,R@100,1.0
q63744,nDCG@10,1.0
q63744,R@100,1.0
q63745,nDCG@10,1.0
q63745,R@100,1.0
q63746,nDCG@10,0.0
q63746,R@100,0.0
q63747,nDCG@10,1.0
q63747,R@100,1.0
q63748,nDCG@10,0.0
q63748,R@100,0.0
q63749,nDCG@10,0.6309297535714575
q63749,R@100,1.0
q63750,nDCG@10,0.0
q63750,R@100,0.0
q63751,nDCG@10,1.0
q63751,R@100,1.0
q63752,nDCG@10,1.0
q63752,R@100,1.0
q63753,nDCG@10,1.0
q63753,R@100,1.0
q63754,nDCG@10,0.0
q63754,R@100,0.0
q63755,nDCG@10,0.5
q63755,R@100,1.0
q63756,nDCG@10,0.6309297535714575
q63756,R@100,1.0
q63757,nDCG@10,0.0
q63757,R@100,0.0
q63758,nDCG@10,0.5
q63758,R@100,1.0
q63759,nDCG@10,0.0
q63759,R@100,0.0
q63760,nDCG@10,0.0
q63760,R@100,0.0
q63761,nDCG@10,1.0
q63761,R@100,1.0
q63762,nDCG@10,0.0
q63762,R@100,0.0
q63763,nDCG@10,0.0
q63763,R@100,0.0
q63764,nDCG@10,0.0
q63764,R@100,0.0
q63765,nDCG@10,0.5
q63765,R@100,1.0
q63766,nDCG@10,0.0
q63766,R@100,0.0
q63767,nDCG@10,1.0
q63767,R@100,1.0
q63768,nDCG@10,1.0
q63768,R@100,1.0
q63769,nDCG@10,0.0
q63769,R@100,0.0
q63770,nDCG@10,0.0
q63770,R@100,1.0
q63771,nDCG@10,0.6309297535714575
q63771,R@100,1.0
q63772,nDCG@10,0.6309297535714575
q63772,R@100,1.0
q63773,nDCG@10,1.0
q63773,R@100,1.0
q63774,nDCG@10,1.0
q63774,R@100,1.0
q63775,nDCG@10,1.0
q63775,R@100,1.0
q63776,nDCG@10,0.6309297535714575
q63776,R@100,1.0
q63777,nDCG@10,1.0
q63777,R@100,1.0
q63778,nDCG@10,1.0
q63778,R@100,1.0
q63779,nDCG@10,0.0
q63779,R@100,0.0
q63780,nDCG@10,0.0
q63780,R@100,1.0
q63781,nDCG@10,0.0
q63781,R@100,1.0
q63782,nDCG@10,1.0
q63782,R@100,1.0
q63783,nDCG@10,1.0
q63783,R@100,1.0
q63784,nDCG@10,1.0
q63784,R@100,1.0
q63785,nDCG@10,0.0
q63785,R@100,0.0
q63786,nDCG@10,0.0
q63786,R@100,0.0
q63787,nDCG@10,0.0
q63787,R@100,0.0
q63788,nDCG@10,0.0
q63788,R@100,1.0
q63789,nDCG@10,1.0
q63789,R@100,1.0
q63790,nDCG@10,0.6309297535714575
q63790,R@100,1.0
q63791,nDCG@10,0.0
q63791,R@100,0.0
q63792,nDCG@10,1.0
q63792,R@100,1.0
q63793,nDCG@10,0.0
q63793,R@100,0.0
q63794,nDCG@10,0.6309297535714575
q63794,R@100,1.0
q63795,nDCG@10,0.0
q63795,R@100,0.0
q63796,nDCG@10,0.0
q63796,R@100,0.0
q63797,nDCG@10,0.3333333333333333
q63797,R@100,1.0
q63798,nDCG@10,1.0
q63798,R@100,1.0
q63799,nDCG@10,0.5
q63799,R@100,1.0
q63800,nDCG@10,1.0
q63800,R@100,1.0
q63801,nDCG@10,0.3010299956639812
q63801,R@100,1.0
q63802,nDCG@10,0.0
q63802,R@100,0.0
q63803,nDCG@10,0.0
q63803,R@100,0.0
q63804,nDCG@10,0.0
q63804,R@100,1.0
q63805,nDCG@10,0.0
q63805,R@100,0.0
q63806,nDCG@10,0.0
q63806,R@100,1.0
q63807,nDCG@10,1.0
q63807,R@100,1.0
q63808,nDCG@10,0.3333333333333333
q63808,R@100,1.0
q63809,nDCG@10,0.0
q63809,R@100,1.0
q63810,nDCG@10,0.0
q63810,R@100,0.0
q63811,nDCG@10,1.0
q63811,R@100,1.0
q63812,nDCG@10,0.38685280723454163
q63812,R@100,1.0
q63813,nDCG@10,1.0
q63813,R@100,1.0
q63814,nDCG@10,0.0
q63814,R@100,1.0
q63815,nDCG@10,1.0
q63815,R@100,1.0
q63816,nDCG@10,0.6309297535714575
q63816,R@100,1.0
q63817,nDCG@10,1.0
q63817,R@100,1.0
q63818,nDCG@10,1.0
q63818,R@100,1.0
q63819,nDCG@10,1.0
q63819,R@100,1.0
q63820,nDCG@10,0.38685280723454163
q63820,R@100,1.0
q63821,nDCG@10,0.43067655807339306
q63821,R@100,1.0
q63822,nDCG@10,1.0
q63822,R@100,1.0
q63823,nDCG@10,0.0
q63823,R@100,0.0
q63824,nDCG@10,1.0
q63824,R@100,1.0
q63825,nDCG@10,1.0
q63825,R@100,1.0
q63826,nDCG@10,1.0
q63826,R@100,1.0
q63827,nDCG@10,0.3562071871080222
q63827,R@100,1.0
q63828,nDCG@10,0.6309297535714575
q63828,R@100,1.0
q63829,nDCG@10,0.0
q63829,R@100,0.0
q63830,nDCG@10,1.0
q63830,R@100,1.0
q63831,nDCG@10,0.0
q63831,R@100,0.0
q63832,nDCG@10,0.5
q63832,R@100,1.0
q63833,nDCG@10,0.0
q63833,R@100,0.0
q63834,nDCG@10,0.3562071871080222
q63834,R@100,1.0
q63835,nDCG@10,1.0
q63835,R@100,1.0
q63836,nDCG@10,1.0
q63836,R@100,1.0
q63837,nDCG@10,0.6309297535714575
q63837,R@100,1.0
q63838,nDCG@10,1.0
q63838,R@100,1.0
q63839,nDCG@10,0.0
q63839,R@100,0.0
q63840,nDCG@10,0.2890648263178879
q63840,R@100,1.0
q63841,nDCG@10,1.0
q63841,R@100,1.0
q63842,nDCG@10,1.0
q63842,R@100,1.0
q63843,nDCG@10,1.0
q63843,R@100,1.0
q63844,nDCG@10,0.6309297535714575
q63844,R@100,1.0
q63845,nDCG@10,0.43067655807339306
q63845,R@100,1.0
q63846,nDCG@10,1.0
q63846,R@100,1.0
q63847,nDCG@10,0.0
q63847,R@100,0.0
q63848,nDCG@10,0.0
q63848,R@100,0.0
q63849,nDCG@10,0.0
q63849,R@100,1.0
q63850,nDCG@10,0.0
q63850,R@100,0.0
q63851,nDCG@10,0.0
q63851,R@100,0.0
q63852,nDCG@10,0.6309297535714575
q63852,R@100,1.0
q63853,nDCG@10,0.6309297535714575
q63853,R@100,1.0
q63854,nDCG@10,1.0
q63854,R@100,1.0
q63855,nDCG@10,1.0
q63855,R@100,1.0
q63856,nDCG@10,0.38685280723454163
q63856,R@100,1.0
q63857,nDCG@10,0.0
q63857,R@100,0.0
q63858,nDCG@10,0.3562071871080222
q63858,R@100,1.0
q63859,nDCG@10,0.0
q63859,R@100,0.0
q63860,nDCG@10,1.0
q63860,R@100,1.0
q63861,nDCG@10,0.0
q63861,R@100,0.0
q63862,nDCG@10,0.6309297535714575
q63862,R@100,1.0
q63863,nDCG@10,0.0
q63863,R@100,1.0
q63864,nDCG@10,0.0
q63864,R@100,0.0
q63865,nDCG@10,1.0
q63865,R@100,1.0
q63866,nDCG@10,1.0
q63866,R@100,1.0
q63867,nDCG@10,0.0
q63867,R@100,0.0
q63868,nDCG@10,1.0
q63868,R@100,1.0
q63869,nDCG@10,1.0
q63869,R@100,1.0
q63870,nDCG@10,0.6309297535714575
q63870,R@100,1.0
q63871,nDCG@10,0.31546487678572877
q63871,R@100,1.0
q63872,nDCG@10,0.0
q63872,R@100,1.0
q63873,nDCG@10,0.0
q63873,R@100,0.0
q63874,nDCG@10,1.0
q63874,R@100,1.0
q63875,nDCG@10,0.2890648263178879
q63875,R@100,1.0
q63876,nDCG@10,0.0
q63876,R@100,1.0
q63877,nDCG@10,0.6309297535714575
q63877,R@100,1.0
q63878,nDCG@10,0.6309297535714575
q63878,R@100,1.0
q63879,nDCG@10,0.0
q63879,R@100,0.0
q63880,nDCG@10,0.0
q63880,R@100,1.0
q63881,nDCG@10,0.0
q63881,R@100,0.0
q63882,nDCG@10,0.6309297535714575
q63882,R@100,1.0
q63883,nDCG@10,0.6309297535714575
q63883,R@100,1.0
q63884,nDCG@10,0.0
q63884,R@100,0.0
q63885,nDCG@10,1.0
q63885,R@100,1.0
q63886,nDCG@10,0.6309297535714575
q63886,R@100,1.0
q63887,nDCG@10,0.2890648263178879
q63887,R@100,1.0
q63888,nDCG@10,0.0
q63888,R@100,1.0
q63889,nDCG@10,0.0
q63889,R@100,1.0
q63890,nDCG@10,0.6309297535714575
q63890,R@100,1.0
q63891,nDCG@10,0.0
q63891,R@100,1.0
q63892,nDCG@10,0.0
q63892,R@100,1.0
q63893,nDCG@10,0.0
q63893,R@100,1.0
q63894,nDCG@10,1.0
q63894,R@100,1.0
q63895,nDCG@10,1.0
q63895,R@100,1.0
q63896,nDCG@10,0.6309297535714575
q63896,R@100,1.0
q63897,nDCG@10,0.0
q63897,R@100,1.0
q63898,nDCG@10,0.0
q63898,R@100,1.0
q63899,nDCG@10,0.0
q63899,R@100,0.0
q63900,nDCG@10,1.0
q63900,R@100,1.0
q63901,nDCG@10,0.0
q63901,R@100,0.0
q63902,nDCG@10,1.0
q63902,R@100,1.0
q63903,nDCG@10,0.0
q63903,R@100,1.0
q63904,nDCG@10,0.0
q63904,R@100,0.0
q63905,nDCG@10,0.43067655807339306
q63905,R@100,1.0
q63906,nDCG@10,0.0
q63906,R@100,0.0
q63907,nDCG@10,0.0
q63907,R@100,1.0
q63908,nDCG@10,1.0
q63908,R@100,1.0
q63909,nDCG@10,0.43067655807339306
q63909,R@100,1.0
q63910,nDCG@10,0.0
q63910,R@100,1.0
q63911,nDCG@10,0.0
q63911,R@100,0.0
q63912,nDCG@10,1.0
q63912,R@100,1.0
q63913,nDCG@10,0.0
q63913,R@100,1.0
q63914,nDCG@10,0.0
q63914,R@100,0.0
q63915,nDCG@10,0.0
q63915,R@100,0.0
q63916,nDCG@10,0.43067655807339306
q63916,R@100,1.0
q63917,nDCG@10,0.43067655807339306
q63917,R@100,1.0
q63918,nDCG@10,0.0
q63918,R@100,0.0
q63919,nDCG@10,0.0
q63919,R@100,0.0
q63920,nDCG@10,0.0
q63920,R@100,0.0
q63921,nDCG@10,0.0
q63921,R@100,1.0
q63922,nDCG@10,0.5
q63922,R@100,1.0
q63923,nDCG@10,1.0
q63923,R@100,1.0
q63924,nDCG@10,1.0
q63924,R@100,1.0
q63925,nDCG@10,0.0
q63925,R@100,0.0
q63926,nDCG@10,0.6309297535714575
q63926,R@100,1.0
q63927,nDCG@10,1.0
q63927,R@100,1.0
q63928,nDCG@10,0.0
q63928,R@100,0.0
q63929,nDCG@10,0.6309297535714575
q63929,R@100,1.0
q63930,nDCG@10,0.0
q63930,R@100,0.0
q63931,nDCG@10,0.5
q63931,R@100,1.0
q63932,nDCG@10,0.3333333333333333
q63932,R@100,1.0
q63933,nDCG@10,0.0
q63933,R@100,0.0
q63934,nDCG@10,0.3010299956639812
q63934,R@100,1.0
q63935,nDCG@10,0.0
q63935,R@100,1.0
q63936,nDCG@10,0.0
q63936,R@100,1.0
q63937,nDCG@10,0.0
q63937,R@100,0.0
q63938,nDCG@10,0.0
q63938,R@100,0.0
q63939,nDCG@10,0.5
q63939,R@100,1.0
q63940,nDCG@10,0.5
q63940,R@100,1.0
q63941,nDCG@10,0.0
q63941,R@100,0.0
q63942,nDCG@10,1.0
q63942,R@100,1.0
q63943,nDCG@10,1.0
q63943,R@100,1.0
q63944,nDCG@10,1.0
q63944,R@100,1.0
q63945,nDCG@10,0.0
q63945,R@100,1.0
q63946,nDCG@10,0.3562071871080222
q63946,R@100,1.0
q63947,nDCG@10,0.6309297535714575
q63947,R@100,1.0
q63948,nDCG@10,1.0
q63948,R@100,1.0
q63949,nDCG@10,0.0
q63949,R@100,0.0
q63950,nDCG@10,1.0
q63950,R@100,1.0
q63951,nDCG@10,0.0
q63951,R@100,0.0
q63952,nDCG@10,0.6309297535714575
q63952,R@100,1.0
q63953,nDCG@10,0.0
q63953,R@100,1.0
q63954,nDCG@10,0.0
q63954,R@100,1.0
q63955,nDCG@10,0.0
q63955,R@100,1.0
q63956,nDCG@10,1.0
q63956,R@100,1.0
q63957,nDCG@10,1.0
q63957,R@100,1.0
q63958,nDCG@10,0.0
q63958,R@100,0.0
q63959,nDCG@10,0.0
q63959,R@100,0.0
q63960,nDCG@10,0.0
q63960,R@100,1.0
q63961,nDCG@10,0.0
q63961,R@100,1.0
q63962,nDCG@10,0.0
q63962,R@100,0.0
q63963,nDCG@10,0.43067655807339306
q63963,R@100,1.0
q63964,nDCG@10,1.0
q63964,R@100,1.0
q63965,nDCG@10,1.0
q63965,R@100,1.0
q63966,nDCG@10,1.0
q63966,R@100,1.0
q63967,nDCG@10,0.0
q63967,R@100,0.0
q63968,nDCG@10,1.0
q63968,R@100,1.0
q63969,nDCG@10,1.0
q63969,R@100,1.0
q63970,nDCG@10,0.38685280723454163
q63970,R@100,1.0
q63971,nDCG@10,1.0
q63971,R@100,1.0
q63972,nDCG@10,0.0
q63972,R@100,0.0
q63973,nDCG@10,0.0
q63973,R@100,0.0
q63974,nDCG@10,1.0
q63974,R@100,1.0
q63975,nDCG@10,1.0
q63975,R@100,1.0
q63976,nDCG@10,0.0
q63976,R@100,0.0
q63977,nDCG@10,1.0
q63977,R@100,1.0
q63978,nDCG@10,0.0
q63978,R@100,0.0
q63979,nDCG@10,0.0
q63979,R@100,1.0
q63980,nDCG@10,0.3010299956639812
q63980,R@100,1.0
q63981,nDCG@10,1.0
q63981,R@100,1.0
q63982,nDCG@10,0.0
q63982,R@100,0.0
q63983,nDCG@10,0.0
q63983,R@100,1.0
q63984,nDCG@10,0.0
q63984,R@100,1.0
q63985,nDCG@10,1.0
q63985,R@100,1.0
q63986,nDCG@10,0.0
q63986,R@100,1.0
q63987,nDCG@10,0.6309297535714575
q63987,R@100,1.0
q63988,nDCG@10,1.0
q63988,R@100,1.0
q63989,nDCG@10,1.0
q63989,R@100,1.0
q63990,nDCG@10,0.0
q63990,R@100,0.0
q63991,nDCG@10,0.6309297535714575
q63991,R@100,1.0
q63992,nDCG@10,1.0
q63992,R@100,1.0
q63993,nDCG@10,0.0
q63993,R@100,0.0
q63994,nDCG@10,0.5
q63994,R@100,1.0
q63995,nDCG@10,0.38685280723454163
q63995,R@100,1.0
q63996,nDCG@10,0.5
q63996,R@100,1.0
q63997,nDCG@10,1.0
q63997,R@100,1.0
q63998,nDCG@10,0.0
q63998,R@100,1.0
q63999,nDCG@10,0.38685280723454163
q63999,R@100,1.0
q64000,nDCG@10,0.0
q64000,R@100,0.0
q64001,nDCG@10,0.0
q64001,R@100,0.0
q64002,nDCG@10,0.0
q64002,R@100,0.0
q64003,nDCG@10,0.5
q64003,R@100,1.0
q64004,nDCG@10,1.0
q64004,R@100,1.0
q64005,nDCG@10,0.43067655807339306
q64005,R@100,1.0
q64006,nDCG@10,0.0
q64006,R@100,1.0
q64007,nDCG@10,0.0
q64007,R@100,0.0
q64008,nDCG@10,0.0
q64008,R@100,0.0
q64009,nDCG@10,1.0
q64009,R@100,1.0
q64010,nDCG@10,1.0
q64010,R@100,1.0
q64011,nDCG@10,1.0
q64011,R@100,1.0
q64012,nDCG@10,0.38685280723454163
q64012,R@100,1.0
q64013,nDCG@10,0.0
q64013,R@100,0.0
q64014,nDCG@10,1.0
q64014,R@100,1.0
q64015,nDCG@10,1.0
q64015,R@100,1.0
q64016,nDCG@10,0.0
q64016,R@100,1.0
q64017,nDCG@10,0.0
q64017,R@100,0.0
q64018,nDCG@10,0.0
q64018,R@100,1.0
q64019,nDCG@10,0.0
q64019,R@100,0.0
q64020,nDCG@10,0.0
q64020,R@100,0.0
q64021,nDCG@10,1.0
q64021,R@100,1.0
q64022,nDCG@10,0.6309297535714575
q64022,R@100,1.0
q64023,nDCG@10,0.0
q64023,R@100,1.0
q64024,nDCG@10,0.2890648263178879
q64024,R@100,1.0
q64025,nDCG@10,0.0
q64025,R@100,0.0
q64026,nDCG@10,0.0
q64026,R@100,1.0
q64027,nDCG@10,1.0
q64027,R@100,1.0
q64028,nDCG@10,0.31546487678572877
q64028,R@100,1.0
q64029,nDCG@10,0.5
q64029,R@100,1.0
q64030,nDCG@10,1.0
q64030,R@100,1.0
q64031,nDCG@10,0.6309297535714575
q64031,R@100,1.0
q64032,nDCG@10,1.0
q64032,R@100,1.0
q64033,nDCG@10,0.31546487678572877
q64033,R@100,1.0
q64034,nDCG@10,1.0
q64034,R@100,1.0
q64035,nDCG@10,0.38685280723454163
q64035,R@100,1.0
q64036,nDCG@10,0.6309297535714575
q64036,R@100,1.0
q64037,nDCG@10,0.0
q64037,R@100,1.0
q64038,nDCG@10,1.0
q64038,R@100,1.0
q64039,nDCG@10,0.3010299956639812
q64039,R@100,1.0
q64040,nDCG@10,1.0
q64040,R@100,1.0
q64041,nDCG@10,1.0
q64041,R@100,1.0
q64042,nDCG@10,0.0
q64042,R@100,0.0
q64043,nDCG@10,0.0
q64043,R@100,1.0
q64044,nDCG@10,0.0
q64044,R@100,1.0
q64045,nDCG@10,1.0
q64045,R@100,1.0
q64046,nDCG@10,0.0
q64046,R@100,1.0
q64047,nDCG@10,0.3010299956639812
q64047,R@100,1.0
q64048,nDCG@10,1.0
q64048,R@100,1.0
q64049,nDCG@10,1.0
q64049,R@100,1.0
q64050,nDCG@10,1.0
q64050,R@100,1.0
q64051,nDCG@10,0.0
q64051,R@100,1.0
q64052,nDCG@10,0.0
q64052,R@100,0.0
q64053,nDCG@10,1.0
q64053,R@100,1.0
q64054,nDCG@10,0.0
q64054,R@100,0.0
q64055,nDCG@10,1.0
q64055,R@100,1.0
q64056,nDCG@10,1.0
q64056,R@100,1.0
q64057,nDCG@10,0.0
q64057,R@100,1.0
q64058,nDCG@10,1.0
q64058,R@100,1.0
q64059,nDCG@10,0.0
q64059,R@100,0.0
q64060,nDCG@10,1.0
q64060,R@100,1.0
q64061,nDCG@10,0.0
q64061,R@100,0.0
q64062,nDCG@10,1.0
q64062,R@100,1.0
q64063,nDCG@10,0.0
q64063,R@100,0.0
q64064,nDCG@10,0.43067655807339306
q64064,R@100,1.0
q64065,nDCG@10,0.3333333333333333
q64065,R@100,1.0
q64066,nDCG@10,0.0
q64066,R@100,0.0
q64067,nDCG@10,0.0
q64067,R@100,0.0
q64068,nDCG@10,0.6309297535714575
q64068,R@100,1.0
q64069,nDCG@10,0.0
q64069,R@100,0.0
q64070,nDCG@10,0.0
q64070,R@100,0.0
q64071,nDCG@10,0.0
q64071,R@100,1.0
q64072,nDCG@10,0.0
q64072,R@100,1.0
q64073,nDCG@10,0.6309297535714575
q64073,R@100,1.0
q64074,nDCG@10,0.0
q64074,R@100,1.0
q64075,nDCG@10,0.43067655807339306
q64075,R@100,1.0
q64076,nDCG@10,0.0
q64076,R@100,0.0
q64077,nDCG@10,0.6309297535714575
q64077,R@100,1.0
q64078,nDCG@10,0.5
q64078,R@100,1.0
q64079,nDCG@10,1.0
q64079,R@100,1.0
q64080,nDCG@10,0.5
q64080,R@100,1.0
q64081,nDCG@10,0.0
q64081,R@100,0.0
q64082,nDCG@10,0.0
q64082,R@100,0.0
q64083,nDCG@10,0.6309297535714575
q64083,R@100,1.0
q64084,nDCG@10,0.0
q64084,R@100,0.0
q64085,nDCG@10,0.0
q64085,R@100,0.0
q64086,nDCG@10,0.3333333333333333
q64086,R@100,1.0
q64087,nDCG@10,0.0
q64087,R@100,1.0
q64088,nDCG@10,0.6309297535714575
q64088,R@100,1.0
q64089,nDCG@10,1.0
q64089,R@100,1.0
q64090,nDCG@10,0.43067655807339306
q64090,R@100,1.0
q64091,nDCG@10,0.3562071871080222
q64091,R@100,1.0
q64092,nDCG@10,1.0
q64092,R@100,1.0
q64093,nDCG@10,0.0
q64093,R@100,1.0
q64094,nDCG@10,0.2890648263178879
q64094,R@100,1.0
q64095,nDCG@10,0.0
q64095,R@100,1.0
q64096,nDCG@10,0.0
q64096,R@100,1.0
q64097,nDCG@10,0.0
q64097,R@100,0.0
q64098,nDCG@10,1.0
q64098,R@100,1.0
q64099,nDCG@10,0.0
q64099,R@100,0.0
q64100,nDCG@10,0.38685280723454163
q64100,R@100,1.0
q64101,nDCG@10,0.5
q64101,R@100,1.0
q64102,nDCG@10,0.0
q64102,R@100,0.0
q64103,nDCG@10,1.0
q64103,R@100,1.0
q64104,nDCG@10,0.0
q64104,R@100,0.0
q64105,nDCG@10,0.5
q64105,R@100,1.0
q64106,nDCG@10,0.0
q64106,R@100,0.0
q64107,nDCG@10,1.0
q64107,R@100,1.0
q64108,nDCG@10,0.0
q64108,R@100,1.0
q64109,nDCG@10,1.0
q64109,R@100,1.0
q64110,nDCG@10,1.0
q64110,R@100,1.0
q64111,nDCG@10,0.5
q64111,R@100,1.0
q64112,nDCG@10,0.6309297535714575
q64112,R@100,1.0
q64113,nDCG@10,0.0
q64113,R@100,0.0
q64114,nDCG@10,0.0
q64114,R@100,1.0
q64115,nDCG@10,0.0
q64115,R@100,0.0
q64116,nDCG@10,0.0
q64116,R@100,1.0
q64117,nDCG@10,1.0
q64117,R@100,1.0
q64118,nDCG@10,0.6309297535714575
q64118,R@100,1.0
q64119,nDCG@10,0.0
q64119,R@100,1.0
q64120,nDCG@10,0.6309297535714575
q64120,R@100,1.0
q64121,nDCG@10,0.0
q64121,R@100,0.0
q64122,nDCG@10,1.0
q64122,R@100,1.0
q64123,nDCG@10,1.0
q64123,R@100,1.0
q64124,nDCG@10,1.0
q64124,R@100,1.0
q64125,nDCG@10,0.0
q64125,R@100,0.0
q64126,nDCG@10,0.0
q64126,R@100,0.0
q64127,nDCG@10,1.0
q64127,R@100,1.0
q64128,nDCG@10,0.0
q64128,R@100,1.0
q64129,nDCG@10,1.0
q64129,R@100,1.0
q64130,nDCG@10,0.0
q64130,R@100,1.0
q64131,nDCG@10,1.0
q64131,R@100,1.0
q64132,nDCG@10,0.0
q64132,R@100,0.0
q64133,nDCG@10,0.0
q64133,R@100,0.0
q64134,nDCG@10,0.0
q64134,R@100,1.0
q64135,nDCG@10,1.0
q64135,R@100,1.0
q64136,nDCG@10,0.6309297535714575
q64136,R@100,1.0
q64137,nDCG@10,0.0
q64137,R@100,1.0
q64138,nDCG@10,1.0
q64138,R@100,1.0
q64139,nDCG@10,0.0
q64139,R@100,0.0
q64140,nDCG@10,0.0
q64140,R@100,0.0
q64141,nDCG@10,1.0
q64141,R@100,1.0
q64142,nDCG@10,1.0
q64142,R@100,1.0
q64143,nDCG@10,1.0
q64143,R@100,1.0
q64144,nDCG@10,0.0
q64144,R@100,0.0
q64145,nDCG@10,0.3333333333333333
q64145,R@100,1.0
q64146,nDCG@10,0.3010299956639812
q64146,R@100,1.0
q64147,nDCG@10,0.0
q64147,R@100,0.0
q64148,nDCG@10,0.0
q64148,R@100,1.0
q64149,nDCG@10,0.0
q64149,R@100,0.0
q64150,nDCG@10,0.0
q64150,R@100,0.0
q64151,nDCG@10,1.0
q64151,R@100,1.0
q64152,nDCG@10,1.0
q64152,R@100,1.0
q64153,nDCG@10,1.0
q64153,R@100,1.0
q64154,nDCG@10,0.5
q64154,R@100,1.0
q64155,nDCG@10,1.0
q64155,R@100,1.0
q64156,nDCG@10,0.0
q64156,R@100,1.0
q64157,nDCG@10,0.0
q64157,R@100,0.0
q64158,nDCG@10,0.0
q64158,R@100,0.0
q64159,nDCG@10,0.0
q64159,R@100,0.0
q64160,nDCG@10,0.5
q64160,R@100,1.0
q64161,nDCG@10,0.0
q64161,R@100,0.0
q64162,nDCG@10,0.0
q64162,R@100,0.0
q64163,nDCG@10,0.5
q64163,R@100,1.0
q64164,nDCG@10,0.0
q64164,R@100,1.0
q64165,nDCG@10,0.0
q64165,R@100,1.0
q64166,nDCG@10,0.0
q64166,R@100,0.0
q64167,nDCG@10,1.0
q64167,R@100,1.0
q64168,nDCG@10,0.0
q64168,R@100,1.0
q64169,nDCG@10,0.0
q64169,R@100,0.0
q64170,nDCG@10,0.0
q64170,R@100,0.0
q64171,nDCG@10,0.0
q64171,R@100,1.0
q64172,nDCG@10,0.6309297535714575
q64172,R@100,1.0
q64173,nDCG@10,1.0
q64173,R@100,1.0
q64174,nDCG@10,0.6309297535714575
q64174,R@100,1.0
q64175,nDCG@10,0.5
q64175,R@100,1.0
q64176,nDCG@10,0.6309297535714575
q64176,R@100,1.0
q64177,nDCG@10,0.0
q64177,R@100,0.0
q64178,nDCG@10,0.0
q64178,R@100,0.0
q64179,nDCG@10,0.0
q64179,R@100,0.0
q64180,nDCG@10,0.0
q64180,R@100,0.0
q64181,nDCG@10,0.0
q64181,R@100,1.0
q64182,nDCG@10,1.0
q64182,R@100,1.0
q64183,nDCG@10,0.0
q64183,R@100,0.0
q64184,nDCG@10,0.6309297535714575
q64184,R@100,1.0
q64185,nDCG@10,0.0
q64185,R@100,0.0
q64186,nDCG@10,0.0
q64186,R@100,0.0
q64187,nDCG@10,1.0
q64187,R@100,1.0
q64188,nDCG@10,0.0
q64188,R@100,1.0
q64189,nDCG@10,1.0
q64189,R@100,1.0
q64190,nDCG@10,0.5
q64190,R@100,1.0
q64191,nDCG@10,1.0
q64191,R@100,1.0
q64192,nDCG@10,0.0
q64192,R@100,1.0
q64193,nDCG@10,0.0
q64193,R@100,0.0
q64194,nDCG@10,1.0
q64194,R@100,1.0
q64195,nDCG@10,0.0
q64195,R@100,1.0
q64196,nDCG@10,0.6309297535714575
q64196,R@100,1.0
q64197,nDCG@10,0.0
q64197,R@100,0.0
q64198,nDCG@10,0.0
q64198,R@100,0.0
q64199,nDCG@10,0.0
q64199,R@100,0.0
q64200,nDCG@10,0.5
q64200,R@100,1.0
q64201,nDCG@10,0.0
q64201,R@100,1.0
q64202,nDCG@10,1.0
q64202,R@100,1.0
q64203,nDCG@10,1.0
q64203,R@100,1.0
q64204,nDCG@10,1.0
q64204,R@100,1.0
q64205,nDCG@10,0.43067655807339306
q64205,R@100,1.0
q64206,nDCG@10,0.6309297535714575
q64206,R@100,1.0
q64207,nDCG@10,1.0
q64207,R@100,1.0
q64208,nDCG@10,1.0
q64208,R@100,1.0
q64209,nDCG@10,1.0
q64209,R@100,1.0
q64210,nDCG@10,0.0
q64210,R@100,1.0
q64211,nDCG@10,0.5
q64211,R@100,1.0
q64212,nDCG@10,1.0
q64212,R@100,1.0
q64213,nDCG@10,1.0
q64213,R@100,1.0
q64214,nDCG@10,0.0
q64214,R@100,0.0
q64215,nDCG@10,0.0
q64215,R@100,0.0
q64216,nDCG@10,0.0
q64216,R@100,0.0
q64217,nDCG@10,0.0
q64217,R@100,0.0
q64218,nDCG@10,0.0
q64218,R@100,0.0
q64219,nDCG@10,0.0
q64219,R@100,1.0
q64220,nDCG@10,0.5
q64220,R@100,1.0
q64221,nDCG@10,1.0
q64221,R@100,1.0
q64222,nDCG@10,0.6309297535714575
q64222,R@100,1.0
q64223,nDCG@10,1.0
q64223,R@100,1.0
q64224,nDCG@10,1.0
q64224,R@100,1.0
q64225,nDCG@10,0.0
q64225,R@100,0.0
q64226,nDCG@10,0.0
q64226,R@100,0.0
q64227,nDCG@10,1.0
q64227,R@100,1.0
q64228,nDCG@10,0.5
q64228,R@100,1.0
q64229,nDCG@10,0.6309297535714575
q64229,R@100,1.0
q64230,nDCG@10,0.0
q64230,R@100,0.0
q64231,nDCG@10,0.5
q64231,R@100,1.0
q64232,nDCG@10,0.6309297535714575
q64232,R@100,1.0
q64233,nDCG@10,1.0
q64233,R@100,1.0
q64234,nDCG@10,1.0
q64234,R@100,1.0
q64235,nDCG@10,0.0
q64235,R@100,0.0
q64236,nDCG@10,0.0
q64236,R@100,1.0
q64237,nDCG@10,0.0
q64237,R@100,0.0
q64238,nDCG@10,0.3333333333333333
q64238,R@100,1.0
q64239,nDCG@10,0.0
q64239,R@100,0.0
q64240,nDCG@10,0.5
q64240,R@100,1.0
q64241,nDCG@10,0.0
q64241,R@100,1.0
q64242,nDCG@10,0.6309297535714575
q64242,R@100,1.0
q64243,nDCG@10,0.0
q64243,R@100,0.0
q64244,nDCG@10,0.0
q64244,R@100,0.0
q64245,nDCG@10,0.0
q64245,R@100,1.0
q64246,nDCG@10,1.0
q64246,R@100,1.0
q64247,nDCG@10,0.38685280723454163
q64247,R@100,1.0
q64248,nDCG@10,0.5
q64248,R@100,1.0
q64249,nDCG@10,0.0
q64249,R@100,0.0
q64250,nDCG@10,0.6309297535714575
q64250,R@100,1.0
q64251,nDCG@10,0.0
q64251,R@100,0.0
q64252,nDCG@10,1.0
q64252,R@100,1.0
q64253,nDCG@10,0.0
q64253,R@100,0.0
q64254,nDCG@10,0.0
q64254,R@100,0.0
q64255,nDCG@10,0.0
q64255,R@100,0.0
q64256,nDCG@10,0.6309297535714575
q64256,R@100,1.0
q64257,nDCG@10,0.0
q64257,R@100,0.0
q64258,nDCG@10,0.0
q64258,R@100,1.0
q64259,nDCG@10,1.0
q64259,R@100,1.0
q64260,nDCG@10,1.0
q64260,R@100,1.0
q64261,nDCG@10,0.0
q64261,R@100,1.0
q64262,nDCG@10,1.0
q64262,R@100,1.0
q64263,nDCG@10,0.0
q64263,R@100,0.0
q64264,nDCG@10,1.0
q64264,R@100,1.0
q64265,nDCG@10,0.0
q64265,R@100,0.0
q64266,nDCG@10,0.0
q64266,R@100,1.0
q64267,nDCG@10,0.0
q64267,R@100,0.0
q64268,nDCG@10,1.0
q64268,R@100,1.0
q64269,nDCG@10,1.0
q64269,R@100,1.0
q64270,nDCG@10,0.38685280723454163
q64270,R@100,1.0
q64271,nDCG@10,0.6309297535714575
q64271,R@100,1.0
q64272,nDCG@10,0.38685280723454163
q64272,R@100,1.0
q64273,nDCG@10,0.0
q64273,R@100,0.0
q64274,nDCG@10,0.0
q64274,R@100,0.0
q64275,nDCG@10,0.0
q64275,R@100,1.0
q64276,nDCG@10,1.0
q64276,R@100,1.0
q64277,nDCG@10,1.0
q64277,R@100,1.0
q64278,nDCG@10,1.0
q64278,R@100,1.0
q64279,nDCG@10,0.31546487678572877
q64279,R@100,1.0
q64280,nDCG@10,1.0
q64280,R@100,1.0
q64281,nDCG@10,0.0
q64281,R@100,0.0
q64282,nDCG@10,0.0
q64282,R@100,1.0
q64283,nDCG@10,0.0
q64283,R@100,1.0
q64284,nDCG@10,1.0
q64284,R@100,1.0
q64285,nDCG@10,0.5
q64285,R@100,1.0
q64286,nDCG@10,1.0
q64286,R@100,1.0
q64287,nDCG@10,0.0
q64287,R@100,0.0
q64288,nDCG@10,1.0
q64288,R@100,1.0
q64289,nDCG@10,0.38685280723454163
q64289,R@100,1.0
q64290,nDCG@10,1.0
q64290,R@100,1.0
q64291,nDCG@10,0.0
q64291,R@100,1.0
q64292,nDCG@10,1.0
q64292,R@100,1.0
q64293,nDCG@10,1.0
q64293,R@100,1.0
q64294,nDCG@10,1.0
q64294,R@100,1.0
q64295,nDCG@10,1.0
q64295,R@100,1.0
q64296,nDCG@10,0.5
q64296,R@100,1.0
q64297,nDCG@10,0.0
q64297,R@100,0.0
q64298,nDCG@10,1.0
q64298,R@100,1.0
q64299,nDCG@10,0.0
q64299,R@100,0.0
q64300,nDCG@10,0.0
q64300,R@100,0.0
q64301,nDCG@10,1.0
q64301,R@100,1.0
q64302,nDCG@10,0.0
q64302,R@100,0.0
q64303,nDCG@10,0.0
q64303,R@100,0.0
q64304,nDCG@10,0.38685280723454163
q64304,R@100,1.0
q64305,nDCG@10,0.0
q64305,R@100,1.0
q64306,nDCG@10,0.0
q64306,R@100,0.0
q64307,nDCG@10,0.0
q64307,R@100,0.0
q64308,nDCG@10,0.5
q64308,R@100,1.0
q64309,nDCG@10,0.0
q64309,R@100,0.0
q64310,nDCG@10,0.0
q64310,R@100,0.0
q64311,nDCG@10,1.0
q64311,R@100,1.0
q64312,nDCG@10,0.5
q64312,R@100,1.0
q64313,nDCG@10,0.0
q64313,R@100,0.0
q64314,nDCG@10,0.6309297535714575
q64314,R@100,1.0
q64315,nDCG@10,0.0
q64315,R@100,0.0
q64316,nDCG@10,0.0
q64316,R@100,0.0
q64317,nDCG@10,0.43067655807339306
q64317,R@100,1.0
q64318,nDCG@10,0.0
q64318,R@100,1.0
q64319,nDCG@10,0.5
q64319,R@100,1.0
q64320,nDCG@10,1.0
q64320,R@100,1.0
q64321,nDCG@10,0.6309297535714575
q64321,R@100,1.0
q64322,nDCG@10,0.3562071871080222
q64322,R@100,1.0
q64323,nDCG@10,1.0
q64323,R@100,1.0
q64324,nDCG@10,1.0
q64324,R@100,1.0
q64325,nDCG@10,0.0
q64325,R@100,1.0
q64326,nDCG@10,0.0
q64326,R@100,0.0
q64327,nDCG@10,1.0
q64327,R@100,1.0
q64328,nDCG@10,0.0
q64328,R@100,0.0
q64329,nDCG@10,0.38685280723454163
q64329,R@100,1.0
q64330,nDCG@10,0.0
q64330,R@100,0.0
q64331,nDCG@10,0.5
q64331,R@100,1.0
q64332,nDCG@10,0.3562071871080222
q64332,R@100,1.0
q64333,nDCG@10,0.0
q64333,R@100,1.0
q64334,nDCG@10,1.0
q64334,R@100,1.0
q64335,nDCG@10,1.0
q64335,R@100,1.0
q64336,nDCG@10,0.0
q64336,R@100,0.0
q64337,nDCG@10,1.0
q64337,R@100,1.0
q64338,nDCG@10,1.0
q64338,R@100,1.0
q64339,nDCG@10,0.0
q64339,R@100,0.0
q64340,nDCG@10,0.0
q64340,R@100,0.0
q64341,nDCG@10,0.0
q64341,R@100,1.0
q64342,nDCG@10,0.0
q64342,R@100,1.0
q64343,nDCG@10,0.0
q64343,R@100,0.0
q64344,nDCG@10,1.0
q64344,R@100,1.0
q64345,nDCG@10,1.0
q64345,R@100,1.0
q64346,nDCG@10,0.0
q64346,R@100,0.0
q64347,nDCG@10,0.0
q64347,R@100,0.0
q64348,nDCG@10,0.0
q64348,R@100,0.0
q64349,nDCG@10,0.0
q64349,R@100,1.0
q64350,nDCG@10,1.0
q64350,R@100,1.0
q64351,nDCG@10,0.43067655807339306
q64351,R@100,1.0
q64352,nDCG@10,1.0
q64352,R@100,1.0
q64353,nDCG@10,1.0
q64353,R@100,1.0
q64354,nDCG@10,1.0
q64354,R@100,1.0
q64355,nDCG@10,1.0
q64355,R@100,1.0
q64356,nDCG@10,0.0
q64356,R@100,0.0
q64357,nDCG@10,0.6309297535714575
q64357,R@100,1.0
q64358,nDCG@10,0.6309297535714575
q64358,R@100,1.0
q64359,nDCG@10,0.6309297535714575
q64359,R@100,1.0
q64360,nDCG@10,1.0
q64360,R@100,1.0
q64361,nDCG@10,0.0
q64361,R@100,1.0
q64362,nDCG@10,0.0
q64362,R@100,0.0
q64363,nDCG@10,1.0
q64363,R@100,1.0
q64364,nDCG@10,1.0
q64364,R@100,1.0
q64365,nDCG@10,1.0
q64365,R@100,1.0
q64366,nDCG@10,0.0
q64366,R@100,0.0
q64367,nDCG@10,0.0
q64367,R@100,1.0
q64368,nDCG@10,0.5
q64368,R@100,1.0
q64369,nDCG@10,1.0
q64369,R@100,1.0
q64370,nDCG@10,0.0
q64370,R@100,1.0
q64371,nDCG@10,0.0
q64371,R@100,1.0
q64372,nDCG@10,0.0
q64372,R@100,0.0
q64373,nDCG@10,0.0
q64373,R@100,0.0
q64374,nDCG@10,1.0
q64374,R@100,1.0
q64375,nDCG@10,1.0
q64375,R@100,1.0
q64376,nDCG@10,0.0
q64376,R@100,0.0
q64377,nDCG@10,1.0
q64377,R@100,1.0
q64378,nDCG@10,0.0
q64378,R@100,1.0
q64379,nDCG@10,0.0
q64379,R@100,0.0
q64380,nDCG@10,0.6309297535714575
q64380,R@100,1.0
q64381,nDCG@10,0.38685280723454163
q64381,R@100,1.0
q64382,nDCG@10,1.0
q64382,R@100,1.0
q64383,nDCG@10,0.38685280723454163
q64383,R@100,1.0
q64384,nDCG@10,0.6309297535714575
q64384,R@100,1.0
q64385,nDCG@10,1.0
q64385,R@100,1.0
q64386,nDCG@10,0.0
q64386,R@100,0.0
q64387,nDCG@10,0.0
q64387,R@100,1.0
q64388,nDCG@10,0.31546487678572877
q64388,R@100,1.0
q64389,nDCG@10,1.0
q64389,R@100,1.0
q64390,nDCG@10,0.0
q64390,R@100,1.0
q64391,nDCG@10,0.0
q64391,R@100,0.0
q64392,nDCG@10,0.0
q64392,R@100,0.0
q64393,nDCG@10,0.0
q64393,R@100,0.0
q64394,nDCG@10,0.0
q64394,R@100,1.0
q64395,nDCG@10,0.0
q64395,R@100,0.0
q64396,nDCG@10,1.0
q64396,R@100,1.0
q64397,nDCG@10,0.0
q64397,R@100,0.0
q64398,nDCG@10,1.0
q64398,R@100,1.0
q64399,nDCG@10,0.0
q64399,R@100,1.0
q64400,nDCG@10,0.0
q64400,R@100,1.0
q64401,nDCG@10,0.0
q64401,R@100,0.0
q64402,nDCG@10,0.6309297535714575
q64402,R@100,1.0
q64403,nDCG@10,1.0
q64403,R@100,1.0
q64404,nDCG@10,1.0
q64404,R@100,1.0
q64405,nDCG@10,0.5
q64405,R@100,1.0
q64406,nDCG@10,0.3562071871080222
q64406,R@100,1.0
q64407,nDCG@10,0.0
q64407,R@100,1.0
q64408,nDCG@10,0.0
q64408,R@100,0.0
q64409,nDCG@10,1.0
q64409,R@100,1.0
q64410,nDCG@10,1.0
q64410,R@100,1.0
q64411,nDCG@10,0.0
q64411,R@100,1.0
q64412,nDCG@10,0.0
q64412,R@100,1.0
q64413,nDCG@10,1.0
q64413,R@100,1.0
q64414,nDCG@10,0.6309297535714575
q64414,R@100,1.0
q64415,nDCG@10,0.0
q64415,R@100,0.0
q64416,nDCG@10,0.0
q64416,R@100,1.0
q64417,nDCG@10,0.0
q64417,R@100,1.0
q64418,nDCG@10,1.0
q64418,R@100,1.0
q64419,nDCG@10,0.0
q64419,R@100,0.0
q64420,nDCG@10,0.0
q64420,R@100,0.0
q64421,nDCG@10,1.0
q64421,R@100,1.0
q64422,nDCG@10,0.6309297535714575
q64422,R@100,1.0
q64423,nDCG@10,0.6309297535714575
q64423,R@100,1.0
q64424,nDCG@10,0.0
q64424,R@100,1.0
q64425,nDCG@10,0.0
q64425,R@100,0.0
q64426,nDCG@10,0.0
q64426,R@100,0.0
q64427,nDCG@10,1.0
q64427,R@100,1.0
q64428,nDCG@10,0.6309297535714575
q64428,R@100,1.0
q64429,nDCG@10,0.38685280723454163
q64429,R@100,1.0
q64430,nDCG@10,0.0
q64430,R@100,1.0
q64431,nDCG@10,0.0
q64431,R@100,0.0
q64432,nDCG@10,0.0
q64432,R@100,0.0
q64433,nDCG@10,0.0
q64433,R@100,0.0
q64434,nDCG@10,1.0
q64434,R@100,1.0
q64435,nDCG@10,0.0
q64435,R@100,1.0
q64436,nDCG@10,0.6309297535714575
q64436,R@100,1.0
q64437,nDCG@10,0.43067655807339306
q64437,R@100,1.0
q64438,nDCG@10,0.0
q64438,R@100,1.0
q64439,nDCG@10,1.0
q64439,R@100,1.0
q64440,nDCG@10,0.0
q64440,R@100,0.0
q64441,nDCG@10,1.0
q64441,R@100,1.0
q64442,nDCG@10,0.43067655807339306
q64442,R@100,1.0
q64443,nDCG@10,1.0
q64443,R@100,1.0
q64444,nDCG@10,0.0
q64444,R@100,0.0
q64445,nDCG@10,1.0
q64445,R@100,1.0
q64446,nDCG@10,0.5
q64446,R@100,1.0
q64447,nDCG@10,0.5
q64447,R@100,1.0
q64448,nDCG@10,0.0
q64448,R@100,1.0
q64449,nDCG@10,0.0
q64449,R@100,0.0
q64450,nDCG@10,0.0
q64450,R@100,0.0
q64451,nDCG@10,0.43067655807339306
q64451,R@100,1.0
q64452,nDCG@10,0.3562071871080222
q64452,R@100,1.0
q64453,nDCG@10,1.0
q64453,R@100,1.0
q64454,nDCG@10,0.0
q64454,R@100,0.0
q64455,nDCG@10,1.0
q64455,R@100,1.0
q64456,nDCG@10,1.0
q64456,R@100,1.0
q64457,nDCG@10,0.0
q64457,R@100,1.0
q64458,nDCG@10,0.0
q64458,R@100,0.0
q64459,nDCG@10,0.0
q64459,R@100,0.0
q64460,nDCG@10,0.0
q64460,R@100,1.0
q64461,nDCG@10,1.0
q64461,R@100,1.0
q64462,nDCG@10,0.0
q64462,R@100,0.0
q64463,nDCG@10,0.6309297535714575
q64463,R@100,1.0
q64464,nDCG@10,0.43067655807339306
q64464,R@100,1.0
q64465,nDCG@10,0.0
q64465,R@100,0.0
q64466,nDCG@10,1.0
q64466,R@100,1.0
q64467,nDCG@10,0.0
q64467,R@100,0.0
q64468,nDCG@10,0.0
q64468,R@100,0.0
q64469,nDCG@10,1.0
q64469,R@100,1.0
q64470,nDCG@10,0.0
q64470,R@100,0.0
q64471,nDCG@10,0.5
q64471,R@100,1.0
q64472,nDCG@10,1.0
q64472,R@100,1.0
q64473,nDCG@10,1.0
q64473,R@100,1.0
q64474,nDCG@10,0.38685280723454163
q64474,R@100,1.0
q64475,nDCG@10,0.0
q64475,R@100,0.0
q64476,nDCG@10,0.6309297535714575
q64476,R@100,1.0
q64477,nDCG@10,0.0
q64477,R@100,1.0
q64478,nDCG@10,0.0
q64478,R@100,1.0
q64479,nDCG@10,0.0
q64479,R@100,1.0
q64480,nDCG@10,1.0
q64480,R@100,1.0
q64481,nDCG@10,0.0
q64481,R@100,0.0
q64482,nDCG@10,0.0
q64482,R@100,1.0
q64483,nDCG@10,0.0
q64483,R@100,0.0
q64484,nDCG@10,0.0
q64484,R@100,0.0
q64485,nDCG@10,1.0
q64485,R@100,1.0
q64486,nDCG@10,0.0
q64486,R@100,1.0
q64487,nDCG@10,0.0
q64487,R@100,1.0
q64488,nDCG@10,0.0
q64488,R@100,1.0
q64489,nDCG@10,0.6309297535714575
q64489,R@100,1.0
q64490,nDCG@10,1.0
q64490,R@100,1.0
q64491,nDCG@10,0.43067655807339306
q64491,R@100,1.0
q64492,nDCG@10,1.0
q64492,R@100,1.0
q64493,nDCG@10,1.0
q64493,R@100,1.0
q64494,nDCG@10,0.0
q64494,R@100,0.0
q64495,nDCG@10,0.0
q64495,R@100,1.0
q64496,nDCG@10,0.0
q64496,R@100,1.0
q64497,nDCG@10,0.0
q64497,R@100,0.0
q64498,nDCG@10,0.0
q64498,R@100,1.0
q64499,nDCG@10,1.0
q64499,R@100,1.0
q64500,nDCG@10,1.0
q64500,R@100,1.0
q64501,nDCG@10,0.0
q64501,R@100,1.0
q64502,nDCG@10,0.5
q64502,R@100,1.0
q64503,nDCG@10,0.6309297535714575
q64503,R@100,1.0
q64504,nDCG@10,0.0
q64504,R@100,1.0
q64505,nDCG@10,0.0
q64505,R@100,1.0
q64506,nDCG@10,1.0
q64506,R@100,1.0
q64507,nDCG@10,0.6309297535714575
q64507,R@100,1.0
q64508,nDCG@10,0.5
q64508,R@100,1.0
q64509,nDCG@10,1.0
q64509,R@100,1.0
q64510,nDCG@10,1.0
q64510,R@100,1.0
q64511,nDCG@10,0.0
q64511,R@100,0.0
q64512,nDCG@10,0.0
q64512,R@100,0.0
q64513,nDCG@10,0.0
q64513,R@100,0.0
q64514,nDCG@10,0.0
q64514,R@100,0.0
q64515,nDCG@10,1.0
q64515,R@100,1.0
q64516,nDCG@10,1.0
q64516,R@100,1.0
q64517,nDCG@10,0.0
q64517,R@100,0.0
q64518,nDCG@10,1.0
q64518,R@100,1.0
q64519,nDCG@10,1.0
q64519,R@100,1.0
q64520,nDCG@10,0.0
q64520,R@100,0.0
q64521,nDCG@10,0.0
q64521,R@100,0.0
q64522,nDCG@10,0.5
q64522,R@100,1.0
q64523,nDCG@10,1.0
q64523,R@100,1.0
q64524,nDCG@10,1.0
q64524,R@100,1.0
q64525,nDCG@10,1.0
q64525,R@100,1.0
q64526,nDCG@10,0.0
q64526,R@100,1.0
q64527,nDCG@10,0.6309297535714575
q64527,R@100,1.0
q64528,nDCG@10,0.43067655807339306
q64528,R@100,1.0
q64529,nDCG@10,0.5
q64529,R@100,1.0
q64530,nDCG@10,0.0
q64530,R@100,0.0
q64531,nDCG@10,0.3562071871080222
q64531,R@100,1.0
q64532,nDCG@10,0.43067655807339306
q64532,R@100,1.0
q64533,nDCG@10,1.0
q64533,R@100,1.0
q64534,nDCG@10,1.0
q64534,R@100,1.0
q64535,nDCG@10,1.0
q64535,R@100,1.0
q64536,nDCG@10,0.0
q64536,R@100,0.0
q64537,nDCG@10,0.0
q64537,R@100,0.0
q64538,nDCG@10,0.0
q64538,R@100,0.0
q64539,nDCG@10,0.0
q64539,R@100,1.0
q64540,nDCG@10,0.0
q64540,R@100,0.0
q64541,nDCG@10,1.0
q64541,R@100,1.0
q64542,nDCG@10,1.0
q64542,R@100,1.0
q64543,nDCG@10,1.0
q64543,R@100,1.0
q64544,nDCG@10,0.6309297535714575
q64544,R@100,1.0
q64545,nDCG@10,0.0
q64545,R@100,1.0
q64546,nDCG@10,0.0
q64546,R@100,0.0
q64547,nDCG@10,0.0
q64547,R@100,0.0
q64548,nDCG@10,0.0
q64548,R@100,1.0
q64549,nDCG@10,0.6309297535714575
q64549,R@100,1.0
q64550,nDCG@10,0.0
q64550,R@100,1.0
q64551,nDCG@10,1.0
q64551,R@100,1.0
q64552,nDCG@10,0.0
q64552,R@100,1.0
q64553,nDCG@10,0.0
q64553,R@100,0.0
q64554,nDCG@10,0.0
q64554,R@100,0.0
q64555,nDCG@10,1.0
q64555,R@100,1.0
q64556,nDCG@10,0.0
q64556,R@100,0.0
q64557,nDCG@10,0.31546487678572877
q64557,R@100,1.0
q64558,nDCG@10,0.0
q64558,R@100,0.0
q64559,nDCG@10,1.0
q64559,R@100,1.0
q64560,nDCG@10,0.6309297535714575
q64560,R@100,1.0
q64561,nDCG@10,0.0
q64561,R@100,1.0
q64562,nDCG@10,0.0
q64562,R@100,0.0
q64563,nDCG@10,1.0
q64563,R@100,1.0
q64564,nDCG@10,0.0
q64564,R@100,0.0
q64565,nDCG@10,0.0
q64565,R@100,1.0
q64566,nDCG@10,0.0
q64566,R@100,0.0
q64567,nDCG@10,0.0
q64567,R@100,0.0
q64568,nDCG@10,1.0
q64568,R@100,1.0
q64569,nDCG@10,1.0
q64569,R@100,1.0
q64570,nDCG@10,0.43067655807339306
q64570,R@100,1.0
q64571,nDCG@10,0.43067655807339306
q64571,R@100,1.0
q64572,nDCG@10,0.43067655807339306
q64572,R@100,1.0
q64573,nDCG@10,1.0
q64573,R@100,1.0
q64574,nDCG@10,0.0
q64574,R@100,1.0
q64575,nDCG@10,0.0
q64575,R@100,1.0
q64576,nDCG@10,0.0
q64576,R@100,0.0
q64577,nDCG@10,0.0
q64577,R@100,0.0
q64578,nDCG@10,1.0
q64578,R@100,1.0
q64579,nDCG@10,0.43067655807339306
q64579,R@100,1.0
q64580,nDCG@10,0.0
q64580,R@100,1.0
q64581,nDCG@10,1.0
q64581,R@100,1.0
q64582,nDCG@10,1.0
q64582,R@100,1.0
q64583,nDCG@10,1.0
q64583,R@100,1.0
q64584,nDCG@10,0.0
q64584,R@100,1.0
q64585,nDCG@10,1.0
q64585,R@100,1.0
q64586,nDCG@10,0.0
q64586,R@100,0.0
q64587,nDCG@10,0.0
q64587,R@100,0.0
q64588,nDCG@10,1.0
q64588,R@100,1.0
q64589,nDCG@10,1.0
q64589,R@100,1.0
q64590,nDCG@10,0.0
q64590,R@100,1.0
q64591,nDCG@10,1.0
q64591,R@100,1.0
q64592,nDCG@10,0.0
q64592,R@100,1.0
q64593,nDCG@10,0.38685280723454163
q64593,R@100,1.0
q64594,nDCG@10,1.0
q64594,R@100,1.0
q64595,nDCG@10,0.0
q64595,R@100,0.0
q64596,nDCG@10,1.0
q64596,R@100,1.0
q64597,nDCG@10,0.0
q64597,R@100,0.0
q64598,nDCG@10,0.0
q64598,R@100,0.0
q64599,nDCG@10,0.0
q64599,R@100,0.0
q64600,nDCG@10,0.0
q64600,R@100,0.0
q64601,nDCG@10,1.0
q64601,R@100,1.0
q64602,nDCG@10,0.0
q64602,R@100,0.0
q64603,nDCG@10,0.0
q64603,R@100,0.0
q64604,nDCG@10,1.0
q64604,R@100,1.0
q64605,nDCG@10,0.0
q64605,R@100,0.0
q64606,nDCG@10,0.38685280723454163
q64606,R@100,1.0
q64607,nDCG@10,1.0
q64607,R@100,1.0
q64608,nDCG@10,0.0
q64608,R@100,0.0
q64609,nDCG@10,0.0
q64609,R@100,1.0
q64610,nDCG@10,1.0
q64610,R@100,1.0
q64611,nDCG@10,0.6309297535714575
q64611,R@100,1.0
q64612,nDCG@10,0.0
q64612,R@100,0.0
q64613,nDCG@10,0.0
q64613,R@100,0.0
q64614,nDCG@10,1.0
q64614,R@100,1.0
q64615,nDCG@10,0.0
q64615,R@100,0.0
q64616,nDCG@10,1.0
q64616,R@100,1.0
q64617,nDCG@10,0.0
q64617,R@100,0.0
q64618,nDCG@10,0.0
q64618,R@100,1.0
q64619,nDCG@10,0.0
q64619,R@100,1.0
q64620,nDCG@10,0.0
q64620,R@100,0.0
q64621,nDCG@10,0.0
q64621,R@100,1.0
q64622,nDCG@10,0.0
q64622,R@100,0.0
q64623,nDCG@10,1.0
q64623,R@100,1.0
q64624,nDCG@10,1.0
q64624,R@100,1.0
q64625,nDCG@10,0.0
q64625,R@100,0.0
q64626,nDCG@10,0.5
q64626,R@100,1.0
q64627,nDCG@10,0.6309297535714575
q64627,R@100,1.0
q64628,nDCG@10,0.31546487678572877
q64628,R@100,1.0
q64629,nDCG@10,0.0
q64629,R@100,0.0
q64630,nDCG@10,1.0
q64630,R@100,1.0
q64631,nDCG@10,1.0
q64631,R@100,1.0
q64632,nDCG@10,0.0
q64632,R@100,0.0
q64633,nDCG@10,1.0
q64633,R@100,1.0
q64634,nDCG@10,0.0
q64634,R@100,0.0
q64635,nDCG@10,0.0
q64635,R@100,0.0
q64636,nDCG@10,1.0
q64636,R@100,1.0
q64637,nDCG@10,0.0
q64637,R@100,1.0
q64638,nDCG@10,0.0
q64638,R@100,0.0
q64639,nDCG@10,0.0
q64639,R@100,0.0
q64640,nDCG@10,0.0
q64640,R@100,1.0
q64641,nDCG@10,1.0
q64641,R@100,1.0
q64642,nDCG@10,0.0
q64642,R@100,0.0
q64643,nDCG@10,1.0
q64643,R@100,1.0
q64644,nDCG@10,1.0
q64644,R@100,1.0
q64645,nDCG@10,0.0
q64645,R@100,0.0
q64646,nDCG@10,1.0
q64646,R@100,1.0
q64647,nDCG@10,0.0
q64647,R@100,1.0
q64648,nDCG@10,1.0
q64648,R@100,1.0
q64649,nDCG@10,0.0
q64649,R@100,0.0
q64650,nDCG@10,1.0
q64650,R@100,1.0
q64651,nDCG@10,0.5
q64651,R@100,1.0
q64652,nDCG@10,1.0
q64652,R@100,1.0
q64653,nDCG@10,0.0
q64653,R@100,0.0
q64654,nDCG@10,0.3010299956639812
q64654,R@100,1.0
q64655,nDCG@10,0.0
q64655,R@100,0.0
q64656,nDCG@10,0.0
q64656,R@100,0.0
q64657,nDCG@10,1.0
q64657,R@100,1.0
q64658,nDCG@10,1.0
q64658,R@100,1.0
q64659,nDCG@10,1.0
q64659,R@100,1.0
q64660,nDCG@10,0.0
q64660,R@100,1.0
q64661,nDCG@10,0.0
q64661,R@100,1.0
q64662,nDCG@10,0.0
q64662,R@100,1.0
q64663,nDCG@10,0.6309297535714575
q64663,R@100,1.0
q64664,nDCG@10,1.0
q64664,R@100,1.0
q64665,nDCG@10,0.0
q64665,R@100,1.0
q64666,nDCG@10,0.0
q64666,R@100,0.0
q64667,nDCG@10,1.0
q64667,R@100,1.0
q64668,nDCG@10,0.0
q64668,R@100,1.0
q64669,nDCG@10,1.0
q64669,R@100,1.0
q64670,nDCG@10,0.6309297535714575
q64670,R@100,1.0
q64671,nDCG@10,0.0
q64671,R@100,0.0
q64672,nDCG@10,1.0
q64672,R@100,1.0
q64673,nDCG@10,0.0
q64673,R@100,0.0
q64674,nDCG@10,0.0
q64674,R@100,0.0
q64675,nDCG@10,0.6309297535714575
q64675,R@100,1.0
q64676,nDCG@10,1.0
q64676,R@100,1.0
q64677,nDCG@10,0.0
q64677,R@100,0.0
q64678,nDCG@10,0.0
q64678,R@100,0.0
q64679,nDCG@10,0.0
q64679,R@100,0.0
q64680,nDCG@10,1.0
q64680,R@100,1.0
q64681,nDCG@10,1.0
q64681,R@100,1.0
q64682,nDCG@10,1.0
q64682,R@100,1.0
q64683,nDCG@10,0.6309297535714575
q64683,R@100,1.0
q64684,nDCG@10,0.0
q64684,R@100,0.0
q64685,nDCG@10,1.0
q64685,R@100,1.0
q64686,nDCG@10,0.0
q64686,R@100,1.0
q64687,nDCG@10,0.0
q64687,R@100,1.0
q64688,nDCG@10,0.6309297535714575
q64688,R@100,1.0
q64689,nDCG@10,1.0
q64689,R@100,1.0
q64690,nDCG@10,1.0
q64690,R@100,1.0
q64691,nDCG@10,0.6309297535714575
q64691,R@100,1.0
q64692,nDCG@10,0.5
q64692,R@100,1.0
q64693,nDCG@10,0.0
q64693,R@100,0.0
q64694,nDCG@10,0.6309297535714575
q64694,R@100,1.0
q64695,nDCG@10,1.0
q64695,R@100,1.0
q64696,nDCG@10,0.6309297535714575
q64696,R@100,1.0
q64697,nDCG@10,0.0
q64697,R@100,0.0
q64698,nDCG@10,1.0
q64698,R@100,1.0
q64699,nDCG@10,0.2890648263178879
q64699,R@100,1.0
q64700,nDCG@10,0.3010299956639812
q64700,R@100,1.0
q64701,nDCG@10,0.0
q64701,R@100,1.0
q64702,nDCG@10,0.0
q64702,R@100,0.0
q64703,nDCG@10,1.0
q64703,R@100,1.0
q64704,nDCG@10,0.38685280723454163
q64704,R@100,1.0
q64705,nDCG@10,1.0
q64705,R@100,1.0
q64706,nDCG@10,0.6309297535714575
q64706,R@100,1.0
q64707,nDCG@10,1.0
q64707,R@100,1.0
q64708,nDCG@10,0.6309297535714575
q64708,R@100,1.0
q64709,nDCG@10,0.0
q64709,R@100,1.0
q64710,nDCG@10,0.0
q64710,R@100,0.0
q64711,nDCG@10,1.0
q64711,R@100,1.0
q64712,nDCG@10,0.0
q64712,R@100,1.0
q64713,nDCG@10,1.0
q64713,R@100,1.0
q64714,nDCG@10,0.0
q64714,R@100,0.0
q64715,nDCG@10,0.0
q64715,R@100,0.0
q64716,nDCG@10,0.6309297535714575
q64716,R@100,1.0
q64717,nDCG@10,1.0
q64717,R@100,1.0
q64718,nDCG@10,0.0
q64718,R@100,0.0
q64719,nDCG@10,1.0
q64719,R@100,1.0
q64720,nDCG@10,0.0
q64720,R@100,1.0
q64721,nDCG@10,1.0
q64721,R@100,1.0
q64722,nDCG@10,0.0
q64722,R@100,1.0
q64723,nDCG@10,0.0
q64723,R@100,0.0
q64724,nDCG@10,0.0
q64724,R@100,0.0
q64725,nDCG@10,0.0
q64725,R@100,0.0
q64726,nDCG@10,0.0
q64726,R@100,1.0
q64727,nDCG@10,0.0
q64727,R@100,0.0
q64728,nDCG@10,0.31546487678572877
q64728,R@100,1.0
q64729,nDCG@10,0.0
q64729,R@100,1.0
q64730,nDCG@10,0.0
q64730,R@100,0.0
q64731,nDCG@10,0.5
q64731,R@100,1.0
q64732,nDCG@10,1.0
q64732,R@100,1.0
q64733,nDCG@10,0.0
q64733,R@100,0.0
q64734,nDCG@10,1.0
q64734,R@100,1.0
q64735,nDCG@10,1.0
q64735,R@100,1.0
q64736,nDCG@10,1.0
q64736,R@100,1.0
q64737,nDCG@10,0.6309297535714575
q64737,R@100,1.0
q64738,nDCG@10,0.0
q64738,R@100,0.0
q64739,nDCG@10,0.0
q64739,R@100,1.0
q64740,nDCG@10,1.0
q64740,R@100,1.0
q64741,nDCG@10,0.0
q64741,R@100,1.0
q64742,nDCG@10,0.0
q64742,R@100,0.0
q64743,nDCG@10,0.43067655807339306
q64743,R@100,1.0
q64744,nDCG@10,0.5
q64744,R@100,1.0
q64745,nDCG@10,0.6309297535714575
q64745,R@100,1.0
q64746,nDCG@10,0.0
q64746,R@100,0.0
q64747,nDCG@10,1.0
q64747,R@100,1.0
q64748,nDCG@10,0.0
q64748,R@100,1.0
q64749,nDCG@10,0.3562071871080222
q64749,R@100,1.0
q64750,nDCG@10,0.0
q64750,R@100,0.0
q64751,nDCG@10,1.0
q64751,R@100,1.0
q64752,nDCG@10,0.0
q64752,R@100,0.0
q64753,nDCG@10,0.5
q64753,R@100,1.0
q64754,nDCG@10,0.0
q64754,R@100,0.0
q64755,nDCG@10,0.3562071871080222
q64755,R@100,1.0
q64756,nDCG@10,1.0
q64756,R@100,1.0
q64757,nDCG@10,1.0
q64757,R@100,1.0
q64758,nDCG@10,0.31546487678572877
q64758,R@100,1.0
q64759,nDCG@10,0.0
q64759,R@100,1.0
q64760,nDCG@10,0.0
q64760,R@100,0.0
q64761,nDCG@10,0.0
q64761,R@100,0.0
q64762,nDCG@10,0.0
q64762,R@100,0.0
q64763,nDCG@10,0.0
q64763,R@100,1.0
q64764,nDCG@10,0.3562071871080222
q64764,R@100,1.0
q64765,nDCG@10,0.31546487678572877
q64765,R@100,1.0
q64766,nDCG@10,0.0
q64766,R@100,0.0
q64767,nDCG@10,1.0
q64767,R@100,1.0
q64768,nDCG@10,1.0
q64768,R@100,1.0
q64769,nDCG@10,0.0
q64769,R@100,0.0
q64770,nDCG@10,1.0
q64770,R@100,1.0
q64771,nDCG@10,1.0
q64771,R@100,1.0
q64772,nDCG@10,1.0
q64772,R@100,1.0
q64773,nDCG@10,1.0
q64773,R@100,1.0
q64774,nDCG@10,1.0
q64774,R@100,1.0
q64775,nDCG@10,1.0
q64775,R@100,1.0
q64776,nDCG@10,0.0
q64776,R@100,1.0
q64777,nDCG@10,1.0
q64777,R@100,1.0
q64778,nDCG@10,1.0
q64778,R@100,1.0
q64779,nDCG@10,0.0
q64779,R@100,0.0
q64780,nDCG@10,0.0
q64780,R@100,1.0
q64781,nDCG@10,0.0
q64781,R@100,0.0
q64782,nDCG@10,0.0
q64782,R@100,0.0
q64783,nDCG@10,0.3010299956639812
q64783,R@100,1.0
q64784,nDCG@10,0.31546487678572877
q64784,R@100,1.0
q64785,nDCG@10,0.3333333333333333
q64785,R@100,1.0
q64786,nDCG@10,0.0
q64786,R@100,0.0
q64787,nDCG@10,1.0
q64787,R@100,1.0
q64788,nDCG@10,0.3562071871080222
q64788,R@100,1.0
q64789,nDCG@10,0.6309297535714575
q64789,R@100,1.0
q64790,nDCG@10,1.0
q64790,R@100,1.0
q64791,nDCG@10,0.0
q64791,R@100,0.0
q64792,nDCG@10,0.0
q64792,R@100,0.0
q64793,nDCG@10,0.0
q64793,R@100,0.0
q64794,nDCG@10,0.0
q64794,R@100,1.0
q64795,nDCG@10,0.0
q64795,R@100,0.0
q64796,nDCG@10,1.0
q64796,R@100,1.0
q64797,nDCG@10,1.0
q64797,R@100,1.0
q64798,nDCG@10,1.0
q64798,R@100,1.0
q64799,nDCG@10,0.0
q64799,R@100,0.0
q64800,nDCG@10,1.0
q64800,R@100,1.0
q64801,nDCG@10,1.0
q64801,R@100,1.0
q64802,nDCG@10,0.0
q64802,R@100,1.0
q64803,nDCG@10,0.5
q64803,R@100,1.0
q64804,nDCG@10,0.0
q64804,R@100,0.0
q64805,nDCG@10,0.0
q64805,R@100,0.0
q64806,nDCG@10,0.0
q64806,R@100,0.0
q64807,nDCG@10,0.0
q64807,R@100,0.0
q64808,nDCG@10,0.0
q64808,R@100,0.0
q64809,nDCG@10,0.3333333333333333
q64809,R@100,1.0
q64810,nDCG@10,1.0
q64810,R@100,1.0
q64811,nDCG@10,0.0
q64811,R@100,0.0
q64812,nDCG@10,0.0
q64812,R@100,1.0
q64813,nDCG@10,0.0
q64813,R@100,1.0
q64814,nDCG@10,0.0
q64814,R@100,1.0
q64815,nDCG@10,0.3333333333333333
q64815,R@100,1.0
q64816,nDCG@10,1.0
q64816,R@100,1.0
q64817,nDCG@10,0.3562071871080222
q64817,R@100,1.0
q64818,nDCG@10,0.38685280723454163
q64818,R@100,1.0
q64819,nDCG@10,0.0
q64819,R@100,1.0
q64820,nDCG@10,1.0
q64820,R@100,1.0
q64821,nDCG@10,1.0
q64821,R@100,1.0
q64822,nDCG@10,0.2890648263178879
q64822,R@100,1.0
q64823,nDCG@10,0.43067655807339306
q64823,R@100,1.0
q64824,nDCG@10,0.38685280723454163
q64824,R@100,1.0
q64825,nDCG@10,1.0
q64825,R@100,1.0
q64826,nDCG@10,1.0
q64826,R@100,1.0
q64827,nDCG@10,1.0
q64827,R@100,1.0
q64828,nDCG@10,0.0
q64828,R@100,0.0
q64829,nDCG@10,1.0
q64829,R@100,1.0
q64830,nDCG@10,0.31546487678572877
q64830,R@100,1.0
q64831,nDCG@10,0.3562071871080222
q64831,R@100,1.0
q64832,nDCG@10,0.0
q64832,R@100,0.0
q64833,nDCG@10,0.0
q64833,R@100,1.0
q64834,nDCG@10,0.0
q64834,R@100,0.0
q64835,nDCG@10,1.0
q64835,R@100,1.0
q64836,nDCG@10,0.0
q64836,R@100,0.0
q64837,nDCG@10,0.0
q64837,R@100,0.0
q64838,nDCG@10,1.0
q64838,R@100,1.0
q64839,nDCG@10,0.0
q64839,R@100,0.0
q64840,nDCG@10,0.0
q64840,R@100,0.0
q64841,nDCG@10,0.0
q64841,R@100,0.0
q64842,nDCG@10,0.31546487678572877
q64842,R@100,1.0
q64843,nDCG@10,0.0
q64843,R@100,0.0
q64844,nDCG@10,0.0
q64844,R@100,0.0
q64845,nDCG@10,0.6309297535714575
q64845,R@100,1.0
q64846,nDCG@10,1.0
q64846,R@100,1.0
q64847,nDCG@10,0.3010299956639812
q64847,R@100,1.0
q64848,nDCG@10,0.0
q64848,R@100,0.0
q64849,nDCG@10,0.0
q64849,R@100,0.0
q64850,nDCG@10,0.0
q64850,R@100,1.0
q64851,nDCG@10,0.0
q64851,R@100,1.0
q64852,nDCG@10,0.0
q64852,R@100,0.0
q64853,nDCG@10,0.0
q64853,R@100,0.0
q64854,nDCG@10,1.0
q64854,R@100,1.0
q64855,nDCG@10,0.0
q64855,R@100,0.0
q64856,nDCG@10,0.38685280723454163
q64856,R@100,1.0
q64857,nDCG@10,0.0
q64857,R@100,0.0
q64858,nDCG@10,0.0
q64858,R@100,1.0
q64859,nDCG@10,0.0
q64859,R@100,0.0
q64860,nDCG@10,0.0
q64860,R@100,0.0
q64861,nDCG@10,0.0
q64861,R@100,0.0
q64862,nDCG@10,0.0
q64862,R@100,0.0
q64863,nDCG@10,0.0
q64863,R@100,0.0
q64864,nDCG@10,1.0
q64864,R@100,1.0
q64865,nDCG@10,0.0
q64865,R@100,1.0
q64866,nDCG@10,1.0
q64866,R@100,1.0
q64867,nDCG@10,0.0
q64867,R@100,0.0
q64868,nDCG@10,0.0
q64868,R@100,0.0
q64869,nDCG@10,0.3562071871080222
q64869,R@100,1.0
q64870,nDCG@10,1.0
q64870,R@100,1.0
q64871,nDCG@10,0.5
q64871,R@100,1.0
q64872,nDCG@10,0.0
q64872,R@100,0.0
q64873,nDCG@10,0.0
q64873,R@100,0.0
q64874,nDCG@10,0.0
q64874,R@100,1.0
q64875,nDCG@10,0.0
q64875,R@100,1.0
q64876,nDCG@10,0.0
q64876,R@100,0.0
q64877,nDCG@10,1.0
q64877,R@100,1.0
q64878,nDCG@10,0.0
q64878,R@100,1.0
q64879,nDCG@10,0.0
q64879,R@100,1.0
q64880,nDCG@10,0.0
q64880,R@100,0.0
q64881,nDCG@10,0.3562071871080222
q64881,R@100,1.0
q64882,nDCG@10,1.0
q64882,R@100,1.0
q64883,nDCG@10,0.43067655807339306
q64883,R@100,1.0
q64884,nDCG@10,0.0
q64884,R@100,0.0
q64885,nDCG@10,0.0
q64885,R@100,0.0
q64886,nDCG@10,0.0
q64886,R@100,0.0
q64887,nDCG@10,1.0
q64887,R@100,1.0
q64888,nDCG@10,0.3010299956639812
q64888,R@100,1.0
q64889,nDCG@10,1.0
q64889,R@100,1.0
q64890,nDCG@10,0.3562071871080222
q64890,R@100,1.0
q64891,nDCG@10,0.5
q64891,R@100,1.0
q64892,nDCG@10,0.0
q64892,R@100,1.0
q64893,nDCG@10,0.0
q64893,R@100,1.0
q64894,nDCG@10,0.0
q64894,R@100,1.0
q64895,nDCG@10,0.0
q64895,R@100,0.0
q64896,nDCG@10,0.0
q64896,R@100,0.0
q64897,nDCG@10,1.0
q64897,R@100,1.0
q64898,nDCG@10,0.2890648263178879
q64898,R@100,1.0
q64899,nDCG@10,0.0
q64899,R@100,1.0
q64900,nDCG@10,1.0
q64900,R@100,1.0
q64901,nDCG@10,1.0
q64901,R@100,1.0
q64902,nDCG@10,0.3562071871080222
q64902,R@100,1.0
q64903,nDCG@10,0.0
q64903,R@100,0.0
q64904,nDCG@10,0.0
q64904,R@100,0.0
q64905,nDCG@10,0.6309297535714575
q64905,R@100,1.0
q64906,nDCG@10,0.0
q64906,R@100,1.0
q64907,nDCG@10,1.0
q64907,R@100,1.0
q64908,nDCG@10,0.0
q64908,R@100,1.0
q64909,nDCG@10,1.0
q64909,R@100,1.0
q64910,nDCG@10,1.0
q64910,R@100,1.0
q64911,nDCG@10,0.0
q64911,R@100,1.0
q64912,nDCG@10,1.0
q64912,R@100,1.0
q64913,nDCG@10,1.0
q64913,R@100,1.0
q64914,nDCG@10,0.0
q64914,R@100,0.0
q64915,nDCG@10,0.0
q64915,R@100,0.0
q64916,nDCG@10,0.0
q64916,R@100,1.0
q64917,nDCG@10,1.0
q64917,R@100,1.0
q64918,nDCG@10,0.0
q64918,R@100,0.0
q64919,nDCG@10,0.3562071871080222
q64919,R@100,1.0
q64920,nDCG@10,0.6309297535714575
q64920,R@100,1.0
q64921,nDCG@10,0.0
q64921,R@100,0.0
q64922,nDCG@10,0.0
q64922,R@100,0.0
q64923,nDCG@10,0.0
q64923,R@100,0.0
q64924,nDCG@10,1.0
q64924,R@100,1.0
q64925,nDCG@10,0.0
q64925,R@100,0.0
q64926,nDCG@10,0.0
q64926,R@100,0.0
q64927,nDCG@10,0.0
q64927,R@100,0.0
q64928,nDCG@10,1.0
q64928,R@100,1.0
q64929,nDCG@10,0.0
q64929,R@100,1.0
q64930,nDCG@10,0.0
q64930,R@100,0.0
q64931,nDCG@10,1.0
q64931,R@100,1.0
q64932,nDCG@10,0.38685280723454163
q64932,R@100,1.0
q64933,nDCG@10,0.0
q64933,R@100,0.0
q64934,nDCG@10,0.6309297535714575
q64934,R@100,1.0
q64935,nDCG@10,1.0
q64935,R@100,1.0
q64936,nDCG@10,0.3333333333333333
q64936,R@100,1.0
q64937,nDCG@10,0.0
q64937,R@100,0.0
q64938,nDCG@10,0.0
q64938,R@100,0.0
q64939,nDCG@10,0.0
q64939,R@100,0.0
q64940,nDCG@10,0.0
q64940,R@100,0.0
q64941,nDCG@10,0.0
q64941,R@100,0.0
q64942,nDCG@10,1.0
q64942,R@100,1.0
q64943,nDCG@10,0.0
q64943,R@100,0.0
q64944,nDCG@10,0.3562071871080222
q64944,R@100,1.0
q64945,nDCG@10,0.0
q64945,R@100,0.0
q64946,nDCG@10,1.0
q64946,R@100,1.0
q64947,nDCG@10,1.0
q64947,R@100,1.0
q64948,nDCG@10,0.0
q64948,R@100,1.0
q64949,nDCG@10,0.0
q64949,R@100,0.0
q64950,nDCG@10,0.6309297535714575
q64950,R@100,1.0
q64951,nDCG@10,0.5
q64951,R@100,1.0
q64952,nDCG@10,0.3333333333333333
q64952,R@100,1.0
q64953,nDCG@10,0.0
q64953,R@100,0.0
q64954,nDCG@10,0.0
q64954,R@100,0.0
q64955,nDCG@10,1.0
q64955,R@100,1.0
q64956,nDCG@10,0.0
q64956,R@100,1.0
q64957,nDCG@10,0.0
q64957,R@100,1.0
q64958,nDCG@10,0.43067655807339306
q64958,R@100,1.0
q64959,nDCG@10,0.0
q64959,R@100,0.0
q64960,nDCG@10,0.0
q64960,R@100,1.0
q64961,nDCG@10,0.6309297535714575
q64961,R@100,1.0
q64962,nDCG@10,0.0
q64962,R@100,1.0
q64963,nDCG@10,1.0
q64963,R@100,1.0
q64964,nDCG@10,0.0
q64964,R@100,0.0
q64965,nDCG@10,1.0
q64965,R@100,1.0
q64966,nDCG@10,0.6309297535714575
q64966,R@100,1.0
q64967,nDCG@10,0.0
q64967,R@100,0.0
q64968,nDCG@10,1.0
q64968,R@100,1.0
q64969,nDCG@10,0.0
q64969,R@100,1.0
q64970,nDCG@10,0.0
q64970,R@100,1.0
q64971,nDCG@10,0.6309297535714575
q64971,R@100,1.0
q64972,nDCG@10,1.0
q64972,R@100,1.0
q64973,nDCG@10,0.0
q64973,R@100,1.0
q64974,nDCG@10,0.6309297535714575
q64974,R@100,1.0
q64975,nDCG@10,0.0
q64975,R@100,0.0
q64976,nDCG@10,0.5
q64976,R@100,1.0
q64977,nDCG@10,0.43067655807339306
q64977,R@100,1.0
q64978,nDCG@10,0.0
q64978,R@100,0.0
q64979,nDCG@10,0.3010299956639812
q64979,R@100,1.0
q64980,nDCG@10,1.0
q64980,R@100,1.0
q64981,nDCG@10,0.0
q64981,R@100,0.0
q64982,nDCG@10,0.0
q64982,R@100,0.0
q64983,nDCG@10,0.0
q64983,R@100,1.0
q64984,nDCG@10,1.0
q64984,R@100,1.0
q64985,nDCG@10,0.0
q64985,R@100,0.0
q64986,nDCG@10,0.0
q64986,R@100,1.0
q64987,nDCG@10,0.0
q64987,R@100,0.0
q64988,nDCG@10,0.2890648263178879
q64988,R@100,1.0
q64989,nDCG@10,0.6309297535714575
q64989,R@100,1.0
q64990,nDCG@10,0.0
q64990,R@100,1.0
q64991,nDCG@10,0.6309297535714575
q64991,R@100,1.0
q64992,nDCG@10,0.0
q64992,R@100,0.0
q64993,nDCG@10,0.6309297535714575
q64993,R@100,1.0
q64994,nDCG@10,0.0
q64994,R@100,0.0
q64995,nDCG@10,0.0
q64995,R@100,0.0
q64996,nDCG@10,0.6309297535714575
q64996,R@100,1.0
q64997,nDCG@10,0.0
q64997,R@100,0.0
q64998,nDCG@10,1.0
q64998,R@100,1.0
q64999,nDCG@10,0.0
q64999,R@100,0.0
q65000,nDCG@10,0.0
q65000,R@100,1.0
q65001,nDCG@10,0.0
q65001,R@100,0.0
q65002,nDCG@10,1.0
q65002,R@100,1.0
q65003,nDCG@10,0.0
q65003,R@100,0.0
q65004,nDCG@10,1.0
q65004,R@100,1.0
q65005,nDCG@10,0.0
q65005,R@100,0.0
q65006,nDCG@10,0.0
q65006,R@100,1.0
q65007,nDCG@10,0.43067655807339306
q65007,R@100,1.0
q65008,nDCG@10,1.0
q65008,R@100,1.0
q65009,nDCG@10,1.0
q65009,R@100,1.0
q65010,nDCG@10,0.3562071871080222
q65010,R@100,1.0
q65011,nDCG@10,0.6309297535714575
q65011,R@100,1.0
q65012,nDCG@10,0.0
q65012,R@100,0.0
q65013,nDCG@10,1.0
q65013,R@100,1.0
q65014,nDCG@10,0.0
q65014,R@100,0.0
q65015,nDCG@10,0.5
q65015,R@100,1.0
q65016,nDCG@10,0.0
q65016,R@100,0.0
q65017,nDCG@10,1.0
q65017,R@100,1.0
q65018,nDCG@10,0.0
q65018,R@100,1.0
q65019,nDCG@10,0.6309297535714575
q65019,R@100,1.0
q65020,nDCG@10,0.0
q65020,R@100,0.0
q65021,nDCG@10,1.0
q65021,R@100,1.0
q65022,nDCG@10,1.0
q65022,R@100,1.0
q65023,nDCG@10,1.0
q65023,R@100,1.0
q65024,nDCG@10,1.0
q65024,R@100,1.0
q65025,nDCG@10,0.6309297535714575
q65025,R@100,1.0
q65026,nDCG@10,0.0
q65026,R@100,0.0
q65027,nDCG@10,0.0
q65027,R@100,1.0
q65028,nDCG@10,0.0
q65028,R@100,0.0
q65029,nDCG@10,1.0
q65029,R@100,1.0
q65030,nDCG@10,0.0
q65030,R@100,0.0
q65031,nDCG@10,0.0
q65031,R@100,0.0
q65032,nDCG@10,0.6309297535714575
q65032,R@100,1.0
q65033,nDCG@10,0.0
q65033,R@100,0.0
q65034,nDCG@10,0.0
q65034,R@100,1.0
q65035,nDCG@10,1.0
q65035,R@100,1.0
q65036,nDCG@10,0.0
q65036,R@100,0.0
q65037,nDCG@10,0.0
q65037,R@100,1.0
q65038,nDCG@10,1.0
q65038,R@100,1.0
q65039,nDCG@10,1.0
q65039,R@100,1.0
q65040,nDCG@10,0.0
q65040,R@100,1.0
q65041,nDCG@10,0.0
q65041,R@100,1.0
q65042,nDCG@10,1.0
q65042,R@100,1.0
q65043,nDCG@10,0.0
q65043,R@100,1.0
q65044,nDCG@10,1.0
q65044,R@100,1.0
q65045,nDCG@10,0.0
q65045,R@100,0.0
q65046,nDCG@10,0.0
q65046,R@100,1.0
q65047,nDCG@10,0.0
q65047,R@100,0.0
q65048,nDCG@10,0.0
q65048,R@100,1.0
q65049,nDCG@10,0.43067655807339306
q65049,R@100,1.0
q65050,nDCG@10,0.0
q65050,R@100,0.0
q65051,nDCG@10,0.0
q65051,R@100,1.0
q65052,nDCG@10,0.0
q65052,R@100,0.0
q65053,nDCG@10,0.3562071871080222
q65053,R@100,1.0
q65054,nDCG@10,1.0
q65054,R@100,1.0
q65055,nDCG@10,1.0
q65055,R@100,1.0
q65056,nDCG@10,0.0
q65056,R@100,0.0
q65057,nDCG@10,1.0
q65057,R@100,1.0
q65058,nDCG@10,0.3562071871080222
q65058,R@100,1.0
q65059,nDCG@10,0.5
q65059,R@100,1.0
q65060,nDCG@10,0.6309297535714575
q65060,R@100,1.0
q65061,nDCG@10,0.6309297535714575
q65061,R@100,1.0
q65062,nDCG@10,1.0
q65062,R@100,1.0
q65063,nDCG@10,0.0
q65063,R@100,1.0
q65064,nDCG@10,0.0
q65064,R@100,0.0
q65065,nDCG@10,0.0
q65065,R@100,0.0
q65066,nDCG@10,1.0
q65066,R@100,1.0
q65067,nDCG@10,0.0
q65067,R@100,1.0
q65068,nDCG@10,0.0
q65068,R@100,0.0
q65069,nDCG@10,1.0
q65069,R@100,1.0
q65070,nDCG@10,1.0
q65070,R@100,1.0
q65071,nDCG@10,0.0
q65071,R@100,0.0
q65072,nDCG@10,0.0
q65072,R@100,0.0
q65073,nDCG@10,0.0
q65073,R@100,0.0
q65074,nDCG@10,0.0
q65074,R@100,0.0
q65075,nDCG@10,0.0
q65075,R@100,0.0
q65076,nDCG@10,0.0
q65076,R@100,0.0
q65077,nDCG@10,0.0
q65077,R@100,0.0
q65078,nDCG@10,0.0
q65078,R@100,1.0
q65079,nDCG@10,0.0
q65079,R@100,0.0
q65080,nDCG@10,0.43067655807339306
q65080,R@100,1.0
q65081,nDCG@10,0.0
q65081,R@100,0.0
q65082,nDCG@10,1.0
q65082,R@100,1.0
q65083,nDCG@10,0.0
q65083,R@100,0.0
q65084,nDCG@10,0.0
q65084,R@100,0.0
q65085,nDCG@10,0.31546487678572877
q65085,R@100,1.0
q65086,nDCG@10,0.31546487678572877
q65086,R@100,1.0
q65087,nDCG@10,1.0
q65087,R@100,1.0
q65088,nDCG@10,0.0
q65088,R@100,1.0
q65089,nDCG@10,0.6309297535714575
q65089,R@100,1.0
q65090,nDCG@10,1.0
q65090,R@100,1.0
q65091,nDCG@10,0.0
q65091,R@100,0.0
q65092,nDCG@10,1.0
q65092,R@100,1.0
q65093,nDCG@10,1.0
q65093,R@100,1.0
q65094,nDCG@10,0.0
q65094,R@100,0.0
q65095,nDCG@10,0.0
q65095,R@100,0.0
q65096,nDCG@10,0.0
q65096,R@100,0.0
q65097,nDCG@10,0.0
q65097,R@100,0.0
q65098,nDCG@10,0.0
q65098,R@100,1.0
q65099,nDCG@10,1.0
q65099,R@100,1.0
q65100,nDCG@10,0.0
q65100,R@100,1.0
q65101,nDCG@10,0.0
q65101,R@100,0.0
q65102,nDCG@10,1.0
q65102,R@100,1.0
q65103,nDCG@10,0.6309297535714575
q65103,R@100,1.0
q65104,nDCG@10,1.0
q65104,R@100,1.0
q65105,nDCG@10,1.0
q65105,R@100,1.0
q65106,nDCG@10,1.0
q65106,R@100,1.0
q65107,nDCG@10,0.0
q65107,R@100,0.0
q65108,nDCG@10,0.38685280723454163
q65108,R@100,1.0
q65109,nDCG@10,1.0
q65109,R@100,1.0
q65110,nDCG@10,0.0
q65110,R@100,0.0
q65111,nDCG@10,1.0
q65111,R@100,1.0
q65112,nDCG@10,1.0
q65112,R@100,1.0
q65113,nDCG@10,1.0
q65113,R@100,1.0
q65114,nDCG@10,1.0
q65114,R@100,1.0
q65115,nDCG@10,0.0
q65115,R@100,1.0
q65116,nDCG@10,1.0
q65116,R@100,1.0
q65117,nDCG@10,0.6309297535714575
q65117,R@100,1.0
q65118,nDCG@10,0.38685280723454163
q65118,R@100,1.0
q65119,nDCG@10,0.0
q65119,R@100,0.0
q65120,nDCG@10,1.0
q65120,R@100,1.0
q65121,nDCG@10,1.0
q65121,R@100,1.0
q65122,nDCG@10,1.0
q65122,R@100,1.0
q65123,nDCG@10,0.0
q65123,R@100,0.0
q65124,nDCG@10,0.0
q65124,R@100,0.0
q65125,nDCG@10,0.0
q65125,R@100,0.0
q65126,nDCG@10,0.0
q65126,R@100,1.0
q65127,nDCG@10,1.0
q65127,R@100,1.0
q65128,nDCG@10,1.0
q65128,R@100,1.0
q65129,nDCG@10,0.0
q65129,R@100,0.0
q65130,nDCG@10,0.0
q65130,R@100,0.0
q65131,nDCG@10,1.0
q65131,R@100,1.0
q65132,nDCG@10,0.0
q65132,R@100,0.0
q65133,nDCG@10,0.6309297535714575
q65133,R@100,1.0
q65134,nDCG@10,0.0
q65134,R@100,1.0
q65135,nDCG@10,0.6309297535714575
q65135,R@100,1.0
q65136,nDCG@10,0.0
q65136,R@100,0.0
q65137,nDCG@10,0.6309297535714575
q65137,R@100,1.0
q65138,nDCG@10,0.0
q65138,R@100,1.0
q65139,nDCG@10,0.0
q65139,R@100,1.0
q65140,nDCG@10,0.2890648263178879
q65140,R@100,1.0
q65141,nDCG@10,0.0
q65141,R@100,0.0
q65142,nDCG@10,1.0
q65142,R@100,1.0
q65143,nDCG@10,0.43067655807339306
q65143,R@100,1.0
q65144,nDCG@10,0.0
q65144,R@100,0.0
q65145,nDCG@10,0.0
q65145,R@100,0.0
q65146,nDCG@10,0.38685280723454163
q65146,R@100,1.0
q65147,nDCG@10,1.0
q65147,R@100,1.0
q65148,nDCG@10,1.0
q65148,R@100,1.0
q65149,nDCG@10,0.0
q65149,R@100,0.0
q65150,nDCG@10,0.0
q65150,R@100,1.0
q65151,nDCG@10,0.3562071871080222
q65151,R@100,1.0
q65152,nDCG@10,0.0
q65152,R@100,0.0
q65153,nDCG@10,1.0
q65153,R@100,1.0
q65154,nDCG@10,1.0
q65154,R@100,1.0
q65155,nDCG@10,0.5
q65155,R@100,1.0
q65156,nDCG@10,0.0
q65156,R@100,0.0
q65157,nDCG@10,0.0
q65157,R@100,1.0
q65158,nDCG@10,0.5
q65158,R@100,1.0
q65159,nDCG@10,1.0
q65159,R@100,1.0
q65160,nDCG@10,1.0
q65160,R@100,1.0
q65161,nDCG@10,1.0
q65161,R@100,1.0
q65162,nDCG@10,0.0
q65162,R@100,0.0
q65163,nDCG@10,0.0
q65163,R@100,0.0
q65164,nDCG@10,0.0
q65164,R@100,0.0
q65165,nDCG@10,0.0
q65165,R@100,0.0
q65166,nDCG@10,1.0
q65166,R@100,1.0
q65167,nDCG@10,1.0
q65167,R@100,1.0
q65168,nDCG@10,0.0
q65168,R@100,1.0
q65169,nDCG@10,1.0
q65169,R@100,1.0
q65170,nDCG@10,0.0
q65170,R@100,1.0
q65171,nDCG@10,1.0
q65171,R@100,1.0
q65172,nDCG@10,0.0
q65172,R@100,0.0
q65173,nDCG@10,0.0
q65173,R@100,0.0
q65174,nDCG@10,0.0
q65174,R@100,0.0
q65175,nDCG@10,1.0
q65175,R@100,1.0
q65176,nDCG@10,0.0
q65176,R@100,1.0
q65177,nDCG@10,0.0
q65177,R@100,0.0
q65178,nDCG@10,1.0
q65178,R@100,1.0
q65179,nDCG@10,0.5
q65179,R@100,1.0
q65180,nDCG@10,0.0
q65180,R@100,0.0
q65181,nDCG@10,1.0
q65181,R@100,1.0
q65182,nDCG@10,0.0
q65182,R@100,0.0
q65183,nDCG@10,0.0
q65183,R@100,0.0
q65184,nDCG@10,0.0
q65184,R@100,0.0
q65185,nDCG@10,0.0
q65185,R@100,0.0
q65186,nDCG@10,1.0
q65186,R@100,1.0
q65187,nDCG@10,1.0
q65187,R@100,1.0
q65188,nDCG@10,0.0
q65188,R@100,1.0
q65189,nDCG@10,1.0
q65189,R@100,1.0
q65190,nDCG@10,0.43067655807339306
q65190,R@100,1.0
q65191,nDCG@10,1.0
q65191,R@100,1.0
q65192,nDCG@10,0.6309297535714575
q65192,R@100,1.0
q65193,nDCG@10,1.0
q65193,R@100,1.0
q65194,nDCG@10,1.0
q65194,R@100,1.0
q65195,nDCG@10,1.0
q65195,R@100,1.0
q65196,nDCG@10,0.0
q65196,R@100,0.0
q65197,nDCG@10,0.38685280723454163
q65197,R@100,1.0
q65198,nDCG@10,1.0
q65198,R@100,1.0
q65199,nDCG@10,1.0
q65199,R@100,1.0
q65200,nDCG@10,1.0
q65200,R@100,1.0
q65201,nDCG@10,0.0
q65201,R@100,1.0
q65202,nDCG@10,1.0
q65202,R@100,1.0
q65203,nDCG@10,0.6309297535714575
q65203,R@100,1.0
q65204,nDCG@10,0.0
q65204,R@100,0.0
q65205,nDCG@10,0.0
q65205,R@100,0.0
q65206,nDCG@10,1.0
q65206,R@100,1.0
q65207,nDCG@10,0.0
q65207,R@100,1.0
q65208,nDCG@10,0.0
q65208,R@100,0.0
q65209,nDCG@10,0.0
q65209,R@100,0.0
q65210,nDCG@10,0.6309297535714575
q65210,R@100,1.0
q65211,nDCG@10,0.38685280723454163
q65211,R@100,1.0
q65212,nDCG@10,0.0
q65212,R@100,0.0
q65213,nDCG@10,0.0
q65213,R@100,0.0
q65214,nDCG@10,1.0
q65214,R@100,1.0
q65215,nDCG@10,0.0
q65215,R@100,0.0
q65216,nDCG@10,1.0
q65216,R@100,1.0
q65217,nDCG@10,1.0
q65217,R@100,1.0
q65218,nDCG@10,0.0
q65218,R@100,0.0
q65219,nDCG@10,0.6309297535714575
q65219,R@100,1.0
q65220,nDCG@10,1.0
q65220,R@100,1.0
q65221,nDCG@10,0.0
q65221,R@100,0.0
q65222,nDCG@10,0.0
q65222,R@100,0.0
q65223,nDCG@10,0.0
q65223,R@100,1.0
q65224,nDCG@10,1.0
q65224,R@100,1.0
q65225,nDCG@10,0.0
q65225,R@100,1.0
q65226,nDCG@10,0.0
q65226,R@100,0.0
q65227,nDCG@10,1.0
q65227,R@100,1.0
q65228,nDCG@10,1.0
q65228,R@100,1.0
q65229,nDCG@10,0.0
q65229,R@100,0.0
q65230,nDCG@10,0.0
q65230,R@100,0.0
q65231,nDCG@10,0.6309297535714575
q65231,R@100,1.0
q65232,nDCG@10,1.0
q65232,R@100,1.0
q65233,nDCG@10,0.0
q65233,R@100,0.0
q65234,nDCG@10,0.0
q65234,R@100,0.0
q65235,nDCG@10,1.0
q65235,R@100,1.0
q65236,nDCG@10,0.0
q65236,R@100,1.0
q65237,nDCG@10,1.0
q65237,R@100,1.0
q65238,nDCG@10,0.3562071871080222
q65238,R@100,1.0
q65239,nDCG@10,1.0
q65239,R@100,1.0
q65240,nDCG@10,0.38685280723454163
q65240,R@100,1.0
q65241,nDCG@10,0.0
q65241,R@100,1.0
q65242,nDCG@10,0.6309297535714575
q65242,R@100,1.0
q65243,nDCG@10,0.0
q65243,R@100,0.0
q65244,nDCG@10,0.5
q65244,R@100,1.0
q65245,nDCG@10,0.43067655807339306
q65245,R@100,1.0
q65246,nDCG@10,0.0
q65246,R@100,0.0
q65247,nDCG@10,0.0
q65247,R@100,0.0
q65248,nDCG@10,0.6309297535714575
q65248,R@100,1.0
q65249,nDCG@10,0.0
q65249,R@100,1.0
q65250,nDCG@10,0.5
q65250,R@100,1.0
q65251,nDCG@10,0.0
q65251,R@100,0.0
q65252,nDCG@10,1.0
q65252,R@100,1.0
q65253,nDCG@10,0.38685280723454163
q65253,R@100,1.0
q65254,nDCG@10,0.5
q65254,R@100,1.0
q65255,nDCG@10,1.0
q65255,R@100,1.0
q65256,nDCG@10,0.0
q65256,R@100,1.0
q65257,nDCG@10,0.6309297535714575
q65257,R@100,1.0
q65258,nDCG@10,1.0
q65258,R@100,1.0
q65259,nDCG@10,1.0
q65259,R@100,1.0
q65260,nDCG@10,0.43067655807339306
q65260,R@100,1.0
q65261,nDCG@10,1.0
q65261,R@100,1.0
q65262,nDCG@10,0.0
q65262,R@100,1.0
q65263,nDCG@10,0.0
q65263,R@100,0.0
q65264,nDCG@10,0.0
q65264,R@100,0.0
q65265,nDCG@10,1.0
q65265,R@100,1.0
q65266,nDCG@10,1.0
q65266,R@100,1.0
q65267,nDCG@10,1.0
q65267,R@100,1.0
q65268,nDCG@10,0.6309297535714575
q65268,R@100,1.0
q65269,nDCG@10,0.5
q65269,R@100,1.0
q65270,nDCG@10,1.0
q65270,R@100,1.0
q65271,nDCG@10,0.0
q65271,R@100,0.0
q65272,nDCG@10,1.0
q65272,R@100,1.0
q65273,nDCG@10,1.0
q65273,R@100,1.0
q65274,nDCG@10,0.0
q65274,R@100,0.0
q65275,nDCG@10,1.0
q65275,R@100,1.0
q65276,nDCG@10,0.6309297535714575
q65276,R@100,1.0
q65277,nDCG@10,0.0
q65277,R@100,0.0
q65278,nDCG@10,1.0
q65278,R@100,1.0
q65279,nDCG@10,1.0
q65279,R@100,1.0
q65280,nDCG@10,1.0
q65280,R@100,1.0
q65281,nDCG@10,0.3333333333333333
q65281,R@100,1.0
q65282,nDCG@10,1.0
q65282,R@100,1.0
q65283,nDCG@10,0.0
q65283,R@100,1.0
q65284,nDCG@10,0.0
q65284,R@100,0.0
q65285,nDCG@10,1.0
q65285,R@100,1.0
q65286,nDCG@10,1.0
q65286,R@100,1.0
q65287,nDCG@10,0.0
q65287,R@100,0.0
q65288,nDCG@10,0.0
q65288,R@100,0.0
q65289,nDCG@10,0.5
q65289,R@100,1.0
q65290,nDCG@10,0.0
q65290,R@100,1.0
q65291,nDCG@10,1.0
q65291,R@100,1.0
q65292,nDCG@10,1.0
q65292,R@100,1.0
q65293,nDCG@10,0.43067655807339306
q65293,R@100,1.0
q65294,nDCG@10,0.6309297535714575
q65294,R@100,1.0
q65295,nDCG@10,0.0
q65295,R@100,0.0
q65296,nDCG@10,0.0
q65296,R@100,0.0
q65297,nDCG@10,1.0
q65297,R@100,1.0
q65298,nDCG@10,0.0
q65298,R@100,1.0
q65299,nDCG@10,0.0
q65299,R@100,0.0
q65300,nDCG@10,0.6309297535714575
q65300,R@100,1.0
q65301,nDCG@10,1.0
q65301,R@100,1.0
q65302,nDCG@10,1.0
q65302,R@100,1.0
q65303,nDCG@10,0.38685280723454163
q65303,R@100,1.0
q65304,nDCG@10,0.0
q65304,R@100,1.0
q65305,nDCG@10,1.0
q65305,R@100,1.0
q65306,nDCG@10,0.0
q65306,R@100,1.0
q65307,nDCG@10,1.0
q65307,R@100,1.0
q65308,nDCG@10,0.0
q65308,R@100,0.0
q65309,nDCG@10,0.6309297535714575
q65309,R@100,1.0
q65310,nDCG@10,0.0
q65310,R@100,1.0
q65311,nDCG@10,1.0
q65311,R@100,1.0
q65312,nDCG@10,0.0
q65312,R@100,0.0
q65313,nDCG@10,0.0
q65313,R@100,1.0
q65314,nDCG@10,0.43067655807339306
q65314,R@100,1.0
q65315,nDCG@10,0.0
q65315,R@100,0.0
q65316,nDCG@10,0.2890648263178879
q65316,R@100,1.0
q65317,nDCG@10,0.6309297535714575
q65317,R@100,1.0
q65318,nDCG@10,0.0
q65318,R@100,0.0
q65319,nDCG@10,0.0
q65319,R@100,1.0
q65320,nDCG@10,1.0
q65320,R@100,1.0
q65321,nDCG@10,1.0
q65321,R@100,1.0
q65322,nDCG@10,0.0
q65322,R@100,0.0
q65323,nDCG@10,0.0
q65323,R@100,0.0
q65324,nDCG@10,0.0
q65324,R@100,0.0
q65325,nDCG@10,0.0
q65325,R@100,0.0
q65326,nDCG@10,1.0
q65326,R@100,1.0
q65327,nDCG@10,0.43067655807339306
q65327,R@100,1.0
q65328,nDCG@10,0.0
q65328,R@100,0.0
q65329,nDCG@10,0.5
q65329,R@100,1.0
q65330,nDCG@10,0.0
q65330,R@100,0.0
q65331,nDCG@10,0.0
q65331,R@100,0.0
q65332,nDCG@10,0.0
q65332,R@100,1.0
q65333,nDCG@10,0.38685280723454163
q65333,R@100,1.0
q65334,nDCG@10,0.0
q65334,R@100,0.0
q65335,nDCG@10,0.0
q65335,R@100,1.0
q65336,nDCG@10,1.0
q65336,R@100,1.0
q65337,nDCG@10,0.0
q65337,R@100,0.0
q65338,nDCG@10,1.0
q65338,R@100,1.0
q65339,nDCG@10,0.0
q65339,R@100,0.0
q65340,nDCG@10,1.0
q65340,R@100,1.0
q65341,nDCG@10,1.0
q65341,R@100,1.0
q65342,nDCG@10,1.0
q65342,R@100,1.0
q65343,nDCG@10,1.0
q65343,R@100,1.0
q65344,nDCG@10,0.0
q65344,R@100,0.0
q65345,nDCG@10,0.0
q65345,R@100,1.0
q65346,nDCG@10,1.0
q65346,R@100,1.0
q65347,nDCG@10,1.0
q65347,R@100,1.0
q65348,nDCG@10,0.0
q65348,R@100,0.0
q65349,nDCG@10,0.6309297535714575
q65349,R@100,1.0
q65350,nDCG@10,1.0
q65350,R@100,1.0
q65351,nDCG@10,0.0
q65351,R@100,1.0
q65352,nDCG@10,0.0
q65352,R@100,0.0
q65353,nDCG@10,0.0
q65353,R@100,0.0
q65354,nDCG@10,0.0
q65354,R@100,0.0
q65355,nDCG@10,0.0
q65355,R@100,0.0
q65356,nDCG@10,0.43067655807339306
q65356,R@100,1.0
q65357,nDCG@10,0.0
q65357,R@100,0.0
q65358,nDCG@10,1.0
q65358,R@100,1.0
q65359,nDCG@10,0.3010299956639812
q65359,R@100,1.0
q65360,nDCG@10,0.3333333333333333
q65360,R@100,1.0
q65361,nDCG@10,1.0
q65361,R@100,1.0
q65362,nDCG@10,0.0
q65362,R@100,0.0
q65363,nDCG@10,0.6309297535714575
q65363,R@100,1.0
q65364,nDCG@10,0.5
q65364,R@100,1.0
q65365,nDCG@10,0.0
q65365,R@100,1.0
q65366,nDCG@10,0.0
q65366,R@100,1.0
q65367,nDCG@10,0.0
q65367,R@100,0.0
q65368,nDCG@10,0.5
q65368,R@100,1.0
q65369,nDCG@10,0.38685280723454163
q65369,R@100,1.0
q65370,nDCG@10,1.0
q65370,R@100,1.0
q65371,nDCG@10,0.0
q65371,R@100,0.0
q65372,nDCG@10,0.2890648263178879
q65372,R@100,1.0
q65373,nDCG@10,0.0
q65373,R@100,0.0
q65374,nDCG@10,1.0
q65374,R@100,1.0
q65375,nDCG@10,0.0
q65375,R@100,0.0
q65376,nDCG@10,0.5
q65376,R@100,1.0
q65377,nDCG@10,0.0
q65377,R@100,0.0
q65378,nDCG@10,0.0
q65378,R@100,1.0
q65379,nDCG@10,0.3562071871080222
q65379,R@100,1.0
q65380,nDCG@10,1.0
q65380,R@100,1.0
q65381,nDCG@10,1.0
q65381,R@100,1.0
q65382,nDCG@10,1.0
q65382,R@100,1.0
q65383,nDCG@10,0.0
q65383,R@100,1.0
q65384,nDCG@10,1.0
q65384,R@100,1.0
q65385,nDCG@10,0.0
q65385,R@100,0.0
q65386,nDCG@10,1.0
q65386,R@100,1.0
q65387,nDCG@10,1.0
q65387,R@100,1.0
q65388,nDCG@10,1.0
q65388,R@100,1.0
q65389,nDCG@10,0.0
q65389,R@100,1.0
q65390,nDCG@10,0.43067655807339306
q65390,R@100,1.0
q65391,nDCG@10,1.0
q65391,R@100,1.0
q65392,nDCG@10,0.0
q65392,R@100,1.0
q65393,nDCG@10,0.0
q65393,R@100,0.0
q65394,nDCG@10,1.0
q65394,R@100,1.0
q65395,nDCG@10,1.0
q65395,R@100,1.0
q65396,nDCG@10,0.31546487678572877
q65396,R@100,1.0
q65397,nDCG@10,0.0
q65397,R@100,1.0
q65398,nDCG@10,0.0
q65398,R@100,0.0
q65399,nDCG@10,0.6309297535714575
q65399,R@100,1.0
q65400,nDCG@10,1.0
q65400,R@100,1.0
q65401,nDCG@10,0.0
q65401,R@100,0.0
q65402,nDCG@10,0.6309297535714575
q65402,R@100,1.0
q65403,nDCG@10,1.0
q65403,R@100,1.0
q65404,nDCG@10,0.0
q65404,R@100,0.0
q65405,nDCG@10,0.0
q65405,R@100,1.0
q65406,nDCG@10,0.0
q65406,R@100,0.0
q65407,nDCG@10,1.0
q65407,R@100,1.0
q65408,nDCG@10,0.0
q65408,R@100,0.0
q65409,nDCG@10,1.0
q65409,R@100,1.0
q65410,nDCG@10,1.0
q65410,R@100,1.0
q65411,nDCG@10,1.0
q65411,R@100,1.0
q65412,nDCG@10,1.0
q65412,R@100,1.0
q65413,nDCG@10,1.0
q65413,R@100,1.0
q65414,nDCG@10,0.5
q65414,R@100,1.0
q65415,nDCG@10,0.0
q65415,R@100,0.0
q65416,nDCG@10,1.0
q65416,R@100,1.0
q65417,nDCG@10,0.5
q65417,R@100,1.0
q65418,nDCG@10,0.0
q65418,R@100,0.0
q65419,nDCG@10,1.0
q65419,R@100,1.0
q65420,nDCG@10,0.43067655807339306
q65420,R@100,1.0
q65421,nDCG@10,0.0
q65421,R@100,0.0
q65422,nDCG@10,0.31546487678572877
q65422,R@100,1.0
q65423,nDCG@10,0.6309297535714575
q65423,R@100,1.0
q65424,nDCG@10,0.3333333333333333
q65424,R@100,1.0
q65425,nDCG@10,0.0
q65425,R@100,1.0
q65426,nDCG@10,0.0
q65426,R@100,1.0
q65427,nDCG@10,1.0
q65427,R@100,1.0
q65428,nDCG@10,0.0
q65428,R@100,0.0
q65429,nDCG@10,1.0
q65429,R@100,1.0
q65430,nDCG@10,0.0
q65430,R@100,0.0
q65431,nDCG@10,0.0
q65431,R@100,1.0
q65432,nDCG@10,0.0
q65432,R@100,0.0
q65433,nDCG@10,0.0
q65433,R@100,0.0
q65434,nDCG@10,0.31546487678572877
q65434,R@100,1.0
q65435,nDCG@10,1.0
q65435,R@100,1.0
q65436,nDCG@10,1.0
q65436,R@100,1.0
q65437,nDCG@10,0.0
q65437,R@100,0.0
q65438,nDCG@10,0.0
q65438,R@100,0.0
q65439,nDCG@10,0.0
q65439,R@100,0.0
q65440,nDCG@10,0.0
q65440,R@100,0.0
q65441,nDCG@10,0.0
q65441,R@100,0.0
q65442,nDCG@10,0.0
q65442,R@100,1.0
q65443,nDCG@10,0.0
q65443,R@100,0.0
q65444,nDCG@10,0.0
q65444,R@100,1.0
q65445,nDCG@10,0.6309297535714575
q65445,R@100,1.0
q65446,nDCG@10,0.0
q65446,R@100,1.0
q65447,nDCG@10,0.0
q65447,R@100,1.0
q65448,nDCG@10,0.0
q65448,R@100,0.0
q65449,nDCG@10,1.0
q65449,R@100,1.0
q65450,nDCG@10,0.0
q65450,R@100,0.0
q65451,nDCG@10,0.0
q65451,R@100,1.0
q65452,nDCG@10,0.0
q65452,R@100,0.0
q65453,nDCG@10,0.0
q65453,R@100,1.0
q65454,nDCG@10,1.0
q65454,R@100,1.0
q65455,nDCG@10,0.0
q65455,R@100,0.0
q65456,nDCG@10,0.0
q65456,R@100,1.0
q65457,nDCG@10,0.0
q65457,R@100,1.0
q65458,nDCG@10,0.0
q65458,R@100,1.0
q65459,nDCG@10,0.0
q65459,R@100,0.0
q65460,nDCG@10,1.0
q65460,R@100,1.0
q65461,nDCG@10,0.0
q65461,R@100,0.0
q65462,nDCG@10,0.0
q65462,R@100,0.0
q65463,nDCG@10,0.0
q65463,R@100,1.0
q65464,nDCG@10,0.0
q65464,R@100,0.0
q65465,nDCG@10,0.0
q65465,R@100,0.0
q65466,nDCG@10,1.0
q65466,R@100,1.0
q65467,nDCG@10,1.0
q65467,R@100,1.0
q65468,nDCG@10,0.0
q65468,R@100,0.0
q65469,nDCG@10,0.6309297535714575
q65469,R@100,1.0
q65470,nDCG@10,0.0
q65470,R@100,1.0
q65471,nDCG@10,1.0
q65471,R@100,1.0
q65472,nDCG@10,0.0
q65472,R@100,1.0
q65473,nDCG@10,0.0
q65473,R@100,0.0
q65474,nDCG@10,0.0
q65474,R@100,0.0
q65475,nDCG@10,1.0
q65475,R@100,1.0
q65476,nDCG@10,1.0
q65476,R@100,1.0
q65477,nDCG@10,1.0
q65477,R@100,1.0
q65478,nDCG@10,1.0
q65478,R@100,1.0
q65479,nDCG@10,0.38685280723454163
q65479,R@100,1.0
q65480,nDCG@10,0.0
q65480,R@100,0.0
q65481,nDCG@10,1.0
q65481,R@100,1.0
q65482,nDCG@10,1.0
q65482,R@100,1.0
q65483,nDCG@10,0.0
q65483,R@100,0.0
q65484,nDCG@10,0.0
q65484,R@100,0.0
q65485,nDCG@10,1.0
q65485,R@100,1.0
q65486,nDCG@10,0.38685280723454163
q65486,R@100,1.0
q65487,nDCG@10,0.0
q65487,R@100,0.0
q65488,nDCG@10,0.0
q65488,R@100,0.0
q65489,nDCG@10,0.0
q65489,R@100,1.0
q65490,nDCG@10,0.0
q65490,R@100,0.0
q65491,nDCG@10,1.0
q65491,R@100,1.0
q65492,nDCG@10,0.0
q65492,R@100,0.0
q65493,nDCG@10,0.5
q65493,R@100,1.0
q65494,nDCG@10,0.0
q65494,R@100,0.0
q65495,nDCG@10,0.6309297535714575
q65495,R@100,1.0
q65496,nDCG@10,1.0
q65496,R@100,1.0
q65497,nDCG@10,0.0
q65497,R@100,0.0
q65498,nDCG@10,0.0
q65498,R@100,0.0
q65499,nDCG@10,0.0
q65499,R@100,1.0
q65500,nDCG@10,1.0
q65500,R@100,1.0
q65501,nDCG@10,0.3010299956639812
q65501,R@100,1.0
q65502,nDCG@10,1.0
q65502,R@100,1.0
q65503,nDCG@10,0.0
q65503,R@100,0.0
q65504,nDCG@10,0.3562071871080222
q65504,R@100,1.0
q65505,nDCG@10,0.0
q65505,R@100,1.0
q65506,nDCG@10,0.0
q65506,R@100,0.0
q65507,nDCG@10,0.0
q65507,R@100,0.0
q65508,nDCG@10,1.0
q65508,R@100,1.0
q65509,nDCG@10,0.38685280723454163
q65509,R@100,1.0
q65510,nDCG@10,1.0
q65510,R@100,1.0
q65511,nDCG@10,0.0
q65511,R@100,1.0
q65512,nDCG@10,0.0
q65512,R@100,0.0
q65513,nDCG@10,0.0
q65513,R@100,0.0
q65514,nDCG@10,1.0
q65514,R@100,1.0
q65515,nDCG@10,0.38685280723454163
q65515,R@100,1.0
q65516,nDCG@10,0.0
q65516,R@100,1.0
q65517,nDCG@10,1.0
q65517,R@100,1.0
q65518,nDCG@10,1.0
q65518,R@100,1.0
q65519,nDCG@10,1.0
q65519,R@100,1.0
q65520,nDCG@10,0.5
q65520,R@100,1.0
q65521,nDCG@10,1.0
q65521,R@100,1.0
q65522,nDCG@10,0.38685280723454163
q65522,R@100,1.0
q65523,nDCG@10,1.0
q65523,R@100,1.0
q65524,nDCG@10,1.0
q65524,R@100,1.0
q65525,nDCG@10,0.31546487678572877
q65525,R@100,1.0
q65526,nDCG@10,0.0
q65526,R@100,0.0
q65527,nDCG@10,0.3562071871080222
q65527,R@100,1.0
q65528,nDCG@10,1.0
q65528,R@100,1.0
q65529,nDCG@10,0.0
q65529,R@100,0.0
q65530,nDCG@10,0.0
q65530,R@100,1.0
q65531,nDCG@10,0.0
q65531,R@100,1.0
q65532,nDCG@10,1.0
q65532,R@100,1.0
q65533,nDCG@10,0.3333333333333333
q65533,R@100,1.0
q65534,nDCG@10,0.0
q65534,R@100,0.0
q65535,nDCG@10,0.0
q65535,R@100,0.0
q65536,nDCG@10,0.0
q65536,R@100,0.0
q65537,nDCG@10,0.0
q65537,R@100,0.0
q65538,nDCG@10,0.2890648263178879
q65538,R@100,1.0
q65539,nDCG@10,0.0
q65539,R@100,0.0
q65540,nDCG@10,0.0
q65540,R@100,0.0
q65541,nDCG@10,0.0
q65541,R@100,0.0
q65542,nDCG@10,0.0
q65542,R@100,0.0
q65543,nDCG@10,1.0
q65543,R@100,1.0
q65544,nDCG@10,0.0
q65544,R@100,0.0
q65545,nDCG@10,0.0
q65545,R@100,1.0
q65546,nDCG@10,0.0
q65546,R@100,1.0
q65547,nDCG@10,0.6309297535714575
q65547,R@100,1.0
q65548,nDCG@10,0.0
q65548,R@100,0.0
q65549,nDCG@10,0.0
q65549,R@100,0.0
q65550,nDCG@10,0.0
q65550,R@100,0.0
q65551,nDCG@10,0.3562071871080222
q65551,R@100,1.0
q65552,nDCG@10,0.6309297535714575
q65552,R@100,1.0
q65553,nDCG@10,0.0
q65553,R@100,1.0
q65554,nDCG@10,0.0
q65554,R@100,0.0
q65555,nDCG@10,1.0
q65555,R@100,1.0
q65556,nDCG@10,0.0
q65556,R@100,1.0
q65557,nDCG@10,0.0
q65557,R@100,0.0
q65558,nDCG@10,1.0
q65558,R@100,1.0
q65559,nDCG@10,1.0
q65559,R@100,1.0
q65560,nDCG@10,0.0
q65560,R@100,0.0
q65561,nDCG@10,1.0
q65561,R@100,1.0
q65562,nDCG@10,0.0
q65562,R@100,0.0
q65563,nDCG@10,0.0
q65563,R@100,0.0
q65564,nDCG@10,1.0
q65564,R@100,1.0
q65565,nDCG@10,0.6309297535714575
q65565,R@100,1.0
q65566,nDCG@10,0.0
q65566,R@100,1.0
q65567,nDCG@10,0.0
q65567,R@100,0.0
q65568,nDCG@10,0.0
q65568,R@100,1.0
q65569,nDCG@10,0.0
q65569,R@100,0.0
q65570,nDCG@10,0.0
q65570,R@100,1.0
q65571,nDCG@10,0.0
q65571,R@100,0.0
q65572,nDCG@10,0.0
q65572,R@100,0.0
q65573,nDCG@10,0.5
q65573,R@100,1.0
q65574,nDCG@10,0.0
q65574,R@100,0.0
q65575,nDCG@10,0.0
q65575,R@100,1.0
q65576,nDCG@10,1.0
q65576,R@100,1.0
q65577,nDCG@10,0.0
q65577,R@100,0.0
q65578,nDCG@10,0.0
q65578,R@100,0.0
q65579,nDCG@10,0.0
q65579,R@100,0.0
q65580,nDCG@10,0.0
q65580,R@100,0.0
q65581,nDCG@10,1.0
q65581,R@100,1.0
q65582,nDCG@10,0.0
q65582,R@100,1.0
q65583,nDCG@10,1.0
q65583,R@100,1.0
q65584,nDCG@10,0.0
q65584,R@100,0.0
q65585,nDCG@10,0.0
q65585,R@100,0.0
q65586,nDCG@10,0.6309297535714575
q65586,R@100,1.0
q65587,nDCG@10,0.0
q65587,R@100,0.0
q65588,nDCG@10,0.6309297535714575
q65588,R@100,1.0
q65589,nDCG@10,1.0
q65589,R@100,1.0
q65590,nDCG@10,0.6309297535714575
q65590,R@100,1.0
q65591,nDCG@10,0.0
q65591,R@100,0.0
q65592,nDCG@10,0.0
q65592,R@100,1.0
q65593,nDCG@10,0.43067655807339306
q65593,R@100,1.0
q65594,nDCG@10,1.0
q65594,R@100,1.0
q65595,nDCG@10,0.0
q65595,R@100,0.0
q65596,nDCG@10,0.0
q65596,R@100,0.0
q65597,nDCG@10,0.0
q65597,R@100,0.0
q65598,nDCG@10,0.0
q65598,R@100,1.0
q65599,nDCG@10,0.0
q65599,R@100,0.0
q65600,nDCG@10,0.0
q65600,R@100,0.0
q65601,nDCG@10,0.3010299956639812
q65601,R@100,1.0
q65602,nDCG@10,0.0
q65602,R@100,0.0
q65603,nDCG@10,0.31546487678572877
q65603,R@100,1.0
q65604,nDCG@10,0.0
q65604,R@100,0.0
q65605,nDCG@10,0.0
q65605,R@100,1.0
q65606,nDCG@10,0.6309297535714575
q65606,R@100,1.0
q65607,nDCG@10,0.6309297535714575
q65607,R@100,1.0
q65608,nDCG@10,0.5
q65608,R@100,1.0
q65609,nDCG@10,0.0
q65609,R@100,0.0
q65610,nDCG@10,0.0
q65610,R@100,0.0
q65611,nDCG@10,0.6309297535714575
q65611,R@100,1.0
q65612,nDCG@10,1.0
q65612,R@100,1.0
q65613,nDCG@10,0.0
q65613,R@100,1.0
q65614,nDCG@10,1.0
q65614,R@100,1.0
q65615,nDCG@10,0.5
q65615,R@100,1.0
q65616,nDCG@10,1.0
q65616,R@100,1.0
q65617,nDCG@10,1.0
q65617,R@100,1.0
q65618,nDCG@10,0.0
q65618,R@100,1.0
q65619,nDCG@10,0.0
q65619,R@100,1.0
q65620,nDCG@10,1.0
q65620,R@100,1.0
q65621,nDCG@10,1.0
q65621,R@100,1.0
q65622,nDCG@10,0.0
q65622,R@100,0.0
q65623,nDCG@10,0.6309297535714575
q65623,R@100,1.0
q65624,nDCG@10,1.0
q65624,R@100,1.0
q65625,nDCG@10,0.0
q65625,R@100,0.0
q65626,nDCG@10,1.0
q65626,R@100,1.0
q65627,nDCG@10,1.0
q65627,R@100,1.0
q65628,nDCG@10,1.0
q65628,R@100,1.0
q65629,nDCG@10,0.0
q65629,R@100,0.0
q65630,nDCG@10,0.5
q65630,R@100,1.0
q65631,nDCG@10,1.0
q65631,R@100,1.0
q65632,nDCG@10,1.0
q65632,R@100,1.0
q65633,nDCG@10,1.0
q65633,R@100,1.0
q65634,nDCG@10,0.0
q65634,R@100,1.0
q65635,nDCG@10,1.0
q65635,R@100,1.0
q65636,nDCG@10,0.0
q65636,R@100,0.0
q65637,nDCG@10,1.0
q65637,R@100,1.0
q65638,nDCG@10,0.0
q65638,R@100,0.0
q65639,nDCG@10,0.0
q65639,R@100,1.0
q65640,nDCG@10,1.0
q65640,R@100,1.0
q65641,nDCG@10,1.0
q65641,R@100,1.0
q65642,nDCG@10,0.0
q65642,R@100,0.0
q65643,nDCG@10,0.0
q65643,R@100,1.0
q65644,nDCG@10,0.6309297535714575
q65644,R@100,1.0
q65645,nDCG@10,1.0
q65645,R@100,1.0
q65646,nDCG@10,1.0
q65646,R@100,1.0
q65647,nDCG@10,0.5
q65647,R@100,1.0
q65648,nDCG@10,0.5
q65648,R@100,1.0
q65649,nDCG@10,0.0
q65649,R@100,0.0
q65650,nDCG@10,0.0
q65650,R@100,0.0
q65651,nDCG@10,0.0
q65651,R@100,0.0
q65652,nDCG@10,0.43067655807339306
q65652,R@100,1.0
q65653,nDCG@10,0.3562071871080222
q65653,R@100,1.0
q65654,nDCG@10,0.0
q65654,R@100,0.0
q65655,nDCG@10,0.5
q65655,R@100,1.0
q65656,nDCG@10,1.0
q65656,R@100,1.0
q65657,nDCG@10,0.0
q65657,R@100,1.0
q65658,nDCG@10,0.43067655807339306
q65658,R@100,1.0
q65659,nDCG@10,0.0
q65659,R@100,0.0
q65660,nDCG@10,0.5
q65660,R@100,1.0
q65661,nDCG@10,0.2890648263178879
q65661,R@100,1.0
q65662,nDCG@10,0.0
q65662,R@100,0.0
q65663,nDCG@10,0.0
q65663,R@100,1.0
q65664,nDCG@10,1.0
q65664,R@100,1.0
q65665,nDCG@10,1.0
q65665,R@100,1.0
q65666,nDCG@10,0.0
q65666,R@100,0.0
q65667,nDCG@10,0.0
q65667,R@100,0.0
q65668,nDCG@10,0.0
q65668,R@100,0.0
q65669,nDCG@10,0.5
q65669,R@100,1.0
q65670,nDCG@10,0.6309297535714575
q65670,R@100,1.0
q65671,nDCG@10,1.0
q65671,R@100,1.0
q65672,nDCG@10,1.0
q65672,R@100,1.0
q65673,nDCG@10,0.0
q65673,R@100,1.0
q65674,nDCG@10,1.0
q65674,R@100,1.0
q65675,nDCG@10,0.0
q65675,R@100,1.0
q65676,nDCG@10,1.0
q65676,R@100,1.0
q65677,nDCG@10,1.0
q65677,R@100,1.0
q65678,nDCG@10,1.0
q65678,R@100,1.0
q65679,nDCG@10,1.0
q65679,R@100,1.0
q65680,nDCG@10,1.0
q65680,R@100,1.0
q65681,nDCG@10,0.0
q65681,R@100,0.0
q65682,nDCG@10,1.0
q65682,R@100,1.0
q65683,nDCG@10,0.0
q65683,R@100,1.0
q65684,nDCG@10,0.0
q65684,R@100,0.0
q65685,nDCG@10,0.0
q65685,R@100,0.0
q65686,nDCG@10,1.0
q65686,R@100,1.0
q65687,nDCG@10,1.0
q65687,R@100,1.0
q65688,nDCG@10,0.3562071871080222
q65688,R@100,1.0
q65689,nDCG@10,0.0
q65689,R@100,0.0
q65690,nDCG@10,0.3562071871080222
q65690,R@100,1.0
q65691,nDCG@10,0.3010299956639812
q65691,R@100,1.0
q65692,nDCG@10,0.31546487678572877
q65692,R@100,1.0
q65693,nDCG@10,0.0
q65693,R@100,0.0
q65694,nDCG@10,0.6309297535714575
q65694,R@100,1.0
q65695,nDCG@10,0.5
q65695,R@100,1.0
q65696,nDCG@10,1.0
q65696,R@100,1.0
q65697,nDCG@10,1.0
q65697,R@100,1.0
q65698,nDCG@10,0.0
q65698,R@100,0.0
q65699,nDCG@10,1.0
q65699,R@100,1.0
q65700,nDCG@10,0.43067655807339306
q65700,R@100,1.0
q65701,nDCG@10,0.43067655807339306
q65701,R@100,1.0
q65702,nDCG@10,0.0
q65702,R@100,1.0
q65703,nDCG@10,0.3562071871080222
q65703,R@100,1.0
q65704,nDCG@10,0.43067655807339306
q65704,R@100,1.0
q65705,nDCG@10,0.3562071871080222
q65705,R@100,1.0
q65706,nDCG@10,1.0
q65706,R@100,1.0
q65707,nDCG@10,1.0
q65707,R@100,1.0
q65708,nDCG@10,0.0
q65708,R@100,1.0
q65709,nDCG@10,1.0
q65709,R@100,1.0
q65710,nDCG@10,0.3562071871080222
q65710,R@100,1.0
q65711,nDCG@10,0.2890648263178879
q65711,R@100,1.0
q65712,nDCG@10,1.0
q65712,R@100,1.0
q65713,nDCG@10,0.6309297535714575
q65713,R@100,1.0
q65714,nDCG@10,0.0
q65714,R@100,1.0
q65715,nDCG@10,0.0
q65715,R@100,0.0
q65716,nDCG@10,0.0
q65716,R@100,1.0
q65717,nDCG@10,0.0
q65717,R@100,0.0
q65718,nDCG@10,1.0
q65718,R@100,1.0
q65719,nDCG@10,0.38685280723454163
q65719,R@100,1.0
q65720,nDCG@10,1.0
q65720,R@100,1.0
q65721,nDCG@10,0.6309297535714575
q65721,R@100,1.0
q65722,nDCG@10,1.0
q65722,R@100,1.0
q65723,nDCG@10,0.0
q65723,R@100,1.0
q65724,nDCG@10,1.0
q65724,R@100,1.0
q65725,nDCG@10,0.0
q65725,R@100,1.0
q65726,nDCG@10,0.0
q65726,R@100,0.0
q65727,nDCG@10,1.0
q65727,R@100,1.0
q65728,nDCG@10,1.0
q65728,R@100,1.0
q65729,nDCG@10,0.0
q65729,R@100,0.0
q65730,nDCG@10,0.0
q65730,R@100,0.0
q65731,nDCG@10,1.0
q65731,R@100,1.0
q65732,nDCG@10,1.0
q65732,R@100,1.0
q65733,nDCG@10,0.6309297535714575
q65733,R@100,1.0
q65734,nDCG@10,0.5
q65734,R@100,1.0
q65735,nDCG@10,1.0
q65735,R@100,1.0
q65736,nDCG@10,0.0
q65736,R@100,0.0
q65737,nDCG@10,0.0
q65737,R@100,0.0
q65738,nDCG@10,0.0
q65738,R@100,1.0
q65739,nDCG@10,1.0
q65739,R@100,1.0
q65740,nDCG@10,1.0
q65740,R@100,1.0
q65741,nDCG@10,0.43067655807339306
q65741,R@100,1.0
q65742,nDCG@10,1.0
q65742,R@100,1.0
q65743,nDCG@10,0.0
q65743,R@100,1.0
q65744,nDCG@10,1.0
q65744,R@100,1.0
q65745,nDCG@10,1.0
q65745,R@100,1.0
q65746,nDCG@10,0.0
q65746,R@100,0.0
q65747,nDCG@10,0.0
q65747,R@100,0.0
q65748,nDCG@10,0.0
q65748,R@100,1.0
q65749,nDCG@10,0.0
q65749,R@100,0.0
q65750,nDCG@10,0.6309297535714575
q65750,R@100,1.0
q65751,nDCG@10,0.0
q65751,R@100,1.0
q65752,nDCG@10,0.0
q65752,R@100,0.0
q65753,nDCG@10,0.0
q65753,R@100,1.0
q65754,nDCG@10,0.5
q65754,R@100,1.0
q65755,nDCG@10,1.0
q65755,R@100,1.0
q65756,nDCG@10,1.0
q65756,R@100,1.0
q65757,nDCG@10,1.0
q65757,R@100,1.0
q65758,nDCG@10,0.0
q65758,R@100,0.0
q65759,nDCG@10,0.0
q65759,R@100,1.0
q65760,nDCG@10,0.6309297535714575
q65760,R@100,1.0
q65761,nDCG@10,0.0
q65761,R@100,0.0
q65762,nDCG@10,0.0
q65762,R@100,1.0
q65763,nDCG@10,0.0
q65763,R@100,0.0
q65764,nDCG@10,1.0
q65764,R@100,1.0
q65765,nDCG@10,0.0
q65765,R@100,0.0
q65766,nDCG@10,0.0
q65766,R@100,1.0
q65767,nDCG@10,0.0
q65767,R@100,1.0
q65768,nDCG@10,1.0
q65768,R@100,1.0
q65769,nDCG@10,0.6309297535714575
q65769,R@100,1.0
q65770,nDCG@10,0.5
q65770,R@100,1.0
q65771,nDCG@10,1.0
q65771,R@100,1.0
q65772,nDCG@10,0.0
q65772,R@100,1.0
q65773,nDCG@10,0.0
q65773,R@100,1.0
q65774,nDCG@10,1.0
q65774,R@100,1.0
q65775,nDCG@10,0.0
q65775,R@100,0.0
q65776,nDCG@10,0.0
q65776,R@100,1.0
q65777,nDCG@10,0.0
q65777,R@100,0.0
q65778,nDCG@10,0.0
q65778,R@100,0.0
q65779,nDCG@10,0.3562071871080222
q65779,R@100,1.0
q65780,nDCG@10,0.0
q65780,R@100,0.0
q65781,nDCG@10,0.0
q65781,R@100,0.0
q65782,nDCG@10,1.0
q65782,R@100,1.0
q65783,nDCG@10,0.0
q65783,R@100,1.0
q65784,nDCG@10,0.0
q65784,R@100,0.0
q65785,nDCG@10,0.0
q65785,R@100,0.0
q65786,nDCG@10,1.0
q65786,R@100,1.0
q65787,nDCG@10,1.0
q65787,R@100,1.0
q65788,nDCG@10,0.0
q65788,R@100,0.0
q65789,nDCG@10,0.43067655807339306
q65789,R@100,1.0
q65790,nDCG@10,0.0
q65790,R@100,1.0
q65791,nDCG@10,1.0
q65791,R@100,1.0
q65792,nDCG@10,1.0
q65792,R@100,1.0
q65793,nDCG@10,0.0
q65793,R@100,1.0
q65794,nDCG@10,0.43067655807339306
q65794,R@100,1.0
q65795,nDCG@10,0.3010299956639812
q65795,R@100,1.0
q65796,nDCG@10,1.0
q65796,R@100,1.0
q65797,nDCG@10,0.3562071871080222
q65797,R@100,1.0
q65798,nDCG@10,0.0
q65798,R@100,0.0
q65799,nDCG@10,1.0
q65799,R@100,1.0
q65800,nDCG@10,0.6309297535714575
q65800,R@100,1.0
q65801,nDCG@10,0.0
q65801,R@100,1.0
q65802,nDCG@10,0.0
q65802,R@100,1.0
q65803,nDCG@10,0.0
q65803,R@100,0.0
q65804,nDCG@10,1.0
q65804,R@100,1.0
q65805,nDCG@10,0.0
q65805,R@100,0.0
q65806,nDCG@10,0.0
q65806,R@100,0.0
q65807,nDCG@10,0.43067655807339306
q65807,R@100,1.0
q65808,nDCG@10,0.0
q65808,R@100,0.0
q65809,nDCG@10,0.0
q65809,R@100,1.0
q65810,nDCG@10,1.0
q65810,R@100,1.0
q65811,nDCG@10,0.0
q65811,R@100,1.0
q65812,nDCG@10,0.6309297535714575
q65812,R@100,1.0
q65813,nDCG@10,1.0
q65813,R@100,1.0
q65814,nDCG@10,1.0
q65814,R@100,1.0
q65815,nDCG@10,0.0
q65815,R@100,0.0
q65816,nDCG@10,0.2890648263178879
q65816,R@100,1.0
q65817,nDCG@10,1.0
q65817,R@100,1.0
q65818,nDCG@10,0.0
q65818,R@100,0.0
q65819,nDCG@10,1.0
q65819,R@100,1.0
q65820,nDCG@10,0.0
q65820,R@100,1.0
q65821,nDCG@10,0.0
q65821,R@100,1.0
q65822,nDCG@10,0.3010299956639812
q65822,R@100,1.0
q65823,nDCG@10,0.0
q65823,R@100,0.0
q65824,nDCG@10,0.6309297535714575
q65824,R@100,1.0
q65825,nDCG@10,1.0
q65825,R@100,1.0
q65826,nDCG@10,0.38685280723454163
q65826,R@100,1.0
q65827,nDCG@10,0.2890648263178879
q65827,R@100,1.0
q65828,nDCG@10,1.0
q65828,R@100,1.0
q65829,nDCG@10,0.38685280723454163
q65829,R@100,1.0
q65830,nDCG@10,0.0
q65830,R@100,0.0
q65831,nDCG@10,0.5
q65831,R@100,1.0
q65832,nDCG@10,1.0
q65832,R@100,1.0
q65833,nDCG@10,1.0
q65833,R@100,1.0
q65834,nDCG@10,0.0
q65834,R@100,0.0
q65835,nDCG@10,0.0
q65835,R@100,0.0
q65836,nDCG@10,1.0
q65836,R@100,1.0
q65837,nDCG@10,0.0
q65837,R@100,1.0
q65838,nDCG@10,0.0
q65838,R@100,0.0
q65839,nDCG@10,1.0
q65839,R@100,1.0
q65840,nDCG@10,0.0
q65840,R@100,0.0
q65841,nDCG@10,0.0
q65841,R@100,1.0
q65842,nDCG@10,1.0
q65842,R@100,1.0
q65843,nDCG@10,0.0
q65843,R@100,1.0
q65844,nDCG@10,1.0
q65844,R@100,1.0
q65845,nDCG@10,0.0
q65845,R@100,0.0
q65846,nDCG@10,0.0
q65846,R@100,1.0
q65847,nDCG@10,0.2890648263178879
q65847,R@100,1.0
q65848,nDCG@10,1.0
q65848,R@100,1.0
q65849,nDCG@10,0.43067655807339306
q65849,R@100,1.0
q65850,nDCG@10,0.0
q65850,R@100,1.0
q65851,nDCG@10,0.0
q65851,R@100,1.0
q65852,nDCG@10,1.0
q65852,R@100,1.0
q65853,nDCG@10,1.0
q65853,R@100,1.0
q65854,nDCG@10,0.0
q65854,R@100,0.0
q65855,nDCG@10,0.0
q65855,R@100,0.0
q65856,nDCG@10,0.0
q65856,R@100,1.0
q65857,nDCG@10,0.0
q65857,R@100,0.0
q65858,nDCG@10,0.3333333333333333
q65858,R@100,1.0
q65859,nDCG@10,0.43067655807339306
q65859,R@100,1.0
q65860,nDCG@10,0.0
q65860,R@100,0.0
q65861,nDCG@10,0.3562071871080222
q65861,R@100,1.0
q65862,nDCG@10,0.0
q65862,R@100,1.0
q65863,nDCG@10,0.38685280723454163
q65863,R@100,1.0
q65864,nDCG@10,1.0
q65864,R@100,1.0
q65865,nDCG@10,0.0
q65865,R@100,1.0
q65866,nDCG@10,1.0
q65866,R@100,1.0
q65867,nDCG@10,1.0
q65867,R@100,1.0
q65868,nDCG@10,0.0
q65868,R@100,0.0
q65869,nDCG@10,0.43067655807339306
q65869,R@100,1.0
q65870,nDCG@10,1.0
q65870,R@100,1.0
q65871,nDCG@10,1.0
q65871,R@100,1.0
q65872,nDCG@10,0.6309297535714575
q65872,R@100,1.0
q65873,nDCG@10,0.0
q65873,R@100,0.0
q65874,nDCG@10,1.0
q65874,R@100,1.0
q65875,nDCG@10,0.0
q65875,R@100,0.0
q65876,nDCG@10,0.0
q65876,R@100,1.0
q65877,nDCG@10,0.0
q65877,R@100,0.0
q65878,nDCG@10,0.38685280723454163
q65878,R@100,1.0
q65879,nDCG@10,0.0
q65879,R@100,0.0
q65880,nDCG@10,0.0
q65880,R@100,0.0
q65881,nDCG@10,1.0
q65881,R@100,1.0
q65882,nDCG@10,0.0
q65882,R@100,1.0
q65883,nDCG@10,0.0
q65883,R@100,1.0
q65884,nDCG@10,0.0
q65884,R@100,0.0
q65885,nDCG@10,0.0
q65885,R@100,1.0
q65886,nDCG@10,0.5
q65886,R@100,1.0
q65887,nDCG@10,0.0
q65887,R@100,0.0
q65888,nDCG@10,0.0
q65888,R@100,0.0
q65889,nDCG@10,0.0
q65889,R@100,0.0
q65890,nDCG@10,0.43067655807339306
q65890,R@100,1.0
q65891,nDCG@10,0.3010299956639812
q65891,R@100,1.0
q65892,nDCG@10,0.0
q65892,R@100,0.0
q65893,nDCG@10,0.0
q65893,R@100,1.0
q65894,nDCG@10,0.0
q65894,R@100,1.0
q65895,nDCG@10,1.0
q65895,R@100,1.0
q65896,nDCG@10,0.0
q65896,R@100,0.0
q65897,nDCG@10,0.0
q65897,R@100,1.0
q65898,nDCG@10,0.6309297535714575
q65898,R@100,1.0
q65899,nDCG@10,0.0
q65899,R@100,0.0
q65900,nDCG@10,0.3333333333333333
q65900,R@100,1.0
q65901,nDCG@10,0.6309297535714575
q65901,R@100,1.0
q65902,nDCG@10,0.0
q65902,R@100,1.0
q65903,nDCG@10,0.6309297535714575
q65903,R@100,1.0
q65904,nDCG@10,0.5
q65904,R@100,1.0
q65905,nDCG@10,0.0
q65905,R@100,0.0
q65906,nDCG@10,0.0
q65906,R@100,0.0
q65907,nDCG@10,0.0
q65907,R@100,1.0
q65908,nDCG@10,0.38685280723454163
q65908,R@100,1.0
q65909,nDCG@10,0.0
q65909,R@100,1.0
q65910,nDCG@10,1.0
q65910,R@100,1.0
q65911,nDCG@10,0.0
q65911,R@100,0.0
q65912,nDCG@10,1.0
q65912,R@100,1.0
q65913,nDCG@10,0.3010299956639812
q65913,R@100,1.0
q65914,nDCG@10,1.0
q65914,R@100,1.0
q65915,nDCG@10,0.0
q65915,R@100,0.0
q65916,nDCG@10,0.0
q65916,R@100,0.0
q65917,nDCG@10,0.0
q65917,R@100,0.0
q65918,nDCG@10,0.6309297535714575
q65918,R@100,1.0
q65919,nDCG@10,1.0
q65919,R@100,1.0
q65920,nDCG@10,1.0
q65920,R@100,1.0
q65921,nDCG@10,0.0
q65921,R@100,1.0
q65922,nDCG@10,0.0
q65922,R@100,1.0
q65923,nDCG@10,0.5
q65923,R@100,1.0
q65924,nDCG@10,0.0
q65924,R@100,1.0
q65925,nDCG@10,1.0
q65925,R@100,1.0
q65926,nDCG@10,0.0
q65926,R@100,0.0
q65927,nDCG@10,0.0
q65927,R@100,0.0
q65928,nDCG@10,0.0
q65928,R@100,1.0
q65929,nDCG@10,0.0
q65929,R@100,0.0
q65930,nDCG@10,0.6309297535714575
q65930,R@100,1.0
q65931,nDCG@10,0.0
q65931,R@100,0.0
q65932,nDCG@10,1.0
q65932,R@100,1.0
q65933,nDCG@10,0.0
q65933,R@100,1.0
q65934,nDCG@10,1.0
q65934,R@100,1.0
q65935,nDCG@10,0.5
q65935,R@100,1.0
q65936,nDCG@10,0.0
q65936,R@100,1.0
q65937,nDCG@10,0.5
q65937,R@100,1.0
q65938,nDCG@10,0.38685280723454163
q65938,R@100,1.0
q65939,nDCG@10,0.6309297535714575
q65939,R@100,1.0
q65940,nDCG@10,0.5
q65940,R@100,1.0
q65941,nDCG@10,0.0
q65941,R@100,1.0
q65942,nDCG@10,1.0
q65942,R@100,1.0
q65943,nDCG@10,1.0
q65943,R@100,1.0
q65944,nDCG@10,0.0
q65944,R@100,0.0
q65945,nDCG@10,0.0
q65945,R@100,0.0
q65946,nDCG@10,0.6309297535714575
q65946,R@100,1.0
q65947,nDCG@10,0.0
q65947,R@100,0.0
q65948,nDCG@10,0.0
q65948,R@100,1.0
q65949,nDCG@10,0.38685280723454163
q65949,R@100,1.0
q65950,nDCG@10,0.6309297535714575
q65950,R@100,1.0
q65951,nDCG@10,0.0
q65951,R@100,1.0
q65952,nDCG@10,0.0
q65952,R@100,0.0
q65953,nDCG@10,1.0
q65953,R@100,1.0
q65954,nDCG@10,0.6309297535714575
q65954,R@100,1.0
q65955,nDCG@10,0.0
q65955,R@100,0.0
q65956,nDCG@10,0.0
q65956,R@100,0.0
q65957,nDCG@10,0.5
q65957,R@100,1.0
q65958,nDCG@10,0.0
q65958,R@100,0.0
q65959,nDCG@10,0.0
q65959,R@100,1.0
q65960,nDCG@10,0.0
q65960,R@100,0.0
q65961,nDCG@10,0.0
q65961,R@100,0.0
q65962,nDCG@10,0.31546487678572877
q65962,R@100,1.0
q65963,nDCG@10,0.0
q65963,R@100,0.0
q65964,nDCG@10,0.2890648263178879
q65964,R@100,1.0
q65965,nDCG@10,0.0
q65965,R@100,1.0
q65966,nDCG@10,0.0
q65966,R@100,0.0
q65967,nDCG@10,0.6309297535714575
q65967,R@100,1.0
q65968,nDCG@10,0.0
q65968,R@100,1.0
q65969,nDCG@10,0.0
q65969,R@100,0.0
q65970,nDCG@10,0.6309297535714575
q65970,R@100,1.0
q65971,nDCG@10,0.0
q65971,R@100,1.0
q65972,nDCG@10,1.0
q65972,R@100,1.0
q65973,nDCG@10,0.0
q65973,R@100,1.0
q65974,nDCG@10,1.0
q65974,R@100,1.0
q65975,nDCG@10,0.0
q65975,R@100,0.0
q65976,nDCG@10,0.6309297535714575
q65976,R@100,1.0
q65977,nDCG@10,0.0
q65977,R@100,1.0
q65978,nDCG@10,0.0
q65978,R@100,0.0
q65979,nDCG@10,0.0
q65979,R@100,0.0
q65980,nDCG@10,1.0
q65980,R@100,1.0
q65981,nDCG@10,0.6309297535714575
q65981,R@100,1.0
q65982,nDCG@10,1.0
q65982,R@100,1.0
q65983,nDCG@10,0.6309297535714575
q65983,R@100,1.0
q65984,nDCG@10,0.3333333333333333
q65984,R@100,1.0
q65985,nDCG@10,1.0
q65985,R@100,1.0
q65986,nDCG@10,0.0
q65986,R@100,0.0
q65987,nDCG@10,0.5
q65987,R@100,1.0
q65988,nDCG@10,1.0
q65988,R@100,1.0
q65989,nDCG@10,1.0
q65989,R@100,1.0
q65990,nDCG@10,0.5
q65990,R@100,1.0
q65991,nDCG@10,0.31546487678572877
q65991,R@100,1.0
q65992,nDCG@10,0.0
q65992,R@100,0.0
q65993,nDCG@10,1.0
q65993,R@100,1.0
q65994,nDCG@10,1.0
q65994,R@100,1.0
q65995,nDCG@10,0.38685280723454163
q65995,R@100,1.0
q65996,nDCG@10,0.0
q65996,R@100,0.0
q65997,nDCG@10,0.0
q65997,R@100,1.0
q65998,nDCG@10,0.0
q65998,R@100,0.0
q65999,nDCG@10,0.0
q65999,R@100,1.0
q66000,nDCG@10,0.0
q66000,R@100,1.0
q66001,nDCG@10,0.0
q66001,R@100,0.0
q66002,nDCG@10,0.6309297535714575
q66002,R@100,1.0
q66003,nDCG@10,1.0
q66003,R@100,1.0
q66004,nDCG@10,0.0
q66004,R@100,0.0
q66005,nDCG@10,0.0
q66005,R@100,1.0
q66006,nDCG@10,1.0
q66006,R@100,1.0
q66007,nDCG@10,1.0
q66007,R@100,1.0
q66008,nDCG@10,0.0
q66008,R@100,1.0
q66009,nDCG@10,0.0
q66009,R@100,0.0
q66010,nDCG@10,0.0
q66010,R@100,0.0
q66011,nDCG@10,0.0
q66011,R@100,1.0
q66012,nDCG@10,1.0
q66012,R@100,1.0
q66013,nDCG@10,1.0
q66013,R@100,1.0
q66014,nDCG@10,0.0
q66014,R@100,1.0
q66015,nDCG@10,0.5
q66015,R@100,1.0
q66016,nDCG@10,1.0
q66016,R@100,1.0
q66017,nDCG@10,0.43067655807339306
q66017,R@100,1.0
q66018,nDCG@10,0.0
q66018,R@100,0.0
q66019,nDCG@10,1.0
q66019,R@100,1.0
q66020,nDCG@10,1.0
q66020,R@100,1.0
q66021,nDCG@10,0.0
q66021,R@100,1.0
q66022,nDCG@10,0.6309297535714575
q66022,R@100,1.0
q66023,nDCG@10,1.0
q66023,R@100,1.0
q66024,nDCG@10,0.0
q66024,R@100,0.0
q66025,nDCG@10,0.6309297535714575
q66025,R@100,1.0
q66026,nDCG@10,0.0
q66026,R@100,1.0
q66027,nDCG@10,0.0
q66027,R@100,0.0
q66028,nDCG@10,0.0
q66028,R@100,0.0
q66029,nDCG@10,0.38685280723454163
q66029,R@100,1.0
q66030,nDCG@10,1.0
q66030,R@100,1.0
q66031,nDCG@10,1.0
q66031,R@100,1.0
q66032,nDCG@10,1.0
q66032,R@100,1.0
q66033,nDCG@10,1.0
q66033,R@100,1.0
q66034,nDCG@10,0.0
q66034,R@100,0.0
q66035,nDCG@10,1.0
q66035,R@100,1.0
q66036,nDCG@10,0.0
q66036,R@100,1.0
q66037,nDCG@10,0.0
q66037,R@100,0.0
q66038,nDCG@10,0.6309297535714575
q66038,R@100,1.0
q66039,nDCG@10,0.2890648263178879
q66039,R@100,1.0
q66040,nDCG@10,1.0
q66040,R@100,1.0
q66041,nDCG@10,0.0
q66041,R@100,0.0
q66042,nDCG@10,0.0
q66042,R@100,1.0
q66043,nDCG@10,0.0
q66043,R@100,0.0
q66044,nDCG@10,1.0
q66044,R@100,1.0
q66045,nDCG@10,0.0
q66045,R@100,0.0
q66046,nDCG@10,1.0
q66046,R@100,1.0
q66047,nDCG@10,0.0
q66047,R@100,0.0
q66048,nDCG@10,0.0
q66048,R@100,0.0
q66049,nDCG@10,0.5
q66049,R@100,1.0
q66050,nDCG@10,0.0
q66050,R@100,1.0
q66051,nDCG@10,1.0
q66051,R@100,1.0
q66052,nDCG@10,0.0
q66052,R@100,1.0
q66053,nDCG@10,0.0
q66053,R@100,0.0
q66054,nDCG@10,0.6309297535714575
q66054,R@100,1.0
q66055,nDCG@10,0.0
q66055,R@100,1.0
q66056,nDCG@10,1.0
q66056,R@100,1.0
q66057,nDCG@10,1.0
q66057,R@100,1.0
q66058,nDCG@10,0.0
q66058,R@100,0.0
q66059,nDCG@10,1.0
q66059,R@100,1.0
q66060,nDCG@10,0.0
q66060,R@100,0.0
q66061,nDCG@10,1.0
q66061,R@100,1.0
q66062,nDCG@10,0.0
q66062,R@100,0.0
q66063,nDCG@10,0.0
q66063,R@100,0.0
q66064,nDCG@10,0.0
q66064,R@100,1.0
q66065,nDCG@10,1.0
q66065,R@100,1.0
q66066,nDCG@10,0.0
q66066,R@100,0.0
q66067,nDCG@10,0.0
q66067,R@100,0.0
q66068,nDCG@10,0.0
q66068,R@100,0.0
q66069,nDCG@10,0.0
q66069,R@100,0.0
q66070,nDCG@10,0.0
q66070,R@100,0.0
q66071,nDCG@10,1.0
q66071,R@100,1.0
q66072,nDCG@10,0.0
q66072,R@100,0.0
q66073,nDCG@10,1.0
q66073,R@100,1.0
q66074,nDCG@10,0.0
q66074,R@100,1.0
q66075,nDCG@10,0.0
q66075,R@100,0.0
q66076,nDCG@10,1.0
q66076,R@100,1.0
q66077,nDCG@10,0.6309297535714575
q66077,R@100,1.0
q66078,nDCG@10,0.6309297535714575
q66078,R@100,1.0
q66079,nDCG@10,0.0
q66079,R@100,1.0
q66080,nDCG@10,1.0
q66080,R@100,1.0
q66081,nDCG@10,0.0
q66081,R@100,0.0
q66082,nDCG@10,0.6309297535714575
q66082,R@100,1.0
q66083,nDCG@10,0.3562071871080222
q66083,R@100,1.0
q66084,nDCG@10,0.43067655807339306
q66084,R@100,1.0
q66085,nDCG@10,0.0
q66085,R@100,0.0
q66086,nDCG@10,0.0
q66086,R@100,0.0
q66087,nDCG@10,0.5
q66087,R@100,1.0
q66088,nDCG@10,0.0
q66088,R@100,0.0
q66089,nDCG@10,1.0
q66089,R@100,1.0
q66090,nDCG@10,0.0
q66090,R@100,1.0
q66091,nDCG@10,1.0
q66091,R@100,1.0
q66092,nDCG@10,0.0
q66092,R@100,1.0
q66093,nDCG@10,0.0
q66093,R@100,0.0
q66094,nDCG@10,0.0
q66094,R@100,1.0
q66095,nDCG@10,0.0
q66095,R@100,1.0
q66096,nDCG@10,0.3333333333333333
q66096,R@100,1.0
q66097,nDCG@10,0.0
q66097,R@100,0.0
q66098,nDCG@10,0.0
q66098,R@100,0.0
q66099,nDCG@10,0.0
q66099,R@100,0.0
q66100,nDCG@10,0.31546487678572877
q66100,R@100,1.0
q66101,nDCG@10,0.2890648263178879
q66101,R@100,1.0
q66102,nDCG@10,0.0
q66102,R@100,0.0
q66103,nDCG@10,0.0
q66103,R@100,0.0
q66104,nDCG@10,0.6309297535714575
q66104,R@100,1.0
q66105,nDCG@10,1.0
q66105,R@100,1.0
q66106,nDCG@10,1.0
q66106,R@100,1.0
q66107,nDCG@10,1.0
q66107,R@100,1.0
q66108,nDCG@10,0.5
q66108,R@100,1.0
q66109,nDCG@10,1.0
q66109,R@100,1.0
q66110,nDCG@10,0.0
q66110,R@100,0.0
q66111,nDCG@10,0.38685280723454163
q66111,R@100,1.0
q66112,nDCG@10,0.0
q66112,R@100,0.0
q66113,nDCG@10,1.0
q66113,R@100,1.0
q66114,nDCG@10,0.38685280723454163
q66114,R@100,1.0
q66115,nDCG@10,0.0
q66115,R@100,0.0
q66116,nDCG@10,0.0
q66116,R@100,0.0
q66117,nDCG@10,1.0
q66117,R@100,1.0
q66118,nDCG@10,1.0
q66118,R@100,1.0
q66119,nDCG@10,1.0
q66119,R@100,1.0
q66120,nDCG@10,0.3333333333333333
q66120,R@100,1.0
q66121,nDCG@10,1.0
q66121,R@100,1.0
q66122,nDCG@10,0.0
q66122,R@100,0.0
q66123,nDCG@10,0.0
q66123,R@100,0.0
q66124,nDCG@10,0.0
q66124,R@100,0.0
q66125,nDCG@10,1.0
q66125,R@100,1.0
q66126,nDCG@10,1.0
q66126,R@100,1.0
q66127,nDCG@10,0.0
q66127,R@100,0.0
q66128,nDCG@10,0.3562071871080222
q66128,R@100,1.0
q66129,nDCG@10,0.43067655807339306
q66129,R@100,1.0
q66130,nDCG@10,0.0
q66130,R@100,1.0
q66131,nDCG@10,1.0
q66131,R@100,1.0
q66132,nDCG@10,0.0
q66132,R@100,0.0
q66133,nDCG@10,0.2890648263178879
q66133,R@100,1.0
q66134,nDCG@10,0.0
q66134,R@100,0.0
q66135,nDCG@10,1.0
q66135,R@100,1.0
q66136,nDCG@10,1.0
q66136,R@100,1.0
q66137,nDCG@10,0.0
q66137,R@100,1.0
q66138,nDCG@10,1.0
q66138,R@100,1.0
q66139,nDCG@10,1.0
q66139,R@100,1.0
q66140,nDCG@10,0.38685280723454163
q66140,R@100,1.0
q66141,nDCG@10,0.0
q66141,R@100,0.0
q66142,nDCG@10,1.0
q66142,R@100,1.0
q66143,nDCG@10,0.6309297535714575
q66143,R@100,1.0
q66144,nDCG@10,0.0
q66144,R@100,1.0
q66145,nDCG@10,1.0
q66145,R@100,1.0
q66146,nDCG@10,0.3333333333333333
q66146,R@100,1.0
q66147,nDCG@10,1.0
q66147,R@100,1.0
q66148,nDCG@10,0.0
q66148,R@100,0.0
q66149,nDCG@10,0.3010299956639812
q66149,R@100,1.0
q66150,nDCG@10,1.0
q66150,R@100,1.0
q66151,nDCG@10,0.0
q66151,R@100,0.0
q66152,nDCG@10,0.0
q66152,R@100,1.0
q66153,nDCG@10,0.0
q66153,R@100,0.0
q66154,nDCG@10,0.38685280723454163
q66154,R@100,1.0
q66155,nDCG@10,0.0
q66155,R@100,0.0
q66156,nDCG@10,1.0
q66156,R@100,1.0
q66157,nDCG@10,0.0
q66157,R@100,0.0
q66158,nDCG@10,1.0
q66158,R@100,1.0
q66159,nDCG@10,0.0
q66159,R@100,0.0
q66160,nDCG@10,0.0
q66160,R@100,0.0
q66161,nDCG@10,1.0
q66161,R@100,1.0
q66162,nDCG@10,0.0
q66162,R@100,0.0
q66163,nDCG@10,0.0
q66163,R@100,0.0
q66164,nDCG@10,0.0
q66164,R@100,0.0
q66165,nDCG@10,0.6309297535714575
q66165,R@100,1.0
q66166,nDCG@10,0.0
q66166,R@100,0.0
q66167,nDCG@10,0.0
q66167,R@100,0.0
q66168,nDCG@10,0.0
q66168,R@100,1.0
q66169,nDCG@10,0.0
q66169,R@100,0.0
q66170,nDCG@10,0.0
q66170,R@100,1.0
q66171,nDCG@10,0.0
q66171,R@100,0.0
q66172,nDCG@10,0.0
q66172,R@100,1.0
q66173,nDCG@10,0.0
q66173,R@100,0.0
q66174,nDCG@10,0.0
q66174,R@100,0.0
q66175,nDCG@10,0.0
q66175,R@100,1.0
q66176,nDCG@10,0.0
q66176,R@100,0.0
q66177,nDCG@10,0.38685280723454163
q66177,R@100,1.0
q66178,nDCG@10,0.6309297535714575
q66178,R@100,1.0
q66179,nDCG@10,0.0
q66179,R@100,0.0
q66180,nDCG@10,0.0
q66180,R@100,1.0
q66181,nDCG@10,0.0
q66181,R@100,0.0
q66182,nDCG@10,0.0
q66182,R@100,0.0
q66183,nDCG@10,0.0
q66183,R@100,0.0
q66184,nDCG@10,1.0
q66184,R@100,1.0
q66185,nDCG@10,0.0
q66185,R@100,0.0
q66186,nDCG@10,0.0
q66186,R@100,0.0
q66187,nDCG@10,1.0
q66187,R@100,1.0
q66188,nDCG@10,0.43067655807339306
q66188,R@100,1.0
q66189,nDCG@10,0.0
q66189,R@100,1.0
q66190,nDCG@10,0.38685280723454163
q66190,R@100,1.0
q66191,nDCG@10,0.0
q66191,R@100,0.0
q66192,nDCG@10,0.6309297535714575
q66192,R@100,1.0
q66193,nDCG@10,1.0
q66193,R@100,1.0
q66194,nDCG@10,1.0
q66194,R@100,1.0
q66195,nDCG@10,0.0
q66195,R@100,1.0
q66196,nDCG@10,0.0
q66196,R@100,0.0
q66197,nDCG@10,0.0
q66197,R@100,0.0
q66198,nDCG@10,0.43067655807339306
q66198,R@100,1.0
q66199,nDCG@10,0.0
q66199,R@100,0.0
q66200,nDCG@10,0.0
q66200,R@100,0.0
q66201,nDCG@10,0.0
q66201,R@100,0.0
q66202,nDCG@10,1.0
q66202,R@100,1.0
q66203,nDCG@10,1.0
q66203,R@100,1.0
q66204,nDCG@10,0.0
q66204,R@100,0.0
q66205,nDCG@10,0.38685280723454163
q66205,R@100,1.0
q66206,nDCG@10,0.0
q66206,R@100,1.0
q66207,nDCG@10,0.0
q66207,R@100,1.0
q66208,nDCG@10,1.0
q66208,R@100,1.0
q66209,nDCG@10,0.38685280723454163
q66209,R@100,1.0
q66210,nDCG@10,1.0
q66210,R@100,1.0
q66211,nDCG@10,0.0
q66211,R@100,0.0
q66212,nDCG@10,1.0
q66212,R@100,1.0
q66213,nDCG@10,1.0
q66213,R@100,1.0
q66214,nDCG@10,0.0
q66214,R@100,0.0
q66215,nDCG@10,1.0
q66215,R@100,1.0
q66216,nDCG@10,0.0
q66216,R@100,1.0
q66217,nDCG@10,1.0
q66217,R@100,1.0
q66218,nDCG@10,0.6309297535714575
q66218,R@100,1.0
q66219,nDCG@10,0.0
q66219,R@100,1.0
q66220,nDCG@10,0.0
q66220,R@100,0.0
q66221,nDCG@10,0.0
q66221,R@100,0.0
q66222,nDCG@10,1.0
q66222,R@100,1.0
q66223,nDCG@10,0.0
q66223,R@100,1.0
q66224,nDCG@10,1.0
q66224,R@100,1.0
q66225,nDCG@10,0.0
q66225,R@100,0.0
q66226,nDCG@10,1.0
q66226,R@100,1.0
q66227,nDCG@10,1.0
q66227,R@100,1.0
q66228,nDCG@10,0.0
q66228,R@100,0.0
q66229,nDCG@10,0.0
q66229,R@100,0.0
q66230,nDCG@10,1.0
q66230,R@100,1.0
q66231,nDCG@10,1.0
q66231,R@100,1.0
q66232,nDCG@10,0.0
q66232,R@100,0.0
q66233,nDCG@10,0.3562071871080222
q66233,R@100,1.0
q66234,nDCG@10,1.0
q66234,R@100,1.0
q66235,nDCG@10,1.0
q66235,R@100,1.0
q66236,nDCG@10,0.0
q66236,R@100,0.0
q66237,nDCG@10,1.0
q66237,R@100,1.0
q66238,nDCG@10,0.0
q66238,R@100,1.0
q66239,nDCG@10,0.0
q66239,R@100,0.0
q66240,nDCG@10,1.0
q66240,R@100,1.0
q66241,nDCG@10,1.0
q66241,R@100,1.0
q66242,nDCG@10,1.0
q66242,R@100,1.0
q66243,nDCG@10,0.6309297535714575
q66243,R@100,1.0
q66244,nDCG@10,0.0
q66244,R@100,0.0
q66245,nDCG@10,1.0
q66245,R@100,1.0
q66246,nDCG@10,0.0
q66246,R@100,0.0
q66247,nDCG@10,0.0
q66247,R@100,1.0
q66248,nDCG@10,1.0
q66248,R@100,1.0
q66249,nDCG@10,0.6309297535714575
q66249,R@100,1.0
q66250,nDCG@10,0.0
q66250,R@100,0.0
q66251,nDCG@10,0.0
q66251,R@100,0.0
q66252,nDCG@10,0.0
q66252,R@100,1.0
q66253,nDCG@10,1.0
q66253,R@100,1.0
q66254,nDCG@10,1.0
q66254,R@100,1.0
q66255,nDCG@10,1.0
q66255,R@100,1.0
q66256,nDCG@10,0.0
q66256,R@100,0.0
q66257,nDCG@10,1.0
q66257,R@100,1.0
q66258,nDCG@10,1.0
q66258,R@100,1.0
q66259,nDCG@10,1.0
q66259,R@100,1.0
q66260,nDCG@10,0.0
q66260,R@100,1.0
q66261,nDCG@10,1.0
q66261,R@100,1.0
q66262,nDCG@10,1.0
q66262,R@100,1.0
q66263,nDCG@10,1.0
q66263,R@100,1.0
q66264,nDCG@10,0.0
q66264,R@100,0.0
q66265,nDCG@10,1.0
q66265,R@100,1.0
q66266,nDCG@10,0.6309297535714575
q66266,R@100,1.0
q66267,nDCG@10,0.0
q66267,R@100,1.0
q66268,nDCG@10,0.0
q66268,R@100,0.0
q66269,nDCG@10,1.0
q66269,R@100,1.0
q66270,nDCG@10,0.0
q66270,R@100,1.0
q66271,nDCG@10,0.5
q66271,R@100,1.0
q66272,nDCG@10,0.0
q66272,R@100,0.0
q66273,nDCG@10,0.0
q66273,R@100,1.0
q66274,nDCG@10,0.38685280723454163
q66274,R@100,1.0
q66275,nDCG@10,0.0
q66275,R@100,1.0
q66276,nDCG@10,0.5
q66276,R@100,1.0
q66277,nDCG@10,0.0
q66277,R@100,0.0
q66278,nDCG@10,1.0
q66278,R@100,1.0
q66279,nDCG@10,0.6309297535714575
q66279,R@100,1.0
q66280,nDCG@10,1.0
q66280,R@100,1.0
q66281,nDCG@10,1.0
q66281,R@100,1.0
q66282,nDCG@10,1.0
q66282,R@100,1.0
q66283,nDCG@10,1.0
q66283,R@100,1.0
q66284,nDCG@10,0.0
q66284,R@100,1.0
q66285,nDCG@10,0.0
q66285,R@100,0.0
q66286,nDCG@10,1.0
q66286,R@100,1.0
q66287,nDCG@10,0.0
q66287,R@100,0.0
q66288,nDCG@10,1.0
q66288,R@100,1.0
q66289,nDCG@10,0.0
q66289,R@100,0.0
q66290,nDCG@10,0.5
q66290,R@100,1.0
q66291,nDCG@10,1.0
q66291,R@100,1.0
q66292,nDCG@10,0.0
q66292,R@100,0.0
q66293,nDCG@10,0.0
q66293,R@100,1.0
q66294,nDCG@10,0.5
q66294,R@100,1.0
q66295,nDCG@10,0.0
q66295,R@100,0.0
q66296,nDCG@10,1.0
q66296,R@100,1.0
q66297,nDCG@10,0.0
q66297,R@100,0.0
q66298,nDCG@10,0.0
q66298,R@100,1.0
q66299,nDCG@10,0.0
q66299,R@100,1.0
q66300,nDCG@10,0.0
q66300,R@100,0.0
q66301,nDCG@10,1.0
q66301,R@100,1.0
q66302,nDCG@10,0.6309297535714575
q66302,R@100,1.0
q66303,nDCG@10,1.0
q66303,R@100,1.0
q66304,nDCG@10,0.0
q66304,R@100,0.0
q66305,nDCG@10,0.0
q66305,R@100,0.0
q66306,nDCG@10,0.0
q66306,R@100,0.0
q66307,nDCG@10,0.0
q66307,R@100,0.0
q66308,nDCG@10,0.0
q66308,R@100,1.0
q66309,nDCG@10,0.0
q66309,R@100,0.0
q66310,nDCG@10,1.0
q66310,R@100,1.0
q66311,nDCG@10,0.0
q66311,R@100,0.0
q66312,nDCG@10,0.0
q66312,R@100,0.0
q66313,nDCG@10,0.6309297535714575
q66313,R@100,1.0
q66314,nDCG@10,0.31546487678572877
q66314,R@100,1.0
q66315,nDCG@10,0.31546487678572877
q66315,R@100,1.0
q66316,nDCG@10,1.0
q66316,R@100,1.0
q66317,nDCG@10,0.0
q66317,R@100,0.0
q66318,nDCG@10,1.0
q66318,R@100,1.0
q66319,nDCG@10,0.0
q66319,R@100,1.0
q66320,nDCG@10,0.0
q66320,R@100,1.0
q66321,nDCG@10,0.3562071871080222
q66321,R@100,1.0
q66322,nDCG@10,0.0
q66322,R@100,1.0
q66323,nDCG@10,0.38685280723454163
q66323,R@100,1.0
q66324,nDCG@10,0.0
q66324,R@100,1.0
q66325,nDCG@10,0.0
q66325,R@100,0.0
q66326,nDCG@10,1.0
q66326,R@100,1.0
q66327,nDCG@10,1.0
q66327,R@100,1.0
q66328,nDCG@10,0.0
q66328,R@100,1.0
q66329,nDCG@10,0.0
q66329,R@100,0.0
q66330,nDCG@10,0.38685280723454163
q66330,R@100,1.0
q66331,nDCG@10,1.0
q66331,R@100,1.0
q66332,nDCG@10,0.3010299956639812
q66332,R@100,1.0
q66333,nDCG@10,0.0
q66333,R@100,1.0
q66334,nDCG@10,0.0
q66334,R@100,0.0
q66335,nDCG@10,1.0
q66335,R@100,1.0
q66336,nDCG@10,0.0
q66336,R@100,1.0
q66337,nDCG@10,0.0
q66337,R@100,1.0
q66338,nDCG@10,0.0
q66338,R@100,1.0
q66339,nDCG@10,1.0
q66339,R@100,1.0
q66340,nDCG@10,0.0
q66340,R@100,0.0
q66341,nDCG@10,0.0
q66341,R@100,0.0
q66342,nDCG@10,0.0
q66342,R@100,1.0
q66343,nDCG@10,0.3562071871080222
q66343,R@100,1.0
q66344,nDCG@10,1.0
q66344,R@100,1.0
q66345,nDCG@10,0.0
q66345,R@100,0.0
q66346,nDCG@10,0.0
q66346,R@100,0.0
q66347,nDCG@10,1.0
q66347,R@100,1.0
q66348,nDCG@10,0.0
q66348,R@100,0.0
q66349,nDCG@10,0.0
q66349,R@100,1.0
q66350,nDCG@10,1.0
q66350,R@100,1.0
q66351,nDCG@10,1.0
q66351,R@100,1.0
q66352,nDCG@10,1.0
q66352,R@100,1.0
q66353,nDCG@10,0.6309297535714575
q66353,R@100,1.0
q66354,nDCG@10,1.0
q66354,R@100,1.0
q66355,nDCG@10,1.0
q66355,R@100,1.0
q66356,nDCG@10,0.0
q66356,R@100,0.0
q66357,nDCG@10,0.0
q66357,R@100,1.0
q66358,nDCG@10,0.0
q66358,R@100,1.0
q66359,nDCG@10,0.0
q66359,R@100,0.0
q66360,nDCG@10,0.0
q66360,R@100,0.0
q66361,nDCG@10,1.0
q66361,R@100,1.0
q66362,nDCG@10,0.0
q66362,R@100,1.0
q66363,nDCG@10,0.0
q66363,R@100,1.0
q66364,nDCG@10,0.0
q66364,R@100,1.0
q66365,nDCG@10,0.0
q66365,R@100,1.0
q66366,nDCG@10,1.0
q66366,R@100,1.0
q66367,nDCG@10,0.0
q66367,R@100,1.0
q66368,nDCG@10,1.0
q66368,R@100,1.0
q66369,nDCG@10,1.0
q66369,R@100,1.0
q66370,nDCG@10,0.0
q66370,R@100,0.0
q66371,nDCG@10,0.6309297535714575
q66371,R@100,1.0
q66372,nDCG@10,0.0
q66372,R@100,0.0
q66373,nDCG@10,1.0
q66373,R@100,1.0
q66374,nDCG@10,1.0
q66374,R@100,1.0
q66375,nDCG@10,1.0
q66375,R@100,1.0
q66376,nDCG@10,0.0
q66376,R@100,0.0
q66377,nDCG@10,0.0
q66377,R@100,0.0
q66378,nDCG@10,0.5
q66378,R@100,1.0
q66379,nDCG@10,1.0
q66379,R@100,1.0
q66380,nDCG@10,0.0
q66380,R@100,0.0
q66381,nDCG@10,0.0
q66381,R@100,1.0
q66382,nDCG@10,0.6309297535714575
q66382,R@100,1.0
q66383,nDCG@10,0.38685280723454163
q66383,R@100,1.0
