qid,measure,value
q174613,nDCG@10,0.0
q174613,R@100,1.0
q174614,nDCG@10,0.6309297535714575
q174614,R@100,1.0
q174615,nDCG@10,1.0
q174615,R@100,1.0
q174616,nDCG@10,1.0
q174616,R@100,1.0
q174617,nDCG@10,0.6309297535714575
q174617,R@100,1.0
q174618,nDCG@10,1.0
q174618,R@100,1.0
q174619,nDCG@10,0.6309297535714575
q174619,R@100,1.0
q174620,nDCG@10,0.43067655807339306
q174620,R@100,1.0
q174621,nDCG@10,1.0
q174621,R@100,1.0
q174622,nDCG@10,1.0
q174622,R@100,1.0
q174623,nDCG@10,0.5
q174623,R@100,1.0
q174624,nDCG@10,0.0
q174624,R@100,1.0
q174625,nDCG@10,1.0
q174625,R@100,1.0
q174626,nDCG@10,0.6309297535714575
q174626,R@100,1.0
q174627,nDCG@10,1.0
q174627,R@100,1.0
q174628,nDCG@10,0.3562071871080222
q174628,R@100,1.0
q174629,nDCG@10,1.0
q174629,R@100,1.0
q174630,nDCG@10,1.0
q174630,R@100,1.0
q174631,nDCG@10,1.0
q174631,R@100,1.0
q174632,nDCG@10,1.0
q174632,R@100,1.0
q174633,nDCG@10,0.43067655807339306
q174633,R@100,1.0
q174634,nDCG@10,1.0
q174634,R@100,1.0
q174635,nDCG@10,1.0
q174635,R@100,1.0
q174636,nDCG@10,0.3562071871080222
q174636,R@100,1.0
q174637,nDCG@10,0.38685280723454163
q174637,R@100,1.0
q174638,nDCG@10,1.0
q174638,R@100,1.0
q174639,nDCG@10,1.0
q174639,R@100,1.0
q174640,nDCG@10,0.43067655807339306
q174640,R@100,1.0
q174641,nDCG@10,1.0
q174641,R@100,1.0
q174642,nDCG@10,0.6309297535714575
q174642,R@100,1.0
q174643,nDCG@10,1.0
q174643,R@100,1.0
q174644,nDCG@10,0.0
q174644,R@100,0.0
q174645,nDCG@10,0.6309297535714575
q174645,R@100,1.0
q174646,nDCG@10,1.0
q174646,R@100,1.0
q174647,nDCG@10,1.0
q174647,R@100,1.0
q174648,nDCG@10,1.0
q174648,R@100,1.0
q174649,nDCG@10,0.6309297535714575
q174649,R@100,1.0
q174650,nDCG@10,1.0
q174650,R@100,1.0
q174651,nDCG@10,1.0
q174651,R@100,1.0
q174652,nDCG@10,1.0
q174652,R@100,1.0
q174653,nDCG@10,0.6309297535714575
q174653,R@100,1.0
q174654,nDCG@10,1.0
q174654,R@100,1.0
q174655,nDCG@10,1.0
q174655,R@100,1.0
q174656,nDCG@10,0.0
q174656,R@100,0.0
q174657,nDCG@10,0.0
q174657,R@100,0.0
q174658,nDCG@10,1.0
q174658,R@100,1.0
q174659,nDCG@10,0.0
q174659,R@100,1.0
q174660,nDCG@10,1.0
q174660,R@100,1.0
q174661,nDCG@10,1.0
q174661,R@100,1.0
q174662,nDCG@10,0.0
q174662,R@100,0.0
q174663,nDCG@10,1.0
q174663,R@100,1.0
q174664,nDCG@10,0.0
q174664,R@100,1.0
q174665,nDCG@10,0.0
q174665,R@100,0.0
q174666,nDCG@10,1.0
q174666,R@100,1.0
q174667,nDCG@10,0.31546487678572877
q174667,R@100,1.0
q174668,nDCG@10,0.0
q174668,R@100,1.0
q174669,nDCG@10,1.0
q174669,R@100,1.0
q174670,nDCG@10,1.0
q174670,R@100,1.0
q174671,nDCG@10,0.5
q174671,R@100,1.0
q174672,nDCG@10,0.0
q174672,R@100,1.0
q174673,nDCG@10,1.0
q174673,R@100,1.0
q174674,nDCG@10,1.0
q174674,R@100,1.0
q174675,nDCG@10,1.0
q174675,R@100,1.0
q174676,nDCG@10,0.6309297535714575
q174676,R@100,1.0
q174677,nDCG@10,0.6309297535714575
q174677,R@100,1.0
q174678,nDCG@10,0.6309297535714575
q174678,R@100,1.0
q174679,nDCG@10,0.6309297535714575
q174679,R@100,1.0
q174680,nDCG@10,0.0
q174680,R@100,1.0
q174681,nDCG@10,1.0
q174681,R@100,1.0
q174682,nDCG@10,1.0
q174682,R@100,1.0
q174683,nDCG@10,1.0
q174683,R@100,1.0
q174684,nDCG@10,0.0
q174684,R@100,0.0
q174685,nDCG@10,0.0
q174685,R@100,1.0
q174686,nDCG@10,0.0
q174686,R@100,0.0
q174687,nDCG@10,0.6309297535714575
q174687,R@100,1.0
q174688,nDCG@10,0.0
q174688,R@100,1.0
q174689,nDCG@10,1.0
q174689,R@100,1.0
q174690,nDCG@10,1.0
q174690,R@100,1.0
q174691,nDCG@10,1.0
q174691,R@100,1.0
q174692,nDCG@10,1.0
q174692,R@100,1.0
q174693,nDCG@10,1.0
q174693,R@100,1.0
q174694,nDCG@10,1.0
q174694,R@100,1.0
q174695,nDCG@10,1.0
q174695,R@100,1.0
q174696,nDCG@10,0.6309297535714575
q174696,R@100,1.0
q174697,nDCG@10,1.0
q174697,R@100,1.0
q174698,nDCG@10,0.3333333333333333
q174698,R@100,1.0
q174699,nDCG@10,0.0
q174699,R@100,0.0
q174700,nDCG@10,1.0
q174700,R@100,1.0
q174701,nDCG@10,1.0
q174701,R@100,1.0
q174702,nDCG@10,0.3333333333333333
q174702,R@100,1.0
q174703,nDCG@10,0.43067655807339306
q174703,R@100,1.0
q174704,nDCG@10,0.2890648263178879
q174704,R@100,1.0
q174705,nDCG@10,1.0
q174705,R@100,1.0
q174706,nDCG@10,1.0
q174706,R@100,1.0
q174707,nDCG@10,1.0
q174707,R@100,1.0
q174708,nDCG@10,1.0
q174708,R@100,1.0
q174709,nDCG@10,1.0
q174709,R@100,1.0
q174710,nDCG@10,1.0
q174710,R@100,1.0
q174711,nDCG@10,0.0
q174711,R@100,1.0
q174712,nDCG@10,0.3562071871080222
q174712,R@100,1.0
q174713,nDCG@10,1.0
q174713,R@100,1.0
q174714,nDCG@10,0.38685280723454163
q174714,R@100,1.0
q174715,nDCG@10,0.6309297535714575
q174715,R@100,1.0
q174716,nDCG@10,1.0
q174716,R@100,1.0
q174717,nDCG@10,1.0
q174717,R@100,1.0
q174718,nDCG@10,1.0
q174718,R@100,1.0
q174719,nDCG@10,0.2890648263178879
q174719,R@100,1.0
q174720,nDCG@10,0.5
q174720,R@100,1.0
q174721,nDCG@10,0.0
q174721,R@100,1.0
q174722,nDCG@10,0.3562071871080222
q174722,R@100,1.0
q174723,nDCG@10,0.43067655807339306
q174723,R@100,1.0
q174724,nDCG@10,1.0
q174724,R@100,1.0
q174725,nDCG@10,1.0
q174725,R@100,1.0
q174726,nDCG@10,0.3333333333333333
q174726,R@100,1.0
q174727,nDCG@10,1.0
q174727,R@100,1.0
q174728,nDCG@10,0.3562071871080222
q174728,R@100,1.0
q174729,nDCG@10,1.0
q174729,R@100,1.0
q174730,nDCG@10,0.6309297535714575
q174730,R@100,1.0
q174731,nDCG@10,0.0
q174731,R@100,1.0
q174732,nDCG@10,1.0
q174732,R@100,1.0
q174733,nDCG@10,0.43067655807339306
q174733,R@100,1.0
q174734,nDCG@10,0.0
q174734,R@100,1.0
q174735,nDCG@10,1.0
q174735,R@100,1.0
q174736,nDCG@10,1.0
q174736,R@100,1.0
q174737,nDCG@10,0.0
q174737,R@100,0.0
q174738,nDCG@10,0.0
q174738,R@100,1.0
q174739,nDCG@10,1.0
q174739,R@100,1.0
q174740,nDCG@10,0.0
q174740,R@100,0.0
q174741,nDCG@10,1.0
q174741,R@100,1.0
q174742,nDCG@10,0.0
q174742,R@100,1.0
q174743,nDCG@10,1.0
q174743,R@100,1.0
q174744,nDCG@10,1.0
q174744,R@100,1.0
q174745,nDCG@10,1.0
q174745,R@100,1.0
q174746,nDCG@10,0.0
q174746,R@100,0.0
q174747,nDCG@10,0.0
q174747,R@100,0.0
q174748,nDCG@10,0.0
q174748,R@100,0.0
q174749,nDCG@10,0.3562071871080222
q174749,R@100,1.0
q174750,nDCG@10,1.0
q174750,R@100,1.0
q174751,nDCG@10,0.6309297535714575
q174751,R@100,1.0
q174752,nDCG@10,0.6309297535714575
q174752,R@100,1.0
q174753,nDCG@10,1.0
q174753,R@100,1.0
q174754,nDCG@10,1.0
q174754,R@100,1.0
q174755,nDCG@10,1.0
q174755,R@100,1.0
q174756,nDCG@10,0.5
q174756,R@100,1.0
q174757,nDCG@10,1.0
q174757,R@100,1.0
q174758,nDCG@10,1.0
q174758,R@100,1.0
q174759,nDCG@10,0.43067655807339306
q174759,R@100,1.0
q174760,nDCG@10,1.0
q174760,R@100,1.0
q174761,nDCG@10,1.0
q174761,R@100,1.0
q174762,nDCG@10,1.0
q174762,R@100,1.0
q174763,nDCG@10,1.0
q174763,R@100,1.0
q174764,nDCG@10,0.0
q174764,R@100,0.0
q174765,nDCG@10,0.6309297535714575
q174765,R@100,1.0
q174766,nDCG@10,0.6309297535714575
q174766,R@100,1.0
q174767,nDCG@10,0.43067655807339306
q174767,R@100,1.0
q174768,nDCG@10,0.6309297535714575
q174768,R@100,1.0
q174769,nDCG@10,0.43067655807339306
q174769,R@100,1.0
q174770,nDCG@10,1.0
q174770,R@100,1.0
q174771,nDCG@10,0.6309297535714575
q174771,R@100,1.0
q174772,nDCG@10,0.6309297535714575
q174772,R@100,1.0
q174773,nDCG@10,0.0
q174773,R@100,0.0
q174774,nDCG@10,0.5
q174774,R@100,1.0
q174775,nDCG@10,0.3333333333333333
q174775,R@100,1.0
q174776,nDCG@10,0.6309297535714575
q174776,R@100,1.0
q174777,nDCG@10,0.31546487678572877
q174777,R@100,1.0
q174778,nDCG@10,1.0
q174778,R@100,1.0
q174779,nDCG@10,1.0
q174779,R@100,1.0
q174780,nDCG@10,1.0
q174780,R@100,1.0
q174781,nDCG@10,1.0
q174781,R@100,1.0
q174782,nDCG@10,1.0
q174782,R@100,1.0
q174783,nDCG@10,1.0
q174783,R@100,1.0
q174784,nDCG@10,1.0
q174784,R@100,1.0
q174785,nDCG@10,1.0
q174785,R@100,1.0
q174786,nDCG@10,1.0
q174786,R@100,1.0
q174787,nDCG@10,1.0
q174787,R@100,1.0
q174788,nDCG@10,1.0
q174788,R@100,1.0
q174789,nDCG@10,1.0
q174789,R@100,1.0
q174790,nDCG@10,1.0
q174790,R@100,1.0
q174791,nDCG@10,1.0
q174791,R@100,1.0
q174792,nDCG@10,1.0
q174792,R@100,1.0
q174793,nDCG@10,1.0
q174793,R@100,1.0
q174794,nDCG@10,1.0
q174794,R@100,1.0
q174795,nDCG@10,1.0
q174795,R@100,1.0
q174796,nDCG@10,1.0
q174796,R@100,1.0
q174797,nDCG@10,0.0
q174797,R@100,1.0
q174798,nDCG@10,1.0
q174798,R@100,1.0
q174799,nDCG@10,1.0
q174799,R@100,1.0
q174800,nDCG@10,0.5
q174800,R@100,1.0
q174801,nDCG@10,0.0
q174801,R@100,1.0
q174802,nDCG@10,1.0
q174802,R@100,1.0
q174803,nDCG@10,0.31546487678572877
q174803,R@100,1.0
q174804,nDCG@10,1.0
q174804,R@100,1.0
q174805,nDCG@10,1.0
q174805,R@100,1.0
q174806,nDCG@10,1.0
q174806,R@100,1.0
q174807,nDCG@10,1.0
q174807,R@100,1.0
q174808,nDCG@10,1.0
q174808,R@100,1.0
q174809,nDCG@10,1.0
q174809,R@100,1.0
q174810,nDCG@10,0.6309297535714575
q174810,R@100,1.0
q174811,nDCG@10,1.0
q174811,R@100,1.0
q174812,nDCG@10,1.0
q174812,R@100,1.0
q174813,nDCG@10,1.0
q174813,R@100,1.0
q174814,nDCG@10,1.0
q174814,R@100,1.0
q174815,nDCG@10,0.6309297535714575
q174815,R@100,1.0
q174816,nDCG@10,0.5
q174816,R@100,1.0
q174817,nDCG@10,1.0
q174817,R@100,1.0
q174818,nDCG@10,1.0
q174818,R@100,1.0
q174819,nDCG@10,0.5
q174819,R@100,1.0
q174820,nDCG@10,1.0
q174820,R@100,1.0
q174821,nDCG@10,0.6309297535714575
q174821,R@100,1.0
q174822,nDCG@10,0.6309297535714575
q174822,R@100,1.0
q174823,nDCG@10,1.0
q174823,R@100,1.0
q174824,nDCG@10,1.0
q174824,R@100,1.0
q174825,nDCG@10,1.0
q174825,R@100,1.0
q174826,nDCG@10,1.0
q174826,R@100,1.0
q174827,nDCG@10,1.0
q174827,R@100,1.0
q174828,nDCG@10,0.6309297535714575
q174828,R@100,1.0
q174829,nDCG@10,0.0
q174829,R@100,0.0
q174830,nDCG@10,1.0
q174830,R@100,1.0
q174831,nDCG@10,1.0
q174831,R@100,1.0
q174832,nDCG@10,0.3562071871080222
q174832,R@100,1.0
q174833,nDCG@10,1.0
q174833,R@100,1.0
q174834,nDCG@10,0.5
q174834,R@100,1.0
q174835,nDCG@10,1.0
q174835,R@100,1.0
q174836,nDCG@10,1.0
q174836,R@100,1.0
q174837,nDCG@10,1.0
q174837,R@100,1.0
q174838,nDCG@10,1.0
q174838,R@100,1.0
q174839,nDCG@10,1.0
q174839,R@100,1.0
q174840,nDCG@10,1.0
q174840,R@100,1.0
q174841,nDCG@10,1.0
q174841,R@100,1.0
q174842,nDCG@10,1.0
q174842,R@100,1.0
q174843,nDCG@10,1.0
q174843,R@100,1.0
q174844,nDCG@10,1.0
q174844,R@100,1.0
q174845,nDCG@10,1.0
q174845,R@100,1.0
q174846,nDCG@10,1.0
q174846,R@100,1.0
q174847,nDCG@10,1.0
q174847,R@100,1.0
q174848,nDCG@10,0.0
q174848,R@100,1.0
q174849,nDCG@10,1.0
q174849,R@100,1.0
q174850,nDCG@10,0.6309297535714575
q174850,R@100,1.0
q174851,nDCG@10,1.0
q174851,R@100,1.0
q174852,nDCG@10,1.0
q174852,R@100,1.0
q174853,nDCG@10,1.0
q174853,R@100,1.0
q174854,nDCG@10,0.3562071871080222
q174854,R@100,1.0
q174855,nDCG@10,0.0
q174855,R@100,1.0
q174856,nDCG@10,1.0
q174856,R@100,1.0
q174857,nDCG@10,1.0
q174857,R@100,1.0
q174858,nDCG@10,1.0
q174858,R@100,1.0
q174859,nDCG@10,1.0
q174859,R@100,1.0
q174860,nDCG@10,1.0
q174860,R@100,1.0
q174861,nDCG@10,1.0
q174861,R@100,1.0
q174862,nDCG@10,0.0
q174862,R@100,0.0
q174863,nDCG@10,0.0
q174863,R@100,0.0
q174864,nDCG@10,0.0
q174864,R@100,1.0
q174865,nDCG@10,0.5
q174865,R@100,1.0
q174866,nDCG@10,1.0
q174866,R@100,1.0
q174867,nDCG@10,0.5
q174867,R@100,1.0
q174868,nDCG@10,0.0
q174868,R@100,1.0
q174869,nDCG@10,0.0
q174869,R@100,1.0
q174870,nDCG@10,0.0
q174870,R@100,1.0
q174871,nDCG@10,0.6309297535714575
q174871,R@100,1.0
q174872,nDCG@10,1.0
q174872,R@100,1.0
q174873,nDCG@10,0.5
q174873,R@100,1.0
q174874,nDCG@10,1.0
q174874,R@100,1.0
q174875,nDCG@10,1.0
q174875,R@100,1.0
q174876,nDCG@10,0.0
q174876,R@100,0.0
q174877,nDCG@10,0.38685280723454163
q174877,R@100,1.0
q174878,nDCG@10,1.0
q174878,R@100,1.0
q174879,nDCG@10,1.0
q174879,R@100,1.0
q174880,nDCG@10,1.0
q174880,R@100,1.0
q174881,nDCG@10,1.0
q174881,R@100,1.0
q174882,nDCG@10,1.0
q174882,R@100,1.0
q174883,nDCG@10,1.0
q174883,R@100,1.0
q174884,nDCG@10,1.0
q174884,R@100,1.0
q174885,nDCG@10,1.0
q174885,R@100,1.0
q174886,nDCG@10,1.0
q174886,R@100,1.0
q174887,nDCG@10,0.3333333333333333
q174887,R@100,1.0
q174888,nDCG@10,1.0
q174888,R@100,1.0
q174889,nDCG@10,0.6309297535714575
q174889,R@100,1.0
q174890,nDCG@10,0.43067655807339306
q174890,R@100,1.0
q174891,nDCG@10,0.6309297535714575
q174891,R@100,1.0
q174892,nDCG@10,0.6309297535714575
q174892,R@100,1.0
q174893,nDCG@10,1.0
q174893,R@100,1.0
q174894,nDCG@10,1.0
q174894,R@100,1.0
q174895,nDCG@10,0.0
q174895,R@100,1.0
q174896,nDCG@10,0.6309297535714575
q174896,R@100,1.0
q174897,nDCG@10,1.0
q174897,R@100,1.0
q174898,nDCG@10,1.0
q174898,R@100,1.0
q174899,nDCG@10,0.6309297535714575
q174899,R@100,1.0
q174900,nDCG@10,1.0
q174900,R@100,1.0
q174901,nDCG@10,0.6309297535714575
q174901,R@100,1.0
q174902,nDCG@10,0.0
q174902,R@100,0.0
q174903,nDCG@10,0.5
q174903,R@100,1.0
q174904,nDCG@10,0.6309297535714575
q174904,R@100,1.0
q174905,nDCG@10,0.0
q174905,R@100,1.0
q174906,nDCG@10,0.0
q174906,R@100,1.0
q174907,nDCG@10,0.6309297535714575
q174907,R@100,1.0
q174908,nDCG@10,1.0
q174908,R@100,1.0
q174909,nDCG@10,0.38685280723454163
q174909,R@100,1.0
q174910,nDCG@10,0.5
q174910,R@100,1.0
q174911,nDCG@10,1.0
q174911,R@100,1.0
q174912,nDCG@10,0.0
q174912,R@100,1.0
q174913,nDCG@10,0.0
q174913,R@100,0.0
q174914,nDCG@10,1.0
q174914,R@100,1.0
q174915,nDCG@10,1.0
q174915,R@100,1.0
q174916,nDCG@10,0.3562071871080222
q174916,R@100,1.0
q174917,nDCG@10,1.0
q174917,R@100,1.0
q174918,nDCG@10,1.0
q174918,R@100,1.0
q174919,nDCG@10,1.0
q174919,R@100,1.0
q174920,nDCG@10,1.0
q174920,R@100,1.0
q174921,nDCG@10,1.0
q174921,R@100,1.0
q174922,nDCG@10,1.0
q174922,R@100,1.0
q174923,nDCG@10,1.0
q174923,R@100,1.0
q174924,nDCG@10,1.0
q174924,R@100,1.0
q174925,nDCG@10,1.0
q174925,R@100,1.0
q174926,nDCG@10,0.6309297535714575
q174926,R@100,1.0
q174927,nDCG@10,1.0
q174927,R@100,1.0
q174928,nDCG@10,1.0
q174928,R@100,1.0
q174929,nDCG@10,1.0
q174929,R@100,1.0
q174930,nDCG@10,0.6309297535714575
q174930,R@100,1.0
q174931,nDCG@10,0.0
q174931,R@100,1.0
q174932,nDCG@10,1.0
q174932,R@100,1.0
q174933,nDCG@10,0.6309297535714575
q174933,R@100,1.0
q174934,nDCG@10,1.0
q174934,R@100,1.0
q174935,nDCG@10,1.0
q174935,R@100,1.0
q174936,nDCG@10,0.0
q174936,R@100,0.0
q174937,nDCG@10,0.0
q174937,R@100,0.0
q174938,nDCG@10,1.0
q174938,R@100,1.0
q174939,nDCG@10,0.0
q174939,R@100,1.0
q174940,nDCG@10,1.0
q174940,R@100,1.0
q174941,nDCG@10,1.0
q174941,R@100,1.0
q174942,nDCG@10,1.0
q174942,R@100,1.0
q174943,nDCG@10,1.0
q174943,R@100,1.0
q174944,nDCG@10,1.0
q174944,R@100,1.0
q174945,nDCG@10,1.0
q174945,R@100,1.0
q174946,nDCG@10,1.0
q174946,R@100,1.0
q174947,nDCG@10,0.6309297535714575
q174947,R@100,1.0
q174948,nDCG@10,0.6309297535714575
q174948,R@100,1.0
q174949,nDCG@10,0.0
q174949,R@100,0.0
q174950,nDCG@10,1.0
q174950,R@100,1.0
q174951,nDCG@10,1.0
q174951,R@100,1.0
q174952,nDCG@10,1.0
q174952,R@100,1.0
q174953,nDCG@10,1.0
q174953,R@100,1.0
q174954,nDCG@10,1.0
q174954,R@100,1.0
q174955,nDCG@10,1.0
q174955,R@100,1.0
q174956,nDCG@10,0.0
q174956,R@100,1.0
q174957,nDCG@10,0.43067655807339306
q174957,R@100,1.0
q174958,nDCG@10,1.0
q174958,R@100,1.0
q174959,nDCG@10,0.0
q174959,R@100,0.0
q174960,nDCG@10,1.0
q174960,R@100,1.0
q174961,nDCG@10,1.0
q174961,R@100,1.0
q174962,nDCG@10,1.0
q174962,R@100,1.0
q174963,nDCG@10,1.0
q174963,R@100,1.0
q174964,nDCG@10,1.0
q174964,R@100,1.0
q174965,nDCG@10,1.0
q174965,R@100,1.0
q174966,nDCG@10,0.43067655807339306
q174966,R@100,1.0
q174967,nDCG@10,1.0
q174967,R@100,1.0
q174968,nDCG@10,0.0
q174968,R@100,0.0
q174969,nDCG@10,0.0
q174969,R@100,1.0
q174970,nDCG@10,1.0
q174970,R@100,1.0
q174971,nDCG@10,1.0
q174971,R@100,1.0
q174972,nDCG@10,1.0
q174972,R@100,1.0
q174973,nDCG@10,1.0
q174973,R@100,1.0
q174974,nDCG@10,1.0
q174974,R@100,1.0
q174975,nDCG@10,0.0
q174975,R@100,0.0
q174976,nDCG@10,1.0
q174976,R@100,1.0
q174977,nDCG@10,0.31546487678572877
q174977,R@100,1.0
q174978,nDCG@10,1.0
q174978,R@100,1.0
q174979,nDCG@10,1.0
q174979,R@100,1.0
q174980,nDCG@10,1.0
q174980,R@100,1.0
q174981,nDCG@10,0.0
q174981,R@100,0.0
q174982,nDCG@10,1.0
q174982,R@100,1.0
q174983,nDCG@10,1.0
q174983,R@100,1.0
q174984,nDCG@10,1.0
q174984,R@100,1.0
q174985,nDCG@10,1.0
q174985,R@100,1.0
q174986,nDCG@10,1.0
q174986,R@100,1.0
q174987,nDCG@10,1.0
q174987,R@100,1.0
q174988,nDCG@10,1.0
q174988,R@100,1.0
q174989,nDCG@10,1.0
q174989,R@100,1.0
q174990,nDCG@10,1.0
q174990,R@100,1.0
q174991,nDCG@10,1.0
q174991,R@100,1.0
q174992,nDCG@10,0.0
q174992,R@100,0.0
q174993,nDCG@10,0.0
q174993,R@100,1.0
q174994,nDCG@10,0.3333333333333333
q174994,R@100,1.0
q174995,nDCG@10,0.0
q174995,R@100,1.0
q174996,nDCG@10,0.6309297535714575
q174996,R@100,1.0
q174997,nDCG@10,0.6309297535714575
q174997,R@100,1.0
q174998,nDCG@10,0.0
q174998,R@100,1.0
q174999,nDCG@10,0.6309297535714575
q174999,R@100,1.0
q175000,nDCG@10,0.0
q175000,R@100,1.0
q175001,nDCG@10,1.0
q175001,R@100,1.0
q175002,nDCG@10,0.0
q175002,R@100,0.0
q175003,nDCG@10,1.0
q175003,R@100,1.0
q175004,nDCG@10,0.6309297535714575
q175004,R@100,1.0
q175005,nDCG@10,1.0
q175005,R@100,1.0
q175006,nDCG@10,1.0
q175006,R@100,1.0
q175007,nDCG@10,0.0
q175007,R@100,1.0
q175008,nDCG@10,0.0
q175008,R@100,0.0
q175009,nDCG@10,1.0
q175009,R@100,1.0
q175010,nDCG@10,1.0
q175010,R@100,1.0
q175011,nDCG@10,1.0
q175011,R@100,1.0
q175012,nDCG@10,0.5
q175012,R@100,1.0
q175013,nDCG@10,0.5
q175013,R@100,1.0
q175014,nDCG@10,1.0
q175014,R@100,1.0
q175015,nDCG@10,1.0
q175015,R@100,1.0
q175016,nDCG@10,0.0
q175016,R@100,0.0
q175017,nDCG@10,0.0
q175017,R@100,0.0
q175018,nDCG@10,1.0
q175018,R@100,1.0
q175019,nDCG@10,1.0
q175019,R@100,1.0
q175020,nDCG@10,0.43067655807339306
q175020,R@100,1.0
q175021,nDCG@10,0.0
q175021,R@100,1.0
q175022,nDCG@10,0.0
q175022,R@100,1.0
q175023,nDCG@10,0.6309297535714575
q175023,R@100,1.0
q175024,nDCG@10,0.0
q175024,R@100,1.0
q175025,nDCG@10,0.0
q175025,R@100,1.0
q175026,nDCG@10,0.3333333333333333
q175026,R@100,1.0
q175027,nDCG@10,0.3562071871080222
q175027,R@100,1.0
q175028,nDCG@10,0.5
q175028,R@100,1.0
q175029,nDCG@10,0.6309297535714575
q175029,R@100,1.0
q175030,nDCG@10,1.0
q175030,R@100,1.0
q175031,nDCG@10,1.0
q175031,R@100,1.0
q175032,nDCG@10,0.0
q175032,R@100,0.0
q175033,nDCG@10,1.0
q175033,R@100,1.0
q175034,nDCG@10,0.3562071871080222
q175034,R@100,1.0
q175035,nDCG@10,1.0
q175035,R@100,1.0
q175036,nDCG@10,0.0
q175036,R@100,1.0
q175037,nDCG@10,1.0
q175037,R@100,1.0
q175038,nDCG@10,1.0
q175038,R@100,1.0
q175039,nDCG@10,1.0
q175039,R@100,1.0
q175040,nDCG@10,1.0
q175040,R@100,1.0
q175041,nDCG@10,1.0
q175041,R@100,1.0
q175042,nDCG@10,1.0
q175042,R@100,1.0
q175043,nDCG@10,1.0
q175043,R@100,1.0
q175044,nDCG@10,1.0
q175044,R@100,1.0
q175045,nDCG@10,1.0
q175045,R@100,1.0
q175046,nDCG@10,1.0
q175046,R@100,1.0
q175047,nDCG@10,1.0
q175047,R@100,1.0
q175048,nDCG@10,1.0
q175048,R@100,1.0
q175049,nDCG@10,1.0
q175049,R@100,1.0
q175050,nDCG@10,1.0
q175050,R@100,1.0
q175051,nDCG@10,1.0
q175051,R@100,1.0
q175052,nDCG@10,1.0
q175052,R@100,1.0
q175053,nDCG@10,1.0
q175053,R@100,1.0
q175054,nDCG@10,0.31546487678572877
q175054,R@100,1.0
q175055,nDCG@10,1.0
q175055,R@100,1.0
q175056,nDCG@10,1.0
q175056,R@100,1.0
q175057,nDCG@10,0.3333333333333333
q175057,R@100,1.0
q175058,nDCG@10,1.0
q175058,R@100,1.0
q175059,nDCG@10,1.0
q175059,R@100,1.0
q175060,nDCG@10,0.5
q175060,R@100,1.0
q175061,nDCG@10,1.0
q175061,R@100,1.0
q175062,nDCG@10,1.0
q175062,R@100,1.0
q175063,nDCG@10,1.0
q175063,R@100,1.0
q175064,nDCG@10,1.0
q175064,R@100,1.0
q175065,nDCG@10,0.6309297535714575
q175065,R@100,1.0
q175066,nDCG@10,0.6309297535714575
q175066,R@100,1.0
q175067,nDCG@10,1.0
q175067,R@100,1.0
q175068,nDCG@10,1.0
q175068,R@100,1.0
q175069,nDCG@10,0.0
q175069,R@100,1.0
q175070,nDCG@10,1.0
q175070,R@100,1.0
q175071,nDCG@10,1.0
q175071,R@100,1.0
q175072,nDCG@10,1.0
q175072,R@100,1.0
q175073,nDCG@10,1.0
q175073,R@100,1.0
q175074,nDCG@10,0.6309297535714575
q175074,R@100,1.0
q175075,nDCG@10,1.0
q175075,R@100,1.0
q175076,nDCG@10,1.0
q175076,R@100,1.0
q175077,nDCG@10,1.0
q175077,R@100,1.0
q175078,nDCG@10,1.0
q175078,R@100,1.0
q175079,nDCG@10,1.0
q175079,R@100,1.0
q175080,nDCG@10,1.0
q175080,R@100,1.0
q175081,nDCG@10,0.6309297535714575
q175081,R@100,1.0
q175082,nDCG@10,0.6309297535714575
q175082,R@100,1.0
q175083,nDCG@10,1.0
q175083,R@100,1.0
q175084,nDCG@10,1.0
q175084,R@100,1.0
q175085,nDCG@10,0.0
q175085,R@100,1.0
q175086,nDCG@10,1.0
q175086,R@100,1.0
q175087,nDCG@10,0.0
q175087,R@100,1.0
q175088,nDCG@10,0.6309297535714575
q175088,R@100,1.0
q175089,nDCG@10,1.0
q175089,R@100,1.0
q175090,nDCG@10,0.31546487678572877
q175090,R@100,1.0
q175091,nDCG@10,1.0
q175091,R@100,1.0
q175092,nDCG@10,0.31546487678572877
q175092,R@100,1.0
q175093,nDCG@10,1.0
q175093,R@100,1.0
q175094,nDCG@10,0.0
q175094,R@100,1.0
q175095,nDCG@10,1.0
q175095,R@100,1.0
q175096,nDCG@10,0.3010299956639812
q175096,R@100,1.0
q175097,nDCG@10,0.43067655807339306
q175097,R@100,1.0
q175098,nDCG@10,0.3562071871080222
q175098,R@100,1.0
q175099,nDCG@10,1.0
q175099,R@100,1.0
q175100,nDCG@10,1.0
q175100,R@100,1.0
q175101,nDCG@10,1.0
q175101,R@100,1.0
q175102,nDCG@10,1.0
q175102,R@100,1.0
q175103,nDCG@10,1.0
q175103,R@100,1.0
q175104,nDCG@10,1.0
q175104,R@100,1.0
q175105,nDCG@10,0.6309297535714575
q175105,R@100,1.0
q175106,nDCG@10,0.0
q175106,R@100,0.0
q175107,nDCG@10,1.0
q175107,R@100,1.0
q175108,nDCG@10,0.5
q175108,R@100,1.0
q175109,nDCG@10,1.0
q175109,R@100,1.0
q175110,nDCG@10,1.0
q175110,R@100,1.0
q175111,nDCG@10,1.0
q175111,R@100,1.0
q175112,nDCG@10,0.0
q175112,R@100,1.0
q175113,nDCG@10,1.0
q175113,R@100,1.0
q175114,nDCG@10,0.6309297535714575
q175114,R@100,1.0
q175115,nDCG@10,1.0
q175115,R@100,1.0
q175116,nDCG@10,1.0
q175116,R@100,1.0
q175117,nDCG@10,0.43067655807339306
q175117,R@100,1.0
q175118,nDCG@10,1.0
q175118,R@100,1.0
q175119,nDCG@10,1.0
q175119,R@100,1.0
q175120,nDCG@10,0.5
q175120,R@100,1.0
q175121,nDCG@10,1.0
q175121,R@100,1.0
q175122,nDCG@10,0.6309297535714575
q175122,R@100,1.0
q175123,nDCG@10,1.0
q175123,R@100,1.0
q175124,nDCG@10,1.0
q175124,R@100,1.0
q175125,nDCG@10,1.0
q175125,R@100,1.0
q175126,nDCG@10,0.43067655807339306
q175126,R@100,1.0
q175127,nDCG@10,0.5
q175127,R@100,1.0
q175128,nDCG@10,0.5
q175128,R@100,1.0
q175129,nDCG@10,1.0
q175129,R@100,1.0
q175130,nDCG@10,1.0
q175130,R@100,1.0
q175131,nDCG@10,1.0
q175131,R@100,1.0
q175132,nDCG@10,1.0
q175132,R@100,1.0
q175133,nDCG@10,1.0
q175133,R@100,1.0
q175134,nDCG@10,1.0
q175134,R@100,1.0
q175135,nDCG@10,0.0
q175135,R@100,0.0
q175136,nDCG@10,1.0
q175136,R@100,1.0
q175137,nDCG@10,0.5
q175137,R@100,1.0
q175138,nDCG@10,1.0
q175138,R@100,1.0
q175139,nDCG@10,0.0
q175139,R@100,1.0
q175140,nDCG@10,1.0
q175140,R@100,1.0
q175141,nDCG@10,0.6309297535714575
q175141,R@100,1.0
q175142,nDCG@10,0.3562071871080222
q175142,R@100,1.0
q175143,nDCG@10,1.0
q175143,R@100,1.0
q175144,nDCG@10,1.0
q175144,R@100,1.0
q175145,nDCG@10,1.0
q175145,R@100,1.0
q175146,nDCG@10,1.0
q175146,R@100,1.0
q175147,nDCG@10,0.0
q175147,R@100,0.0
q175148,nDCG@10,0.3562071871080222
q175148,R@100,1.0
q175149,nDCG@10,1.0
q175149,R@100,1.0
q175150,nDCG@10,1.0
q175150,R@100,1.0
q175151,nDCG@10,1.0
q175151,R@100,1.0
q175152,nDCG@10,0.0
q175152,R@100,1.0
q175153,nDCG@10,1.0
q175153,R@100,1.0
q175154,nDCG@10,1.0
q175154,R@100,1.0
q175155,nDCG@10,0.0
q175155,R@100,1.0
q175156,nDCG@10,0.0
q175156,R@100,1.0
q175157,nDCG@10,0.3333333333333333
q175157,R@100,1.0
q175158,nDCG@10,1.0
q175158,R@100,1.0
q175159,nDCG@10,0.6309297535714575
q175159,R@100,1.0
q175160,nDCG@10,0.0
q175160,R@100,1.0
q175161,nDCG@10,0.3010299956639812
q175161,R@100,1.0
q175162,nDCG@10,0.0
q175162,R@100,1.0
q175163,nDCG@10,0.38685280723454163
q175163,R@100,1.0
q175164,nDCG@10,0.0
q175164,R@100,1.0
q175165,nDCG@10,0.6309297535714575
q175165,R@100,1.0
q175166,nDCG@10,0.0
q175166,R@100,1.0
q175167,nDCG@10,0.3333333333333333
q175167,R@100,1.0
q175168,nDCG@10,0.0
q175168,R@100,1.0
q175169,nDCG@10,1.0
q175169,R@100,1.0
q175170,nDCG@10,1.0
q175170,R@100,1.0
q175171,nDCG@10,1.0
q175171,R@100,1.0
q175172,nDCG@10,0.3562071871080222
q175172,R@100,1.0
q175173,nDCG@10,1.0
q175173,R@100,1.0
q175174,nDCG@10,1.0
q175174,R@100,1.0
q175175,nDCG@10,1.0
q175175,R@100,1.0
q175176,nDCG@10,1.0
q175176,R@100,1.0
q175177,nDCG@10,1.0
q175177,R@100,1.0
q175178,nDCG@10,0.2890648263178879
q175178,R@100,1.0
q175179,nDCG@10,1.0
q175179,R@100,1.0
q175180,nDCG@10,1.0
q175180,R@100,1.0
q175181,nDCG@10,1.0
q175181,R@100,1.0
q175182,nDCG@10,1.0
q175182,R@100,1.0
q175183,nDCG@10,1.0
q175183,R@100,1.0
q175184,nDCG@10,1.0
q175184,R@100,1.0
q175185,nDCG@10,1.0
q175185,R@100,1.0
q175186,nDCG@10,0.3333333333333333
q175186,R@100,1.0
q175187,nDCG@10,0.0
q175187,R@100,1.0
q175188,nDCG@10,1.0
q175188,R@100,1.0
q175189,nDCG@10,1.0
q175189,R@100,1.0
q175190,nDCG@10,1.0
q175190,R@100,1.0
q175191,nDCG@10,1.0
q175191,R@100,1.0
q175192,nDCG@10,0.6309297535714575
q175192,R@100,1.0
q175193,nDCG@10,1.0
q175193,R@100,1.0
q175194,nDCG@10,1.0
q175194,R@100,1.0
q175195,nDCG@10,1.0
q175195,R@100,1.0
q175196,nDCG@10,0.6309297535714575
q175196,R@100,1.0
q175197,nDCG@10,1.0
q175197,R@100,1.0
q175198,nDCG@10,0.5
q175198,R@100,1.0
q175199,nDCG@10,0.0
q175199,R@100,1.0
q175200,nDCG@10,0.0
q175200,R@100,0.0
q175201,nDCG@10,1.0
q175201,R@100,1.0
q175202,nDCG@10,0.0
q175202,R@100,0.0
q175203,nDCG@10,1.0
q175203,R@100,1.0
q175204,nDCG@10,1.0
q175204,R@100,1.0
q175205,nDCG@10,1.0
q175205,R@100,1.0
q175206,nDCG@10,1.0
q175206,R@100,1.0
q175207,nDCG@10,0.6309297535714575
q175207,R@100,1.0
q175208,nDCG@10,0.3562071871080222
q175208,R@100,1.0
q175209,nDCG@10,1.0
q175209,R@100,1.0
q175210,nDCG@10,1.0
q175210,R@100,1.0
q175211,nDCG@10,1.0
q175211,R@100,1.0
q175212,nDCG@10,1.0
q175212,R@100,1.0
q175213,nDCG@10,1.0
q175213,R@100,1.0
q175214,nDCG@10,0.0
q175214,R@100,1.0
q175215,nDCG@10,0.6309297535714575
q175215,R@100,1.0
q175216,nDCG@10,1.0
q175216,R@100,1.0
q175217,nDCG@10,1.0
q175217,R@100,1.0
q175218,nDCG@10,0.5
q175218,R@100,1.0
q175219,nDCG@10,1.0
q175219,R@100,1.0
q175220,nDCG@10,1.0
q175220,R@100,1.0
q175221,nDCG@10,0.0
q175221,R@100,1.0
q175222,nDCG@10,0.38685280723454163
q175222,R@100,1.0
q175223,nDCG@10,0.0
q175223,R@100,1.0
q175224,nDCG@10,1.0
q175224,R@100,1.0
q175225,nDCG@10,0.38685280723454163
q175225,R@100,1.0
q175226,nDCG@10,1.0
q175226,R@100,1.0
q175227,nDCG@10,1.0
q175227,R@100,1.0
q175228,nDCG@10,0.38685280723454163
q175228,R@100,1.0
q175229,nDCG@10,0.0
q175229,R@100,1.0
q175230,nDCG@10,1.0
q175230,R@100,1.0
q175231,nDCG@10,1.0
q175231,R@100,1.0
q175232,nDCG@10,1.0
q175232,R@100,1.0
q175233,nDCG@10,0.6309297535714575
q175233,R@100,1.0
q175234,nDCG@10,1.0
q175234,R@100,1.0
q175235,nDCG@10,0.6309297535714575
q175235,R@100,1.0
q175236,nDCG@10,1.0
q175236,R@100,1.0
q175237,nDCG@10,1.0
q175237,R@100,1.0
q175238,nDCG@10,0.3562071871080222
q175238,R@100,1.0
q175239,nDCG@10,0.0
q175239,R@100,1.0
q175240,nDCG@10,1.0
q175240,R@100,1.0
q175241,nDCG@10,0.5
q175241,R@100,1.0
q175242,nDCG@10,1.0
q175242,R@100,1.0
q175243,nDCG@10,1.0
q175243,R@100,1.0
q175244,nDCG@10,0.3562071871080222
q175244,R@100,1.0
q175245,nDCG@10,1.0
q175245,R@100,1.0
q175246,nDCG@10,0.0
q175246,R@100,1.0
q175247,nDCG@10,0.0
q175247,R@100,0.0
q175248,nDCG@10,0.0
q175248,R@100,1.0
q175249,nDCG@10,0.0
q175249,R@100,1.0
q175250,nDCG@10,0.0
q175250,R@100,0.0
q175251,nDCG@10,1.0
q175251,R@100,1.0
q175252,nDCG@10,1.0
q175252,R@100,1.0
q175253,nDCG@10,0.6309297535714575
q175253,R@100,1.0
q175254,nDCG@10,1.0
q175254,R@100,1.0
q175255,nDCG@10,0.0
q175255,R@100,1.0
q175256,nDCG@10,0.5
q175256,R@100,1.0
q175257,nDCG@10,1.0
q175257,R@100,1.0
q175258,nDCG@10,1.0
q175258,R@100,1.0
q175259,nDCG@10,1.0
q175259,R@100,1.0
q175260,nDCG@10,1.0
q175260,R@100,1.0
q175261,nDCG@10,0.6309297535714575
q175261,R@100,1.0
q175262,nDCG@10,0.6309297535714575
q175262,R@100,1.0
q175263,nDCG@10,0.0
q175263,R@100,0.0
q175264,nDCG@10,1.0
q175264,R@100,1.0
q175265,nDCG@10,1.0
q175265,R@100,1.0
q175266,nDCG@10,1.0
q175266,R@100,1.0
q175267,nDCG@10,0.38685280723454163
q175267,R@100,1.0
q175268,nDCG@10,1.0
q175268,R@100,1.0
q175269,nDCG@10,1.0
q175269,R@100,1.0
q175270,nDCG@10,1.0
q175270,R@100,1.0
q175271,nDCG@10,0.6309297535714575
q175271,R@100,1.0
q175272,nDCG@10,0.5
q175272,R@100,1.0
q175273,nDCG@10,1.0
q175273,R@100,1.0
q175274,nDCG@10,1.0
q175274,R@100,1.0
q175275,nDCG@10,0.0
q175275,R@100,1.0
q175276,nDCG@10,1.0
q175276,R@100,1.0
q175277,nDCG@10,1.0
q175277,R@100,1.0
q175278,nDCG@10,1.0
q175278,R@100,1.0
q175279,nDCG@10,0.6309297535714575
q175279,R@100,1.0
q175280,nDCG@10,0.6309297535714575
q175280,R@100,1.0
q175281,nDCG@10,0.0
q175281,R@100,1.0
q175282,nDCG@10,0.0
q175282,R@100,1.0
q175283,nDCG@10,0.6309297535714575
q175283,R@100,1.0
q175284,nDCG@10,0.3010299956639812
q175284,R@100,1.0
q175285,nDCG@10,1.0
q175285,R@100,1.0
q175286,nDCG@10,0.0
q175286,R@100,1.0
q175287,nDCG@10,1.0
q175287,R@100,1.0
q175288,nDCG@10,0.0
q175288,R@100,0.0
q175289,nDCG@10,0.0
q175289,R@100,1.0
q175290,nDCG@10,0.0
q175290,R@100,1.0
q175291,nDCG@10,0.0
q175291,R@100,1.0
q175292,nDCG@10,1.0
q175292,R@100,1.0
q175293,nDCG@10,0.0
q175293,R@100,0.0
q175294,nDCG@10,1.0
q175294,R@100,1.0
q175295,nDCG@10,0.0
q175295,R@100,0.0
q175296,nDCG@10,0.0
q175296,R@100,1.0
q175297,nDCG@10,1.0
q175297,R@100,1.0
q175298,nDCG@10,1.0
q175298,R@100,1.0
q175299,nDCG@10,0.0
q175299,R@100,1.0
q175300,nDCG@10,1.0
q175300,R@100,1.0
q175301,nDCG@10,1.0
q175301,R@100,1.0
q175302,nDCG@10,0.31546487678572877
q175302,R@100,1.0
q175303,nDCG@10,0.6309297535714575
q175303,R@100,1.0
q175304,nDCG@10,1.0
q175304,R@100,1.0
q175305,nDCG@10,0.0
q175305,R@100,1.0
q175306,nDCG@10,0.6309297535714575
q175306,R@100,1.0
q175307,nDCG@10,1.0
q175307,R@100,1.0
q175308,nDCG@10,0.0
q175308,R@100,0.0
q175309,nDCG@10,0.38685280723454163
q175309,R@100,1.0
q175310,nDCG@10,0.0
q175310,R@100,1.0
q175311,nDCG@10,0.6309297535714575
q175311,R@100,1.0
q175312,nDCG@10,0.0
q175312,R@100,0.0
q175313,nDCG@10,0.0
q175313,R@100,1.0
q175314,nDCG@10,1.0
q175314,R@100,1.0
q175315,nDCG@10,0.6309297535714575
q175315,R@100,1.0
q175316,nDCG@10,0.0
q175316,R@100,1.0
q175317,nDCG@10,0.0
q175317,R@100,1.0
q175318,nDCG@10,1.0
q175318,R@100,1.0
q175319,nDCG@10,1.0
q175319,R@100,1.0
q175320,nDCG@10,1.0
q175320,R@100,1.0
q175321,nDCG@10,0.5
q175321,R@100,1.0
q175322,nDCG@10,1.0
q175322,R@100,1.0
q175323,nDCG@10,0.6309297535714575
q175323,R@100,1.0
q175324,nDCG@10,0.43067655807339306
q175324,R@100,1.0
q175325,nDCG@10,1.0
q175325,R@100,1.0
q175326,nDCG@10,0.0
q175326,R@100,1.0
q175327,nDCG@10,0.0
q175327,R@100,0.0
q175328,nDCG@10,0.0
q175328,R@100,0.0
q175329,nDCG@10,1.0
q175329,R@100,1.0
q175330,nDCG@10,0.6309297535714575
q175330,R@100,1.0
q175331,nDCG@10,1.0
q175331,R@100,1.0
q175332,nDCG@10,1.0
q175332,R@100,1.0
q175333,nDCG@10,1.0
q175333,R@100,1.0
q175334,nDCG@10,0.6309297535714575
q175334,R@100,1.0
q175335,nDCG@10,1.0
q175335,R@100,1.0
q175336,nDCG@10,0.6309297535714575
q175336,R@100,1.0
q175337,nDCG@10,0.6309297535714575
q175337,R@100,1.0
q175338,nDCG@10,0.0
q175338,R@100,0.0
q175339,nDCG@10,0.0
q175339,R@100,0.0
q175340,nDCG@10,0.0
q175340,R@100,0.0
q175341,nDCG@10,1.0
q175341,R@100,1.0
q175342,nDCG@10,0.3010299956639812
q175342,R@100,1.0
q175343,nDCG@10,0.0
q175343,R@100,1.0
q175344,nDCG@10,0.0
q175344,R@100,0.0
q175345,nDCG@10,0.0
q175345,R@100,0.0
q175346,nDCG@10,1.0
q175346,R@100,1.0
q175347,nDCG@10,1.0
q175347,R@100,1.0
q175348,nDCG@10,1.0
q175348,R@100,1.0
q175349,nDCG@10,0.3562071871080222
q175349,R@100,1.0
q175350,nDCG@10,0.0
q175350,R@100,0.0
q175351,nDCG@10,1.0
q175351,R@100,1.0
q175352,nDCG@10,0.43067655807339306
q175352,R@100,1.0
q175353,nDCG@10,1.0
q175353,R@100,1.0
q175354,nDCG@10,1.0
q175354,R@100,1.0
q175355,nDCG@10,1.0
q175355,R@100,1.0
q175356,nDCG@10,1.0
q175356,R@100,1.0
q175357,nDCG@10,1.0
q175357,R@100,1.0
q175358,nDCG@10,1.0
q175358,R@100,1.0
q175359,nDCG@10,1.0
q175359,R@100,1.0
q175360,nDCG@10,1.0
q175360,R@100,1.0
q175361,nDCG@10,0.38685280723454163
q175361,R@100,1.0
q175362,nDCG@10,1.0
q175362,R@100,1.0
q175363,nDCG@10,0.6309297535714575
q175363,R@100,1.0
q175364,nDCG@10,1.0
q175364,R@100,1.0
q175365,nDCG@10,0.43067655807339306
q175365,R@100,1.0
q175366,nDCG@10,1.0
q175366,R@100,1.0
q175367,nDCG@10,1.0
q175367,R@100,1.0
q175368,nDCG@10,0.6309297535714575
q175368,R@100,1.0
q175369,nDCG@10,1.0
q175369,R@100,1.0
q175370,nDCG@10,1.0
q175370,R@100,1.0
q175371,nDCG@10,0.6309297535714575
q175371,R@100,1.0
q175372,nDCG@10,0.5
q175372,R@100,1.0
q175373,nDCG@10,0.0
q175373,R@100,1.0
q175374,nDCG@10,0.0
q175374,R@100,1.0
q175375,nDCG@10,0.3010299956639812
q175375,R@100,1.0
q175376,nDCG@10,1.0
q175376,R@100,1.0
q175377,nDCG@10,0.5
q175377,R@100,1.0
q175378,nDCG@10,0.0
q175378,R@100,1.0
q175379,nDCG@10,0.0
q175379,R@100,0.0
q175380,nDCG@10,0.0
q175380,R@100,1.0
q175381,nDCG@10,0.3562071871080222
q175381,R@100,1.0
q175382,nDCG@10,0.0
q175382,R@100,1.0
q175383,nDCG@10,0.43067655807339306
q175383,R@100,1.0
q175384,nDCG@10,0.0
q175384,R@100,0.0
q175385,nDCG@10,1.0
q175385,R@100,1.0
q175386,nDCG@10,1.0
q175386,R@100,1.0
q175387,nDCG@10,0.0
q175387,R@100,1.0
q175388,nDCG@10,0.0
q175388,R@100,1.0
q175389,nDCG@10,1.0
q175389,R@100,1.0
q175390,nDCG@10,0.0
q175390,R@100,0.0
q175391,nDCG@10,0.0
q175391,R@100,0.0
q175392,nDCG@10,1.0
q175392,R@100,1.0
q175393,nDCG@10,1.0
q175393,R@100,1.0
q175394,nDCG@10,1.0
q175394,R@100,1.0
q175395,nDCG@10,0.3010299956639812
q175395,R@100,1.0
q175396,nDCG@10,1.0
q175396,R@100,1.0
q175397,nDCG@10,0.0
q175397,R@100,1.0
q175398,nDCG@10,1.0
q175398,R@100,1.0
q175399,nDCG@10,1.0
q175399,R@100,1.0
q175400,nDCG@10,0.0
q175400,R@100,0.0
q175401,nDCG@10,0.6309297535714575
q175401,R@100,1.0
q175402,nDCG@10,0.6309297535714575
q175402,R@100,1.0
q175403,nDCG@10,1.0
q175403,R@100,1.0
q175404,nDCG@10,1.0
q175404,R@100,1.0
q175405,nDCG@10,1.0
q175405,R@100,1.0
q175406,nDCG@10,0.0
q175406,R@100,0.0
q175407,nDCG@10,0.38685280723454163
q175407,R@100,1.0
q175408,nDCG@10,0.43067655807339306
q175408,R@100,1.0
q175409,nDCG@10,0.0
q175409,R@100,1.0
q175410,nDCG@10,0.0
q175410,R@100,1.0
q175411,nDCG@10,1.0
q175411,R@100,1.0
q175412,nDCG@10,0.31546487678572877
q175412,R@100,1.0
q175413,nDCG@10,1.0
q175413,R@100,1.0
q175414,nDCG@10,1.0
q175414,R@100,1.0
q175415,nDCG@10,1.0
q175415,R@100,1.0
q175416,nDCG@10,0.6309297535714575
q175416,R@100,1.0
q175417,nDCG@10,1.0
q175417,R@100,1.0
q175418,nDCG@10,1.0
q175418,R@100,1.0
q175419,nDCG@10,1.0
q175419,R@100,1.0
q175420,nDCG@10,0.0
q175420,R@100,0.0
q175421,nDCG@10,1.0
q175421,R@100,1.0
q175422,nDCG@10,1.0
q175422,R@100,1.0
q175423,nDCG@10,1.0
q175423,R@100,1.0
q175424,nDCG@10,0.0
q175424,R@100,0.0
q175425,nDCG@10,1.0
q175425,R@100,1.0
q175426,nDCG@10,0.0
q175426,R@100,1.0
q175427,nDCG@10,1.0
q175427,R@100,1.0
q175428,nDCG@10,0.0
q175428,R@100,0.0
q175429,nDCG@10,0.38685280723454163
q175429,R@100,1.0
q175430,nDCG@10,1.0
q175430,R@100,1.0
q175431,nDCG@10,0.6309297535714575
q175431,R@100,1.0
q175432,nDCG@10,0.5
q175432,R@100,1.0
q175433,nDCG@10,1.0
q175433,R@100,1.0
q175434,nDCG@10,0.6309297535714575
q175434,R@100,1.0
q175435,nDCG@10,0.6309297535714575
q175435,R@100,1.0
q175436,nDCG@10,0.6309297535714575
q175436,R@100,1.0
q175437,nDCG@10,1.0
q175437,R@100,1.0
q175438,nDCG@10,0.0
q175438,R@100,1.0
q175439,nDCG@10,1.0
q175439,R@100,1.0
q175440,nDCG@10,0.0
q175440,R@100,1.0
q175441,nDCG@10,0.0
q175441,R@100,1.0
q175442,nDCG@10,0.0
q175442,R@100,0.0
q175443,nDCG@10,0.0
q175443,R@100,0.0
q175444,nDCG@10,0.0
q175444,R@100,1.0
q175445,nDCG@10,0.0
q175445,R@100,1.0
q175446,nDCG@10,0.38685280723454163
q175446,R@100,1.0
q175447,nDCG@10,1.0
q175447,R@100,1.0
q175448,nDCG@10,1.0
q175448,R@100,1.0
q175449,nDCG@10,1.0
q175449,R@100,1.0
q175450,nDCG@10,1.0
q175450,R@100,1.0
q175451,nDCG@10,0.6309297535714575
q175451,R@100,1.0
q175452,nDCG@10,1.0
q175452,R@100,1.0
q175453,nDCG@10,1.0
q175453,R@100,1.0
q175454,nDCG@10,1.0
q175454,R@100,1.0
q175455,nDCG@10,1.0
q175455,R@100,1.0
q175456,nDCG@10,1.0
q175456,R@100,1.0
q175457,nDCG@10,1.0
q175457,R@100,1.0
q175458,nDCG@10,0.0
q175458,R@100,0.0
q175459,nDCG@10,0.6309297535714575
q175459,R@100,1.0
q175460,nDCG@10,0.43067655807339306
q175460,R@100,1.0
q175461,nDCG@10,1.0
q175461,R@100,1.0
q175462,nDCG@10,1.0
q175462,R@100,1.0
q175463,nDCG@10,0.6309297535714575
q175463,R@100,1.0
q175464,nDCG@10,0.5
q175464,R@100,1.0
q175465,nDCG@10,0.0
q175465,R@100,1.0
q175466,nDCG@10,1.0
q175466,R@100,1.0
q175467,nDCG@10,0.6309297535714575
q175467,R@100,1.0
q175468,nDCG@10,1.0
q175468,R@100,1.0
q175469,nDCG@10,0.0
q175469,R@100,1.0
q175470,nDCG@10,0.2890648263178879
q175470,R@100,1.0
q175471,nDCG@10,0.43067655807339306
q175471,R@100,1.0
q175472,nDCG@10,0.5
q175472,R@100,1.0
q175473,nDCG@10,0.6309297535714575
q175473,R@100,1.0
q175474,nDCG@10,0.43067655807339306
q175474,R@100,1.0
q175475,nDCG@10,0.38685280723454163
q175475,R@100,1.0
q175476,nDCG@10,0.6309297535714575
q175476,R@100,1.0
q175477,nDCG@10,0.0
q175477,R@100,0.0
q175478,nDCG@10,0.0
q175478,R@100,0.0
q175479,nDCG@10,0.31546487678572877
q175479,R@100,1.0
q175480,nDCG@10,0.3010299956639812
q175480,R@100,1.0
q175481,nDCG@10,1.0
q175481,R@100,1.0
q175482,nDCG@10,0.5
q175482,R@100,1.0
q175483,nDCG@10,1.0
q175483,R@100,1.0
q175484,nDCG@10,1.0
q175484,R@100,1.0
q175485,nDCG@10,1.0
q175485,R@100,1.0
q175486,nDCG@10,1.0
q175486,R@100,1.0
q175487,nDCG@10,1.0
q175487,R@100,1.0
q175488,nDCG@10,0.6309297535714575
q175488,R@100,1.0
q175489,nDCG@10,1.0
q175489,R@100,1.0
q175490,nDCG@10,1.0
q175490,R@100,1.0
q175491,nDCG@10,1.0
q175491,R@100,1.0
q175492,nDCG@10,0.38685280723454163
q175492,R@100,1.0
q175493,nDCG@10,1.0
q175493,R@100,1.0
q175494,nDCG@10,0.5
q175494,R@100,1.0
q175495,nDCG@10,1.0
q175495,R@100,1.0
q175496,nDCG@10,1.0
q175496,R@100,1.0
q175497,nDCG@10,1.0
q175497,R@100,1.0
q175498,nDCG@10,1.0
q175498,R@100,1.0
q175499,nDCG@10,1.0
q175499,R@100,1.0
q175500,nDCG@10,1.0
q175500,R@100,1.0
q175501,nDCG@10,1.0
q175501,R@100,1.0
q175502,nDCG@10,0.5
q175502,R@100,1.0
q175503,nDCG@10,0.43067655807339306
q175503,R@100,1.0
q175504,nDCG@10,1.0
q175504,R@100,1.0
q175505,nDCG@10,1.0
q175505,R@100,1.0
q175506,nDCG@10,0.43067655807339306
q175506,R@100,1.0
q175507,nDCG@10,1.0
q175507,R@100,1.0
q175508,nDCG@10,1.0
q175508,R@100,1.0
q175509,nDCG@10,0.38685280723454163
q175509,R@100,1.0
q175510,nDCG@10,1.0
q175510,R@100,1.0
q175511,nDCG@10,1.0
q175511,R@100,1.0
q175512,nDCG@10,0.0
q175512,R@100,1.0
q175513,nDCG@10,0.3333333333333333
q175513,R@100,1.0
q175514,nDCG@10,0.43067655807339306
q175514,R@100,1.0
q175515,nDCG@10,0.0
q175515,R@100,1.0
q175516,nDCG@10,0.6309297535714575
q175516,R@100,1.0
q175517,nDCG@10,0.2890648263178879
q175517,R@100,1.0
q175518,nDCG@10,0.31546487678572877
q175518,R@100,1.0
q175519,nDCG@10,1.0
q175519,R@100,1.0
q175520,nDCG@10,1.0
q175520,R@100,1.0
q175521,nDCG@10,1.0
q175521,R@100,1.0
q175522,nDCG@10,0.6309297535714575
q175522,R@100,1.0
q175523,nDCG@10,0.6309297535714575
q175523,R@100,1.0
q175524,nDCG@10,1.0
q175524,R@100,1.0
q175525,nDCG@10,1.0
q175525,R@100,1.0
q175526,nDCG@10,1.0
q175526,R@100,1.0
q175527,nDCG@10,0.5
q175527,R@100,1.0
q175528,nDCG@10,0.0
q175528,R@100,1.0
q175529,nDCG@10,1.0
q175529,R@100,1.0
q175530,nDCG@10,1.0
q175530,R@100,1.0
q175531,nDCG@10,1.0
q175531,R@100,1.0
q175532,nDCG@10,1.0
q175532,R@100,1.0
q175533,nDCG@10,0.43067655807339306
q175533,R@100,1.0
q175534,nDCG@10,0.6309297535714575
q175534,R@100,1.0
q175535,nDCG@10,0.6309297535714575
q175535,R@100,1.0
q175536,nDCG@10,1.0
q175536,R@100,1.0
q175537,nDCG@10,0.0
q175537,R@100,1.0
q175538,nDCG@10,0.5
q175538,R@100,1.0
q175539,nDCG@10,0.6309297535714575
q175539,R@100,1.0
q175540,nDCG@10,0.5
q175540,R@100,1.0
q175541,nDCG@10,1.0
q175541,R@100,1.0
q175542,nDCG@10,1.0
q175542,R@100,1.0
q175543,nDCG@10,0.0
q175543,R@100,0.0
q175544,nDCG@10,1.0
q175544,R@100,1.0
q175545,nDCG@10,1.0
q175545,R@100,1.0
q175546,nDCG@10,0.5
q175546,R@100,1.0
q175547,nDCG@10,1.0
q175547,R@100,1.0
q175548,nDCG@10,1.0
q175548,R@100,1.0
q175549,nDCG@10,0.6309297535714575
q175549,R@100,1.0
q175550,nDCG@10,0.6309297535714575
q175550,R@100,1.0
q175551,nDCG@10,1.0
q175551,R@100,1.0
q175552,nDCG@10,1.0
q175552,R@100,1.0
q175553,nDCG@10,0.0
q175553,R@100,1.0
q175554,nDCG@10,1.0
q175554,R@100,1.0
q175555,nDCG@10,1.0
q175555,R@100,1.0
q175556,nDCG@10,0.6309297535714575
q175556,R@100,1.0
q175557,nDCG@10,1.0
q175557,R@100,1.0
q175558,nDCG@10,1.0
q175558,R@100,1.0
q175559,nDCG@10,0.38685280723454163
q175559,R@100,1.0
q175560,nDCG@10,1.0
q175560,R@100,1.0
q175561,nDCG@10,0.6309297535714575
q175561,R@100,1.0
q175562,nDCG@10,0.5
q175562,R@100,1.0
q175563,nDCG@10,1.0
q175563,R@100,1.0
q175564,nDCG@10,1.0
q175564,R@100,1.0
q175565,nDCG@10,1.0
q175565,R@100,1.0
q175566,nDCG@10,1.0
q175566,R@100,1.0
q175567,nDCG@10,1.0
q175567,R@100,1.0
q175568,nDCG@10,0.0
q175568,R@100,1.0
q175569,nDCG@10,0.0
q175569,R@100,0.0
q175570,nDCG@10,0.0
q175570,R@100,0.0
q175571,nDCG@10,1.0
q175571,R@100,1.0
q175572,nDCG@10,1.0
q175572,R@100,1.0
q175573,nDCG@10,0.0
q175573,R@100,0.0
q175574,nDCG@10,0.0
q175574,R@100,1.0
q175575,nDCG@10,1.0
q175575,R@100,1.0
q175576,nDCG@10,1.0
q175576,R@100,1.0
q175577,nDCG@10,0.0
q175577,R@100,1.0
q175578,nDCG@10,0.0
q175578,R@100,1.0
q175579,nDCG@10,1.0
q175579,R@100,1.0
q175580,nDCG@10,0.38685280723454163
q175580,R@100,1.0
q175581,nDCG@10,0.5
q175581,R@100,1.0
q175582,nDCG@10,0.0
q175582,R@100,1.0
q175583,nDCG@10,1.0
q175583,R@100,1.0
q175584,nDCG@10,1.0
q175584,R@100,1.0
q175585,nDCG@10,0.0
q175585,R@100,0.0
q175586,nDCG@10,1.0
q175586,R@100,1.0
q175587,nDCG@10,0.6309297535714575
q175587,R@100,1.0
q175588,nDCG@10,0.31546487678572877
q175588,R@100,1.0
q175589,nDCG@10,1.0
q175589,R@100,1.0
q175590,nDCG@10,0.0
q175590,R@100,1.0
q175591,nDCG@10,0.43067655807339306
q175591,R@100,1.0
q175592,nDCG@10,0.0
q175592,R@100,1.0
q175593,nDCG@10,0.5
q175593,R@100,1.0
q175594,nDCG@10,0.0
q175594,R@100,1.0
q175595,nDCG@10,0.0
q175595,R@100,0.0
q175596,nDCG@10,0.0
q175596,R@100,0.0
q175597,nDCG@10,0.3333333333333333
q175597,R@100,1.0
q175598,nDCG@10,0.6309297535714575
q175598,R@100,1.0
q175599,nDCG@10,1.0
q175599,R@100,1.0
q175600,nDCG@10,0.0
q175600,R@100,0.0
q175601,nDCG@10,0.0
q175601,R@100,0.0
q175602,nDCG@10,1.0
q175602,R@100,1.0
q175603,nDCG@10,0.6309297535714575
q175603,R@100,1.0
q175604,nDCG@10,0.38685280723454163
q175604,R@100,1.0
q175605,nDCG@10,0.2890648263178879
q175605,R@100,1.0
q175606,nDCG@10,1.0
q175606,R@100,1.0
q175607,nDCG@10,0.31546487678572877
q175607,R@100,1.0
q175608,nDCG@10,1.0
q175608,R@100,1.0
q175609,nDCG@10,0.3333333333333333
q175609,R@100,1.0
q175610,nDCG@10,0.0
q175610,R@100,0.0
q175611,nDCG@10,0.0
q175611,R@100,0.0
q175612,nDCG@10,0.0
q175612,R@100,1.0
q175613,nDCG@10,1.0
q175613,R@100,1.0
q175614,nDCG@10,0.5
q175614,R@100,1.0
q175615,nDCG@10,0.5
q175615,R@100,1.0
q175616,nDCG@10,0.43067655807339306
q175616,R@100,1.0
q175617,nDCG@10,1.0
q175617,R@100,1.0
q175618,nDCG@10,0.6309297535714575
q175618,R@100,1.0
q175619,nDCG@10,1.0
q175619,R@100,1.0
q175620,nDCG@10,0.38685280723454163
q175620,R@100,1.0
q175621,nDCG@10,1.0
q175621,R@100,1.0
q175622,nDCG@10,1.0
q175622,R@100,1.0
q175623,nDCG@10,0.0
q175623,R@100,1.0
q175624,nDCG@10,1.0
q175624,R@100,1.0
q175625,nDCG@10,1.0
q175625,R@100,1.0
q175626,nDCG@10,0.6309297535714575
q175626,R@100,1.0
q175627,nDCG@10,1.0
q175627,R@100,1.0
q175628,nDCG@10,1.0
q175628,R@100,1.0
q175629,nDCG@10,1.0
q175629,R@100,1.0
q175630,nDCG@10,1.0
q175630,R@100,1.0
q175631,nDCG@10,0.38685280723454163
q175631,R@100,1.0
q175632,nDCG@10,0.43067655807339306
q175632,R@100,1.0
q175633,nDCG@10,1.0
q175633,R@100,1.0
q175634,nDCG@10,0.0
q175634,R@100,1.0
q175635,nDCG@10,0.6309297535714575
q175635,R@100,1.0
q175636,nDCG@10,0.6309297535714575
q175636,R@100,1.0
q175637,nDCG@10,0.0
q175637,R@100,0.0
q175638,nDCG@10,1.0
q175638,R@100,1.0
q175639,nDCG@10,1.0
q175639,R@100,1.0
q175640,nDCG@10,0.0
q175640,R@100,1.0
q175641,nDCG@10,0.0
q175641,R@100,1.0
q175642,nDCG@10,0.3562071871080222
q175642,R@100,1.0
q175643,nDCG@10,1.0
q175643,R@100,1.0
q175644,nDCG@10,0.0
q175644,R@100,0.0
q175645,nDCG@10,0.38685280723454163
q175645,R@100,1.0
q175646,nDCG@10,0.0
q175646,R@100,1.0
q175647,nDCG@10,0.6309297535714575
q175647,R@100,1.0
q175648,nDCG@10,0.0
q175648,R@100,1.0
q175649,nDCG@10,1.0
q175649,R@100,1.0
q175650,nDCG@10,1.0
q175650,R@100,1.0
q175651,nDCG@10,1.0
q175651,R@100,1.0
q175652,nDCG@10,1.0
q175652,R@100,1.0
q175653,nDCG@10,0.0
q175653,R@100,1.0
q175654,nDCG@10,0.6309297535714575
q175654,R@100,1.0
q175655,nDCG@10,0.5
q175655,R@100,1.0
q175656,nDCG@10,1.0
q175656,R@100,1.0
q175657,nDCG@10,1.0
q175657,R@100,1.0
q175658,nDCG@10,1.0
q175658,R@100,1.0
q175659,nDCG@10,0.43067655807339306
q175659,R@100,1.0
q175660,nDCG@10,1.0
q175660,R@100,1.0
q175661,nDCG@10,1.0
q175661,R@100,1.0
q175662,nDCG@10,0.5
q175662,R@100,1.0
q175663,nDCG@10,0.38685280723454163
q175663,R@100,1.0
q175664,nDCG@10,0.0
q175664,R@100,1.0
q175665,nDCG@10,0.38685280723454163
q175665,R@100,1.0
q175666,nDCG@10,1.0
q175666,R@100,1.0
q175667,nDCG@10,1.0
q175667,R@100,1.0
q175668,nDCG@10,1.0
q175668,R@100,1.0
q175669,nDCG@10,0.0
q175669,R@100,0.0
q175670,nDCG@10,0.5
q175670,R@100,1.0
q175671,nDCG@10,1.0
q175671,R@100,1.0
q175672,nDCG@10,0.0
q175672,R@100,1.0
q175673,nDCG@10,0.0
q175673,R@100,0.0
q175674,nDCG@10,1.0
q175674,R@100,1.0
q175675,nDCG@10,0.5
q175675,R@100,1.0
q175676,nDCG@10,0.3562071871080222
q175676,R@100,1.0
q175677,nDCG@10,0.31546487678572877
q175677,R@100,1.0
q175678,nDCG@10,1.0
q175678,R@100,1.0
q175679,nDCG@10,0.6309297535714575
q175679,R@100,1.0
q175680,nDCG@10,0.0
q175680,R@100,1.0
q175681,nDCG@10,1.0
q175681,R@100,1.0
q175682,nDCG@10,0.0
q175682,R@100,1.0
q175683,nDCG@10,1.0
q175683,R@100,1.0
q175684,nDCG@10,0.6309297535714575
q175684,R@100,1.0
q175685,nDCG@10,0.0
q175685,R@100,0.0
q175686,nDCG@10,1.0
q175686,R@100,1.0
q175687,nDCG@10,1.0
q175687,R@100,1.0
q175688,nDCG@10,0.6309297535714575
q175688,R@100,1.0
q175689,nDCG@10,1.0
q175689,R@100,1.0
q175690,nDCG@10,0.31546487678572877
q175690,R@100,1.0
q175691,nDCG@10,0.0
q175691,R@100,0.0
q175692,nDCG@10,0.0
q175692,R@100,1.0
q175693,nDCG@10,0.0
q175693,R@100,0.0
q175694,nDCG@10,0.0
q175694,R@100,1.0
q175695,nDCG@10,1.0
q175695,R@100,1.0
q175696,nDCG@10,0.31546487678572877
q175696,R@100,1.0
q175697,nDCG@10,1.0
q175697,R@100,1.0
q175698,nDCG@10,0.43067655807339306
q175698,R@100,1.0
q175699,nDCG@10,1.0
q175699,R@100,1.0
q175700,nDCG@10,0.0
q175700,R@100,0.0
q175701,nDCG@10,0.0
q175701,R@100,0.0
q175702,nDCG@10,0.0
q175702,R@100,0.0
q175703,nDCG@10,0.0
q175703,R@100,1.0
q175704,nDCG@10,1.0
q175704,R@100,1.0
q175705,nDCG@10,0.6309297535714575
q175705,R@100,1.0
q175706,nDCG@10,1.0
q175706,R@100,1.0
q175707,nDCG@10,1.0
q175707,R@100,1.0
q175708,nDCG@10,1.0
q175708,R@100,1.0
q175709,nDCG@10,0.5
q175709,R@100,1.0
q175710,nDCG@10,1.0
q175710,R@100,1.0
q175711,nDCG@10,1.0
q175711,R@100,1.0
q175712,nDCG@10,0.43067655807339306
q175712,R@100,1.0
q175713,nDCG@10,0.5
q175713,R@100,1.0
q175714,nDCG@10,0.3562071871080222
q175714,R@100,1.0
q175715,nDCG@10,0.3333333333333333
q175715,R@100,1.0
q175716,nDCG@10,0.6309297535714575
q175716,R@100,1.0
q175717,nDCG@10,1.0
q175717,R@100,1.0
q175718,nDCG@10,1.0
q175718,R@100,1.0
q175719,nDCG@10,1.0
q175719,R@100,1.0
q175720,nDCG@10,1.0
q175720,R@100,1.0
q175721,nDCG@10,1.0
q175721,R@100,1.0
q175722,nDCG@10,0.6309297535714575
q175722,R@100,1.0
q175723,nDCG@10,1.0
q175723,R@100,1.0
q175724,nDCG@10,0.5
q175724,R@100,1.0
q175725,nDCG@10,1.0
q175725,R@100,1.0
q175726,nDCG@10,1.0
q175726,R@100,1.0
q175727,nDCG@10,1.0
q175727,R@100,1.0
q175728,nDCG@10,0.6309297535714575
q175728,R@100,1.0
q175729,nDCG@10,0.38685280723454163
q175729,R@100,1.0
q175730,nDCG@10,0.6309297535714575
q175730,R@100,1.0
q175731,nDCG@10,1.0
q175731,R@100,1.0
q175732,nDCG@10,1.0
q175732,R@100,1.0
q175733,nDCG@10,0.6309297535714575
q175733,R@100,1.0
q175734,nDCG@10,1.0
q175734,R@100,1.0
q175735,nDCG@10,0.5
q175735,R@100,1.0
q175736,nDCG@10,0.6309297535714575
q175736,R@100,1.0
q175737,nDCG@10,1.0
q175737,R@100,1.0
q175738,nDCG@10,1.0
q175738,R@100,1.0
q175739,nDCG@10,1.0
q175739,R@100,1.0
q175740,nDCG@10,1.0
q175740,R@100,1.0
q175741,nDCG@10,1.0
q175741,R@100,1.0
q175742,nDCG@10,1.0
q175742,R@100,1.0
q175743,nDCG@10,1.0
q175743,R@100,1.0
q175744,nDCG@10,1.0
q175744,R@100,1.0
q175745,nDCG@10,0.3010299956639812
q175745,R@100,1.0
q175746,nDCG@10,1.0
q175746,R@100,1.0
q175747,nDCG@10,0.5
q175747,R@100,1.0
q175748,nDCG@10,1.0
q175748,R@100,1.0
q175749,nDCG@10,1.0
q175749,R@100,1.0
q175750,nDCG@10,1.0
q175750,R@100,1.0
q175751,nDCG@10,1.0
q175751,R@100,1.0
q175752,nDCG@10,1.0
q175752,R@100,1.0
q175753,nDCG@10,1.0
q175753,R@100,1.0
q175754,nDCG@10,0.6309297535714575
q175754,R@100,1.0
q175755,nDCG@10,0.43067655807339306
q175755,R@100,1.0
q175756,nDCG@10,0.0
q175756,R@100,1.0
q175757,nDCG@10,1.0
q175757,R@100,1.0
q175758,nDCG@10,1.0
q175758,R@100,1.0
q175759,nDCG@10,1.0
q175759,R@100,1.0
q175760,nDCG@10,1.0
q175760,R@100,1.0
q175761,nDCG@10,1.0
q175761,R@100,1.0
q175762,nDCG@10,0.5
q175762,R@100,1.0
q175763,nDCG@10,0.6309297535714575
q175763,R@100,1.0
q175764,nDCG@10,1.0
q175764,R@100,1.0
q175765,nDCG@10,1.0
q175765,R@100,1.0
q175766,nDCG@10,1.0
q175766,R@100,1.0
q175767,nDCG@10,0.0
q175767,R@100,0.0
q175768,nDCG@10,1.0
q175768,R@100,1.0
q175769,nDCG@10,1.0
q175769,R@100,1.0
q175770,nDCG@10,1.0
q175770,R@100,1.0
q175771,nDCG@10,1.0
q175771,R@100,1.0
q175772,nDCG@10,0.43067655807339306
q175772,R@100,1.0
q175773,nDCG@10,1.0
q175773,R@100,1.0
q175774,nDCG@10,1.0
q175774,R@100,1.0
q175775,nDCG@10,1.0
q175775,R@100,1.0
q175776,nDCG@10,0.0
q175776,R@100,0.0
q175777,nDCG@10,0.0
q175777,R@100,0.0
q175778,nDCG@10,0.0
q175778,R@100,0.0
q175779,nDCG@10,0.0
q175779,R@100,0.0
q175780,nDCG@10,0.0
q175780,R@100,1.0
q175781,nDCG@10,0.0
q175781,R@100,0.0
q175782,nDCG@10,0.0
q175782,R@100,0.0
q175783,nDCG@10,0.0
q175783,R@100,0.0
q175784,nDCG@10,0.0
q175784,R@100,0.0
q175785,nDCG@10,1.0
q175785,R@100,1.0
q175786,nDCG@10,0.0
q175786,R@100,0.0
q175787,nDCG@10,0.0
q175787,R@100,1.0
q175788,nDCG@10,1.0
q175788,R@100,1.0
q175789,nDCG@10,0.0
q175789,R@100,1.0
q175790,nDCG@10,1.0
q175790,R@100,1.0
q175791,nDCG@10,0.2890648263178879
q175791,R@100,1.0
q175792,nDCG@10,1.0
q175792,R@100,1.0
q175793,nDCG@10,1.0
q175793,R@100,1.0
q175794,nDCG@10,1.0
q175794,R@100,1.0
q175795,nDCG@10,1.0
q175795,R@100,1.0
q175796,nDCG@10,1.0
q175796,R@100,1.0
q175797,nDCG@10,1.0
q175797,R@100,1.0
q175798,nDCG@10,1.0
q175798,R@100,1.0
q175799,nDCG@10,1.0
q175799,R@100,1.0
q175800,nDCG@10,0.6309297535714575
q175800,R@100,1.0
q175801,nDCG@10,1.0
q175801,R@100,1.0
q175802,nDCG@10,1.0
q175802,R@100,1.0
q175803,nDCG@10,1.0
q175803,R@100,1.0
q175804,nDCG@10,0.6309297535714575
q175804,R@100,1.0
q175805,nDCG@10,0.0
q175805,R@100,0.0
q175806,nDCG@10,1.0
q175806,R@100,1.0
q175807,nDCG@10,1.0
q175807,R@100,1.0
q175808,nDCG@10,0.5
q175808,R@100,1.0
q175809,nDCG@10,1.0
q175809,R@100,1.0
q175810,nDCG@10,1.0
q175810,R@100,1.0
q175811,nDCG@10,0.0
q175811,R@100,1.0
q175812,nDCG@10,0.43067655807339306
q175812,R@100,1.0
q175813,nDCG@10,0.0
q175813,R@100,0.0
q175814,nDCG@10,0.3562071871080222
q175814,R@100,1.0
q175815,nDCG@10,1.0
q175815,R@100,1.0
q175816,nDCG@10,0.6309297535714575
q175816,R@100,1.0
q175817,nDCG@10,1.0
q175817,R@100,1.0
q175818,nDCG@10,1.0
q175818,R@100,1.0
q175819,nDCG@10,0.0
q175819,R@100,1.0
q175820,nDCG@10,0.0
q175820,R@100,0.0
q175821,nDCG@10,0.6309297535714575
q175821,R@100,1.0
q175822,nDCG@10,0.38685280723454163
q175822,R@100,1.0
q175823,nDCG@10,1.0
q175823,R@100,1.0
q175824,nDCG@10,1.0
q175824,R@100,1.0
q175825,nDCG@10,1.0
q175825,R@100,1.0
q175826,nDCG@10,0.38685280723454163
q175826,R@100,1.0
q175827,nDCG@10,1.0
q175827,R@100,1.0
q175828,nDCG@10,0.6309297535714575
q175828,R@100,1.0
q175829,nDCG@10,1.0
q175829,R@100,1.0
q175830,nDCG@10,0.5
q175830,R@100,1.0
q175831,nDCG@10,1.0
q175831,R@100,1.0
q175832,nDCG@10,0.0
q175832,R@100,1.0
q175833,nDCG@10,1.0
q175833,R@100,1.0
q175834,nDCG@10,0.0
q175834,R@100,0.0
q175835,nDCG@10,1.0
q175835,R@100,1.0
q175836,nDCG@10,1.0
q175836,R@100,1.0
q175837,nDCG@10,1.0
q175837,R@100,1.0
q175838,nDCG@10,0.6309297535714575
q175838,R@100,1.0
q175839,nDCG@10,1.0
q175839,R@100,1.0
q175840,nDCG@10,1.0
q175840,R@100,1.0
q175841,nDCG@10,0.6309297535714575
q175841,R@100,1.0
q175842,nDCG@10,1.0
q175842,R@100,1.0
q175843,nDCG@10,1.0
q175843,R@100,1.0
q175844,nDCG@10,1.0
q175844,R@100,1.0
q175845,nDCG@10,1.0
q175845,R@100,1.0
q175846,nDCG@10,1.0
q175846,R@100,1.0
q175847,nDCG@10,1.0
q175847,R@100,1.0
q175848,nDCG@10,0.0
q175848,R@100,0.0
q175849,nDCG@10,1.0
q175849,R@100,1.0
q175850,nDCG@10,1.0
q175850,R@100,1.0
q175851,nDCG@10,1.0
q175851,R@100,1.0
q175852,nDCG@10,0.3333333333333333
q175852,R@100,1.0
q175853,nDCG@10,1.0
q175853,R@100,1.0
q175854,nDCG@10,1.0
q175854,R@100,1.0
q175855,nDCG@10,1.0
q175855,R@100,1.0
q175856,nDCG@10,1.0
q175856,R@100,1.0
q175857,nDCG@10,1.0
q175857,R@100,1.0
q175858,nDCG@10,1.0
q175858,R@100,1.0
q175859,nDCG@10,1.0
q175859,R@100,1.0
q175860,nDCG@10,1.0
q175860,R@100,1.0
q175861,nDCG@10,0.6309297535714575
q175861,R@100,1.0
q175862,nDCG@10,1.0
q175862,R@100,1.0
q175863,nDCG@10,1.0
q175863,R@100,1.0
q175864,nDCG@10,1.0
q175864,R@100,1.0
q175865,nDCG@10,0.6309297535714575
q175865,R@100,1.0
q175866,nDCG@10,1.0
q175866,R@100,1.0
q175867,nDCG@10,0.31546487678572877
q175867,R@100,1.0
q175868,nDCG@10,1.0
q175868,R@100,1.0
q175869,nDCG@10,1.0
q175869,R@100,1.0
q175870,nDCG@10,1.0
q175870,R@100,1.0
q175871,nDCG@10,0.5
q175871,R@100,1.0
q175872,nDCG@10,0.0
q175872,R@100,1.0
q175873,nDCG@10,1.0
q175873,R@100,1.0
q175874,nDCG@10,1.0
q175874,R@100,1.0
q175875,nDCG@10,0.0
q175875,R@100,0.0
q175876,nDCG@10,0.3333333333333333
q175876,R@100,1.0
q175877,nDCG@10,1.0
q175877,R@100,1.0
q175878,nDCG@10,1.0
q175878,R@100,1.0
q175879,nDCG@10,1.0
q175879,R@100,1.0
q175880,nDCG@10,1.0
q175880,R@100,1.0
q175881,nDCG@10,0.0
q175881,R@100,1.0
q175882,nDCG@10,0.5
q175882,R@100,1.0
q175883,nDCG@10,1.0
q175883,R@100,1.0
q175884,nDCG@10,0.3562071871080222
q175884,R@100,1.0
q175885,nDCG@10,0.5
q175885,R@100,1.0
q175886,nDCG@10,0.0
q175886,R@100,0.0
q175887,nDCG@10,1.0
q175887,R@100,1.0
q175888,nDCG@10,1.0
q175888,R@100,1.0
q175889,nDCG@10,1.0
q175889,R@100,1.0
q175890,nDCG@10,1.0
q175890,R@100,1.0
q175891,nDCG@10,1.0
q175891,R@100,1.0
q175892,nDCG@10,0.0
q175892,R@100,1.0
q175893,nDCG@10,1.0
q175893,R@100,1.0
q175894,nDCG@10,1.0
q175894,R@100,1.0
q175895,nDCG@10,1.0
q175895,R@100,1.0
q175896,nDCG@10,0.0
q175896,R@100,1.0
q175897,nDCG@10,1.0
q175897,R@100,1.0
q175898,nDCG@10,0.43067655807339306
q175898,R@100,1.0
q175899,nDCG@10,0.6309297535714575
q175899,R@100,1.0
q175900,nDCG@10,0.6309297535714575
q175900,R@100,1.0
q175901,nDCG@10,1.0
q175901,R@100,1.0
q175902,nDCG@10,0.3010299956639812
q175902,R@100,1.0
q175903,nDCG@10,0.0
q175903,R@100,1.0
q175904,nDCG@10,1.0
q175904,R@100,1.0
q175905,nDCG@10,0.38685280723454163
q175905,R@100,1.0
q175906,nDCG@10,1.0
q175906,R@100,1.0
q175907,nDCG@10,0.0
q175907,R@100,1.0
q175908,nDCG@10,1.0
q175908,R@100,1.0
q175909,nDCG@10,0.31546487678572877
q175909,R@100,1.0
q175910,nDCG@10,1.0
q175910,R@100,1.0
q175911,nDCG@10,1.0
q175911,R@100,1.0
q175912,nDCG@10,0.6309297535714575
q175912,R@100,1.0
q175913,nDCG@10,1.0
q175913,R@100,1.0
q175914,nDCG@10,1.0
q175914,R@100,1.0
q175915,nDCG@10,0.43067655807339306
q175915,R@100,1.0
q175916,nDCG@10,0.0
q175916,R@100,1.0
q175917,nDCG@10,0.0
q175917,R@100,1.0
q175918,nDCG@10,0.6309297535714575
q175918,R@100,1.0
q175919,nDCG@10,1.0
q175919,R@100,1.0
q175920,nDCG@10,1.0
q175920,R@100,1.0
q175921,nDCG@10,1.0
q175921,R@100,1.0
q175922,nDCG@10,1.0
q175922,R@100,1.0
q175923,nDCG@10,0.5
q175923,R@100,1.0
q175924,nDCG@10,1.0
q175924,R@100,1.0
q175925,nDCG@10,1.0
q175925,R@100,1.0
q175926,nDCG@10,1.0
q175926,R@100,1.0
q175927,nDCG@10,1.0
q175927,R@100,1.0
q175928,nDCG@10,0.3010299956639812
q175928,R@100,1.0
q175929,nDCG@10,1.0
q175929,R@100,1.0
q175930,nDCG@10,0.3562071871080222
q175930,R@100,1.0
q175931,nDCG@10,0.0
q175931,R@100,1.0
q175932,nDCG@10,0.5
q175932,R@100,1.0
q175933,nDCG@10,1.0
q175933,R@100,1.0
q175934,nDCG@10,0.0
q175934,R@100,0.0
q175935,nDCG@10,0.0
q175935,R@100,1.0
q175936,nDCG@10,1.0
q175936,R@100,1.0
q175937,nDCG@10,1.0
q175937,R@100,1.0
q175938,nDCG@10,1.0
q175938,R@100,1.0
q175939,nDCG@10,1.0
q175939,R@100,1.0
q175940,nDCG@10,1.0
q175940,R@100,1.0
q175941,nDCG@10,1.0
q175941,R@100,1.0
q175942,nDCG@10,1.0
q175942,R@100,1.0
q175943,nDCG@10,1.0
q175943,R@100,1.0
q175944,nDCG@10,0.0
q175944,R@100,1.0
q175945,nDCG@10,1.0
q175945,R@100,1.0
q175946,nDCG@10,1.0
q175946,R@100,1.0
q175947,nDCG@10,0.0
q175947,R@100,1.0
q175948,nDCG@10,0.0
q175948,R@100,1.0
q175949,nDCG@10,0.0
q175949,R@100,0.0
q175950,nDCG@10,0.0
q175950,R@100,0.0
q175951,nDCG@10,1.0
q175951,R@100,1.0
q175952,nDCG@10,1.0
q175952,R@100,1.0
q175953,nDCG@10,1.0
q175953,R@100,1.0
q175954,nDCG@10,1.0
q175954,R@100,1.0
q175955,nDCG@10,1.0
q175955,R@100,1.0
q175956,nDCG@10,1.0
q175956,R@100,1.0
q175957,nDCG@10,1.0
q175957,R@100,1.0
q175958,nDCG@10,1.0
q175958,R@100,1.0
q175959,nDCG@10,0.31546487678572877
q175959,R@100,1.0
q175960,nDCG@10,1.0
q175960,R@100,1.0
q175961,nDCG@10,0.6309297535714575
q175961,R@100,1.0
q175962,nDCG@10,0.6309297535714575
q175962,R@100,1.0
q175963,nDCG@10,0.0
q175963,R@100,1.0
q175964,nDCG@10,1.0
q175964,R@100,1.0
q175965,nDCG@10,1.0
q175965,R@100,1.0
q175966,nDCG@10,1.0
q175966,R@100,1.0
q175967,nDCG@10,1.0
q175967,R@100,1.0
q175968,nDCG@10,0.5
q175968,R@100,1.0
q175969,nDCG@10,1.0
q175969,R@100,1.0
q175970,nDCG@10,0.6309297535714575
q175970,R@100,1.0
q175971,nDCG@10,0.6309297535714575
q175971,R@100,1.0
q175972,nDCG@10,0.3010299956639812
q175972,R@100,1.0
q175973,nDCG@10,1.0
q175973,R@100,1.0
q175974,nDCG@10,1.0
q175974,R@100,1.0
q175975,nDCG@10,0.5
q175975,R@100,1.0
q175976,nDCG@10,0.0
q175976,R@100,0.0
q175977,nDCG@10,0.38685280723454163
q175977,R@100,1.0
q175978,nDCG@10,0.2890648263178879
q175978,R@100,1.0
q175979,nDCG@10,0.6309297535714575
q175979,R@100,1.0
q175980,nDCG@10,1.0
q175980,R@100,1.0
q175981,nDCG@10,1.0
q175981,R@100,1.0
q175982,nDCG@10,0.6309297535714575
q175982,R@100,1.0
q175983,nDCG@10,1.0
q175983,R@100,1.0
q175984,nDCG@10,1.0
q175984,R@100,1.0
q175985,nDCG@10,1.0
q175985,R@100,1.0
q175986,nDCG@10,0.6309297535714575
q175986,R@100,1.0
q175987,nDCG@10,0.0
q175987,R@100,1.0
q175988,nDCG@10,1.0
q175988,R@100,1.0
q175989,nDCG@10,1.0
q175989,R@100,1.0
q175990,nDCG@10,1.0
q175990,R@100,1.0
q175991,nDCG@10,1.0
q175991,R@100,1.0
q175992,nDCG@10,0.0
q175992,R@100,0.0
q175993,nDCG@10,0.0
q175993,R@100,1.0
q175994,nDCG@10,0.3333333333333333
q175994,R@100,1.0
q175995,nDCG@10,1.0
q175995,R@100,1.0
q175996,nDCG@10,1.0
q175996,R@100,1.0
q175997,nDCG@10,1.0
q175997,R@100,1.0
q175998,nDCG@10,0.0
q175998,R@100,1.0
q175999,nDCG@10,1.0
q175999,R@100,1.0
q176000,nDCG@10,0.6309297535714575
q176000,R@100,1.0
q176001,nDCG@10,1.0
q176001,R@100,1.0
q176002,nDCG@10,0.6309297535714575
q176002,R@100,1.0
q176003,nDCG@10,1.0
q176003,R@100,1.0
q176004,nDCG@10,1.0
q176004,R@100,1.0
q176005,nDCG@10,0.6309297535714575
q176005,R@100,1.0
q176006,nDCG@10,1.0
q176006,R@100,1.0
q176007,nDCG@10,0.0
q176007,R@100,1.0
q176008,nDCG@10,0.0
q176008,R@100,1.0
q176009,nDCG@10,0.0
q176009,R@100,0.0
q176010,nDCG@10,0.0
q176010,R@100,0.0
q176011,nDCG@10,1.0
q176011,R@100,1.0
q176012,nDCG@10,1.0
q176012,R@100,1.0
q176013,nDCG@10,0.5
q176013,R@100,1.0
q176014,nDCG@10,0.0
q176014,R@100,0.0
q176015,nDCG@10,0.5
q176015,R@100,1.0
q176016,nDCG@10,0.3010299956639812
q176016,R@100,1.0
q176017,nDCG@10,0.5
q176017,R@100,1.0
q176018,nDCG@10,0.3333333333333333
q176018,R@100,1.0
q176019,nDCG@10,1.0
q176019,R@100,1.0
q176020,nDCG@10,0.0
q176020,R@100,1.0
q176021,nDCG@10,1.0
q176021,R@100,1.0
q176022,nDCG@10,1.0
q176022,R@100,1.0
q176023,nDCG@10,1.0
q176023,R@100,1.0
q176024,nDCG@10,1.0
q176024,R@100,1.0
q176025,nDCG@10,1.0
q176025,R@100,1.0
q176026,nDCG@10,1.0
q176026,R@100,1.0
q176027,nDCG@10,1.0
q176027,R@100,1.0
q176028,nDCG@10,0.0
q176028,R@100,1.0
q176029,nDCG@10,0.0
q176029,R@100,1.0
q176030,nDCG@10,1.0
q176030,R@100,1.0
q176031,nDCG@10,0.6309297535714575
q176031,R@100,1.0
q176032,nDCG@10,1.0
q176032,R@100,1.0
q176033,nDCG@10,1.0
q176033,R@100,1.0
q176034,nDCG@10,1.0
q176034,R@100,1.0
q176035,nDCG@10,1.0
q176035,R@100,1.0
q176036,nDCG@10,1.0
q176036,R@100,1.0
q176037,nDCG@10,1.0
q176037,R@100,1.0
q176038,nDCG@10,1.0
q176038,R@100,1.0
q176039,nDCG@10,1.0
q176039,R@100,1.0
q176040,nDCG@10,0.3010299956639812
q176040,R@100,1.0
q176041,nDCG@10,0.43067655807339306
q176041,R@100,1.0
q176042,nDCG@10,1.0
q176042,R@100,1.0
q176043,nDCG@10,0.5
q176043,R@100,1.0
q176044,nDCG@10,1.0
q176044,R@100,1.0
q176045,nDCG@10,1.0
q176045,R@100,1.0
q176046,nDCG@10,0.6309297535714575
q176046,R@100,1.0
q176047,nDCG@10,1.0
q176047,R@100,1.0
q176048,nDCG@10,1.0
q176048,R@100,1.0
q176049,nDCG@10,1.0
q176049,R@100,1.0
q176050,nDCG@10,1.0
q176050,R@100,1.0
q176051,nDCG@10,1.0
q176051,R@100,1.0
q176052,nDCG@10,0.6309297535714575
q176052,R@100,1.0
q176053,nDCG@10,0.6309297535714575
q176053,R@100,1.0
q176054,nDCG@10,0.0
q176054,R@100,1.0
q176055,nDCG@10,1.0
q176055,R@100,1.0
q176056,nDCG@10,1.0
q176056,R@100,1.0
q176057,nDCG@10,0.6309297535714575
q176057,R@100,1.0
q176058,nDCG@10,1.0
q176058,R@100,1.0
q176059,nDCG@10,0.38685280723454163
q176059,R@100,1.0
q176060,nDCG@10,0.43067655807339306
q176060,R@100,1.0
q176061,nDCG@10,1.0
q176061,R@100,1.0
q176062,nDCG@10,0.6309297535714575
q176062,R@100,1.0
q176063,nDCG@10,1.0
q176063,R@100,1.0
q176064,nDCG@10,0.0
q176064,R@100,1.0
q176065,nDCG@10,1.0
q176065,R@100,1.0
q176066,nDCG@10,1.0
q176066,R@100,1.0
q176067,nDCG@10,1.0
q176067,R@100,1.0
q176068,nDCG@10,0.5
q176068,R@100,1.0
q176069,nDCG@10,1.0
q176069,R@100,1.0
q176070,nDCG@10,0.0
q176070,R@100,0.0
q176071,nDCG@10,0.0
q176071,R@100,1.0
q176072,nDCG@10,0.43067655807339306
q176072,R@100,1.0
q176073,nDCG@10,0.0
q176073,R@100,1.0
q176074,nDCG@10,1.0
q176074,R@100,1.0
q176075,nDCG@10,1.0
q176075,R@100,1.0
q176076,nDCG@10,0.6309297535714575
q176076,R@100,1.0
q176077,nDCG@10,1.0
q176077,R@100,1.0
q176078,nDCG@10,1.0
q176078,R@100,1.0
q176079,nDCG@10,1.0
q176079,R@100,1.0
q176080,nDCG@10,1.0
q176080,R@100,1.0
q176081,nDCG@10,0.5
q176081,R@100,1.0
q176082,nDCG@10,1.0
q176082,R@100,1.0
q176083,nDCG@10,1.0
q176083,R@100,1.0
q176084,nDCG@10,1.0
q176084,R@100,1.0
q176085,nDCG@10,0.0
q176085,R@100,1.0
q176086,nDCG@10,1.0
q176086,R@100,1.0
q176087,nDCG@10,1.0
q176087,R@100,1.0
q176088,nDCG@10,1.0
q176088,R@100,1.0
q176089,nDCG@10,1.0
q176089,R@100,1.0
q176090,nDCG@10,1.0
q176090,R@100,1.0
q176091,nDCG@10,1.0
q176091,R@100,1.0
q176092,nDCG@10,1.0
q176092,R@100,1.0
q176093,nDCG@10,1.0
q176093,R@100,1.0
q176094,nDCG@10,1.0
q176094,R@100,1.0
q176095,nDCG@10,1.0
q176095,R@100,1.0
q176096,nDCG@10,1.0
q176096,R@100,1.0
q176097,nDCG@10,1.0
q176097,R@100,1.0
q176098,nDCG@10,1.0
q176098,R@100,1.0
q176099,nDCG@10,0.43067655807339306
q176099,R@100,1.0
q176100,nDCG@10,1.0
q176100,R@100,1.0
q176101,nDCG@10,1.0
q176101,R@100,1.0
q176102,nDCG@10,1.0
q176102,R@100,1.0
q176103,nDCG@10,1.0
q176103,R@100,1.0
q176104,nDCG@10,1.0
q176104,R@100,1.0
q176105,nDCG@10,1.0
q176105,R@100,1.0
q176106,nDCG@10,1.0
q176106,R@100,1.0
q176107,nDCG@10,1.0
q176107,R@100,1.0
q176108,nDCG@10,1.0
q176108,R@100,1.0
q176109,nDCG@10,1.0
q176109,R@100,1.0
q176110,nDCG@10,0.6309297535714575
q176110,R@100,1.0
q176111,nDCG@10,1.0
q176111,R@100,1.0
q176112,nDCG@10,1.0
q176112,R@100,1.0
q176113,nDCG@10,1.0
q176113,R@100,1.0
q176114,nDCG@10,1.0
q176114,R@100,1.0
q176115,nDCG@10,1.0
q176115,R@100,1.0
q176116,nDCG@10,1.0
q176116,R@100,1.0
q176117,nDCG@10,1.0
q176117,R@100,1.0
q176118,nDCG@10,1.0
q176118,R@100,1.0
q176119,nDCG@10,0.5
q176119,R@100,1.0
q176120,nDCG@10,0.6309297535714575
q176120,R@100,1.0
q176121,nDCG@10,1.0
q176121,R@100,1.0
q176122,nDCG@10,0.6309297535714575
q176122,R@100,1.0
q176123,nDCG@10,1.0
q176123,R@100,1.0
q176124,nDCG@10,1.0
q176124,R@100,1.0
q176125,nDCG@10,1.0
q176125,R@100,1.0
q176126,nDCG@10,1.0
q176126,R@100,1.0
q176127,nDCG@10,0.0
q176127,R@100,1.0
q176128,nDCG@10,0.38685280723454163
q176128,R@100,1.0
q176129,nDCG@10,0.0
q176129,R@100,0.0
q176130,nDCG@10,1.0
q176130,R@100,1.0
q176131,nDCG@10,0.38685280723454163
q176131,R@100,1.0
q176132,nDCG@10,0.5
q176132,R@100,1.0
q176133,nDCG@10,1.0
q176133,R@100,1.0
q176134,nDCG@10,0.3010299956639812
q176134,R@100,1.0
q176135,nDCG@10,1.0
q176135,R@100,1.0
q176136,nDCG@10,0.43067655807339306
q176136,R@100,1.0
q176137,nDCG@10,1.0
q176137,R@100,1.0
q176138,nDCG@10,1.0
q176138,R@100,1.0
q176139,nDCG@10,1.0
q176139,R@100,1.0
q176140,nDCG@10,1.0
q176140,R@100,1.0
q176141,nDCG@10,1.0
q176141,R@100,1.0
q176142,nDCG@10,0.5
q176142,R@100,1.0
q176143,nDCG@10,1.0
q176143,R@100,1.0
q176144,nDCG@10,1.0
q176144,R@100,1.0
q176145,nDCG@10,0.6309297535714575
q176145,R@100,1.0
q176146,nDCG@10,0.3333333333333333
q176146,R@100,1.0
q176147,nDCG@10,0.6309297535714575
q176147,R@100,1.0
q176148,nDCG@10,0.2890648263178879
q176148,R@100,1.0
q176149,nDCG@10,0.0
q176149,R@100,1.0
q176150,nDCG@10,0.6309297535714575
q176150,R@100,1.0
q176151,nDCG@10,1.0
q176151,R@100,1.0
q176152,nDCG@10,0.6309297535714575
q176152,R@100,1.0
q176153,nDCG@10,0.0
q176153,R@100,1.0
q176154,nDCG@10,1.0
q176154,R@100,1.0
q176155,nDCG@10,1.0
q176155,R@100,1.0
q176156,nDCG@10,0.38685280723454163
q176156,R@100,1.0
q176157,nDCG@10,0.0
q176157,R@100,0.0
q176158,nDCG@10,1.0
q176158,R@100,1.0
q176159,nDCG@10,1.0
q176159,R@100,1.0
q176160,nDCG@10,1.0
q176160,R@100,1.0
q176161,nDCG@10,1.0
q176161,R@100,1.0
q176162,nDCG@10,1.0
q176162,R@100,1.0
q176163,nDCG@10,0.6309297535714575
q176163,R@100,1.0
q176164,nDCG@10,0.0
q176164,R@100,0.0
q176165,nDCG@10,1.0
q176165,R@100,1.0
q176166,nDCG@10,1.0
q176166,R@100,1.0
q176167,nDCG@10,1.0
q176167,R@100,1.0
q176168,nDCG@10,1.0
q176168,R@100,1.0
q176169,nDCG@10,0.6309297535714575
q176169,R@100,1.0
q176170,nDCG@10,1.0
q176170,R@100,1.0
q176171,nDCG@10,1.0
q176171,R@100,1.0
q176172,nDCG@10,1.0
q176172,R@100,1.0
q176173,nDCG@10,0.0
q176173,R@100,0.0
q176174,nDCG@10,0.43067655807339306
q176174,R@100,1.0
q176175,nDCG@10,0.43067655807339306
q176175,R@100,1.0
q176176,nDCG@10,1.0
q176176,R@100,1.0
q176177,nDCG@10,1.0
q176177,R@100,1.0
q176178,nDCG@10,1.0
q176178,R@100,1.0
q176179,nDCG@10,1.0
q176179,R@100,1.0
q176180,nDCG@10,0.6309297535714575
q176180,R@100,1.0
q176181,nDCG@10,1.0
q176181,R@100,1.0
q176182,nDCG@10,0.3010299956639812
q176182,R@100,1.0
q176183,nDCG@10,1.0
q176183,R@100,1.0
q176184,nDCG@10,1.0
q176184,R@100,1.0
q176185,nDCG@10,1.0
q176185,R@100,1.0
q176186,nDCG@10,1.0
q176186,R@100,1.0
q176187,nDCG@10,1.0
q176187,R@100,1.0
q176188,nDCG@10,1.0
q176188,R@100,1.0
q176189,nDCG@10,1.0
q176189,R@100,1.0
q176190,nDCG@10,1.0
q176190,R@100,1.0
q176191,nDCG@10,1.0
q176191,R@100,1.0
q176192,nDCG@10,0.31546487678572877
q176192,R@100,1.0
q176193,nDCG@10,0.6309297535714575
q176193,R@100,1.0
q176194,nDCG@10,1.0
q176194,R@100,1.0
q176195,nDCG@10,0.6309297535714575
q176195,R@100,1.0
q176196,nDCG@10,0.6309297535714575
q176196,R@100,1.0
q176197,nDCG@10,1.0
q176197,R@100,1.0
q176198,nDCG@10,1.0
q176198,R@100,1.0
q176199,nDCG@10,1.0
q176199,R@100,1.0
q176200,nDCG@10,1.0
q176200,R@100,1.0
q176201,nDCG@10,1.0
q176201,R@100,1.0
q176202,nDCG@10,0.5
q176202,R@100,1.0
q176203,nDCG@10,1.0
q176203,R@100,1.0
q176204,nDCG@10,1.0
q176204,R@100,1.0
q176205,nDCG@10,0.3010299956639812
q176205,R@100,1.0
q176206,nDCG@10,0.0
q176206,R@100,0.0
q176207,nDCG@10,0.0
q176207,R@100,1.0
q176208,nDCG@10,1.0
q176208,R@100,1.0
q176209,nDCG@10,1.0
q176209,R@100,1.0
q176210,nDCG@10,1.0
q176210,R@100,1.0
q176211,nDCG@10,0.31546487678572877
q176211,R@100,1.0
q176212,nDCG@10,1.0
q176212,R@100,1.0
q176213,nDCG@10,0.38685280723454163
q176213,R@100,1.0
q176214,nDCG@10,1.0
q176214,R@100,1.0
q176215,nDCG@10,1.0
q176215,R@100,1.0
q176216,nDCG@10,1.0
q176216,R@100,1.0
q176217,nDCG@10,1.0
q176217,R@100,1.0
q176218,nDCG@10,0.31546487678572877
q176218,R@100,1.0
q176219,nDCG@10,0.0
q176219,R@100,0.0
q176220,nDCG@10,1.0
q176220,R@100,1.0
q176221,nDCG@10,1.0
q176221,R@100,1.0
q176222,nDCG@10,1.0
q176222,R@100,1.0
q176223,nDCG@10,0.5
q176223,R@100,1.0
q176224,nDCG@10,0.3333333333333333
q176224,R@100,1.0
q176225,nDCG@10,0.5
q176225,R@100,1.0
q176226,nDCG@10,0.6309297535714575
q176226,R@100,1.0
q176227,nDCG@10,1.0
q176227,R@100,1.0
q176228,nDCG@10,1.0
q176228,R@100,1.0
q176229,nDCG@10,1.0
q176229,R@100,1.0
q176230,nDCG@10,0.6309297535714575
q176230,R@100,1.0
q176231,nDCG@10,1.0
q176231,R@100,1.0
q176232,nDCG@10,1.0
q176232,R@100,1.0
q176233,nDCG@10,1.0
q176233,R@100,1.0
q176234,nDCG@10,1.0
q176234,R@100,1.0
q176235,nDCG@10,0.43067655807339306
q176235,R@100,1.0
q176236,nDCG@10,1.0
q176236,R@100,1.0
q176237,nDCG@10,1.0
q176237,R@100,1.0
q176238,nDCG@10,1.0
q176238,R@100,1.0
q176239,nDCG@10,1.0
q176239,R@100,1.0
q176240,nDCG@10,0.0
q176240,R@100,1.0
q176241,nDCG@10,1.0
q176241,R@100,1.0
q176242,nDCG@10,1.0
q176242,R@100,1.0
q176243,nDCG@10,1.0
q176243,R@100,1.0
q176244,nDCG@10,0.0
q176244,R@100,0.0
q176245,nDCG@10,1.0
q176245,R@100,1.0
q176246,nDCG@10,0.0
q176246,R@100,0.0
q176247,nDCG@10,0.6309297535714575
q176247,R@100,1.0
q176248,nDCG@10,0.5
q176248,R@100,1.0
q176249,nDCG@10,0.0
q176249,R@100,1.0
q176250,nDCG@10,0.0
q176250,R@100,0.0
q176251,nDCG@10,1.0
q176251,R@100,1.0
q176252,nDCG@10,0.0
q176252,R@100,0.0
q176253,nDCG@10,1.0
q176253,R@100,1.0
q176254,nDCG@10,1.0
q176254,R@100,1.0
q176255,nDCG@10,0.0
q176255,R@100,1.0
q176256,nDCG@10,1.0
q176256,R@100,1.0
q176257,nDCG@10,1.0
q176257,R@100,1.0
q176258,nDCG@10,0.0
q176258,R@100,1.0
q176259,nDCG@10,1.0
q176259,R@100,1.0
q176260,nDCG@10,1.0
q176260,R@100,1.0
q176261,nDCG@10,0.0
q176261,R@100,1.0
q176262,nDCG@10,1.0
q176262,R@100,1.0
q176263,nDCG@10,0.0
q176263,R@100,1.0
q176264,nDCG@10,1.0
q176264,R@100,1.0
q176265,nDCG@10,1.0
q176265,R@100,1.0
q176266,nDCG@10,0.0
q176266,R@100,1.0
q176267,nDCG@10,1.0
q176267,R@100,1.0
q176268,nDCG@10,1.0
q176268,R@100,1.0
q176269,nDCG@10,1.0
q176269,R@100,1.0
q176270,nDCG@10,0.0
q176270,R@100,1.0
q176271,nDCG@10,0.6309297535714575
q176271,R@100,1.0
q176272,nDCG@10,1.0
q176272,R@100,1.0
q176273,nDCG@10,0.5
q176273,R@100,1.0
q176274,nDCG@10,1.0
q176274,R@100,1.0
q176275,nDCG@10,1.0
q176275,R@100,1.0
q176276,nDCG@10,1.0
q176276,R@100,1.0
q176277,nDCG@10,0.3010299956639812
q176277,R@100,1.0
q176278,nDCG@10,1.0
q176278,R@100,1.0
q176279,nDCG@10,0.5
q176279,R@100,1.0
q176280,nDCG@10,1.0
q176280,R@100,1.0
q176281,nDCG@10,0.43067655807339306
q176281,R@100,1.0
q176282,nDCG@10,0.43067655807339306
q176282,R@100,1.0
q176283,nDCG@10,0.0
q176283,R@100,1.0
q176284,nDCG@10,0.0
q176284,R@100,1.0
q176285,nDCG@10,1.0
q176285,R@100,1.0
q176286,nDCG@10,1.0
q176286,R@100,1.0
q176287,nDCG@10,1.0
q176287,R@100,1.0
q176288,nDCG@10,1.0
q176288,R@100,1.0
q176289,nDCG@10,1.0
q176289,R@100,1.0
q176290,nDCG@10,1.0
q176290,R@100,1.0
q176291,nDCG@10,1.0
q176291,R@100,1.0
q176292,nDCG@10,0.3562071871080222
q176292,R@100,1.0
q176293,nDCG@10,1.0
q176293,R@100,1.0
q176294,nDCG@10,1.0
q176294,R@100,1.0
q176295,nDCG@10,1.0
q176295,R@100,1.0
q176296,nDCG@10,0.0
q176296,R@100,0.0
q176297,nDCG@10,1.0
q176297,R@100,1.0
q176298,nDCG@10,1.0
q176298,R@100,1.0
q176299,nDCG@10,1.0
q176299,R@100,1.0
q176300,nDCG@10,1.0
q176300,R@100,1.0
q176301,nDCG@10,1.0
q176301,R@100,1.0
q176302,nDCG@10,1.0
q176302,R@100,1.0
q176303,nDCG@10,1.0
q176303,R@100,1.0
q176304,nDCG@10,1.0
q176304,R@100,1.0
q176305,nDCG@10,1.0
q176305,R@100,1.0
q176306,nDCG@10,1.0
q176306,R@100,1.0
q176307,nDCG@10,0.6309297535714575
q176307,R@100,1.0
q176308,nDCG@10,0.2890648263178879
q176308,R@100,1.0
q176309,nDCG@10,1.0
q176309,R@100,1.0
q176310,nDCG@10,1.0
q176310,R@100,1.0
q176311,nDCG@10,0.38685280723454163
q176311,R@100,1.0
q176312,nDCG@10,1.0
q176312,R@100,1.0
q176313,nDCG@10,1.0
q176313,R@100,1.0
q176314,nDCG@10,0.5
q176314,R@100,1.0
q176315,nDCG@10,1.0
q176315,R@100,1.0
q176316,nDCG@10,0.0
q176316,R@100,1.0
q176317,nDCG@10,0.0
q176317,R@100,0.0
q176318,nDCG@10,1.0
q176318,R@100,1.0
q176319,nDCG@10,0.43067655807339306
q176319,R@100,1.0
q176320,nDCG@10,1.0
q176320,R@100,1.0
q176321,nDCG@10,0.0
q176321,R@100,1.0
q176322,nDCG@10,1.0
q176322,R@100,1.0
q176323,nDCG@10,1.0
q176323,R@100,1.0
q176324,nDCG@10,1.0
q176324,R@100,1.0
q176325,nDCG@10,1.0
q176325,R@100,1.0
q176326,nDCG@10,1.0
q176326,R@100,1.0
q176327,nDCG@10,1.0
q176327,R@100,1.0
q176328,nDCG@10,1.0
q176328,R@100,1.0
q176329,nDCG@10,1.0
q176329,R@100,1.0
q176330,nDCG@10,0.0
q176330,R@100,1.0
q176331,nDCG@10,0.38685280723454163
q176331,R@100,1.0
q176332,nDCG@10,1.0
q176332,R@100,1.0
q176333,nDCG@10,1.0
q176333,R@100,1.0
q176334,nDCG@10,0.0
q176334,R@100,1.0
q176335,nDCG@10,0.0
q176335,R@100,1.0
q176336,nDCG@10,0.0
q176336,R@100,1.0
q176337,nDCG@10,0.6309297535714575
q176337,R@100,1.0
q176338,nDCG@10,0.0
q176338,R@100,0.0
q176339,nDCG@10,1.0
q176339,R@100,1.0
q176340,nDCG@10,1.0
q176340,R@100,1.0
q176341,nDCG@10,1.0
q176341,R@100,1.0
q176342,nDCG@10,0.43067655807339306
q176342,R@100,1.0
q176343,nDCG@10,1.0
q176343,R@100,1.0
q176344,nDCG@10,0.5
q176344,R@100,1.0
q176345,nDCG@10,1.0
q176345,R@100,1.0
q176346,nDCG@10,0.0
q176346,R@100,1.0
q176347,nDCG@10,1.0
q176347,R@100,1.0
q176348,nDCG@10,1.0
q176348,R@100,1.0
q176349,nDCG@10,0.0
q176349,R@100,1.0
q176350,nDCG@10,1.0
q176350,R@100,1.0
q176351,nDCG@10,1.0
q176351,R@100,1.0
q176352,nDCG@10,1.0
q176352,R@100,1.0
q176353,nDCG@10,1.0
q176353,R@100,1.0
q176354,nDCG@10,1.0
q176354,R@100,1.0
q176355,nDCG@10,1.0
q176355,R@100,1.0
q176356,nDCG@10,1.0
q176356,R@100,1.0
q176357,nDCG@10,1.0
q176357,R@100,1.0
q176358,nDCG@10,0.0
q176358,R@100,0.0
q176359,nDCG@10,1.0
q176359,R@100,1.0
q176360,nDCG@10,1.0
q176360,R@100,1.0
q176361,nDCG@10,1.0
q176361,R@100,1.0
q176362,nDCG@10,0.0
q176362,R@100,1.0
q176363,nDCG@10,1.0
q176363,R@100,1.0
q176364,nDCG@10,0.0
q176364,R@100,1.0
q176365,nDCG@10,1.0
q176365,R@100,1.0
q176366,nDCG@10,1.0
q176366,R@100,1.0
q176367,nDCG@10,0.0
q176367,R@100,0.0
q176368,nDCG@10,1.0
q176368,R@100,1.0
q176369,nDCG@10,1.0
q176369,R@100,1.0
q176370,nDCG@10,1.0
q176370,R@100,1.0
q176371,nDCG@10,1.0
q176371,R@100,1.0
q176372,nDCG@10,1.0
q176372,R@100,1.0
q176373,nDCG@10,1.0
q176373,R@100,1.0
q176374,nDCG@10,1.0
q176374,R@100,1.0
q176375,nDCG@10,1.0
q176375,R@100,1.0
q176376,nDCG@10,0.0
q176376,R@100,1.0
q176377,nDCG@10,0.0
q176377,R@100,1.0
q176378,nDCG@10,0.6309297535714575
q176378,R@100,1.0
q176379,nDCG@10,1.0
q176379,R@100,1.0
q176380,nDCG@10,1.0
q176380,R@100,1.0
q176381,nDCG@10,0.3333333333333333
q176381,R@100,1.0
q176382,nDCG@10,1.0
q176382,R@100,1.0
q176383,nDCG@10,1.0
q176383,R@100,1.0
q176384,nDCG@10,0.0
q176384,R@100,1.0
q176385,nDCG@10,1.0
q176385,R@100,1.0
q176386,nDCG@10,1.0
q176386,R@100,1.0
q176387,nDCG@10,0.6309297535714575
q176387,R@100,1.0
q176388,nDCG@10,0.38685280723454163
q176388,R@100,1.0
q176389,nDCG@10,1.0
q176389,R@100,1.0
q176390,nDCG@10,0.0
q176390,R@100,1.0
q176391,nDCG@10,1.0
q176391,R@100,1.0
q176392,nDCG@10,1.0
q176392,R@100,1.0
q176393,nDCG@10,0.6309297535714575
q176393,R@100,1.0
q176394,nDCG@10,0.5
q176394,R@100,1.0
q176395,nDCG@10,1.0
q176395,R@100,1.0
q176396,nDCG@10,1.0
q176396,R@100,1.0
q176397,nDCG@10,1.0
q176397,R@100,1.0
q176398,nDCG@10,1.0
q176398,R@100,1.0
q176399,nDCG@10,1.0
q176399,R@100,1.0
q176400,nDCG@10,1.0
q176400,R@100,1.0
q176401,nDCG@10,1.0
q176401,R@100,1.0
q176402,nDCG@10,0.3333333333333333
q176402,R@100,1.0
q176403,nDCG@10,0.43067655807339306
q176403,R@100,1.0
q176404,nDCG@10,0.0
q176404,R@100,1.0
q176405,nDCG@10,1.0
q176405,R@100,1.0
q176406,nDCG@10,1.0
q176406,R@100,1.0
q176407,nDCG@10,1.0
q176407,R@100,1.0
q176408,nDCG@10,0.0
q176408,R@100,0.0
q176409,nDCG@10,1.0
q176409,R@100,1.0
q176410,nDCG@10,1.0
q176410,R@100,1.0
q176411,nDCG@10,0.6309297535714575
q176411,R@100,1.0
q176412,nDCG@10,0.6309297535714575
q176412,R@100,1.0
q176413,nDCG@10,1.0
q176413,R@100,1.0
q176414,nDCG@10,0.0
q176414,R@100,0.0
q176415,nDCG@10,0.6309297535714575
q176415,R@100,1.0
q176416,nDCG@10,0.0
q176416,R@100,1.0
q176417,nDCG@10,0.43067655807339306
q176417,R@100,1.0
q176418,nDCG@10,0.0
q176418,R@100,1.0
q176419,nDCG@10,0.5
q176419,R@100,1.0
q176420,nDCG@10,1.0
q176420,R@100,1.0
q176421,nDCG@10,1.0
q176421,R@100,1.0
q176422,nDCG@10,0.0
q176422,R@100,0.0
q176423,nDCG@10,1.0
q176423,R@100,1.0
q176424,nDCG@10,0.0
q176424,R@100,1.0
q176425,nDCG@10,0.0
q176425,R@100,1.0
q176426,nDCG@10,0.0
q176426,R@100,1.0
q176427,nDCG@10,1.0
q176427,R@100,1.0
q176428,nDCG@10,1.0
q176428,R@100,1.0
q176429,nDCG@10,0.0
q176429,R@100,0.0
q176430,nDCG@10,0.0
q176430,R@100,1.0
q176431,nDCG@10,0.0
q176431,R@100,0.0
q176432,nDCG@10,1.0
q176432,R@100,1.0
q176433,nDCG@10,0.5
q176433,R@100,1.0
q176434,nDCG@10,1.0
q176434,R@100,1.0
q176435,nDCG@10,0.3333333333333333
q176435,R@100,1.0
q176436,nDCG@10,1.0
q176436,R@100,1.0
q176437,nDCG@10,1.0
q176437,R@100,1.0
q176438,nDCG@10,1.0
q176438,R@100,1.0
q176439,nDCG@10,1.0
q176439,R@100,1.0
q176440,nDCG@10,1.0
q176440,R@100,1.0
q176441,nDCG@10,0.0
q176441,R@100,0.0
q176442,nDCG@10,1.0
q176442,R@100,1.0
q176443,nDCG@10,0.3333333333333333
q176443,R@100,1.0
q176444,nDCG@10,0.6309297535714575
q176444,R@100,1.0
q176445,nDCG@10,1.0
q176445,R@100,1.0
q176446,nDCG@10,0.0
q176446,R@100,0.0
q176447,nDCG@10,1.0
q176447,R@100,1.0
q176448,nDCG@10,1.0
q176448,R@100,1.0
q176449,nDCG@10,1.0
q176449,R@100,1.0
q176450,nDCG@10,1.0
q176450,R@100,1.0
q176451,nDCG@10,0.6309297535714575
q176451,R@100,1.0
q176452,nDCG@10,0.38685280723454163
q176452,R@100,1.0
q176453,nDCG@10,1.0
q176453,R@100,1.0
q176454,nDCG@10,1.0
q176454,R@100,1.0
q176455,nDCG@10,1.0
q176455,R@100,1.0
q176456,nDCG@10,1.0
q176456,R@100,1.0
q176457,nDCG@10,1.0
q176457,R@100,1.0
q176458,nDCG@10,1.0
q176458,R@100,1.0
q176459,nDCG@10,1.0
q176459,R@100,1.0
q176460,nDCG@10,0.6309297535714575
q176460,R@100,1.0
q176461,nDCG@10,1.0
q176461,R@100,1.0
q176462,nDCG@10,1.0
q176462,R@100,1.0
q176463,nDCG@10,1.0
q176463,R@100,1.0
q176464,nDCG@10,0.6309297535714575
q176464,R@100,1.0
q176465,nDCG@10,1.0
q176465,R@100,1.0
q176466,nDCG@10,1.0
q176466,R@100,1.0
q176467,nDCG@10,0.0
q176467,R@100,0.0
q176468,nDCG@10,0.38685280723454163
q176468,R@100,1.0
q176469,nDCG@10,0.0
q176469,R@100,1.0
q176470,nDCG@10,1.0
q176470,R@100,1.0
q176471,nDCG@10,1.0
q176471,R@100,1.0
q176472,nDCG@10,0.0
q176472,R@100,1.0
q176473,nDCG@10,0.5
q176473,R@100,1.0
q176474,nDCG@10,0.0
q176474,R@100,1.0
q176475,nDCG@10,1.0
q176475,R@100,1.0
q176476,nDCG@10,1.0
q176476,R@100,1.0
q176477,nDCG@10,1.0
q176477,R@100,1.0
q176478,nDCG@10,0.0
q176478,R@100,1.0
q176479,nDCG@10,1.0
q176479,R@100,1.0
q176480,nDCG@10,0.0
q176480,R@100,1.0
q176481,nDCG@10,1.0
q176481,R@100,1.0
q176482,nDCG@10,1.0
q176482,R@100,1.0
q176483,nDCG@10,0.6309297535714575
q176483,R@100,1.0
q176484,nDCG@10,1.0
q176484,R@100,1.0
q176485,nDCG@10,0.0
q176485,R@100,1.0
q176486,nDCG@10,1.0
q176486,R@100,1.0
q176487,nDCG@10,1.0
q176487,R@100,1.0
q176488,nDCG@10,1.0
q176488,R@100,1.0
q176489,nDCG@10,1.0
q176489,R@100,1.0
q176490,nDCG@10,0.5
q176490,R@100,1.0
q176491,nDCG@10,1.0
q176491,R@100,1.0
q176492,nDCG@10,0.5
q176492,R@100,1.0
q176493,nDCG@10,0.3562071871080222
q176493,R@100,1.0
q176494,nDCG@10,1.0
q176494,R@100,1.0
q176495,nDCG@10,0.6309297535714575
q176495,R@100,1.0
q176496,nDCG@10,1.0
q176496,R@100,1.0
q176497,nDCG@10,1.0
q176497,R@100,1.0
q176498,nDCG@10,1.0
q176498,R@100,1.0
q176499,nDCG@10,1.0
q176499,R@100,1.0
q176500,nDCG@10,1.0
q176500,R@100,1.0
q176501,nDCG@10,1.0
q176501,R@100,1.0
q176502,nDCG@10,1.0
q176502,R@100,1.0
q176503,nDCG@10,0.0
q176503,R@100,1.0
q176504,nDCG@10,0.6309297535714575
q176504,R@100,1.0
q176505,nDCG@10,0.5
q176505,R@100,1.0
q176506,nDCG@10,1.0
q176506,R@100,1.0
q176507,nDCG@10,0.0
q176507,R@100,1.0
q176508,nDCG@10,0.3562071871080222
q176508,R@100,1.0
q176509,nDCG@10,1.0
q176509,R@100,1.0
q176510,nDCG@10,0.3562071871080222
q176510,R@100,1.0
q176511,nDCG@10,1.0
q176511,R@100,1.0
q176512,nDCG@10,0.6309297535714575
q176512,R@100,1.0
q176513,nDCG@10,0.3562071871080222
q176513,R@100,1.0
q176514,nDCG@10,0.5
q176514,R@100,1.0
q176515,nDCG@10,1.0
q176515,R@100,1.0
q176516,nDCG@10,1.0
q176516,R@100,1.0
q176517,nDCG@10,0.0
q176517,R@100,1.0
q176518,nDCG@10,0.0
q176518,R@100,1.0
q176519,nDCG@10,0.0
q176519,R@100,1.0
q176520,nDCG@10,1.0
q176520,R@100,1.0
q176521,nDCG@10,1.0
q176521,R@100,1.0
q176522,nDCG@10,1.0
q176522,R@100,1.0
q176523,nDCG@10,1.0
q176523,R@100,1.0
q176524,nDCG@10,1.0
q176524,R@100,1.0
q176525,nDCG@10,0.5
q176525,R@100,1.0
q176526,nDCG@10,0.0
q176526,R@100,0.0
q176527,nDCG@10,1.0
q176527,R@100,1.0
q176528,nDCG@10,1.0
q176528,R@100,1.0
q176529,nDCG@10,1.0
q176529,R@100,1.0
q176530,nDCG@10,1.0
q176530,R@100,1.0
q176531,nDCG@10,0.0
q176531,R@100,0.0
q176532,nDCG@10,0.43067655807339306
q176532,R@100,1.0
q176533,nDCG@10,0.6309297535714575
q176533,R@100,1.0
q176534,nDCG@10,1.0
q176534,R@100,1.0
q176535,nDCG@10,0.0
q176535,R@100,0.0
q176536,nDCG@10,1.0
q176536,R@100,1.0
q176537,nDCG@10,0.6309297535714575
q176537,R@100,1.0
q176538,nDCG@10,1.0
q176538,R@100,1.0
q176539,nDCG@10,1.0
q176539,R@100,1.0
q176540,nDCG@10,1.0
q176540,R@100,1.0
q176541,nDCG@10,1.0
q176541,R@100,1.0
q176542,nDCG@10,1.0
q176542,R@100,1.0
q176543,nDCG@10,1.0
q176543,R@100,1.0
q176544,nDCG@10,0.0
q176544,R@100,0.0
q176545,nDCG@10,1.0
q176545,R@100,1.0
q176546,nDCG@10,1.0
q176546,R@100,1.0
q176547,nDCG@10,1.0
q176547,R@100,1.0
q176548,nDCG@10,1.0
q176548,R@100,1.0
q176549,nDCG@10,1.0
q176549,R@100,1.0
q176550,nDCG@10,0.6309297535714575
q176550,R@100,1.0
q176551,nDCG@10,0.6309297535714575
q176551,R@100,1.0
q176552,nDCG@10,1.0
q176552,R@100,1.0
q176553,nDCG@10,1.0
q176553,R@100,1.0
q176554,nDCG@10,1.0
q176554,R@100,1.0
q176555,nDCG@10,1.0
q176555,R@100,1.0
q176556,nDCG@10,1.0
q176556,R@100,1.0
q176557,nDCG@10,0.43067655807339306
q176557,R@100,1.0
q176558,nDCG@10,1.0
q176558,R@100,1.0
q176559,nDCG@10,1.0
q176559,R@100,1.0
q176560,nDCG@10,1.0
q176560,R@100,1.0
q176561,nDCG@10,1.0
q176561,R@100,1.0
q176562,nDCG@10,1.0
q176562,R@100,1.0
q176563,nDCG@10,1.0
q176563,R@100,1.0
q176564,nDCG@10,1.0
q176564,R@100,1.0
q176565,nDCG@10,1.0
q176565,R@100,1.0
q176566,nDCG@10,0.43067655807339306
q176566,R@100,1.0
q176567,nDCG@10,0.0
q176567,R@100,0.0
q176568,nDCG@10,1.0
q176568,R@100,1.0
q176569,nDCG@10,1.0
q176569,R@100,1.0
q176570,nDCG@10,1.0
q176570,R@100,1.0
q176571,nDCG@10,1.0
q176571,R@100,1.0
q176572,nDCG@10,0.6309297535714575
q176572,R@100,1.0
q176573,nDCG@10,1.0
q176573,R@100,1.0
q176574,nDCG@10,0.3333333333333333
q176574,R@100,1.0
q176575,nDCG@10,0.6309297535714575
q176575,R@100,1.0
q176576,nDCG@10,1.0
q176576,R@100,1.0
q176577,nDCG@10,0.43067655807339306
q176577,R@100,1.0
q176578,nDCG@10,1.0
q176578,R@100,1.0
q176579,nDCG@10,1.0
q176579,R@100,1.0
q176580,nDCG@10,0.0
q176580,R@100,1.0
q176581,nDCG@10,0.5
q176581,R@100,1.0
q176582,nDCG@10,1.0
q176582,R@100,1.0
q176583,nDCG@10,0.5
q176583,R@100,1.0
q176584,nDCG@10,0.6309297535714575
q176584,R@100,1.0
q176585,nDCG@10,1.0
q176585,R@100,1.0
q176586,nDCG@10,0.38685280723454163
q176586,R@100,1.0
q176587,nDCG@10,0.6309297535714575
q176587,R@100,1.0
q176588,nDCG@10,1.0
q176588,R@100,1.0
q176589,nDCG@10,0.6309297535714575
q176589,R@100,1.0
q176590,nDCG@10,1.0
q176590,R@100,1.0
q176591,nDCG@10,0.5
q176591,R@100,1.0
q176592,nDCG@10,1.0
q176592,R@100,1.0
q176593,nDCG@10,0.38685280723454163
q176593,R@100,1.0
q176594,nDCG@10,1.0
q176594,R@100,1.0
q176595,nDCG@10,0.6309297535714575
q176595,R@100,1.0
q176596,nDCG@10,0.6309297535714575
q176596,R@100,1.0
q176597,nDCG@10,1.0
q176597,R@100,1.0
q176598,nDCG@10,1.0
q176598,R@100,1.0
q176599,nDCG@10,1.0
q176599,R@100,1.0
q176600,nDCG@10,1.0
q176600,R@100,1.0
q176601,nDCG@10,1.0
q176601,R@100,1.0
q176602,nDCG@10,0.6309297535714575
q176602,R@100,1.0
q176603,nDCG@10,1.0
q176603,R@100,1.0
q176604,nDCG@10,1.0
q176604,R@100,1.0
q176605,nDCG@10,0.5
q176605,R@100,1.0
q176606,nDCG@10,1.0
q176606,R@100,1.0
q176607,nDCG@10,1.0
q176607,R@100,1.0
q176608,nDCG@10,1.0
q176608,R@100,1.0
q176609,nDCG@10,1.0
q176609,R@100,1.0
q176610,nDCG@10,0.43067655807339306
q176610,R@100,1.0
q176611,nDCG@10,1.0
q176611,R@100,1.0
q176612,nDCG@10,1.0
q176612,R@100,1.0
q176613,nDCG@10,1.0
q176613,R@100,1.0
q176614,nDCG@10,1.0
q176614,R@100,1.0
q176615,nDCG@10,1.0
q176615,R@100,1.0
q176616,nDCG@10,1.0
q176616,R@100,1.0
q176617,nDCG@10,0.0
q176617,R@100,1.0
q176618,nDCG@10,1.0
q176618,R@100,1.0
q176619,nDCG@10,1.0
q176619,R@100,1.0
q176620,nDCG@10,0.6309297535714575
q176620,R@100,1.0
q176621,nDCG@10,0.6309297535714575
q176621,R@100,1.0
q176622,nDCG@10,0.6309297535714575
q176622,R@100,1.0
q176623,nDCG@10,1.0
q176623,R@100,1.0
q176624,nDCG@10,1.0
q176624,R@100,1.0
q176625,nDCG@10,1.0
q176625,R@100,1.0
q176626,nDCG@10,1.0
q176626,R@100,1.0
q176627,nDCG@10,0.0
q176627,R@100,0.0
q176628,nDCG@10,0.6309297535714575
q176628,R@100,1.0
q176629,nDCG@10,0.6309297535714575
q176629,R@100,1.0
q176630,nDCG@10,0.0
q176630,R@100,1.0
q176631,nDCG@10,0.0
q176631,R@100,1.0
q176632,nDCG@10,0.5
q176632,R@100,1.0
q176633,nDCG@10,1.0
q176633,R@100,1.0
q176634,nDCG@10,0.6309297535714575
q176634,R@100,1.0
q176635,nDCG@10,1.0
q176635,R@100,1.0
q176636,nDCG@10,1.0
q176636,R@100,1.0
q176637,nDCG@10,1.0
q176637,R@100,1.0
q176638,nDCG@10,1.0
q176638,R@100,1.0
q176639,nDCG@10,0.0
q176639,R@100,1.0
q176640,nDCG@10,1.0
q176640,R@100,1.0
q176641,nDCG@10,1.0
q176641,R@100,1.0
q176642,nDCG@10,1.0
q176642,R@100,1.0
q176643,nDCG@10,1.0
q176643,R@100,1.0
q176644,nDCG@10,1.0
q176644,R@100,1.0
q176645,nDCG@10,0.3333333333333333
q176645,R@100,1.0
q176646,nDCG@10,1.0
q176646,R@100,1.0
q176647,nDCG@10,1.0
q176647,R@100,1.0
q176648,nDCG@10,1.0
q176648,R@100,1.0
q176649,nDCG@10,0.38685280723454163
q176649,R@100,1.0
q176650,nDCG@10,0.0
q176650,R@100,0.0
q176651,nDCG@10,1.0
q176651,R@100,1.0
q176652,nDCG@10,1.0
q176652,R@100,1.0
q176653,nDCG@10,0.43067655807339306
q176653,R@100,1.0
q176654,nDCG@10,0.0
q176654,R@100,1.0
q176655,nDCG@10,1.0
q176655,R@100,1.0
q176656,nDCG@10,1.0
q176656,R@100,1.0
q176657,nDCG@10,0.0
q176657,R@100,0.0
q176658,nDCG@10,0.0
q176658,R@100,0.0
q176659,nDCG@10,0.0
q176659,R@100,0.0
q176660,nDCG@10,0.0
q176660,R@100,0.0
q176661,nDCG@10,0.31546487678572877
q176661,R@100,1.0
q176662,nDCG@10,1.0
q176662,R@100,1.0
q176663,nDCG@10,0.6309297535714575
q176663,R@100,1.0
q176664,nDCG@10,0.0
q176664,R@100,1.0
q176665,nDCG@10,0.6309297535714575
q176665,R@100,1.0
q176666,nDCG@10,0.0
q176666,R@100,1.0
q176667,nDCG@10,1.0
q176667,R@100,1.0
q176668,nDCG@10,0.0
q176668,R@100,1.0
q176669,nDCG@10,1.0
q176669,R@100,1.0
q176670,nDCG@10,1.0
q176670,R@100,1.0
q176671,nDCG@10,0.6309297535714575
q176671,R@100,1.0
q176672,nDCG@10,1.0
q176672,R@100,1.0
q176673,nDCG@10,0.3333333333333333
q176673,R@100,1.0
q176674,nDCG@10,1.0
q176674,R@100,1.0
q176675,nDCG@10,0.5
q176675,R@100,1.0
q176676,nDCG@10,0.3333333333333333
q176676,R@100,1.0
q176677,nDCG@10,1.0
q176677,R@100,1.0
q176678,nDCG@10,1.0
q176678,R@100,1.0
q176679,nDCG@10,1.0
q176679,R@100,1.0
q176680,nDCG@10,1.0
q176680,R@100,1.0
q176681,nDCG@10,1.0
q176681,R@100,1.0
q176682,nDCG@10,1.0
q176682,R@100,1.0
q176683,nDCG@10,0.0
q176683,R@100,0.0
q176684,nDCG@10,1.0
q176684,R@100,1.0
q176685,nDCG@10,0.0
q176685,R@100,0.0
q176686,nDCG@10,0.0
q176686,R@100,1.0
q176687,nDCG@10,1.0
q176687,R@100,1.0
q176688,nDCG@10,1.0
q176688,R@100,1.0
q176689,nDCG@10,0.5
q176689,R@100,1.0
q176690,nDCG@10,1.0
q176690,R@100,1.0
q176691,nDCG@10,1.0
q176691,R@100,1.0
q176692,nDCG@10,0.5
q176692,R@100,1.0
q176693,nDCG@10,1.0
q176693,R@100,1.0
q176694,nDCG@10,0.6309297535714575
q176694,R@100,1.0
q176695,nDCG@10,0.0
q176695,R@100,1.0
q176696,nDCG@10,1.0
q176696,R@100,1.0
q176697,nDCG@10,1.0
q176697,R@100,1.0
q176698,nDCG@10,1.0
q176698,R@100,1.0
q176699,nDCG@10,0.0
q176699,R@100,0.0
q176700,nDCG@10,0.0
q176700,R@100,1.0
q176701,nDCG@10,0.0
q176701,R@100,0.0
q176702,nDCG@10,1.0
q176702,R@100,1.0
q176703,nDCG@10,0.6309297535714575
q176703,R@100,1.0
q176704,nDCG@10,0.6309297535714575
q176704,R@100,1.0
q176705,nDCG@10,0.0
q176705,R@100,0.0
q176706,nDCG@10,0.6309297535714575
q176706,R@100,1.0
q176707,nDCG@10,1.0
q176707,R@100,1.0
q176708,nDCG@10,1.0
q176708,R@100,1.0
q176709,nDCG@10,1.0
q176709,R@100,1.0
q176710,nDCG@10,1.0
q176710,R@100,1.0
q176711,nDCG@10,0.0
q176711,R@100,1.0
q176712,nDCG@10,0.0
q176712,R@100,1.0
q176713,nDCG@10,0.0
q176713,R@100,0.0
q176714,nDCG@10,0.43067655807339306
q176714,R@100,1.0
q176715,nDCG@10,0.2890648263178879
q176715,R@100,1.0
q176716,nDCG@10,1.0
q176716,R@100,1.0
q176717,nDCG@10,1.0
q176717,R@100,1.0
q176718,nDCG@10,1.0
q176718,R@100,1.0
q176719,nDCG@10,1.0
q176719,R@100,1.0
q176720,nDCG@10,0.43067655807339306
q176720,R@100,1.0
q176721,nDCG@10,0.0
q176721,R@100,1.0
q176722,nDCG@10,0.6309297535714575
q176722,R@100,1.0
q176723,nDCG@10,0.6309297535714575
q176723,R@100,1.0
q176724,nDCG@10,1.0
q176724,R@100,1.0
q176725,nDCG@10,0.43067655807339306
q176725,R@100,1.0
q176726,nDCG@10,1.0
q176726,R@100,1.0
q176727,nDCG@10,1.0
q176727,R@100,1.0
q176728,nDCG@10,1.0
q176728,R@100,1.0
q176729,nDCG@10,1.0
q176729,R@100,1.0
q176730,nDCG@10,1.0
q176730,R@100,1.0
q176731,nDCG@10,1.0
q176731,R@100,1.0
q176732,nDCG@10,1.0
q176732,R@100,1.0
q176733,nDCG@10,0.31546487678572877
q176733,R@100,1.0
q176734,nDCG@10,1.0
q176734,R@100,1.0
q176735,nDCG@10,1.0
q176735,R@100,1.0
q176736,nDCG@10,1.0
q176736,R@100,1.0
q176737,nDCG@10,1.0
q176737,R@100,1.0
q176738,nDCG@10,0.6309297535714575
q176738,R@100,1.0
q176739,nDCG@10,0.38685280723454163
q176739,R@100,1.0
q176740,nDCG@10,1.0
q176740,R@100,1.0
q176741,nDCG@10,1.0
q176741,R@100,1.0
q176742,nDCG@10,0.0
q176742,R@100,1.0
q176743,nDCG@10,0.43067655807339306
q176743,R@100,1.0
q176744,nDCG@10,1.0
q176744,R@100,1.0
q176745,nDCG@10,1.0
q176745,R@100,1.0
q176746,nDCG@10,1.0
q176746,R@100,1.0
q176747,nDCG@10,0.6309297535714575
q176747,R@100,1.0
q176748,nDCG@10,1.0
q176748,R@100,1.0
q176749,nDCG@10,0.0
q176749,R@100,1.0
q176750,nDCG@10,0.0
q176750,R@100,1.0
q176751,nDCG@10,0.43067655807339306
q176751,R@100,1.0
q176752,nDCG@10,0.6309297535714575
q176752,R@100,1.0
q176753,nDCG@10,0.0
q176753,R@100,0.0
q176754,nDCG@10,0.0
q176754,R@100,1.0
q176755,nDCG@10,0.6309297535714575
q176755,R@100,1.0
q176756,nDCG@10,0.0
q176756,R@100,0.0
q176757,nDCG@10,0.0
q176757,R@100,0.0
q176758,nDCG@10,1.0
q176758,R@100,1.0
q176759,nDCG@10,0.31546487678572877
q176759,R@100,1.0
q176760,nDCG@10,1.0
q176760,R@100,1.0
q176761,nDCG@10,1.0
q176761,R@100,1.0
q176762,nDCG@10,0.6309297535714575
q176762,R@100,1.0
q176763,nDCG@10,0.0
q176763,R@100,1.0
q176764,nDCG@10,1.0
q176764,R@100,1.0
q176765,nDCG@10,0.0
q176765,R@100,1.0
q176766,nDCG@10,0.6309297535714575
q176766,R@100,1.0
q176767,nDCG@10,0.0
q176767,R@100,1.0
q176768,nDCG@10,1.0
q176768,R@100,1.0
q176769,nDCG@10,0.5
q176769,R@100,1.0
q176770,nDCG@10,0.0
q176770,R@100,1.0
q176771,nDCG@10,0.0
q176771,R@100,1.0
q176772,nDCG@10,0.0
q176772,R@100,1.0
q176773,nDCG@10,0.6309297535714575
q176773,R@100,1.0
q176774,nDCG@10,1.0
q176774,R@100,1.0
q176775,nDCG@10,1.0
q176775,R@100,1.0
q176776,nDCG@10,1.0
q176776,R@100,1.0
q176777,nDCG@10,1.0
q176777,R@100,1.0
q176778,nDCG@10,0.6309297535714575
q176778,R@100,1.0
q176779,nDCG@10,0.3333333333333333
q176779,R@100,1.0
q176780,nDCG@10,1.0
q176780,R@100,1.0
q176781,nDCG@10,0.0
q176781,R@100,1.0
q176782,nDCG@10,0.2890648263178879
q176782,R@100,1.0
q176783,nDCG@10,0.31546487678572877
q176783,R@100,1.0
q176784,nDCG@10,1.0
q176784,R@100,1.0
q176785,nDCG@10,1.0
q176785,R@100,1.0
q176786,nDCG@10,1.0
q176786,R@100,1.0
q176787,nDCG@10,1.0
q176787,R@100,1.0
q176788,nDCG@10,1.0
q176788,R@100,1.0
q176789,nDCG@10,0.0
q176789,R@100,0.0
q176790,nDCG@10,1.0
q176790,R@100,1.0
q176791,nDCG@10,0.3333333333333333
q176791,R@100,1.0
q176792,nDCG@10,1.0
q176792,R@100,1.0
q176793,nDCG@10,0.0
q176793,R@100,1.0
q176794,nDCG@10,1.0
q176794,R@100,1.0
q176795,nDCG@10,0.3562071871080222
q176795,R@100,1.0
q176796,nDCG@10,0.0
q176796,R@100,0.0
q176797,nDCG@10,1.0
q176797,R@100,1.0
q176798,nDCG@10,1.0
q176798,R@100,1.0
q176799,nDCG@10,1.0
q176799,R@100,1.0
q176800,nDCG@10,1.0
q176800,R@100,1.0
q176801,nDCG@10,1.0
q176801,R@100,1.0
q176802,nDCG@10,1.0
q176802,R@100,1.0
q176803,nDCG@10,1.0
q176803,R@100,1.0
q176804,nDCG@10,0.6309297535714575
q176804,R@100,1.0
q176805,nDCG@10,1.0
q176805,R@100,1.0
q176806,nDCG@10,1.0
q176806,R@100,1.0
q176807,nDCG@10,1.0
q176807,R@100,1.0
q176808,nDCG@10,1.0
q176808,R@100,1.0
q176809,nDCG@10,1.0
q176809,R@100,1.0
q176810,nDCG@10,1.0
q176810,R@100,1.0
q176811,nDCG@10,0.5
q176811,R@100,1.0
q176812,nDCG@10,0.0
q176812,R@100,1.0
q176813,nDCG@10,1.0
q176813,R@100,1.0
q176814,nDCG@10,1.0
q176814,R@100,1.0
q176815,nDCG@10,0.0
q176815,R@100,1.0
q176816,nDCG@10,0.6309297535714575
q176816,R@100,1.0
q176817,nDCG@10,1.0
q176817,R@100,1.0
q176818,nDCG@10,0.5
q176818,R@100,1.0
q176819,nDCG@10,0.0
q176819,R@100,1.0
q176820,nDCG@10,0.0
q176820,R@100,1.0
q176821,nDCG@10,0.31546487678572877
q176821,R@100,1.0
q176822,nDCG@10,0.0
q176822,R@100,0.0
q176823,nDCG@10,1.0
q176823,R@100,1.0
q176824,nDCG@10,1.0
q176824,R@100,1.0
q176825,nDCG@10,1.0
q176825,R@100,1.0
q176826,nDCG@10,1.0
q176826,R@100,1.0
q176827,nDCG@10,1.0
q176827,R@100,1.0
q176828,nDCG@10,1.0
q176828,R@100,1.0
q176829,nDCG@10,0.0
q176829,R@100,0.0
q176830,nDCG@10,0.0
q176830,R@100,1.0
q176831,nDCG@10,0.0
q176831,R@100,1.0
q176832,nDCG@10,0.0
q176832,R@100,1.0
q176833,nDCG@10,1.0
q176833,R@100,1.0
q176834,nDCG@10,0.0
q176834,R@100,0.0
q176835,nDCG@10,0.0
q176835,R@100,1.0
q176836,nDCG@10,0.0
q176836,R@100,0.0
q176837,nDCG@10,1.0
q176837,R@100,1.0
q176838,nDCG@10,0.0
q176838,R@100,0.0
q176839,nDCG@10,1.0
q176839,R@100,1.0
q176840,nDCG@10,1.0
q176840,R@100,1.0
q176841,nDCG@10,1.0
q176841,R@100,1.0
q176842,nDCG@10,0.5
q176842,R@100,1.0
q176843,nDCG@10,0.6309297535714575
q176843,R@100,1.0
q176844,nDCG@10,1.0
q176844,R@100,1.0
q176845,nDCG@10,1.0
q176845,R@100,1.0
q176846,nDCG@10,0.3333333333333333
q176846,R@100,1.0
q176847,nDCG@10,1.0
q176847,R@100,1.0
q176848,nDCG@10,1.0
q176848,R@100,1.0
q176849,nDCG@10,1.0
q176849,R@100,1.0
q176850,nDCG@10,1.0
q176850,R@100,1.0
q176851,nDCG@10,1.0
q176851,R@100,1.0
q176852,nDCG@10,1.0
q176852,R@100,1.0
q176853,nDCG@10,0.43067655807339306
q176853,R@100,1.0
q176854,nDCG@10,0.0
q176854,R@100,1.0
q176855,nDCG@10,1.0
q176855,R@100,1.0
q176856,nDCG@10,0.0
q176856,R@100,0.0
q176857,nDCG@10,0.0
q176857,R@100,1.0
q176858,nDCG@10,0.0
q176858,R@100,0.0
q176859,nDCG@10,0.0
q176859,R@100,0.0
q176860,nDCG@10,0.0
q176860,R@100,0.0
q176861,nDCG@10,0.0
q176861,R@100,0.0
q176862,nDCG@10,0.0
q176862,R@100,1.0
q176863,nDCG@10,1.0
q176863,R@100,1.0
q176864,nDCG@10,0.3562071871080222
q176864,R@100,1.0
q176865,nDCG@10,0.0
q176865,R@100,0.0
q176866,nDCG@10,1.0
q176866,R@100,1.0
q176867,nDCG@10,1.0
q176867,R@100,1.0
q176868,nDCG@10,1.0
q176868,R@100,1.0
q176869,nDCG@10,0.6309297535714575
q176869,R@100,1.0
q176870,nDCG@10,1.0
q176870,R@100,1.0
q176871,nDCG@10,1.0
q176871,R@100,1.0
q176872,nDCG@10,1.0
q176872,R@100,1.0
q176873,nDCG@10,0.3562071871080222
q176873,R@100,1.0
q176874,nDCG@10,1.0
q176874,R@100,1.0
q176875,nDCG@10,0.0
q176875,R@100,1.0
q176876,nDCG@10,0.2890648263178879
q176876,R@100,1.0
q176877,nDCG@10,0.0
q176877,R@100,1.0
q176878,nDCG@10,1.0
q176878,R@100,1.0
q176879,nDCG@10,0.0
q176879,R@100,0.0
q176880,nDCG@10,1.0
q176880,R@100,1.0
q176881,nDCG@10,0.0
q176881,R@100,0.0
q176882,nDCG@10,0.0
q176882,R@100,0.0
q176883,nDCG@10,0.0
q176883,R@100,1.0
q176884,nDCG@10,1.0
q176884,R@100,1.0
q176885,nDCG@10,0.5
q176885,R@100,1.0
q176886,nDCG@10,0.0
q176886,R@100,0.0
q176887,nDCG@10,0.0
q176887,R@100,0.0
q176888,nDCG@10,0.6309297535714575
q176888,R@100,1.0
q176889,nDCG@10,0.5
q176889,R@100,1.0
q176890,nDCG@10,1.0
q176890,R@100,1.0
q176891,nDCG@10,0.6309297535714575
q176891,R@100,1.0
q176892,nDCG@10,0.0
q176892,R@100,0.0
q176893,nDCG@10,0.0
q176893,R@100,1.0
q176894,nDCG@10,0.0
q176894,R@100,1.0
q176895,nDCG@10,1.0
q176895,R@100,1.0
q176896,nDCG@10,1.0
q176896,R@100,1.0
q176897,nDCG@10,0.6309297535714575
q176897,R@100,1.0
q176898,nDCG@10,1.0
q176898,R@100,1.0
q176899,nDCG@10,1.0
q176899,R@100,1.0
q176900,nDCG@10,0.0
q176900,R@100,1.0
q176901,nDCG@10,0.0
q176901,R@100,1.0
q176902,nDCG@10,1.0
q176902,R@100,1.0
q176903,nDCG@10,1.0
q176903,R@100,1.0
q176904,nDCG@10,1.0
q176904,R@100,1.0
q176905,nDCG@10,0.38685280723454163
q176905,R@100,1.0
q176906,nDCG@10,0.6309297535714575
q176906,R@100,1.0
q176907,nDCG@10,1.0
q176907,R@100,1.0
q176908,nDCG@10,1.0
q176908,R@100,1.0
q176909,nDCG@10,0.0
q176909,R@100,0.0
q176910,nDCG@10,0.5
q176910,R@100,1.0
q176911,nDCG@10,1.0
q176911,R@100,1.0
q176912,nDCG@10,1.0
q176912,R@100,1.0
q176913,nDCG@10,1.0
q176913,R@100,1.0
q176914,nDCG@10,1.0
q176914,R@100,1.0
q176915,nDCG@10,1.0
q176915,R@100,1.0
q176916,nDCG@10,0.6309297535714575
q176916,R@100,1.0
q176917,nDCG@10,0.0
q176917,R@100,0.0
q176918,nDCG@10,0.0
q176918,R@100,1.0
q176919,nDCG@10,1.0
q176919,R@100,1.0
q176920,nDCG@10,0.5
q176920,R@100,1.0
q176921,nDCG@10,0.0
q176921,R@100,0.0
q176922,nDCG@10,0.0
q176922,R@100,1.0
q176923,nDCG@10,1.0
q176923,R@100,1.0
q176924,nDCG@10,1.0
q176924,R@100,1.0
q176925,nDCG@10,0.0
q176925,R@100,1.0
q176926,nDCG@10,0.31546487678572877
q176926,R@100,1.0
q176927,nDCG@10,0.0
q176927,R@100,1.0
q176928,nDCG@10,1.0
q176928,R@100,1.0
q176929,nDCG@10,1.0
q176929,R@100,1.0
q176930,nDCG@10,0.43067655807339306
q176930,R@100,1.0
q176931,nDCG@10,1.0
q176931,R@100,1.0
q176932,nDCG@10,1.0
q176932,R@100,1.0
q176933,nDCG@10,1.0
q176933,R@100,1.0
q176934,nDCG@10,1.0
q176934,R@100,1.0
q176935,nDCG@10,1.0
q176935,R@100,1.0
q176936,nDCG@10,0.3562071871080222
q176936,R@100,1.0
q176937,nDCG@10,1.0
q176937,R@100,1.0
q176938,nDCG@10,1.0
q176938,R@100,1.0
q176939,nDCG@10,1.0
q176939,R@100,1.0
q176940,nDCG@10,1.0
q176940,R@100,1.0
q176941,nDCG@10,1.0
q176941,R@100,1.0
q176942,nDCG@10,1.0
q176942,R@100,1.0
q176943,nDCG@10,0.0
q176943,R@100,1.0
q176944,nDCG@10,1.0
q176944,R@100,1.0
q176945,nDCG@10,1.0
q176945,R@100,1.0
q176946,nDCG@10,1.0
q176946,R@100,1.0
q176947,nDCG@10,0.0
q176947,R@100,0.0
q176948,nDCG@10,0.0
q176948,R@100,1.0
q176949,nDCG@10,0.0
q176949,R@100,1.0
q176950,nDCG@10,1.0
q176950,R@100,1.0
q176951,nDCG@10,0.5
q176951,R@100,1.0
q176952,nDCG@10,1.0
q176952,R@100,1.0
q176953,nDCG@10,1.0
q176953,R@100,1.0
q176954,nDCG@10,0.5
q176954,R@100,1.0
q176955,nDCG@10,0.0
q176955,R@100,1.0
q176956,nDCG@10,0.38685280723454163
q176956,R@100,1.0
q176957,nDCG@10,1.0
q176957,R@100,1.0
q176958,nDCG@10,0.6309297535714575
q176958,R@100,1.0
q176959,nDCG@10,1.0
q176959,R@100,1.0
q176960,nDCG@10,1.0
q176960,R@100,1.0
q176961,nDCG@10,0.38685280723454163
q176961,R@100,1.0
q176962,nDCG@10,0.6309297535714575
q176962,R@100,1.0
q176963,nDCG@10,1.0
q176963,R@100,1.0
q176964,nDCG@10,1.0
q176964,R@100,1.0
q176965,nDCG@10,1.0
q176965,R@100,1.0
q176966,nDCG@10,0.38685280723454163
q176966,R@100,1.0
q176967,nDCG@10,1.0
q176967,R@100,1.0
q176968,nDCG@10,1.0
q176968,R@100,1.0
q176969,nDCG@10,0.6309297535714575
q176969,R@100,1.0
q176970,nDCG@10,0.0
q176970,R@100,1.0
q176971,nDCG@10,0.0
q176971,R@100,0.0
q176972,nDCG@10,1.0
q176972,R@100,1.0
q176973,nDCG@10,1.0
q176973,R@100,1.0
q176974,nDCG@10,1.0
q176974,R@100,1.0
q176975,nDCG@10,1.0
q176975,R@100,1.0
q176976,nDCG@10,0.31546487678572877
q176976,R@100,1.0
q176977,nDCG@10,1.0
q176977,R@100,1.0
q176978,nDCG@10,0.6309297535714575
q176978,R@100,1.0
q176979,nDCG@10,1.0
q176979,R@100,1.0
q176980,nDCG@10,0.6309297535714575
q176980,R@100,1.0
q176981,nDCG@10,1.0
q176981,R@100,1.0
q176982,nDCG@10,0.6309297535714575
q176982,R@100,1.0
q176983,nDCG@10,0.3333333333333333
q176983,R@100,1.0
q176984,nDCG@10,0.0
q176984,R@100,1.0
q176985,nDCG@10,1.0
q176985,R@100,1.0
q176986,nDCG@10,1.0
q176986,R@100,1.0
q176987,nDCG@10,0.0
q176987,R@100,1.0
q176988,nDCG@10,1.0
q176988,R@100,1.0
q176989,nDCG@10,0.43067655807339306
q176989,R@100,1.0
q176990,nDCG@10,1.0
q176990,R@100,1.0
q176991,nDCG@10,0.43067655807339306
q176991,R@100,1.0
q176992,nDCG@10,0.2890648263178879
q176992,R@100,1.0
q176993,nDCG@10,0.38685280723454163
q176993,R@100,1.0
q176994,nDCG@10,0.0
q176994,R@100,0.0
q176995,nDCG@10,1.0
q176995,R@100,1.0
q176996,nDCG@10,0.6309297535714575
q176996,R@100,1.0
q176997,nDCG@10,0.5
q176997,R@100,1.0
q176998,nDCG@10,1.0
q176998,R@100,1.0
q176999,nDCG@10,0.6309297535714575
q176999,R@100,1.0
q177000,nDCG@10,1.0
q177000,R@100,1.0
q177001,nDCG@10,0.38685280723454163
q177001,R@100,1.0
q177002,nDCG@10,0.6309297535714575
q177002,R@100,1.0
q177003,nDCG@10,1.0
q177003,R@100,1.0
q177004,nDCG@10,0.31546487678572877
q177004,R@100,1.0
q177005,nDCG@10,1.0
q177005,R@100,1.0
q177006,nDCG@10,1.0
q177006,R@100,1.0
q177007,nDCG@10,1.0
q177007,R@100,1.0
q177008,nDCG@10,0.6309297535714575
q177008,R@100,1.0
q177009,nDCG@10,1.0
q177009,R@100,1.0
q177010,nDCG@10,0.0
q177010,R@100,1.0
q177011,nDCG@10,0.5
q177011,R@100,1.0
q177012,nDCG@10,1.0
q177012,R@100,1.0
q177013,nDCG@10,1.0
q177013,R@100,1.0
q177014,nDCG@10,1.0
q177014,R@100,1.0
q177015,nDCG@10,0.0
q177015,R@100,0.0
q177016,nDCG@10,0.0
q177016,R@100,0.0
q177017,nDCG@10,1.0
q177017,R@100,1.0
q177018,nDCG@10,0.5
q177018,R@100,1.0
q177019,nDCG@10,0.43067655807339306
q177019,R@100,1.0
q177020,nDCG@10,0.0
q177020,R@100,1.0
q177021,nDCG@10,0.3010299956639812
q177021,R@100,1.0
q177022,nDCG@10,0.0
q177022,R@100,0.0
q177023,nDCG@10,0.5
q177023,R@100,1.0
q177024,nDCG@10,0.0
q177024,R@100,0.0
q177025,nDCG@10,0.0
q177025,R@100,1.0
q177026,nDCG@10,0.0
q177026,R@100,0.0
q177027,nDCG@10,0.0
q177027,R@100,1.0
q177028,nDCG@10,0.6309297535714575
q177028,R@100,1.0
q177029,nDCG@10,0.43067655807339306
q177029,R@100,1.0
q177030,nDCG@10,1.0
q177030,R@100,1.0
q177031,nDCG@10,0.0
q177031,R@100,1.0
q177032,nDCG@10,1.0
q177032,R@100,1.0
q177033,nDCG@10,1.0
q177033,R@100,1.0
q177034,nDCG@10,1.0
q177034,R@100,1.0
q177035,nDCG@10,1.0
q177035,R@100,1.0
q177036,nDCG@10,0.5
q177036,R@100,1.0
q177037,nDCG@10,0.6309297535714575
q177037,R@100,1.0
q177038,nDCG@10,0.43067655807339306
q177038,R@100,1.0
q177039,nDCG@10,0.6309297535714575
q177039,R@100,1.0
q177040,nDCG@10,0.5
q177040,R@100,1.0
q177041,nDCG@10,0.0
q177041,R@100,0.0
q177042,nDCG@10,0.0
q177042,R@100,0.0
q177043,nDCG@10,0.0
q177043,R@100,0.0
q177044,nDCG@10,0.0
q177044,R@100,0.0
q177045,nDCG@10,1.0
q177045,R@100,1.0
q177046,nDCG@10,0.0
q177046,R@100,1.0
q177047,nDCG@10,1.0
q177047,R@100,1.0
q177048,nDCG@10,0.0
q177048,R@100,1.0
q177049,nDCG@10,0.0
q177049,R@100,1.0
q177050,nDCG@10,0.0
q177050,R@100,1.0
q177051,nDCG@10,0.0
q177051,R@100,1.0
q177052,nDCG@10,0.6309297535714575
q177052,R@100,1.0
q177053,nDCG@10,0.0
q177053,R@100,1.0
q177054,nDCG@10,1.0
q177054,R@100,1.0
q177055,nDCG@10,1.0
q177055,R@100,1.0
q177056,nDCG@10,1.0
q177056,R@100,1.0
q177057,nDCG@10,0.0
q177057,R@100,0.0
q177058,nDCG@10,1.0
q177058,R@100,1.0
q177059,nDCG@10,1.0
q177059,R@100,1.0
q177060,nDCG@10,1.0
q177060,R@100,1.0
q177061,nDCG@10,0.6309297535714575
q177061,R@100,1.0
q177062,nDCG@10,1.0
q177062,R@100,1.0
q177063,nDCG@10,1.0
q177063,R@100,1.0
q177064,nDCG@10,1.0
q177064,R@100,1.0
q177065,nDCG@10,1.0
q177065,R@100,1.0
q177066,nDCG@10,0.6309297535714575
q177066,R@100,1.0
q177067,nDCG@10,0.6309297535714575
q177067,R@100,1.0
q177068,nDCG@10,0.43067655807339306
q177068,R@100,1.0
q177069,nDCG@10,1.0
q177069,R@100,1.0
q177070,nDCG@10,0.38685280723454163
q177070,R@100,1.0
q177071,nDCG@10,1.0
q177071,R@100,1.0
q177072,nDCG@10,1.0
q177072,R@100,1.0
q177073,nDCG@10,1.0
q177073,R@100,1.0
q177074,nDCG@10,1.0
q177074,R@100,1.0
q177075,nDCG@10,1.0
q177075,R@100,1.0
q177076,nDCG@10,1.0
q177076,R@100,1.0
q177077,nDCG@10,1.0
q177077,R@100,1.0
q177078,nDCG@10,0.5
q177078,R@100,1.0
q177079,nDCG@10,1.0
q177079,R@100,1.0
q177080,nDCG@10,1.0
q177080,R@100,1.0
q177081,nDCG@10,1.0
q177081,R@100,1.0
q177082,nDCG@10,1.0
q177082,R@100,1.0
q177083,nDCG@10,1.0
q177083,R@100,1.0
q177084,nDCG@10,1.0
q177084,R@100,1.0
q177085,nDCG@10,0.5
q177085,R@100,1.0
q177086,nDCG@10,1.0
q177086,R@100,1.0
q177087,nDCG@10,1.0
q177087,R@100,1.0
q177088,nDCG@10,0.6309297535714575
q177088,R@100,1.0
q177089,nDCG@10,1.0
q177089,R@100,1.0
q177090,nDCG@10,1.0
q177090,R@100,1.0
q177091,nDCG@10,0.0
q177091,R@100,0.0
q177092,nDCG@10,0.6309297535714575
q177092,R@100,1.0
q177093,nDCG@10,1.0
q177093,R@100,1.0
q177094,nDCG@10,1.0
q177094,R@100,1.0
q177095,nDCG@10,1.0
q177095,R@100,1.0
q177096,nDCG@10,0.3333333333333333
q177096,R@100,1.0
q177097,nDCG@10,0.6309297535714575
q177097,R@100,1.0
q177098,nDCG@10,0.0
q177098,R@100,0.0
q177099,nDCG@10,0.0
q177099,R@100,0.0
q177100,nDCG@10,0.0
q177100,R@100,0.0
q177101,nDCG@10,1.0
q177101,R@100,1.0
q177102,nDCG@10,0.6309297535714575
q177102,R@100,1.0
q177103,nDCG@10,1.0
q177103,R@100,1.0
q177104,nDCG@10,1.0
q177104,R@100,1.0
q177105,nDCG@10,1.0
q177105,R@100,1.0
q177106,nDCG@10,1.0
q177106,R@100,1.0
q177107,nDCG@10,1.0
q177107,R@100,1.0
q177108,nDCG@10,1.0
q177108,R@100,1.0
q177109,nDCG@10,1.0
q177109,R@100,1.0
q177110,nDCG@10,0.0
q177110,R@100,0.0
q177111,nDCG@10,0.0
q177111,R@100,1.0
q177112,nDCG@10,0.6309297535714575
q177112,R@100,1.0
q177113,nDCG@10,0.0
q177113,R@100,0.0
q177114,nDCG@10,0.3562071871080222
q177114,R@100,1.0
q177115,nDCG@10,0.43067655807339306
q177115,R@100,1.0
q177116,nDCG@10,0.0
q177116,R@100,0.0
q177117,nDCG@10,1.0
q177117,R@100,1.0
q177118,nDCG@10,1.0
q177118,R@100,1.0
q177119,nDCG@10,1.0
q177119,R@100,1.0
q177120,nDCG@10,1.0
q177120,R@100,1.0
q177121,nDCG@10,1.0
q177121,R@100,1.0
q177122,nDCG@10,0.5
q177122,R@100,1.0
q177123,nDCG@10,0.6309297535714575
q177123,R@100,1.0
q177124,nDCG@10,0.0
q177124,R@100,0.0
q177125,nDCG@10,1.0
q177125,R@100,1.0
q177126,nDCG@10,1.0
q177126,R@100,1.0
q177127,nDCG@10,0.2890648263178879
q177127,R@100,1.0
q177128,nDCG@10,1.0
q177128,R@100,1.0
q177129,nDCG@10,0.0
q177129,R@100,0.0
q177130,nDCG@10,0.6309297535714575
q177130,R@100,1.0
q177131,nDCG@10,1.0
q177131,R@100,1.0
q177132,nDCG@10,1.0
q177132,R@100,1.0
q177133,nDCG@10,1.0
q177133,R@100,1.0
q177134,nDCG@10,0.6309297535714575
q177134,R@100,1.0
q177135,nDCG@10,1.0
q177135,R@100,1.0
q177136,nDCG@10,1.0
q177136,R@100,1.0
q177137,nDCG@10,0.6309297535714575
q177137,R@100,1.0
q177138,nDCG@10,1.0
q177138,R@100,1.0
q177139,nDCG@10,1.0
q177139,R@100,1.0
q177140,nDCG@10,1.0
q177140,R@100,1.0
q177141,nDCG@10,1.0
q177141,R@100,1.0
q177142,nDCG@10,0.0
q177142,R@100,0.0
q177143,nDCG@10,0.31546487678572877
q177143,R@100,1.0
q177144,nDCG@10,0.0
q177144,R@100,1.0
q177145,nDCG@10,1.0
q177145,R@100,1.0
q177146,nDCG@10,0.6309297535714575
q177146,R@100,1.0
q177147,nDCG@10,0.5
q177147,R@100,1.0
q177148,nDCG@10,0.0
q177148,R@100,0.0
q177149,nDCG@10,0.0
q177149,R@100,0.0
q177150,nDCG@10,0.0
q177150,R@100,0.0
q177151,nDCG@10,1.0
q177151,R@100,1.0
q177152,nDCG@10,1.0
q177152,R@100,1.0
q177153,nDCG@10,1.0
q177153,R@100,1.0
q177154,nDCG@10,0.6309297535714575
q177154,R@100,1.0
q177155,nDCG@10,0.38685280723454163
q177155,R@100,1.0
q177156,nDCG@10,0.3562071871080222
q177156,R@100,1.0
q177157,nDCG@10,1.0
q177157,R@100,1.0
q177158,nDCG@10,0.0
q177158,R@100,0.0
q177159,nDCG@10,0.0
q177159,R@100,0.0
q177160,nDCG@10,1.0
q177160,R@100,1.0
q177161,nDCG@10,1.0
q177161,R@100,1.0
q177162,nDCG@10,0.5
q177162,R@100,1.0
q177163,nDCG@10,1.0
q177163,R@100,1.0
q177164,nDCG@10,1.0
q177164,R@100,1.0
q177165,nDCG@10,1.0
q177165,R@100,1.0
q177166,nDCG@10,0.0
q177166,R@100,1.0
q177167,nDCG@10,0.6309297535714575
q177167,R@100,1.0
q177168,nDCG@10,1.0
q177168,R@100,1.0
q177169,nDCG@10,1.0
q177169,R@100,1.0
q177170,nDCG@10,1.0
q177170,R@100,1.0
q177171,nDCG@10,0.0
q177171,R@100,0.0
q177172,nDCG@10,0.0
q177172,R@100,1.0
q177173,nDCG@10,1.0
q177173,R@100,1.0
q177174,nDCG@10,0.0
q177174,R@100,0.0
q177175,nDCG@10,0.0
q177175,R@100,0.0
q177176,nDCG@10,0.0
q177176,R@100,1.0
q177177,nDCG@10,1.0
q177177,R@100,1.0
q177178,nDCG@10,1.0
q177178,R@100,1.0
q177179,nDCG@10,0.6309297535714575
q177179,R@100,1.0
q177180,nDCG@10,0.6309297535714575
q177180,R@100,1.0
q177181,nDCG@10,0.5
q177181,R@100,1.0
q177182,nDCG@10,1.0
q177182,R@100,1.0
q177183,nDCG@10,0.0
q177183,R@100,0.0
q177184,nDCG@10,0.0
q177184,R@100,1.0
q177185,nDCG@10,1.0
q177185,R@100,1.0
q177186,nDCG@10,1.0
q177186,R@100,1.0
q177187,nDCG@10,1.0
q177187,R@100,1.0
q177188,nDCG@10,1.0
q177188,R@100,1.0
q177189,nDCG@10,1.0
q177189,R@100,1.0
q177190,nDCG@10,1.0
q177190,R@100,1.0
q177191,nDCG@10,1.0
q177191,R@100,1.0
q177192,nDCG@10,0.0
q177192,R@100,1.0
q177193,nDCG@10,1.0
q177193,R@100,1.0
q177194,nDCG@10,1.0
q177194,R@100,1.0
q177195,nDCG@10,0.2890648263178879
q177195,R@100,1.0
q177196,nDCG@10,1.0
q177196,R@100,1.0
q177197,nDCG@10,0.6309297535714575
q177197,R@100,1.0
q177198,nDCG@10,1.0
q177198,R@100,1.0
q177199,nDCG@10,1.0
q177199,R@100,1.0
q177200,nDCG@10,1.0
q177200,R@100,1.0
q177201,nDCG@10,0.0
q177201,R@100,0.0
q177202,nDCG@10,0.43067655807339306
q177202,R@100,1.0
q177203,nDCG@10,0.0
q177203,R@100,1.0
q177204,nDCG@10,1.0
q177204,R@100,1.0
q177205,nDCG@10,0.0
q177205,R@100,1.0
q177206,nDCG@10,0.3333333333333333
q177206,R@100,1.0
q177207,nDCG@10,0.0
q177207,R@100,0.0
q177208,nDCG@10,1.0
q177208,R@100,1.0
q177209,nDCG@10,1.0
q177209,R@100,1.0
q177210,nDCG@10,0.43067655807339306
q177210,R@100,1.0
q177211,nDCG@10,0.6309297535714575
q177211,R@100,1.0
q177212,nDCG@10,1.0
q177212,R@100,1.0
q177213,nDCG@10,1.0
q177213,R@100,1.0
q177214,nDCG@10,1.0
q177214,R@100,1.0
q177215,nDCG@10,0.6309297535714575
q177215,R@100,1.0
q177216,nDCG@10,0.6309297535714575
q177216,R@100,1.0
q177217,nDCG@10,1.0
q177217,R@100,1.0
q177218,nDCG@10,1.0
q177218,R@100,1.0
q177219,nDCG@10,1.0
q177219,R@100,1.0
q177220,nDCG@10,1.0
q177220,R@100,1.0
q177221,nDCG@10,0.0
q177221,R@100,0.0
q177222,nDCG@10,0.0
q177222,R@100,0.0
q177223,nDCG@10,0.0
q177223,R@100,1.0
q177224,nDCG@10,0.0
q177224,R@100,1.0
q177225,nDCG@10,0.0
q177225,R@100,1.0
q177226,nDCG@10,0.0
q177226,R@100,0.0
q177227,nDCG@10,1.0
q177227,R@100,1.0
q177228,nDCG@10,1.0
q177228,R@100,1.0
q177229,nDCG@10,1.0
q177229,R@100,1.0
q177230,nDCG@10,1.0
q177230,R@100,1.0
q177231,nDCG@10,1.0
q177231,R@100,1.0
q177232,nDCG@10,1.0
q177232,R@100,1.0
q177233,nDCG@10,1.0
q177233,R@100,1.0
q177234,nDCG@10,1.0
q177234,R@100,1.0
q177235,nDCG@10,0.6309297535714575
q177235,R@100,1.0
q177236,nDCG@10,1.0
q177236,R@100,1.0
q177237,nDCG@10,0.0
q177237,R@100,0.0
q177238,nDCG@10,1.0
q177238,R@100,1.0
q177239,nDCG@10,1.0
q177239,R@100,1.0
q177240,nDCG@10,0.0
q177240,R@100,0.0
q177241,nDCG@10,0.0
q177241,R@100,0.0
q177242,nDCG@10,0.6309297535714575
q177242,R@100,1.0
q177243,nDCG@10,1.0
q177243,R@100,1.0
q177244,nDCG@10,1.0
q177244,R@100,1.0
q177245,nDCG@10,0.3010299956639812
q177245,R@100,1.0
q177246,nDCG@10,0.6309297535714575
q177246,R@100,1.0
q177247,nDCG@10,1.0
q177247,R@100,1.0
q177248,nDCG@10,0.43067655807339306
q177248,R@100,1.0
q177249,nDCG@10,0.0
q177249,R@100,1.0
q177250,nDCG@10,0.0
q177250,R@100,1.0
q177251,nDCG@10,0.0
q177251,R@100,0.0
q177252,nDCG@10,1.0
q177252,R@100,1.0
q177253,nDCG@10,0.6309297535714575
q177253,R@100,1.0
q177254,nDCG@10,1.0
q177254,R@100,1.0
q177255,nDCG@10,1.0
q177255,R@100,1.0
q177256,nDCG@10,0.2890648263178879
q177256,R@100,1.0
q177257,nDCG@10,0.6309297535714575
q177257,R@100,1.0
q177258,nDCG@10,1.0
q177258,R@100,1.0
q177259,nDCG@10,0.5
q177259,R@100,1.0
q177260,nDCG@10,1.0
q177260,R@100,1.0
q177261,nDCG@10,0.0
q177261,R@100,0.0
q177262,nDCG@10,0.6309297535714575
q177262,R@100,1.0
q177263,nDCG@10,0.6309297535714575
q177263,R@100,1.0
q177264,nDCG@10,1.0
q177264,R@100,1.0
q177265,nDCG@10,1.0
q177265,R@100,1.0
q177266,nDCG@10,1.0
q177266,R@100,1.0
q177267,nDCG@10,1.0
q177267,R@100,1.0
q177268,nDCG@10,1.0
q177268,R@100,1.0
q177269,nDCG@10,1.0
q177269,R@100,1.0
q177270,nDCG@10,0.5
q177270,R@100,1.0
q177271,nDCG@10,1.0
q177271,R@100,1.0
q177272,nDCG@10,0.0
q177272,R@100,1.0
q177273,nDCG@10,0.0
q177273,R@100,1.0
q177274,nDCG@10,0.43067655807339306
q177274,R@100,1.0
q177275,nDCG@10,1.0
q177275,R@100,1.0
q177276,nDCG@10,0.6309297535714575
q177276,R@100,1.0
q177277,nDCG@10,1.0
q177277,R@100,1.0
q177278,nDCG@10,0.38685280723454163
q177278,R@100,1.0
q177279,nDCG@10,1.0
q177279,R@100,1.0
q177280,nDCG@10,1.0
q177280,R@100,1.0
q177281,nDCG@10,0.0
q177281,R@100,1.0
q177282,nDCG@10,0.43067655807339306
q177282,R@100,1.0
q177283,nDCG@10,1.0
q177283,R@100,1.0
q177284,nDCG@10,1.0
q177284,R@100,1.0
q177285,nDCG@10,0.0
q177285,R@100,1.0
q177286,nDCG@10,0.0
q177286,R@100,1.0
q177287,nDCG@10,0.5
q177287,R@100,1.0
q177288,nDCG@10,0.38685280723454163
q177288,R@100,1.0
q177289,nDCG@10,0.6309297535714575
q177289,R@100,1.0
q177290,nDCG@10,0.0
q177290,R@100,1.0
q177291,nDCG@10,0.5
q177291,R@100,1.0
q177292,nDCG@10,1.0
q177292,R@100,1.0
q177293,nDCG@10,1.0
q177293,R@100,1.0
q177294,nDCG@10,0.6309297535714575
q177294,R@100,1.0
q177295,nDCG@10,1.0
q177295,R@100,1.0
q177296,nDCG@10,1.0
q177296,R@100,1.0
q177297,nDCG@10,1.0
q177297,R@100,1.0
q177298,nDCG@10,0.0
q177298,R@100,1.0
q177299,nDCG@10,0.3333333333333333
q177299,R@100,1.0
q177300,nDCG@10,1.0
q177300,R@100,1.0
q177301,nDCG@10,1.0
q177301,R@100,1.0
q177302,nDCG@10,1.0
q177302,R@100,1.0
q177303,nDCG@10,0.38685280723454163
q177303,R@100,1.0
q177304,nDCG@10,1.0
q177304,R@100,1.0
q177305,nDCG@10,1.0
q177305,R@100,1.0
q177306,nDCG@10,1.0
q177306,R@100,1.0
q177307,nDCG@10,0.6309297535714575
q177307,R@100,1.0
q177308,nDCG@10,1.0
q177308,R@100,1.0
q177309,nDCG@10,1.0
q177309,R@100,1.0
q177310,nDCG@10,1.0
q177310,R@100,1.0
q177311,nDCG@10,1.0
q177311,R@100,1.0
q177312,nDCG@10,0.3333333333333333
q177312,R@100,1.0
q177313,nDCG@10,0.5
q177313,R@100,1.0
q177314,nDCG@10,1.0
q177314,R@100,1.0
q177315,nDCG@10,0.5
q177315,R@100,1.0
q177316,nDCG@10,1.0
q177316,R@100,1.0
q177317,nDCG@10,0.6309297535714575
q177317,R@100,1.0
q177318,nDCG@10,0.3562071871080222
q177318,R@100,1.0
q177319,nDCG@10,0.43067655807339306
q177319,R@100,1.0
q177320,nDCG@10,0.3562071871080222
q177320,R@100,1.0
q177321,nDCG@10,1.0
q177321,R@100,1.0
q177322,nDCG@10,0.0
q177322,R@100,1.0
q177323,nDCG@10,1.0
q177323,R@100,1.0
q177324,nDCG@10,0.0
q177324,R@100,0.0
q177325,nDCG@10,0.0
q177325,R@100,0.0
q177326,nDCG@10,1.0
q177326,R@100,1.0
q177327,nDCG@10,0.0
q177327,R@100,0.0
q177328,nDCG@10,0.0
q177328,R@100,0.0
q177329,nDCG@10,1.0
q177329,R@100,1.0
q177330,nDCG@10,1.0
q177330,R@100,1.0
q177331,nDCG@10,1.0
q177331,R@100,1.0
q177332,nDCG@10,1.0
q177332,R@100,1.0
q177333,nDCG@10,1.0
q177333,R@100,1.0
q177334,nDCG@10,0.0
q177334,R@100,0.0
q177335,nDCG@10,0.0
q177335,R@100,0.0
q177336,nDCG@10,1.0
q177336,R@100,1.0
q177337,nDCG@10,0.38685280723454163
q177337,R@100,1.0
q177338,nDCG@10,0.31546487678572877
q177338,R@100,1.0
q177339,nDCG@10,1.0
q177339,R@100,1.0
q177340,nDCG@10,0.6309297535714575
q177340,R@100,1.0
q177341,nDCG@10,0.43067655807339306
q177341,R@100,1.0
q177342,nDCG@10,1.0
q177342,R@100,1.0
q177343,nDCG@10,1.0
q177343,R@100,1.0
q177344,nDCG@10,1.0
q177344,R@100,1.0
q177345,nDCG@10,0.5
q177345,R@100,1.0
q177346,nDCG@10,0.3010299956639812
q177346,R@100,1.0
q177347,nDCG@10,0.43067655807339306
q177347,R@100,1.0
q177348,nDCG@10,0.0
q177348,R@100,1.0
q177349,nDCG@10,0.0
q177349,R@100,0.0
q177350,nDCG@10,0.6309297535714575
q177350,R@100,1.0
q177351,nDCG@10,0.5
q177351,R@100,1.0
q177352,nDCG@10,0.38685280723454163
q177352,R@100,1.0
q177353,nDCG@10,1.0
q177353,R@100,1.0
q177354,nDCG@10,1.0
q177354,R@100,1.0
q177355,nDCG@10,1.0
q177355,R@100,1.0
q177356,nDCG@10,1.0
q177356,R@100,1.0
q177357,nDCG@10,1.0
q177357,R@100,1.0
q177358,nDCG@10,1.0
q177358,R@100,1.0
q177359,nDCG@10,1.0
q177359,R@100,1.0
q177360,nDCG@10,0.0
q177360,R@100,1.0
q177361,nDCG@10,0.0
q177361,R@100,1.0
q177362,nDCG@10,0.0
q177362,R@100,1.0
q177363,nDCG@10,0.43067655807339306
q177363,R@100,1.0
q177364,nDCG@10,1.0
q177364,R@100,1.0
q177365,nDCG@10,0.6309297535714575
q177365,R@100,1.0
q177366,nDCG@10,1.0
q177366,R@100,1.0
q177367,nDCG@10,0.0
q177367,R@100,1.0
q177368,nDCG@10,0.6309297535714575
q177368,R@100,1.0
q177369,nDCG@10,1.0
q177369,R@100,1.0
q177370,nDCG@10,1.0
q177370,R@100,1.0
q177371,nDCG@10,1.0
q177371,R@100,1.0
q177372,nDCG@10,1.0
q177372,R@100,1.0
q177373,nDCG@10,1.0
q177373,R@100,1.0
q177374,nDCG@10,1.0
q177374,R@100,1.0
q177375,nDCG@10,0.5
q177375,R@100,1.0
q177376,nDCG@10,0.0
q177376,R@100,1.0
q177377,nDCG@10,0.0
q177377,R@100,0.0
q177378,nDCG@10,0.0
q177378,R@100,1.0
q177379,nDCG@10,1.0
q177379,R@100,1.0
q177380,nDCG@10,0.5
q177380,R@100,1.0
q177381,nDCG@10,0.0
q177381,R@100,0.0
q177382,nDCG@10,1.0
q177382,R@100,1.0
q177383,nDCG@10,1.0
q177383,R@100,1.0
q177384,nDCG@10,1.0
q177384,R@100,1.0
q177385,nDCG@10,1.0
q177385,R@100,1.0
q177386,nDCG@10,1.0
q177386,R@100,1.0
q177387,nDCG@10,1.0
q177387,R@100,1.0
q177388,nDCG@10,0.0
q177388,R@100,0.0
q177389,nDCG@10,1.0
q177389,R@100,1.0
q177390,nDCG@10,1.0
q177390,R@100,1.0
q177391,nDCG@10,1.0
q177391,R@100,1.0
q177392,nDCG@10,0.0
q177392,R@100,1.0
q177393,nDCG@10,0.0
q177393,R@100,0.0
q177394,nDCG@10,1.0
q177394,R@100,1.0
q177395,nDCG@10,1.0
q177395,R@100,1.0
q177396,nDCG@10,1.0
q177396,R@100,1.0
q177397,nDCG@10,1.0
q177397,R@100,1.0
q177398,nDCG@10,1.0
q177398,R@100,1.0
q177399,nDCG@10,0.0
q177399,R@100,0.0
q177400,nDCG@10,1.0
q177400,R@100,1.0
q177401,nDCG@10,1.0
q177401,R@100,1.0
q177402,nDCG@10,1.0
q177402,R@100,1.0
q177403,nDCG@10,0.0
q177403,R@100,0.0
q177404,nDCG@10,0.0
q177404,R@100,1.0
q177405,nDCG@10,1.0
q177405,R@100,1.0
q177406,nDCG@10,1.0
q177406,R@100,1.0
q177407,nDCG@10,1.0
q177407,R@100,1.0
q177408,nDCG@10,1.0
q177408,R@100,1.0
q177409,nDCG@10,0.6309297535714575
q177409,R@100,1.0
q177410,nDCG@10,1.0
q177410,R@100,1.0
q177411,nDCG@10,0.0
q177411,R@100,1.0
q177412,nDCG@10,0.3562071871080222
q177412,R@100,1.0
q177413,nDCG@10,0.6309297535714575
q177413,R@100,1.0
q177414,nDCG@10,1.0
q177414,R@100,1.0
q177415,nDCG@10,0.43067655807339306
q177415,R@100,1.0
q177416,nDCG@10,0.6309297535714575
q177416,R@100,1.0
q177417,nDCG@10,1.0
q177417,R@100,1.0
q177418,nDCG@10,0.0
q177418,R@100,1.0
q177419,nDCG@10,0.2890648263178879
q177419,R@100,1.0
q177420,nDCG@10,1.0
q177420,R@100,1.0
q177421,nDCG@10,0.5
q177421,R@100,1.0
q177422,nDCG@10,1.0
q177422,R@100,1.0
q177423,nDCG@10,0.6309297535714575
q177423,R@100,1.0
q177424,nDCG@10,1.0
q177424,R@100,1.0
q177425,nDCG@10,0.0
q177425,R@100,1.0
q177426,nDCG@10,1.0
q177426,R@100,1.0
q177427,nDCG@10,0.6309297535714575
q177427,R@100,1.0
q177428,nDCG@10,1.0
q177428,R@100,1.0
q177429,nDCG@10,0.6309297535714575
q177429,R@100,1.0
q177430,nDCG@10,0.2890648263178879
q177430,R@100,1.0
q177431,nDCG@10,0.6309297535714575
q177431,R@100,1.0
q177432,nDCG@10,0.5
q177432,R@100,1.0
q177433,nDCG@10,0.0
q177433,R@100,1.0
q177434,nDCG@10,0.43067655807339306
q177434,R@100,1.0
q177435,nDCG@10,0.3333333333333333
q177435,R@100,1.0
q177436,nDCG@10,1.0
q177436,R@100,1.0
q177437,nDCG@10,0.5
q177437,R@100,1.0
q177438,nDCG@10,1.0
q177438,R@100,1.0
q177439,nDCG@10,1.0
q177439,R@100,1.0
q177440,nDCG@10,1.0
q177440,R@100,1.0
q177441,nDCG@10,0.0
q177441,R@100,1.0
q177442,nDCG@10,1.0
q177442,R@100,1.0
q177443,nDCG@10,0.38685280723454163
q177443,R@100,1.0
q177444,nDCG@10,0.0
q177444,R@100,1.0
q177445,nDCG@10,1.0
q177445,R@100,1.0
q177446,nDCG@10,1.0
q177446,R@100,1.0
q177447,nDCG@10,0.6309297535714575
q177447,R@100,1.0
q177448,nDCG@10,0.0
q177448,R@100,0.0
q177449,nDCG@10,0.0
q177449,R@100,0.0
q177450,nDCG@10,0.5
q177450,R@100,1.0
q177451,nDCG@10,1.0
q177451,R@100,1.0
q177452,nDCG@10,1.0
q177452,R@100,1.0
q177453,nDCG@10,0.3333333333333333
q177453,R@100,1.0
q177454,nDCG@10,1.0
q177454,R@100,1.0
q177455,nDCG@10,1.0
q177455,R@100,1.0
q177456,nDCG@10,0.0
q177456,R@100,0.0
q177457,nDCG@10,0.0
q177457,R@100,0.0
q177458,nDCG@10,0.0
q177458,R@100,1.0
q177459,nDCG@10,0.0
q177459,R@100,1.0
q177460,nDCG@10,1.0
q177460,R@100,1.0
q177461,nDCG@10,1.0
q177461,R@100,1.0
q177462,nDCG@10,1.0
q177462,R@100,1.0
q177463,nDCG@10,0.0
q177463,R@100,0.0
q177464,nDCG@10,1.0
q177464,R@100,1.0
q177465,nDCG@10,1.0
q177465,R@100,1.0
q177466,nDCG@10,0.0
q177466,R@100,0.0
q177467,nDCG@10,1.0
q177467,R@100,1.0
q177468,nDCG@10,1.0
q177468,R@100,1.0
q177469,nDCG@10,0.0
q177469,R@100,1.0
q177470,nDCG@10,1.0
q177470,R@100,1.0
q177471,nDCG@10,1.0
q177471,R@100,1.0
q177472,nDCG@10,0.6309297535714575
q177472,R@100,1.0
q177473,nDCG@10,0.3562071871080222
q177473,R@100,1.0
q177474,nDCG@10,0.43067655807339306
q177474,R@100,1.0
q177475,nDCG@10,1.0
q177475,R@100,1.0
q177476,nDCG@10,0.0
q177476,R@100,1.0
q177477,nDCG@10,0.43067655807339306
q177477,R@100,1.0
q177478,nDCG@10,1.0
q177478,R@100,1.0
q177479,nDCG@10,1.0
q177479,R@100,1.0
q177480,nDCG@10,1.0
q177480,R@100,1.0
q177481,nDCG@10,0.0
q177481,R@100,1.0
q177482,nDCG@10,1.0
q177482,R@100,1.0
q177483,nDCG@10,1.0
q177483,R@100,1.0
q177484,nDCG@10,1.0
q177484,R@100,1.0
q177485,nDCG@10,0.38685280723454163
q177485,R@100,1.0
q177486,nDCG@10,0.6309297535714575
q177486,R@100,1.0
q177487,nDCG@10,1.0
q177487,R@100,1.0
q177488,nDCG@10,0.3010299956639812
q177488,R@100,1.0
q177489,nDCG@10,0.6309297535714575
q177489,R@100,1.0
q177490,nDCG@10,0.6309297535714575
q177490,R@100,1.0
q177491,nDCG@10,1.0
q177491,R@100,1.0
q177492,nDCG@10,0.6309297535714575
q177492,R@100,1.0
q177493,nDCG@10,0.0
q177493,R@100,1.0
q177494,nDCG@10,0.5
q177494,R@100,1.0
q177495,nDCG@10,0.0
q177495,R@100,0.0
q177496,nDCG@10,0.3562071871080222
q177496,R@100,1.0
q177497,nDCG@10,0.0
q177497,R@100,1.0
q177498,nDCG@10,0.0
q177498,R@100,1.0
q177499,nDCG@10,1.0
q177499,R@100,1.0
q177500,nDCG@10,1.0
q177500,R@100,1.0
q177501,nDCG@10,0.6309297535714575
q177501,R@100,1.0
q177502,nDCG@10,0.31546487678572877
q177502,R@100,1.0
q177503,nDCG@10,0.0
q177503,R@100,0.0
q177504,nDCG@10,1.0
q177504,R@100,1.0
q177505,nDCG@10,1.0
q177505,R@100,1.0
q177506,nDCG@10,1.0
q177506,R@100,1.0
q177507,nDCG@10,1.0
q177507,R@100,1.0
q177508,nDCG@10,1.0
q177508,R@100,1.0
q177509,nDCG@10,1.0
q177509,R@100,1.0
q177510,nDCG@10,0.0
q177510,R@100,1.0
q177511,nDCG@10,1.0
q177511,R@100,1.0
q177512,nDCG@10,0.0
q177512,R@100,1.0
q177513,nDCG@10,1.0
q177513,R@100,1.0
q177514,nDCG@10,1.0
q177514,R@100,1.0
q177515,nDCG@10,1.0
q177515,R@100,1.0
q177516,nDCG@10,1.0
q177516,R@100,1.0
q177517,nDCG@10,1.0
q177517,R@100,1.0
q177518,nDCG@10,0.6309297535714575
q177518,R@100,1.0
q177519,nDCG@10,0.3333333333333333
q177519,R@100,1.0
q177520,nDCG@10,1.0
q177520,R@100,1.0
q177521,nDCG@10,1.0
q177521,R@100,1.0
q177522,nDCG@10,1.0
q177522,R@100,1.0
q177523,nDCG@10,1.0
q177523,R@100,1.0
q177524,nDCG@10,1.0
q177524,R@100,1.0
q177525,nDCG@10,1.0
q177525,R@100,1.0
q177526,nDCG@10,1.0
q177526,R@100,1.0
q177527,nDCG@10,1.0
q177527,R@100,1.0
q177528,nDCG@10,1.0
q177528,R@100,1.0
q177529,nDCG@10,1.0
q177529,R@100,1.0
q177530,nDCG@10,1.0
q177530,R@100,1.0
q177531,nDCG@10,1.0
q177531,R@100,1.0
q177532,nDCG@10,1.0
q177532,R@100,1.0
q177533,nDCG@10,1.0
q177533,R@100,1.0
q177534,nDCG@10,1.0
q177534,R@100,1.0
q177535,nDCG@10,1.0
q177535,R@100,1.0
q177536,nDCG@10,1.0
q177536,R@100,1.0
q177537,nDCG@10,1.0
q177537,R@100,1.0
q177538,nDCG@10,1.0
q177538,R@100,1.0
q177539,nDCG@10,1.0
q177539,R@100,1.0
q177540,nDCG@10,1.0
q177540,R@100,1.0
q177541,nDCG@10,1.0
q177541,R@100,1.0
q177542,nDCG@10,1.0
q177542,R@100,1.0
q177543,nDCG@10,1.0
q177543,R@100,1.0
q177544,nDCG@10,1.0
q177544,R@100,1.0
q177545,nDCG@10,1.0
q177545,R@100,1.0
q177546,nDCG@10,0.6309297535714575
q177546,R@100,1.0
q177547,nDCG@10,0.0
q177547,R@100,1.0
q177548,nDCG@10,0.0
q177548,R@100,1.0
q177549,nDCG@10,0.0
q177549,R@100,1.0
q177550,nDCG@10,0.0
q177550,R@100,1.0
q177551,nDCG@10,1.0
q177551,R@100,1.0
q177552,nDCG@10,0.0
q177552,R@100,0.0
q177553,nDCG@10,0.0
q177553,R@100,0.0
q177554,nDCG@10,1.0
q177554,R@100,1.0
q177555,nDCG@10,0.6309297535714575
q177555,R@100,1.0
q177556,nDCG@10,1.0
q177556,R@100,1.0
q177557,nDCG@10,0.0
q177557,R@100,1.0
q177558,nDCG@10,0.3010299956639812
q177558,R@100,1.0
q177559,nDCG@10,0.43067655807339306
q177559,R@100,1.0
q177560,nDCG@10,0.0
q177560,R@100,0.0
q177561,nDCG@10,1.0
q177561,R@100,1.0
q177562,nDCG@10,0.0
q177562,R@100,1.0
q177563,nDCG@10,0.0
q177563,R@100,0.0
q177564,nDCG@10,1.0
q177564,R@100,1.0
q177565,nDCG@10,1.0
q177565,R@100,1.0
q177566,nDCG@10,1.0
q177566,R@100,1.0
q177567,nDCG@10,1.0
q177567,R@100,1.0
q177568,nDCG@10,1.0
q177568,R@100,1.0
q177569,nDCG@10,0.3333333333333333
q177569,R@100,1.0
q177570,nDCG@10,0.6309297535714575
q177570,R@100,1.0
q177571,nDCG@10,1.0
q177571,R@100,1.0
q177572,nDCG@10,1.0
q177572,R@100,1.0
q177573,nDCG@10,1.0
q177573,R@100,1.0
q177574,nDCG@10,0.5
q177574,R@100,1.0
q177575,nDCG@10,1.0
q177575,R@100,1.0
q177576,nDCG@10,1.0
q177576,R@100,1.0
q177577,nDCG@10,1.0
q177577,R@100,1.0
q177578,nDCG@10,1.0
q177578,R@100,1.0
q177579,nDCG@10,0.6309297535714575
q177579,R@100,1.0
q177580,nDCG@10,0.0
q177580,R@100,1.0
q177581,nDCG@10,1.0
q177581,R@100,1.0
q177582,nDCG@10,0.6309297535714575
q177582,R@100,1.0
q177583,nDCG@10,1.0
q177583,R@100,1.0
q177584,nDCG@10,0.38685280723454163
q177584,R@100,1.0
q177585,nDCG@10,0.5
q177585,R@100,1.0
q177586,nDCG@10,1.0
q177586,R@100,1.0
q177587,nDCG@10,1.0
q177587,R@100,1.0
q177588,nDCG@10,1.0
q177588,R@100,1.0
q177589,nDCG@10,0.0
q177589,R@100,0.0
q177590,nDCG@10,1.0
q177590,R@100,1.0
q177591,nDCG@10,1.0
q177591,R@100,1.0
q177592,nDCG@10,1.0
q177592,R@100,1.0
q177593,nDCG@10,1.0
q177593,R@100,1.0
q177594,nDCG@10,1.0
q177594,R@100,1.0
q177595,nDCG@10,1.0
q177595,R@100,1.0
q177596,nDCG@10,1.0
q177596,R@100,1.0
q177597,nDCG@10,0.6309297535714575
q177597,R@100,1.0
q177598,nDCG@10,1.0
q177598,R@100,1.0
q177599,nDCG@10,1.0
q177599,R@100,1.0
q177600,nDCG@10,1.0
q177600,R@100,1.0
q177601,nDCG@10,1.0
q177601,R@100,1.0
q177602,nDCG@10,0.31546487678572877
q177602,R@100,1.0
q177603,nDCG@10,1.0
q177603,R@100,1.0
q177604,nDCG@10,0.38685280723454163
q177604,R@100,1.0
q177605,nDCG@10,1.0
q177605,R@100,1.0
q177606,nDCG@10,1.0
q177606,R@100,1.0
q177607,nDCG@10,1.0
q177607,R@100,1.0
q177608,nDCG@10,0.43067655807339306
q177608,R@100,1.0
q177609,nDCG@10,1.0
q177609,R@100,1.0
q177610,nDCG@10,1.0
q177610,R@100,1.0
q177611,nDCG@10,0.3562071871080222
q177611,R@100,1.0
q177612,nDCG@10,1.0
q177612,R@100,1.0
q177613,nDCG@10,1.0
q177613,R@100,1.0
q177614,nDCG@10,0.0
q177614,R@100,1.0
q177615,nDCG@10,1.0
q177615,R@100,1.0
q177616,nDCG@10,1.0
q177616,R@100,1.0
q177617,nDCG@10,0.6309297535714575
q177617,R@100,1.0
q177618,nDCG@10,1.0
q177618,R@100,1.0
q177619,nDCG@10,0.0
q177619,R@100,1.0
q177620,nDCG@10,0.6309297535714575
q177620,R@100,1.0
q177621,nDCG@10,1.0
q177621,R@100,1.0
q177622,nDCG@10,0.0
q177622,R@100,0.0
q177623,nDCG@10,0.0
q177623,R@100,1.0
q177624,nDCG@10,0.6309297535714575
q177624,R@100,1.0
q177625,nDCG@10,1.0
q177625,R@100,1.0
q177626,nDCG@10,1.0
q177626,R@100,1.0
q177627,nDCG@10,1.0
q177627,R@100,1.0
q177628,nDCG@10,1.0
q177628,R@100,1.0
q177629,nDCG@10,1.0
q177629,R@100,1.0
q177630,nDCG@10,1.0
q177630,R@100,1.0
q177631,nDCG@10,1.0
q177631,R@100,1.0
q177632,nDCG@10,0.3562071871080222
q177632,R@100,1.0
q177633,nDCG@10,0.5
q177633,R@100,1.0
q177634,nDCG@10,0.5
q177634,R@100,1.0
q177635,nDCG@10,0.0
q177635,R@100,0.0
q177636,nDCG@10,1.0
q177636,R@100,1.0
q177637,nDCG@10,0.5
q177637,R@100,1.0
q177638,nDCG@10,1.0
q177638,R@100,1.0
q177639,nDCG@10,1.0
q177639,R@100,1.0
q177640,nDCG@10,0.0
q177640,R@100,1.0
q177641,nDCG@10,0.0
q177641,R@100,1.0
q177642,nDCG@10,0.0
q177642,R@100,1.0
q177643,nDCG@10,1.0
q177643,R@100,1.0
q177644,nDCG@10,1.0
q177644,R@100,1.0
q177645,nDCG@10,0.5
q177645,R@100,1.0
q177646,nDCG@10,1.0
q177646,R@100,1.0
q177647,nDCG@10,1.0
q177647,R@100,1.0
q177648,nDCG@10,1.0
q177648,R@100,1.0
q177649,nDCG@10,1.0
q177649,R@100,1.0
q177650,nDCG@10,0.6309297535714575
q177650,R@100,1.0
q177651,nDCG@10,1.0
q177651,R@100,1.0
q177652,nDCG@10,0.5
q177652,R@100,1.0
q177653,nDCG@10,0.3333333333333333
q177653,R@100,1.0
q177654,nDCG@10,1.0
q177654,R@100,1.0
q177655,nDCG@10,1.0
q177655,R@100,1.0
q177656,nDCG@10,1.0
q177656,R@100,1.0
q177657,nDCG@10,1.0
q177657,R@100,1.0
q177658,nDCG@10,1.0
q177658,R@100,1.0
q177659,nDCG@10,1.0
q177659,R@100,1.0
q177660,nDCG@10,1.0
q177660,R@100,1.0
q177661,nDCG@10,1.0
q177661,R@100,1.0
q177662,nDCG@10,0.0
q177662,R@100,0.0
q177663,nDCG@10,1.0
q177663,R@100,1.0
q177664,nDCG@10,1.0
q177664,R@100,1.0
q177665,nDCG@10,0.0
q177665,R@100,1.0
q177666,nDCG@10,0.6309297535714575
q177666,R@100,1.0
q177667,nDCG@10,0.0
q177667,R@100,1.0
q177668,nDCG@10,1.0
q177668,R@100,1.0
q177669,nDCG@10,0.0
q177669,R@100,1.0
q177670,nDCG@10,0.5
q177670,R@100,1.0
q177671,nDCG@10,1.0
q177671,R@100,1.0
q177672,nDCG@10,1.0
q177672,R@100,1.0
q177673,nDCG@10,1.0
q177673,R@100,1.0
q177674,nDCG@10,0.6309297535714575
q177674,R@100,1.0
q177675,nDCG@10,0.0
q177675,R@100,0.0
q177676,nDCG@10,0.0
q177676,R@100,1.0
q177677,nDCG@10,1.0
q177677,R@100,1.0
q177678,nDCG@10,1.0
q177678,R@100,1.0
q177679,nDCG@10,0.0
q177679,R@100,1.0
q177680,nDCG@10,1.0
q177680,R@100,1.0
q177681,nDCG@10,0.0
q177681,R@100,1.0
q177682,nDCG@10,1.0
q177682,R@100,1.0
q177683,nDCG@10,1.0
q177683,R@100,1.0
q177684,nDCG@10,0.38685280723454163
q177684,R@100,1.0
q177685,nDCG@10,1.0
q177685,R@100,1.0
q177686,nDCG@10,1.0
q177686,R@100,1.0
q177687,nDCG@10,1.0
q177687,R@100,1.0
q177688,nDCG@10,1.0
q177688,R@100,1.0
q177689,nDCG@10,1.0
q177689,R@100,1.0
q177690,nDCG@10,1.0
q177690,R@100,1.0
q177691,nDCG@10,1.0
q177691,R@100,1.0
q177692,nDCG@10,1.0
q177692,R@100,1.0
q177693,nDCG@10,1.0
q177693,R@100,1.0
q177694,nDCG@10,0.0
q177694,R@100,1.0
q177695,nDCG@10,1.0
q177695,R@100,1.0
q177696,nDCG@10,1.0
q177696,R@100,1.0
q177697,nDCG@10,0.5
q177697,R@100,1.0
q177698,nDCG@10,1.0
q177698,R@100,1.0
q177699,nDCG@10,1.0
q177699,R@100,1.0
q177700,nDCG@10,1.0
q177700,R@100,1.0
q177701,nDCG@10,1.0
q177701,R@100,1.0
q177702,nDCG@10,0.0
q177702,R@100,0.0
q177703,nDCG@10,0.6309297535714575
q177703,R@100,1.0
q177704,nDCG@10,0.0
q177704,R@100,0.0
q177705,nDCG@10,1.0
q177705,R@100,1.0
q177706,nDCG@10,0.6309297535714575
q177706,R@100,1.0
q177707,nDCG@10,1.0
q177707,R@100,1.0
q177708,nDCG@10,1.0
q177708,R@100,1.0
q177709,nDCG@10,0.43067655807339306
q177709,R@100,1.0
q177710,nDCG@10,1.0
q177710,R@100,1.0
q177711,nDCG@10,1.0
q177711,R@100,1.0
q177712,nDCG@10,0.43067655807339306
q177712,R@100,1.0
q177713,nDCG@10,0.5
q177713,R@100,1.0
q177714,nDCG@10,1.0
q177714,R@100,1.0
q177715,nDCG@10,1.0
q177715,R@100,1.0
q177716,nDCG@10,1.0
q177716,R@100,1.0
q177717,nDCG@10,1.0
q177717,R@100,1.0
q177718,nDCG@10,1.0
q177718,R@100,1.0
q177719,nDCG@10,1.0
q177719,R@100,1.0
q177720,nDCG@10,1.0
q177720,R@100,1.0
q177721,nDCG@10,0.0
q177721,R@100,1.0
q177722,nDCG@10,0.6309297535714575
q177722,R@100,1.0
q177723,nDCG@10,1.0
q177723,R@100,1.0
q177724,nDCG@10,1.0
q177724,R@100,1.0
q177725,nDCG@10,1.0
q177725,R@100,1.0
q177726,nDCG@10,1.0
q177726,R@100,1.0
q177727,nDCG@10,0.0
q177727,R@100,0.0
q177728,nDCG@10,1.0
q177728,R@100,1.0
q177729,nDCG@10,1.0
q177729,R@100,1.0
q177730,nDCG@10,1.0
q177730,R@100,1.0
q177731,nDCG@10,1.0
q177731,R@100,1.0
q177732,nDCG@10,1.0
q177732,R@100,1.0
q177733,nDCG@10,1.0
q177733,R@100,1.0
q177734,nDCG@10,1.0
q177734,R@100,1.0
q177735,nDCG@10,1.0
q177735,R@100,1.0
q177736,nDCG@10,1.0
q177736,R@100,1.0
q177737,nDCG@10,1.0
q177737,R@100,1.0
q177738,nDCG@10,1.0
q177738,R@100,1.0
q177739,nDCG@10,1.0
q177739,R@100,1.0
q177740,nDCG@10,0.0
q177740,R@100,1.0
q177741,nDCG@10,1.0
q177741,R@100,1.0
q177742,nDCG@10,0.0
q177742,R@100,1.0
q177743,nDCG@10,1.0
q177743,R@100,1.0
q177744,nDCG@10,1.0
q177744,R@100,1.0
q177745,nDCG@10,0.0
q177745,R@100,1.0
q177746,nDCG@10,0.31546487678572877
q177746,R@100,1.0
q177747,nDCG@10,0.6309297535714575
q177747,R@100,1.0
q177748,nDCG@10,0.0
q177748,R@100,0.0
q177749,nDCG@10,1.0
q177749,R@100,1.0
q177750,nDCG@10,0.6309297535714575
q177750,R@100,1.0
q177751,nDCG@10,1.0
q177751,R@100,1.0
q177752,nDCG@10,1.0
q177752,R@100,1.0
q177753,nDCG@10,1.0
q177753,R@100,1.0
q177754,nDCG@10,1.0
q177754,R@100,1.0
q177755,nDCG@10,1.0
q177755,R@100,1.0
q177756,nDCG@10,1.0
q177756,R@100,1.0
q177757,nDCG@10,1.0
q177757,R@100,1.0
q177758,nDCG@10,1.0
q177758,R@100,1.0
q177759,nDCG@10,1.0
q177759,R@100,1.0
q177760,nDCG@10,1.0
q177760,R@100,1.0
q177761,nDCG@10,1.0
q177761,R@100,1.0
q177762,nDCG@10,1.0
q177762,R@100,1.0
q177763,nDCG@10,1.0
q177763,R@100,1.0
q177764,nDCG@10,1.0
q177764,R@100,1.0
q177765,nDCG@10,1.0
q177765,R@100,1.0
q177766,nDCG@10,0.6309297535714575
q177766,R@100,1.0
q177767,nDCG@10,0.3562071871080222
q177767,R@100,1.0
q177768,nDCG@10,0.5
q177768,R@100,1.0
q177769,nDCG@10,0.0
q177769,R@100,1.0
q177770,nDCG@10,1.0
q177770,R@100,1.0
q177771,nDCG@10,1.0
q177771,R@100,1.0
q177772,nDCG@10,1.0
q177772,R@100,1.0
q177773,nDCG@10,1.0
q177773,R@100,1.0
q177774,nDCG@10,1.0
q177774,R@100,1.0
q177775,nDCG@10,1.0
q177775,R@100,1.0
q177776,nDCG@10,1.0
q177776,R@100,1.0
q177777,nDCG@10,1.0
q177777,R@100,1.0
q177778,nDCG@10,0.5
q177778,R@100,1.0
q177779,nDCG@10,0.0
q177779,R@100,0.0
q177780,nDCG@10,0.38685280723454163
q177780,R@100,1.0
q177781,nDCG@10,0.31546487678572877
q177781,R@100,1.0
q177782,nDCG@10,0.2890648263178879
q177782,R@100,1.0
q177783,nDCG@10,1.0
q177783,R@100,1.0
q177784,nDCG@10,1.0
q177784,R@100,1.0
q177785,nDCG@10,1.0
q177785,R@100,1.0
q177786,nDCG@10,1.0
q177786,R@100,1.0
q177787,nDCG@10,1.0
q177787,R@100,1.0
q177788,nDCG@10,1.0
q177788,R@100,1.0
q177789,nDCG@10,1.0
q177789,R@100,1.0
q177790,nDCG@10,0.0
q177790,R@100,1.0
q177791,nDCG@10,0.5
q177791,R@100,1.0
q177792,nDCG@10,0.0
q177792,R@100,1.0
q177793,nDCG@10,1.0
q177793,R@100,1.0
q177794,nDCG@10,0.0
q177794,R@100,0.0
q177795,nDCG@10,0.0
q177795,R@100,1.0
q177796,nDCG@10,0.0
q177796,R@100,1.0
q177797,nDCG@10,0.0
q177797,R@100,1.0
q177798,nDCG@10,0.0
q177798,R@100,1.0
q177799,nDCG@10,0.0
q177799,R@100,0.0
q177800,nDCG@10,0.0
q177800,R@100,1.0
q177801,nDCG@10,1.0
q177801,R@100,1.0
q177802,nDCG@10,0.0
q177802,R@100,1.0
q177803,nDCG@10,0.6309297535714575
q177803,R@100,1.0
q177804,nDCG@10,1.0
q177804,R@100,1.0
q177805,nDCG@10,1.0
q177805,R@100,1.0
q177806,nDCG@10,0.6309297535714575
q177806,R@100,1.0
q177807,nDCG@10,1.0
q177807,R@100,1.0
q177808,nDCG@10,1.0
q177808,R@100,1.0
q177809,nDCG@10,0.0
q177809,R@100,1.0
q177810,nDCG@10,1.0
q177810,R@100,1.0
q177811,nDCG@10,1.0
q177811,R@100,1.0
q177812,nDCG@10,0.5
q177812,R@100,1.0
q177813,nDCG@10,0.43067655807339306
q177813,R@100,1.0
q177814,nDCG@10,0.0
q177814,R@100,0.0
q177815,nDCG@10,1.0
q177815,R@100,1.0
q177816,nDCG@10,0.3333333333333333
q177816,R@100,1.0
q177817,nDCG@10,1.0
q177817,R@100,1.0
q177818,nDCG@10,1.0
q177818,R@100,1.0
q177819,nDCG@10,1.0
q177819,R@100,1.0
q177820,nDCG@10,0.6309297535714575
q177820,R@100,1.0
q177821,nDCG@10,1.0
q177821,R@100,1.0
q177822,nDCG@10,1.0
q177822,R@100,1.0
q177823,nDCG@10,1.0
q177823,R@100,1.0
q177824,nDCG@10,1.0
q177824,R@100,1.0
q177825,nDCG@10,1.0
q177825,R@100,1.0
q177826,nDCG@10,1.0
q177826,R@100,1.0
q177827,nDCG@10,1.0
q177827,R@100,1.0
q177828,nDCG@10,1.0
q177828,R@100,1.0
q177829,nDCG@10,0.43067655807339306
q177829,R@100,1.0
q177830,nDCG@10,1.0
q177830,R@100,1.0
q177831,nDCG@10,1.0
q177831,R@100,1.0
q177832,nDCG@10,1.0
q177832,R@100,1.0
q177833,nDCG@10,1.0
q177833,R@100,1.0
q177834,nDCG@10,0.5
q177834,R@100,1.0
q177835,nDCG@10,1.0
q177835,R@100,1.0
q177836,nDCG@10,1.0
q177836,R@100,1.0
q177837,nDCG@10,0.3562071871080222
q177837,R@100,1.0
q177838,nDCG@10,1.0
q177838,R@100,1.0
q177839,nDCG@10,0.0
q177839,R@100,1.0
q177840,nDCG@10,0.0
q177840,R@100,1.0
q177841,nDCG@10,1.0
q177841,R@100,1.0
q177842,nDCG@10,0.3333333333333333
q177842,R@100,1.0
q177843,nDCG@10,0.43067655807339306
q177843,R@100,1.0
q177844,nDCG@10,1.0
q177844,R@100,1.0
q177845,nDCG@10,0.0
q177845,R@100,0.0
q177846,nDCG@10,0.0
q177846,R@100,1.0
q177847,nDCG@10,1.0
q177847,R@100,1.0
q177848,nDCG@10,1.0
q177848,R@100,1.0
q177849,nDCG@10,0.0
q177849,R@100,1.0
q177850,nDCG@10,0.0
q177850,R@100,1.0
q177851,nDCG@10,1.0
q177851,R@100,1.0
q177852,nDCG@10,1.0
q177852,R@100,1.0
q177853,nDCG@10,1.0
q177853,R@100,1.0
q177854,nDCG@10,0.0
q177854,R@100,1.0
q177855,nDCG@10,0.5
q177855,R@100,1.0
q177856,nDCG@10,0.6309297535714575
q177856,R@100,1.0
q177857,nDCG@10,1.0
q177857,R@100,1.0
q177858,nDCG@10,1.0
q177858,R@100,1.0
q177859,nDCG@10,1.0
q177859,R@100,1.0
q177860,nDCG@10,0.6309297535714575
q177860,R@100,1.0
q177861,nDCG@10,0.43067655807339306
q177861,R@100,1.0
q177862,nDCG@10,1.0
q177862,R@100,1.0
q177863,nDCG@10,1.0
q177863,R@100,1.0
q177864,nDCG@10,1.0
q177864,R@100,1.0
q177865,nDCG@10,0.0
q177865,R@100,0.0
q177866,nDCG@10,0.0
q177866,R@100,0.0
q177867,nDCG@10,0.0
q177867,R@100,1.0
q177868,nDCG@10,0.38685280723454163
q177868,R@100,1.0
q177869,nDCG@10,1.0
q177869,R@100,1.0
q177870,nDCG@10,1.0
q177870,R@100,1.0
q177871,nDCG@10,0.6309297535714575
q177871,R@100,1.0
q177872,nDCG@10,0.31546487678572877
q177872,R@100,1.0
q177873,nDCG@10,0.5
q177873,R@100,1.0
q177874,nDCG@10,0.5
q177874,R@100,1.0
q177875,nDCG@10,0.3562071871080222
q177875,R@100,1.0
q177876,nDCG@10,0.0
q177876,R@100,0.0
q177877,nDCG@10,0.43067655807339306
q177877,R@100,1.0
q177878,nDCG@10,0.31546487678572877
q177878,R@100,1.0
q177879,nDCG@10,1.0
q177879,R@100,1.0
q177880,nDCG@10,0.6309297535714575
q177880,R@100,1.0
q177881,nDCG@10,1.0
q177881,R@100,1.0
q177882,nDCG@10,1.0
q177882,R@100,1.0
q177883,nDCG@10,0.43067655807339306
q177883,R@100,1.0
q177884,nDCG@10,1.0
q177884,R@100,1.0
q177885,nDCG@10,0.0
q177885,R@100,1.0
q177886,nDCG@10,0.5
q177886,R@100,1.0
q177887,nDCG@10,0.6309297535714575
q177887,R@100,1.0
q177888,nDCG@10,1.0
q177888,R@100,1.0
q177889,nDCG@10,1.0
q177889,R@100,1.0
q177890,nDCG@10,0.38685280723454163
q177890,R@100,1.0
q177891,nDCG@10,0.0
q177891,R@100,1.0
q177892,nDCG@10,0.6309297535714575
q177892,R@100,1.0
q177893,nDCG@10,0.6309297535714575
q177893,R@100,1.0
q177894,nDCG@10,1.0
q177894,R@100,1.0
q177895,nDCG@10,1.0
q177895,R@100,1.0
q177896,nDCG@10,1.0
q177896,R@100,1.0
q177897,nDCG@10,0.0
q177897,R@100,1.0
q177898,nDCG@10,1.0
q177898,R@100,1.0
q177899,nDCG@10,1.0
q177899,R@100,1.0
q177900,nDCG@10,1.0
q177900,R@100,1.0
q177901,nDCG@10,1.0
q177901,R@100,1.0
q177902,nDCG@10,1.0
q177902,R@100,1.0
q177903,nDCG@10,1.0
q177903,R@100,1.0
q177904,nDCG@10,1.0
q177904,R@100,1.0
q177905,nDCG@10,0.5
q177905,R@100,1.0
q177906,nDCG@10,1.0
q177906,R@100,1.0
q177907,nDCG@10,1.0
q177907,R@100,1.0
q177908,nDCG@10,1.0
q177908,R@100,1.0
q177909,nDCG@10,1.0
q177909,R@100,1.0
q177910,nDCG@10,0.3333333333333333
q177910,R@100,1.0
q177911,nDCG@10,1.0
q177911,R@100,1.0
q177912,nDCG@10,1.0
q177912,R@100,1.0
q177913,nDCG@10,1.0
q177913,R@100,1.0
q177914,nDCG@10,0.38685280723454163
q177914,R@100,1.0
q177915,nDCG@10,1.0
q177915,R@100,1.0
q177916,nDCG@10,1.0
q177916,R@100,1.0
q177917,nDCG@10,1.0
q177917,R@100,1.0
q177918,nDCG@10,1.0
q177918,R@100,1.0
q177919,nDCG@10,0.38685280723454163
q177919,R@100,1.0
q177920,nDCG@10,0.6309297535714575
q177920,R@100,1.0
q177921,nDCG@10,1.0
q177921,R@100,1.0
q177922,nDCG@10,0.6309297535714575
q177922,R@100,1.0
q177923,nDCG@10,1.0
q177923,R@100,1.0
q177924,nDCG@10,1.0
q177924,R@100,1.0
q177925,nDCG@10,1.0
q177925,R@100,1.0
q177926,nDCG@10,1.0
q177926,R@100,1.0
q177927,nDCG@10,0.6309297535714575
q177927,R@100,1.0
q177928,nDCG@10,1.0
q177928,R@100,1.0
q177929,nDCG@10,0.38685280723454163
q177929,R@100,1.0
q177930,nDCG@10,1.0
q177930,R@100,1.0
q177931,nDCG@10,1.0
q177931,R@100,1.0
q177932,nDCG@10,0.38685280723454163
q177932,R@100,1.0
q177933,nDCG@10,1.0
q177933,R@100,1.0
q177934,nDCG@10,0.6309297535714575
q177934,R@100,1.0
q177935,nDCG@10,1.0
q177935,R@100,1.0
q177936,nDCG@10,0.6309297535714575
q177936,R@100,1.0
q177937,nDCG@10,0.0
q177937,R@100,1.0
q177938,nDCG@10,0.6309297535714575
q177938,R@100,1.0
q177939,nDCG@10,1.0
q177939,R@100,1.0
q177940,nDCG@10,0.5
q177940,R@100,1.0
q177941,nDCG@10,1.0
q177941,R@100,1.0
q177942,nDCG@10,0.3010299956639812
q177942,R@100,1.0
q177943,nDCG@10,0.0
q177943,R@100,0.0
q177944,nDCG@10,1.0
q177944,R@100,1.0
q177945,nDCG@10,1.0
q177945,R@100,1.0
q177946,nDCG@10,1.0
q177946,R@100,1.0
q177947,nDCG@10,1.0
q177947,R@100,1.0
q177948,nDCG@10,0.6309297535714575
q177948,R@100,1.0
q177949,nDCG@10,0.5
q177949,R@100,1.0
q177950,nDCG@10,1.0
q177950,R@100,1.0
q177951,nDCG@10,1.0
q177951,R@100,1.0
q177952,nDCG@10,1.0
q177952,R@100,1.0
q177953,nDCG@10,1.0
q177953,R@100,1.0
q177954,nDCG@10,1.0
q177954,R@100,1.0
q177955,nDCG@10,0.38685280723454163
q177955,R@100,1.0
q177956,nDCG@10,0.3333333333333333
q177956,R@100,1.0
q177957,nDCG@10,0.0
q177957,R@100,1.0
q177958,nDCG@10,1.0
q177958,R@100,1.0
q177959,nDCG@10,1.0
q177959,R@100,1.0
q177960,nDCG@10,0.0
q177960,R@100,1.0
q177961,nDCG@10,1.0
q177961,R@100,1.0
q177962,nDCG@10,0.0
q177962,R@100,1.0
q177963,nDCG@10,0.0
q177963,R@100,1.0
q177964,nDCG@10,1.0
q177964,R@100,1.0
q177965,nDCG@10,1.0
q177965,R@100,1.0
q177966,nDCG@10,1.0
q177966,R@100,1.0
q177967,nDCG@10,1.0
q177967,R@100,1.0
q177968,nDCG@10,1.0
q177968,R@100,1.0
q177969,nDCG@10,0.0
q177969,R@100,0.0
q177970,nDCG@10,0.3333333333333333
q177970,R@100,1.0
q177971,nDCG@10,1.0
q177971,R@100,1.0
q177972,nDCG@10,1.0
q177972,R@100,1.0
q177973,nDCG@10,1.0
q177973,R@100,1.0
q177974,nDCG@10,1.0
q177974,R@100,1.0
q177975,nDCG@10,1.0
q177975,R@100,1.0
q177976,nDCG@10,1.0
q177976,R@100,1.0
q177977,nDCG@10,1.0
q177977,R@100,1.0
q177978,nDCG@10,1.0
q177978,R@100,1.0
q177979,nDCG@10,1.0
q177979,R@100,1.0
q177980,nDCG@10,0.6309297535714575
q177980,R@100,1.0
q177981,nDCG@10,1.0
q177981,R@100,1.0
q177982,nDCG@10,1.0
q177982,R@100,1.0
q177983,nDCG@10,1.0
q177983,R@100,1.0
q177984,nDCG@10,1.0
q177984,R@100,1.0
q177985,nDCG@10,1.0
q177985,R@100,1.0
q177986,nDCG@10,1.0
q177986,R@100,1.0
q177987,nDCG@10,1.0
q177987,R@100,1.0
q177988,nDCG@10,1.0
q177988,R@100,1.0
q177989,nDCG@10,1.0
q177989,R@100,1.0
q177990,nDCG@10,1.0
q177990,R@100,1.0
q177991,nDCG@10,1.0
q177991,R@100,1.0
q177992,nDCG@10,1.0
q177992,R@100,1.0
q177993,nDCG@10,1.0
q177993,R@100,1.0
q177994,nDCG@10,0.3010299956639812
q177994,R@100,1.0
q177995,nDCG@10,1.0
q177995,R@100,1.0
q177996,nDCG@10,0.0
q177996,R@100,1.0
q177997,nDCG@10,1.0
q177997,R@100,1.0
q177998,nDCG@10,0.0
q177998,R@100,1.0
q177999,nDCG@10,0.3562071871080222
q177999,R@100,1.0
q178000,nDCG@10,0.0
q178000,R@100,0.0
q178001,nDCG@10,0.0
q178001,R@100,0.0
q178002,nDCG@10,0.3562071871080222
q178002,R@100,1.0
q178003,nDCG@10,0.6309297535714575
q178003,R@100,1.0
q178004,nDCG@10,1.0
q178004,R@100,1.0
q178005,nDCG@10,1.0
q178005,R@100,1.0
q178006,nDCG@10,0.6309297535714575
q178006,R@100,1.0
q178007,nDCG@10,1.0
q178007,R@100,1.0
q178008,nDCG@10,1.0
q178008,R@100,1.0
q178009,nDCG@10,1.0
q178009,R@100,1.0
q178010,nDCG@10,1.0
q178010,R@100,1.0
q178011,nDCG@10,1.0
q178011,R@100,1.0
q178012,nDCG@10,1.0
q178012,R@100,1.0
q178013,nDCG@10,0.43067655807339306
q178013,R@100,1.0
q178014,nDCG@10,1.0
q178014,R@100,1.0
q178015,nDCG@10,0.0
q178015,R@100,1.0
q178016,nDCG@10,0.3562071871080222
q178016,R@100,1.0
q178017,nDCG@10,1.0
q178017,R@100,1.0
q178018,nDCG@10,1.0
q178018,R@100,1.0
q178019,nDCG@10,1.0
q178019,R@100,1.0
q178020,nDCG@10,0.0
q178020,R@100,1.0
q178021,nDCG@10,1.0
q178021,R@100,1.0
q178022,nDCG@10,1.0
q178022,R@100,1.0
q178023,nDCG@10,0.6309297535714575
q178023,R@100,1.0
q178024,nDCG@10,1.0
q178024,R@100,1.0
q178025,nDCG@10,0.0
q178025,R@100,1.0
q178026,nDCG@10,0.31546487678572877
q178026,R@100,1.0
q178027,nDCG@10,0.43067655807339306
q178027,R@100,1.0
q178028,nDCG@10,1.0
q178028,R@100,1.0
q178029,nDCG@10,1.0
q178029,R@100,1.0
q178030,nDCG@10,1.0
q178030,R@100,1.0
q178031,nDCG@10,0.43067655807339306
q178031,R@100,1.0
q178032,nDCG@10,1.0
q178032,R@100,1.0
q178033,nDCG@10,1.0
q178033,R@100,1.0
q178034,nDCG@10,1.0
q178034,R@100,1.0
q178035,nDCG@10,1.0
q178035,R@100,1.0
q178036,nDCG@10,1.0
q178036,R@100,1.0
q178037,nDCG@10,0.6309297535714575
q178037,R@100,1.0
q178038,nDCG@10,1.0
q178038,R@100,1.0
q178039,nDCG@10,0.0
q178039,R@100,1.0
q178040,nDCG@10,0.43067655807339306
q178040,R@100,1.0
q178041,nDCG@10,0.3010299956639812
q178041,R@100,1.0
q178042,nDCG@10,1.0
q178042,R@100,1.0
q178043,nDCG@10,1.0
q178043,R@100,1.0
q178044,nDCG@10,1.0
q178044,R@100,1.0
q178045,nDCG@10,1.0
q178045,R@100,1.0
q178046,nDCG@10,1.0
q178046,R@100,1.0
q178047,nDCG@10,0.0
q178047,R@100,1.0
q178048,nDCG@10,0.3333333333333333
q178048,R@100,1.0
q178049,nDCG@10,1.0
q178049,R@100,1.0
q178050,nDCG@10,1.0
q178050,R@100,1.0
q178051,nDCG@10,1.0
q178051,R@100,1.0
q178052,nDCG@10,1.0
q178052,R@100,1.0
q178053,nDCG@10,0.6309297535714575
q178053,R@100,1.0
q178054,nDCG@10,0.6309297535714575
q178054,R@100,1.0
q178055,nDCG@10,0.43067655807339306
q178055,R@100,1.0
q178056,nDCG@10,0.0
q178056,R@100,1.0
q178057,nDCG@10,1.0
q178057,R@100,1.0
q178058,nDCG@10,0.3010299956639812
q178058,R@100,1.0
q178059,nDCG@10,0.0
q178059,R@100,1.0
q178060,nDCG@10,0.0
q178060,R@100,1.0
q178061,nDCG@10,0.0
q178061,R@100,1.0
q178062,nDCG@10,1.0
q178062,R@100,1.0
q178063,nDCG@10,0.0
q178063,R@100,0.0
q178064,nDCG@10,0.0
q178064,R@100,1.0
q178065,nDCG@10,0.0
q178065,R@100,0.0
q178066,nDCG@10,0.0
q178066,R@100,1.0
q178067,nDCG@10,0.0
q178067,R@100,0.0
q178068,nDCG@10,0.0
q178068,R@100,0.0
q178069,nDCG@10,0.0
q178069,R@100,0.0
q178070,nDCG@10,0.0
q178070,R@100,0.0
q178071,nDCG@10,1.0
q178071,R@100,1.0
q178072,nDCG@10,0.0
q178072,R@100,1.0
q178073,nDCG@10,0.2890648263178879
q178073,R@100,1.0
q178074,nDCG@10,0.0
q178074,R@100,1.0
q178075,nDCG@10,1.0
q178075,R@100,1.0
q178076,nDCG@10,0.43067655807339306
q178076,R@100,1.0
q178077,nDCG@10,0.6309297535714575
q178077,R@100,1.0
q178078,nDCG@10,0.38685280723454163
q178078,R@100,1.0
q178079,nDCG@10,0.6309297535714575
q178079,R@100,1.0
q178080,nDCG@10,0.0
q178080,R@100,0.0
q178081,nDCG@10,0.0
q178081,R@100,1.0
q178082,nDCG@10,1.0
q178082,R@100,1.0
q178083,nDCG@10,0.0
q178083,R@100,0.0
q178084,nDCG@10,0.0
q178084,R@100,0.0
q178085,nDCG@10,0.0
q178085,R@100,0.0
q178086,nDCG@10,0.0
q178086,R@100,0.0
q178087,nDCG@10,0.0
q178087,R@100,0.0
q178088,nDCG@10,1.0
q178088,R@100,1.0
q178089,nDCG@10,0.0
q178089,R@100,1.0
q178090,nDCG@10,0.3010299956639812
q178090,R@100,1.0
q178091,nDCG@10,1.0
q178091,R@100,1.0
q178092,nDCG@10,0.0
q178092,R@100,0.0
q178093,nDCG@10,0.5
q178093,R@100,1.0
q178094,nDCG@10,1.0
q178094,R@100,1.0
q178095,nDCG@10,0.5
q178095,R@100,1.0
q178096,nDCG@10,0.5
q178096,R@100,1.0
q178097,nDCG@10,0.0
q178097,R@100,0.0
q178098,nDCG@10,0.0
q178098,R@100,1.0
q178099,nDCG@10,0.0
q178099,R@100,1.0
q178100,nDCG@10,0.6309297535714575
q178100,R@100,1.0
q178101,nDCG@10,0.0
q178101,R@100,0.0
q178102,nDCG@10,1.0
q178102,R@100,1.0
q178103,nDCG@10,0.6309297535714575
q178103,R@100,1.0
q178104,nDCG@10,0.6309297535714575
q178104,R@100,1.0
q178105,nDCG@10,0.0
q178105,R@100,0.0
q178106,nDCG@10,1.0
q178106,R@100,1.0
q178107,nDCG@10,0.0
q178107,R@100,1.0
q178108,nDCG@10,0.0
q178108,R@100,0.0
q178109,nDCG@10,1.0
q178109,R@100,1.0
q178110,nDCG@10,1.0
q178110,R@100,1.0
q178111,nDCG@10,1.0
q178111,R@100,1.0
q178112,nDCG@10,0.3562071871080222
q178112,R@100,1.0
q178113,nDCG@10,0.38685280723454163
q178113,R@100,1.0
q178114,nDCG@10,1.0
q178114,R@100,1.0
q178115,nDCG@10,1.0
q178115,R@100,1.0
q178116,nDCG@10,0.0
q178116,R@100,1.0
q178117,nDCG@10,1.0
q178117,R@100,1.0
q178118,nDCG@10,1.0
q178118,R@100,1.0
q178119,nDCG@10,1.0
q178119,R@100,1.0
q178120,nDCG@10,0.6309297535714575
q178120,R@100,1.0
q178121,nDCG@10,0.6309297535714575
q178121,R@100,1.0
q178122,nDCG@10,0.6309297535714575
q178122,R@100,1.0
q178123,nDCG@10,0.0
q178123,R@100,0.0
q178124,nDCG@10,0.6309297535714575
q178124,R@100,1.0
q178125,nDCG@10,1.0
q178125,R@100,1.0
q178126,nDCG@10,1.0
q178126,R@100,1.0
q178127,nDCG@10,1.0
q178127,R@100,1.0
q178128,nDCG@10,0.0
q178128,R@100,0.0
q178129,nDCG@10,0.3333333333333333
q178129,R@100,1.0
q178130,nDCG@10,1.0
q178130,R@100,1.0
q178131,nDCG@10,0.5
q178131,R@100,1.0
q178132,nDCG@10,1.0
q178132,R@100,1.0
q178133,nDCG@10,1.0
q178133,R@100,1.0
q178134,nDCG@10,1.0
q178134,R@100,1.0
q178135,nDCG@10,1.0
q178135,R@100,1.0
q178136,nDCG@10,1.0
q178136,R@100,1.0
q178137,nDCG@10,0.0
q178137,R@100,0.0
q178138,nDCG@10,0.6309297535714575
q178138,R@100,1.0
q178139,nDCG@10,1.0
q178139,R@100,1.0
q178140,nDCG@10,0.38685280723454163
q178140,R@100,1.0
q178141,nDCG@10,0.6309297535714575
q178141,R@100,1.0
q178142,nDCG@10,1.0
q178142,R@100,1.0
q178143,nDCG@10,1.0
q178143,R@100,1.0
q178144,nDCG@10,0.0
q178144,R@100,0.0
q178145,nDCG@10,0.0
q178145,R@100,0.0
q178146,nDCG@10,1.0
q178146,R@100,1.0
q178147,nDCG@10,1.0
q178147,R@100,1.0
q178148,nDCG@10,1.0
q178148,R@100,1.0
q178149,nDCG@10,0.0
q178149,R@100,1.0
q178150,nDCG@10,1.0
q178150,R@100,1.0
q178151,nDCG@10,0.6309297535714575
q178151,R@100,1.0
q178152,nDCG@10,1.0
q178152,R@100,1.0
q178153,nDCG@10,1.0
q178153,R@100,1.0
q178154,nDCG@10,1.0
q178154,R@100,1.0
q178155,nDCG@10,0.0
q178155,R@100,1.0
q178156,nDCG@10,0.0
q178156,R@100,1.0
q178157,nDCG@10,1.0
q178157,R@100,1.0
q178158,nDCG@10,1.0
q178158,R@100,1.0
q178159,nDCG@10,1.0
q178159,R@100,1.0
q178160,nDCG@10,0.0
q178160,R@100,1.0
q178161,nDCG@10,1.0
q178161,R@100,1.0
q178162,nDCG@10,1.0
q178162,R@100,1.0
q178163,nDCG@10,1.0
q178163,R@100,1.0
q178164,nDCG@10,1.0
q178164,R@100,1.0
q178165,nDCG@10,1.0
q178165,R@100,1.0
q178166,nDCG@10,0.0
q178166,R@100,1.0
q178167,nDCG@10,0.0
q178167,R@100,0.0
q178168,nDCG@10,1.0
q178168,R@100,1.0
q178169,nDCG@10,0.0
q178169,R@100,1.0
q178170,nDCG@10,1.0
q178170,R@100,1.0
q178171,nDCG@10,1.0
q178171,R@100,1.0
q178172,nDCG@10,0.31546487678572877
q178172,R@100,1.0
q178173,nDCG@10,1.0
q178173,R@100,1.0
q178174,nDCG@10,1.0
q178174,R@100,1.0
q178175,nDCG@10,1.0
q178175,R@100,1.0
q178176,nDCG@10,1.0
q178176,R@100,1.0
q178177,nDCG@10,1.0
q178177,R@100,1.0
q178178,nDCG@10,1.0
q178178,R@100,1.0
q178179,nDCG@10,1.0
q178179,R@100,1.0
q178180,nDCG@10,0.0
q178180,R@100,0.0
q178181,nDCG@10,0.0
q178181,R@100,1.0
q178182,nDCG@10,0.6309297535714575
q178182,R@100,1.0
q178183,nDCG@10,0.6309297535714575
q178183,R@100,1.0
q178184,nDCG@10,0.5
q178184,R@100,1.0
q178185,nDCG@10,0.31546487678572877
q178185,R@100,1.0
q178186,nDCG@10,0.3333333333333333
q178186,R@100,1.0
q178187,nDCG@10,0.6309297535714575
q178187,R@100,1.0
q178188,nDCG@10,0.6309297535714575
q178188,R@100,1.0
q178189,nDCG@10,0.0
q178189,R@100,0.0
q178190,nDCG@10,0.5
q178190,R@100,1.0
q178191,nDCG@10,0.0
q178191,R@100,0.0
q178192,nDCG@10,0.0
q178192,R@100,1.0
q178193,nDCG@10,0.3333333333333333
q178193,R@100,1.0
q178194,nDCG@10,1.0
q178194,R@100,1.0
q178195,nDCG@10,0.5
q178195,R@100,1.0
q178196,nDCG@10,1.0
q178196,R@100,1.0
q178197,nDCG@10,1.0
q178197,R@100,1.0
q178198,nDCG@10,0.3562071871080222
q178198,R@100,1.0
q178199,nDCG@10,1.0
q178199,R@100,1.0
q178200,nDCG@10,1.0
q178200,R@100,1.0
q178201,nDCG@10,1.0
q178201,R@100,1.0
q178202,nDCG@10,1.0
q178202,R@100,1.0
q178203,nDCG@10,1.0
q178203,R@100,1.0
q178204,nDCG@10,0.5
q178204,R@100,1.0
q178205,nDCG@10,0.3562071871080222
q178205,R@100,1.0
q178206,nDCG@10,1.0
q178206,R@100,1.0
q178207,nDCG@10,1.0
q178207,R@100,1.0
q178208,nDCG@10,1.0
q178208,R@100,1.0
q178209,nDCG@10,1.0
q178209,R@100,1.0
q178210,nDCG@10,0.43067655807339306
q178210,R@100,1.0
q178211,nDCG@10,0.6309297535714575
q178211,R@100,1.0
q178212,nDCG@10,0.3333333333333333
q178212,R@100,1.0
q178213,nDCG@10,1.0
q178213,R@100,1.0
q178214,nDCG@10,1.0
q178214,R@100,1.0
q178215,nDCG@10,0.6309297535714575
q178215,R@100,1.0
q178216,nDCG@10,1.0
q178216,R@100,1.0
q178217,nDCG@10,0.0
q178217,R@100,1.0
q178218,nDCG@10,0.0
q178218,R@100,1.0
q178219,nDCG@10,1.0
q178219,R@100,1.0
q178220,nDCG@10,0.0
q178220,R@100,1.0
q178221,nDCG@10,0.0
q178221,R@100,1.0
q178222,nDCG@10,0.5
q178222,R@100,1.0
q178223,nDCG@10,1.0
q178223,R@100,1.0
q178224,nDCG@10,1.0
q178224,R@100,1.0
q178225,nDCG@10,1.0
q178225,R@100,1.0
q178226,nDCG@10,0.0
q178226,R@100,1.0
q178227,nDCG@10,0.3333333333333333
q178227,R@100,1.0
q178228,nDCG@10,0.5
q178228,R@100,1.0
q178229,nDCG@10,0.5
q178229,R@100,1.0
q178230,nDCG@10,1.0
q178230,R@100,1.0
q178231,nDCG@10,0.43067655807339306
q178231,R@100,1.0
q178232,nDCG@10,1.0
q178232,R@100,1.0
q178233,nDCG@10,0.6309297535714575
q178233,R@100,1.0
q178234,nDCG@10,1.0
q178234,R@100,1.0
q178235,nDCG@10,1.0
q178235,R@100,1.0
q178236,nDCG@10,0.0
q178236,R@100,1.0
q178237,nDCG@10,0.43067655807339306
q178237,R@100,1.0
q178238,nDCG@10,0.38685280723454163
q178238,R@100,1.0
q178239,nDCG@10,0.6309297535714575
q178239,R@100,1.0
q178240,nDCG@10,0.5
q178240,R@100,1.0
q178241,nDCG@10,1.0
q178241,R@100,1.0
q178242,nDCG@10,1.0
q178242,R@100,1.0
q178243,nDCG@10,1.0
q178243,R@100,1.0
q178244,nDCG@10,0.3010299956639812
q178244,R@100,1.0
q178245,nDCG@10,1.0
q178245,R@100,1.0
q178246,nDCG@10,0.6309297535714575
q178246,R@100,1.0
q178247,nDCG@10,1.0
q178247,R@100,1.0
q178248,nDCG@10,0.0
q178248,R@100,0.0
q178249,nDCG@10,1.0
q178249,R@100,1.0
q178250,nDCG@10,0.6309297535714575
q178250,R@100,1.0
q178251,nDCG@10,1.0
q178251,R@100,1.0
q178252,nDCG@10,1.0
q178252,R@100,1.0
q178253,nDCG@10,1.0
q178253,R@100,1.0
q178254,nDCG@10,1.0
q178254,R@100,1.0
q178255,nDCG@10,0.38685280723454163
q178255,R@100,1.0
q178256,nDCG@10,1.0
q178256,R@100,1.0
q178257,nDCG@10,0.3333333333333333
q178257,R@100,1.0
q178258,nDCG@10,0.0
q178258,R@100,0.0
q178259,nDCG@10,0.2890648263178879
q178259,R@100,1.0
q178260,nDCG@10,1.0
q178260,R@100,1.0
q178261,nDCG@10,1.0
q178261,R@100,1.0
q178262,nDCG@10,1.0
q178262,R@100,1.0
q178263,nDCG@10,0.3010299956639812
q178263,R@100,1.0
q178264,nDCG@10,0.6309297535714575
q178264,R@100,1.0
q178265,nDCG@10,1.0
q178265,R@100,1.0
q178266,nDCG@10,0.3562071871080222
q178266,R@100,1.0
q178267,nDCG@10,0.38685280723454163
q178267,R@100,1.0
q178268,nDCG@10,0.5
q178268,R@100,1.0
q178269,nDCG@10,0.43067655807339306
q178269,R@100,1.0
q178270,nDCG@10,1.0
q178270,R@100,1.0
q178271,nDCG@10,0.5
q178271,R@100,1.0
q178272,nDCG@10,1.0
q178272,R@100,1.0
q178273,nDCG@10,1.0
q178273,R@100,1.0
q178274,nDCG@10,0.6309297535714575
q178274,R@100,1.0
q178275,nDCG@10,0.6309297535714575
q178275,R@100,1.0
q178276,nDCG@10,0.5
q178276,R@100,1.0
q178277,nDCG@10,0.3562071871080222
q178277,R@100,1.0
q178278,nDCG@10,0.5
q178278,R@100,1.0
q178279,nDCG@10,1.0
q178279,R@100,1.0
q178280,nDCG@10,0.38685280723454163
q178280,R@100,1.0
q178281,nDCG@10,1.0
q178281,R@100,1.0
q178282,nDCG@10,0.6309297535714575
q178282,R@100,1.0
q178283,nDCG@10,1.0
q178283,R@100,1.0
q178284,nDCG@10,0.5
q178284,R@100,1.0
q178285,nDCG@10,1.0
q178285,R@100,1.0
q178286,nDCG@10,1.0
q178286,R@100,1.0
q178287,nDCG@10,1.0
q178287,R@100,1.0
q178288,nDCG@10,1.0
q178288,R@100,1.0
q178289,nDCG@10,1.0
q178289,R@100,1.0
q178290,nDCG@10,1.0
q178290,R@100,1.0
q178291,nDCG@10,1.0
q178291,R@100,1.0
q178292,nDCG@10,1.0
q178292,R@100,1.0
q178293,nDCG@10,0.6309297535714575
q178293,R@100,1.0
q178294,nDCG@10,1.0
q178294,R@100,1.0
q178295,nDCG@10,1.0
q178295,R@100,1.0
q178296,nDCG@10,1.0
q178296,R@100,1.0
q178297,nDCG@10,1.0
q178297,R@100,1.0
q178298,nDCG@10,1.0
q178298,R@100,1.0
q178299,nDCG@10,1.0
q178299,R@100,1.0
q178300,nDCG@10,0.6309297535714575
q178300,R@100,1.0
q178301,nDCG@10,0.5
q178301,R@100,1.0
q178302,nDCG@10,0.0
q178302,R@100,0.0
q178303,nDCG@10,1.0
q178303,R@100,1.0
q178304,nDCG@10,0.5
q178304,R@100,1.0
q178305,nDCG@10,1.0
q178305,R@100,1.0
q178306,nDCG@10,0.0
q178306,R@100,0.0
q178307,nDCG@10,0.6309297535714575
q178307,R@100,1.0
q178308,nDCG@10,0.6309297535714575
q178308,R@100,1.0
q178309,nDCG@10,0.0
q178309,R@100,1.0
q178310,nDCG@10,1.0
q178310,R@100,1.0
q178311,nDCG@10,1.0
q178311,R@100,1.0
q178312,nDCG@10,1.0
q178312,R@100,1.0
q178313,nDCG@10,1.0
q178313,R@100,1.0
q178314,nDCG@10,1.0
q178314,R@100,1.0
q178315,nDCG@10,1.0
q178315,R@100,1.0
q178316,nDCG@10,1.0
q178316,R@100,1.0
q178317,nDCG@10,1.0
q178317,R@100,1.0
q178318,nDCG@10,0.0
q178318,R@100,1.0
q178319,nDCG@10,0.6309297535714575
q178319,R@100,1.0
q178320,nDCG@10,1.0
q178320,R@100,1.0
q178321,nDCG@10,1.0
q178321,R@100,1.0
q178322,nDCG@10,0.3010299956639812
q178322,R@100,1.0
q178323,nDCG@10,0.5
q178323,R@100,1.0
q178324,nDCG@10,1.0
q178324,R@100,1.0
q178325,nDCG@10,1.0
q178325,R@100,1.0
q178326,nDCG@10,1.0
q178326,R@100,1.0
q178327,nDCG@10,1.0
q178327,R@100,1.0
q178328,nDCG@10,1.0
q178328,R@100,1.0
q178329,nDCG@10,0.43067655807339306
q178329,R@100,1.0
q178330,nDCG@10,0.0
q178330,R@100,0.0
q178331,nDCG@10,0.3333333333333333
q178331,R@100,1.0
q178332,nDCG@10,0.0
q178332,R@100,1.0
q178333,nDCG@10,0.0
q178333,R@100,0.0
q178334,nDCG@10,0.0
q178334,R@100,1.0
q178335,nDCG@10,0.0
q178335,R@100,0.0
q178336,nDCG@10,0.6309297535714575
q178336,R@100,1.0
q178337,nDCG@10,0.31546487678572877
q178337,R@100,1.0
q178338,nDCG@10,1.0
q178338,R@100,1.0
q178339,nDCG@10,1.0
q178339,R@100,1.0
q178340,nDCG@10,0.0
q178340,R@100,0.0
q178341,nDCG@10,0.43067655807339306
q178341,R@100,1.0
q178342,nDCG@10,1.0
q178342,R@100,1.0
q178343,nDCG@10,0.0
q178343,R@100,1.0
q178344,nDCG@10,1.0
q178344,R@100,1.0
q178345,nDCG@10,1.0
q178345,R@100,1.0
q178346,nDCG@10,1.0
q178346,R@100,1.0
q178347,nDCG@10,1.0
q178347,R@100,1.0
q178348,nDCG@10,1.0
q178348,R@100,1.0
q178349,nDCG@10,0.0
q178349,R@100,1.0
q178350,nDCG@10,0.6309297535714575
q178350,R@100,1.0
q178351,nDCG@10,1.0
q178351,R@100,1.0
q178352,nDCG@10,1.0
q178352,R@100,1.0
q178353,nDCG@10,1.0
q178353,R@100,1.0
q178354,nDCG@10,0.0
q178354,R@100,1.0
q178355,nDCG@10,0.5
q178355,R@100,1.0
q178356,nDCG@10,1.0
q178356,R@100,1.0
q178357,nDCG@10,0.0
q178357,R@100,1.0
q178358,nDCG@10,0.3562071871080222
q178358,R@100,1.0
q178359,nDCG@10,1.0
q178359,R@100,1.0
q178360,nDCG@10,0.0
q178360,R@100,1.0
q178361,nDCG@10,1.0
q178361,R@100,1.0
q178362,nDCG@10,1.0
q178362,R@100,1.0
q178363,nDCG@10,1.0
q178363,R@100,1.0
q178364,nDCG@10,1.0
q178364,R@100,1.0
q178365,nDCG@10,0.0
q178365,R@100,1.0
q178366,nDCG@10,1.0
q178366,R@100,1.0
q178367,nDCG@10,1.0
q178367,R@100,1.0
q178368,nDCG@10,0.0
q178368,R@100,0.0
q178369,nDCG@10,0.0
q178369,R@100,1.0
q178370,nDCG@10,0.0
q178370,R@100,0.0
q178371,nDCG@10,0.6309297535714575
q178371,R@100,1.0
q178372,nDCG@10,1.0
q178372,R@100,1.0
q178373,nDCG@10,1.0
q178373,R@100,1.0
q178374,nDCG@10,0.6309297535714575
q178374,R@100,1.0
q178375,nDCG@10,1.0
q178375,R@100,1.0
q178376,nDCG@10,0.38685280723454163
q178376,R@100,1.0
q178377,nDCG@10,0.2890648263178879
q178377,R@100,1.0
q178378,nDCG@10,0.6309297535714575
q178378,R@100,1.0
q178379,nDCG@10,0.6309297535714575
q178379,R@100,1.0
q178380,nDCG@10,1.0
q178380,R@100,1.0
q178381,nDCG@10,0.0
q178381,R@100,1.0
q178382,nDCG@10,1.0
q178382,R@100,1.0
q178383,nDCG@10,1.0
q178383,R@100,1.0
q178384,nDCG@10,1.0
q178384,R@100,1.0
q178385,nDCG@10,1.0
q178385,R@100,1.0
q178386,nDCG@10,1.0
q178386,R@100,1.0
q178387,nDCG@10,1.0
q178387,R@100,1.0
q178388,nDCG@10,1.0
q178388,R@100,1.0
q178389,nDCG@10,1.0
q178389,R@100,1.0
q178390,nDCG@10,1.0
q178390,R@100,1.0
q178391,nDCG@10,1.0
q178391,R@100,1.0
q178392,nDCG@10,1.0
q178392,R@100,1.0
q178393,nDCG@10,1.0
q178393,R@100,1.0
q178394,nDCG@10,0.43067655807339306
q178394,R@100,1.0
q178395,nDCG@10,1.0
q178395,R@100,1.0
q178396,nDCG@10,1.0
q178396,R@100,1.0
q178397,nDCG@10,1.0
q178397,R@100,1.0
q178398,nDCG@10,1.0
q178398,R@100,1.0
q178399,nDCG@10,1.0
q178399,R@100,1.0
q178400,nDCG@10,1.0
q178400,R@100,1.0
q178401,nDCG@10,0.5
q178401,R@100,1.0
q178402,nDCG@10,0.6309297535714575
q178402,R@100,1.0
q178403,nDCG@10,0.5
q178403,R@100,1.0
q178404,nDCG@10,1.0
q178404,R@100,1.0
q178405,nDCG@10,1.0
q178405,R@100,1.0
q178406,nDCG@10,0.6309297535714575
q178406,R@100,1.0
q178407,nDCG@10,1.0
q178407,R@100,1.0
q178408,nDCG@10,1.0
q178408,R@100,1.0
q178409,nDCG@10,0.6309297535714575
q178409,R@100,1.0
q178410,nDCG@10,0.5
q178410,R@100,1.0
q178411,nDCG@10,0.6309297535714575
q178411,R@100,1.0
q178412,nDCG@10,0.6309297535714575
q178412,R@100,1.0
q178413,nDCG@10,0.0
q178413,R@100,1.0
q178414,nDCG@10,1.0
q178414,R@100,1.0
q178415,nDCG@10,1.0
q178415,R@100,1.0
q178416,nDCG@10,1.0
q178416,R@100,1.0
q178417,nDCG@10,1.0
q178417,R@100,1.0
q178418,nDCG@10,1.0
q178418,R@100,1.0
q178419,nDCG@10,1.0
q178419,R@100,1.0
q178420,nDCG@10,1.0
q178420,R@100,1.0
q178421,nDCG@10,0.0
q178421,R@100,1.0
q178422,nDCG@10,1.0
q178422,R@100,1.0
q178423,nDCG@10,1.0
q178423,R@100,1.0
q178424,nDCG@10,0.6309297535714575
q178424,R@100,1.0
q178425,nDCG@10,1.0
q178425,R@100,1.0
q178426,nDCG@10,1.0
q178426,R@100,1.0
q178427,nDCG@10,1.0
q178427,R@100,1.0
q178428,nDCG@10,0.0
q178428,R@100,0.0
q178429,nDCG@10,0.5
q178429,R@100,1.0
q178430,nDCG@10,1.0
q178430,R@100,1.0
q178431,nDCG@10,0.0
q178431,R@100,1.0
q178432,nDCG@10,0.0
q178432,R@100,1.0
q178433,nDCG@10,1.0
q178433,R@100,1.0
q178434,nDCG@10,0.6309297535714575
q178434,R@100,1.0
q178435,nDCG@10,1.0
q178435,R@100,1.0
q178436,nDCG@10,1.0
q178436,R@100,1.0
q178437,nDCG@10,0.6309297535714575
q178437,R@100,1.0
q178438,nDCG@10,0.5
q178438,R@100,1.0
q178439,nDCG@10,0.2890648263178879
q178439,R@100,1.0
q178440,nDCG@10,1.0
q178440,R@100,1.0
q178441,nDCG@10,1.0
q178441,R@100,1.0
q178442,nDCG@10,1.0
q178442,R@100,1.0
q178443,nDCG@10,0.43067655807339306
q178443,R@100,1.0
q178444,nDCG@10,1.0
q178444,R@100,1.0
q178445,nDCG@10,1.0
q178445,R@100,1.0
q178446,nDCG@10,0.3562071871080222
q178446,R@100,1.0
q178447,nDCG@10,0.0
q178447,R@100,0.0
q178448,nDCG@10,1.0
q178448,R@100,1.0
q178449,nDCG@10,0.0
q178449,R@100,1.0
q178450,nDCG@10,1.0
q178450,R@100,1.0
q178451,nDCG@10,1.0
q178451,R@100,1.0
q178452,nDCG@10,1.0
q178452,R@100,1.0
q178453,nDCG@10,1.0
q178453,R@100,1.0
q178454,nDCG@10,0.0
q178454,R@100,0.0
q178455,nDCG@10,1.0
q178455,R@100,1.0
q178456,nDCG@10,0.0
q178456,R@100,1.0
q178457,nDCG@10,1.0
q178457,R@100,1.0
q178458,nDCG@10,1.0
q178458,R@100,1.0
q178459,nDCG@10,1.0
q178459,R@100,1.0
q178460,nDCG@10,1.0
q178460,R@100,1.0
q178461,nDCG@10,1.0
q178461,R@100,1.0
q178462,nDCG@10,0.0
q178462,R@100,0.0
q178463,nDCG@10,1.0
q178463,R@100,1.0
q178464,nDCG@10,1.0
q178464,R@100,1.0
q178465,nDCG@10,0.3010299956639812
q178465,R@100,1.0
q178466,nDCG@10,0.43067655807339306
q178466,R@100,1.0
q178467,nDCG@10,0.6309297535714575
q178467,R@100,1.0
q178468,nDCG@10,1.0
q178468,R@100,1.0
q178469,nDCG@10,1.0
q178469,R@100,1.0
q178470,nDCG@10,1.0
q178470,R@100,1.0
q178471,nDCG@10,1.0
q178471,R@100,1.0
q178472,nDCG@10,1.0
q178472,R@100,1.0
q178473,nDCG@10,1.0
q178473,R@100,1.0
q178474,nDCG@10,1.0
q178474,R@100,1.0
q178475,nDCG@10,0.6309297535714575
q178475,R@100,1.0
q178476,nDCG@10,0.0
q178476,R@100,1.0
q178477,nDCG@10,1.0
q178477,R@100,1.0
q178478,nDCG@10,0.0
q178478,R@100,0.0
q178479,nDCG@10,1.0
q178479,R@100,1.0
q178480,nDCG@10,1.0
q178480,R@100,1.0
q178481,nDCG@10,0.0
q178481,R@100,1.0
q178482,nDCG@10,0.5
q178482,R@100,1.0
q178483,nDCG@10,0.2890648263178879
q178483,R@100,1.0
q178484,nDCG@10,0.6309297535714575
q178484,R@100,1.0
q178485,nDCG@10,1.0
q178485,R@100,1.0
q178486,nDCG@10,0.6309297535714575
q178486,R@100,1.0
q178487,nDCG@10,1.0
q178487,R@100,1.0
q178488,nDCG@10,1.0
q178488,R@100,1.0
q178489,nDCG@10,0.5
q178489,R@100,1.0
q178490,nDCG@10,0.6309297535714575
q178490,R@100,1.0
q178491,nDCG@10,1.0
q178491,R@100,1.0
q178492,nDCG@10,1.0
q178492,R@100,1.0
q178493,nDCG@10,0.5
q178493,R@100,1.0
q178494,nDCG@10,1.0
q178494,R@100,1.0
q178495,nDCG@10,0.43067655807339306
q178495,R@100,1.0
q178496,nDCG@10,0.6309297535714575
q178496,R@100,1.0
q178497,nDCG@10,1.0
q178497,R@100,1.0
q178498,nDCG@10,1.0
q178498,R@100,1.0
q178499,nDCG@10,1.0
q178499,R@100,1.0
q178500,nDCG@10,0.43067655807339306
q178500,R@100,1.0
q178501,nDCG@10,0.0
q178501,R@100,0.0
q178502,nDCG@10,1.0
q178502,R@100,1.0
q178503,nDCG@10,0.6309297535714575
q178503,R@100,1.0
q178504,nDCG@10,1.0
q178504,R@100,1.0
q178505,nDCG@10,1.0
q178505,R@100,1.0
q178506,nDCG@10,0.6309297535714575
q178506,R@100,1.0
q178507,nDCG@10,1.0
q178507,R@100,1.0
q178508,nDCG@10,1.0
q178508,R@100,1.0
q178509,nDCG@10,0.0
q178509,R@100,1.0
q178510,nDCG@10,1.0
q178510,R@100,1.0
q178511,nDCG@10,1.0
q178511,R@100,1.0
q178512,nDCG@10,1.0
q178512,R@100,1.0
q178513,nDCG@10,1.0
q178513,R@100,1.0
q178514,nDCG@10,0.0
q178514,R@100,0.0
q178515,nDCG@10,0.3562071871080222
q178515,R@100,1.0
q178516,nDCG@10,0.0
q178516,R@100,1.0
q178517,nDCG@10,1.0
q178517,R@100,1.0
q178518,nDCG@10,0.38685280723454163
q178518,R@100,1.0
q178519,nDCG@10,1.0
q178519,R@100,1.0
q178520,nDCG@10,1.0
q178520,R@100,1.0
q178521,nDCG@10,1.0
q178521,R@100,1.0
q178522,nDCG@10,1.0
q178522,R@100,1.0
q178523,nDCG@10,0.0
q178523,R@100,0.0
q178524,nDCG@10,0.0
q178524,R@100,1.0
q178525,nDCG@10,0.43067655807339306
q178525,R@100,1.0
q178526,nDCG@10,1.0
q178526,R@100,1.0
q178527,nDCG@10,0.0
q178527,R@100,1.0
q178528,nDCG@10,0.3562071871080222
q178528,R@100,1.0
q178529,nDCG@10,0.5
q178529,R@100,1.0
q178530,nDCG@10,0.5
q178530,R@100,1.0
q178531,nDCG@10,0.6309297535714575
q178531,R@100,1.0
q178532,nDCG@10,1.0
q178532,R@100,1.0
q178533,nDCG@10,1.0
q178533,R@100,1.0
q178534,nDCG@10,0.0
q178534,R@100,0.0
q178535,nDCG@10,0.0
q178535,R@100,1.0
q178536,nDCG@10,1.0
q178536,R@100,1.0
q178537,nDCG@10,1.0
q178537,R@100,1.0
q178538,nDCG@10,1.0
q178538,R@100,1.0
q178539,nDCG@10,0.2890648263178879
q178539,R@100,1.0
q178540,nDCG@10,1.0
q178540,R@100,1.0
q178541,nDCG@10,0.0
q178541,R@100,0.0
q178542,nDCG@10,1.0
q178542,R@100,1.0
q178543,nDCG@10,0.6309297535714575
q178543,R@100,1.0
q178544,nDCG@10,1.0
q178544,R@100,1.0
q178545,nDCG@10,1.0
q178545,R@100,1.0
q178546,nDCG@10,1.0
q178546,R@100,1.0
q178547,nDCG@10,1.0
q178547,R@100,1.0
q178548,nDCG@10,1.0
q178548,R@100,1.0
q178549,nDCG@10,1.0
q178549,R@100,1.0
q178550,nDCG@10,0.0
q178550,R@100,1.0
q178551,nDCG@10,1.0
q178551,R@100,1.0
q178552,nDCG@10,1.0
q178552,R@100,1.0
q178553,nDCG@10,1.0
q178553,R@100,1.0
q178554,nDCG@10,1.0
q178554,R@100,1.0
q178555,nDCG@10,0.0
q178555,R@100,1.0
q178556,nDCG@10,0.38685280723454163
q178556,R@100,1.0
q178557,nDCG@10,1.0
q178557,R@100,1.0
q178558,nDCG@10,1.0
q178558,R@100,1.0
q178559,nDCG@10,1.0
q178559,R@100,1.0
q178560,nDCG@10,1.0
q178560,R@100,1.0
q178561,nDCG@10,1.0
q178561,R@100,1.0
q178562,nDCG@10,1.0
q178562,R@100,1.0
q178563,nDCG@10,1.0
q178563,R@100,1.0
q178564,nDCG@10,1.0
q178564,R@100,1.0
q178565,nDCG@10,1.0
q178565,R@100,1.0
q178566,nDCG@10,0.3333333333333333
q178566,R@100,1.0
q178567,nDCG@10,0.6309297535714575
q178567,R@100,1.0
q178568,nDCG@10,1.0
q178568,R@100,1.0
q178569,nDCG@10,1.0
q178569,R@100,1.0
q178570,nDCG@10,1.0
q178570,R@100,1.0
q178571,nDCG@10,1.0
q178571,R@100,1.0
q178572,nDCG@10,1.0
q178572,R@100,1.0
q178573,nDCG@10,1.0
q178573,R@100,1.0
q178574,nDCG@10,0.43067655807339306
q178574,R@100,1.0
q178575,nDCG@10,1.0
q178575,R@100,1.0
q178576,nDCG@10,1.0
q178576,R@100,1.0
q178577,nDCG@10,1.0
q178577,R@100,1.0
q178578,nDCG@10,1.0
q178578,R@100,1.0
q178579,nDCG@10,1.0
q178579,R@100,1.0
q178580,nDCG@10,1.0
q178580,R@100,1.0
q178581,nDCG@10,1.0
q178581,R@100,1.0
q178582,nDCG@10,0.0
q178582,R@100,1.0
q178583,nDCG@10,0.6309297535714575
q178583,R@100,1.0
q178584,nDCG@10,1.0
q178584,R@100,1.0
q178585,nDCG@10,1.0
q178585,R@100,1.0
q178586,nDCG@10,0.6309297535714575
q178586,R@100,1.0
q178587,nDCG@10,1.0
q178587,R@100,1.0
q178588,nDCG@10,0.0
q178588,R@100,1.0
q178589,nDCG@10,1.0
q178589,R@100,1.0
q178590,nDCG@10,1.0
q178590,R@100,1.0
q178591,nDCG@10,1.0
q178591,R@100,1.0
q178592,nDCG@10,0.0
q178592,R@100,1.0
q178593,nDCG@10,1.0
q178593,R@100,1.0
q178594,nDCG@10,0.0
q178594,R@100,1.0
q178595,nDCG@10,0.0
q178595,R@100,1.0
q178596,nDCG@10,0.0
q178596,R@100,1.0
q178597,nDCG@10,1.0
q178597,R@100,1.0
q178598,nDCG@10,1.0
q178598,R@100,1.0
q178599,nDCG@10,1.0
q178599,R@100,1.0
q178600,nDCG@10,1.0
q178600,R@100,1.0
q178601,nDCG@10,1.0
q178601,R@100,1.0
q178602,nDCG@10,1.0
q178602,R@100,1.0
q178603,nDCG@10,1.0
q178603,R@100,1.0
q178604,nDCG@10,1.0
q178604,R@100,1.0
q178605,nDCG@10,1.0
q178605,R@100,1.0
q178606,nDCG@10,1.0
q178606,R@100,1.0
q178607,nDCG@10,1.0
q178607,R@100,1.0
q178608,nDCG@10,0.6309297535714575
q178608,R@100,1.0
q178609,nDCG@10,1.0
q178609,R@100,1.0
q178610,nDCG@10,1.0
q178610,R@100,1.0
q178611,nDCG@10,1.0
q178611,R@100,1.0
q178612,nDCG@10,1.0
q178612,R@100,1.0
q178613,nDCG@10,1.0
q178613,R@100,1.0
q178614,nDCG@10,1.0
q178614,R@100,1.0
q178615,nDCG@10,1.0
q178615,R@100,1.0
q178616,nDCG@10,0.0
q178616,R@100,0.0
q178617,nDCG@10,0.43067655807339306
q178617,R@100,1.0
q178618,nDCG@10,1.0
q178618,R@100,1.0
q178619,nDCG@10,1.0
q178619,R@100,1.0
q178620,nDCG@10,1.0
q178620,R@100,1.0
q178621,nDCG@10,0.43067655807339306
q178621,R@100,1.0
q178622,nDCG@10,0.38685280723454163
q178622,R@100,1.0
q178623,nDCG@10,1.0
q178623,R@100,1.0
q178624,nDCG@10,0.0
q178624,R@100,0.0
q178625,nDCG@10,1.0
q178625,R@100,1.0
q178626,nDCG@10,0.6309297535714575
q178626,R@100,1.0
q178627,nDCG@10,0.5
q178627,R@100,1.0
q178628,nDCG@10,0.0
q178628,R@100,1.0
q178629,nDCG@10,1.0
q178629,R@100,1.0
q178630,nDCG@10,0.43067655807339306
q178630,R@100,1.0
q178631,nDCG@10,1.0
q178631,R@100,1.0
q178632,nDCG@10,1.0
q178632,R@100,1.0
q178633,nDCG@10,0.0
q178633,R@100,1.0
q178634,nDCG@10,0.0
q178634,R@100,1.0
q178635,nDCG@10,0.0
q178635,R@100,1.0
q178636,nDCG@10,0.0
q178636,R@100,1.0
q178637,nDCG@10,0.0
q178637,R@100,1.0
q178638,nDCG@10,0.0
q178638,R@100,1.0
q178639,nDCG@10,0.3333333333333333
q178639,R@100,1.0
q178640,nDCG@10,0.6309297535714575
q178640,R@100,1.0
q178641,nDCG@10,1.0
q178641,R@100,1.0
q178642,nDCG@10,1.0
q178642,R@100,1.0
q178643,nDCG@10,1.0
q178643,R@100,1.0
q178644,nDCG@10,0.0
q178644,R@100,0.0
q178645,nDCG@10,0.0
q178645,R@100,1.0
q178646,nDCG@10,0.6309297535714575
q178646,R@100,1.0
q178647,nDCG@10,1.0
q178647,R@100,1.0
q178648,nDCG@10,0.6309297535714575
q178648,R@100,1.0
q178649,nDCG@10,0.0
q178649,R@100,1.0
q178650,nDCG@10,1.0
q178650,R@100,1.0
q178651,nDCG@10,1.0
q178651,R@100,1.0
q178652,nDCG@10,1.0
q178652,R@100,1.0
q178653,nDCG@10,1.0
q178653,R@100,1.0
q178654,nDCG@10,0.5
q178654,R@100,1.0
q178655,nDCG@10,0.0
q178655,R@100,1.0
q178656,nDCG@10,1.0
q178656,R@100,1.0
q178657,nDCG@10,0.0
q178657,R@100,1.0
q178658,nDCG@10,1.0
q178658,R@100,1.0
q178659,nDCG@10,0.43067655807339306
q178659,R@100,1.0
q178660,nDCG@10,1.0
q178660,R@100,1.0
q178661,nDCG@10,0.5
q178661,R@100,1.0
q178662,nDCG@10,1.0
q178662,R@100,1.0
q178663,nDCG@10,1.0
q178663,R@100,1.0
q178664,nDCG@10,0.3562071871080222
q178664,R@100,1.0
q178665,nDCG@10,1.0
q178665,R@100,1.0
q178666,nDCG@10,1.0
q178666,R@100,1.0
q178667,nDCG@10,0.0
q178667,R@100,1.0
q178668,nDCG@10,1.0
q178668,R@100,1.0
q178669,nDCG@10,1.0
q178669,R@100,1.0
q178670,nDCG@10,1.0
q178670,R@100,1.0
q178671,nDCG@10,1.0
q178671,R@100,1.0
q178672,nDCG@10,1.0
q178672,R@100,1.0
q178673,nDCG@10,0.5
q178673,R@100,1.0
q178674,nDCG@10,1.0
q178674,R@100,1.0
q178675,nDCG@10,1.0
q178675,R@100,1.0
q178676,nDCG@10,0.6309297535714575
q178676,R@100,1.0
q178677,nDCG@10,1.0
q178677,R@100,1.0
q178678,nDCG@10,0.3562071871080222
q178678,R@100,1.0
q178679,nDCG@10,0.38685280723454163
q178679,R@100,1.0
q178680,nDCG@10,0.0
q178680,R@100,1.0
q178681,nDCG@10,1.0
q178681,R@100,1.0
q178682,nDCG@10,0.0
q178682,R@100,1.0
q178683,nDCG@10,0.0
q178683,R@100,1.0
q178684,nDCG@10,0.5
q178684,R@100,1.0
q178685,nDCG@10,1.0
q178685,R@100,1.0
q178686,nDCG@10,1.0
q178686,R@100,1.0
q178687,nDCG@10,0.6309297535714575
q178687,R@100,1.0
q178688,nDCG@10,1.0
q178688,R@100,1.0
q178689,nDCG@10,1.0
q178689,R@100,1.0
q178690,nDCG@10,0.0
q178690,R@100,1.0
q178691,nDCG@10,1.0
q178691,R@100,1.0
q178692,nDCG@10,1.0
q178692,R@100,1.0
q178693,nDCG@10,1.0
q178693,R@100,1.0
q178694,nDCG@10,1.0
q178694,R@100,1.0
q178695,nDCG@10,1.0
q178695,R@100,1.0
q178696,nDCG@10,1.0
q178696,R@100,1.0
q178697,nDCG@10,1.0
q178697,R@100,1.0
q178698,nDCG@10,1.0
q178698,R@100,1.0
q178699,nDCG@10,1.0
q178699,R@100,1.0
q178700,nDCG@10,0.0
q178700,R@100,1.0
q178701,nDCG@10,1.0
q178701,R@100,1.0
q178702,nDCG@10,1.0
q178702,R@100,1.0
q178703,nDCG@10,1.0
q178703,R@100,1.0
q178704,nDCG@10,1.0
q178704,R@100,1.0
q178705,nDCG@10,1.0
q178705,R@100,1.0
q178706,nDCG@10,1.0
q178706,R@100,1.0
q178707,nDCG@10,1.0
q178707,R@100,1.0
q178708,nDCG@10,1.0
q178708,R@100,1.0
q178709,nDCG@10,0.6309297535714575
q178709,R@100,1.0
q178710,nDCG@10,1.0
q178710,R@100,1.0
q178711,nDCG@10,1.0
q178711,R@100,1.0
q178712,nDCG@10,0.5
q178712,R@100,1.0
q178713,nDCG@10,1.0
q178713,R@100,1.0
q178714,nDCG@10,1.0
q178714,R@100,1.0
q178715,nDCG@10,1.0
q178715,R@100,1.0
q178716,nDCG@10,1.0
q178716,R@100,1.0
q178717,nDCG@10,1.0
q178717,R@100,1.0
q178718,nDCG@10,1.0
q178718,R@100,1.0
q178719,nDCG@10,1.0
q178719,R@100,1.0
q178720,nDCG@10,1.0
q178720,R@100,1.0
q178721,nDCG@10,0.3562071871080222
q178721,R@100,1.0
q178722,nDCG@10,0.5
q178722,R@100,1.0
q178723,nDCG@10,0.0
q178723,R@100,1.0
q178724,nDCG@10,1.0
q178724,R@100,1.0
q178725,nDCG@10,0.0
q178725,R@100,0.0
q178726,nDCG@10,1.0
q178726,R@100,1.0
q178727,nDCG@10,1.0
q178727,R@100,1.0
q178728,nDCG@10,0.0
q178728,R@100,1.0
q178729,nDCG@10,1.0
q178729,R@100,1.0
q178730,nDCG@10,0.0
q178730,R@100,0.0
q178731,nDCG@10,1.0
q178731,R@100,1.0
q178732,nDCG@10,1.0
q178732,R@100,1.0
q178733,nDCG@10,0.0
q178733,R@100,1.0
q178734,nDCG@10,1.0
q178734,R@100,1.0
q178735,nDCG@10,1.0
q178735,R@100,1.0
q178736,nDCG@10,0.43067655807339306
q178736,R@100,1.0
q178737,nDCG@10,0.6309297535714575
q178737,R@100,1.0
q178738,nDCG@10,0.43067655807339306
q178738,R@100,1.0
q178739,nDCG@10,0.6309297535714575
q178739,R@100,1.0
q178740,nDCG@10,1.0
q178740,R@100,1.0
q178741,nDCG@10,1.0
q178741,R@100,1.0
q178742,nDCG@10,1.0
q178742,R@100,1.0
q178743,nDCG@10,1.0
q178743,R@100,1.0
q178744,nDCG@10,1.0
q178744,R@100,1.0
q178745,nDCG@10,1.0
q178745,R@100,1.0
q178746,nDCG@10,1.0
q178746,R@100,1.0
q178747,nDCG@10,1.0
q178747,R@100,1.0
q178748,nDCG@10,0.0
q178748,R@100,1.0
q178749,nDCG@10,1.0
q178749,R@100,1.0
q178750,nDCG@10,1.0
q178750,R@100,1.0
q178751,nDCG@10,0.6309297535714575
q178751,R@100,1.0
q178752,nDCG@10,0.3333333333333333
q178752,R@100,1.0
q178753,nDCG@10,0.5
q178753,R@100,1.0
q178754,nDCG@10,1.0
q178754,R@100,1.0
q178755,nDCG@10,0.0
q178755,R@100,1.0
q178756,nDCG@10,1.0
q178756,R@100,1.0
q178757,nDCG@10,1.0
q178757,R@100,1.0
q178758,nDCG@10,1.0
q178758,R@100,1.0
q178759,nDCG@10,0.0
q178759,R@100,0.0
q178760,nDCG@10,1.0
q178760,R@100,1.0
q178761,nDCG@10,1.0
q178761,R@100,1.0
q178762,nDCG@10,0.5
q178762,R@100,1.0
q178763,nDCG@10,1.0
q178763,R@100,1.0
q178764,nDCG@10,1.0
q178764,R@100,1.0
q178765,nDCG@10,0.6309297535714575
q178765,R@100,1.0
q178766,nDCG@10,1.0
q178766,R@100,1.0
q178767,nDCG@10,0.43067655807339306
q178767,R@100,1.0
q178768,nDCG@10,1.0
q178768,R@100,1.0
q178769,nDCG@10,0.38685280723454163
q178769,R@100,1.0
q178770,nDCG@10,0.6309297535714575
q178770,R@100,1.0
q178771,nDCG@10,0.0
q178771,R@100,0.0
q178772,nDCG@10,1.0
q178772,R@100,1.0
q178773,nDCG@10,0.0
q178773,R@100,0.0
q178774,nDCG@10,0.0
q178774,R@100,0.0
q178775,nDCG@10,0.0
q178775,R@100,0.0
q178776,nDCG@10,0.0
q178776,R@100,0.0
q178777,nDCG@10,0.0
q178777,R@100,0.0
q178778,nDCG@10,0.0
q178778,R@100,1.0
q178779,nDCG@10,0.5
q178779,R@100,1.0
q178780,nDCG@10,0.0
q178780,R@100,1.0
q178781,nDCG@10,0.43067655807339306
q178781,R@100,1.0
q178782,nDCG@10,0.38685280723454163
q178782,R@100,1.0
q178783,nDCG@10,0.0
q178783,R@100,0.0
q178784,nDCG@10,0.0
q178784,R@100,0.0
q178785,nDCG@10,0.0
q178785,R@100,0.0
q178786,nDCG@10,0.43067655807339306
q178786,R@100,1.0
q178787,nDCG@10,0.0
q178787,R@100,0.0
q178788,nDCG@10,0.0
q178788,R@100,1.0
q178789,nDCG@10,0.0
q178789,R@100,1.0
q178790,nDCG@10,0.0
q178790,R@100,0.0
q178791,nDCG@10,0.6309297535714575
q178791,R@100,1.0
q178792,nDCG@10,0.3333333333333333
q178792,R@100,1.0
q178793,nDCG@10,0.5
q178793,R@100,1.0
q178794,nDCG@10,1.0
q178794,R@100,1.0
q178795,nDCG@10,0.0
q178795,R@100,1.0
q178796,nDCG@10,0.0
q178796,R@100,1.0
q178797,nDCG@10,0.0
q178797,R@100,0.0
q178798,nDCG@10,0.5
q178798,R@100,1.0
q178799,nDCG@10,0.0
q178799,R@100,0.0
q178800,nDCG@10,0.0
q178800,R@100,0.0
q178801,nDCG@10,0.0
q178801,R@100,0.0
q178802,nDCG@10,0.0
q178802,R@100,1.0
q178803,nDCG@10,0.0
q178803,R@100,0.0
q178804,nDCG@10,0.0
q178804,R@100,1.0
q178805,nDCG@10,0.2890648263178879
q178805,R@100,1.0
q178806,nDCG@10,1.0
q178806,R@100,1.0
q178807,nDCG@10,1.0
q178807,R@100,1.0
q178808,nDCG@10,0.38685280723454163
q178808,R@100,1.0
q178809,nDCG@10,0.0
q178809,R@100,1.0
q178810,nDCG@10,0.43067655807339306
q178810,R@100,1.0
q178811,nDCG@10,0.0
q178811,R@100,1.0
q178812,nDCG@10,0.6309297535714575
q178812,R@100,1.0
q178813,nDCG@10,1.0
q178813,R@100,1.0
q178814,nDCG@10,1.0
q178814,R@100,1.0
q178815,nDCG@10,0.0
q178815,R@100,0.0
q178816,nDCG@10,1.0
q178816,R@100,1.0
q178817,nDCG@10,0.0
q178817,R@100,0.0
q178818,nDCG@10,0.38685280723454163
q178818,R@100,1.0
q178819,nDCG@10,0.5
q178819,R@100,1.0
q178820,nDCG@10,0.0
q178820,R@100,0.0
q178821,nDCG@10,0.0
q178821,R@100,1.0
q178822,nDCG@10,1.0
q178822,R@100,1.0
q178823,nDCG@10,0.0
q178823,R@100,1.0
q178824,nDCG@10,1.0
q178824,R@100,1.0
q178825,nDCG@10,1.0
q178825,R@100,1.0
q178826,nDCG@10,1.0
q178826,R@100,1.0
q178827,nDCG@10,0.6309297535714575
q178827,R@100,1.0
q178828,nDCG@10,0.5
q178828,R@100,1.0
q178829,nDCG@10,0.6309297535714575
q178829,R@100,1.0
q178830,nDCG@10,0.0
q178830,R@100,1.0
q178831,nDCG@10,0.0
q178831,R@100,0.0
q178832,nDCG@10,0.31546487678572877
q178832,R@100,1.0
q178833,nDCG@10,0.31546487678572877
q178833,R@100,1.0
q178834,nDCG@10,0.0
q178834,R@100,1.0
q178835,nDCG@10,1.0
q178835,R@100,1.0
q178836,nDCG@10,1.0
q178836,R@100,1.0
q178837,nDCG@10,0.5
q178837,R@100,1.0
q178838,nDCG@10,1.0
q178838,R@100,1.0
q178839,nDCG@10,1.0
q178839,R@100,1.0
q178840,nDCG@10,0.6309297535714575
q178840,R@100,1.0
q178841,nDCG@10,1.0
q178841,R@100,1.0
q178842,nDCG@10,0.5
q178842,R@100,1.0
q178843,nDCG@10,0.31546487678572877
q178843,R@100,1.0
q178844,nDCG@10,0.6309297535714575
q178844,R@100,1.0
q178845,nDCG@10,0.6309297535714575
q178845,R@100,1.0
q178846,nDCG@10,1.0
q178846,R@100,1.0
q178847,nDCG@10,1.0
q178847,R@100,1.0
q178848,nDCG@10,1.0
q178848,R@100,1.0
q178849,nDCG@10,1.0
q178849,R@100,1.0
q178850,nDCG@10,1.0
q178850,R@100,1.0
q178851,nDCG@10,1.0
q178851,R@100,1.0
q178852,nDCG@10,0.5
q178852,R@100,1.0
q178853,nDCG@10,1.0
q178853,R@100,1.0
q178854,nDCG@10,0.6309297535714575
q178854,R@100,1.0
q178855,nDCG@10,1.0
q178855,R@100,1.0
q178856,nDCG@10,1.0
q178856,R@100,1.0
q178857,nDCG@10,1.0
q178857,R@100,1.0
q178858,nDCG@10,1.0
q178858,R@100,1.0
q178859,nDCG@10,1.0
q178859,R@100,1.0
q178860,nDCG@10,1.0
q178860,R@100,1.0
q178861,nDCG@10,1.0
q178861,R@100,1.0
q178862,nDCG@10,0.6309297535714575
q178862,R@100,1.0
q178863,nDCG@10,1.0
q178863,R@100,1.0
q178864,nDCG@10,0.5
q178864,R@100,1.0
q178865,nDCG@10,1.0
q178865,R@100,1.0
q178866,nDCG@10,1.0
q178866,R@100,1.0
q178867,nDCG@10,1.0
q178867,R@100,1.0
q178868,nDCG@10,1.0
q178868,R@100,1.0
q178869,nDCG@10,0.3333333333333333
q178869,R@100,1.0
q178870,nDCG@10,1.0
q178870,R@100,1.0
q178871,nDCG@10,0.6309297535714575
q178871,R@100,1.0
q178872,nDCG@10,1.0
q178872,R@100,1.0
q178873,nDCG@10,1.0
q178873,R@100,1.0
q178874,nDCG@10,1.0
q178874,R@100,1.0
q178875,nDCG@10,0.6309297535714575
q178875,R@100,1.0
q178876,nDCG@10,1.0
q178876,R@100,1.0
q178877,nDCG@10,1.0
q178877,R@100,1.0
q178878,nDCG@10,1.0
q178878,R@100,1.0
q178879,nDCG@10,1.0
q178879,R@100,1.0
q178880,nDCG@10,1.0
q178880,R@100,1.0
q178881,nDCG@10,0.6309297535714575
q178881,R@100,1.0
q178882,nDCG@10,1.0
q178882,R@100,1.0
q178883,nDCG@10,0.0
q178883,R@100,1.0
q178884,nDCG@10,0.5
q178884,R@100,1.0
q178885,nDCG@10,1.0
q178885,R@100,1.0
q178886,nDCG@10,1.0
q178886,R@100,1.0
q178887,nDCG@10,1.0
q178887,R@100,1.0
q178888,nDCG@10,1.0
q178888,R@100,1.0
q178889,nDCG@10,1.0
q178889,R@100,1.0
q178890,nDCG@10,1.0
q178890,R@100,1.0
q178891,nDCG@10,1.0
q178891,R@100,1.0
q178892,nDCG@10,1.0
q178892,R@100,1.0
q178893,nDCG@10,1.0
q178893,R@100,1.0
q178894,nDCG@10,1.0
q178894,R@100,1.0
q178895,nDCG@10,1.0
q178895,R@100,1.0
q178896,nDCG@10,0.6309297535714575
q178896,R@100,1.0
q178897,nDCG@10,1.0
q178897,R@100,1.0
q178898,nDCG@10,0.6309297535714575
q178898,R@100,1.0
q178899,nDCG@10,0.5
q178899,R@100,1.0
q178900,nDCG@10,1.0
q178900,R@100,1.0
q178901,nDCG@10,1.0
q178901,R@100,1.0
q178902,nDCG@10,1.0
q178902,R@100,1.0
q178903,nDCG@10,0.5
q178903,R@100,1.0
q178904,nDCG@10,1.0
q178904,R@100,1.0
q178905,nDCG@10,0.0
q178905,R@100,1.0
q178906,nDCG@10,0.0
q178906,R@100,1.0
q178907,nDCG@10,0.0
q178907,R@100,0.0
q178908,nDCG@10,1.0
q178908,R@100,1.0
q178909,nDCG@10,0.3562071871080222
q178909,R@100,1.0
q178910,nDCG@10,0.6309297535714575
q178910,R@100,1.0
q178911,nDCG@10,1.0
q178911,R@100,1.0
q178912,nDCG@10,0.0
q178912,R@100,1.0
q178913,nDCG@10,0.6309297535714575
q178913,R@100,1.0
q178914,nDCG@10,0.0
q178914,R@100,1.0
q178915,nDCG@10,0.0
q178915,R@100,1.0
q178916,nDCG@10,0.5
q178916,R@100,1.0
q178917,nDCG@10,0.0
q178917,R@100,1.0
q178918,nDCG@10,0.3010299956639812
q178918,R@100,1.0
q178919,nDCG@10,1.0
q178919,R@100,1.0
q178920,nDCG@10,0.38685280723454163
q178920,R@100,1.0
q178921,nDCG@10,0.0
q178921,R@100,1.0
q178922,nDCG@10,1.0
q178922,R@100,1.0
q178923,nDCG@10,1.0
q178923,R@100,1.0
q178924,nDCG@10,0.6309297535714575
q178924,R@100,1.0
q178925,nDCG@10,0.6309297535714575
q178925,R@100,1.0
q178926,nDCG@10,0.3562071871080222
q178926,R@100,1.0
q178927,nDCG@10,1.0
q178927,R@100,1.0
q178928,nDCG@10,0.0
q178928,R@100,0.0
q178929,nDCG@10,0.2890648263178879
q178929,R@100,1.0
q178930,nDCG@10,0.0
q178930,R@100,1.0
q178931,nDCG@10,0.43067655807339306
q178931,R@100,1.0
q178932,nDCG@10,1.0
q178932,R@100,1.0
q178933,nDCG@10,1.0
q178933,R@100,1.0
q178934,nDCG@10,1.0
q178934,R@100,1.0
q178935,nDCG@10,0.3562071871080222
q178935,R@100,1.0
q178936,nDCG@10,1.0
q178936,R@100,1.0
q178937,nDCG@10,1.0
q178937,R@100,1.0
q178938,nDCG@10,0.6309297535714575
q178938,R@100,1.0
q178939,nDCG@10,1.0
q178939,R@100,1.0
q178940,nDCG@10,0.5
q178940,R@100,1.0
q178941,nDCG@10,1.0
q178941,R@100,1.0
q178942,nDCG@10,1.0
q178942,R@100,1.0
q178943,nDCG@10,1.0
q178943,R@100,1.0
q178944,nDCG@10,0.3562071871080222
q178944,R@100,1.0
q178945,nDCG@10,0.6309297535714575
q178945,R@100,1.0
q178946,nDCG@10,0.5
q178946,R@100,1.0
q178947,nDCG@10,1.0
q178947,R@100,1.0
q178948,nDCG@10,1.0
q178948,R@100,1.0
q178949,nDCG@10,0.43067655807339306
q178949,R@100,1.0
q178950,nDCG@10,0.38685280723454163
q178950,R@100,1.0
q178951,nDCG@10,1.0
q178951,R@100,1.0
q178952,nDCG@10,1.0
q178952,R@100,1.0
q178953,nDCG@10,0.5
q178953,R@100,1.0
q178954,nDCG@10,0.3333333333333333
q178954,R@100,1.0
q178955,nDCG@10,1.0
q178955,R@100,1.0
q178956,nDCG@10,0.5
q178956,R@100,1.0
q178957,nDCG@10,1.0
q178957,R@100,1.0
q178958,nDCG@10,1.0
q178958,R@100,1.0
q178959,nDCG@10,1.0
q178959,R@100,1.0
q178960,nDCG@10,1.0
q178960,R@100,1.0
q178961,nDCG@10,1.0
q178961,R@100,1.0
q178962,nDCG@10,0.0
q178962,R@100,1.0
q178963,nDCG@10,0.6309297535714575
q178963,R@100,1.0
q178964,nDCG@10,0.0
q178964,R@100,0.0
q178965,nDCG@10,0.0
q178965,R@100,1.0
q178966,nDCG@10,0.0
q178966,R@100,1.0
q178967,nDCG@10,0.0
q178967,R@100,1.0
q178968,nDCG@10,0.5
q178968,R@100,1.0
q178969,nDCG@10,0.0
q178969,R@100,0.0
q178970,nDCG@10,0.6309297535714575
q178970,R@100,1.0
q178971,nDCG@10,0.6309297535714575
q178971,R@100,1.0
q178972,nDCG@10,1.0
q178972,R@100,1.0
q178973,nDCG@10,0.0
q178973,R@100,0.0
q178974,nDCG@10,0.0
q178974,R@100,0.0
q178975,nDCG@10,0.6309297535714575
q178975,R@100,1.0
q178976,nDCG@10,0.0
q178976,R@100,1.0
q178977,nDCG@10,0.38685280723454163
q178977,R@100,1.0
q178978,nDCG@10,0.6309297535714575
q178978,R@100,1.0
q178979,nDCG@10,0.43067655807339306
q178979,R@100,1.0
q178980,nDCG@10,0.6309297535714575
q178980,R@100,1.0
q178981,nDCG@10,0.38685280723454163
q178981,R@100,1.0
q178982,nDCG@10,1.0
q178982,R@100,1.0
q178983,nDCG@10,1.0
q178983,R@100,1.0
q178984,nDCG@10,0.0
q178984,R@100,1.0
q178985,nDCG@10,1.0
q178985,R@100,1.0
q178986,nDCG@10,1.0
q178986,R@100,1.0
q178987,nDCG@10,1.0
q178987,R@100,1.0
q178988,nDCG@10,1.0
q178988,R@100,1.0
q178989,nDCG@10,0.6309297535714575
q178989,R@100,1.0
q178990,nDCG@10,1.0
q178990,R@100,1.0
q178991,nDCG@10,1.0
q178991,R@100,1.0
q178992,nDCG@10,1.0
q178992,R@100,1.0
q178993,nDCG@10,1.0
q178993,R@100,1.0
q178994,nDCG@10,0.5
q178994,R@100,1.0
q178995,nDCG@10,1.0
q178995,R@100,1.0
q178996,nDCG@10,1.0
q178996,R@100,1.0
q178997,nDCG@10,0.0
q178997,R@100,0.0
q178998,nDCG@10,1.0
q178998,R@100,1.0
q178999,nDCG@10,1.0
q178999,R@100,1.0
q179000,nDCG@10,0.0
q179000,R@100,1.0
q179001,nDCG@10,1.0
q179001,R@100,1.0
q179002,nDCG@10,1.0
q179002,R@100,1.0
q179003,nDCG@10,1.0
q179003,R@100,1.0
q179004,nDCG@10,1.0
q179004,R@100,1.0
q179005,nDCG@10,1.0
q179005,R@100,1.0
q179006,nDCG@10,1.0
q179006,R@100,1.0
q179007,nDCG@10,0.6309297535714575
q179007,R@100,1.0
q179008,nDCG@10,0.3562071871080222
q179008,R@100,1.0
q179009,nDCG@10,1.0
q179009,R@100,1.0
q179010,nDCG@10,0.0
q179010,R@100,0.0
q179011,nDCG@10,0.0
q179011,R@100,1.0
q179012,nDCG@10,1.0
q179012,R@100,1.0
q179013,nDCG@10,0.3010299956639812
q179013,R@100,1.0
q179014,nDCG@10,1.0
q179014,R@100,1.0
q179015,nDCG@10,0.43067655807339306
q179015,R@100,1.0
q179016,nDCG@10,1.0
q179016,R@100,1.0
q179017,nDCG@10,0.43067655807339306
q179017,R@100,1.0
q179018,nDCG@10,0.43067655807339306
q179018,R@100,1.0
q179019,nDCG@10,0.3010299956639812
q179019,R@100,1.0
q179020,nDCG@10,1.0
q179020,R@100,1.0
q179021,nDCG@10,1.0
q179021,R@100,1.0
q179022,nDCG@10,0.38685280723454163
q179022,R@100,1.0
q179023,nDCG@10,1.0
q179023,R@100,1.0
q179024,nDCG@10,1.0
q179024,R@100,1.0
q179025,nDCG@10,1.0
q179025,R@100,1.0
q179026,nDCG@10,1.0
q179026,R@100,1.0
q179027,nDCG@10,0.6309297535714575
q179027,R@100,1.0
q179028,nDCG@10,0.3010299956639812
q179028,R@100,1.0
q179029,nDCG@10,1.0
q179029,R@100,1.0
q179030,nDCG@10,1.0
q179030,R@100,1.0
q179031,nDCG@10,1.0
q179031,R@100,1.0
q179032,nDCG@10,0.0
q179032,R@100,1.0
q179033,nDCG@10,0.0
q179033,R@100,1.0
q179034,nDCG@10,0.0
q179034,R@100,1.0
q179035,nDCG@10,0.0
q179035,R@100,1.0
q179036,nDCG@10,0.0
q179036,R@100,0.0
q179037,nDCG@10,0.0
q179037,R@100,1.0
q179038,nDCG@10,0.0
q179038,R@100,1.0
q179039,nDCG@10,1.0
q179039,R@100,1.0
q179040,nDCG@10,0.0
q179040,R@100,0.0
q179041,nDCG@10,1.0
q179041,R@100,1.0
q179042,nDCG@10,1.0
q179042,R@100,1.0
q179043,nDCG@10,0.0
q179043,R@100,1.0
q179044,nDCG@10,0.0
q179044,R@100,0.0
q179045,nDCG@10,0.0
q179045,R@100,0.0
q179046,nDCG@10,0.6309297535714575
q179046,R@100,1.0
q179047,nDCG@10,1.0
q179047,R@100,1.0
q179048,nDCG@10,1.0
q179048,R@100,1.0
q179049,nDCG@10,0.43067655807339306
q179049,R@100,1.0
q179050,nDCG@10,0.6309297535714575
q179050,R@100,1.0
q179051,nDCG@10,1.0
q179051,R@100,1.0
q179052,nDCG@10,0.0
q179052,R@100,0.0
q179053,nDCG@10,1.0
q179053,R@100,1.0
q179054,nDCG@10,1.0
q179054,R@100,1.0
q179055,nDCG@10,1.0
q179055,R@100,1.0
q179056,nDCG@10,1.0
q179056,R@100,1.0
q179057,nDCG@10,0.0
q179057,R@100,1.0
q179058,nDCG@10,0.0
q179058,R@100,1.0
q179059,nDCG@10,0.0
q179059,R@100,1.0
q179060,nDCG@10,1.0
q179060,R@100,1.0
q179061,nDCG@10,1.0
q179061,R@100,1.0
q179062,nDCG@10,0.0
q179062,R@100,0.0
q179063,nDCG@10,0.0
q179063,R@100,1.0
q179064,nDCG@10,0.6309297535714575
q179064,R@100,1.0
q179065,nDCG@10,1.0
q179065,R@100,1.0
q179066,nDCG@10,0.0
q179066,R@100,1.0
q179067,nDCG@10,0.43067655807339306
q179067,R@100,1.0
q179068,nDCG@10,0.0
q179068,R@100,1.0
q179069,nDCG@10,1.0
q179069,R@100,1.0
q179070,nDCG@10,1.0
q179070,R@100,1.0
q179071,nDCG@10,0.0
q179071,R@100,1.0
q179072,nDCG@10,0.5
q179072,R@100,1.0
q179073,nDCG@10,0.0
q179073,R@100,0.0
q179074,nDCG@10,0.0
q179074,R@100,1.0
q179075,nDCG@10,0.38685280723454163
q179075,R@100,1.0
q179076,nDCG@10,0.0
q179076,R@100,1.0
q179077,nDCG@10,1.0
q179077,R@100,1.0
q179078,nDCG@10,1.0
q179078,R@100,1.0
q179079,nDCG@10,0.0
q179079,R@100,1.0
q179080,nDCG@10,0.43067655807339306
q179080,R@100,1.0
q179081,nDCG@10,1.0
q179081,R@100,1.0
q179082,nDCG@10,1.0
q179082,R@100,1.0
q179083,nDCG@10,1.0
q179083,R@100,1.0
q179084,nDCG@10,1.0
q179084,R@100,1.0
q179085,nDCG@10,0.0
q179085,R@100,1.0
q179086,nDCG@10,0.0
q179086,R@100,1.0
q179087,nDCG@10,1.0
q179087,R@100,1.0
q179088,nDCG@10,1.0
q179088,R@100,1.0
q179089,nDCG@10,1.0
q179089,R@100,1.0
q179090,nDCG@10,0.5
q179090,R@100,1.0
q179091,nDCG@10,0.43067655807339306
q179091,R@100,1.0
q179092,nDCG@10,1.0
q179092,R@100,1.0
q179093,nDCG@10,0.0
q179093,R@100,1.0
q179094,nDCG@10,0.43067655807339306
q179094,R@100,1.0
q179095,nDCG@10,1.0
q179095,R@100,1.0
q179096,nDCG@10,1.0
q179096,R@100,1.0
q179097,nDCG@10,0.43067655807339306
q179097,R@100,1.0
q179098,nDCG@10,1.0
q179098,R@100,1.0
q179099,nDCG@10,0.6309297535714575
q179099,R@100,1.0
q179100,nDCG@10,1.0
q179100,R@100,1.0
q179101,nDCG@10,1.0
q179101,R@100,1.0
q179102,nDCG@10,1.0
q179102,R@100,1.0
q179103,nDCG@10,0.0
q179103,R@100,1.0
q179104,nDCG@10,0.3333333333333333
q179104,R@100,1.0
q179105,nDCG@10,1.0
q179105,R@100,1.0
q179106,nDCG@10,1.0
q179106,R@100,1.0
q179107,nDCG@10,1.0
q179107,R@100,1.0
q179108,nDCG@10,0.0
q179108,R@100,1.0
q179109,nDCG@10,1.0
q179109,R@100,1.0
q179110,nDCG@10,0.6309297535714575
q179110,R@100,1.0
q179111,nDCG@10,0.5
q179111,R@100,1.0
q179112,nDCG@10,0.38685280723454163
q179112,R@100,1.0
q179113,nDCG@10,0.0
q179113,R@100,0.0
q179114,nDCG@10,0.5
q179114,R@100,1.0
q179115,nDCG@10,0.3562071871080222
q179115,R@100,1.0
q179116,nDCG@10,1.0
q179116,R@100,1.0
q179117,nDCG@10,0.43067655807339306
q179117,R@100,1.0
q179118,nDCG@10,0.0
q179118,R@100,0.0
q179119,nDCG@10,0.0
q179119,R@100,1.0
q179120,nDCG@10,0.0
q179120,R@100,1.0
q179121,nDCG@10,1.0
q179121,R@100,1.0
q179122,nDCG@10,1.0
q179122,R@100,1.0
q179123,nDCG@10,0.0
q179123,R@100,1.0
q179124,nDCG@10,0.38685280723454163
q179124,R@100,1.0
q179125,nDCG@10,0.6309297535714575
q179125,R@100,1.0
q179126,nDCG@10,0.0
q179126,R@100,0.0
q179127,nDCG@10,0.2890648263178879
q179127,R@100,1.0
q179128,nDCG@10,1.0
q179128,R@100,1.0
q179129,nDCG@10,0.2890648263178879
q179129,R@100,1.0
q179130,nDCG@10,0.6309297535714575
q179130,R@100,1.0
q179131,nDCG@10,1.0
q179131,R@100,1.0
q179132,nDCG@10,0.5
q179132,R@100,1.0
q179133,nDCG@10,0.0
q179133,R@100,1.0
q179134,nDCG@10,0.6309297535714575
q179134,R@100,1.0
q179135,nDCG@10,0.0
q179135,R@100,1.0
q179136,nDCG@10,1.0
q179136,R@100,1.0
q179137,nDCG@10,1.0
q179137,R@100,1.0
q179138,nDCG@10,1.0
q179138,R@100,1.0
q179139,nDCG@10,0.0
q179139,R@100,1.0
q179140,nDCG@10,1.0
q179140,R@100,1.0
q179141,nDCG@10,1.0
q179141,R@100,1.0
q179142,nDCG@10,1.0
q179142,R@100,1.0
q179143,nDCG@10,0.0
q179143,R@100,1.0
q179144,nDCG@10,0.0
q179144,R@100,1.0
q179145,nDCG@10,1.0
q179145,R@100,1.0
q179146,nDCG@10,1.0
q179146,R@100,1.0
q179147,nDCG@10,0.0
q179147,R@100,1.0
q179148,nDCG@10,1.0
q179148,R@100,1.0
q179149,nDCG@10,0.0
q179149,R@100,0.0
q179150,nDCG@10,0.0
q179150,R@100,0.0
q179151,nDCG@10,0.6309297535714575
q179151,R@100,1.0
q179152,nDCG@10,1.0
q179152,R@100,1.0
q179153,nDCG@10,1.0
q179153,R@100,1.0
q179154,nDCG@10,1.0
q179154,R@100,1.0
q179155,nDCG@10,1.0
q179155,R@100,1.0
q179156,nDCG@10,1.0
q179156,R@100,1.0
q179157,nDCG@10,1.0
q179157,R@100,1.0
q179158,nDCG@10,0.0
q179158,R@100,1.0
q179159,nDCG@10,0.0
q179159,R@100,0.0
q179160,nDCG@10,0.0
q179160,R@100,0.0
q179161,nDCG@10,0.0
q179161,R@100,0.0
q179162,nDCG@10,0.0
q179162,R@100,0.0
q179163,nDCG@10,0.0
q179163,R@100,0.0
q179164,nDCG@10,0.6309297535714575
q179164,R@100,1.0
q179165,nDCG@10,0.6309297535714575
q179165,R@100,1.0
q179166,nDCG@10,1.0
q179166,R@100,1.0
q179167,nDCG@10,1.0
q179167,R@100,1.0
q179168,nDCG@10,0.43067655807339306
q179168,R@100,1.0
q179169,nDCG@10,1.0
q179169,R@100,1.0
q179170,nDCG@10,1.0
q179170,R@100,1.0
q179171,nDCG@10,0.0
q179171,R@100,1.0
q179172,nDCG@10,1.0
q179172,R@100,1.0
q179173,nDCG@10,0.6309297535714575
q179173,R@100,1.0
q179174,nDCG@10,0.0
q179174,R@100,1.0
q179175,nDCG@10,1.0
q179175,R@100,1.0
q179176,nDCG@10,1.0
q179176,R@100,1.0
q179177,nDCG@10,1.0
q179177,R@100,1.0
q179178,nDCG@10,1.0
q179178,R@100,1.0
q179179,nDCG@10,1.0
q179179,R@100,1.0
q179180,nDCG@10,0.3333333333333333
q179180,R@100,1.0
q179181,nDCG@10,0.6309297535714575
q179181,R@100,1.0
q179182,nDCG@10,0.0
q179182,R@100,1.0
q179183,nDCG@10,0.5
q179183,R@100,1.0
q179184,nDCG@10,0.0
q179184,R@100,1.0
q179185,nDCG@10,0.6309297535714575
q179185,R@100,1.0
q179186,nDCG@10,1.0
q179186,R@100,1.0
q179187,nDCG@10,0.5
q179187,R@100,1.0
q179188,nDCG@10,1.0
q179188,R@100,1.0
q179189,nDCG@10,1.0
q179189,R@100,1.0
q179190,nDCG@10,1.0
q179190,R@100,1.0
q179191,nDCG@10,0.0
q179191,R@100,1.0
q179192,nDCG@10,0.0
q179192,R@100,0.0
q179193,nDCG@10,0.0
q179193,R@100,1.0
q179194,nDCG@10,1.0
q179194,R@100,1.0
q179195,nDCG@10,1.0
q179195,R@100,1.0
q179196,nDCG@10,0.43067655807339306
q179196,R@100,1.0
q179197,nDCG@10,0.6309297535714575
q179197,R@100,1.0
q179198,nDCG@10,1.0
q179198,R@100,1.0
q179199,nDCG@10,0.2890648263178879
q179199,R@100,1.0
q179200,nDCG@10,0.0
q179200,R@100,0.0
q179201,nDCG@10,1.0
q179201,R@100,1.0
q179202,nDCG@10,0.43067655807339306
q179202,R@100,1.0
q179203,nDCG@10,0.0
q179203,R@100,1.0
q179204,nDCG@10,1.0
q179204,R@100,1.0
q179205,nDCG@10,1.0
q179205,R@100,1.0
q179206,nDCG@10,0.0
q179206,R@100,1.0
q179207,nDCG@10,1.0
q179207,R@100,1.0
q179208,nDCG@10,1.0
q179208,R@100,1.0
q179209,nDCG@10,0.6309297535714575
q179209,R@100,1.0
q179210,nDCG@10,0.3010299956639812
q179210,R@100,1.0
q179211,nDCG@10,0.0
q179211,R@100,1.0
q179212,nDCG@10,0.6309297535714575
q179212,R@100,1.0
q179213,nDCG@10,0.6309297535714575
q179213,R@100,1.0
q179214,nDCG@10,1.0
q179214,R@100,1.0
q179215,nDCG@10,0.0
q179215,R@100,0.0
q179216,nDCG@10,0.0
q179216,R@100,0.0
q179217,nDCG@10,0.0
q179217,R@100,0.0
q179218,nDCG@10,0.0
q179218,R@100,0.0
q179219,nDCG@10,1.0
q179219,R@100,1.0
q179220,nDCG@10,1.0
q179220,R@100,1.0
q179221,nDCG@10,0.43067655807339306
q179221,R@100,1.0
q179222,nDCG@10,1.0
q179222,R@100,1.0
q179223,nDCG@10,0.0
q179223,R@100,1.0
q179224,nDCG@10,0.3010299956639812
q179224,R@100,1.0
q179225,nDCG@10,0.5
q179225,R@100,1.0
q179226,nDCG@10,0.0
q179226,R@100,1.0
q179227,nDCG@10,1.0
q179227,R@100,1.0
q179228,nDCG@10,1.0
q179228,R@100,1.0
q179229,nDCG@10,0.6309297535714575
q179229,R@100,1.0
q179230,nDCG@10,0.0
q179230,R@100,1.0
q179231,nDCG@10,1.0
q179231,R@100,1.0
q179232,nDCG@10,0.0
q179232,R@100,1.0
q179233,nDCG@10,1.0
q179233,R@100,1.0
q179234,nDCG@10,0.3562071871080222
q179234,R@100,1.0
q179235,nDCG@10,1.0
q179235,R@100,1.0
q179236,nDCG@10,0.6309297535714575
q179236,R@100,1.0
q179237,nDCG@10,1.0
q179237,R@100,1.0
q179238,nDCG@10,1.0
q179238,R@100,1.0
q179239,nDCG@10,1.0
q179239,R@100,1.0
q179240,nDCG@10,1.0
q179240,R@100,1.0
q179241,nDCG@10,1.0
q179241,R@100,1.0
q179242,nDCG@10,1.0
q179242,R@100,1.0
q179243,nDCG@10,0.0
q179243,R@100,1.0
q179244,nDCG@10,0.6309297535714575
q179244,R@100,1.0
q179245,nDCG@10,0.0
q179245,R@100,0.0
q179246,nDCG@10,1.0
q179246,R@100,1.0
q179247,nDCG@10,0.5
q179247,R@100,1.0
q179248,nDCG@10,0.43067655807339306
q179248,R@100,1.0
q179249,nDCG@10,0.0
q179249,R@100,0.0
q179250,nDCG@10,0.0
q179250,R@100,1.0
q179251,nDCG@10,1.0
q179251,R@100,1.0
q179252,nDCG@10,1.0
q179252,R@100,1.0
q179253,nDCG@10,1.0
q179253,R@100,1.0
q179254,nDCG@10,1.0
q179254,R@100,1.0
q179255,nDCG@10,1.0
q179255,R@100,1.0
q179256,nDCG@10,0.0
q179256,R@100,1.0
q179257,nDCG@10,1.0
q179257,R@100,1.0
q179258,nDCG@10,0.43067655807339306
q179258,R@100,1.0
q179259,nDCG@10,0.43067655807339306
q179259,R@100,1.0
q179260,nDCG@10,0.38685280723454163
q179260,R@100,1.0
q179261,nDCG@10,1.0
q179261,R@100,1.0
q179262,nDCG@10,0.0
q179262,R@100,1.0
q179263,nDCG@10,0.5
q179263,R@100,1.0
q179264,nDCG@10,1.0
q179264,R@100,1.0
q179265,nDCG@10,0.6309297535714575
q179265,R@100,1.0
q179266,nDCG@10,0.0
q179266,R@100,1.0
q179267,nDCG@10,0.6309297535714575
q179267,R@100,1.0
q179268,nDCG@10,0.6309297535714575
q179268,R@100,1.0
q179269,nDCG@10,0.0
q179269,R@100,1.0
q179270,nDCG@10,0.0
q179270,R@100,1.0
q179271,nDCG@10,0.0
q179271,R@100,1.0
q179272,nDCG@10,0.5
q179272,R@100,1.0
q179273,nDCG@10,0.43067655807339306
q179273,R@100,1.0
q179274,nDCG@10,1.0
q179274,R@100,1.0
q179275,nDCG@10,1.0
q179275,R@100,1.0
q179276,nDCG@10,1.0
q179276,R@100,1.0
q179277,nDCG@10,1.0
q179277,R@100,1.0
q179278,nDCG@10,0.3010299956639812
q179278,R@100,1.0
q179279,nDCG@10,0.0
q179279,R@100,1.0
q179280,nDCG@10,1.0
q179280,R@100,1.0
q179281,nDCG@10,1.0
q179281,R@100,1.0
q179282,nDCG@10,1.0
q179282,R@100,1.0
q179283,nDCG@10,1.0
q179283,R@100,1.0
q179284,nDCG@10,1.0
q179284,R@100,1.0
q179285,nDCG@10,1.0
q179285,R@100,1.0
q179286,nDCG@10,1.0
q179286,R@100,1.0
q179287,nDCG@10,1.0
q179287,R@100,1.0
q179288,nDCG@10,1.0
q179288,R@100,1.0
q179289,nDCG@10,0.6309297535714575
q179289,R@100,1.0
q179290,nDCG@10,0.38685280723454163
q179290,R@100,1.0
q179291,nDCG@10,1.0
q179291,R@100,1.0
q179292,nDCG@10,1.0
q179292,R@100,1.0
q179293,nDCG@10,1.0
q179293,R@100,1.0
q179294,nDCG@10,0.0
q179294,R@100,0.0
q179295,nDCG@10,0.0
q179295,R@100,0.0
q179296,nDCG@10,0.0
q179296,R@100,1.0
q179297,nDCG@10,0.6309297535714575
q179297,R@100,1.0
q179298,nDCG@10,0.0
q179298,R@100,1.0
q179299,nDCG@10,1.0
q179299,R@100,1.0
q179300,nDCG@10,1.0
q179300,R@100,1.0
q179301,nDCG@10,1.0
q179301,R@100,1.0
q179302,nDCG@10,1.0
q179302,R@100,1.0
q179303,nDCG@10,0.0
q179303,R@100,0.0
q179304,nDCG@10,1.0
q179304,R@100,1.0
q179305,nDCG@10,0.6309297535714575
q179305,R@100,1.0
q179306,nDCG@10,1.0
q179306,R@100,1.0
q179307,nDCG@10,1.0
q179307,R@100,1.0
q179308,nDCG@10,1.0
q179308,R@100,1.0
q179309,nDCG@10,0.0
q179309,R@100,1.0
q179310,nDCG@10,1.0
q179310,R@100,1.0
q179311,nDCG@10,1.0
q179311,R@100,1.0
q179312,nDCG@10,0.38685280723454163
q179312,R@100,1.0
q179313,nDCG@10,0.0
q179313,R@100,1.0
q179314,nDCG@10,0.0
q179314,R@100,0.0
q179315,nDCG@10,0.3562071871080222
q179315,R@100,1.0
q179316,nDCG@10,1.0
q179316,R@100,1.0
q179317,nDCG@10,1.0
q179317,R@100,1.0
q179318,nDCG@10,0.43067655807339306
q179318,R@100,1.0
q179319,nDCG@10,0.6309297535714575
q179319,R@100,1.0
q179320,nDCG@10,0.6309297535714575
q179320,R@100,1.0
q179321,nDCG@10,0.43067655807339306
q179321,R@100,1.0
q179322,nDCG@10,0.6309297535714575
q179322,R@100,1.0
q179323,nDCG@10,0.6309297535714575
q179323,R@100,1.0
q179324,nDCG@10,0.0
q179324,R@100,1.0
q179325,nDCG@10,0.0
q179325,R@100,1.0
q179326,nDCG@10,1.0
q179326,R@100,1.0
q179327,nDCG@10,1.0
q179327,R@100,1.0
q179328,nDCG@10,1.0
q179328,R@100,1.0
q179329,nDCG@10,0.0
q179329,R@100,1.0
q179330,nDCG@10,0.6309297535714575
q179330,R@100,1.0
q179331,nDCG@10,0.31546487678572877
q179331,R@100,1.0
q179332,nDCG@10,0.6309297535714575
q179332,R@100,1.0
q179333,nDCG@10,0.5
q179333,R@100,1.0
q179334,nDCG@10,1.0
q179334,R@100,1.0
q179335,nDCG@10,1.0
q179335,R@100,1.0
q179336,nDCG@10,0.43067655807339306
q179336,R@100,1.0
q179337,nDCG@10,0.0
q179337,R@100,1.0
q179338,nDCG@10,1.0
q179338,R@100,1.0
q179339,nDCG@10,0.38685280723454163
q179339,R@100,1.0
q179340,nDCG@10,0.5
q179340,R@100,1.0
q179341,nDCG@10,1.0
q179341,R@100,1.0
q179342,nDCG@10,1.0
q179342,R@100,1.0
q179343,nDCG@10,1.0
q179343,R@100,1.0
q179344,nDCG@10,0.43067655807339306
q179344,R@100,1.0
q179345,nDCG@10,0.43067655807339306
q179345,R@100,1.0
q179346,nDCG@10,0.5
q179346,R@100,1.0
q179347,nDCG@10,0.43067655807339306
q179347,R@100,1.0
q179348,nDCG@10,0.0
q179348,R@100,1.0
q179349,nDCG@10,0.0
q179349,R@100,1.0
q179350,nDCG@10,0.2890648263178879
q179350,R@100,1.0
q179351,nDCG@10,1.0
q179351,R@100,1.0
q179352,nDCG@10,1.0
q179352,R@100,1.0
q179353,nDCG@10,1.0
q179353,R@100,1.0
q179354,nDCG@10,1.0
q179354,R@100,1.0
q179355,nDCG@10,1.0
q179355,R@100,1.0
q179356,nDCG@10,0.0
q179356,R@100,1.0
q179357,nDCG@10,0.3562071871080222
q179357,R@100,1.0
q179358,nDCG@10,0.6309297535714575
q179358,R@100,1.0
q179359,nDCG@10,1.0
q179359,R@100,1.0
q179360,nDCG@10,1.0
q179360,R@100,1.0
q179361,nDCG@10,1.0
q179361,R@100,1.0
q179362,nDCG@10,1.0
q179362,R@100,1.0
q179363,nDCG@10,1.0
q179363,R@100,1.0
q179364,nDCG@10,1.0
q179364,R@100,1.0
q179365,nDCG@10,1.0
q179365,R@100,1.0
q179366,nDCG@10,1.0
q179366,R@100,1.0
q179367,nDCG@10,1.0
q179367,R@100,1.0
q179368,nDCG@10,1.0
q179368,R@100,1.0
q179369,nDCG@10,1.0
q179369,R@100,1.0
q179370,nDCG@10,1.0
q179370,R@100,1.0
q179371,nDCG@10,1.0
q179371,R@100,1.0
q179372,nDCG@10,1.0
q179372,R@100,1.0
q179373,nDCG@10,1.0
q179373,R@100,1.0
q179374,nDCG@10,1.0
q179374,R@100,1.0
q179375,nDCG@10,1.0
q179375,R@100,1.0
q179376,nDCG@10,0.0
q179376,R@100,1.0
q179377,nDCG@10,0.38685280723454163
q179377,R@100,1.0
q179378,nDCG@10,1.0
q179378,R@100,1.0
q179379,nDCG@10,1.0
q179379,R@100,1.0
q179380,nDCG@10,1.0
q179380,R@100,1.0
q179381,nDCG@10,0.43067655807339306
q179381,R@100,1.0
q179382,nDCG@10,1.0
q179382,R@100,1.0
q179383,nDCG@10,1.0
q179383,R@100,1.0
q179384,nDCG@10,1.0
q179384,R@100,1.0
q179385,nDCG@10,1.0
q179385,R@100,1.0
q179386,nDCG@10,1.0
q179386,R@100,1.0
q179387,nDCG@10,1.0
q179387,R@100,1.0
q179388,nDCG@10,1.0
q179388,R@100,1.0
q179389,nDCG@10,1.0
q179389,R@100,1.0
q179390,nDCG@10,1.0
q179390,R@100,1.0
q179391,nDCG@10,1.0
q179391,R@100,1.0
q179392,nDCG@10,0.6309297535714575
q179392,R@100,1.0
q179393,nDCG@10,0.31546487678572877
q179393,R@100,1.0
q179394,nDCG@10,0.3562071871080222
q179394,R@100,1.0
q179395,nDCG@10,0.6309297535714575
q179395,R@100,1.0
q179396,nDCG@10,1.0
q179396,R@100,1.0
q179397,nDCG@10,1.0
q179397,R@100,1.0
q179398,nDCG@10,1.0
q179398,R@100,1.0
q179399,nDCG@10,1.0
q179399,R@100,1.0
q179400,nDCG@10,0.0
q179400,R@100,1.0
q179401,nDCG@10,1.0
q179401,R@100,1.0
q179402,nDCG@10,0.6309297535714575
q179402,R@100,1.0
q179403,nDCG@10,0.5
q179403,R@100,1.0
q179404,nDCG@10,1.0
q179404,R@100,1.0
q179405,nDCG@10,1.0
q179405,R@100,1.0
q179406,nDCG@10,0.43067655807339306
q179406,R@100,1.0
q179407,nDCG@10,0.0
q179407,R@100,0.0
q179408,nDCG@10,0.6309297535714575
q179408,R@100,1.0
q179409,nDCG@10,1.0
q179409,R@100,1.0
q179410,nDCG@10,1.0
q179410,R@100,1.0
q179411,nDCG@10,1.0
q179411,R@100,1.0
q179412,nDCG@10,0.6309297535714575
q179412,R@100,1.0
q179413,nDCG@10,0.0
q179413,R@100,0.0
q179414,nDCG@10,0.3010299956639812
q179414,R@100,1.0
q179415,nDCG@10,1.0
q179415,R@100,1.0
q179416,nDCG@10,0.6309297535714575
q179416,R@100,1.0
q179417,nDCG@10,0.0
q179417,R@100,0.0
q179418,nDCG@10,1.0
q179418,R@100,1.0
q179419,nDCG@10,1.0
q179419,R@100,1.0
q179420,nDCG@10,1.0
q179420,R@100,1.0
q179421,nDCG@10,0.0
q179421,R@100,1.0
q179422,nDCG@10,0.0
q179422,R@100,0.0
q179423,nDCG@10,0.0
q179423,R@100,1.0
q179424,nDCG@10,1.0
q179424,R@100,1.0
q179425,nDCG@10,0.6309297535714575
q179425,R@100,1.0
q179426,nDCG@10,0.0
q179426,R@100,1.0
q179427,nDCG@10,1.0
q179427,R@100,1.0
q179428,nDCG@10,0.0
q179428,R@100,0.0
q179429,nDCG@10,0.0
q179429,R@100,1.0
q179430,nDCG@10,0.38685280723454163
q179430,R@100,1.0
q179431,nDCG@10,1.0
q179431,R@100,1.0
q179432,nDCG@10,0.43067655807339306
q179432,R@100,1.0
q179433,nDCG@10,0.0
q179433,R@100,1.0
q179434,nDCG@10,0.0
q179434,R@100,1.0
q179435,nDCG@10,0.43067655807339306
q179435,R@100,1.0
q179436,nDCG@10,1.0
q179436,R@100,1.0
q179437,nDCG@10,0.0
q179437,R@100,1.0
q179438,nDCG@10,0.0
q179438,R@100,1.0
q179439,nDCG@10,0.0
q179439,R@100,1.0
q179440,nDCG@10,1.0
q179440,R@100,1.0
q179441,nDCG@10,1.0
q179441,R@100,1.0
q179442,nDCG@10,0.43067655807339306
q179442,R@100,1.0
q179443,nDCG@10,0.0
q179443,R@100,1.0
q179444,nDCG@10,1.0
q179444,R@100,1.0
q179445,nDCG@10,0.0
q179445,R@100,1.0
q179446,nDCG@10,0.0
q179446,R@100,0.0
q179447,nDCG@10,1.0
q179447,R@100,1.0
q179448,nDCG@10,1.0
q179448,R@100,1.0
q179449,nDCG@10,1.0
q179449,R@100,1.0
q179450,nDCG@10,0.0
q179450,R@100,0.0
q179451,nDCG@10,0.0
q179451,R@100,0.0
q179452,nDCG@10,0.5
q179452,R@100,1.0
q179453,nDCG@10,0.0
q179453,R@100,1.0
q179454,nDCG@10,0.0
q179454,R@100,1.0
q179455,nDCG@10,0.38685280723454163
q179455,R@100,1.0
q179456,nDCG@10,1.0
q179456,R@100,1.0
q179457,nDCG@10,1.0
q179457,R@100,1.0
q179458,nDCG@10,1.0
q179458,R@100,1.0
q179459,nDCG@10,1.0
q179459,R@100,1.0
q179460,nDCG@10,0.0
q179460,R@100,0.0
q179461,nDCG@10,0.0
q179461,R@100,1.0
q179462,nDCG@10,0.0
q179462,R@100,1.0
q179463,nDCG@10,0.0
q179463,R@100,1.0
q179464,nDCG@10,0.0
q179464,R@100,0.0
q179465,nDCG@10,0.6309297535714575
q179465,R@100,1.0
q179466,nDCG@10,1.0
q179466,R@100,1.0
q179467,nDCG@10,1.0
q179467,R@100,1.0
q179468,nDCG@10,1.0
q179468,R@100,1.0
q179469,nDCG@10,0.0
q179469,R@100,1.0
q179470,nDCG@10,0.6309297535714575
q179470,R@100,1.0
q179471,nDCG@10,1.0
q179471,R@100,1.0
q179472,nDCG@10,1.0
q179472,R@100,1.0
q179473,nDCG@10,1.0
q179473,R@100,1.0
q179474,nDCG@10,1.0
q179474,R@100,1.0
q179475,nDCG@10,1.0
q179475,R@100,1.0
q179476,nDCG@10,0.0
q179476,R@100,1.0
q179477,nDCG@10,0.0
q179477,R@100,1.0
q179478,nDCG@10,0.6309297535714575
q179478,R@100,1.0
q179479,nDCG@10,0.38685280723454163
q179479,R@100,1.0
q179480,nDCG@10,0.5
q179480,R@100,1.0
q179481,nDCG@10,0.5
q179481,R@100,1.0
q179482,nDCG@10,1.0
q179482,R@100,1.0
q179483,nDCG@10,0.6309297535714575
q179483,R@100,1.0
q179484,nDCG@10,0.6309297535714575
q179484,R@100,1.0
q179485,nDCG@10,0.43067655807339306
q179485,R@100,1.0
q179486,nDCG@10,0.43067655807339306
q179486,R@100,1.0
q179487,nDCG@10,1.0
q179487,R@100,1.0
q179488,nDCG@10,0.3562071871080222
q179488,R@100,1.0
q179489,nDCG@10,1.0
q179489,R@100,1.0
q179490,nDCG@10,1.0
q179490,R@100,1.0
q179491,nDCG@10,0.0
q179491,R@100,0.0
q179492,nDCG@10,1.0
q179492,R@100,1.0
q179493,nDCG@10,1.0
q179493,R@100,1.0
q179494,nDCG@10,1.0
q179494,R@100,1.0
q179495,nDCG@10,0.38685280723454163
q179495,R@100,1.0
q179496,nDCG@10,1.0
q179496,R@100,1.0
q179497,nDCG@10,1.0
q179497,R@100,1.0
q179498,nDCG@10,0.31546487678572877
q179498,R@100,1.0
q179499,nDCG@10,0.6309297535714575
q179499,R@100,1.0
q179500,nDCG@10,0.6309297535714575
q179500,R@100,1.0
q179501,nDCG@10,1.0
q179501,R@100,1.0
q179502,nDCG@10,1.0
q179502,R@100,1.0
q179503,nDCG@10,1.0
q179503,R@100,1.0
q179504,nDCG@10,1.0
q179504,R@100,1.0
q179505,nDCG@10,1.0
q179505,R@100,1.0
q179506,nDCG@10,1.0
q179506,R@100,1.0
q179507,nDCG@10,0.0
q179507,R@100,1.0
q179508,nDCG@10,1.0
q179508,R@100,1.0
q179509,nDCG@10,1.0
q179509,R@100,1.0
q179510,nDCG@10,1.0
q179510,R@100,1.0
q179511,nDCG@10,0.6309297535714575
q179511,R@100,1.0
q179512,nDCG@10,1.0
q179512,R@100,1.0
q179513,nDCG@10,0.0
q179513,R@100,0.0
q179514,nDCG@10,1.0
q179514,R@100,1.0
q179515,nDCG@10,1.0
q179515,R@100,1.0
q179516,nDCG@10,1.0
q179516,R@100,1.0
q179517,nDCG@10,1.0
q179517,R@100,1.0
q179518,nDCG@10,0.0
q179518,R@100,1.0
q179519,nDCG@10,0.0
q179519,R@100,0.0
q179520,nDCG@10,1.0
q179520,R@100,1.0
q179521,nDCG@10,0.6309297535714575
q179521,R@100,1.0
q179522,nDCG@10,0.0
q179522,R@100,0.0
q179523,nDCG@10,1.0
q179523,R@100,1.0
q179524,nDCG@10,0.43067655807339306
q179524,R@100,1.0
q179525,nDCG@10,0.0
q179525,R@100,1.0
q179526,nDCG@10,1.0
q179526,R@100,1.0
q179527,nDCG@10,0.0
q179527,R@100,1.0
q179528,nDCG@10,0.5
q179528,R@100,1.0
q179529,nDCG@10,0.5
q179529,R@100,1.0
q179530,nDCG@10,1.0
q179530,R@100,1.0
q179531,nDCG@10,0.6309297535714575
q179531,R@100,1.0
q179532,nDCG@10,0.5
q179532,R@100,1.0
q179533,nDCG@10,0.0
q179533,R@100,1.0
q179534,nDCG@10,0.6309297535714575
q179534,R@100,1.0
q179535,nDCG@10,1.0
q179535,R@100,1.0
q179536,nDCG@10,1.0
q179536,R@100,1.0
q179537,nDCG@10,1.0
q179537,R@100,1.0
q179538,nDCG@10,0.0
q179538,R@100,0.0
q179539,nDCG@10,1.0
q179539,R@100,1.0
q179540,nDCG@10,0.38685280723454163
q179540,R@100,1.0
q179541,nDCG@10,0.0
q179541,R@100,1.0
q179542,nDCG@10,0.6309297535714575
q179542,R@100,1.0
q179543,nDCG@10,1.0
q179543,R@100,1.0
q179544,nDCG@10,1.0
q179544,R@100,1.0
q179545,nDCG@10,1.0
q179545,R@100,1.0
q179546,nDCG@10,1.0
q179546,R@100,1.0
q179547,nDCG@10,1.0
q179547,R@100,1.0
q179548,nDCG@10,0.6309297535714575
q179548,R@100,1.0
q179549,nDCG@10,1.0
q179549,R@100,1.0
q179550,nDCG@10,1.0
q179550,R@100,1.0
q179551,nDCG@10,1.0
q179551,R@100,1.0
q179552,nDCG@10,1.0
q179552,R@100,1.0
q179553,nDCG@10,1.0
q179553,R@100,1.0
q179554,nDCG@10,1.0
q179554,R@100,1.0
q179555,nDCG@10,0.0
q179555,R@100,0.0
q179556,nDCG@10,1.0
q179556,R@100,1.0
q179557,nDCG@10,0.0
q179557,R@100,0.0
q179558,nDCG@10,0.0
q179558,R@100,1.0
q179559,nDCG@10,0.0
q179559,R@100,1.0
q179560,nDCG@10,1.0
q179560,R@100,1.0
q179561,nDCG@10,1.0
q179561,R@100,1.0
q179562,nDCG@10,0.0
q179562,R@100,0.0
q179563,nDCG@10,1.0
q179563,R@100,1.0
q179564,nDCG@10,1.0
q179564,R@100,1.0
q179565,nDCG@10,1.0
q179565,R@100,1.0
q179566,nDCG@10,1.0
q179566,R@100,1.0
q179567,nDCG@10,0.38685280723454163
q179567,R@100,1.0
q179568,nDCG@10,0.6309297535714575
q179568,R@100,1.0
q179569,nDCG@10,1.0
q179569,R@100,1.0
q179570,nDCG@10,1.0
q179570,R@100,1.0
q179571,nDCG@10,0.43067655807339306
q179571,R@100,1.0
q179572,nDCG@10,0.0
q179572,R@100,1.0
q179573,nDCG@10,1.0
q179573,R@100,1.0
q179574,nDCG@10,1.0
q179574,R@100,1.0
q179575,nDCG@10,1.0
q179575,R@100,1.0
q179576,nDCG@10,1.0
q179576,R@100,1.0
q179577,nDCG@10,0.38685280723454163
q179577,R@100,1.0
q179578,nDCG@10,1.0
q179578,R@100,1.0
q179579,nDCG@10,0.43067655807339306
q179579,R@100,1.0
q179580,nDCG@10,0.3562071871080222
q179580,R@100,1.0
q179581,nDCG@10,0.3562071871080222
q179581,R@100,1.0
q179582,nDCG@10,1.0
q179582,R@100,1.0
q179583,nDCG@10,1.0
q179583,R@100,1.0
q179584,nDCG@10,0.0
q179584,R@100,1.0
q179585,nDCG@10,0.43067655807339306
q179585,R@100,1.0
q179586,nDCG@10,0.3010299956639812
q179586,R@100,1.0
q179587,nDCG@10,1.0
q179587,R@100,1.0
q179588,nDCG@10,0.6309297535714575
q179588,R@100,1.0
q179589,nDCG@10,0.2890648263178879
q179589,R@100,1.0
q179590,nDCG@10,0.6309297535714575
q179590,R@100,1.0
q179591,nDCG@10,1.0
q179591,R@100,1.0
q179592,nDCG@10,0.0
q179592,R@100,1.0
q179593,nDCG@10,1.0
q179593,R@100,1.0
q179594,nDCG@10,1.0
q179594,R@100,1.0
q179595,nDCG@10,1.0
q179595,R@100,1.0
q179596,nDCG@10,0.6309297535714575
q179596,R@100,1.0
q179597,nDCG@10,1.0
q179597,R@100,1.0
q179598,nDCG@10,1.0
q179598,R@100,1.0
q179599,nDCG@10,1.0
q179599,R@100,1.0
q179600,nDCG@10,1.0
q179600,R@100,1.0
q179601,nDCG@10,1.0
q179601,R@100,1.0
q179602,nDCG@10,0.6309297535714575
q179602,R@100,1.0
q179603,nDCG@10,0.3333333333333333
q179603,R@100,1.0
q179604,nDCG@10,0.43067655807339306
q179604,R@100,1.0
q179605,nDCG@10,1.0
q179605,R@100,1.0
q179606,nDCG@10,1.0
q179606,R@100,1.0
q179607,nDCG@10,0.0
q179607,R@100,1.0
q179608,nDCG@10,0.0
q179608,R@100,1.0
q179609,nDCG@10,1.0
q179609,R@100,1.0
q179610,nDCG@10,0.6309297535714575
q179610,R@100,1.0
q179611,nDCG@10,0.31546487678572877
q179611,R@100,1.0
q179612,nDCG@10,0.6309297535714575
q179612,R@100,1.0
q179613,nDCG@10,1.0
q179613,R@100,1.0
q179614,nDCG@10,1.0
q179614,R@100,1.0
q179615,nDCG@10,0.3562071871080222
q179615,R@100,1.0
q179616,nDCG@10,0.38685280723454163
q179616,R@100,1.0
q179617,nDCG@10,0.31546487678572877
q179617,R@100,1.0
q179618,nDCG@10,1.0
q179618,R@100,1.0
q179619,nDCG@10,0.0
q179619,R@100,0.0
q179620,nDCG@10,1.0
q179620,R@100,1.0
q179621,nDCG@10,1.0
q179621,R@100,1.0
q179622,nDCG@10,0.3010299956639812
q179622,R@100,1.0
q179623,nDCG@10,1.0
q179623,R@100,1.0
q179624,nDCG@10,0.0
q179624,R@100,1.0
q179625,nDCG@10,1.0
q179625,R@100,1.0
q179626,nDCG@10,1.0
q179626,R@100,1.0
q179627,nDCG@10,1.0
q179627,R@100,1.0
q179628,nDCG@10,1.0
q179628,R@100,1.0
q179629,nDCG@10,0.3333333333333333
q179629,R@100,1.0
q179630,nDCG@10,0.0
q179630,R@100,1.0
q179631,nDCG@10,1.0
q179631,R@100,1.0
q179632,nDCG@10,1.0
q179632,R@100,1.0
q179633,nDCG@10,1.0
q179633,R@100,1.0
q179634,nDCG@10,1.0
q179634,R@100,1.0
q179635,nDCG@10,1.0
q179635,R@100,1.0
q179636,nDCG@10,1.0
q179636,R@100,1.0
q179637,nDCG@10,0.5
q179637,R@100,1.0
q179638,nDCG@10,0.0
q179638,R@100,1.0
q179639,nDCG@10,0.38685280723454163
q179639,R@100,1.0
q179640,nDCG@10,0.3333333333333333
q179640,R@100,1.0
q179641,nDCG@10,1.0
q179641,R@100,1.0
q179642,nDCG@10,1.0
q179642,R@100,1.0
q179643,nDCG@10,0.5
q179643,R@100,1.0
q179644,nDCG@10,1.0
q179644,R@100,1.0
q179645,nDCG@10,0.43067655807339306
q179645,R@100,1.0
q179646,nDCG@10,0.5
q179646,R@100,1.0
q179647,nDCG@10,1.0
q179647,R@100,1.0
q179648,nDCG@10,1.0
q179648,R@100,1.0
q179649,nDCG@10,1.0
q179649,R@100,1.0
q179650,nDCG@10,0.0
q179650,R@100,0.0
q179651,nDCG@10,0.38685280723454163
q179651,R@100,1.0
q179652,nDCG@10,0.0
q179652,R@100,0.0
q179653,nDCG@10,0.6309297535714575
q179653,R@100,1.0
q179654,nDCG@10,1.0
q179654,R@100,1.0
q179655,nDCG@10,0.6309297535714575
q179655,R@100,1.0
q179656,nDCG@10,1.0
q179656,R@100,1.0
q179657,nDCG@10,1.0
q179657,R@100,1.0
q179658,nDCG@10,1.0
q179658,R@100,1.0
q179659,nDCG@10,1.0
q179659,R@100,1.0
q179660,nDCG@10,0.0
q179660,R@100,1.0
q179661,nDCG@10,1.0
q179661,R@100,1.0
q179662,nDCG@10,0.6309297535714575
q179662,R@100,1.0
q179663,nDCG@10,1.0
q179663,R@100,1.0
q179664,nDCG@10,1.0
q179664,R@100,1.0
q179665,nDCG@10,1.0
q179665,R@100,1.0
q179666,nDCG@10,0.5
q179666,R@100,1.0
q179667,nDCG@10,1.0
q179667,R@100,1.0
q179668,nDCG@10,1.0
q179668,R@100,1.0
q179669,nDCG@10,1.0
q179669,R@100,1.0
q179670,nDCG@10,1.0
q179670,R@100,1.0
q179671,nDCG@10,1.0
q179671,R@100,1.0
q179672,nDCG@10,0.5
q179672,R@100,1.0
q179673,nDCG@10,0.38685280723454163
q179673,R@100,1.0
q179674,nDCG@10,1.0
q179674,R@100,1.0
q179675,nDCG@10,0.38685280723454163
q179675,R@100,1.0
q179676,nDCG@10,1.0
q179676,R@100,1.0
q179677,nDCG@10,1.0
q179677,R@100,1.0
q179678,nDCG@10,1.0
q179678,R@100,1.0
q179679,nDCG@10,1.0
q179679,R@100,1.0
q179680,nDCG@10,1.0
q179680,R@100,1.0
q179681,nDCG@10,0.38685280723454163
q179681,R@100,1.0
q179682,nDCG@10,1.0
q179682,R@100,1.0
q179683,nDCG@10,1.0
q179683,R@100,1.0
q179684,nDCG@10,0.3333333333333333
q179684,R@100,1.0
q179685,nDCG@10,1.0
q179685,R@100,1.0
q179686,nDCG@10,1.0
q179686,R@100,1.0
q179687,nDCG@10,1.0
q179687,R@100,1.0
q179688,nDCG@10,1.0
q179688,R@100,1.0
q179689,nDCG@10,1.0
q179689,R@100,1.0
q179690,nDCG@10,1.0
q179690,R@100,1.0
q179691,nDCG@10,1.0
q179691,R@100,1.0
q179692,nDCG@10,0.6309297535714575
q179692,R@100,1.0
q179693,nDCG@10,1.0
q179693,R@100,1.0
q179694,nDCG@10,1.0
q179694,R@100,1.0
q179695,nDCG@10,1.0
q179695,R@100,1.0
q179696,nDCG@10,1.0
q179696,R@100,1.0
q179697,nDCG@10,0.5
q179697,R@100,1.0
q179698,nDCG@10,0.5
q179698,R@100,1.0
q179699,nDCG@10,1.0
q179699,R@100,1.0
q179700,nDCG@10,1.0
q179700,R@100,1.0
q179701,nDCG@10,1.0
q179701,R@100,1.0
q179702,nDCG@10,1.0
q179702,R@100,1.0
q179703,nDCG@10,1.0
q179703,R@100,1.0
q179704,nDCG@10,1.0
q179704,R@100,1.0
q179705,nDCG@10,1.0
q179705,R@100,1.0
q179706,nDCG@10,1.0
q179706,R@100,1.0
q179707,nDCG@10,1.0
q179707,R@100,1.0
q179708,nDCG@10,1.0
q179708,R@100,1.0
q179709,nDCG@10,1.0
q179709,R@100,1.0
q179710,nDCG@10,1.0
q179710,R@100,1.0
q179711,nDCG@10,1.0
q179711,R@100,1.0
q179712,nDCG@10,0.6309297535714575
q179712,R@100,1.0
q179713,nDCG@10,1.0
q179713,R@100,1.0
q179714,nDCG@10,1.0
q179714,R@100,1.0
q179715,nDCG@10,1.0
q179715,R@100,1.0
q179716,nDCG@10,1.0
q179716,R@100,1.0
q179717,nDCG@10,1.0
q179717,R@100,1.0
q179718,nDCG@10,1.0
q179718,R@100,1.0
q179719,nDCG@10,1.0
q179719,R@100,1.0
q179720,nDCG@10,0.0
q179720,R@100,1.0
q179721,nDCG@10,1.0
q179721,R@100,1.0
q179722,nDCG@10,1.0
q179722,R@100,1.0
q179723,nDCG@10,1.0
q179723,R@100,1.0
q179724,nDCG@10,1.0
q179724,R@100,1.0
q179725,nDCG@10,1.0
q179725,R@100,1.0
q179726,nDCG@10,1.0
q179726,R@100,1.0
q179727,nDCG@10,1.0
q179727,R@100,1.0
q179728,nDCG@10,1.0
q179728,R@100,1.0
q179729,nDCG@10,1.0
q179729,R@100,1.0
q179730,nDCG@10,0.0
q179730,R@100,1.0
q179731,nDCG@10,0.5
q179731,R@100,1.0
q179732,nDCG@10,0.0
q179732,R@100,1.0
q179733,nDCG@10,0.0
q179733,R@100,1.0
q179734,nDCG@10,0.6309297535714575
q179734,R@100,1.0
q179735,nDCG@10,0.0
q179735,R@100,1.0
q179736,nDCG@10,0.5
q179736,R@100,1.0
q179737,nDCG@10,1.0
q179737,R@100,1.0
q179738,nDCG@10,1.0
q179738,R@100,1.0
q179739,nDCG@10,1.0
q179739,R@100,1.0
q179740,nDCG@10,0.6309297535714575
q179740,R@100,1.0
q179741,nDCG@10,1.0
q179741,R@100,1.0
q179742,nDCG@10,1.0
q179742,R@100,1.0
q179743,nDCG@10,1.0
q179743,R@100,1.0
q179744,nDCG@10,0.6309297535714575
q179744,R@100,1.0
q179745,nDCG@10,1.0
q179745,R@100,1.0
q179746,nDCG@10,1.0
q179746,R@100,1.0
q179747,nDCG@10,1.0
q179747,R@100,1.0
q179748,nDCG@10,1.0
q179748,R@100,1.0
q179749,nDCG@10,1.0
q179749,R@100,1.0
q179750,nDCG@10,1.0
q179750,R@100,1.0
q179751,nDCG@10,1.0
q179751,R@100,1.0
q179752,nDCG@10,1.0
q179752,R@100,1.0
q179753,nDCG@10,1.0
q179753,R@100,1.0
q179754,nDCG@10,1.0
q179754,R@100,1.0
q179755,nDCG@10,1.0
q179755,R@100,1.0
q179756,nDCG@10,0.6309297535714575
q179756,R@100,1.0
q179757,nDCG@10,1.0
q179757,R@100,1.0
q179758,nDCG@10,1.0
q179758,R@100,1.0
q179759,nDCG@10,1.0
q179759,R@100,1.0
q179760,nDCG@10,1.0
q179760,R@100,1.0
q179761,nDCG@10,1.0
q179761,R@100,1.0
q179762,nDCG@10,1.0
q179762,R@100,1.0
q179763,nDCG@10,1.0
q179763,R@100,1.0
q179764,nDCG@10,1.0
q179764,R@100,1.0
q179765,nDCG@10,1.0
q179765,R@100,1.0
q179766,nDCG@10,0.6309297535714575
q179766,R@100,1.0
q179767,nDCG@10,1.0
q179767,R@100,1.0
q179768,nDCG@10,1.0
q179768,R@100,1.0
q179769,nDCG@10,1.0
q179769,R@100,1.0
q179770,nDCG@10,1.0
q179770,R@100,1.0
q179771,nDCG@10,1.0
q179771,R@100,1.0
q179772,nDCG@10,1.0
q179772,R@100,1.0
q179773,nDCG@10,1.0
q179773,R@100,1.0
q179774,nDCG@10,0.5
q179774,R@100,1.0
q179775,nDCG@10,1.0
q179775,R@100,1.0
q179776,nDCG@10,1.0
q179776,R@100,1.0
q179777,nDCG@10,0.6309297535714575
q179777,R@100,1.0
q179778,nDCG@10,1.0
q179778,R@100,1.0
q179779,nDCG@10,1.0
q179779,R@100,1.0
q179780,nDCG@10,1.0
q179780,R@100,1.0
q179781,nDCG@10,1.0
q179781,R@100,1.0
q179782,nDCG@10,0.6309297535714575
q179782,R@100,1.0
q179783,nDCG@10,1.0
q179783,R@100,1.0
q179784,nDCG@10,0.0
q179784,R@100,1.0
q179785,nDCG@10,0.5
q179785,R@100,1.0
q179786,nDCG@10,0.6309297535714575
q179786,R@100,1.0
q179787,nDCG@10,0.6309297535714575
q179787,R@100,1.0
q179788,nDCG@10,0.6309297535714575
q179788,R@100,1.0
q179789,nDCG@10,1.0
q179789,R@100,1.0
q179790,nDCG@10,1.0
q179790,R@100,1.0
q179791,nDCG@10,1.0
q179791,R@100,1.0
q179792,nDCG@10,0.6309297535714575
q179792,R@100,1.0
q179793,nDCG@10,1.0
q179793,R@100,1.0
q179794,nDCG@10,1.0
q179794,R@100,1.0
q179795,nDCG@10,1.0
q179795,R@100,1.0
q179796,nDCG@10,1.0
q179796,R@100,1.0
q179797,nDCG@10,1.0
q179797,R@100,1.0
q179798,nDCG@10,1.0
q179798,R@100,1.0
q179799,nDCG@10,0.6309297535714575
q179799,R@100,1.0
q179800,nDCG@10,1.0
q179800,R@100,1.0
q179801,nDCG@10,1.0
q179801,R@100,1.0
q179802,nDCG@10,0.0
q179802,R@100,1.0
q179803,nDCG@10,1.0
q179803,R@100,1.0
q179804,nDCG@10,0.6309297535714575
q179804,R@100,1.0
q179805,nDCG@10,1.0
q179805,R@100,1.0
q179806,nDCG@10,1.0
q179806,R@100,1.0
q179807,nDCG@10,1.0
q179807,R@100,1.0
q179808,nDCG@10,1.0
q179808,R@100,1.0
q179809,nDCG@10,1.0
q179809,R@100,1.0
q179810,nDCG@10,0.5
q179810,R@100,1.0
q179811,nDCG@10,1.0
q179811,R@100,1.0
q179812,nDCG@10,0.43067655807339306
q179812,R@100,1.0
q179813,nDCG@10,1.0
q179813,R@100,1.0
q179814,nDCG@10,1.0
q179814,R@100,1.0
q179815,nDCG@10,1.0
q179815,R@100,1.0
q179816,nDCG@10,0.3333333333333333
q179816,R@100,1.0
q179817,nDCG@10,1.0
q179817,R@100,1.0
q179818,nDCG@10,0.5
q179818,R@100,1.0
q179819,nDCG@10,1.0
q179819,R@100,1.0
q179820,nDCG@10,1.0
q179820,R@100,1.0
q179821,nDCG@10,0.0
q179821,R@100,1.0
q179822,nDCG@10,0.5
q179822,R@100,1.0
q179823,nDCG@10,1.0
q179823,R@100,1.0
q179824,nDCG@10,1.0
q179824,R@100,1.0
q179825,nDCG@10,1.0
q179825,R@100,1.0
q179826,nDCG@10,1.0
q179826,R@100,1.0
q179827,nDCG@10,1.0
q179827,R@100,1.0
q179828,nDCG@10,0.2890648263178879
q179828,R@100,1.0
q179829,nDCG@10,1.0
q179829,R@100,1.0
q179830,nDCG@10,1.0
q179830,R@100,1.0
q179831,nDCG@10,0.3562071871080222
q179831,R@100,1.0
q179832,nDCG@10,1.0
q179832,R@100,1.0
q179833,nDCG@10,0.5
q179833,R@100,1.0
q179834,nDCG@10,0.3333333333333333
q179834,R@100,1.0
q179835,nDCG@10,1.0
q179835,R@100,1.0
q179836,nDCG@10,1.0
q179836,R@100,1.0
q179837,nDCG@10,1.0
q179837,R@100,1.0
q179838,nDCG@10,1.0
q179838,R@100,1.0
q179839,nDCG@10,1.0
q179839,R@100,1.0
q179840,nDCG@10,1.0
q179840,R@100,1.0
q179841,nDCG@10,1.0
q179841,R@100,1.0
q179842,nDCG@10,1.0
q179842,R@100,1.0
q179843,nDCG@10,0.3562071871080222
q179843,R@100,1.0
q179844,nDCG@10,1.0
q179844,R@100,1.0
q179845,nDCG@10,1.0
q179845,R@100,1.0
q179846,nDCG@10,0.5
q179846,R@100,1.0
q179847,nDCG@10,1.0
q179847,R@100,1.0
q179848,nDCG@10,0.6309297535714575
q179848,R@100,1.0
q179849,nDCG@10,1.0
q179849,R@100,1.0
q179850,nDCG@10,1.0
q179850,R@100,1.0
q179851,nDCG@10,0.5
q179851,R@100,1.0
q179852,nDCG@10,0.0
q179852,R@100,0.0
q179853,nDCG@10,1.0
q179853,R@100,1.0
q179854,nDCG@10,1.0
q179854,R@100,1.0
q179855,nDCG@10,1.0
q179855,R@100,1.0
q179856,nDCG@10,1.0
q179856,R@100,1.0
q179857,nDCG@10,1.0
q179857,R@100,1.0
q179858,nDCG@10,1.0
q179858,R@100,1.0
q179859,nDCG@10,1.0
q179859,R@100,1.0
q179860,nDCG@10,0.6309297535714575
q179860,R@100,1.0
q179861,nDCG@10,1.0
q179861,R@100,1.0
q179862,nDCG@10,1.0
q179862,R@100,1.0
q179863,nDCG@10,0.3010299956639812
q179863,R@100,1.0
q179864,nDCG@10,0.6309297535714575
q179864,R@100,1.0
q179865,nDCG@10,0.6309297535714575
q179865,R@100,1.0
q179866,nDCG@10,1.0
q179866,R@100,1.0
q179867,nDCG@10,1.0
q179867,R@100,1.0
q179868,nDCG@10,0.6309297535714575
q179868,R@100,1.0
q179869,nDCG@10,1.0
q179869,R@100,1.0
q179870,nDCG@10,1.0
q179870,R@100,1.0
q179871,nDCG@10,1.0
q179871,R@100,1.0
q179872,nDCG@10,1.0
q179872,R@100,1.0
q179873,nDCG@10,1.0
q179873,R@100,1.0
q179874,nDCG@10,1.0
q179874,R@100,1.0
q179875,nDCG@10,1.0
q179875,R@100,1.0
q179876,nDCG@10,1.0
q179876,R@100,1.0
q179877,nDCG@10,1.0
q179877,R@100,1.0
q179878,nDCG@10,0.6309297535714575
q179878,R@100,1.0
q179879,nDCG@10,1.0
q179879,R@100,1.0
q179880,nDCG@10,1.0
q179880,R@100,1.0
q179881,nDCG@10,0.3562071871080222
q179881,R@100,1.0
q179882,nDCG@10,1.0
q179882,R@100,1.0
q179883,nDCG@10,1.0
q179883,R@100,1.0
q179884,nDCG@10,0.6309297535714575
q179884,R@100,1.0
q179885,nDCG@10,1.0
q179885,R@100,1.0
q179886,nDCG@10,1.0
q179886,R@100,1.0
q179887,nDCG@10,1.0
q179887,R@100,1.0
q179888,nDCG@10,1.0
q179888,R@100,1.0
q179889,nDCG@10,1.0
q179889,R@100,1.0
q179890,nDCG@10,1.0
q179890,R@100,1.0
q179891,nDCG@10,1.0
q179891,R@100,1.0
q179892,nDCG@10,1.0
q179892,R@100,1.0
q179893,nDCG@10,1.0
q179893,R@100,1.0
q179894,nDCG@10,1.0
q179894,R@100,1.0
q179895,nDCG@10,1.0
q179895,R@100,1.0
q179896,nDCG@10,1.0
q179896,R@100,1.0
q179897,nDCG@10,1.0
q179897,R@100,1.0
q179898,nDCG@10,1.0
q179898,R@100,1.0
q179899,nDCG@10,1.0
q179899,R@100,1.0
q179900,nDCG@10,1.0
q179900,R@100,1.0
q179901,nDCG@10,0.6309297535714575
q179901,R@100,1.0
q179902,nDCG@10,1.0
q179902,R@100,1.0
q179903,nDCG@10,1.0
q179903,R@100,1.0
q179904,nDCG@10,1.0
q179904,R@100,1.0
q179905,nDCG@10,1.0
q179905,R@100,1.0
q179906,nDCG@10,0.2890648263178879
q179906,R@100,1.0
q179907,nDCG@10,1.0
q179907,R@100,1.0
q179908,nDCG@10,1.0
q179908,R@100,1.0
q179909,nDCG@10,0.0
q179909,R@100,1.0
q179910,nDCG@10,0.6309297535714575
q179910,R@100,1.0
q179911,nDCG@10,1.0
q179911,R@100,1.0
q179912,nDCG@10,0.0
q179912,R@100,1.0
q179913,nDCG@10,0.43067655807339306
q179913,R@100,1.0
q179914,nDCG@10,1.0
q179914,R@100,1.0
q179915,nDCG@10,0.43067655807339306
q179915,R@100,1.0
q179916,nDCG@10,1.0
q179916,R@100,1.0
q179917,nDCG@10,1.0
q179917,R@100,1.0
q179918,nDCG@10,1.0
q179918,R@100,1.0
q179919,nDCG@10,1.0
q179919,R@100,1.0
q179920,nDCG@10,0.5
q179920,R@100,1.0
q179921,nDCG@10,1.0
q179921,R@100,1.0
q179922,nDCG@10,1.0
q179922,R@100,1.0
q179923,nDCG@10,0.3562071871080222
q179923,R@100,1.0
q179924,nDCG@10,1.0
q179924,R@100,1.0
q179925,nDCG@10,1.0
q179925,R@100,1.0
q179926,nDCG@10,1.0
q179926,R@100,1.0
q179927,nDCG@10,1.0
q179927,R@100,1.0
q179928,nDCG@10,1.0
q179928,R@100,1.0
q179929,nDCG@10,1.0
q179929,R@100,1.0
q179930,nDCG@10,1.0
q179930,R@100,1.0
q179931,nDCG@10,1.0
q179931,R@100,1.0
q179932,nDCG@10,1.0
q179932,R@100,1.0
q179933,nDCG@10,1.0
q179933,R@100,1.0
q179934,nDCG@10,1.0
q179934,R@100,1.0
q179935,nDCG@10,0.6309297535714575
q179935,R@100,1.0
q179936,nDCG@10,1.0
q179936,R@100,1.0
q179937,nDCG@10,1.0
q179937,R@100,1.0
q179938,nDCG@10,0.0
q179938,R@100,1.0
q179939,nDCG@10,0.3010299956639812
q179939,R@100,1.0
q179940,nDCG@10,0.6309297535714575
q179940,R@100,1.0
q179941,nDCG@10,0.5
q179941,R@100,1.0
q179942,nDCG@10,0.0
q179942,R@100,1.0
q179943,nDCG@10,1.0
q179943,R@100,1.0
q179944,nDCG@10,0.6309297535714575
q179944,R@100,1.0
q179945,nDCG@10,0.6309297535714575
q179945,R@100,1.0
q179946,nDCG@10,1.0
q179946,R@100,1.0
q179947,nDCG@10,1.0
q179947,R@100,1.0
q179948,nDCG@10,0.31546487678572877
q179948,R@100,1.0
q179949,nDCG@10,1.0
q179949,R@100,1.0
q179950,nDCG@10,1.0
q179950,R@100,1.0
q179951,nDCG@10,0.38685280723454163
q179951,R@100,1.0
q179952,nDCG@10,1.0
q179952,R@100,1.0
q179953,nDCG@10,0.0
q179953,R@100,1.0
q179954,nDCG@10,1.0
q179954,R@100,1.0
q179955,nDCG@10,1.0
q179955,R@100,1.0
q179956,nDCG@10,1.0
q179956,R@100,1.0
q179957,nDCG@10,1.0
q179957,R@100,1.0
q179958,nDCG@10,1.0
q179958,R@100,1.0
q179959,nDCG@10,1.0
q179959,R@100,1.0
q179960,nDCG@10,0.0
q179960,R@100,0.0
q179961,nDCG@10,1.0
q179961,R@100,1.0
q179962,nDCG@10,1.0
q179962,R@100,1.0
q179963,nDCG@10,1.0
q179963,R@100,1.0
q179964,nDCG@10,1.0
q179964,R@100,1.0
q179965,nDCG@10,1.0
q179965,R@100,1.0
q179966,nDCG@10,0.0
q179966,R@100,1.0
q179967,nDCG@10,1.0
q179967,R@100,1.0
q179968,nDCG@10,0.5
q179968,R@100,1.0
q179969,nDCG@10,0.0
q179969,R@100,1.0
q179970,nDCG@10,0.2890648263178879
q179970,R@100,1.0
q179971,nDCG@10,1.0
q179971,R@100,1.0
q179972,nDCG@10,1.0
q179972,R@100,1.0
q179973,nDCG@10,0.6309297535714575
q179973,R@100,1.0
q179974,nDCG@10,0.3333333333333333
q179974,R@100,1.0
q179975,nDCG@10,0.0
q179975,R@100,1.0
q179976,nDCG@10,1.0
q179976,R@100,1.0
q179977,nDCG@10,0.0
q179977,R@100,1.0
q179978,nDCG@10,0.0
q179978,R@100,0.0
q179979,nDCG@10,0.0
q179979,R@100,0.0
q179980,nDCG@10,1.0
q179980,R@100,1.0
q179981,nDCG@10,0.0
q179981,R@100,0.0
q179982,nDCG@10,1.0
q179982,R@100,1.0
q179983,nDCG@10,0.3562071871080222
q179983,R@100,1.0
q179984,nDCG@10,0.0
q179984,R@100,0.0
q179985,nDCG@10,1.0
q179985,R@100,1.0
q179986,nDCG@10,1.0
q179986,R@100,1.0
q179987,nDCG@10,0.6309297535714575
q179987,R@100,1.0
q179988,nDCG@10,0.0
q179988,R@100,1.0
q179989,nDCG@10,0.0
q179989,R@100,1.0
q179990,nDCG@10,0.0
q179990,R@100,0.0
q179991,nDCG@10,0.31546487678572877
q179991,R@100,1.0
q179992,nDCG@10,1.0
q179992,R@100,1.0
q179993,nDCG@10,0.6309297535714575
q179993,R@100,1.0
q179994,nDCG@10,0.0
q179994,R@100,0.0
q179995,nDCG@10,0.0
q179995,R@100,0.0
q179996,nDCG@10,1.0
q179996,R@100,1.0
q179997,nDCG@10,1.0
q179997,R@100,1.0
q179998,nDCG@10,1.0
q179998,R@100,1.0
q179999,nDCG@10,0.0
q179999,R@100,1.0
q180000,nDCG@10,1.0
q180000,R@100,1.0
q180001,nDCG@10,0.43067655807339306
q180001,R@100,1.0
q180002,nDCG@10,0.2890648263178879
q180002,R@100,1.0
q180003,nDCG@10,0.31546487678572877
q180003,R@100,1.0
q180004,nDCG@10,1.0
q180004,R@100,1.0
q180005,nDCG@10,0.3562071871080222
q180005,R@100,1.0
q180006,nDCG@10,0.38685280723454163
q180006,R@100,1.0
q180007,nDCG@10,1.0
q180007,R@100,1.0
q180008,nDCG@10,0.3333333333333333
q180008,R@100,1.0
q180009,nDCG@10,1.0
q180009,R@100,1.0
q180010,nDCG@10,1.0
q180010,R@100,1.0
q180011,nDCG@10,1.0
q180011,R@100,1.0
q180012,nDCG@10,1.0
q180012,R@100,1.0
q180013,nDCG@10,1.0
q180013,R@100,1.0
q180014,nDCG@10,0.0
q180014,R@100,0.0
q180015,nDCG@10,0.0
q180015,R@100,1.0
q180016,nDCG@10,1.0
q180016,R@100,1.0
q180017,nDCG@10,0.6309297535714575
q180017,R@100,1.0
q180018,nDCG@10,1.0
q180018,R@100,1.0
q180019,nDCG@10,1.0
q180019,R@100,1.0
q180020,nDCG@10,1.0
q180020,R@100,1.0
q180021,nDCG@10,1.0
q180021,R@100,1.0
q180022,nDCG@10,1.0
q180022,R@100,1.0
q180023,nDCG@10,1.0
q180023,R@100,1.0
q180024,nDCG@10,1.0
q180024,R@100,1.0
q180025,nDCG@10,1.0
q180025,R@100,1.0
q180026,nDCG@10,1.0
q180026,R@100,1.0
q180027,nDCG@10,1.0
q180027,R@100,1.0
q180028,nDCG@10,1.0
q180028,R@100,1.0
q180029,nDCG@10,0.0
q180029,R@100,1.0
q180030,nDCG@10,0.3010299956639812
q180030,R@100,1.0
q180031,nDCG@10,0.5
q180031,R@100,1.0
q180032,nDCG@10,1.0
q180032,R@100,1.0
q180033,nDCG@10,0.0
q180033,R@100,1.0
q180034,nDCG@10,1.0
q180034,R@100,1.0
q180035,nDCG@10,0.6309297535714575
q180035,R@100,1.0
q180036,nDCG@10,1.0
q180036,R@100,1.0
q180037,nDCG@10,1.0
q180037,R@100,1.0
q180038,nDCG@10,1.0
q180038,R@100,1.0
q180039,nDCG@10,1.0
q180039,R@100,1.0
q180040,nDCG@10,1.0
q180040,R@100,1.0
q180041,nDCG@10,1.0
q180041,R@100,1.0
q180042,nDCG@10,1.0
q180042,R@100,1.0
q180043,nDCG@10,1.0
q180043,R@100,1.0
q180044,nDCG@10,0.0
q180044,R@100,1.0
q180045,nDCG@10,1.0
q180045,R@100,1.0
q180046,nDCG@10,1.0
q180046,R@100,1.0
q180047,nDCG@10,1.0
q180047,R@100,1.0
q180048,nDCG@10,1.0
q180048,R@100,1.0
q180049,nDCG@10,1.0
q180049,R@100,1.0
q180050,nDCG@10,1.0
q180050,R@100,1.0
q180051,nDCG@10,1.0
q180051,R@100,1.0
q180052,nDCG@10,0.6309297535714575
q180052,R@100,1.0
q180053,nDCG@10,0.6309297535714575
q180053,R@100,1.0
q180054,nDCG@10,0.0
q180054,R@100,1.0
q180055,nDCG@10,1.0
q180055,R@100,1.0
q180056,nDCG@10,0.0
q180056,R@100,0.0
q180057,nDCG@10,0.0
q180057,R@100,1.0
q180058,nDCG@10,0.6309297535714575
q180058,R@100,1.0
q180059,nDCG@10,1.0
q180059,R@100,1.0
q180060,nDCG@10,1.0
q180060,R@100,1.0
q180061,nDCG@10,0.5
q180061,R@100,1.0
q180062,nDCG@10,1.0
q180062,R@100,1.0
q180063,nDCG@10,0.6309297535714575
q180063,R@100,1.0
q180064,nDCG@10,1.0
q180064,R@100,1.0
q180065,nDCG@10,1.0
q180065,R@100,1.0
q180066,nDCG@10,1.0
q180066,R@100,1.0
q180067,nDCG@10,0.0
q180067,R@100,1.0
q180068,nDCG@10,0.0
q180068,R@100,0.0
q180069,nDCG@10,1.0
q180069,R@100,1.0
q180070,nDCG@10,0.6309297535714575
q180070,R@100,1.0
q180071,nDCG@10,1.0
q180071,R@100,1.0
q180072,nDCG@10,0.0
q180072,R@100,0.0
q180073,nDCG@10,1.0
q180073,R@100,1.0
q180074,nDCG@10,1.0
q180074,R@100,1.0
q180075,nDCG@10,0.6309297535714575
q180075,R@100,1.0
q180076,nDCG@10,0.6309297535714575
q180076,R@100,1.0
q180077,nDCG@10,1.0
q180077,R@100,1.0
q180078,nDCG@10,0.38685280723454163
q180078,R@100,1.0
q180079,nDCG@10,1.0
q180079,R@100,1.0
q180080,nDCG@10,0.6309297535714575
q180080,R@100,1.0
q180081,nDCG@10,0.6309297535714575
q180081,R@100,1.0
q180082,nDCG@10,1.0
q180082,R@100,1.0
q180083,nDCG@10,0.5
q180083,R@100,1.0
q180084,nDCG@10,1.0
q180084,R@100,1.0
q180085,nDCG@10,0.6309297535714575
q180085,R@100,1.0
q180086,nDCG@10,1.0
q180086,R@100,1.0
q180087,nDCG@10,0.2890648263178879
q180087,R@100,1.0
q180088,nDCG@10,1.0
q180088,R@100,1.0
q180089,nDCG@10,1.0
q180089,R@100,1.0
q180090,nDCG@10,1.0
q180090,R@100,1.0
q180091,nDCG@10,1.0
q180091,R@100,1.0
q180092,nDCG@10,1.0
q180092,R@100,1.0
q180093,nDCG@10,1.0
q180093,R@100,1.0
q180094,nDCG@10,0.0
q180094,R@100,0.0
q180095,nDCG@10,1.0
q180095,R@100,1.0
q180096,nDCG@10,0.0
q180096,R@100,0.0
q180097,nDCG@10,0.0
q180097,R@100,1.0
q180098,nDCG@10,0.0
q180098,R@100,0.0
q180099,nDCG@10,1.0
q180099,R@100,1.0
q180100,nDCG@10,1.0
q180100,R@100,1.0
q180101,nDCG@10,0.5
q180101,R@100,1.0
q180102,nDCG@10,1.0
q180102,R@100,1.0
q180103,nDCG@10,1.0
q180103,R@100,1.0
q180104,nDCG@10,1.0
q180104,R@100,1.0
q180105,nDCG@10,1.0
q180105,R@100,1.0
q180106,nDCG@10,1.0
q180106,R@100,1.0
q180107,nDCG@10,1.0
q180107,R@100,1.0
q180108,nDCG@10,1.0
q180108,R@100,1.0
q180109,nDCG@10,0.0
q180109,R@100,0.0
q180110,nDCG@10,1.0
q180110,R@100,1.0
q180111,nDCG@10,0.6309297535714575
q180111,R@100,1.0
q180112,nDCG@10,1.0
q180112,R@100,1.0
q180113,nDCG@10,0.0
q180113,R@100,1.0
q180114,nDCG@10,1.0
q180114,R@100,1.0
q180115,nDCG@10,1.0
q180115,R@100,1.0
q180116,nDCG@10,0.5
q180116,R@100,1.0
q180117,nDCG@10,1.0
q180117,R@100,1.0
q180118,nDCG@10,1.0
q180118,R@100,1.0
q180119,nDCG@10,1.0
q180119,R@100,1.0
q180120,nDCG@10,1.0
q180120,R@100,1.0
q180121,nDCG@10,1.0
q180121,R@100,1.0
q180122,nDCG@10,0.5
q180122,R@100,1.0
q180123,nDCG@10,1.0
q180123,R@100,1.0
q180124,nDCG@10,0.43067655807339306
q180124,R@100,1.0
q180125,nDCG@10,1.0
q180125,R@100,1.0
q180126,nDCG@10,1.0
q180126,R@100,1.0
q180127,nDCG@10,1.0
q180127,R@100,1.0
q180128,nDCG@10,0.6309297535714575
q180128,R@100,1.0
q180129,nDCG@10,0.3562071871080222
q180129,R@100,1.0
q180130,nDCG@10,0.38685280723454163
q180130,R@100,1.0
q180131,nDCG@10,0.3333333333333333
q180131,R@100,1.0
q180132,nDCG@10,0.5
q180132,R@100,1.0
q180133,nDCG@10,1.0
q180133,R@100,1.0
q180134,nDCG@10,1.0
q180134,R@100,1.0
q180135,nDCG@10,1.0
q180135,R@100,1.0
q180136,nDCG@10,0.6309297535714575
q180136,R@100,1.0
q180137,nDCG@10,0.0
q180137,R@100,1.0
q180138,nDCG@10,0.3010299956639812
q180138,R@100,1.0
q180139,nDCG@10,0.6309297535714575
q180139,R@100,1.0
q180140,nDCG@10,0.43067655807339306
q180140,R@100,1.0
q180141,nDCG@10,0.2890648263178879
q180141,R@100,1.0
q180142,nDCG@10,0.0
q180142,R@100,1.0
q180143,nDCG@10,0.0
q180143,R@100,0.0
q180144,nDCG@10,1.0
q180144,R@100,1.0
q180145,nDCG@10,0.31546487678572877
q180145,R@100,1.0
q180146,nDCG@10,0.5
q180146,R@100,1.0
q180147,nDCG@10,1.0
q180147,R@100,1.0
q180148,nDCG@10,0.3333333333333333
q180148,R@100,1.0
q180149,nDCG@10,0.0
q180149,R@100,1.0
q180150,nDCG@10,1.0
q180150,R@100,1.0
q180151,nDCG@10,0.0
q180151,R@100,1.0
q180152,nDCG@10,0.0
q180152,R@100,1.0
q180153,nDCG@10,0.31546487678572877
q180153,R@100,1.0
q180154,nDCG@10,0.0
q180154,R@100,1.0
q180155,nDCG@10,1.0
q180155,R@100,1.0
q180156,nDCG@10,1.0
q180156,R@100,1.0
q180157,nDCG@10,1.0
q180157,R@100,1.0
q180158,nDCG@10,1.0
q180158,R@100,1.0
q180159,nDCG@10,1.0
q180159,R@100,1.0
q180160,nDCG@10,1.0
q180160,R@100,1.0
q180161,nDCG@10,0.5
q180161,R@100,1.0
q180162,nDCG@10,0.0
q180162,R@100,1.0
q180163,nDCG@10,1.0
q180163,R@100,1.0
q180164,nDCG@10,1.0
q180164,R@100,1.0
q180165,nDCG@10,0.43067655807339306
q180165,R@100,1.0
q180166,nDCG@10,0.6309297535714575
q180166,R@100,1.0
q180167,nDCG@10,0.6309297535714575
q180167,R@100,1.0
q180168,nDCG@10,0.0
q180168,R@100,0.0
q180169,nDCG@10,0.0
q180169,R@100,0.0
q180170,nDCG@10,0.0
q180170,R@100,1.0
q180171,nDCG@10,0.38685280723454163
q180171,R@100,1.0
q180172,nDCG@10,0.31546487678572877
q180172,R@100,1.0
q180173,nDCG@10,0.5
q180173,R@100,1.0
q180174,nDCG@10,1.0
q180174,R@100,1.0
q180175,nDCG@10,1.0
q180175,R@100,1.0
q180176,nDCG@10,0.0
q180176,R@100,1.0
q180177,nDCG@10,0.0
q180177,R@100,1.0
q180178,nDCG@10,0.0
q180178,R@100,1.0
q180179,nDCG@10,0.3010299956639812
q180179,R@100,1.0
q180180,nDCG@10,0.0
q180180,R@100,1.0
q180181,nDCG@10,1.0
q180181,R@100,1.0
q180182,nDCG@10,1.0
q180182,R@100,1.0
q180183,nDCG@10,0.0
q180183,R@100,1.0
q180184,nDCG@10,0.6309297535714575
q180184,R@100,1.0
q180185,nDCG@10,0.0
q180185,R@100,1.0
q180186,nDCG@10,0.0
q180186,R@100,1.0
q180187,nDCG@10,1.0
q180187,R@100,1.0
q180188,nDCG@10,1.0
q180188,R@100,1.0
q180189,nDCG@10,0.6309297535714575
q180189,R@100,1.0
q180190,nDCG@10,0.0
q180190,R@100,0.0
q180191,nDCG@10,0.0
q180191,R@100,1.0
q180192,nDCG@10,0.0
q180192,R@100,1.0
q180193,nDCG@10,0.6309297535714575
q180193,R@100,1.0
q180194,nDCG@10,0.0
q180194,R@100,1.0
q180195,nDCG@10,0.0
q180195,R@100,1.0
q180196,nDCG@10,0.2890648263178879
q180196,R@100,1.0
q180197,nDCG@10,1.0
q180197,R@100,1.0
q180198,nDCG@10,0.3562071871080222
q180198,R@100,1.0
q180199,nDCG@10,1.0
q180199,R@100,1.0
q180200,nDCG@10,0.6309297535714575
q180200,R@100,1.0
q180201,nDCG@10,1.0
q180201,R@100,1.0
q180202,nDCG@10,1.0
q180202,R@100,1.0
q180203,nDCG@10,0.3562071871080222
q180203,R@100,1.0
q180204,nDCG@10,1.0
q180204,R@100,1.0
q180205,nDCG@10,0.5
q180205,R@100,1.0
q180206,nDCG@10,0.6309297535714575
q180206,R@100,1.0
q180207,nDCG@10,1.0
q180207,R@100,1.0
q180208,nDCG@10,0.5
q180208,R@100,1.0
q180209,nDCG@10,1.0
q180209,R@100,1.0
q180210,nDCG@10,1.0
q180210,R@100,1.0
q180211,nDCG@10,1.0
q180211,R@100,1.0
q180212,nDCG@10,1.0
q180212,R@100,1.0
q180213,nDCG@10,0.38685280723454163
q180213,R@100,1.0
q180214,nDCG@10,0.38685280723454163
q180214,R@100,1.0
q180215,nDCG@10,0.6309297535714575
q180215,R@100,1.0
q180216,nDCG@10,1.0
q180216,R@100,1.0
q180217,nDCG@10,1.0
q180217,R@100,1.0
q180218,nDCG@10,1.0
q180218,R@100,1.0
q180219,nDCG@10,1.0
q180219,R@100,1.0
q180220,nDCG@10,0.5
q180220,R@100,1.0
q180221,nDCG@10,0.2890648263178879
q180221,R@100,1.0
q180222,nDCG@10,1.0
q180222,R@100,1.0
q180223,nDCG@10,0.3010299956639812
q180223,R@100,1.0
q180224,nDCG@10,1.0
q180224,R@100,1.0
q180225,nDCG@10,0.0
q180225,R@100,1.0
q180226,nDCG@10,1.0
q180226,R@100,1.0
q180227,nDCG@10,0.0
q180227,R@100,0.0
q180228,nDCG@10,0.6309297535714575
q180228,R@100,1.0
q180229,nDCG@10,0.5
q180229,R@100,1.0
q180230,nDCG@10,1.0
q180230,R@100,1.0
q180231,nDCG@10,1.0
q180231,R@100,1.0
q180232,nDCG@10,1.0
q180232,R@100,1.0
q180233,nDCG@10,0.5
q180233,R@100,1.0
q180234,nDCG@10,1.0
q180234,R@100,1.0
q180235,nDCG@10,0.0
q180235,R@100,1.0
q180236,nDCG@10,0.0
q180236,R@100,1.0
q180237,nDCG@10,0.43067655807339306
q180237,R@100,1.0
q180238,nDCG@10,1.0
q180238,R@100,1.0
q180239,nDCG@10,1.0
q180239,R@100,1.0
q180240,nDCG@10,0.3010299956639812
q180240,R@100,1.0
q180241,nDCG@10,0.0
q180241,R@100,0.0
q180242,nDCG@10,1.0
q180242,R@100,1.0
q180243,nDCG@10,1.0
q180243,R@100,1.0
q180244,nDCG@10,0.6309297535714575
q180244,R@100,1.0
q180245,nDCG@10,1.0
q180245,R@100,1.0
q180246,nDCG@10,1.0
q180246,R@100,1.0
q180247,nDCG@10,1.0
q180247,R@100,1.0
q180248,nDCG@10,0.6309297535714575
q180248,R@100,1.0
q180249,nDCG@10,0.0
q180249,R@100,0.0
q180250,nDCG@10,1.0
q180250,R@100,1.0
q180251,nDCG@10,1.0
q180251,R@100,1.0
q180252,nDCG@10,1.0
q180252,R@100,1.0
q180253,nDCG@10,1.0
q180253,R@100,1.0
q180254,nDCG@10,0.0
q180254,R@100,1.0
q180255,nDCG@10,0.3010299956639812
q180255,R@100,1.0
q180256,nDCG@10,1.0
q180256,R@100,1.0
q180257,nDCG@10,0.38685280723454163
q180257,R@100,1.0
q180258,nDCG@10,0.0
q180258,R@100,0.0
q180259,nDCG@10,0.0
q180259,R@100,1.0
q180260,nDCG@10,0.0
q180260,R@100,1.0
q180261,nDCG@10,0.0
q180261,R@100,0.0
q180262,nDCG@10,0.0
q180262,R@100,0.0
q180263,nDCG@10,0.0
q180263,R@100,1.0
q180264,nDCG@10,0.0
q180264,R@100,1.0
q180265,nDCG@10,0.0
q180265,R@100,1.0
q180266,nDCG@10,1.0
q180266,R@100,1.0
q180267,nDCG@10,1.0
q180267,R@100,1.0
q180268,nDCG@10,0.0
q180268,R@100,1.0
q180269,nDCG@10,0.3562071871080222
q180269,R@100,1.0
q180270,nDCG@10,1.0
q180270,R@100,1.0
q180271,nDCG@10,0.3333333333333333
q180271,R@100,1.0
q180272,nDCG@10,1.0
q180272,R@100,1.0
q180273,nDCG@10,1.0
q180273,R@100,1.0
q180274,nDCG@10,0.6309297535714575
q180274,R@100,1.0
q180275,nDCG@10,1.0
q180275,R@100,1.0
q180276,nDCG@10,1.0
q180276,R@100,1.0
q180277,nDCG@10,1.0
q180277,R@100,1.0
q180278,nDCG@10,0.0
q180278,R@100,1.0
q180279,nDCG@10,1.0
q180279,R@100,1.0
q180280,nDCG@10,1.0
q180280,R@100,1.0
q180281,nDCG@10,0.0
q180281,R@100,1.0
q180282,nDCG@10,0.0
q180282,R@100,1.0
q180283,nDCG@10,0.43067655807339306
q180283,R@100,1.0
q180284,nDCG@10,0.6309297535714575
q180284,R@100,1.0
q180285,nDCG@10,1.0
q180285,R@100,1.0
q180286,nDCG@10,1.0
q180286,R@100,1.0
q180287,nDCG@10,1.0
q180287,R@100,1.0
q180288,nDCG@10,0.6309297535714575
q180288,R@100,1.0
q180289,nDCG@10,0.0
q180289,R@100,0.0
q180290,nDCG@10,1.0
q180290,R@100,1.0
q180291,nDCG@10,1.0
q180291,R@100,1.0
q180292,nDCG@10,0.5
q180292,R@100,1.0
q180293,nDCG@10,1.0
q180293,R@100,1.0
q180294,nDCG@10,0.0
q180294,R@100,1.0
q180295,nDCG@10,0.6309297535714575
q180295,R@100,1.0
q180296,nDCG@10,1.0
q180296,R@100,1.0
q180297,nDCG@10,0.0
q180297,R@100,0.0
q180298,nDCG@10,1.0
q180298,R@100,1.0
q180299,nDCG@10,1.0
q180299,R@100,1.0
q180300,nDCG@10,0.5
q180300,R@100,1.0
q180301,nDCG@10,0.31546487678572877
q180301,R@100,1.0
q180302,nDCG@10,0.6309297535714575
q180302,R@100,1.0
q180303,nDCG@10,1.0
q180303,R@100,1.0
q180304,nDCG@10,1.0
q180304,R@100,1.0
q180305,nDCG@10,0.0
q180305,R@100,1.0
q180306,nDCG@10,1.0
q180306,R@100,1.0
q180307,nDCG@10,1.0
q180307,R@100,1.0
q180308,nDCG@10,1.0
q180308,R@100,1.0
q180309,nDCG@10,1.0
q180309,R@100,1.0
q180310,nDCG@10,0.0
q180310,R@100,1.0
q180311,nDCG@10,1.0
q180311,R@100,1.0
q180312,nDCG@10,0.3333333333333333
q180312,R@100,1.0
q180313,nDCG@10,1.0
q180313,R@100,1.0
q180314,nDCG@10,1.0
q180314,R@100,1.0
q180315,nDCG@10,0.31546487678572877
q180315,R@100,1.0
q180316,nDCG@10,0.6309297535714575
q180316,R@100,1.0
q180317,nDCG@10,1.0
q180317,R@100,1.0
q180318,nDCG@10,1.0
q180318,R@100,1.0
q180319,nDCG@10,1.0
q180319,R@100,1.0
q180320,nDCG@10,0.38685280723454163
q180320,R@100,1.0
q180321,nDCG@10,0.38685280723454163
q180321,R@100,1.0
q180322,nDCG@10,1.0
q180322,R@100,1.0
q180323,nDCG@10,0.38685280723454163
q180323,R@100,1.0
q180324,nDCG@10,0.5
q180324,R@100,1.0
q180325,nDCG@10,0.0
q180325,R@100,1.0
q180326,nDCG@10,0.6309297535714575
q180326,R@100,1.0
q180327,nDCG@10,0.0
q180327,R@100,0.0
q180328,nDCG@10,0.5
q180328,R@100,1.0
q180329,nDCG@10,1.0
q180329,R@100,1.0
q180330,nDCG@10,1.0
q180330,R@100,1.0
q180331,nDCG@10,0.0
q180331,R@100,0.0
q180332,nDCG@10,1.0
q180332,R@100,1.0
q180333,nDCG@10,0.0
q180333,R@100,0.0
q180334,nDCG@10,0.0
q180334,R@100,1.0
q180335,nDCG@10,0.0
q180335,R@100,0.0
q180336,nDCG@10,0.0
q180336,R@100,1.0
q180337,nDCG@10,0.0
q180337,R@100,0.0
q180338,nDCG@10,0.0
q180338,R@100,1.0
q180339,nDCG@10,0.0
q180339,R@100,0.0
q180340,nDCG@10,0.0
q180340,R@100,1.0
q180341,nDCG@10,0.0
q180341,R@100,0.0
q180342,nDCG@10,0.0
q180342,R@100,1.0
q180343,nDCG@10,0.0
q180343,R@100,1.0
q180344,nDCG@10,0.0
q180344,R@100,1.0
q180345,nDCG@10,0.0
q180345,R@100,1.0
q180346,nDCG@10,0.0
q180346,R@100,1.0
q180347,nDCG@10,1.0
q180347,R@100,1.0
q180348,nDCG@10,1.0
q180348,R@100,1.0
q180349,nDCG@10,1.0
q180349,R@100,1.0
q180350,nDCG@10,0.5
q180350,R@100,1.0
q180351,nDCG@10,1.0
q180351,R@100,1.0
q180352,nDCG@10,1.0
q180352,R@100,1.0
q180353,nDCG@10,0.3333333333333333
q180353,R@100,1.0
q180354,nDCG@10,1.0
q180354,R@100,1.0
q180355,nDCG@10,0.3562071871080222
q180355,R@100,1.0
q180356,nDCG@10,1.0
q180356,R@100,1.0
q180357,nDCG@10,1.0
q180357,R@100,1.0
q180358,nDCG@10,1.0
q180358,R@100,1.0
q180359,nDCG@10,1.0
q180359,R@100,1.0
q180360,nDCG@10,0.6309297535714575
q180360,R@100,1.0
q180361,nDCG@10,0.0
q180361,R@100,0.0
q180362,nDCG@10,1.0
q180362,R@100,1.0
q180363,nDCG@10,1.0
q180363,R@100,1.0
q180364,nDCG@10,1.0
q180364,R@100,1.0
q180365,nDCG@10,1.0
q180365,R@100,1.0
q180366,nDCG@10,0.0
q180366,R@100,0.0
q180367,nDCG@10,0.6309297535714575
q180367,R@100,1.0
q180368,nDCG@10,1.0
q180368,R@100,1.0
q180369,nDCG@10,1.0
q180369,R@100,1.0
q180370,nDCG@10,0.0
q180370,R@100,0.0
q180371,nDCG@10,0.43067655807339306
q180371,R@100,1.0
q180372,nDCG@10,1.0
q180372,R@100,1.0
q180373,nDCG@10,0.6309297535714575
q180373,R@100,1.0
q180374,nDCG@10,1.0
q180374,R@100,1.0
q180375,nDCG@10,1.0
q180375,R@100,1.0
q180376,nDCG@10,1.0
q180376,R@100,1.0
q180377,nDCG@10,1.0
q180377,R@100,1.0
q180378,nDCG@10,0.0
q180378,R@100,1.0
q180379,nDCG@10,0.6309297535714575
q180379,R@100,1.0
q180380,nDCG@10,1.0
q180380,R@100,1.0
q180381,nDCG@10,0.0
q180381,R@100,1.0
q180382,nDCG@10,1.0
q180382,R@100,1.0
q180383,nDCG@10,0.38685280723454163
q180383,R@100,1.0
q180384,nDCG@10,0.6309297535714575
q180384,R@100,1.0
q180385,nDCG@10,1.0
q180385,R@100,1.0
q180386,nDCG@10,0.6309297535714575
q180386,R@100,1.0
q180387,nDCG@10,0.6309297535714575
q180387,R@100,1.0
q180388,nDCG@10,0.43067655807339306
q180388,R@100,1.0
q180389,nDCG@10,0.5
q180389,R@100,1.0
q180390,nDCG@10,0.43067655807339306
q180390,R@100,1.0
q180391,nDCG@10,0.6309297535714575
q180391,R@100,1.0
q180392,nDCG@10,0.3562071871080222
q180392,R@100,1.0
q180393,nDCG@10,1.0
q180393,R@100,1.0
q180394,nDCG@10,1.0
q180394,R@100,1.0
q180395,nDCG@10,1.0
q180395,R@100,1.0
q180396,nDCG@10,0.6309297535714575
q180396,R@100,1.0
q180397,nDCG@10,0.3333333333333333
q180397,R@100,1.0
q180398,nDCG@10,0.38685280723454163
q180398,R@100,1.0
q180399,nDCG@10,0.5
q180399,R@100,1.0
q180400,nDCG@10,0.43067655807339306
q180400,R@100,1.0
q180401,nDCG@10,0.3562071871080222
q180401,R@100,1.0
q180402,nDCG@10,0.38685280723454163
q180402,R@100,1.0
q180403,nDCG@10,0.5
q180403,R@100,1.0
q180404,nDCG@10,1.0
q180404,R@100,1.0
q180405,nDCG@10,1.0
q180405,R@100,1.0
q180406,nDCG@10,1.0
q180406,R@100,1.0
q180407,nDCG@10,1.0
q180407,R@100,1.0
q180408,nDCG@10,0.43067655807339306
q180408,R@100,1.0
q180409,nDCG@10,1.0
q180409,R@100,1.0
q180410,nDCG@10,1.0
q180410,R@100,1.0
q180411,nDCG@10,0.0
q180411,R@100,1.0
q180412,nDCG@10,0.0
q180412,R@100,0.0
q180413,nDCG@10,0.0
q180413,R@100,1.0
q180414,nDCG@10,0.38685280723454163
q180414,R@100,1.0
q180415,nDCG@10,0.5
q180415,R@100,1.0
q180416,nDCG@10,0.0
q180416,R@100,1.0
q180417,nDCG@10,1.0
q180417,R@100,1.0
q180418,nDCG@10,1.0
q180418,R@100,1.0
q180419,nDCG@10,0.0
q180419,R@100,0.0
q180420,nDCG@10,1.0
q180420,R@100,1.0
q180421,nDCG@10,1.0
q180421,R@100,1.0
q180422,nDCG@10,1.0
q180422,R@100,1.0
q180423,nDCG@10,1.0
q180423,R@100,1.0
q180424,nDCG@10,0.0
q180424,R@100,0.0
q180425,nDCG@10,1.0
q180425,R@100,1.0
q180426,nDCG@10,0.5
q180426,R@100,1.0
q180427,nDCG@10,1.0
q180427,R@100,1.0
q180428,nDCG@10,0.0
q180428,R@100,1.0
q180429,nDCG@10,0.6309297535714575
q180429,R@100,1.0
q180430,nDCG@10,1.0
q180430,R@100,1.0
q180431,nDCG@10,1.0
q180431,R@100,1.0
q180432,nDCG@10,0.6309297535714575
q180432,R@100,1.0
q180433,nDCG@10,1.0
q180433,R@100,1.0
q180434,nDCG@10,0.5
q180434,R@100,1.0
q180435,nDCG@10,1.0
q180435,R@100,1.0
q180436,nDCG@10,0.43067655807339306
q180436,R@100,1.0
q180437,nDCG@10,1.0
q180437,R@100,1.0
q180438,nDCG@10,1.0
q180438,R@100,1.0
q180439,nDCG@10,0.6309297535714575
q180439,R@100,1.0
q180440,nDCG@10,1.0
q180440,R@100,1.0
q180441,nDCG@10,1.0
q180441,R@100,1.0
q180442,nDCG@10,0.3562071871080222
q180442,R@100,1.0
q180443,nDCG@10,1.0
q180443,R@100,1.0
q180444,nDCG@10,1.0
q180444,R@100,1.0
q180445,nDCG@10,1.0
q180445,R@100,1.0
q180446,nDCG@10,1.0
q180446,R@100,1.0
q180447,nDCG@10,1.0
q180447,R@100,1.0
q180448,nDCG@10,1.0
q180448,R@100,1.0
q180449,nDCG@10,1.0
q180449,R@100,1.0
q180450,nDCG@10,1.0
q180450,R@100,1.0
q180451,nDCG@10,1.0
q180451,R@100,1.0
q180452,nDCG@10,1.0
q180452,R@100,1.0
q180453,nDCG@10,1.0
q180453,R@100,1.0
q180454,nDCG@10,0.6309297535714575
q180454,R@100,1.0
q180455,nDCG@10,0.6309297535714575
q180455,R@100,1.0
q180456,nDCG@10,0.0
q180456,R@100,0.0
q180457,nDCG@10,0.6309297535714575
q180457,R@100,1.0
q180458,nDCG@10,0.6309297535714575
q180458,R@100,1.0
q180459,nDCG@10,0.0
q180459,R@100,0.0
q180460,nDCG@10,1.0
q180460,R@100,1.0
q180461,nDCG@10,1.0
q180461,R@100,1.0
q180462,nDCG@10,0.6309297535714575
q180462,R@100,1.0
q180463,nDCG@10,1.0
q180463,R@100,1.0
q180464,nDCG@10,1.0
q180464,R@100,1.0
q180465,nDCG@10,0.3010299956639812
q180465,R@100,1.0
q180466,nDCG@10,0.43067655807339306
q180466,R@100,1.0
q180467,nDCG@10,1.0
q180467,R@100,1.0
q180468,nDCG@10,0.6309297535714575
q180468,R@100,1.0
q180469,nDCG@10,0.43067655807339306
q180469,R@100,1.0
q180470,nDCG@10,0.6309297535714575
q180470,R@100,1.0
q180471,nDCG@10,0.6309297535714575
q180471,R@100,1.0
q180472,nDCG@10,0.6309297535714575
q180472,R@100,1.0
q180473,nDCG@10,0.38685280723454163
q180473,R@100,1.0
q180474,nDCG@10,1.0
q180474,R@100,1.0
q180475,nDCG@10,1.0
q180475,R@100,1.0
q180476,nDCG@10,1.0
q180476,R@100,1.0
q180477,nDCG@10,0.6309297535714575
q180477,R@100,1.0
q180478,nDCG@10,1.0
q180478,R@100,1.0
q180479,nDCG@10,0.6309297535714575
q180479,R@100,1.0
q180480,nDCG@10,1.0
q180480,R@100,1.0
q180481,nDCG@10,1.0
q180481,R@100,1.0
q180482,nDCG@10,0.0
q180482,R@100,1.0
q180483,nDCG@10,1.0
q180483,R@100,1.0
q180484,nDCG@10,1.0
q180484,R@100,1.0
q180485,nDCG@10,1.0
q180485,R@100,1.0
q180486,nDCG@10,1.0
q180486,R@100,1.0
q180487,nDCG@10,1.0
q180487,R@100,1.0
q180488,nDCG@10,1.0
q180488,R@100,1.0
q180489,nDCG@10,1.0
q180489,R@100,1.0
q180490,nDCG@10,1.0
q180490,R@100,1.0
q180491,nDCG@10,1.0
q180491,R@100,1.0
q180492,nDCG@10,1.0
q180492,R@100,1.0
q180493,nDCG@10,0.0
q180493,R@100,1.0
q180494,nDCG@10,1.0
q180494,R@100,1.0
q180495,nDCG@10,1.0
q180495,R@100,1.0
q180496,nDCG@10,1.0
q180496,R@100,1.0
q180497,nDCG@10,1.0
q180497,R@100,1.0
q180498,nDCG@10,0.38685280723454163
q180498,R@100,1.0
q180499,nDCG@10,0.43067655807339306
q180499,R@100,1.0
q180500,nDCG@10,1.0
q180500,R@100,1.0
q180501,nDCG@10,0.6309297535714575
q180501,R@100,1.0
q180502,nDCG@10,0.6309297535714575
q180502,R@100,1.0
q180503,nDCG@10,0.6309297535714575
q180503,R@100,1.0
q180504,nDCG@10,0.43067655807339306
q180504,R@100,1.0
q180505,nDCG@10,0.3562071871080222
q180505,R@100,1.0
q180506,nDCG@10,1.0
q180506,R@100,1.0
q180507,nDCG@10,0.0
q180507,R@100,1.0
q180508,nDCG@10,0.0
q180508,R@100,1.0
q180509,nDCG@10,1.0
q180509,R@100,1.0
q180510,nDCG@10,0.5
q180510,R@100,1.0
q180511,nDCG@10,1.0
q180511,R@100,1.0
q180512,nDCG@10,1.0
q180512,R@100,1.0
q180513,nDCG@10,1.0
q180513,R@100,1.0
q180514,nDCG@10,1.0
q180514,R@100,1.0
q180515,nDCG@10,1.0
q180515,R@100,1.0
q180516,nDCG@10,0.6309297535714575
q180516,R@100,1.0
q180517,nDCG@10,1.0
q180517,R@100,1.0
q180518,nDCG@10,1.0
q180518,R@100,1.0
q180519,nDCG@10,0.6309297535714575
q180519,R@100,1.0
q180520,nDCG@10,0.31546487678572877
q180520,R@100,1.0
q180521,nDCG@10,1.0
q180521,R@100,1.0
q180522,nDCG@10,0.0
q180522,R@100,1.0
q180523,nDCG@10,0.3562071871080222
q180523,R@100,1.0
q180524,nDCG@10,1.0
q180524,R@100,1.0
q180525,nDCG@10,1.0
q180525,R@100,1.0
q180526,nDCG@10,1.0
q180526,R@100,1.0
q180527,nDCG@10,0.31546487678572877
q180527,R@100,1.0
q180528,nDCG@10,0.6309297535714575
q180528,R@100,1.0
q180529,nDCG@10,1.0
q180529,R@100,1.0
q180530,nDCG@10,0.3333333333333333
q180530,R@100,1.0
q180531,nDCG@10,0.0
q180531,R@100,1.0
q180532,nDCG@10,1.0
q180532,R@100,1.0
q180533,nDCG@10,1.0
q180533,R@100,1.0
q180534,nDCG@10,1.0
q180534,R@100,1.0
q180535,nDCG@10,0.38685280723454163
q180535,R@100,1.0
q180536,nDCG@10,1.0
q180536,R@100,1.0
q180537,nDCG@10,1.0
q180537,R@100,1.0
q180538,nDCG@10,0.0
q180538,R@100,0.0
q180539,nDCG@10,1.0
q180539,R@100,1.0
q180540,nDCG@10,0.38685280723454163
q180540,R@100,1.0
q180541,nDCG@10,1.0
q180541,R@100,1.0
q180542,nDCG@10,1.0
q180542,R@100,1.0
q180543,nDCG@10,1.0
q180543,R@100,1.0
q180544,nDCG@10,1.0
q180544,R@100,1.0
q180545,nDCG@10,1.0
q180545,R@100,1.0
q180546,nDCG@10,1.0
q180546,R@100,1.0
q180547,nDCG@10,0.31546487678572877
q180547,R@100,1.0
q180548,nDCG@10,0.6309297535714575
q180548,R@100,1.0
q180549,nDCG@10,1.0
q180549,R@100,1.0
q180550,nDCG@10,1.0
q180550,R@100,1.0
q180551,nDCG@10,0.0
q180551,R@100,1.0
q180552,nDCG@10,1.0
q180552,R@100,1.0
q180553,nDCG@10,1.0
q180553,R@100,1.0
q180554,nDCG@10,1.0
q180554,R@100,1.0
q180555,nDCG@10,0.0
q180555,R@100,1.0
q180556,nDCG@10,1.0
q180556,R@100,1.0
q180557,nDCG@10,0.6309297535714575
q180557,R@100,1.0
q180558,nDCG@10,0.0
q180558,R@100,1.0
q180559,nDCG@10,0.0
q180559,R@100,1.0
q180560,nDCG@10,0.2890648263178879
q180560,R@100,1.0
q180561,nDCG@10,0.38685280723454163
q180561,R@100,1.0
q180562,nDCG@10,0.5
q180562,R@100,1.0
q180563,nDCG@10,1.0
q180563,R@100,1.0
q180564,nDCG@10,0.0
q180564,R@100,1.0
q180565,nDCG@10,1.0
q180565,R@100,1.0
q180566,nDCG@10,0.6309297535714575
q180566,R@100,1.0
q180567,nDCG@10,0.0
q180567,R@100,1.0
q180568,nDCG@10,1.0
q180568,R@100,1.0
q180569,nDCG@10,1.0
q180569,R@100,1.0
q180570,nDCG@10,1.0
q180570,R@100,1.0
q180571,nDCG@10,1.0
q180571,R@100,1.0
q180572,nDCG@10,0.0
q180572,R@100,1.0
q180573,nDCG@10,0.0
q180573,R@100,1.0
q180574,nDCG@10,1.0
q180574,R@100,1.0
q180575,nDCG@10,1.0
q180575,R@100,1.0
q180576,nDCG@10,1.0
q180576,R@100,1.0
q180577,nDCG@10,0.43067655807339306
q180577,R@100,1.0
q180578,nDCG@10,0.6309297535714575
q180578,R@100,1.0
q180579,nDCG@10,1.0
q180579,R@100,1.0
q180580,nDCG@10,0.38685280723454163
q180580,R@100,1.0
q180581,nDCG@10,1.0
q180581,R@100,1.0
q180582,nDCG@10,0.6309297535714575
q180582,R@100,1.0
q180583,nDCG@10,0.0
q180583,R@100,1.0
q180584,nDCG@10,0.0
q180584,R@100,1.0
q180585,nDCG@10,0.3010299956639812
q180585,R@100,1.0
q180586,nDCG@10,1.0
q180586,R@100,1.0
q180587,nDCG@10,0.6309297535714575
q180587,R@100,1.0
q180588,nDCG@10,1.0
q180588,R@100,1.0
q180589,nDCG@10,0.6309297535714575
q180589,R@100,1.0
q180590,nDCG@10,1.0
q180590,R@100,1.0
q180591,nDCG@10,1.0
q180591,R@100,1.0
q180592,nDCG@10,1.0
q180592,R@100,1.0
q180593,nDCG@10,1.0
q180593,R@100,1.0
q180594,nDCG@10,1.0
q180594,R@100,1.0
q180595,nDCG@10,1.0
q180595,R@100,1.0
q180596,nDCG@10,1.0
q180596,R@100,1.0
q180597,nDCG@10,1.0
q180597,R@100,1.0
q180598,nDCG@10,0.31546487678572877
q180598,R@100,1.0
q180599,nDCG@10,1.0
q180599,R@100,1.0
q180600,nDCG@10,1.0
q180600,R@100,1.0
q180601,nDCG@10,1.0
q180601,R@100,1.0
q180602,nDCG@10,1.0
q180602,R@100,1.0
q180603,nDCG@10,0.0
q180603,R@100,1.0
q180604,nDCG@10,0.6309297535714575
q180604,R@100,1.0
q180605,nDCG@10,0.6309297535714575
q180605,R@100,1.0
q180606,nDCG@10,0.6309297535714575
q180606,R@100,1.0
q180607,nDCG@10,0.0
q180607,R@100,0.0
q180608,nDCG@10,0.6309297535714575
q180608,R@100,1.0
q180609,nDCG@10,1.0
q180609,R@100,1.0
q180610,nDCG@10,1.0
q180610,R@100,1.0
q180611,nDCG@10,1.0
q180611,R@100,1.0
q180612,nDCG@10,1.0
q180612,R@100,1.0
q180613,nDCG@10,1.0
q180613,R@100,1.0
q180614,nDCG@10,1.0
q180614,R@100,1.0
q180615,nDCG@10,0.5
q180615,R@100,1.0
q180616,nDCG@10,1.0
q180616,R@100,1.0
q180617,nDCG@10,0.31546487678572877
q180617,R@100,1.0
q180618,nDCG@10,0.43067655807339306
q180618,R@100,1.0
q180619,nDCG@10,0.0
q180619,R@100,1.0
q180620,nDCG@10,0.3333333333333333
q180620,R@100,1.0
q180621,nDCG@10,0.0
q180621,R@100,0.0
q180622,nDCG@10,0.0
q180622,R@100,0.0
q180623,nDCG@10,1.0
q180623,R@100,1.0
q180624,nDCG@10,0.0
q180624,R@100,0.0
q180625,nDCG@10,0.0
q180625,R@100,0.0
q180626,nDCG@10,1.0
q180626,R@100,1.0
q180627,nDCG@10,0.0
q180627,R@100,1.0
q180628,nDCG@10,0.6309297535714575
q180628,R@100,1.0
q180629,nDCG@10,0.6309297535714575
q180629,R@100,1.0
q180630,nDCG@10,1.0
q180630,R@100,1.0
q180631,nDCG@10,1.0
q180631,R@100,1.0
q180632,nDCG@10,0.5
q180632,R@100,1.0
q180633,nDCG@10,1.0
q180633,R@100,1.0
q180634,nDCG@10,0.0
q180634,R@100,1.0
q180635,nDCG@10,0.5
q180635,R@100,1.0
q180636,nDCG@10,1.0
q180636,R@100,1.0
q180637,nDCG@10,1.0
q180637,R@100,1.0
q180638,nDCG@10,1.0
q180638,R@100,1.0
q180639,nDCG@10,0.5
q180639,R@100,1.0
q180640,nDCG@10,0.6309297535714575
q180640,R@100,1.0
q180641,nDCG@10,0.0
q180641,R@100,1.0
q180642,nDCG@10,1.0
q180642,R@100,1.0
q180643,nDCG@10,0.0
q180643,R@100,1.0
q180644,nDCG@10,1.0
q180644,R@100,1.0
q180645,nDCG@10,0.3010299956639812
q180645,R@100,1.0
q180646,nDCG@10,0.0
q180646,R@100,1.0
q180647,nDCG@10,1.0
q180647,R@100,1.0
q180648,nDCG@10,0.6309297535714575
q180648,R@100,1.0
q180649,nDCG@10,0.6309297535714575
q180649,R@100,1.0
q180650,nDCG@10,0.2890648263178879
q180650,R@100,1.0
q180651,nDCG@10,0.6309297535714575
q180651,R@100,1.0
q180652,nDCG@10,0.31546487678572877
q180652,R@100,1.0
q180653,nDCG@10,0.0
q180653,R@100,1.0
q180654,nDCG@10,1.0
q180654,R@100,1.0
q180655,nDCG@10,1.0
q180655,R@100,1.0
q180656,nDCG@10,0.0
q180656,R@100,1.0
q180657,nDCG@10,1.0
q180657,R@100,1.0
q180658,nDCG@10,0.0
q180658,R@100,1.0
q180659,nDCG@10,1.0
q180659,R@100,1.0
q180660,nDCG@10,1.0
q180660,R@100,1.0
q180661,nDCG@10,1.0
q180661,R@100,1.0
q180662,nDCG@10,0.6309297535714575
q180662,R@100,1.0
q180663,nDCG@10,1.0
q180663,R@100,1.0
q180664,nDCG@10,1.0
q180664,R@100,1.0
q180665,nDCG@10,0.0
q180665,R@100,1.0
q180666,nDCG@10,0.5
q180666,R@100,1.0
q180667,nDCG@10,1.0
q180667,R@100,1.0
q180668,nDCG@10,1.0
q180668,R@100,1.0
q180669,nDCG@10,1.0
q180669,R@100,1.0
q180670,nDCG@10,0.6309297535714575
q180670,R@100,1.0
q180671,nDCG@10,0.3333333333333333
q180671,R@100,1.0
q180672,nDCG@10,0.0
q180672,R@100,1.0
q180673,nDCG@10,0.5
q180673,R@100,1.0
q180674,nDCG@10,1.0
q180674,R@100,1.0
q180675,nDCG@10,0.0
q180675,R@100,1.0
q180676,nDCG@10,1.0
q180676,R@100,1.0
q180677,nDCG@10,0.0
q180677,R@100,1.0
q180678,nDCG@10,1.0
q180678,R@100,1.0
q180679,nDCG@10,1.0
q180679,R@100,1.0
q180680,nDCG@10,1.0
q180680,R@100,1.0
q180681,nDCG@10,1.0
q180681,R@100,1.0
q180682,nDCG@10,0.0
q180682,R@100,0.0
q180683,nDCG@10,0.31546487678572877
q180683,R@100,1.0
q180684,nDCG@10,0.3333333333333333
q180684,R@100,1.0
q180685,nDCG@10,0.43067655807339306
q180685,R@100,1.0
q180686,nDCG@10,0.0
q180686,R@100,1.0
q180687,nDCG@10,0.3333333333333333
q180687,R@100,1.0
q180688,nDCG@10,0.3010299956639812
q180688,R@100,1.0
q180689,nDCG@10,0.43067655807339306
q180689,R@100,1.0
q180690,nDCG@10,0.31546487678572877
q180690,R@100,1.0
q180691,nDCG@10,1.0
q180691,R@100,1.0
q180692,nDCG@10,0.43067655807339306
q180692,R@100,1.0
q180693,nDCG@10,0.5
q180693,R@100,1.0
q180694,nDCG@10,1.0
q180694,R@100,1.0
q180695,nDCG@10,1.0
q180695,R@100,1.0
q180696,nDCG@10,0.0
q180696,R@100,1.0
q180697,nDCG@10,0.38685280723454163
q180697,R@100,1.0
q180698,nDCG@10,0.0
q180698,R@100,1.0
q180699,nDCG@10,1.0
q180699,R@100,1.0
q180700,nDCG@10,1.0
q180700,R@100,1.0
q180701,nDCG@10,0.0
q180701,R@100,0.0
q180702,nDCG@10,0.2890648263178879
q180702,R@100,1.0
q180703,nDCG@10,0.0
q180703,R@100,0.0
q180704,nDCG@10,0.0
q180704,R@100,1.0
q180705,nDCG@10,0.0
q180705,R@100,0.0
q180706,nDCG@10,0.5
q180706,R@100,1.0
q180707,nDCG@10,1.0
q180707,R@100,1.0
q180708,nDCG@10,1.0
q180708,R@100,1.0
q180709,nDCG@10,0.0
q180709,R@100,1.0
q180710,nDCG@10,0.0
q180710,R@100,1.0
q180711,nDCG@10,0.0
q180711,R@100,1.0
q180712,nDCG@10,0.3010299956639812
q180712,R@100,1.0
q180713,nDCG@10,0.6309297535714575
q180713,R@100,1.0
q180714,nDCG@10,1.0
q180714,R@100,1.0
q180715,nDCG@10,1.0
q180715,R@100,1.0
q180716,nDCG@10,0.6309297535714575
q180716,R@100,1.0
q180717,nDCG@10,0.6309297535714575
q180717,R@100,1.0
q180718,nDCG@10,0.43067655807339306
q180718,R@100,1.0
q180719,nDCG@10,0.0
q180719,R@100,1.0
q180720,nDCG@10,0.43067655807339306
q180720,R@100,1.0
q180721,nDCG@10,0.0
q180721,R@100,1.0
q180722,nDCG@10,0.0
q180722,R@100,0.0
q180723,nDCG@10,0.38685280723454163
q180723,R@100,1.0
q180724,nDCG@10,0.0
q180724,R@100,1.0
q180725,nDCG@10,1.0
q180725,R@100,1.0
q180726,nDCG@10,1.0
q180726,R@100,1.0
q180727,nDCG@10,1.0
q180727,R@100,1.0
q180728,nDCG@10,1.0
q180728,R@100,1.0
q180729,nDCG@10,1.0
q180729,R@100,1.0
q180730,nDCG@10,1.0
q180730,R@100,1.0
q180731,nDCG@10,1.0
q180731,R@100,1.0
q180732,nDCG@10,1.0
q180732,R@100,1.0
q180733,nDCG@10,1.0
q180733,R@100,1.0
q180734,nDCG@10,1.0
q180734,R@100,1.0
q180735,nDCG@10,1.0
q180735,R@100,1.0
q180736,nDCG@10,1.0
q180736,R@100,1.0
q180737,nDCG@10,1.0
q180737,R@100,1.0
q180738,nDCG@10,1.0
q180738,R@100,1.0
q180739,nDCG@10,1.0
q180739,R@100,1.0
q180740,nDCG@10,1.0
q180740,R@100,1.0
q180741,nDCG@10,1.0
q180741,R@100,1.0
q180742,nDCG@10,1.0
q180742,R@100,1.0
q180743,nDCG@10,1.0
q180743,R@100,1.0
q180744,nDCG@10,1.0
q180744,R@100,1.0
q180745,nDCG@10,1.0
q180745,R@100,1.0
q180746,nDCG@10,1.0
q180746,R@100,1.0
q180747,nDCG@10,1.0
q180747,R@100,1.0
q180748,nDCG@10,1.0
q180748,R@100,1.0
q180749,nDCG@10,1.0
q180749,R@100,1.0
q180750,nDCG@10,1.0
q180750,R@100,1.0
q180751,nDCG@10,1.0
q180751,R@100,1.0
q180752,nDCG@10,1.0
q180752,R@100,1.0
q180753,nDCG@10,1.0
q180753,R@100,1.0
q180754,nDCG@10,1.0
q180754,R@100,1.0
q180755,nDCG@10,1.0
q180755,R@100,1.0
q180756,nDCG@10,1.0
q180756,R@100,1.0
q180757,nDCG@10,1.0
q180757,R@100,1.0
q180758,nDCG@10,1.0
q180758,R@100,1.0
q180759,nDCG@10,1.0
q180759,R@100,1.0
q180760,nDCG@10,1.0
q180760,R@100,1.0
q180761,nDCG@10,1.0
q180761,R@100,1.0
q180762,nDCG@10,1.0
q180762,R@100,1.0
q180763,nDCG@10,1.0
q180763,R@100,1.0
q180764,nDCG@10,1.0
q180764,R@100,1.0
q180765,nDCG@10,1.0
q180765,R@100,1.0
q180766,nDCG@10,1.0
q180766,R@100,1.0
q180767,nDCG@10,1.0
q180767,R@100,1.0
q180768,nDCG@10,1.0
q180768,R@100,1.0
q180769,nDCG@10,1.0
q180769,R@100,1.0
q180770,nDCG@10,1.0
q180770,R@100,1.0
q180771,nDCG@10,1.0
q180771,R@100,1.0
q180772,nDCG@10,1.0
q180772,R@100,1.0
q180773,nDCG@10,1.0
q180773,R@100,1.0
q180774,nDCG@10,1.0
q180774,R@100,1.0
q180775,nDCG@10,1.0
q180775,R@100,1.0
q180776,nDCG@10,1.0
q180776,R@100,1.0
q180777,nDCG@10,1.0
q180777,R@100,1.0
q180778,nDCG@10,1.0
q180778,R@100,1.0
q180779,nDCG@10,1.0
q180779,R@100,1.0
q180780,nDCG@10,1.0
q180780,R@100,1.0
q180781,nDCG@10,1.0
q180781,R@100,1.0
q180782,nDCG@10,1.0
q180782,R@100,1.0
q180783,nDCG@10,1.0
q180783,R@100,1.0
q180784,nDCG@10,1.0
q180784,R@100,1.0
q180785,nDCG@10,1.0
q180785,R@100,1.0
q180786,nDCG@10,1.0
q180786,R@100,1.0
q180787,nDCG@10,1.0
q180787,R@100,1.0
q180788,nDCG@10,0.0
q180788,R@100,0.0
q180789,nDCG@10,1.0
q180789,R@100,1.0
q180790,nDCG@10,1.0
q180790,R@100,1.0
q180791,nDCG@10,0.6309297535714575
q180791,R@100,1.0
q180792,nDCG@10,1.0
q180792,R@100,1.0
q180793,nDCG@10,0.0
q180793,R@100,0.0
q180794,nDCG@10,0.3010299956639812
q180794,R@100,1.0
q180795,nDCG@10,0.3562071871080222
q180795,R@100,1.0
q180796,nDCG@10,0.0
q180796,R@100,0.0
q180797,nDCG@10,0.0
q180797,R@100,1.0
q180798,nDCG@10,0.0
q180798,R@100,1.0
q180799,nDCG@10,1.0
q180799,R@100,1.0
q180800,nDCG@10,1.0
q180800,R@100,1.0
q180801,nDCG@10,1.0
q180801,R@100,1.0
q180802,nDCG@10,1.0
q180802,R@100,1.0
q180803,nDCG@10,1.0
q180803,R@100,1.0
q180804,nDCG@10,1.0
q180804,R@100,1.0
q180805,nDCG@10,1.0
q180805,R@100,1.0
q180806,nDCG@10,1.0
q180806,R@100,1.0
q180807,nDCG@10,1.0
q180807,R@100,1.0
q180808,nDCG@10,1.0
q180808,R@100,1.0
q180809,nDCG@10,1.0
q180809,R@100,1.0
q180810,nDCG@10,1.0
q180810,R@100,1.0
q180811,nDCG@10,1.0
q180811,R@100,1.0
q180812,nDCG@10,1.0
q180812,R@100,1.0
q180813,nDCG@10,1.0
q180813,R@100,1.0
q180814,nDCG@10,0.0
q180814,R@100,1.0
q180815,nDCG@10,0.5
q180815,R@100,1.0
q180816,nDCG@10,0.0
q180816,R@100,0.0
q180817,nDCG@10,1.0
q180817,R@100,1.0
q180818,nDCG@10,1.0
q180818,R@100,1.0
q180819,nDCG@10,1.0
q180819,R@100,1.0
q180820,nDCG@10,1.0
q180820,R@100,1.0
q180821,nDCG@10,1.0
q180821,R@100,1.0
q180822,nDCG@10,1.0
q180822,R@100,1.0
q180823,nDCG@10,1.0
q180823,R@100,1.0
q180824,nDCG@10,1.0
q180824,R@100,1.0
q180825,nDCG@10,1.0
q180825,R@100,1.0
q180826,nDCG@10,1.0
q180826,R@100,1.0
q180827,nDCG@10,1.0
q180827,R@100,1.0
q180828,nDCG@10,1.0
q180828,R@100,1.0
q180829,nDCG@10,1.0
q180829,R@100,1.0
q180830,nDCG@10,1.0
q180830,R@100,1.0
q180831,nDCG@10,1.0
q180831,R@100,1.0
q180832,nDCG@10,1.0
q180832,R@100,1.0
q180833,nDCG@10,0.0
q180833,R@100,0.0
q180834,nDCG@10,0.6309297535714575
q180834,R@100,1.0
q180835,nDCG@10,1.0
q180835,R@100,1.0
q180836,nDCG@10,1.0
q180836,R@100,1.0
q180837,nDCG@10,1.0
q180837,R@100,1.0
q180838,nDCG@10,0.0
q180838,R@100,1.0
q180839,nDCG@10,0.0
q180839,R@100,1.0
q180840,nDCG@10,1.0
q180840,R@100,1.0
q180841,nDCG@10,0.0
q180841,R@100,1.0
q180842,nDCG@10,1.0
q180842,R@100,1.0
q180843,nDCG@10,1.0
q180843,R@100,1.0
q180844,nDCG@10,0.2890648263178879
q180844,R@100,1.0
q180845,nDCG@10,0.6309297535714575
q180845,R@100,1.0
q180846,nDCG@10,0.3010299956639812
q180846,R@100,1.0
q180847,nDCG@10,0.0
q180847,R@100,0.0
q180848,nDCG@10,0.0
q180848,R@100,0.0
q180849,nDCG@10,1.0
q180849,R@100,1.0
q180850,nDCG@10,1.0
q180850,R@100,1.0
q180851,nDCG@10,1.0
q180851,R@100,1.0
q180852,nDCG@10,1.0
q180852,R@100,1.0
q180853,nDCG@10,1.0
q180853,R@100,1.0
q180854,nDCG@10,1.0
q180854,R@100,1.0
q180855,nDCG@10,0.0
q180855,R@100,1.0
q180856,nDCG@10,1.0
q180856,R@100,1.0
q180857,nDCG@10,0.5
q180857,R@100,1.0
q180858,nDCG@10,1.0
q180858,R@100,1.0
q180859,nDCG@10,0.0
q180859,R@100,1.0
q180860,nDCG@10,1.0
q180860,R@100,1.0
q180861,nDCG@10,1.0
q180861,R@100,1.0
q180862,nDCG@10,0.3333333333333333
q180862,R@100,1.0
q180863,nDCG@10,0.3010299956639812
q180863,R@100,1.0
q180864,nDCG@10,0.6309297535714575
q180864,R@100,1.0
q180865,nDCG@10,0.0
q180865,R@100,1.0
q180866,nDCG@10,1.0
q180866,R@100,1.0
q180867,nDCG@10,0.0
q180867,R@100,1.0
q180868,nDCG@10,1.0
q180868,R@100,1.0
q180869,nDCG@10,0.0
q180869,R@100,0.0
q180870,nDCG@10,0.5
q180870,R@100,1.0
q180871,nDCG@10,0.0
q180871,R@100,1.0
q180872,nDCG@10,0.0
q180872,R@100,1.0
q180873,nDCG@10,0.0
q180873,R@100,0.0
q180874,nDCG@10,0.5
q180874,R@100,1.0
q180875,nDCG@10,1.0
q180875,R@100,1.0
q180876,nDCG@10,1.0
q180876,R@100,1.0
q180877,nDCG@10,1.0
q180877,R@100,1.0
q180878,nDCG@10,1.0
q180878,R@100,1.0
q180879,nDCG@10,1.0
q180879,R@100,1.0
q180880,nDCG@10,1.0
q180880,R@100,1.0
q180881,nDCG@10,0.2890648263178879
q180881,R@100,1.0
q180882,nDCG@10,0.0
q180882,R@100,1.0
q180883,nDCG@10,0.0
q180883,R@100,0.0
q180884,nDCG@10,0.43067655807339306
q180884,R@100,1.0
q180885,nDCG@10,1.0
q180885,R@100,1.0
q180886,nDCG@10,1.0
q180886,R@100,1.0
q180887,nDCG@10,1.0
q180887,R@100,1.0
q180888,nDCG@10,0.6309297535714575
q180888,R@100,1.0
q180889,nDCG@10,1.0
q180889,R@100,1.0
q180890,nDCG@10,0.0
q180890,R@100,1.0
q180891,nDCG@10,0.31546487678572877
q180891,R@100,1.0
q180892,nDCG@10,0.0
q180892,R@100,1.0
q180893,nDCG@10,0.0
q180893,R@100,0.0
q180894,nDCG@10,0.0
q180894,R@100,1.0
q180895,nDCG@10,1.0
q180895,R@100,1.0
q180896,nDCG@10,1.0
q180896,R@100,1.0
q180897,nDCG@10,1.0
q180897,R@100,1.0
q180898,nDCG@10,1.0
q180898,R@100,1.0
q180899,nDCG@10,0.6309297535714575
q180899,R@100,1.0
q180900,nDCG@10,0.5
q180900,R@100,1.0
q180901,nDCG@10,0.6309297535714575
q180901,R@100,1.0
q180902,nDCG@10,1.0
q180902,R@100,1.0
q180903,nDCG@10,1.0
q180903,R@100,1.0
q180904,nDCG@10,1.0
q180904,R@100,1.0
q180905,nDCG@10,1.0
q180905,R@100,1.0
q180906,nDCG@10,1.0
q180906,R@100,1.0
q180907,nDCG@10,0.3333333333333333
q180907,R@100,1.0
q180908,nDCG@10,0.6309297535714575
q180908,R@100,1.0
q180909,nDCG@10,0.0
q180909,R@100,1.0
q180910,nDCG@10,0.6309297535714575
q180910,R@100,1.0
q180911,nDCG@10,1.0
q180911,R@100,1.0
q180912,nDCG@10,1.0
q180912,R@100,1.0
q180913,nDCG@10,1.0
q180913,R@100,1.0
q180914,nDCG@10,1.0
q180914,R@100,1.0
q180915,nDCG@10,0.0
q180915,R@100,0.0
q180916,nDCG@10,1.0
q180916,R@100,1.0
q180917,nDCG@10,1.0
q180917,R@100,1.0
q180918,nDCG@10,1.0
q180918,R@100,1.0
q180919,nDCG@10,1.0
q180919,R@100,1.0
q180920,nDCG@10,0.43067655807339306
q180920,R@100,1.0
q180921,nDCG@10,1.0
q180921,R@100,1.0
q180922,nDCG@10,1.0
q180922,R@100,1.0
q180923,nDCG@10,0.0
q180923,R@100,1.0
q180924,nDCG@10,0.0
q180924,R@100,1.0
q180925,nDCG@10,0.6309297535714575
q180925,R@100,1.0
q180926,nDCG@10,0.5
q180926,R@100,1.0
q180927,nDCG@10,0.0
q180927,R@100,1.0
q180928,nDCG@10,0.0
q180928,R@100,0.0
q180929,nDCG@10,0.5
q180929,R@100,1.0
q180930,nDCG@10,0.0
q180930,R@100,1.0
q180931,nDCG@10,1.0
q180931,R@100,1.0
q180932,nDCG@10,0.0
q180932,R@100,1.0
q180933,nDCG@10,1.0
q180933,R@100,1.0
q180934,nDCG@10,1.0
q180934,R@100,1.0
q180935,nDCG@10,1.0
q180935,R@100,1.0
q180936,nDCG@10,0.0
q180936,R@100,1.0
q180937,nDCG@10,0.6309297535714575
q180937,R@100,1.0
q180938,nDCG@10,0.0
q180938,R@100,1.0
q180939,nDCG@10,1.0
q180939,R@100,1.0
q180940,nDCG@10,0.43067655807339306
q180940,R@100,1.0
q180941,nDCG@10,1.0
q180941,R@100,1.0
q180942,nDCG@10,0.6309297535714575
q180942,R@100,1.0
q180943,nDCG@10,0.0
q180943,R@100,1.0
q180944,nDCG@10,1.0
q180944,R@100,1.0
q180945,nDCG@10,1.0
q180945,R@100,1.0
q180946,nDCG@10,0.0
q180946,R@100,0.0
q180947,nDCG@10,1.0
q180947,R@100,1.0
q180948,nDCG@10,0.38685280723454163
q180948,R@100,1.0
q180949,nDCG@10,1.0
q180949,R@100,1.0
q180950,nDCG@10,1.0
q180950,R@100,1.0
q180951,nDCG@10,1.0
q180951,R@100,1.0
q180952,nDCG@10,1.0
q180952,R@100,1.0
q180953,nDCG@10,1.0
q180953,R@100,1.0
q180954,nDCG@10,1.0
q180954,R@100,1.0
q180955,nDCG@10,0.6309297535714575
q180955,R@100,1.0
q180956,nDCG@10,0.38685280723454163
q180956,R@100,1.0
q180957,nDCG@10,0.2890648263178879
q180957,R@100,1.0
q180958,nDCG@10,1.0
q180958,R@100,1.0
q180959,nDCG@10,1.0
q180959,R@100,1.0
q180960,nDCG@10,0.0
q180960,R@100,0.0
q180961,nDCG@10,0.0
q180961,R@100,0.0
q180962,nDCG@10,1.0
q180962,R@100,1.0
q180963,nDCG@10,0.0
q180963,R@100,1.0
q180964,nDCG@10,0.0
q180964,R@100,1.0
q180965,nDCG@10,1.0
q180965,R@100,1.0
q180966,nDCG@10,0.6309297535714575
q180966,R@100,1.0
q180967,nDCG@10,0.0
q180967,R@100,1.0
q180968,nDCG@10,1.0
q180968,R@100,1.0
q180969,nDCG@10,0.3333333333333333
q180969,R@100,1.0
q180970,nDCG@10,0.6309297535714575
q180970,R@100,1.0
q180971,nDCG@10,1.0
q180971,R@100,1.0
q180972,nDCG@10,1.0
q180972,R@100,1.0
q180973,nDCG@10,0.0
q180973,R@100,1.0
q180974,nDCG@10,0.31546487678572877
q180974,R@100,1.0
q180975,nDCG@10,1.0
q180975,R@100,1.0
q180976,nDCG@10,0.3333333333333333
q180976,R@100,1.0
q180977,nDCG@10,0.3333333333333333
q180977,R@100,1.0
q180978,nDCG@10,0.38685280723454163
q180978,R@100,1.0
q180979,nDCG@10,0.43067655807339306
q180979,R@100,1.0
q180980,nDCG@10,1.0
q180980,R@100,1.0
q180981,nDCG@10,1.0
q180981,R@100,1.0
q180982,nDCG@10,1.0
q180982,R@100,1.0
q180983,nDCG@10,1.0
q180983,R@100,1.0
q180984,nDCG@10,0.0
q180984,R@100,1.0
q180985,nDCG@10,1.0
q180985,R@100,1.0
q180986,nDCG@10,1.0
q180986,R@100,1.0
q180987,nDCG@10,0.6309297535714575
q180987,R@100,1.0
q180988,nDCG@10,0.0
q180988,R@100,0.0
q180989,nDCG@10,0.0
q180989,R@100,1.0
q180990,nDCG@10,1.0
q180990,R@100,1.0
q180991,nDCG@10,0.43067655807339306
q180991,R@100,1.0
q180992,nDCG@10,0.0
q180992,R@100,0.0
q180993,nDCG@10,1.0
q180993,R@100,1.0
q180994,nDCG@10,0.3562071871080222
q180994,R@100,1.0
q180995,nDCG@10,1.0
q180995,R@100,1.0
q180996,nDCG@10,0.6309297535714575
q180996,R@100,1.0
q180997,nDCG@10,0.0
q180997,R@100,1.0
q180998,nDCG@10,1.0
q180998,R@100,1.0
q180999,nDCG@10,1.0
q180999,R@100,1.0
q181000,nDCG@10,1.0
q181000,R@100,1.0
q181001,nDCG@10,1.0
q181001,R@100,1.0
q181002,nDCG@10,0.0
q181002,R@100,1.0
q181003,nDCG@10,1.0
q181003,R@100,1.0
q181004,nDCG@10,0.0
q181004,R@100,1.0
q181005,nDCG@10,1.0
q181005,R@100,1.0
q181006,nDCG@10,1.0
q181006,R@100,1.0
q181007,nDCG@10,1.0
q181007,R@100,1.0
q181008,nDCG@10,1.0
q181008,R@100,1.0
q181009,nDCG@10,1.0
q181009,R@100,1.0
q181010,nDCG@10,1.0
q181010,R@100,1.0
q181011,nDCG@10,1.0
q181011,R@100,1.0
q181012,nDCG@10,1.0
q181012,R@100,1.0
q181013,nDCG@10,1.0
q181013,R@100,1.0
q181014,nDCG@10,1.0
q181014,R@100,1.0
q181015,nDCG@10,0.0
q181015,R@100,0.0
q181016,nDCG@10,1.0
q181016,R@100,1.0
q181017,nDCG@10,1.0
q181017,R@100,1.0
q181018,nDCG@10,0.6309297535714575
q181018,R@100,1.0
q181019,nDCG@10,0.0
q181019,R@100,0.0
q181020,nDCG@10,1.0
q181020,R@100,1.0
q181021,nDCG@10,1.0
q181021,R@100,1.0
q181022,nDCG@10,1.0
q181022,R@100,1.0
q181023,nDCG@10,0.43067655807339306
q181023,R@100,1.0
q181024,nDCG@10,1.0
q181024,R@100,1.0
q181025,nDCG@10,1.0
q181025,R@100,1.0
q181026,nDCG@10,0.5
q181026,R@100,1.0
q181027,nDCG@10,0.3333333333333333
q181027,R@100,1.0
q181028,nDCG@10,1.0
q181028,R@100,1.0
q181029,nDCG@10,1.0
q181029,R@100,1.0
q181030,nDCG@10,1.0
q181030,R@100,1.0
q181031,nDCG@10,0.6309297535714575
q181031,R@100,1.0
q181032,nDCG@10,0.0
q181032,R@100,0.0
q181033,nDCG@10,1.0
q181033,R@100,1.0
q181034,nDCG@10,0.0
q181034,R@100,0.0
q181035,nDCG@10,1.0
q181035,R@100,1.0
q181036,nDCG@10,1.0
q181036,R@100,1.0
q181037,nDCG@10,1.0
q181037,R@100,1.0
q181038,nDCG@10,0.6309297535714575
q181038,R@100,1.0
q181039,nDCG@10,1.0
q181039,R@100,1.0
q181040,nDCG@10,1.0
q181040,R@100,1.0
q181041,nDCG@10,1.0
q181041,R@100,1.0
q181042,nDCG@10,1.0
q181042,R@100,1.0
q181043,nDCG@10,1.0
q181043,R@100,1.0
q181044,nDCG@10,1.0
q181044,R@100,1.0
q181045,nDCG@10,1.0
q181045,R@100,1.0
q181046,nDCG@10,1.0
q181046,R@100,1.0
q181047,nDCG@10,1.0
q181047,R@100,1.0
q181048,nDCG@10,1.0
q181048,R@100,1.0
q181049,nDCG@10,1.0
q181049,R@100,1.0
q181050,nDCG@10,1.0
q181050,R@100,1.0
q181051,nDCG@10,0.43067655807339306
q181051,R@100,1.0
q181052,nDCG@10,1.0
q181052,R@100,1.0
q181053,nDCG@10,0.6309297535714575
q181053,R@100,1.0
q181054,nDCG@10,0.3562071871080222
q181054,R@100,1.0
q181055,nDCG@10,1.0
q181055,R@100,1.0
q181056,nDCG@10,1.0
q181056,R@100,1.0
q181057,nDCG@10,1.0
q181057,R@100,1.0
q181058,nDCG@10,1.0
q181058,R@100,1.0
q181059,nDCG@10,1.0
q181059,R@100,1.0
q181060,nDCG@10,0.43067655807339306
q181060,R@100,1.0
q181061,nDCG@10,1.0
q181061,R@100,1.0
q181062,nDCG@10,1.0
q181062,R@100,1.0
q181063,nDCG@10,1.0
q181063,R@100,1.0
q181064,nDCG@10,0.6309297535714575
q181064,R@100,1.0
q181065,nDCG@10,1.0
q181065,R@100,1.0
q181066,nDCG@10,1.0
q181066,R@100,1.0
q181067,nDCG@10,0.3562071871080222
q181067,R@100,1.0
q181068,nDCG@10,0.3562071871080222
q181068,R@100,1.0
q181069,nDCG@10,1.0
q181069,R@100,1.0
q181070,nDCG@10,0.0
q181070,R@100,1.0
q181071,nDCG@10,1.0
q181071,R@100,1.0
q181072,nDCG@10,1.0
q181072,R@100,1.0
q181073,nDCG@10,1.0
q181073,R@100,1.0
q181074,nDCG@10,0.6309297535714575
q181074,R@100,1.0
q181075,nDCG@10,1.0
q181075,R@100,1.0
q181076,nDCG@10,0.6309297535714575
q181076,R@100,1.0
q181077,nDCG@10,0.0
q181077,R@100,1.0
q181078,nDCG@10,0.3562071871080222
q181078,R@100,1.0
q181079,nDCG@10,0.6309297535714575
q181079,R@100,1.0
q181080,nDCG@10,0.43067655807339306
q181080,R@100,1.0
q181081,nDCG@10,0.0
q181081,R@100,1.0
q181082,nDCG@10,1.0
q181082,R@100,1.0
q181083,nDCG@10,1.0
q181083,R@100,1.0
q181084,nDCG@10,1.0
q181084,R@100,1.0
q181085,nDCG@10,1.0
q181085,R@100,1.0
q181086,nDCG@10,1.0
q181086,R@100,1.0
q181087,nDCG@10,1.0
q181087,R@100,1.0
q181088,nDCG@10,0.3010299956639812
q181088,R@100,1.0
q181089,nDCG@10,1.0
q181089,R@100,1.0
q181090,nDCG@10,0.0
q181090,R@100,1.0
q181091,nDCG@10,1.0
q181091,R@100,1.0
q181092,nDCG@10,1.0
q181092,R@100,1.0
q181093,nDCG@10,0.38685280723454163
q181093,R@100,1.0
q181094,nDCG@10,1.0
q181094,R@100,1.0
q181095,nDCG@10,1.0
q181095,R@100,1.0
q181096,nDCG@10,1.0
q181096,R@100,1.0
q181097,nDCG@10,0.43067655807339306
q181097,R@100,1.0
q181098,nDCG@10,0.6309297535714575
q181098,R@100,1.0
q181099,nDCG@10,1.0
q181099,R@100,1.0
q181100,nDCG@10,0.31546487678572877
q181100,R@100,1.0
q181101,nDCG@10,0.0
q181101,R@100,1.0
q181102,nDCG@10,1.0
q181102,R@100,1.0
q181103,nDCG@10,0.6309297535714575
q181103,R@100,1.0
q181104,nDCG@10,1.0
q181104,R@100,1.0
q181105,nDCG@10,1.0
q181105,R@100,1.0
q181106,nDCG@10,1.0
q181106,R@100,1.0
q181107,nDCG@10,0.0
q181107,R@100,1.0
q181108,nDCG@10,1.0
q181108,R@100,1.0
q181109,nDCG@10,0.0
q181109,R@100,1.0
q181110,nDCG@10,1.0
q181110,R@100,1.0
q181111,nDCG@10,0.3562071871080222
q181111,R@100,1.0
q181112,nDCG@10,0.38685280723454163
q181112,R@100,1.0
q181113,nDCG@10,0.6309297535714575
q181113,R@100,1.0
q181114,nDCG@10,0.38685280723454163
q181114,R@100,1.0
q181115,nDCG@10,1.0
q181115,R@100,1.0
q181116,nDCG@10,1.0
q181116,R@100,1.0
q181117,nDCG@10,1.0
q181117,R@100,1.0
q181118,nDCG@10,1.0
q181118,R@100,1.0
q181119,nDCG@10,1.0
q181119,R@100,1.0
q181120,nDCG@10,1.0
q181120,R@100,1.0
q181121,nDCG@10,0.6309297535714575
q181121,R@100,1.0
q181122,nDCG@10,0.43067655807339306
q181122,R@100,1.0
q181123,nDCG@10,0.3333333333333333
q181123,R@100,1.0
q181124,nDCG@10,0.0
q181124,R@100,1.0
q181125,nDCG@10,1.0
q181125,R@100,1.0
q181126,nDCG@10,0.6309297535714575
q181126,R@100,1.0
q181127,nDCG@10,0.31546487678572877
q181127,R@100,1.0
q181128,nDCG@10,0.5
q181128,R@100,1.0
q181129,nDCG@10,1.0
q181129,R@100,1.0
q181130,nDCG@10,0.0
q181130,R@100,1.0
q181131,nDCG@10,1.0
q181131,R@100,1.0
q181132,nDCG@10,1.0
q181132,R@100,1.0
q181133,nDCG@10,1.0
q181133,R@100,1.0
q181134,nDCG@10,0.0
q181134,R@100,0.0
q181135,nDCG@10,1.0
q181135,R@100,1.0
q181136,nDCG@10,1.0
q181136,R@100,1.0
q181137,nDCG@10,1.0
q181137,R@100,1.0
q181138,nDCG@10,1.0
q181138,R@100,1.0
q181139,nDCG@10,0.5
q181139,R@100,1.0
q181140,nDCG@10,0.6309297535714575
q181140,R@100,1.0
q181141,nDCG@10,0.0
q181141,R@100,1.0
q181142,nDCG@10,1.0
q181142,R@100,1.0
q181143,nDCG@10,1.0
q181143,R@100,1.0
q181144,nDCG@10,0.0
q181144,R@100,0.0
q181145,nDCG@10,1.0
q181145,R@100,1.0
q181146,nDCG@10,1.0
q181146,R@100,1.0
q181147,nDCG@10,1.0
q181147,R@100,1.0
q181148,nDCG@10,1.0
q181148,R@100,1.0
q181149,nDCG@10,1.0
q181149,R@100,1.0
q181150,nDCG@10,0.3010299956639812
q181150,R@100,1.0
q181151,nDCG@10,0.3562071871080222
q181151,R@100,1.0
q181152,nDCG@10,1.0
q181152,R@100,1.0
q181153,nDCG@10,1.0
q181153,R@100,1.0
q181154,nDCG@10,0.5
q181154,R@100,1.0
q181155,nDCG@10,0.5
q181155,R@100,1.0
q181156,nDCG@10,1.0
q181156,R@100,1.0
q181157,nDCG@10,0.3333333333333333
q181157,R@100,1.0
q181158,nDCG@10,0.5
q181158,R@100,1.0
q181159,nDCG@10,0.3562071871080222
q181159,R@100,1.0
q181160,nDCG@10,0.2890648263178879
q181160,R@100,1.0
q181161,nDCG@10,1.0
q181161,R@100,1.0
q181162,nDCG@10,0.5
q181162,R@100,1.0
q181163,nDCG@10,1.0
q181163,R@100,1.0
q181164,nDCG@10,1.0
q181164,R@100,1.0
q181165,nDCG@10,0.43067655807339306
q181165,R@100,1.0
q181166,nDCG@10,1.0
q181166,R@100,1.0
q181167,nDCG@10,1.0
q181167,R@100,1.0
q181168,nDCG@10,1.0
q181168,R@100,1.0
q181169,nDCG@10,1.0
q181169,R@100,1.0
q181170,nDCG@10,1.0
q181170,R@100,1.0
q181171,nDCG@10,0.5
q181171,R@100,1.0
q181172,nDCG@10,1.0
q181172,R@100,1.0
q181173,nDCG@10,1.0
q181173,R@100,1.0
q181174,nDCG@10,1.0
q181174,R@100,1.0
q181175,nDCG@10,0.5
q181175,R@100,1.0
q181176,nDCG@10,0.3562071871080222
q181176,R@100,1.0
q181177,nDCG@10,1.0
q181177,R@100,1.0
q181178,nDCG@10,1.0
q181178,R@100,1.0
q181179,nDCG@10,1.0
q181179,R@100,1.0
q181180,nDCG@10,1.0
q181180,R@100,1.0
q181181,nDCG@10,0.5
q181181,R@100,1.0
q181182,nDCG@10,1.0
q181182,R@100,1.0
q181183,nDCG@10,1.0
q181183,R@100,1.0
q181184,nDCG@10,0.5
q181184,R@100,1.0
q181185,nDCG@10,1.0
q181185,R@100,1.0
q181186,nDCG@10,1.0
q181186,R@100,1.0
q181187,nDCG@10,1.0
q181187,R@100,1.0
q181188,nDCG@10,1.0
q181188,R@100,1.0
q181189,nDCG@10,1.0
q181189,R@100,1.0
q181190,nDCG@10,1.0
q181190,R@100,1.0
q181191,nDCG@10,1.0
q181191,R@100,1.0
q181192,nDCG@10,0.43067655807339306
q181192,R@100,1.0
q181193,nDCG@10,0.6309297535714575
q181193,R@100,1.0
q181194,nDCG@10,0.5
q181194,R@100,1.0
q181195,nDCG@10,1.0
q181195,R@100,1.0
q181196,nDCG@10,0.6309297535714575
q181196,R@100,1.0
q181197,nDCG@10,1.0
q181197,R@100,1.0
q181198,nDCG@10,1.0
q181198,R@100,1.0
q181199,nDCG@10,1.0
q181199,R@100,1.0
q181200,nDCG@10,1.0
q181200,R@100,1.0
q181201,nDCG@10,0.5
q181201,R@100,1.0
q181202,nDCG@10,0.5
q181202,R@100,1.0
q181203,nDCG@10,1.0
q181203,R@100,1.0
q181204,nDCG@10,1.0
q181204,R@100,1.0
q181205,nDCG@10,0.5
q181205,R@100,1.0
q181206,nDCG@10,1.0
q181206,R@100,1.0
q181207,nDCG@10,1.0
q181207,R@100,1.0
q181208,nDCG@10,1.0
q181208,R@100,1.0
q181209,nDCG@10,0.43067655807339306
q181209,R@100,1.0
q181210,nDCG@10,1.0
q181210,R@100,1.0
q181211,nDCG@10,1.0
q181211,R@100,1.0
q181212,nDCG@10,1.0
q181212,R@100,1.0
q181213,nDCG@10,1.0
q181213,R@100,1.0
q181214,nDCG@10,1.0
q181214,R@100,1.0
q181215,nDCG@10,1.0
q181215,R@100,1.0
q181216,nDCG@10,1.0
q181216,R@100,1.0
q181217,nDCG@10,1.0
q181217,R@100,1.0
q181218,nDCG@10,1.0
q181218,R@100,1.0
q181219,nDCG@10,1.0
q181219,R@100,1.0
q181220,nDCG@10,1.0
q181220,R@100,1.0
q181221,nDCG@10,1.0
q181221,R@100,1.0
q181222,nDCG@10,1.0
q181222,R@100,1.0
q181223,nDCG@10,1.0
q181223,R@100,1.0
q181224,nDCG@10,1.0
q181224,R@100,1.0
q181225,nDCG@10,1.0
q181225,R@100,1.0
q181226,nDCG@10,0.6309297535714575
q181226,R@100,1.0
q181227,nDCG@10,0.6309297535714575
q181227,R@100,1.0
q181228,nDCG@10,1.0
q181228,R@100,1.0
q181229,nDCG@10,1.0
q181229,R@100,1.0
q181230,nDCG@10,1.0
q181230,R@100,1.0
q181231,nDCG@10,1.0
q181231,R@100,1.0
q181232,nDCG@10,1.0
q181232,R@100,1.0
q181233,nDCG@10,1.0
q181233,R@100,1.0
q181234,nDCG@10,1.0
q181234,R@100,1.0
q181235,nDCG@10,1.0
q181235,R@100,1.0
q181236,nDCG@10,0.6309297535714575
q181236,R@100,1.0
q181237,nDCG@10,1.0
q181237,R@100,1.0
q181238,nDCG@10,1.0
q181238,R@100,1.0
q181239,nDCG@10,1.0
q181239,R@100,1.0
q181240,nDCG@10,0.5
q181240,R@100,1.0
q181241,nDCG@10,0.6309297535714575
q181241,R@100,1.0
q181242,nDCG@10,1.0
q181242,R@100,1.0
q181243,nDCG@10,0.43067655807339306
q181243,R@100,1.0
q181244,nDCG@10,0.5
q181244,R@100,1.0
q181245,nDCG@10,0.43067655807339306
q181245,R@100,1.0
q181246,nDCG@10,1.0
q181246,R@100,1.0
q181247,nDCG@10,1.0
q181247,R@100,1.0
q181248,nDCG@10,0.6309297535714575
q181248,R@100,1.0
q181249,nDCG@10,1.0
q181249,R@100,1.0
q181250,nDCG@10,1.0
q181250,R@100,1.0
q181251,nDCG@10,0.0
q181251,R@100,1.0
q181252,nDCG@10,1.0
q181252,R@100,1.0
q181253,nDCG@10,1.0
q181253,R@100,1.0
q181254,nDCG@10,0.3333333333333333
q181254,R@100,1.0
q181255,nDCG@10,1.0
q181255,R@100,1.0
q181256,nDCG@10,0.0
q181256,R@100,1.0
q181257,nDCG@10,1.0
q181257,R@100,1.0
q181258,nDCG@10,0.5
q181258,R@100,1.0
q181259,nDCG@10,1.0
q181259,R@100,1.0
q181260,nDCG@10,0.5
q181260,R@100,1.0
q181261,nDCG@10,1.0
q181261,R@100,1.0
q181262,nDCG@10,0.6309297535714575
q181262,R@100,1.0
q181263,nDCG@10,1.0
q181263,R@100,1.0
q181264,nDCG@10,0.0
q181264,R@100,0.0
q181265,nDCG@10,1.0
q181265,R@100,1.0
q181266,nDCG@10,0.5
q181266,R@100,1.0
q181267,nDCG@10,1.0
q181267,R@100,1.0
q181268,nDCG@10,0.0
q181268,R@100,1.0
q181269,nDCG@10,1.0
q181269,R@100,1.0
q181270,nDCG@10,1.0
q181270,R@100,1.0
q181271,nDCG@10,1.0
q181271,R@100,1.0
q181272,nDCG@10,0.5
q181272,R@100,1.0
q181273,nDCG@10,1.0
q181273,R@100,1.0
q181274,nDCG@10,0.3010299956639812
q181274,R@100,1.0
q181275,nDCG@10,0.3562071871080222
q181275,R@100,1.0
q181276,nDCG@10,1.0
q181276,R@100,1.0
q181277,nDCG@10,0.5
q181277,R@100,1.0
q181278,nDCG@10,0.38685280723454163
q181278,R@100,1.0
q181279,nDCG@10,0.5
q181279,R@100,1.0
q181280,nDCG@10,0.6309297535714575
q181280,R@100,1.0
q181281,nDCG@10,1.0
q181281,R@100,1.0
q181282,nDCG@10,0.5
q181282,R@100,1.0
q181283,nDCG@10,0.0
q181283,R@100,1.0
q181284,nDCG@10,0.0
q181284,R@100,0.0
q181285,nDCG@10,0.6309297535714575
q181285,R@100,1.0
q181286,nDCG@10,0.6309297535714575
q181286,R@100,1.0
q181287,nDCG@10,0.0
q181287,R@100,0.0
q181288,nDCG@10,1.0
q181288,R@100,1.0
q181289,nDCG@10,1.0
q181289,R@100,1.0
q181290,nDCG@10,1.0
q181290,R@100,1.0
q181291,nDCG@10,0.43067655807339306
q181291,R@100,1.0
q181292,nDCG@10,0.0
q181292,R@100,1.0
q181293,nDCG@10,1.0
q181293,R@100,1.0
q181294,nDCG@10,0.6309297535714575
q181294,R@100,1.0
q181295,nDCG@10,0.6309297535714575
q181295,R@100,1.0
q181296,nDCG@10,0.6309297535714575
q181296,R@100,1.0
q181297,nDCG@10,1.0
q181297,R@100,1.0
q181298,nDCG@10,1.0
q181298,R@100,1.0
q181299,nDCG@10,0.0
q181299,R@100,1.0
q181300,nDCG@10,0.6309297535714575
q181300,R@100,1.0
q181301,nDCG@10,1.0
q181301,R@100,1.0
q181302,nDCG@10,0.0
q181302,R@100,0.0
q181303,nDCG@10,0.31546487678572877
q181303,R@100,1.0
q181304,nDCG@10,0.6309297535714575
q181304,R@100,1.0
q181305,nDCG@10,1.0
q181305,R@100,1.0
q181306,nDCG@10,0.0
q181306,R@100,1.0
q181307,nDCG@10,0.0
q181307,R@100,1.0
q181308,nDCG@10,1.0
q181308,R@100,1.0
q181309,nDCG@10,0.6309297535714575
q181309,R@100,1.0
q181310,nDCG@10,0.0
q181310,R@100,0.0
q181311,nDCG@10,0.0
q181311,R@100,1.0
q181312,nDCG@10,0.0
q181312,R@100,0.0
q181313,nDCG@10,1.0
q181313,R@100,1.0
q181314,nDCG@10,1.0
q181314,R@100,1.0
q181315,nDCG@10,1.0
q181315,R@100,1.0
q181316,nDCG@10,1.0
q181316,R@100,1.0
q181317,nDCG@10,0.3010299956639812
q181317,R@100,1.0
q181318,nDCG@10,0.0
q181318,R@100,1.0
q181319,nDCG@10,1.0
q181319,R@100,1.0
q181320,nDCG@10,0.6309297535714575
q181320,R@100,1.0
q181321,nDCG@10,1.0
q181321,R@100,1.0
q181322,nDCG@10,0.6309297535714575
q181322,R@100,1.0
q181323,nDCG@10,0.38685280723454163
q181323,R@100,1.0
q181324,nDCG@10,0.2890648263178879
q181324,R@100,1.0
q181325,nDCG@10,0.6309297535714575
q181325,R@100,1.0
q181326,nDCG@10,0.6309297535714575
q181326,R@100,1.0
q181327,nDCG@10,0.38685280723454163
q181327,R@100,1.0
q181328,nDCG@10,1.0
q181328,R@100,1.0
q181329,nDCG@10,0.43067655807339306
q181329,R@100,1.0
q181330,nDCG@10,0.6309297535714575
q181330,R@100,1.0
q181331,nDCG@10,1.0
q181331,R@100,1.0
q181332,nDCG@10,1.0
q181332,R@100,1.0
q181333,nDCG@10,1.0
q181333,R@100,1.0
q181334,nDCG@10,1.0
q181334,R@100,1.0
q181335,nDCG@10,0.6309297535714575
q181335,R@100,1.0
q181336,nDCG@10,0.0
q181336,R@100,1.0
q181337,nDCG@10,0.0
q181337,R@100,1.0
q181338,nDCG@10,0.6309297535714575
q181338,R@100,1.0
q181339,nDCG@10,1.0
q181339,R@100,1.0
q181340,nDCG@10,1.0
q181340,R@100,1.0
q181341,nDCG@10,0.43067655807339306
q181341,R@100,1.0
q181342,nDCG@10,0.0
q181342,R@100,0.0
q181343,nDCG@10,0.6309297535714575
q181343,R@100,1.0
q181344,nDCG@10,1.0
q181344,R@100,1.0
q181345,nDCG@10,0.43067655807339306
q181345,R@100,1.0
q181346,nDCG@10,0.5
q181346,R@100,1.0
q181347,nDCG@10,1.0
q181347,R@100,1.0
q181348,nDCG@10,1.0
q181348,R@100,1.0
q181349,nDCG@10,0.5
q181349,R@100,1.0
q181350,nDCG@10,0.0
q181350,R@100,0.0
q181351,nDCG@10,0.0
q181351,R@100,0.0
q181352,nDCG@10,0.0
q181352,R@100,0.0
q181353,nDCG@10,0.6309297535714575
q181353,R@100,1.0
q181354,nDCG@10,1.0
q181354,R@100,1.0
q181355,nDCG@10,0.6309297535714575
q181355,R@100,1.0
q181356,nDCG@10,1.0
q181356,R@100,1.0
q181357,nDCG@10,0.0
q181357,R@100,0.0
q181358,nDCG@10,0.0
q181358,R@100,0.0
q181359,nDCG@10,0.43067655807339306
q181359,R@100,1.0
q181360,nDCG@10,0.43067655807339306
q181360,R@100,1.0
q181361,nDCG@10,0.0
q181361,R@100,0.0
q181362,nDCG@10,0.0
q181362,R@100,0.0
q181363,nDCG@10,1.0
q181363,R@100,1.0
q181364,nDCG@10,1.0
q181364,R@100,1.0
q181365,nDCG@10,1.0
q181365,R@100,1.0
q181366,nDCG@10,1.0
q181366,R@100,1.0
q181367,nDCG@10,0.5
q181367,R@100,1.0
q181368,nDCG@10,1.0
q181368,R@100,1.0
q181369,nDCG@10,1.0
q181369,R@100,1.0
q181370,nDCG@10,1.0
q181370,R@100,1.0
q181371,nDCG@10,1.0
q181371,R@100,1.0
q181372,nDCG@10,0.0
q181372,R@100,0.0
q181373,nDCG@10,1.0
q181373,R@100,1.0
q181374,nDCG@10,1.0
q181374,R@100,1.0
q181375,nDCG@10,0.3562071871080222
q181375,R@100,1.0
q181376,nDCG@10,1.0
q181376,R@100,1.0
q181377,nDCG@10,1.0
q181377,R@100,1.0
q181378,nDCG@10,0.3333333333333333
q181378,R@100,1.0
q181379,nDCG@10,1.0
q181379,R@100,1.0
q181380,nDCG@10,1.0
q181380,R@100,1.0
q181381,nDCG@10,1.0
q181381,R@100,1.0
q181382,nDCG@10,1.0
q181382,R@100,1.0
q181383,nDCG@10,1.0
q181383,R@100,1.0
q181384,nDCG@10,1.0
q181384,R@100,1.0
q181385,nDCG@10,0.5
q181385,R@100,1.0
q181386,nDCG@10,1.0
q181386,R@100,1.0
q181387,nDCG@10,1.0
q181387,R@100,1.0
q181388,nDCG@10,1.0
q181388,R@100,1.0
q181389,nDCG@10,1.0
q181389,R@100,1.0
q181390,nDCG@10,0.3333333333333333
q181390,R@100,1.0
q181391,nDCG@10,0.38685280723454163
q181391,R@100,1.0
q181392,nDCG@10,0.0
q181392,R@100,0.0
q181393,nDCG@10,0.0
q181393,R@100,0.0
q181394,nDCG@10,0.5
q181394,R@100,1.0
q181395,nDCG@10,0.3333333333333333
q181395,R@100,1.0
q181396,nDCG@10,0.5
q181396,R@100,1.0
q181397,nDCG@10,0.0
q181397,R@100,0.0
q181398,nDCG@10,0.31546487678572877
q181398,R@100,1.0
q181399,nDCG@10,0.6309297535714575
q181399,R@100,1.0
q181400,nDCG@10,1.0
q181400,R@100,1.0
q181401,nDCG@10,1.0
q181401,R@100,1.0
q181402,nDCG@10,1.0
q181402,R@100,1.0
q181403,nDCG@10,0.0
q181403,R@100,1.0
q181404,nDCG@10,1.0
q181404,R@100,1.0
q181405,nDCG@10,1.0
q181405,R@100,1.0
q181406,nDCG@10,1.0
q181406,R@100,1.0
q181407,nDCG@10,0.0
q181407,R@100,0.0
q181408,nDCG@10,0.0
q181408,R@100,1.0
q181409,nDCG@10,0.6309297535714575
q181409,R@100,1.0
q181410,nDCG@10,0.0
q181410,R@100,1.0
q181411,nDCG@10,0.0
q181411,R@100,0.0
q181412,nDCG@10,0.0
q181412,R@100,0.0
q181413,nDCG@10,1.0
q181413,R@100,1.0
q181414,nDCG@10,0.5
q181414,R@100,1.0
q181415,nDCG@10,0.0
q181415,R@100,1.0
q181416,nDCG@10,0.0
q181416,R@100,1.0
q181417,nDCG@10,0.0
q181417,R@100,1.0
q181418,nDCG@10,0.5
q181418,R@100,1.0
q181419,nDCG@10,0.3562071871080222
q181419,R@100,1.0
q181420,nDCG@10,0.0
q181420,R@100,0.0
q181421,nDCG@10,0.3562071871080222
q181421,R@100,1.0
q181422,nDCG@10,0.0
q181422,R@100,1.0
q181423,nDCG@10,0.0
q181423,R@100,0.0
q181424,nDCG@10,0.0
q181424,R@100,1.0
q181425,nDCG@10,0.38685280723454163
q181425,R@100,1.0
q181426,nDCG@10,1.0
q181426,R@100,1.0
q181427,nDCG@10,0.5
q181427,R@100,1.0
q181428,nDCG@10,1.0
q181428,R@100,1.0
q181429,nDCG@10,0.2890648263178879
q181429,R@100,1.0
q181430,nDCG@10,0.6309297535714575
q181430,R@100,1.0
q181431,nDCG@10,0.0
q181431,R@100,0.0
q181432,nDCG@10,0.0
q181432,R@100,1.0
q181433,nDCG@10,0.0
q181433,R@100,0.0
q181434,nDCG@10,0.0
q181434,R@100,0.0
q181435,nDCG@10,1.0
q181435,R@100,1.0
q181436,nDCG@10,0.0
q181436,R@100,1.0
q181437,nDCG@10,0.0
q181437,R@100,0.0
q181438,nDCG@10,0.0
q181438,R@100,1.0
q181439,nDCG@10,0.0
q181439,R@100,0.0
q181440,nDCG@10,0.0
q181440,R@100,0.0
q181441,nDCG@10,0.0
q181441,R@100,1.0
q181442,nDCG@10,1.0
q181442,R@100,1.0
q181443,nDCG@10,0.0
q181443,R@100,0.0
q181444,nDCG@10,0.43067655807339306
q181444,R@100,1.0
q181445,nDCG@10,0.31546487678572877
q181445,R@100,1.0
q181446,nDCG@10,0.0
q181446,R@100,0.0
q181447,nDCG@10,1.0
q181447,R@100,1.0
q181448,nDCG@10,0.6309297535714575
q181448,R@100,1.0
q181449,nDCG@10,1.0
q181449,R@100,1.0
q181450,nDCG@10,1.0
q181450,R@100,1.0
q181451,nDCG@10,1.0
q181451,R@100,1.0
q181452,nDCG@10,1.0
q181452,R@100,1.0
q181453,nDCG@10,1.0
q181453,R@100,1.0
q181454,nDCG@10,0.0
q181454,R@100,1.0
q181455,nDCG@10,1.0
q181455,R@100,1.0
q181456,nDCG@10,0.0
q181456,R@100,0.0
q181457,nDCG@10,1.0
q181457,R@100,1.0
q181458,nDCG@10,0.43067655807339306
q181458,R@100,1.0
q181459,nDCG@10,1.0
q181459,R@100,1.0
q181460,nDCG@10,1.0
q181460,R@100,1.0
q181461,nDCG@10,1.0
q181461,R@100,1.0
q181462,nDCG@10,1.0
q181462,R@100,1.0
q181463,nDCG@10,1.0
q181463,R@100,1.0
q181464,nDCG@10,1.0
q181464,R@100,1.0
q181465,nDCG@10,0.6309297535714575
q181465,R@100,1.0
q181466,nDCG@10,1.0
q181466,R@100,1.0
q181467,nDCG@10,1.0
q181467,R@100,1.0
q181468,nDCG@10,1.0
q181468,R@100,1.0
q181469,nDCG@10,0.38685280723454163
q181469,R@100,1.0
q181470,nDCG@10,0.43067655807339306
q181470,R@100,1.0
q181471,nDCG@10,1.0
q181471,R@100,1.0
q181472,nDCG@10,1.0
q181472,R@100,1.0
q181473,nDCG@10,1.0
q181473,R@100,1.0
q181474,nDCG@10,1.0
q181474,R@100,1.0
q181475,nDCG@10,1.0
q181475,R@100,1.0
q181476,nDCG@10,1.0
q181476,R@100,1.0
q181477,nDCG@10,1.0
q181477,R@100,1.0
q181478,nDCG@10,0.43067655807339306
q181478,R@100,1.0
q181479,nDCG@10,0.38685280723454163
q181479,R@100,1.0
q181480,nDCG@10,1.0
q181480,R@100,1.0
q181481,nDCG@10,1.0
q181481,R@100,1.0
q181482,nDCG@10,0.0
q181482,R@100,1.0
q181483,nDCG@10,1.0
q181483,R@100,1.0
q181484,nDCG@10,1.0
q181484,R@100,1.0
q181485,nDCG@10,0.0
q181485,R@100,1.0
q181486,nDCG@10,1.0
q181486,R@100,1.0
q181487,nDCG@10,0.6309297535714575
q181487,R@100,1.0
q181488,nDCG@10,0.6309297535714575
q181488,R@100,1.0
q181489,nDCG@10,1.0
q181489,R@100,1.0
q181490,nDCG@10,0.0
q181490,R@100,1.0
q181491,nDCG@10,1.0
q181491,R@100,1.0
q181492,nDCG@10,1.0
q181492,R@100,1.0
q181493,nDCG@10,0.43067655807339306
q181493,R@100,1.0
q181494,nDCG@10,0.43067655807339306
q181494,R@100,1.0
q181495,nDCG@10,0.6309297535714575
q181495,R@100,1.0
q181496,nDCG@10,1.0
q181496,R@100,1.0
q181497,nDCG@10,0.5
q181497,R@100,1.0
q181498,nDCG@10,1.0
q181498,R@100,1.0
q181499,nDCG@10,0.0
q181499,R@100,0.0
q181500,nDCG@10,1.0
q181500,R@100,1.0
q181501,nDCG@10,0.6309297535714575
q181501,R@100,1.0
q181502,nDCG@10,0.6309297535714575
q181502,R@100,1.0
q181503,nDCG@10,0.43067655807339306
q181503,R@100,1.0
q181504,nDCG@10,0.0
q181504,R@100,1.0
q181505,nDCG@10,1.0
q181505,R@100,1.0
q181506,nDCG@10,0.3010299956639812
q181506,R@100,1.0
q181507,nDCG@10,0.0
q181507,R@100,1.0
q181508,nDCG@10,1.0
q181508,R@100,1.0
q181509,nDCG@10,1.0
q181509,R@100,1.0
q181510,nDCG@10,0.5
q181510,R@100,1.0
q181511,nDCG@10,0.6309297535714575
q181511,R@100,1.0
q181512,nDCG@10,1.0
q181512,R@100,1.0
q181513,nDCG@10,0.0
q181513,R@100,1.0
q181514,nDCG@10,1.0
q181514,R@100,1.0
q181515,nDCG@10,1.0
q181515,R@100,1.0
q181516,nDCG@10,0.6309297535714575
q181516,R@100,1.0
q181517,nDCG@10,0.0
q181517,R@100,1.0
q181518,nDCG@10,0.3562071871080222
q181518,R@100,1.0
q181519,nDCG@10,0.0
q181519,R@100,1.0
q181520,nDCG@10,1.0
q181520,R@100,1.0
q181521,nDCG@10,1.0
q181521,R@100,1.0
q181522,nDCG@10,1.0
q181522,R@100,1.0
q181523,nDCG@10,1.0
q181523,R@100,1.0
q181524,nDCG@10,0.0
q181524,R@100,1.0
q181525,nDCG@10,1.0
q181525,R@100,1.0
q181526,nDCG@10,1.0
q181526,R@100,1.0
q181527,nDCG@10,1.0
q181527,R@100,1.0
q181528,nDCG@10,1.0
q181528,R@100,1.0
q181529,nDCG@10,1.0
q181529,R@100,1.0
q181530,nDCG@10,1.0
q181530,R@100,1.0
q181531,nDCG@10,1.0
q181531,R@100,1.0
q181532,nDCG@10,1.0
q181532,R@100,1.0
q181533,nDCG@10,1.0
q181533,R@100,1.0
q181534,nDCG@10,0.3010299956639812
q181534,R@100,1.0
q181535,nDCG@10,0.0
q181535,R@100,1.0
q181536,nDCG@10,0.3562071871080222
q181536,R@100,1.0
q181537,nDCG@10,1.0
q181537,R@100,1.0
q181538,nDCG@10,0.5
q181538,R@100,1.0
q181539,nDCG@10,0.2890648263178879
q181539,R@100,1.0
q181540,nDCG@10,0.0
q181540,R@100,1.0
q181541,nDCG@10,0.43067655807339306
q181541,R@100,1.0
q181542,nDCG@10,0.6309297535714575
q181542,R@100,1.0
q181543,nDCG@10,0.31546487678572877
q181543,R@100,1.0
q181544,nDCG@10,0.0
q181544,R@100,0.0
q181545,nDCG@10,0.6309297535714575
q181545,R@100,1.0
q181546,nDCG@10,1.0
q181546,R@100,1.0
q181547,nDCG@10,0.43067655807339306
q181547,R@100,1.0
q181548,nDCG@10,0.0
q181548,R@100,1.0
q181549,nDCG@10,1.0
q181549,R@100,1.0
q181550,nDCG@10,1.0
q181550,R@100,1.0
q181551,nDCG@10,1.0
q181551,R@100,1.0
q181552,nDCG@10,1.0
q181552,R@100,1.0
q181553,nDCG@10,1.0
q181553,R@100,1.0
q181554,nDCG@10,1.0
q181554,R@100,1.0
q181555,nDCG@10,1.0
q181555,R@100,1.0
q181556,nDCG@10,1.0
q181556,R@100,1.0
q181557,nDCG@10,1.0
q181557,R@100,1.0
q181558,nDCG@10,1.0
q181558,R@100,1.0
q181559,nDCG@10,1.0
q181559,R@100,1.0
q181560,nDCG@10,1.0
q181560,R@100,1.0
q181561,nDCG@10,1.0
q181561,R@100,1.0
q181562,nDCG@10,1.0
q181562,R@100,1.0
q181563,nDCG@10,1.0
q181563,R@100,1.0
q181564,nDCG@10,1.0
q181564,R@100,1.0
q181565,nDCG@10,1.0
q181565,R@100,1.0
q181566,nDCG@10,1.0
q181566,R@100,1.0
q181567,nDCG@10,1.0
q181567,R@100,1.0
q181568,nDCG@10,1.0
q181568,R@100,1.0
q181569,nDCG@10,1.0
q181569,R@100,1.0
q181570,nDCG@10,0.43067655807339306
q181570,R@100,1.0
q181571,nDCG@10,1.0
q181571,R@100,1.0
q181572,nDCG@10,1.0
q181572,R@100,1.0
q181573,nDCG@10,1.0
q181573,R@100,1.0
q181574,nDCG@10,1.0
q181574,R@100,1.0
q181575,nDCG@10,1.0
q181575,R@100,1.0
q181576,nDCG@10,1.0
q181576,R@100,1.0
q181577,nDCG@10,1.0
q181577,R@100,1.0
q181578,nDCG@10,1.0
q181578,R@100,1.0
q181579,nDCG@10,1.0
q181579,R@100,1.0
q181580,nDCG@10,1.0
q181580,R@100,1.0
q181581,nDCG@10,1.0
q181581,R@100,1.0
q181582,nDCG@10,0.0
q181582,R@100,1.0
q181583,nDCG@10,0.31546487678572877
q181583,R@100,1.0
q181584,nDCG@10,0.0
q181584,R@100,0.0
q181585,nDCG@10,0.3333333333333333
q181585,R@100,1.0
q181586,nDCG@10,0.5
q181586,R@100,1.0
q181587,nDCG@10,1.0
q181587,R@100,1.0
q181588,nDCG@10,1.0
q181588,R@100,1.0
q181589,nDCG@10,1.0
q181589,R@100,1.0
q181590,nDCG@10,1.0
q181590,R@100,1.0
q181591,nDCG@10,0.0
q181591,R@100,0.0
q181592,nDCG@10,1.0
q181592,R@100,1.0
q181593,nDCG@10,0.0
q181593,R@100,1.0
q181594,nDCG@10,1.0
q181594,R@100,1.0
q181595,nDCG@10,1.0
q181595,R@100,1.0
q181596,nDCG@10,1.0
q181596,R@100,1.0
q181597,nDCG@10,1.0
q181597,R@100,1.0
q181598,nDCG@10,1.0
q181598,R@100,1.0
q181599,nDCG@10,1.0
q181599,R@100,1.0
q181600,nDCG@10,1.0
q181600,R@100,1.0
q181601,nDCG@10,1.0
q181601,R@100,1.0
q181602,nDCG@10,1.0
q181602,R@100,1.0
q181603,nDCG@10,0.6309297535714575
q181603,R@100,1.0
q181604,nDCG@10,0.43067655807339306
q181604,R@100,1.0
q181605,nDCG@10,1.0
q181605,R@100,1.0
q181606,nDCG@10,1.0
q181606,R@100,1.0
q181607,nDCG@10,0.6309297535714575
q181607,R@100,1.0
q181608,nDCG@10,1.0
q181608,R@100,1.0
q181609,nDCG@10,1.0
q181609,R@100,1.0
q181610,nDCG@10,1.0
q181610,R@100,1.0
q181611,nDCG@10,1.0
q181611,R@100,1.0
q181612,nDCG@10,0.5
q181612,R@100,1.0
q181613,nDCG@10,0.0
q181613,R@100,1.0
q181614,nDCG@10,0.5
q181614,R@100,1.0
q181615,nDCG@10,0.0
q181615,R@100,1.0
q181616,nDCG@10,0.3562071871080222
q181616,R@100,1.0
q181617,nDCG@10,0.0
q181617,R@100,0.0
q181618,nDCG@10,0.0
q181618,R@100,1.0
q181619,nDCG@10,0.6309297535714575
q181619,R@100,1.0
q181620,nDCG@10,0.0
q181620,R@100,1.0
q181621,nDCG@10,1.0
q181621,R@100,1.0
q181622,nDCG@10,1.0
q181622,R@100,1.0
q181623,nDCG@10,0.5
q181623,R@100,1.0
q181624,nDCG@10,1.0
q181624,R@100,1.0
q181625,nDCG@10,1.0
q181625,R@100,1.0
q181626,nDCG@10,1.0
q181626,R@100,1.0
q181627,nDCG@10,1.0
q181627,R@100,1.0
q181628,nDCG@10,0.0
q181628,R@100,0.0
q181629,nDCG@10,0.0
q181629,R@100,1.0
q181630,nDCG@10,0.0
q181630,R@100,1.0
q181631,nDCG@10,1.0
q181631,R@100,1.0
q181632,nDCG@10,1.0
q181632,R@100,1.0
q181633,nDCG@10,1.0
q181633,R@100,1.0
q181634,nDCG@10,1.0
q181634,R@100,1.0
q181635,nDCG@10,0.0
q181635,R@100,1.0
q181636,nDCG@10,1.0
q181636,R@100,1.0
q181637,nDCG@10,1.0
q181637,R@100,1.0
q181638,nDCG@10,1.0
q181638,R@100,1.0
q181639,nDCG@10,1.0
q181639,R@100,1.0
q181640,nDCG@10,0.0
q181640,R@100,1.0
q181641,nDCG@10,1.0
q181641,R@100,1.0
q181642,nDCG@10,0.3562071871080222
q181642,R@100,1.0
q181643,nDCG@10,0.0
q181643,R@100,1.0
q181644,nDCG@10,0.0
q181644,R@100,1.0
q181645,nDCG@10,0.0
q181645,R@100,1.0
q181646,nDCG@10,1.0
q181646,R@100,1.0
q181647,nDCG@10,0.3333333333333333
q181647,R@100,1.0
q181648,nDCG@10,1.0
q181648,R@100,1.0
q181649,nDCG@10,1.0
q181649,R@100,1.0
q181650,nDCG@10,0.3333333333333333
q181650,R@100,1.0
q181651,nDCG@10,0.0
q181651,R@100,1.0
q181652,nDCG@10,0.5
q181652,R@100,1.0
q181653,nDCG@10,0.6309297535714575
q181653,R@100,1.0
q181654,nDCG@10,0.3333333333333333
q181654,R@100,1.0
q181655,nDCG@10,1.0
q181655,R@100,1.0
q181656,nDCG@10,1.0
q181656,R@100,1.0
q181657,nDCG@10,0.0
q181657,R@100,1.0
q181658,nDCG@10,0.0
q181658,R@100,1.0
q181659,nDCG@10,1.0
q181659,R@100,1.0
q181660,nDCG@10,0.43067655807339306
q181660,R@100,1.0
q181661,nDCG@10,0.0
q181661,R@100,1.0
q181662,nDCG@10,0.38685280723454163
q181662,R@100,1.0
q181663,nDCG@10,0.3010299956639812
q181663,R@100,1.0
q181664,nDCG@10,1.0
q181664,R@100,1.0
q181665,nDCG@10,0.0
q181665,R@100,1.0
q181666,nDCG@10,1.0
q181666,R@100,1.0
q181667,nDCG@10,0.2890648263178879
q181667,R@100,1.0
q181668,nDCG@10,0.0
q181668,R@100,1.0
q181669,nDCG@10,1.0
q181669,R@100,1.0
q181670,nDCG@10,1.0
q181670,R@100,1.0
q181671,nDCG@10,1.0
q181671,R@100,1.0
q181672,nDCG@10,1.0
q181672,R@100,1.0
q181673,nDCG@10,0.0
q181673,R@100,1.0
q181674,nDCG@10,1.0
q181674,R@100,1.0
q181675,nDCG@10,0.2890648263178879
q181675,R@100,1.0
q181676,nDCG@10,1.0
q181676,R@100,1.0
q181677,nDCG@10,1.0
q181677,R@100,1.0
q181678,nDCG@10,0.0
q181678,R@100,0.0
q181679,nDCG@10,0.3562071871080222
q181679,R@100,1.0
q181680,nDCG@10,0.0
q181680,R@100,0.0
q181681,nDCG@10,0.31546487678572877
q181681,R@100,1.0
q181682,nDCG@10,0.0
q181682,R@100,0.0
q181683,nDCG@10,0.3333333333333333
q181683,R@100,1.0
q181684,nDCG@10,0.0
q181684,R@100,0.0
q181685,nDCG@10,0.31546487678572877
q181685,R@100,1.0
q181686,nDCG@10,0.5
q181686,R@100,1.0
q181687,nDCG@10,0.6309297535714575
q181687,R@100,1.0
q181688,nDCG@10,0.0
q181688,R@100,1.0
q181689,nDCG@10,1.0
q181689,R@100,1.0
q181690,nDCG@10,0.3010299956639812
q181690,R@100,1.0
q181691,nDCG@10,0.0
q181691,R@100,1.0
q181692,nDCG@10,1.0
q181692,R@100,1.0
q181693,nDCG@10,1.0
q181693,R@100,1.0
q181694,nDCG@10,1.0
q181694,R@100,1.0
q181695,nDCG@10,1.0
q181695,R@100,1.0
q181696,nDCG@10,1.0
q181696,R@100,1.0
q181697,nDCG@10,1.0
q181697,R@100,1.0
q181698,nDCG@10,0.6309297535714575
q181698,R@100,1.0
q181699,nDCG@10,0.0
q181699,R@100,0.0
q181700,nDCG@10,1.0
q181700,R@100,1.0
q181701,nDCG@10,1.0
q181701,R@100,1.0
q181702,nDCG@10,0.3333333333333333
q181702,R@100,1.0
q181703,nDCG@10,0.0
q181703,R@100,1.0
q181704,nDCG@10,0.6309297535714575
q181704,R@100,1.0
q181705,nDCG@10,0.6309297535714575
q181705,R@100,1.0
q181706,nDCG@10,1.0
q181706,R@100,1.0
q181707,nDCG@10,1.0
q181707,R@100,1.0
q181708,nDCG@10,1.0
q181708,R@100,1.0
q181709,nDCG@10,0.6309297535714575
q181709,R@100,1.0
q181710,nDCG@10,1.0
q181710,R@100,1.0
q181711,nDCG@10,1.0
q181711,R@100,1.0
q181712,nDCG@10,1.0
q181712,R@100,1.0
q181713,nDCG@10,1.0
q181713,R@100,1.0
q181714,nDCG@10,1.0
q181714,R@100,1.0
q181715,nDCG@10,1.0
q181715,R@100,1.0
q181716,nDCG@10,0.6309297535714575
q181716,R@100,1.0
q181717,nDCG@10,1.0
q181717,R@100,1.0
q181718,nDCG@10,0.0
q181718,R@100,1.0
q181719,nDCG@10,1.0
q181719,R@100,1.0
q181720,nDCG@10,1.0
q181720,R@100,1.0
q181721,nDCG@10,0.3333333333333333
q181721,R@100,1.0
q181722,nDCG@10,1.0
q181722,R@100,1.0
q181723,nDCG@10,0.0
q181723,R@100,1.0
q181724,nDCG@10,1.0
q181724,R@100,1.0
q181725,nDCG@10,0.0
q181725,R@100,1.0
q181726,nDCG@10,1.0
q181726,R@100,1.0
q181727,nDCG@10,1.0
q181727,R@100,1.0
q181728,nDCG@10,1.0
q181728,R@100,1.0
q181729,nDCG@10,0.43067655807339306
q181729,R@100,1.0
q181730,nDCG@10,0.5
q181730,R@100,1.0
q181731,nDCG@10,1.0
q181731,R@100,1.0
q181732,nDCG@10,1.0
q181732,R@100,1.0
q181733,nDCG@10,0.0
q181733,R@100,0.0
q181734,nDCG@10,0.0
q181734,R@100,1.0
q181735,nDCG@10,0.0
q181735,R@100,1.0
q181736,nDCG@10,1.0
q181736,R@100,1.0
q181737,nDCG@10,0.31546487678572877
q181737,R@100,1.0
q181738,nDCG@10,0.0
q181738,R@100,1.0
q181739,nDCG@10,0.0
q181739,R@100,0.0
q181740,nDCG@10,0.38685280723454163
q181740,R@100,1.0
q181741,nDCG@10,0.0
q181741,R@100,0.0
q181742,nDCG@10,0.6309297535714575
q181742,R@100,1.0
q181743,nDCG@10,1.0
q181743,R@100,1.0
q181744,nDCG@10,1.0
q181744,R@100,1.0
q181745,nDCG@10,0.0
q181745,R@100,1.0
q181746,nDCG@10,0.0
q181746,R@100,1.0
q181747,nDCG@10,0.6309297535714575
q181747,R@100,1.0
q181748,nDCG@10,1.0
q181748,R@100,1.0
q181749,nDCG@10,0.31546487678572877
q181749,R@100,1.0
q181750,nDCG@10,1.0
q181750,R@100,1.0
q181751,nDCG@10,1.0
q181751,R@100,1.0
q181752,nDCG@10,1.0
q181752,R@100,1.0
q181753,nDCG@10,1.0
q181753,R@100,1.0
q181754,nDCG@10,1.0
q181754,R@100,1.0
q181755,nDCG@10,0.31546487678572877
q181755,R@100,1.0
q181756,nDCG@10,0.0
q181756,R@100,1.0
q181757,nDCG@10,0.0
q181757,R@100,1.0
q181758,nDCG@10,0.6309297535714575
q181758,R@100,1.0
q181759,nDCG@10,0.6309297535714575
q181759,R@100,1.0
q181760,nDCG@10,0.43067655807339306
q181760,R@100,1.0
q181761,nDCG@10,0.31546487678572877
q181761,R@100,1.0
q181762,nDCG@10,0.5
q181762,R@100,1.0
q181763,nDCG@10,1.0
q181763,R@100,1.0
q181764,nDCG@10,0.6309297535714575
q181764,R@100,1.0
q181765,nDCG@10,1.0
q181765,R@100,1.0
q181766,nDCG@10,1.0
q181766,R@100,1.0
q181767,nDCG@10,0.0
q181767,R@100,1.0
q181768,nDCG@10,1.0
q181768,R@100,1.0
q181769,nDCG@10,0.0
q181769,R@100,0.0
q181770,nDCG@10,1.0
q181770,R@100,1.0
q181771,nDCG@10,0.0
q181771,R@100,0.0
q181772,nDCG@10,1.0
q181772,R@100,1.0
q181773,nDCG@10,1.0
q181773,R@100,1.0
q181774,nDCG@10,1.0
q181774,R@100,1.0
q181775,nDCG@10,1.0
q181775,R@100,1.0
q181776,nDCG@10,1.0
q181776,R@100,1.0
q181777,nDCG@10,1.0
q181777,R@100,1.0
q181778,nDCG@10,1.0
q181778,R@100,1.0
q181779,nDCG@10,1.0
q181779,R@100,1.0
q181780,nDCG@10,1.0
q181780,R@100,1.0
q181781,nDCG@10,0.0
q181781,R@100,0.0
q181782,nDCG@10,1.0
q181782,R@100,1.0
q181783,nDCG@10,1.0
q181783,R@100,1.0
q181784,nDCG@10,1.0
q181784,R@100,1.0
q181785,nDCG@10,1.0
q181785,R@100,1.0
q181786,nDCG@10,0.0
q181786,R@100,1.0
q181787,nDCG@10,0.0
q181787,R@100,1.0
q181788,nDCG@10,0.0
q181788,R@100,1.0
q181789,nDCG@10,0.3333333333333333
q181789,R@100,1.0
q181790,nDCG@10,0.0
q181790,R@100,1.0
q181791,nDCG@10,1.0
q181791,R@100,1.0
q181792,nDCG@10,1.0
q181792,R@100,1.0
q181793,nDCG@10,0.31546487678572877
q181793,R@100,1.0
q181794,nDCG@10,1.0
q181794,R@100,1.0
q181795,nDCG@10,1.0
q181795,R@100,1.0
q181796,nDCG@10,0.0
q181796,R@100,0.0
q181797,nDCG@10,1.0
q181797,R@100,1.0
q181798,nDCG@10,1.0
q181798,R@100,1.0
q181799,nDCG@10,1.0
q181799,R@100,1.0
q181800,nDCG@10,1.0
q181800,R@100,1.0
q181801,nDCG@10,1.0
q181801,R@100,1.0
q181802,nDCG@10,0.5
q181802,R@100,1.0
q181803,nDCG@10,1.0
q181803,R@100,1.0
q181804,nDCG@10,0.6309297535714575
q181804,R@100,1.0
q181805,nDCG@10,1.0
q181805,R@100,1.0
q181806,nDCG@10,1.0
q181806,R@100,1.0
q181807,nDCG@10,1.0
q181807,R@100,1.0
q181808,nDCG@10,1.0
q181808,R@100,1.0
q181809,nDCG@10,1.0
q181809,R@100,1.0
q181810,nDCG@10,0.6309297535714575
q181810,R@100,1.0
q181811,nDCG@10,0.0
q181811,R@100,1.0
q181812,nDCG@10,0.0
q181812,R@100,0.0
q181813,nDCG@10,0.0
q181813,R@100,1.0
q181814,nDCG@10,0.0
q181814,R@100,0.0
q181815,nDCG@10,0.0
q181815,R@100,1.0
q181816,nDCG@10,0.0
q181816,R@100,1.0
q181817,nDCG@10,1.0
q181817,R@100,1.0
q181818,nDCG@10,0.0
q181818,R@100,0.0
q181819,nDCG@10,0.0
q181819,R@100,0.0
q181820,nDCG@10,1.0
q181820,R@100,1.0
q181821,nDCG@10,1.0
q181821,R@100,1.0
q181822,nDCG@10,1.0
q181822,R@100,1.0
q181823,nDCG@10,1.0
q181823,R@100,1.0
q181824,nDCG@10,1.0
q181824,R@100,1.0
q181825,nDCG@10,0.0
q181825,R@100,1.0
q181826,nDCG@10,1.0
q181826,R@100,1.0
q181827,nDCG@10,0.6309297535714575
q181827,R@100,1.0
q181828,nDCG@10,1.0
q181828,R@100,1.0
q181829,nDCG@10,0.0
q181829,R@100,1.0
q181830,nDCG@10,1.0
q181830,R@100,1.0
q181831,nDCG@10,1.0
q181831,R@100,1.0
q181832,nDCG@10,1.0
q181832,R@100,1.0
q181833,nDCG@10,1.0
q181833,R@100,1.0
q181834,nDCG@10,0.0
q181834,R@100,1.0
q181835,nDCG@10,1.0
q181835,R@100,1.0
q181836,nDCG@10,1.0
q181836,R@100,1.0
q181837,nDCG@10,1.0
q181837,R@100,1.0
q181838,nDCG@10,1.0
q181838,R@100,1.0
q181839,nDCG@10,1.0
q181839,R@100,1.0
q181840,nDCG@10,1.0
q181840,R@100,1.0
q181841,nDCG@10,1.0
q181841,R@100,1.0
q181842,nDCG@10,1.0
q181842,R@100,1.0
q181843,nDCG@10,0.6309297535714575
q181843,R@100,1.0
q181844,nDCG@10,0.6309297535714575
q181844,R@100,1.0
q181845,nDCG@10,0.6309297535714575
q181845,R@100,1.0
q181846,nDCG@10,0.0
q181846,R@100,1.0
q181847,nDCG@10,1.0
q181847,R@100,1.0
q181848,nDCG@10,0.6309297535714575
q181848,R@100,1.0
q181849,nDCG@10,0.6309297535714575
q181849,R@100,1.0
q181850,nDCG@10,1.0
q181850,R@100,1.0
q181851,nDCG@10,0.43067655807339306
q181851,R@100,1.0
q181852,nDCG@10,1.0
q181852,R@100,1.0
q181853,nDCG@10,0.6309297535714575
q181853,R@100,1.0
q181854,nDCG@10,0.43067655807339306
q181854,R@100,1.0
q181855,nDCG@10,0.0
q181855,R@100,1.0
q181856,nDCG@10,0.0
q181856,R@100,0.0
q181857,nDCG@10,1.0
q181857,R@100,1.0
q181858,nDCG@10,1.0
q181858,R@100,1.0
q181859,nDCG@10,1.0
q181859,R@100,1.0
q181860,nDCG@10,0.43067655807339306
q181860,R@100,1.0
q181861,nDCG@10,0.3333333333333333
q181861,R@100,1.0
q181862,nDCG@10,0.3010299956639812
q181862,R@100,1.0
q181863,nDCG@10,0.6309297535714575
q181863,R@100,1.0
q181864,nDCG@10,0.31546487678572877
q181864,R@100,1.0
q181865,nDCG@10,1.0
q181865,R@100,1.0
q181866,nDCG@10,1.0
q181866,R@100,1.0
q181867,nDCG@10,1.0
q181867,R@100,1.0
q181868,nDCG@10,0.0
q181868,R@100,0.0
q181869,nDCG@10,0.6309297535714575
q181869,R@100,1.0
q181870,nDCG@10,1.0
q181870,R@100,1.0
q181871,nDCG@10,1.0
q181871,R@100,1.0
q181872,nDCG@10,0.0
q181872,R@100,0.0
q181873,nDCG@10,0.6309297535714575
q181873,R@100,1.0
q181874,nDCG@10,0.43067655807339306
q181874,R@100,1.0
q181875,nDCG@10,0.5
q181875,R@100,1.0
q181876,nDCG@10,1.0
q181876,R@100,1.0
q181877,nDCG@10,1.0
q181877,R@100,1.0
q181878,nDCG@10,0.6309297535714575
q181878,R@100,1.0
q181879,nDCG@10,1.0
q181879,R@100,1.0
q181880,nDCG@10,0.6309297535714575
q181880,R@100,1.0
q181881,nDCG@10,1.0
q181881,R@100,1.0
q181882,nDCG@10,0.43067655807339306
q181882,R@100,1.0
q181883,nDCG@10,0.43067655807339306
q181883,R@100,1.0
q181884,nDCG@10,1.0
q181884,R@100,1.0
q181885,nDCG@10,0.0
q181885,R@100,1.0
q181886,nDCG@10,1.0
q181886,R@100,1.0
q181887,nDCG@10,1.0
q181887,R@100,1.0
q181888,nDCG@10,0.6309297535714575
q181888,R@100,1.0
q181889,nDCG@10,1.0
q181889,R@100,1.0
q181890,nDCG@10,1.0
q181890,R@100,1.0
q181891,nDCG@10,0.0
q181891,R@100,1.0
q181892,nDCG@10,0.6309297535714575
q181892,R@100,1.0
q181893,nDCG@10,0.3333333333333333
q181893,R@100,1.0
q181894,nDCG@10,0.2890648263178879
q181894,R@100,1.0
q181895,nDCG@10,1.0
q181895,R@100,1.0
q181896,nDCG@10,0.5
q181896,R@100,1.0
q181897,nDCG@10,1.0
q181897,R@100,1.0
q181898,nDCG@10,1.0
q181898,R@100,1.0
q181899,nDCG@10,0.31546487678572877
q181899,R@100,1.0
q181900,nDCG@10,0.43067655807339306
q181900,R@100,1.0
q181901,nDCG@10,0.0
q181901,R@100,0.0
q181902,nDCG@10,0.3333333333333333
q181902,R@100,1.0
q181903,nDCG@10,1.0
q181903,R@100,1.0
q181904,nDCG@10,0.6309297535714575
q181904,R@100,1.0
q181905,nDCG@10,1.0
q181905,R@100,1.0
q181906,nDCG@10,0.0
q181906,R@100,1.0
q181907,nDCG@10,1.0
q181907,R@100,1.0
q181908,nDCG@10,1.0
q181908,R@100,1.0
q181909,nDCG@10,0.6309297535714575
q181909,R@100,1.0
q181910,nDCG@10,1.0
q181910,R@100,1.0
q181911,nDCG@10,0.0
q181911,R@100,0.0
q181912,nDCG@10,0.0
q181912,R@100,0.0
q181913,nDCG@10,0.0
q181913,R@100,0.0
q181914,nDCG@10,1.0
q181914,R@100,1.0
q181915,nDCG@10,1.0
q181915,R@100,1.0
q181916,nDCG@10,1.0
q181916,R@100,1.0
q181917,nDCG@10,1.0
q181917,R@100,1.0
q181918,nDCG@10,1.0
q181918,R@100,1.0
q181919,nDCG@10,1.0
q181919,R@100,1.0
q181920,nDCG@10,1.0
q181920,R@100,1.0
q181921,nDCG@10,0.0
q181921,R@100,0.0
q181922,nDCG@10,0.3333333333333333
q181922,R@100,1.0
q181923,nDCG@10,0.2890648263178879
q181923,R@100,1.0
q181924,nDCG@10,0.0
q181924,R@100,1.0
q181925,nDCG@10,0.0
q181925,R@100,1.0
q181926,nDCG@10,0.0
q181926,R@100,1.0
q181927,nDCG@10,0.6309297535714575
q181927,R@100,1.0
q181928,nDCG@10,1.0
q181928,R@100,1.0
q181929,nDCG@10,0.5
q181929,R@100,1.0
q181930,nDCG@10,0.0
q181930,R@100,1.0
q181931,nDCG@10,0.6309297535714575
q181931,R@100,1.0
q181932,nDCG@10,0.0
q181932,R@100,0.0
q181933,nDCG@10,0.3333333333333333
q181933,R@100,1.0
q181934,nDCG@10,0.0
q181934,R@100,1.0
q181935,nDCG@10,0.38685280723454163
q181935,R@100,1.0
q181936,nDCG@10,0.3562071871080222
q181936,R@100,1.0
q181937,nDCG@10,0.5
q181937,R@100,1.0
q181938,nDCG@10,1.0
q181938,R@100,1.0
q181939,nDCG@10,1.0
q181939,R@100,1.0
q181940,nDCG@10,1.0
q181940,R@100,1.0
q181941,nDCG@10,1.0
q181941,R@100,1.0
q181942,nDCG@10,1.0
q181942,R@100,1.0
q181943,nDCG@10,1.0
q181943,R@100,1.0
q181944,nDCG@10,1.0
q181944,R@100,1.0
q181945,nDCG@10,1.0
q181945,R@100,1.0
q181946,nDCG@10,1.0
q181946,R@100,1.0
q181947,nDCG@10,1.0
q181947,R@100,1.0
q181948,nDCG@10,0.5
q181948,R@100,1.0
q181949,nDCG@10,0.0
q181949,R@100,0.0
q181950,nDCG@10,0.0
q181950,R@100,0.0
q181951,nDCG@10,1.0
q181951,R@100,1.0
q181952,nDCG@10,1.0
q181952,R@100,1.0
q181953,nDCG@10,1.0
q181953,R@100,1.0
q181954,nDCG@10,1.0
q181954,R@100,1.0
q181955,nDCG@10,1.0
q181955,R@100,1.0
q181956,nDCG@10,0.3333333333333333
q181956,R@100,1.0
q181957,nDCG@10,1.0
q181957,R@100,1.0
q181958,nDCG@10,1.0
q181958,R@100,1.0
q181959,nDCG@10,1.0
q181959,R@100,1.0
q181960,nDCG@10,1.0
q181960,R@100,1.0
q181961,nDCG@10,0.0
q181961,R@100,1.0
q181962,nDCG@10,0.43067655807339306
q181962,R@100,1.0
q181963,nDCG@10,1.0
q181963,R@100,1.0
q181964,nDCG@10,0.2890648263178879
q181964,R@100,1.0
q181965,nDCG@10,1.0
q181965,R@100,1.0
q181966,nDCG@10,1.0
q181966,R@100,1.0
q181967,nDCG@10,1.0
q181967,R@100,1.0
q181968,nDCG@10,0.6309297535714575
q181968,R@100,1.0
q181969,nDCG@10,1.0
q181969,R@100,1.0
q181970,nDCG@10,0.6309297535714575
q181970,R@100,1.0
q181971,nDCG@10,1.0
q181971,R@100,1.0
q181972,nDCG@10,1.0
q181972,R@100,1.0
q181973,nDCG@10,1.0
q181973,R@100,1.0
q181974,nDCG@10,0.6309297535714575
q181974,R@100,1.0
q181975,nDCG@10,1.0
q181975,R@100,1.0
q181976,nDCG@10,1.0
q181976,R@100,1.0
q181977,nDCG@10,1.0
q181977,R@100,1.0
q181978,nDCG@10,1.0
q181978,R@100,1.0
q181979,nDCG@10,1.0
q181979,R@100,1.0
q181980,nDCG@10,1.0
q181980,R@100,1.0
q181981,nDCG@10,0.5
q181981,R@100,1.0
q181982,nDCG@10,1.0
q181982,R@100,1.0
q181983,nDCG@10,1.0
q181983,R@100,1.0
q181984,nDCG@10,1.0
q181984,R@100,1.0
q181985,nDCG@10,0.6309297535714575
q181985,R@100,1.0
q181986,nDCG@10,1.0
q181986,R@100,1.0
q181987,nDCG@10,1.0
q181987,R@100,1.0
q181988,nDCG@10,1.0
q181988,R@100,1.0
q181989,nDCG@10,1.0
q181989,R@100,1.0
q181990,nDCG@10,0.6309297535714575
q181990,R@100,1.0
q181991,nDCG@10,1.0
q181991,R@100,1.0
q181992,nDCG@10,0.3333333333333333
q181992,R@100,1.0
q181993,nDCG@10,0.6309297535714575
q181993,R@100,1.0
q181994,nDCG@10,1.0
q181994,R@100,1.0
q181995,nDCG@10,0.0
q181995,R@100,1.0
q181996,nDCG@10,1.0
q181996,R@100,1.0
q181997,nDCG@10,1.0
q181997,R@100,1.0
q181998,nDCG@10,1.0
q181998,R@100,1.0
q181999,nDCG@10,1.0
q181999,R@100,1.0
q182000,nDCG@10,1.0
q182000,R@100,1.0
q182001,nDCG@10,1.0
q182001,R@100,1.0
q182002,nDCG@10,0.3333333333333333
q182002,R@100,1.0
q182003,nDCG@10,0.6309297535714575
q182003,R@100,1.0
q182004,nDCG@10,0.6309297535714575
q182004,R@100,1.0
q182005,nDCG@10,0.0
q182005,R@100,1.0
q182006,nDCG@10,0.5
q182006,R@100,1.0
q182007,nDCG@10,1.0
q182007,R@100,1.0
q182008,nDCG@10,1.0
q182008,R@100,1.0
q182009,nDCG@10,1.0
q182009,R@100,1.0
q182010,nDCG@10,1.0
q182010,R@100,1.0
q182011,nDCG@10,1.0
q182011,R@100,1.0
q182012,nDCG@10,1.0
q182012,R@100,1.0
q182013,nDCG@10,1.0
q182013,R@100,1.0
q182014,nDCG@10,1.0
q182014,R@100,1.0
q182015,nDCG@10,1.0
q182015,R@100,1.0
q182016,nDCG@10,1.0
q182016,R@100,1.0
q182017,nDCG@10,1.0
q182017,R@100,1.0
q182018,nDCG@10,0.0
q182018,R@100,1.0
q182019,nDCG@10,1.0
q182019,R@100,1.0
q182020,nDCG@10,0.43067655807339306
q182020,R@100,1.0
q182021,nDCG@10,1.0
q182021,R@100,1.0
q182022,nDCG@10,1.0
q182022,R@100,1.0
q182023,nDCG@10,1.0
q182023,R@100,1.0
q182024,nDCG@10,1.0
q182024,R@100,1.0
q182025,nDCG@10,1.0
q182025,R@100,1.0
q182026,nDCG@10,1.0
q182026,R@100,1.0
q182027,nDCG@10,0.5
q182027,R@100,1.0
q182028,nDCG@10,1.0
q182028,R@100,1.0
q182029,nDCG@10,1.0
q182029,R@100,1.0
q182030,nDCG@10,1.0
q182030,R@100,1.0
q182031,nDCG@10,1.0
q182031,R@100,1.0
q182032,nDCG@10,1.0
q182032,R@100,1.0
q182033,nDCG@10,1.0
q182033,R@100,1.0
q182034,nDCG@10,1.0
q182034,R@100,1.0
q182035,nDCG@10,1.0
q182035,R@100,1.0
q182036,nDCG@10,1.0
q182036,R@100,1.0
q182037,nDCG@10,1.0
q182037,R@100,1.0
q182038,nDCG@10,1.0
q182038,R@100,1.0
q182039,nDCG@10,1.0
q182039,R@100,1.0
q182040,nDCG@10,1.0
q182040,R@100,1.0
q182041,nDCG@10,1.0
q182041,R@100,1.0
q182042,nDCG@10,1.0
q182042,R@100,1.0
q182043,nDCG@10,1.0
q182043,R@100,1.0
q182044,nDCG@10,1.0
q182044,R@100,1.0
q182045,nDCG@10,1.0
q182045,R@100,1.0
q182046,nDCG@10,1.0
q182046,R@100,1.0
q182047,nDCG@10,1.0
q182047,R@100,1.0
q182048,nDCG@10,1.0
q182048,R@100,1.0
q182049,nDCG@10,1.0
q182049,R@100,1.0
q182050,nDCG@10,1.0
q182050,R@100,1.0
q182051,nDCG@10,1.0
q182051,R@100,1.0
q182052,nDCG@10,1.0
q182052,R@100,1.0
q182053,nDCG@10,1.0
q182053,R@100,1.0
q182054,nDCG@10,1.0
q182054,R@100,1.0
q182055,nDCG@10,1.0
q182055,R@100,1.0
q182056,nDCG@10,1.0
q182056,R@100,1.0
q182057,nDCG@10,1.0
q182057,R@100,1.0
q182058,nDCG@10,1.0
q182058,R@100,1.0
q182059,nDCG@10,1.0
q182059,R@100,1.0
q182060,nDCG@10,1.0
q182060,R@100,1.0
q182061,nDCG@10,1.0
q182061,R@100,1.0
q182062,nDCG@10,1.0
q182062,R@100,1.0
q182063,nDCG@10,1.0
q182063,R@100,1.0
q182064,nDCG@10,1.0
q182064,R@100,1.0
q182065,nDCG@10,1.0
q182065,R@100,1.0
q182066,nDCG@10,1.0
q182066,R@100,1.0
q182067,nDCG@10,1.0
q182067,R@100,1.0
q182068,nDCG@10,1.0
q182068,R@100,1.0
q182069,nDCG@10,1.0
q182069,R@100,1.0
q182070,nDCG@10,1.0
q182070,R@100,1.0
q182071,nDCG@10,1.0
q182071,R@100,1.0
q182072,nDCG@10,1.0
q182072,R@100,1.0
q182073,nDCG@10,1.0
q182073,R@100,1.0
q182074,nDCG@10,1.0
q182074,R@100,1.0
q182075,nDCG@10,1.0
q182075,R@100,1.0
q182076,nDCG@10,1.0
q182076,R@100,1.0
q182077,nDCG@10,1.0
q182077,R@100,1.0
q182078,nDCG@10,1.0
q182078,R@100,1.0
q182079,nDCG@10,1.0
q182079,R@100,1.0
q182080,nDCG@10,1.0
q182080,R@100,1.0
q182081,nDCG@10,1.0
q182081,R@100,1.0
q182082,nDCG@10,1.0
q182082,R@100,1.0
q182083,nDCG@10,1.0
q182083,R@100,1.0
q182084,nDCG@10,1.0
q182084,R@100,1.0
q182085,nDCG@10,1.0
q182085,R@100,1.0
q182086,nDCG@10,0.6309297535714575
q182086,R@100,1.0
q182087,nDCG@10,1.0
q182087,R@100,1.0
q182088,nDCG@10,0.3562071871080222
q182088,R@100,1.0
q182089,nDCG@10,1.0
q182089,R@100,1.0
q182090,nDCG@10,0.0
q182090,R@100,1.0
q182091,nDCG@10,1.0
q182091,R@100,1.0
q182092,nDCG@10,0.38685280723454163
q182092,R@100,1.0
q182093,nDCG@10,1.0
q182093,R@100,1.0
q182094,nDCG@10,1.0
q182094,R@100,1.0
q182095,nDCG@10,1.0
q182095,R@100,1.0
q182096,nDCG@10,1.0
q182096,R@100,1.0
q182097,nDCG@10,1.0
q182097,R@100,1.0
q182098,nDCG@10,1.0
q182098,R@100,1.0
q182099,nDCG@10,1.0
q182099,R@100,1.0
q182100,nDCG@10,1.0
q182100,R@100,1.0
q182101,nDCG@10,1.0
q182101,R@100,1.0
q182102,nDCG@10,1.0
q182102,R@100,1.0
q182103,nDCG@10,1.0
q182103,R@100,1.0
q182104,nDCG@10,0.5
q182104,R@100,1.0
q182105,nDCG@10,1.0
q182105,R@100,1.0
q182106,nDCG@10,1.0
q182106,R@100,1.0
q182107,nDCG@10,1.0
q182107,R@100,1.0
q182108,nDCG@10,1.0
q182108,R@100,1.0
q182109,nDCG@10,1.0
q182109,R@100,1.0
q182110,nDCG@10,1.0
q182110,R@100,1.0
q182111,nDCG@10,0.6309297535714575
q182111,R@100,1.0
q182112,nDCG@10,1.0
q182112,R@100,1.0
q182113,nDCG@10,1.0
q182113,R@100,1.0
q182114,nDCG@10,1.0
q182114,R@100,1.0
q182115,nDCG@10,1.0
q182115,R@100,1.0
q182116,nDCG@10,1.0
q182116,R@100,1.0
q182117,nDCG@10,1.0
q182117,R@100,1.0
q182118,nDCG@10,1.0
q182118,R@100,1.0
q182119,nDCG@10,1.0
q182119,R@100,1.0
q182120,nDCG@10,1.0
q182120,R@100,1.0
q182121,nDCG@10,1.0
q182121,R@100,1.0
q182122,nDCG@10,1.0
q182122,R@100,1.0
q182123,nDCG@10,1.0
q182123,R@100,1.0
q182124,nDCG@10,1.0
q182124,R@100,1.0
q182125,nDCG@10,1.0
q182125,R@100,1.0
q182126,nDCG@10,1.0
q182126,R@100,1.0
q182127,nDCG@10,1.0
q182127,R@100,1.0
q182128,nDCG@10,1.0
q182128,R@100,1.0
q182129,nDCG@10,1.0
q182129,R@100,1.0
q182130,nDCG@10,1.0
q182130,R@100,1.0
q182131,nDCG@10,1.0
q182131,R@100,1.0
q182132,nDCG@10,1.0
q182132,R@100,1.0
q182133,nDCG@10,1.0
q182133,R@100,1.0
q182134,nDCG@10,1.0
q182134,R@100,1.0
q182135,nDCG@10,1.0
q182135,R@100,1.0
q182136,nDCG@10,1.0
q182136,R@100,1.0
q182137,nDCG@10,1.0
q182137,R@100,1.0
q182138,nDCG@10,1.0
q182138,R@100,1.0
q182139,nDCG@10,1.0
q182139,R@100,1.0
q182140,nDCG@10,1.0
q182140,R@100,1.0
q182141,nDCG@10,1.0
q182141,R@100,1.0
q182142,nDCG@10,1.0
q182142,R@100,1.0
q182143,nDCG@10,1.0
q182143,R@100,1.0
q182144,nDCG@10,1.0
q182144,R@100,1.0
q182145,nDCG@10,1.0
q182145,R@100,1.0
q182146,nDCG@10,1.0
q182146,R@100,1.0
q182147,nDCG@10,1.0
q182147,R@100,1.0
q182148,nDCG@10,1.0
q182148,R@100,1.0
q182149,nDCG@10,1.0
q182149,R@100,1.0
q182150,nDCG@10,1.0
q182150,R@100,1.0
q182151,nDCG@10,1.0
q182151,R@100,1.0
q182152,nDCG@10,1.0
q182152,R@100,1.0
q182153,nDCG@10,1.0
q182153,R@100,1.0
q182154,nDCG@10,1.0
q182154,R@100,1.0
q182155,nDCG@10,1.0
q182155,R@100,1.0
q182156,nDCG@10,1.0
q182156,R@100,1.0
q182157,nDCG@10,1.0
q182157,R@100,1.0
q182158,nDCG@10,0.6309297535714575
q182158,R@100,1.0
q182159,nDCG@10,1.0
q182159,R@100,1.0
q182160,nDCG@10,1.0
q182160,R@100,1.0
q182161,nDCG@10,0.5
q182161,R@100,1.0
q182162,nDCG@10,1.0
q182162,R@100,1.0
q182163,nDCG@10,1.0
q182163,R@100,1.0
q182164,nDCG@10,1.0
q182164,R@100,1.0
q182165,nDCG@10,1.0
q182165,R@100,1.0
q182166,nDCG@10,0.43067655807339306
q182166,R@100,1.0
q182167,nDCG@10,1.0
q182167,R@100,1.0
q182168,nDCG@10,1.0
q182168,R@100,1.0
q182169,nDCG@10,1.0
q182169,R@100,1.0
q182170,nDCG@10,1.0
q182170,R@100,1.0
q182171,nDCG@10,1.0
q182171,R@100,1.0
q182172,nDCG@10,1.0
q182172,R@100,1.0
q182173,nDCG@10,1.0
q182173,R@100,1.0
q182174,nDCG@10,1.0
q182174,R@100,1.0
q182175,nDCG@10,1.0
q182175,R@100,1.0
q182176,nDCG@10,1.0
q182176,R@100,1.0
q182177,nDCG@10,1.0
q182177,R@100,1.0
q182178,nDCG@10,1.0
q182178,R@100,1.0
q182179,nDCG@10,1.0
q182179,R@100,1.0
q182180,nDCG@10,1.0
q182180,R@100,1.0
q182181,nDCG@10,1.0
q182181,R@100,1.0
q182182,nDCG@10,1.0
q182182,R@100,1.0
q182183,nDCG@10,1.0
q182183,R@100,1.0
q182184,nDCG@10,1.0
q182184,R@100,1.0
q182185,nDCG@10,1.0
q182185,R@100,1.0
q182186,nDCG@10,1.0
q182186,R@100,1.0
q182187,nDCG@10,1.0
q182187,R@100,1.0
q182188,nDCG@10,0.6309297535714575
q182188,R@100,1.0
q182189,nDCG@10,1.0
q182189,R@100,1.0
q182190,nDCG@10,1.0
q182190,R@100,1.0
q182191,nDCG@10,1.0
q182191,R@100,1.0
q182192,nDCG@10,1.0
q182192,R@100,1.0
q182193,nDCG@10,1.0
q182193,R@100,1.0
q182194,nDCG@10,1.0
q182194,R@100,1.0
q182195,nDCG@10,1.0
q182195,R@100,1.0
q182196,nDCG@10,1.0
q182196,R@100,1.0
q182197,nDCG@10,1.0
q182197,R@100,1.0
q182198,nDCG@10,1.0
q182198,R@100,1.0
q182199,nDCG@10,0.43067655807339306
q182199,R@100,1.0
q182200,nDCG@10,1.0
q182200,R@100,1.0
q182201,nDCG@10,1.0
q182201,R@100,1.0
q182202,nDCG@10,1.0
q182202,R@100,1.0
q182203,nDCG@10,0.0
q182203,R@100,1.0
q182204,nDCG@10,1.0
q182204,R@100,1.0
q182205,nDCG@10,1.0
q182205,R@100,1.0
q182206,nDCG@10,0.6309297535714575
q182206,R@100,1.0
q182207,nDCG@10,1.0
q182207,R@100,1.0
q182208,nDCG@10,1.0
q182208,R@100,1.0
q182209,nDCG@10,1.0
q182209,R@100,1.0
q182210,nDCG@10,1.0
q182210,R@100,1.0
q182211,nDCG@10,0.6309297535714575
q182211,R@100,1.0
q182212,nDCG@10,0.2890648263178879
q182212,R@100,1.0
q182213,nDCG@10,0.6309297535714575
q182213,R@100,1.0
q182214,nDCG@10,0.38685280723454163
q182214,R@100,1.0
q182215,nDCG@10,1.0
q182215,R@100,1.0
q182216,nDCG@10,1.0
q182216,R@100,1.0
q182217,nDCG@10,1.0
q182217,R@100,1.0
q182218,nDCG@10,1.0
q182218,R@100,1.0
q182219,nDCG@10,0.0
q182219,R@100,0.0
q182220,nDCG@10,1.0
q182220,R@100,1.0
q182221,nDCG@10,1.0
q182221,R@100,1.0
q182222,nDCG@10,1.0
q182222,R@100,1.0
q182223,nDCG@10,0.5
q182223,R@100,1.0
q182224,nDCG@10,1.0
q182224,R@100,1.0
q182225,nDCG@10,1.0
q182225,R@100,1.0
q182226,nDCG@10,1.0
q182226,R@100,1.0
q182227,nDCG@10,0.3333333333333333
q182227,R@100,1.0
q182228,nDCG@10,1.0
q182228,R@100,1.0
q182229,nDCG@10,1.0
q182229,R@100,1.0
q182230,nDCG@10,1.0
q182230,R@100,1.0
q182231,nDCG@10,0.6309297535714575
q182231,R@100,1.0
q182232,nDCG@10,1.0
q182232,R@100,1.0
q182233,nDCG@10,0.3333333333333333
q182233,R@100,1.0
q182234,nDCG@10,1.0
q182234,R@100,1.0
q182235,nDCG@10,1.0
q182235,R@100,1.0
q182236,nDCG@10,1.0
q182236,R@100,1.0
q182237,nDCG@10,1.0
q182237,R@100,1.0
q182238,nDCG@10,1.0
q182238,R@100,1.0
q182239,nDCG@10,1.0
q182239,R@100,1.0
q182240,nDCG@10,1.0
q182240,R@100,1.0
q182241,nDCG@10,1.0
q182241,R@100,1.0
q182242,nDCG@10,1.0
q182242,R@100,1.0
q182243,nDCG@10,1.0
q182243,R@100,1.0
q182244,nDCG@10,1.0
q182244,R@100,1.0
q182245,nDCG@10,1.0
q182245,R@100,1.0
q182246,nDCG@10,1.0
q182246,R@100,1.0
q182247,nDCG@10,1.0
q182247,R@100,1.0
q182248,nDCG@10,1.0
q182248,R@100,1.0
q182249,nDCG@10,1.0
q182249,R@100,1.0
q182250,nDCG@10,1.0
q182250,R@100,1.0
q182251,nDCG@10,1.0
q182251,R@100,1.0
q182252,nDCG@10,1.0
q182252,R@100,1.0
q182253,nDCG@10,1.0
q182253,R@100,1.0
q182254,nDCG@10,1.0
q182254,R@100,1.0
q182255,nDCG@10,0.5
q182255,R@100,1.0
q182256,nDCG@10,0.3562071871080222
q182256,R@100,1.0
q182257,nDCG@10,1.0
q182257,R@100,1.0
q182258,nDCG@10,1.0
q182258,R@100,1.0
q182259,nDCG@10,1.0
q182259,R@100,1.0
q182260,nDCG@10,1.0
q182260,R@100,1.0
q182261,nDCG@10,0.38685280723454163
q182261,R@100,1.0
q182262,nDCG@10,0.5
q182262,R@100,1.0
q182263,nDCG@10,0.3333333333333333
q182263,R@100,1.0
q182264,nDCG@10,0.6309297535714575
q182264,R@100,1.0
q182265,nDCG@10,1.0
q182265,R@100,1.0
q182266,nDCG@10,0.3333333333333333
q182266,R@100,1.0
q182267,nDCG@10,0.2890648263178879
q182267,R@100,1.0
q182268,nDCG@10,0.6309297535714575
q182268,R@100,1.0
q182269,nDCG@10,0.0
q182269,R@100,0.0
q182270,nDCG@10,0.0
q182270,R@100,1.0
q182271,nDCG@10,0.0
q182271,R@100,0.0
q182272,nDCG@10,0.3562071871080222
q182272,R@100,1.0
q182273,nDCG@10,0.0
q182273,R@100,0.0
q182274,nDCG@10,0.5
q182274,R@100,1.0
q182275,nDCG@10,1.0
q182275,R@100,1.0
q182276,nDCG@10,1.0
q182276,R@100,1.0
q182277,nDCG@10,1.0
q182277,R@100,1.0
q182278,nDCG@10,1.0
q182278,R@100,1.0
q182279,nDCG@10,0.5
q182279,R@100,1.0
q182280,nDCG@10,1.0
q182280,R@100,1.0
q182281,nDCG@10,1.0
q182281,R@100,1.0
q182282,nDCG@10,1.0
q182282,R@100,1.0
q182283,nDCG@10,1.0
q182283,R@100,1.0
q182284,nDCG@10,0.6309297535714575
q182284,R@100,1.0
q182285,nDCG@10,0.6309297535714575
q182285,R@100,1.0
q182286,nDCG@10,0.6309297535714575
q182286,R@100,1.0
q182287,nDCG@10,1.0
q182287,R@100,1.0
q182288,nDCG@10,0.5
q182288,R@100,1.0
q182289,nDCG@10,0.0
q182289,R@100,0.0
q182290,nDCG@10,0.6309297535714575
q182290,R@100,1.0
q182291,nDCG@10,0.43067655807339306
q182291,R@100,1.0
q182292,nDCG@10,1.0
q182292,R@100,1.0
q182293,nDCG@10,1.0
q182293,R@100,1.0
q182294,nDCG@10,0.6309297535714575
q182294,R@100,1.0
q182295,nDCG@10,1.0
q182295,R@100,1.0
q182296,nDCG@10,1.0
q182296,R@100,1.0
q182297,nDCG@10,0.6309297535714575
q182297,R@100,1.0
q182298,nDCG@10,1.0
q182298,R@100,1.0
q182299,nDCG@10,0.6309297535714575
q182299,R@100,1.0
q182300,nDCG@10,1.0
q182300,R@100,1.0
q182301,nDCG@10,0.3333333333333333
q182301,R@100,1.0
q182302,nDCG@10,0.5
q182302,R@100,1.0
q182303,nDCG@10,0.0
q182303,R@100,0.0
q182304,nDCG@10,0.5
q182304,R@100,1.0
q182305,nDCG@10,0.0
q182305,R@100,0.0
q182306,nDCG@10,0.5
q182306,R@100,1.0
q182307,nDCG@10,0.0
q182307,R@100,1.0
q182308,nDCG@10,0.0
q182308,R@100,1.0
q182309,nDCG@10,1.0
q182309,R@100,1.0
q182310,nDCG@10,1.0
q182310,R@100,1.0
q182311,nDCG@10,0.3562071871080222
q182311,R@100,1.0
q182312,nDCG@10,1.0
q182312,R@100,1.0
q182313,nDCG@10,0.5
q182313,R@100,1.0
q182314,nDCG@10,0.0
q182314,R@100,1.0
q182315,nDCG@10,0.6309297535714575
q182315,R@100,1.0
q182316,nDCG@10,1.0
q182316,R@100,1.0
q182317,nDCG@10,0.0
q182317,R@100,1.0
q182318,nDCG@10,1.0
q182318,R@100,1.0
q182319,nDCG@10,1.0
q182319,R@100,1.0
q182320,nDCG@10,1.0
q182320,R@100,1.0
q182321,nDCG@10,1.0
q182321,R@100,1.0
q182322,nDCG@10,1.0
q182322,R@100,1.0
q182323,nDCG@10,1.0
q182323,R@100,1.0
q182324,nDCG@10,0.0
q182324,R@100,1.0
q182325,nDCG@10,0.5
q182325,R@100,1.0
q182326,nDCG@10,0.0
q182326,R@100,1.0
q182327,nDCG@10,0.43067655807339306
q182327,R@100,1.0
q182328,nDCG@10,1.0
q182328,R@100,1.0
q182329,nDCG@10,1.0
q182329,R@100,1.0
q182330,nDCG@10,1.0
q182330,R@100,1.0
q182331,nDCG@10,1.0
q182331,R@100,1.0
q182332,nDCG@10,1.0
q182332,R@100,1.0
q182333,nDCG@10,1.0
q182333,R@100,1.0
q182334,nDCG@10,0.2890648263178879
q182334,R@100,1.0
q182335,nDCG@10,1.0
q182335,R@100,1.0
q182336,nDCG@10,0.6309297535714575
q182336,R@100,1.0
q182337,nDCG@10,1.0
q182337,R@100,1.0
q182338,nDCG@10,0.0
q182338,R@100,1.0
q182339,nDCG@10,0.43067655807339306
q182339,R@100,1.0
q182340,nDCG@10,1.0
q182340,R@100,1.0
q182341,nDCG@10,0.0
q182341,R@100,0.0
q182342,nDCG@10,0.0
q182342,R@100,0.0
q182343,nDCG@10,0.3562071871080222
q182343,R@100,1.0
q182344,nDCG@10,0.6309297535714575
q182344,R@100,1.0
q182345,nDCG@10,1.0
q182345,R@100,1.0
q182346,nDCG@10,1.0
q182346,R@100,1.0
q182347,nDCG@10,0.6309297535714575
q182347,R@100,1.0
q182348,nDCG@10,0.6309297535714575
q182348,R@100,1.0
q182349,nDCG@10,0.6309297535714575
q182349,R@100,1.0
q182350,nDCG@10,0.6309297535714575
q182350,R@100,1.0
q182351,nDCG@10,1.0
q182351,R@100,1.0
q182352,nDCG@10,0.3562071871080222
q182352,R@100,1.0
q182353,nDCG@10,0.6309297535714575
q182353,R@100,1.0
q182354,nDCG@10,1.0
q182354,R@100,1.0
q182355,nDCG@10,0.6309297535714575
q182355,R@100,1.0
q182356,nDCG@10,1.0
q182356,R@100,1.0
q182357,nDCG@10,0.5
q182357,R@100,1.0
q182358,nDCG@10,1.0
q182358,R@100,1.0
q182359,nDCG@10,1.0
q182359,R@100,1.0
q182360,nDCG@10,1.0
q182360,R@100,1.0
q182361,nDCG@10,0.38685280723454163
q182361,R@100,1.0
q182362,nDCG@10,1.0
q182362,R@100,1.0
q182363,nDCG@10,1.0
q182363,R@100,1.0
q182364,nDCG@10,0.0
q182364,R@100,0.0
q182365,nDCG@10,0.0
q182365,R@100,0.0
q182366,nDCG@10,1.0
q182366,R@100,1.0
q182367,nDCG@10,1.0
q182367,R@100,1.0
q182368,nDCG@10,1.0
q182368,R@100,1.0
q182369,nDCG@10,1.0
q182369,R@100,1.0
q182370,nDCG@10,1.0
q182370,R@100,1.0
q182371,nDCG@10,0.0
q182371,R@100,0.0
q182372,nDCG@10,1.0
q182372,R@100,1.0
q182373,nDCG@10,1.0
q182373,R@100,1.0
q182374,nDCG@10,0.6309297535714575
q182374,R@100,1.0
q182375,nDCG@10,0.6309297535714575
q182375,R@100,1.0
q182376,nDCG@10,1.0
q182376,R@100,1.0
q182377,nDCG@10,1.0
q182377,R@100,1.0
q182378,nDCG@10,0.0
q182378,R@100,1.0
q182379,nDCG@10,1.0
q182379,R@100,1.0
q182380,nDCG@10,1.0
q182380,R@100,1.0
q182381,nDCG@10,1.0
q182381,R@100,1.0
q182382,nDCG@10,1.0
q182382,R@100,1.0
q182383,nDCG@10,0.0
q182383,R@100,1.0
q182384,nDCG@10,1.0
q182384,R@100,1.0
q182385,nDCG@10,1.0
q182385,R@100,1.0
q182386,nDCG@10,0.6309297535714575
q182386,R@100,1.0
q182387,nDCG@10,1.0
q182387,R@100,1.0
q182388,nDCG@10,1.0
q182388,R@100,1.0
q182389,nDCG@10,0.43067655807339306
q182389,R@100,1.0
q182390,nDCG@10,1.0
q182390,R@100,1.0
q182391,nDCG@10,1.0
q182391,R@100,1.0
q182392,nDCG@10,1.0
q182392,R@100,1.0
q182393,nDCG@10,1.0
q182393,R@100,1.0
q182394,nDCG@10,1.0
q182394,R@100,1.0
q182395,nDCG@10,1.0
q182395,R@100,1.0
q182396,nDCG@10,1.0
q182396,R@100,1.0
q182397,nDCG@10,1.0
q182397,R@100,1.0
q182398,nDCG@10,1.0
q182398,R@100,1.0
q182399,nDCG@10,1.0
q182399,R@100,1.0
q182400,nDCG@10,1.0
q182400,R@100,1.0
q182401,nDCG@10,0.6309297535714575
q182401,R@100,1.0
q182402,nDCG@10,1.0
q182402,R@100,1.0
q182403,nDCG@10,1.0
q182403,R@100,1.0
q182404,nDCG@10,1.0
q182404,R@100,1.0
q182405,nDCG@10,1.0
q182405,R@100,1.0
q182406,nDCG@10,1.0
q182406,R@100,1.0
q182407,nDCG@10,1.0
q182407,R@100,1.0
q182408,nDCG@10,1.0
q182408,R@100,1.0
q182409,nDCG@10,0.5
q182409,R@100,1.0
q182410,nDCG@10,1.0
q182410,R@100,1.0
q182411,nDCG@10,0.6309297535714575
q182411,R@100,1.0
q182412,nDCG@10,1.0
q182412,R@100,1.0
q182413,nDCG@10,1.0
q182413,R@100,1.0
q182414,nDCG@10,0.0
q182414,R@100,1.0
q182415,nDCG@10,1.0
q182415,R@100,1.0
q182416,nDCG@10,1.0
q182416,R@100,1.0
q182417,nDCG@10,1.0
q182417,R@100,1.0
q182418,nDCG@10,1.0
q182418,R@100,1.0
q182419,nDCG@10,1.0
q182419,R@100,1.0
q182420,nDCG@10,1.0
q182420,R@100,1.0
q182421,nDCG@10,1.0
q182421,R@100,1.0
q182422,nDCG@10,1.0
q182422,R@100,1.0
q182423,nDCG@10,1.0
q182423,R@100,1.0
q182424,nDCG@10,1.0
q182424,R@100,1.0
q182425,nDCG@10,0.6309297535714575
q182425,R@100,1.0
q182426,nDCG@10,1.0
q182426,R@100,1.0
q182427,nDCG@10,1.0
q182427,R@100,1.0
q182428,nDCG@10,1.0
q182428,R@100,1.0
q182429,nDCG@10,0.0
q182429,R@100,1.0
q182430,nDCG@10,1.0
q182430,R@100,1.0
q182431,nDCG@10,0.6309297535714575
q182431,R@100,1.0
q182432,nDCG@10,0.6309297535714575
q182432,R@100,1.0
q182433,nDCG@10,1.0
q182433,R@100,1.0
q182434,nDCG@10,1.0
q182434,R@100,1.0
q182435,nDCG@10,1.0
q182435,R@100,1.0
q182436,nDCG@10,1.0
q182436,R@100,1.0
q182437,nDCG@10,1.0
q182437,R@100,1.0
q182438,nDCG@10,1.0
q182438,R@100,1.0
q182439,nDCG@10,0.6309297535714575
q182439,R@100,1.0
q182440,nDCG@10,1.0
q182440,R@100,1.0
q182441,nDCG@10,1.0
q182441,R@100,1.0
q182442,nDCG@10,1.0
q182442,R@100,1.0
q182443,nDCG@10,0.6309297535714575
q182443,R@100,1.0
q182444,nDCG@10,0.6309297535714575
q182444,R@100,1.0
q182445,nDCG@10,0.6309297535714575
q182445,R@100,1.0
q182446,nDCG@10,1.0
q182446,R@100,1.0
q182447,nDCG@10,1.0
q182447,R@100,1.0
q182448,nDCG@10,1.0
q182448,R@100,1.0
q182449,nDCG@10,1.0
q182449,R@100,1.0
q182450,nDCG@10,1.0
q182450,R@100,1.0
q182451,nDCG@10,1.0
q182451,R@100,1.0
q182452,nDCG@10,1.0
q182452,R@100,1.0
q182453,nDCG@10,0.6309297535714575
q182453,R@100,1.0
q182454,nDCG@10,1.0
q182454,R@100,1.0
q182455,nDCG@10,0.5
q182455,R@100,1.0
q182456,nDCG@10,1.0
q182456,R@100,1.0
q182457,nDCG@10,1.0
q182457,R@100,1.0
q182458,nDCG@10,1.0
q182458,R@100,1.0
q182459,nDCG@10,1.0
q182459,R@100,1.0
q182460,nDCG@10,1.0
q182460,R@100,1.0
q182461,nDCG@10,1.0
q182461,R@100,1.0
q182462,nDCG@10,1.0
q182462,R@100,1.0
q182463,nDCG@10,1.0
q182463,R@100,1.0
q182464,nDCG@10,1.0
q182464,R@100,1.0
q182465,nDCG@10,1.0
q182465,R@100,1.0
q182466,nDCG@10,0.0
q182466,R@100,1.0
q182467,nDCG@10,0.0
q182467,R@100,1.0
q182468,nDCG@10,1.0
q182468,R@100,1.0
q182469,nDCG@10,1.0
q182469,R@100,1.0
q182470,nDCG@10,0.6309297535714575
q182470,R@100,1.0
q182471,nDCG@10,1.0
q182471,R@100,1.0
q182472,nDCG@10,0.43067655807339306
q182472,R@100,1.0
q182473,nDCG@10,0.5
q182473,R@100,1.0
q182474,nDCG@10,1.0
q182474,R@100,1.0
q182475,nDCG@10,0.5
q182475,R@100,1.0
q182476,nDCG@10,0.6309297535714575
q182476,R@100,1.0
q182477,nDCG@10,1.0
q182477,R@100,1.0
q182478,nDCG@10,1.0
q182478,R@100,1.0
q182479,nDCG@10,0.6309297535714575
q182479,R@100,1.0
q182480,nDCG@10,1.0
q182480,R@100,1.0
q182481,nDCG@10,1.0
q182481,R@100,1.0
q182482,nDCG@10,1.0
q182482,R@100,1.0
q182483,nDCG@10,1.0
q182483,R@100,1.0
q182484,nDCG@10,1.0
q182484,R@100,1.0
q182485,nDCG@10,1.0
q182485,R@100,1.0
q182486,nDCG@10,1.0
q182486,R@100,1.0
q182487,nDCG@10,1.0
q182487,R@100,1.0
q182488,nDCG@10,1.0
q182488,R@100,1.0
q182489,nDCG@10,1.0
q182489,R@100,1.0
q182490,nDCG@10,1.0
q182490,R@100,1.0
q182491,nDCG@10,1.0
q182491,R@100,1.0
q182492,nDCG@10,0.6309297535714575
q182492,R@100,1.0
q182493,nDCG@10,0.0
q182493,R@100,0.0
q182494,nDCG@10,0.0
q182494,R@100,0.0
q182495,nDCG@10,0.6309297535714575
q182495,R@100,1.0
q182496,nDCG@10,0.6309297535714575
q182496,R@100,1.0
q182497,nDCG@10,0.3010299956639812
q182497,R@100,1.0
q182498,nDCG@10,1.0
q182498,R@100,1.0
q182499,nDCG@10,0.0
q182499,R@100,1.0
q182500,nDCG@10,0.6309297535714575
q182500,R@100,1.0
q182501,nDCG@10,0.0
q182501,R@100,0.0
q182502,nDCG@10,1.0
q182502,R@100,1.0
q182503,nDCG@10,0.0
q182503,R@100,1.0
q182504,nDCG@10,1.0
q182504,R@100,1.0
q182505,nDCG@10,1.0
q182505,R@100,1.0
q182506,nDCG@10,0.0
q182506,R@100,1.0
q182507,nDCG@10,1.0
q182507,R@100,1.0
q182508,nDCG@10,1.0
q182508,R@100,1.0
q182509,nDCG@10,1.0
q182509,R@100,1.0
q182510,nDCG@10,1.0
q182510,R@100,1.0
q182511,nDCG@10,1.0
q182511,R@100,1.0
q182512,nDCG@10,0.0
q182512,R@100,1.0
q182513,nDCG@10,0.6309297535714575
q182513,R@100,1.0
q182514,nDCG@10,0.0
q182514,R@100,0.0
q182515,nDCG@10,0.0
q182515,R@100,0.0
q182516,nDCG@10,0.0
q182516,R@100,1.0
q182517,nDCG@10,1.0
q182517,R@100,1.0
q182518,nDCG@10,0.43067655807339306
q182518,R@100,1.0
q182519,nDCG@10,1.0
q182519,R@100,1.0
q182520,nDCG@10,1.0
q182520,R@100,1.0
q182521,nDCG@10,0.0
q182521,R@100,0.0
q182522,nDCG@10,0.38685280723454163
q182522,R@100,1.0
q182523,nDCG@10,0.6309297535714575
q182523,R@100,1.0
q182524,nDCG@10,1.0
q182524,R@100,1.0
q182525,nDCG@10,1.0
q182525,R@100,1.0
q182526,nDCG@10,1.0
q182526,R@100,1.0
q182527,nDCG@10,1.0
q182527,R@100,1.0
q182528,nDCG@10,0.6309297535714575
q182528,R@100,1.0
q182529,nDCG@10,1.0
q182529,R@100,1.0
q182530,nDCG@10,1.0
q182530,R@100,1.0
q182531,nDCG@10,1.0
q182531,R@100,1.0
q182532,nDCG@10,1.0
q182532,R@100,1.0
q182533,nDCG@10,0.3333333333333333
q182533,R@100,1.0
q182534,nDCG@10,1.0
q182534,R@100,1.0
q182535,nDCG@10,0.43067655807339306
q182535,R@100,1.0
q182536,nDCG@10,0.5
q182536,R@100,1.0
q182537,nDCG@10,0.43067655807339306
q182537,R@100,1.0
q182538,nDCG@10,0.0
q182538,R@100,1.0
q182539,nDCG@10,1.0
q182539,R@100,1.0
q182540,nDCG@10,1.0
q182540,R@100,1.0
q182541,nDCG@10,0.6309297535714575
q182541,R@100,1.0
q182542,nDCG@10,1.0
q182542,R@100,1.0
q182543,nDCG@10,1.0
q182543,R@100,1.0
q182544,nDCG@10,1.0
q182544,R@100,1.0
q182545,nDCG@10,0.6309297535714575
q182545,R@100,1.0
q182546,nDCG@10,1.0
q182546,R@100,1.0
q182547,nDCG@10,1.0
q182547,R@100,1.0
q182548,nDCG@10,0.0
q182548,R@100,1.0
q182549,nDCG@10,1.0
q182549,R@100,1.0
q182550,nDCG@10,0.6309297535714575
q182550,R@100,1.0
q182551,nDCG@10,0.0
q182551,R@100,1.0
q182552,nDCG@10,1.0
q182552,R@100,1.0
q182553,nDCG@10,1.0
q182553,R@100,1.0
q182554,nDCG@10,1.0
q182554,R@100,1.0
q182555,nDCG@10,1.0
q182555,R@100,1.0
q182556,nDCG@10,1.0
q182556,R@100,1.0
q182557,nDCG@10,1.0
q182557,R@100,1.0
q182558,nDCG@10,0.0
q182558,R@100,0.0
q182559,nDCG@10,1.0
q182559,R@100,1.0
q182560,nDCG@10,1.0
q182560,R@100,1.0
q182561,nDCG@10,0.6309297535714575
q182561,R@100,1.0
q182562,nDCG@10,1.0
q182562,R@100,1.0
q182563,nDCG@10,0.0
q182563,R@100,0.0
q182564,nDCG@10,0.3333333333333333
q182564,R@100,1.0
q182565,nDCG@10,0.0
q182565,R@100,1.0
q182566,nDCG@10,1.0
q182566,R@100,1.0
q182567,nDCG@10,1.0
q182567,R@100,1.0
q182568,nDCG@10,0.5
q182568,R@100,1.0
q182569,nDCG@10,0.0
q182569,R@100,1.0
q182570,nDCG@10,0.3010299956639812
q182570,R@100,1.0
q182571,nDCG@10,0.6309297535714575
q182571,R@100,1.0
q182572,nDCG@10,1.0
q182572,R@100,1.0
q182573,nDCG@10,0.3333333333333333
q182573,R@100,1.0
q182574,nDCG@10,0.6309297535714575
q182574,R@100,1.0
q182575,nDCG@10,1.0
q182575,R@100,1.0
q182576,nDCG@10,1.0
q182576,R@100,1.0
q182577,nDCG@10,1.0
q182577,R@100,1.0
q182578,nDCG@10,1.0
q182578,R@100,1.0
q182579,nDCG@10,1.0
q182579,R@100,1.0
q182580,nDCG@10,0.43067655807339306
q182580,R@100,1.0
q182581,nDCG@10,0.6309297535714575
q182581,R@100,1.0
q182582,nDCG@10,1.0
q182582,R@100,1.0
q182583,nDCG@10,1.0
q182583,R@100,1.0
q182584,nDCG@10,1.0
q182584,R@100,1.0
q182585,nDCG@10,1.0
q182585,R@100,1.0
q182586,nDCG@10,1.0
q182586,R@100,1.0
q182587,nDCG@10,1.0
q182587,R@100,1.0
q182588,nDCG@10,1.0
q182588,R@100,1.0
q182589,nDCG@10,1.0
q182589,R@100,1.0
q182590,nDCG@10,0.6309297535714575
q182590,R@100,1.0
q182591,nDCG@10,1.0
q182591,R@100,1.0
q182592,nDCG@10,1.0
q182592,R@100,1.0
q182593,nDCG@10,0.0
q182593,R@100,1.0
q182594,nDCG@10,0.0
q182594,R@100,0.0
q182595,nDCG@10,0.2890648263178879
q182595,R@100,1.0
q182596,nDCG@10,1.0
q182596,R@100,1.0
q182597,nDCG@10,1.0
q182597,R@100,1.0
q182598,nDCG@10,0.38685280723454163
q182598,R@100,1.0
q182599,nDCG@10,1.0
q182599,R@100,1.0
q182600,nDCG@10,0.0
q182600,R@100,0.0
q182601,nDCG@10,1.0
q182601,R@100,1.0
q182602,nDCG@10,1.0
q182602,R@100,1.0
q182603,nDCG@10,0.6309297535714575
q182603,R@100,1.0
q182604,nDCG@10,1.0
q182604,R@100,1.0
q182605,nDCG@10,0.43067655807339306
q182605,R@100,1.0
q182606,nDCG@10,1.0
q182606,R@100,1.0
q182607,nDCG@10,0.0
q182607,R@100,1.0
q182608,nDCG@10,0.0
q182608,R@100,1.0
q182609,nDCG@10,0.5
q182609,R@100,1.0
q182610,nDCG@10,1.0
q182610,R@100,1.0
q182611,nDCG@10,0.31546487678572877
q182611,R@100,1.0
q182612,nDCG@10,0.6309297535714575
q182612,R@100,1.0
q182613,nDCG@10,1.0
q182613,R@100,1.0
q182614,nDCG@10,0.0
q182614,R@100,1.0
q182615,nDCG@10,1.0
q182615,R@100,1.0
q182616,nDCG@10,1.0
q182616,R@100,1.0
q182617,nDCG@10,0.43067655807339306
q182617,R@100,1.0
q182618,nDCG@10,1.0
q182618,R@100,1.0
q182619,nDCG@10,1.0
q182619,R@100,1.0
q182620,nDCG@10,1.0
q182620,R@100,1.0
q182621,nDCG@10,1.0
q182621,R@100,1.0
q182622,nDCG@10,1.0
q182622,R@100,1.0
q182623,nDCG@10,1.0
q182623,R@100,1.0
q182624,nDCG@10,0.0
q182624,R@100,1.0
q182625,nDCG@10,0.2890648263178879
q182625,R@100,1.0
q182626,nDCG@10,0.0
q182626,R@100,1.0
q182627,nDCG@10,1.0
q182627,R@100,1.0
q182628,nDCG@10,1.0
q182628,R@100,1.0
q182629,nDCG@10,0.31546487678572877
q182629,R@100,1.0
q182630,nDCG@10,0.0
q182630,R@100,1.0
q182631,nDCG@10,0.5
q182631,R@100,1.0
q182632,nDCG@10,0.0
q182632,R@100,1.0
q182633,nDCG@10,0.6309297535714575
q182633,R@100,1.0
q182634,nDCG@10,0.0
q182634,R@100,0.0
q182635,nDCG@10,0.0
q182635,R@100,1.0
q182636,nDCG@10,1.0
q182636,R@100,1.0
q182637,nDCG@10,0.5
q182637,R@100,1.0
q182638,nDCG@10,1.0
q182638,R@100,1.0
q182639,nDCG@10,0.6309297535714575
q182639,R@100,1.0
q182640,nDCG@10,1.0
q182640,R@100,1.0
q182641,nDCG@10,0.6309297535714575
q182641,R@100,1.0
q182642,nDCG@10,0.38685280723454163
q182642,R@100,1.0
q182643,nDCG@10,1.0
q182643,R@100,1.0
q182644,nDCG@10,0.43067655807339306
q182644,R@100,1.0
q182645,nDCG@10,0.43067655807339306
q182645,R@100,1.0
q182646,nDCG@10,0.0
q182646,R@100,1.0
q182647,nDCG@10,0.0
q182647,R@100,0.0
q182648,nDCG@10,0.0
q182648,R@100,1.0
q182649,nDCG@10,1.0
q182649,R@100,1.0
q182650,nDCG@10,1.0
q182650,R@100,1.0
q182651,nDCG@10,1.0
q182651,R@100,1.0
q182652,nDCG@10,0.38685280723454163
q182652,R@100,1.0
q182653,nDCG@10,0.0
q182653,R@100,0.0
q182654,nDCG@10,0.5
q182654,R@100,1.0
q182655,nDCG@10,0.6309297535714575
q182655,R@100,1.0
q182656,nDCG@10,0.0
q182656,R@100,1.0
q182657,nDCG@10,0.5
q182657,R@100,1.0
q182658,nDCG@10,1.0
q182658,R@100,1.0
q182659,nDCG@10,0.6309297535714575
q182659,R@100,1.0
q182660,nDCG@10,1.0
q182660,R@100,1.0
q182661,nDCG@10,0.43067655807339306
q182661,R@100,1.0
q182662,nDCG@10,0.3010299956639812
q182662,R@100,1.0
q182663,nDCG@10,0.6309297535714575
q182663,R@100,1.0
q182664,nDCG@10,1.0
q182664,R@100,1.0
q182665,nDCG@10,1.0
q182665,R@100,1.0
q182666,nDCG@10,1.0
q182666,R@100,1.0
q182667,nDCG@10,0.6309297535714575
q182667,R@100,1.0
q182668,nDCG@10,1.0
q182668,R@100,1.0
q182669,nDCG@10,1.0
q182669,R@100,1.0
q182670,nDCG@10,1.0
q182670,R@100,1.0
q182671,nDCG@10,1.0
q182671,R@100,1.0
q182672,nDCG@10,0.3562071871080222
q182672,R@100,1.0
q182673,nDCG@10,0.0
q182673,R@100,0.0
q182674,nDCG@10,1.0
q182674,R@100,1.0
q182675,nDCG@10,1.0
q182675,R@100,1.0
q182676,nDCG@10,1.0
q182676,R@100,1.0
q182677,nDCG@10,1.0
q182677,R@100,1.0
q182678,nDCG@10,1.0
q182678,R@100,1.0
q182679,nDCG@10,1.0
q182679,R@100,1.0
q182680,nDCG@10,1.0
q182680,R@100,1.0
q182681,nDCG@10,1.0
q182681,R@100,1.0
q182682,nDCG@10,1.0
q182682,R@100,1.0
q182683,nDCG@10,1.0
q182683,R@100,1.0
q182684,nDCG@10,0.6309297535714575
q182684,R@100,1.0
q182685,nDCG@10,0.5
q182685,R@100,1.0
q182686,nDCG@10,0.0
q182686,R@100,1.0
q182687,nDCG@10,0.0
q182687,R@100,1.0
q182688,nDCG@10,0.38685280723454163
q182688,R@100,1.0
q182689,nDCG@10,0.0
q182689,R@100,1.0
q182690,nDCG@10,1.0
q182690,R@100,1.0
q182691,nDCG@10,0.6309297535714575
q182691,R@100,1.0
q182692,nDCG@10,1.0
q182692,R@100,1.0
q182693,nDCG@10,0.0
q182693,R@100,1.0
q182694,nDCG@10,1.0
q182694,R@100,1.0
q182695,nDCG@10,1.0
q182695,R@100,1.0
q182696,nDCG@10,1.0
q182696,R@100,1.0
q182697,nDCG@10,0.5
q182697,R@100,1.0
q182698,nDCG@10,1.0
q182698,R@100,1.0
q182699,nDCG@10,1.0
q182699,R@100,1.0
q182700,nDCG@10,0.3010299956639812
q182700,R@100,1.0
q182701,nDCG@10,1.0
q182701,R@100,1.0
q182702,nDCG@10,1.0
q182702,R@100,1.0
q182703,nDCG@10,1.0
q182703,R@100,1.0
q182704,nDCG@10,1.0
q182704,R@100,1.0
q182705,nDCG@10,0.3010299956639812
q182705,R@100,1.0
q182706,nDCG@10,0.5
q182706,R@100,1.0
q182707,nDCG@10,1.0
q182707,R@100,1.0
q182708,nDCG@10,1.0
q182708,R@100,1.0
q182709,nDCG@10,1.0
q182709,R@100,1.0
q182710,nDCG@10,1.0
q182710,R@100,1.0
q182711,nDCG@10,0.0
q182711,R@100,0.0
q182712,nDCG@10,1.0
q182712,R@100,1.0
q182713,nDCG@10,1.0
q182713,R@100,1.0
q182714,nDCG@10,1.0
q182714,R@100,1.0
q182715,nDCG@10,1.0
q182715,R@100,1.0
q182716,nDCG@10,0.5
q182716,R@100,1.0
q182717,nDCG@10,1.0
q182717,R@100,1.0
q182718,nDCG@10,1.0
q182718,R@100,1.0
q182719,nDCG@10,1.0
q182719,R@100,1.0
q182720,nDCG@10,0.0
q182720,R@100,1.0
q182721,nDCG@10,1.0
q182721,R@100,1.0
q182722,nDCG@10,0.6309297535714575
q182722,R@100,1.0
q182723,nDCG@10,0.43067655807339306
q182723,R@100,1.0
q182724,nDCG@10,1.0
q182724,R@100,1.0
q182725,nDCG@10,1.0
q182725,R@100,1.0
q182726,nDCG@10,0.0
q182726,R@100,1.0
q182727,nDCG@10,0.0
q182727,R@100,0.0
q182728,nDCG@10,0.2890648263178879
q182728,R@100,1.0
q182729,nDCG@10,0.0
q182729,R@100,1.0
q182730,nDCG@10,0.0
q182730,R@100,1.0
q182731,nDCG@10,0.0
q182731,R@100,1.0
q182732,nDCG@10,0.0
q182732,R@100,1.0
q182733,nDCG@10,0.38685280723454163
q182733,R@100,1.0
q182734,nDCG@10,1.0
q182734,R@100,1.0
